ISO-10303-21;
HEADER;
/* Generated by software containing ST-Developer
 * from STEP Tools, Inc. (www.steptools.com) 
 */
/* OPTION: using custom renumber hook */

FILE_DESCRIPTION(
/* description */ ('STEP AP242 Edition 2',
'CAx-IF Rec.Pracs.---Representation and Presentation of Product Manufa
cturing Information (PMI)---4.0---2014-10-13',
'CAx-IF Rec.Pracs.---3D Tessellated Geometry---0.4---2014-09-14','2;1',
'CAx-IF Rec.Pracs.---User Defined Attributes---1.5---2016-08-15'),
/* implementation_level */ '2;1');

FILE_NAME(
/* name */ 'toolhead v4 - MGN12C Carriage v1 (1)',
/* time_stamp */ '2026-08-19T20:10:40Z',
/* author */ (''),
/* organization */ (''),
/* preprocessor_version */ 'ST-DEVELOPER v20',
/* originating_system */ 'ONSHAPE BY PTC INC, 1.219',
/* authorisation */ '  ');

FILE_SCHEMA (('AP242_MANAGED_MODEL_BASED_3D_ENGINEERING_MIM_LF { 1 0 10303 442 3 1 4 }'));
ENDSEC;

DATA;
#10=SHAPE_REPRESENTATION_RELATIONSHIP('','',#1790,#11);
#11=ADVANCED_BREP_SHAPE_REPRESENTATION('',(#1788),#2844);
#12=B_SPLINE_CURVE_WITH_KNOTS('',3,(#2576,#2577,#2578,#2579),
 .UNSPECIFIED.,.F.,.F.,(4,4),(0.,1.),.UNSPECIFIED.);
#13=B_SPLINE_CURVE_WITH_KNOTS('',3,(#2584,#2585,#2586,#2587),
 .UNSPECIFIED.,.F.,.F.,(4,4),(0.,1.),.UNSPECIFIED.);
#14=B_SPLINE_CURVE_WITH_KNOTS('',3,(#2589,#2590,#2591,#2592),
 .UNSPECIFIED.,.F.,.F.,(4,4),(0.,1.),.UNSPECIFIED.);
#15=B_SPLINE_CURVE_WITH_KNOTS('',3,(#2594,#2595,#2596,#2597),
 .UNSPECIFIED.,.F.,.F.,(4,4),(0.,1.),.UNSPECIFIED.);
#16=B_SPLINE_CURVE_WITH_KNOTS('',3,(#2601,#2602,#2603,#2604),
 .UNSPECIFIED.,.F.,.F.,(4,4),(0.,1.),.UNSPECIFIED.);
#17=B_SPLINE_CURVE_WITH_KNOTS('',3,(#2606,#2607,#2608,#2609),
 .UNSPECIFIED.,.F.,.F.,(4,4),(0.,1.),.UNSPECIFIED.);
#18=B_SPLINE_CURVE_WITH_KNOTS('',3,(#2611,#2612,#2613,#2614),
 .UNSPECIFIED.,.F.,.F.,(4,4),(0.,1.),.UNSPECIFIED.);
#19=B_SPLINE_CURVE_WITH_KNOTS('',3,(#2618,#2619,#2620,#2621),
 .UNSPECIFIED.,.F.,.F.,(4,4),(0.,1.),.UNSPECIFIED.);
#20=B_SPLINE_CURVE_WITH_KNOTS('',3,(#2623,#2624,#2625,#2626),
 .UNSPECIFIED.,.F.,.F.,(4,4),(0.,1.),.UNSPECIFIED.);
#21=B_SPLINE_CURVE_WITH_KNOTS('',3,(#2628,#2629,#2630,#2631),
 .UNSPECIFIED.,.F.,.F.,(4,4),(0.,1.),.UNSPECIFIED.);
#22=B_SPLINE_CURVE_WITH_KNOTS('',3,(#2635,#2636,#2637,#2638),
 .UNSPECIFIED.,.F.,.F.,(4,4),(0.,1.),.UNSPECIFIED.);
#23=B_SPLINE_CURVE_WITH_KNOTS('',3,(#2640,#2641,#2642,#2643),
 .UNSPECIFIED.,.F.,.F.,(4,4),(0.,1.),.UNSPECIFIED.);
#24=B_SPLINE_CURVE_WITH_KNOTS('',3,(#2645,#2646,#2647,#2648),
 .UNSPECIFIED.,.F.,.F.,(4,4),(0.,1.),.UNSPECIFIED.);
#25=B_SPLINE_CURVE_WITH_KNOTS('',3,(#2653,#2654,#2655,#2656),
 .UNSPECIFIED.,.F.,.F.,(4,4),(0.,1.),.UNSPECIFIED.);
#26=B_SPLINE_CURVE_WITH_KNOTS('',3,(#2658,#2659,#2660,#2661),
 .UNSPECIFIED.,.F.,.F.,(4,4),(0.,1.),.UNSPECIFIED.);
#27=B_SPLINE_CURVE_WITH_KNOTS('',3,(#2663,#2664,#2665,#2666),
 .UNSPECIFIED.,.F.,.F.,(4,4),(0.,1.),.UNSPECIFIED.);
#28=B_SPLINE_CURVE_WITH_KNOTS('',3,(#2670,#2671,#2672,#2673),
 .UNSPECIFIED.,.F.,.F.,(4,4),(0.,1.),.UNSPECIFIED.);
#29=B_SPLINE_CURVE_WITH_KNOTS('',3,(#2675,#2676,#2677,#2678),
 .UNSPECIFIED.,.F.,.F.,(4,4),(0.,1.),.UNSPECIFIED.);
#30=B_SPLINE_CURVE_WITH_KNOTS('',3,(#2680,#2681,#2682,#2683),
 .UNSPECIFIED.,.F.,.F.,(4,4),(0.,1.),.UNSPECIFIED.);
#31=B_SPLINE_CURVE_WITH_KNOTS('',3,(#2687,#2688,#2689,#2690),
 .UNSPECIFIED.,.F.,.F.,(4,4),(0.,1.),.UNSPECIFIED.);
#32=B_SPLINE_CURVE_WITH_KNOTS('',3,(#2692,#2693,#2694,#2695),
 .UNSPECIFIED.,.F.,.F.,(4,4),(0.,1.),.UNSPECIFIED.);
#33=B_SPLINE_CURVE_WITH_KNOTS('',3,(#2697,#2698,#2699,#2700),
 .UNSPECIFIED.,.F.,.F.,(4,4),(0.,1.),.UNSPECIFIED.);
#34=B_SPLINE_CURVE_WITH_KNOTS('',3,(#2704,#2705,#2706,#2707),
 .UNSPECIFIED.,.F.,.F.,(4,4),(0.,1.),.UNSPECIFIED.);
#35=B_SPLINE_CURVE_WITH_KNOTS('',3,(#2709,#2710,#2711,#2712),
 .UNSPECIFIED.,.F.,.F.,(4,4),(0.,1.),.UNSPECIFIED.);
#36=DEGENERATE_TOROIDAL_SURFACE('',#1875,0.0007,0.001,.T.);
#37=DEGENERATE_TOROIDAL_SURFACE('',#1880,0.0007,0.001,.T.);
#38=OVER_RIDING_STYLED_ITEM('',(#1566),#1527,#1564);
#39=OVER_RIDING_STYLED_ITEM('',(#1567),#1528,#1564);
#40=OVER_RIDING_STYLED_ITEM('',(#1568),#1529,#1564);
#41=OVER_RIDING_STYLED_ITEM('',(#1569),#1530,#1564);
#42=OVER_RIDING_STYLED_ITEM('',(#1570),#1531,#1564);
#43=OVER_RIDING_STYLED_ITEM('',(#1571),#1532,#1564);
#44=OVER_RIDING_STYLED_ITEM('',(#1572),#1533,#1564);
#45=OVER_RIDING_STYLED_ITEM('',(#1573),#1534,#1564);
#46=OVER_RIDING_STYLED_ITEM('',(#1574),#1535,#1564);
#47=OVER_RIDING_STYLED_ITEM('',(#1575),#1536,#1564);
#48=OVER_RIDING_STYLED_ITEM('',(#1576),#1537,#1564);
#49=OVER_RIDING_STYLED_ITEM('',(#1577),#1538,#1564);
#50=OVER_RIDING_STYLED_ITEM('',(#1578),#1539,#1564);
#51=OVER_RIDING_STYLED_ITEM('',(#1579),#1540,#1564);
#52=OVER_RIDING_STYLED_ITEM('',(#1580),#1541,#1564);
#53=OVER_RIDING_STYLED_ITEM('',(#1581),#1542,#1564);
#54=OVER_RIDING_STYLED_ITEM('',(#1582),#1543,#1564);
#55=OVER_RIDING_STYLED_ITEM('',(#1583),#1544,#1564);
#56=OVER_RIDING_STYLED_ITEM('',(#1584),#1545,#1564);
#57=OVER_RIDING_STYLED_ITEM('',(#1585),#1546,#1564);
#58=OVER_RIDING_STYLED_ITEM('',(#1586),#1547,#1564);
#59=OVER_RIDING_STYLED_ITEM('',(#1587),#1548,#1564);
#60=OVER_RIDING_STYLED_ITEM('',(#1588),#1549,#1564);
#61=OVER_RIDING_STYLED_ITEM('',(#1589),#1550,#1564);
#62=OVER_RIDING_STYLED_ITEM('',(#1590),#1551,#1564);
#63=OVER_RIDING_STYLED_ITEM('',(#1591),#1552,#1564);
#64=OVER_RIDING_STYLED_ITEM('',(#1592),#1553,#1564);
#65=OVER_RIDING_STYLED_ITEM('',(#1593),#1554,#1564);
#66=OVER_RIDING_STYLED_ITEM('',(#1594),#1555,#1564);
#67=OVER_RIDING_STYLED_ITEM('',(#1595),#1556,#1564);
#68=OVER_RIDING_STYLED_ITEM('',(#1596),#1557,#1564);
#69=OVER_RIDING_STYLED_ITEM('',(#1597),#1558,#1564);
#70=OVER_RIDING_STYLED_ITEM('',(#1598),#1559,#1564);
#71=OVER_RIDING_STYLED_ITEM('',(#1599),#1560,#1564);
#72=OVER_RIDING_STYLED_ITEM('',(#1600),#1561,#1564);
#73=OVER_RIDING_STYLED_ITEM('',(#1601),#1562,#1564);
#74=COLOUR_RGB('',0.796078431372549,0.796078431372549,0.796078431372549);
#75=CYLINDRICAL_SURFACE('',#1830,0.0001600000142);
#76=CYLINDRICAL_SURFACE('',#1831,0.0011399998957);
#77=CYLINDRICAL_SURFACE('',#1832,0.00016);
#78=CYLINDRICAL_SURFACE('',#1834,0.000499999694000001);
#79=CYLINDRICAL_SURFACE('',#1836,0.0001600002241);
#80=CYLINDRICAL_SURFACE('',#1837,0.0011399998957);
#81=CYLINDRICAL_SURFACE('',#1838,0.00016);
#82=CYLINDRICAL_SURFACE('',#1844,0.0001600000142);
#83=CYLINDRICAL_SURFACE('',#1845,0.0011399996828);
#84=CYLINDRICAL_SURFACE('',#1846,0.00016);
#85=CYLINDRICAL_SURFACE('',#1848,0.000499999694);
#86=CYLINDRICAL_SURFACE('',#1850,0.000160000224100001);
#87=CYLINDRICAL_SURFACE('',#1851,0.0011399996828);
#88=CYLINDRICAL_SURFACE('',#1852,0.00016);
#89=CYLINDRICAL_SURFACE('',#1859,0.00115);
#90=CYLINDRICAL_SURFACE('',#1865,0.0012);
#91=CYLINDRICAL_SURFACE('',#1870,0.00175);
#92=CYLINDRICAL_SURFACE('',#1874,0.00175);
#93=LINE('',#2327,#241);
#94=LINE('',#2330,#242);
#95=LINE('',#2332,#243);
#96=LINE('',#2334,#244);
#97=LINE('',#2336,#245);
#98=LINE('',#2338,#246);
#99=LINE('',#2340,#247);
#100=LINE('',#2342,#248);
#101=LINE('',#2350,#249);
#102=LINE('',#2354,#250);
#103=LINE('',#2362,#251);
#104=LINE('',#2364,#252);
#105=LINE('',#2366,#253);
#106=LINE('',#2368,#254);
#107=LINE('',#2370,#255);
#108=LINE('',#2378,#256);
#109=LINE('',#2382,#257);
#110=LINE('',#2390,#258);
#111=LINE('',#2392,#259);
#112=LINE('',#2394,#260);
#113=LINE('',#2400,#261);
#114=LINE('',#2403,#262);
#115=LINE('',#2405,#263);
#116=LINE('',#2407,#264);
#117=LINE('',#2409,#265);
#118=LINE('',#2411,#266);
#119=LINE('',#2413,#267);
#120=LINE('',#2421,#268);
#121=LINE('',#2425,#269);
#122=LINE('',#2433,#270);
#123=LINE('',#2435,#271);
#124=LINE('',#2437,#272);
#125=LINE('',#2439,#273);
#126=LINE('',#2441,#274);
#127=LINE('',#2449,#275);
#128=LINE('',#2453,#276);
#129=LINE('',#2461,#277);
#130=LINE('',#2463,#278);
#131=LINE('',#2465,#279);
#132=LINE('',#2467,#280);
#133=LINE('',#2469,#281);
#134=LINE('',#2471,#282);
#135=LINE('',#2473,#283);
#136=LINE('',#2477,#284);
#137=LINE('',#2478,#285);
#138=LINE('',#2480,#286);
#139=LINE('',#2482,#287);
#140=LINE('',#2484,#288);
#141=LINE('',#2486,#289);
#142=LINE('',#2488,#290);
#143=LINE('',#2490,#291);
#144=LINE('',#2492,#292);
#145=LINE('',#2494,#293);
#146=LINE('',#2496,#294);
#147=LINE('',#2498,#295);
#148=LINE('',#2500,#296);
#149=LINE('',#2502,#297);
#150=LINE('',#2504,#298);
#151=LINE('',#2506,#299);
#152=LINE('',#2508,#300);
#153=LINE('',#2510,#301);
#154=LINE('',#2512,#302);
#155=LINE('',#2514,#303);
#156=LINE('',#2516,#304);
#157=LINE('',#2518,#305);
#158=LINE('',#2520,#306);
#159=LINE('',#2522,#307);
#160=LINE('',#2524,#308);
#161=LINE('',#2526,#309);
#162=LINE('',#2528,#310);
#163=LINE('',#2530,#311);
#164=LINE('',#2532,#312);
#165=LINE('',#2534,#313);
#166=LINE('',#2536,#314);
#167=LINE('',#2538,#315);
#168=LINE('',#2540,#316);
#169=LINE('',#2542,#317);
#170=LINE('',#2547,#318);
#171=LINE('',#2549,#319);
#172=LINE('',#2551,#320);
#173=LINE('',#2553,#321);
#174=LINE('',#2557,#322);
#175=LINE('',#2559,#323);
#176=LINE('',#2561,#324);
#177=LINE('',#2714,#325);
#178=LINE('',#2716,#326);
#179=LINE('',#2718,#327);
#180=LINE('',#2720,#328);
#181=LINE('',#2722,#329);
#182=LINE('',#2724,#330);
#183=LINE('',#2726,#331);
#184=LINE('',#2728,#332);
#185=LINE('',#2730,#333);
#186=LINE('',#2732,#334);
#187=LINE('',#2734,#335);
#188=LINE('',#2736,#336);
#189=LINE('',#2738,#337);
#190=LINE('',#2740,#338);
#191=LINE('',#2742,#339);
#192=LINE('',#2744,#340);
#193=LINE('',#2746,#341);
#194=LINE('',#2749,#342);
#195=LINE('',#2751,#343);
#196=LINE('',#2753,#344);
#197=LINE('',#2755,#345);
#198=LINE('',#2757,#346);
#199=LINE('',#2759,#347);
#200=LINE('',#2761,#348);
#201=LINE('',#2763,#349);
#202=LINE('',#2765,#350);
#203=LINE('',#2767,#351);
#204=LINE('',#2769,#352);
#205=LINE('',#2771,#353);
#206=LINE('',#2772,#354);
#207=LINE('',#2774,#355);
#208=LINE('',#2776,#356);
#209=LINE('',#2778,#357);
#210=LINE('',#2779,#358);
#211=LINE('',#2781,#359);
#212=LINE('',#2783,#360);
#213=LINE('',#2784,#361);
#214=LINE('',#2786,#362);
#215=LINE('',#2788,#363);
#216=LINE('',#2791,#364);
#217=LINE('',#2795,#365);
#218=LINE('',#2798,#366);
#219=LINE('',#2800,#367);
#220=LINE('',#2802,#368);
#221=LINE('',#2804,#369);
#222=LINE('',#2806,#370);
#223=LINE('',#2808,#371);
#224=LINE('',#2810,#372);
#225=LINE('',#2812,#373);
#226=LINE('',#2814,#374);
#227=LINE('',#2816,#375);
#228=LINE('',#2818,#376);
#229=LINE('',#2820,#377);
#230=LINE('',#2821,#378);
#231=LINE('',#2823,#379);
#232=LINE('',#2825,#380);
#233=LINE('',#2827,#381);
#234=LINE('',#2828,#382);
#235=LINE('',#2830,#383);
#236=LINE('',#2832,#384);
#237=LINE('',#2833,#385);
#238=LINE('',#2835,#386);
#239=LINE('',#2837,#387);
#240=LINE('',#2840,#388);
#241=VECTOR('',#1925,1.);
#242=VECTOR('',#1926,1.);
#243=VECTOR('',#1927,1.);
#244=VECTOR('',#1928,1.);
#245=VECTOR('',#1929,1.);
#246=VECTOR('',#1930,1.);
#247=VECTOR('',#1931,1.);
#248=VECTOR('',#1932,1.);
#249=VECTOR('',#1939,1.);
#250=VECTOR('',#1942,1.);
#251=VECTOR('',#1949,1.);
#252=VECTOR('',#1950,1.);
#253=VECTOR('',#1951,1.);
#254=VECTOR('',#1952,1.);
#255=VECTOR('',#1953,1.);
#256=VECTOR('',#1960,1.);
#257=VECTOR('',#1963,1.);
#258=VECTOR('',#1970,1.);
#259=VECTOR('',#1971,1.);
#260=VECTOR('',#1972,1.);
#261=VECTOR('',#1979,1.);
#262=VECTOR('',#1980,1.);
#263=VECTOR('',#1981,1.);
#264=VECTOR('',#1982,1.);
#265=VECTOR('',#1983,1.);
#266=VECTOR('',#1984,1.);
#267=VECTOR('',#1985,1.);
#268=VECTOR('',#1992,1.);
#269=VECTOR('',#1995,1.);
#270=VECTOR('',#2002,1.);
#271=VECTOR('',#2003,1.);
#272=VECTOR('',#2004,1.);
#273=VECTOR('',#2005,1.);
#274=VECTOR('',#2006,1.);
#275=VECTOR('',#2013,1.);
#276=VECTOR('',#2016,1.);
#277=VECTOR('',#2023,1.);
#278=VECTOR('',#2024,1.);
#279=VECTOR('',#2025,1.);
#280=VECTOR('',#2026,1.);
#281=VECTOR('',#2027,1.);
#282=VECTOR('',#2028,1.);
#283=VECTOR('',#2029,1.);
#284=VECTOR('',#2034,1.);
#285=VECTOR('',#2035,1.);
#286=VECTOR('',#2038,1.);
#287=VECTOR('',#2041,1.);
#288=VECTOR('',#2044,1.);
#289=VECTOR('',#2047,1.);
#290=VECTOR('',#2050,1.);
#291=VECTOR('',#2053,1.);
#292=VECTOR('',#2056,1.);
#293=VECTOR('',#2059,1.);
#294=VECTOR('',#2062,1.);
#295=VECTOR('',#2065,1.);
#296=VECTOR('',#2068,1.);
#297=VECTOR('',#2071,1.);
#298=VECTOR('',#2074,1.);
#299=VECTOR('',#2077,1.);
#300=VECTOR('',#2080,1.);
#301=VECTOR('',#2083,1.);
#302=VECTOR('',#2086,1.);
#303=VECTOR('',#2089,1.);
#304=VECTOR('',#2092,1.);
#305=VECTOR('',#2095,1.);
#306=VECTOR('',#2098,1.);
#307=VECTOR('',#2101,1.);
#308=VECTOR('',#2104,1.);
#309=VECTOR('',#2107,1.);
#310=VECTOR('',#2110,1.);
#311=VECTOR('',#2113,1.);
#312=VECTOR('',#2116,1.);
#313=VECTOR('',#2119,1.);
#314=VECTOR('',#2122,1.);
#315=VECTOR('',#2125,1.);
#316=VECTOR('',#2128,1.);
#317=VECTOR('',#2131,1.);
#318=VECTOR('',#2138,1.);
#319=VECTOR('',#2139,1.);
#320=VECTOR('',#2140,1.);
#321=VECTOR('',#2143,1.);
#322=VECTOR('',#2146,1.);
#323=VECTOR('',#2149,1.);
#324=VECTOR('',#2152,1.);
#325=VECTOR('',#2193,1.);
#326=VECTOR('',#2194,1.);
#327=VECTOR('',#2197,1.);
#328=VECTOR('',#2198,1.);
#329=VECTOR('',#2201,1.);
#330=VECTOR('',#2202,1.);
#331=VECTOR('',#2205,1.);
#332=VECTOR('',#2206,1.);
#333=VECTOR('',#2209,1.);
#334=VECTOR('',#2210,1.);
#335=VECTOR('',#2213,1.);
#336=VECTOR('',#2214,1.);
#337=VECTOR('',#2217,1.);
#338=VECTOR('',#2218,1.);
#339=VECTOR('',#2221,1.);
#340=VECTOR('',#2222,1.);
#341=VECTOR('',#2225,1.);
#342=VECTOR('',#2226,1.);
#343=VECTOR('',#2227,1.);
#344=VECTOR('',#2228,1.);
#345=VECTOR('',#2229,1.);
#346=VECTOR('',#2230,1.);
#347=VECTOR('',#2231,1.);
#348=VECTOR('',#2232,1.);
#349=VECTOR('',#2233,1.);
#350=VECTOR('',#2234,1.);
#351=VECTOR('',#2235,1.);
#352=VECTOR('',#2236,1.);
#353=VECTOR('',#2239,1.);
#354=VECTOR('',#2240,1.);
#355=VECTOR('',#2243,1.);
#356=VECTOR('',#2246,1.);
#357=VECTOR('',#2249,1.);
#358=VECTOR('',#2250,1.);
#359=VECTOR('',#2253,1.);
#360=VECTOR('',#2256,1.);
#361=VECTOR('',#2257,1.);
#362=VECTOR('',#2260,1.);
#363=VECTOR('',#2263,1.);
#364=VECTOR('',#2268,1.);
#365=VECTOR('',#2275,1.);
#366=VECTOR('',#2276,1.);
#367=VECTOR('',#2277,1.);
#368=VECTOR('',#2278,1.);
#369=VECTOR('',#2279,1.);
#370=VECTOR('',#2280,1.);
#371=VECTOR('',#2281,1.);
#372=VECTOR('',#2282,1.);
#373=VECTOR('',#2283,1.);
#374=VECTOR('',#2284,1.);
#375=VECTOR('',#2285,1.);
#376=VECTOR('',#2286,1.);
#377=VECTOR('',#2289,1.);
#378=VECTOR('',#2290,1.);
#379=VECTOR('',#2293,1.);
#380=VECTOR('',#2296,1.);
#381=VECTOR('',#2299,1.);
#382=VECTOR('',#2300,1.);
#383=VECTOR('',#2303,1.);
#384=VECTOR('',#2306,1.);
#385=VECTOR('',#2307,1.);
#386=VECTOR('',#2310,1.);
#387=VECTOR('',#2313,1.);
#388=VECTOR('',#2318,1.);
#389=ORIENTED_EDGE('',*,*,#825,.T.);
#390=ORIENTED_EDGE('',*,*,#826,.T.);
#391=ORIENTED_EDGE('',*,*,#827,.T.);
#392=ORIENTED_EDGE('',*,*,#828,.T.);
#393=ORIENTED_EDGE('',*,*,#829,.T.);
#394=ORIENTED_EDGE('',*,*,#830,.T.);
#395=ORIENTED_EDGE('',*,*,#831,.T.);
#396=ORIENTED_EDGE('',*,*,#832,.T.);
#397=ORIENTED_EDGE('',*,*,#833,.T.);
#398=ORIENTED_EDGE('',*,*,#834,.T.);
#399=ORIENTED_EDGE('',*,*,#835,.T.);
#400=ORIENTED_EDGE('',*,*,#836,.T.);
#401=ORIENTED_EDGE('',*,*,#837,.T.);
#402=ORIENTED_EDGE('',*,*,#838,.T.);
#403=ORIENTED_EDGE('',*,*,#839,.T.);
#404=ORIENTED_EDGE('',*,*,#840,.T.);
#405=ORIENTED_EDGE('',*,*,#841,.T.);
#406=ORIENTED_EDGE('',*,*,#842,.T.);
#407=ORIENTED_EDGE('',*,*,#843,.T.);
#408=ORIENTED_EDGE('',*,*,#844,.T.);
#409=ORIENTED_EDGE('',*,*,#845,.T.);
#410=ORIENTED_EDGE('',*,*,#846,.T.);
#411=ORIENTED_EDGE('',*,*,#847,.T.);
#412=ORIENTED_EDGE('',*,*,#848,.T.);
#413=ORIENTED_EDGE('',*,*,#849,.T.);
#414=ORIENTED_EDGE('',*,*,#850,.T.);
#415=ORIENTED_EDGE('',*,*,#851,.T.);
#416=ORIENTED_EDGE('',*,*,#852,.T.);
#417=ORIENTED_EDGE('',*,*,#853,.T.);
#418=ORIENTED_EDGE('',*,*,#854,.T.);
#419=ORIENTED_EDGE('',*,*,#855,.T.);
#420=ORIENTED_EDGE('',*,*,#856,.T.);
#421=ORIENTED_EDGE('',*,*,#857,.T.);
#422=ORIENTED_EDGE('',*,*,#858,.T.);
#423=ORIENTED_EDGE('',*,*,#859,.T.);
#424=ORIENTED_EDGE('',*,*,#860,.T.);
#425=ORIENTED_EDGE('',*,*,#861,.T.);
#426=ORIENTED_EDGE('',*,*,#862,.T.);
#427=ORIENTED_EDGE('',*,*,#863,.T.);
#428=ORIENTED_EDGE('',*,*,#864,.T.);
#429=ORIENTED_EDGE('',*,*,#865,.T.);
#430=ORIENTED_EDGE('',*,*,#866,.T.);
#431=ORIENTED_EDGE('',*,*,#867,.T.);
#432=ORIENTED_EDGE('',*,*,#868,.T.);
#433=ORIENTED_EDGE('',*,*,#869,.T.);
#434=ORIENTED_EDGE('',*,*,#870,.T.);
#435=ORIENTED_EDGE('',*,*,#871,.T.);
#436=ORIENTED_EDGE('',*,*,#872,.T.);
#437=ORIENTED_EDGE('',*,*,#873,.T.);
#438=ORIENTED_EDGE('',*,*,#874,.T.);
#439=ORIENTED_EDGE('',*,*,#875,.T.);
#440=ORIENTED_EDGE('',*,*,#876,.T.);
#441=ORIENTED_EDGE('',*,*,#877,.T.);
#442=ORIENTED_EDGE('',*,*,#878,.T.);
#443=ORIENTED_EDGE('',*,*,#879,.T.);
#444=ORIENTED_EDGE('',*,*,#880,.T.);
#445=ORIENTED_EDGE('',*,*,#881,.T.);
#446=ORIENTED_EDGE('',*,*,#882,.T.);
#447=ORIENTED_EDGE('',*,*,#883,.T.);
#448=ORIENTED_EDGE('',*,*,#884,.T.);
#449=ORIENTED_EDGE('',*,*,#885,.T.);
#450=ORIENTED_EDGE('',*,*,#886,.T.);
#451=ORIENTED_EDGE('',*,*,#887,.T.);
#452=ORIENTED_EDGE('',*,*,#888,.T.);
#453=ORIENTED_EDGE('',*,*,#889,.T.);
#454=ORIENTED_EDGE('',*,*,#890,.T.);
#455=ORIENTED_EDGE('',*,*,#891,.T.);
#456=ORIENTED_EDGE('',*,*,#892,.T.);
#457=ORIENTED_EDGE('',*,*,#893,.T.);
#458=ORIENTED_EDGE('',*,*,#894,.T.);
#459=ORIENTED_EDGE('',*,*,#895,.T.);
#460=ORIENTED_EDGE('',*,*,#896,.T.);
#461=ORIENTED_EDGE('',*,*,#897,.T.);
#462=ORIENTED_EDGE('',*,*,#898,.T.);
#463=ORIENTED_EDGE('',*,*,#899,.T.);
#464=ORIENTED_EDGE('',*,*,#826,.F.);
#465=ORIENTED_EDGE('',*,*,#900,.T.);
#466=ORIENTED_EDGE('',*,*,#865,.F.);
#467=ORIENTED_EDGE('',*,*,#901,.F.);
#468=ORIENTED_EDGE('',*,*,#859,.F.);
#469=ORIENTED_EDGE('',*,*,#902,.T.);
#470=ORIENTED_EDGE('',*,*,#866,.F.);
#471=ORIENTED_EDGE('',*,*,#900,.F.);
#472=ORIENTED_EDGE('',*,*,#858,.F.);
#473=ORIENTED_EDGE('',*,*,#903,.T.);
#474=ORIENTED_EDGE('',*,*,#867,.F.);
#475=ORIENTED_EDGE('',*,*,#902,.F.);
#476=ORIENTED_EDGE('',*,*,#857,.F.);
#477=ORIENTED_EDGE('',*,*,#904,.T.);
#478=ORIENTED_EDGE('',*,*,#868,.F.);
#479=ORIENTED_EDGE('',*,*,#903,.F.);
#480=ORIENTED_EDGE('',*,*,#856,.F.);
#481=ORIENTED_EDGE('',*,*,#905,.T.);
#482=ORIENTED_EDGE('',*,*,#869,.F.);
#483=ORIENTED_EDGE('',*,*,#904,.F.);
#484=ORIENTED_EDGE('',*,*,#855,.F.);
#485=ORIENTED_EDGE('',*,*,#906,.T.);
#486=ORIENTED_EDGE('',*,*,#870,.F.);
#487=ORIENTED_EDGE('',*,*,#905,.F.);
#488=ORIENTED_EDGE('',*,*,#854,.F.);
#489=ORIENTED_EDGE('',*,*,#907,.T.);
#490=ORIENTED_EDGE('',*,*,#871,.F.);
#491=ORIENTED_EDGE('',*,*,#906,.F.);
#492=ORIENTED_EDGE('',*,*,#853,.F.);
#493=ORIENTED_EDGE('',*,*,#908,.T.);
#494=ORIENTED_EDGE('',*,*,#872,.F.);
#495=ORIENTED_EDGE('',*,*,#907,.F.);
#496=ORIENTED_EDGE('',*,*,#852,.F.);
#497=ORIENTED_EDGE('',*,*,#909,.T.);
#498=ORIENTED_EDGE('',*,*,#873,.F.);
#499=ORIENTED_EDGE('',*,*,#908,.F.);
#500=ORIENTED_EDGE('',*,*,#851,.F.);
#501=ORIENTED_EDGE('',*,*,#910,.T.);
#502=ORIENTED_EDGE('',*,*,#874,.F.);
#503=ORIENTED_EDGE('',*,*,#909,.F.);
#504=ORIENTED_EDGE('',*,*,#850,.F.);
#505=ORIENTED_EDGE('',*,*,#911,.T.);
#506=ORIENTED_EDGE('',*,*,#875,.F.);
#507=ORIENTED_EDGE('',*,*,#910,.F.);
#508=ORIENTED_EDGE('',*,*,#849,.F.);
#509=ORIENTED_EDGE('',*,*,#912,.T.);
#510=ORIENTED_EDGE('',*,*,#876,.F.);
#511=ORIENTED_EDGE('',*,*,#911,.F.);
#512=ORIENTED_EDGE('',*,*,#848,.F.);
#513=ORIENTED_EDGE('',*,*,#913,.T.);
#514=ORIENTED_EDGE('',*,*,#877,.F.);
#515=ORIENTED_EDGE('',*,*,#912,.F.);
#516=ORIENTED_EDGE('',*,*,#847,.F.);
#517=ORIENTED_EDGE('',*,*,#914,.T.);
#518=ORIENTED_EDGE('',*,*,#878,.F.);
#519=ORIENTED_EDGE('',*,*,#913,.F.);
#520=ORIENTED_EDGE('',*,*,#846,.F.);
#521=ORIENTED_EDGE('',*,*,#915,.T.);
#522=ORIENTED_EDGE('',*,*,#879,.F.);
#523=ORIENTED_EDGE('',*,*,#914,.F.);
#524=ORIENTED_EDGE('',*,*,#845,.F.);
#525=ORIENTED_EDGE('',*,*,#916,.T.);
#526=ORIENTED_EDGE('',*,*,#880,.F.);
#527=ORIENTED_EDGE('',*,*,#915,.F.);
#528=ORIENTED_EDGE('',*,*,#844,.F.);
#529=ORIENTED_EDGE('',*,*,#917,.T.);
#530=ORIENTED_EDGE('',*,*,#881,.F.);
#531=ORIENTED_EDGE('',*,*,#916,.F.);
#532=ORIENTED_EDGE('',*,*,#843,.F.);
#533=ORIENTED_EDGE('',*,*,#918,.T.);
#534=ORIENTED_EDGE('',*,*,#882,.F.);
#535=ORIENTED_EDGE('',*,*,#917,.F.);
#536=ORIENTED_EDGE('',*,*,#842,.F.);
#537=ORIENTED_EDGE('',*,*,#919,.T.);
#538=ORIENTED_EDGE('',*,*,#883,.F.);
#539=ORIENTED_EDGE('',*,*,#918,.F.);
#540=ORIENTED_EDGE('',*,*,#841,.F.);
#541=ORIENTED_EDGE('',*,*,#920,.T.);
#542=ORIENTED_EDGE('',*,*,#884,.F.);
#543=ORIENTED_EDGE('',*,*,#919,.F.);
#544=ORIENTED_EDGE('',*,*,#840,.F.);
#545=ORIENTED_EDGE('',*,*,#921,.T.);
#546=ORIENTED_EDGE('',*,*,#885,.F.);
#547=ORIENTED_EDGE('',*,*,#920,.F.);
#548=ORIENTED_EDGE('',*,*,#839,.F.);
#549=ORIENTED_EDGE('',*,*,#922,.T.);
#550=ORIENTED_EDGE('',*,*,#886,.F.);
#551=ORIENTED_EDGE('',*,*,#921,.F.);
#552=ORIENTED_EDGE('',*,*,#838,.F.);
#553=ORIENTED_EDGE('',*,*,#923,.T.);
#554=ORIENTED_EDGE('',*,*,#887,.F.);
#555=ORIENTED_EDGE('',*,*,#922,.F.);
#556=ORIENTED_EDGE('',*,*,#837,.F.);
#557=ORIENTED_EDGE('',*,*,#924,.T.);
#558=ORIENTED_EDGE('',*,*,#888,.F.);
#559=ORIENTED_EDGE('',*,*,#923,.F.);
#560=ORIENTED_EDGE('',*,*,#836,.F.);
#561=ORIENTED_EDGE('',*,*,#925,.T.);
#562=ORIENTED_EDGE('',*,*,#889,.F.);
#563=ORIENTED_EDGE('',*,*,#924,.F.);
#564=ORIENTED_EDGE('',*,*,#835,.F.);
#565=ORIENTED_EDGE('',*,*,#926,.T.);
#566=ORIENTED_EDGE('',*,*,#890,.F.);
#567=ORIENTED_EDGE('',*,*,#925,.F.);
#568=ORIENTED_EDGE('',*,*,#834,.F.);
#569=ORIENTED_EDGE('',*,*,#927,.T.);
#570=ORIENTED_EDGE('',*,*,#891,.F.);
#571=ORIENTED_EDGE('',*,*,#926,.F.);
#572=ORIENTED_EDGE('',*,*,#833,.F.);
#573=ORIENTED_EDGE('',*,*,#928,.T.);
#574=ORIENTED_EDGE('',*,*,#892,.F.);
#575=ORIENTED_EDGE('',*,*,#927,.F.);
#576=ORIENTED_EDGE('',*,*,#832,.F.);
#577=ORIENTED_EDGE('',*,*,#929,.T.);
#578=ORIENTED_EDGE('',*,*,#893,.F.);
#579=ORIENTED_EDGE('',*,*,#928,.F.);
#580=ORIENTED_EDGE('',*,*,#831,.F.);
#581=ORIENTED_EDGE('',*,*,#930,.T.);
#582=ORIENTED_EDGE('',*,*,#894,.F.);
#583=ORIENTED_EDGE('',*,*,#929,.F.);
#584=ORIENTED_EDGE('',*,*,#830,.F.);
#585=ORIENTED_EDGE('',*,*,#931,.T.);
#586=ORIENTED_EDGE('',*,*,#895,.F.);
#587=ORIENTED_EDGE('',*,*,#930,.F.);
#588=ORIENTED_EDGE('',*,*,#829,.F.);
#589=ORIENTED_EDGE('',*,*,#932,.T.);
#590=ORIENTED_EDGE('',*,*,#896,.F.);
#591=ORIENTED_EDGE('',*,*,#931,.F.);
#592=ORIENTED_EDGE('',*,*,#827,.F.);
#593=ORIENTED_EDGE('',*,*,#901,.T.);
#594=ORIENTED_EDGE('',*,*,#864,.F.);
#595=ORIENTED_EDGE('',*,*,#933,.F.);
#596=ORIENTED_EDGE('',*,*,#825,.F.);
#597=ORIENTED_EDGE('',*,*,#934,.T.);
#598=ORIENTED_EDGE('',*,*,#935,.T.);
#599=ORIENTED_EDGE('',*,*,#936,.T.);
#600=ORIENTED_EDGE('',*,*,#937,.T.);
#601=ORIENTED_EDGE('',*,*,#897,.F.);
#602=ORIENTED_EDGE('',*,*,#932,.F.);
#603=ORIENTED_EDGE('',*,*,#828,.F.);
#604=ORIENTED_EDGE('',*,*,#933,.T.);
#605=ORIENTED_EDGE('',*,*,#863,.F.);
#606=ORIENTED_EDGE('',*,*,#934,.F.);
#607=ORIENTED_EDGE('',*,*,#936,.F.);
#608=ORIENTED_EDGE('',*,*,#938,.F.);
#609=ORIENTED_EDGE('',*,*,#939,.F.);
#610=ORIENTED_EDGE('',*,*,#940,.F.);
#611=ORIENTED_EDGE('',*,*,#898,.F.);
#612=ORIENTED_EDGE('',*,*,#937,.F.);
#613=ORIENTED_EDGE('',*,*,#940,.T.);
#614=ORIENTED_EDGE('',*,*,#941,.F.);
#615=ORIENTED_EDGE('',*,*,#899,.F.);
#616=ORIENTED_EDGE('',*,*,#941,.T.);
#617=ORIENTED_EDGE('',*,*,#939,.T.);
#618=ORIENTED_EDGE('',*,*,#942,.F.);
#619=ORIENTED_EDGE('',*,*,#862,.F.);
#620=ORIENTED_EDGE('',*,*,#942,.T.);
#621=ORIENTED_EDGE('',*,*,#938,.T.);
#622=ORIENTED_EDGE('',*,*,#935,.F.);
#623=ORIENTED_EDGE('',*,*,#943,.T.);
#624=ORIENTED_EDGE('',*,*,#944,.F.);
#625=ORIENTED_EDGE('',*,*,#944,.T.);
#626=ORIENTED_EDGE('',*,*,#860,.F.);
#627=ORIENTED_EDGE('',*,*,#945,.T.);
#628=ORIENTED_EDGE('',*,*,#946,.F.);
#629=ORIENTED_EDGE('',*,*,#946,.T.);
#630=ORIENTED_EDGE('',*,*,#861,.F.);
#631=ORIENTED_EDGE('',*,*,#943,.F.);
#632=ORIENTED_EDGE('',*,*,#947,.T.);
#633=ORIENTED_EDGE('',*,*,#948,.T.);
#634=ORIENTED_EDGE('',*,*,#949,.T.);
#635=ORIENTED_EDGE('',*,*,#950,.T.);
#636=ORIENTED_EDGE('',*,*,#951,.T.);
#637=ORIENTED_EDGE('',*,*,#952,.T.);
#638=ORIENTED_EDGE('',*,*,#953,.T.);
#639=ORIENTED_EDGE('',*,*,#954,.T.);
#640=ORIENTED_EDGE('',*,*,#955,.T.);
#641=ORIENTED_EDGE('',*,*,#956,.T.);
#642=ORIENTED_EDGE('',*,*,#957,.T.);
#643=ORIENTED_EDGE('',*,*,#958,.T.);
#644=ORIENTED_EDGE('',*,*,#959,.T.);
#645=ORIENTED_EDGE('',*,*,#960,.T.);
#646=ORIENTED_EDGE('',*,*,#961,.T.);
#647=ORIENTED_EDGE('',*,*,#962,.T.);
#648=ORIENTED_EDGE('',*,*,#945,.F.);
#649=ORIENTED_EDGE('',*,*,#963,.T.);
#650=ORIENTED_EDGE('',*,*,#964,.T.);
#651=ORIENTED_EDGE('',*,*,#965,.T.);
#652=ORIENTED_EDGE('',*,*,#966,.T.);
#653=ORIENTED_EDGE('',*,*,#967,.T.);
#654=ORIENTED_EDGE('',*,*,#968,.T.);
#655=ORIENTED_EDGE('',*,*,#969,.T.);
#656=ORIENTED_EDGE('',*,*,#970,.T.);
#657=ORIENTED_EDGE('',*,*,#971,.T.);
#658=ORIENTED_EDGE('',*,*,#972,.T.);
#659=ORIENTED_EDGE('',*,*,#973,.T.);
#660=ORIENTED_EDGE('',*,*,#974,.T.);
#661=ORIENTED_EDGE('',*,*,#975,.T.);
#662=ORIENTED_EDGE('',*,*,#976,.T.);
#663=ORIENTED_EDGE('',*,*,#977,.T.);
#664=ORIENTED_EDGE('',*,*,#978,.T.);
#665=ORIENTED_EDGE('',*,*,#979,.T.);
#666=ORIENTED_EDGE('',*,*,#980,.T.);
#667=ORIENTED_EDGE('',*,*,#948,.F.);
#668=ORIENTED_EDGE('',*,*,#981,.T.);
#669=ORIENTED_EDGE('',*,*,#960,.F.);
#670=ORIENTED_EDGE('',*,*,#982,.T.);
#671=ORIENTED_EDGE('',*,*,#983,.T.);
#672=ORIENTED_EDGE('',*,*,#956,.F.);
#673=ORIENTED_EDGE('',*,*,#984,.T.);
#674=ORIENTED_EDGE('',*,*,#985,.T.);
#675=ORIENTED_EDGE('',*,*,#986,.T.);
#676=ORIENTED_EDGE('',*,*,#952,.F.);
#677=ORIENTED_EDGE('',*,*,#987,.T.);
#678=ORIENTED_EDGE('',*,*,#988,.T.);
#679=ORIENTED_EDGE('',*,*,#964,.F.);
#680=ORIENTED_EDGE('',*,*,#989,.T.);
#681=ORIENTED_EDGE('',*,*,#976,.F.);
#682=ORIENTED_EDGE('',*,*,#990,.T.);
#683=ORIENTED_EDGE('',*,*,#991,.T.);
#684=ORIENTED_EDGE('',*,*,#972,.F.);
#685=ORIENTED_EDGE('',*,*,#992,.T.);
#686=ORIENTED_EDGE('',*,*,#993,.T.);
#687=ORIENTED_EDGE('',*,*,#994,.T.);
#688=ORIENTED_EDGE('',*,*,#968,.F.);
#689=ORIENTED_EDGE('',*,*,#995,.F.);
#690=ORIENTED_EDGE('',*,*,#996,.F.);
#691=ORIENTED_EDGE('',*,*,#997,.F.);
#692=ORIENTED_EDGE('',*,*,#998,.F.);
#693=ORIENTED_EDGE('',*,*,#999,.F.);
#694=ORIENTED_EDGE('',*,*,#1000,.F.);
#695=ORIENTED_EDGE('',*,*,#1001,.F.);
#696=ORIENTED_EDGE('',*,*,#1002,.F.);
#697=ORIENTED_EDGE('',*,*,#1003,.F.);
#698=ORIENTED_EDGE('',*,*,#1004,.F.);
#699=ORIENTED_EDGE('',*,*,#1005,.F.);
#700=ORIENTED_EDGE('',*,*,#1006,.F.);
#701=ORIENTED_EDGE('',*,*,#955,.F.);
#702=ORIENTED_EDGE('',*,*,#1007,.T.);
#703=ORIENTED_EDGE('',*,*,#1004,.T.);
#704=ORIENTED_EDGE('',*,*,#1008,.F.);
#705=ORIENTED_EDGE('',*,*,#984,.F.);
#706=ORIENTED_EDGE('',*,*,#957,.F.);
#707=ORIENTED_EDGE('',*,*,#983,.F.);
#708=ORIENTED_EDGE('',*,*,#1008,.T.);
#709=ORIENTED_EDGE('',*,*,#1003,.T.);
#710=ORIENTED_EDGE('',*,*,#1009,.F.);
#711=ORIENTED_EDGE('',*,*,#958,.F.);
#712=ORIENTED_EDGE('',*,*,#1009,.T.);
#713=ORIENTED_EDGE('',*,*,#1002,.T.);
#714=ORIENTED_EDGE('',*,*,#1010,.F.);
#715=ORIENTED_EDGE('',*,*,#961,.F.);
#716=ORIENTED_EDGE('',*,*,#981,.F.);
#717=ORIENTED_EDGE('',*,*,#1011,.T.);
#718=ORIENTED_EDGE('',*,*,#1000,.T.);
#719=ORIENTED_EDGE('',*,*,#1012,.F.);
#720=ORIENTED_EDGE('',*,*,#962,.F.);
#721=ORIENTED_EDGE('',*,*,#1012,.T.);
#722=ORIENTED_EDGE('',*,*,#999,.T.);
#723=ORIENTED_EDGE('',*,*,#1013,.F.);
#724=ORIENTED_EDGE('',*,*,#949,.F.);
#725=ORIENTED_EDGE('',*,*,#980,.F.);
#726=ORIENTED_EDGE('',*,*,#1014,.T.);
#727=ORIENTED_EDGE('',*,*,#997,.T.);
#728=ORIENTED_EDGE('',*,*,#1015,.F.);
#729=ORIENTED_EDGE('',*,*,#954,.F.);
#730=ORIENTED_EDGE('',*,*,#1016,.T.);
#731=ORIENTED_EDGE('',*,*,#1005,.T.);
#732=ORIENTED_EDGE('',*,*,#1007,.F.);
#733=ORIENTED_EDGE('',*,*,#953,.F.);
#734=ORIENTED_EDGE('',*,*,#986,.F.);
#735=ORIENTED_EDGE('',*,*,#1017,.T.);
#736=ORIENTED_EDGE('',*,*,#1006,.T.);
#737=ORIENTED_EDGE('',*,*,#1016,.F.);
#738=ORIENTED_EDGE('',*,*,#959,.F.);
#739=ORIENTED_EDGE('',*,*,#1010,.T.);
#740=ORIENTED_EDGE('',*,*,#1001,.T.);
#741=ORIENTED_EDGE('',*,*,#1011,.F.);
#742=ORIENTED_EDGE('',*,*,#982,.F.);
#743=ORIENTED_EDGE('',*,*,#951,.F.);
#744=ORIENTED_EDGE('',*,*,#1018,.T.);
#745=ORIENTED_EDGE('',*,*,#995,.T.);
#746=ORIENTED_EDGE('',*,*,#1017,.F.);
#747=ORIENTED_EDGE('',*,*,#985,.F.);
#748=ORIENTED_EDGE('',*,*,#950,.F.);
#749=ORIENTED_EDGE('',*,*,#1015,.T.);
#750=ORIENTED_EDGE('',*,*,#996,.T.);
#751=ORIENTED_EDGE('',*,*,#1018,.F.);
#752=ORIENTED_EDGE('',*,*,#947,.F.);
#753=ORIENTED_EDGE('',*,*,#1013,.T.);
#754=ORIENTED_EDGE('',*,*,#998,.T.);
#755=ORIENTED_EDGE('',*,*,#1014,.F.);
#756=ORIENTED_EDGE('',*,*,#979,.F.);
#757=ORIENTED_EDGE('',*,*,#1019,.F.);
#758=ORIENTED_EDGE('',*,*,#1020,.F.);
#759=ORIENTED_EDGE('',*,*,#1021,.F.);
#760=ORIENTED_EDGE('',*,*,#1022,.F.);
#761=ORIENTED_EDGE('',*,*,#1023,.F.);
#762=ORIENTED_EDGE('',*,*,#1024,.F.);
#763=ORIENTED_EDGE('',*,*,#1025,.F.);
#764=ORIENTED_EDGE('',*,*,#1026,.F.);
#765=ORIENTED_EDGE('',*,*,#1027,.F.);
#766=ORIENTED_EDGE('',*,*,#1028,.F.);
#767=ORIENTED_EDGE('',*,*,#1029,.F.);
#768=ORIENTED_EDGE('',*,*,#1030,.F.);
#769=ORIENTED_EDGE('',*,*,#971,.F.);
#770=ORIENTED_EDGE('',*,*,#1031,.T.);
#771=ORIENTED_EDGE('',*,*,#1030,.T.);
#772=ORIENTED_EDGE('',*,*,#1032,.F.);
#773=ORIENTED_EDGE('',*,*,#992,.F.);
#774=ORIENTED_EDGE('',*,*,#973,.F.);
#775=ORIENTED_EDGE('',*,*,#991,.F.);
#776=ORIENTED_EDGE('',*,*,#1032,.T.);
#777=ORIENTED_EDGE('',*,*,#1029,.T.);
#778=ORIENTED_EDGE('',*,*,#1033,.F.);
#779=ORIENTED_EDGE('',*,*,#974,.F.);
#780=ORIENTED_EDGE('',*,*,#1033,.T.);
#781=ORIENTED_EDGE('',*,*,#1028,.T.);
#782=ORIENTED_EDGE('',*,*,#1034,.F.);
#783=ORIENTED_EDGE('',*,*,#977,.F.);
#784=ORIENTED_EDGE('',*,*,#989,.F.);
#785=ORIENTED_EDGE('',*,*,#1035,.T.);
#786=ORIENTED_EDGE('',*,*,#1026,.T.);
#787=ORIENTED_EDGE('',*,*,#1036,.F.);
#788=ORIENTED_EDGE('',*,*,#978,.F.);
#789=ORIENTED_EDGE('',*,*,#1036,.T.);
#790=ORIENTED_EDGE('',*,*,#1025,.T.);
#791=ORIENTED_EDGE('',*,*,#1037,.F.);
#792=ORIENTED_EDGE('',*,*,#965,.F.);
#793=ORIENTED_EDGE('',*,*,#988,.F.);
#794=ORIENTED_EDGE('',*,*,#1038,.T.);
#795=ORIENTED_EDGE('',*,*,#1023,.T.);
#796=ORIENTED_EDGE('',*,*,#1039,.F.);
#797=ORIENTED_EDGE('',*,*,#970,.F.);
#798=ORIENTED_EDGE('',*,*,#1040,.T.);
#799=ORIENTED_EDGE('',*,*,#1019,.T.);
#800=ORIENTED_EDGE('',*,*,#1031,.F.);
#801=ORIENTED_EDGE('',*,*,#969,.F.);
#802=ORIENTED_EDGE('',*,*,#994,.F.);
#803=ORIENTED_EDGE('',*,*,#1041,.T.);
#804=ORIENTED_EDGE('',*,*,#1020,.T.);
#805=ORIENTED_EDGE('',*,*,#1040,.F.);
#806=ORIENTED_EDGE('',*,*,#975,.F.);
#807=ORIENTED_EDGE('',*,*,#1034,.T.);
#808=ORIENTED_EDGE('',*,*,#1027,.T.);
#809=ORIENTED_EDGE('',*,*,#1035,.F.);
#810=ORIENTED_EDGE('',*,*,#990,.F.);
#811=ORIENTED_EDGE('',*,*,#967,.F.);
#812=ORIENTED_EDGE('',*,*,#1042,.T.);
#813=ORIENTED_EDGE('',*,*,#1021,.T.);
#814=ORIENTED_EDGE('',*,*,#1041,.F.);
#815=ORIENTED_EDGE('',*,*,#993,.F.);
#816=ORIENTED_EDGE('',*,*,#966,.F.);
#817=ORIENTED_EDGE('',*,*,#1039,.T.);
#818=ORIENTED_EDGE('',*,*,#1022,.T.);
#819=ORIENTED_EDGE('',*,*,#1042,.F.);
#820=ORIENTED_EDGE('',*,*,#963,.F.);
#821=ORIENTED_EDGE('',*,*,#1037,.T.);
#822=ORIENTED_EDGE('',*,*,#1024,.T.);
#823=ORIENTED_EDGE('',*,*,#1038,.F.);
#824=ORIENTED_EDGE('',*,*,#987,.F.);
#825=EDGE_CURVE('',#1043,#1043,#1191,.T.);
#826=EDGE_CURVE('',#1044,#1045,#93,.T.);
#827=EDGE_CURVE('',#1045,#1046,#94,.T.);
#828=EDGE_CURVE('',#1046,#1047,#95,.T.);
#829=EDGE_CURVE('',#1047,#1048,#96,.T.);
#830=EDGE_CURVE('',#1048,#1049,#97,.T.);
#831=EDGE_CURVE('',#1049,#1050,#98,.T.);
#832=EDGE_CURVE('',#1050,#1051,#99,.T.);
#833=EDGE_CURVE('',#1051,#1052,#100,.T.);
#834=EDGE_CURVE('',#1052,#1053,#1192,.T.);
#835=EDGE_CURVE('',#1053,#1054,#1193,.T.);
#836=EDGE_CURVE('',#1054,#1055,#1194,.T.);
#837=EDGE_CURVE('',#1055,#1056,#101,.T.);
#838=EDGE_CURVE('',#1056,#1057,#1195,.T.);
#839=EDGE_CURVE('',#1057,#1058,#102,.T.);
#840=EDGE_CURVE('',#1058,#1059,#1196,.T.);
#841=EDGE_CURVE('',#1059,#1060,#1197,.T.);
#842=EDGE_CURVE('',#1060,#1061,#1198,.T.);
#843=EDGE_CURVE('',#1061,#1062,#103,.T.);
#844=EDGE_CURVE('',#1062,#1063,#104,.T.);
#845=EDGE_CURVE('',#1063,#1064,#105,.T.);
#846=EDGE_CURVE('',#1064,#1065,#106,.T.);
#847=EDGE_CURVE('',#1065,#1066,#107,.T.);
#848=EDGE_CURVE('',#1066,#1067,#1199,.T.);
#849=EDGE_CURVE('',#1067,#1068,#1200,.T.);
#850=EDGE_CURVE('',#1068,#1069,#1201,.T.);
#851=EDGE_CURVE('',#1069,#1070,#108,.T.);
#852=EDGE_CURVE('',#1070,#1071,#1202,.T.);
#853=EDGE_CURVE('',#1071,#1072,#109,.T.);
#854=EDGE_CURVE('',#1072,#1073,#1203,.T.);
#855=EDGE_CURVE('',#1073,#1074,#1204,.T.);
#856=EDGE_CURVE('',#1074,#1075,#1205,.T.);
#857=EDGE_CURVE('',#1075,#1076,#110,.T.);
#858=EDGE_CURVE('',#1076,#1077,#111,.T.);
#859=EDGE_CURVE('',#1077,#1044,#112,.T.);
#860=EDGE_CURVE('',#1078,#1078,#1206,.T.);
#861=EDGE_CURVE('',#1079,#1079,#1207,.T.);
#862=EDGE_CURVE('',#1080,#1081,#113,.T.);
#863=EDGE_CURVE('',#1081,#1082,#114,.T.);
#864=EDGE_CURVE('',#1082,#1083,#115,.T.);
#865=EDGE_CURVE('',#1083,#1084,#116,.T.);
#866=EDGE_CURVE('',#1084,#1085,#117,.T.);
#867=EDGE_CURVE('',#1085,#1086,#118,.T.);
#868=EDGE_CURVE('',#1086,#1087,#119,.T.);
#869=EDGE_CURVE('',#1087,#1088,#1208,.T.);
#870=EDGE_CURVE('',#1088,#1089,#1209,.T.);
#871=EDGE_CURVE('',#1089,#1090,#1210,.T.);
#872=EDGE_CURVE('',#1090,#1091,#120,.T.);
#873=EDGE_CURVE('',#1091,#1092,#1211,.T.);
#874=EDGE_CURVE('',#1092,#1093,#121,.T.);
#875=EDGE_CURVE('',#1093,#1094,#1212,.T.);
#876=EDGE_CURVE('',#1094,#1095,#1213,.T.);
#877=EDGE_CURVE('',#1095,#1096,#1214,.T.);
#878=EDGE_CURVE('',#1096,#1097,#122,.T.);
#879=EDGE_CURVE('',#1097,#1098,#123,.T.);
#880=EDGE_CURVE('',#1098,#1099,#124,.T.);
#881=EDGE_CURVE('',#1099,#1100,#125,.T.);
#882=EDGE_CURVE('',#1100,#1101,#126,.T.);
#883=EDGE_CURVE('',#1101,#1102,#1215,.T.);
#884=EDGE_CURVE('',#1102,#1103,#1216,.T.);
#885=EDGE_CURVE('',#1103,#1104,#1217,.T.);
#886=EDGE_CURVE('',#1104,#1105,#127,.T.);
#887=EDGE_CURVE('',#1105,#1106,#1218,.T.);
#888=EDGE_CURVE('',#1106,#1107,#128,.T.);
#889=EDGE_CURVE('',#1107,#1108,#1219,.T.);
#890=EDGE_CURVE('',#1108,#1109,#1220,.T.);
#891=EDGE_CURVE('',#1109,#1110,#1221,.T.);
#892=EDGE_CURVE('',#1110,#1111,#129,.T.);
#893=EDGE_CURVE('',#1111,#1112,#130,.T.);
#894=EDGE_CURVE('',#1112,#1113,#131,.T.);
#895=EDGE_CURVE('',#1113,#1114,#132,.T.);
#896=EDGE_CURVE('',#1114,#1115,#133,.T.);
#897=EDGE_CURVE('',#1115,#1116,#134,.T.);
#898=EDGE_CURVE('',#1116,#1117,#135,.T.);
#899=EDGE_CURVE('',#1117,#1080,#1222,.T.);
#900=EDGE_CURVE('',#1044,#1084,#136,.T.);
#901=EDGE_CURVE('',#1045,#1083,#137,.T.);
#902=EDGE_CURVE('',#1077,#1085,#138,.T.);
#903=EDGE_CURVE('',#1076,#1086,#139,.T.);
#904=EDGE_CURVE('',#1075,#1087,#140,.T.);
#905=EDGE_CURVE('',#1074,#1088,#141,.T.);
#906=EDGE_CURVE('',#1073,#1089,#142,.T.);
#907=EDGE_CURVE('',#1072,#1090,#143,.T.);
#908=EDGE_CURVE('',#1071,#1091,#144,.T.);
#909=EDGE_CURVE('',#1070,#1092,#145,.T.);
#910=EDGE_CURVE('',#1069,#1093,#146,.T.);
#911=EDGE_CURVE('',#1068,#1094,#147,.T.);
#912=EDGE_CURVE('',#1067,#1095,#148,.T.);
#913=EDGE_CURVE('',#1066,#1096,#149,.T.);
#914=EDGE_CURVE('',#1065,#1097,#150,.T.);
#915=EDGE_CURVE('',#1064,#1098,#151,.T.);
#916=EDGE_CURVE('',#1063,#1099,#152,.T.);
#917=EDGE_CURVE('',#1062,#1100,#153,.T.);
#918=EDGE_CURVE('',#1061,#1101,#154,.T.);
#919=EDGE_CURVE('',#1060,#1102,#155,.T.);
#920=EDGE_CURVE('',#1059,#1103,#156,.T.);
#921=EDGE_CURVE('',#1058,#1104,#157,.T.);
#922=EDGE_CURVE('',#1057,#1105,#158,.T.);
#923=EDGE_CURVE('',#1056,#1106,#159,.T.);
#924=EDGE_CURVE('',#1055,#1107,#160,.T.);
#925=EDGE_CURVE('',#1054,#1108,#161,.T.);
#926=EDGE_CURVE('',#1053,#1109,#162,.T.);
#927=EDGE_CURVE('',#1052,#1110,#163,.T.);
#928=EDGE_CURVE('',#1051,#1111,#164,.T.);
#929=EDGE_CURVE('',#1050,#1112,#165,.T.);
#930=EDGE_CURVE('',#1049,#1113,#166,.T.);
#931=EDGE_CURVE('',#1048,#1114,#167,.T.);
#932=EDGE_CURVE('',#1047,#1115,#168,.T.);
#933=EDGE_CURVE('',#1046,#1082,#169,.T.);
#934=EDGE_CURVE('',#1118,#1118,#1223,.T.);
#935=EDGE_CURVE('',#1081,#1119,#170,.T.);
#936=EDGE_CURVE('',#1119,#1120,#171,.T.);
#937=EDGE_CURVE('',#1120,#1116,#172,.T.);
#938=EDGE_CURVE('',#1121,#1119,#173,.T.);
#939=EDGE_CURVE('',#1122,#1121,#1224,.T.);
#940=EDGE_CURVE('',#1120,#1122,#174,.T.);
#941=EDGE_CURVE('',#1117,#1122,#175,.T.);
#942=EDGE_CURVE('',#1080,#1121,#176,.T.);
#943=EDGE_CURVE('',#1123,#1123,#1225,.T.);
#944=EDGE_CURVE('',#1124,#1124,#1226,.T.);
#945=EDGE_CURVE('',#1125,#1125,#1227,.T.);
#946=EDGE_CURVE('',#1126,#1126,#1228,.T.);
#947=EDGE_CURVE('',#1127,#1128,#12,.F.);
#948=EDGE_CURVE('',#1128,#1129,#1229,.T.);
#949=EDGE_CURVE('',#1129,#1130,#13,.F.);
#950=EDGE_CURVE('',#1130,#1131,#14,.F.);
#951=EDGE_CURVE('',#1131,#1132,#15,.F.);
#952=EDGE_CURVE('',#1132,#1133,#1230,.T.);
#953=EDGE_CURVE('',#1133,#1134,#16,.F.);
#954=EDGE_CURVE('',#1134,#1135,#17,.F.);
#955=EDGE_CURVE('',#1135,#1136,#18,.F.);
#956=EDGE_CURVE('',#1136,#1137,#1231,.T.);
#957=EDGE_CURVE('',#1137,#1138,#19,.F.);
#958=EDGE_CURVE('',#1138,#1139,#20,.F.);
#959=EDGE_CURVE('',#1139,#1140,#21,.F.);
#960=EDGE_CURVE('',#1140,#1141,#1232,.T.);
#961=EDGE_CURVE('',#1141,#1142,#22,.F.);
#962=EDGE_CURVE('',#1142,#1127,#23,.F.);
#963=EDGE_CURVE('',#1143,#1144,#24,.F.);
#964=EDGE_CURVE('',#1144,#1145,#1233,.T.);
#965=EDGE_CURVE('',#1145,#1146,#25,.F.);
#966=EDGE_CURVE('',#1146,#1147,#26,.F.);
#967=EDGE_CURVE('',#1147,#1148,#27,.F.);
#968=EDGE_CURVE('',#1148,#1149,#1234,.T.);
#969=EDGE_CURVE('',#1149,#1150,#28,.F.);
#970=EDGE_CURVE('',#1150,#1151,#29,.F.);
#971=EDGE_CURVE('',#1151,#1152,#30,.F.);
#972=EDGE_CURVE('',#1152,#1153,#1235,.T.);
#973=EDGE_CURVE('',#1153,#1154,#31,.F.);
#974=EDGE_CURVE('',#1154,#1155,#32,.F.);
#975=EDGE_CURVE('',#1155,#1156,#33,.F.);
#976=EDGE_CURVE('',#1156,#1157,#1236,.T.);
#977=EDGE_CURVE('',#1157,#1158,#34,.F.);
#978=EDGE_CURVE('',#1158,#1143,#35,.F.);
#979=EDGE_CURVE('',#1128,#1159,#177,.T.);
#980=EDGE_CURVE('',#1159,#1129,#178,.T.);
#981=EDGE_CURVE('',#1160,#1141,#179,.T.);
#982=EDGE_CURVE('',#1140,#1160,#180,.T.);
#983=EDGE_CURVE('',#1161,#1137,#181,.T.);
#984=EDGE_CURVE('',#1136,#1161,#182,.T.);
#985=EDGE_CURVE('',#1132,#1162,#183,.T.);
#986=EDGE_CURVE('',#1162,#1133,#184,.T.);
#987=EDGE_CURVE('',#1144,#1163,#185,.T.);
#988=EDGE_CURVE('',#1163,#1145,#186,.T.);
#989=EDGE_CURVE('',#1164,#1157,#187,.T.);
#990=EDGE_CURVE('',#1156,#1164,#188,.T.);
#991=EDGE_CURVE('',#1165,#1153,#189,.T.);
#992=EDGE_CURVE('',#1152,#1165,#190,.T.);
#993=EDGE_CURVE('',#1148,#1166,#191,.T.);
#994=EDGE_CURVE('',#1166,#1149,#192,.T.);
#995=EDGE_CURVE('',#1167,#1168,#193,.T.);
#996=EDGE_CURVE('',#1169,#1167,#194,.T.);
#997=EDGE_CURVE('',#1170,#1169,#195,.T.);
#998=EDGE_CURVE('',#1171,#1170,#196,.T.);
#999=EDGE_CURVE('',#1172,#1171,#197,.T.);
#1000=EDGE_CURVE('',#1173,#1172,#198,.T.);
#1001=EDGE_CURVE('',#1174,#1173,#199,.T.);
#1002=EDGE_CURVE('',#1175,#1174,#200,.T.);
#1003=EDGE_CURVE('',#1176,#1175,#201,.T.);
#1004=EDGE_CURVE('',#1177,#1176,#202,.T.);
#1005=EDGE_CURVE('',#1178,#1177,#203,.T.);
#1006=EDGE_CURVE('',#1168,#1178,#204,.T.);
#1007=EDGE_CURVE('',#1135,#1177,#205,.T.);
#1008=EDGE_CURVE('',#1161,#1176,#206,.T.);
#1009=EDGE_CURVE('',#1138,#1175,#207,.T.);
#1010=EDGE_CURVE('',#1139,#1174,#208,.T.);
#1011=EDGE_CURVE('',#1160,#1173,#209,.T.);
#1012=EDGE_CURVE('',#1142,#1172,#210,.T.);
#1013=EDGE_CURVE('',#1127,#1171,#211,.T.);
#1014=EDGE_CURVE('',#1159,#1170,#212,.T.);
#1015=EDGE_CURVE('',#1130,#1169,#213,.T.);
#1016=EDGE_CURVE('',#1134,#1178,#214,.T.);
#1017=EDGE_CURVE('',#1162,#1168,#215,.T.);
#1018=EDGE_CURVE('',#1131,#1167,#216,.T.);
#1019=EDGE_CURVE('',#1179,#1180,#217,.T.);
#1020=EDGE_CURVE('',#1181,#1179,#218,.T.);
#1021=EDGE_CURVE('',#1182,#1181,#219,.T.);
#1022=EDGE_CURVE('',#1183,#1182,#220,.T.);
#1023=EDGE_CURVE('',#1184,#1183,#221,.T.);
#1024=EDGE_CURVE('',#1185,#1184,#222,.T.);
#1025=EDGE_CURVE('',#1186,#1185,#223,.T.);
#1026=EDGE_CURVE('',#1187,#1186,#224,.T.);
#1027=EDGE_CURVE('',#1188,#1187,#225,.T.);
#1028=EDGE_CURVE('',#1189,#1188,#226,.T.);
#1029=EDGE_CURVE('',#1190,#1189,#227,.T.);
#1030=EDGE_CURVE('',#1180,#1190,#228,.T.);
#1031=EDGE_CURVE('',#1151,#1180,#229,.T.);
#1032=EDGE_CURVE('',#1165,#1190,#230,.T.);
#1033=EDGE_CURVE('',#1154,#1189,#231,.T.);
#1034=EDGE_CURVE('',#1155,#1188,#232,.T.);
#1035=EDGE_CURVE('',#1164,#1187,#233,.T.);
#1036=EDGE_CURVE('',#1158,#1186,#234,.T.);
#1037=EDGE_CURVE('',#1143,#1185,#235,.T.);
#1038=EDGE_CURVE('',#1163,#1184,#236,.T.);
#1039=EDGE_CURVE('',#1146,#1183,#237,.T.);
#1040=EDGE_CURVE('',#1150,#1179,#238,.T.);
#1041=EDGE_CURVE('',#1166,#1181,#239,.T.);
#1042=EDGE_CURVE('',#1147,#1182,#240,.T.);
#1043=VERTEX_POINT('',#2326);
#1044=VERTEX_POINT('',#2328);
#1045=VERTEX_POINT('',#2329);
#1046=VERTEX_POINT('',#2331);
#1047=VERTEX_POINT('',#2333);
#1048=VERTEX_POINT('',#2335);
#1049=VERTEX_POINT('',#2337);
#1050=VERTEX_POINT('',#2339);
#1051=VERTEX_POINT('',#2341);
#1052=VERTEX_POINT('',#2343);
#1053=VERTEX_POINT('',#2345);
#1054=VERTEX_POINT('',#2347);
#1055=VERTEX_POINT('',#2349);
#1056=VERTEX_POINT('',#2351);
#1057=VERTEX_POINT('',#2353);
#1058=VERTEX_POINT('',#2355);
#1059=VERTEX_POINT('',#2357);
#1060=VERTEX_POINT('',#2359);
#1061=VERTEX_POINT('',#2361);
#1062=VERTEX_POINT('',#2363);
#1063=VERTEX_POINT('',#2365);
#1064=VERTEX_POINT('',#2367);
#1065=VERTEX_POINT('',#2369);
#1066=VERTEX_POINT('',#2371);
#1067=VERTEX_POINT('',#2373);
#1068=VERTEX_POINT('',#2375);
#1069=VERTEX_POINT('',#2377);
#1070=VERTEX_POINT('',#2379);
#1071=VERTEX_POINT('',#2381);
#1072=VERTEX_POINT('',#2383);
#1073=VERTEX_POINT('',#2385);
#1074=VERTEX_POINT('',#2387);
#1075=VERTEX_POINT('',#2389);
#1076=VERTEX_POINT('',#2391);
#1077=VERTEX_POINT('',#2393);
#1078=VERTEX_POINT('',#2397);
#1079=VERTEX_POINT('',#2399);
#1080=VERTEX_POINT('',#2401);
#1081=VERTEX_POINT('',#2402);
#1082=VERTEX_POINT('',#2404);
#1083=VERTEX_POINT('',#2406);
#1084=VERTEX_POINT('',#2408);
#1085=VERTEX_POINT('',#2410);
#1086=VERTEX_POINT('',#2412);
#1087=VERTEX_POINT('',#2414);
#1088=VERTEX_POINT('',#2416);
#1089=VERTEX_POINT('',#2418);
#1090=VERTEX_POINT('',#2420);
#1091=VERTEX_POINT('',#2422);
#1092=VERTEX_POINT('',#2424);
#1093=VERTEX_POINT('',#2426);
#1094=VERTEX_POINT('',#2428);
#1095=VERTEX_POINT('',#2430);
#1096=VERTEX_POINT('',#2432);
#1097=VERTEX_POINT('',#2434);
#1098=VERTEX_POINT('',#2436);
#1099=VERTEX_POINT('',#2438);
#1100=VERTEX_POINT('',#2440);
#1101=VERTEX_POINT('',#2442);
#1102=VERTEX_POINT('',#2444);
#1103=VERTEX_POINT('',#2446);
#1104=VERTEX_POINT('',#2448);
#1105=VERTEX_POINT('',#2450);
#1106=VERTEX_POINT('',#2452);
#1107=VERTEX_POINT('',#2454);
#1108=VERTEX_POINT('',#2456);
#1109=VERTEX_POINT('',#2458);
#1110=VERTEX_POINT('',#2460);
#1111=VERTEX_POINT('',#2462);
#1112=VERTEX_POINT('',#2464);
#1113=VERTEX_POINT('',#2466);
#1114=VERTEX_POINT('',#2468);
#1115=VERTEX_POINT('',#2470);
#1116=VERTEX_POINT('',#2472);
#1117=VERTEX_POINT('',#2474);
#1118=VERTEX_POINT('',#2545);
#1119=VERTEX_POINT('',#2548);
#1120=VERTEX_POINT('',#2550);
#1121=VERTEX_POINT('',#2554);
#1122=VERTEX_POINT('',#2556);
#1123=VERTEX_POINT('',#2565);
#1124=VERTEX_POINT('',#2567);
#1125=VERTEX_POINT('',#2571);
#1126=VERTEX_POINT('',#2573);
#1127=VERTEX_POINT('',#2580);
#1128=VERTEX_POINT('',#2581);
#1129=VERTEX_POINT('',#2583);
#1130=VERTEX_POINT('',#2588);
#1131=VERTEX_POINT('',#2593);
#1132=VERTEX_POINT('',#2598);
#1133=VERTEX_POINT('',#2600);
#1134=VERTEX_POINT('',#2605);
#1135=VERTEX_POINT('',#2610);
#1136=VERTEX_POINT('',#2615);
#1137=VERTEX_POINT('',#2617);
#1138=VERTEX_POINT('',#2622);
#1139=VERTEX_POINT('',#2627);
#1140=VERTEX_POINT('',#2632);
#1141=VERTEX_POINT('',#2634);
#1142=VERTEX_POINT('',#2639);
#1143=VERTEX_POINT('',#2649);
#1144=VERTEX_POINT('',#2650);
#1145=VERTEX_POINT('',#2652);
#1146=VERTEX_POINT('',#2657);
#1147=VERTEX_POINT('',#2662);
#1148=VERTEX_POINT('',#2667);
#1149=VERTEX_POINT('',#2669);
#1150=VERTEX_POINT('',#2674);
#1151=VERTEX_POINT('',#2679);
#1152=VERTEX_POINT('',#2684);
#1153=VERTEX_POINT('',#2686);
#1154=VERTEX_POINT('',#2691);
#1155=VERTEX_POINT('',#2696);
#1156=VERTEX_POINT('',#2701);
#1157=VERTEX_POINT('',#2703);
#1158=VERTEX_POINT('',#2708);
#1159=VERTEX_POINT('',#2715);
#1160=VERTEX_POINT('',#2719);
#1161=VERTEX_POINT('',#2723);
#1162=VERTEX_POINT('',#2727);
#1163=VERTEX_POINT('',#2731);
#1164=VERTEX_POINT('',#2735);
#1165=VERTEX_POINT('',#2739);
#1166=VERTEX_POINT('',#2743);
#1167=VERTEX_POINT('',#2747);
#1168=VERTEX_POINT('',#2748);
#1169=VERTEX_POINT('',#2750);
#1170=VERTEX_POINT('',#2752);
#1171=VERTEX_POINT('',#2754);
#1172=VERTEX_POINT('',#2756);
#1173=VERTEX_POINT('',#2758);
#1174=VERTEX_POINT('',#2760);
#1175=VERTEX_POINT('',#2762);
#1176=VERTEX_POINT('',#2764);
#1177=VERTEX_POINT('',#2766);
#1178=VERTEX_POINT('',#2768);
#1179=VERTEX_POINT('',#2796);
#1180=VERTEX_POINT('',#2797);
#1181=VERTEX_POINT('',#2799);
#1182=VERTEX_POINT('',#2801);
#1183=VERTEX_POINT('',#2803);
#1184=VERTEX_POINT('',#2805);
#1185=VERTEX_POINT('',#2807);
#1186=VERTEX_POINT('',#2809);
#1187=VERTEX_POINT('',#2811);
#1188=VERTEX_POINT('',#2813);
#1189=VERTEX_POINT('',#2815);
#1190=VERTEX_POINT('',#2817);
#1191=CIRCLE('',#1793,0.00115);
#1192=CIRCLE('',#1794,0.00016);
#1193=CIRCLE('',#1795,0.0011399996828);
#1194=CIRCLE('',#1796,0.000160000224100001);
#1195=CIRCLE('',#1797,0.000499999694);
#1196=CIRCLE('',#1798,0.00016);
#1197=CIRCLE('',#1799,0.0011399996828);
#1198=CIRCLE('',#1800,0.0001600000142);
#1199=CIRCLE('',#1801,0.00016);
#1200=CIRCLE('',#1802,0.0011399998957);
#1201=CIRCLE('',#1803,0.0001600002241);
#1202=CIRCLE('',#1804,0.000499999694000001);
#1203=CIRCLE('',#1805,0.00016);
#1204=CIRCLE('',#1806,0.0011399998957);
#1205=CIRCLE('',#1807,0.0001600000142);
#1206=CIRCLE('',#1809,0.00175);
#1207=CIRCLE('',#1810,0.00175);
#1208=CIRCLE('',#1811,0.0001600000142);
#1209=CIRCLE('',#1812,0.0011399998957);
#1210=CIRCLE('',#1813,0.00016);
#1211=CIRCLE('',#1814,0.000499999694000001);
#1212=CIRCLE('',#1815,0.0001600002241);
#1213=CIRCLE('',#1816,0.0011399998957);
#1214=CIRCLE('',#1817,0.00016);
#1215=CIRCLE('',#1818,0.0001600000142);
#1216=CIRCLE('',#1819,0.0011399996828);
#1217=CIRCLE('',#1820,0.00016);
#1218=CIRCLE('',#1821,0.000499999694);
#1219=CIRCLE('',#1822,0.000160000224100001);
#1220=CIRCLE('',#1823,0.0011399996828);
#1221=CIRCLE('',#1824,0.00016);
#1222=CIRCLE('',#1825,0.0012);
#1223=CIRCLE('',#1860,0.00115);
#1224=CIRCLE('',#1863,0.0012);
#1225=CIRCLE('',#1868,0.0017);
#1226=CIRCLE('',#1869,0.00175);
#1227=CIRCLE('',#1872,0.0017);
#1228=CIRCLE('',#1873,0.00175);
#1229=CIRCLE('',#1876,0.0007);
#1230=CIRCLE('',#1877,0.0007);
#1231=CIRCLE('',#1878,0.0007);
#1232=CIRCLE('',#1879,0.0007);
#1233=CIRCLE('',#1881,0.0007);
#1234=CIRCLE('',#1882,0.0007);
#1235=CIRCLE('',#1883,0.0007);
#1236=CIRCLE('',#1884,0.0007);
#1237=EDGE_LOOP('',(#389));
#1238=EDGE_LOOP('',(#390,#391,#392,#393,#394,#395,#396,#397,#398,#399,#400,
#401,#402,#403,#404,#405,#406,#407,#408,#409,#410,#411,#412,#413,#414,#415,
#416,#417,#418,#419,#420,#421,#422,#423));
#1239=EDGE_LOOP('',(#424));
#1240=EDGE_LOOP('',(#425));
#1241=EDGE_LOOP('',(#426,#427,#428,#429,#430,#431,#432,#433,#434,#435,#436,
#437,#438,#439,#440,#441,#442,#443,#444,#445,#446,#447,#448,#449,#450,#451,
#452,#453,#454,#455,#456,#457,#458,#459,#460,#461,#462,#463));
#1242=EDGE_LOOP('',(#464,#465,#466,#467));
#1243=EDGE_LOOP('',(#468,#469,#470,#471));
#1244=EDGE_LOOP('',(#472,#473,#474,#475));
#1245=EDGE_LOOP('',(#476,#477,#478,#479));
#1246=EDGE_LOOP('',(#480,#481,#482,#483));
#1247=EDGE_LOOP('',(#484,#485,#486,#487));
#1248=EDGE_LOOP('',(#488,#489,#490,#491));
#1249=EDGE_LOOP('',(#492,#493,#494,#495));
#1250=EDGE_LOOP('',(#496,#497,#498,#499));
#1251=EDGE_LOOP('',(#500,#501,#502,#503));
#1252=EDGE_LOOP('',(#504,#505,#506,#507));
#1253=EDGE_LOOP('',(#508,#509,#510,#511));
#1254=EDGE_LOOP('',(#512,#513,#514,#515));
#1255=EDGE_LOOP('',(#516,#517,#518,#519));
#1256=EDGE_LOOP('',(#520,#521,#522,#523));
#1257=EDGE_LOOP('',(#524,#525,#526,#527));
#1258=EDGE_LOOP('',(#528,#529,#530,#531));
#1259=EDGE_LOOP('',(#532,#533,#534,#535));
#1260=EDGE_LOOP('',(#536,#537,#538,#539));
#1261=EDGE_LOOP('',(#540,#541,#542,#543));
#1262=EDGE_LOOP('',(#544,#545,#546,#547));
#1263=EDGE_LOOP('',(#548,#549,#550,#551));
#1264=EDGE_LOOP('',(#552,#553,#554,#555));
#1265=EDGE_LOOP('',(#556,#557,#558,#559));
#1266=EDGE_LOOP('',(#560,#561,#562,#563));
#1267=EDGE_LOOP('',(#564,#565,#566,#567));
#1268=EDGE_LOOP('',(#568,#569,#570,#571));
#1269=EDGE_LOOP('',(#572,#573,#574,#575));
#1270=EDGE_LOOP('',(#576,#577,#578,#579));
#1271=EDGE_LOOP('',(#580,#581,#582,#583));
#1272=EDGE_LOOP('',(#584,#585,#586,#587));
#1273=EDGE_LOOP('',(#588,#589,#590,#591));
#1274=EDGE_LOOP('',(#592,#593,#594,#595));
#1275=EDGE_LOOP('',(#596));
#1276=EDGE_LOOP('',(#597));
#1277=EDGE_LOOP('',(#598,#599,#600,#601,#602,#603,#604,#605));
#1278=EDGE_LOOP('',(#606));
#1279=EDGE_LOOP('',(#607,#608,#609,#610));
#1280=EDGE_LOOP('',(#611,#612,#613,#614));
#1281=EDGE_LOOP('',(#615,#616,#617,#618));
#1282=EDGE_LOOP('',(#619,#620,#621,#622));
#1283=EDGE_LOOP('',(#623));
#1284=EDGE_LOOP('',(#624));
#1285=EDGE_LOOP('',(#625));
#1286=EDGE_LOOP('',(#626));
#1287=EDGE_LOOP('',(#627));
#1288=EDGE_LOOP('',(#628));
#1289=EDGE_LOOP('',(#629));
#1290=EDGE_LOOP('',(#630));
#1291=EDGE_LOOP('',(#631));
#1292=EDGE_LOOP('',(#632,#633,#634,#635,#636,#637,#638,#639,#640,#641,#642,
#643,#644,#645,#646,#647));
#1293=EDGE_LOOP('',(#648));
#1294=EDGE_LOOP('',(#649,#650,#651,#652,#653,#654,#655,#656,#657,#658,#659,
#660,#661,#662,#663,#664));
#1295=EDGE_LOOP('',(#665,#666,#667));
#1296=EDGE_LOOP('',(#668,#669,#670));
#1297=EDGE_LOOP('',(#671,#672,#673));
#1298=EDGE_LOOP('',(#674,#675,#676));
#1299=EDGE_LOOP('',(#677,#678,#679));
#1300=EDGE_LOOP('',(#680,#681,#682));
#1301=EDGE_LOOP('',(#683,#684,#685));
#1302=EDGE_LOOP('',(#686,#687,#688));
#1303=EDGE_LOOP('',(#689,#690,#691,#692,#693,#694,#695,#696,#697,#698,#699,
#700));
#1304=EDGE_LOOP('',(#701,#702,#703,#704,#705));
#1305=EDGE_LOOP('',(#706,#707,#708,#709,#710));
#1306=EDGE_LOOP('',(#711,#712,#713,#714));
#1307=EDGE_LOOP('',(#715,#716,#717,#718,#719));
#1308=EDGE_LOOP('',(#720,#721,#722,#723));
#1309=EDGE_LOOP('',(#724,#725,#726,#727,#728));
#1310=EDGE_LOOP('',(#729,#730,#731,#732));
#1311=EDGE_LOOP('',(#733,#734,#735,#736,#737));
#1312=EDGE_LOOP('',(#738,#739,#740,#741,#742));
#1313=EDGE_LOOP('',(#743,#744,#745,#746,#747));
#1314=EDGE_LOOP('',(#748,#749,#750,#751));
#1315=EDGE_LOOP('',(#752,#753,#754,#755,#756));
#1316=EDGE_LOOP('',(#757,#758,#759,#760,#761,#762,#763,#764,#765,#766,#767,
#768));
#1317=EDGE_LOOP('',(#769,#770,#771,#772,#773));
#1318=EDGE_LOOP('',(#774,#775,#776,#777,#778));
#1319=EDGE_LOOP('',(#779,#780,#781,#782));
#1320=EDGE_LOOP('',(#783,#784,#785,#786,#787));
#1321=EDGE_LOOP('',(#788,#789,#790,#791));
#1322=EDGE_LOOP('',(#792,#793,#794,#795,#796));
#1323=EDGE_LOOP('',(#797,#798,#799,#800));
#1324=EDGE_LOOP('',(#801,#802,#803,#804,#805));
#1325=EDGE_LOOP('',(#806,#807,#808,#809,#810));
#1326=EDGE_LOOP('',(#811,#812,#813,#814,#815));
#1327=EDGE_LOOP('',(#816,#817,#818,#819));
#1328=EDGE_LOOP('',(#820,#821,#822,#823,#824));
#1329=FACE_BOUND('',#1237,.T.);
#1330=FACE_BOUND('',#1238,.T.);
#1331=FACE_BOUND('',#1239,.T.);
#1332=FACE_BOUND('',#1240,.T.);
#1333=FACE_BOUND('',#1241,.T.);
#1334=FACE_BOUND('',#1242,.T.);
#1335=FACE_BOUND('',#1243,.T.);
#1336=FACE_BOUND('',#1244,.T.);
#1337=FACE_BOUND('',#1245,.T.);
#1338=FACE_BOUND('',#1246,.T.);
#1339=FACE_BOUND('',#1247,.T.);
#1340=FACE_BOUND('',#1248,.T.);
#1341=FACE_BOUND('',#1249,.T.);
#1342=FACE_BOUND('',#1250,.T.);
#1343=FACE_BOUND('',#1251,.T.);
#1344=FACE_BOUND('',#1252,.T.);
#1345=FACE_BOUND('',#1253,.T.);
#1346=FACE_BOUND('',#1254,.T.);
#1347=FACE_BOUND('',#1255,.T.);
#1348=FACE_BOUND('',#1256,.T.);
#1349=FACE_BOUND('',#1257,.T.);
#1350=FACE_BOUND('',#1258,.T.);
#1351=FACE_BOUND('',#1259,.T.);
#1352=FACE_BOUND('',#1260,.T.);
#1353=FACE_BOUND('',#1261,.T.);
#1354=FACE_BOUND('',#1262,.T.);
#1355=FACE_BOUND('',#1263,.T.);
#1356=FACE_BOUND('',#1264,.T.);
#1357=FACE_BOUND('',#1265,.T.);
#1358=FACE_BOUND('',#1266,.T.);
#1359=FACE_BOUND('',#1267,.T.);
#1360=FACE_BOUND('',#1268,.T.);
#1361=FACE_BOUND('',#1269,.T.);
#1362=FACE_BOUND('',#1270,.T.);
#1363=FACE_BOUND('',#1271,.T.);
#1364=FACE_BOUND('',#1272,.T.);
#1365=FACE_BOUND('',#1273,.T.);
#1366=FACE_BOUND('',#1274,.T.);
#1367=FACE_BOUND('',#1275,.T.);
#1368=FACE_BOUND('',#1276,.T.);
#1369=FACE_BOUND('',#1277,.T.);
#1370=FACE_BOUND('',#1278,.T.);
#1371=FACE_BOUND('',#1279,.T.);
#1372=FACE_BOUND('',#1280,.T.);
#1373=FACE_BOUND('',#1281,.T.);
#1374=FACE_BOUND('',#1282,.T.);
#1375=FACE_BOUND('',#1283,.T.);
#1376=FACE_BOUND('',#1284,.T.);
#1377=FACE_BOUND('',#1285,.T.);
#1378=FACE_BOUND('',#1286,.T.);
#1379=FACE_BOUND('',#1287,.T.);
#1380=FACE_BOUND('',#1288,.T.);
#1381=FACE_BOUND('',#1289,.T.);
#1382=FACE_BOUND('',#1290,.T.);
#1383=FACE_BOUND('',#1291,.T.);
#1384=FACE_BOUND('',#1292,.T.);
#1385=FACE_BOUND('',#1293,.T.);
#1386=FACE_BOUND('',#1294,.T.);
#1387=FACE_BOUND('',#1295,.T.);
#1388=FACE_BOUND('',#1296,.T.);
#1389=FACE_BOUND('',#1297,.T.);
#1390=FACE_BOUND('',#1298,.T.);
#1391=FACE_BOUND('',#1299,.T.);
#1392=FACE_BOUND('',#1300,.T.);
#1393=FACE_BOUND('',#1301,.T.);
#1394=FACE_BOUND('',#1302,.T.);
#1395=FACE_BOUND('',#1303,.T.);
#1396=FACE_BOUND('',#1304,.T.);
#1397=FACE_BOUND('',#1305,.T.);
#1398=FACE_BOUND('',#1306,.T.);
#1399=FACE_BOUND('',#1307,.T.);
#1400=FACE_BOUND('',#1308,.T.);
#1401=FACE_BOUND('',#1309,.T.);
#1402=FACE_BOUND('',#1310,.T.);
#1403=FACE_BOUND('',#1311,.T.);
#1404=FACE_BOUND('',#1312,.T.);
#1405=FACE_BOUND('',#1313,.T.);
#1406=FACE_BOUND('',#1314,.T.);
#1407=FACE_BOUND('',#1315,.T.);
#1408=FACE_BOUND('',#1316,.T.);
#1409=FACE_BOUND('',#1317,.T.);
#1410=FACE_BOUND('',#1318,.T.);
#1411=FACE_BOUND('',#1319,.T.);
#1412=FACE_BOUND('',#1320,.T.);
#1413=FACE_BOUND('',#1321,.T.);
#1414=FACE_BOUND('',#1322,.T.);
#1415=FACE_BOUND('',#1323,.T.);
#1416=FACE_BOUND('',#1324,.T.);
#1417=FACE_BOUND('',#1325,.T.);
#1418=FACE_BOUND('',#1326,.T.);
#1419=FACE_BOUND('',#1327,.T.);
#1420=FACE_BOUND('',#1328,.T.);
#1421=PLANE('',#1792);
#1422=PLANE('',#1808);
#1423=PLANE('',#1826);
#1424=PLANE('',#1827);
#1425=PLANE('',#1828);
#1426=PLANE('',#1829);
#1427=PLANE('',#1833);
#1428=PLANE('',#1835);
#1429=PLANE('',#1839);
#1430=PLANE('',#1840);
#1431=PLANE('',#1841);
#1432=PLANE('',#1842);
#1433=PLANE('',#1843);
#1434=PLANE('',#1847);
#1435=PLANE('',#1849);
#1436=PLANE('',#1853);
#1437=PLANE('',#1854);
#1438=PLANE('',#1855);
#1439=PLANE('',#1856);
#1440=PLANE('',#1857);
#1441=PLANE('',#1858);
#1442=PLANE('',#1861);
#1443=PLANE('',#1862);
#1444=PLANE('',#1864);
#1445=PLANE('',#1866);
#1446=PLANE('',#1867);
#1447=PLANE('',#1871);
#1448=PLANE('',#1885);
#1449=PLANE('',#1886);
#1450=PLANE('',#1887);
#1451=PLANE('',#1888);
#1452=PLANE('',#1889);
#1453=PLANE('',#1890);
#1454=PLANE('',#1891);
#1455=PLANE('',#1892);
#1456=PLANE('',#1893);
#1457=PLANE('',#1894);
#1458=PLANE('',#1895);
#1459=PLANE('',#1896);
#1460=PLANE('',#1897);
#1461=PLANE('',#1898);
#1462=PLANE('',#1899);
#1463=PLANE('',#1900);
#1464=PLANE('',#1901);
#1465=PLANE('',#1902);
#1466=PLANE('',#1903);
#1467=PLANE('',#1904);
#1468=PLANE('',#1905);
#1469=PLANE('',#1906);
#1470=PLANE('',#1907);
#1471=PLANE('',#1908);
#1472=PLANE('',#1909);
#1473=PLANE('',#1910);
#1474=PLANE('',#1911);
#1475=PLANE('',#1912);
#1476=PLANE('',#1913);
#1477=PLANE('',#1914);
#1478=PLANE('',#1915);
#1479=PLANE('',#1916);
#1480=PLANE('',#1917);
#1481=PLANE('',#1918);
#1482=ADVANCED_FACE('',(#1329,#1330),#1421,.F.);
#1483=ADVANCED_FACE('',(#1331,#1332,#1333),#1422,.T.);
#1484=ADVANCED_FACE('',(#1334),#1423,.T.);
#1485=ADVANCED_FACE('',(#1335),#1424,.T.);
#1486=ADVANCED_FACE('',(#1336),#1425,.T.);
#1487=ADVANCED_FACE('',(#1337),#1426,.T.);
#1488=ADVANCED_FACE('',(#1338),#75,.F.);
#1489=ADVANCED_FACE('',(#1339),#76,.T.);
#1490=ADVANCED_FACE('',(#1340),#77,.F.);
#1491=ADVANCED_FACE('',(#1341),#1427,.T.);
#1492=ADVANCED_FACE('',(#1342),#78,.T.);
#1493=ADVANCED_FACE('',(#1343),#1428,.T.);
#1494=ADVANCED_FACE('',(#1344),#79,.F.);
#1495=ADVANCED_FACE('',(#1345),#80,.T.);
#1496=ADVANCED_FACE('',(#1346),#81,.F.);
#1497=ADVANCED_FACE('',(#1347),#1429,.T.);
#1498=ADVANCED_FACE('',(#1348),#1430,.T.);
#1499=ADVANCED_FACE('',(#1349),#1431,.T.);
#1500=ADVANCED_FACE('',(#1350),#1432,.T.);
#1501=ADVANCED_FACE('',(#1351),#1433,.T.);
#1502=ADVANCED_FACE('',(#1352),#82,.F.);
#1503=ADVANCED_FACE('',(#1353),#83,.T.);
#1504=ADVANCED_FACE('',(#1354),#84,.F.);
#1505=ADVANCED_FACE('',(#1355),#1434,.T.);
#1506=ADVANCED_FACE('',(#1356),#85,.T.);
#1507=ADVANCED_FACE('',(#1357),#1435,.T.);
#1508=ADVANCED_FACE('',(#1358),#86,.F.);
#1509=ADVANCED_FACE('',(#1359),#87,.T.);
#1510=ADVANCED_FACE('',(#1360),#88,.F.);
#1511=ADVANCED_FACE('',(#1361),#1436,.T.);
#1512=ADVANCED_FACE('',(#1362),#1437,.T.);
#1513=ADVANCED_FACE('',(#1363),#1438,.T.);
#1514=ADVANCED_FACE('',(#1364),#1439,.T.);
#1515=ADVANCED_FACE('',(#1365),#1440,.T.);
#1516=ADVANCED_FACE('',(#1366),#1441,.T.);
#1517=ADVANCED_FACE('',(#1367,#1368),#89,.F.);
#1518=ADVANCED_FACE('',(#1369),#1442,.T.);
#1519=ADVANCED_FACE('',(#1370,#1371),#1443,.T.);
#1520=ADVANCED_FACE('',(#1372),#1444,.F.);
#1521=ADVANCED_FACE('',(#1373),#90,.F.);
#1522=ADVANCED_FACE('',(#1374),#1445,.F.);
#1523=ADVANCED_FACE('',(#1375,#1376),#1446,.T.);
#1524=ADVANCED_FACE('',(#1377,#1378),#91,.F.);
#1525=ADVANCED_FACE('',(#1379,#1380),#1447,.T.);
#1526=ADVANCED_FACE('',(#1381,#1382),#92,.F.);
#1527=ADVANCED_FACE('',(#1383,#1384),#36,.T.);
#1528=ADVANCED_FACE('',(#1385,#1386),#37,.T.);
#1529=ADVANCED_FACE('',(#1387),#1448,.T.);
#1530=ADVANCED_FACE('',(#1388),#1449,.T.);
#1531=ADVANCED_FACE('',(#1389),#1450,.T.);
#1532=ADVANCED_FACE('',(#1390),#1451,.T.);
#1533=ADVANCED_FACE('',(#1391),#1452,.T.);
#1534=ADVANCED_FACE('',(#1392),#1453,.T.);
#1535=ADVANCED_FACE('',(#1393),#1454,.T.);
#1536=ADVANCED_FACE('',(#1394),#1455,.T.);
#1537=ADVANCED_FACE('',(#1395),#1456,.T.);
#1538=ADVANCED_FACE('',(#1396),#1457,.F.);
#1539=ADVANCED_FACE('',(#1397),#1458,.F.);
#1540=ADVANCED_FACE('',(#1398),#1459,.F.);
#1541=ADVANCED_FACE('',(#1399),#1460,.F.);
#1542=ADVANCED_FACE('',(#1400),#1461,.F.);
#1543=ADVANCED_FACE('',(#1401),#1462,.F.);
#1544=ADVANCED_FACE('',(#1402),#1463,.F.);
#1545=ADVANCED_FACE('',(#1403),#1464,.F.);
#1546=ADVANCED_FACE('',(#1404),#1465,.F.);
#1547=ADVANCED_FACE('',(#1405),#1466,.F.);
#1548=ADVANCED_FACE('',(#1406),#1467,.F.);
#1549=ADVANCED_FACE('',(#1407),#1468,.F.);
#1550=ADVANCED_FACE('',(#1408),#1469,.T.);
#1551=ADVANCED_FACE('',(#1409),#1470,.F.);
#1552=ADVANCED_FACE('',(#1410),#1471,.F.);
#1553=ADVANCED_FACE('',(#1411),#1472,.F.);
#1554=ADVANCED_FACE('',(#1412),#1473,.F.);
#1555=ADVANCED_FACE('',(#1413),#1474,.F.);
#1556=ADVANCED_FACE('',(#1414),#1475,.F.);
#1557=ADVANCED_FACE('',(#1415),#1476,.F.);
#1558=ADVANCED_FACE('',(#1416),#1477,.F.);
#1559=ADVANCED_FACE('',(#1417),#1478,.F.);
#1560=ADVANCED_FACE('',(#1418),#1479,.F.);
#1561=ADVANCED_FACE('',(#1419),#1480,.F.);
#1562=ADVANCED_FACE('',(#1420),#1481,.F.);
#1563=CLOSED_SHELL('',(#1482,#1483,#1484,#1485,#1486,#1487,#1488,#1489,
#1490,#1491,#1492,#1493,#1494,#1495,#1496,#1497,#1498,#1499,#1500,#1501,
#1502,#1503,#1504,#1505,#1506,#1507,#1508,#1509,#1510,#1511,#1512,#1513,
#1514,#1515,#1516,#1517,#1518,#1519,#1520,#1521,#1522,#1523,#1524,#1525,
#1526,#1527,#1528,#1529,#1530,#1531,#1532,#1533,#1534,#1535,#1536,#1537,
#1538,#1539,#1540,#1541,#1542,#1543,#1544,#1545,#1546,#1547,#1548,#1549,
#1550,#1551,#1552,#1553,#1554,#1555,#1556,#1557,#1558,#1559,#1560,#1561,
#1562));
#1564=STYLED_ITEM('',(#1565),#1788);
#1565=PRESENTATION_STYLE_ASSIGNMENT((#1602));
#1566=PRESENTATION_STYLE_ASSIGNMENT((#1603));
#1567=PRESENTATION_STYLE_ASSIGNMENT((#1604));
#1568=PRESENTATION_STYLE_ASSIGNMENT((#1605));
#1569=PRESENTATION_STYLE_ASSIGNMENT((#1606));
#1570=PRESENTATION_STYLE_ASSIGNMENT((#1607));
#1571=PRESENTATION_STYLE_ASSIGNMENT((#1608));
#1572=PRESENTATION_STYLE_ASSIGNMENT((#1609));
#1573=PRESENTATION_STYLE_ASSIGNMENT((#1610));
#1574=PRESENTATION_STYLE_ASSIGNMENT((#1611));
#1575=PRESENTATION_STYLE_ASSIGNMENT((#1612));
#1576=PRESENTATION_STYLE_ASSIGNMENT((#1613));
#1577=PRESENTATION_STYLE_ASSIGNMENT((#1614));
#1578=PRESENTATION_STYLE_ASSIGNMENT((#1615));
#1579=PRESENTATION_STYLE_ASSIGNMENT((#1616));
#1580=PRESENTATION_STYLE_ASSIGNMENT((#1617));
#1581=PRESENTATION_STYLE_ASSIGNMENT((#1618));
#1582=PRESENTATION_STYLE_ASSIGNMENT((#1619));
#1583=PRESENTATION_STYLE_ASSIGNMENT((#1620));
#1584=PRESENTATION_STYLE_ASSIGNMENT((#1621));
#1585=PRESENTATION_STYLE_ASSIGNMENT((#1622));
#1586=PRESENTATION_STYLE_ASSIGNMENT((#1623));
#1587=PRESENTATION_STYLE_ASSIGNMENT((#1624));
#1588=PRESENTATION_STYLE_ASSIGNMENT((#1625));
#1589=PRESENTATION_STYLE_ASSIGNMENT((#1626));
#1590=PRESENTATION_STYLE_ASSIGNMENT((#1627));
#1591=PRESENTATION_STYLE_ASSIGNMENT((#1628));
#1592=PRESENTATION_STYLE_ASSIGNMENT((#1629));
#1593=PRESENTATION_STYLE_ASSIGNMENT((#1630));
#1594=PRESENTATION_STYLE_ASSIGNMENT((#1631));
#1595=PRESENTATION_STYLE_ASSIGNMENT((#1632));
#1596=PRESENTATION_STYLE_ASSIGNMENT((#1633));
#1597=PRESENTATION_STYLE_ASSIGNMENT((#1634));
#1598=PRESENTATION_STYLE_ASSIGNMENT((#1635));
#1599=PRESENTATION_STYLE_ASSIGNMENT((#1636));
#1600=PRESENTATION_STYLE_ASSIGNMENT((#1637));
#1601=PRESENTATION_STYLE_ASSIGNMENT((#1638));
#1602=SURFACE_STYLE_USAGE(.BOTH.,#1639);
#1603=SURFACE_STYLE_USAGE(.BOTH.,#1640);
#1604=SURFACE_STYLE_USAGE(.BOTH.,#1641);
#1605=SURFACE_STYLE_USAGE(.BOTH.,#1642);
#1606=SURFACE_STYLE_USAGE(.BOTH.,#1643);
#1607=SURFACE_STYLE_USAGE(.BOTH.,#1644);
#1608=SURFACE_STYLE_USAGE(.BOTH.,#1645);
#1609=SURFACE_STYLE_USAGE(.BOTH.,#1646);
#1610=SURFACE_STYLE_USAGE(.BOTH.,#1647);
#1611=SURFACE_STYLE_USAGE(.BOTH.,#1648);
#1612=SURFACE_STYLE_USAGE(.BOTH.,#1649);
#1613=SURFACE_STYLE_USAGE(.BOTH.,#1650);
#1614=SURFACE_STYLE_USAGE(.BOTH.,#1651);
#1615=SURFACE_STYLE_USAGE(.BOTH.,#1652);
#1616=SURFACE_STYLE_USAGE(.BOTH.,#1653);
#1617=SURFACE_STYLE_USAGE(.BOTH.,#1654);
#1618=SURFACE_STYLE_USAGE(.BOTH.,#1655);
#1619=SURFACE_STYLE_USAGE(.BOTH.,#1656);
#1620=SURFACE_STYLE_USAGE(.BOTH.,#1657);
#1621=SURFACE_STYLE_USAGE(.BOTH.,#1658);
#1622=SURFACE_STYLE_USAGE(.BOTH.,#1659);
#1623=SURFACE_STYLE_USAGE(.BOTH.,#1660);
#1624=SURFACE_STYLE_USAGE(.BOTH.,#1661);
#1625=SURFACE_STYLE_USAGE(.BOTH.,#1662);
#1626=SURFACE_STYLE_USAGE(.BOTH.,#1663);
#1627=SURFACE_STYLE_USAGE(.BOTH.,#1664);
#1628=SURFACE_STYLE_USAGE(.BOTH.,#1665);
#1629=SURFACE_STYLE_USAGE(.BOTH.,#1666);
#1630=SURFACE_STYLE_USAGE(.BOTH.,#1667);
#1631=SURFACE_STYLE_USAGE(.BOTH.,#1668);
#1632=SURFACE_STYLE_USAGE(.BOTH.,#1669);
#1633=SURFACE_STYLE_USAGE(.BOTH.,#1670);
#1634=SURFACE_STYLE_USAGE(.BOTH.,#1671);
#1635=SURFACE_STYLE_USAGE(.BOTH.,#1672);
#1636=SURFACE_STYLE_USAGE(.BOTH.,#1673);
#1637=SURFACE_STYLE_USAGE(.BOTH.,#1674);
#1638=SURFACE_STYLE_USAGE(.BOTH.,#1675);
#1639=SURFACE_SIDE_STYLE('',(#1676));
#1640=SURFACE_SIDE_STYLE('',(#1677));
#1641=SURFACE_SIDE_STYLE('',(#1678));
#1642=SURFACE_SIDE_STYLE('',(#1679));
#1643=SURFACE_SIDE_STYLE('',(#1680));
#1644=SURFACE_SIDE_STYLE('',(#1681));
#1645=SURFACE_SIDE_STYLE('',(#1682));
#1646=SURFACE_SIDE_STYLE('',(#1683));
#1647=SURFACE_SIDE_STYLE('',(#1684));
#1648=SURFACE_SIDE_STYLE('',(#1685));
#1649=SURFACE_SIDE_STYLE('',(#1686));
#1650=SURFACE_SIDE_STYLE('',(#1687));
#1651=SURFACE_SIDE_STYLE('',(#1688));
#1652=SURFACE_SIDE_STYLE('',(#1689));
#1653=SURFACE_SIDE_STYLE('',(#1690));
#1654=SURFACE_SIDE_STYLE('',(#1691));
#1655=SURFACE_SIDE_STYLE('',(#1692));
#1656=SURFACE_SIDE_STYLE('',(#1693));
#1657=SURFACE_SIDE_STYLE('',(#1694));
#1658=SURFACE_SIDE_STYLE('',(#1695));
#1659=SURFACE_SIDE_STYLE('',(#1696));
#1660=SURFACE_SIDE_STYLE('',(#1697));
#1661=SURFACE_SIDE_STYLE('',(#1698));
#1662=SURFACE_SIDE_STYLE('',(#1699));
#1663=SURFACE_SIDE_STYLE('',(#1700));
#1664=SURFACE_SIDE_STYLE('',(#1701));
#1665=SURFACE_SIDE_STYLE('',(#1702));
#1666=SURFACE_SIDE_STYLE('',(#1703));
#1667=SURFACE_SIDE_STYLE('',(#1704));
#1668=SURFACE_SIDE_STYLE('',(#1705));
#1669=SURFACE_SIDE_STYLE('',(#1706));
#1670=SURFACE_SIDE_STYLE('',(#1707));
#1671=SURFACE_SIDE_STYLE('',(#1708));
#1672=SURFACE_SIDE_STYLE('',(#1709));
#1673=SURFACE_SIDE_STYLE('',(#1710));
#1674=SURFACE_SIDE_STYLE('',(#1711));
#1675=SURFACE_SIDE_STYLE('',(#1712));
#1676=SURFACE_STYLE_FILL_AREA(#1713);
#1677=SURFACE_STYLE_FILL_AREA(#1714);
#1678=SURFACE_STYLE_FILL_AREA(#1715);
#1679=SURFACE_STYLE_FILL_AREA(#1716);
#1680=SURFACE_STYLE_FILL_AREA(#1717);
#1681=SURFACE_STYLE_FILL_AREA(#1718);
#1682=SURFACE_STYLE_FILL_AREA(#1719);
#1683=SURFACE_STYLE_FILL_AREA(#1720);
#1684=SURFACE_STYLE_FILL_AREA(#1721);
#1685=SURFACE_STYLE_FILL_AREA(#1722);
#1686=SURFACE_STYLE_FILL_AREA(#1723);
#1687=SURFACE_STYLE_FILL_AREA(#1724);
#1688=SURFACE_STYLE_FILL_AREA(#1725);
#1689=SURFACE_STYLE_FILL_AREA(#1726);
#1690=SURFACE_STYLE_FILL_AREA(#1727);
#1691=SURFACE_STYLE_FILL_AREA(#1728);
#1692=SURFACE_STYLE_FILL_AREA(#1729);
#1693=SURFACE_STYLE_FILL_AREA(#1730);
#1694=SURFACE_STYLE_FILL_AREA(#1731);
#1695=SURFACE_STYLE_FILL_AREA(#1732);
#1696=SURFACE_STYLE_FILL_AREA(#1733);
#1697=SURFACE_STYLE_FILL_AREA(#1734);
#1698=SURFACE_STYLE_FILL_AREA(#1735);
#1699=SURFACE_STYLE_FILL_AREA(#1736);
#1700=SURFACE_STYLE_FILL_AREA(#1737);
#1701=SURFACE_STYLE_FILL_AREA(#1738);
#1702=SURFACE_STYLE_FILL_AREA(#1739);
#1703=SURFACE_STYLE_FILL_AREA(#1740);
#1704=SURFACE_STYLE_FILL_AREA(#1741);
#1705=SURFACE_STYLE_FILL_AREA(#1742);
#1706=SURFACE_STYLE_FILL_AREA(#1743);
#1707=SURFACE_STYLE_FILL_AREA(#1744);
#1708=SURFACE_STYLE_FILL_AREA(#1745);
#1709=SURFACE_STYLE_FILL_AREA(#1746);
#1710=SURFACE_STYLE_FILL_AREA(#1747);
#1711=SURFACE_STYLE_FILL_AREA(#1748);
#1712=SURFACE_STYLE_FILL_AREA(#1749);
#1713=FILL_AREA_STYLE('',(#1750));
#1714=FILL_AREA_STYLE('',(#1751));
#1715=FILL_AREA_STYLE('',(#1752));
#1716=FILL_AREA_STYLE('',(#1753));
#1717=FILL_AREA_STYLE('',(#1754));
#1718=FILL_AREA_STYLE('',(#1755));
#1719=FILL_AREA_STYLE('',(#1756));
#1720=FILL_AREA_STYLE('',(#1757));
#1721=FILL_AREA_STYLE('',(#1758));
#1722=FILL_AREA_STYLE('',(#1759));
#1723=FILL_AREA_STYLE('',(#1760));
#1724=FILL_AREA_STYLE('',(#1761));
#1725=FILL_AREA_STYLE('',(#1762));
#1726=FILL_AREA_STYLE('',(#1763));
#1727=FILL_AREA_STYLE('',(#1764));
#1728=FILL_AREA_STYLE('',(#1765));
#1729=FILL_AREA_STYLE('',(#1766));
#1730=FILL_AREA_STYLE('',(#1767));
#1731=FILL_AREA_STYLE('',(#1768));
#1732=FILL_AREA_STYLE('',(#1769));
#1733=FILL_AREA_STYLE('',(#1770));
#1734=FILL_AREA_STYLE('',(#1771));
#1735=FILL_AREA_STYLE('',(#1772));
#1736=FILL_AREA_STYLE('',(#1773));
#1737=FILL_AREA_STYLE('',(#1774));
#1738=FILL_AREA_STYLE('',(#1775));
#1739=FILL_AREA_STYLE('',(#1776));
#1740=FILL_AREA_STYLE('',(#1777));
#1741=FILL_AREA_STYLE('',(#1778));
#1742=FILL_AREA_STYLE('',(#1779));
#1743=FILL_AREA_STYLE('',(#1780));
#1744=FILL_AREA_STYLE('',(#1781));
#1745=FILL_AREA_STYLE('',(#1782));
#1746=FILL_AREA_STYLE('',(#1783));
#1747=FILL_AREA_STYLE('',(#1784));
#1748=FILL_AREA_STYLE('',(#1785));
#1749=FILL_AREA_STYLE('',(#1786));
#1750=FILL_AREA_STYLE_COLOUR('',#1787);
#1751=FILL_AREA_STYLE_COLOUR('',#74);
#1752=FILL_AREA_STYLE_COLOUR('',#74);
#1753=FILL_AREA_STYLE_COLOUR('',#74);
#1754=FILL_AREA_STYLE_COLOUR('',#74);
#1755=FILL_AREA_STYLE_COLOUR('',#74);
#1756=FILL_AREA_STYLE_COLOUR('',#74);
#1757=FILL_AREA_STYLE_COLOUR('',#74);
#1758=FILL_AREA_STYLE_COLOUR('',#74);
#1759=FILL_AREA_STYLE_COLOUR('',#74);
#1760=FILL_AREA_STYLE_COLOUR('',#74);
#1761=FILL_AREA_STYLE_COLOUR('',#74);
#1762=FILL_AREA_STYLE_COLOUR('',#74);
#1763=FILL_AREA_STYLE_COLOUR('',#74);
#1764=FILL_AREA_STYLE_COLOUR('',#74);
#1765=FILL_AREA_STYLE_COLOUR('',#74);
#1766=FILL_AREA_STYLE_COLOUR('',#74);
#1767=FILL_AREA_STYLE_COLOUR('',#74);
#1768=FILL_AREA_STYLE_COLOUR('',#74);
#1769=FILL_AREA_STYLE_COLOUR('',#74);
#1770=FILL_AREA_STYLE_COLOUR('',#74);
#1771=FILL_AREA_STYLE_COLOUR('',#74);
#1772=FILL_AREA_STYLE_COLOUR('',#74);
#1773=FILL_AREA_STYLE_COLOUR('',#74);
#1774=FILL_AREA_STYLE_COLOUR('',#74);
#1775=FILL_AREA_STYLE_COLOUR('',#74);
#1776=FILL_AREA_STYLE_COLOUR('',#74);
#1777=FILL_AREA_STYLE_COLOUR('',#74);
#1778=FILL_AREA_STYLE_COLOUR('',#74);
#1779=FILL_AREA_STYLE_COLOUR('',#74);
#1780=FILL_AREA_STYLE_COLOUR('',#74);
#1781=FILL_AREA_STYLE_COLOUR('',#74);
#1782=FILL_AREA_STYLE_COLOUR('',#74);
#1783=FILL_AREA_STYLE_COLOUR('',#74);
#1784=FILL_AREA_STYLE_COLOUR('',#74);
#1785=FILL_AREA_STYLE_COLOUR('',#74);
#1786=FILL_AREA_STYLE_COLOUR('',#74);
#1787=DRAUGHTING_PRE_DEFINED_COLOUR('red');
#1788=MANIFOLD_SOLID_BREP('MGN12C Carriage v1',#1563);
#1789=SHAPE_DEFINITION_REPRESENTATION(#2849,#1790);
#1790=SHAPE_REPRESENTATION('MGN12C Carriage v1',(#1791),#2844);
#1791=AXIS2_PLACEMENT_3D('',#2323,#1919,#1920);
#1792=AXIS2_PLACEMENT_3D('',#2324,#1921,#1922);
#1793=AXIS2_PLACEMENT_3D('',#2325,#1923,#1924);
#1794=AXIS2_PLACEMENT_3D('',#2344,#1933,#1934);
#1795=AXIS2_PLACEMENT_3D('',#2346,#1935,#1936);
#1796=AXIS2_PLACEMENT_3D('',#2348,#1937,#1938);
#1797=AXIS2_PLACEMENT_3D('',#2352,#1940,#1941);
#1798=AXIS2_PLACEMENT_3D('',#2356,#1943,#1944);
#1799=AXIS2_PLACEMENT_3D('',#2358,#1945,#1946);
#1800=AXIS2_PLACEMENT_3D('',#2360,#1947,#1948);
#1801=AXIS2_PLACEMENT_3D('',#2372,#1954,#1955);
#1802=AXIS2_PLACEMENT_3D('',#2374,#1956,#1957);
#1803=AXIS2_PLACEMENT_3D('',#2376,#1958,#1959);
#1804=AXIS2_PLACEMENT_3D('',#2380,#1961,#1962);
#1805=AXIS2_PLACEMENT_3D('',#2384,#1964,#1965);
#1806=AXIS2_PLACEMENT_3D('',#2386,#1966,#1967);
#1807=AXIS2_PLACEMENT_3D('',#2388,#1968,#1969);
#1808=AXIS2_PLACEMENT_3D('',#2395,#1973,#1974);
#1809=AXIS2_PLACEMENT_3D('',#2396,#1975,#1976);
#1810=AXIS2_PLACEMENT_3D('',#2398,#1977,#1978);
#1811=AXIS2_PLACEMENT_3D('',#2415,#1986,#1987);
#1812=AXIS2_PLACEMENT_3D('',#2417,#1988,#1989);
#1813=AXIS2_PLACEMENT_3D('',#2419,#1990,#1991);
#1814=AXIS2_PLACEMENT_3D('',#2423,#1993,#1994);
#1815=AXIS2_PLACEMENT_3D('',#2427,#1996,#1997);
#1816=AXIS2_PLACEMENT_3D('',#2429,#1998,#1999);
#1817=AXIS2_PLACEMENT_3D('',#2431,#2000,#2001);
#1818=AXIS2_PLACEMENT_3D('',#2443,#2007,#2008);
#1819=AXIS2_PLACEMENT_3D('',#2445,#2009,#2010);
#1820=AXIS2_PLACEMENT_3D('',#2447,#2011,#2012);
#1821=AXIS2_PLACEMENT_3D('',#2451,#2014,#2015);
#1822=AXIS2_PLACEMENT_3D('',#2455,#2017,#2018);
#1823=AXIS2_PLACEMENT_3D('',#2457,#2019,#2020);
#1824=AXIS2_PLACEMENT_3D('',#2459,#2021,#2022);
#1825=AXIS2_PLACEMENT_3D('',#2475,#2030,#2031);
#1826=AXIS2_PLACEMENT_3D('',#2476,#2032,#2033);
#1827=AXIS2_PLACEMENT_3D('',#2479,#2036,#2037);
#1828=AXIS2_PLACEMENT_3D('',#2481,#2039,#2040);
#1829=AXIS2_PLACEMENT_3D('',#2483,#2042,#2043);
#1830=AXIS2_PLACEMENT_3D('',#2485,#2045,#2046);
#1831=AXIS2_PLACEMENT_3D('',#2487,#2048,#2049);
#1832=AXIS2_PLACEMENT_3D('',#2489,#2051,#2052);
#1833=AXIS2_PLACEMENT_3D('',#2491,#2054,#2055);
#1834=AXIS2_PLACEMENT_3D('',#2493,#2057,#2058);
#1835=AXIS2_PLACEMENT_3D('',#2495,#2060,#2061);
#1836=AXIS2_PLACEMENT_3D('',#2497,#2063,#2064);
#1837=AXIS2_PLACEMENT_3D('',#2499,#2066,#2067);
#1838=AXIS2_PLACEMENT_3D('',#2501,#2069,#2070);
#1839=AXIS2_PLACEMENT_3D('',#2503,#2072,#2073);
#1840=AXIS2_PLACEMENT_3D('',#2505,#2075,#2076);
#1841=AXIS2_PLACEMENT_3D('',#2507,#2078,#2079);
#1842=AXIS2_PLACEMENT_3D('',#2509,#2081,#2082);
#1843=AXIS2_PLACEMENT_3D('',#2511,#2084,#2085);
#1844=AXIS2_PLACEMENT_3D('',#2513,#2087,#2088);
#1845=AXIS2_PLACEMENT_3D('',#2515,#2090,#2091);
#1846=AXIS2_PLACEMENT_3D('',#2517,#2093,#2094);
#1847=AXIS2_PLACEMENT_3D('',#2519,#2096,#2097);
#1848=AXIS2_PLACEMENT_3D('',#2521,#2099,#2100);
#1849=AXIS2_PLACEMENT_3D('',#2523,#2102,#2103);
#1850=AXIS2_PLACEMENT_3D('',#2525,#2105,#2106);
#1851=AXIS2_PLACEMENT_3D('',#2527,#2108,#2109);
#1852=AXIS2_PLACEMENT_3D('',#2529,#2111,#2112);
#1853=AXIS2_PLACEMENT_3D('',#2531,#2114,#2115);
#1854=AXIS2_PLACEMENT_3D('',#2533,#2117,#2118);
#1855=AXIS2_PLACEMENT_3D('',#2535,#2120,#2121);
#1856=AXIS2_PLACEMENT_3D('',#2537,#2123,#2124);
#1857=AXIS2_PLACEMENT_3D('',#2539,#2126,#2127);
#1858=AXIS2_PLACEMENT_3D('',#2541,#2129,#2130);
#1859=AXIS2_PLACEMENT_3D('',#2543,#2132,#2133);
#1860=AXIS2_PLACEMENT_3D('',#2544,#2134,#2135);
#1861=AXIS2_PLACEMENT_3D('',#2546,#2136,#2137);
#1862=AXIS2_PLACEMENT_3D('',#2552,#2141,#2142);
#1863=AXIS2_PLACEMENT_3D('',#2555,#2144,#2145);
#1864=AXIS2_PLACEMENT_3D('',#2558,#2147,#2148);
#1865=AXIS2_PLACEMENT_3D('',#2560,#2150,#2151);
#1866=AXIS2_PLACEMENT_3D('',#2562,#2153,#2154);
#1867=AXIS2_PLACEMENT_3D('',#2563,#2155,#2156);
#1868=AXIS2_PLACEMENT_3D('',#2564,#2157,#2158);
#1869=AXIS2_PLACEMENT_3D('',#2566,#2159,#2160);
#1870=AXIS2_PLACEMENT_3D('',#2568,#2161,#2162);
#1871=AXIS2_PLACEMENT_3D('',#2569,#2163,#2164);
#1872=AXIS2_PLACEMENT_3D('',#2570,#2165,#2166);
#1873=AXIS2_PLACEMENT_3D('',#2572,#2167,#2168);
#1874=AXIS2_PLACEMENT_3D('',#2574,#2169,#2170);
#1875=AXIS2_PLACEMENT_3D('',#2575,#2171,#2172);
#1876=AXIS2_PLACEMENT_3D('',#2582,#2173,#2174);
#1877=AXIS2_PLACEMENT_3D('',#2599,#2175,#2176);
#1878=AXIS2_PLACEMENT_3D('',#2616,#2177,#2178);
#1879=AXIS2_PLACEMENT_3D('',#2633,#2179,#2180);
#1880=AXIS2_PLACEMENT_3D('',#2644,#2181,#2182);
#1881=AXIS2_PLACEMENT_3D('',#2651,#2183,#2184);
#1882=AXIS2_PLACEMENT_3D('',#2668,#2185,#2186);
#1883=AXIS2_PLACEMENT_3D('',#2685,#2187,#2188);
#1884=AXIS2_PLACEMENT_3D('',#2702,#2189,#2190);
#1885=AXIS2_PLACEMENT_3D('',#2713,#2191,#2192);
#1886=AXIS2_PLACEMENT_3D('',#2717,#2195,#2196);
#1887=AXIS2_PLACEMENT_3D('',#2721,#2199,#2200);
#1888=AXIS2_PLACEMENT_3D('',#2725,#2203,#2204);
#1889=AXIS2_PLACEMENT_3D('',#2729,#2207,#2208);
#1890=AXIS2_PLACEMENT_3D('',#2733,#2211,#2212);
#1891=AXIS2_PLACEMENT_3D('',#2737,#2215,#2216);
#1892=AXIS2_PLACEMENT_3D('',#2741,#2219,#2220);
#1893=AXIS2_PLACEMENT_3D('',#2745,#2223,#2224);
#1894=AXIS2_PLACEMENT_3D('',#2770,#2237,#2238);
#1895=AXIS2_PLACEMENT_3D('',#2773,#2241,#2242);
#1896=AXIS2_PLACEMENT_3D('',#2775,#2244,#2245);
#1897=AXIS2_PLACEMENT_3D('',#2777,#2247,#2248);
#1898=AXIS2_PLACEMENT_3D('',#2780,#2251,#2252);
#1899=AXIS2_PLACEMENT_3D('',#2782,#2254,#2255);
#1900=AXIS2_PLACEMENT_3D('',#2785,#2258,#2259);
#1901=AXIS2_PLACEMENT_3D('',#2787,#2261,#2262);
#1902=AXIS2_PLACEMENT_3D('',#2789,#2264,#2265);
#1903=AXIS2_PLACEMENT_3D('',#2790,#2266,#2267);
#1904=AXIS2_PLACEMENT_3D('',#2792,#2269,#2270);
#1905=AXIS2_PLACEMENT_3D('',#2793,#2271,#2272);
#1906=AXIS2_PLACEMENT_3D('',#2794,#2273,#2274);
#1907=AXIS2_PLACEMENT_3D('',#2819,#2287,#2288);
#1908=AXIS2_PLACEMENT_3D('',#2822,#2291,#2292);
#1909=AXIS2_PLACEMENT_3D('',#2824,#2294,#2295);
#1910=AXIS2_PLACEMENT_3D('',#2826,#2297,#2298);
#1911=AXIS2_PLACEMENT_3D('',#2829,#2301,#2302);
#1912=AXIS2_PLACEMENT_3D('',#2831,#2304,#2305);
#1913=AXIS2_PLACEMENT_3D('',#2834,#2308,#2309);
#1914=AXIS2_PLACEMENT_3D('',#2836,#2311,#2312);
#1915=AXIS2_PLACEMENT_3D('',#2838,#2314,#2315);
#1916=AXIS2_PLACEMENT_3D('',#2839,#2316,#2317);
#1917=AXIS2_PLACEMENT_3D('',#2841,#2319,#2320);
#1918=AXIS2_PLACEMENT_3D('',#2842,#2321,#2322);
#1919=DIRECTION('',(0.,0.,1.));
#1920=DIRECTION('',(1.,0.,0.));
#1921=DIRECTION('',(-1.,-1.22464679914735E-16,0.));
#1922=DIRECTION('',(0.,0.,1.));
#1923=DIRECTION('',(-1.,-1.22464679914735E-16,0.));
#1924=DIRECTION('',(1.22464679914735E-16,-1.,0.));
#1925=DIRECTION('',(3.09007062147022E-32,-2.52323414687536E-16,1.));
#1926=DIRECTION('',(8.65956056235494E-17,-0.707106781186548,0.707106781186548));
#1927=DIRECTION('',(1.22464679914735E-16,-1.,-1.72127600717079E-16));
#1928=DIRECTION('',(8.65956056235494E-17,-0.707106781186548,-0.707106781186548));
#1929=DIRECTION('',(-3.09007062147022E-32,2.52323414687536E-16,-1.));
#1930=DIRECTION('',(-8.65956056235494E-17,0.707106781186548,-0.707106781186547));
#1931=DIRECTION('',(-1.22464679914735E-16,1.,1.60901887626834E-16));
#1932=DIRECTION('',(0.,0.,1.));
#1933=DIRECTION('',(-1.,-1.22464679914735E-16,0.));
#1934=DIRECTION('',(1.22464679914666E-16,-0.999999999999432,-1.06592842538666E-6));
#1935=DIRECTION('',(1.,1.22464679914735E-16,0.));
#1936=DIRECTION('',(0.,0.,1.));
#1937=DIRECTION('',(-1.,-1.22464679914735E-16,0.));
#1938=DIRECTION('',(1.06843958323036E-16,-0.872447128408163,0.488708510394848));
#1939=DIRECTION('',(-1.22464679914735E-16,1.,0.));
#1940=DIRECTION('',(1.,1.22464679914735E-16,0.));
#1941=DIRECTION('',(3.80001086369761E-17,-0.310294434798942,0.950640501836948));
#1942=DIRECTION('',(1.22464679914735E-16,-1.,0.));
#1943=DIRECTION('',(-1.,-1.22464679914735E-16,0.));
#1944=DIRECTION('',(1.38783649260014E-22,-1.1332544971876E-6,-0.999999999999358));
#1945=DIRECTION('',(1.,1.22464679914735E-16,0.));
#1946=DIRECTION('',(-5.98463255075785E-17,0.488682333136753,0.872461791300926));
#1947=DIRECTION('',(-1.,-1.22464679914735E-16,0.));
#1948=DIRECTION('',(5.98462848957374E-17,-0.488682001515904,-0.872461977047946));
#1949=DIRECTION('',(0.,0.,1.));
#1950=DIRECTION('',(-7.93230821159154E-17,0.647722120134093,0.761876666586525));
#1951=DIRECTION('',(-1.22464679914735E-16,1.,2.01858731750028E-16));
#1952=DIRECTION('',(-7.93230821159154E-17,0.647722120134093,-0.761876666586525));
#1953=DIRECTION('',(0.,0.,-1.));
#1954=DIRECTION('',(-1.,-1.22464679914735E-16,0.));
#1955=DIRECTION('',(-1.2246467991462E-16,0.999999999999059,-1.37155477253348E-6));
#1956=DIRECTION('',(1.,1.22464679914735E-16,0.));
#1957=DIRECTION('',(1.06844002254859E-16,-0.872447487138721,0.488707869985057));
#1958=DIRECTION('',(-1.,-1.22464679914735E-16,0.));
#1959=DIRECTION('',(-1.06843986662558E-16,0.872447359817928,-0.488708097279682));
#1960=DIRECTION('',(1.22464679914735E-16,-1.,0.));
#1961=DIRECTION('',(1.,1.22464679914735E-16,0.));
#1962=DIRECTION('',(-3.80001149109055E-17,0.310294486029463,-0.950640485115015));
#1963=DIRECTION('',(-1.22464679914735E-16,1.,0.));
#1964=DIRECTION('',(-1.,-1.22464679914735E-16,0.));
#1965=DIRECTION('',(-1.38783650109783E-22,1.13325450412649E-6,0.999999999999358));
#1966=DIRECTION('',(1.,1.22464679914735E-16,0.));
#1967=DIRECTION('',(0.,0.,1.));
#1968=DIRECTION('',(-1.,-1.22464679914735E-16,0.));
#1969=DIRECTION('',(-5.98462565573277E-17,0.488681770115228,0.87246210665968));
#1970=DIRECTION('',(0.,0.,-1.));
#1971=DIRECTION('',(-1.22464679914735E-16,1.,1.5636944008805E-16));
#1972=DIRECTION('',(-8.65956056235494E-17,0.707106781186548,0.707106781186547));
#1973=DIRECTION('',(-1.,-1.22464679914735E-16,0.));
#1974=DIRECTION('',(0.,0.,1.));
#1975=DIRECTION('',(1.,1.22464679914735E-16,0.));
#1976=DIRECTION('',(1.22464679914735E-16,-1.,0.));
#1977=DIRECTION('',(1.,1.22464679914735E-16,0.));
#1978=DIRECTION('',(1.22464679914735E-16,-1.,0.));
#1979=DIRECTION('',(1.61860842077011E-32,-1.32169407693471E-16,1.));
#1980=DIRECTION('',(-1.22464679914735E-16,1.,1.72127600717079E-16));
#1981=DIRECTION('',(-8.65956056235494E-17,0.707106781186548,-0.707106781186548));
#1982=DIRECTION('',(-3.09007062147022E-32,2.52323414687536E-16,-1.));
#1983=DIRECTION('',(8.65956056235494E-17,-0.707106781186548,-0.707106781186547));
#1984=DIRECTION('',(1.22464679914735E-16,-1.,-1.5636944008805E-16));
#1985=DIRECTION('',(0.,0.,1.));
#1986=DIRECTION('',(1.,1.22464679914735E-16,0.));
#1987=DIRECTION('',(-5.98462565573277E-17,0.488681770115228,0.87246210665968));
#1988=DIRECTION('',(-1.,-1.22464679914735E-16,0.));
#1989=DIRECTION('',(0.,0.,1.));
#1990=DIRECTION('',(1.,1.22464679914735E-16,0.));
#1991=DIRECTION('',(-1.38783650109783E-22,1.13325450412649E-6,0.999999999999358));
#1992=DIRECTION('',(1.22464679914735E-16,-1.,0.));
#1993=DIRECTION('',(-1.,-1.22464679914735E-16,0.));
#1994=DIRECTION('',(-3.80001149109055E-17,0.310294486029463,-0.950640485115015));
#1995=DIRECTION('',(-1.22464679914735E-16,1.,0.));
#1996=DIRECTION('',(1.,1.22464679914735E-16,0.));
#1997=DIRECTION('',(-1.06843986662558E-16,0.872447359817928,-0.488708097279682));
#1998=DIRECTION('',(-1.,-1.22464679914735E-16,0.));
#1999=DIRECTION('',(1.06844002254859E-16,-0.872447487138721,0.488707869985057));
#2000=DIRECTION('',(1.,1.22464679914735E-16,0.));
#2001=DIRECTION('',(-1.2246467991462E-16,0.999999999999059,-1.37155477253348E-6));
#2002=DIRECTION('',(0.,0.,1.));
#2003=DIRECTION('',(7.93230821159154E-17,-0.647722120134093,0.761876666586525));
#2004=DIRECTION('',(1.22464679914735E-16,-1.,-2.01858731750028E-16));
#2005=DIRECTION('',(7.93230821159154E-17,-0.647722120134093,-0.761876666586525));
#2006=DIRECTION('',(0.,0.,-1.));
#2007=DIRECTION('',(1.,1.22464679914735E-16,0.));
#2008=DIRECTION('',(5.98462848957374E-17,-0.488682001515904,-0.872461977047946));
#2009=DIRECTION('',(-1.,-1.22464679914735E-16,0.));
#2010=DIRECTION('',(-5.98463255075785E-17,0.488682333136753,0.872461791300926));
#2011=DIRECTION('',(1.,1.22464679914735E-16,0.));
#2012=DIRECTION('',(1.38783649260014E-22,-1.1332544971876E-6,-0.999999999999358));
#2013=DIRECTION('',(-1.22464679914735E-16,1.,0.));
#2014=DIRECTION('',(-1.,-1.22464679914735E-16,0.));
#2015=DIRECTION('',(3.80001086369761E-17,-0.310294434798942,0.950640501836948));
#2016=DIRECTION('',(1.22464679914735E-16,-1.,0.));
#2017=DIRECTION('',(1.,1.22464679914735E-16,0.));
#2018=DIRECTION('',(1.06843958323036E-16,-0.872447128408163,0.488708510394848));
#2019=DIRECTION('',(-1.,-1.22464679914735E-16,0.));
#2020=DIRECTION('',(0.,0.,1.));
#2021=DIRECTION('',(1.,1.22464679914735E-16,0.));
#2022=DIRECTION('',(1.22464679914666E-16,-0.999999999999432,-1.06592842538666E-6));
#2023=DIRECTION('',(0.,0.,-1.));
#2024=DIRECTION('',(1.22464679914735E-16,-1.,-1.60901887626834E-16));
#2025=DIRECTION('',(8.65956056235494E-17,-0.707106781186548,0.707106781186547));
#2026=DIRECTION('',(3.09007062147022E-32,-2.52323414687536E-16,1.));
#2027=DIRECTION('',(-8.65956056235494E-17,0.707106781186548,0.707106781186548));
#2028=DIRECTION('',(-1.22464679914735E-16,1.,1.72127600717079E-16));
#2029=DIRECTION('',(-1.61860842077011E-32,1.32169407693471E-16,-1.));
#2030=DIRECTION('',(1.,1.22464679914735E-16,0.));
#2031=DIRECTION('',(-1.22464679914735E-16,1.,0.));
#2032=DIRECTION('',(-1.22464679914735E-16,1.,0.));
#2033=DIRECTION('',(0.,0.,-1.));
#2034=DIRECTION('',(-1.,-1.22464679914735E-16,0.));
#2035=DIRECTION('',(-1.,-1.22464679914735E-16,0.));
#2036=DIRECTION('',(-8.65956056235494E-17,0.707106781186548,-0.707106781186548));
#2037=DIRECTION('',(8.65956056235494E-17,-0.707106781186548,-0.707106781186548));
#2038=DIRECTION('',(-1.,-1.22464679914735E-16,0.));
#2039=DIRECTION('',(0.,0.,-1.));
#2040=DIRECTION('',(1.22464679914735E-16,-1.,0.));
#2041=DIRECTION('',(-1.,-1.22464679914735E-16,0.));
#2042=DIRECTION('',(1.22464679914735E-16,-1.,0.));
#2043=DIRECTION('',(0.,0.,1.));
#2044=DIRECTION('',(-1.,-1.22464679914735E-16,0.));
#2045=DIRECTION('',(-1.,-1.22464679914735E-16,0.));
#2046=DIRECTION('',(-5.98462565573277E-17,0.488681770115228,0.87246210665968));
#2047=DIRECTION('',(-1.,-1.22464679914735E-16,0.));
#2048=DIRECTION('',(-1.,-1.22464679914735E-16,0.));
#2049=DIRECTION('',(1.06844002254859E-16,-0.872447487138721,0.488707869985057));
#2050=DIRECTION('',(-1.,-1.22464679914735E-16,0.));
#2051=DIRECTION('',(-1.,-1.22464679914735E-16,0.));
#2052=DIRECTION('',(-1.38783650109783E-22,1.13325450412649E-6,0.999999999999358));
#2053=DIRECTION('',(-1.,-1.22464679914735E-16,0.));
#2054=DIRECTION('',(0.,0.,-1.));
#2055=DIRECTION('',(1.22464679914735E-16,-1.,0.));
#2056=DIRECTION('',(-1.,-1.22464679914735E-16,0.));
#2057=DIRECTION('',(-1.,-1.22464679914735E-16,0.));
#2058=DIRECTION('',(1.22464679914729E-16,-0.999999999999952,3.10293790262465E-7));
#2059=DIRECTION('',(-1.,-1.22464679914735E-16,0.));
#2060=DIRECTION('',(0.,0.,1.));
#2061=DIRECTION('',(-1.22464679914735E-16,1.,0.));
#2062=DIRECTION('',(-1.,-1.22464679914735E-16,0.));
#2063=DIRECTION('',(-1.,-1.22464679914735E-16,0.));
#2064=DIRECTION('',(-1.06843986662558E-16,0.872447359817928,-0.488708097279682));
#2065=DIRECTION('',(-1.,-1.22464679914735E-16,0.));
#2066=DIRECTION('',(-1.,-1.22464679914735E-16,0.));
#2067=DIRECTION('',(1.06844002254859E-16,-0.872447487138721,0.488707869985057));
#2068=DIRECTION('',(-1.,-1.22464679914735E-16,0.));
#2069=DIRECTION('',(-1.,-1.22464679914735E-16,0.));
#2070=DIRECTION('',(-1.2246467991462E-16,0.999999999999059,-1.37155477253348E-6));
#2071=DIRECTION('',(-1.,-1.22464679914735E-16,0.));
#2072=DIRECTION('',(1.22464679914735E-16,-1.,0.));
#2073=DIRECTION('',(0.,0.,1.));
#2074=DIRECTION('',(-1.,-1.22464679914735E-16,0.));
#2075=DIRECTION('',(9.33029821080243E-17,-0.761876666586525,-0.647722120134093));
#2076=DIRECTION('',(7.93230821159154E-17,-0.647722120134093,0.761876666586525));
#2077=DIRECTION('',(-1.,-1.22464679914735E-16,0.));
#2078=DIRECTION('',(0.,0.,-1.));
#2079=DIRECTION('',(1.22464679914735E-16,-1.,0.));
#2080=DIRECTION('',(-1.,-1.22464679914735E-16,0.));
#2081=DIRECTION('',(-9.33029821080243E-17,0.761876666586525,-0.647722120134093));
#2082=DIRECTION('',(7.93230821159154E-17,-0.647722120134093,-0.761876666586525));
#2083=DIRECTION('',(-1.,-1.22464679914735E-16,0.));
#2084=DIRECTION('',(-1.22464679914735E-16,1.,0.));
#2085=DIRECTION('',(0.,0.,-1.));
#2086=DIRECTION('',(-1.,-1.22464679914735E-16,0.));
#2087=DIRECTION('',(-1.,-1.22464679914735E-16,0.));
#2088=DIRECTION('',(5.98462848957374E-17,-0.488682001515904,-0.872461977047946));
#2089=DIRECTION('',(-1.,-1.22464679914735E-16,0.));
#2090=DIRECTION('',(-1.,-1.22464679914735E-16,0.));
#2091=DIRECTION('',(-5.98463255075785E-17,0.488682333136753,0.872461791300926));
#2092=DIRECTION('',(-1.,-1.22464679914735E-16,0.));
#2093=DIRECTION('',(-1.,-1.22464679914735E-16,0.));
#2094=DIRECTION('',(1.38783649260014E-22,-1.1332544971876E-6,-0.999999999999358));
#2095=DIRECTION('',(-1.,-1.22464679914735E-16,0.));
#2096=DIRECTION('',(0.,0.,1.));
#2097=DIRECTION('',(-1.22464679914735E-16,1.,0.));
#2098=DIRECTION('',(-1.,-1.22464679914735E-16,0.));
#2099=DIRECTION('',(-1.,-1.22464679914735E-16,0.));
#2100=DIRECTION('',(-1.22464679914729E-16,0.999999999999952,3.10293790088992E-7));
#2101=DIRECTION('',(-1.,-1.22464679914735E-16,0.));
#2102=DIRECTION('',(0.,0.,-1.));
#2103=DIRECTION('',(1.22464679914735E-16,-1.,0.));
#2104=DIRECTION('',(-1.,-1.22464679914735E-16,0.));
#2105=DIRECTION('',(-1.,-1.22464679914735E-16,0.));
#2106=DIRECTION('',(1.06843958323036E-16,-0.872447128408163,0.488708510394848));
#2107=DIRECTION('',(-1.,-1.22464679914735E-16,0.));
#2108=DIRECTION('',(-1.,-1.22464679914735E-16,0.));
#2109=DIRECTION('',(-5.98463255075785E-17,0.488682333136753,0.872461791300926));
#2110=DIRECTION('',(-1.,-1.22464679914735E-16,0.));
#2111=DIRECTION('',(-1.,-1.22464679914735E-16,0.));
#2112=DIRECTION('',(1.22464679914666E-16,-0.999999999999432,-1.06592842538666E-6));
#2113=DIRECTION('',(-1.,-1.22464679914735E-16,0.));
#2114=DIRECTION('',(-1.22464679914735E-16,1.,0.));
#2115=DIRECTION('',(0.,0.,-1.));
#2116=DIRECTION('',(-1.,-1.22464679914735E-16,0.));
#2117=DIRECTION('',(0.,0.,-1.));
#2118=DIRECTION('',(1.22464679914735E-16,-1.,0.));
#2119=DIRECTION('',(-1.,-1.22464679914735E-16,0.));
#2120=DIRECTION('',(8.65956056235494E-17,-0.707106781186548,-0.707106781186548));
#2121=DIRECTION('',(8.65956056235494E-17,-0.707106781186548,0.707106781186548));
#2122=DIRECTION('',(-1.,-1.22464679914735E-16,0.));
#2123=DIRECTION('',(1.22464679914735E-16,-1.,0.));
#2124=DIRECTION('',(0.,0.,1.));
#2125=DIRECTION('',(-1.,-1.22464679914735E-16,0.));
#2126=DIRECTION('',(8.65956056235494E-17,-0.707106781186548,0.707106781186548));
#2127=DIRECTION('',(-8.65956056235494E-17,0.707106781186548,0.707106781186548));
#2128=DIRECTION('',(-1.,-1.22464679914735E-16,0.));
#2129=DIRECTION('',(-8.65956056235494E-17,0.707106781186548,0.707106781186548));
#2130=DIRECTION('',(-8.65956056235494E-17,0.707106781186548,-0.707106781186548));
#2131=DIRECTION('',(-1.,-1.22464679914735E-16,0.));
#2132=DIRECTION('',(-1.,-1.22464679914735E-16,0.));
#2133=DIRECTION('',(1.22464679914735E-16,-1.,0.));
#2134=DIRECTION('',(-1.,-1.22464679914735E-16,0.));
#2135=DIRECTION('',(1.22464679914735E-16,-1.,0.));
#2136=DIRECTION('',(0.,0.,1.));
#2137=DIRECTION('',(-1.22464679914735E-16,1.,0.));
#2138=DIRECTION('',(1.,1.22464679914735E-16,0.));
#2139=DIRECTION('',(1.22464679914735E-16,-1.,-1.72127600717079E-16));
#2140=DIRECTION('',(-1.,-1.22464679914735E-16,0.));
#2141=DIRECTION('',(-1.,-1.22464679914735E-16,0.));
#2142=DIRECTION('',(0.,0.,1.));
#2143=DIRECTION('',(1.61860842077011E-32,-1.32169407693471E-16,1.));
#2144=DIRECTION('',(1.,1.22464679914735E-16,0.));
#2145=DIRECTION('',(-1.22464679914735E-16,1.,0.));
#2146=DIRECTION('',(-1.61860842077011E-32,1.32169407693471E-16,-1.));
#2147=DIRECTION('',(1.22464679914735E-16,-1.,0.));
#2148=DIRECTION('',(0.,0.,-1.));
#2149=DIRECTION('',(1.,1.22464679914735E-16,0.));
#2150=DIRECTION('',(1.,1.22464679914735E-16,0.));
#2151=DIRECTION('',(-1.22464679914735E-16,1.,0.));
#2152=DIRECTION('',(1.,1.22464679914735E-16,0.));
#2153=DIRECTION('',(-1.22464679914735E-16,1.,0.));
#2154=DIRECTION('',(0.,0.,1.));
#2155=DIRECTION('',(-1.,-1.22464679914735E-16,0.));
#2156=DIRECTION('',(0.,0.,1.));
#2157=DIRECTION('',(1.,1.22464679914735E-16,0.));
#2158=DIRECTION('',(1.22464679914735E-16,-1.,0.));
#2159=DIRECTION('',(1.,1.22464679914735E-16,0.));
#2160=DIRECTION('',(1.22464679914735E-16,-1.,0.));
#2161=DIRECTION('',(1.,1.22464679914735E-16,0.));
#2162=DIRECTION('',(1.22464679914735E-16,-1.,0.));
#2163=DIRECTION('',(-1.,-1.22464679914735E-16,0.));
#2164=DIRECTION('',(0.,0.,1.));
#2165=DIRECTION('',(1.,1.22464679914735E-16,0.));
#2166=DIRECTION('',(1.22464679914735E-16,-1.,0.));
#2167=DIRECTION('',(1.,1.22464679914735E-16,0.));
#2168=DIRECTION('',(1.22464679914735E-16,-1.,0.));
#2169=DIRECTION('',(1.,1.22464679914735E-16,0.));
#2170=DIRECTION('',(1.22464679914735E-16,-1.,0.));
#2171=DIRECTION('',(-1.,1.91838646829327E-15,2.04085114820801E-15));
#2172=DIRECTION('',(2.04085114820801E-15,2.49932182618914E-31,1.));
#2173=DIRECTION('',(1.,1.22464679914735E-16,0.));
#2174=DIRECTION('',(1.22464679914735E-16,-1.,0.));
#2175=DIRECTION('',(1.,1.22464679914735E-16,0.));
#2176=DIRECTION('',(1.22464679914735E-16,-1.,0.));
#2177=DIRECTION('',(1.,1.22464679914735E-16,0.));
#2178=DIRECTION('',(1.22464679914735E-16,-1.,0.));
#2179=DIRECTION('',(1.,1.22464679914735E-16,0.));
#2180=DIRECTION('',(1.22464679914735E-16,-1.,0.));
#2181=DIRECTION('',(-1.,1.91838646829327E-15,2.04085114820801E-15));
#2182=DIRECTION('',(-1.91838646829327E-15,-1.,0.));
#2183=DIRECTION('',(1.,1.22464679914735E-16,0.));
#2184=DIRECTION('',(1.22464679914735E-16,-1.,0.));
#2185=DIRECTION('',(1.,1.22464679914735E-16,0.));
#2186=DIRECTION('',(1.22464679914735E-16,-1.,0.));
#2187=DIRECTION('',(1.,1.22464679914735E-16,0.));
#2188=DIRECTION('',(1.22464679914735E-16,-1.,0.));
#2189=DIRECTION('',(1.,1.22464679914735E-16,0.));
#2190=DIRECTION('',(1.22464679914735E-16,-1.,0.));
#2191=DIRECTION('',(-1.,-1.22464679914735E-16,0.));
#2192=DIRECTION('',(0.,0.,1.));
#2193=DIRECTION('',(-1.22464679914735E-16,1.,0.));
#2194=DIRECTION('',(0.,0.,-1.));
#2195=DIRECTION('',(-1.,-1.22464679914735E-16,0.));
#2196=DIRECTION('',(0.,0.,1.));
#2197=DIRECTION('',(1.22464679914735E-16,-1.,0.));
#2198=DIRECTION('',(0.,0.,-1.));
#2199=DIRECTION('',(-1.,-1.22464679914735E-16,0.));
#2200=DIRECTION('',(0.,0.,1.));
#2201=DIRECTION('',(0.,0.,1.));
#2202=DIRECTION('',(1.22464679914735E-16,-1.,0.));
#2203=DIRECTION('',(-1.,-1.22464679914735E-16,0.));
#2204=DIRECTION('',(0.,0.,1.));
#2205=DIRECTION('',(0.,0.,1.));
#2206=DIRECTION('',(-1.22464679914735E-16,1.,0.));
#2207=DIRECTION('',(-1.,-1.22464679914735E-16,0.));
#2208=DIRECTION('',(0.,0.,1.));
#2209=DIRECTION('',(-1.22464679914735E-16,1.,0.));
#2210=DIRECTION('',(0.,0.,-1.));
#2211=DIRECTION('',(-1.,-1.22464679914735E-16,0.));
#2212=DIRECTION('',(0.,0.,1.));
#2213=DIRECTION('',(1.22464679914735E-16,-1.,0.));
#2214=DIRECTION('',(0.,0.,-1.));
#2215=DIRECTION('',(-1.,-1.22464679914735E-16,0.));
#2216=DIRECTION('',(0.,0.,1.));
#2217=DIRECTION('',(0.,0.,1.));
#2218=DIRECTION('',(1.22464679914735E-16,-1.,0.));
#2219=DIRECTION('',(-1.,-1.22464679914735E-16,0.));
#2220=DIRECTION('',(0.,0.,1.));
#2221=DIRECTION('',(0.,0.,1.));
#2222=DIRECTION('',(-1.22464679914735E-16,1.,0.));
#2223=DIRECTION('',(-1.,-1.22464679914735E-16,0.));
#2224=DIRECTION('',(0.,0.,1.));
#2225=DIRECTION('',(0.,0.,1.));
#2226=DIRECTION('',(-1.22464679914735E-16,1.,0.));
#2227=DIRECTION('',(0.,0.,-1.));
#2228=DIRECTION('',(-1.22464679914735E-16,1.,0.));
#2229=DIRECTION('',(0.,0.,-1.));
#2230=DIRECTION('',(1.22464679914735E-16,-1.,0.));
#2231=DIRECTION('',(0.,0.,-1.));
#2232=DIRECTION('',(1.22464679914735E-16,-1.,0.));
#2233=DIRECTION('',(0.,0.,1.));
#2234=DIRECTION('',(1.22464679914735E-16,-1.,0.));
#2235=DIRECTION('',(0.,0.,1.));
#2236=DIRECTION('',(-1.22464679914735E-16,1.,0.));
#2237=DIRECTION('',(0.,0.,1.));
#2238=DIRECTION('',(1.22464679914735E-16,-1.,0.));
#2239=DIRECTION('',(1.,1.22464679914735E-16,0.));
#2240=DIRECTION('',(1.,1.22464679914735E-16,0.));
#2241=DIRECTION('',(-1.22464679914735E-16,1.,0.));
#2242=DIRECTION('',(0.,0.,1.));
#2243=DIRECTION('',(1.,1.22464679914735E-16,0.));
#2244=DIRECTION('',(0.,0.,1.));
#2245=DIRECTION('',(1.22464679914735E-16,-1.,0.));
#2246=DIRECTION('',(1.,1.22464679914735E-16,0.));
#2247=DIRECTION('',(0.,0.,1.));
#2248=DIRECTION('',(1.22464679914735E-16,-1.,0.));
#2249=DIRECTION('',(1.,1.22464679914735E-16,0.));
#2250=DIRECTION('',(1.,1.22464679914735E-16,0.));
#2251=DIRECTION('',(1.22464679914735E-16,-1.,0.));
#2252=DIRECTION('',(0.,0.,-1.));
#2253=DIRECTION('',(1.,1.22464679914735E-16,0.));
#2254=DIRECTION('',(1.22464679914735E-16,-1.,0.));
#2255=DIRECTION('',(0.,0.,-1.));
#2256=DIRECTION('',(1.,1.22464679914735E-16,0.));
#2257=DIRECTION('',(1.,1.22464679914735E-16,0.));
#2258=DIRECTION('',(-1.22464679914735E-16,1.,0.));
#2259=DIRECTION('',(0.,0.,1.));
#2260=DIRECTION('',(1.,1.22464679914735E-16,0.));
#2261=DIRECTION('',(0.,0.,-1.));
#2262=DIRECTION('',(-1.22464679914735E-16,1.,0.));
#2263=DIRECTION('',(1.,1.22464679914735E-16,0.));
#2264=DIRECTION('',(1.22464679914735E-16,-1.,0.));
#2265=DIRECTION('',(0.,0.,-1.));
#2266=DIRECTION('',(-1.22464679914735E-16,1.,0.));
#2267=DIRECTION('',(0.,0.,1.));
#2268=DIRECTION('',(1.,1.22464679914735E-16,0.));
#2269=DIRECTION('',(0.,0.,-1.));
#2270=DIRECTION('',(-1.22464679914735E-16,1.,0.));
#2271=DIRECTION('',(0.,0.,-1.));
#2272=DIRECTION('',(-1.22464679914735E-16,1.,0.));
#2273=DIRECTION('',(-1.,-1.22464679914735E-16,0.));
#2274=DIRECTION('',(0.,0.,1.));
#2275=DIRECTION('',(0.,0.,1.));
#2276=DIRECTION('',(-1.22464679914735E-16,1.,0.));
#2277=DIRECTION('',(0.,0.,1.));
#2278=DIRECTION('',(-1.22464679914735E-16,1.,0.));
#2279=DIRECTION('',(0.,0.,-1.));
#2280=DIRECTION('',(-1.22464679914735E-16,1.,0.));
#2281=DIRECTION('',(0.,0.,-1.));
#2282=DIRECTION('',(1.22464679914735E-16,-1.,0.));
#2283=DIRECTION('',(0.,0.,-1.));
#2284=DIRECTION('',(1.22464679914735E-16,-1.,0.));
#2285=DIRECTION('',(0.,0.,1.));
#2286=DIRECTION('',(1.22464679914735E-16,-1.,0.));
#2287=DIRECTION('',(0.,0.,1.));
#2288=DIRECTION('',(1.22464679914735E-16,-1.,0.));
#2289=DIRECTION('',(1.,1.22464679914735E-16,0.));
#2290=DIRECTION('',(1.,1.22464679914735E-16,0.));
#2291=DIRECTION('',(-1.22464679914735E-16,1.,0.));
#2292=DIRECTION('',(0.,0.,1.));
#2293=DIRECTION('',(1.,1.22464679914735E-16,0.));
#2294=DIRECTION('',(0.,0.,1.));
#2295=DIRECTION('',(1.22464679914735E-16,-1.,0.));
#2296=DIRECTION('',(1.,1.22464679914735E-16,0.));
#2297=DIRECTION('',(0.,0.,1.));
#2298=DIRECTION('',(1.22464679914735E-16,-1.,0.));
#2299=DIRECTION('',(1.,1.22464679914735E-16,0.));
#2300=DIRECTION('',(1.,1.22464679914735E-16,0.));
#2301=DIRECTION('',(1.22464679914735E-16,-1.,0.));
#2302=DIRECTION('',(0.,0.,-1.));
#2303=DIRECTION('',(1.,1.22464679914735E-16,0.));
#2304=DIRECTION('',(1.22464679914735E-16,-1.,0.));
#2305=DIRECTION('',(0.,0.,-1.));
#2306=DIRECTION('',(1.,1.22464679914735E-16,0.));
#2307=DIRECTION('',(1.,1.22464679914735E-16,0.));
#2308=DIRECTION('',(-1.22464679914735E-16,1.,0.));
#2309=DIRECTION('',(0.,0.,1.));
#2310=DIRECTION('',(1.,1.22464679914735E-16,0.));
#2311=DIRECTION('',(0.,0.,-1.));
#2312=DIRECTION('',(-1.22464679914735E-16,1.,0.));
#2313=DIRECTION('',(1.,1.22464679914735E-16,0.));
#2314=DIRECTION('',(1.22464679914735E-16,-1.,0.));
#2315=DIRECTION('',(0.,0.,-1.));
#2316=DIRECTION('',(-1.22464679914735E-16,1.,0.));
#2317=DIRECTION('',(0.,0.,1.));
#2318=DIRECTION('',(1.,1.22464679914735E-16,0.));
#2319=DIRECTION('',(0.,0.,-1.));
#2320=DIRECTION('',(-1.22464679914735E-16,1.,0.));
#2321=DIRECTION('',(0.,0.,-1.));
#2322=DIRECTION('',(-1.22464679914735E-16,1.,0.));
#2323=CARTESIAN_POINT('',(0.,0.,0.));
#2324=CARTESIAN_POINT('',(-0.01585,-3.05128820127371E-18,-0.0052));
#2325=CARTESIAN_POINT('',(-0.01585,-3.22694431575327E-18,-0.0025));
#2326=CARTESIAN_POINT('',(-0.01585,-0.00115,-0.0025));
#2327=CARTESIAN_POINT('',(-0.01585,0.0133,-0.003));
#2328=CARTESIAN_POINT('',(-0.01585,0.0133,-0.0096));
#2329=CARTESIAN_POINT('',(-0.01585,0.0133,-0.0008));
#2330=CARTESIAN_POINT('',(-0.01585,0.010875,0.001625));
#2331=CARTESIAN_POINT('',(-0.01585,0.0129,-0.0004));
#2332=CARTESIAN_POINT('',(-0.01585,-0.00645,-0.0004));
#2333=CARTESIAN_POINT('',(-0.01585,-0.0129,-0.0004));
#2334=CARTESIAN_POINT('',(-0.01585,-0.011075,0.001425));
#2335=CARTESIAN_POINT('',(-0.01585,-0.0133,-0.0008));
#2336=CARTESIAN_POINT('',(-0.01585,-0.0133,-0.0074));
#2337=CARTESIAN_POINT('',(-0.01585,-0.0133,-0.0096));
#2338=CARTESIAN_POINT('',(-0.01585,-0.010875,-0.012025));
#2339=CARTESIAN_POINT('',(-0.01585,-0.0129,-0.01));
#2340=CARTESIAN_POINT('',(-0.01585,-0.003,-0.01));
#2341=CARTESIAN_POINT('',(-0.01585,-0.006,-0.01));
#2342=CARTESIAN_POINT('',(-0.01585,-0.006,-0.00693913));
#2343=CARTESIAN_POINT('',(-0.01585,-0.006,-0.00867826));
#2344=CARTESIAN_POINT('',(-0.01585,-0.00584,-0.00867826));
#2345=CARTESIAN_POINT('',(-0.01585,-0.00591818915350081,-0.00853866578148769));
#2346=CARTESIAN_POINT('',(-0.01585,-0.006475287,-0.007544059));
#2347=CARTESIAN_POINT('',(-0.01585,-0.00548069670636237,-0.0081011863937459));
#2348=CARTESIAN_POINT('',(-0.01585,-0.005341105,-0.00817938));
#2349=CARTESIAN_POINT('',(-0.01585,-0.005341105,-0.00801938));
#2350=CARTESIAN_POINT('',(-0.01585,-0.00245969,-0.00801938));
#2351=CARTESIAN_POINT('',(-0.01585,-0.00491938,-0.00801938));
#2352=CARTESIAN_POINT('',(-0.01585,-0.004764233,-0.007544059));
#2353=CARTESIAN_POINT('',(-0.01585,-0.00491938,-0.007068739));
#2354=CARTESIAN_POINT('',(-0.01585,-0.0026705525,-0.007068739));
#2355=CARTESIAN_POINT('',(-0.01585,-0.005341105,-0.007068739));
#2356=CARTESIAN_POINT('',(-0.01585,-0.005341105,-0.006908739));
#2357=CARTESIAN_POINT('',(-0.01585,-0.00548069657757087,-0.00698693229556475));
#2358=CARTESIAN_POINT('',(-0.01585,-0.006475287,-0.007544059));
#2359=CARTESIAN_POINT('',(-0.01585,-0.00591818929520237,-0.00654945283460511));
#2360=CARTESIAN_POINT('',(-0.01585,-0.00584,-0.006409859));
#2361=CARTESIAN_POINT('',(-0.01585,-0.00600000000473333,-0.006409859));
#2362=CARTESIAN_POINT('',(-0.01585,-0.006,-0.00539406));
#2363=CARTESIAN_POINT('',(-0.01585,-0.006,-0.00558812));
#2364=CARTESIAN_POINT('',(-0.01585,-0.00439560258847095,-0.00370096358866307));
#2365=CARTESIAN_POINT('',(-0.01585,-0.0055,-0.005));
#2366=CARTESIAN_POINT('',(-0.01585,0.00275,-0.005));
#2367=CARTESIAN_POINT('',(-0.01585,0.0055,-0.005));
#2368=CARTESIAN_POINT('',(-0.01585,0.00464560258847095,-0.00399502358866307));
#2369=CARTESIAN_POINT('',(-0.01585,0.006,-0.00558812));
#2370=CARTESIAN_POINT('',(-0.01585,0.006,-0.0058049295));
#2371=CARTESIAN_POINT('',(-0.01585,0.006,-0.006409859));
#2372=CARTESIAN_POINT('',(-0.01585,0.00584,-0.006409859));
#2373=CARTESIAN_POINT('',(-0.01585,0.00591818912024254,-0.00654945291632767));
#2374=CARTESIAN_POINT('',(-0.01585,0.006475287,-0.007544059));
#2375=CARTESIAN_POINT('',(-0.01585,0.00548069677308632,-0.00698693240508423));
#2376=CARTESIAN_POINT('',(-0.01585,0.005341105,-0.006908739));
#2377=CARTESIAN_POINT('',(-0.01585,0.005341105,-0.0070687390747));
#2378=CARTESIAN_POINT('',(-0.01585,0.00245969,-0.007068739));
#2379=CARTESIAN_POINT('',(-0.01585,0.00491937999998087,-0.007068739));
#2380=CARTESIAN_POINT('',(-0.01585,0.004764233,-0.007544059));
#2381=CARTESIAN_POINT('',(-0.01585,0.00491937795750849,-0.00801938));
#2382=CARTESIAN_POINT('',(-0.01585,0.0026705525,-0.00801938));
#2383=CARTESIAN_POINT('',(-0.01585,0.005341105,-0.00801938));
#2384=CARTESIAN_POINT('',(-0.01585,0.005341105,-0.00817938));
#2385=CARTESIAN_POINT('',(-0.01585,0.00548069680302654,-0.00810118632008784));
#2386=CARTESIAN_POINT('',(-0.01585,0.006475287,-0.007544059));
#2387=CARTESIAN_POINT('',(-0.01585,0.00591818921566628,-0.0085386657054296));
#2388=CARTESIAN_POINT('',(-0.01585,0.00584,-0.00867826));
#2389=CARTESIAN_POINT('',(-0.01585,0.006,-0.00867826));
#2390=CARTESIAN_POINT('',(-0.01585,0.006,-0.0076));
#2391=CARTESIAN_POINT('',(-0.01585,0.006,-0.01));
#2392=CARTESIAN_POINT('',(-0.01585,0.00645,-0.01));
#2393=CARTESIAN_POINT('',(-0.01585,0.0129,-0.01));
#2394=CARTESIAN_POINT('',(-0.01585,0.011075,-0.011825));
#2395=CARTESIAN_POINT('',(-0.01685,-3.17375288118845E-18,-0.0052));
#2396=CARTESIAN_POINT('',(-0.01685,0.00725,-0.003));
#2397=CARTESIAN_POINT('',(-0.01685,0.0055,-0.003));
#2398=CARTESIAN_POINT('',(-0.01685,-0.00725,-0.003));
#2399=CARTESIAN_POINT('',(-0.01685,-0.009,-0.003));
#2400=CARTESIAN_POINT('',(-0.01685,0.0012,-0.00385));
#2401=CARTESIAN_POINT('',(-0.01685,0.0012,-0.0025));
#2402=CARTESIAN_POINT('',(-0.01685,0.0012,-0.0004));
#2403=CARTESIAN_POINT('',(-0.01685,-0.00645,-0.0004));
#2404=CARTESIAN_POINT('',(-0.01685,0.0129,-0.0004));
#2405=CARTESIAN_POINT('',(-0.01685,0.010875,0.001625));
#2406=CARTESIAN_POINT('',(-0.01685,0.0133,-0.0008));
#2407=CARTESIAN_POINT('',(-0.01685,0.0133,-0.003));
#2408=CARTESIAN_POINT('',(-0.01685,0.0133,-0.0096));
#2409=CARTESIAN_POINT('',(-0.01685,0.011075,-0.011825));
#2410=CARTESIAN_POINT('',(-0.01685,0.0129,-0.01));
#2411=CARTESIAN_POINT('',(-0.01685,0.00645,-0.01));
#2412=CARTESIAN_POINT('',(-0.01685,0.006,-0.01));
#2413=CARTESIAN_POINT('',(-0.01685,0.006,-0.0076));
#2414=CARTESIAN_POINT('',(-0.01685,0.006,-0.00867826));
#2415=CARTESIAN_POINT('',(-0.01685,0.00584,-0.00867826));
#2416=CARTESIAN_POINT('',(-0.01685,0.00591818921566628,-0.0085386657054296));
#2417=CARTESIAN_POINT('',(-0.01685,0.006475287,-0.007544059));
#2418=CARTESIAN_POINT('',(-0.01685,0.00548069680302654,-0.00810118632008784));
#2419=CARTESIAN_POINT('',(-0.01685,0.005341105,-0.00817938));
#2420=CARTESIAN_POINT('',(-0.01685,0.005341105,-0.00801938));
#2421=CARTESIAN_POINT('',(-0.01685,0.0026705525,-0.00801938));
#2422=CARTESIAN_POINT('',(-0.01685,0.00491937795750849,-0.00801938));
#2423=CARTESIAN_POINT('',(-0.01685,0.004764233,-0.007544059));
#2424=CARTESIAN_POINT('',(-0.01685,0.00491937999998087,-0.007068739));
#2425=CARTESIAN_POINT('',(-0.01685,0.00245969,-0.007068739));
#2426=CARTESIAN_POINT('',(-0.01685,0.005341105,-0.0070687390747));
#2427=CARTESIAN_POINT('',(-0.01685,0.005341105,-0.006908739));
#2428=CARTESIAN_POINT('',(-0.01685,0.00548069677308632,-0.00698693240508423));
#2429=CARTESIAN_POINT('',(-0.01685,0.006475287,-0.007544059));
#2430=CARTESIAN_POINT('',(-0.01685,0.00591818912024254,-0.00654945291632767));
#2431=CARTESIAN_POINT('',(-0.01685,0.00584,-0.006409859));
#2432=CARTESIAN_POINT('',(-0.01685,0.006,-0.006409859));
#2433=CARTESIAN_POINT('',(-0.01685,0.006,-0.0058049295));
#2434=CARTESIAN_POINT('',(-0.01685,0.006,-0.00558812));
#2435=CARTESIAN_POINT('',(-0.01685,0.00464560258847095,-0.00399502358866307));
#2436=CARTESIAN_POINT('',(-0.01685,0.0055,-0.005));
#2437=CARTESIAN_POINT('',(-0.01685,0.00275,-0.005));
#2438=CARTESIAN_POINT('',(-0.01685,-0.0055,-0.005));
#2439=CARTESIAN_POINT('',(-0.01685,-0.00439560258847095,-0.00370096358866307));
#2440=CARTESIAN_POINT('',(-0.01685,-0.006,-0.00558812));
#2441=CARTESIAN_POINT('',(-0.01685,-0.006,-0.00539406));
#2442=CARTESIAN_POINT('',(-0.01685,-0.00600000000473333,-0.006409859));
#2443=CARTESIAN_POINT('',(-0.01685,-0.00584,-0.006409859));
#2444=CARTESIAN_POINT('',(-0.01685,-0.00591818929520237,-0.00654945283460511));
#2445=CARTESIAN_POINT('',(-0.01685,-0.006475287,-0.007544059));
#2446=CARTESIAN_POINT('',(-0.01685,-0.00548069657757087,-0.00698693229556475));
#2447=CARTESIAN_POINT('',(-0.01685,-0.005341105,-0.006908739));
#2448=CARTESIAN_POINT('',(-0.01685,-0.005341105,-0.007068739));
#2449=CARTESIAN_POINT('',(-0.01685,-0.0026705525,-0.007068739));
#2450=CARTESIAN_POINT('',(-0.01685,-0.00491938,-0.007068739));
#2451=CARTESIAN_POINT('',(-0.01685,-0.004764233,-0.007544059));
#2452=CARTESIAN_POINT('',(-0.01685,-0.00491938,-0.00801938));
#2453=CARTESIAN_POINT('',(-0.01685,-0.00245969,-0.00801938));
#2454=CARTESIAN_POINT('',(-0.01685,-0.005341105,-0.00801938));
#2455=CARTESIAN_POINT('',(-0.01685,-0.005341105,-0.00817938));
#2456=CARTESIAN_POINT('',(-0.01685,-0.00548069670636237,-0.0081011863937459));
#2457=CARTESIAN_POINT('',(-0.01685,-0.006475287,-0.007544059));
#2458=CARTESIAN_POINT('',(-0.01685,-0.00591818915350081,-0.00853866578148769));
#2459=CARTESIAN_POINT('',(-0.01685,-0.00584,-0.00867826));
#2460=CARTESIAN_POINT('',(-0.01685,-0.006,-0.00867826));
#2461=CARTESIAN_POINT('',(-0.01685,-0.006,-0.00693913));
#2462=CARTESIAN_POINT('',(-0.01685,-0.006,-0.01));
#2463=CARTESIAN_POINT('',(-0.01685,-0.003,-0.01));
#2464=CARTESIAN_POINT('',(-0.01685,-0.0129,-0.01));
#2465=CARTESIAN_POINT('',(-0.01685,-0.010875,-0.012025));
#2466=CARTESIAN_POINT('',(-0.01685,-0.0133,-0.0096));
#2467=CARTESIAN_POINT('',(-0.01685,-0.0133,-0.0074));
#2468=CARTESIAN_POINT('',(-0.01685,-0.0133,-0.0008));
#2469=CARTESIAN_POINT('',(-0.01685,-0.011075,0.001425));
#2470=CARTESIAN_POINT('',(-0.01685,-0.0129,-0.0004));
#2471=CARTESIAN_POINT('',(-0.01685,-0.00645,-0.0004));
#2472=CARTESIAN_POINT('',(-0.01685,-0.0012,-0.0004));
#2473=CARTESIAN_POINT('',(-0.01685,-0.0012,-0.0028));
#2474=CARTESIAN_POINT('',(-0.01685,-0.0012,-0.0025));
#2475=CARTESIAN_POINT('',(-0.01685,-3.34940899566801E-18,-0.0025));
#2476=CARTESIAN_POINT('',(-0.01585,0.0133,-0.0008));
#2477=CARTESIAN_POINT('',(-0.01585,0.0133,-0.0096));
#2478=CARTESIAN_POINT('',(-0.01585,0.0133,-0.0008));
#2479=CARTESIAN_POINT('',(-0.01585,0.0133,-0.0096));
#2480=CARTESIAN_POINT('',(-0.01585,0.0129,-0.01));
#2481=CARTESIAN_POINT('',(-0.01585,-0.006,-0.01));
#2482=CARTESIAN_POINT('',(-0.01585,0.006,-0.01));
#2483=CARTESIAN_POINT('',(-0.01585,0.006,-0.01));
#2484=CARTESIAN_POINT('',(-0.01585,0.006,-0.00867826));
#2485=CARTESIAN_POINT('',(-0.01585,0.00584,-0.00867826));
#2486=CARTESIAN_POINT('',(3.63567160776714E-16,0.00591818946426339,-0.00853866550403675));
#2487=CARTESIAN_POINT('',(-0.01585,0.006475287,-0.007544059));
#2488=CARTESIAN_POINT('',(3.63620738204535E-16,0.00548069656542697,-0.00810118668275583));
#2489=CARTESIAN_POINT('',(-0.01585,0.005341105,-0.00817938));
#2490=CARTESIAN_POINT('',(-0.01585,0.005341105,-0.00801938));
#2491=CARTESIAN_POINT('',(-0.01585,-0.00491938,-0.00801938));
#2492=CARTESIAN_POINT('',(-0.01585,0.00491937693626273,-0.00801938));
#2493=CARTESIAN_POINT('',(-0.01585,0.004764233,-0.007544059));
#2494=CARTESIAN_POINT('',(-0.01585,0.00491938,-0.007068739));
#2495=CARTESIAN_POINT('',(-0.01585,-0.005341105,-0.007068739));
#2496=CARTESIAN_POINT('',(-0.01585,0.005341105,-0.00706873911205));
#2497=CARTESIAN_POINT('',(-0.01585,0.005341105,-0.006908739));
#2498=CARTESIAN_POINT('',(-0.01585,0.00548069677308632,-0.00698693240508423));
#2499=CARTESIAN_POINT('',(-0.01585,0.006475287,-0.007544059));
#2500=CARTESIAN_POINT('',(-0.01585,0.00591818912024254,-0.00654945291632767));
#2501=CARTESIAN_POINT('',(-0.01585,0.00584,-0.006409859));
#2502=CARTESIAN_POINT('',(-0.01585,0.006,-0.006409859));
#2503=CARTESIAN_POINT('',(-0.01585,0.006,-0.01));
#2504=CARTESIAN_POINT('',(-0.01585,0.006,-0.00558812));
#2505=CARTESIAN_POINT('',(-0.01585,0.006,-0.00558812));
#2506=CARTESIAN_POINT('',(-0.01585,0.0055,-0.005));
#2507=CARTESIAN_POINT('',(-0.01585,0.0055,-0.005));
#2508=CARTESIAN_POINT('',(-0.01585,-0.0055,-0.005));
#2509=CARTESIAN_POINT('',(-0.01585,-0.0055,-0.005));
#2510=CARTESIAN_POINT('',(-0.01585,-0.006,-0.00558812));
#2511=CARTESIAN_POINT('',(-0.01585,-0.006,-0.00867826));
#2512=CARTESIAN_POINT('',(-0.01585,-0.0060000000071,-0.006409859));
#2513=CARTESIAN_POINT('',(-0.01585,-0.00584,-0.006409859));
#2514=CARTESIAN_POINT('',(-0.01585,-0.00591818929520237,-0.00654945283460511));
#2515=CARTESIAN_POINT('',(-0.01585,-0.006475287,-0.007544059));
#2516=CARTESIAN_POINT('',(-0.01585,-0.00548069657757087,-0.00698693229556475));
#2517=CARTESIAN_POINT('',(-0.01585,-0.005341105,-0.006908739));
#2518=CARTESIAN_POINT('',(-0.01585,-0.005341105,-0.007068739));
#2519=CARTESIAN_POINT('',(-0.01585,-0.005341105,-0.007068739));
#2520=CARTESIAN_POINT('',(-0.01585,-0.00491938,-0.007068739));
#2521=CARTESIAN_POINT('',(-0.01585,-0.004764233,-0.007544059));
#2522=CARTESIAN_POINT('',(-0.01585,-0.00491938,-0.00801938));
#2523=CARTESIAN_POINT('',(-0.01585,-0.00491938,-0.00801938));
#2524=CARTESIAN_POINT('',(-0.01585,-0.005341105,-0.00801938));
#2525=CARTESIAN_POINT('',(-0.01585,-0.005341105,-0.00817938));
#2526=CARTESIAN_POINT('',(3.64963121804633E-16,-0.00548069737307311,-0.00810118623034647));
#2527=CARTESIAN_POINT('',(-0.01585,-0.006475287,-0.007544059));
#2528=CARTESIAN_POINT('',(3.65016699093219E-16,-0.0059181891349763,-0.00853866609192498));
#2529=CARTESIAN_POINT('',(-0.01585,-0.00584,-0.00867826));
#2530=CARTESIAN_POINT('',(-0.01585,-0.006,-0.00867826));
#2531=CARTESIAN_POINT('',(-0.01585,-0.006,-0.00867826));
#2532=CARTESIAN_POINT('',(-0.01585,-0.006,-0.01));
#2533=CARTESIAN_POINT('',(-0.01585,-0.006,-0.01));
#2534=CARTESIAN_POINT('',(-0.01585,-0.0129,-0.01));
#2535=CARTESIAN_POINT('',(-0.01585,-0.0129,-0.01));
#2536=CARTESIAN_POINT('',(-0.01585,-0.0133,-0.0096));
#2537=CARTESIAN_POINT('',(-0.01585,-0.0133,-0.0096));
#2538=CARTESIAN_POINT('',(-0.01585,-0.0133,-0.0008));
#2539=CARTESIAN_POINT('',(-0.01585,-0.0133,-0.0008));
#2540=CARTESIAN_POINT('',(-0.01585,-0.0129,-0.0004));
#2541=CARTESIAN_POINT('',(-0.01585,0.0129,-0.0004));
#2542=CARTESIAN_POINT('',(-0.01585,0.0129,-0.0004));
#2543=CARTESIAN_POINT('',(-0.01585,-3.22694431575327E-18,-0.0025));
#2544=CARTESIAN_POINT('',(-0.01635,-3.28817665571064E-18,-0.0025));
#2545=CARTESIAN_POINT('',(-0.01635,-0.00115,-0.0025));
#2546=CARTESIAN_POINT('',(-0.01585,-0.0129,-0.0004));
#2547=CARTESIAN_POINT('',(-0.01635,0.0012,-0.0004));
#2548=CARTESIAN_POINT('',(-0.01635,0.0012,-0.0004));
#2549=CARTESIAN_POINT('',(-0.01635,-0.00645,-0.0004));
#2550=CARTESIAN_POINT('',(-0.01635,-0.0012,-0.0004));
#2551=CARTESIAN_POINT('',(-0.01635,-0.0012,-0.0004));
#2552=CARTESIAN_POINT('',(-0.01635,-3.11252054123108E-18,-0.002575));
#2553=CARTESIAN_POINT('',(-0.01635,0.0012,-0.0014875));
#2554=CARTESIAN_POINT('',(-0.01635,0.0012,-0.0025));
#2555=CARTESIAN_POINT('',(-0.01635,-3.28817665571064E-18,-0.0025));
#2556=CARTESIAN_POINT('',(-0.01635,-0.0012,-0.0025));
#2557=CARTESIAN_POINT('',(-0.01635,-0.0012,-0.0025375));
#2558=CARTESIAN_POINT('',(-0.01685,-0.0012,-0.0004));
#2559=CARTESIAN_POINT('',(-0.01685,-0.0012,-0.0025));
#2560=CARTESIAN_POINT('',(-0.01685,-3.34940899566801E-18,-0.0025));
#2561=CARTESIAN_POINT('',(-0.01685,0.0012,-0.0025));
#2562=CARTESIAN_POINT('',(-0.01685,0.0012,-0.0025));
#2563=CARTESIAN_POINT('',(-0.01635,-3.11252054123108E-18,-0.002575));
#2564=CARTESIAN_POINT('',(-0.01635,0.00725,-0.003));
#2565=CARTESIAN_POINT('',(-0.01635,0.00555,-0.003));
#2566=CARTESIAN_POINT('',(-0.01635,0.00725,-0.003));
#2567=CARTESIAN_POINT('',(-0.01635,0.0055,-0.003));
#2568=CARTESIAN_POINT('',(-0.01685,0.00725,-0.003));
#2569=CARTESIAN_POINT('',(-0.01635,-3.11252054123108E-18,-0.002575));
#2570=CARTESIAN_POINT('',(-0.01635,-0.00725,-0.003));
#2571=CARTESIAN_POINT('',(-0.01635,-0.00895,-0.003));
#2572=CARTESIAN_POINT('',(-0.01635,-0.00725,-0.003));
#2573=CARTESIAN_POINT('',(-0.01635,-0.009,-0.003));
#2574=CARTESIAN_POINT('',(-0.01685,-0.00725,-0.003));
#2575=CARTESIAN_POINT('',(-0.01635,0.00725,-0.003));
#2576=CARTESIAN_POINT('',(-0.01735,0.00659242871108905,-0.00324));
#2577=CARTESIAN_POINT('',(-0.01735,0.00639997708577036,-0.00324));
#2578=CARTESIAN_POINT('',(-0.0172997052782281,0.00621228441088164,-0.00324));
#2579=CARTESIAN_POINT('',(-0.0172018629917223,0.0060500000000962,-0.00324));
#2580=CARTESIAN_POINT('',(-0.0172018629917059,0.00605,-0.00323999999993816));
#2581=CARTESIAN_POINT('',(-0.01735,0.00659242871108906,-0.00324));
#2582=CARTESIAN_POINT('',(-0.01735,0.00725,-0.003));
#2583=CARTESIAN_POINT('',(-0.01735,0.00701,-0.00365757128891094));
#2584=CARTESIAN_POINT('',(-0.0172018629917223,0.00701,-0.00419999999990377));
#2585=CARTESIAN_POINT('',(-0.0173001449234696,0.00701,-0.00403698637916702));
#2586=CARTESIAN_POINT('',(-0.01735,0.00701,-0.00384909552082277));
#2587=CARTESIAN_POINT('',(-0.01735,0.00701,-0.00365757128891094));
#2588=CARTESIAN_POINT('',(-0.0172018629917275,0.00701,-0.00419999999995189));
#2589=CARTESIAN_POINT('',(-0.0172018629916792,0.0074899999998763,-0.0042));
#2590=CARTESIAN_POINT('',(-0.0172208253006904,0.00733274247575966,-0.0042));
#2591=CARTESIAN_POINT('',(-0.0172208177354669,0.00716719478460738,-0.0042));
#2592=CARTESIAN_POINT('',(-0.0172018629916792,0.0070100000001237,-0.0042));
#2593=CARTESIAN_POINT('',(-0.0172018629917007,0.00748999999993815,-0.00419999999995189));
#2594=CARTESIAN_POINT('',(-0.01735,0.00749,-0.00365757128891094));
#2595=CARTESIAN_POINT('',(-0.01735,0.00749,-0.00385002291426267));
#2596=CARTESIAN_POINT('',(-0.0172997052781787,0.00749,-0.00403771558920033));
#2597=CARTESIAN_POINT('',(-0.0172018629917223,0.00749,-0.00419999999990378));
#2598=CARTESIAN_POINT('',(-0.01735,0.00749,-0.00365757128891094));
#2599=CARTESIAN_POINT('',(-0.01735,0.00725,-0.003));
#2600=CARTESIAN_POINT('',(-0.01735,0.00790757128891094,-0.00324));
#2601=CARTESIAN_POINT('',(-0.0172018629917223,0.00844999999990375,-0.00324));
#2602=CARTESIAN_POINT('',(-0.0172997783047959,0.00828759446486868,-0.00324));
#2603=CARTESIAN_POINT('',(-0.01735,0.00809942965293256,-0.00324));
#2604=CARTESIAN_POINT('',(-0.01735,0.00790757128891095,-0.00324));
#2605=CARTESIAN_POINT('',(-0.0172018629917059,0.00845,-0.00323999999993815));
#2606=CARTESIAN_POINT('',(-0.0172018629916792,0.00845,-0.00276000000012369));
#2607=CARTESIAN_POINT('',(-0.0172208567752552,0.00845,-0.00291751854794427));
#2608=CARTESIAN_POINT('',(-0.0172208567752552,0.00845,-0.00308248145205572));
#2609=CARTESIAN_POINT('',(-0.0172018629916792,0.00845,-0.00323999999987631));
#2610=CARTESIAN_POINT('',(-0.0172018629917275,0.0084499999999519,-0.00276));
#2611=CARTESIAN_POINT('',(-0.01735,0.00790757128891095,-0.00276));
#2612=CARTESIAN_POINT('',(-0.01735,0.00810002291426268,-0.00276));
#2613=CARTESIAN_POINT('',(-0.0172997052781786,0.00828771558920033,-0.00276));
#2614=CARTESIAN_POINT('',(-0.0172018629917223,0.0084499999999038,-0.00276));
#2615=CARTESIAN_POINT('',(-0.01735,0.00790757128891094,-0.00276));
#2616=CARTESIAN_POINT('',(-0.01735,0.00725,-0.003));
#2617=CARTESIAN_POINT('',(-0.01735,0.00749,-0.00234242871108906));
#2618=CARTESIAN_POINT('',(-0.0172018629917223,0.00749,-0.00180000000009623));
#2619=CARTESIAN_POINT('',(-0.0173001449234696,0.00749,-0.001963013620833));
#2620=CARTESIAN_POINT('',(-0.01735,0.00749,-0.00215090447917714));
#2621=CARTESIAN_POINT('',(-0.01735,0.00749,-0.00234242871108906));
#2622=CARTESIAN_POINT('',(-0.0172018629917275,0.00749,-0.00180000000004811));
#2623=CARTESIAN_POINT('',(-0.0172018629916792,0.0070100000001237,-0.0018));
#2624=CARTESIAN_POINT('',(-0.0172208567752552,0.00716751854794408,-0.0018));
#2625=CARTESIAN_POINT('',(-0.0172208567752552,0.00733248145205577,-0.0018));
#2626=CARTESIAN_POINT('',(-0.0172018629916792,0.0074899999998763,-0.0018));
#2627=CARTESIAN_POINT('',(-0.0172018629917059,0.00701000000006184,-0.0018));
#2628=CARTESIAN_POINT('',(-0.01735,0.00701,-0.00234242871108905));
#2629=CARTESIAN_POINT('',(-0.01735,0.00701,-0.0021499770857373));
#2630=CARTESIAN_POINT('',(-0.0172997052781787,0.00701,-0.00196228441079969));
#2631=CARTESIAN_POINT('',(-0.0172018629917223,0.00701,-0.0018000000000962));
#2632=CARTESIAN_POINT('',(-0.01735,0.00701,-0.00234242871108906));
#2633=CARTESIAN_POINT('',(-0.01735,0.00725,-0.003));
#2634=CARTESIAN_POINT('',(-0.01735,0.00659242871108906,-0.00276));
#2635=CARTESIAN_POINT('',(-0.0172018629917223,0.00605000000009622,-0.00276));
#2636=CARTESIAN_POINT('',(-0.0173001449234697,0.00621301362083302,-0.00276));
#2637=CARTESIAN_POINT('',(-0.01735,0.00640090447917717,-0.00276));
#2638=CARTESIAN_POINT('',(-0.01735,0.00659242871108906,-0.00276));
#2639=CARTESIAN_POINT('',(-0.0172018629917275,0.00605000000004811,-0.00276));
#2640=CARTESIAN_POINT('',(-0.0172018629916792,0.00605,-0.00323999999987631));
#2641=CARTESIAN_POINT('',(-0.0172208567752552,0.00605,-0.00308248145205574));
#2642=CARTESIAN_POINT('',(-0.0172208567752552,0.00605,-0.00291751854794427));
#2643=CARTESIAN_POINT('',(-0.0172018629916792,0.00605,-0.00276000000012369));
#2644=CARTESIAN_POINT('',(-0.01635,-0.00725,-0.003));
#2645=CARTESIAN_POINT('',(-0.01735,-0.00790757128891094,-0.00324));
#2646=CARTESIAN_POINT('',(-0.01735,-0.00810002291430036,-0.00324));
#2647=CARTESIAN_POINT('',(-0.017299705278158,-0.0082877155892753,-0.00324));
#2648=CARTESIAN_POINT('',(-0.0172018629916643,-0.00844999999999998,-0.00324));
#2649=CARTESIAN_POINT('',(-0.0172018629916643,-0.00845,-0.00324));
#2650=CARTESIAN_POINT('',(-0.01735,-0.00790757128891095,-0.00324));
#2651=CARTESIAN_POINT('',(-0.01735,-0.00725,-0.003));
#2652=CARTESIAN_POINT('',(-0.01735,-0.00749,-0.00365757128891094));
#2653=CARTESIAN_POINT('',(-0.0172018629917223,-0.00749,-0.00419999999990377));
#2654=CARTESIAN_POINT('',(-0.0173001449234696,-0.00749,-0.00403698637916702));
#2655=CARTESIAN_POINT('',(-0.01735,-0.00749,-0.00384909552082278));
#2656=CARTESIAN_POINT('',(-0.01735,-0.00749,-0.00365757128891094));
#2657=CARTESIAN_POINT('',(-0.0172018629917275,-0.00749,-0.00419999999995189));
#2658=CARTESIAN_POINT('',(-0.0172018629916792,-0.00701000000012369,-0.0042));
#2659=CARTESIAN_POINT('',(-0.0172208253006904,-0.00716725752424031,-0.0042));
#2660=CARTESIAN_POINT('',(-0.017220817735467,-0.00733280521539248,-0.0042));
#2661=CARTESIAN_POINT('',(-0.0172018629916792,-0.00748999999987631,-0.0042));
#2662=CARTESIAN_POINT('',(-0.0172018629917007,-0.00701000000006185,-0.00419999999995189));
#2663=CARTESIAN_POINT('',(-0.01735,-0.00701,-0.00365757128891094));
#2664=CARTESIAN_POINT('',(-0.01735,-0.00701,-0.00385002291426267));
#2665=CARTESIAN_POINT('',(-0.0172997052781786,-0.00701,-0.00403771558920035));
#2666=CARTESIAN_POINT('',(-0.0172018629917223,-0.00701,-0.00419999999990378));
#2667=CARTESIAN_POINT('',(-0.01735,-0.00701,-0.00365757128891094));
#2668=CARTESIAN_POINT('',(-0.01735,-0.00725,-0.003));
#2669=CARTESIAN_POINT('',(-0.01735,-0.00659242871108906,-0.00324));
#2670=CARTESIAN_POINT('',(-0.0172018629917223,-0.00605000000009623,-0.00324));
#2671=CARTESIAN_POINT('',(-0.0172997783047959,-0.00621240553513124,-0.00324));
#2672=CARTESIAN_POINT('',(-0.01735,-0.00640057034706748,-0.00324));
#2673=CARTESIAN_POINT('',(-0.01735,-0.00659242871108905,-0.00324));
#2674=CARTESIAN_POINT('',(-0.0172018629917059,-0.00605,-0.00323999999993815));
#2675=CARTESIAN_POINT('',(-0.0172018629916792,-0.00605,-0.00276000000012369));
#2676=CARTESIAN_POINT('',(-0.0172208567752552,-0.00605,-0.00291751854794427));
#2677=CARTESIAN_POINT('',(-0.0172208567752552,-0.00605,-0.00308248145205573));
#2678=CARTESIAN_POINT('',(-0.0172018629916792,-0.00605,-0.00323999999987631));
#2679=CARTESIAN_POINT('',(-0.0172018629917275,-0.0060500000000481,-0.00276));
#2680=CARTESIAN_POINT('',(-0.01735,-0.00659242871108906,-0.00276));
#2681=CARTESIAN_POINT('',(-0.01735,-0.00639997708573738,-0.00276));
#2682=CARTESIAN_POINT('',(-0.0172997052781787,-0.00621228441079975,-0.00276));
#2683=CARTESIAN_POINT('',(-0.0172018629917223,-0.0060500000000962,-0.00276));
#2684=CARTESIAN_POINT('',(-0.01735,-0.00659242871108906,-0.00276));
#2685=CARTESIAN_POINT('',(-0.01735,-0.00725,-0.003));
#2686=CARTESIAN_POINT('',(-0.01735,-0.00701,-0.00234242871108906));
#2687=CARTESIAN_POINT('',(-0.0172018629916643,-0.00701,-0.00180000000000002));
#2688=CARTESIAN_POINT('',(-0.0173001449234703,-0.00701,-0.0019630136207931));
#2689=CARTESIAN_POINT('',(-0.01735,-0.00701,-0.00215090447915308));
#2690=CARTESIAN_POINT('',(-0.01735,-0.00701,-0.00234242871108906));
#2691=CARTESIAN_POINT('',(-0.0172018629916643,-0.00701,-0.0018));
#2692=CARTESIAN_POINT('',(-0.0172018629916643,-0.00749,-0.0018));
#2693=CARTESIAN_POINT('',(-0.0172208567752604,-0.00733248145210084,-0.0018));
#2694=CARTESIAN_POINT('',(-0.0172208567752604,-0.0071675185478996,-0.0018));
#2695=CARTESIAN_POINT('',(-0.0172018629916643,-0.00701,-0.0018));
#2696=CARTESIAN_POINT('',(-0.0172018629916643,-0.00749,-0.0018));
#2697=CARTESIAN_POINT('',(-0.01735,-0.00749,-0.00234242871108906));
#2698=CARTESIAN_POINT('',(-0.01735,-0.00749,-0.0021499770856997));
#2699=CARTESIAN_POINT('',(-0.017299705278158,-0.00749,-0.00196228441072469));
#2700=CARTESIAN_POINT('',(-0.0172018629916643,-0.00749,-0.00180000000000002));
#2701=CARTESIAN_POINT('',(-0.01735,-0.00749,-0.00234242871108906));
#2702=CARTESIAN_POINT('',(-0.01735,-0.00725,-0.003));
#2703=CARTESIAN_POINT('',(-0.01735,-0.00790757128891095,-0.00276));
#2704=CARTESIAN_POINT('',(-0.0172018629916643,-0.00844999999999998,-0.00276));
#2705=CARTESIAN_POINT('',(-0.0173001449234703,-0.00828698637920684,-0.00276));
#2706=CARTESIAN_POINT('',(-0.01735,-0.00809909552084691,-0.00276));
#2707=CARTESIAN_POINT('',(-0.01735,-0.00790757128891095,-0.00276));
#2708=CARTESIAN_POINT('',(-0.0172018629916643,-0.00845,-0.00276));
#2709=CARTESIAN_POINT('',(-0.0172018629916643,-0.00845,-0.00324));
#2710=CARTESIAN_POINT('',(-0.0172208567752604,-0.00845,-0.00308248145210084));
#2711=CARTESIAN_POINT('',(-0.0172208567752604,-0.00845,-0.00291751854789917));
#2712=CARTESIAN_POINT('',(-0.0172018629916643,-0.00845,-0.00276));
#2713=CARTESIAN_POINT('',(-0.01735,-3.23498522114582E-18,-0.003));
#2714=CARTESIAN_POINT('',(-0.01735,0.003025,-0.00324));
#2715=CARTESIAN_POINT('',(-0.01735,0.00701,-0.00324));
#2716=CARTESIAN_POINT('',(-0.01735,0.00701,-0.00312));
#2717=CARTESIAN_POINT('',(-0.01735,-3.23498522114582E-18,-0.003));
#2718=CARTESIAN_POINT('',(-0.01735,0.003505,-0.00276));
#2719=CARTESIAN_POINT('',(-0.01735,0.00701,-0.00276));
#2720=CARTESIAN_POINT('',(-0.01735,0.00701,-0.0024));
#2721=CARTESIAN_POINT('',(-0.01735,-3.23498522114582E-18,-0.003));
#2722=CARTESIAN_POINT('',(-0.01735,0.00749,-0.00288));
#2723=CARTESIAN_POINT('',(-0.01735,0.00749,-0.00276));
#2724=CARTESIAN_POINT('',(-0.01735,0.004225,-0.00276));
#2725=CARTESIAN_POINT('',(-0.01735,-3.23498522114582E-18,-0.003));
#2726=CARTESIAN_POINT('',(-0.01735,0.00749,-0.0036));
#2727=CARTESIAN_POINT('',(-0.01735,0.00749,-0.00324));
#2728=CARTESIAN_POINT('',(-0.01735,0.003745,-0.00324));
#2729=CARTESIAN_POINT('',(-0.01735,-3.23498522114582E-18,-0.003));
#2730=CARTESIAN_POINT('',(-0.01735,-0.004225,-0.00324));
#2731=CARTESIAN_POINT('',(-0.01735,-0.00749,-0.00324));
#2732=CARTESIAN_POINT('',(-0.01735,-0.00749,-0.00312));
#2733=CARTESIAN_POINT('',(-0.01735,-3.23498522114582E-18,-0.003));
#2734=CARTESIAN_POINT('',(-0.01735,-0.003745,-0.00276));
#2735=CARTESIAN_POINT('',(-0.01735,-0.00749,-0.00276));
#2736=CARTESIAN_POINT('',(-0.01735,-0.00749,-0.0024));
#2737=CARTESIAN_POINT('',(-0.01735,-3.23498522114582E-18,-0.003));
#2738=CARTESIAN_POINT('',(-0.01735,-0.00701,-0.00288));
#2739=CARTESIAN_POINT('',(-0.01735,-0.00701,-0.00276));
#2740=CARTESIAN_POINT('',(-0.01735,-0.003025,-0.00276));
#2741=CARTESIAN_POINT('',(-0.01735,-3.23498522114582E-18,-0.003));
#2742=CARTESIAN_POINT('',(-0.01735,-0.00701,-0.0036));
#2743=CARTESIAN_POINT('',(-0.01735,-0.00701,-0.00324));
#2744=CARTESIAN_POINT('',(-0.01735,-0.003505,-0.00324));
#2745=CARTESIAN_POINT('',(-0.01635,-3.11252054123108E-18,-0.002575));
#2746=CARTESIAN_POINT('',(-0.01635,0.00749,-0.00312));
#2747=CARTESIAN_POINT('',(-0.01635,0.00749,-0.0042));
#2748=CARTESIAN_POINT('',(-0.01635,0.00749,-0.00324));
#2749=CARTESIAN_POINT('',(-0.01635,0.003745,-0.0042));
#2750=CARTESIAN_POINT('',(-0.01635,0.00701,-0.0042));
#2751=CARTESIAN_POINT('',(-0.01635,0.00701,-0.0036));
#2752=CARTESIAN_POINT('',(-0.01635,0.00701,-0.00324));
#2753=CARTESIAN_POINT('',(-0.01635,0.003505,-0.00324));
#2754=CARTESIAN_POINT('',(-0.01635,0.00605,-0.00324));
#2755=CARTESIAN_POINT('',(-0.01635,0.00605,-0.00312));
#2756=CARTESIAN_POINT('',(-0.01635,0.00605,-0.00276));
#2757=CARTESIAN_POINT('',(-0.01635,0.003025,-0.00276));
#2758=CARTESIAN_POINT('',(-0.01635,0.00701,-0.00276));
#2759=CARTESIAN_POINT('',(-0.01635,0.00701,-0.00288));
#2760=CARTESIAN_POINT('',(-0.01635,0.00701,-0.0018));
#2761=CARTESIAN_POINT('',(-0.01635,0.003505,-0.0018));
#2762=CARTESIAN_POINT('',(-0.01635,0.00749,-0.0018));
#2763=CARTESIAN_POINT('',(-0.01635,0.00749,-0.0024));
#2764=CARTESIAN_POINT('',(-0.01635,0.00749,-0.00276));
#2765=CARTESIAN_POINT('',(-0.01635,0.003745,-0.00276));
#2766=CARTESIAN_POINT('',(-0.01635,0.00845,-0.00276));
#2767=CARTESIAN_POINT('',(-0.01635,0.00845,-0.00288));
#2768=CARTESIAN_POINT('',(-0.01635,0.00845,-0.00324));
#2769=CARTESIAN_POINT('',(-0.01635,0.004225,-0.00324));
#2770=CARTESIAN_POINT('',(-0.01735,-0.00749,-0.00276));
#2771=CARTESIAN_POINT('',(-0.01735,0.00845,-0.00276));
#2772=CARTESIAN_POINT('',(-0.01735,0.00749,-0.00276));
#2773=CARTESIAN_POINT('',(-0.01735,0.00749,-0.00276));
#2774=CARTESIAN_POINT('',(-0.01735,0.00749,-0.0018));
#2775=CARTESIAN_POINT('',(-0.01735,-0.00701,-0.0018));
#2776=CARTESIAN_POINT('',(-0.01735,0.00701,-0.0018));
#2777=CARTESIAN_POINT('',(-0.01735,-0.00749,-0.00276));
#2778=CARTESIAN_POINT('',(-0.01735,0.00701,-0.00276));
#2779=CARTESIAN_POINT('',(-0.01735,0.00605,-0.00276));
#2780=CARTESIAN_POINT('',(-0.01735,0.00605,-0.00276));
#2781=CARTESIAN_POINT('',(-0.01735,0.00605,-0.00324));
#2782=CARTESIAN_POINT('',(-0.01735,0.00701,-0.0018));
#2783=CARTESIAN_POINT('',(-0.01735,0.00701,-0.00324));
#2784=CARTESIAN_POINT('',(-0.01735,0.00701,-0.0042));
#2785=CARTESIAN_POINT('',(-0.01735,0.00845,-0.00324));
#2786=CARTESIAN_POINT('',(-0.01735,0.00845,-0.00324));
#2787=CARTESIAN_POINT('',(-0.01735,-0.00845,-0.00324));
#2788=CARTESIAN_POINT('',(-0.01735,0.00749,-0.00324));
#2789=CARTESIAN_POINT('',(-0.01735,0.00701,-0.0018));
#2790=CARTESIAN_POINT('',(-0.01735,0.00749,-0.00276));
#2791=CARTESIAN_POINT('',(-0.01735,0.00749,-0.0042));
#2792=CARTESIAN_POINT('',(-0.01735,-0.00749,-0.0042));
#2793=CARTESIAN_POINT('',(-0.01735,-0.00845,-0.00324));
#2794=CARTESIAN_POINT('',(-0.01635,-3.11252054123108E-18,-0.002575));
#2795=CARTESIAN_POINT('',(-0.01635,-0.00605,-0.00288));
#2796=CARTESIAN_POINT('',(-0.01635,-0.00605,-0.00324));
#2797=CARTESIAN_POINT('',(-0.01635,-0.00605,-0.00276));
#2798=CARTESIAN_POINT('',(-0.01635,-0.003025,-0.00324));
#2799=CARTESIAN_POINT('',(-0.01635,-0.00701,-0.00324));
#2800=CARTESIAN_POINT('',(-0.01635,-0.00701,-0.00312));
#2801=CARTESIAN_POINT('',(-0.01635,-0.00701,-0.0042));
#2802=CARTESIAN_POINT('',(-0.01635,-0.003505,-0.0042));
#2803=CARTESIAN_POINT('',(-0.01635,-0.00749,-0.0042));
#2804=CARTESIAN_POINT('',(-0.01635,-0.00749,-0.0036));
#2805=CARTESIAN_POINT('',(-0.01635,-0.00749,-0.00324));
#2806=CARTESIAN_POINT('',(-0.01635,-0.003745,-0.00324));
#2807=CARTESIAN_POINT('',(-0.01635,-0.00845,-0.00324));
#2808=CARTESIAN_POINT('',(-0.01635,-0.00845,-0.00312));
#2809=CARTESIAN_POINT('',(-0.01635,-0.00845,-0.00276));
#2810=CARTESIAN_POINT('',(-0.01635,-0.004225,-0.00276));
#2811=CARTESIAN_POINT('',(-0.01635,-0.00749,-0.00276));
#2812=CARTESIAN_POINT('',(-0.01635,-0.00749,-0.00288));
#2813=CARTESIAN_POINT('',(-0.01635,-0.00749,-0.0018));
#2814=CARTESIAN_POINT('',(-0.01635,-0.003745,-0.0018));
#2815=CARTESIAN_POINT('',(-0.01635,-0.00701,-0.0018));
#2816=CARTESIAN_POINT('',(-0.01635,-0.00701,-0.0024));
#2817=CARTESIAN_POINT('',(-0.01635,-0.00701,-0.00276));
#2818=CARTESIAN_POINT('',(-0.01635,-0.003505,-0.00276));
#2819=CARTESIAN_POINT('',(-0.01735,-0.00749,-0.00276));
#2820=CARTESIAN_POINT('',(-0.01735,-0.00605,-0.00276));
#2821=CARTESIAN_POINT('',(-0.01735,-0.00701,-0.00276));
#2822=CARTESIAN_POINT('',(-0.01735,-0.00701,-0.00276));
#2823=CARTESIAN_POINT('',(-0.01735,-0.00701,-0.0018));
#2824=CARTESIAN_POINT('',(-0.01735,-0.00701,-0.0018));
#2825=CARTESIAN_POINT('',(-0.01735,-0.00749,-0.0018));
#2826=CARTESIAN_POINT('',(-0.01735,-0.00749,-0.00276));
#2827=CARTESIAN_POINT('',(-0.01735,-0.00749,-0.00276));
#2828=CARTESIAN_POINT('',(-0.01735,-0.00845,-0.00276));
#2829=CARTESIAN_POINT('',(-0.01735,-0.00845,-0.00276));
#2830=CARTESIAN_POINT('',(-0.01735,-0.00845,-0.00324));
#2831=CARTESIAN_POINT('',(-0.01735,-0.00749,-0.0018));
#2832=CARTESIAN_POINT('',(-0.01735,-0.00749,-0.00324));
#2833=CARTESIAN_POINT('',(-0.01735,-0.00749,-0.0042));
#2834=CARTESIAN_POINT('',(-0.01735,-0.00605,-0.00324));
#2835=CARTESIAN_POINT('',(-0.01735,-0.00605,-0.00324));
#2836=CARTESIAN_POINT('',(-0.01735,-0.00845,-0.00324));
#2837=CARTESIAN_POINT('',(-0.01735,-0.00701,-0.00324));
#2838=CARTESIAN_POINT('',(-0.01735,-0.00749,-0.0018));
#2839=CARTESIAN_POINT('',(-0.01735,-0.00701,-0.00276));
#2840=CARTESIAN_POINT('',(-0.01735,-0.00701,-0.0042));
#2841=CARTESIAN_POINT('',(-0.01735,-0.00749,-0.0042));
#2842=CARTESIAN_POINT('',(-0.01735,-0.00845,-0.00324));
#2843=MECHANICAL_DESIGN_GEOMETRIC_PRESENTATION_REPRESENTATION('',(#1564,
#38,#39,#40,#41,#42,#43,#44,#45,#46,#47,#48,#49,#50,#51,#52,#53,#54,#55,
#56,#57,#58,#59,#60,#61,#62,#63,#64,#65,#66,#67,#68,#69,#70,#71,#72,#73),
#2844);
#2844=(
GEOMETRIC_REPRESENTATION_CONTEXT(3)
GLOBAL_UNCERTAINTY_ASSIGNED_CONTEXT((#2845))
GLOBAL_UNIT_ASSIGNED_CONTEXT((#2848,#2847,#2846))
REPRESENTATION_CONTEXT('MGN12C Carriage v1','TOP_LEVEL_ASSEMBLY_PART')
);
#2845=UNCERTAINTY_MEASURE_WITH_UNIT(LENGTH_MEASURE(2.E-5),#2848,
'DISTANCE_ACCURACY_VALUE','Maximum Tolerance applied to model');
#2846=(
NAMED_UNIT(*)
SI_UNIT($,.STERADIAN.)
SOLID_ANGLE_UNIT()
);
#2847=(
NAMED_UNIT(*)
PLANE_ANGLE_UNIT()
SI_UNIT($,.RADIAN.)
);
#2848=(
LENGTH_UNIT()
NAMED_UNIT(*)
SI_UNIT($,.METRE.)
);
#2849=PRODUCT_DEFINITION_SHAPE('','',#2850);
#2850=PRODUCT_DEFINITION('','',#2852,#2851);
#2851=PRODUCT_DEFINITION_CONTEXT('',#2858,'design');
#2852=PRODUCT_DEFINITION_FORMATION_WITH_SPECIFIED_SOURCE('','',#2854,
 .NOT_KNOWN.);
#2853=PRODUCT_RELATED_PRODUCT_CATEGORY('','',(#2854));
#2854=PRODUCT('MGN12C Carriage v1','MGN12C Carriage v1',
'MGN12C Carriage v1',(#2856));
#2855=PRODUCT_CATEGORY('','');
#2856=PRODUCT_CONTEXT('',#2858,'mechanical');
#2857=APPLICATION_PROTOCOL_DEFINITION('international standard',
'ap242_managed_model_based_3d_engineering',2020,#2858);
#2858=APPLICATION_CONTEXT('managed model based 3d engineering');
ENDSEC;
END-ISO-10303-21;
