ISO-10303-21;
HEADER;
/* Generated by software containing ST-Developer
 * from STEP Tools, Inc. (www.steptools.com) 
 */
/* OPTION: using custom renumber hook */

FILE_DESCRIPTION(
/* description */ ('STEP AP242 Edition 2',
'CAx-IF Rec.Pracs.---Representation and Presentation of Product Manufa
cturing Information (PMI)---4.0---2014-10-13',
'CAx-IF Rec.Pracs.---3D Tessellated Geometry---0.4---2014-09-14','2;1',
'CAx-IF Rec.Pracs.---User Defined Attributes---1.5---2016-08-15'),
/* implementation_level */ '2;1');

FILE_NAME(
/* name */ 
'toolhead v4 - Linear Rail - MGN12 450mm + MGN12C carriage v1',
/* time_stamp */ '2026-08-19T20:10:40Z',
/* author */ (''),
/* organization */ (''),
/* preprocessor_version */ 'ST-DEVELOPER v20',
/* originating_system */ 'ONSHAPE BY PTC INC, 1.219',
/* authorisation */ '  ');

FILE_SCHEMA (('AP242_MANAGED_MODEL_BASED_3D_ENGINEERING_MIM_LF { 1 0 10303 442 3 1 4 }'));
ENDSEC;

DATA;
#10=SHAPE_REPRESENTATION_RELATIONSHIP('','',#1545,#11);
#11=ADVANCED_BREP_SHAPE_REPRESENTATION('',(#1543),#2689);
#12=CONICAL_SURFACE('',#1628,0.00325,0.785398163397448);
#13=CONICAL_SURFACE('',#1636,0.00325,0.785398163397448);
#14=CONICAL_SURFACE('',#1644,0.00325,0.785398163397448);
#15=CONICAL_SURFACE('',#1652,0.00325,0.785398163397448);
#16=CONICAL_SURFACE('',#1660,0.00325,0.785398163397448);
#17=CONICAL_SURFACE('',#1668,0.00325,0.785398163397448);
#18=CONICAL_SURFACE('',#1676,0.00325,0.785398163397448);
#19=CONICAL_SURFACE('',#1684,0.00325,0.785398163397448);
#20=CONICAL_SURFACE('',#1692,0.00325,0.785398163397448);
#21=CONICAL_SURFACE('',#1700,0.00325,0.785398163397448);
#22=CONICAL_SURFACE('',#1708,0.00325,0.785398163397448);
#23=CONICAL_SURFACE('',#1716,0.00325,0.785398163397448);
#24=CONICAL_SURFACE('',#1724,0.00325,0.785398163397448);
#25=CONICAL_SURFACE('',#1732,0.00325,0.785398163397448);
#26=CONICAL_SURFACE('',#1740,0.00325,0.785398163397448);
#27=CONICAL_SURFACE('',#1748,0.00325,0.785398163397448);
#28=CONICAL_SURFACE('',#1756,0.00325,0.785398163397448);
#29=CONICAL_SURFACE('',#1766,0.00325,0.785398163397448);
#30=CYLINDRICAL_SURFACE('',#1583,0.00016);
#31=CYLINDRICAL_SURFACE('',#1585,0.0011399996828);
#32=CYLINDRICAL_SURFACE('',#1587,0.000160000224100001);
#33=CYLINDRICAL_SURFACE('',#1590,0.000499999694000001);
#34=CYLINDRICAL_SURFACE('',#1593,0.00016);
#35=CYLINDRICAL_SURFACE('',#1595,0.0011399996828);
#36=CYLINDRICAL_SURFACE('',#1597,0.0001600000142);
#37=CYLINDRICAL_SURFACE('',#1603,0.00016);
#38=CYLINDRICAL_SURFACE('',#1605,0.0011399998957);
#39=CYLINDRICAL_SURFACE('',#1607,0.0001600002241);
#40=CYLINDRICAL_SURFACE('',#1610,0.000499999694);
#41=CYLINDRICAL_SURFACE('',#1613,0.00016);
#42=CYLINDRICAL_SURFACE('',#1615,0.0011399998957);
#43=CYLINDRICAL_SURFACE('',#1617,0.0001600000142);
#44=CYLINDRICAL_SURFACE('',#1622,0.00175);
#45=CYLINDRICAL_SURFACE('',#1626,0.003);
#46=CYLINDRICAL_SURFACE('',#1630,0.00175);
#47=CYLINDRICAL_SURFACE('',#1634,0.003);
#48=CYLINDRICAL_SURFACE('',#1638,0.00175);
#49=CYLINDRICAL_SURFACE('',#1642,0.003);
#50=CYLINDRICAL_SURFACE('',#1646,0.00175);
#51=CYLINDRICAL_SURFACE('',#1650,0.003);
#52=CYLINDRICAL_SURFACE('',#1654,0.00175);
#53=CYLINDRICAL_SURFACE('',#1658,0.003);
#54=CYLINDRICAL_SURFACE('',#1662,0.00175);
#55=CYLINDRICAL_SURFACE('',#1666,0.003);
#56=CYLINDRICAL_SURFACE('',#1670,0.00175);
#57=CYLINDRICAL_SURFACE('',#1674,0.003);
#58=CYLINDRICAL_SURFACE('',#1678,0.00175);
#59=CYLINDRICAL_SURFACE('',#1682,0.003);
#60=CYLINDRICAL_SURFACE('',#1686,0.00175);
#61=CYLINDRICAL_SURFACE('',#1690,0.003);
#62=CYLINDRICAL_SURFACE('',#1694,0.00175);
#63=CYLINDRICAL_SURFACE('',#1698,0.003);
#64=CYLINDRICAL_SURFACE('',#1702,0.00175);
#65=CYLINDRICAL_SURFACE('',#1706,0.003);
#66=CYLINDRICAL_SURFACE('',#1710,0.00175);
#67=CYLINDRICAL_SURFACE('',#1714,0.003);
#68=CYLINDRICAL_SURFACE('',#1718,0.00175);
#69=CYLINDRICAL_SURFACE('',#1722,0.003);
#70=CYLINDRICAL_SURFACE('',#1726,0.00175);
#71=CYLINDRICAL_SURFACE('',#1730,0.003);
#72=CYLINDRICAL_SURFACE('',#1734,0.00175);
#73=CYLINDRICAL_SURFACE('',#1738,0.003);
#74=CYLINDRICAL_SURFACE('',#1742,0.00175);
#75=CYLINDRICAL_SURFACE('',#1746,0.003);
#76=CYLINDRICAL_SURFACE('',#1750,0.00175);
#77=CYLINDRICAL_SURFACE('',#1754,0.003);
#78=CYLINDRICAL_SURFACE('',#1758,0.00175);
#79=CYLINDRICAL_SURFACE('',#1764,0.003);
#80=CIRCLE('',#1548,0.00016);
#81=CIRCLE('',#1549,0.0011399996828);
#82=CIRCLE('',#1550,0.000160000224100001);
#83=CIRCLE('',#1551,0.000499999694);
#84=CIRCLE('',#1552,0.00016);
#85=CIRCLE('',#1553,0.0011399996828);
#86=CIRCLE('',#1554,0.0001600000142);
#87=CIRCLE('',#1555,0.00016);
#88=CIRCLE('',#1556,0.0011399998957);
#89=CIRCLE('',#1557,0.0001600002241);
#90=CIRCLE('',#1558,0.000499999694);
#91=CIRCLE('',#1559,0.00016);
#92=CIRCLE('',#1560,0.0011399998957);
#93=CIRCLE('',#1561,0.0001600000142);
#94=CIRCLE('',#1563,0.00175);
#95=CIRCLE('',#1564,0.00175);
#96=CIRCLE('',#1565,0.00175);
#97=CIRCLE('',#1566,0.00175);
#98=CIRCLE('',#1567,0.00175);
#99=CIRCLE('',#1568,0.00175);
#100=CIRCLE('',#1569,0.00175);
#101=CIRCLE('',#1570,0.00175);
#102=CIRCLE('',#1571,0.00175);
#103=CIRCLE('',#1572,0.00175);
#104=CIRCLE('',#1573,0.00175);
#105=CIRCLE('',#1574,0.00175);
#106=CIRCLE('',#1575,0.00175);
#107=CIRCLE('',#1576,0.00175);
#108=CIRCLE('',#1577,0.00175);
#109=CIRCLE('',#1578,0.00175);
#110=CIRCLE('',#1579,0.00175);
#111=CIRCLE('',#1580,0.00175);
#112=CIRCLE('',#1584,0.00016);
#113=CIRCLE('',#1586,0.0011399996828);
#114=CIRCLE('',#1588,0.000160000224100001);
#115=CIRCLE('',#1591,0.000499999694);
#116=CIRCLE('',#1594,0.00016);
#117=CIRCLE('',#1596,0.0011399996828);
#118=CIRCLE('',#1598,0.0001600000142);
#119=CIRCLE('',#1604,0.00016);
#120=CIRCLE('',#1606,0.0011399998957);
#121=CIRCLE('',#1608,0.0001600002241);
#122=CIRCLE('',#1611,0.000499999694);
#123=CIRCLE('',#1614,0.00016);
#124=CIRCLE('',#1616,0.0011399998957);
#125=CIRCLE('',#1618,0.0001600000142);
#126=CIRCLE('',#1623,0.00175);
#127=CIRCLE('',#1625,0.003);
#128=CIRCLE('',#1627,0.003);
#129=CIRCLE('',#1629,0.0035);
#130=CIRCLE('',#1631,0.00175);
#131=CIRCLE('',#1633,0.003);
#132=CIRCLE('',#1635,0.003);
#133=CIRCLE('',#1637,0.0035);
#134=CIRCLE('',#1639,0.00175);
#135=CIRCLE('',#1641,0.003);
#136=CIRCLE('',#1643,0.003);
#137=CIRCLE('',#1645,0.0035);
#138=CIRCLE('',#1647,0.00175);
#139=CIRCLE('',#1649,0.003);
#140=CIRCLE('',#1651,0.003);
#141=CIRCLE('',#1653,0.0035);
#142=CIRCLE('',#1655,0.00175);
#143=CIRCLE('',#1657,0.003);
#144=CIRCLE('',#1659,0.003);
#145=CIRCLE('',#1661,0.0035);
#146=CIRCLE('',#1663,0.00175);
#147=CIRCLE('',#1665,0.003);
#148=CIRCLE('',#1667,0.003);
#149=CIRCLE('',#1669,0.0035);
#150=CIRCLE('',#1671,0.00175);
#151=CIRCLE('',#1673,0.003);
#152=CIRCLE('',#1675,0.003);
#153=CIRCLE('',#1677,0.0035);
#154=CIRCLE('',#1679,0.00175);
#155=CIRCLE('',#1681,0.003);
#156=CIRCLE('',#1683,0.003);
#157=CIRCLE('',#1685,0.0035);
#158=CIRCLE('',#1687,0.00175);
#159=CIRCLE('',#1689,0.003);
#160=CIRCLE('',#1691,0.003);
#161=CIRCLE('',#1693,0.0035);
#162=CIRCLE('',#1695,0.00175);
#163=CIRCLE('',#1697,0.003);
#164=CIRCLE('',#1699,0.003);
#165=CIRCLE('',#1701,0.0035);
#166=CIRCLE('',#1703,0.00175);
#167=CIRCLE('',#1705,0.003);
#168=CIRCLE('',#1707,0.003);
#169=CIRCLE('',#1709,0.0035);
#170=CIRCLE('',#1711,0.00175);
#171=CIRCLE('',#1713,0.003);
#172=CIRCLE('',#1715,0.003);
#173=CIRCLE('',#1717,0.0035);
#174=CIRCLE('',#1719,0.00175);
#175=CIRCLE('',#1721,0.003);
#176=CIRCLE('',#1723,0.003);
#177=CIRCLE('',#1725,0.0035);
#178=CIRCLE('',#1727,0.00175);
#179=CIRCLE('',#1729,0.003);
#180=CIRCLE('',#1731,0.003);
#181=CIRCLE('',#1733,0.0035);
#182=CIRCLE('',#1735,0.00175);
#183=CIRCLE('',#1737,0.003);
#184=CIRCLE('',#1739,0.003);
#185=CIRCLE('',#1741,0.0035);
#186=CIRCLE('',#1743,0.00175);
#187=CIRCLE('',#1745,0.003);
#188=CIRCLE('',#1747,0.003);
#189=CIRCLE('',#1749,0.0035);
#190=CIRCLE('',#1751,0.00175);
#191=CIRCLE('',#1753,0.003);
#192=CIRCLE('',#1755,0.003);
#193=CIRCLE('',#1757,0.0035);
#194=CIRCLE('',#1759,0.00175);
#195=CIRCLE('',#1761,0.003);
#196=CIRCLE('',#1763,0.0035);
#197=CIRCLE('',#1765,0.003);
#198=ORIENTED_EDGE('',*,*,#546,.T.);
#199=ORIENTED_EDGE('',*,*,#547,.T.);
#200=ORIENTED_EDGE('',*,*,#548,.T.);
#201=ORIENTED_EDGE('',*,*,#549,.T.);
#202=ORIENTED_EDGE('',*,*,#550,.T.);
#203=ORIENTED_EDGE('',*,*,#551,.T.);
#204=ORIENTED_EDGE('',*,*,#552,.T.);
#205=ORIENTED_EDGE('',*,*,#553,.T.);
#206=ORIENTED_EDGE('',*,*,#554,.T.);
#207=ORIENTED_EDGE('',*,*,#555,.T.);
#208=ORIENTED_EDGE('',*,*,#556,.T.);
#209=ORIENTED_EDGE('',*,*,#557,.T.);
#210=ORIENTED_EDGE('',*,*,#558,.T.);
#211=ORIENTED_EDGE('',*,*,#559,.T.);
#212=ORIENTED_EDGE('',*,*,#560,.T.);
#213=ORIENTED_EDGE('',*,*,#561,.T.);
#214=ORIENTED_EDGE('',*,*,#562,.T.);
#215=ORIENTED_EDGE('',*,*,#563,.T.);
#216=ORIENTED_EDGE('',*,*,#564,.T.);
#217=ORIENTED_EDGE('',*,*,#565,.T.);
#218=ORIENTED_EDGE('',*,*,#566,.T.);
#219=ORIENTED_EDGE('',*,*,#567,.T.);
#220=ORIENTED_EDGE('',*,*,#568,.T.);
#221=ORIENTED_EDGE('',*,*,#569,.T.);
#222=ORIENTED_EDGE('',*,*,#570,.T.);
#223=ORIENTED_EDGE('',*,*,#571,.T.);
#224=ORIENTED_EDGE('',*,*,#572,.T.);
#225=ORIENTED_EDGE('',*,*,#573,.T.);
#226=ORIENTED_EDGE('',*,*,#574,.T.);
#227=ORIENTED_EDGE('',*,*,#575,.T.);
#228=ORIENTED_EDGE('',*,*,#576,.T.);
#229=ORIENTED_EDGE('',*,*,#577,.T.);
#230=ORIENTED_EDGE('',*,*,#578,.T.);
#231=ORIENTED_EDGE('',*,*,#579,.T.);
#232=ORIENTED_EDGE('',*,*,#580,.T.);
#233=ORIENTED_EDGE('',*,*,#581,.T.);
#234=ORIENTED_EDGE('',*,*,#582,.T.);
#235=ORIENTED_EDGE('',*,*,#583,.T.);
#236=ORIENTED_EDGE('',*,*,#584,.T.);
#237=ORIENTED_EDGE('',*,*,#585,.T.);
#238=ORIENTED_EDGE('',*,*,#586,.T.);
#239=ORIENTED_EDGE('',*,*,#587,.T.);
#240=ORIENTED_EDGE('',*,*,#588,.T.);
#241=ORIENTED_EDGE('',*,*,#589,.T.);
#242=ORIENTED_EDGE('',*,*,#590,.T.);
#243=ORIENTED_EDGE('',*,*,#591,.T.);
#244=ORIENTED_EDGE('',*,*,#592,.T.);
#245=ORIENTED_EDGE('',*,*,#546,.F.);
#246=ORIENTED_EDGE('',*,*,#593,.T.);
#247=ORIENTED_EDGE('',*,*,#594,.F.);
#248=ORIENTED_EDGE('',*,*,#595,.T.);
#249=ORIENTED_EDGE('',*,*,#547,.F.);
#250=ORIENTED_EDGE('',*,*,#592,.F.);
#251=ORIENTED_EDGE('',*,*,#596,.F.);
#252=ORIENTED_EDGE('',*,*,#597,.T.);
#253=ORIENTED_EDGE('',*,*,#548,.F.);
#254=ORIENTED_EDGE('',*,*,#595,.F.);
#255=ORIENTED_EDGE('',*,*,#598,.F.);
#256=ORIENTED_EDGE('',*,*,#599,.T.);
#257=ORIENTED_EDGE('',*,*,#549,.F.);
#258=ORIENTED_EDGE('',*,*,#597,.F.);
#259=ORIENTED_EDGE('',*,*,#600,.F.);
#260=ORIENTED_EDGE('',*,*,#601,.T.);
#261=ORIENTED_EDGE('',*,*,#550,.F.);
#262=ORIENTED_EDGE('',*,*,#599,.F.);
#263=ORIENTED_EDGE('',*,*,#602,.F.);
#264=ORIENTED_EDGE('',*,*,#603,.T.);
#265=ORIENTED_EDGE('',*,*,#551,.F.);
#266=ORIENTED_EDGE('',*,*,#601,.F.);
#267=ORIENTED_EDGE('',*,*,#604,.F.);
#268=ORIENTED_EDGE('',*,*,#605,.T.);
#269=ORIENTED_EDGE('',*,*,#552,.F.);
#270=ORIENTED_EDGE('',*,*,#603,.F.);
#271=ORIENTED_EDGE('',*,*,#606,.F.);
#272=ORIENTED_EDGE('',*,*,#607,.T.);
#273=ORIENTED_EDGE('',*,*,#553,.F.);
#274=ORIENTED_EDGE('',*,*,#605,.F.);
#275=ORIENTED_EDGE('',*,*,#608,.F.);
#276=ORIENTED_EDGE('',*,*,#609,.T.);
#277=ORIENTED_EDGE('',*,*,#554,.F.);
#278=ORIENTED_EDGE('',*,*,#607,.F.);
#279=ORIENTED_EDGE('',*,*,#610,.F.);
#280=ORIENTED_EDGE('',*,*,#611,.T.);
#281=ORIENTED_EDGE('',*,*,#555,.F.);
#282=ORIENTED_EDGE('',*,*,#609,.F.);
#283=ORIENTED_EDGE('',*,*,#612,.F.);
#284=ORIENTED_EDGE('',*,*,#613,.T.);
#285=ORIENTED_EDGE('',*,*,#556,.F.);
#286=ORIENTED_EDGE('',*,*,#611,.F.);
#287=ORIENTED_EDGE('',*,*,#614,.F.);
#288=ORIENTED_EDGE('',*,*,#615,.T.);
#289=ORIENTED_EDGE('',*,*,#557,.F.);
#290=ORIENTED_EDGE('',*,*,#613,.F.);
#291=ORIENTED_EDGE('',*,*,#616,.F.);
#292=ORIENTED_EDGE('',*,*,#617,.T.);
#293=ORIENTED_EDGE('',*,*,#558,.F.);
#294=ORIENTED_EDGE('',*,*,#615,.F.);
#295=ORIENTED_EDGE('',*,*,#618,.F.);
#296=ORIENTED_EDGE('',*,*,#619,.T.);
#297=ORIENTED_EDGE('',*,*,#559,.F.);
#298=ORIENTED_EDGE('',*,*,#617,.F.);
#299=ORIENTED_EDGE('',*,*,#620,.F.);
#300=ORIENTED_EDGE('',*,*,#621,.T.);
#301=ORIENTED_EDGE('',*,*,#561,.F.);
#302=ORIENTED_EDGE('',*,*,#622,.F.);
#303=ORIENTED_EDGE('',*,*,#623,.F.);
#304=ORIENTED_EDGE('',*,*,#624,.T.);
#305=ORIENTED_EDGE('',*,*,#562,.F.);
#306=ORIENTED_EDGE('',*,*,#621,.F.);
#307=ORIENTED_EDGE('',*,*,#625,.F.);
#308=ORIENTED_EDGE('',*,*,#626,.T.);
#309=ORIENTED_EDGE('',*,*,#563,.F.);
#310=ORIENTED_EDGE('',*,*,#624,.F.);
#311=ORIENTED_EDGE('',*,*,#627,.F.);
#312=ORIENTED_EDGE('',*,*,#628,.T.);
#313=ORIENTED_EDGE('',*,*,#564,.F.);
#314=ORIENTED_EDGE('',*,*,#626,.F.);
#315=ORIENTED_EDGE('',*,*,#629,.F.);
#316=ORIENTED_EDGE('',*,*,#630,.T.);
#317=ORIENTED_EDGE('',*,*,#565,.F.);
#318=ORIENTED_EDGE('',*,*,#628,.F.);
#319=ORIENTED_EDGE('',*,*,#631,.F.);
#320=ORIENTED_EDGE('',*,*,#632,.T.);
#321=ORIENTED_EDGE('',*,*,#566,.F.);
#322=ORIENTED_EDGE('',*,*,#630,.F.);
#323=ORIENTED_EDGE('',*,*,#633,.F.);
#324=ORIENTED_EDGE('',*,*,#634,.T.);
#325=ORIENTED_EDGE('',*,*,#567,.F.);
#326=ORIENTED_EDGE('',*,*,#632,.F.);
#327=ORIENTED_EDGE('',*,*,#635,.F.);
#328=ORIENTED_EDGE('',*,*,#636,.T.);
#329=ORIENTED_EDGE('',*,*,#568,.F.);
#330=ORIENTED_EDGE('',*,*,#634,.F.);
#331=ORIENTED_EDGE('',*,*,#637,.F.);
#332=ORIENTED_EDGE('',*,*,#638,.T.);
#333=ORIENTED_EDGE('',*,*,#569,.F.);
#334=ORIENTED_EDGE('',*,*,#636,.F.);
#335=ORIENTED_EDGE('',*,*,#639,.F.);
#336=ORIENTED_EDGE('',*,*,#640,.T.);
#337=ORIENTED_EDGE('',*,*,#570,.F.);
#338=ORIENTED_EDGE('',*,*,#638,.F.);
#339=ORIENTED_EDGE('',*,*,#641,.F.);
#340=ORIENTED_EDGE('',*,*,#642,.T.);
#341=ORIENTED_EDGE('',*,*,#571,.F.);
#342=ORIENTED_EDGE('',*,*,#640,.F.);
#343=ORIENTED_EDGE('',*,*,#643,.F.);
#344=ORIENTED_EDGE('',*,*,#644,.T.);
#345=ORIENTED_EDGE('',*,*,#572,.F.);
#346=ORIENTED_EDGE('',*,*,#642,.F.);
#347=ORIENTED_EDGE('',*,*,#645,.F.);
#348=ORIENTED_EDGE('',*,*,#593,.F.);
#349=ORIENTED_EDGE('',*,*,#573,.F.);
#350=ORIENTED_EDGE('',*,*,#644,.F.);
#351=ORIENTED_EDGE('',*,*,#646,.F.);
#352=ORIENTED_EDGE('',*,*,#594,.T.);
#353=ORIENTED_EDGE('',*,*,#646,.T.);
#354=ORIENTED_EDGE('',*,*,#645,.T.);
#355=ORIENTED_EDGE('',*,*,#643,.T.);
#356=ORIENTED_EDGE('',*,*,#641,.T.);
#357=ORIENTED_EDGE('',*,*,#639,.T.);
#358=ORIENTED_EDGE('',*,*,#637,.T.);
#359=ORIENTED_EDGE('',*,*,#635,.T.);
#360=ORIENTED_EDGE('',*,*,#633,.T.);
#361=ORIENTED_EDGE('',*,*,#631,.T.);
#362=ORIENTED_EDGE('',*,*,#629,.T.);
#363=ORIENTED_EDGE('',*,*,#627,.T.);
#364=ORIENTED_EDGE('',*,*,#625,.T.);
#365=ORIENTED_EDGE('',*,*,#623,.T.);
#366=ORIENTED_EDGE('',*,*,#647,.T.);
#367=ORIENTED_EDGE('',*,*,#620,.T.);
#368=ORIENTED_EDGE('',*,*,#618,.T.);
#369=ORIENTED_EDGE('',*,*,#616,.T.);
#370=ORIENTED_EDGE('',*,*,#614,.T.);
#371=ORIENTED_EDGE('',*,*,#612,.T.);
#372=ORIENTED_EDGE('',*,*,#610,.T.);
#373=ORIENTED_EDGE('',*,*,#608,.T.);
#374=ORIENTED_EDGE('',*,*,#606,.T.);
#375=ORIENTED_EDGE('',*,*,#604,.T.);
#376=ORIENTED_EDGE('',*,*,#602,.T.);
#377=ORIENTED_EDGE('',*,*,#600,.T.);
#378=ORIENTED_EDGE('',*,*,#598,.T.);
#379=ORIENTED_EDGE('',*,*,#596,.T.);
#380=ORIENTED_EDGE('',*,*,#574,.F.);
#381=ORIENTED_EDGE('',*,*,#648,.F.);
#382=ORIENTED_EDGE('',*,*,#648,.T.);
#383=ORIENTED_EDGE('',*,*,#649,.F.);
#384=ORIENTED_EDGE('',*,*,#649,.T.);
#385=ORIENTED_EDGE('',*,*,#650,.F.);
#386=ORIENTED_EDGE('',*,*,#650,.T.);
#387=ORIENTED_EDGE('',*,*,#651,.T.);
#388=ORIENTED_EDGE('',*,*,#575,.F.);
#389=ORIENTED_EDGE('',*,*,#652,.F.);
#390=ORIENTED_EDGE('',*,*,#652,.T.);
#391=ORIENTED_EDGE('',*,*,#653,.F.);
#392=ORIENTED_EDGE('',*,*,#653,.T.);
#393=ORIENTED_EDGE('',*,*,#654,.F.);
#394=ORIENTED_EDGE('',*,*,#654,.T.);
#395=ORIENTED_EDGE('',*,*,#655,.T.);
#396=ORIENTED_EDGE('',*,*,#576,.F.);
#397=ORIENTED_EDGE('',*,*,#656,.F.);
#398=ORIENTED_EDGE('',*,*,#656,.T.);
#399=ORIENTED_EDGE('',*,*,#657,.F.);
#400=ORIENTED_EDGE('',*,*,#657,.T.);
#401=ORIENTED_EDGE('',*,*,#658,.F.);
#402=ORIENTED_EDGE('',*,*,#658,.T.);
#403=ORIENTED_EDGE('',*,*,#659,.T.);
#404=ORIENTED_EDGE('',*,*,#577,.F.);
#405=ORIENTED_EDGE('',*,*,#660,.F.);
#406=ORIENTED_EDGE('',*,*,#660,.T.);
#407=ORIENTED_EDGE('',*,*,#661,.F.);
#408=ORIENTED_EDGE('',*,*,#661,.T.);
#409=ORIENTED_EDGE('',*,*,#662,.F.);
#410=ORIENTED_EDGE('',*,*,#662,.T.);
#411=ORIENTED_EDGE('',*,*,#663,.T.);
#412=ORIENTED_EDGE('',*,*,#578,.F.);
#413=ORIENTED_EDGE('',*,*,#664,.F.);
#414=ORIENTED_EDGE('',*,*,#664,.T.);
#415=ORIENTED_EDGE('',*,*,#665,.F.);
#416=ORIENTED_EDGE('',*,*,#665,.T.);
#417=ORIENTED_EDGE('',*,*,#666,.F.);
#418=ORIENTED_EDGE('',*,*,#666,.T.);
#419=ORIENTED_EDGE('',*,*,#667,.T.);
#420=ORIENTED_EDGE('',*,*,#579,.F.);
#421=ORIENTED_EDGE('',*,*,#668,.F.);
#422=ORIENTED_EDGE('',*,*,#668,.T.);
#423=ORIENTED_EDGE('',*,*,#669,.F.);
#424=ORIENTED_EDGE('',*,*,#669,.T.);
#425=ORIENTED_EDGE('',*,*,#670,.F.);
#426=ORIENTED_EDGE('',*,*,#670,.T.);
#427=ORIENTED_EDGE('',*,*,#671,.T.);
#428=ORIENTED_EDGE('',*,*,#580,.F.);
#429=ORIENTED_EDGE('',*,*,#672,.F.);
#430=ORIENTED_EDGE('',*,*,#672,.T.);
#431=ORIENTED_EDGE('',*,*,#673,.F.);
#432=ORIENTED_EDGE('',*,*,#673,.T.);
#433=ORIENTED_EDGE('',*,*,#674,.F.);
#434=ORIENTED_EDGE('',*,*,#674,.T.);
#435=ORIENTED_EDGE('',*,*,#675,.T.);
#436=ORIENTED_EDGE('',*,*,#581,.F.);
#437=ORIENTED_EDGE('',*,*,#676,.F.);
#438=ORIENTED_EDGE('',*,*,#676,.T.);
#439=ORIENTED_EDGE('',*,*,#677,.F.);
#440=ORIENTED_EDGE('',*,*,#677,.T.);
#441=ORIENTED_EDGE('',*,*,#678,.F.);
#442=ORIENTED_EDGE('',*,*,#678,.T.);
#443=ORIENTED_EDGE('',*,*,#679,.T.);
#444=ORIENTED_EDGE('',*,*,#582,.F.);
#445=ORIENTED_EDGE('',*,*,#680,.F.);
#446=ORIENTED_EDGE('',*,*,#680,.T.);
#447=ORIENTED_EDGE('',*,*,#681,.F.);
#448=ORIENTED_EDGE('',*,*,#681,.T.);
#449=ORIENTED_EDGE('',*,*,#682,.F.);
#450=ORIENTED_EDGE('',*,*,#682,.T.);
#451=ORIENTED_EDGE('',*,*,#683,.T.);
#452=ORIENTED_EDGE('',*,*,#583,.F.);
#453=ORIENTED_EDGE('',*,*,#684,.F.);
#454=ORIENTED_EDGE('',*,*,#684,.T.);
#455=ORIENTED_EDGE('',*,*,#685,.F.);
#456=ORIENTED_EDGE('',*,*,#685,.T.);
#457=ORIENTED_EDGE('',*,*,#686,.F.);
#458=ORIENTED_EDGE('',*,*,#686,.T.);
#459=ORIENTED_EDGE('',*,*,#687,.T.);
#460=ORIENTED_EDGE('',*,*,#584,.F.);
#461=ORIENTED_EDGE('',*,*,#688,.F.);
#462=ORIENTED_EDGE('',*,*,#688,.T.);
#463=ORIENTED_EDGE('',*,*,#689,.F.);
#464=ORIENTED_EDGE('',*,*,#689,.T.);
#465=ORIENTED_EDGE('',*,*,#690,.F.);
#466=ORIENTED_EDGE('',*,*,#690,.T.);
#467=ORIENTED_EDGE('',*,*,#691,.T.);
#468=ORIENTED_EDGE('',*,*,#585,.F.);
#469=ORIENTED_EDGE('',*,*,#692,.F.);
#470=ORIENTED_EDGE('',*,*,#692,.T.);
#471=ORIENTED_EDGE('',*,*,#693,.F.);
#472=ORIENTED_EDGE('',*,*,#693,.T.);
#473=ORIENTED_EDGE('',*,*,#694,.F.);
#474=ORIENTED_EDGE('',*,*,#694,.T.);
#475=ORIENTED_EDGE('',*,*,#695,.T.);
#476=ORIENTED_EDGE('',*,*,#586,.F.);
#477=ORIENTED_EDGE('',*,*,#696,.F.);
#478=ORIENTED_EDGE('',*,*,#696,.T.);
#479=ORIENTED_EDGE('',*,*,#697,.F.);
#480=ORIENTED_EDGE('',*,*,#697,.T.);
#481=ORIENTED_EDGE('',*,*,#698,.F.);
#482=ORIENTED_EDGE('',*,*,#698,.T.);
#483=ORIENTED_EDGE('',*,*,#699,.T.);
#484=ORIENTED_EDGE('',*,*,#587,.F.);
#485=ORIENTED_EDGE('',*,*,#700,.F.);
#486=ORIENTED_EDGE('',*,*,#700,.T.);
#487=ORIENTED_EDGE('',*,*,#701,.F.);
#488=ORIENTED_EDGE('',*,*,#701,.T.);
#489=ORIENTED_EDGE('',*,*,#702,.F.);
#490=ORIENTED_EDGE('',*,*,#702,.T.);
#491=ORIENTED_EDGE('',*,*,#703,.T.);
#492=ORIENTED_EDGE('',*,*,#588,.F.);
#493=ORIENTED_EDGE('',*,*,#704,.F.);
#494=ORIENTED_EDGE('',*,*,#704,.T.);
#495=ORIENTED_EDGE('',*,*,#705,.F.);
#496=ORIENTED_EDGE('',*,*,#705,.T.);
#497=ORIENTED_EDGE('',*,*,#706,.F.);
#498=ORIENTED_EDGE('',*,*,#706,.T.);
#499=ORIENTED_EDGE('',*,*,#707,.T.);
#500=ORIENTED_EDGE('',*,*,#589,.F.);
#501=ORIENTED_EDGE('',*,*,#708,.F.);
#502=ORIENTED_EDGE('',*,*,#708,.T.);
#503=ORIENTED_EDGE('',*,*,#709,.F.);
#504=ORIENTED_EDGE('',*,*,#709,.T.);
#505=ORIENTED_EDGE('',*,*,#710,.F.);
#506=ORIENTED_EDGE('',*,*,#710,.T.);
#507=ORIENTED_EDGE('',*,*,#711,.T.);
#508=ORIENTED_EDGE('',*,*,#590,.F.);
#509=ORIENTED_EDGE('',*,*,#712,.F.);
#510=ORIENTED_EDGE('',*,*,#712,.T.);
#511=ORIENTED_EDGE('',*,*,#713,.F.);
#512=ORIENTED_EDGE('',*,*,#713,.T.);
#513=ORIENTED_EDGE('',*,*,#714,.F.);
#514=ORIENTED_EDGE('',*,*,#714,.T.);
#515=ORIENTED_EDGE('',*,*,#715,.T.);
#516=ORIENTED_EDGE('',*,*,#591,.F.);
#517=ORIENTED_EDGE('',*,*,#716,.F.);
#518=ORIENTED_EDGE('',*,*,#716,.T.);
#519=ORIENTED_EDGE('',*,*,#717,.F.);
#520=ORIENTED_EDGE('',*,*,#718,.F.);
#521=ORIENTED_EDGE('',*,*,#711,.F.);
#522=ORIENTED_EDGE('',*,*,#703,.F.);
#523=ORIENTED_EDGE('',*,*,#695,.F.);
#524=ORIENTED_EDGE('',*,*,#687,.F.);
#525=ORIENTED_EDGE('',*,*,#679,.F.);
#526=ORIENTED_EDGE('',*,*,#671,.F.);
#527=ORIENTED_EDGE('',*,*,#663,.F.);
#528=ORIENTED_EDGE('',*,*,#655,.F.);
#529=ORIENTED_EDGE('',*,*,#651,.F.);
#530=ORIENTED_EDGE('',*,*,#659,.F.);
#531=ORIENTED_EDGE('',*,*,#667,.F.);
#532=ORIENTED_EDGE('',*,*,#675,.F.);
#533=ORIENTED_EDGE('',*,*,#683,.F.);
#534=ORIENTED_EDGE('',*,*,#691,.F.);
#535=ORIENTED_EDGE('',*,*,#699,.F.);
#536=ORIENTED_EDGE('',*,*,#707,.F.);
#537=ORIENTED_EDGE('',*,*,#715,.F.);
#538=ORIENTED_EDGE('',*,*,#622,.T.);
#539=ORIENTED_EDGE('',*,*,#560,.F.);
#540=ORIENTED_EDGE('',*,*,#619,.F.);
#541=ORIENTED_EDGE('',*,*,#647,.F.);
#542=ORIENTED_EDGE('',*,*,#717,.T.);
#543=ORIENTED_EDGE('',*,*,#719,.F.);
#544=ORIENTED_EDGE('',*,*,#719,.T.);
#545=ORIENTED_EDGE('',*,*,#718,.T.);
#546=EDGE_CURVE('',#720,#721,#866,.T.);
#547=EDGE_CURVE('',#721,#722,#867,.T.);
#548=EDGE_CURVE('',#722,#723,#868,.T.);
#549=EDGE_CURVE('',#723,#724,#80,.T.);
#550=EDGE_CURVE('',#724,#725,#81,.T.);
#551=EDGE_CURVE('',#725,#726,#82,.T.);
#552=EDGE_CURVE('',#726,#727,#869,.T.);
#553=EDGE_CURVE('',#727,#728,#83,.T.);
#554=EDGE_CURVE('',#728,#729,#870,.T.);
#555=EDGE_CURVE('',#729,#730,#84,.T.);
#556=EDGE_CURVE('',#730,#731,#85,.T.);
#557=EDGE_CURVE('',#731,#732,#86,.T.);
#558=EDGE_CURVE('',#732,#733,#871,.T.);
#559=EDGE_CURVE('',#733,#734,#872,.T.);
#560=EDGE_CURVE('',#734,#735,#873,.T.);
#561=EDGE_CURVE('',#735,#736,#874,.T.);
#562=EDGE_CURVE('',#736,#737,#875,.T.);
#563=EDGE_CURVE('',#737,#738,#87,.T.);
#564=EDGE_CURVE('',#738,#739,#88,.T.);
#565=EDGE_CURVE('',#739,#740,#89,.T.);
#566=EDGE_CURVE('',#740,#741,#876,.T.);
#567=EDGE_CURVE('',#741,#742,#90,.T.);
#568=EDGE_CURVE('',#742,#743,#877,.T.);
#569=EDGE_CURVE('',#743,#744,#91,.T.);
#570=EDGE_CURVE('',#744,#745,#92,.T.);
#571=EDGE_CURVE('',#745,#746,#93,.T.);
#572=EDGE_CURVE('',#746,#747,#878,.T.);
#573=EDGE_CURVE('',#747,#720,#879,.T.);
#574=EDGE_CURVE('',#748,#748,#94,.T.);
#575=EDGE_CURVE('',#749,#749,#95,.T.);
#576=EDGE_CURVE('',#750,#750,#96,.T.);
#577=EDGE_CURVE('',#751,#751,#97,.T.);
#578=EDGE_CURVE('',#752,#752,#98,.T.);
#579=EDGE_CURVE('',#753,#753,#99,.T.);
#580=EDGE_CURVE('',#754,#754,#100,.T.);
#581=EDGE_CURVE('',#755,#755,#101,.T.);
#582=EDGE_CURVE('',#756,#756,#102,.T.);
#583=EDGE_CURVE('',#757,#757,#103,.T.);
#584=EDGE_CURVE('',#758,#758,#104,.T.);
#585=EDGE_CURVE('',#759,#759,#105,.T.);
#586=EDGE_CURVE('',#760,#760,#106,.T.);
#587=EDGE_CURVE('',#761,#761,#107,.T.);
#588=EDGE_CURVE('',#762,#762,#108,.T.);
#589=EDGE_CURVE('',#763,#763,#109,.T.);
#590=EDGE_CURVE('',#764,#764,#110,.T.);
#591=EDGE_CURVE('',#765,#765,#111,.T.);
#592=EDGE_CURVE('',#766,#721,#880,.T.);
#593=EDGE_CURVE('',#720,#767,#881,.T.);
#594=EDGE_CURVE('',#766,#767,#882,.T.);
#595=EDGE_CURVE('',#768,#722,#883,.T.);
#596=EDGE_CURVE('',#768,#766,#884,.T.);
#597=EDGE_CURVE('',#769,#723,#885,.T.);
#598=EDGE_CURVE('',#769,#768,#886,.T.);
#599=EDGE_CURVE('',#770,#724,#887,.T.);
#600=EDGE_CURVE('',#770,#769,#112,.T.);
#601=EDGE_CURVE('',#771,#725,#888,.T.);
#602=EDGE_CURVE('',#771,#770,#113,.T.);
#603=EDGE_CURVE('',#772,#726,#889,.T.);
#604=EDGE_CURVE('',#772,#771,#114,.T.);
#605=EDGE_CURVE('',#773,#727,#890,.T.);
#606=EDGE_CURVE('',#773,#772,#891,.T.);
#607=EDGE_CURVE('',#774,#728,#892,.T.);
#608=EDGE_CURVE('',#774,#773,#115,.T.);
#609=EDGE_CURVE('',#775,#729,#893,.T.);
#610=EDGE_CURVE('',#775,#774,#894,.T.);
#611=EDGE_CURVE('',#776,#730,#895,.T.);
#612=EDGE_CURVE('',#776,#775,#116,.T.);
#613=EDGE_CURVE('',#777,#731,#896,.T.);
#614=EDGE_CURVE('',#777,#776,#117,.T.);
#615=EDGE_CURVE('',#778,#732,#897,.T.);
#616=EDGE_CURVE('',#778,#777,#118,.T.);
#617=EDGE_CURVE('',#779,#733,#898,.T.);
#618=EDGE_CURVE('',#779,#778,#899,.T.);
#619=EDGE_CURVE('',#780,#734,#900,.T.);
#620=EDGE_CURVE('',#780,#779,#901,.T.);
#621=EDGE_CURVE('',#781,#736,#902,.T.);
#622=EDGE_CURVE('',#782,#735,#903,.T.);
#623=EDGE_CURVE('',#781,#782,#904,.T.);
#624=EDGE_CURVE('',#783,#737,#905,.T.);
#625=EDGE_CURVE('',#783,#781,#906,.T.);
#626=EDGE_CURVE('',#784,#738,#907,.T.);
#627=EDGE_CURVE('',#784,#783,#119,.T.);
#628=EDGE_CURVE('',#785,#739,#908,.T.);
#629=EDGE_CURVE('',#785,#784,#120,.T.);
#630=EDGE_CURVE('',#786,#740,#909,.T.);
#631=EDGE_CURVE('',#786,#785,#121,.T.);
#632=EDGE_CURVE('',#787,#741,#910,.T.);
#633=EDGE_CURVE('',#787,#786,#911,.T.);
#634=EDGE_CURVE('',#788,#742,#912,.T.);
#635=EDGE_CURVE('',#788,#787,#122,.T.);
#636=EDGE_CURVE('',#789,#743,#913,.T.);
#637=EDGE_CURVE('',#789,#788,#914,.T.);
#638=EDGE_CURVE('',#790,#744,#915,.T.);
#639=EDGE_CURVE('',#790,#789,#123,.T.);
#640=EDGE_CURVE('',#791,#745,#916,.T.);
#641=EDGE_CURVE('',#791,#790,#124,.T.);
#642=EDGE_CURVE('',#792,#746,#917,.T.);
#643=EDGE_CURVE('',#792,#791,#125,.T.);
#644=EDGE_CURVE('',#793,#747,#918,.T.);
#645=EDGE_CURVE('',#793,#792,#919,.T.);
#646=EDGE_CURVE('',#767,#793,#920,.T.);
#647=EDGE_CURVE('',#782,#780,#921,.T.);
#648=EDGE_CURVE('',#794,#794,#126,.T.);
#649=EDGE_CURVE('',#795,#795,#127,.T.);
#650=EDGE_CURVE('',#796,#796,#128,.T.);
#651=EDGE_CURVE('',#797,#797,#129,.T.);
#652=EDGE_CURVE('',#798,#798,#130,.T.);
#653=EDGE_CURVE('',#799,#799,#131,.T.);
#654=EDGE_CURVE('',#800,#800,#132,.T.);
#655=EDGE_CURVE('',#801,#801,#133,.T.);
#656=EDGE_CURVE('',#802,#802,#134,.T.);
#657=EDGE_CURVE('',#803,#803,#135,.T.);
#658=EDGE_CURVE('',#804,#804,#136,.T.);
#659=EDGE_CURVE('',#805,#805,#137,.T.);
#660=EDGE_CURVE('',#806,#806,#138,.T.);
#661=EDGE_CURVE('',#807,#807,#139,.T.);
#662=EDGE_CURVE('',#808,#808,#140,.T.);
#663=EDGE_CURVE('',#809,#809,#141,.T.);
#664=EDGE_CURVE('',#810,#810,#142,.T.);
#665=EDGE_CURVE('',#811,#811,#143,.T.);
#666=EDGE_CURVE('',#812,#812,#144,.T.);
#667=EDGE_CURVE('',#813,#813,#145,.T.);
#668=EDGE_CURVE('',#814,#814,#146,.T.);
#669=EDGE_CURVE('',#815,#815,#147,.T.);
#670=EDGE_CURVE('',#816,#816,#148,.T.);
#671=EDGE_CURVE('',#817,#817,#149,.T.);
#672=EDGE_CURVE('',#818,#818,#150,.T.);
#673=EDGE_CURVE('',#819,#819,#151,.T.);
#674=EDGE_CURVE('',#820,#820,#152,.T.);
#675=EDGE_CURVE('',#821,#821,#153,.T.);
#676=EDGE_CURVE('',#822,#822,#154,.T.);
#677=EDGE_CURVE('',#823,#823,#155,.T.);
#678=EDGE_CURVE('',#824,#824,#156,.T.);
#679=EDGE_CURVE('',#825,#825,#157,.T.);
#680=EDGE_CURVE('',#826,#826,#158,.T.);
#681=EDGE_CURVE('',#827,#827,#159,.T.);
#682=EDGE_CURVE('',#828,#828,#160,.T.);
#683=EDGE_CURVE('',#829,#829,#161,.T.);
#684=EDGE_CURVE('',#830,#830,#162,.T.);
#685=EDGE_CURVE('',#831,#831,#163,.T.);
#686=EDGE_CURVE('',#832,#832,#164,.T.);
#687=EDGE_CURVE('',#833,#833,#165,.T.);
#688=EDGE_CURVE('',#834,#834,#166,.T.);
#689=EDGE_CURVE('',#835,#835,#167,.T.);
#690=EDGE_CURVE('',#836,#836,#168,.T.);
#691=EDGE_CURVE('',#837,#837,#169,.T.);
#692=EDGE_CURVE('',#838,#838,#170,.T.);
#693=EDGE_CURVE('',#839,#839,#171,.T.);
#694=EDGE_CURVE('',#840,#840,#172,.T.);
#695=EDGE_CURVE('',#841,#841,#173,.T.);
#696=EDGE_CURVE('',#842,#842,#174,.T.);
#697=EDGE_CURVE('',#843,#843,#175,.T.);
#698=EDGE_CURVE('',#844,#844,#176,.T.);
#699=EDGE_CURVE('',#845,#845,#177,.T.);
#700=EDGE_CURVE('',#846,#846,#178,.T.);
#701=EDGE_CURVE('',#847,#847,#179,.T.);
#702=EDGE_CURVE('',#848,#848,#180,.T.);
#703=EDGE_CURVE('',#849,#849,#181,.T.);
#704=EDGE_CURVE('',#850,#850,#182,.T.);
#705=EDGE_CURVE('',#851,#851,#183,.T.);
#706=EDGE_CURVE('',#852,#852,#184,.T.);
#707=EDGE_CURVE('',#853,#853,#185,.T.);
#708=EDGE_CURVE('',#854,#854,#186,.T.);
#709=EDGE_CURVE('',#855,#855,#187,.T.);
#710=EDGE_CURVE('',#856,#856,#188,.T.);
#711=EDGE_CURVE('',#857,#857,#189,.T.);
#712=EDGE_CURVE('',#858,#858,#190,.T.);
#713=EDGE_CURVE('',#859,#859,#191,.T.);
#714=EDGE_CURVE('',#860,#860,#192,.T.);
#715=EDGE_CURVE('',#861,#861,#193,.T.);
#716=EDGE_CURVE('',#862,#862,#194,.T.);
#717=EDGE_CURVE('',#863,#863,#195,.T.);
#718=EDGE_CURVE('',#864,#864,#196,.T.);
#719=EDGE_CURVE('',#865,#865,#197,.T.);
#720=VERTEX_POINT('',#2268);
#721=VERTEX_POINT('',#2269);
#722=VERTEX_POINT('',#2271);
#723=VERTEX_POINT('',#2273);
#724=VERTEX_POINT('',#2275);
#725=VERTEX_POINT('',#2277);
#726=VERTEX_POINT('',#2279);
#727=VERTEX_POINT('',#2281);
#728=VERTEX_POINT('',#2283);
#729=VERTEX_POINT('',#2285);
#730=VERTEX_POINT('',#2287);
#731=VERTEX_POINT('',#2289);
#732=VERTEX_POINT('',#2291);
#733=VERTEX_POINT('',#2293);
#734=VERTEX_POINT('',#2295);
#735=VERTEX_POINT('',#2297);
#736=VERTEX_POINT('',#2299);
#737=VERTEX_POINT('',#2301);
#738=VERTEX_POINT('',#2303);
#739=VERTEX_POINT('',#2305);
#740=VERTEX_POINT('',#2307);
#741=VERTEX_POINT('',#2309);
#742=VERTEX_POINT('',#2311);
#743=VERTEX_POINT('',#2313);
#744=VERTEX_POINT('',#2315);
#745=VERTEX_POINT('',#2317);
#746=VERTEX_POINT('',#2319);
#747=VERTEX_POINT('',#2321);
#748=VERTEX_POINT('',#2325);
#749=VERTEX_POINT('',#2327);
#750=VERTEX_POINT('',#2329);
#751=VERTEX_POINT('',#2331);
#752=VERTEX_POINT('',#2333);
#753=VERTEX_POINT('',#2335);
#754=VERTEX_POINT('',#2337);
#755=VERTEX_POINT('',#2339);
#756=VERTEX_POINT('',#2341);
#757=VERTEX_POINT('',#2343);
#758=VERTEX_POINT('',#2345);
#759=VERTEX_POINT('',#2347);
#760=VERTEX_POINT('',#2349);
#761=VERTEX_POINT('',#2351);
#762=VERTEX_POINT('',#2353);
#763=VERTEX_POINT('',#2355);
#764=VERTEX_POINT('',#2357);
#765=VERTEX_POINT('',#2359);
#766=VERTEX_POINT('',#2361);
#767=VERTEX_POINT('',#2363);
#768=VERTEX_POINT('',#2367);
#769=VERTEX_POINT('',#2371);
#770=VERTEX_POINT('',#2375);
#771=VERTEX_POINT('',#2379);
#772=VERTEX_POINT('',#2383);
#773=VERTEX_POINT('',#2387);
#774=VERTEX_POINT('',#2391);
#775=VERTEX_POINT('',#2395);
#776=VERTEX_POINT('',#2399);
#777=VERTEX_POINT('',#2403);
#778=VERTEX_POINT('',#2407);
#779=VERTEX_POINT('',#2411);
#780=VERTEX_POINT('',#2415);
#781=VERTEX_POINT('',#2419);
#782=VERTEX_POINT('',#2421);
#783=VERTEX_POINT('',#2425);
#784=VERTEX_POINT('',#2429);
#785=VERTEX_POINT('',#2433);
#786=VERTEX_POINT('',#2437);
#787=VERTEX_POINT('',#2441);
#788=VERTEX_POINT('',#2445);
#789=VERTEX_POINT('',#2449);
#790=VERTEX_POINT('',#2453);
#791=VERTEX_POINT('',#2457);
#792=VERTEX_POINT('',#2461);
#793=VERTEX_POINT('',#2465);
#794=VERTEX_POINT('',#2473);
#795=VERTEX_POINT('',#2476);
#796=VERTEX_POINT('',#2479);
#797=VERTEX_POINT('',#2482);
#798=VERTEX_POINT('',#2485);
#799=VERTEX_POINT('',#2488);
#800=VERTEX_POINT('',#2491);
#801=VERTEX_POINT('',#2494);
#802=VERTEX_POINT('',#2497);
#803=VERTEX_POINT('',#2500);
#804=VERTEX_POINT('',#2503);
#805=VERTEX_POINT('',#2506);
#806=VERTEX_POINT('',#2509);
#807=VERTEX_POINT('',#2512);
#808=VERTEX_POINT('',#2515);
#809=VERTEX_POINT('',#2518);
#810=VERTEX_POINT('',#2521);
#811=VERTEX_POINT('',#2524);
#812=VERTEX_POINT('',#2527);
#813=VERTEX_POINT('',#2530);
#814=VERTEX_POINT('',#2533);
#815=VERTEX_POINT('',#2536);
#816=VERTEX_POINT('',#2539);
#817=VERTEX_POINT('',#2542);
#818=VERTEX_POINT('',#2545);
#819=VERTEX_POINT('',#2548);
#820=VERTEX_POINT('',#2551);
#821=VERTEX_POINT('',#2554);
#822=VERTEX_POINT('',#2557);
#823=VERTEX_POINT('',#2560);
#824=VERTEX_POINT('',#2563);
#825=VERTEX_POINT('',#2566);
#826=VERTEX_POINT('',#2569);
#827=VERTEX_POINT('',#2572);
#828=VERTEX_POINT('',#2575);
#829=VERTEX_POINT('',#2578);
#830=VERTEX_POINT('',#2581);
#831=VERTEX_POINT('',#2584);
#832=VERTEX_POINT('',#2587);
#833=VERTEX_POINT('',#2590);
#834=VERTEX_POINT('',#2593);
#835=VERTEX_POINT('',#2596);
#836=VERTEX_POINT('',#2599);
#837=VERTEX_POINT('',#2602);
#838=VERTEX_POINT('',#2605);
#839=VERTEX_POINT('',#2608);
#840=VERTEX_POINT('',#2611);
#841=VERTEX_POINT('',#2614);
#842=VERTEX_POINT('',#2617);
#843=VERTEX_POINT('',#2620);
#844=VERTEX_POINT('',#2623);
#845=VERTEX_POINT('',#2626);
#846=VERTEX_POINT('',#2629);
#847=VERTEX_POINT('',#2632);
#848=VERTEX_POINT('',#2635);
#849=VERTEX_POINT('',#2638);
#850=VERTEX_POINT('',#2641);
#851=VERTEX_POINT('',#2644);
#852=VERTEX_POINT('',#2647);
#853=VERTEX_POINT('',#2650);
#854=VERTEX_POINT('',#2653);
#855=VERTEX_POINT('',#2656);
#856=VERTEX_POINT('',#2659);
#857=VERTEX_POINT('',#2662);
#858=VERTEX_POINT('',#2665);
#859=VERTEX_POINT('',#2668);
#860=VERTEX_POINT('',#2671);
#861=VERTEX_POINT('',#2674);
#862=VERTEX_POINT('',#2677);
#863=VERTEX_POINT('',#2680);
#864=VERTEX_POINT('',#2683);
#865=VERTEX_POINT('',#2686);
#866=LINE('',#2267,#922);
#867=LINE('',#2270,#923);
#868=LINE('',#2272,#924);
#869=LINE('',#2280,#925);
#870=LINE('',#2284,#926);
#871=LINE('',#2292,#927);
#872=LINE('',#2294,#928);
#873=LINE('',#2296,#929);
#874=LINE('',#2298,#930);
#875=LINE('',#2300,#931);
#876=LINE('',#2308,#932);
#877=LINE('',#2312,#933);
#878=LINE('',#2320,#934);
#879=LINE('',#2322,#935);
#880=LINE('',#2360,#936);
#881=LINE('',#2362,#937);
#882=LINE('',#2364,#938);
#883=LINE('',#2366,#939);
#884=LINE('',#2368,#940);
#885=LINE('',#2370,#941);
#886=LINE('',#2372,#942);
#887=LINE('',#2374,#943);
#888=LINE('',#2378,#944);
#889=LINE('',#2382,#945);
#890=LINE('',#2386,#946);
#891=LINE('',#2388,#947);
#892=LINE('',#2390,#948);
#893=LINE('',#2394,#949);
#894=LINE('',#2396,#950);
#895=LINE('',#2398,#951);
#896=LINE('',#2402,#952);
#897=LINE('',#2406,#953);
#898=LINE('',#2410,#954);
#899=LINE('',#2412,#955);
#900=LINE('',#2414,#956);
#901=LINE('',#2416,#957);
#902=LINE('',#2418,#958);
#903=LINE('',#2420,#959);
#904=LINE('',#2422,#960);
#905=LINE('',#2424,#961);
#906=LINE('',#2426,#962);
#907=LINE('',#2428,#963);
#908=LINE('',#2432,#964);
#909=LINE('',#2436,#965);
#910=LINE('',#2440,#966);
#911=LINE('',#2442,#967);
#912=LINE('',#2444,#968);
#913=LINE('',#2448,#969);
#914=LINE('',#2450,#970);
#915=LINE('',#2452,#971);
#916=LINE('',#2456,#972);
#917=LINE('',#2460,#973);
#918=LINE('',#2464,#974);
#919=LINE('',#2466,#975);
#920=LINE('',#2468,#976);
#921=LINE('',#2470,#977);
#922=VECTOR('',#1771,1.);
#923=VECTOR('',#1772,1.);
#924=VECTOR('',#1773,1.);
#925=VECTOR('',#1780,1.);
#926=VECTOR('',#1783,1.);
#927=VECTOR('',#1790,1.);
#928=VECTOR('',#1791,1.);
#929=VECTOR('',#1792,1.);
#930=VECTOR('',#1793,1.);
#931=VECTOR('',#1794,1.);
#932=VECTOR('',#1801,1.);
#933=VECTOR('',#1804,1.);
#934=VECTOR('',#1811,1.);
#935=VECTOR('',#1812,1.);
#936=VECTOR('',#1851,1.);
#937=VECTOR('',#1852,1.);
#938=VECTOR('',#1853,1.);
#939=VECTOR('',#1856,1.);
#940=VECTOR('',#1857,1.);
#941=VECTOR('',#1860,1.);
#942=VECTOR('',#1861,1.);
#943=VECTOR('',#1864,1.);
#944=VECTOR('',#1869,1.);
#945=VECTOR('',#1874,1.);
#946=VECTOR('',#1879,1.);
#947=VECTOR('',#1880,1.);
#948=VECTOR('',#1883,1.);
#949=VECTOR('',#1888,1.);
#950=VECTOR('',#1889,1.);
#951=VECTOR('',#1892,1.);
#952=VECTOR('',#1897,1.);
#953=VECTOR('',#1902,1.);
#954=VECTOR('',#1907,1.);
#955=VECTOR('',#1908,1.);
#956=VECTOR('',#1911,1.);
#957=VECTOR('',#1912,1.);
#958=VECTOR('',#1915,1.);
#959=VECTOR('',#1916,1.);
#960=VECTOR('',#1917,1.);
#961=VECTOR('',#1920,1.);
#962=VECTOR('',#1921,1.);
#963=VECTOR('',#1924,1.);
#964=VECTOR('',#1929,1.);
#965=VECTOR('',#1934,1.);
#966=VECTOR('',#1939,1.);
#967=VECTOR('',#1940,1.);
#968=VECTOR('',#1943,1.);
#969=VECTOR('',#1948,1.);
#970=VECTOR('',#1949,1.);
#971=VECTOR('',#1952,1.);
#972=VECTOR('',#1957,1.);
#973=VECTOR('',#1962,1.);
#974=VECTOR('',#1967,1.);
#975=VECTOR('',#1968,1.);
#976=VECTOR('',#1971,1.);
#977=VECTOR('',#1974,1.);
#978=EDGE_LOOP('',(#198,#199,#200,#201,#202,#203,#204,#205,#206,#207,#208,
#209,#210,#211,#212,#213,#214,#215,#216,#217,#218,#219,#220,#221,#222,#223,
#224,#225));
#979=EDGE_LOOP('',(#226));
#980=EDGE_LOOP('',(#227));
#981=EDGE_LOOP('',(#228));
#982=EDGE_LOOP('',(#229));
#983=EDGE_LOOP('',(#230));
#984=EDGE_LOOP('',(#231));
#985=EDGE_LOOP('',(#232));
#986=EDGE_LOOP('',(#233));
#987=EDGE_LOOP('',(#234));
#988=EDGE_LOOP('',(#235));
#989=EDGE_LOOP('',(#236));
#990=EDGE_LOOP('',(#237));
#991=EDGE_LOOP('',(#238));
#992=EDGE_LOOP('',(#239));
#993=EDGE_LOOP('',(#240));
#994=EDGE_LOOP('',(#241));
#995=EDGE_LOOP('',(#242));
#996=EDGE_LOOP('',(#243));
#997=EDGE_LOOP('',(#244,#245,#246,#247));
#998=EDGE_LOOP('',(#248,#249,#250,#251));
#999=EDGE_LOOP('',(#252,#253,#254,#255));
#1000=EDGE_LOOP('',(#256,#257,#258,#259));
#1001=EDGE_LOOP('',(#260,#261,#262,#263));
#1002=EDGE_LOOP('',(#264,#265,#266,#267));
#1003=EDGE_LOOP('',(#268,#269,#270,#271));
#1004=EDGE_LOOP('',(#272,#273,#274,#275));
#1005=EDGE_LOOP('',(#276,#277,#278,#279));
#1006=EDGE_LOOP('',(#280,#281,#282,#283));
#1007=EDGE_LOOP('',(#284,#285,#286,#287));
#1008=EDGE_LOOP('',(#288,#289,#290,#291));
#1009=EDGE_LOOP('',(#292,#293,#294,#295));
#1010=EDGE_LOOP('',(#296,#297,#298,#299));
#1011=EDGE_LOOP('',(#300,#301,#302,#303));
#1012=EDGE_LOOP('',(#304,#305,#306,#307));
#1013=EDGE_LOOP('',(#308,#309,#310,#311));
#1014=EDGE_LOOP('',(#312,#313,#314,#315));
#1015=EDGE_LOOP('',(#316,#317,#318,#319));
#1016=EDGE_LOOP('',(#320,#321,#322,#323));
#1017=EDGE_LOOP('',(#324,#325,#326,#327));
#1018=EDGE_LOOP('',(#328,#329,#330,#331));
#1019=EDGE_LOOP('',(#332,#333,#334,#335));
#1020=EDGE_LOOP('',(#336,#337,#338,#339));
#1021=EDGE_LOOP('',(#340,#341,#342,#343));
#1022=EDGE_LOOP('',(#344,#345,#346,#347));
#1023=EDGE_LOOP('',(#348,#349,#350,#351));
#1024=EDGE_LOOP('',(#352,#353,#354,#355,#356,#357,#358,#359,#360,#361,#362,
#363,#364,#365,#366,#367,#368,#369,#370,#371,#372,#373,#374,#375,#376,#377,
#378,#379));
#1025=EDGE_LOOP('',(#380));
#1026=EDGE_LOOP('',(#381));
#1027=EDGE_LOOP('',(#382));
#1028=EDGE_LOOP('',(#383));
#1029=EDGE_LOOP('',(#384));
#1030=EDGE_LOOP('',(#385));
#1031=EDGE_LOOP('',(#386));
#1032=EDGE_LOOP('',(#387));
#1033=EDGE_LOOP('',(#388));
#1034=EDGE_LOOP('',(#389));
#1035=EDGE_LOOP('',(#390));
#1036=EDGE_LOOP('',(#391));
#1037=EDGE_LOOP('',(#392));
#1038=EDGE_LOOP('',(#393));
#1039=EDGE_LOOP('',(#394));
#1040=EDGE_LOOP('',(#395));
#1041=EDGE_LOOP('',(#396));
#1042=EDGE_LOOP('',(#397));
#1043=EDGE_LOOP('',(#398));
#1044=EDGE_LOOP('',(#399));
#1045=EDGE_LOOP('',(#400));
#1046=EDGE_LOOP('',(#401));
#1047=EDGE_LOOP('',(#402));
#1048=EDGE_LOOP('',(#403));
#1049=EDGE_LOOP('',(#404));
#1050=EDGE_LOOP('',(#405));
#1051=EDGE_LOOP('',(#406));
#1052=EDGE_LOOP('',(#407));
#1053=EDGE_LOOP('',(#408));
#1054=EDGE_LOOP('',(#409));
#1055=EDGE_LOOP('',(#410));
#1056=EDGE_LOOP('',(#411));
#1057=EDGE_LOOP('',(#412));
#1058=EDGE_LOOP('',(#413));
#1059=EDGE_LOOP('',(#414));
#1060=EDGE_LOOP('',(#415));
#1061=EDGE_LOOP('',(#416));
#1062=EDGE_LOOP('',(#417));
#1063=EDGE_LOOP('',(#418));
#1064=EDGE_LOOP('',(#419));
#1065=EDGE_LOOP('',(#420));
#1066=EDGE_LOOP('',(#421));
#1067=EDGE_LOOP('',(#422));
#1068=EDGE_LOOP('',(#423));
#1069=EDGE_LOOP('',(#424));
#1070=EDGE_LOOP('',(#425));
#1071=EDGE_LOOP('',(#426));
#1072=EDGE_LOOP('',(#427));
#1073=EDGE_LOOP('',(#428));
#1074=EDGE_LOOP('',(#429));
#1075=EDGE_LOOP('',(#430));
#1076=EDGE_LOOP('',(#431));
#1077=EDGE_LOOP('',(#432));
#1078=EDGE_LOOP('',(#433));
#1079=EDGE_LOOP('',(#434));
#1080=EDGE_LOOP('',(#435));
#1081=EDGE_LOOP('',(#436));
#1082=EDGE_LOOP('',(#437));
#1083=EDGE_LOOP('',(#438));
#1084=EDGE_LOOP('',(#439));
#1085=EDGE_LOOP('',(#440));
#1086=EDGE_LOOP('',(#441));
#1087=EDGE_LOOP('',(#442));
#1088=EDGE_LOOP('',(#443));
#1089=EDGE_LOOP('',(#444));
#1090=EDGE_LOOP('',(#445));
#1091=EDGE_LOOP('',(#446));
#1092=EDGE_LOOP('',(#447));
#1093=EDGE_LOOP('',(#448));
#1094=EDGE_LOOP('',(#449));
#1095=EDGE_LOOP('',(#450));
#1096=EDGE_LOOP('',(#451));
#1097=EDGE_LOOP('',(#452));
#1098=EDGE_LOOP('',(#453));
#1099=EDGE_LOOP('',(#454));
#1100=EDGE_LOOP('',(#455));
#1101=EDGE_LOOP('',(#456));
#1102=EDGE_LOOP('',(#457));
#1103=EDGE_LOOP('',(#458));
#1104=EDGE_LOOP('',(#459));
#1105=EDGE_LOOP('',(#460));
#1106=EDGE_LOOP('',(#461));
#1107=EDGE_LOOP('',(#462));
#1108=EDGE_LOOP('',(#463));
#1109=EDGE_LOOP('',(#464));
#1110=EDGE_LOOP('',(#465));
#1111=EDGE_LOOP('',(#466));
#1112=EDGE_LOOP('',(#467));
#1113=EDGE_LOOP('',(#468));
#1114=EDGE_LOOP('',(#469));
#1115=EDGE_LOOP('',(#470));
#1116=EDGE_LOOP('',(#471));
#1117=EDGE_LOOP('',(#472));
#1118=EDGE_LOOP('',(#473));
#1119=EDGE_LOOP('',(#474));
#1120=EDGE_LOOP('',(#475));
#1121=EDGE_LOOP('',(#476));
#1122=EDGE_LOOP('',(#477));
#1123=EDGE_LOOP('',(#478));
#1124=EDGE_LOOP('',(#479));
#1125=EDGE_LOOP('',(#480));
#1126=EDGE_LOOP('',(#481));
#1127=EDGE_LOOP('',(#482));
#1128=EDGE_LOOP('',(#483));
#1129=EDGE_LOOP('',(#484));
#1130=EDGE_LOOP('',(#485));
#1131=EDGE_LOOP('',(#486));
#1132=EDGE_LOOP('',(#487));
#1133=EDGE_LOOP('',(#488));
#1134=EDGE_LOOP('',(#489));
#1135=EDGE_LOOP('',(#490));
#1136=EDGE_LOOP('',(#491));
#1137=EDGE_LOOP('',(#492));
#1138=EDGE_LOOP('',(#493));
#1139=EDGE_LOOP('',(#494));
#1140=EDGE_LOOP('',(#495));
#1141=EDGE_LOOP('',(#496));
#1142=EDGE_LOOP('',(#497));
#1143=EDGE_LOOP('',(#498));
#1144=EDGE_LOOP('',(#499));
#1145=EDGE_LOOP('',(#500));
#1146=EDGE_LOOP('',(#501));
#1147=EDGE_LOOP('',(#502));
#1148=EDGE_LOOP('',(#503));
#1149=EDGE_LOOP('',(#504));
#1150=EDGE_LOOP('',(#505));
#1151=EDGE_LOOP('',(#506));
#1152=EDGE_LOOP('',(#507));
#1153=EDGE_LOOP('',(#508));
#1154=EDGE_LOOP('',(#509));
#1155=EDGE_LOOP('',(#510));
#1156=EDGE_LOOP('',(#511));
#1157=EDGE_LOOP('',(#512));
#1158=EDGE_LOOP('',(#513));
#1159=EDGE_LOOP('',(#514));
#1160=EDGE_LOOP('',(#515));
#1161=EDGE_LOOP('',(#516));
#1162=EDGE_LOOP('',(#517));
#1163=EDGE_LOOP('',(#518));
#1164=EDGE_LOOP('',(#519));
#1165=EDGE_LOOP('',(#520));
#1166=EDGE_LOOP('',(#521));
#1167=EDGE_LOOP('',(#522));
#1168=EDGE_LOOP('',(#523));
#1169=EDGE_LOOP('',(#524));
#1170=EDGE_LOOP('',(#525));
#1171=EDGE_LOOP('',(#526));
#1172=EDGE_LOOP('',(#527));
#1173=EDGE_LOOP('',(#528));
#1174=EDGE_LOOP('',(#529));
#1175=EDGE_LOOP('',(#530));
#1176=EDGE_LOOP('',(#531));
#1177=EDGE_LOOP('',(#532));
#1178=EDGE_LOOP('',(#533));
#1179=EDGE_LOOP('',(#534));
#1180=EDGE_LOOP('',(#535));
#1181=EDGE_LOOP('',(#536));
#1182=EDGE_LOOP('',(#537));
#1183=EDGE_LOOP('',(#538,#539,#540,#541));
#1184=EDGE_LOOP('',(#542));
#1185=EDGE_LOOP('',(#543));
#1186=EDGE_LOOP('',(#544));
#1187=EDGE_LOOP('',(#545));
#1188=FACE_BOUND('',#978,.T.);
#1189=FACE_BOUND('',#979,.T.);
#1190=FACE_BOUND('',#980,.T.);
#1191=FACE_BOUND('',#981,.T.);
#1192=FACE_BOUND('',#982,.T.);
#1193=FACE_BOUND('',#983,.T.);
#1194=FACE_BOUND('',#984,.T.);
#1195=FACE_BOUND('',#985,.T.);
#1196=FACE_BOUND('',#986,.T.);
#1197=FACE_BOUND('',#987,.T.);
#1198=FACE_BOUND('',#988,.T.);
#1199=FACE_BOUND('',#989,.T.);
#1200=FACE_BOUND('',#990,.T.);
#1201=FACE_BOUND('',#991,.T.);
#1202=FACE_BOUND('',#992,.T.);
#1203=FACE_BOUND('',#993,.T.);
#1204=FACE_BOUND('',#994,.T.);
#1205=FACE_BOUND('',#995,.T.);
#1206=FACE_BOUND('',#996,.T.);
#1207=FACE_BOUND('',#997,.T.);
#1208=FACE_BOUND('',#998,.T.);
#1209=FACE_BOUND('',#999,.T.);
#1210=FACE_BOUND('',#1000,.T.);
#1211=FACE_BOUND('',#1001,.T.);
#1212=FACE_BOUND('',#1002,.T.);
#1213=FACE_BOUND('',#1003,.T.);
#1214=FACE_BOUND('',#1004,.T.);
#1215=FACE_BOUND('',#1005,.T.);
#1216=FACE_BOUND('',#1006,.T.);
#1217=FACE_BOUND('',#1007,.T.);
#1218=FACE_BOUND('',#1008,.T.);
#1219=FACE_BOUND('',#1009,.T.);
#1220=FACE_BOUND('',#1010,.T.);
#1221=FACE_BOUND('',#1011,.T.);
#1222=FACE_BOUND('',#1012,.T.);
#1223=FACE_BOUND('',#1013,.T.);
#1224=FACE_BOUND('',#1014,.T.);
#1225=FACE_BOUND('',#1015,.T.);
#1226=FACE_BOUND('',#1016,.T.);
#1227=FACE_BOUND('',#1017,.T.);
#1228=FACE_BOUND('',#1018,.T.);
#1229=FACE_BOUND('',#1019,.T.);
#1230=FACE_BOUND('',#1020,.T.);
#1231=FACE_BOUND('',#1021,.T.);
#1232=FACE_BOUND('',#1022,.T.);
#1233=FACE_BOUND('',#1023,.T.);
#1234=FACE_BOUND('',#1024,.T.);
#1235=FACE_BOUND('',#1025,.T.);
#1236=FACE_BOUND('',#1026,.T.);
#1237=FACE_BOUND('',#1027,.T.);
#1238=FACE_BOUND('',#1028,.T.);
#1239=FACE_BOUND('',#1029,.T.);
#1240=FACE_BOUND('',#1030,.T.);
#1241=FACE_BOUND('',#1031,.T.);
#1242=FACE_BOUND('',#1032,.T.);
#1243=FACE_BOUND('',#1033,.T.);
#1244=FACE_BOUND('',#1034,.T.);
#1245=FACE_BOUND('',#1035,.T.);
#1246=FACE_BOUND('',#1036,.T.);
#1247=FACE_BOUND('',#1037,.T.);
#1248=FACE_BOUND('',#1038,.T.);
#1249=FACE_BOUND('',#1039,.T.);
#1250=FACE_BOUND('',#1040,.T.);
#1251=FACE_BOUND('',#1041,.T.);
#1252=FACE_BOUND('',#1042,.T.);
#1253=FACE_BOUND('',#1043,.T.);
#1254=FACE_BOUND('',#1044,.T.);
#1255=FACE_BOUND('',#1045,.T.);
#1256=FACE_BOUND('',#1046,.T.);
#1257=FACE_BOUND('',#1047,.T.);
#1258=FACE_BOUND('',#1048,.T.);
#1259=FACE_BOUND('',#1049,.T.);
#1260=FACE_BOUND('',#1050,.T.);
#1261=FACE_BOUND('',#1051,.T.);
#1262=FACE_BOUND('',#1052,.T.);
#1263=FACE_BOUND('',#1053,.T.);
#1264=FACE_BOUND('',#1054,.T.);
#1265=FACE_BOUND('',#1055,.T.);
#1266=FACE_BOUND('',#1056,.T.);
#1267=FACE_BOUND('',#1057,.T.);
#1268=FACE_BOUND('',#1058,.T.);
#1269=FACE_BOUND('',#1059,.T.);
#1270=FACE_BOUND('',#1060,.T.);
#1271=FACE_BOUND('',#1061,.T.);
#1272=FACE_BOUND('',#1062,.T.);
#1273=FACE_BOUND('',#1063,.T.);
#1274=FACE_BOUND('',#1064,.T.);
#1275=FACE_BOUND('',#1065,.T.);
#1276=FACE_BOUND('',#1066,.T.);
#1277=FACE_BOUND('',#1067,.T.);
#1278=FACE_BOUND('',#1068,.T.);
#1279=FACE_BOUND('',#1069,.T.);
#1280=FACE_BOUND('',#1070,.T.);
#1281=FACE_BOUND('',#1071,.T.);
#1282=FACE_BOUND('',#1072,.T.);
#1283=FACE_BOUND('',#1073,.T.);
#1284=FACE_BOUND('',#1074,.T.);
#1285=FACE_BOUND('',#1075,.T.);
#1286=FACE_BOUND('',#1076,.T.);
#1287=FACE_BOUND('',#1077,.T.);
#1288=FACE_BOUND('',#1078,.T.);
#1289=FACE_BOUND('',#1079,.T.);
#1290=FACE_BOUND('',#1080,.T.);
#1291=FACE_BOUND('',#1081,.T.);
#1292=FACE_BOUND('',#1082,.T.);
#1293=FACE_BOUND('',#1083,.T.);
#1294=FACE_BOUND('',#1084,.T.);
#1295=FACE_BOUND('',#1085,.T.);
#1296=FACE_BOUND('',#1086,.T.);
#1297=FACE_BOUND('',#1087,.T.);
#1298=FACE_BOUND('',#1088,.T.);
#1299=FACE_BOUND('',#1089,.T.);
#1300=FACE_BOUND('',#1090,.T.);
#1301=FACE_BOUND('',#1091,.T.);
#1302=FACE_BOUND('',#1092,.T.);
#1303=FACE_BOUND('',#1093,.T.);
#1304=FACE_BOUND('',#1094,.T.);
#1305=FACE_BOUND('',#1095,.T.);
#1306=FACE_BOUND('',#1096,.T.);
#1307=FACE_BOUND('',#1097,.T.);
#1308=FACE_BOUND('',#1098,.T.);
#1309=FACE_BOUND('',#1099,.T.);
#1310=FACE_BOUND('',#1100,.T.);
#1311=FACE_BOUND('',#1101,.T.);
#1312=FACE_BOUND('',#1102,.T.);
#1313=FACE_BOUND('',#1103,.T.);
#1314=FACE_BOUND('',#1104,.T.);
#1315=FACE_BOUND('',#1105,.T.);
#1316=FACE_BOUND('',#1106,.T.);
#1317=FACE_BOUND('',#1107,.T.);
#1318=FACE_BOUND('',#1108,.T.);
#1319=FACE_BOUND('',#1109,.T.);
#1320=FACE_BOUND('',#1110,.T.);
#1321=FACE_BOUND('',#1111,.T.);
#1322=FACE_BOUND('',#1112,.T.);
#1323=FACE_BOUND('',#1113,.T.);
#1324=FACE_BOUND('',#1114,.T.);
#1325=FACE_BOUND('',#1115,.T.);
#1326=FACE_BOUND('',#1116,.T.);
#1327=FACE_BOUND('',#1117,.T.);
#1328=FACE_BOUND('',#1118,.T.);
#1329=FACE_BOUND('',#1119,.T.);
#1330=FACE_BOUND('',#1120,.T.);
#1331=FACE_BOUND('',#1121,.T.);
#1332=FACE_BOUND('',#1122,.T.);
#1333=FACE_BOUND('',#1123,.T.);
#1334=FACE_BOUND('',#1124,.T.);
#1335=FACE_BOUND('',#1125,.T.);
#1336=FACE_BOUND('',#1126,.T.);
#1337=FACE_BOUND('',#1127,.T.);
#1338=FACE_BOUND('',#1128,.T.);
#1339=FACE_BOUND('',#1129,.T.);
#1340=FACE_BOUND('',#1130,.T.);
#1341=FACE_BOUND('',#1131,.T.);
#1342=FACE_BOUND('',#1132,.T.);
#1343=FACE_BOUND('',#1133,.T.);
#1344=FACE_BOUND('',#1134,.T.);
#1345=FACE_BOUND('',#1135,.T.);
#1346=FACE_BOUND('',#1136,.T.);
#1347=FACE_BOUND('',#1137,.T.);
#1348=FACE_BOUND('',#1138,.T.);
#1349=FACE_BOUND('',#1139,.T.);
#1350=FACE_BOUND('',#1140,.T.);
#1351=FACE_BOUND('',#1141,.T.);
#1352=FACE_BOUND('',#1142,.T.);
#1353=FACE_BOUND('',#1143,.T.);
#1354=FACE_BOUND('',#1144,.T.);
#1355=FACE_BOUND('',#1145,.T.);
#1356=FACE_BOUND('',#1146,.T.);
#1357=FACE_BOUND('',#1147,.T.);
#1358=FACE_BOUND('',#1148,.T.);
#1359=FACE_BOUND('',#1149,.T.);
#1360=FACE_BOUND('',#1150,.T.);
#1361=FACE_BOUND('',#1151,.T.);
#1362=FACE_BOUND('',#1152,.T.);
#1363=FACE_BOUND('',#1153,.T.);
#1364=FACE_BOUND('',#1154,.T.);
#1365=FACE_BOUND('',#1155,.T.);
#1366=FACE_BOUND('',#1156,.T.);
#1367=FACE_BOUND('',#1157,.T.);
#1368=FACE_BOUND('',#1158,.T.);
#1369=FACE_BOUND('',#1159,.T.);
#1370=FACE_BOUND('',#1160,.T.);
#1371=FACE_BOUND('',#1161,.T.);
#1372=FACE_BOUND('',#1162,.T.);
#1373=FACE_BOUND('',#1163,.T.);
#1374=FACE_BOUND('',#1164,.T.);
#1375=FACE_BOUND('',#1165,.T.);
#1376=FACE_BOUND('',#1166,.T.);
#1377=FACE_BOUND('',#1167,.T.);
#1378=FACE_BOUND('',#1168,.T.);
#1379=FACE_BOUND('',#1169,.T.);
#1380=FACE_BOUND('',#1170,.T.);
#1381=FACE_BOUND('',#1171,.T.);
#1382=FACE_BOUND('',#1172,.T.);
#1383=FACE_BOUND('',#1173,.T.);
#1384=FACE_BOUND('',#1174,.T.);
#1385=FACE_BOUND('',#1175,.T.);
#1386=FACE_BOUND('',#1176,.T.);
#1387=FACE_BOUND('',#1177,.T.);
#1388=FACE_BOUND('',#1178,.T.);
#1389=FACE_BOUND('',#1179,.T.);
#1390=FACE_BOUND('',#1180,.T.);
#1391=FACE_BOUND('',#1181,.T.);
#1392=FACE_BOUND('',#1182,.T.);
#1393=FACE_BOUND('',#1183,.T.);
#1394=FACE_BOUND('',#1184,.T.);
#1395=FACE_BOUND('',#1185,.T.);
#1396=FACE_BOUND('',#1186,.T.);
#1397=FACE_BOUND('',#1187,.T.);
#1398=PLANE('',#1547);
#1399=PLANE('',#1562);
#1400=PLANE('',#1581);
#1401=PLANE('',#1582);
#1402=PLANE('',#1589);
#1403=PLANE('',#1592);
#1404=PLANE('',#1599);
#1405=PLANE('',#1600);
#1406=PLANE('',#1601);
#1407=PLANE('',#1602);
#1408=PLANE('',#1609);
#1409=PLANE('',#1612);
#1410=PLANE('',#1619);
#1411=PLANE('',#1620);
#1412=PLANE('',#1621);
#1413=PLANE('',#1624);
#1414=PLANE('',#1632);
#1415=PLANE('',#1640);
#1416=PLANE('',#1648);
#1417=PLANE('',#1656);
#1418=PLANE('',#1664);
#1419=PLANE('',#1672);
#1420=PLANE('',#1680);
#1421=PLANE('',#1688);
#1422=PLANE('',#1696);
#1423=PLANE('',#1704);
#1424=PLANE('',#1712);
#1425=PLANE('',#1720);
#1426=PLANE('',#1728);
#1427=PLANE('',#1736);
#1428=PLANE('',#1744);
#1429=PLANE('',#1752);
#1430=PLANE('',#1760);
#1431=PLANE('',#1762);
#1432=ADVANCED_FACE('',(#1188),#1398,.T.);
#1433=ADVANCED_FACE('',(#1189,#1190,#1191,#1192,#1193,#1194,#1195,#1196,
#1197,#1198,#1199,#1200,#1201,#1202,#1203,#1204,#1205,#1206,#1207),#1399,
 .T.);
#1434=ADVANCED_FACE('',(#1208),#1400,.T.);
#1435=ADVANCED_FACE('',(#1209),#1401,.T.);
#1436=ADVANCED_FACE('',(#1210),#30,.T.);
#1437=ADVANCED_FACE('',(#1211),#31,.F.);
#1438=ADVANCED_FACE('',(#1212),#32,.T.);
#1439=ADVANCED_FACE('',(#1213),#1402,.T.);
#1440=ADVANCED_FACE('',(#1214),#33,.F.);
#1441=ADVANCED_FACE('',(#1215),#1403,.T.);
#1442=ADVANCED_FACE('',(#1216),#34,.T.);
#1443=ADVANCED_FACE('',(#1217),#35,.F.);
#1444=ADVANCED_FACE('',(#1218),#36,.T.);
#1445=ADVANCED_FACE('',(#1219),#1404,.T.);
#1446=ADVANCED_FACE('',(#1220),#1405,.T.);
#1447=ADVANCED_FACE('',(#1221),#1406,.T.);
#1448=ADVANCED_FACE('',(#1222),#1407,.T.);
#1449=ADVANCED_FACE('',(#1223),#37,.T.);
#1450=ADVANCED_FACE('',(#1224),#38,.F.);
#1451=ADVANCED_FACE('',(#1225),#39,.T.);
#1452=ADVANCED_FACE('',(#1226),#1408,.T.);
#1453=ADVANCED_FACE('',(#1227),#40,.F.);
#1454=ADVANCED_FACE('',(#1228),#1409,.T.);
#1455=ADVANCED_FACE('',(#1229),#41,.T.);
#1456=ADVANCED_FACE('',(#1230),#42,.F.);
#1457=ADVANCED_FACE('',(#1231),#43,.T.);
#1458=ADVANCED_FACE('',(#1232),#1410,.T.);
#1459=ADVANCED_FACE('',(#1233),#1411,.T.);
#1460=ADVANCED_FACE('',(#1234),#1412,.F.);
#1461=ADVANCED_FACE('',(#1235,#1236),#44,.F.);
#1462=ADVANCED_FACE('',(#1237,#1238),#1413,.F.);
#1463=ADVANCED_FACE('',(#1239,#1240),#45,.F.);
#1464=ADVANCED_FACE('',(#1241,#1242),#12,.F.);
#1465=ADVANCED_FACE('',(#1243,#1244),#46,.F.);
#1466=ADVANCED_FACE('',(#1245,#1246),#1414,.F.);
#1467=ADVANCED_FACE('',(#1247,#1248),#47,.F.);
#1468=ADVANCED_FACE('',(#1249,#1250),#13,.F.);
#1469=ADVANCED_FACE('',(#1251,#1252),#48,.F.);
#1470=ADVANCED_FACE('',(#1253,#1254),#1415,.F.);
#1471=ADVANCED_FACE('',(#1255,#1256),#49,.F.);
#1472=ADVANCED_FACE('',(#1257,#1258),#14,.F.);
#1473=ADVANCED_FACE('',(#1259,#1260),#50,.F.);
#1474=ADVANCED_FACE('',(#1261,#1262),#1416,.F.);
#1475=ADVANCED_FACE('',(#1263,#1264),#51,.F.);
#1476=ADVANCED_FACE('',(#1265,#1266),#15,.F.);
#1477=ADVANCED_FACE('',(#1267,#1268),#52,.F.);
#1478=ADVANCED_FACE('',(#1269,#1270),#1417,.F.);
#1479=ADVANCED_FACE('',(#1271,#1272),#53,.F.);
#1480=ADVANCED_FACE('',(#1273,#1274),#16,.F.);
#1481=ADVANCED_FACE('',(#1275,#1276),#54,.F.);
#1482=ADVANCED_FACE('',(#1277,#1278),#1418,.F.);
#1483=ADVANCED_FACE('',(#1279,#1280),#55,.F.);
#1484=ADVANCED_FACE('',(#1281,#1282),#17,.F.);
#1485=ADVANCED_FACE('',(#1283,#1284),#56,.F.);
#1486=ADVANCED_FACE('',(#1285,#1286),#1419,.F.);
#1487=ADVANCED_FACE('',(#1287,#1288),#57,.F.);
#1488=ADVANCED_FACE('',(#1289,#1290),#18,.F.);
#1489=ADVANCED_FACE('',(#1291,#1292),#58,.F.);
#1490=ADVANCED_FACE('',(#1293,#1294),#1420,.F.);
#1491=ADVANCED_FACE('',(#1295,#1296),#59,.F.);
#1492=ADVANCED_FACE('',(#1297,#1298),#19,.F.);
#1493=ADVANCED_FACE('',(#1299,#1300),#60,.F.);
#1494=ADVANCED_FACE('',(#1301,#1302),#1421,.F.);
#1495=ADVANCED_FACE('',(#1303,#1304),#61,.F.);
#1496=ADVANCED_FACE('',(#1305,#1306),#20,.F.);
#1497=ADVANCED_FACE('',(#1307,#1308),#62,.F.);
#1498=ADVANCED_FACE('',(#1309,#1310),#1422,.F.);
#1499=ADVANCED_FACE('',(#1311,#1312),#63,.F.);
#1500=ADVANCED_FACE('',(#1313,#1314),#21,.F.);
#1501=ADVANCED_FACE('',(#1315,#1316),#64,.F.);
#1502=ADVANCED_FACE('',(#1317,#1318),#1423,.F.);
#1503=ADVANCED_FACE('',(#1319,#1320),#65,.F.);
#1504=ADVANCED_FACE('',(#1321,#1322),#22,.F.);
#1505=ADVANCED_FACE('',(#1323,#1324),#66,.F.);
#1506=ADVANCED_FACE('',(#1325,#1326),#1424,.F.);
#1507=ADVANCED_FACE('',(#1327,#1328),#67,.F.);
#1508=ADVANCED_FACE('',(#1329,#1330),#23,.F.);
#1509=ADVANCED_FACE('',(#1331,#1332),#68,.F.);
#1510=ADVANCED_FACE('',(#1333,#1334),#1425,.F.);
#1511=ADVANCED_FACE('',(#1335,#1336),#69,.F.);
#1512=ADVANCED_FACE('',(#1337,#1338),#24,.F.);
#1513=ADVANCED_FACE('',(#1339,#1340),#70,.F.);
#1514=ADVANCED_FACE('',(#1341,#1342),#1426,.F.);
#1515=ADVANCED_FACE('',(#1343,#1344),#71,.F.);
#1516=ADVANCED_FACE('',(#1345,#1346),#25,.F.);
#1517=ADVANCED_FACE('',(#1347,#1348),#72,.F.);
#1518=ADVANCED_FACE('',(#1349,#1350),#1427,.F.);
#1519=ADVANCED_FACE('',(#1351,#1352),#73,.F.);
#1520=ADVANCED_FACE('',(#1353,#1354),#26,.F.);
#1521=ADVANCED_FACE('',(#1355,#1356),#74,.F.);
#1522=ADVANCED_FACE('',(#1357,#1358),#1428,.F.);
#1523=ADVANCED_FACE('',(#1359,#1360),#75,.F.);
#1524=ADVANCED_FACE('',(#1361,#1362),#27,.F.);
#1525=ADVANCED_FACE('',(#1363,#1364),#76,.F.);
#1526=ADVANCED_FACE('',(#1365,#1366),#1429,.F.);
#1527=ADVANCED_FACE('',(#1367,#1368),#77,.F.);
#1528=ADVANCED_FACE('',(#1369,#1370),#28,.F.);
#1529=ADVANCED_FACE('',(#1371,#1372),#78,.F.);
#1530=ADVANCED_FACE('',(#1373,#1374),#1430,.F.);
#1531=ADVANCED_FACE('',(#1375,#1376,#1377,#1378,#1379,#1380,#1381,#1382,
#1383,#1384,#1385,#1386,#1387,#1388,#1389,#1390,#1391,#1392,#1393),#1431,
 .T.);
#1532=ADVANCED_FACE('',(#1394,#1395),#79,.F.);
#1533=ADVANCED_FACE('',(#1396,#1397),#29,.F.);
#1534=CLOSED_SHELL('',(#1432,#1433,#1434,#1435,#1436,#1437,#1438,#1439,
#1440,#1441,#1442,#1443,#1444,#1445,#1446,#1447,#1448,#1449,#1450,#1451,
#1452,#1453,#1454,#1455,#1456,#1457,#1458,#1459,#1460,#1461,#1462,#1463,
#1464,#1465,#1466,#1467,#1468,#1469,#1470,#1471,#1472,#1473,#1474,#1475,
#1476,#1477,#1478,#1479,#1480,#1481,#1482,#1483,#1484,#1485,#1486,#1487,
#1488,#1489,#1490,#1491,#1492,#1493,#1494,#1495,#1496,#1497,#1498,#1499,
#1500,#1501,#1502,#1503,#1504,#1505,#1506,#1507,#1508,#1509,#1510,#1511,
#1512,#1513,#1514,#1515,#1516,#1517,#1518,#1519,#1520,#1521,#1522,#1523,
#1524,#1525,#1526,#1527,#1528,#1529,#1530,#1531,#1532,#1533));
#1535=STYLED_ITEM('',(#1536),#1543);
#1536=PRESENTATION_STYLE_ASSIGNMENT((#1537));
#1537=SURFACE_STYLE_USAGE(.BOTH.,#1538);
#1538=SURFACE_SIDE_STYLE('',(#1539));
#1539=SURFACE_STYLE_FILL_AREA(#1540);
#1540=FILL_AREA_STYLE('',(#1541));
#1541=FILL_AREA_STYLE_COLOUR('',#1542);
#1542=COLOUR_RGB('',0.627450980392157,0.627450980392157,0.627450980392157);
#1543=MANIFOLD_SOLID_BREP(
'Linear Rail - MGN12 450mm + MGN12C carriage v1',#1534);
#1544=SHAPE_DEFINITION_REPRESENTATION(#2694,#1545);
#1545=SHAPE_REPRESENTATION(
'Linear Rail - MGN12 450mm + MGN12C carriage v1',(#1546),#2689);
#1546=AXIS2_PLACEMENT_3D('',#2265,#1767,#1768);
#1547=AXIS2_PLACEMENT_3D('',#2266,#1769,#1770);
#1548=AXIS2_PLACEMENT_3D('',#2274,#1774,#1775);
#1549=AXIS2_PLACEMENT_3D('',#2276,#1776,#1777);
#1550=AXIS2_PLACEMENT_3D('',#2278,#1778,#1779);
#1551=AXIS2_PLACEMENT_3D('',#2282,#1781,#1782);
#1552=AXIS2_PLACEMENT_3D('',#2286,#1784,#1785);
#1553=AXIS2_PLACEMENT_3D('',#2288,#1786,#1787);
#1554=AXIS2_PLACEMENT_3D('',#2290,#1788,#1789);
#1555=AXIS2_PLACEMENT_3D('',#2302,#1795,#1796);
#1556=AXIS2_PLACEMENT_3D('',#2304,#1797,#1798);
#1557=AXIS2_PLACEMENT_3D('',#2306,#1799,#1800);
#1558=AXIS2_PLACEMENT_3D('',#2310,#1802,#1803);
#1559=AXIS2_PLACEMENT_3D('',#2314,#1805,#1806);
#1560=AXIS2_PLACEMENT_3D('',#2316,#1807,#1808);
#1561=AXIS2_PLACEMENT_3D('',#2318,#1809,#1810);
#1562=AXIS2_PLACEMENT_3D('',#2323,#1813,#1814);
#1563=AXIS2_PLACEMENT_3D('',#2324,#1815,#1816);
#1564=AXIS2_PLACEMENT_3D('',#2326,#1817,#1818);
#1565=AXIS2_PLACEMENT_3D('',#2328,#1819,#1820);
#1566=AXIS2_PLACEMENT_3D('',#2330,#1821,#1822);
#1567=AXIS2_PLACEMENT_3D('',#2332,#1823,#1824);
#1568=AXIS2_PLACEMENT_3D('',#2334,#1825,#1826);
#1569=AXIS2_PLACEMENT_3D('',#2336,#1827,#1828);
#1570=AXIS2_PLACEMENT_3D('',#2338,#1829,#1830);
#1571=AXIS2_PLACEMENT_3D('',#2340,#1831,#1832);
#1572=AXIS2_PLACEMENT_3D('',#2342,#1833,#1834);
#1573=AXIS2_PLACEMENT_3D('',#2344,#1835,#1836);
#1574=AXIS2_PLACEMENT_3D('',#2346,#1837,#1838);
#1575=AXIS2_PLACEMENT_3D('',#2348,#1839,#1840);
#1576=AXIS2_PLACEMENT_3D('',#2350,#1841,#1842);
#1577=AXIS2_PLACEMENT_3D('',#2352,#1843,#1844);
#1578=AXIS2_PLACEMENT_3D('',#2354,#1845,#1846);
#1579=AXIS2_PLACEMENT_3D('',#2356,#1847,#1848);
#1580=AXIS2_PLACEMENT_3D('',#2358,#1849,#1850);
#1581=AXIS2_PLACEMENT_3D('',#2365,#1854,#1855);
#1582=AXIS2_PLACEMENT_3D('',#2369,#1858,#1859);
#1583=AXIS2_PLACEMENT_3D('',#2373,#1862,#1863);
#1584=AXIS2_PLACEMENT_3D('',#2376,#1865,#1866);
#1585=AXIS2_PLACEMENT_3D('',#2377,#1867,#1868);
#1586=AXIS2_PLACEMENT_3D('',#2380,#1870,#1871);
#1587=AXIS2_PLACEMENT_3D('',#2381,#1872,#1873);
#1588=AXIS2_PLACEMENT_3D('',#2384,#1875,#1876);
#1589=AXIS2_PLACEMENT_3D('',#2385,#1877,#1878);
#1590=AXIS2_PLACEMENT_3D('',#2389,#1881,#1882);
#1591=AXIS2_PLACEMENT_3D('',#2392,#1884,#1885);
#1592=AXIS2_PLACEMENT_3D('',#2393,#1886,#1887);
#1593=AXIS2_PLACEMENT_3D('',#2397,#1890,#1891);
#1594=AXIS2_PLACEMENT_3D('',#2400,#1893,#1894);
#1595=AXIS2_PLACEMENT_3D('',#2401,#1895,#1896);
#1596=AXIS2_PLACEMENT_3D('',#2404,#1898,#1899);
#1597=AXIS2_PLACEMENT_3D('',#2405,#1900,#1901);
#1598=AXIS2_PLACEMENT_3D('',#2408,#1903,#1904);
#1599=AXIS2_PLACEMENT_3D('',#2409,#1905,#1906);
#1600=AXIS2_PLACEMENT_3D('',#2413,#1909,#1910);
#1601=AXIS2_PLACEMENT_3D('',#2417,#1913,#1914);
#1602=AXIS2_PLACEMENT_3D('',#2423,#1918,#1919);
#1603=AXIS2_PLACEMENT_3D('',#2427,#1922,#1923);
#1604=AXIS2_PLACEMENT_3D('',#2430,#1925,#1926);
#1605=AXIS2_PLACEMENT_3D('',#2431,#1927,#1928);
#1606=AXIS2_PLACEMENT_3D('',#2434,#1930,#1931);
#1607=AXIS2_PLACEMENT_3D('',#2435,#1932,#1933);
#1608=AXIS2_PLACEMENT_3D('',#2438,#1935,#1936);
#1609=AXIS2_PLACEMENT_3D('',#2439,#1937,#1938);
#1610=AXIS2_PLACEMENT_3D('',#2443,#1941,#1942);
#1611=AXIS2_PLACEMENT_3D('',#2446,#1944,#1945);
#1612=AXIS2_PLACEMENT_3D('',#2447,#1946,#1947);
#1613=AXIS2_PLACEMENT_3D('',#2451,#1950,#1951);
#1614=AXIS2_PLACEMENT_3D('',#2454,#1953,#1954);
#1615=AXIS2_PLACEMENT_3D('',#2455,#1955,#1956);
#1616=AXIS2_PLACEMENT_3D('',#2458,#1958,#1959);
#1617=AXIS2_PLACEMENT_3D('',#2459,#1960,#1961);
#1618=AXIS2_PLACEMENT_3D('',#2462,#1963,#1964);
#1619=AXIS2_PLACEMENT_3D('',#2463,#1965,#1966);
#1620=AXIS2_PLACEMENT_3D('',#2467,#1969,#1970);
#1621=AXIS2_PLACEMENT_3D('',#2469,#1972,#1973);
#1622=AXIS2_PLACEMENT_3D('',#2471,#1975,#1976);
#1623=AXIS2_PLACEMENT_3D('',#2472,#1977,#1978);
#1624=AXIS2_PLACEMENT_3D('',#2474,#1979,#1980);
#1625=AXIS2_PLACEMENT_3D('',#2475,#1981,#1982);
#1626=AXIS2_PLACEMENT_3D('',#2477,#1983,#1984);
#1627=AXIS2_PLACEMENT_3D('',#2478,#1985,#1986);
#1628=AXIS2_PLACEMENT_3D('',#2480,#1987,#1988);
#1629=AXIS2_PLACEMENT_3D('',#2481,#1989,#1990);
#1630=AXIS2_PLACEMENT_3D('',#2483,#1991,#1992);
#1631=AXIS2_PLACEMENT_3D('',#2484,#1993,#1994);
#1632=AXIS2_PLACEMENT_3D('',#2486,#1995,#1996);
#1633=AXIS2_PLACEMENT_3D('',#2487,#1997,#1998);
#1634=AXIS2_PLACEMENT_3D('',#2489,#1999,#2000);
#1635=AXIS2_PLACEMENT_3D('',#2490,#2001,#2002);
#1636=AXIS2_PLACEMENT_3D('',#2492,#2003,#2004);
#1637=AXIS2_PLACEMENT_3D('',#2493,#2005,#2006);
#1638=AXIS2_PLACEMENT_3D('',#2495,#2007,#2008);
#1639=AXIS2_PLACEMENT_3D('',#2496,#2009,#2010);
#1640=AXIS2_PLACEMENT_3D('',#2498,#2011,#2012);
#1641=AXIS2_PLACEMENT_3D('',#2499,#2013,#2014);
#1642=AXIS2_PLACEMENT_3D('',#2501,#2015,#2016);
#1643=AXIS2_PLACEMENT_3D('',#2502,#2017,#2018);
#1644=AXIS2_PLACEMENT_3D('',#2504,#2019,#2020);
#1645=AXIS2_PLACEMENT_3D('',#2505,#2021,#2022);
#1646=AXIS2_PLACEMENT_3D('',#2507,#2023,#2024);
#1647=AXIS2_PLACEMENT_3D('',#2508,#2025,#2026);
#1648=AXIS2_PLACEMENT_3D('',#2510,#2027,#2028);
#1649=AXIS2_PLACEMENT_3D('',#2511,#2029,#2030);
#1650=AXIS2_PLACEMENT_3D('',#2513,#2031,#2032);
#1651=AXIS2_PLACEMENT_3D('',#2514,#2033,#2034);
#1652=AXIS2_PLACEMENT_3D('',#2516,#2035,#2036);
#1653=AXIS2_PLACEMENT_3D('',#2517,#2037,#2038);
#1654=AXIS2_PLACEMENT_3D('',#2519,#2039,#2040);
#1655=AXIS2_PLACEMENT_3D('',#2520,#2041,#2042);
#1656=AXIS2_PLACEMENT_3D('',#2522,#2043,#2044);
#1657=AXIS2_PLACEMENT_3D('',#2523,#2045,#2046);
#1658=AXIS2_PLACEMENT_3D('',#2525,#2047,#2048);
#1659=AXIS2_PLACEMENT_3D('',#2526,#2049,#2050);
#1660=AXIS2_PLACEMENT_3D('',#2528,#2051,#2052);
#1661=AXIS2_PLACEMENT_3D('',#2529,#2053,#2054);
#1662=AXIS2_PLACEMENT_3D('',#2531,#2055,#2056);
#1663=AXIS2_PLACEMENT_3D('',#2532,#2057,#2058);
#1664=AXIS2_PLACEMENT_3D('',#2534,#2059,#2060);
#1665=AXIS2_PLACEMENT_3D('',#2535,#2061,#2062);
#1666=AXIS2_PLACEMENT_3D('',#2537,#2063,#2064);
#1667=AXIS2_PLACEMENT_3D('',#2538,#2065,#2066);
#1668=AXIS2_PLACEMENT_3D('',#2540,#2067,#2068);
#1669=AXIS2_PLACEMENT_3D('',#2541,#2069,#2070);
#1670=AXIS2_PLACEMENT_3D('',#2543,#2071,#2072);
#1671=AXIS2_PLACEMENT_3D('',#2544,#2073,#2074);
#1672=AXIS2_PLACEMENT_3D('',#2546,#2075,#2076);
#1673=AXIS2_PLACEMENT_3D('',#2547,#2077,#2078);
#1674=AXIS2_PLACEMENT_3D('',#2549,#2079,#2080);
#1675=AXIS2_PLACEMENT_3D('',#2550,#2081,#2082);
#1676=AXIS2_PLACEMENT_3D('',#2552,#2083,#2084);
#1677=AXIS2_PLACEMENT_3D('',#2553,#2085,#2086);
#1678=AXIS2_PLACEMENT_3D('',#2555,#2087,#2088);
#1679=AXIS2_PLACEMENT_3D('',#2556,#2089,#2090);
#1680=AXIS2_PLACEMENT_3D('',#2558,#2091,#2092);
#1681=AXIS2_PLACEMENT_3D('',#2559,#2093,#2094);
#1682=AXIS2_PLACEMENT_3D('',#2561,#2095,#2096);
#1683=AXIS2_PLACEMENT_3D('',#2562,#2097,#2098);
#1684=AXIS2_PLACEMENT_3D('',#2564,#2099,#2100);
#1685=AXIS2_PLACEMENT_3D('',#2565,#2101,#2102);
#1686=AXIS2_PLACEMENT_3D('',#2567,#2103,#2104);
#1687=AXIS2_PLACEMENT_3D('',#2568,#2105,#2106);
#1688=AXIS2_PLACEMENT_3D('',#2570,#2107,#2108);
#1689=AXIS2_PLACEMENT_3D('',#2571,#2109,#2110);
#1690=AXIS2_PLACEMENT_3D('',#2573,#2111,#2112);
#1691=AXIS2_PLACEMENT_3D('',#2574,#2113,#2114);
#1692=AXIS2_PLACEMENT_3D('',#2576,#2115,#2116);
#1693=AXIS2_PLACEMENT_3D('',#2577,#2117,#2118);
#1694=AXIS2_PLACEMENT_3D('',#2579,#2119,#2120);
#1695=AXIS2_PLACEMENT_3D('',#2580,#2121,#2122);
#1696=AXIS2_PLACEMENT_3D('',#2582,#2123,#2124);
#1697=AXIS2_PLACEMENT_3D('',#2583,#2125,#2126);
#1698=AXIS2_PLACEMENT_3D('',#2585,#2127,#2128);
#1699=AXIS2_PLACEMENT_3D('',#2586,#2129,#2130);
#1700=AXIS2_PLACEMENT_3D('',#2588,#2131,#2132);
#1701=AXIS2_PLACEMENT_3D('',#2589,#2133,#2134);
#1702=AXIS2_PLACEMENT_3D('',#2591,#2135,#2136);
#1703=AXIS2_PLACEMENT_3D('',#2592,#2137,#2138);
#1704=AXIS2_PLACEMENT_3D('',#2594,#2139,#2140);
#1705=AXIS2_PLACEMENT_3D('',#2595,#2141,#2142);
#1706=AXIS2_PLACEMENT_3D('',#2597,#2143,#2144);
#1707=AXIS2_PLACEMENT_3D('',#2598,#2145,#2146);
#1708=AXIS2_PLACEMENT_3D('',#2600,#2147,#2148);
#1709=AXIS2_PLACEMENT_3D('',#2601,#2149,#2150);
#1710=AXIS2_PLACEMENT_3D('',#2603,#2151,#2152);
#1711=AXIS2_PLACEMENT_3D('',#2604,#2153,#2154);
#1712=AXIS2_PLACEMENT_3D('',#2606,#2155,#2156);
#1713=AXIS2_PLACEMENT_3D('',#2607,#2157,#2158);
#1714=AXIS2_PLACEMENT_3D('',#2609,#2159,#2160);
#1715=AXIS2_PLACEMENT_3D('',#2610,#2161,#2162);
#1716=AXIS2_PLACEMENT_3D('',#2612,#2163,#2164);
#1717=AXIS2_PLACEMENT_3D('',#2613,#2165,#2166);
#1718=AXIS2_PLACEMENT_3D('',#2615,#2167,#2168);
#1719=AXIS2_PLACEMENT_3D('',#2616,#2169,#2170);
#1720=AXIS2_PLACEMENT_3D('',#2618,#2171,#2172);
#1721=AXIS2_PLACEMENT_3D('',#2619,#2173,#2174);
#1722=AXIS2_PLACEMENT_3D('',#2621,#2175,#2176);
#1723=AXIS2_PLACEMENT_3D('',#2622,#2177,#2178);
#1724=AXIS2_PLACEMENT_3D('',#2624,#2179,#2180);
#1725=AXIS2_PLACEMENT_3D('',#2625,#2181,#2182);
#1726=AXIS2_PLACEMENT_3D('',#2627,#2183,#2184);
#1727=AXIS2_PLACEMENT_3D('',#2628,#2185,#2186);
#1728=AXIS2_PLACEMENT_3D('',#2630,#2187,#2188);
#1729=AXIS2_PLACEMENT_3D('',#2631,#2189,#2190);
#1730=AXIS2_PLACEMENT_3D('',#2633,#2191,#2192);
#1731=AXIS2_PLACEMENT_3D('',#2634,#2193,#2194);
#1732=AXIS2_PLACEMENT_3D('',#2636,#2195,#2196);
#1733=AXIS2_PLACEMENT_3D('',#2637,#2197,#2198);
#1734=AXIS2_PLACEMENT_3D('',#2639,#2199,#2200);
#1735=AXIS2_PLACEMENT_3D('',#2640,#2201,#2202);
#1736=AXIS2_PLACEMENT_3D('',#2642,#2203,#2204);
#1737=AXIS2_PLACEMENT_3D('',#2643,#2205,#2206);
#1738=AXIS2_PLACEMENT_3D('',#2645,#2207,#2208);
#1739=AXIS2_PLACEMENT_3D('',#2646,#2209,#2210);
#1740=AXIS2_PLACEMENT_3D('',#2648,#2211,#2212);
#1741=AXIS2_PLACEMENT_3D('',#2649,#2213,#2214);
#1742=AXIS2_PLACEMENT_3D('',#2651,#2215,#2216);
#1743=AXIS2_PLACEMENT_3D('',#2652,#2217,#2218);
#1744=AXIS2_PLACEMENT_3D('',#2654,#2219,#2220);
#1745=AXIS2_PLACEMENT_3D('',#2655,#2221,#2222);
#1746=AXIS2_PLACEMENT_3D('',#2657,#2223,#2224);
#1747=AXIS2_PLACEMENT_3D('',#2658,#2225,#2226);
#1748=AXIS2_PLACEMENT_3D('',#2660,#2227,#2228);
#1749=AXIS2_PLACEMENT_3D('',#2661,#2229,#2230);
#1750=AXIS2_PLACEMENT_3D('',#2663,#2231,#2232);
#1751=AXIS2_PLACEMENT_3D('',#2664,#2233,#2234);
#1752=AXIS2_PLACEMENT_3D('',#2666,#2235,#2236);
#1753=AXIS2_PLACEMENT_3D('',#2667,#2237,#2238);
#1754=AXIS2_PLACEMENT_3D('',#2669,#2239,#2240);
#1755=AXIS2_PLACEMENT_3D('',#2670,#2241,#2242);
#1756=AXIS2_PLACEMENT_3D('',#2672,#2243,#2244);
#1757=AXIS2_PLACEMENT_3D('',#2673,#2245,#2246);
#1758=AXIS2_PLACEMENT_3D('',#2675,#2247,#2248);
#1759=AXIS2_PLACEMENT_3D('',#2676,#2249,#2250);
#1760=AXIS2_PLACEMENT_3D('',#2678,#2251,#2252);
#1761=AXIS2_PLACEMENT_3D('',#2679,#2253,#2254);
#1762=AXIS2_PLACEMENT_3D('',#2681,#2255,#2256);
#1763=AXIS2_PLACEMENT_3D('',#2682,#2257,#2258);
#1764=AXIS2_PLACEMENT_3D('',#2684,#2259,#2260);
#1765=AXIS2_PLACEMENT_3D('',#2685,#2261,#2262);
#1766=AXIS2_PLACEMENT_3D('',#2687,#2263,#2264);
#1767=DIRECTION('',(0.,0.,1.));
#1768=DIRECTION('',(1.,0.,0.));
#1769=DIRECTION('',(-1.,-1.22464679914735E-16,0.));
#1770=DIRECTION('',(-1.22464679914735E-16,1.,0.));
#1771=DIRECTION('',(1.22464679914735E-16,-1.,-1.22464679914735E-16));
#1772=DIRECTION('',(8.65956056235494E-17,-0.707106781186548,0.707106781186547));
#1773=DIRECTION('',(0.,0.,1.));
#1774=DIRECTION('',(-1.,-1.22464679914735E-16,0.));
#1775=DIRECTION('',(1.22464679914666E-16,-0.999999999999432,-1.06592842538666E-6));
#1776=DIRECTION('',(1.,1.22464679914735E-16,0.));
#1777=DIRECTION('',(0.,0.,1.));
#1778=DIRECTION('',(-1.,-1.22464679914735E-16,0.));
#1779=DIRECTION('',(1.06843958323036E-16,-0.872447128408163,0.488708510394848));
#1780=DIRECTION('',(-1.22464679914735E-16,1.,0.));
#1781=DIRECTION('',(1.,1.22464679914735E-16,0.));
#1782=DIRECTION('',(3.80001086369761E-17,-0.310294434798942,0.950640501836948));
#1783=DIRECTION('',(1.22464679914735E-16,-1.,0.));
#1784=DIRECTION('',(-1.,-1.22464679914735E-16,0.));
#1785=DIRECTION('',(1.38783649260014E-22,-1.1332544971876E-6,-0.999999999999358));
#1786=DIRECTION('',(1.,1.22464679914735E-16,0.));
#1787=DIRECTION('',(-5.98463255075785E-17,0.488682333136753,0.872461791300926));
#1788=DIRECTION('',(-1.,-1.22464679914735E-16,0.));
#1789=DIRECTION('',(5.98462848957374E-17,-0.488682001515904,-0.872461977047946));
#1790=DIRECTION('',(0.,0.,1.));
#1791=DIRECTION('',(-7.93230821159154E-17,0.647722120134093,0.761876666586525));
#1792=DIRECTION('',(-1.22464679914735E-16,1.,2.01858731750028E-16));
#1793=DIRECTION('',(-7.93230821159154E-17,0.647722120134093,-0.761876666586525));
#1794=DIRECTION('',(0.,0.,-1.));
#1795=DIRECTION('',(-1.,-1.22464679914735E-16,0.));
#1796=DIRECTION('',(-1.2246467991462E-16,0.999999999999059,-1.37155477253348E-6));
#1797=DIRECTION('',(1.,1.22464679914735E-16,0.));
#1798=DIRECTION('',(1.06844002254859E-16,-0.872447487138721,0.488707869985057));
#1799=DIRECTION('',(-1.,-1.22464679914735E-16,0.));
#1800=DIRECTION('',(-1.06843986662558E-16,0.872447359817928,-0.488708097279682));
#1801=DIRECTION('',(1.22464679914735E-16,-1.,0.));
#1802=DIRECTION('',(1.,1.22464679914735E-16,0.));
#1803=DIRECTION('',(-3.80001149109055E-17,0.310294486029463,-0.950640485115015));
#1804=DIRECTION('',(-1.22464679914735E-16,1.,0.));
#1805=DIRECTION('',(-1.,-1.22464679914735E-16,0.));
#1806=DIRECTION('',(-1.38783650109783E-22,1.13325450412649E-6,0.999999999999358));
#1807=DIRECTION('',(1.,1.22464679914735E-16,0.));
#1808=DIRECTION('',(0.,0.,1.));
#1809=DIRECTION('',(-1.,-1.22464679914735E-16,0.));
#1810=DIRECTION('',(-5.98462565573277E-17,0.488681770115228,0.87246210665968));
#1811=DIRECTION('',(0.,0.,-1.));
#1812=DIRECTION('',(8.65956056235494E-17,-0.707106781186548,-0.707106781186547));
#1813=DIRECTION('',(0.,0.,-1.));
#1814=DIRECTION('',(1.22464679914735E-16,-1.,0.));
#1815=DIRECTION('',(1.49975978266185E-32,-1.22464679914735E-16,1.));
#1816=DIRECTION('',(-1.22464679914735E-16,1.,2.01858731750028E-16));
#1817=DIRECTION('',(1.49975978266185E-32,-1.22464679914735E-16,1.));
#1818=DIRECTION('',(-1.22464679914735E-16,1.,2.01858731750028E-16));
#1819=DIRECTION('',(1.49975978266185E-32,-1.22464679914735E-16,1.));
#1820=DIRECTION('',(-1.22464679914735E-16,1.,2.01858731750028E-16));
#1821=DIRECTION('',(1.49975978266185E-32,-1.22464679914735E-16,1.));
#1822=DIRECTION('',(-1.22464679914735E-16,1.,2.01858731750028E-16));
#1823=DIRECTION('',(1.49975978266185E-32,-1.22464679914735E-16,1.));
#1824=DIRECTION('',(-1.22464679914735E-16,1.,2.01858731750028E-16));
#1825=DIRECTION('',(1.49975978266185E-32,-1.22464679914735E-16,1.));
#1826=DIRECTION('',(-1.22464679914735E-16,1.,2.01858731750028E-16));
#1827=DIRECTION('',(1.49975978266185E-32,-1.22464679914735E-16,1.));
#1828=DIRECTION('',(-1.22464679914735E-16,1.,2.01858731750028E-16));
#1829=DIRECTION('',(1.49975978266185E-32,-1.22464679914735E-16,1.));
#1830=DIRECTION('',(-1.22464679914735E-16,1.,2.01858731750028E-16));
#1831=DIRECTION('',(1.49975978266185E-32,-1.22464679914735E-16,1.));
#1832=DIRECTION('',(-1.22464679914735E-16,1.,2.01858731750028E-16));
#1833=DIRECTION('',(1.49975978266185E-32,-1.22464679914735E-16,1.));
#1834=DIRECTION('',(-1.22464679914735E-16,1.,2.01858731750028E-16));
#1835=DIRECTION('',(1.49975978266185E-32,-1.22464679914735E-16,1.));
#1836=DIRECTION('',(-1.22464679914735E-16,1.,2.01858731750028E-16));
#1837=DIRECTION('',(1.49975978266185E-32,-1.22464679914735E-16,1.));
#1838=DIRECTION('',(-1.22464679914735E-16,1.,2.01858731750028E-16));
#1839=DIRECTION('',(1.49975978266185E-32,-1.22464679914735E-16,1.));
#1840=DIRECTION('',(-1.22464679914735E-16,1.,2.01858731750028E-16));
#1841=DIRECTION('',(1.49975978266185E-32,-1.22464679914735E-16,1.));
#1842=DIRECTION('',(-1.22464679914735E-16,1.,2.01858731750028E-16));
#1843=DIRECTION('',(1.49975978266185E-32,-1.22464679914735E-16,1.));
#1844=DIRECTION('',(-1.22464679914735E-16,1.,2.01858731750028E-16));
#1845=DIRECTION('',(1.49975978266185E-32,-1.22464679914735E-16,1.));
#1846=DIRECTION('',(-1.22464679914735E-16,1.,2.01858731750028E-16));
#1847=DIRECTION('',(1.49975978266185E-32,-1.22464679914735E-16,1.));
#1848=DIRECTION('',(-1.22464679914735E-16,1.,2.01858731750028E-16));
#1849=DIRECTION('',(1.49975978266185E-32,-1.22464679914735E-16,1.));
#1850=DIRECTION('',(-1.22464679914735E-16,1.,2.01858731750028E-16));
#1851=DIRECTION('',(-1.,-1.22464679914735E-16,0.));
#1852=DIRECTION('',(1.,1.22464679914735E-16,0.));
#1853=DIRECTION('',(-1.22464679914735E-16,1.,1.22464679914735E-16));
#1854=DIRECTION('',(8.65956056235494E-17,-0.707106781186548,-0.707106781186548));
#1855=DIRECTION('',(8.65956056235494E-17,-0.707106781186548,0.707106781186548));
#1856=DIRECTION('',(-1.,-1.22464679914735E-16,0.));
#1857=DIRECTION('',(-8.65956056235494E-17,0.707106781186548,-0.707106781186547));
#1858=DIRECTION('',(1.22464679914735E-16,-1.,0.));
#1859=DIRECTION('',(0.,0.,1.));
#1860=DIRECTION('',(-1.,-1.22464679914735E-16,0.));
#1861=DIRECTION('',(0.,0.,-1.));
#1862=DIRECTION('',(-1.,-1.22464679914735E-16,0.));
#1863=DIRECTION('',(1.22464679914666E-16,-0.999999999999432,-1.06592842538666E-6));
#1864=DIRECTION('',(-1.,-1.22464679914735E-16,0.));
#1865=DIRECTION('',(1.,1.22464679914735E-16,0.));
#1866=DIRECTION('',(1.22464679914666E-16,-0.999999999999432,-1.06592842538666E-6));
#1867=DIRECTION('',(-1.,-1.22464679914735E-16,0.));
#1868=DIRECTION('',(-5.98463255075785E-17,0.488682333136753,0.872461791300926));
#1869=DIRECTION('',(-1.,-1.22464679914735E-16,0.));
#1870=DIRECTION('',(-1.,-1.22464679914735E-16,0.));
#1871=DIRECTION('',(0.,0.,1.));
#1872=DIRECTION('',(-1.,-1.22464679914735E-16,0.));
#1873=DIRECTION('',(1.06843958323036E-16,-0.872447128408163,0.488708510394848));
#1874=DIRECTION('',(-1.,-1.22464679914735E-16,0.));
#1875=DIRECTION('',(1.,1.22464679914735E-16,0.));
#1876=DIRECTION('',(1.06843958323036E-16,-0.872447128408163,0.488708510394848));
#1877=DIRECTION('',(0.,0.,1.));
#1878=DIRECTION('',(-1.22464679914735E-16,1.,0.));
#1879=DIRECTION('',(-1.,-1.22464679914735E-16,0.));
#1880=DIRECTION('',(1.22464679914735E-16,-1.,0.));
#1881=DIRECTION('',(-1.,-1.22464679914735E-16,0.));
#1882=DIRECTION('',(-1.22464679914735E-16,1.,-2.69452642943352E-8));
#1883=DIRECTION('',(-1.,-1.22464679914735E-16,0.));
#1884=DIRECTION('',(-1.,-1.22464679914735E-16,0.));
#1885=DIRECTION('',(3.80001086369761E-17,-0.310294434798942,0.950640501836948));
#1886=DIRECTION('',(0.,0.,-1.));
#1887=DIRECTION('',(1.22464679914735E-16,-1.,0.));
#1888=DIRECTION('',(-1.,-1.22464679914735E-16,0.));
#1889=DIRECTION('',(-1.22464679914735E-16,1.,0.));
#1890=DIRECTION('',(-1.,-1.22464679914735E-16,0.));
#1891=DIRECTION('',(1.38783649260014E-22,-1.1332544971876E-6,-0.999999999999358));
#1892=DIRECTION('',(-1.,-1.22464679914735E-16,0.));
#1893=DIRECTION('',(1.,1.22464679914735E-16,0.));
#1894=DIRECTION('',(1.38783649260014E-22,-1.1332544971876E-6,-0.999999999999358));
#1895=DIRECTION('',(-1.,-1.22464679914735E-16,0.));
#1896=DIRECTION('',(-5.98463255075785E-17,0.488682333136753,0.872461791300926));
#1897=DIRECTION('',(-1.,-1.22464679914735E-16,0.));
#1898=DIRECTION('',(-1.,-1.22464679914735E-16,0.));
#1899=DIRECTION('',(-5.98463255075785E-17,0.488682333136753,0.872461791300926));
#1900=DIRECTION('',(-1.,-1.22464679914735E-16,0.));
#1901=DIRECTION('',(5.98462848957374E-17,-0.488682001515904,-0.872461977047946));
#1902=DIRECTION('',(-1.,-1.22464679914735E-16,0.));
#1903=DIRECTION('',(1.,1.22464679914735E-16,0.));
#1904=DIRECTION('',(5.98462848957374E-17,-0.488682001515904,-0.872461977047946));
#1905=DIRECTION('',(1.22464679914735E-16,-1.,0.));
#1906=DIRECTION('',(0.,0.,1.));
#1907=DIRECTION('',(-1.,-1.22464679914735E-16,0.));
#1908=DIRECTION('',(0.,0.,-1.));
#1909=DIRECTION('',(9.33029821080243E-17,-0.761876666586525,0.647722120134093));
#1910=DIRECTION('',(-7.93230821159154E-17,0.647722120134093,0.761876666586525));
#1911=DIRECTION('',(-1.,-1.22464679914735E-16,0.));
#1912=DIRECTION('',(7.93230821159154E-17,-0.647722120134093,-0.761876666586525));
#1913=DIRECTION('',(-9.33029821080243E-17,0.761876666586525,0.647722120134093));
#1914=DIRECTION('',(-7.93230821159154E-17,0.647722120134093,-0.761876666586525));
#1915=DIRECTION('',(-1.,-1.22464679914735E-16,0.));
#1916=DIRECTION('',(-1.,-1.22464679914735E-16,0.));
#1917=DIRECTION('',(7.93230821159154E-17,-0.647722120134093,0.761876666586525));
#1918=DIRECTION('',(-1.22464679914735E-16,1.,0.));
#1919=DIRECTION('',(0.,0.,-1.));
#1920=DIRECTION('',(-1.,-1.22464679914735E-16,0.));
#1921=DIRECTION('',(0.,0.,1.));
#1922=DIRECTION('',(-1.,-1.22464679914735E-16,0.));
#1923=DIRECTION('',(-1.2246467991462E-16,0.999999999999059,-1.37155477253348E-6));
#1924=DIRECTION('',(-1.,-1.22464679914735E-16,0.));
#1925=DIRECTION('',(1.,1.22464679914735E-16,0.));
#1926=DIRECTION('',(-1.2246467991462E-16,0.999999999999059,-1.37155477253348E-6));
#1927=DIRECTION('',(-1.,-1.22464679914735E-16,0.));
#1928=DIRECTION('',(1.06844002254859E-16,-0.872447487138721,0.488707869985057));
#1929=DIRECTION('',(-1.,-1.22464679914735E-16,0.));
#1930=DIRECTION('',(-1.,-1.22464679914735E-16,0.));
#1931=DIRECTION('',(1.06844002254859E-16,-0.872447487138721,0.488707869985057));
#1932=DIRECTION('',(-1.,-1.22464679914735E-16,0.));
#1933=DIRECTION('',(-1.06843986662558E-16,0.872447359817928,-0.488708097279682));
#1934=DIRECTION('',(-1.,-1.22464679914735E-16,0.));
#1935=DIRECTION('',(1.,1.22464679914735E-16,0.));
#1936=DIRECTION('',(-1.06843986662558E-16,0.872447359817928,-0.488708097279682));
#1937=DIRECTION('',(0.,0.,-1.));
#1938=DIRECTION('',(1.22464679914735E-16,-1.,0.));
#1939=DIRECTION('',(-1.,-1.22464679914735E-16,0.));
#1940=DIRECTION('',(-1.22464679914735E-16,1.,0.));
#1941=DIRECTION('',(-1.,-1.22464679914735E-16,0.));
#1942=DIRECTION('',(1.22464679914735E-16,-1.,-2.69452660290597E-8));
#1943=DIRECTION('',(-1.,-1.22464679914735E-16,0.));
#1944=DIRECTION('',(-1.,-1.22464679914735E-16,0.));
#1945=DIRECTION('',(-3.80001149109055E-17,0.310294486029463,-0.950640485115015));
#1946=DIRECTION('',(0.,0.,1.));
#1947=DIRECTION('',(-1.22464679914735E-16,1.,0.));
#1948=DIRECTION('',(-1.,-1.22464679914735E-16,0.));
#1949=DIRECTION('',(1.22464679914735E-16,-1.,0.));
#1950=DIRECTION('',(-1.,-1.22464679914735E-16,0.));
#1951=DIRECTION('',(-1.38783650109783E-22,1.13325450412649E-6,0.999999999999358));
#1952=DIRECTION('',(-1.,-1.22464679914735E-16,0.));
#1953=DIRECTION('',(1.,1.22464679914735E-16,0.));
#1954=DIRECTION('',(-1.38783650109783E-22,1.13325450412649E-6,0.999999999999358));
#1955=DIRECTION('',(-1.,-1.22464679914735E-16,0.));
#1956=DIRECTION('',(1.06844002254859E-16,-0.872447487138721,0.488707869985057));
#1957=DIRECTION('',(-1.,-1.22464679914735E-16,0.));
#1958=DIRECTION('',(-1.,-1.22464679914735E-16,0.));
#1959=DIRECTION('',(0.,0.,1.));
#1960=DIRECTION('',(-1.,-1.22464679914735E-16,0.));
#1961=DIRECTION('',(-5.98462565573277E-17,0.488681770115228,0.87246210665968));
#1962=DIRECTION('',(-1.,-1.22464679914735E-16,0.));
#1963=DIRECTION('',(1.,1.22464679914735E-16,0.));
#1964=DIRECTION('',(-5.98462565573277E-17,0.488681770115228,0.87246210665968));
#1965=DIRECTION('',(-1.22464679914735E-16,1.,0.));
#1966=DIRECTION('',(0.,0.,-1.));
#1967=DIRECTION('',(-1.,-1.22464679914735E-16,0.));
#1968=DIRECTION('',(0.,0.,1.));
#1969=DIRECTION('',(-8.65956056235494E-17,0.707106781186548,-0.707106781186548));
#1970=DIRECTION('',(8.65956056235494E-17,-0.707106781186548,-0.707106781186548));
#1971=DIRECTION('',(-8.65956056235494E-17,0.707106781186548,0.707106781186547));
#1972=DIRECTION('',(-1.,-1.22464679914735E-16,0.));
#1973=DIRECTION('',(-1.22464679914735E-16,1.,0.));
#1974=DIRECTION('',(1.22464679914735E-16,-1.,-2.01858731750028E-16));
#1975=DIRECTION('',(0.,0.,-1.));
#1976=DIRECTION('',(-1.22464679914735E-16,1.,0.));
#1977=DIRECTION('',(-2.47205649717616E-32,2.01858731750028E-16,-1.));
#1978=DIRECTION('',(-1.22464679914735E-16,1.,2.01858731750028E-16));
#1979=DIRECTION('',(0.,0.,-1.));
#1980=DIRECTION('',(-1.22464679914735E-16,1.,0.));
#1981=DIRECTION('',(-2.47205649717616E-32,2.01858731750028E-16,-1.));
#1982=DIRECTION('',(-1.22464679914735E-16,1.,2.01858731750028E-16));
#1983=DIRECTION('',(0.,0.,-1.));
#1984=DIRECTION('',(-1.22464679914735E-16,1.,0.));
#1985=DIRECTION('',(-2.47205649717616E-32,2.01858731750028E-16,-1.));
#1986=DIRECTION('',(1.22464679914735E-16,-1.,-2.01858731750028E-16));
#1987=DIRECTION('',(0.,0.,1.));
#1988=DIRECTION('',(1.22464679914735E-16,-1.,0.));
#1989=DIRECTION('',(2.47205649717616E-32,-2.01858731750028E-16,1.));
#1990=DIRECTION('',(1.22464679914735E-16,-1.,-2.01858731750028E-16));
#1991=DIRECTION('',(0.,0.,-1.));
#1992=DIRECTION('',(-1.22464679914735E-16,1.,0.));
#1993=DIRECTION('',(-2.47205649717616E-32,2.01858731750028E-16,-1.));
#1994=DIRECTION('',(-1.22464679914735E-16,1.,2.01858731750028E-16));
#1995=DIRECTION('',(0.,0.,-1.));
#1996=DIRECTION('',(-1.22464679914735E-16,1.,0.));
#1997=DIRECTION('',(-2.47205649717616E-32,2.01858731750028E-16,-1.));
#1998=DIRECTION('',(-1.22464679914735E-16,1.,2.01858731750028E-16));
#1999=DIRECTION('',(0.,0.,-1.));
#2000=DIRECTION('',(-1.22464679914735E-16,1.,0.));
#2001=DIRECTION('',(-2.47205649717616E-32,2.01858731750028E-16,-1.));
#2002=DIRECTION('',(1.22464679914735E-16,-1.,-2.01858731750028E-16));
#2003=DIRECTION('',(0.,0.,1.));
#2004=DIRECTION('',(1.22464679914735E-16,-1.,0.));
#2005=DIRECTION('',(2.47205649717616E-32,-2.01858731750028E-16,1.));
#2006=DIRECTION('',(1.22464679914735E-16,-1.,-2.01858731750028E-16));
#2007=DIRECTION('',(0.,0.,-1.));
#2008=DIRECTION('',(-1.22464679914735E-16,1.,0.));
#2009=DIRECTION('',(-2.47205649717616E-32,2.01858731750028E-16,-1.));
#2010=DIRECTION('',(-1.22464679914735E-16,1.,2.01858731750028E-16));
#2011=DIRECTION('',(0.,0.,-1.));
#2012=DIRECTION('',(-1.22464679914735E-16,1.,0.));
#2013=DIRECTION('',(-2.47205649717616E-32,2.01858731750028E-16,-1.));
#2014=DIRECTION('',(-1.22464679914735E-16,1.,2.01858731750028E-16));
#2015=DIRECTION('',(0.,0.,-1.));
#2016=DIRECTION('',(-1.22464679914735E-16,1.,0.));
#2017=DIRECTION('',(-2.47205649717616E-32,2.01858731750028E-16,-1.));
#2018=DIRECTION('',(1.22464679914735E-16,-1.,-2.01858731750028E-16));
#2019=DIRECTION('',(0.,0.,1.));
#2020=DIRECTION('',(1.22464679914735E-16,-1.,0.));
#2021=DIRECTION('',(2.47205649717616E-32,-2.01858731750028E-16,1.));
#2022=DIRECTION('',(1.22464679914735E-16,-1.,-2.01858731750028E-16));
#2023=DIRECTION('',(0.,0.,-1.));
#2024=DIRECTION('',(-1.22464679914735E-16,1.,0.));
#2025=DIRECTION('',(-2.47205649717616E-32,2.01858731750028E-16,-1.));
#2026=DIRECTION('',(-1.22464679914735E-16,1.,2.01858731750028E-16));
#2027=DIRECTION('',(0.,0.,-1.));
#2028=DIRECTION('',(-1.22464679914735E-16,1.,0.));
#2029=DIRECTION('',(-2.47205649717616E-32,2.01858731750028E-16,-1.));
#2030=DIRECTION('',(-1.22464679914735E-16,1.,2.01858731750028E-16));
#2031=DIRECTION('',(0.,0.,-1.));
#2032=DIRECTION('',(-1.22464679914735E-16,1.,0.));
#2033=DIRECTION('',(-2.47205649717616E-32,2.01858731750028E-16,-1.));
#2034=DIRECTION('',(1.22464679914735E-16,-1.,-2.01858731750028E-16));
#2035=DIRECTION('',(0.,0.,1.));
#2036=DIRECTION('',(1.22464679914735E-16,-1.,0.));
#2037=DIRECTION('',(2.47205649717616E-32,-2.01858731750028E-16,1.));
#2038=DIRECTION('',(1.22464679914735E-16,-1.,-2.01858731750028E-16));
#2039=DIRECTION('',(0.,0.,-1.));
#2040=DIRECTION('',(-1.22464679914735E-16,1.,0.));
#2041=DIRECTION('',(-2.47205649717616E-32,2.01858731750028E-16,-1.));
#2042=DIRECTION('',(-1.22464679914735E-16,1.,2.01858731750028E-16));
#2043=DIRECTION('',(0.,0.,-1.));
#2044=DIRECTION('',(-1.22464679914735E-16,1.,0.));
#2045=DIRECTION('',(-2.47205649717616E-32,2.01858731750028E-16,-1.));
#2046=DIRECTION('',(-1.22464679914735E-16,1.,2.01858731750028E-16));
#2047=DIRECTION('',(0.,0.,-1.));
#2048=DIRECTION('',(-1.22464679914735E-16,1.,0.));
#2049=DIRECTION('',(-2.47205649717616E-32,2.01858731750028E-16,-1.));
#2050=DIRECTION('',(1.22464679914735E-16,-1.,-2.01858731750028E-16));
#2051=DIRECTION('',(0.,0.,1.));
#2052=DIRECTION('',(1.22464679914735E-16,-1.,0.));
#2053=DIRECTION('',(2.47205649717616E-32,-2.01858731750028E-16,1.));
#2054=DIRECTION('',(1.22464679914735E-16,-1.,-2.01858731750028E-16));
#2055=DIRECTION('',(0.,0.,-1.));
#2056=DIRECTION('',(-1.22464679914735E-16,1.,0.));
#2057=DIRECTION('',(-2.47205649717616E-32,2.01858731750028E-16,-1.));
#2058=DIRECTION('',(-1.22464679914735E-16,1.,2.01858731750028E-16));
#2059=DIRECTION('',(0.,0.,-1.));
#2060=DIRECTION('',(-1.22464679914735E-16,1.,0.));
#2061=DIRECTION('',(-2.47205649717616E-32,2.01858731750028E-16,-1.));
#2062=DIRECTION('',(-1.22464679914735E-16,1.,2.01858731750028E-16));
#2063=DIRECTION('',(0.,0.,-1.));
#2064=DIRECTION('',(-1.22464679914735E-16,1.,0.));
#2065=DIRECTION('',(-2.47205649717616E-32,2.01858731750028E-16,-1.));
#2066=DIRECTION('',(1.22464679914735E-16,-1.,-2.01858731750028E-16));
#2067=DIRECTION('',(0.,0.,1.));
#2068=DIRECTION('',(1.22464679914735E-16,-1.,0.));
#2069=DIRECTION('',(2.47205649717616E-32,-2.01858731750028E-16,1.));
#2070=DIRECTION('',(1.22464679914735E-16,-1.,-2.01858731750028E-16));
#2071=DIRECTION('',(0.,0.,-1.));
#2072=DIRECTION('',(-1.22464679914735E-16,1.,0.));
#2073=DIRECTION('',(-2.47205649717616E-32,2.01858731750028E-16,-1.));
#2074=DIRECTION('',(-1.22464679914735E-16,1.,2.01858731750028E-16));
#2075=DIRECTION('',(0.,0.,-1.));
#2076=DIRECTION('',(-1.22464679914735E-16,1.,0.));
#2077=DIRECTION('',(-2.47205649717616E-32,2.01858731750028E-16,-1.));
#2078=DIRECTION('',(-1.22464679914735E-16,1.,2.01858731750028E-16));
#2079=DIRECTION('',(0.,0.,-1.));
#2080=DIRECTION('',(-1.22464679914735E-16,1.,0.));
#2081=DIRECTION('',(-2.47205649717616E-32,2.01858731750028E-16,-1.));
#2082=DIRECTION('',(1.22464679914735E-16,-1.,-2.01858731750028E-16));
#2083=DIRECTION('',(0.,0.,1.));
#2084=DIRECTION('',(1.22464679914735E-16,-1.,0.));
#2085=DIRECTION('',(2.47205649717616E-32,-2.01858731750028E-16,1.));
#2086=DIRECTION('',(1.22464679914735E-16,-1.,-2.01858731750028E-16));
#2087=DIRECTION('',(0.,0.,-1.));
#2088=DIRECTION('',(-1.22464679914735E-16,1.,0.));
#2089=DIRECTION('',(-2.47205649717616E-32,2.01858731750028E-16,-1.));
#2090=DIRECTION('',(-1.22464679914735E-16,1.,2.01858731750028E-16));
#2091=DIRECTION('',(0.,0.,-1.));
#2092=DIRECTION('',(-1.22464679914735E-16,1.,0.));
#2093=DIRECTION('',(-2.47205649717616E-32,2.01858731750028E-16,-1.));
#2094=DIRECTION('',(-1.22464679914735E-16,1.,2.01858731750028E-16));
#2095=DIRECTION('',(0.,0.,-1.));
#2096=DIRECTION('',(-1.22464679914735E-16,1.,0.));
#2097=DIRECTION('',(-2.47205649717616E-32,2.01858731750028E-16,-1.));
#2098=DIRECTION('',(1.22464679914735E-16,-1.,-2.01858731750028E-16));
#2099=DIRECTION('',(0.,0.,1.));
#2100=DIRECTION('',(1.22464679914735E-16,-1.,0.));
#2101=DIRECTION('',(2.47205649717616E-32,-2.01858731750028E-16,1.));
#2102=DIRECTION('',(1.22464679914735E-16,-1.,-2.01858731750028E-16));
#2103=DIRECTION('',(0.,0.,-1.));
#2104=DIRECTION('',(-1.22464679914735E-16,1.,0.));
#2105=DIRECTION('',(-2.47205649717616E-32,2.01858731750028E-16,-1.));
#2106=DIRECTION('',(-1.22464679914735E-16,1.,2.01858731750028E-16));
#2107=DIRECTION('',(0.,0.,-1.));
#2108=DIRECTION('',(-1.22464679914735E-16,1.,0.));
#2109=DIRECTION('',(-2.47205649717616E-32,2.01858731750028E-16,-1.));
#2110=DIRECTION('',(-1.22464679914735E-16,1.,2.01858731750028E-16));
#2111=DIRECTION('',(0.,0.,-1.));
#2112=DIRECTION('',(-1.22464679914735E-16,1.,0.));
#2113=DIRECTION('',(-2.47205649717616E-32,2.01858731750028E-16,-1.));
#2114=DIRECTION('',(1.22464679914735E-16,-1.,-2.01858731750028E-16));
#2115=DIRECTION('',(0.,0.,1.));
#2116=DIRECTION('',(1.22464679914735E-16,-1.,0.));
#2117=DIRECTION('',(2.47205649717616E-32,-2.01858731750028E-16,1.));
#2118=DIRECTION('',(1.22464679914735E-16,-1.,-2.01858731750028E-16));
#2119=DIRECTION('',(0.,0.,-1.));
#2120=DIRECTION('',(-1.22464679914735E-16,1.,0.));
#2121=DIRECTION('',(-2.47205649717616E-32,2.01858731750028E-16,-1.));
#2122=DIRECTION('',(-1.22464679914735E-16,1.,2.01858731750028E-16));
#2123=DIRECTION('',(0.,0.,-1.));
#2124=DIRECTION('',(-1.22464679914735E-16,1.,0.));
#2125=DIRECTION('',(-2.47205649717616E-32,2.01858731750028E-16,-1.));
#2126=DIRECTION('',(-1.22464679914735E-16,1.,2.01858731750028E-16));
#2127=DIRECTION('',(0.,0.,-1.));
#2128=DIRECTION('',(-1.22464679914735E-16,1.,0.));
#2129=DIRECTION('',(-2.47205649717616E-32,2.01858731750028E-16,-1.));
#2130=DIRECTION('',(1.22464679914735E-16,-1.,-2.01858731750028E-16));
#2131=DIRECTION('',(0.,0.,1.));
#2132=DIRECTION('',(1.22464679914735E-16,-1.,0.));
#2133=DIRECTION('',(2.47205649717616E-32,-2.01858731750028E-16,1.));
#2134=DIRECTION('',(1.22464679914735E-16,-1.,-2.01858731750028E-16));
#2135=DIRECTION('',(0.,0.,-1.));
#2136=DIRECTION('',(-1.22464679914735E-16,1.,0.));
#2137=DIRECTION('',(-2.47205649717616E-32,2.01858731750028E-16,-1.));
#2138=DIRECTION('',(-1.22464679914735E-16,1.,2.01858731750028E-16));
#2139=DIRECTION('',(0.,0.,-1.));
#2140=DIRECTION('',(-1.22464679914735E-16,1.,0.));
#2141=DIRECTION('',(-2.47205649717616E-32,2.01858731750028E-16,-1.));
#2142=DIRECTION('',(-1.22464679914735E-16,1.,2.01858731750028E-16));
#2143=DIRECTION('',(0.,0.,-1.));
#2144=DIRECTION('',(-1.22464679914735E-16,1.,0.));
#2145=DIRECTION('',(-2.47205649717616E-32,2.01858731750028E-16,-1.));
#2146=DIRECTION('',(1.22464679914735E-16,-1.,-2.01858731750028E-16));
#2147=DIRECTION('',(0.,0.,1.));
#2148=DIRECTION('',(1.22464679914735E-16,-1.,0.));
#2149=DIRECTION('',(2.47205649717616E-32,-2.01858731750028E-16,1.));
#2150=DIRECTION('',(1.22464679914735E-16,-1.,-2.01858731750028E-16));
#2151=DIRECTION('',(0.,0.,-1.));
#2152=DIRECTION('',(-1.22464679914735E-16,1.,0.));
#2153=DIRECTION('',(-2.47205649717616E-32,2.01858731750028E-16,-1.));
#2154=DIRECTION('',(-1.22464679914735E-16,1.,2.01858731750028E-16));
#2155=DIRECTION('',(0.,0.,-1.));
#2156=DIRECTION('',(-1.22464679914735E-16,1.,0.));
#2157=DIRECTION('',(-2.47205649717616E-32,2.01858731750028E-16,-1.));
#2158=DIRECTION('',(-1.22464679914735E-16,1.,2.01858731750028E-16));
#2159=DIRECTION('',(0.,0.,-1.));
#2160=DIRECTION('',(-1.22464679914735E-16,1.,0.));
#2161=DIRECTION('',(-2.47205649717616E-32,2.01858731750028E-16,-1.));
#2162=DIRECTION('',(1.22464679914735E-16,-1.,-2.01858731750028E-16));
#2163=DIRECTION('',(0.,0.,1.));
#2164=DIRECTION('',(1.22464679914735E-16,-1.,0.));
#2165=DIRECTION('',(2.47205649717616E-32,-2.01858731750028E-16,1.));
#2166=DIRECTION('',(1.22464679914735E-16,-1.,-2.01858731750028E-16));
#2167=DIRECTION('',(0.,0.,-1.));
#2168=DIRECTION('',(-1.22464679914735E-16,1.,0.));
#2169=DIRECTION('',(-2.47205649717616E-32,2.01858731750028E-16,-1.));
#2170=DIRECTION('',(-1.22464679914735E-16,1.,2.01858731750028E-16));
#2171=DIRECTION('',(0.,0.,-1.));
#2172=DIRECTION('',(-1.22464679914735E-16,1.,0.));
#2173=DIRECTION('',(-2.47205649717616E-32,2.01858731750028E-16,-1.));
#2174=DIRECTION('',(-1.22464679914735E-16,1.,2.01858731750028E-16));
#2175=DIRECTION('',(0.,0.,-1.));
#2176=DIRECTION('',(-1.22464679914735E-16,1.,0.));
#2177=DIRECTION('',(-2.47205649717616E-32,2.01858731750028E-16,-1.));
#2178=DIRECTION('',(1.22464679914735E-16,-1.,-2.01858731750028E-16));
#2179=DIRECTION('',(0.,0.,1.));
#2180=DIRECTION('',(1.22464679914735E-16,-1.,0.));
#2181=DIRECTION('',(2.47205649717616E-32,-2.01858731750028E-16,1.));
#2182=DIRECTION('',(1.22464679914735E-16,-1.,-2.01858731750028E-16));
#2183=DIRECTION('',(0.,0.,-1.));
#2184=DIRECTION('',(-1.22464679914735E-16,1.,0.));
#2185=DIRECTION('',(-2.47205649717616E-32,2.01858731750028E-16,-1.));
#2186=DIRECTION('',(-1.22464679914735E-16,1.,2.01858731750028E-16));
#2187=DIRECTION('',(0.,0.,-1.));
#2188=DIRECTION('',(-1.22464679914735E-16,1.,0.));
#2189=DIRECTION('',(-2.47205649717616E-32,2.01858731750028E-16,-1.));
#2190=DIRECTION('',(-1.22464679914735E-16,1.,2.01858731750028E-16));
#2191=DIRECTION('',(0.,0.,-1.));
#2192=DIRECTION('',(-1.22464679914735E-16,1.,0.));
#2193=DIRECTION('',(-2.47205649717616E-32,2.01858731750028E-16,-1.));
#2194=DIRECTION('',(1.22464679914735E-16,-1.,-2.01858731750028E-16));
#2195=DIRECTION('',(0.,0.,1.));
#2196=DIRECTION('',(1.22464679914735E-16,-1.,0.));
#2197=DIRECTION('',(2.47205649717616E-32,-2.01858731750028E-16,1.));
#2198=DIRECTION('',(1.22464679914735E-16,-1.,-2.01858731750028E-16));
#2199=DIRECTION('',(0.,0.,-1.));
#2200=DIRECTION('',(-1.22464679914735E-16,1.,0.));
#2201=DIRECTION('',(-2.47205649717616E-32,2.01858731750028E-16,-1.));
#2202=DIRECTION('',(-1.22464679914735E-16,1.,2.01858731750028E-16));
#2203=DIRECTION('',(0.,0.,-1.));
#2204=DIRECTION('',(-1.22464679914735E-16,1.,0.));
#2205=DIRECTION('',(-2.47205649717616E-32,2.01858731750028E-16,-1.));
#2206=DIRECTION('',(-1.22464679914735E-16,1.,2.01858731750028E-16));
#2207=DIRECTION('',(0.,0.,-1.));
#2208=DIRECTION('',(-1.22464679914735E-16,1.,0.));
#2209=DIRECTION('',(-2.47205649717616E-32,2.01858731750028E-16,-1.));
#2210=DIRECTION('',(1.22464679914735E-16,-1.,-2.01858731750028E-16));
#2211=DIRECTION('',(0.,0.,1.));
#2212=DIRECTION('',(1.22464679914735E-16,-1.,0.));
#2213=DIRECTION('',(2.47205649717616E-32,-2.01858731750028E-16,1.));
#2214=DIRECTION('',(1.22464679914735E-16,-1.,-2.01858731750028E-16));
#2215=DIRECTION('',(0.,0.,-1.));
#2216=DIRECTION('',(-1.22464679914735E-16,1.,0.));
#2217=DIRECTION('',(-2.47205649717616E-32,2.01858731750028E-16,-1.));
#2218=DIRECTION('',(-1.22464679914735E-16,1.,2.01858731750028E-16));
#2219=DIRECTION('',(0.,0.,-1.));
#2220=DIRECTION('',(-1.22464679914735E-16,1.,0.));
#2221=DIRECTION('',(-2.47205649717616E-32,2.01858731750028E-16,-1.));
#2222=DIRECTION('',(-1.22464679914735E-16,1.,2.01858731750028E-16));
#2223=DIRECTION('',(0.,0.,-1.));
#2224=DIRECTION('',(-1.22464679914735E-16,1.,0.));
#2225=DIRECTION('',(-2.47205649717616E-32,2.01858731750028E-16,-1.));
#2226=DIRECTION('',(1.22464679914735E-16,-1.,-2.01858731750028E-16));
#2227=DIRECTION('',(0.,0.,1.));
#2228=DIRECTION('',(1.22464679914735E-16,-1.,0.));
#2229=DIRECTION('',(2.47205649717616E-32,-2.01858731750028E-16,1.));
#2230=DIRECTION('',(1.22464679914735E-16,-1.,-2.01858731750028E-16));
#2231=DIRECTION('',(0.,0.,-1.));
#2232=DIRECTION('',(-1.22464679914735E-16,1.,0.));
#2233=DIRECTION('',(-2.47205649717616E-32,2.01858731750028E-16,-1.));
#2234=DIRECTION('',(-1.22464679914735E-16,1.,2.01858731750028E-16));
#2235=DIRECTION('',(0.,0.,-1.));
#2236=DIRECTION('',(-1.22464679914735E-16,1.,0.));
#2237=DIRECTION('',(-2.47205649717616E-32,2.01858731750028E-16,-1.));
#2238=DIRECTION('',(-1.22464679914735E-16,1.,2.01858731750028E-16));
#2239=DIRECTION('',(0.,0.,-1.));
#2240=DIRECTION('',(-1.22464679914735E-16,1.,0.));
#2241=DIRECTION('',(-2.47205649717616E-32,2.01858731750028E-16,-1.));
#2242=DIRECTION('',(1.22464679914735E-16,-1.,-2.01858731750028E-16));
#2243=DIRECTION('',(0.,0.,1.));
#2244=DIRECTION('',(1.22464679914735E-16,-1.,0.));
#2245=DIRECTION('',(2.47205649717616E-32,-2.01858731750028E-16,1.));
#2246=DIRECTION('',(1.22464679914735E-16,-1.,-2.01858731750028E-16));
#2247=DIRECTION('',(0.,0.,-1.));
#2248=DIRECTION('',(-1.22464679914735E-16,1.,0.));
#2249=DIRECTION('',(-2.47205649717616E-32,2.01858731750028E-16,-1.));
#2250=DIRECTION('',(-1.22464679914735E-16,1.,2.01858731750028E-16));
#2251=DIRECTION('',(0.,0.,-1.));
#2252=DIRECTION('',(-1.22464679914735E-16,1.,0.));
#2253=DIRECTION('',(-2.47205649717616E-32,2.01858731750028E-16,-1.));
#2254=DIRECTION('',(-1.22464679914735E-16,1.,2.01858731750028E-16));
#2255=DIRECTION('',(0.,0.,1.));
#2256=DIRECTION('',(-1.22464679914735E-16,1.,0.));
#2257=DIRECTION('',(2.47205649717616E-32,-2.01858731750028E-16,1.));
#2258=DIRECTION('',(1.22464679914735E-16,-1.,-2.01858731750028E-16));
#2259=DIRECTION('',(0.,0.,-1.));
#2260=DIRECTION('',(-1.22464679914735E-16,1.,0.));
#2261=DIRECTION('',(-2.47205649717616E-32,2.01858731750028E-16,-1.));
#2262=DIRECTION('',(1.22464679914735E-16,-1.,-2.01858731750028E-16));
#2263=DIRECTION('',(0.,0.,1.));
#2264=DIRECTION('',(1.22464679914735E-16,-1.,0.));
#2265=CARTESIAN_POINT('',(0.,0.,0.));
#2266=CARTESIAN_POINT('',(-0.225,4.68303896690701E-17,-0.009));
#2267=CARTESIAN_POINT('',(-0.225,0.0055,-0.013));
#2268=CARTESIAN_POINT('',(-0.225,0.0055,-0.013));
#2269=CARTESIAN_POINT('',(-0.225,-0.0055,-0.013));
#2270=CARTESIAN_POINT('',(-0.225,-0.0055,-0.013));
#2271=CARTESIAN_POINT('',(-0.225,-0.006,-0.0125));
#2272=CARTESIAN_POINT('',(-0.225,-0.006,-0.0125));
#2273=CARTESIAN_POINT('',(-0.225,-0.006,-0.00867826017054855));
#2274=CARTESIAN_POINT('',(-0.225,-0.00584,-0.00867826));
#2275=CARTESIAN_POINT('',(-0.225,-0.00591818919298085,-0.00853866586697171));
#2276=CARTESIAN_POINT('',(-0.225,-0.006475287,-0.007544059));
#2277=CARTESIAN_POINT('',(-0.225,-0.0054806967063624,-0.0081011863937459));
#2278=CARTESIAN_POINT('',(-0.225,-0.005341105,-0.00817938));
#2279=CARTESIAN_POINT('',(-0.225,-0.005341105181321,-0.0080193797759001));
#2280=CARTESIAN_POINT('',(-0.225,-0.00491938,-0.00801938));
#2281=CARTESIAN_POINT('',(-0.225,-0.00491938014806465,-0.00801937895166152));
#2282=CARTESIAN_POINT('',(-0.225,-0.004764233,-0.007544059));
#2283=CARTESIAN_POINT('',(-0.225,-0.00491938012244941,-0.00706873903997752));
#2284=CARTESIAN_POINT('',(-0.225,-0.00491938,-0.007068739));
#2285=CARTESIAN_POINT('',(-0.225,-0.00534110518132075,-0.0070687389999999));
#2286=CARTESIAN_POINT('',(-0.225,-0.005341105,-0.006908739));
#2287=CARTESIAN_POINT('',(-0.225,-0.00548069711644539,-0.00698693222778844));
#2288=CARTESIAN_POINT('',(-0.225,-0.006475287,-0.007544059));
#2289=CARTESIAN_POINT('',(-0.225,-0.00591818929523417,-0.00654945283466182));
#2290=CARTESIAN_POINT('',(-0.225,-0.00584,-0.006409859));
#2291=CARTESIAN_POINT('',(-0.225,-0.00600000000473331,-0.00640985907314959));
#2292=CARTESIAN_POINT('',(-0.225,-0.006,-0.006409859));
#2293=CARTESIAN_POINT('',(-0.225,-0.006,-0.00558812));
#2294=CARTESIAN_POINT('',(-0.225,-0.006,-0.00558812));
#2295=CARTESIAN_POINT('',(-0.225,-0.0055,-0.005));
#2296=CARTESIAN_POINT('',(-0.225,0.0055,-0.005));
#2297=CARTESIAN_POINT('',(-0.225,0.0055,-0.005));
#2298=CARTESIAN_POINT('',(-0.225,0.006,-0.00558812));
#2299=CARTESIAN_POINT('',(-0.225,0.006,-0.00558812));
#2300=CARTESIAN_POINT('',(-0.225,0.006,-0.006409859));
#2301=CARTESIAN_POINT('',(-0.225,0.006,-0.00640985907314959));
#2302=CARTESIAN_POINT('',(-0.225,0.00584,-0.006409859));
#2303=CARTESIAN_POINT('',(-0.225,0.00591818912024251,-0.00654945291632767));
#2304=CARTESIAN_POINT('',(-0.225,0.006475287,-0.007544059));
#2305=CARTESIAN_POINT('',(-0.225,0.00548069677308629,-0.00698693240508423));
#2306=CARTESIAN_POINT('',(-0.225,0.005341105,-0.006908739));
#2307=CARTESIAN_POINT('',(-0.225,0.00534110506044029,-0.00706873907469996));
#2308=CARTESIAN_POINT('',(-0.225,0.005341105,-0.007068739));
#2309=CARTESIAN_POINT('',(-0.225,0.00491938004079729,-0.00706873901332584));
#2310=CARTESIAN_POINT('',(-0.225,0.004764233,-0.007544059));
#2311=CARTESIAN_POINT('',(-0.225,0.00491937800686333,-0.00801937965055384));
#2312=CARTESIAN_POINT('',(-0.225,0.005341105,-0.00801938));
#2313=CARTESIAN_POINT('',(-0.225,0.00534110506044021,-0.00801938));
#2314=CARTESIAN_POINT('',(-0.225,0.005341105,-0.00817938));
#2315=CARTESIAN_POINT('',(-0.225,0.00548069680976067,-0.00810118648753371));
#2316=CARTESIAN_POINT('',(-0.225,0.006475287,-0.007544059));
#2317=CARTESIAN_POINT('',(-0.225,0.00591818923228711,-0.00853866579679669));
#2318=CARTESIAN_POINT('',(-0.225,0.00584,-0.00867826));
#2319=CARTESIAN_POINT('',(-0.225,0.00600000001419997,-0.00867826));
#2320=CARTESIAN_POINT('',(-0.225,0.006,-0.0125));
#2321=CARTESIAN_POINT('',(-0.225,0.006,-0.0125));
#2322=CARTESIAN_POINT('',(-0.225,0.0055,-0.013));
#2323=CARTESIAN_POINT('',(-6.73555739531044E-19,0.0055,-0.013));
#2324=CARTESIAN_POINT('',(0.2125,2.67891487313483E-17,-0.013));
#2325=CARTESIAN_POINT('',(0.2125,0.00175000000000003,-0.013));
#2326=CARTESIAN_POINT('',(0.1875,2.37275317334799E-17,-0.013));
#2327=CARTESIAN_POINT('',(0.1875,0.00175000000000002,-0.013));
#2328=CARTESIAN_POINT('',(0.1625,2.06659147356116E-17,-0.013));
#2329=CARTESIAN_POINT('',(0.1625,0.00175000000000002,-0.013));
#2330=CARTESIAN_POINT('',(0.1375,1.76042977377432E-17,-0.013));
#2331=CARTESIAN_POINT('',(0.1375,0.00175000000000002,-0.013));
#2332=CARTESIAN_POINT('',(0.1125,1.45426807398748E-17,-0.013));
#2333=CARTESIAN_POINT('',(0.1125,0.00175000000000001,-0.013));
#2334=CARTESIAN_POINT('',(0.0875,1.14810637420064E-17,-0.013));
#2335=CARTESIAN_POINT('',(0.0875,0.00175000000000001,-0.013));
#2336=CARTESIAN_POINT('',(0.0625,8.41944674413805E-18,-0.013));
#2337=CARTESIAN_POINT('',(0.0625,0.00175000000000001,-0.013));
#2338=CARTESIAN_POINT('',(0.0375,5.35782974626967E-18,-0.013));
#2339=CARTESIAN_POINT('',(0.0375,0.00175000000000001,-0.013));
#2340=CARTESIAN_POINT('',(0.0125,2.29621274840128E-18,-0.013));
#2341=CARTESIAN_POINT('',(0.0125,0.00175,-0.013));
#2342=CARTESIAN_POINT('',(-0.0125,-7.65404249467097E-19,-0.013));
#2343=CARTESIAN_POINT('',(-0.0125,0.00175,-0.013));
#2344=CARTESIAN_POINT('',(-0.0375,-3.82702124733548E-18,-0.013));
#2345=CARTESIAN_POINT('',(-0.0375,0.00175,-0.013));
#2346=CARTESIAN_POINT('',(-0.0625,-6.88863824520386E-18,-0.013));
#2347=CARTESIAN_POINT('',(-0.0625,0.00174999999999999,-0.013));
#2348=CARTESIAN_POINT('',(-0.0875,-9.95025524307224E-18,-0.013));
#2349=CARTESIAN_POINT('',(-0.0875,0.00174999999999999,-0.013));
#2350=CARTESIAN_POINT('',(-0.1125,-1.30118722409406E-17,-0.013));
#2351=CARTESIAN_POINT('',(-0.1125,0.00174999999999999,-0.013));
#2352=CARTESIAN_POINT('',(-0.1375,-1.6073489238809E-17,-0.013));
#2353=CARTESIAN_POINT('',(-0.1375,0.00174999999999998,-0.013));
#2354=CARTESIAN_POINT('',(-0.1625,-1.91351062366774E-17,-0.013));
#2355=CARTESIAN_POINT('',(-0.1625,0.00174999999999998,-0.013));
#2356=CARTESIAN_POINT('',(-0.1875,-2.21967232345458E-17,-0.013));
#2357=CARTESIAN_POINT('',(-0.1875,0.00174999999999998,-0.013));
#2358=CARTESIAN_POINT('',(-0.2125,-2.52583402324141E-17,-0.013));
#2359=CARTESIAN_POINT('',(-0.2125,0.00174999999999997,-0.013));
#2360=CARTESIAN_POINT('',(6.73555739531044E-19,-0.0055,-0.013));
#2361=CARTESIAN_POINT('',(0.225,-0.0055,-0.013));
#2362=CARTESIAN_POINT('',(-6.73555739531044E-19,0.0055,-0.013));
#2363=CARTESIAN_POINT('',(0.225,0.0055,-0.013));
#2364=CARTESIAN_POINT('',(0.225,0.0055,-0.013));
#2365=CARTESIAN_POINT('',(6.73555739531044E-19,-0.0055,-0.013));
#2366=CARTESIAN_POINT('',(7.34788079488412E-19,-0.006,-0.0125));
#2367=CARTESIAN_POINT('',(0.225,-0.006,-0.0125));
#2368=CARTESIAN_POINT('',(0.225,-0.0055,-0.013));
#2369=CARTESIAN_POINT('',(7.34788079488412E-19,-0.006,-0.0125));
#2370=CARTESIAN_POINT('',(7.34788079488401E-19,-0.00599999999999991,-0.00867826017054855));
#2371=CARTESIAN_POINT('',(0.225,-0.00599999999999988,-0.00867826017054855));
#2372=CARTESIAN_POINT('',(0.225,-0.006,-0.0125));
#2373=CARTESIAN_POINT('',(7.15193730702054E-19,-0.00584,-0.00867826));
#2374=CARTESIAN_POINT('',(7.24769191157052E-19,-0.00591818956830381,-0.00853866531828961));
#2375=CARTESIAN_POINT('',(0.225,-0.00591818919298078,-0.00853866586697171));
#2376=CARTESIAN_POINT('',(0.225,-0.00584,-0.00867826));
#2377=CARTESIAN_POINT('',(7.92993949811047E-19,-0.006475287,-0.007544059));
#2378=CARTESIAN_POINT('',(6.71191774538539E-19,-0.00548069676094241,-0.00810118657323631));
#2379=CARTESIAN_POINT('',(0.225,-0.00548069670636234,-0.0081011863937459));
#2380=CARTESIAN_POINT('',(0.225,-0.006475287,-0.007544059));
#2381=CARTESIAN_POINT('',(6.54096714215992E-19,-0.005341105,-0.00817938));
#2382=CARTESIAN_POINT('',(6.54096736421407E-19,-0.00534110518132097,-0.0080193797759001));
#2383=CARTESIAN_POINT('',(0.225,-0.00534110518132094,-0.0080193797759001));
#2384=CARTESIAN_POINT('',(0.225,-0.005341105,-0.00817938));
#2385=CARTESIAN_POINT('',(6.54096714215992E-19,-0.005341105,-0.00801938));
#2386=CARTESIAN_POINT('',(6.02450315211637E-19,-0.00491938014806462,-0.00801937895166152));
#2387=CARTESIAN_POINT('',(0.225,-0.00491938014806459,-0.00801937895166152));
#2388=CARTESIAN_POINT('',(0.225,-0.00491938,-0.00801938));
#2389=CARTESIAN_POINT('',(5.83450269384219E-19,-0.004764233,-0.007544059));
#2390=CARTESIAN_POINT('',(6.02450312074673E-19,-0.00491938012244937,-0.00706873903997752));
#2391=CARTESIAN_POINT('',(0.225,-0.00491938012244935,-0.00706873903997752));
#2392=CARTESIAN_POINT('',(0.225,-0.004764233,-0.007544059));
#2393=CARTESIAN_POINT('',(6.02450312074673E-19,-0.00491938012244937,-0.007068739));
#2394=CARTESIAN_POINT('',(6.54096736421376E-19,-0.00534110518132072,-0.0070687389999999));
#2395=CARTESIAN_POINT('',(0.225,-0.00534110518132069,-0.0070687389999999));
#2396=CARTESIAN_POINT('',(0.225,-0.00491938,-0.007068739));
#2397=CARTESIAN_POINT('',(6.54096714215992E-19,-0.005341105,-0.006908739));
#2398=CARTESIAN_POINT('',(6.71191818075094E-19,-0.00548069711644536,-0.00698693222778844));
#2399=CARTESIAN_POINT('',(0.225,-0.00548069711644533,-0.00698693222778844));
#2400=CARTESIAN_POINT('',(0.225,-0.005341105,-0.006908739));
#2401=CARTESIAN_POINT('',(7.92993949811047E-19,-0.006475287,-0.007544059));
#2402=CARTESIAN_POINT('',(7.24769157715662E-19,-0.00591818929523414,-0.00654945283466182));
#2403=CARTESIAN_POINT('',(0.225,-0.00591818929523411,-0.00654945283466182));
#2404=CARTESIAN_POINT('',(0.225,-0.006475287,-0.007544059));
#2405=CARTESIAN_POINT('',(7.15193730702054E-19,-0.00584,-0.006409859));
#2406=CARTESIAN_POINT('',(7.34788080357911E-19,-0.0060000000071,-0.006409859));
#2407=CARTESIAN_POINT('',(0.225,-0.00600000000473325,-0.00640985907314959));
#2408=CARTESIAN_POINT('',(0.225,-0.00584,-0.006409859));
#2409=CARTESIAN_POINT('',(7.34788079488412E-19,-0.006,-0.0125));
#2410=CARTESIAN_POINT('',(7.34788079488412E-19,-0.006,-0.00558812));
#2411=CARTESIAN_POINT('',(0.225,-0.006,-0.00558812));
#2412=CARTESIAN_POINT('',(0.225,-0.006,-0.006409859));
#2413=CARTESIAN_POINT('',(7.34788079488412E-19,-0.006,-0.00558812));
#2414=CARTESIAN_POINT('',(6.73555739531044E-19,-0.0055,-0.005));
#2415=CARTESIAN_POINT('',(0.225,-0.0055,-0.005));
#2416=CARTESIAN_POINT('',(0.225,-0.006,-0.00558812));
#2417=CARTESIAN_POINT('',(-6.73555739531044E-19,0.0055,-0.005));
#2418=CARTESIAN_POINT('',(-7.34788079488412E-19,0.006,-0.00558812));
#2419=CARTESIAN_POINT('',(0.225,0.006,-0.00558812));
#2420=CARTESIAN_POINT('',(-6.73555739531044E-19,0.0055,-0.005));
#2421=CARTESIAN_POINT('',(0.225,0.0055,-0.005));
#2422=CARTESIAN_POINT('',(0.225,0.006,-0.00558812));
#2423=CARTESIAN_POINT('',(-7.34788079488412E-19,0.006,-0.00867826));
#2424=CARTESIAN_POINT('',(-7.34788079488394E-19,0.00599999999999985,-0.00640985921944876));
#2425=CARTESIAN_POINT('',(0.225,0.006,-0.00640985907314959));
#2426=CARTESIAN_POINT('',(0.225,0.006,-0.006409859));
#2427=CARTESIAN_POINT('',(-7.15193730702054E-19,0.00584,-0.006409859));
#2428=CARTESIAN_POINT('',(-7.24769136285372E-19,0.00591818912024254,-0.00654945291632767));
#2429=CARTESIAN_POINT('',(0.225,0.00591818912024257,-0.00654945291632767));
#2430=CARTESIAN_POINT('',(0.225,0.00584,-0.006409859));
#2431=CARTESIAN_POINT('',(-7.92993949811047E-19,0.006475287,-0.007544059));
#2432=CARTESIAN_POINT('',(-6.71191776025739E-19,0.00548069677308632,-0.00698693240508423));
#2433=CARTESIAN_POINT('',(0.225,0.00548069677308635,-0.00698693240508423));
#2434=CARTESIAN_POINT('',(0.225,0.006475287,-0.007544059));
#2435=CARTESIAN_POINT('',(-6.54096714215992E-19,0.005341105,-0.006908739));
#2436=CARTESIAN_POINT('',(-6.54096714215992E-19,0.005341105,-0.00706873911205));
#2437=CARTESIAN_POINT('',(0.225,0.00534110506044035,-0.00706873907469996));
#2438=CARTESIAN_POINT('',(0.225,0.005341105,-0.006908739));
#2439=CARTESIAN_POINT('',(6.02450312074673E-19,-0.00491938012244937,-0.007068739));
#2440=CARTESIAN_POINT('',(-6.02450297075436E-19,0.0049193799999713,-0.007068739));
#2441=CARTESIAN_POINT('',(0.225,0.00491938004079735,-0.00706873901332584));
#2442=CARTESIAN_POINT('',(0.225,0.005341105,-0.007068739));
#2443=CARTESIAN_POINT('',(-5.83450269384219E-19,0.004764233,-0.007544059));
#2444=CARTESIAN_POINT('',(-6.02449921879347E-19,0.00491937693626273,-0.00801938));
#2445=CARTESIAN_POINT('',(0.225,0.00491937800686339,-0.00801937965055384));
#2446=CARTESIAN_POINT('',(0.225,0.004764233,-0.007544059));
#2447=CARTESIAN_POINT('',(6.54096714215992E-19,-0.005341105,-0.00801938));
#2448=CARTESIAN_POINT('',(-6.54096736421376E-19,0.00534110518132072,-0.0080193800000001));
#2449=CARTESIAN_POINT('',(0.225,0.00534110506044027,-0.00801938));
#2450=CARTESIAN_POINT('',(0.225,0.005341105,-0.00801938));
#2451=CARTESIAN_POINT('',(-6.54096714215992E-19,0.005341105,-0.00817938));
#2452=CARTESIAN_POINT('',(-6.71191826755846E-19,0.00548069718732908,-0.00810118633439245));
#2453=CARTESIAN_POINT('',(0.225,0.00548069680976073,-0.00810118648753371));
#2454=CARTESIAN_POINT('',(0.225,0.005341105,-0.00817938));
#2455=CARTESIAN_POINT('',(-7.92993949811047E-19,0.006475287,-0.007544059));
#2456=CARTESIAN_POINT('',(-7.24769138939555E-19,0.00591818914191559,-0.00853866607953602));
#2457=CARTESIAN_POINT('',(0.225,0.00591818923228717,-0.00853866579679669));
#2458=CARTESIAN_POINT('',(0.225,0.006475287,-0.007544059));
#2459=CARTESIAN_POINT('',(-7.15193730702054E-19,0.00584,-0.00867826));
#2460=CARTESIAN_POINT('',(-7.3478808122741E-19,0.0060000000142,-0.00867826));
#2461=CARTESIAN_POINT('',(0.225,0.00600000001420003,-0.00867826));
#2462=CARTESIAN_POINT('',(0.225,0.00584,-0.00867826));
#2463=CARTESIAN_POINT('',(-7.34788079488412E-19,0.006,-0.00867826));
#2464=CARTESIAN_POINT('',(-7.34788079488412E-19,0.006,-0.0125));
#2465=CARTESIAN_POINT('',(0.225,0.006,-0.0125));
#2466=CARTESIAN_POINT('',(0.225,0.006,-0.0125));
#2467=CARTESIAN_POINT('',(-7.34788079488412E-19,0.006,-0.0125));
#2468=CARTESIAN_POINT('',(0.225,0.0055,-0.013));
#2469=CARTESIAN_POINT('',(0.225,1.01939495630701E-16,-0.009));
#2470=CARTESIAN_POINT('',(0.225,0.0055,-0.005));
#2471=CARTESIAN_POINT('',(0.2125,2.63854312678483E-17,-0.011));
#2472=CARTESIAN_POINT('',(0.2125,2.60826431702232E-17,-0.0095));
#2473=CARTESIAN_POINT('',(0.2125,0.00175000000000003,-0.0095));
#2474=CARTESIAN_POINT('',(0.2125,2.60826431702232E-17,-0.0095));
#2475=CARTESIAN_POINT('',(0.2125,2.60826431702232E-17,-0.0095));
#2476=CARTESIAN_POINT('',(0.2125,0.00300000000000003,-0.0095));
#2477=CARTESIAN_POINT('',(0.2125,2.56284610237857E-17,-0.00725));
#2478=CARTESIAN_POINT('',(0.2125,2.52752082432231E-17,-0.0055));
#2479=CARTESIAN_POINT('',(0.2125,-0.00299999999999997,-0.0055));
#2480=CARTESIAN_POINT('',(0.2125,2.52247435602856E-17,-0.00525));
#2481=CARTESIAN_POINT('',(0.2125,2.51742788773481E-17,-0.005));
#2482=CARTESIAN_POINT('',(0.2125,-0.00349999999999997,-0.005));
#2483=CARTESIAN_POINT('',(0.1875,2.33238142699799E-17,-0.011));
#2484=CARTESIAN_POINT('',(0.1875,2.30210261723548E-17,-0.0095));
#2485=CARTESIAN_POINT('',(0.1875,0.00175000000000002,-0.0095));
#2486=CARTESIAN_POINT('',(0.2125,2.60826431702232E-17,-0.0095));
#2487=CARTESIAN_POINT('',(0.1875,2.30210261723548E-17,-0.0095));
#2488=CARTESIAN_POINT('',(0.1875,0.00300000000000002,-0.0095));
#2489=CARTESIAN_POINT('',(0.1875,2.25668440259173E-17,-0.00725));
#2490=CARTESIAN_POINT('',(0.1875,2.22135912453547E-17,-0.0055));
#2491=CARTESIAN_POINT('',(0.1875,-0.00299999999999998,-0.0055));
#2492=CARTESIAN_POINT('',(0.1875,2.21631265624172E-17,-0.00525));
#2493=CARTESIAN_POINT('',(0.1875,2.21126618794797E-17,-0.005));
#2494=CARTESIAN_POINT('',(0.1875,-0.00349999999999998,-0.005));
#2495=CARTESIAN_POINT('',(0.1625,2.02621972721115E-17,-0.011));
#2496=CARTESIAN_POINT('',(0.1625,1.99594091744865E-17,-0.0095));
#2497=CARTESIAN_POINT('',(0.1625,0.00175000000000002,-0.0095));
#2498=CARTESIAN_POINT('',(0.2125,2.60826431702232E-17,-0.0095));
#2499=CARTESIAN_POINT('',(0.1625,1.99594091744865E-17,-0.0095));
#2500=CARTESIAN_POINT('',(0.1625,0.00300000000000002,-0.0095));
#2501=CARTESIAN_POINT('',(0.1625,1.9505227028049E-17,-0.00725));
#2502=CARTESIAN_POINT('',(0.1625,1.91519742474863E-17,-0.0055));
#2503=CARTESIAN_POINT('',(0.1625,-0.00299999999999998,-0.0055));
#2504=CARTESIAN_POINT('',(0.1625,1.91015095645488E-17,-0.00525));
#2505=CARTESIAN_POINT('',(0.1625,1.90510448816113E-17,-0.005));
#2506=CARTESIAN_POINT('',(0.1625,-0.00349999999999998,-0.005));
#2507=CARTESIAN_POINT('',(0.1375,1.72005802742432E-17,-0.011));
#2508=CARTESIAN_POINT('',(0.1375,1.68977921766181E-17,-0.0095));
#2509=CARTESIAN_POINT('',(0.1375,0.00175000000000002,-0.0095));
#2510=CARTESIAN_POINT('',(0.2125,2.60826431702232E-17,-0.0095));
#2511=CARTESIAN_POINT('',(0.1375,1.68977921766181E-17,-0.0095));
#2512=CARTESIAN_POINT('',(0.1375,0.00300000000000002,-0.0095));
#2513=CARTESIAN_POINT('',(0.1375,1.64436100301806E-17,-0.00725));
#2514=CARTESIAN_POINT('',(0.1375,1.6090357249618E-17,-0.0055));
#2515=CARTESIAN_POINT('',(0.1375,-0.00299999999999998,-0.0055));
#2516=CARTESIAN_POINT('',(0.1375,1.60398925666805E-17,-0.00525));
#2517=CARTESIAN_POINT('',(0.1375,1.5989427883743E-17,-0.005));
#2518=CARTESIAN_POINT('',(0.1375,-0.00349999999999998,-0.005));
#2519=CARTESIAN_POINT('',(0.1125,1.41389632763748E-17,-0.011));
#2520=CARTESIAN_POINT('',(0.1125,1.38361751787497E-17,-0.0095));
#2521=CARTESIAN_POINT('',(0.1125,0.00175000000000001,-0.0095));
#2522=CARTESIAN_POINT('',(0.2125,2.60826431702232E-17,-0.0095));
#2523=CARTESIAN_POINT('',(0.1125,1.38361751787497E-17,-0.0095));
#2524=CARTESIAN_POINT('',(0.1125,0.00300000000000001,-0.0095));
#2525=CARTESIAN_POINT('',(0.1125,1.33819930323122E-17,-0.00725));
#2526=CARTESIAN_POINT('',(0.1125,1.30287402517496E-17,-0.0055));
#2527=CARTESIAN_POINT('',(0.1125,-0.00299999999999999,-0.0055));
#2528=CARTESIAN_POINT('',(0.1125,1.29782755688121E-17,-0.00525));
#2529=CARTESIAN_POINT('',(0.1125,1.29278108858746E-17,-0.005));
#2530=CARTESIAN_POINT('',(0.1125,-0.00349999999999999,-0.005));
#2531=CARTESIAN_POINT('',(0.0875,1.10773462785064E-17,-0.011));
#2532=CARTESIAN_POINT('',(0.0875,1.07745581808813E-17,-0.0095));
#2533=CARTESIAN_POINT('',(0.0875,0.00175000000000001,-0.0095));
#2534=CARTESIAN_POINT('',(0.2125,2.60826431702232E-17,-0.0095));
#2535=CARTESIAN_POINT('',(0.0875,1.07745581808813E-17,-0.0095));
#2536=CARTESIAN_POINT('',(0.0875,0.00300000000000001,-0.0095));
#2537=CARTESIAN_POINT('',(0.0875,1.03203760344438E-17,-0.00725));
#2538=CARTESIAN_POINT('',(0.0875,9.96712325388122E-18,-0.0055));
#2539=CARTESIAN_POINT('',(0.0875,-0.00299999999999999,-0.0055));
#2540=CARTESIAN_POINT('',(0.0875,9.91665857094371E-18,-0.00525));
#2541=CARTESIAN_POINT('',(0.0875,9.86619388800621E-18,-0.005));
#2542=CARTESIAN_POINT('',(0.0875,-0.00349999999999999,-0.005));
#2543=CARTESIAN_POINT('',(0.0625,8.015729280638E-18,-0.011));
#2544=CARTESIAN_POINT('',(0.0625,7.71294118301295E-18,-0.0095));
#2545=CARTESIAN_POINT('',(0.0625,0.00175000000000001,-0.0095));
#2546=CARTESIAN_POINT('',(0.2125,2.60826431702232E-17,-0.0095));
#2547=CARTESIAN_POINT('',(0.0625,7.71294118301295E-18,-0.0095));
#2548=CARTESIAN_POINT('',(0.0625,0.00300000000000001,-0.0095));
#2549=CARTESIAN_POINT('',(0.0625,7.25875903657539E-18,-0.00725));
#2550=CARTESIAN_POINT('',(0.0625,6.90550625601284E-18,-0.0055));
#2551=CARTESIAN_POINT('',(0.0625,-0.00299999999999999,-0.0055));
#2552=CARTESIAN_POINT('',(0.0625,6.85504157307533E-18,-0.00525));
#2553=CARTESIAN_POINT('',(0.0625,6.80457689013782E-18,-0.005));
#2554=CARTESIAN_POINT('',(0.0625,-0.00349999999999999,-0.005));
#2555=CARTESIAN_POINT('',(0.0375,4.95411228276961E-18,-0.011));
#2556=CARTESIAN_POINT('',(0.0375,4.65132418514457E-18,-0.0095));
#2557=CARTESIAN_POINT('',(0.0375,0.00175,-0.0095));
#2558=CARTESIAN_POINT('',(0.2125,2.60826431702232E-17,-0.0095));
#2559=CARTESIAN_POINT('',(0.0375,4.65132418514457E-18,-0.0095));
#2560=CARTESIAN_POINT('',(0.0375,0.003,-0.0095));
#2561=CARTESIAN_POINT('',(0.0375,4.19714203870701E-18,-0.00725));
#2562=CARTESIAN_POINT('',(0.0375,3.84388925814445E-18,-0.0055));
#2563=CARTESIAN_POINT('',(0.0375,-0.003,-0.0055));
#2564=CARTESIAN_POINT('',(0.0375,3.79342457520695E-18,-0.00525));
#2565=CARTESIAN_POINT('',(0.0375,3.74295989226944E-18,-0.005));
#2566=CARTESIAN_POINT('',(0.0375,-0.0035,-0.005));
#2567=CARTESIAN_POINT('',(0.0125,1.89249528490123E-18,-0.011));
#2568=CARTESIAN_POINT('',(0.0125,1.58970718727619E-18,-0.0095));
#2569=CARTESIAN_POINT('',(0.0125,0.00175,-0.0095));
#2570=CARTESIAN_POINT('',(0.2125,2.60826431702232E-17,-0.0095));
#2571=CARTESIAN_POINT('',(0.0125,1.58970718727619E-18,-0.0095));
#2572=CARTESIAN_POINT('',(0.0125,0.003,-0.0095));
#2573=CARTESIAN_POINT('',(0.0125,1.13552504083862E-18,-0.00725));
#2574=CARTESIAN_POINT('',(0.0125,7.82272260276073E-19,-0.0055));
#2575=CARTESIAN_POINT('',(0.0125,-0.003,-0.0055));
#2576=CARTESIAN_POINT('',(0.0125,7.31807577338566E-19,-0.00525));
#2577=CARTESIAN_POINT('',(0.0125,6.81342894401059E-19,-0.005));
#2578=CARTESIAN_POINT('',(0.0125,-0.0035,-0.005));
#2579=CARTESIAN_POINT('',(-0.0125,-1.16912171296715E-18,-0.011));
#2580=CARTESIAN_POINT('',(-0.0125,-1.4719098105922E-18,-0.0095));
#2581=CARTESIAN_POINT('',(-0.0125,0.00175,-0.0095));
#2582=CARTESIAN_POINT('',(0.2125,2.60826431702232E-17,-0.0095));
#2583=CARTESIAN_POINT('',(-0.0125,-1.4719098105922E-18,-0.0095));
#2584=CARTESIAN_POINT('',(-0.0125,0.003,-0.0095));
#2585=CARTESIAN_POINT('',(-0.0125,-1.92609195702976E-18,-0.00725));
#2586=CARTESIAN_POINT('',(-0.0125,-2.27934473759231E-18,-0.0055));
#2587=CARTESIAN_POINT('',(-0.0125,-0.003,-0.0055));
#2588=CARTESIAN_POINT('',(-0.0125,-2.32980942052982E-18,-0.00525));
#2589=CARTESIAN_POINT('',(-0.0125,-2.38027410346732E-18,-0.005));
#2590=CARTESIAN_POINT('',(-0.0125,-0.0035,-0.005));
#2591=CARTESIAN_POINT('',(-0.0375,-4.23073871083553E-18,-0.011));
#2592=CARTESIAN_POINT('',(-0.0375,-4.53352680846058E-18,-0.0095));
#2593=CARTESIAN_POINT('',(-0.0375,0.00175,-0.0095));
#2594=CARTESIAN_POINT('',(0.2125,2.60826431702232E-17,-0.0095));
#2595=CARTESIAN_POINT('',(-0.0375,-4.53352680846058E-18,-0.0095));
#2596=CARTESIAN_POINT('',(-0.0375,0.003,-0.0095));
#2597=CARTESIAN_POINT('',(-0.0375,-4.98770895489814E-18,-0.00725));
#2598=CARTESIAN_POINT('',(-0.0375,-5.34096173546069E-18,-0.0055));
#2599=CARTESIAN_POINT('',(-0.0375,-0.00300000000000001,-0.0055));
#2600=CARTESIAN_POINT('',(-0.0375,-5.3914264183982E-18,-0.00525));
#2601=CARTESIAN_POINT('',(-0.0375,-5.44189110133571E-18,-0.005));
#2602=CARTESIAN_POINT('',(-0.0375,-0.00350000000000001,-0.005));
#2603=CARTESIAN_POINT('',(-0.0625,-7.29235570870392E-18,-0.011));
#2604=CARTESIAN_POINT('',(-0.0625,-7.59514380632896E-18,-0.0095));
#2605=CARTESIAN_POINT('',(-0.0625,0.00174999999999999,-0.0095));
#2606=CARTESIAN_POINT('',(0.2125,2.60826431702232E-17,-0.0095));
#2607=CARTESIAN_POINT('',(-0.0625,-7.59514380632896E-18,-0.0095));
#2608=CARTESIAN_POINT('',(-0.0625,0.00299999999999999,-0.0095));
#2609=CARTESIAN_POINT('',(-0.0625,-8.04932595276653E-18,-0.00725));
#2610=CARTESIAN_POINT('',(-0.0625,-8.40257873332908E-18,-0.0055));
#2611=CARTESIAN_POINT('',(-0.0625,-0.00300000000000001,-0.0055));
#2612=CARTESIAN_POINT('',(-0.0625,-8.45304341626658E-18,-0.00525));
#2613=CARTESIAN_POINT('',(-0.0625,-8.50350809920409E-18,-0.005));
#2614=CARTESIAN_POINT('',(-0.0625,-0.00350000000000001,-0.005));
#2615=CARTESIAN_POINT('',(-0.0875,-1.03539727065723E-17,-0.011));
#2616=CARTESIAN_POINT('',(-0.0875,-1.06567608041973E-17,-0.0095));
#2617=CARTESIAN_POINT('',(-0.0875,0.00174999999999999,-0.0095));
#2618=CARTESIAN_POINT('',(0.2125,2.60826431702232E-17,-0.0095));
#2619=CARTESIAN_POINT('',(-0.0875,-1.06567608041973E-17,-0.0095));
#2620=CARTESIAN_POINT('',(-0.0875,0.00299999999999999,-0.0095));
#2621=CARTESIAN_POINT('',(-0.0875,-1.11109429506349E-17,-0.00725));
#2622=CARTESIAN_POINT('',(-0.0875,-1.14641957311975E-17,-0.0055));
#2623=CARTESIAN_POINT('',(-0.0875,-0.00300000000000001,-0.0055));
#2624=CARTESIAN_POINT('',(-0.0875,-1.1514660414135E-17,-0.00525));
#2625=CARTESIAN_POINT('',(-0.0875,-1.15651250970725E-17,-0.005));
#2626=CARTESIAN_POINT('',(-0.0875,-0.00350000000000001,-0.005));
#2627=CARTESIAN_POINT('',(-0.1125,-1.34155897044407E-17,-0.011));
#2628=CARTESIAN_POINT('',(-0.1125,-1.37183778020657E-17,-0.0095));
#2629=CARTESIAN_POINT('',(-0.1125,0.00174999999999999,-0.0095));
#2630=CARTESIAN_POINT('',(0.2125,2.60826431702232E-17,-0.0095));
#2631=CARTESIAN_POINT('',(-0.1125,-1.37183778020657E-17,-0.0095));
#2632=CARTESIAN_POINT('',(-0.1125,0.00299999999999999,-0.0095));
#2633=CARTESIAN_POINT('',(-0.1125,-1.41725599485033E-17,-0.00725));
#2634=CARTESIAN_POINT('',(-0.1125,-1.45258127290658E-17,-0.0055));
#2635=CARTESIAN_POINT('',(-0.1125,-0.00300000000000001,-0.0055));
#2636=CARTESIAN_POINT('',(-0.1125,-1.45762774120033E-17,-0.00525));
#2637=CARTESIAN_POINT('',(-0.1125,-1.46267420949409E-17,-0.005));
#2638=CARTESIAN_POINT('',(-0.1125,-0.00350000000000001,-0.005));
#2639=CARTESIAN_POINT('',(-0.1375,-1.64772067023091E-17,-0.011));
#2640=CARTESIAN_POINT('',(-0.1375,-1.67799947999341E-17,-0.0095));
#2641=CARTESIAN_POINT('',(-0.1375,0.00174999999999998,-0.0095));
#2642=CARTESIAN_POINT('',(0.2125,2.60826431702232E-17,-0.0095));
#2643=CARTESIAN_POINT('',(-0.1375,-1.67799947999341E-17,-0.0095));
#2644=CARTESIAN_POINT('',(-0.1375,0.00299999999999998,-0.0095));
#2645=CARTESIAN_POINT('',(-0.1375,-1.72341769463717E-17,-0.00725));
#2646=CARTESIAN_POINT('',(-0.1375,-1.75874297269343E-17,-0.0055));
#2647=CARTESIAN_POINT('',(-0.1375,-0.00300000000000002,-0.0055));
#2648=CARTESIAN_POINT('',(-0.1375,-1.76378944098717E-17,-0.00525));
#2649=CARTESIAN_POINT('',(-0.1375,-1.76883590928093E-17,-0.005));
#2650=CARTESIAN_POINT('',(-0.1375,-0.00350000000000002,-0.005));
#2651=CARTESIAN_POINT('',(-0.1625,-1.95388237001775E-17,-0.011));
#2652=CARTESIAN_POINT('',(-0.1625,-1.98416117978025E-17,-0.0095));
#2653=CARTESIAN_POINT('',(-0.1625,0.00174999999999998,-0.0095));
#2654=CARTESIAN_POINT('',(0.2125,2.60826431702232E-17,-0.0095));
#2655=CARTESIAN_POINT('',(-0.1625,-1.98416117978025E-17,-0.0095));
#2656=CARTESIAN_POINT('',(-0.1625,0.00299999999999998,-0.0095));
#2657=CARTESIAN_POINT('',(-0.1625,-2.02957939442401E-17,-0.00725));
#2658=CARTESIAN_POINT('',(-0.1625,-2.06490467248026E-17,-0.0055));
#2659=CARTESIAN_POINT('',(-0.1625,-0.00300000000000002,-0.0055));
#2660=CARTESIAN_POINT('',(-0.1625,-2.06995114077401E-17,-0.00525));
#2661=CARTESIAN_POINT('',(-0.1625,-2.07499760906776E-17,-0.005));
#2662=CARTESIAN_POINT('',(-0.1625,-0.00350000000000002,-0.005));
#2663=CARTESIAN_POINT('',(-0.1875,-2.26004406980458E-17,-0.011));
#2664=CARTESIAN_POINT('',(-0.1875,-2.29032287956709E-17,-0.0095));
#2665=CARTESIAN_POINT('',(-0.1875,0.00174999999999998,-0.0095));
#2666=CARTESIAN_POINT('',(0.2125,2.60826431702232E-17,-0.0095));
#2667=CARTESIAN_POINT('',(-0.1875,-2.29032287956709E-17,-0.0095));
#2668=CARTESIAN_POINT('',(-0.1875,0.00299999999999998,-0.0095));
#2669=CARTESIAN_POINT('',(-0.1875,-2.33574109421084E-17,-0.00725));
#2670=CARTESIAN_POINT('',(-0.1875,-2.3710663722671E-17,-0.0055));
#2671=CARTESIAN_POINT('',(-0.1875,-0.00300000000000002,-0.0055));
#2672=CARTESIAN_POINT('',(-0.1875,-2.37611284056085E-17,-0.00525));
#2673=CARTESIAN_POINT('',(-0.1875,-2.3811593088546E-17,-0.005));
#2674=CARTESIAN_POINT('',(-0.1875,-0.00350000000000002,-0.005));
#2675=CARTESIAN_POINT('',(-0.2125,-2.56620576959142E-17,-0.011));
#2676=CARTESIAN_POINT('',(-0.2125,-2.59648457935392E-17,-0.0095));
#2677=CARTESIAN_POINT('',(-0.2125,0.00174999999999997,-0.0095));
#2678=CARTESIAN_POINT('',(0.2125,2.60826431702232E-17,-0.0095));
#2679=CARTESIAN_POINT('',(-0.2125,-2.59648457935392E-17,-0.0095));
#2680=CARTESIAN_POINT('',(-0.2125,0.00299999999999997,-0.0095));
#2681=CARTESIAN_POINT('',(6.73555739531044E-19,-0.0055,-0.005));
#2682=CARTESIAN_POINT('',(-0.2125,-2.68732100864144E-17,-0.005));
#2683=CARTESIAN_POINT('',(-0.2125,-0.00350000000000003,-0.005));
#2684=CARTESIAN_POINT('',(-0.2125,-2.64190279399768E-17,-0.00725));
#2685=CARTESIAN_POINT('',(-0.2125,-2.67722807205394E-17,-0.0055));
#2686=CARTESIAN_POINT('',(-0.2125,-0.00300000000000003,-0.0055));
#2687=CARTESIAN_POINT('',(-0.2125,-2.68227454034769E-17,-0.00525));
#2688=MECHANICAL_DESIGN_GEOMETRIC_PRESENTATION_REPRESENTATION('',(#1535),
#2689);
#2689=(
GEOMETRIC_REPRESENTATION_CONTEXT(3)
GLOBAL_UNCERTAINTY_ASSIGNED_CONTEXT((#2690))
GLOBAL_UNIT_ASSIGNED_CONTEXT((#2693,#2692,#2691))
REPRESENTATION_CONTEXT('Linear Rail - MGN12 450mm + MGN12C carriage v1',
'TOP_LEVEL_ASSEMBLY_PART')
);
#2690=UNCERTAINTY_MEASURE_WITH_UNIT(LENGTH_MEASURE(1.E-6),#2693,
'DISTANCE_ACCURACY_VALUE','Maximum Tolerance applied to model');
#2691=(
NAMED_UNIT(*)
SI_UNIT($,.STERADIAN.)
SOLID_ANGLE_UNIT()
);
#2692=(
NAMED_UNIT(*)
PLANE_ANGLE_UNIT()
SI_UNIT($,.RADIAN.)
);
#2693=(
LENGTH_UNIT()
NAMED_UNIT(*)
SI_UNIT($,.METRE.)
);
#2694=PRODUCT_DEFINITION_SHAPE('','',#2695);
#2695=PRODUCT_DEFINITION('','',#2697,#2696);
#2696=PRODUCT_DEFINITION_CONTEXT('',#2703,'design');
#2697=PRODUCT_DEFINITION_FORMATION_WITH_SPECIFIED_SOURCE('','',#2699,
 .NOT_KNOWN.);
#2698=PRODUCT_RELATED_PRODUCT_CATEGORY('','',(#2699));
#2699=PRODUCT('Linear Rail - MGN12 450mm + MGN12C carriage v1',
'Linear Rail - MGN12 450mm + MGN12C carriage v1',
'Linear Rail - MGN12 450mm + MGN12C carriage v1',(#2701));
#2700=PRODUCT_CATEGORY('','');
#2701=PRODUCT_CONTEXT('',#2703,'mechanical');
#2702=APPLICATION_PROTOCOL_DEFINITION('international standard',
'ap242_managed_model_based_3d_engineering',2020,#2703);
#2703=APPLICATION_CONTEXT('managed model based 3d engineering');
ENDSEC;
END-ISO-10303-21;
