ISO-10303-21;
HEADER;
/* Generated by software containing ST-Developer
 * from STEP Tools, Inc. (www.steptools.com) 
 */
/* OPTION: using custom renumber hook */

FILE_DESCRIPTION(
/* description */ ('STEP AP242 Edition 2',
'CAx-IF Rec.Pracs.---Representation and Presentation of Product Manufa
cturing Information (PMI)---4.0---2014-10-13',
'CAx-IF Rec.Pracs.---3D Tessellated Geometry---0.4---2014-09-14','2;1',
'CAx-IF Rec.Pracs.---User Defined Attributes---1.5---2016-08-15'),
/* implementation_level */ '2;1');

FILE_NAME(
/* name */ 'toolhead v4 - cable holder Vz (1)',
/* time_stamp */ '2026-08-19T20:10:38Z',
/* author */ (''),
/* organization */ (''),
/* preprocessor_version */ 'ST-DEVELOPER v20',
/* originating_system */ 'ONSHAPE BY PTC INC, 1.219',
/* authorisation */ '  ');

FILE_SCHEMA (('AP242_MANAGED_MODEL_BASED_3D_ENGINEERING_MIM_LF { 1 0 10303 442 3 1 4 }'));
ENDSEC;

DATA;
#10=SHAPE_REPRESENTATION_RELATIONSHIP('','',#2765,#11);
#11=ADVANCED_BREP_SHAPE_REPRESENTATION('',(#2763),#8587);
#12=PLANE('',#2802);
#13=PLANE('',#2803);
#14=PLANE('',#2807);
#15=PLANE('',#2808);
#16=PLANE('',#2809);
#17=PLANE('',#2810);
#18=PLANE('',#2811);
#19=PLANE('',#2812);
#20=PLANE('',#2813);
#21=PLANE('',#2814);
#22=PLANE('',#2815);
#23=PLANE('',#2816);
#24=PLANE('',#2817);
#25=PLANE('',#2818);
#26=PLANE('',#2821);
#27=PLANE('',#2830);
#28=PLANE('',#2840);
#29=PLANE('',#2844);
#30=PLANE('',#2847);
#31=PLANE('',#2855);
#32=PLANE('',#2857);
#33=PLANE('',#2858);
#34=PLANE('',#2867);
#35=PLANE('',#2868);
#36=PLANE('',#2870);
#37=PLANE('',#2872);
#38=PLANE('',#2874);
#39=PLANE('',#2876);
#40=PLANE('',#2877);
#41=PLANE('',#2879);
#42=PLANE('',#2880);
#43=PLANE('',#2885);
#44=PLANE('',#2886);
#45=PLANE('',#2889);
#46=PLANE('',#2892);
#47=PLANE('',#2894);
#48=PLANE('',#2896);
#49=PLANE('',#2900);
#50=PLANE('',#2902);
#51=PLANE('',#2906);
#52=PLANE('',#2910);
#53=PLANE('',#2911);
#54=PLANE('',#2913);
#55=PLANE('',#2916);
#56=PLANE('',#2919);
#57=PLANE('',#2921);
#58=PLANE('',#2924);
#59=PLANE('',#2925);
#60=CONICAL_SURFACE('',#2786,0.00925,0.785398163397455);
#61=CONICAL_SURFACE('',#2800,0.01475,0.785398163397574);
#62=CONICAL_SURFACE('',#2850,0.01475,0.785398163397451);
#63=CONICAL_SURFACE('',#2887,0.01467,0.785398163397288);
#64=CONICAL_SURFACE('',#2897,0.00933,0.785398163397371);
#65=CONICAL_SURFACE('',#2903,0.01467,0.785398163397606);
#66=CONICAL_SURFACE('',#2914,0.00933,0.785398163397371);
#67=ELLIPSE('',#2770,0.0102427923109517,0.00832172415816259);
#68=ELLIPSE('',#2771,0.0102427919060911,0.00832172381798004);
#69=ELLIPSE('',#2775,0.000330222075661678,0.000190110557519664);
#70=ELLIPSE('',#2776,0.0108821048939188,0.0066508459646758);
#71=ELLIPSE('',#2778,0.00869931597245181,0.00673448926768728);
#72=ELLIPSE('',#2781,0.00869932876530263,0.00673450859964627);
#73=ELLIPSE('',#2782,0.000330222074105418,0.000190110555726669);
#74=ELLIPSE('',#2791,0.0155938191983199,0.0111783829495009);
#75=ELLIPSE('',#2792,0.0129904110935065,0.01124996656704);
#76=ELLIPSE('',#2795,0.0211700112445455,0.0149393219133097);
#77=ELLIPSE('',#2796,0.0236562551111834,0.015);
#78=ELLIPSE('',#2797,0.000359671677437643,0.000245421214977897);
#79=ELLIPSE('',#2798,0.0158423449064972,0.0114324045080104);
#80=ELLIPSE('',#2799,0.0306438980031691,0.015);
#81=ELLIPSE('',#2819,0.00929118766954344,0.00725733065200831);
#82=ELLIPSE('',#2823,0.00343753010983669,0.00238824459742841);
#83=ELLIPSE('',#2824,0.0115665826169302,0.00724904880554205);
#84=ELLIPSE('',#2826,0.00166857779251843,0.00115806998588736);
#85=ELLIPSE('',#2827,0.00104221555791544,0.00102883133156769);
#86=ELLIPSE('',#2828,0.0115665826167493,0.00724904880531644);
#87=ELLIPSE('',#2832,0.00156354161434573,0.00108488289739929);
#88=ELLIPSE('',#2833,0.00929118766942373,0.00725733065182993);
#89=ELLIPSE('',#2835,0.00355964865044819,0.00247504833298597);
#90=ELLIPSE('',#2838,0.00107748793713271,0.00105286671134103);
#91=ELLIPSE('',#2841,0.0178277374552958,0.010792141948105);
#92=ELLIPSE('',#2842,0.0029323896441388,0.00217137372153728);
#93=ELLIPSE('',#2846,0.00139706607201544,0.001);
#94=ELLIPSE('',#2849,0.0141325913375547,0.0107823213084127);
#95=ELLIPSE('',#2852,0.0129900599517652,0.0112494261530514);
#96=ELLIPSE('',#2853,0.0178277374578955,0.0107921419511713);
#97=ELLIPSE('',#2854,0.0211700112382731,0.0149393219044601);
#98=ELLIPSE('',#2856,0.0282818033159005,0.015);
#99=ELLIPSE('',#2859,0.00139242251257148,0.001);
#100=ELLIPSE('',#2860,0.0295997900049152,0.015);
#101=ELLIPSE('',#2861,0.0141325913387026,0.0107823213101574);
#102=ELLIPSE('',#2864,0.00329123643226399,0.00242744239973871);
#103=ELLIPSE('',#2866,0.0158419033105591,0.0114317902354216);
#104=ELLIPSE('',#2869,0.0306438980031478,0.015);
#105=ELLIPSE('',#2890,0.0149065348979475,0.0107136284430385);
#106=ELLIPSE('',#2895,0.00994836447465533,0.00776327230081151);
#107=ELLIPSE('',#2907,0.0129904314744169,0.0112500018685075);
#108=ELLIPSE('',#2908,0.0149065349000558,0.0107136284458033);
#109=ELLIPSE('',#2909,0.0155936629036528,0.0111781703805942);
#110=ELLIPSE('',#2917,0.00994836447425632,0.00776327230032258);
#111=LINE('',#3617,#295);
#112=LINE('',#3649,#296);
#113=LINE('',#3684,#297);
#114=LINE('',#3717,#298);
#115=LINE('',#3771,#299);
#116=LINE('',#3787,#300);
#117=LINE('',#3867,#301);
#118=LINE('',#3900,#302);
#119=LINE('',#3919,#303);
#120=LINE('',#4116,#304);
#121=LINE('',#4120,#305);
#122=LINE('',#4200,#306);
#123=LINE('',#4228,#307);
#124=LINE('',#4260,#308);
#125=LINE('',#4336,#309);
#126=LINE('',#4379,#310);
#127=LINE('',#4388,#311);
#128=LINE('',#4426,#312);
#129=LINE('',#4427,#313);
#130=LINE('',#4429,#314);
#131=LINE('',#4440,#315);
#132=LINE('',#4447,#316);
#133=LINE('',#4449,#317);
#134=LINE('',#4451,#318);
#135=LINE('',#4453,#319);
#136=LINE('',#4455,#320);
#137=LINE('',#4459,#321);
#138=LINE('',#4460,#322);
#139=LINE('',#4462,#323);
#140=LINE('',#4464,#324);
#141=LINE('',#4468,#325);
#142=LINE('',#4472,#326);
#143=LINE('',#4475,#327);
#144=LINE('',#4477,#328);
#145=LINE('',#4478,#329);
#146=LINE('',#4480,#330);
#147=LINE('',#4482,#331);
#148=LINE('',#4484,#332);
#149=LINE('',#4486,#333);
#150=LINE('',#4488,#334);
#151=LINE('',#4490,#335);
#152=LINE('',#4492,#336);
#153=LINE('',#4494,#337);
#154=LINE('',#4496,#338);
#155=LINE('',#4498,#339);
#156=LINE('',#4500,#340);
#157=LINE('',#4502,#341);
#158=LINE('',#4504,#342);
#159=LINE('',#4506,#343);
#160=LINE('',#4508,#344);
#161=LINE('',#4509,#345);
#162=LINE('',#4511,#346);
#163=LINE('',#4513,#347);
#164=LINE('',#4515,#348);
#165=LINE('',#4517,#349);
#166=LINE('',#4520,#350);
#167=LINE('',#4521,#351);
#168=LINE('',#4523,#352);
#169=LINE('',#4525,#353);
#170=LINE('',#4527,#354);
#171=LINE('',#4528,#355);
#172=LINE('',#4530,#356);
#173=LINE('',#4532,#357);
#174=LINE('',#4534,#358);
#175=LINE('',#4536,#359);
#176=LINE('',#4538,#360);
#177=LINE('',#4610,#361);
#178=LINE('',#4616,#362);
#179=LINE('',#4703,#363);
#180=LINE('',#4704,#364);
#181=LINE('',#4754,#365);
#182=LINE('',#4861,#366);
#183=LINE('',#4868,#367);
#184=LINE('',#4870,#368);
#185=LINE('',#4952,#369);
#186=LINE('',#5022,#370);
#187=LINE('',#5028,#371);
#188=LINE('',#5152,#372);
#189=LINE('',#5299,#373);
#190=LINE('',#5306,#374);
#191=LINE('',#5308,#375);
#192=LINE('',#5404,#376);
#193=LINE('',#5448,#377);
#194=LINE('',#5450,#378);
#195=LINE('',#5474,#379);
#196=LINE('',#5480,#380);
#197=LINE('',#5492,#381);
#198=LINE('',#5494,#382);
#199=LINE('',#5496,#383);
#200=LINE('',#5505,#384);
#201=LINE('',#5513,#385);
#202=LINE('',#5561,#386);
#203=LINE('',#5648,#387);
#204=LINE('',#5740,#388);
#205=LINE('',#5770,#389);
#206=LINE('',#5772,#390);
#207=LINE('',#5774,#391);
#208=LINE('',#6032,#392);
#209=LINE('',#6114,#393);
#210=LINE('',#6151,#394);
#211=LINE('',#6153,#395);
#212=LINE('',#6155,#396);
#213=LINE('',#6157,#397);
#214=LINE('',#6159,#398);
#215=LINE('',#6162,#399);
#216=LINE('',#6248,#400);
#217=LINE('',#6254,#401);
#218=LINE('',#6304,#402);
#219=LINE('',#6401,#403);
#220=LINE('',#6407,#404);
#221=LINE('',#6782,#405);
#222=LINE('',#6790,#406);
#223=LINE('',#6792,#407);
#224=LINE('',#6794,#408);
#225=LINE('',#6900,#409);
#226=LINE('',#6902,#410);
#227=LINE('',#6906,#411);
#228=LINE('',#6967,#412);
#229=LINE('',#6975,#413);
#230=LINE('',#6977,#414);
#231=LINE('',#6979,#415);
#232=LINE('',#7004,#416);
#233=LINE('',#7082,#417);
#234=LINE('',#7084,#418);
#235=LINE('',#7140,#419);
#236=LINE('',#7148,#420);
#237=LINE('',#7150,#421);
#238=LINE('',#7152,#422);
#239=LINE('',#7154,#423);
#240=LINE('',#7162,#424);
#241=LINE('',#7164,#425);
#242=LINE('',#7166,#426);
#243=LINE('',#7218,#427);
#244=LINE('',#7283,#428);
#245=LINE('',#7321,#429);
#246=LINE('',#7325,#430);
#247=LINE('',#7396,#431);
#248=LINE('',#7404,#432);
#249=LINE('',#7406,#433);
#250=LINE('',#7408,#434);
#251=LINE('',#7479,#435);
#252=LINE('',#7517,#436);
#253=LINE('',#7519,#437);
#254=LINE('',#7565,#438);
#255=LINE('',#7572,#439);
#256=LINE('',#7574,#440);
#257=LINE('',#7576,#441);
#258=LINE('',#7578,#442);
#259=LINE('',#7586,#443);
#260=LINE('',#7588,#444);
#261=LINE('',#7590,#445);
#262=LINE('',#7631,#446);
#263=LINE('',#7680,#447);
#264=LINE('',#7687,#448);
#265=LINE('',#7692,#449);
#266=LINE('',#7840,#450);
#267=LINE('',#7848,#451);
#268=LINE('',#7856,#452);
#269=LINE('',#7859,#453);
#270=LINE('',#7860,#454);
#271=LINE('',#8007,#455);
#272=LINE('',#8075,#456);
#273=LINE('',#8080,#457);
#274=LINE('',#8148,#458);
#275=LINE('',#8150,#459);
#276=LINE('',#8153,#460);
#277=LINE('',#8155,#461);
#278=LINE('',#8157,#462);
#279=LINE('',#8231,#463);
#280=LINE('',#8302,#464);
#281=LINE('',#8311,#465);
#282=LINE('',#8315,#466);
#283=LINE('',#8378,#467);
#284=LINE('',#8379,#468);
#285=LINE('',#8381,#469);
#286=LINE('',#8466,#470);
#287=LINE('',#8515,#471);
#288=LINE('',#8517,#472);
#289=LINE('',#8573,#473);
#290=LINE('',#8574,#474);
#291=LINE('',#8576,#475);
#292=LINE('',#8578,#476);
#293=LINE('',#8581,#477);
#294=LINE('',#8583,#478);
#295=VECTOR('',#2934,1.);
#296=VECTOR('',#2937,1.);
#297=VECTOR('',#2940,1.);
#298=VECTOR('',#2945,1.);
#299=VECTOR('',#2952,1.);
#300=VECTOR('',#2953,1.);
#301=VECTOR('',#2964,1.);
#302=VECTOR('',#2965,1.);
#303=VECTOR('',#2966,1.);
#304=VECTOR('',#2977,1.);
#305=VECTOR('',#2980,1.);
#306=VECTOR('',#2985,1.);
#307=VECTOR('',#2990,1.);
#308=VECTOR('',#2995,1.);
#309=VECTOR('',#3000,1.);
#310=VECTOR('',#3009,1.);
#311=VECTOR('',#3014,1.);
#312=VECTOR('',#3015,1.);
#313=VECTOR('',#3016,1.);
#314=VECTOR('',#3019,1.);
#315=VECTOR('',#3020,1.);
#316=VECTOR('',#3021,1.);
#317=VECTOR('',#3022,1.);
#318=VECTOR('',#3023,1.);
#319=VECTOR('',#3024,1.);
#320=VECTOR('',#3025,1.);
#321=VECTOR('',#3030,1.);
#322=VECTOR('',#3031,1.);
#323=VECTOR('',#3032,1.);
#324=VECTOR('',#3033,1.);
#325=VECTOR('',#3036,1.);
#326=VECTOR('',#3041,1.);
#327=VECTOR('',#3042,1.);
#328=VECTOR('',#3043,1.);
#329=VECTOR('',#3044,1.);
#330=VECTOR('',#3045,1.);
#331=VECTOR('',#3048,1.);
#332=VECTOR('',#3049,1.);
#333=VECTOR('',#3050,1.);
#334=VECTOR('',#3051,1.);
#335=VECTOR('',#3054,1.);
#336=VECTOR('',#3055,1.);
#337=VECTOR('',#3056,1.);
#338=VECTOR('',#3057,1.);
#339=VECTOR('',#3060,1.);
#340=VECTOR('',#3061,1.);
#341=VECTOR('',#3062,1.);
#342=VECTOR('',#3065,1.);
#343=VECTOR('',#3066,1.);
#344=VECTOR('',#3067,1.);
#345=VECTOR('',#3068,1.);
#346=VECTOR('',#3071,1.);
#347=VECTOR('',#3072,1.);
#348=VECTOR('',#3073,1.);
#349=VECTOR('',#3076,1.);
#350=VECTOR('',#3077,1.);
#351=VECTOR('',#3078,1.);
#352=VECTOR('',#3079,1.);
#353=VECTOR('',#3082,1.);
#354=VECTOR('',#3083,1.);
#355=VECTOR('',#3084,1.);
#356=VECTOR('',#3087,1.);
#357=VECTOR('',#3090,1.);
#358=VECTOR('',#3091,1.);
#359=VECTOR('',#3094,1.);
#360=VECTOR('',#3095,1.);
#361=VECTOR('',#3098,1.);
#362=VECTOR('',#3099,1.);
#363=VECTOR('',#3100,1.);
#364=VECTOR('',#3101,1.);
#365=VECTOR('',#3102,1.);
#366=VECTOR('',#3107,1.);
#367=VECTOR('',#3110,1.);
#368=VECTOR('',#3111,1.);
#369=VECTOR('',#3116,1.);
#370=VECTOR('',#3123,1.);
#371=VECTOR('',#3124,1.);
#372=VECTOR('',#3127,1.);
#373=VECTOR('',#3132,1.);
#374=VECTOR('',#3135,1.);
#375=VECTOR('',#3136,1.);
#376=VECTOR('',#3141,1.);
#377=VECTOR('',#3154,1.);
#378=VECTOR('',#3157,1.);
#379=VECTOR('',#3160,1.);
#380=VECTOR('',#3167,1.);
#381=VECTOR('',#3170,1.);
#382=VECTOR('',#3171,1.);
#383=VECTOR('',#3174,1.);
#384=VECTOR('',#3179,1.);
#385=VECTOR('',#3188,1.);
#386=VECTOR('',#3189,1.);
#387=VECTOR('',#3198,1.);
#388=VECTOR('',#3201,1.);
#389=VECTOR('',#3204,1.);
#390=VECTOR('',#3205,1.);
#391=VECTOR('',#3206,1.);
#392=VECTOR('',#3217,1.);
#393=VECTOR('',#3222,1.);
#394=VECTOR('',#3235,1.);
#395=VECTOR('',#3238,1.);
#396=VECTOR('',#3241,1.);
#397=VECTOR('',#3244,1.);
#398=VECTOR('',#3247,1.);
#399=VECTOR('',#3252,1.);
#400=VECTOR('',#3255,1.);
#401=VECTOR('',#3256,1.);
#402=VECTOR('',#3259,1.);
#403=VECTOR('',#3260,1.);
#404=VECTOR('',#3263,1.);
#405=VECTOR('',#3276,1.);
#406=VECTOR('',#3277,1.);
#407=VECTOR('',#3280,1.);
#408=VECTOR('',#3281,1.);
#409=VECTOR('',#3282,1.);
#410=VECTOR('',#3285,1.);
#411=VECTOR('',#3288,1.);
#412=VECTOR('',#3289,1.);
#413=VECTOR('',#3290,1.);
#414=VECTOR('',#3293,1.);
#415=VECTOR('',#3294,1.);
#416=VECTOR('',#3295,1.);
#417=VECTOR('',#3296,1.);
#418=VECTOR('',#3297,1.);
#419=VECTOR('',#3302,1.);
#420=VECTOR('',#3303,1.);
#421=VECTOR('',#3306,1.);
#422=VECTOR('',#3307,1.);
#423=VECTOR('',#3310,1.);
#424=VECTOR('',#3313,1.);
#425=VECTOR('',#3314,1.);
#426=VECTOR('',#3315,1.);
#427=VECTOR('',#3316,1.);
#428=VECTOR('',#3317,1.);
#429=VECTOR('',#3318,1.);
#430=VECTOR('',#3321,1.);
#431=VECTOR('',#3322,1.);
#432=VECTOR('',#3323,1.);
#433=VECTOR('',#3326,1.);
#434=VECTOR('',#3327,1.);
#435=VECTOR('',#3328,1.);
#436=VECTOR('',#3331,1.);
#437=VECTOR('',#3332,1.);
#438=VECTOR('',#3337,1.);
#439=VECTOR('',#3338,1.);
#440=VECTOR('',#3341,1.);
#441=VECTOR('',#3342,1.);
#442=VECTOR('',#3345,1.);
#443=VECTOR('',#3348,1.);
#444=VECTOR('',#3349,1.);
#445=VECTOR('',#3350,1.);
#446=VECTOR('',#3351,1.);
#447=VECTOR('',#3352,1.);
#448=VECTOR('',#3355,1.);
#449=VECTOR('',#3358,1.);
#450=VECTOR('',#3361,1.);
#451=VECTOR('',#3362,1.);
#452=VECTOR('',#3365,1.);
#453=VECTOR('',#3366,1.);
#454=VECTOR('',#3367,1.);
#455=VECTOR('',#3368,1.);
#456=VECTOR('',#3371,1.);
#457=VECTOR('',#3374,1.);
#458=VECTOR('',#3379,1.);
#459=VECTOR('',#3382,1.);
#460=VECTOR('',#3387,1.);
#461=VECTOR('',#3388,1.);
#462=VECTOR('',#3389,1.);
#463=VECTOR('',#3390,1.);
#464=VECTOR('',#3391,1.);
#465=VECTOR('',#3394,1.);
#466=VECTOR('',#3397,1.);
#467=VECTOR('',#3398,1.);
#468=VECTOR('',#3399,1.);
#469=VECTOR('',#3402,1.);
#470=VECTOR('',#3403,1.);
#471=VECTOR('',#3404,1.);
#472=VECTOR('',#3405,1.);
#473=VECTOR('',#3410,1.);
#474=VECTOR('',#3411,1.);
#475=VECTOR('',#3414,1.);
#476=VECTOR('',#3417,1.);
#477=VECTOR('',#3422,1.);
#478=VECTOR('',#3425,1.);
#479=CIRCLE('',#2768,0.009);
#480=CIRCLE('',#2769,0.00899999999999333);
#481=CIRCLE('',#2772,0.00900000000000353);
#482=CIRCLE('',#2773,0.009);
#483=CIRCLE('',#2774,0.009);
#484=CIRCLE('',#2777,0.00143161835710095);
#485=CIRCLE('',#2779,0.000652681871988159);
#486=CIRCLE('',#2780,0.000652681872046498);
#487=CIRCLE('',#2783,0.009);
#488=CIRCLE('',#2785,0.0017);
#489=CIRCLE('',#2787,0.0095);
#490=CIRCLE('',#2789,0.0017);
#491=CIRCLE('',#2793,0.015);
#492=CIRCLE('',#2794,0.015);
#493=CIRCLE('',#2801,0.0145);
#494=CIRCLE('',#2804,0.00840315528896583);
#495=CIRCLE('',#2805,0.0145);
#496=CIRCLE('',#2806,0.00840315528987494);
#497=CIRCLE('',#2820,0.00107204065888794);
#498=CIRCLE('',#2836,0.00107204065891647);
#499=CIRCLE('',#2848,0.00676587785122837);
#500=CIRCLE('',#2851,0.015);
#501=CIRCLE('',#2865,0.00105094360887097);
#502=CIRCLE('',#2878,0.00105094360909041);
#503=CIRCLE('',#2888,0.01434);
#504=CIRCLE('',#2898,0.00966);
#505=CIRCLE('',#2904,0.015);
#506=CIRCLE('',#2905,0.01434);
#507=CIRCLE('',#2915,0.00965999999999978);
#508=CYLINDRICAL_SURFACE('',#2767,0.009);
#509=CYLINDRICAL_SURFACE('',#2784,0.0017);
#510=CYLINDRICAL_SURFACE('',#2788,0.0017);
#511=CYLINDRICAL_SURFACE('',#2790,0.015);
#512=CYLINDRICAL_SURFACE('',#2822,0.00238824459742841);
#513=CYLINDRICAL_SURFACE('',#2825,0.00115806998588736);
#514=CYLINDRICAL_SURFACE('',#2829,0.00126868788878907);
#515=CYLINDRICAL_SURFACE('',#2831,0.00108488289739929);
#516=CYLINDRICAL_SURFACE('',#2834,0.00247504833298597);
#517=CYLINDRICAL_SURFACE('',#2837,0.001);
#518=CYLINDRICAL_SURFACE('',#2839,0.001);
#519=CYLINDRICAL_SURFACE('',#2843,0.001);
#520=CYLINDRICAL_SURFACE('',#2845,0.001);
#521=CYLINDRICAL_SURFACE('',#2862,0.0011782285746648);
#522=CYLINDRICAL_SURFACE('',#2863,0.00242744239973871);
#523=CYLINDRICAL_SURFACE('',#2871,0.001);
#524=CYLINDRICAL_SURFACE('',#2873,0.001);
#525=CYLINDRICAL_SURFACE('',#2875,0.001);
#526=CYLINDRICAL_SURFACE('',#2881,0.000912725118624386);
#527=CYLINDRICAL_SURFACE('',#2882,0.00217137372153728);
#528=CYLINDRICAL_SURFACE('',#2883,0.00154166553651791);
#529=CYLINDRICAL_SURFACE('',#2884,0.001);
#530=CYLINDRICAL_SURFACE('',#2891,0.001);
#531=CYLINDRICAL_SURFACE('',#2893,0.001);
#532=CYLINDRICAL_SURFACE('',#2899,0.001);
#533=CYLINDRICAL_SURFACE('',#2901,0.001);
#534=CYLINDRICAL_SURFACE('',#2912,0.015);
#535=CYLINDRICAL_SURFACE('',#2918,0.001);
#536=CYLINDRICAL_SURFACE('',#2920,0.001);
#537=CYLINDRICAL_SURFACE('',#2922,0.001);
#538=CYLINDRICAL_SURFACE('',#2923,0.001);
#539=ORIENTED_EDGE('',*,*,#1357,.T.);
#540=ORIENTED_EDGE('',*,*,#1358,.T.);
#541=ORIENTED_EDGE('',*,*,#1359,.F.);
#542=ORIENTED_EDGE('',*,*,#1360,.F.);
#543=ORIENTED_EDGE('',*,*,#1361,.F.);
#544=ORIENTED_EDGE('',*,*,#1362,.F.);
#545=ORIENTED_EDGE('',*,*,#1363,.F.);
#546=ORIENTED_EDGE('',*,*,#1364,.F.);
#547=ORIENTED_EDGE('',*,*,#1365,.F.);
#548=ORIENTED_EDGE('',*,*,#1366,.F.);
#549=ORIENTED_EDGE('',*,*,#1367,.F.);
#550=ORIENTED_EDGE('',*,*,#1368,.F.);
#551=ORIENTED_EDGE('',*,*,#1369,.F.);
#552=ORIENTED_EDGE('',*,*,#1370,.F.);
#553=ORIENTED_EDGE('',*,*,#1371,.F.);
#554=ORIENTED_EDGE('',*,*,#1372,.F.);
#555=ORIENTED_EDGE('',*,*,#1373,.F.);
#556=ORIENTED_EDGE('',*,*,#1374,.F.);
#557=ORIENTED_EDGE('',*,*,#1375,.F.);
#558=ORIENTED_EDGE('',*,*,#1376,.F.);
#559=ORIENTED_EDGE('',*,*,#1377,.F.);
#560=ORIENTED_EDGE('',*,*,#1378,.F.);
#561=ORIENTED_EDGE('',*,*,#1379,.F.);
#562=ORIENTED_EDGE('',*,*,#1380,.F.);
#563=ORIENTED_EDGE('',*,*,#1381,.F.);
#564=ORIENTED_EDGE('',*,*,#1382,.F.);
#565=ORIENTED_EDGE('',*,*,#1357,.F.);
#566=ORIENTED_EDGE('',*,*,#1383,.F.);
#567=ORIENTED_EDGE('',*,*,#1384,.F.);
#568=ORIENTED_EDGE('',*,*,#1385,.F.);
#569=ORIENTED_EDGE('',*,*,#1386,.F.);
#570=ORIENTED_EDGE('',*,*,#1387,.F.);
#571=ORIENTED_EDGE('',*,*,#1388,.F.);
#572=ORIENTED_EDGE('',*,*,#1389,.F.);
#573=ORIENTED_EDGE('',*,*,#1390,.F.);
#574=ORIENTED_EDGE('',*,*,#1391,.F.);
#575=ORIENTED_EDGE('',*,*,#1392,.F.);
#576=ORIENTED_EDGE('',*,*,#1393,.F.);
#577=ORIENTED_EDGE('',*,*,#1394,.F.);
#578=ORIENTED_EDGE('',*,*,#1395,.F.);
#579=ORIENTED_EDGE('',*,*,#1396,.F.);
#580=ORIENTED_EDGE('',*,*,#1397,.F.);
#581=ORIENTED_EDGE('',*,*,#1398,.F.);
#582=ORIENTED_EDGE('',*,*,#1399,.F.);
#583=ORIENTED_EDGE('',*,*,#1400,.F.);
#584=ORIENTED_EDGE('',*,*,#1401,.F.);
#585=ORIENTED_EDGE('',*,*,#1402,.F.);
#586=ORIENTED_EDGE('',*,*,#1403,.F.);
#587=ORIENTED_EDGE('',*,*,#1404,.F.);
#588=ORIENTED_EDGE('',*,*,#1405,.F.);
#589=ORIENTED_EDGE('',*,*,#1406,.F.);
#590=ORIENTED_EDGE('',*,*,#1407,.F.);
#591=ORIENTED_EDGE('',*,*,#1408,.F.);
#592=ORIENTED_EDGE('',*,*,#1409,.F.);
#593=ORIENTED_EDGE('',*,*,#1410,.F.);
#594=ORIENTED_EDGE('',*,*,#1411,.F.);
#595=ORIENTED_EDGE('',*,*,#1412,.F.);
#596=ORIENTED_EDGE('',*,*,#1358,.F.);
#597=ORIENTED_EDGE('',*,*,#1413,.F.);
#598=ORIENTED_EDGE('',*,*,#1414,.T.);
#599=ORIENTED_EDGE('',*,*,#1383,.T.);
#600=ORIENTED_EDGE('',*,*,#1415,.T.);
#601=ORIENTED_EDGE('',*,*,#1414,.F.);
#602=ORIENTED_EDGE('',*,*,#1412,.T.);
#603=ORIENTED_EDGE('',*,*,#1416,.T.);
#604=ORIENTED_EDGE('',*,*,#1417,.T.);
#605=ORIENTED_EDGE('',*,*,#1418,.T.);
#606=ORIENTED_EDGE('',*,*,#1384,.T.);
#607=ORIENTED_EDGE('',*,*,#1415,.F.);
#608=ORIENTED_EDGE('',*,*,#1419,.F.);
#609=ORIENTED_EDGE('',*,*,#1420,.T.);
#610=ORIENTED_EDGE('',*,*,#1421,.T.);
#611=ORIENTED_EDGE('',*,*,#1422,.T.);
#612=ORIENTED_EDGE('',*,*,#1423,.F.);
#613=ORIENTED_EDGE('',*,*,#1424,.F.);
#614=ORIENTED_EDGE('',*,*,#1425,.F.);
#615=ORIENTED_EDGE('',*,*,#1426,.F.);
#616=ORIENTED_EDGE('',*,*,#1427,.F.);
#617=ORIENTED_EDGE('',*,*,#1428,.F.);
#618=ORIENTED_EDGE('',*,*,#1429,.F.);
#619=ORIENTED_EDGE('',*,*,#1430,.F.);
#620=ORIENTED_EDGE('',*,*,#1431,.F.);
#621=ORIENTED_EDGE('',*,*,#1432,.F.);
#622=ORIENTED_EDGE('',*,*,#1433,.F.);
#623=ORIENTED_EDGE('',*,*,#1434,.F.);
#624=ORIENTED_EDGE('',*,*,#1435,.F.);
#625=ORIENTED_EDGE('',*,*,#1436,.F.);
#626=ORIENTED_EDGE('',*,*,#1437,.F.);
#627=ORIENTED_EDGE('',*,*,#1438,.F.);
#628=ORIENTED_EDGE('',*,*,#1439,.F.);
#629=ORIENTED_EDGE('',*,*,#1440,.F.);
#630=ORIENTED_EDGE('',*,*,#1441,.F.);
#631=ORIENTED_EDGE('',*,*,#1442,.F.);
#632=ORIENTED_EDGE('',*,*,#1443,.F.);
#633=ORIENTED_EDGE('',*,*,#1444,.F.);
#634=ORIENTED_EDGE('',*,*,#1445,.F.);
#635=ORIENTED_EDGE('',*,*,#1446,.F.);
#636=ORIENTED_EDGE('',*,*,#1447,.F.);
#637=ORIENTED_EDGE('',*,*,#1448,.F.);
#638=ORIENTED_EDGE('',*,*,#1449,.F.);
#639=ORIENTED_EDGE('',*,*,#1420,.F.);
#640=ORIENTED_EDGE('',*,*,#1450,.F.);
#641=ORIENTED_EDGE('',*,*,#1451,.T.);
#642=ORIENTED_EDGE('',*,*,#1452,.T.);
#643=ORIENTED_EDGE('',*,*,#1453,.F.);
#644=ORIENTED_EDGE('',*,*,#1436,.T.);
#645=ORIENTED_EDGE('',*,*,#1454,.T.);
#646=ORIENTED_EDGE('',*,*,#1455,.T.);
#647=ORIENTED_EDGE('',*,*,#1456,.T.);
#648=ORIENTED_EDGE('',*,*,#1398,.T.);
#649=ORIENTED_EDGE('',*,*,#1457,.T.);
#650=ORIENTED_EDGE('',*,*,#1422,.F.);
#651=ORIENTED_EDGE('',*,*,#1458,.F.);
#652=ORIENTED_EDGE('',*,*,#1459,.F.);
#653=ORIENTED_EDGE('',*,*,#1455,.F.);
#654=ORIENTED_EDGE('',*,*,#1460,.F.);
#655=ORIENTED_EDGE('',*,*,#1461,.F.);
#656=ORIENTED_EDGE('',*,*,#1462,.F.);
#657=ORIENTED_EDGE('',*,*,#1463,.F.);
#658=ORIENTED_EDGE('',*,*,#1464,.F.);
#659=ORIENTED_EDGE('',*,*,#1465,.F.);
#660=ORIENTED_EDGE('',*,*,#1466,.F.);
#661=ORIENTED_EDGE('',*,*,#1467,.F.);
#662=ORIENTED_EDGE('',*,*,#1417,.F.);
#663=ORIENTED_EDGE('',*,*,#1468,.F.);
#664=ORIENTED_EDGE('',*,*,#1469,.F.);
#665=ORIENTED_EDGE('',*,*,#1452,.F.);
#666=ORIENTED_EDGE('',*,*,#1470,.F.);
#667=ORIENTED_EDGE('',*,*,#1471,.F.);
#668=ORIENTED_EDGE('',*,*,#1472,.F.);
#669=ORIENTED_EDGE('',*,*,#1473,.F.);
#670=ORIENTED_EDGE('',*,*,#1474,.F.);
#671=ORIENTED_EDGE('',*,*,#1475,.F.);
#672=ORIENTED_EDGE('',*,*,#1476,.T.);
#673=ORIENTED_EDGE('',*,*,#1477,.T.);
#674=ORIENTED_EDGE('',*,*,#1478,.T.);
#675=ORIENTED_EDGE('',*,*,#1471,.T.);
#676=ORIENTED_EDGE('',*,*,#1479,.T.);
#677=ORIENTED_EDGE('',*,*,#1480,.F.);
#678=ORIENTED_EDGE('',*,*,#1481,.T.);
#679=ORIENTED_EDGE('',*,*,#1482,.T.);
#680=ORIENTED_EDGE('',*,*,#1483,.T.);
#681=ORIENTED_EDGE('',*,*,#1484,.T.);
#682=ORIENTED_EDGE('',*,*,#1477,.F.);
#683=ORIENTED_EDGE('',*,*,#1485,.T.);
#684=ORIENTED_EDGE('',*,*,#1486,.T.);
#685=ORIENTED_EDGE('',*,*,#1487,.T.);
#686=ORIENTED_EDGE('',*,*,#1488,.T.);
#687=ORIENTED_EDGE('',*,*,#1482,.F.);
#688=ORIENTED_EDGE('',*,*,#1489,.T.);
#689=ORIENTED_EDGE('',*,*,#1490,.T.);
#690=ORIENTED_EDGE('',*,*,#1491,.T.);
#691=ORIENTED_EDGE('',*,*,#1486,.F.);
#692=ORIENTED_EDGE('',*,*,#1492,.T.);
#693=ORIENTED_EDGE('',*,*,#1493,.T.);
#694=ORIENTED_EDGE('',*,*,#1494,.T.);
#695=ORIENTED_EDGE('',*,*,#1465,.T.);
#696=ORIENTED_EDGE('',*,*,#1495,.T.);
#697=ORIENTED_EDGE('',*,*,#1490,.F.);
#698=ORIENTED_EDGE('',*,*,#1496,.T.);
#699=ORIENTED_EDGE('',*,*,#1493,.F.);
#700=ORIENTED_EDGE('',*,*,#1497,.T.);
#701=ORIENTED_EDGE('',*,*,#1498,.T.);
#702=ORIENTED_EDGE('',*,*,#1499,.T.);
#703=ORIENTED_EDGE('',*,*,#1500,.T.);
#704=ORIENTED_EDGE('',*,*,#1498,.F.);
#705=ORIENTED_EDGE('',*,*,#1501,.T.);
#706=ORIENTED_EDGE('',*,*,#1502,.T.);
#707=ORIENTED_EDGE('',*,*,#1503,.T.);
#708=ORIENTED_EDGE('',*,*,#1504,.T.);
#709=ORIENTED_EDGE('',*,*,#1502,.F.);
#710=ORIENTED_EDGE('',*,*,#1505,.T.);
#711=ORIENTED_EDGE('',*,*,#1480,.T.);
#712=ORIENTED_EDGE('',*,*,#1503,.F.);
#713=ORIENTED_EDGE('',*,*,#1479,.F.);
#714=ORIENTED_EDGE('',*,*,#1470,.T.);
#715=ORIENTED_EDGE('',*,*,#1454,.F.);
#716=ORIENTED_EDGE('',*,*,#1506,.T.);
#717=ORIENTED_EDGE('',*,*,#1478,.F.);
#718=ORIENTED_EDGE('',*,*,#1484,.F.);
#719=ORIENTED_EDGE('',*,*,#1507,.T.);
#720=ORIENTED_EDGE('',*,*,#1508,.T.);
#721=ORIENTED_EDGE('',*,*,#1472,.T.);
#722=ORIENTED_EDGE('',*,*,#1483,.F.);
#723=ORIENTED_EDGE('',*,*,#1488,.F.);
#724=ORIENTED_EDGE('',*,*,#1509,.F.);
#725=ORIENTED_EDGE('',*,*,#1510,.F.);
#726=ORIENTED_EDGE('',*,*,#1507,.F.);
#727=ORIENTED_EDGE('',*,*,#1413,.T.);
#728=ORIENTED_EDGE('',*,*,#1419,.T.);
#729=ORIENTED_EDGE('',*,*,#1476,.F.);
#730=ORIENTED_EDGE('',*,*,#1505,.F.);
#731=ORIENTED_EDGE('',*,*,#1501,.F.);
#732=ORIENTED_EDGE('',*,*,#1497,.F.);
#733=ORIENTED_EDGE('',*,*,#1492,.F.);
#734=ORIENTED_EDGE('',*,*,#1489,.F.);
#735=ORIENTED_EDGE('',*,*,#1485,.F.);
#736=ORIENTED_EDGE('',*,*,#1481,.F.);
#737=ORIENTED_EDGE('',*,*,#1511,.T.);
#738=ORIENTED_EDGE('',*,*,#1512,.T.);
#739=ORIENTED_EDGE('',*,*,#1513,.T.);
#740=ORIENTED_EDGE('',*,*,#1400,.T.);
#741=ORIENTED_EDGE('',*,*,#1456,.F.);
#742=ORIENTED_EDGE('',*,*,#1459,.T.);
#743=ORIENTED_EDGE('',*,*,#1511,.F.);
#744=ORIENTED_EDGE('',*,*,#1399,.T.);
#745=ORIENTED_EDGE('',*,*,#1514,.T.);
#746=ORIENTED_EDGE('',*,*,#1396,.T.);
#747=ORIENTED_EDGE('',*,*,#1515,.T.);
#748=ORIENTED_EDGE('',*,*,#1516,.T.);
#749=ORIENTED_EDGE('',*,*,#1514,.F.);
#750=ORIENTED_EDGE('',*,*,#1460,.T.);
#751=ORIENTED_EDGE('',*,*,#1457,.F.);
#752=ORIENTED_EDGE('',*,*,#1397,.T.);
#753=ORIENTED_EDGE('',*,*,#1517,.T.);
#754=ORIENTED_EDGE('',*,*,#1394,.T.);
#755=ORIENTED_EDGE('',*,*,#1518,.F.);
#756=ORIENTED_EDGE('',*,*,#1519,.T.);
#757=ORIENTED_EDGE('',*,*,#1517,.F.);
#758=ORIENTED_EDGE('',*,*,#1520,.T.);
#759=ORIENTED_EDGE('',*,*,#1515,.F.);
#760=ORIENTED_EDGE('',*,*,#1395,.T.);
#761=ORIENTED_EDGE('',*,*,#1521,.F.);
#762=ORIENTED_EDGE('',*,*,#1392,.T.);
#763=ORIENTED_EDGE('',*,*,#1522,.T.);
#764=ORIENTED_EDGE('',*,*,#1523,.T.);
#765=ORIENTED_EDGE('',*,*,#1524,.T.);
#766=ORIENTED_EDGE('',*,*,#1525,.T.);
#767=ORIENTED_EDGE('',*,*,#1522,.F.);
#768=ORIENTED_EDGE('',*,*,#1391,.T.);
#769=ORIENTED_EDGE('',*,*,#1526,.F.);
#770=ORIENTED_EDGE('',*,*,#1527,.T.);
#771=ORIENTED_EDGE('',*,*,#1524,.F.);
#772=ORIENTED_EDGE('',*,*,#1390,.T.);
#773=ORIENTED_EDGE('',*,*,#1521,.T.);
#774=ORIENTED_EDGE('',*,*,#1528,.F.);
#775=ORIENTED_EDGE('',*,*,#1518,.T.);
#776=ORIENTED_EDGE('',*,*,#1393,.T.);
#777=ORIENTED_EDGE('',*,*,#1529,.T.);
#778=ORIENTED_EDGE('',*,*,#1530,.T.);
#779=ORIENTED_EDGE('',*,*,#1531,.F.);
#780=ORIENTED_EDGE('',*,*,#1388,.T.);
#781=ORIENTED_EDGE('',*,*,#1531,.T.);
#782=ORIENTED_EDGE('',*,*,#1532,.T.);
#783=ORIENTED_EDGE('',*,*,#1526,.T.);
#784=ORIENTED_EDGE('',*,*,#1389,.T.);
#785=ORIENTED_EDGE('',*,*,#1533,.T.);
#786=ORIENTED_EDGE('',*,*,#1534,.T.);
#787=ORIENTED_EDGE('',*,*,#1535,.T.);
#788=ORIENTED_EDGE('',*,*,#1386,.T.);
#789=ORIENTED_EDGE('',*,*,#1535,.F.);
#790=ORIENTED_EDGE('',*,*,#1536,.T.);
#791=ORIENTED_EDGE('',*,*,#1529,.F.);
#792=ORIENTED_EDGE('',*,*,#1387,.T.);
#793=ORIENTED_EDGE('',*,*,#1418,.F.);
#794=ORIENTED_EDGE('',*,*,#1475,.T.);
#795=ORIENTED_EDGE('',*,*,#1533,.F.);
#796=ORIENTED_EDGE('',*,*,#1385,.T.);
#797=ORIENTED_EDGE('',*,*,#1537,.T.);
#798=ORIENTED_EDGE('',*,*,#1410,.T.);
#799=ORIENTED_EDGE('',*,*,#1538,.F.);
#800=ORIENTED_EDGE('',*,*,#1539,.T.);
#801=ORIENTED_EDGE('',*,*,#1537,.F.);
#802=ORIENTED_EDGE('',*,*,#1468,.T.);
#803=ORIENTED_EDGE('',*,*,#1416,.F.);
#804=ORIENTED_EDGE('',*,*,#1411,.T.);
#805=ORIENTED_EDGE('',*,*,#1540,.F.);
#806=ORIENTED_EDGE('',*,*,#1408,.T.);
#807=ORIENTED_EDGE('',*,*,#1541,.F.);
#808=ORIENTED_EDGE('',*,*,#1542,.T.);
#809=ORIENTED_EDGE('',*,*,#1540,.T.);
#810=ORIENTED_EDGE('',*,*,#1543,.T.);
#811=ORIENTED_EDGE('',*,*,#1538,.T.);
#812=ORIENTED_EDGE('',*,*,#1409,.T.);
#813=ORIENTED_EDGE('',*,*,#1544,.F.);
#814=ORIENTED_EDGE('',*,*,#1406,.T.);
#815=ORIENTED_EDGE('',*,*,#1545,.T.);
#816=ORIENTED_EDGE('',*,*,#1546,.T.);
#817=ORIENTED_EDGE('',*,*,#1547,.T.);
#818=ORIENTED_EDGE('',*,*,#1548,.T.);
#819=ORIENTED_EDGE('',*,*,#1545,.F.);
#820=ORIENTED_EDGE('',*,*,#1405,.T.);
#821=ORIENTED_EDGE('',*,*,#1549,.F.);
#822=ORIENTED_EDGE('',*,*,#1550,.T.);
#823=ORIENTED_EDGE('',*,*,#1547,.F.);
#824=ORIENTED_EDGE('',*,*,#1404,.T.);
#825=ORIENTED_EDGE('',*,*,#1544,.T.);
#826=ORIENTED_EDGE('',*,*,#1551,.F.);
#827=ORIENTED_EDGE('',*,*,#1541,.T.);
#828=ORIENTED_EDGE('',*,*,#1407,.T.);
#829=ORIENTED_EDGE('',*,*,#1552,.T.);
#830=ORIENTED_EDGE('',*,*,#1553,.T.);
#831=ORIENTED_EDGE('',*,*,#1554,.F.);
#832=ORIENTED_EDGE('',*,*,#1402,.T.);
#833=ORIENTED_EDGE('',*,*,#1554,.T.);
#834=ORIENTED_EDGE('',*,*,#1555,.T.);
#835=ORIENTED_EDGE('',*,*,#1549,.T.);
#836=ORIENTED_EDGE('',*,*,#1403,.T.);
#837=ORIENTED_EDGE('',*,*,#1513,.F.);
#838=ORIENTED_EDGE('',*,*,#1556,.T.);
#839=ORIENTED_EDGE('',*,*,#1552,.F.);
#840=ORIENTED_EDGE('',*,*,#1401,.T.);
#841=ORIENTED_EDGE('',*,*,#1536,.F.);
#842=ORIENTED_EDGE('',*,*,#1534,.F.);
#843=ORIENTED_EDGE('',*,*,#1474,.T.);
#844=ORIENTED_EDGE('',*,*,#1557,.F.);
#845=ORIENTED_EDGE('',*,*,#1558,.F.);
#846=ORIENTED_EDGE('',*,*,#1559,.T.);
#847=ORIENTED_EDGE('',*,*,#1539,.F.);
#848=ORIENTED_EDGE('',*,*,#1543,.F.);
#849=ORIENTED_EDGE('',*,*,#1560,.T.);
#850=ORIENTED_EDGE('',*,*,#1561,.F.);
#851=ORIENTED_EDGE('',*,*,#1562,.F.);
#852=ORIENTED_EDGE('',*,*,#1469,.T.);
#853=ORIENTED_EDGE('',*,*,#1542,.F.);
#854=ORIENTED_EDGE('',*,*,#1551,.T.);
#855=ORIENTED_EDGE('',*,*,#1563,.F.);
#856=ORIENTED_EDGE('',*,*,#1564,.F.);
#857=ORIENTED_EDGE('',*,*,#1565,.T.);
#858=ORIENTED_EDGE('',*,*,#1560,.F.);
#859=ORIENTED_EDGE('',*,*,#1546,.F.);
#860=ORIENTED_EDGE('',*,*,#1566,.T.);
#861=ORIENTED_EDGE('',*,*,#1567,.F.);
#862=ORIENTED_EDGE('',*,*,#1568,.F.);
#863=ORIENTED_EDGE('',*,*,#1563,.T.);
#864=ORIENTED_EDGE('',*,*,#1548,.F.);
#865=ORIENTED_EDGE('',*,*,#1569,.F.);
#866=ORIENTED_EDGE('',*,*,#1570,.F.);
#867=ORIENTED_EDGE('',*,*,#1566,.F.);
#868=ORIENTED_EDGE('',*,*,#1550,.F.);
#869=ORIENTED_EDGE('',*,*,#1571,.T.);
#870=ORIENTED_EDGE('',*,*,#1572,.F.);
#871=ORIENTED_EDGE('',*,*,#1573,.F.);
#872=ORIENTED_EDGE('',*,*,#1569,.T.);
#873=ORIENTED_EDGE('',*,*,#1555,.F.);
#874=ORIENTED_EDGE('',*,*,#1553,.F.);
#875=ORIENTED_EDGE('',*,*,#1574,.F.);
#876=ORIENTED_EDGE('',*,*,#1575,.F.);
#877=ORIENTED_EDGE('',*,*,#1576,.F.);
#878=ORIENTED_EDGE('',*,*,#1571,.F.);
#879=ORIENTED_EDGE('',*,*,#1577,.T.);
#880=ORIENTED_EDGE('',*,*,#1578,.T.);
#881=ORIENTED_EDGE('',*,*,#1473,.T.);
#882=ORIENTED_EDGE('',*,*,#1508,.F.);
#883=ORIENTED_EDGE('',*,*,#1579,.F.);
#884=ORIENTED_EDGE('',*,*,#1558,.T.);
#885=ORIENTED_EDGE('',*,*,#1580,.T.);
#886=ORIENTED_EDGE('',*,*,#1581,.T.);
#887=ORIENTED_EDGE('',*,*,#1580,.F.);
#888=ORIENTED_EDGE('',*,*,#1557,.T.);
#889=ORIENTED_EDGE('',*,*,#1578,.F.);
#890=ORIENTED_EDGE('',*,*,#1582,.T.);
#891=ORIENTED_EDGE('',*,*,#1583,.F.);
#892=ORIENTED_EDGE('',*,*,#1584,.T.);
#893=ORIENTED_EDGE('',*,*,#1585,.F.);
#894=ORIENTED_EDGE('',*,*,#1586,.T.);
#895=ORIENTED_EDGE('',*,*,#1585,.T.);
#896=ORIENTED_EDGE('',*,*,#1587,.T.);
#897=ORIENTED_EDGE('',*,*,#1579,.T.);
#898=ORIENTED_EDGE('',*,*,#1588,.T.);
#899=ORIENTED_EDGE('',*,*,#1589,.T.);
#900=ORIENTED_EDGE('',*,*,#1590,.T.);
#901=ORIENTED_EDGE('',*,*,#1591,.F.);
#902=ORIENTED_EDGE('',*,*,#1592,.T.);
#903=ORIENTED_EDGE('',*,*,#1589,.F.);
#904=ORIENTED_EDGE('',*,*,#1593,.T.);
#905=ORIENTED_EDGE('',*,*,#1594,.T.);
#906=ORIENTED_EDGE('',*,*,#1595,.T.);
#907=ORIENTED_EDGE('',*,*,#1596,.F.);
#908=ORIENTED_EDGE('',*,*,#1597,.T.);
#909=ORIENTED_EDGE('',*,*,#1594,.F.);
#910=ORIENTED_EDGE('',*,*,#1598,.T.);
#911=ORIENTED_EDGE('',*,*,#1591,.T.);
#912=ORIENTED_EDGE('',*,*,#1599,.T.);
#913=ORIENTED_EDGE('',*,*,#1583,.T.);
#914=ORIENTED_EDGE('',*,*,#1600,.T.);
#915=ORIENTED_EDGE('',*,*,#1601,.F.);
#916=ORIENTED_EDGE('',*,*,#1602,.T.);
#917=ORIENTED_EDGE('',*,*,#1603,.F.);
#918=ORIENTED_EDGE('',*,*,#1604,.T.);
#919=ORIENTED_EDGE('',*,*,#1601,.T.);
#920=ORIENTED_EDGE('',*,*,#1605,.T.);
#921=ORIENTED_EDGE('',*,*,#1596,.T.);
#922=ORIENTED_EDGE('',*,*,#1606,.T.);
#923=ORIENTED_EDGE('',*,*,#1607,.F.);
#924=ORIENTED_EDGE('',*,*,#1608,.F.);
#925=ORIENTED_EDGE('',*,*,#1609,.T.);
#926=ORIENTED_EDGE('',*,*,#1610,.T.);
#927=ORIENTED_EDGE('',*,*,#1611,.T.);
#928=ORIENTED_EDGE('',*,*,#1607,.T.);
#929=ORIENTED_EDGE('',*,*,#1612,.F.);
#930=ORIENTED_EDGE('',*,*,#1603,.T.);
#931=ORIENTED_EDGE('',*,*,#1613,.F.);
#932=ORIENTED_EDGE('',*,*,#1608,.T.);
#933=ORIENTED_EDGE('',*,*,#1462,.T.);
#934=ORIENTED_EDGE('',*,*,#1614,.T.);
#935=ORIENTED_EDGE('',*,*,#1615,.T.);
#936=ORIENTED_EDGE('',*,*,#1616,.F.);
#937=ORIENTED_EDGE('',*,*,#1614,.F.);
#938=ORIENTED_EDGE('',*,*,#1617,.T.);
#939=ORIENTED_EDGE('',*,*,#1610,.F.);
#940=ORIENTED_EDGE('',*,*,#1618,.T.);
#941=ORIENTED_EDGE('',*,*,#1495,.F.);
#942=ORIENTED_EDGE('',*,*,#1464,.T.);
#943=ORIENTED_EDGE('',*,*,#1619,.F.);
#944=ORIENTED_EDGE('',*,*,#1509,.T.);
#945=ORIENTED_EDGE('',*,*,#1487,.F.);
#946=ORIENTED_EDGE('',*,*,#1491,.F.);
#947=ORIENTED_EDGE('',*,*,#1619,.T.);
#948=ORIENTED_EDGE('',*,*,#1463,.T.);
#949=ORIENTED_EDGE('',*,*,#1616,.T.);
#950=ORIENTED_EDGE('',*,*,#1620,.T.);
#951=ORIENTED_EDGE('',*,*,#1530,.F.);
#952=ORIENTED_EDGE('',*,*,#1559,.F.);
#953=ORIENTED_EDGE('',*,*,#1587,.F.);
#954=ORIENTED_EDGE('',*,*,#1584,.F.);
#955=ORIENTED_EDGE('',*,*,#1621,.F.);
#956=ORIENTED_EDGE('',*,*,#1532,.F.);
#957=ORIENTED_EDGE('',*,*,#1527,.F.);
#958=ORIENTED_EDGE('',*,*,#1621,.T.);
#959=ORIENTED_EDGE('',*,*,#1599,.F.);
#960=ORIENTED_EDGE('',*,*,#1590,.F.);
#961=ORIENTED_EDGE('',*,*,#1622,.T.);
#962=ORIENTED_EDGE('',*,*,#1525,.F.);
#963=ORIENTED_EDGE('',*,*,#1622,.F.);
#964=ORIENTED_EDGE('',*,*,#1595,.F.);
#965=ORIENTED_EDGE('',*,*,#1623,.F.);
#966=ORIENTED_EDGE('',*,*,#1523,.F.);
#967=ORIENTED_EDGE('',*,*,#1623,.T.);
#968=ORIENTED_EDGE('',*,*,#1597,.F.);
#969=ORIENTED_EDGE('',*,*,#1605,.F.);
#970=ORIENTED_EDGE('',*,*,#1624,.T.);
#971=ORIENTED_EDGE('',*,*,#1528,.T.);
#972=ORIENTED_EDGE('',*,*,#1624,.F.);
#973=ORIENTED_EDGE('',*,*,#1604,.F.);
#974=ORIENTED_EDGE('',*,*,#1612,.T.);
#975=ORIENTED_EDGE('',*,*,#1625,.F.);
#976=ORIENTED_EDGE('',*,*,#1519,.F.);
#977=ORIENTED_EDGE('',*,*,#1520,.F.);
#978=ORIENTED_EDGE('',*,*,#1625,.T.);
#979=ORIENTED_EDGE('',*,*,#1611,.F.);
#980=ORIENTED_EDGE('',*,*,#1617,.F.);
#981=ORIENTED_EDGE('',*,*,#1461,.T.);
#982=ORIENTED_EDGE('',*,*,#1516,.F.);
#983=ORIENTED_EDGE('',*,*,#1500,.F.);
#984=ORIENTED_EDGE('',*,*,#1626,.T.);
#985=ORIENTED_EDGE('',*,*,#1627,.F.);
#986=ORIENTED_EDGE('',*,*,#1466,.T.);
#987=ORIENTED_EDGE('',*,*,#1494,.F.);
#988=ORIENTED_EDGE('',*,*,#1496,.F.);
#989=ORIENTED_EDGE('',*,*,#1423,.T.);
#990=ORIENTED_EDGE('',*,*,#1467,.T.);
#991=ORIENTED_EDGE('',*,*,#1627,.T.);
#992=ORIENTED_EDGE('',*,*,#1450,.T.);
#993=ORIENTED_EDGE('',*,*,#1628,.T.);
#994=ORIENTED_EDGE('',*,*,#1629,.T.);
#995=ORIENTED_EDGE('',*,*,#1630,.T.);
#996=ORIENTED_EDGE('',*,*,#1448,.T.);
#997=ORIENTED_EDGE('',*,*,#1630,.F.);
#998=ORIENTED_EDGE('',*,*,#1631,.T.);
#999=ORIENTED_EDGE('',*,*,#1421,.F.);
#1000=ORIENTED_EDGE('',*,*,#1449,.T.);
#1001=ORIENTED_EDGE('',*,*,#1632,.F.);
#1002=ORIENTED_EDGE('',*,*,#1576,.T.);
#1003=ORIENTED_EDGE('',*,*,#1633,.T.);
#1004=ORIENTED_EDGE('',*,*,#1446,.T.);
#1005=ORIENTED_EDGE('',*,*,#1633,.F.);
#1006=ORIENTED_EDGE('',*,*,#1575,.T.);
#1007=ORIENTED_EDGE('',*,*,#1628,.F.);
#1008=ORIENTED_EDGE('',*,*,#1447,.T.);
#1009=ORIENTED_EDGE('',*,*,#1634,.T.);
#1010=ORIENTED_EDGE('',*,*,#1573,.T.);
#1011=ORIENTED_EDGE('',*,*,#1635,.F.);
#1012=ORIENTED_EDGE('',*,*,#1444,.T.);
#1013=ORIENTED_EDGE('',*,*,#1634,.F.);
#1014=ORIENTED_EDGE('',*,*,#1443,.T.);
#1015=ORIENTED_EDGE('',*,*,#1636,.T.);
#1016=ORIENTED_EDGE('',*,*,#1570,.T.);
#1017=ORIENTED_EDGE('',*,*,#1637,.F.);
#1018=ORIENTED_EDGE('',*,*,#1567,.T.);
#1019=ORIENTED_EDGE('',*,*,#1636,.F.);
#1020=ORIENTED_EDGE('',*,*,#1442,.T.);
#1021=ORIENTED_EDGE('',*,*,#1635,.T.);
#1022=ORIENTED_EDGE('',*,*,#1572,.T.);
#1023=ORIENTED_EDGE('',*,*,#1632,.T.);
#1024=ORIENTED_EDGE('',*,*,#1445,.T.);
#1025=ORIENTED_EDGE('',*,*,#1638,.F.);
#1026=ORIENTED_EDGE('',*,*,#1440,.T.);
#1027=ORIENTED_EDGE('',*,*,#1639,.F.);
#1028=ORIENTED_EDGE('',*,*,#1564,.T.);
#1029=ORIENTED_EDGE('',*,*,#1638,.T.);
#1030=ORIENTED_EDGE('',*,*,#1568,.T.);
#1031=ORIENTED_EDGE('',*,*,#1637,.T.);
#1032=ORIENTED_EDGE('',*,*,#1441,.T.);
#1033=ORIENTED_EDGE('',*,*,#1640,.F.);
#1034=ORIENTED_EDGE('',*,*,#1438,.T.);
#1035=ORIENTED_EDGE('',*,*,#1641,.F.);
#1036=ORIENTED_EDGE('',*,*,#1561,.T.);
#1037=ORIENTED_EDGE('',*,*,#1640,.T.);
#1038=ORIENTED_EDGE('',*,*,#1565,.F.);
#1039=ORIENTED_EDGE('',*,*,#1639,.T.);
#1040=ORIENTED_EDGE('',*,*,#1439,.T.);
#1041=ORIENTED_EDGE('',*,*,#1453,.T.);
#1042=ORIENTED_EDGE('',*,*,#1562,.T.);
#1043=ORIENTED_EDGE('',*,*,#1641,.T.);
#1044=ORIENTED_EDGE('',*,*,#1437,.T.);
#1045=ORIENTED_EDGE('',*,*,#1512,.F.);
#1046=ORIENTED_EDGE('',*,*,#1458,.T.);
#1047=ORIENTED_EDGE('',*,*,#1631,.F.);
#1048=ORIENTED_EDGE('',*,*,#1629,.F.);
#1049=ORIENTED_EDGE('',*,*,#1574,.T.);
#1050=ORIENTED_EDGE('',*,*,#1556,.F.);
#1051=ORIENTED_EDGE('',*,*,#1504,.F.);
#1052=ORIENTED_EDGE('',*,*,#1506,.F.);
#1053=ORIENTED_EDGE('',*,*,#1451,.F.);
#1054=ORIENTED_EDGE('',*,*,#1626,.F.);
#1055=ORIENTED_EDGE('',*,*,#1499,.F.);
#1056=ORIENTED_EDGE('',*,*,#1642,.T.);
#1057=ORIENTED_EDGE('',*,*,#1643,.T.);
#1058=ORIENTED_EDGE('',*,*,#1644,.T.);
#1059=ORIENTED_EDGE('',*,*,#1426,.T.);
#1060=ORIENTED_EDGE('',*,*,#1645,.T.);
#1061=ORIENTED_EDGE('',*,*,#1427,.T.);
#1062=ORIENTED_EDGE('',*,*,#1644,.F.);
#1063=ORIENTED_EDGE('',*,*,#1646,.T.);
#1064=ORIENTED_EDGE('',*,*,#1645,.F.);
#1065=ORIENTED_EDGE('',*,*,#1647,.T.);
#1066=ORIENTED_EDGE('',*,*,#1648,.T.);
#1067=ORIENTED_EDGE('',*,*,#1428,.T.);
#1068=ORIENTED_EDGE('',*,*,#1649,.T.);
#1069=ORIENTED_EDGE('',*,*,#1650,.T.);
#1070=ORIENTED_EDGE('',*,*,#1651,.T.);
#1071=ORIENTED_EDGE('',*,*,#1430,.T.);
#1072=ORIENTED_EDGE('',*,*,#1649,.F.);
#1073=ORIENTED_EDGE('',*,*,#1429,.T.);
#1074=ORIENTED_EDGE('',*,*,#1648,.F.);
#1075=ORIENTED_EDGE('',*,*,#1652,.T.);
#1076=ORIENTED_EDGE('',*,*,#1653,.T.);
#1077=ORIENTED_EDGE('',*,*,#1654,.T.);
#1078=ORIENTED_EDGE('',*,*,#1655,.T.);
#1079=ORIENTED_EDGE('',*,*,#1432,.T.);
#1080=ORIENTED_EDGE('',*,*,#1656,.T.);
#1081=ORIENTED_EDGE('',*,*,#1433,.T.);
#1082=ORIENTED_EDGE('',*,*,#1655,.F.);
#1083=ORIENTED_EDGE('',*,*,#1657,.T.);
#1084=ORIENTED_EDGE('',*,*,#1658,.T.);
#1085=ORIENTED_EDGE('',*,*,#1434,.T.);
#1086=ORIENTED_EDGE('',*,*,#1656,.F.);
#1087=ORIENTED_EDGE('',*,*,#1659,.T.);
#1088=ORIENTED_EDGE('',*,*,#1653,.F.);
#1089=ORIENTED_EDGE('',*,*,#1431,.T.);
#1090=ORIENTED_EDGE('',*,*,#1651,.F.);
#1091=ORIENTED_EDGE('',*,*,#1660,.T.);
#1092=ORIENTED_EDGE('',*,*,#1661,.T.);
#1093=ORIENTED_EDGE('',*,*,#1424,.T.);
#1094=ORIENTED_EDGE('',*,*,#1662,.T.);
#1095=ORIENTED_EDGE('',*,*,#1663,.T.);
#1096=ORIENTED_EDGE('',*,*,#1662,.F.);
#1097=ORIENTED_EDGE('',*,*,#1435,.T.);
#1098=ORIENTED_EDGE('',*,*,#1658,.F.);
#1099=ORIENTED_EDGE('',*,*,#1664,.T.);
#1100=ORIENTED_EDGE('',*,*,#1642,.F.);
#1101=ORIENTED_EDGE('',*,*,#1425,.T.);
#1102=ORIENTED_EDGE('',*,*,#1661,.F.);
#1103=ORIENTED_EDGE('',*,*,#1665,.T.);
#1104=ORIENTED_EDGE('',*,*,#1652,.F.);
#1105=ORIENTED_EDGE('',*,*,#1647,.F.);
#1106=ORIENTED_EDGE('',*,*,#1666,.T.);
#1107=ORIENTED_EDGE('',*,*,#1667,.F.);
#1108=ORIENTED_EDGE('',*,*,#1668,.T.);
#1109=ORIENTED_EDGE('',*,*,#1646,.F.);
#1110=ORIENTED_EDGE('',*,*,#1669,.F.);
#1111=ORIENTED_EDGE('',*,*,#1670,.F.);
#1112=ORIENTED_EDGE('',*,*,#1666,.F.);
#1113=ORIENTED_EDGE('',*,*,#1643,.F.);
#1114=ORIENTED_EDGE('',*,*,#1665,.F.);
#1115=ORIENTED_EDGE('',*,*,#1671,.T.);
#1116=ORIENTED_EDGE('',*,*,#1672,.F.);
#1117=ORIENTED_EDGE('',*,*,#1669,.T.);
#1118=ORIENTED_EDGE('',*,*,#1673,.T.);
#1119=ORIENTED_EDGE('',*,*,#1362,.T.);
#1120=ORIENTED_EDGE('',*,*,#1674,.T.);
#1121=ORIENTED_EDGE('',*,*,#1675,.T.);
#1122=ORIENTED_EDGE('',*,*,#1673,.F.);
#1123=ORIENTED_EDGE('',*,*,#1676,.T.);
#1124=ORIENTED_EDGE('',*,*,#1677,.T.);
#1125=ORIENTED_EDGE('',*,*,#1363,.T.);
#1126=ORIENTED_EDGE('',*,*,#1678,.T.);
#1127=ORIENTED_EDGE('',*,*,#1679,.T.);
#1128=ORIENTED_EDGE('',*,*,#1674,.F.);
#1129=ORIENTED_EDGE('',*,*,#1361,.T.);
#1130=ORIENTED_EDGE('',*,*,#1680,.T.);
#1131=ORIENTED_EDGE('',*,*,#1681,.T.);
#1132=ORIENTED_EDGE('',*,*,#1682,.T.);
#1133=ORIENTED_EDGE('',*,*,#1365,.T.);
#1134=ORIENTED_EDGE('',*,*,#1680,.F.);
#1135=ORIENTED_EDGE('',*,*,#1364,.T.);
#1136=ORIENTED_EDGE('',*,*,#1677,.F.);
#1137=ORIENTED_EDGE('',*,*,#1683,.T.);
#1138=ORIENTED_EDGE('',*,*,#1684,.T.);
#1139=ORIENTED_EDGE('',*,*,#1685,.T.);
#1140=ORIENTED_EDGE('',*,*,#1686,.T.);
#1141=ORIENTED_EDGE('',*,*,#1367,.T.);
#1142=ORIENTED_EDGE('',*,*,#1687,.T.);
#1143=ORIENTED_EDGE('',*,*,#1368,.T.);
#1144=ORIENTED_EDGE('',*,*,#1686,.F.);
#1145=ORIENTED_EDGE('',*,*,#1688,.T.);
#1146=ORIENTED_EDGE('',*,*,#1689,.T.);
#1147=ORIENTED_EDGE('',*,*,#1369,.T.);
#1148=ORIENTED_EDGE('',*,*,#1687,.F.);
#1149=ORIENTED_EDGE('',*,*,#1690,.T.);
#1150=ORIENTED_EDGE('',*,*,#1684,.F.);
#1151=ORIENTED_EDGE('',*,*,#1366,.T.);
#1152=ORIENTED_EDGE('',*,*,#1682,.F.);
#1153=ORIENTED_EDGE('',*,*,#1691,.T.);
#1154=ORIENTED_EDGE('',*,*,#1692,.T.);
#1155=ORIENTED_EDGE('',*,*,#1359,.T.);
#1156=ORIENTED_EDGE('',*,*,#1693,.T.);
#1157=ORIENTED_EDGE('',*,*,#1694,.T.);
#1158=ORIENTED_EDGE('',*,*,#1693,.F.);
#1159=ORIENTED_EDGE('',*,*,#1370,.T.);
#1160=ORIENTED_EDGE('',*,*,#1689,.F.);
#1161=ORIENTED_EDGE('',*,*,#1695,.T.);
#1162=ORIENTED_EDGE('',*,*,#1678,.F.);
#1163=ORIENTED_EDGE('',*,*,#1360,.T.);
#1164=ORIENTED_EDGE('',*,*,#1692,.F.);
#1165=ORIENTED_EDGE('',*,*,#1696,.T.);
#1166=ORIENTED_EDGE('',*,*,#1683,.F.);
#1167=ORIENTED_EDGE('',*,*,#1676,.F.);
#1168=ORIENTED_EDGE('',*,*,#1697,.T.);
#1169=ORIENTED_EDGE('',*,*,#1698,.F.);
#1170=ORIENTED_EDGE('',*,*,#1699,.T.);
#1171=ORIENTED_EDGE('',*,*,#1675,.F.);
#1172=ORIENTED_EDGE('',*,*,#1700,.F.);
#1173=ORIENTED_EDGE('',*,*,#1701,.F.);
#1174=ORIENTED_EDGE('',*,*,#1697,.F.);
#1175=ORIENTED_EDGE('',*,*,#1679,.F.);
#1176=ORIENTED_EDGE('',*,*,#1696,.F.);
#1177=ORIENTED_EDGE('',*,*,#1702,.T.);
#1178=ORIENTED_EDGE('',*,*,#1703,.F.);
#1179=ORIENTED_EDGE('',*,*,#1700,.T.);
#1180=ORIENTED_EDGE('',*,*,#1704,.T.);
#1181=ORIENTED_EDGE('',*,*,#1705,.T.);
#1182=ORIENTED_EDGE('',*,*,#1706,.T.);
#1183=ORIENTED_EDGE('',*,*,#1701,.T.);
#1184=ORIENTED_EDGE('',*,*,#1707,.T.);
#1185=ORIENTED_EDGE('',*,*,#1708,.T.);
#1186=ORIENTED_EDGE('',*,*,#1704,.F.);
#1187=ORIENTED_EDGE('',*,*,#1703,.T.);
#1188=ORIENTED_EDGE('',*,*,#1709,.T.);
#1189=ORIENTED_EDGE('',*,*,#1698,.T.);
#1190=ORIENTED_EDGE('',*,*,#1706,.F.);
#1191=ORIENTED_EDGE('',*,*,#1710,.T.);
#1192=ORIENTED_EDGE('',*,*,#1711,.T.);
#1193=ORIENTED_EDGE('',*,*,#1712,.T.);
#1194=ORIENTED_EDGE('',*,*,#1713,.T.);
#1195=ORIENTED_EDGE('',*,*,#1714,.T.);
#1196=ORIENTED_EDGE('',*,*,#1713,.F.);
#1197=ORIENTED_EDGE('',*,*,#1715,.T.);
#1198=ORIENTED_EDGE('',*,*,#1707,.F.);
#1199=ORIENTED_EDGE('',*,*,#1716,.T.);
#1200=ORIENTED_EDGE('',*,*,#1717,.T.);
#1201=ORIENTED_EDGE('',*,*,#1718,.T.);
#1202=ORIENTED_EDGE('',*,*,#1719,.T.);
#1203=ORIENTED_EDGE('',*,*,#1720,.T.);
#1204=ORIENTED_EDGE('',*,*,#1721,.T.);
#1205=ORIENTED_EDGE('',*,*,#1722,.T.);
#1206=ORIENTED_EDGE('',*,*,#1719,.F.);
#1207=ORIENTED_EDGE('',*,*,#1723,.T.);
#1208=ORIENTED_EDGE('',*,*,#1721,.F.);
#1209=ORIENTED_EDGE('',*,*,#1724,.T.);
#1210=ORIENTED_EDGE('',*,*,#1725,.T.);
#1211=ORIENTED_EDGE('',*,*,#1726,.T.);
#1212=ORIENTED_EDGE('',*,*,#1717,.F.);
#1213=ORIENTED_EDGE('',*,*,#1727,.T.);
#1214=ORIENTED_EDGE('',*,*,#1711,.F.);
#1215=ORIENTED_EDGE('',*,*,#1728,.T.);
#1216=ORIENTED_EDGE('',*,*,#1729,.T.);
#1217=ORIENTED_EDGE('',*,*,#1730,.T.);
#1218=ORIENTED_EDGE('',*,*,#1731,.T.);
#1219=ORIENTED_EDGE('',*,*,#1732,.T.);
#1220=ORIENTED_EDGE('',*,*,#1729,.F.);
#1221=ORIENTED_EDGE('',*,*,#1733,.T.);
#1222=ORIENTED_EDGE('',*,*,#1725,.F.);
#1223=ORIENTED_EDGE('',*,*,#1734,.T.);
#1224=ORIENTED_EDGE('',*,*,#1709,.F.);
#1225=ORIENTED_EDGE('',*,*,#1735,.T.);
#1226=ORIENTED_EDGE('',*,*,#1731,.F.);
#1227=ORIENTED_EDGE('',*,*,#1736,.T.);
#1228=ORIENTED_EDGE('',*,*,#1695,.F.);
#1229=ORIENTED_EDGE('',*,*,#1737,.F.);
#1230=ORIENTED_EDGE('',*,*,#1714,.F.);
#1231=ORIENTED_EDGE('',*,*,#1716,.F.);
#1232=ORIENTED_EDGE('',*,*,#1702,.F.);
#1233=ORIENTED_EDGE('',*,*,#1694,.F.);
#1234=ORIENTED_EDGE('',*,*,#1681,.F.);
#1235=ORIENTED_EDGE('',*,*,#1699,.F.);
#1236=ORIENTED_EDGE('',*,*,#1736,.F.);
#1237=ORIENTED_EDGE('',*,*,#1730,.F.);
#1238=ORIENTED_EDGE('',*,*,#1738,.F.);
#1239=ORIENTED_EDGE('',*,*,#1691,.F.);
#1240=ORIENTED_EDGE('',*,*,#1732,.F.);
#1241=ORIENTED_EDGE('',*,*,#1735,.F.);
#1242=ORIENTED_EDGE('',*,*,#1710,.F.);
#1243=ORIENTED_EDGE('',*,*,#1705,.F.);
#1244=ORIENTED_EDGE('',*,*,#1708,.F.);
#1245=ORIENTED_EDGE('',*,*,#1715,.F.);
#1246=ORIENTED_EDGE('',*,*,#1712,.F.);
#1247=ORIENTED_EDGE('',*,*,#1727,.F.);
#1248=ORIENTED_EDGE('',*,*,#1720,.F.);
#1249=ORIENTED_EDGE('',*,*,#1722,.F.);
#1250=ORIENTED_EDGE('',*,*,#1726,.F.);
#1251=ORIENTED_EDGE('',*,*,#1733,.F.);
#1252=ORIENTED_EDGE('',*,*,#1615,.F.);
#1253=ORIENTED_EDGE('',*,*,#1618,.F.);
#1254=ORIENTED_EDGE('',*,*,#1609,.F.);
#1255=ORIENTED_EDGE('',*,*,#1613,.T.);
#1256=ORIENTED_EDGE('',*,*,#1602,.F.);
#1257=ORIENTED_EDGE('',*,*,#1606,.F.);
#1258=ORIENTED_EDGE('',*,*,#1598,.F.);
#1259=ORIENTED_EDGE('',*,*,#1593,.F.);
#1260=ORIENTED_EDGE('',*,*,#1592,.F.);
#1261=ORIENTED_EDGE('',*,*,#1600,.F.);
#1262=ORIENTED_EDGE('',*,*,#1586,.F.);
#1263=ORIENTED_EDGE('',*,*,#1588,.F.);
#1264=ORIENTED_EDGE('',*,*,#1581,.F.);
#1265=ORIENTED_EDGE('',*,*,#1582,.F.);
#1266=ORIENTED_EDGE('',*,*,#1577,.F.);
#1267=ORIENTED_EDGE('',*,*,#1510,.T.);
#1268=ORIENTED_EDGE('',*,*,#1620,.F.);
#1269=ORIENTED_EDGE('',*,*,#1739,.T.);
#1270=ORIENTED_EDGE('',*,*,#1374,.T.);
#1271=ORIENTED_EDGE('',*,*,#1740,.T.);
#1272=ORIENTED_EDGE('',*,*,#1741,.T.);
#1273=ORIENTED_EDGE('',*,*,#1739,.F.);
#1274=ORIENTED_EDGE('',*,*,#1742,.T.);
#1275=ORIENTED_EDGE('',*,*,#1743,.T.);
#1276=ORIENTED_EDGE('',*,*,#1375,.T.);
#1277=ORIENTED_EDGE('',*,*,#1744,.T.);
#1278=ORIENTED_EDGE('',*,*,#1745,.T.);
#1279=ORIENTED_EDGE('',*,*,#1740,.F.);
#1280=ORIENTED_EDGE('',*,*,#1373,.T.);
#1281=ORIENTED_EDGE('',*,*,#1746,.T.);
#1282=ORIENTED_EDGE('',*,*,#1747,.T.);
#1283=ORIENTED_EDGE('',*,*,#1748,.T.);
#1284=ORIENTED_EDGE('',*,*,#1377,.T.);
#1285=ORIENTED_EDGE('',*,*,#1746,.F.);
#1286=ORIENTED_EDGE('',*,*,#1376,.T.);
#1287=ORIENTED_EDGE('',*,*,#1743,.F.);
#1288=ORIENTED_EDGE('',*,*,#1749,.T.);
#1289=ORIENTED_EDGE('',*,*,#1750,.T.);
#1290=ORIENTED_EDGE('',*,*,#1667,.T.);
#1291=ORIENTED_EDGE('',*,*,#1751,.T.);
#1292=ORIENTED_EDGE('',*,*,#1379,.T.);
#1293=ORIENTED_EDGE('',*,*,#1752,.T.);
#1294=ORIENTED_EDGE('',*,*,#1380,.T.);
#1295=ORIENTED_EDGE('',*,*,#1751,.F.);
#1296=ORIENTED_EDGE('',*,*,#1670,.T.);
#1297=ORIENTED_EDGE('',*,*,#1753,.T.);
#1298=ORIENTED_EDGE('',*,*,#1381,.T.);
#1299=ORIENTED_EDGE('',*,*,#1752,.F.);
#1300=ORIENTED_EDGE('',*,*,#1672,.T.);
#1301=ORIENTED_EDGE('',*,*,#1750,.F.);
#1302=ORIENTED_EDGE('',*,*,#1378,.T.);
#1303=ORIENTED_EDGE('',*,*,#1748,.F.);
#1304=ORIENTED_EDGE('',*,*,#1754,.T.);
#1305=ORIENTED_EDGE('',*,*,#1755,.T.);
#1306=ORIENTED_EDGE('',*,*,#1371,.T.);
#1307=ORIENTED_EDGE('',*,*,#1756,.T.);
#1308=ORIENTED_EDGE('',*,*,#1757,.T.);
#1309=ORIENTED_EDGE('',*,*,#1756,.F.);
#1310=ORIENTED_EDGE('',*,*,#1382,.T.);
#1311=ORIENTED_EDGE('',*,*,#1753,.F.);
#1312=ORIENTED_EDGE('',*,*,#1758,.T.);
#1313=ORIENTED_EDGE('',*,*,#1744,.F.);
#1314=ORIENTED_EDGE('',*,*,#1372,.T.);
#1315=ORIENTED_EDGE('',*,*,#1755,.F.);
#1316=ORIENTED_EDGE('',*,*,#1759,.T.);
#1317=ORIENTED_EDGE('',*,*,#1654,.F.);
#1318=ORIENTED_EDGE('',*,*,#1760,.T.);
#1319=ORIENTED_EDGE('',*,*,#1749,.F.);
#1320=ORIENTED_EDGE('',*,*,#1742,.F.);
#1321=ORIENTED_EDGE('',*,*,#1761,.T.);
#1322=ORIENTED_EDGE('',*,*,#1657,.F.);
#1323=ORIENTED_EDGE('',*,*,#1761,.F.);
#1324=ORIENTED_EDGE('',*,*,#1741,.F.);
#1325=ORIENTED_EDGE('',*,*,#1762,.F.);
#1326=ORIENTED_EDGE('',*,*,#1659,.F.);
#1327=ORIENTED_EDGE('',*,*,#1762,.T.);
#1328=ORIENTED_EDGE('',*,*,#1745,.F.);
#1329=ORIENTED_EDGE('',*,*,#1759,.F.);
#1330=ORIENTED_EDGE('',*,*,#1763,.T.);
#1331=ORIENTED_EDGE('',*,*,#1664,.F.);
#1332=ORIENTED_EDGE('',*,*,#1763,.F.);
#1333=ORIENTED_EDGE('',*,*,#1757,.F.);
#1334=ORIENTED_EDGE('',*,*,#1758,.F.);
#1335=ORIENTED_EDGE('',*,*,#1671,.F.);
#1336=ORIENTED_EDGE('',*,*,#1663,.F.);
#1337=ORIENTED_EDGE('',*,*,#1685,.F.);
#1338=ORIENTED_EDGE('',*,*,#1738,.T.);
#1339=ORIENTED_EDGE('',*,*,#1734,.F.);
#1340=ORIENTED_EDGE('',*,*,#1724,.F.);
#1341=ORIENTED_EDGE('',*,*,#1764,.T.);
#1342=ORIENTED_EDGE('',*,*,#1690,.F.);
#1343=ORIENTED_EDGE('',*,*,#1765,.T.);
#1344=ORIENTED_EDGE('',*,*,#1718,.F.);
#1345=ORIENTED_EDGE('',*,*,#1728,.F.);
#1346=ORIENTED_EDGE('',*,*,#1737,.T.);
#1347=ORIENTED_EDGE('',*,*,#1650,.F.);
#1348=ORIENTED_EDGE('',*,*,#1668,.F.);
#1349=ORIENTED_EDGE('',*,*,#1754,.F.);
#1350=ORIENTED_EDGE('',*,*,#1747,.F.);
#1351=ORIENTED_EDGE('',*,*,#1760,.F.);
#1352=ORIENTED_EDGE('',*,*,#1660,.F.);
#1353=ORIENTED_EDGE('',*,*,#1688,.F.);
#1354=ORIENTED_EDGE('',*,*,#1764,.F.);
#1355=ORIENTED_EDGE('',*,*,#1723,.F.);
#1356=ORIENTED_EDGE('',*,*,#1765,.F.);
#1357=EDGE_CURVE('',#1766,#1766,#2018,.T.);
#1358=EDGE_CURVE('',#1767,#1767,#2019,.T.);
#1359=EDGE_CURVE('',#1768,#1769,#479,.T.);
#1360=EDGE_CURVE('',#1770,#1768,#480,.T.);
#1361=EDGE_CURVE('',#1771,#1770,#2020,.T.);
#1362=EDGE_CURVE('',#1772,#1771,#111,.T.);
#1363=EDGE_CURVE('',#1773,#1772,#2021,.T.);
#1364=EDGE_CURVE('',#1774,#1773,#67,.T.);
#1365=EDGE_CURVE('',#1775,#1774,#2022,.T.);
#1366=EDGE_CURVE('',#1776,#1775,#2023,.T.);
#1367=EDGE_CURVE('',#1777,#1776,#2024,.T.);
#1368=EDGE_CURVE('',#1778,#1777,#112,.T.);
#1369=EDGE_CURVE('',#1779,#1778,#2025,.T.);
#1370=EDGE_CURVE('',#1769,#1779,#2026,.T.);
#1371=EDGE_CURVE('',#1780,#1781,#2027,.T.);
#1372=EDGE_CURVE('',#1782,#1780,#68,.T.);
#1373=EDGE_CURVE('',#1783,#1782,#2028,.T.);
#1374=EDGE_CURVE('',#1784,#1783,#113,.T.);
#1375=EDGE_CURVE('',#1785,#1784,#2029,.T.);
#1376=EDGE_CURVE('',#1786,#1785,#481,.T.);
#1377=EDGE_CURVE('',#1787,#1786,#482,.T.);
#1378=EDGE_CURVE('',#1788,#1787,#2030,.T.);
#1379=EDGE_CURVE('',#1789,#1788,#2031,.T.);
#1380=EDGE_CURVE('',#1790,#1789,#114,.T.);
#1381=EDGE_CURVE('',#1791,#1790,#2032,.T.);
#1382=EDGE_CURVE('',#1781,#1791,#2033,.T.);
#1383=EDGE_CURVE('',#1792,#1793,#2034,.T.);
#1384=EDGE_CURVE('',#1794,#1792,#483,.T.);
#1385=EDGE_CURVE('',#1795,#1794,#69,.T.);
#1386=EDGE_CURVE('',#1796,#1795,#2035,.T.);
#1387=EDGE_CURVE('',#1797,#1796,#70,.T.);
#1388=EDGE_CURVE('',#1798,#1797,#2036,.T.);
#1389=EDGE_CURVE('',#1799,#1798,#115,.T.);
#1390=EDGE_CURVE('',#1800,#1799,#2037,.T.);
#1391=EDGE_CURVE('',#1801,#1800,#116,.T.);
#1392=EDGE_CURVE('',#1802,#1801,#2038,.T.);
#1393=EDGE_CURVE('',#1803,#1802,#484,.T.);
#1394=EDGE_CURVE('',#1804,#1803,#2039,.T.);
#1395=EDGE_CURVE('',#1805,#1804,#71,.T.);
#1396=EDGE_CURVE('',#1806,#1805,#2040,.T.);
#1397=EDGE_CURVE('',#1807,#1806,#485,.T.);
#1398=EDGE_CURVE('',#1808,#1807,#2041,.T.);
#1399=EDGE_CURVE('',#1809,#1808,#486,.T.);
#1400=EDGE_CURVE('',#1810,#1809,#2042,.T.);
#1401=EDGE_CURVE('',#1811,#1810,#72,.T.);
#1402=EDGE_CURVE('',#1812,#1811,#2043,.T.);
#1403=EDGE_CURVE('',#1813,#1812,#117,.T.);
#1404=EDGE_CURVE('',#1814,#1813,#2044,.T.);
#1405=EDGE_CURVE('',#1815,#1814,#118,.T.);
#1406=EDGE_CURVE('',#1816,#1815,#2045,.T.);
#1407=EDGE_CURVE('',#1817,#1816,#119,.T.);
#1408=EDGE_CURVE('',#1818,#1817,#2046,.T.);
#1409=EDGE_CURVE('',#1819,#1818,#2047,.T.);
#1410=EDGE_CURVE('',#1820,#1819,#2048,.T.);
#1411=EDGE_CURVE('',#1821,#1820,#73,.T.);
#1412=EDGE_CURVE('',#1793,#1821,#487,.T.);
#1413=EDGE_CURVE('',#1822,#1822,#488,.T.);
#1414=EDGE_CURVE('',#1793,#1792,#2049,.T.);
#1415=EDGE_CURVE('',#1823,#1823,#2050,.T.);
#1416=EDGE_CURVE('',#1821,#1824,#120,.T.);
#1417=EDGE_CURVE('',#1824,#1825,#489,.T.);
#1418=EDGE_CURVE('',#1825,#1794,#121,.T.);
#1419=EDGE_CURVE('',#1826,#1826,#490,.T.);
#1420=EDGE_CURVE('',#1827,#1828,#2051,.T.);
#1421=EDGE_CURVE('',#1828,#1829,#122,.T.);
#1422=EDGE_CURVE('',#1829,#1830,#2052,.T.);
#1423=EDGE_CURVE('',#1827,#1830,#2053,.T.);
#1424=EDGE_CURVE('',#1831,#1832,#2054,.T.);
#1425=EDGE_CURVE('',#1833,#1831,#74,.T.);
#1426=EDGE_CURVE('',#1834,#1833,#2055,.T.);
#1427=EDGE_CURVE('',#1835,#1834,#123,.T.);
#1428=EDGE_CURVE('',#1836,#1835,#2056,.T.);
#1429=EDGE_CURVE('',#1837,#1836,#75,.T.);
#1430=EDGE_CURVE('',#1838,#1837,#491,.T.);
#1431=EDGE_CURVE('',#1839,#1838,#2057,.T.);
#1432=EDGE_CURVE('',#1840,#1839,#2058,.T.);
#1433=EDGE_CURVE('',#1841,#1840,#124,.T.);
#1434=EDGE_CURVE('',#1842,#1841,#2059,.T.);
#1435=EDGE_CURVE('',#1832,#1842,#2060,.T.);
#1436=EDGE_CURVE('',#1843,#1844,#492,.T.);
#1437=EDGE_CURVE('',#1845,#1843,#2061,.T.);
#1438=EDGE_CURVE('',#1846,#1845,#2062,.T.);
#1439=EDGE_CURVE('',#1847,#1846,#2063,.T.);
#1440=EDGE_CURVE('',#1848,#1847,#76,.T.);
#1441=EDGE_CURVE('',#1849,#1848,#2064,.T.);
#1442=EDGE_CURVE('',#1850,#1849,#2065,.T.);
#1443=EDGE_CURVE('',#1851,#1850,#125,.T.);
#1444=EDGE_CURVE('',#1852,#1851,#2066,.T.);
#1445=EDGE_CURVE('',#1853,#1852,#77,.T.);
#1446=EDGE_CURVE('',#1854,#1853,#2067,.T.);
#1447=EDGE_CURVE('',#1855,#1854,#78,.T.);
#1448=EDGE_CURVE('',#1856,#1855,#2068,.T.);
#1449=EDGE_CURVE('',#1828,#1856,#79,.T.);
#1450=EDGE_CURVE('',#1857,#1827,#80,.T.);
#1451=EDGE_CURVE('',#1857,#1844,#126,.T.);
#1452=EDGE_CURVE('',#1858,#1859,#493,.T.);
#1453=EDGE_CURVE('',#1843,#1859,#2069,.T.);
#1454=EDGE_CURVE('',#1844,#1858,#127,.T.);
#1455=EDGE_CURVE('',#1860,#1861,#2070,.T.);
#1456=EDGE_CURVE('',#1861,#1808,#128,.T.);
#1457=EDGE_CURVE('',#1807,#1860,#129,.T.);
#1458=EDGE_CURVE('',#1862,#1829,#130,.T.);
#1459=EDGE_CURVE('',#1861,#1862,#2071,.T.);
#1460=EDGE_CURVE('',#1863,#1860,#2072,.T.);
#1461=EDGE_CURVE('',#1864,#1863,#131,.T.);
#1462=EDGE_CURVE('',#1865,#1864,#2073,.T.);
#1463=EDGE_CURVE('',#1866,#1865,#132,.T.);
#1464=EDGE_CURVE('',#1867,#1866,#133,.T.);
#1465=EDGE_CURVE('',#1868,#1867,#134,.T.);
#1466=EDGE_CURVE('',#1869,#1868,#135,.T.);
#1467=EDGE_CURVE('',#1830,#1869,#136,.T.);
#1468=EDGE_CURVE('',#1870,#1824,#494,.T.);
#1469=EDGE_CURVE('',#1859,#1870,#137,.T.);
#1470=EDGE_CURVE('',#1871,#1858,#138,.T.);
#1471=EDGE_CURVE('',#1872,#1871,#139,.T.);
#1472=EDGE_CURVE('',#1873,#1872,#140,.T.);
#1473=EDGE_CURVE('',#1874,#1873,#495,.T.);
#1474=EDGE_CURVE('',#1875,#1874,#141,.T.);
#1475=EDGE_CURVE('',#1825,#1875,#496,.T.);
#1476=EDGE_CURVE('',#1876,#1877,#142,.T.);
#1477=EDGE_CURVE('',#1877,#1878,#143,.T.);
#1478=EDGE_CURVE('',#1878,#1872,#144,.T.);
#1479=EDGE_CURVE('',#1871,#1879,#145,.T.);
#1480=EDGE_CURVE('',#1876,#1879,#146,.T.);
#1481=EDGE_CURVE('',#1877,#1880,#147,.T.);
#1482=EDGE_CURVE('',#1880,#1881,#148,.T.);
#1483=EDGE_CURVE('',#1881,#1882,#149,.T.);
#1484=EDGE_CURVE('',#1882,#1878,#150,.T.);
#1485=EDGE_CURVE('',#1880,#1883,#151,.T.);
#1486=EDGE_CURVE('',#1883,#1884,#152,.T.);
#1487=EDGE_CURVE('',#1884,#1885,#153,.T.);
#1488=EDGE_CURVE('',#1885,#1881,#154,.T.);
#1489=EDGE_CURVE('',#1883,#1886,#155,.T.);
#1490=EDGE_CURVE('',#1886,#1887,#156,.T.);
#1491=EDGE_CURVE('',#1887,#1884,#157,.T.);
#1492=EDGE_CURVE('',#1886,#1888,#158,.T.);
#1493=EDGE_CURVE('',#1888,#1889,#159,.T.);
#1494=EDGE_CURVE('',#1889,#1868,#160,.T.);
#1495=EDGE_CURVE('',#1867,#1887,#161,.T.);
#1496=EDGE_CURVE('',#1890,#1889,#162,.T.);
#1497=EDGE_CURVE('',#1888,#1891,#163,.T.);
#1498=EDGE_CURVE('',#1891,#1890,#164,.T.);
#1499=EDGE_CURVE('',#1892,#1893,#165,.T.);
#1500=EDGE_CURVE('',#1893,#1890,#166,.T.);
#1501=EDGE_CURVE('',#1891,#1894,#167,.T.);
#1502=EDGE_CURVE('',#1894,#1892,#168,.T.);
#1503=EDGE_CURVE('',#1879,#1895,#169,.T.);
#1504=EDGE_CURVE('',#1895,#1892,#170,.T.);
#1505=EDGE_CURVE('',#1894,#1876,#171,.T.);
#1506=EDGE_CURVE('',#1844,#1895,#172,.T.);
#1507=EDGE_CURVE('',#1882,#1896,#173,.T.);
#1508=EDGE_CURVE('',#1896,#1873,#174,.T.);
#1509=EDGE_CURVE('',#1897,#1885,#175,.T.);
#1510=EDGE_CURVE('',#1896,#1897,#176,.T.);
#1511=EDGE_CURVE('',#1809,#1862,#177,.T.);
#1512=EDGE_CURVE('',#1862,#1898,#2074,.T.);
#1513=EDGE_CURVE('',#1898,#1810,#178,.T.);
#1514=EDGE_CURVE('',#1863,#1806,#179,.T.);
#1515=EDGE_CURVE('',#1805,#1899,#180,.T.);
#1516=EDGE_CURVE('',#1899,#1863,#2075,.T.);
#1517=EDGE_CURVE('',#1900,#1804,#181,.T.);
#1518=EDGE_CURVE('',#1901,#1803,#2076,.T.);
#1519=EDGE_CURVE('',#1901,#1900,#81,.T.);
#1520=EDGE_CURVE('',#1900,#1899,#497,.T.);
#1521=EDGE_CURVE('',#1802,#1902,#2077,.T.);
#1522=EDGE_CURVE('',#1801,#1903,#182,.T.);
#1523=EDGE_CURVE('',#1903,#1902,#2078,.T.);
#1524=EDGE_CURVE('',#1800,#1904,#183,.T.);
#1525=EDGE_CURVE('',#1904,#1903,#184,.T.);
#1526=EDGE_CURVE('',#1905,#1799,#2079,.T.);
#1527=EDGE_CURVE('',#1905,#1904,#2080,.T.);
#1528=EDGE_CURVE('',#1901,#1902,#82,.T.);
#1529=EDGE_CURVE('',#1797,#1906,#185,.T.);
#1530=EDGE_CURVE('',#1906,#1907,#83,.T.);
#1531=EDGE_CURVE('',#1798,#1907,#2081,.T.);
#1532=EDGE_CURVE('',#1907,#1905,#84,.T.);
#1533=EDGE_CURVE('',#1795,#1875,#186,.T.);
#1534=EDGE_CURVE('',#1875,#1908,#2082,.T.);
#1535=EDGE_CURVE('',#1908,#1796,#187,.T.);
#1536=EDGE_CURVE('',#1908,#1906,#85,.T.);
#1537=EDGE_CURVE('',#1870,#1820,#188,.T.);
#1538=EDGE_CURVE('',#1909,#1819,#2083,.T.);
#1539=EDGE_CURVE('',#1909,#1870,#2084,.T.);
#1540=EDGE_CURVE('',#1818,#1910,#2085,.T.);
#1541=EDGE_CURVE('',#1911,#1817,#2086,.T.);
#1542=EDGE_CURVE('',#1911,#1910,#86,.T.);
#1543=EDGE_CURVE('',#1910,#1909,#2087,.T.);
#1544=EDGE_CURVE('',#1816,#1912,#2088,.T.);
#1545=EDGE_CURVE('',#1815,#1913,#189,.T.);
#1546=EDGE_CURVE('',#1913,#1912,#2089,.T.);
#1547=EDGE_CURVE('',#1814,#1914,#190,.T.);
#1548=EDGE_CURVE('',#1914,#1913,#191,.T.);
#1549=EDGE_CURVE('',#1915,#1813,#2090,.T.);
#1550=EDGE_CURVE('',#1915,#1914,#2091,.T.);
#1551=EDGE_CURVE('',#1911,#1912,#87,.T.);
#1552=EDGE_CURVE('',#1811,#1916,#192,.T.);
#1553=EDGE_CURVE('',#1916,#1917,#88,.T.);
#1554=EDGE_CURVE('',#1812,#1917,#2092,.T.);
#1555=EDGE_CURVE('',#1917,#1915,#89,.T.);
#1556=EDGE_CURVE('',#1898,#1916,#498,.T.);
#1557=EDGE_CURVE('',#1918,#1874,#90,.T.);
#1558=EDGE_CURVE('',#1919,#1918,#2093,.T.);
#1559=EDGE_CURVE('',#1919,#1906,#193,.T.);
#1560=EDGE_CURVE('',#1910,#1920,#194,.T.);
#1561=EDGE_CURVE('',#1921,#1920,#2094,.T.);
#1562=EDGE_CURVE('',#1859,#1921,#2095,.T.);
#1563=EDGE_CURVE('',#1922,#1912,#195,.T.);
#1564=EDGE_CURVE('',#1923,#1922,#91,.T.);
#1565=EDGE_CURVE('',#1923,#1920,#92,.T.);
#1566=EDGE_CURVE('',#1913,#1924,#196,.T.);
#1567=EDGE_CURVE('',#1925,#1924,#2096,.T.);
#1568=EDGE_CURVE('',#1922,#1925,#2097,.T.);
#1569=EDGE_CURVE('',#1926,#1914,#197,.T.);
#1570=EDGE_CURVE('',#1924,#1926,#198,.T.);
#1571=EDGE_CURVE('',#1915,#1927,#199,.T.);
#1572=EDGE_CURVE('',#1928,#1927,#93,.T.);
#1573=EDGE_CURVE('',#1926,#1928,#2098,.T.);
#1574=EDGE_CURVE('',#1929,#1916,#200,.T.);
#1575=EDGE_CURVE('',#1930,#1929,#499,.T.);
#1576=EDGE_CURVE('',#1927,#1930,#94,.T.);
#1577=EDGE_CURVE('',#1896,#1931,#500,.T.);
#1578=EDGE_CURVE('',#1931,#1874,#201,.T.);
#1579=EDGE_CURVE('',#1919,#1932,#2099,.T.);
#1580=EDGE_CURVE('',#1918,#1933,#202,.T.);
#1581=EDGE_CURVE('',#1933,#1932,#2100,.T.);
#1582=EDGE_CURVE('',#1931,#1933,#95,.T.);
#1583=EDGE_CURVE('',#1934,#1935,#2101,.T.);
#1584=EDGE_CURVE('',#1934,#1936,#96,.T.);
#1585=EDGE_CURVE('',#1937,#1936,#2102,.T.);
#1586=EDGE_CURVE('',#1937,#1935,#97,.T.);
#1587=EDGE_CURVE('',#1936,#1919,#203,.T.);
#1588=EDGE_CURVE('',#1932,#1937,#98,.T.);
#1589=EDGE_CURVE('',#1938,#1939,#204,.T.);
#1590=EDGE_CURVE('',#1939,#1940,#2103,.T.);
#1591=EDGE_CURVE('',#1941,#1940,#2104,.T.);
#1592=EDGE_CURVE('',#1941,#1938,#2105,.T.);
#1593=EDGE_CURVE('',#1938,#1942,#205,.T.);
#1594=EDGE_CURVE('',#1942,#1943,#206,.T.);
#1595=EDGE_CURVE('',#1943,#1939,#207,.T.);
#1596=EDGE_CURVE('',#1944,#1945,#2106,.T.);
#1597=EDGE_CURVE('',#1944,#1943,#2107,.T.);
#1598=EDGE_CURVE('',#1942,#1945,#2108,.T.);
#1599=EDGE_CURVE('',#1940,#1934,#99,.T.);
#1600=EDGE_CURVE('',#1935,#1941,#100,.T.);
#1601=EDGE_CURVE('',#1946,#1947,#2109,.T.);
#1602=EDGE_CURVE('',#1946,#1948,#2110,.T.);
#1603=EDGE_CURVE('',#1949,#1948,#2111,.T.);
#1604=EDGE_CURVE('',#1949,#1947,#101,.T.);
#1605=EDGE_CURVE('',#1947,#1944,#2112,.T.);
#1606=EDGE_CURVE('',#1945,#1946,#2113,.T.);
#1607=EDGE_CURVE('',#1950,#1951,#2114,.T.);
#1608=EDGE_CURVE('',#1952,#1950,#2115,.T.);
#1609=EDGE_CURVE('',#1952,#1953,#2116,.T.);
#1610=EDGE_CURVE('',#1953,#1954,#208,.T.);
#1611=EDGE_CURVE('',#1954,#1951,#2117,.T.);
#1612=EDGE_CURVE('',#1949,#1951,#102,.T.);
#1613=EDGE_CURVE('',#1952,#1948,#2118,.T.);
#1614=EDGE_CURVE('',#1864,#1955,#209,.T.);
#1615=EDGE_CURVE('',#1955,#1956,#2119,.T.);
#1616=EDGE_CURVE('',#1865,#1956,#2120,.T.);
#1617=EDGE_CURVE('',#1864,#1954,#501,.T.);
#1618=EDGE_CURVE('',#1953,#1955,#103,.T.);
#1619=EDGE_CURVE('',#1897,#1866,#2121,.F.);
#1620=EDGE_CURVE('',#1956,#1897,#104,.T.);
#1621=EDGE_CURVE('',#1905,#1934,#210,.T.);
#1622=EDGE_CURVE('',#1939,#1904,#211,.T.);
#1623=EDGE_CURVE('',#1903,#1943,#212,.T.);
#1624=EDGE_CURVE('',#1947,#1902,#213,.T.);
#1625=EDGE_CURVE('',#1900,#1951,#214,.T.);
#1626=EDGE_CURVE('',#1893,#1857,#215,.T.);
#1627=EDGE_CURVE('',#1869,#1857,#2122,.F.);
#1628=EDGE_CURVE('',#1855,#1929,#216,.T.);
#1629=EDGE_CURVE('',#1929,#1957,#2123,.T.);
#1630=EDGE_CURVE('',#1957,#1856,#217,.T.);
#1631=EDGE_CURVE('',#1957,#1829,#502,.T.);
#1632=EDGE_CURVE('',#1927,#1853,#2124,.T.);
#1633=EDGE_CURVE('',#1930,#1854,#218,.T.);
#1634=EDGE_CURVE('',#1851,#1926,#219,.T.);
#1635=EDGE_CURVE('',#1852,#1928,#2125,.T.);
#1636=EDGE_CURVE('',#1850,#1924,#220,.T.);
#1637=EDGE_CURVE('',#1925,#1849,#2126,.T.);
#1638=EDGE_CURVE('',#1848,#1922,#2127,.T.);
#1639=EDGE_CURVE('',#1923,#1847,#2128,.T.);
#1640=EDGE_CURVE('',#1846,#1920,#2129,.T.);
#1641=EDGE_CURVE('',#1921,#1845,#2130,.T.);
#1642=EDGE_CURVE('',#1833,#1958,#221,.T.);
#1643=EDGE_CURVE('',#1958,#1959,#2131,.T.);
#1644=EDGE_CURVE('',#1959,#1834,#222,.T.);
#1645=EDGE_CURVE('',#1960,#1835,#223,.T.);
#1646=EDGE_CURVE('',#1959,#1960,#224,.T.);
#1647=EDGE_CURVE('',#1960,#1961,#2132,.T.);
#1648=EDGE_CURVE('',#1961,#1836,#225,.T.);
#1649=EDGE_CURVE('',#1837,#1962,#226,.T.);
#1650=EDGE_CURVE('',#1962,#1963,#503,.T.);
#1651=EDGE_CURVE('',#1963,#1838,#227,.T.);
#1652=EDGE_CURVE('',#1961,#1962,#2133,.T.);
#1653=EDGE_CURVE('',#1839,#1964,#228,.T.);
#1654=EDGE_CURVE('',#1964,#1965,#2134,.T.);
#1655=EDGE_CURVE('',#1965,#1840,#229,.T.);
#1656=EDGE_CURVE('',#1966,#1841,#230,.T.);
#1657=EDGE_CURVE('',#1965,#1966,#231,.T.);
#1658=EDGE_CURVE('',#1967,#1842,#232,.T.);
#1659=EDGE_CURVE('',#1966,#1967,#2135,.T.);
#1660=EDGE_CURVE('',#1963,#1964,#2136,.T.);
#1661=EDGE_CURVE('',#1968,#1831,#233,.T.);
#1662=EDGE_CURVE('',#1832,#1969,#234,.T.);
#1663=EDGE_CURVE('',#1969,#1968,#105,.T.);
#1664=EDGE_CURVE('',#1967,#1969,#2137,.T.);
#1665=EDGE_CURVE('',#1968,#1958,#2138,.T.);
#1666=EDGE_CURVE('',#1960,#1970,#235,.T.);
#1667=EDGE_CURVE('',#1971,#1970,#2139,.T.);
#1668=EDGE_CURVE('',#1971,#1962,#236,.T.);
#1669=EDGE_CURVE('',#1972,#1959,#237,.T.);
#1670=EDGE_CURVE('',#1970,#1972,#238,.T.);
#1671=EDGE_CURVE('',#1968,#1973,#239,.T.);
#1672=EDGE_CURVE('',#1972,#1973,#2140,.T.);
#1673=EDGE_CURVE('',#1974,#1772,#240,.T.);
#1674=EDGE_CURVE('',#1771,#1975,#241,.T.);
#1675=EDGE_CURVE('',#1975,#1974,#242,.T.);
#1676=EDGE_CURVE('',#1974,#1976,#2141,.T.);
#1677=EDGE_CURVE('',#1976,#1773,#243,.T.);
#1678=EDGE_CURVE('',#1770,#1977,#244,.T.);
#1679=EDGE_CURVE('',#1977,#1975,#2142,.T.);
#1680=EDGE_CURVE('',#1774,#1978,#245,.T.);
#1681=EDGE_CURVE('',#1978,#1979,#106,.T.);
#1682=EDGE_CURVE('',#1979,#1775,#246,.T.);
#1683=EDGE_CURVE('',#1976,#1978,#2143,.T.);
#1684=EDGE_CURVE('',#1776,#1980,#247,.T.);
#1685=EDGE_CURVE('',#1980,#1981,#2144,.T.);
#1686=EDGE_CURVE('',#1981,#1777,#248,.T.);
#1687=EDGE_CURVE('',#1982,#1778,#249,.T.);
#1688=EDGE_CURVE('',#1981,#1982,#250,.T.);
#1689=EDGE_CURVE('',#1983,#1779,#251,.T.);
#1690=EDGE_CURVE('',#1982,#1983,#2145,.T.);
#1691=EDGE_CURVE('',#1979,#1980,#2146,.T.);
#1692=EDGE_CURVE('',#1984,#1768,#252,.T.);
#1693=EDGE_CURVE('',#1769,#1985,#253,.T.);
#1694=EDGE_CURVE('',#1985,#1984,#504,.T.);
#1695=EDGE_CURVE('',#1983,#1985,#2147,.T.);
#1696=EDGE_CURVE('',#1984,#1977,#2148,.T.);
#1697=EDGE_CURVE('',#1974,#1986,#254,.T.);
#1698=EDGE_CURVE('',#1987,#1986,#2149,.T.);
#1699=EDGE_CURVE('',#1987,#1978,#255,.T.);
#1700=EDGE_CURVE('',#1988,#1975,#256,.T.);
#1701=EDGE_CURVE('',#1986,#1988,#257,.T.);
#1702=EDGE_CURVE('',#1984,#1989,#258,.T.);
#1703=EDGE_CURVE('',#1988,#1989,#2150,.T.);
#1704=EDGE_CURVE('',#1988,#1990,#259,.T.);
#1705=EDGE_CURVE('',#1990,#1991,#260,.T.);
#1706=EDGE_CURVE('',#1991,#1986,#261,.T.);
#1707=EDGE_CURVE('',#1989,#1992,#262,.T.);
#1708=EDGE_CURVE('',#1992,#1990,#2151,.T.);
#1709=EDGE_CURVE('',#1993,#1987,#263,.T.);
#1710=EDGE_CURVE('',#1991,#1993,#2152,.T.);
#1711=EDGE_CURVE('',#1994,#1995,#264,.T.);
#1712=EDGE_CURVE('',#1995,#1996,#505,.T.);
#1713=EDGE_CURVE('',#1996,#1997,#265,.T.);
#1714=EDGE_CURVE('',#1997,#1994,#506,.T.);
#1715=EDGE_CURVE('',#1996,#1992,#2153,.T.);
#1716=EDGE_CURVE('',#1989,#1997,#2154,.T.);
#1717=EDGE_CURVE('',#1998,#1999,#266,.T.);
#1718=EDGE_CURVE('',#1999,#2000,#2155,.T.);
#1719=EDGE_CURVE('',#2000,#2001,#267,.T.);
#1720=EDGE_CURVE('',#2001,#1998,#2156,.T.);
#1721=EDGE_CURVE('',#2002,#2003,#268,.T.);
#1722=EDGE_CURVE('',#2003,#2001,#269,.T.);
#1723=EDGE_CURVE('',#2000,#2002,#270,.T.);
#1724=EDGE_CURVE('',#2002,#2004,#2157,.T.);
#1725=EDGE_CURVE('',#2004,#2005,#271,.T.);
#1726=EDGE_CURVE('',#2005,#2003,#2158,.T.);
#1727=EDGE_CURVE('',#1998,#1995,#107,.T.);
#1728=EDGE_CURVE('',#1994,#1999,#2159,.T.);
#1729=EDGE_CURVE('',#2006,#2007,#272,.T.);
#1730=EDGE_CURVE('',#2007,#2008,#108,.T.);
#1731=EDGE_CURVE('',#2008,#2009,#273,.T.);
#1732=EDGE_CURVE('',#2009,#2006,#2160,.T.);
#1733=EDGE_CURVE('',#2006,#2005,#109,.T.);
#1734=EDGE_CURVE('',#2004,#2007,#2161,.T.);
#1735=EDGE_CURVE('',#1993,#2009,#2162,.T.);
#1736=EDGE_CURVE('',#2008,#1987,#2163,.T.);
#1737=EDGE_CURVE('',#1994,#1983,#274,.T.);
#1738=EDGE_CURVE('',#1980,#2007,#275,.T.);
#1739=EDGE_CURVE('',#2010,#1784,#276,.T.);
#1740=EDGE_CURVE('',#1783,#2011,#277,.T.);
#1741=EDGE_CURVE('',#2011,#2010,#278,.T.);
#1742=EDGE_CURVE('',#2010,#2012,#2164,.T.);
#1743=EDGE_CURVE('',#2012,#1785,#279,.T.);
#1744=EDGE_CURVE('',#1782,#2013,#280,.T.);
#1745=EDGE_CURVE('',#2013,#2011,#2165,.T.);
#1746=EDGE_CURVE('',#1786,#2014,#281,.T.);
#1747=EDGE_CURVE('',#2014,#2015,#507,.T.);
#1748=EDGE_CURVE('',#2015,#1787,#282,.T.);
#1749=EDGE_CURVE('',#2012,#2014,#2166,.T.);
#1750=EDGE_CURVE('',#1788,#1971,#283,.T.);
#1751=EDGE_CURVE('',#1970,#1789,#284,.T.);
#1752=EDGE_CURVE('',#1972,#1790,#285,.T.);
#1753=EDGE_CURVE('',#1973,#1791,#286,.T.);
#1754=EDGE_CURVE('',#2015,#1971,#2167,.T.);
#1755=EDGE_CURVE('',#2016,#1780,#287,.T.);
#1756=EDGE_CURVE('',#1781,#2017,#288,.T.);
#1757=EDGE_CURVE('',#2017,#2016,#110,.T.);
#1758=EDGE_CURVE('',#1973,#2017,#2168,.T.);
#1759=EDGE_CURVE('',#2016,#2013,#2169,.T.);
#1760=EDGE_CURVE('',#1964,#2014,#289,.T.);
#1761=EDGE_CURVE('',#2010,#1965,#290,.T.);
#1762=EDGE_CURVE('',#1966,#2011,#291,.T.);
#1763=EDGE_CURVE('',#2016,#1967,#292,.T.);
#1764=EDGE_CURVE('',#2002,#1981,#293,.T.);
#1765=EDGE_CURVE('',#1982,#2000,#294,.T.);
#1766=VERTEX_POINT('',#3591);
#1767=VERTEX_POINT('',#3603);
#1768=VERTEX_POINT('',#3606);
#1769=VERTEX_POINT('',#3607);
#1770=VERTEX_POINT('',#3609);
#1771=VERTEX_POINT('',#3616);
#1772=VERTEX_POINT('',#3618);
#1773=VERTEX_POINT('',#3624);
#1774=VERTEX_POINT('',#3626);
#1775=VERTEX_POINT('',#3631);
#1776=VERTEX_POINT('',#3642);
#1777=VERTEX_POINT('',#3648);
#1778=VERTEX_POINT('',#3650);
#1779=VERTEX_POINT('',#3656);
#1780=VERTEX_POINT('',#3674);
#1781=VERTEX_POINT('',#3675);
#1782=VERTEX_POINT('',#3677);
#1783=VERTEX_POINT('',#3683);
#1784=VERTEX_POINT('',#3685);
#1785=VERTEX_POINT('',#3692);
#1786=VERTEX_POINT('',#3694);
#1787=VERTEX_POINT('',#3696);
#1788=VERTEX_POINT('',#3710);
#1789=VERTEX_POINT('',#3716);
#1790=VERTEX_POINT('',#3718);
#1791=VERTEX_POINT('',#3724);
#1792=VERTEX_POINT('',#3746);
#1793=VERTEX_POINT('',#3747);
#1794=VERTEX_POINT('',#3749);
#1795=VERTEX_POINT('',#3751);
#1796=VERTEX_POINT('',#3758);
#1797=VERTEX_POINT('',#3760);
#1798=VERTEX_POINT('',#3770);
#1799=VERTEX_POINT('',#3772);
#1800=VERTEX_POINT('',#3786);
#1801=VERTEX_POINT('',#3788);
#1802=VERTEX_POINT('',#3820);
#1803=VERTEX_POINT('',#3822);
#1804=VERTEX_POINT('',#3829);
#1805=VERTEX_POINT('',#3831);
#1806=VERTEX_POINT('',#3836);
#1807=VERTEX_POINT('',#3838);
#1808=VERTEX_POINT('',#3850);
#1809=VERTEX_POINT('',#3852);
#1810=VERTEX_POINT('',#3857);
#1811=VERTEX_POINT('',#3859);
#1812=VERTEX_POINT('',#3866);
#1813=VERTEX_POINT('',#3868);
#1814=VERTEX_POINT('',#3899);
#1815=VERTEX_POINT('',#3901);
#1816=VERTEX_POINT('',#3918);
#1817=VERTEX_POINT('',#3920);
#1818=VERTEX_POINT('',#3930);
#1819=VERTEX_POINT('',#3935);
#1820=VERTEX_POINT('',#3945);
#1821=VERTEX_POINT('',#3947);
#1822=VERTEX_POINT('',#3951);
#1823=VERTEX_POINT('',#4114);
#1824=VERTEX_POINT('',#4117);
#1825=VERTEX_POINT('',#4119);
#1826=VERTEX_POINT('',#4123);
#1827=VERTEX_POINT('',#4198);
#1828=VERTEX_POINT('',#4199);
#1829=VERTEX_POINT('',#4201);
#1830=VERTEX_POINT('',#4206);
#1831=VERTEX_POINT('',#4218);
#1832=VERTEX_POINT('',#4219);
#1833=VERTEX_POINT('',#4221);
#1834=VERTEX_POINT('',#4227);
#1835=VERTEX_POINT('',#4229);
#1836=VERTEX_POINT('',#4235);
#1837=VERTEX_POINT('',#4237);
#1838=VERTEX_POINT('',#4239);
#1839=VERTEX_POINT('',#4253);
#1840=VERTEX_POINT('',#4259);
#1841=VERTEX_POINT('',#4261);
#1842=VERTEX_POINT('',#4266);
#1843=VERTEX_POINT('',#4274);
#1844=VERTEX_POINT('',#4275);
#1845=VERTEX_POINT('',#4280);
#1846=VERTEX_POINT('',#4312);
#1847=VERTEX_POINT('',#4317);
#1848=VERTEX_POINT('',#4319);
#1849=VERTEX_POINT('',#4324);
#1850=VERTEX_POINT('',#4335);
#1851=VERTEX_POINT('',#4337);
#1852=VERTEX_POINT('',#4353);
#1853=VERTEX_POINT('',#4355);
#1854=VERTEX_POINT('',#4362);
#1855=VERTEX_POINT('',#4364);
#1856=VERTEX_POINT('',#4375);
#1857=VERTEX_POINT('',#4378);
#1858=VERTEX_POINT('',#4382);
#1859=VERTEX_POINT('',#4383);
#1860=VERTEX_POINT('',#4424);
#1861=VERTEX_POINT('',#4425);
#1862=VERTEX_POINT('',#4430);
#1863=VERTEX_POINT('',#4439);
#1864=VERTEX_POINT('',#4441);
#1865=VERTEX_POINT('',#4446);
#1866=VERTEX_POINT('',#4448);
#1867=VERTEX_POINT('',#4450);
#1868=VERTEX_POINT('',#4452);
#1869=VERTEX_POINT('',#4454);
#1870=VERTEX_POINT('',#4458);
#1871=VERTEX_POINT('',#4461);
#1872=VERTEX_POINT('',#4463);
#1873=VERTEX_POINT('',#4465);
#1874=VERTEX_POINT('',#4467);
#1875=VERTEX_POINT('',#4469);
#1876=VERTEX_POINT('',#4473);
#1877=VERTEX_POINT('',#4474);
#1878=VERTEX_POINT('',#4476);
#1879=VERTEX_POINT('',#4479);
#1880=VERTEX_POINT('',#4483);
#1881=VERTEX_POINT('',#4485);
#1882=VERTEX_POINT('',#4487);
#1883=VERTEX_POINT('',#4491);
#1884=VERTEX_POINT('',#4493);
#1885=VERTEX_POINT('',#4495);
#1886=VERTEX_POINT('',#4499);
#1887=VERTEX_POINT('',#4501);
#1888=VERTEX_POINT('',#4505);
#1889=VERTEX_POINT('',#4507);
#1890=VERTEX_POINT('',#4512);
#1891=VERTEX_POINT('',#4514);
#1892=VERTEX_POINT('',#4518);
#1893=VERTEX_POINT('',#4519);
#1894=VERTEX_POINT('',#4522);
#1895=VERTEX_POINT('',#4526);
#1896=VERTEX_POINT('',#4533);
#1897=VERTEX_POINT('',#4537);
#1898=VERTEX_POINT('',#4615);
#1899=VERTEX_POINT('',#4705);
#1900=VERTEX_POINT('',#4755);
#1901=VERTEX_POINT('',#4760);
#1902=VERTEX_POINT('',#4860);
#1903=VERTEX_POINT('',#4862);
#1904=VERTEX_POINT('',#4869);
#1905=VERTEX_POINT('',#4917);
#1906=VERTEX_POINT('',#4953);
#1907=VERTEX_POINT('',#4955);
#1908=VERTEX_POINT('',#5027);
#1909=VERTEX_POINT('',#5157);
#1910=VERTEX_POINT('',#5222);
#1911=VERTEX_POINT('',#5227);
#1912=VERTEX_POINT('',#5298);
#1913=VERTEX_POINT('',#5300);
#1914=VERTEX_POINT('',#5307);
#1915=VERTEX_POINT('',#5369);
#1916=VERTEX_POINT('',#5405);
#1917=VERTEX_POINT('',#5407);
#1918=VERTEX_POINT('',#5433);
#1919=VERTEX_POINT('',#5447);
#1920=VERTEX_POINT('',#5451);
#1921=VERTEX_POINT('',#5468);
#1922=VERTEX_POINT('',#5475);
#1923=VERTEX_POINT('',#5477);
#1924=VERTEX_POINT('',#5481);
#1925=VERTEX_POINT('',#5486);
#1926=VERTEX_POINT('',#5493);
#1927=VERTEX_POINT('',#5497);
#1928=VERTEX_POINT('',#5499);
#1929=VERTEX_POINT('',#5506);
#1930=VERTEX_POINT('',#5508);
#1931=VERTEX_POINT('',#5512);
#1932=VERTEX_POINT('',#5560);
#1933=VERTEX_POINT('',#5562);
#1934=VERTEX_POINT('',#5637);
#1935=VERTEX_POINT('',#5638);
#1936=VERTEX_POINT('',#5640);
#1937=VERTEX_POINT('',#5645);
#1938=VERTEX_POINT('',#5741);
#1939=VERTEX_POINT('',#5742);
#1940=VERTEX_POINT('',#5747);
#1941=VERTEX_POINT('',#5752);
#1942=VERTEX_POINT('',#5771);
#1943=VERTEX_POINT('',#5773);
#1944=VERTEX_POINT('',#5859);
#1945=VERTEX_POINT('',#5860);
#1946=VERTEX_POINT('',#5912);
#1947=VERTEX_POINT('',#5913);
#1948=VERTEX_POINT('',#5923);
#1949=VERTEX_POINT('',#5928);
#1950=VERTEX_POINT('',#6020);
#1951=VERTEX_POINT('',#6021);
#1952=VERTEX_POINT('',#6026);
#1953=VERTEX_POINT('',#6031);
#1954=VERTEX_POINT('',#6033);
#1955=VERTEX_POINT('',#6115);
#1956=VERTEX_POINT('',#6120);
#1957=VERTEX_POINT('',#6253);
#1958=VERTEX_POINT('',#6783);
#1959=VERTEX_POINT('',#6789);
#1960=VERTEX_POINT('',#6793);
#1961=VERTEX_POINT('',#6899);
#1962=VERTEX_POINT('',#6903);
#1963=VERTEX_POINT('',#6905);
#1964=VERTEX_POINT('',#6968);
#1965=VERTEX_POINT('',#6974);
#1966=VERTEX_POINT('',#6978);
#1967=VERTEX_POINT('',#7005);
#1968=VERTEX_POINT('',#7083);
#1969=VERTEX_POINT('',#7085);
#1970=VERTEX_POINT('',#7141);
#1971=VERTEX_POINT('',#7147);
#1972=VERTEX_POINT('',#7151);
#1973=VERTEX_POINT('',#7155);
#1974=VERTEX_POINT('',#7163);
#1975=VERTEX_POINT('',#7165);
#1976=VERTEX_POINT('',#7217);
#1977=VERTEX_POINT('',#7284);
#1978=VERTEX_POINT('',#7322);
#1979=VERTEX_POINT('',#7324);
#1980=VERTEX_POINT('',#7397);
#1981=VERTEX_POINT('',#7403);
#1982=VERTEX_POINT('',#7407);
#1983=VERTEX_POINT('',#7480);
#1984=VERTEX_POINT('',#7518);
#1985=VERTEX_POINT('',#7520);
#1986=VERTEX_POINT('',#7566);
#1987=VERTEX_POINT('',#7571);
#1988=VERTEX_POINT('',#7575);
#1989=VERTEX_POINT('',#7579);
#1990=VERTEX_POINT('',#7587);
#1991=VERTEX_POINT('',#7589);
#1992=VERTEX_POINT('',#7632);
#1993=VERTEX_POINT('',#7681);
#1994=VERTEX_POINT('',#7688);
#1995=VERTEX_POINT('',#7689);
#1996=VERTEX_POINT('',#7691);
#1997=VERTEX_POINT('',#7693);
#1998=VERTEX_POINT('',#7841);
#1999=VERTEX_POINT('',#7842);
#2000=VERTEX_POINT('',#7847);
#2001=VERTEX_POINT('',#7849);
#2002=VERTEX_POINT('',#7857);
#2003=VERTEX_POINT('',#7858);
#2004=VERTEX_POINT('',#8006);
#2005=VERTEX_POINT('',#8008);
#2006=VERTEX_POINT('',#8076);
#2007=VERTEX_POINT('',#8077);
#2008=VERTEX_POINT('',#8079);
#2009=VERTEX_POINT('',#8081);
#2010=VERTEX_POINT('',#8154);
#2011=VERTEX_POINT('',#8156);
#2012=VERTEX_POINT('',#8230);
#2013=VERTEX_POINT('',#8303);
#2014=VERTEX_POINT('',#8312);
#2015=VERTEX_POINT('',#8314);
#2016=VERTEX_POINT('',#8516);
#2017=VERTEX_POINT('',#8518);
#2018=B_SPLINE_CURVE_WITH_KNOTS('',3,(#3579,#3580,#3581,#3582,#3583,#3584,
#3585,#3586,#3587,#3588,#3589,#3590),.UNSPECIFIED.,.T.,.F.,(1,1,1,1,1,1,
1,1,1,1,1,1,1,1,1,1),(-0.00798416607698537,-0.00532277738465689,-0.00266138869232841,
6.34064567603991E-17,0.00266138869232854,0.00532277738465702,0.00665347173082126,
0.00798416607698549,0.010645554769314,0.0133069434616424,0.0159683321539709,
0.0186297208462994,0.0212911095386279,0.0239524982309564,0.0266138869232848,
0.0279445812694491),.UNSPECIFIED.);
#2019=B_SPLINE_CURVE_WITH_KNOTS('',3,(#3592,#3593,#3594,#3595,#3596,#3597,
#3598,#3599,#3600,#3601,#3602),.UNSPECIFIED.,.T.,.F.,(1,1,1,1,1,1,1,1,1,
1,1,1,1,1,1),(-0.003994757764209,-0.00266317184280599,-0.00133158592140297,
4.21725378984253E-17,0.00133158592140306,0.00266317184280607,0.00399475776420908,
0.0053263436856121,0.00665792960701511,0.00798951552841813,0.00932110144982114,
0.0106526873712242,0.0119842732926272,0.0133158592140302,0.0146474451354332),
 .UNSPECIFIED.);
#2020=B_SPLINE_CURVE_WITH_KNOTS('',3,(#3610,#3611,#3612,#3613,#3614,#3615),
 .UNSPECIFIED.,.F.,.F.,(4,1,1,4),(6.9928938926747E-18,0.000771597675473085,
0.00154319535094616,0.00308639070189232),.UNSPECIFIED.);
#2021=B_SPLINE_CURVE_WITH_KNOTS('',3,(#3619,#3620,#3621,#3622,#3623),
 .UNSPECIFIED.,.F.,.F.,(4,1,4),(1.15538313675741E-16,0.000955007475392369,
0.00191001495078462),.UNSPECIFIED.);
#2022=B_SPLINE_CURVE_WITH_KNOTS('',3,(#3627,#3628,#3629,#3630),
 .UNSPECIFIED.,.F.,.F.,(4,4),(6.53290964993202E-17,0.00307968459089133),
 .UNSPECIFIED.);
#2023=B_SPLINE_CURVE_WITH_KNOTS('',3,(#3632,#3633,#3634,#3635,#3636,#3637,
#3638,#3639,#3640,#3641),.UNSPECIFIED.,.F.,.F.,(4,2,2,2,4),(-0.0526916216846777,
-0.0353231692902601,-0.026336539350051,-0.00525232134355248,0.),
 .UNSPECIFIED.);
#2024=B_SPLINE_CURVE_WITH_KNOTS('',3,(#3643,#3644,#3645,#3646,#3647),
 .UNSPECIFIED.,.F.,.F.,(4,1,4),(2.86623357719269E-17,0.00159192419158342,
0.0031838483831668),.UNSPECIFIED.);
#2025=B_SPLINE_CURVE_WITH_KNOTS('',3,(#3651,#3652,#3653,#3654,#3655),
 .UNSPECIFIED.,.F.,.F.,(4,1,4),(8.59169853112393E-17,0.00110406671023309,
0.00220813342046609),.UNSPECIFIED.);
#2026=B_SPLINE_CURVE_WITH_KNOTS('',3,(#3657,#3658,#3659,#3660,#3661,#3662,
#3663,#3664,#3665,#3666,#3667,#3668,#3669),.UNSPECIFIED.,.F.,.F.,(4,3,3,
3,4),(-0.0458106973212137,-0.0282811016270013,-0.023362492244527,-0.00472140777568331,
0.),.UNSPECIFIED.);
#2027=B_SPLINE_CURVE_WITH_KNOTS('',3,(#3670,#3671,#3672,#3673),
 .UNSPECIFIED.,.F.,.F.,(4,4),(1.24644043999398E-9,0.00307906330375879),
 .UNSPECIFIED.);
#2028=B_SPLINE_CURVE_WITH_KNOTS('',3,(#3678,#3679,#3680,#3681,#3682),
 .UNSPECIFIED.,.F.,.F.,(4,1,4),(0.,0.000969927456472505,0.00193985491294501),
 .UNSPECIFIED.);
#2029=B_SPLINE_CURVE_WITH_KNOTS('',3,(#3686,#3687,#3688,#3689,#3690,#3691),
 .UNSPECIFIED.,.F.,.F.,(4,1,1,4),(3.88283663652056E-17,0.00153484333873624,
0.00230226500810433,0.00306968667747243),.UNSPECIFIED.);
#2030=B_SPLINE_CURVE_WITH_KNOTS('',3,(#3697,#3698,#3699,#3700,#3701,#3702,
#3703,#3704,#3705,#3706,#3707,#3708,#3709),.UNSPECIFIED.,.F.,.F.,(4,3,3,
3,4),(-0.0457590484566483,-0.0271389807112082,-0.0224228960469169,-0.00491306393725946,
0.),.UNSPECIFIED.);
#2031=B_SPLINE_CURVE_WITH_KNOTS('',3,(#3711,#3712,#3713,#3714,#3715),
 .UNSPECIFIED.,.F.,.F.,(4,1,4),(1.38777878078145E-17,0.00110862089861352,
0.00221724179722702),.UNSPECIFIED.);
#2032=B_SPLINE_CURVE_WITH_KNOTS('',3,(#3719,#3720,#3721,#3722,#3723),
 .UNSPECIFIED.,.F.,.F.,(4,1,4),(8.72377931052115E-17,0.0015971876751477,
0.00319437535029531),.UNSPECIFIED.);
#2033=B_SPLINE_CURVE_WITH_KNOTS('',3,(#3725,#3726,#3727,#3728,#3729,#3730,
#3731,#3732,#3733,#3734),.UNSPECIFIED.,.F.,.F.,(4,2,2,2,4),(-0.0523677458052781,
-0.0314131245370196,-0.0261930874303548,-0.0172616949819453,0.),
 .UNSPECIFIED.);
#2034=B_SPLINE_CURVE_WITH_KNOTS('',3,(#3735,#3736,#3737,#3738,#3739,#3740,
#3741,#3742,#3743,#3744,#3745),.UNSPECIFIED.,.F.,.F.,(4,1,1,1,1,1,1,1,4),
(-0.00293974617285757,-0.000874771331619124,0.00119020350961932,0.00325517835085777,
0.00532015319209622,0.00738512803333466,0.00945010287457311,0.0115150777158116,
0.01358005255705),.UNSPECIFIED.);
#2035=B_SPLINE_CURVE_WITH_KNOTS('',3,(#3752,#3753,#3754,#3755,#3756,#3757),
 .UNSPECIFIED.,.F.,.F.,(4,2,4),(-0.0350623927299758,-0.0155199094667327,
0.),.UNSPECIFIED.);
#2036=B_SPLINE_CURVE_WITH_KNOTS('',3,(#3761,#3762,#3763,#3764,#3765,#3766,
#3767,#3768,#3769),.UNSPECIFIED.,.F.,.F.,(4,3,2,4),(-0.195591600052033,
-0.193655049556469,-0.0966255886447474,0.),.UNSPECIFIED.);
#2037=B_SPLINE_CURVE_WITH_KNOTS('',3,(#3773,#3774,#3775,#3776,#3777,#3778,
#3779,#3780,#3781,#3782,#3783,#3784,#3785),.UNSPECIFIED.,.F.,.F.,(4,3,3,
3,4),(-0.0373267031568334,-0.0253935246489545,-0.0186557989447069,-0.00359593407537023,
0.),.UNSPECIFIED.);
#2038=B_SPLINE_CURVE_WITH_KNOTS('',3,(#3789,#3790,#3791,#3792,#3793,#3794,
#3795,#3796,#3797,#3798,#3799,#3800,#3801,#3802,#3803,#3804,#3805,#3806,
#3807,#3808,#3809,#3810,#3811,#3812,#3813,#3814,#3815,#3816,#3817,#3818,
#3819),.UNSPECIFIED.,.F.,.F.,(4,3,2,2,2,2,2,2,2,2,2,2,2,2,4),(-0.0493486171125014,
-0.0488600169430707,-0.0436631522599288,-0.0384662875767869,-0.0378732630860838,
-0.0344084545505588,-0.0306244130469359,-0.026840371543313,-0.0220078982901095,
-0.0195874667405777,-0.0147541847518762,-0.0131520779518837,-0.00657603897594185,
-0.000397262095475848,0.),.UNSPECIFIED.);
#2039=B_SPLINE_CURVE_WITH_KNOTS('',3,(#3823,#3824,#3825,#3826,#3827,#3828),
 .UNSPECIFIED.,.F.,.F.,(4,2,4),(-0.237545908255984,-0.118772954108274,0.),
 .UNSPECIFIED.);
#2040=B_SPLINE_CURVE_WITH_KNOTS('',3,(#3832,#3833,#3834,#3835),
 .UNSPECIFIED.,.F.,.F.,(4,4),(4.71895803986192E-17,0.000534876618762076),
 .UNSPECIFIED.);
#2041=B_SPLINE_CURVE_WITH_KNOTS('',3,(#3839,#3840,#3841,#3842,#3843,#3844,
#3845,#3846,#3847,#3848,#3849),.UNSPECIFIED.,.F.,.F.,(4,1,1,1,1,1,1,1,4),
(1.01803293233735E-16,0.00284011660161399,0.00568023320322788,0.00852034980484177,
0.0113604664064557,0.0142005830080695,0.0170406996096834,0.0198808162112973,
0.0227209328129112),.UNSPECIFIED.);
#2042=B_SPLINE_CURVE_WITH_KNOTS('',3,(#3853,#3854,#3855,#3856),
 .UNSPECIFIED.,.F.,.F.,(4,4),(7.91345789449633E-17,0.000533743849104578),
 .UNSPECIFIED.);
#2043=B_SPLINE_CURVE_WITH_KNOTS('',3,(#3860,#3861,#3862,#3863,#3864,#3865),
 .UNSPECIFIED.,.F.,.F.,(4,2,4),(-0.237560789148711,-0.118780394593987,0.),
 .UNSPECIFIED.);
#2044=B_SPLINE_CURVE_WITH_KNOTS('',3,(#3869,#3870,#3871,#3872,#3873,#3874,
#3875,#3876,#3877,#3878,#3879,#3880,#3881,#3882,#3883,#3884,#3885,#3886,
#3887,#3888,#3889,#3890,#3891,#3892,#3893,#3894,#3895,#3896,#3897,#3898),
 .UNSPECIFIED.,.F.,.F.,(4,2,2,2,2,2,2,2,2,2,2,2,2,2,4),(-0.062110377043235,
-0.0542438388570231,-0.046047509934154,-0.0453915838980399,-0.0392475910731351,
-0.0372109804261274,-0.0310681776702756,-0.0279911577559323,-0.0231696725367982,
-0.018567962918458,-0.0142266396078363,-0.0139662533001179,-0.0132124065189975,
-0.00660620325949875,0.),.UNSPECIFIED.);
#2045=B_SPLINE_CURVE_WITH_KNOTS('',3,(#3902,#3903,#3904,#3905,#3906,#3907,
#3908,#3909,#3910,#3911,#3912,#3913,#3914,#3915,#3916,#3917),
 .UNSPECIFIED.,.F.,.F.,(4,3,3,3,3,4),(-0.0374939543250282,-0.0371227270544833,
-0.0231585493722455,-0.0185688804363441,-0.00670090947458836,0.),
 .PIECEWISE_BEZIER_KNOTS.);
#2046=B_SPLINE_CURVE_WITH_KNOTS('',3,(#3921,#3922,#3923,#3924,#3925,#3926,
#3927,#3928,#3929),.UNSPECIFIED.,.F.,.F.,(4,3,2,4),(-0.195585841997891,
-0.193649348512763,-0.09702660424634,0.),.UNSPECIFIED.);
#2047=B_SPLINE_CURVE_WITH_KNOTS('',3,(#3931,#3932,#3933,#3934),
 .UNSPECIFIED.,.F.,.F.,(4,4),(0.,6.6040828102824E-5),.UNSPECIFIED.);
#2048=B_SPLINE_CURVE_WITH_KNOTS('',3,(#3936,#3937,#3938,#3939,#3940,#3941,
#3942,#3943,#3944),.UNSPECIFIED.,.F.,.F.,(4,2,3,4),(-0.0322051903749517,
-0.01795005071808,0.,0.000322051903749517),.UNSPECIFIED.);
#2049=B_SPLINE_CURVE_WITH_KNOTS('',3,(#4096,#4097,#4098,#4099,#4100,#4101,
#4102),.UNSPECIFIED.,.F.,.F.,(4,1,1,1,4),(2.15448186173081E-17,0.00116898767525886,
0.00233797535051771,0.00350696302577655,0.00467595070103539),
 .UNSPECIFIED.);
#2050=B_SPLINE_CURVE_WITH_KNOTS('',3,(#4103,#4104,#4105,#4106,#4107,#4108,
#4109,#4110,#4111,#4112,#4113),.UNSPECIFIED.,.T.,.F.,(1,1,1,1,1,1,1,1,1,
1,1,1,1,1,1),(-0.00399353811807006,-0.00266235874538004,-0.00133117937269002,
6.969320381212E-18,0.00133117937269003,0.00266235874538005,0.00399353811807007,
0.0053247174907601,0.00665589686345012,0.00798707623614014,0.00931825560883016,
0.0106494349815202,0.0119806143542102,0.0133117937269002,0.0146429730995903),
 .UNSPECIFIED.);
#2051=B_SPLINE_CURVE_WITH_KNOTS('',3,(#4194,#4195,#4196,#4197),
 .UNSPECIFIED.,.F.,.F.,(4,4),(0.,0.00899607301429052),.UNSPECIFIED.);
#2052=B_SPLINE_CURVE_WITH_KNOTS('',3,(#4202,#4203,#4204,#4205),
 .UNSPECIFIED.,.F.,.F.,(4,4),(9.92627490189118E-12,0.00869787583800309),
 .UNSPECIFIED.);
#2053=B_SPLINE_CURVE_WITH_KNOTS('',3,(#4207,#4208,#4209,#4210),
 .UNSPECIFIED.,.F.,.F.,(4,4),(0.,1.),.UNSPECIFIED.);
#2054=B_SPLINE_CURVE_WITH_KNOTS('',3,(#4212,#4213,#4214,#4215,#4216,#4217),
 .UNSPECIFIED.,.F.,.F.,(4,2,4),(0.,0.152740379942725,0.303777118144068),
 .UNSPECIFIED.);
#2055=B_SPLINE_CURVE_WITH_KNOTS('',3,(#4222,#4223,#4224,#4225,#4226),
 .UNSPECIFIED.,.F.,.F.,(4,1,4),(2.08166817117217E-17,0.00182283904587378,
0.00364567809174753),.UNSPECIFIED.);
#2056=B_SPLINE_CURVE_WITH_KNOTS('',3,(#4230,#4231,#4232,#4233,#4234),
 .UNSPECIFIED.,.F.,.F.,(4,1,4),(6.51849901419363E-17,0.00131359651240178,
0.0026271930248035),.UNSPECIFIED.);
#2057=B_SPLINE_CURVE_WITH_KNOTS('',3,(#4240,#4241,#4242,#4243,#4244,#4245,
#4246,#4247,#4248,#4249,#4250,#4251,#4252),.UNSPECIFIED.,.F.,.F.,(4,3,3,
3,4),(0.,0.0232759924211201,0.025710815924624,0.0480518619583158,0.051439362011386),
 .UNSPECIFIED.);
#2058=B_SPLINE_CURVE_WITH_KNOTS('',3,(#4254,#4255,#4256,#4257,#4258),
 .UNSPECIFIED.,.F.,.F.,(4,1,4),(5.61846914156535E-17,0.00109891574523175,
0.00219783149046343),.UNSPECIFIED.);
#2059=B_SPLINE_CURVE_WITH_KNOTS('',3,(#4262,#4263,#4264,#4265),
 .UNSPECIFIED.,.F.,.F.,(4,4),(2.37816100453714E-15,0.00126008187797573),
 .UNSPECIFIED.);
#2060=B_SPLINE_CURVE_WITH_KNOTS('',3,(#4267,#4268,#4269,#4270,#4271,#4272),
 .UNSPECIFIED.,.F.,.F.,(4,2,4),(-0.0963492456406526,-0.0751494372322271,
-0.0713045062172829),.UNSPECIFIED.);
#2061=B_SPLINE_CURVE_WITH_KNOTS('',3,(#4276,#4277,#4278,#4279),
 .UNSPECIFIED.,.F.,.F.,(4,4),(0.,9.19888470563691E-5),.UNSPECIFIED.);
#2062=B_SPLINE_CURVE_WITH_KNOTS('',3,(#4281,#4282,#4283,#4284,#4285,#4286,
#4287,#4288,#4289,#4290,#4291,#4292,#4293,#4294,#4295,#4296,#4297,#4298,
#4299,#4300,#4301,#4302,#4303,#4304,#4305,#4306,#4307,#4308,#4309,#4310,
#4311),.UNSPECIFIED.,.F.,.F.,(4,3,3,3,3,3,3,3,3,3,4),(-0.000399631395348639,
7.96620197863983E-15,0.0056848406438109,0.0114485847560832,0.0173368813653574,
0.0179768431322164,0.0183279602722252,0.0292594120597379,0.036221352312137,
0.0399575916183653,0.0399631395356685),.PIECEWISE_BEZIER_KNOTS.);
#2063=B_SPLINE_CURVE_WITH_KNOTS('',3,(#4313,#4314,#4315,#4316),
 .UNSPECIFIED.,.F.,.F.,(4,4),(4.29013562570602E-14,2.44003923809458E-5),
 .UNSPECIFIED.);
#2064=B_SPLINE_CURVE_WITH_KNOTS('',3,(#4320,#4321,#4322,#4323),
 .UNSPECIFIED.,.F.,.F.,(4,4),(3.90887833718652E-15,1.2169306119361E-5),
 .UNSPECIFIED.);
#2065=B_SPLINE_CURVE_WITH_KNOTS('',3,(#4325,#4326,#4327,#4328,#4329,#4330,
#4331,#4332,#4333,#4334),.UNSPECIFIED.,.F.,.F.,(4,2,2,2,4),(0.301945200689147,
0.328868311417603,0.339611507448603,0.372084263343483,0.377289212333105),
 .UNSPECIFIED.);
#2066=B_SPLINE_CURVE_WITH_KNOTS('',3,(#4338,#4339,#4340,#4341,#4342,#4343,
#4344,#4345,#4346,#4347,#4348,#4349,#4350,#4351,#4352),.UNSPECIFIED.,.F.,
 .F.,(4,3,2,2,2,2,4),(0.498032399772729,0.499080498392473,0.528546298824234,
0.56125082888304,0.566218329595579,0.593136054362268,0.603890360366925),
 .UNSPECIFIED.);
#2067=B_SPLINE_CURVE_WITH_KNOTS('',3,(#4356,#4357,#4358,#4359,#4360,#4361),
 .UNSPECIFIED.,.F.,.F.,(4,2,4),(0.,0.123414430292994,0.247067221778695),
 .UNSPECIFIED.);
#2068=B_SPLINE_CURVE_WITH_KNOTS('',3,(#4365,#4366,#4367,#4368,#4369,#4370,
#4371,#4372,#4373,#4374),.UNSPECIFIED.,.F.,.F.,(4,2,2,2,4),(0.,0.0133952416453483,
0.0267792478810539,0.0401033812817968,0.0535328637369313),.UNSPECIFIED.);
#2069=B_SPLINE_CURVE_WITH_KNOTS('',3,(#4384,#4385,#4386,#4387),
 .UNSPECIFIED.,.F.,.F.,(4,4),(0.,1.),.UNSPECIFIED.);
#2070=B_SPLINE_CURVE_WITH_KNOTS('',3,(#4417,#4418,#4419,#4420,#4421,#4422,
#4423),.UNSPECIFIED.,.F.,.F.,(4,1,1,1,4),(-4.27971707474122,-3.62936026265469,
-3.30418185661143,-2.6538250445249,-2.00346823243838),.UNSPECIFIED.);
#2071=B_SPLINE_CURVE_WITH_KNOTS('',3,(#4431,#4432,#4433,#4434),
 .UNSPECIFIED.,.F.,.F.,(4,4),(-0.217196670661349,-0.198296770306882),
 .UNSPECIFIED.);
#2072=B_SPLINE_CURVE_WITH_KNOTS('',3,(#4435,#4436,#4437,#4438),
 .UNSPECIFIED.,.F.,.F.,(4,4),(-0.42666587538015,-0.407765975025682),
 .UNSPECIFIED.);
#2073=B_SPLINE_CURVE_WITH_KNOTS('',3,(#4442,#4443,#4444,#4445),
 .UNSPECIFIED.,.F.,.F.,(4,4),(0.,0.00869675576913258),.UNSPECIFIED.);
#2074=B_SPLINE_CURVE_WITH_KNOTS('',3,(#4611,#4612,#4613,#4614),
 .UNSPECIFIED.,.F.,.F.,(4,4),(1.16368788433466E-17,0.0010099357100946),
 .UNSPECIFIED.);
#2075=B_SPLINE_CURVE_WITH_KNOTS('',3,(#4706,#4707,#4708,#4709),
 .UNSPECIFIED.,.F.,.F.,(4,4),(6.03175101904E-17,0.00100830786316158),
 .UNSPECIFIED.);
#2076=B_SPLINE_CURVE_WITH_KNOTS('',3,(#4756,#4757,#4758,#4759),
 .UNSPECIFIED.,.F.,.F.,(4,4),(0.,1.),.UNSPECIFIED.);
#2077=B_SPLINE_CURVE_WITH_KNOTS('',3,(#4856,#4857,#4858,#4859),
 .UNSPECIFIED.,.F.,.F.,(4,4),(0.,1.),.UNSPECIFIED.);
#2078=B_SPLINE_CURVE_WITH_KNOTS('',3,(#4863,#4864,#4865,#4866),
 .UNSPECIFIED.,.F.,.F.,(4,4),(2.77555756156289E-17,0.0010828296759905),
 .UNSPECIFIED.);
#2079=B_SPLINE_CURVE_WITH_KNOTS('',3,(#4913,#4914,#4915,#4916),
 .UNSPECIFIED.,.F.,.F.,(4,4),(0.,0.999999397683295),.UNSPECIFIED.);
#2080=B_SPLINE_CURVE_WITH_KNOTS('',3,(#4918,#4919,#4920,#4921),
 .UNSPECIFIED.,.F.,.F.,(4,4),(5.0037075531084E-17,0.000779325459392675),
 .UNSPECIFIED.);
#2081=B_SPLINE_CURVE_WITH_KNOTS('',3,(#4956,#4957,#4958,#4959),
 .UNSPECIFIED.,.F.,.F.,(4,4),(0.,0.99997775907613),.UNSPECIFIED.);
#2082=B_SPLINE_CURVE_WITH_KNOTS('',3,(#5023,#5024,#5025,#5026),
 .UNSPECIFIED.,.F.,.F.,(4,4),(0.,0.000733954290874425),.UNSPECIFIED.);
#2083=B_SPLINE_CURVE_WITH_KNOTS('',3,(#5153,#5154,#5155,#5156),
 .UNSPECIFIED.,.F.,.F.,(4,4),(8.04897191362078E-7,0.999999729376286),
 .UNSPECIFIED.);
#2084=B_SPLINE_CURVE_WITH_KNOTS('',3,(#5158,#5159,#5160,#5161),
 .UNSPECIFIED.,.F.,.F.,(4,4),(0.,0.0007335714981874),.UNSPECIFIED.);
#2085=B_SPLINE_CURVE_WITH_KNOTS('',3,(#5218,#5219,#5220,#5221),
 .UNSPECIFIED.,.F.,.F.,(4,4),(0.,1.),.UNSPECIFIED.);
#2086=B_SPLINE_CURVE_WITH_KNOTS('',3,(#5223,#5224,#5225,#5226),
 .UNSPECIFIED.,.F.,.F.,(4,4),(0.,1.),.UNSPECIFIED.);
#2087=B_SPLINE_CURVE_WITH_KNOTS('',3,(#5230,#5231,#5232,#5233),
 .UNSPECIFIED.,.F.,.F.,(4,4),(1.16381910948958E-11,6.83228296101817E-5),
 .UNSPECIFIED.);
#2088=B_SPLINE_CURVE_WITH_KNOTS('',3,(#5294,#5295,#5296,#5297),
 .UNSPECIFIED.,.F.,.F.,(4,4),(0.,1.),.UNSPECIFIED.);
#2089=B_SPLINE_CURVE_WITH_KNOTS('',3,(#5301,#5302,#5303,#5304),
 .UNSPECIFIED.,.F.,.F.,(4,4),(1.38777878078145E-17,0.000779882674560136),
 .UNSPECIFIED.);
#2090=B_SPLINE_CURVE_WITH_KNOTS('',3,(#5365,#5366,#5367,#5368),
 .UNSPECIFIED.,.F.,.F.,(4,4),(0.,0.999994468162689),.UNSPECIFIED.);
#2091=B_SPLINE_CURVE_WITH_KNOTS('',3,(#5370,#5371,#5372,#5373),
 .UNSPECIFIED.,.F.,.F.,(4,4),(3.10470147134597E-17,0.00108279555636221),
 .UNSPECIFIED.);
#2092=B_SPLINE_CURVE_WITH_KNOTS('',3,(#5408,#5409,#5410,#5411),
 .UNSPECIFIED.,.F.,.F.,(4,4),(0.,1.),.UNSPECIFIED.);
#2093=B_SPLINE_CURVE_WITH_KNOTS('',3,(#5434,#5435,#5436,#5437,#5438,#5439,
#5440,#5441,#5442,#5443,#5444,#5445,#5446),.UNSPECIFIED.,.F.,.F.,(4,3,2,
2,2,4),(-0.000703550085270435,2.10986696489809E-7,0.017383196232988,0.0351877855094525,
0.0529401542648611,0.070376318183389),.UNSPECIFIED.);
#2094=B_SPLINE_CURVE_WITH_KNOTS('',3,(#5452,#5453,#5454,#5455,#5456,#5457,
#5458,#5459,#5460,#5461,#5462,#5463,#5464,#5465,#5466,#5467),
 .UNSPECIFIED.,.F.,.F.,(4,2,2,2,2,2,2,4),(5.78332046061758E-6,0.00159174215068895,
0.00289356833039624,0.00551566127430498,0.0108186056817798,0.0215388913084843,
0.032441446104408,0.0430837398006485),.UNSPECIFIED.);
#2095=B_SPLINE_CURVE_WITH_KNOTS('',3,(#5469,#5470,#5471,#5472),
 .UNSPECIFIED.,.F.,.F.,(4,4),(9.06651458732488E-13,8.93246691639069E-5),
 .UNSPECIFIED.);
#2096=B_SPLINE_CURVE_WITH_KNOTS('',3,(#5482,#5483,#5484,#5485),
 .UNSPECIFIED.,.F.,.F.,(4,4),(5.00445925559189E-17,0.000769548807730929),
 .UNSPECIFIED.);
#2097=B_SPLINE_CURVE_WITH_KNOTS('',3,(#5487,#5488,#5489,#5490),
 .UNSPECIFIED.,.F.,.F.,(4,4),(8.64896940802879E-15,1.17590921377777E-5),
 .UNSPECIFIED.);
#2098=B_SPLINE_CURVE_WITH_KNOTS('',3,(#5500,#5501,#5502,#5503),
 .UNSPECIFIED.,.F.,.F.,(4,4),(1.38777878078145E-17,0.00106364211619805),
 .UNSPECIFIED.);
#2099=B_SPLINE_CURVE_WITH_KNOTS('',3,(#5556,#5557,#5558,#5559),
 .UNSPECIFIED.,.F.,.F.,(4,4),(0.,1.),.UNSPECIFIED.);
#2100=B_SPLINE_CURVE_WITH_KNOTS('',3,(#5563,#5564,#5565,#5566,#5567,#5568,
#5569,#5570,#5571,#5572,#5573,#5574,#5575,#5576,#5577,#5578,#5579,#5580,
#5581,#5582,#5583,#5584,#5585,#5586,#5587),.UNSPECIFIED.,.F.,.F.,(4,3,3,
3,3,3,3,3,4),(0.,0.0063983055768312,0.00983871262636122,0.019892924372796,
0.0202029827058881,0.0256250514352434,0.0312288763159351,0.036457098106091,
0.0368327011966268),.UNSPECIFIED.);
#2101=B_SPLINE_CURVE_WITH_KNOTS('',3,(#5633,#5634,#5635,#5636),
 .UNSPECIFIED.,.F.,.F.,(4,4),(0.,0.999982237007032),.UNSPECIFIED.);
#2102=B_SPLINE_CURVE_WITH_KNOTS('',3,(#5641,#5642,#5643,#5644),
 .UNSPECIFIED.,.F.,.F.,(4,4),(0.,0.999923644982194),.UNSPECIFIED.);
#2103=B_SPLINE_CURVE_WITH_KNOTS('',3,(#5743,#5744,#5745,#5746),
 .UNSPECIFIED.,.F.,.F.,(4,4),(7.0763110837546E-17,0.000769507048949879),
 .UNSPECIFIED.);
#2104=B_SPLINE_CURVE_WITH_KNOTS('',3,(#5748,#5749,#5750,#5751),
 .UNSPECIFIED.,.F.,.F.,(4,4),(0.,0.999989583194731),.UNSPECIFIED.);
#2105=B_SPLINE_CURVE_WITH_KNOTS('',3,(#5753,#5754,#5755,#5756,#5757,#5758,
#5759,#5760,#5761,#5762,#5763,#5764,#5765,#5766,#5767,#5768),
 .UNSPECIFIED.,.F.,.F.,(4,3,3,3,3,4),(0.527792869084861,0.528546309592604,
0.56099663571873,0.566218329595577,0.593142622397862,0.603890360366924),
 .PIECEWISE_BEZIER_KNOTS.);
#2106=B_SPLINE_CURVE_WITH_KNOTS('',3,(#5855,#5856,#5857,#5858),
 .UNSPECIFIED.,.F.,.F.,(4,4),(1.25365111346683E-6,1.),.UNSPECIFIED.);
#2107=B_SPLINE_CURVE_WITH_KNOTS('',3,(#5861,#5862,#5863,#5864),
 .UNSPECIFIED.,.F.,.F.,(4,4),(5.01572127401018E-17,0.00106381543905425),
 .UNSPECIFIED.);
#2108=B_SPLINE_CURVE_WITH_KNOTS('',3,(#5865,#5866,#5867,#5868,#5869,#5870,
#5871,#5872,#5873,#5874,#5875,#5876),.UNSPECIFIED.,.F.,.F.,(4,2,2,2,2,4),
(0.301945200689152,0.328862412071596,0.339611507448601,0.372316010583839,
0.377277814208049,0.406754638149827),.UNSPECIFIED.);
#2109=B_SPLINE_CURVE_WITH_KNOTS('',3,(#5908,#5909,#5910,#5911),
 .UNSPECIFIED.,.F.,.F.,(4,4),(0.,1.),.UNSPECIFIED.);
#2110=B_SPLINE_CURVE_WITH_KNOTS('',3,(#5914,#5915,#5916,#5917,#5918,#5919,
#5920,#5921,#5922),.UNSPECIFIED.,.F.,.F.,(4,3,2,4),(-0.0024707365628224,
0.,0.123655929541031,0.24707365628224),.UNSPECIFIED.);
#2111=B_SPLINE_CURVE_WITH_KNOTS('',3,(#5924,#5925,#5926,#5927),
 .UNSPECIFIED.,.F.,.F.,(4,4),(0.,1.),.UNSPECIFIED.);
#2112=B_SPLINE_CURVE_WITH_KNOTS('',3,(#5931,#5932,#5933,#5934),
 .UNSPECIFIED.,.F.,.F.,(4,4),(5.69273453031454E-14,2.22948391238595E-5),
 .UNSPECIFIED.);
#2113=B_SPLINE_CURVE_WITH_KNOTS('',3,(#5935,#5936,#5937,#5938),
 .UNSPECIFIED.,.F.,.F.,(4,4),(3.08551608828136E-14,2.28761018927211E-5),
 .UNSPECIFIED.);
#2114=B_SPLINE_CURVE_WITH_KNOTS('',3,(#6016,#6017,#6018,#6019),
 .UNSPECIFIED.,.F.,.F.,(4,4),(0.,0.999997455115879),.UNSPECIFIED.);
#2115=B_SPLINE_CURVE_WITH_KNOTS('',3,(#6022,#6023,#6024,#6025),
 .UNSPECIFIED.,.F.,.F.,(4,4),(0.,1.),.UNSPECIFIED.);
#2116=B_SPLINE_CURVE_WITH_KNOTS('',3,(#6027,#6028,#6029,#6030),
 .UNSPECIFIED.,.F.,.F.,(4,4),(1.4304896245382E-17,0.000533228035968271),
 .UNSPECIFIED.);
#2117=B_SPLINE_CURVE_WITH_KNOTS('',3,(#6034,#6035,#6036,#6037),
 .UNSPECIFIED.,.F.,.F.,(4,4),(5.88784672006416E-17,0.00099825320745983),
 .UNSPECIFIED.);
#2118=B_SPLINE_CURVE_WITH_KNOTS('',3,(#6040,#6041,#6042,#6043),
 .UNSPECIFIED.,.F.,.F.,(4,4),(3.75026120226118E-13,4.90675609416739E-5),
 .UNSPECIFIED.);
#2119=B_SPLINE_CURVE_WITH_KNOTS('',3,(#6116,#6117,#6118,#6119),
 .UNSPECIFIED.,.F.,.F.,(4,4),(2.42936859258582E-15,0.00899642211400371),
 .UNSPECIFIED.);
#2120=B_SPLINE_CURVE_WITH_KNOTS('',3,(#6121,#6122,#6123,#6124),
 .UNSPECIFIED.,.F.,.F.,(4,4),(0.,1.),.UNSPECIFIED.);
#2121=B_SPLINE_CURVE_WITH_KNOTS('',3,(#6144,#6145,#6146,#6147),
 .UNSPECIFIED.,.F.,.F.,(4,4),(0.,0.999999743191967),.UNSPECIFIED.);
#2122=B_SPLINE_CURVE_WITH_KNOTS('',3,(#6163,#6164,#6165,#6166),
 .UNSPECIFIED.,.F.,.F.,(4,4),(2.56808301312566E-7,1.),.UNSPECIFIED.);
#2123=B_SPLINE_CURVE_WITH_KNOTS('',3,(#6249,#6250,#6251,#6252),
 .UNSPECIFIED.,.F.,.F.,(4,4),(3.10221266596098E-14,0.00100054576706437),
 .UNSPECIFIED.);
#2124=B_SPLINE_CURVE_WITH_KNOTS('',3,(#6300,#6301,#6302,#6303),
 .UNSPECIFIED.,.F.,.F.,(4,4),(0.,0.999970787593644),.UNSPECIFIED.);
#2125=B_SPLINE_CURVE_WITH_KNOTS('',3,(#6402,#6403,#6404,#6405),
 .UNSPECIFIED.,.F.,.F.,(4,4),(0.,0.99998603139437),.UNSPECIFIED.);
#2126=B_SPLINE_CURVE_WITH_KNOTS('',3,(#6498,#6499,#6500,#6501),
 .UNSPECIFIED.,.F.,.F.,(4,4),(0.,1.),.UNSPECIFIED.);
#2127=B_SPLINE_CURVE_WITH_KNOTS('',3,(#6531,#6532,#6533,#6534),
 .UNSPECIFIED.,.F.,.F.,(4,4),(0.,1.),.UNSPECIFIED.);
#2128=B_SPLINE_CURVE_WITH_KNOTS('',3,(#6535,#6536,#6537,#6538),
 .UNSPECIFIED.,.F.,.F.,(4,4),(0.,1.),.UNSPECIFIED.);
#2129=B_SPLINE_CURVE_WITH_KNOTS('',3,(#6630,#6631,#6632,#6633),
 .UNSPECIFIED.,.F.,.F.,(4,4),(1.6417226501231E-5,1.),.UNSPECIFIED.);
#2130=B_SPLINE_CURVE_WITH_KNOTS('',3,(#6634,#6635,#6636,#6637),
 .UNSPECIFIED.,.F.,.F.,(4,4),(1.66868033800494E-5,0.999999323816997),
 .UNSPECIFIED.);
#2131=B_SPLINE_CURVE_WITH_KNOTS('',3,(#6784,#6785,#6786,#6787,#6788),
 .UNSPECIFIED.,.F.,.F.,(4,1,4),(2.30137075393447E-17,0.00102256209185461,
0.00204512418370919),.UNSPECIFIED.);
#2132=B_SPLINE_CURVE_WITH_KNOTS('',3,(#6895,#6896,#6897,#6898),
 .UNSPECIFIED.,.F.,.F.,(4,4),(0.,0.0014007808921359),.UNSPECIFIED.);
#2133=B_SPLINE_CURVE_WITH_KNOTS('',3,(#6923,#6924,#6925,#6926),
 .UNSPECIFIED.,.F.,.F.,(4,4),(0.270501386059751,0.284003617676211),
 .UNSPECIFIED.);
#2134=B_SPLINE_CURVE_WITH_KNOTS('',3,(#6969,#6970,#6971,#6972,#6973),
 .UNSPECIFIED.,.F.,.F.,(4,1,4),(0.,0.000820690243089856,0.00164138048617971),
 .UNSPECIFIED.);
#2135=B_SPLINE_CURVE_WITH_KNOTS('',3,(#7006,#7007,#7008,#7009),
 .UNSPECIFIED.,.F.,.F.,(4,4),(1.4304896245382E-17,0.000979725092958386),
 .UNSPECIFIED.);
#2136=B_SPLINE_CURVE_WITH_KNOTS('',3,(#7038,#7039,#7040,#7041),
 .UNSPECIFIED.,.F.,.F.,(4,4),(-0.161257173238624,-0.128754679018),
 .UNSPECIFIED.);
#2137=B_SPLINE_CURVE_WITH_KNOTS('',3,(#7111,#7112,#7113,#7114,#7115,#7116),
 .UNSPECIFIED.,.F.,.F.,(4,2,4),(0.0713045062172829,0.0751494372322271,0.0963492456406526),
 .UNSPECIFIED.);
#2138=B_SPLINE_CURVE_WITH_KNOTS('',3,(#7133,#7134,#7135,#7136,#7137,#7138),
 .UNSPECIFIED.,.F.,.F.,(4,2,4),(-0.0182546730912387,-0.0091272588835592,
0.),.UNSPECIFIED.);
#2139=B_SPLINE_CURVE_WITH_KNOTS('',3,(#7142,#7143,#7144,#7145,#7146),
 .UNSPECIFIED.,.F.,.F.,(4,1,4),(1.66614749014063E-16,0.000806368286837507,
0.00161273657367485),.UNSPECIFIED.);
#2140=B_SPLINE_CURVE_WITH_KNOTS('',3,(#7156,#7157,#7158,#7159,#7160),
 .UNSPECIFIED.,.F.,.F.,(4,1,4),(0.,0.00114556299740461,0.00229112599480923),
 .UNSPECIFIED.);
#2141=B_SPLINE_CURVE_WITH_KNOTS('',3,(#7211,#7212,#7213,#7214,#7215,#7216),
 .UNSPECIFIED.,.F.,.F.,(4,1,1,4),(4.89502572487229E-17,0.00015420972524473,
0.000308419450489411,0.000616838900978773),.UNSPECIFIED.);
#2142=B_SPLINE_CURVE_WITH_KNOTS('',3,(#7285,#7286,#7287,#7288,#7289,#7290,
#7291,#7292),.UNSPECIFIED.,.F.,.F.,(4,1,1,1,1,4),(3.29140637679066E-17,
0.000376941876163202,0.00075388375232637,0.00113082562848954,0.00131929656657112,
0.00150776750465271),.UNSPECIFIED.);
#2143=B_SPLINE_CURVE_WITH_KNOTS('',3,(#7342,#7343,#7344,#7345,#7346,#7347),
 .UNSPECIFIED.,.F.,.F.,(4,2,4),(-0.0680162538604521,-0.0340081269302458,
0.),.UNSPECIFIED.);
#2144=B_SPLINE_CURVE_WITH_KNOTS('',3,(#7398,#7399,#7400,#7401,#7402),
 .UNSPECIFIED.,.F.,.F.,(4,1,4),(2.3433539540441E-16,0.00114573146562227,
0.00229146293124431),.UNSPECIFIED.);
#2145=B_SPLINE_CURVE_WITH_KNOTS('',3,(#7481,#7482,#7483,#7484,#7485),
 .UNSPECIFIED.,.F.,.F.,(4,1,4),(6.93889390390723E-18,0.000806747664177221,
0.00161349532835443),.UNSPECIFIED.);
#2146=B_SPLINE_CURVE_WITH_KNOTS('',3,(#7510,#7511,#7512,#7513,#7514,#7515),
 .UNSPECIFIED.,.F.,.F.,(4,2,4),(-0.542650850097323,-0.52085678125949,-0.51014452113639),
 .UNSPECIFIED.);
#2147=B_SPLINE_CURVE_WITH_KNOTS('',3,(#7538,#7539,#7540,#7541),
 .UNSPECIFIED.,.F.,.F.,(4,4),(0.128958270834965,0.157570856018208),
 .UNSPECIFIED.);
#2148=B_SPLINE_CURVE_WITH_KNOTS('',3,(#7558,#7559,#7560,#7561,#7562,#7563),
 .UNSPECIFIED.,.F.,.F.,(4,2,4),(-0.0681143165991537,-0.0345347742838545,
0.),.UNSPECIFIED.);
#2149=B_SPLINE_CURVE_WITH_KNOTS('',3,(#7567,#7568,#7569,#7570),
 .UNSPECIFIED.,.F.,.F.,(4,4),(3.6577482636237E-15,0.000976461624423962),
 .UNSPECIFIED.);
#2150=B_SPLINE_CURVE_WITH_KNOTS('',3,(#7580,#7581,#7582,#7583,#7584),
 .UNSPECIFIED.,.F.,.F.,(4,1,4),(1.44096954211131E-17,0.00082359498058748,
0.00164718996117495),.UNSPECIFIED.);
#2151=B_SPLINE_CURVE_WITH_KNOTS('',3,(#7633,#7634,#7635,#7636,#7637),
 .UNSPECIFIED.,.F.,.F.,(4,1,4),(1.4304896245382E-17,0.00109535639493302,
0.00219071278986602),.UNSPECIFIED.);
#2152=B_SPLINE_CURVE_WITH_KNOTS('',3,(#7682,#7683,#7684,#7685),
 .UNSPECIFIED.,.F.,.F.,(4,4),(3.55512521017773E-17,0.0012598236842172),
 .UNSPECIFIED.);
#2153=B_SPLINE_CURVE_WITH_KNOTS('',3,(#7723,#7724,#7725,#7726,#7727,#7728,
#7729,#7730,#7731,#7732,#7733,#7734,#7735),.UNSPECIFIED.,.F.,.F.,(4,3,3,
3,4),(0.,0.0223281504185325,0.0257132833391007,0.0489758491211869,0.0514097082110339),
 .UNSPECIFIED.);
#2154=B_SPLINE_CURVE_WITH_KNOTS('',3,(#7736,#7737,#7738,#7739),
 .UNSPECIFIED.,.F.,.F.,(4,4),(-0.190938987837493,-0.15843649190437),
 .UNSPECIFIED.);
#2155=B_SPLINE_CURVE_WITH_KNOTS('',3,(#7843,#7844,#7845,#7846),
 .UNSPECIFIED.,.F.,.F.,(4,4),(5.46369052362981E-17,0.00140210535871553),
 .UNSPECIFIED.);
#2156=B_SPLINE_CURVE_WITH_KNOTS('',3,(#7850,#7851,#7852,#7853,#7854),
 .UNSPECIFIED.,.F.,.F.,(4,1,4),(4.22432771467401E-17,0.00131252784017867,
0.0026250556803573),.UNSPECIFIED.);
#2157=B_SPLINE_CURVE_WITH_KNOTS('',3,(#8001,#8002,#8003,#8004,#8005),
 .UNSPECIFIED.,.F.,.F.,(4,1,4),(0.,0.00102304822431555,0.0020460964486311),
 .UNSPECIFIED.);
#2158=B_SPLINE_CURVE_WITH_KNOTS('',3,(#8009,#8010,#8011,#8012,#8013),
 .UNSPECIFIED.,.F.,.F.,(4,1,4),(1.36458800121447E-15,0.00182308296860337,
0.00364616593720538),.UNSPECIFIED.);
#2159=B_SPLINE_CURVE_WITH_KNOTS('',3,(#8031,#8032,#8033,#8034),
 .UNSPECIFIED.,.F.,.F.,(4,4),(-0.284003617676227,-0.270501386059766),
 .UNSPECIFIED.);
#2160=B_SPLINE_CURVE_WITH_KNOTS('',3,(#8082,#8083,#8084,#8085,#8086,#8087),
 .UNSPECIFIED.,.F.,.F.,(4,2,4),(0.,0.151022467783905,0.303748416345296),
 .UNSPECIFIED.);
#2161=B_SPLINE_CURVE_WITH_KNOTS('',3,(#8105,#8106,#8107,#8108,#8109,#8110),
 .UNSPECIFIED.,.F.,.F.,(4,2,4),(-0.0182502444715191,-0.00912520019943487,
-6.41730824729736E-10),.UNSPECIFIED.);
#2162=B_SPLINE_CURVE_WITH_KNOTS('',3,(#8127,#8128,#8129,#8130,#8131,#8132,
#8133),.UNSPECIFIED.,.F.,.F.,(4,3,4),(0.,0.0203121518330496,0.0407450899152649),
 .UNSPECIFIED.);
#2163=B_SPLINE_CURVE_WITH_KNOTS('',3,(#8134,#8135,#8136,#8137,#8138,#8139,
#8140,#8141,#8142,#8143,#8144,#8145,#8146),.UNSPECIFIED.,.F.,.F.,(4,3,3,
3,4),(-0.0298213152567509,-0.0150244069005458,-0.0142134820629538,-0.00509230132763288,
0.),.UNSPECIFIED.);
#2164=B_SPLINE_CURVE_WITH_KNOTS('',3,(#8222,#8223,#8224,#8225,#8226,#8227,
#8228,#8229),.UNSPECIFIED.,.F.,.F.,(4,1,1,1,1,4),(7.152448122691E-18,0.00018961243595599,
0.000379224871911973,0.000758449743823938,0.0011376746157359,0.00151689948764787),
 .UNSPECIFIED.);
#2165=B_SPLINE_CURVE_WITH_KNOTS('',3,(#8304,#8305,#8306,#8307,#8308,#8309),
 .UNSPECIFIED.,.F.,.F.,(4,1,1,4),(1.04979439496147E-16,0.000305450184445946,
0.000458175276668867,0.000610900368891788),.UNSPECIFIED.);
#2166=B_SPLINE_CURVE_WITH_KNOTS('',3,(#8332,#8333,#8334,#8335,#8336,#8337),
 .UNSPECIFIED.,.F.,.F.,(4,2,4),(-0.0680490366339396,-0.0335473600742709,
0.),.UNSPECIFIED.);
#2167=B_SPLINE_CURVE_WITH_KNOTS('',3,(#8483,#8484,#8485,#8486),
 .UNSPECIFIED.,.F.,.F.,(4,4),(-0.157570856018208,-0.128958270834964),
 .UNSPECIFIED.);
#2168=B_SPLINE_CURVE_WITH_KNOTS('',3,(#8544,#8545,#8546,#8547,#8548,#8549),
 .UNSPECIFIED.,.F.,.F.,(4,2,4),(-0.129527686589472,-0.118815426466369,-0.0970213576285337),
 .UNSPECIFIED.);
#2169=B_SPLINE_CURVE_WITH_KNOTS('',3,(#8566,#8567,#8568,#8569,#8570,#8571),
 .UNSPECIFIED.,.F.,.F.,(4,2,4),(-0.0680030216059613,-0.0340015108029998,
0.),.UNSPECIFIED.);
#2170=EDGE_LOOP('',(#539));
#2171=EDGE_LOOP('',(#540));
#2172=EDGE_LOOP('',(#541,#542,#543,#544,#545,#546,#547,#548,#549,#550,#551,
#552));
#2173=EDGE_LOOP('',(#553,#554,#555,#556,#557,#558,#559,#560,#561,#562,#563,
#564));
#2174=EDGE_LOOP('',(#565));
#2175=EDGE_LOOP('',(#566,#567,#568,#569,#570,#571,#572,#573,#574,#575,#576,
#577,#578,#579,#580,#581,#582,#583,#584,#585,#586,#587,#588,#589,#590,#591,
#592,#593,#594,#595));
#2176=EDGE_LOOP('',(#596));
#2177=EDGE_LOOP('',(#597));
#2178=EDGE_LOOP('',(#598,#599));
#2179=EDGE_LOOP('',(#600));
#2180=EDGE_LOOP('',(#601,#602,#603,#604,#605,#606));
#2181=EDGE_LOOP('',(#607));
#2182=EDGE_LOOP('',(#608));
#2183=EDGE_LOOP('',(#609,#610,#611,#612));
#2184=EDGE_LOOP('',(#613,#614,#615,#616,#617,#618,#619,#620,#621,#622,#623,
#624));
#2185=EDGE_LOOP('',(#625,#626,#627,#628,#629,#630,#631,#632,#633,#634,#635,
#636,#637,#638,#639,#640,#641));
#2186=EDGE_LOOP('',(#642,#643,#644,#645));
#2187=EDGE_LOOP('',(#646,#647,#648,#649));
#2188=EDGE_LOOP('',(#650,#651,#652,#653,#654,#655,#656,#657,#658,#659,#660,
#661));
#2189=EDGE_LOOP('',(#662,#663,#664,#665,#666,#667,#668,#669,#670,#671));
#2190=EDGE_LOOP('',(#672,#673,#674,#675,#676,#677));
#2191=EDGE_LOOP('',(#678,#679,#680,#681,#682));
#2192=EDGE_LOOP('',(#683,#684,#685,#686,#687));
#2193=EDGE_LOOP('',(#688,#689,#690,#691));
#2194=EDGE_LOOP('',(#692,#693,#694,#695,#696,#697));
#2195=EDGE_LOOP('',(#698,#699,#700,#701));
#2196=EDGE_LOOP('',(#702,#703,#704,#705,#706));
#2197=EDGE_LOOP('',(#707,#708,#709,#710,#711));
#2198=EDGE_LOOP('',(#712,#713,#714,#715,#716));
#2199=EDGE_LOOP('',(#717,#718,#719,#720,#721));
#2200=EDGE_LOOP('',(#722,#723,#724,#725,#726));
#2201=EDGE_LOOP('',(#727));
#2202=EDGE_LOOP('',(#728));
#2203=EDGE_LOOP('',(#729,#730,#731,#732,#733,#734,#735,#736));
#2204=EDGE_LOOP('',(#737,#738,#739,#740));
#2205=EDGE_LOOP('',(#741,#742,#743,#744));
#2206=EDGE_LOOP('',(#745,#746,#747,#748));
#2207=EDGE_LOOP('',(#749,#750,#751,#752));
#2208=EDGE_LOOP('',(#753,#754,#755,#756));
#2209=EDGE_LOOP('',(#757,#758,#759,#760));
#2210=EDGE_LOOP('',(#761,#762,#763,#764));
#2211=EDGE_LOOP('',(#765,#766,#767,#768));
#2212=EDGE_LOOP('',(#769,#770,#771,#772));
#2213=EDGE_LOOP('',(#773,#774,#775,#776));
#2214=EDGE_LOOP('',(#777,#778,#779,#780));
#2215=EDGE_LOOP('',(#781,#782,#783,#784));
#2216=EDGE_LOOP('',(#785,#786,#787,#788));
#2217=EDGE_LOOP('',(#789,#790,#791,#792));
#2218=EDGE_LOOP('',(#793,#794,#795,#796));
#2219=EDGE_LOOP('',(#797,#798,#799,#800));
#2220=EDGE_LOOP('',(#801,#802,#803,#804));
#2221=EDGE_LOOP('',(#805,#806,#807,#808));
#2222=EDGE_LOOP('',(#809,#810,#811,#812));
#2223=EDGE_LOOP('',(#813,#814,#815,#816));
#2224=EDGE_LOOP('',(#817,#818,#819,#820));
#2225=EDGE_LOOP('',(#821,#822,#823,#824));
#2226=EDGE_LOOP('',(#825,#826,#827,#828));
#2227=EDGE_LOOP('',(#829,#830,#831,#832));
#2228=EDGE_LOOP('',(#833,#834,#835,#836));
#2229=EDGE_LOOP('',(#837,#838,#839,#840));
#2230=EDGE_LOOP('',(#841,#842,#843,#844,#845,#846));
#2231=EDGE_LOOP('',(#847,#848,#849,#850,#851,#852));
#2232=EDGE_LOOP('',(#853,#854,#855,#856,#857,#858));
#2233=EDGE_LOOP('',(#859,#860,#861,#862,#863));
#2234=EDGE_LOOP('',(#864,#865,#866,#867));
#2235=EDGE_LOOP('',(#868,#869,#870,#871,#872));
#2236=EDGE_LOOP('',(#873,#874,#875,#876,#877,#878));
#2237=EDGE_LOOP('',(#879,#880,#881,#882));
#2238=EDGE_LOOP('',(#883,#884,#885,#886));
#2239=EDGE_LOOP('',(#887,#888,#889,#890));
#2240=EDGE_LOOP('',(#891,#892,#893,#894));
#2241=EDGE_LOOP('',(#895,#896,#897,#898));
#2242=EDGE_LOOP('',(#899,#900,#901,#902));
#2243=EDGE_LOOP('',(#903,#904,#905,#906));
#2244=EDGE_LOOP('',(#907,#908,#909,#910));
#2245=EDGE_LOOP('',(#911,#912,#913,#914));
#2246=EDGE_LOOP('',(#915,#916,#917,#918));
#2247=EDGE_LOOP('',(#919,#920,#921,#922));
#2248=EDGE_LOOP('',(#923,#924,#925,#926,#927));
#2249=EDGE_LOOP('',(#928,#929,#930,#931,#932));
#2250=EDGE_LOOP('',(#933,#934,#935,#936));
#2251=EDGE_LOOP('',(#937,#938,#939,#940));
#2252=EDGE_LOOP('',(#941,#942,#943,#944,#945,#946));
#2253=EDGE_LOOP('',(#947,#948,#949,#950));
#2254=EDGE_LOOP('',(#951,#952,#953,#954,#955,#956));
#2255=EDGE_LOOP('',(#957,#958,#959,#960,#961));
#2256=EDGE_LOOP('',(#962,#963,#964,#965));
#2257=EDGE_LOOP('',(#966,#967,#968,#969,#970));
#2258=EDGE_LOOP('',(#971,#972,#973,#974,#975,#976));
#2259=EDGE_LOOP('',(#977,#978,#979,#980,#981,#982));
#2260=EDGE_LOOP('',(#983,#984,#985,#986,#987,#988));
#2261=EDGE_LOOP('',(#989,#990,#991,#992));
#2262=EDGE_LOOP('',(#993,#994,#995,#996));
#2263=EDGE_LOOP('',(#997,#998,#999,#1000));
#2264=EDGE_LOOP('',(#1001,#1002,#1003,#1004));
#2265=EDGE_LOOP('',(#1005,#1006,#1007,#1008));
#2266=EDGE_LOOP('',(#1009,#1010,#1011,#1012));
#2267=EDGE_LOOP('',(#1013,#1014,#1015,#1016));
#2268=EDGE_LOOP('',(#1017,#1018,#1019,#1020));
#2269=EDGE_LOOP('',(#1021,#1022,#1023,#1024));
#2270=EDGE_LOOP('',(#1025,#1026,#1027,#1028));
#2271=EDGE_LOOP('',(#1029,#1030,#1031,#1032));
#2272=EDGE_LOOP('',(#1033,#1034,#1035,#1036));
#2273=EDGE_LOOP('',(#1037,#1038,#1039,#1040));
#2274=EDGE_LOOP('',(#1041,#1042,#1043,#1044));
#2275=EDGE_LOOP('',(#1045,#1046,#1047,#1048,#1049,#1050));
#2276=EDGE_LOOP('',(#1051,#1052,#1053,#1054,#1055));
#2277=EDGE_LOOP('',(#1056,#1057,#1058,#1059));
#2278=EDGE_LOOP('',(#1060,#1061,#1062,#1063));
#2279=EDGE_LOOP('',(#1064,#1065,#1066,#1067));
#2280=EDGE_LOOP('',(#1068,#1069,#1070,#1071));
#2281=EDGE_LOOP('',(#1072,#1073,#1074,#1075));
#2282=EDGE_LOOP('',(#1076,#1077,#1078,#1079));
#2283=EDGE_LOOP('',(#1080,#1081,#1082,#1083));
#2284=EDGE_LOOP('',(#1084,#1085,#1086,#1087));
#2285=EDGE_LOOP('',(#1088,#1089,#1090,#1091));
#2286=EDGE_LOOP('',(#1092,#1093,#1094,#1095));
#2287=EDGE_LOOP('',(#1096,#1097,#1098,#1099));
#2288=EDGE_LOOP('',(#1100,#1101,#1102,#1103));
#2289=EDGE_LOOP('',(#1104,#1105,#1106,#1107,#1108));
#2290=EDGE_LOOP('',(#1109,#1110,#1111,#1112));
#2291=EDGE_LOOP('',(#1113,#1114,#1115,#1116,#1117));
#2292=EDGE_LOOP('',(#1118,#1119,#1120,#1121));
#2293=EDGE_LOOP('',(#1122,#1123,#1124,#1125));
#2294=EDGE_LOOP('',(#1126,#1127,#1128,#1129));
#2295=EDGE_LOOP('',(#1130,#1131,#1132,#1133));
#2296=EDGE_LOOP('',(#1134,#1135,#1136,#1137));
#2297=EDGE_LOOP('',(#1138,#1139,#1140,#1141));
#2298=EDGE_LOOP('',(#1142,#1143,#1144,#1145));
#2299=EDGE_LOOP('',(#1146,#1147,#1148,#1149));
#2300=EDGE_LOOP('',(#1150,#1151,#1152,#1153));
#2301=EDGE_LOOP('',(#1154,#1155,#1156,#1157));
#2302=EDGE_LOOP('',(#1158,#1159,#1160,#1161));
#2303=EDGE_LOOP('',(#1162,#1163,#1164,#1165));
#2304=EDGE_LOOP('',(#1166,#1167,#1168,#1169,#1170));
#2305=EDGE_LOOP('',(#1171,#1172,#1173,#1174));
#2306=EDGE_LOOP('',(#1175,#1176,#1177,#1178,#1179));
#2307=EDGE_LOOP('',(#1180,#1181,#1182,#1183));
#2308=EDGE_LOOP('',(#1184,#1185,#1186,#1187));
#2309=EDGE_LOOP('',(#1188,#1189,#1190,#1191));
#2310=EDGE_LOOP('',(#1192,#1193,#1194,#1195));
#2311=EDGE_LOOP('',(#1196,#1197,#1198,#1199));
#2312=EDGE_LOOP('',(#1200,#1201,#1202,#1203));
#2313=EDGE_LOOP('',(#1204,#1205,#1206,#1207));
#2314=EDGE_LOOP('',(#1208,#1209,#1210,#1211));
#2315=EDGE_LOOP('',(#1212,#1213,#1214,#1215));
#2316=EDGE_LOOP('',(#1216,#1217,#1218,#1219));
#2317=EDGE_LOOP('',(#1220,#1221,#1222,#1223));
#2318=EDGE_LOOP('',(#1224,#1225,#1226,#1227));
#2319=EDGE_LOOP('',(#1228,#1229,#1230,#1231,#1232,#1233));
#2320=EDGE_LOOP('',(#1234,#1235,#1236,#1237,#1238,#1239));
#2321=EDGE_LOOP('',(#1240,#1241,#1242,#1243,#1244,#1245,#1246,#1247,#1248,
#1249,#1250,#1251));
#2322=EDGE_LOOP('',(#1252,#1253,#1254,#1255,#1256,#1257,#1258,#1259,#1260,
#1261,#1262,#1263,#1264,#1265,#1266,#1267,#1268));
#2323=EDGE_LOOP('',(#1269,#1270,#1271,#1272));
#2324=EDGE_LOOP('',(#1273,#1274,#1275,#1276));
#2325=EDGE_LOOP('',(#1277,#1278,#1279,#1280));
#2326=EDGE_LOOP('',(#1281,#1282,#1283,#1284));
#2327=EDGE_LOOP('',(#1285,#1286,#1287,#1288));
#2328=EDGE_LOOP('',(#1289,#1290,#1291,#1292));
#2329=EDGE_LOOP('',(#1293,#1294,#1295,#1296));
#2330=EDGE_LOOP('',(#1297,#1298,#1299,#1300));
#2331=EDGE_LOOP('',(#1301,#1302,#1303,#1304));
#2332=EDGE_LOOP('',(#1305,#1306,#1307,#1308));
#2333=EDGE_LOOP('',(#1309,#1310,#1311,#1312));
#2334=EDGE_LOOP('',(#1313,#1314,#1315,#1316));
#2335=EDGE_LOOP('',(#1317,#1318,#1319,#1320,#1321));
#2336=EDGE_LOOP('',(#1322,#1323,#1324,#1325));
#2337=EDGE_LOOP('',(#1326,#1327,#1328,#1329,#1330));
#2338=EDGE_LOOP('',(#1331,#1332,#1333,#1334,#1335,#1336));
#2339=EDGE_LOOP('',(#1337,#1338,#1339,#1340,#1341));
#2340=EDGE_LOOP('',(#1342,#1343,#1344,#1345,#1346));
#2341=EDGE_LOOP('',(#1347,#1348,#1349,#1350,#1351,#1352));
#2342=EDGE_LOOP('',(#1353,#1354,#1355,#1356));
#2343=FACE_BOUND('',#2170,.T.);
#2344=FACE_BOUND('',#2171,.T.);
#2345=FACE_BOUND('',#2172,.T.);
#2346=FACE_BOUND('',#2173,.T.);
#2347=FACE_BOUND('',#2174,.T.);
#2348=FACE_BOUND('',#2175,.T.);
#2349=FACE_BOUND('',#2176,.T.);
#2350=FACE_BOUND('',#2177,.T.);
#2351=FACE_BOUND('',#2178,.T.);
#2352=FACE_BOUND('',#2179,.T.);
#2353=FACE_BOUND('',#2180,.T.);
#2354=FACE_BOUND('',#2181,.T.);
#2355=FACE_BOUND('',#2182,.T.);
#2356=FACE_BOUND('',#2183,.T.);
#2357=FACE_BOUND('',#2184,.T.);
#2358=FACE_BOUND('',#2185,.T.);
#2359=FACE_BOUND('',#2186,.T.);
#2360=FACE_BOUND('',#2187,.T.);
#2361=FACE_BOUND('',#2188,.T.);
#2362=FACE_BOUND('',#2189,.T.);
#2363=FACE_BOUND('',#2190,.T.);
#2364=FACE_BOUND('',#2191,.T.);
#2365=FACE_BOUND('',#2192,.T.);
#2366=FACE_BOUND('',#2193,.T.);
#2367=FACE_BOUND('',#2194,.T.);
#2368=FACE_BOUND('',#2195,.T.);
#2369=FACE_BOUND('',#2196,.T.);
#2370=FACE_BOUND('',#2197,.T.);
#2371=FACE_BOUND('',#2198,.T.);
#2372=FACE_BOUND('',#2199,.T.);
#2373=FACE_BOUND('',#2200,.T.);
#2374=FACE_BOUND('',#2201,.T.);
#2375=FACE_BOUND('',#2202,.T.);
#2376=FACE_BOUND('',#2203,.T.);
#2377=FACE_BOUND('',#2204,.T.);
#2378=FACE_BOUND('',#2205,.T.);
#2379=FACE_BOUND('',#2206,.T.);
#2380=FACE_BOUND('',#2207,.T.);
#2381=FACE_BOUND('',#2208,.T.);
#2382=FACE_BOUND('',#2209,.T.);
#2383=FACE_BOUND('',#2210,.T.);
#2384=FACE_BOUND('',#2211,.T.);
#2385=FACE_BOUND('',#2212,.T.);
#2386=FACE_BOUND('',#2213,.T.);
#2387=FACE_BOUND('',#2214,.T.);
#2388=FACE_BOUND('',#2215,.T.);
#2389=FACE_BOUND('',#2216,.T.);
#2390=FACE_BOUND('',#2217,.T.);
#2391=FACE_BOUND('',#2218,.T.);
#2392=FACE_BOUND('',#2219,.T.);
#2393=FACE_BOUND('',#2220,.T.);
#2394=FACE_BOUND('',#2221,.T.);
#2395=FACE_BOUND('',#2222,.T.);
#2396=FACE_BOUND('',#2223,.T.);
#2397=FACE_BOUND('',#2224,.T.);
#2398=FACE_BOUND('',#2225,.T.);
#2399=FACE_BOUND('',#2226,.T.);
#2400=FACE_BOUND('',#2227,.T.);
#2401=FACE_BOUND('',#2228,.T.);
#2402=FACE_BOUND('',#2229,.T.);
#2403=FACE_BOUND('',#2230,.T.);
#2404=FACE_BOUND('',#2231,.T.);
#2405=FACE_BOUND('',#2232,.T.);
#2406=FACE_BOUND('',#2233,.T.);
#2407=FACE_BOUND('',#2234,.T.);
#2408=FACE_BOUND('',#2235,.T.);
#2409=FACE_BOUND('',#2236,.T.);
#2410=FACE_BOUND('',#2237,.T.);
#2411=FACE_BOUND('',#2238,.T.);
#2412=FACE_BOUND('',#2239,.T.);
#2413=FACE_BOUND('',#2240,.T.);
#2414=FACE_BOUND('',#2241,.T.);
#2415=FACE_BOUND('',#2242,.T.);
#2416=FACE_BOUND('',#2243,.T.);
#2417=FACE_BOUND('',#2244,.T.);
#2418=FACE_BOUND('',#2245,.T.);
#2419=FACE_BOUND('',#2246,.T.);
#2420=FACE_BOUND('',#2247,.T.);
#2421=FACE_BOUND('',#2248,.T.);
#2422=FACE_BOUND('',#2249,.T.);
#2423=FACE_BOUND('',#2250,.T.);
#2424=FACE_BOUND('',#2251,.T.);
#2425=FACE_BOUND('',#2252,.T.);
#2426=FACE_BOUND('',#2253,.T.);
#2427=FACE_BOUND('',#2254,.T.);
#2428=FACE_BOUND('',#2255,.T.);
#2429=FACE_BOUND('',#2256,.T.);
#2430=FACE_BOUND('',#2257,.T.);
#2431=FACE_BOUND('',#2258,.T.);
#2432=FACE_BOUND('',#2259,.T.);
#2433=FACE_BOUND('',#2260,.T.);
#2434=FACE_BOUND('',#2261,.T.);
#2435=FACE_BOUND('',#2262,.T.);
#2436=FACE_BOUND('',#2263,.T.);
#2437=FACE_BOUND('',#2264,.T.);
#2438=FACE_BOUND('',#2265,.T.);
#2439=FACE_BOUND('',#2266,.T.);
#2440=FACE_BOUND('',#2267,.T.);
#2441=FACE_BOUND('',#2268,.T.);
#2442=FACE_BOUND('',#2269,.T.);
#2443=FACE_BOUND('',#2270,.T.);
#2444=FACE_BOUND('',#2271,.T.);
#2445=FACE_BOUND('',#2272,.T.);
#2446=FACE_BOUND('',#2273,.T.);
#2447=FACE_BOUND('',#2274,.T.);
#2448=FACE_BOUND('',#2275,.T.);
#2449=FACE_BOUND('',#2276,.T.);
#2450=FACE_BOUND('',#2277,.T.);
#2451=FACE_BOUND('',#2278,.T.);
#2452=FACE_BOUND('',#2279,.T.);
#2453=FACE_BOUND('',#2280,.T.);
#2454=FACE_BOUND('',#2281,.T.);
#2455=FACE_BOUND('',#2282,.T.);
#2456=FACE_BOUND('',#2283,.T.);
#2457=FACE_BOUND('',#2284,.T.);
#2458=FACE_BOUND('',#2285,.T.);
#2459=FACE_BOUND('',#2286,.T.);
#2460=FACE_BOUND('',#2287,.T.);
#2461=FACE_BOUND('',#2288,.T.);
#2462=FACE_BOUND('',#2289,.T.);
#2463=FACE_BOUND('',#2290,.T.);
#2464=FACE_BOUND('',#2291,.T.);
#2465=FACE_BOUND('',#2292,.T.);
#2466=FACE_BOUND('',#2293,.T.);
#2467=FACE_BOUND('',#2294,.T.);
#2468=FACE_BOUND('',#2295,.T.);
#2469=FACE_BOUND('',#2296,.T.);
#2470=FACE_BOUND('',#2297,.T.);
#2471=FACE_BOUND('',#2298,.T.);
#2472=FACE_BOUND('',#2299,.T.);
#2473=FACE_BOUND('',#2300,.T.);
#2474=FACE_BOUND('',#2301,.T.);
#2475=FACE_BOUND('',#2302,.T.);
#2476=FACE_BOUND('',#2303,.T.);
#2477=FACE_BOUND('',#2304,.T.);
#2478=FACE_BOUND('',#2305,.T.);
#2479=FACE_BOUND('',#2306,.T.);
#2480=FACE_BOUND('',#2307,.T.);
#2481=FACE_BOUND('',#2308,.T.);
#2482=FACE_BOUND('',#2309,.T.);
#2483=FACE_BOUND('',#2310,.T.);
#2484=FACE_BOUND('',#2311,.T.);
#2485=FACE_BOUND('',#2312,.T.);
#2486=FACE_BOUND('',#2313,.T.);
#2487=FACE_BOUND('',#2314,.T.);
#2488=FACE_BOUND('',#2315,.T.);
#2489=FACE_BOUND('',#2316,.T.);
#2490=FACE_BOUND('',#2317,.T.);
#2491=FACE_BOUND('',#2318,.T.);
#2492=FACE_BOUND('',#2319,.T.);
#2493=FACE_BOUND('',#2320,.T.);
#2494=FACE_BOUND('',#2321,.T.);
#2495=FACE_BOUND('',#2322,.T.);
#2496=FACE_BOUND('',#2323,.T.);
#2497=FACE_BOUND('',#2324,.T.);
#2498=FACE_BOUND('',#2325,.T.);
#2499=FACE_BOUND('',#2326,.T.);
#2500=FACE_BOUND('',#2327,.T.);
#2501=FACE_BOUND('',#2328,.T.);
#2502=FACE_BOUND('',#2329,.T.);
#2503=FACE_BOUND('',#2330,.T.);
#2504=FACE_BOUND('',#2331,.T.);
#2505=FACE_BOUND('',#2332,.T.);
#2506=FACE_BOUND('',#2333,.T.);
#2507=FACE_BOUND('',#2334,.T.);
#2508=FACE_BOUND('',#2335,.T.);
#2509=FACE_BOUND('',#2336,.T.);
#2510=FACE_BOUND('',#2337,.T.);
#2511=FACE_BOUND('',#2338,.T.);
#2512=FACE_BOUND('',#2339,.T.);
#2513=FACE_BOUND('',#2340,.T.);
#2514=FACE_BOUND('',#2341,.T.);
#2515=FACE_BOUND('',#2342,.T.);
#2516=B_SPLINE_SURFACE_WITH_KNOTS('',3,3,((#3431,#3432,#3433,#3434,#3435,
#3436,#3437,#3438,#3439,#3440,#3441,#3442,#3443,#3444,#3445,#3446,#3447,
#3448,#3449,#3450,#3451,#3452,#3453,#3454,#3455,#3456,#3457,#3458,#3459,
#3460,#3461,#3462,#3463,#3464,#3465,#3466,#3467),(#3468,#3469,#3470,#3471,
#3472,#3473,#3474,#3475,#3476,#3477,#3478,#3479,#3480,#3481,#3482,#3483,
#3484,#3485,#3486,#3487,#3488,#3489,#3490,#3491,#3492,#3493,#3494,#3495,
#3496,#3497,#3498,#3499,#3500,#3501,#3502,#3503,#3504),(#3505,#3506,#3507,
#3508,#3509,#3510,#3511,#3512,#3513,#3514,#3515,#3516,#3517,#3518,#3519,
#3520,#3521,#3522,#3523,#3524,#3525,#3526,#3527,#3528,#3529,#3530,#3531,
#3532,#3533,#3534,#3535,#3536,#3537,#3538,#3539,#3540,#3541),(#3542,#3543,
#3544,#3545,#3546,#3547,#3548,#3549,#3550,#3551,#3552,#3553,#3554,#3555,
#3556,#3557,#3558,#3559,#3560,#3561,#3562,#3563,#3564,#3565,#3566,#3567,
#3568,#3569,#3570,#3571,#3572,#3573,#3574,#3575,#3576,#3577,#3578)),
 .UNSPECIFIED.,.F.,.T.,.F.,(4,4),(4,1,2,2,2,2,1,1,1,2,2,2,2,2,2,2,2,2,2,
1,4),(-0.000371047166104814,1.00057709677114),(0.,0.000291837724478443,
0.000583675448956886,0.0642042993852575,0.128408598770515,0.192610047618411,
0.240761134254333,0.288912220890254,0.337063307526176,0.385214394162098,
0.449418693547356,0.513622992932613,0.577827292317866,0.642031591703119,
0.706233040551012,0.834635938246799,0.898837387094693,0.963041686479946,
1.02666231041624,1.02695414814072,1.0272459858652),.UNSPECIFIED.);
#2517=B_SPLINE_SURFACE_WITH_KNOTS('',3,3,((#3952,#3953,#3954,#3955,#3956,
#3957,#3958,#3959,#3960,#3961,#3962,#3963,#3964,#3965,#3966,#3967,#3968,
#3969,#3970,#3971,#3972,#3973,#3974,#3975,#3976,#3977,#3978,#3979,#3980,
#3981,#3982,#3983,#3984,#3985,#3986,#3987),(#3988,#3989,#3990,#3991,#3992,
#3993,#3994,#3995,#3996,#3997,#3998,#3999,#4000,#4001,#4002,#4003,#4004,
#4005,#4006,#4007,#4008,#4009,#4010,#4011,#4012,#4013,#4014,#4015,#4016,
#4017,#4018,#4019,#4020,#4021,#4022,#4023),(#4024,#4025,#4026,#4027,#4028,
#4029,#4030,#4031,#4032,#4033,#4034,#4035,#4036,#4037,#4038,#4039,#4040,
#4041,#4042,#4043,#4044,#4045,#4046,#4047,#4048,#4049,#4050,#4051,#4052,
#4053,#4054,#4055,#4056,#4057,#4058,#4059),(#4060,#4061,#4062,#4063,#4064,
#4065,#4066,#4067,#4068,#4069,#4070,#4071,#4072,#4073,#4074,#4075,#4076,
#4077,#4078,#4079,#4080,#4081,#4082,#4083,#4084,#4085,#4086,#4087,#4088,
#4089,#4090,#4091,#4092,#4093,#4094,#4095)),.UNSPECIFIED.,.F.,.T.,.F.,(4,
4),(4,1,2,2,2,2,2,2,2,2,2,2,2,2,2,2,2,1,4),(-0.000487531637830707,1.00051849086515),
(0.,0.0032102149692629,0.00642042993852579,0.0642042993852579,0.128408598770516,
0.19261004761841,0.321012945314197,0.385214394162091,0.449418693547349,
0.513622992932607,0.577827292317861,0.642031591703114,0.706233040551007,
0.834635938246792,0.898837387094684,0.963041686479938,1.02082555592666,
1.02403577089593,1.02724598586519),.UNSPECIFIED.);
#2518=B_SPLINE_SURFACE_WITH_KNOTS('',3,3,((#4124,#4125,#4126,#4127,#4128,
#4129,#4130),(#4131,#4132,#4133,#4134,#4135,#4136,#4137),(#4138,#4139,#4140,
#4141,#4142,#4143,#4144),(#4145,#4146,#4147,#4148,#4149,#4150,#4151),(#4152,
#4153,#4154,#4155,#4156,#4157,#4158),(#4159,#4160,#4161,#4162,#4163,#4164,
#4165),(#4166,#4167,#4168,#4169,#4170,#4171,#4172),(#4173,#4174,#4175,#4176,
#4177,#4178,#4179),(#4180,#4181,#4182,#4183,#4184,#4185,#4186),(#4187,#4188,
#4189,#4190,#4191,#4192,#4193)),.RULED_SURF.,.F.,.F.,.F.,(4,3,3,4),(4,3,
4),(-0.0101609535616806,-0.000159359962060009,1.,1.00635365389611),(-1.29526801102124,
-0.785398163397427,-0.782338694508343),.PIECEWISE_BEZIER_KNOTS.);
#2519=B_SPLINE_SURFACE_WITH_KNOTS('',3,3,((#4389,#4390,#4391,#4392,#4393,
#4394,#4395),(#4396,#4397,#4398,#4399,#4400,#4401,#4402),(#4403,#4404,#4405,
#4406,#4407,#4408,#4409),(#4410,#4411,#4412,#4413,#4414,#4415,#4416)),
 .RULED_SURF.,.F.,.F.,.F.,(4,4),(4,1,1,1,4),(0.,1.01006159949797),(1.99340663294041,
2.6538250445249,3.30418185661143,3.62936026265469,4.28977867423919),
 .UNSPECIFIED.);
#2520=B_SPLINE_SURFACE_WITH_KNOTS('',3,3,((#4540,#4541,#4542,#4543,#4544,
#4545,#4546,#4547,#4548,#4549),(#4550,#4551,#4552,#4553,#4554,#4555,#4556,
#4557,#4558,#4559),(#4560,#4561,#4562,#4563,#4564,#4565,#4566,#4567,#4568,
#4569),(#4570,#4571,#4572,#4573,#4574,#4575,#4576,#4577,#4578,#4579),(#4580,
#4581,#4582,#4583,#4584,#4585,#4586,#4587,#4588,#4589),(#4590,#4591,#4592,
#4593,#4594,#4595,#4596,#4597,#4598,#4599),(#4600,#4601,#4602,#4603,#4604,
#4605,#4606,#4607,#4608,#4609)),.UNSPECIFIED.,.F.,.F.,.F.,(4,3,4),(4,2,
2,2,4),(-0.00675497650695621,0.,1.00001774024989),(0.106238680390442,0.11481658926309,
0.154616935432474,0.195861210028804,0.198296770306881),.UNSPECIFIED.);
#2521=B_SPLINE_SURFACE_WITH_KNOTS('',3,3,((#4617,#4618,#4619,#4620),(#4621,
#4622,#4623,#4624),(#4625,#4626,#4627,#4628),(#4629,#4630,#4631,#4632)),
 .UNSPECIFIED.,.F.,.F.,.F.,(4,4),(4,4),(0.,1.00601363642667),(0.198296770306882,
0.217196670661349),.UNSPECIFIED.);
#2522=B_SPLINE_SURFACE_WITH_KNOTS('',3,3,((#4633,#4634,#4635,#4636,#4637,
#4638,#4639,#4640,#4641,#4642),(#4643,#4644,#4645,#4646,#4647,#4648,#4649,
#4650,#4651,#4652),(#4653,#4654,#4655,#4656,#4657,#4658,#4659,#4660,#4661,
#4662),(#4663,#4664,#4665,#4666,#4667,#4668,#4669,#4670,#4671,#4672),(#4673,
#4674,#4675,#4676,#4677,#4678,#4679,#4680,#4681,#4682),(#4683,#4684,#4685,
#4686,#4687,#4688,#4689,#4690,#4691,#4692),(#4693,#4694,#4695,#4696,#4697,
#4698,#4699,#4700,#4701,#4702)),.UNSPECIFIED.,.F.,.F.,.F.,(4,3,4),(4,2,
2,2,4),(-0.00672934953095849,0.,1.00001773888149),(0.426665875380151,0.429101435658227,
0.470345710254557,0.510146056423941,0.518723965296588),.UNSPECIFIED.);
#2523=B_SPLINE_SURFACE_WITH_KNOTS('',3,3,((#4710,#4711,#4712,#4713),(#4714,
#4715,#4716,#4717),(#4718,#4719,#4720,#4721),(#4722,#4723,#4724,#4725)),
 .UNSPECIFIED.,.F.,.F.,.F.,(4,4),(4,4),(0.,1.00601363642626),(0.407765975025682,
0.42666587538015),.UNSPECIFIED.);
#2524=B_SPLINE_SURFACE_WITH_KNOTS('',3,3,((#4726,#4727,#4728,#4729),(#4730,
#4731,#4732,#4733),(#4734,#4735,#4736,#4737),(#4738,#4739,#4740,#4741),
(#4742,#4743,#4744,#4745),(#4746,#4747,#4748,#4749),(#4750,#4751,#4752,
#4753)),.RULED_SURF.,.F.,.F.,.F.,(4,3,4),(4,4),(-0.00600025238243627,0.,
1.),(4.41669120072693,4.65254756183126),.PIECEWISE_BEZIER_KNOTS.);
#2525=B_SPLINE_SURFACE_WITH_KNOTS('',3,3,((#4762,#4763,#4764,#4765),(#4766,
#4767,#4768,#4769),(#4770,#4771,#4772,#4773),(#4774,#4775,#4776,#4777)),
 .UNSPECIFIED.,.F.,.F.,.F.,(4,4),(4,4),(-0.00601034140922739,1.),(4.40322551941147,
4.41669120072835),.UNSPECIFIED.);
#2526=B_SPLINE_SURFACE_WITH_KNOTS('',3,3,((#4779,#4780,#4781,#4782,#4783,
#4784,#4785,#4786,#4787,#4788,#4789),(#4790,#4791,#4792,#4793,#4794,#4795,
#4796,#4797,#4798,#4799,#4800),(#4801,#4802,#4803,#4804,#4805,#4806,#4807,
#4808,#4809,#4810,#4811),(#4812,#4813,#4814,#4815,#4816,#4817,#4818,#4819,
#4820,#4821,#4822),(#4823,#4824,#4825,#4826,#4827,#4828,#4829,#4830,#4831,
#4832,#4833),(#4834,#4835,#4836,#4837,#4838,#4839,#4840,#4841,#4842,#4843,
#4844),(#4845,#4846,#4847,#4848,#4849,#4850,#4851,#4852,#4853,#4854,#4855)),
 .UNSPECIFIED.,.F.,.F.,.F.,(4,3,4),(4,3,2,2,4),(-0.00662564180970975,0.,
1.00001072247384),(0.199516532810626,0.200131332739907,0.227229886828144,
0.264901666140691,0.302573445453236),.UNSPECIFIED.);
#2527=B_SPLINE_SURFACE_WITH_KNOTS('',3,3,((#4871,#4872,#4873,#4874,#4875,
#4876),(#4877,#4878,#4879,#4880,#4881,#4882),(#4883,#4884,#4885,#4886,#4887,
#4888),(#4889,#4890,#4891,#4892,#4893,#4894),(#4895,#4896,#4897,#4898,#4899,
#4900),(#4901,#4902,#4903,#4904,#4905,#4906),(#4907,#4908,#4909,#4910,#4911,
#4912)),.UNSPECIFIED.,.F.,.F.,.F.,(4,3,4),(4,2,4),(-0.00661908353463769,
0.,1.00000440080748),(0.605146692778373,0.642818472090923,0.679384283485647),
 .UNSPECIFIED.);
#2528=B_SPLINE_SURFACE_WITH_KNOTS('',3,3,((#4924,#4925,#4926,#4927),(#4928,
#4929,#4930,#4931),(#4932,#4933,#4934,#4935),(#4936,#4937,#4938,#4939),
(#4940,#4941,#4942,#4943),(#4944,#4945,#4946,#4947),(#4948,#4949,#4950,
#4951)),.RULED_SURF.,.F.,.F.,.F.,(4,3,4),(4,4),(-0.00600002074446872,0.,
1.),(1.6033457649731,1.75636868327131),.PIECEWISE_BEZIER_KNOTS.);
#2529=B_SPLINE_SURFACE_WITH_KNOTS('',3,3,((#4962,#4963,#4964,#4965,#4966,
#4967),(#4968,#4969,#4970,#4971,#4972,#4973),(#4974,#4975,#4976,#4977,#4978,
#4979),(#4980,#4981,#4982,#4983,#4984,#4985),(#4986,#4987,#4988,#4989,#4990,
#4991),(#4992,#4993,#4994,#4995,#4996,#4997),(#4998,#4999,#5000,#5001,#5002,
#5003),(#5004,#5005,#5006,#5007,#5008,#5009),(#5010,#5011,#5012,#5013,#5014,
#5015),(#5016,#5017,#5018,#5019,#5020,#5021)),.UNSPECIFIED.,.F.,.F.,.F.,
(4,3,3,4),(4,2,4),(-0.00675567932668504,0.,1.00000590137018,1.00600606514842),
(0.383088964160563,0.421612029105092,0.447294755297784),.UNSPECIFIED.);
#2530=B_SPLINE_SURFACE_WITH_KNOTS('',3,3,((#5029,#5030,#5031,#5032),(#5033,
#5034,#5035,#5036),(#5037,#5038,#5039,#5040),(#5041,#5042,#5043,#5044)),
 .RULED_SURF.,.F.,.F.,.F.,(4,4),(4,4),(-0.00600082427226,1.),(1.75636868327129,
1.76163105044196),.PIECEWISE_BEZIER_KNOTS.);
#2531=B_SPLINE_SURFACE_WITH_KNOTS('',3,3,((#5046,#5047,#5048,#5049),(#5050,
#5051,#5052,#5053),(#5054,#5055,#5056,#5057),(#5058,#5059,#5060,#5061)),
 .RULED_SURF.,.F.,.F.,.F.,(4,4),(4,4),(-0.00601138002054156,1.00600032366051),
(0.447294755297784,0.460135094049623),.PIECEWISE_BEZIER_KNOTS.);
#2532=B_SPLINE_SURFACE_WITH_KNOTS('',3,3,((#5062,#5063,#5064,#5065,#5066,
#5067,#5068,#5069,#5070),(#5071,#5072,#5073,#5074,#5075,#5076,#5077,#5078,
#5079),(#5080,#5081,#5082,#5083,#5084,#5085,#5086,#5087,#5088),(#5089,#5090,
#5091,#5092,#5093,#5094,#5095,#5096,#5097),(#5098,#5099,#5100,#5101,#5102,
#5103,#5104,#5105,#5106),(#5107,#5108,#5109,#5110,#5111,#5112,#5113,#5114,
#5115),(#5116,#5117,#5118,#5119,#5120,#5121,#5122,#5123,#5124),(#5125,#5126,
#5127,#5128,#5129,#5130,#5131,#5132,#5133),(#5134,#5135,#5136,#5137,#5138,
#5139,#5140,#5141,#5142),(#5143,#5144,#5145,#5146,#5147,#5148,#5149,#5150,
#5151)),.UNSPECIFIED.,.F.,.F.,.F.,(4,3,3,4),(4,2,3,4),(-0.00678629631330113,
0.,1.00000590179783,1.00666521151238),(0.167690671609816,0.193373397802508,
0.231896462747039,0.232291394055865),.UNSPECIFIED.);
#2533=B_SPLINE_SURFACE_WITH_KNOTS('',3,3,((#5162,#5163,#5164,#5165),(#5166,
#5167,#5168,#5169),(#5170,#5171,#5172,#5173),(#5174,#5175,#5176,#5177)),
 .RULED_SURF.,.F.,.F.,.F.,(4,4),(4,4),(-0.0060113800205798,1.00600032366045),
(0.154850332857978,0.167690671609815),.PIECEWISE_BEZIER_KNOTS.);
#2534=B_SPLINE_SURFACE_WITH_KNOTS('',3,3,((#5178,#5179,#5180,#5181),(#5182,
#5183,#5184,#5185),(#5186,#5187,#5188,#5189),(#5190,#5191,#5192,#5193),
(#5194,#5195,#5196,#5197),(#5198,#5199,#5200,#5201),(#5202,#5203,#5204,
#5205),(#5206,#5207,#5208,#5209),(#5210,#5211,#5212,#5213),(#5214,#5215,
#5216,#5217)),.RULED_SURF.,.F.,.F.,.F.,(4,3,3,4),(4,4),(-0.00600002074452773,
0.,1.,1.0061856306341),(4.52681662390827,4.67983954220649),
 .PIECEWISE_BEZIER_KNOTS.);
#2535=B_SPLINE_SURFACE_WITH_KNOTS('',3,3,((#5234,#5235,#5236,#5237,#5238,
#5239),(#5240,#5241,#5242,#5243,#5244,#5245),(#5246,#5247,#5248,#5249,#5250,
#5251),(#5252,#5253,#5254,#5255,#5256,#5257),(#5258,#5259,#5260,#5261,#5262,
#5263),(#5264,#5265,#5266,#5267,#5268,#5269),(#5270,#5271,#5272,#5273,#5274,
#5275),(#5276,#5277,#5278,#5279,#5280,#5281),(#5282,#5283,#5284,#5285,#5286,
#5287),(#5288,#5289,#5290,#5291,#5292,#5293)),.UNSPECIFIED.,.F.,.F.,.F.,
(4,3,3,4),(4,2,4),(-0.00665913171522796,0.,1.0000044007848,1.00600991164096),
(0.530909102071102,0.567474913465825,0.605146692778373),.UNSPECIFIED.);
#2536=B_SPLINE_SURFACE_WITH_KNOTS('',3,3,((#5309,#5310,#5311,#5312,#5313,
#5314,#5315,#5316),(#5317,#5318,#5319,#5320,#5321,#5322,#5323,#5324),(#5325,
#5326,#5327,#5328,#5329,#5330,#5331,#5332),(#5333,#5334,#5335,#5336,#5337,
#5338,#5339,#5340),(#5341,#5342,#5343,#5344,#5345,#5346,#5347,#5348),(#5349,
#5350,#5351,#5352,#5353,#5354,#5355,#5356),(#5357,#5358,#5359,#5360,#5361,
#5362,#5363,#5364)),.UNSPECIFIED.,.F.,.F.,.F.,(4,3,4),(4,2,2,4),(-0.00657012977757486,
0.,1.00000566962658),(0.302573247325135,0.34024502663768,0.377916805950226,
0.405015360038457),.UNSPECIFIED.);
#2537=B_SPLINE_SURFACE_WITH_KNOTS('',3,3,((#5376,#5377,#5378,#5379),(#5380,
#5381,#5382,#5383),(#5384,#5385,#5386,#5387),(#5388,#5389,#5390,#5391),
(#5392,#5393,#5394,#5395),(#5396,#5397,#5398,#5399),(#5400,#5401,#5402,
#5403)),.RULED_SURF.,.F.,.F.,.F.,(4,3,4),(4,4),(-0.00600025238274772,0.,
1.),(1.63063774534833,1.86649410645266),.PIECEWISE_BEZIER_KNOTS.);
#2538=B_SPLINE_SURFACE_WITH_KNOTS('',3,3,((#5414,#5415,#5416,#5417),(#5418,
#5419,#5420,#5421),(#5422,#5423,#5424,#5425),(#5426,#5427,#5428,#5429)),
 .UNSPECIFIED.,.F.,.F.,.F.,(4,4),(4,4),(-0.00601034140931808,1.),(1.86649410645125,
1.87995978776813),.UNSPECIFIED.);
#2539=B_SPLINE_SURFACE_WITH_KNOTS('',3,3,((#5514,#5515,#5516,#5517,#5518,
#5519),(#5520,#5521,#5522,#5523,#5524,#5525),(#5526,#5527,#5528,#5529,#5530,
#5531),(#5532,#5533,#5534,#5535,#5536,#5537),(#5538,#5539,#5540,#5541,#5542,
#5543),(#5544,#5545,#5546,#5547,#5548,#5549),(#5550,#5551,#5552,#5553,#5554,
#5555)),.UNSPECIFIED.,.F.,.F.,.F.,(4,3,4),(4,2,4),(-0.00642447775589354,
0.,1.00001472948161),(0.152315497548684,0.190347421804635,0.223545106052805),
 .UNSPECIFIED.);
#2540=B_SPLINE_SURFACE_WITH_KNOTS('',3,3,((#5588,#5589,#5590,#5591),(#5592,
#5593,#5594,#5595),(#5596,#5597,#5598,#5599),(#5600,#5601,#5602,#5603)),
 .RULED_SURF.,.F.,.F.,.F.,(4,4),(4,4),(-0.00600271891540844,1.),(-0.167998973180141,
-0.161856988028204),.PIECEWISE_BEZIER_KNOTS.);
#2541=B_SPLINE_SURFACE_WITH_KNOTS('',3,3,((#5605,#5606,#5607,#5608),(#5609,
#5610,#5611,#5612),(#5613,#5614,#5615,#5616),(#5617,#5618,#5619,#5620),
(#5621,#5622,#5623,#5624),(#5625,#5626,#5627,#5628),(#5629,#5630,#5631,
#5632)),.RULED_SURF.,.F.,.F.,.F.,(4,3,4),(4,4),(0.,1.00000005566906,1.00600355138397),
(1.4423200156653,1.53637350196342),.PIECEWISE_BEZIER_KNOTS.);
#2542=B_SPLINE_SURFACE_WITH_KNOTS('',3,3,((#5650,#5651,#5652,#5653,#5654,
#5655,#5656,#5657,#5658),(#5659,#5660,#5661,#5662,#5663,#5664,#5665,#5666,
#5667),(#5668,#5669,#5670,#5671,#5672,#5673,#5674,#5675,#5676),(#5677,#5678,
#5679,#5680,#5681,#5682,#5683,#5684,#5685),(#5686,#5687,#5688,#5689,#5690,
#5691,#5692,#5693,#5694),(#5695,#5696,#5697,#5698,#5699,#5700,#5701,#5702,
#5703),(#5704,#5705,#5706,#5707,#5708,#5709,#5710,#5711,#5712),(#5713,#5714,
#5715,#5716,#5717,#5718,#5719,#5720,#5721),(#5722,#5723,#5724,#5725,#5726,
#5727,#5728,#5729,#5730),(#5731,#5732,#5733,#5734,#5735,#5736,#5737,#5738,
#5739)),.UNSPECIFIED.,.F.,.F.,.F.,(4,3,3,4),(4,3,2,4),(-0.00670255572709857,
0.,1.,1.0060053264479),(0.528094178939476,0.528546298824231,0.566218329595577,
0.603890360366924),.UNSPECIFIED.);
#2543=B_SPLINE_SURFACE_WITH_KNOTS('',3,3,((#5775,#5776,#5777,#5778,#5779,
#5780,#5781,#5782),(#5783,#5784,#5785,#5786,#5787,#5788,#5789,#5790),(#5791,
#5792,#5793,#5794,#5795,#5796,#5797,#5798),(#5799,#5800,#5801,#5802,#5803,
#5804,#5805,#5806),(#5807,#5808,#5809,#5810,#5811,#5812,#5813,#5814),(#5815,
#5816,#5817,#5818,#5819,#5820,#5821,#5822),(#5823,#5824,#5825,#5826,#5827,
#5828,#5829,#5830),(#5831,#5832,#5833,#5834,#5835,#5836,#5837,#5838),(#5839,
#5840,#5841,#5842,#5843,#5844,#5845,#5846),(#5847,#5848,#5849,#5850,#5851,
#5852,#5853,#5854)),.UNSPECIFIED.,.F.,.F.,.F.,(4,3,3,4),(4,2,2,4),(-0.00649396082934708,
0.,1.00001909728776,1.00602070948039),(0.301945200689116,0.339611507448601,
0.377277814208049,0.406772836363814),.UNSPECIFIED.);
#2544=B_SPLINE_SURFACE_WITH_KNOTS('',3,3,((#5880,#5881,#5882,#5883),(#5884,
#5885,#5886,#5887),(#5888,#5889,#5890,#5891),(#5892,#5893,#5894,#5895),
(#5896,#5897,#5898,#5899),(#5900,#5901,#5902,#5903),(#5904,#5905,#5906,
#5907)),.RULED_SURF.,.F.,.F.,.F.,(4,3,4),(4,4),(0.,1.,1.0060384384487),
(4.76396370619995,4.91055661837532),.PIECEWISE_BEZIER_KNOTS.);
#2545=B_SPLINE_SURFACE_WITH_KNOTS('',3,3,((#5939,#5940,#5941,#5942,#5943,
#5944,#5945,#5946,#5947,#5948,#5949),(#5950,#5951,#5952,#5953,#5954,#5955,
#5956,#5957,#5958,#5959,#5960),(#5961,#5962,#5963,#5964,#5965,#5966,#5967,
#5968,#5969,#5970,#5971),(#5972,#5973,#5974,#5975,#5976,#5977,#5978,#5979,
#5980,#5981,#5982),(#5983,#5984,#5985,#5986,#5987,#5988,#5989,#5990,#5991,
#5992,#5993),(#5994,#5995,#5996,#5997,#5998,#5999,#6000,#6001,#6002,#6003,
#6004),(#6005,#6006,#6007,#6008,#6009,#6010,#6011,#6012,#6013,#6014,#6015)),
 .UNSPECIFIED.,.F.,.F.,.F.,(4,3,4),(4,3,2,2,4),(-0.00653272725395486,0.,
1.0000211981335),(0.113805813365321,0.114404129807138,0.152238876286033,
0.191236915136909,0.212153652528425),.UNSPECIFIED.);
#2546=B_SPLINE_SURFACE_WITH_KNOTS('',3,3,((#6044,#6045,#6046,#6047,#6048,
#6049,#6050),(#6051,#6052,#6053,#6054,#6055,#6056,#6057),(#6058,#6059,#6060,
#6061,#6062,#6063,#6064),(#6065,#6066,#6067,#6068,#6069,#6070,#6071),(#6072,
#6073,#6074,#6075,#6076,#6077,#6078),(#6079,#6080,#6081,#6082,#6083,#6084,
#6085),(#6086,#6087,#6088,#6089,#6090,#6091,#6092),(#6093,#6094,#6095,#6096,
#6097,#6098,#6099),(#6100,#6101,#6102,#6103,#6104,#6105,#6106),(#6107,#6108,
#6109,#6110,#6111,#6112,#6113)),.RULED_SURF.,.F.,.F.,.F.,(4,3,3,4),(4,3,
4),(-0.0101609535616769,-0.000159359962056369,1.,1.00635485672522),(0.782338694501618,
0.785398163397415,1.29526801102124),.PIECEWISE_BEZIER_KNOTS.);
#2547=B_SPLINE_SURFACE_WITH_KNOTS('',3,3,((#6125,#6126,#6127,#6128),(#6129,
#6130,#6131,#6132),(#6133,#6134,#6135,#6136),(#6137,#6138,#6139,#6140)),
 .RULED_SURF.,.F.,.F.,.F.,(4,4),(4,4),(-0.0060060727678205,1.),(-1.30166427667821,
-1.29526801102011),.PIECEWISE_BEZIER_KNOTS.);
#2548=B_SPLINE_SURFACE_WITH_KNOTS('',3,3,((#6168,#6169,#6170,#6171,#6172,
#6173,#6174,#6175),(#6176,#6177,#6178,#6179,#6180,#6181,#6182,#6183),(#6184,
#6185,#6186,#6187,#6188,#6189,#6190,#6191),(#6192,#6193,#6194,#6195,#6196,
#6197,#6198,#6199),(#6200,#6201,#6202,#6203,#6204,#6205,#6206,#6207),(#6208,
#6209,#6210,#6211,#6212,#6213,#6214,#6215),(#6216,#6217,#6218,#6219,#6220,
#6221,#6222,#6223),(#6224,#6225,#6226,#6227,#6228,#6229,#6230,#6231),(#6232,
#6233,#6234,#6235,#6236,#6237,#6238,#6239),(#6240,#6241,#6242,#6243,#6244,
#6245,#6246,#6247)),.UNSPECIFIED.,.F.,.F.,.F.,(4,3,3,4),(4,2,2,4),(-0.0061479289560817,
0.,1.0000212538685,1.00602191625674),(0.0934234632568751,0.11466341876334,
0.153312840866901,0.191136434453043),.UNSPECIFIED.);
#2549=B_SPLINE_SURFACE_WITH_KNOTS('',3,3,((#6255,#6256,#6257,#6258),(#6259,
#6260,#6261,#6262),(#6263,#6264,#6265,#6266),(#6267,#6268,#6269,#6270)),
 .RULED_SURF.,.F.,.F.,.F.,(4,4),(4,4),(-0.00600607257554804,1.),(1.29526801102012,
1.30166427667821),.PIECEWISE_BEZIER_KNOTS.);
#2550=B_SPLINE_SURFACE_WITH_KNOTS('',3,3,((#6272,#6273,#6274,#6275),(#6276,
#6277,#6278,#6279),(#6280,#6281,#6282,#6283),(#6284,#6285,#6286,#6287),
(#6288,#6289,#6290,#6291),(#6292,#6293,#6294,#6295),(#6296,#6297,#6298,
#6299)),.RULED_SURF.,.F.,.F.,.F.,(4,3,4),(4,4),(0.,1.,1.00603634199564),
(1.37262868880424,1.51922160097961),.PIECEWISE_BEZIER_KNOTS.);
#2551=B_SPLINE_SURFACE_WITH_KNOTS('',3,3,((#6305,#6306,#6307,#6308),(#6309,
#6310,#6311,#6312),(#6313,#6314,#6315,#6316),(#6317,#6318,#6319,#6320)),
 .UNSPECIFIED.,.F.,.F.,.F.,(4,4),(4,4),(-0.00600168859168797,1.00600031578973),
(0.191136434453043,0.200164872688216),.PIECEWISE_BEZIER_KNOTS.);
#2552=B_SPLINE_SURFACE_WITH_KNOTS('',3,3,((#6321,#6322,#6323,#6324,#6325,
#6326,#6327,#6328),(#6329,#6330,#6331,#6332,#6333,#6334,#6335,#6336),(#6337,
#6338,#6339,#6340,#6341,#6342,#6343,#6344),(#6345,#6346,#6347,#6348,#6349,
#6350,#6351,#6352),(#6353,#6354,#6355,#6356,#6357,#6358,#6359,#6360),(#6361,
#6362,#6363,#6364,#6365,#6366,#6367,#6368),(#6369,#6370,#6371,#6372,#6373,
#6374,#6375,#6376),(#6377,#6378,#6379,#6380,#6381,#6382,#6383,#6384),(#6385,
#6386,#6387,#6388,#6389,#6390,#6391,#6392),(#6393,#6394,#6395,#6396,#6397,
#6398,#6399,#6400)),.UNSPECIFIED.,.F.,.F.,.F.,(4,3,3,4),(4,2,2,4),(-0.00659195824920179,
0.,1.00001977656175,1.00600558308851),(0.499062300865021,0.528546298824234,
0.566218329595579,0.603890360366925),.UNSPECIFIED.);
#2553=B_SPLINE_SURFACE_WITH_KNOTS('',3,3,((#6408,#6409,#6410,#6411,#6412,
#6413,#6414,#6415,#6416),(#6417,#6418,#6419,#6420,#6421,#6422,#6423,#6424,
#6425),(#6426,#6427,#6428,#6429,#6430,#6431,#6432,#6433,#6434),(#6435,#6436,
#6437,#6438,#6439,#6440,#6441,#6442,#6443),(#6444,#6445,#6446,#6447,#6448,
#6449,#6450,#6451,#6452),(#6453,#6454,#6455,#6456,#6457,#6458,#6459,#6460,
#6461),(#6462,#6463,#6464,#6465,#6466,#6467,#6468,#6469,#6470),(#6471,#6472,
#6473,#6474,#6475,#6476,#6477,#6478,#6479),(#6480,#6481,#6482,#6483,#6484,
#6485,#6486,#6487,#6488),(#6489,#6490,#6491,#6492,#6493,#6494,#6495,#6496,
#6497)),.UNSPECIFIED.,.F.,.F.,.F.,(4,3,3,4),(4,2,3,4),(-0.00674904601817486,
0.,1.,1.00600521048168),(0.301945200689147,0.339611507448603,0.377289215283609,
0.377763381041686),.UNSPECIFIED.);
#2554=B_SPLINE_SURFACE_WITH_KNOTS('',3,3,((#6503,#6504,#6505,#6506),(#6507,
#6508,#6509,#6510),(#6511,#6512,#6513,#6514),(#6515,#6516,#6517,#6518),
(#6519,#6520,#6521,#6522),(#6523,#6524,#6525,#6526),(#6527,#6528,#6529,
#6530)),.RULED_SURF.,.F.,.F.,.F.,(4,3,4),(4,4),(0.,1.00000005566908,1.00600355138504),
(4.74681180521616,4.84086529151427),.PIECEWISE_BEZIER_KNOTS.);
#2555=B_SPLINE_SURFACE_WITH_KNOTS('',3,3,((#6540,#6541,#6542,#6543,#6544,
#6545,#6546,#6547,#6548),(#6549,#6550,#6551,#6552,#6553,#6554,#6555,#6556,
#6557),(#6558,#6559,#6560,#6561,#6562,#6563,#6564,#6565,#6566),(#6567,#6568,
#6569,#6570,#6571,#6572,#6573,#6574,#6575),(#6576,#6577,#6578,#6579,#6580,
#6581,#6582,#6583,#6584),(#6585,#6586,#6587,#6588,#6589,#6590,#6591,#6592,
#6593),(#6594,#6595,#6596,#6597,#6598,#6599,#6600,#6601,#6602),(#6603,#6604,
#6605,#6606,#6607,#6608,#6609,#6610,#6611),(#6612,#6613,#6614,#6615,#6616,
#6617,#6618,#6619,#6620),(#6621,#6622,#6623,#6624,#6625,#6626,#6627,#6628,
#6629)),.UNSPECIFIED.,.F.,.F.,.F.,(4,3,3,4),(4,2,3,4),(-0.00629168775043542,
0.,1.00001450485431,1.00602125934402),(0.080286501808566,0.113392529042827,
0.151519649227392,0.15195836548457),.UNSPECIFIED.);
#2556=B_SPLINE_SURFACE_WITH_KNOTS('',3,3,((#6642,#6643,#6644,#6645,#6646,
#6647,#6648,#6649,#6650,#6651,#6652,#6653,#6654,#6655),(#6656,#6657,#6658,
#6659,#6660,#6661,#6662,#6663,#6664,#6665,#6666,#6667,#6668,#6669),(#6670,
#6671,#6672,#6673,#6674,#6675,#6676,#6677,#6678,#6679,#6680,#6681,#6682,
#6683),(#6684,#6685,#6686,#6687,#6688,#6689,#6690,#6691,#6692,#6693,#6694,
#6695,#6696,#6697),(#6698,#6699,#6700,#6701,#6702,#6703,#6704,#6705,#6706,
#6707,#6708,#6709,#6710,#6711),(#6712,#6713,#6714,#6715,#6716,#6717,#6718,
#6719,#6720,#6721,#6722,#6723,#6724,#6725),(#6726,#6727,#6728,#6729,#6730,
#6731,#6732,#6733,#6734,#6735,#6736,#6737,#6738,#6739),(#6740,#6741,#6742,
#6743,#6744,#6745,#6746,#6747,#6748,#6749,#6750,#6751,#6752,#6753),(#6754,
#6755,#6756,#6757,#6758,#6759,#6760,#6761,#6762,#6763,#6764,#6765,#6766,
#6767),(#6768,#6769,#6770,#6771,#6772,#6773,#6774,#6775,#6776,#6777,#6778,
#6779,#6780,#6781)),.UNSPECIFIED.,.F.,.F.,.F.,(4,3,3,4),(4,2,2,2,2,2,4),
(-0.00622643054021865,-0.000127301850430151,1.,1.00613008200851),(0.,0.0375712687250044,
0.0751425374500088,0.114185927695773,0.153229317941536,0.192898678246279,
0.213969160201606),.UNSPECIFIED.);
#2557=B_SPLINE_SURFACE_WITH_KNOTS('',3,3,((#6795,#6796,#6797,#6798,#6799,
#6800,#6801,#6802,#6803,#6804),(#6805,#6806,#6807,#6808,#6809,#6810,#6811,
#6812,#6813,#6814),(#6815,#6816,#6817,#6818,#6819,#6820,#6821,#6822,#6823,
#6824),(#6825,#6826,#6827,#6828,#6829,#6830,#6831,#6832,#6833,#6834),(#6835,
#6836,#6837,#6838,#6839,#6840,#6841,#6842,#6843,#6844),(#6845,#6846,#6847,
#6848,#6849,#6850,#6851,#6852,#6853,#6854),(#6855,#6856,#6857,#6858,#6859,
#6860,#6861,#6862,#6863,#6864),(#6865,#6866,#6867,#6868,#6869,#6870,#6871,
#6872,#6873,#6874),(#6875,#6876,#6877,#6878,#6879,#6880,#6881,#6882,#6883,
#6884),(#6885,#6886,#6887,#6888,#6889,#6890,#6891,#6892,#6893,#6894)),
 .UNSPECIFIED.,.F.,.F.,.F.,(4,3,3,4),(4,2,2,2,4),(-0.00615922749203837,
-0.000106263954613843,1.,1.00613122064939),(0.154620529254388,0.193663919500151,
0.232707309745915,0.270278578470919,0.307849847195927),.UNSPECIFIED.);
#2558=B_SPLINE_SURFACE_WITH_KNOTS('',3,3,((#6907,#6908,#6909,#6910),(#6911,
#6912,#6913,#6914),(#6915,#6916,#6917,#6918),(#6919,#6920,#6921,#6922)),
 .RULED_SURF.,.F.,.F.,.F.,(4,4),(4,4),(0.,1.),(0.270501386059751,0.284003617676211),
 .PIECEWISE_BEZIER_KNOTS.);
#2559=B_SPLINE_SURFACE_WITH_KNOTS('',3,3,((#6927,#6928,#6929,#6930,#6931,
#6932,#6933,#6934,#6935,#6936),(#6937,#6938,#6939,#6940,#6941,#6942,#6943,
#6944,#6945,#6946),(#6947,#6948,#6949,#6950,#6951,#6952,#6953,#6954,#6955,
#6956),(#6957,#6958,#6959,#6960,#6961,#6962,#6963,#6964,#6965,#6966)),
 .UNSPECIFIED.,.F.,.F.,.F.,(4,4),(4,2,2,2,4),(-0.00104478895692937,1.00015573787808),
(5.47748291672571E-15,0.037574718616114,0.0751494372322279,0.118203305235425,
0.128754679009968),.UNSPECIFIED.);
#2560=B_SPLINE_SURFACE_WITH_KNOTS('',3,3,((#6980,#6981,#6982,#6983,#6984,
#6985),(#6986,#6987,#6988,#6989,#6990,#6991),(#6992,#6993,#6994,#6995,#6996,
#6997),(#6998,#6999,#7000,#7001,#7002,#7003)),.UNSPECIFIED.,.F.,.F.,.F.,
(4,4),(4,2,4),(-0.000991047137343919,1.00003385233688),(-0.0713045062175482,
-0.0375747186161135,1.11308652901765E-14),.UNSPECIFIED.);
#2561=B_SPLINE_SURFACE_WITH_KNOTS('',3,3,((#7010,#7011,#7012,#7013),(#7014,
#7015,#7016,#7017),(#7018,#7019,#7020,#7021),(#7022,#7023,#7024,#7025),
(#7026,#7027,#7028,#7029),(#7030,#7031,#7032,#7033),(#7034,#7035,#7036,
#7037)),.RULED_SURF.,.F.,.F.,.F.,(4,3,4),(4,4),(-0.00604006760105504,0.,
1.),(-0.161257173238624,-0.128754679018),.PIECEWISE_BEZIER_KNOTS.);
#2562=B_SPLINE_SURFACE_WITH_KNOTS('',3,3,((#7042,#7043,#7044,#7045),(#7046,
#7047,#7048,#7049),(#7050,#7051,#7052,#7053),(#7054,#7055,#7056,#7057),
(#7058,#7059,#7060,#7061),(#7062,#7063,#7064,#7065),(#7066,#7067,#7068,
#7069),(#7070,#7071,#7072,#7073),(#7074,#7075,#7076,#7077),(#7078,#7079,
#7080,#7081)),.RULED_SURF.,.F.,.F.,.F.,(4,3,3,4),(4,4),(-0.00605534493039209,
0.,1.,1.00600035615799),(1.06341767549133,1.23542904981436),
 .PIECEWISE_BEZIER_KNOTS.);
#2563=B_SPLINE_SURFACE_WITH_KNOTS('',3,3,((#7087,#7088,#7089,#7090,#7091,
#7092),(#7093,#7094,#7095,#7096,#7097,#7098),(#7099,#7100,#7101,#7102,#7103,
#7104),(#7105,#7106,#7107,#7108,#7109,#7110)),.UNSPECIFIED.,.F.,.F.,.F.,
(4,4),(4,2,4),(0.,1.),(0.0713045062172829,0.0751494372322271,0.0963492456406526),
 .UNSPECIFIED.);
#2564=B_SPLINE_SURFACE_WITH_KNOTS('',3,3,((#7117,#7118,#7119,#7120),(#7121,
#7122,#7123,#7124),(#7125,#7126,#7127,#7128),(#7129,#7130,#7131,#7132)),
 .RULED_SURF.,.F.,.F.,.F.,(4,4),(4,4),(0.,1.0000005585349),(1.23542904944598,
1.24588881506781),.PIECEWISE_BEZIER_KNOTS.);
#2565=B_SPLINE_SURFACE_WITH_KNOTS('',3,3,((#7167,#7168,#7169,#7170,#7171,
#7172,#7173,#7174,#7175,#7176,#7177),(#7178,#7179,#7180,#7181,#7182,#7183,
#7184,#7185,#7186,#7187,#7188),(#7189,#7190,#7191,#7192,#7193,#7194,#7195,
#7196,#7197,#7198,#7199),(#7200,#7201,#7202,#7203,#7204,#7205,#7206,#7207,
#7208,#7209,#7210)),.UNSPECIFIED.,.F.,.F.,.F.,(4,4),(4,2,1,2,1,1,4),(0.,
1.00005247084845),(0.263782261283198,0.299390764999361,0.318631697549219,
0.337872630099078,0.357113562648936,0.366734029124768,0.3763544956006),
 .UNSPECIFIED.);
#2566=B_SPLINE_SURFACE_WITH_KNOTS('',3,3,((#7219,#7220,#7221,#7222,#7223,
#7224,#7225,#7226,#7227,#7228,#7229,#7230,#7231,#7232,#7233,#7234),(#7235,
#7236,#7237,#7238,#7239,#7240,#7241,#7242,#7243,#7244,#7245,#7246,#7247,
#7248,#7249,#7250),(#7251,#7252,#7253,#7254,#7255,#7256,#7257,#7258,#7259,
#7260,#7261,#7262,#7263,#7264,#7265,#7266),(#7267,#7268,#7269,#7270,#7271,
#7272,#7273,#7274,#7275,#7276,#7277,#7278,#7279,#7280,#7281,#7282)),
 .UNSPECIFIED.,.F.,.F.,.F.,(4,4),(4,1,1,2,1,2,1,1,2,1,4),(-0.000119753111464878,
1.00006545881712),(0.376324096901425,0.385944563641698,0.395565029931511,
0.414805962511137,0.434046895060995,0.453287827610853,0.468377636724042,
0.483467445837231,0.513647064063609,0.543826682289987,0.574006300516374),
 .UNSPECIFIED.);
#2567=B_SPLINE_SURFACE_WITH_KNOTS('',3,3,((#7293,#7294,#7295,#7296),(#7297,
#7298,#7299,#7300),(#7301,#7302,#7303,#7304),(#7305,#7306,#7307,#7308),
(#7309,#7310,#7311,#7312),(#7313,#7314,#7315,#7316),(#7317,#7318,#7319,
#7320)),.RULED_SURF.,.F.,.F.,.F.,(4,3,4),(4,4),(-6.75758199046805E-9,1.00000110849568,
1.00600247418796),(-2.41190160946898,-2.10386097080701),
 .PIECEWISE_BEZIER_KNOTS.);
#2568=B_SPLINE_SURFACE_WITH_KNOTS('',3,3,((#7326,#7327,#7328,#7329),(#7330,
#7331,#7332,#7333),(#7334,#7335,#7336,#7337),(#7338,#7339,#7340,#7341)),
 .RULED_SURF.,.F.,.F.,.F.,(4,4),(4,4),(-0.00600069906848854,1.),(-2.47503220334623,
-2.41190057471206),.PIECEWISE_BEZIER_KNOTS.);
#2569=B_SPLINE_SURFACE_WITH_KNOTS('',3,3,((#7348,#7349,#7350,#7351,#7352,
#7353,#7354,#7355,#7356,#7357,#7358,#7359),(#7360,#7361,#7362,#7363,#7364,
#7365,#7366,#7367,#7368,#7369,#7370,#7371),(#7372,#7373,#7374,#7375,#7376,
#7377,#7378,#7379,#7380,#7381,#7382,#7383),(#7384,#7385,#7386,#7387,#7388,
#7389,#7390,#7391,#7392,#7393,#7394,#7395)),.UNSPECIFIED.,.F.,.F.,.F.,(4,
4),(4,2,2,2,2,4),(-0.000483375360995785,1.00020254962983),(0.319836103862898,
0.357242054507316,0.394648005151702,0.436027482516421,0.47740695988114,
0.510144521136431),.UNSPECIFIED.);
#2570=B_SPLINE_SURFACE_WITH_KNOTS('',3,3,((#7409,#7410,#7411,#7412,#7413,
#7414,#7415,#7416,#7417,#7418),(#7419,#7420,#7421,#7422,#7423,#7424,#7425,
#7426,#7427,#7428),(#7429,#7430,#7431,#7432,#7433,#7434,#7435,#7436,#7437,
#7438),(#7439,#7440,#7441,#7442,#7443,#7444,#7445,#7446,#7447,#7448),(#7449,
#7450,#7451,#7452,#7453,#7454,#7455,#7456,#7457,#7458),(#7459,#7460,#7461,
#7462,#7463,#7464,#7465,#7466,#7467,#7468),(#7469,#7470,#7471,#7472,#7473,
#7474,#7475,#7476,#7477,#7478)),.UNSPECIFIED.,.F.,.F.,.F.,(4,3,4),(4,2,
2,2,4),(-0.00635841564106984,-5.90548159093307E-5,1.00018983388818),(-0.128958270834966,
-0.11619137865349,-0.0748119012887718,-0.0374059506443859,3.85997835264194E-14),
 .UNSPECIFIED.);
#2571=B_SPLINE_SURFACE_WITH_KNOTS('',3,3,((#7486,#7487,#7488,#7489,#7490,
#7491),(#7492,#7493,#7494,#7495,#7496,#7497),(#7498,#7499,#7500,#7501,#7502,
#7503),(#7504,#7505,#7506,#7507,#7508,#7509)),.UNSPECIFIED.,.F.,.F.,.F.,
(4,4),(4,2,4),(-2.69590355311225E-6,1.),(-0.542650850097323,-0.52085678125949,
-0.51014452113639),.UNSPECIFIED.);
#2572=B_SPLINE_SURFACE_WITH_KNOTS('',3,3,((#7522,#7523,#7524,#7525),(#7526,
#7527,#7528,#7529),(#7530,#7531,#7532,#7533),(#7534,#7535,#7536,#7537)),
 .RULED_SURF.,.F.,.F.,.F.,(4,4),(4,4),(0.,1.),(0.128958270834965,0.157570856018208),
 .PIECEWISE_BEZIER_KNOTS.);
#2573=B_SPLINE_SURFACE_WITH_KNOTS('',3,3,((#7542,#7543,#7544,#7545),(#7546,
#7547,#7548,#7549),(#7550,#7551,#7552,#7553),(#7554,#7555,#7556,#7557)),
 .RULED_SURF.,.F.,.F.,.F.,(4,4),(4,4),(0.,1.),(-2.40350043773698,-2.3345828231928),
 .PIECEWISE_BEZIER_KNOTS.);
#2574=B_SPLINE_SURFACE_WITH_KNOTS('',3,3,((#7591,#7592,#7593,#7594,#7595,
#7596,#7597,#7598,#7599,#7600),(#7601,#7602,#7603,#7604,#7605,#7606,#7607,
#7608,#7609,#7610),(#7611,#7612,#7613,#7614,#7615,#7616,#7617,#7618,#7619,
#7620),(#7621,#7622,#7623,#7624,#7625,#7626,#7627,#7628,#7629,#7630)),
 .UNSPECIFIED.,.F.,.F.,.F.,(4,4),(4,2,2,2,4),(-0.000436135612878847,1.00015573665526),
(0.190938987837339,0.201490359907567,0.244544227910764,0.282118946526878,
0.31969366514305),.UNSPECIFIED.);
#2575=B_SPLINE_SURFACE_WITH_KNOTS('',3,3,((#7638,#7639,#7640,#7641,#7642,
#7643),(#7644,#7645,#7646,#7647,#7648,#7649),(#7650,#7651,#7652,#7653,#7654,
#7655),(#7656,#7657,#7658,#7659,#7660,#7661),(#7662,#7663,#7664,#7665,#7666,
#7667),(#7668,#7669,#7670,#7671,#7672,#7673),(#7674,#7675,#7676,#7677,#7678,
#7679)),.UNSPECIFIED.,.F.,.F.,.F.,(4,3,4),(4,2,4),(-0.000400965380999221,
1.00002473370764,1.00602962438038),(0.31969366514299,0.358661687793487,
0.391066172715852),.UNSPECIFIED.);
#2576=B_SPLINE_SURFACE_WITH_KNOTS('',3,3,((#7695,#7696,#7697,#7698),(#7699,
#7700,#7701,#7702),(#7703,#7704,#7705,#7706),(#7707,#7708,#7709,#7710),
(#7711,#7712,#7713,#7714),(#7715,#7716,#7717,#7718),(#7719,#7720,#7721,
#7722)),.RULED_SURF.,.F.,.F.,.F.,(4,3,4),(4,4),(-0.00604045562766466,0.,
1.),(-0.190938987837493,-0.15843649190437),.PIECEWISE_BEZIER_KNOTS.);
#2577=B_SPLINE_SURFACE_WITH_KNOTS('',3,3,((#7740,#7741,#7742,#7743,#7744,
#7745,#7746,#7747,#7748,#7749),(#7750,#7751,#7752,#7753,#7754,#7755,#7756,
#7757,#7758,#7759),(#7760,#7761,#7762,#7763,#7764,#7765,#7766,#7767,#7768,
#7769),(#7770,#7771,#7772,#7773,#7774,#7775,#7776,#7777,#7778,#7779),(#7780,
#7781,#7782,#7783,#7784,#7785,#7786,#7787,#7788,#7789),(#7790,#7791,#7792,
#7793,#7794,#7795,#7796,#7797,#7798,#7799),(#7800,#7801,#7802,#7803,#7804,
#7805,#7806,#7807,#7808,#7809),(#7810,#7811,#7812,#7813,#7814,#7815,#7816,
#7817,#7818,#7819),(#7820,#7821,#7822,#7823,#7824,#7825,#7826,#7827,#7828,
#7829),(#7830,#7831,#7832,#7833,#7834,#7835,#7836,#7837,#7838,#7839)),
 .UNSPECIFIED.,.F.,.F.,.F.,(4,3,3,4),(4,2,2,2,4),(-0.0061427412693539,-0.000106204243000726,
1.,1.0061521475251),(0.,0.0375712687250038,0.0751425374500076,0.114185927695771,
0.153229317941535),.UNSPECIFIED.);
#2578=B_SPLINE_SURFACE_WITH_KNOTS('',3,3,((#7861,#7862,#7863,#7864,#7865,
#7866,#7867,#7868,#7869,#7870,#7871,#7872,#7873,#7874),(#7875,#7876,#7877,
#7878,#7879,#7880,#7881,#7882,#7883,#7884,#7885,#7886,#7887,#7888),(#7889,
#7890,#7891,#7892,#7893,#7894,#7895,#7896,#7897,#7898,#7899,#7900,#7901,
#7902),(#7903,#7904,#7905,#7906,#7907,#7908,#7909,#7910,#7911,#7912,#7913,
#7914,#7915,#7916),(#7917,#7918,#7919,#7920,#7921,#7922,#7923,#7924,#7925,
#7926,#7927,#7928,#7929,#7930),(#7931,#7932,#7933,#7934,#7935,#7936,#7937,
#7938,#7939,#7940,#7941,#7942,#7943,#7944),(#7945,#7946,#7947,#7948,#7949,
#7950,#7951,#7952,#7953,#7954,#7955,#7956,#7957,#7958),(#7959,#7960,#7961,
#7962,#7963,#7964,#7965,#7966,#7967,#7968,#7969,#7970,#7971,#7972),(#7973,
#7974,#7975,#7976,#7977,#7978,#7979,#7980,#7981,#7982,#7983,#7984,#7985,
#7986),(#7987,#7988,#7989,#7990,#7991,#7992,#7993,#7994,#7995,#7996,#7997,
#7998,#7999,#8000)),.UNSPECIFIED.,.F.,.F.,.F.,(4,3,3,4),(4,2,2,2,2,2,4),
(-0.0062419083901273,-0.00012721271700511,1.,1.00612357047544),(0.0938806869942564,
0.114951168949645,0.154620529254388,0.193663919500151,0.232707309745914,
0.270278578470918,0.307849847195912),.UNSPECIFIED.);
#2579=B_SPLINE_SURFACE_WITH_KNOTS('',3,3,((#8014,#8015,#8016,#8017),(#8018,
#8019,#8020,#8021),(#8022,#8023,#8024,#8025),(#8026,#8027,#8028,#8029)),
 .RULED_SURF.,.F.,.F.,.F.,(4,4),(4,4),(0.,1.),(-0.284003617676227,-0.270501386059766),
 .PIECEWISE_BEZIER_KNOTS.);
#2580=B_SPLINE_SURFACE_WITH_KNOTS('',3,3,((#8035,#8036,#8037,#8038),(#8039,
#8040,#8041,#8042),(#8043,#8044,#8045,#8046),(#8047,#8048,#8049,#8050),
(#8051,#8052,#8053,#8054),(#8055,#8056,#8057,#8058),(#8059,#8060,#8061,
#8062),(#8063,#8064,#8065,#8066),(#8067,#8068,#8069,#8070),(#8071,#8072,
#8073,#8074)),.RULED_SURF.,.F.,.F.,.F.,(4,3,3,4),(4,4),(-0.00605534493037011,
0.,1.,1.00600035615831),(-1.23542904981438,-1.06341767549135),
 .PIECEWISE_BEZIER_KNOTS.);
#2581=B_SPLINE_SURFACE_WITH_KNOTS('',3,3,((#8088,#8089,#8090,#8091),(#8092,
#8093,#8094,#8095),(#8096,#8097,#8098,#8099),(#8100,#8101,#8102,#8103)),
 .RULED_SURF.,.F.,.F.,.F.,(4,4),(4,4),(0.,1.00000055853398),(-1.24588881506783,
-1.235429049446),.PIECEWISE_BEZIER_KNOTS.);
#2582=B_SPLINE_SURFACE_WITH_KNOTS('',3,3,((#8111,#8112,#8113,#8114),(#8115,
#8116,#8117,#8118),(#8119,#8120,#8121,#8122),(#8123,#8124,#8125,#8126)),
 .UNSPECIFIED.,.F.,.F.,.F.,(4,4),(4,4),(0.,1.00000000125278),(-0.416157546711084,
-0.391066172715847),.PIECEWISE_BEZIER_KNOTS.);
#2583=B_SPLINE_SURFACE_WITH_KNOTS('',3,3,((#8158,#8159,#8160,#8161,#8162,
#8163,#8164,#8165,#8166,#8167,#8168,#8169,#8170,#8171,#8172,#8173),(#8174,
#8175,#8176,#8177,#8178,#8179,#8180,#8181,#8182,#8183,#8184,#8185,#8186,
#8187,#8188,#8189),(#8190,#8191,#8192,#8193,#8194,#8195,#8196,#8197,#8198,
#8199,#8200,#8201,#8202,#8203,#8204,#8205),(#8206,#8207,#8208,#8209,#8210,
#8211,#8212,#8213,#8214,#8215,#8216,#8217,#8218,#8219,#8220,#8221)),
 .UNSPECIFIED.,.F.,.F.,.F.,(4,4),(4,1,2,1,1,2,1,2,1,1,4),(-0.000119885650955259,
1.00006546510507),(0.17864189430647,0.208821512532853,0.239001130759231,
0.269180748985609,0.284270558098798,0.299360367211987,0.318601299761845,
0.337842232311703,0.357083164874068,0.366703631155251,0.376324097784786),
 .UNSPECIFIED.);
#2584=B_SPLINE_SURFACE_WITH_KNOTS('',3,3,((#8232,#8233,#8234,#8235,#8236,
#8237,#8238,#8239,#8240,#8241),(#8242,#8243,#8244,#8245,#8246,#8247,#8248,
#8249,#8250,#8251),(#8252,#8253,#8254,#8255,#8256,#8257,#8258,#8259,#8260,
#8261),(#8262,#8263,#8264,#8265,#8266,#8267,#8268,#8269,#8270,#8271),(#8272,
#8273,#8274,#8275,#8276,#8277,#8278,#8279,#8280,#8281),(#8282,#8283,#8284,
#8285,#8286,#8287,#8288,#8289,#8290,#8291),(#8292,#8293,#8294,#8295,#8296,
#8297,#8298,#8299,#8300,#8301)),.UNSPECIFIED.,.F.,.F.,.F.,(4,3,4),(4,1,
1,2,2,4),(-0.000525484437933557,1.00005754217699,1.00619392038544),(0.376324096432127,
0.389769936210831,0.398733829285094,0.421143561970752,0.465963026530076,
0.489905215457973),.UNSPECIFIED.);
#2585=B_SPLINE_SURFACE_WITH_KNOTS('',3,3,((#8316,#8317,#8318,#8319),(#8320,
#8321,#8322,#8323),(#8324,#8325,#8326,#8327),(#8328,#8329,#8330,#8331)),
 .RULED_SURF.,.F.,.F.,.F.,(4,4),(4,4),(0.,1.),(-0.807009830396989,-0.738092215852814),
 .PIECEWISE_BEZIER_KNOTS.);
#2586=B_SPLINE_SURFACE_WITH_KNOTS('',3,3,((#8338,#8339,#8340,#8341,#8342,
#8343,#8344,#8345,#8346,#8347),(#8348,#8349,#8350,#8351,#8352,#8353,#8354,
#8355,#8356,#8357),(#8358,#8359,#8360,#8361,#8362,#8363,#8364,#8365,#8366,
#8367),(#8368,#8369,#8370,#8371,#8372,#8373,#8374,#8375,#8376,#8377)),
 .UNSPECIFIED.,.F.,.F.,.F.,(4,4),(4,2,2,2,4),(-0.000665871143967603,1.00018983369365),
(0.,0.0374059506443858,0.0748119012887716,0.11619137865349,0.128958270834974),
 .UNSPECIFIED.);
#2587=B_SPLINE_SURFACE_WITH_KNOTS('',3,3,((#8382,#8383,#8384,#8385,#8386,
#8387,#8388,#8389,#8390,#8391,#8392,#8393),(#8394,#8395,#8396,#8397,#8398,
#8399,#8400,#8401,#8402,#8403,#8404,#8405),(#8406,#8407,#8408,#8409,#8410,
#8411,#8412,#8413,#8414,#8415,#8416,#8417),(#8418,#8419,#8420,#8421,#8422,
#8423,#8424,#8425,#8426,#8427,#8428,#8429),(#8430,#8431,#8432,#8433,#8434,
#8435,#8436,#8437,#8438,#8439,#8440,#8441),(#8442,#8443,#8444,#8445,#8446,
#8447,#8448,#8449,#8450,#8451,#8452,#8453),(#8454,#8455,#8456,#8457,#8458,
#8459,#8460,#8461,#8462,#8463,#8464,#8465)),.UNSPECIFIED.,.F.,.F.,.F.,(4,
3,4),(4,2,2,2,2,4),(-0.00637631362551547,-0.000100740697261972,1.00020256736991),
(0.129527686589478,0.162265247844719,0.203644725209438,0.245024202574157,
0.282430153218544,0.319836103862966),.UNSPECIFIED.);
#2588=B_SPLINE_SURFACE_WITH_KNOTS('',3,3,((#8467,#8468,#8469,#8470),(#8471,
#8472,#8473,#8474),(#8475,#8476,#8477,#8478),(#8479,#8480,#8481,#8482)),
 .RULED_SURF.,.F.,.F.,.F.,(4,4),(4,4),(0.,1.),(-0.157570856018208,-0.128958270834964),
 .PIECEWISE_BEZIER_KNOTS.);
#2589=B_SPLINE_SURFACE_WITH_KNOTS('',3,3,((#8487,#8488,#8489,#8490),(#8491,
#8492,#8493,#8494),(#8495,#8496,#8497,#8498),(#8499,#8500,#8501,#8502),
(#8503,#8504,#8505,#8506),(#8507,#8508,#8509,#8510),(#8511,#8512,#8513,
#8514)),.RULED_SURF.,.F.,.F.,.F.,(4,3,4),(4,4),(-4.4787909220871E-9,1.00000110849561,
1.00600247418793),(2.10386097080705,2.41190160946899),
 .PIECEWISE_BEZIER_KNOTS.);
#2590=B_SPLINE_SURFACE_WITH_KNOTS('',3,3,((#8520,#8521,#8522,#8523,#8524,
#8525),(#8526,#8527,#8528,#8529,#8530,#8531),(#8532,#8533,#8534,#8535,#8536,
#8537),(#8538,#8539,#8540,#8541,#8542,#8543)),.UNSPECIFIED.,.F.,.F.,.F.,
(4,4),(4,2,4),(-2.69593235377683E-6,1.),(-0.129527686589472,-0.118815426466369,
-0.0970213576285337),.UNSPECIFIED.);
#2591=B_SPLINE_SURFACE_WITH_KNOTS('',3,3,((#8550,#8551,#8552,#8553),(#8554,
#8555,#8556,#8557),(#8558,#8559,#8560,#8561),(#8562,#8563,#8564,#8565)),
 .RULED_SURF.,.F.,.F.,.F.,(4,4),(4,4),(-0.00600069906845738,1.),(2.41190057471206,
2.47503220334624),.PIECEWISE_BEZIER_KNOTS.);
#2592=ADVANCED_FACE('',(#2343,#2344),#2516,.T.);
#2593=ADVANCED_FACE('',(#2345,#2346,#2347,#2348),#508,.F.);
#2594=ADVANCED_FACE('',(#2349,#2350),#509,.F.);
#2595=ADVANCED_FACE('',(#2351,#2352),#2517,.T.);
#2596=ADVANCED_FACE('',(#2353),#60,.F.);
#2597=ADVANCED_FACE('',(#2354,#2355),#510,.F.);
#2598=ADVANCED_FACE('',(#2356),#2518,.T.);
#2599=ADVANCED_FACE('',(#2357,#2358),#511,.T.);
#2600=ADVANCED_FACE('',(#2359),#61,.T.);
#2601=ADVANCED_FACE('',(#2360),#2519,.T.);
#2602=ADVANCED_FACE('',(#2361),#12,.T.);
#2603=ADVANCED_FACE('',(#2362),#13,.T.);
#2604=ADVANCED_FACE('',(#2363),#14,.T.);
#2605=ADVANCED_FACE('',(#2364),#15,.T.);
#2606=ADVANCED_FACE('',(#2365),#16,.T.);
#2607=ADVANCED_FACE('',(#2366),#17,.T.);
#2608=ADVANCED_FACE('',(#2367),#18,.T.);
#2609=ADVANCED_FACE('',(#2368),#19,.T.);
#2610=ADVANCED_FACE('',(#2369),#20,.T.);
#2611=ADVANCED_FACE('',(#2370),#21,.T.);
#2612=ADVANCED_FACE('',(#2371),#22,.T.);
#2613=ADVANCED_FACE('',(#2372),#23,.T.);
#2614=ADVANCED_FACE('',(#2373),#24,.F.);
#2615=ADVANCED_FACE('',(#2374,#2375,#2376),#25,.T.);
#2616=ADVANCED_FACE('',(#2377),#2520,.T.);
#2617=ADVANCED_FACE('',(#2378),#2521,.T.);
#2618=ADVANCED_FACE('',(#2379),#2522,.T.);
#2619=ADVANCED_FACE('',(#2380),#2523,.T.);
#2620=ADVANCED_FACE('',(#2381),#2524,.T.);
#2621=ADVANCED_FACE('',(#2382),#2525,.T.);
#2622=ADVANCED_FACE('',(#2383),#2526,.T.);
#2623=ADVANCED_FACE('',(#2384),#26,.T.);
#2624=ADVANCED_FACE('',(#2385),#2527,.T.);
#2625=ADVANCED_FACE('',(#2386),#512,.T.);
#2626=ADVANCED_FACE('',(#2387),#2528,.T.);
#2627=ADVANCED_FACE('',(#2388),#513,.F.);
#2628=ADVANCED_FACE('',(#2389),#2529,.T.);
#2629=ADVANCED_FACE('',(#2390),#2530,.T.);
#2630=ADVANCED_FACE('',(#2391),#2531,.T.);
#2631=ADVANCED_FACE('',(#2392),#2532,.T.);
#2632=ADVANCED_FACE('',(#2393),#2533,.T.);
#2633=ADVANCED_FACE('',(#2394),#2534,.T.);
#2634=ADVANCED_FACE('',(#2395),#514,.T.);
#2635=ADVANCED_FACE('',(#2396),#2535,.T.);
#2636=ADVANCED_FACE('',(#2397),#27,.T.);
#2637=ADVANCED_FACE('',(#2398),#2536,.T.);
#2638=ADVANCED_FACE('',(#2399),#515,.T.);
#2639=ADVANCED_FACE('',(#2400),#2537,.T.);
#2640=ADVANCED_FACE('',(#2401),#516,.F.);
#2641=ADVANCED_FACE('',(#2402),#2538,.T.);
#2642=ADVANCED_FACE('',(#2403),#517,.T.);
#2643=ADVANCED_FACE('',(#2404),#518,.T.);
#2644=ADVANCED_FACE('',(#2405),#28,.T.);
#2645=ADVANCED_FACE('',(#2406),#519,.T.);
#2646=ADVANCED_FACE('',(#2407),#29,.T.);
#2647=ADVANCED_FACE('',(#2408),#520,.T.);
#2648=ADVANCED_FACE('',(#2409),#30,.T.);
#2649=ADVANCED_FACE('',(#2410),#62,.T.);
#2650=ADVANCED_FACE('',(#2411),#2539,.T.);
#2651=ADVANCED_FACE('',(#2412),#2540,.T.);
#2652=ADVANCED_FACE('',(#2413),#2541,.T.);
#2653=ADVANCED_FACE('',(#2414),#31,.T.);
#2654=ADVANCED_FACE('',(#2415),#2542,.T.);
#2655=ADVANCED_FACE('',(#2416),#32,.T.);
#2656=ADVANCED_FACE('',(#2417),#2543,.T.);
#2657=ADVANCED_FACE('',(#2418),#33,.T.);
#2658=ADVANCED_FACE('',(#2419),#2544,.T.);
#2659=ADVANCED_FACE('',(#2420),#521,.T.);
#2660=ADVANCED_FACE('',(#2421),#2545,.T.);
#2661=ADVANCED_FACE('',(#2422),#522,.T.);
#2662=ADVANCED_FACE('',(#2423),#2546,.T.);
#2663=ADVANCED_FACE('',(#2424),#2547,.T.);
#2664=ADVANCED_FACE('',(#2425),#34,.T.);
#2665=ADVANCED_FACE('',(#2426),#35,.T.);
#2666=ADVANCED_FACE('',(#2427),#36,.T.);
#2667=ADVANCED_FACE('',(#2428),#523,.T.);
#2668=ADVANCED_FACE('',(#2429),#37,.T.);
#2669=ADVANCED_FACE('',(#2430),#524,.T.);
#2670=ADVANCED_FACE('',(#2431),#38,.T.);
#2671=ADVANCED_FACE('',(#2432),#525,.T.);
#2672=ADVANCED_FACE('',(#2433),#39,.T.);
#2673=ADVANCED_FACE('',(#2434),#40,.T.);
#2674=ADVANCED_FACE('',(#2435),#2548,.T.);
#2675=ADVANCED_FACE('',(#2436),#2549,.T.);
#2676=ADVANCED_FACE('',(#2437),#2550,.T.);
#2677=ADVANCED_FACE('',(#2438),#2551,.T.);
#2678=ADVANCED_FACE('',(#2439),#2552,.T.);
#2679=ADVANCED_FACE('',(#2440),#41,.T.);
#2680=ADVANCED_FACE('',(#2441),#2553,.T.);
#2681=ADVANCED_FACE('',(#2442),#42,.T.);
#2682=ADVANCED_FACE('',(#2443),#2554,.T.);
#2683=ADVANCED_FACE('',(#2444),#526,.T.);
#2684=ADVANCED_FACE('',(#2445),#2555,.T.);
#2685=ADVANCED_FACE('',(#2446),#527,.T.);
#2686=ADVANCED_FACE('',(#2447),#528,.T.);
#2687=ADVANCED_FACE('',(#2448),#529,.T.);
#2688=ADVANCED_FACE('',(#2449),#43,.F.);
#2689=ADVANCED_FACE('',(#2450),#2556,.T.);
#2690=ADVANCED_FACE('',(#2451),#44,.T.);
#2691=ADVANCED_FACE('',(#2452),#2557,.T.);
#2692=ADVANCED_FACE('',(#2453),#63,.T.);
#2693=ADVANCED_FACE('',(#2454),#2558,.T.);
#2694=ADVANCED_FACE('',(#2455),#2559,.T.);
#2695=ADVANCED_FACE('',(#2456),#45,.T.);
#2696=ADVANCED_FACE('',(#2457),#2560,.T.);
#2697=ADVANCED_FACE('',(#2458),#2561,.T.);
#2698=ADVANCED_FACE('',(#2459),#2562,.T.);
#2699=ADVANCED_FACE('',(#2460),#2563,.T.);
#2700=ADVANCED_FACE('',(#2461),#2564,.T.);
#2701=ADVANCED_FACE('',(#2462),#530,.F.);
#2702=ADVANCED_FACE('',(#2463),#46,.F.);
#2703=ADVANCED_FACE('',(#2464),#531,.F.);
#2704=ADVANCED_FACE('',(#2465),#47,.T.);
#2705=ADVANCED_FACE('',(#2466),#2565,.T.);
#2706=ADVANCED_FACE('',(#2467),#2566,.T.);
#2707=ADVANCED_FACE('',(#2468),#2567,.T.);
#2708=ADVANCED_FACE('',(#2469),#2568,.T.);
#2709=ADVANCED_FACE('',(#2470),#2569,.T.);
#2710=ADVANCED_FACE('',(#2471),#48,.T.);
#2711=ADVANCED_FACE('',(#2472),#2570,.T.);
#2712=ADVANCED_FACE('',(#2473),#2571,.T.);
#2713=ADVANCED_FACE('',(#2474),#64,.F.);
#2714=ADVANCED_FACE('',(#2475),#2572,.T.);
#2715=ADVANCED_FACE('',(#2476),#2573,.T.);
#2716=ADVANCED_FACE('',(#2477),#532,.F.);
#2717=ADVANCED_FACE('',(#2478),#49,.F.);
#2718=ADVANCED_FACE('',(#2479),#533,.F.);
#2719=ADVANCED_FACE('',(#2480),#50,.T.);
#2720=ADVANCED_FACE('',(#2481),#2574,.T.);
#2721=ADVANCED_FACE('',(#2482),#2575,.T.);
#2722=ADVANCED_FACE('',(#2483),#65,.T.);
#2723=ADVANCED_FACE('',(#2484),#2576,.T.);
#2724=ADVANCED_FACE('',(#2485),#2577,.T.);
#2725=ADVANCED_FACE('',(#2486),#51,.T.);
#2726=ADVANCED_FACE('',(#2487),#2578,.T.);
#2727=ADVANCED_FACE('',(#2488),#2579,.T.);
#2728=ADVANCED_FACE('',(#2489),#2580,.T.);
#2729=ADVANCED_FACE('',(#2490),#2581,.T.);
#2730=ADVANCED_FACE('',(#2491),#2582,.T.);
#2731=ADVANCED_FACE('',(#2492),#52,.F.);
#2732=ADVANCED_FACE('',(#2493),#53,.F.);
#2733=ADVANCED_FACE('',(#2494,#2495),#534,.T.);
#2734=ADVANCED_FACE('',(#2496),#54,.T.);
#2735=ADVANCED_FACE('',(#2497),#2583,.T.);
#2736=ADVANCED_FACE('',(#2498),#2584,.T.);
#2737=ADVANCED_FACE('',(#2499),#66,.F.);
#2738=ADVANCED_FACE('',(#2500),#2585,.T.);
#2739=ADVANCED_FACE('',(#2501),#2586,.T.);
#2740=ADVANCED_FACE('',(#2502),#55,.T.);
#2741=ADVANCED_FACE('',(#2503),#2587,.T.);
#2742=ADVANCED_FACE('',(#2504),#2588,.T.);
#2743=ADVANCED_FACE('',(#2505),#2589,.T.);
#2744=ADVANCED_FACE('',(#2506),#2590,.T.);
#2745=ADVANCED_FACE('',(#2507),#2591,.T.);
#2746=ADVANCED_FACE('',(#2508),#535,.F.);
#2747=ADVANCED_FACE('',(#2509),#56,.F.);
#2748=ADVANCED_FACE('',(#2510),#536,.F.);
#2749=ADVANCED_FACE('',(#2511),#57,.F.);
#2750=ADVANCED_FACE('',(#2512),#537,.F.);
#2751=ADVANCED_FACE('',(#2513),#538,.F.);
#2752=ADVANCED_FACE('',(#2514),#58,.F.);
#2753=ADVANCED_FACE('',(#2515),#59,.F.);
#2754=CLOSED_SHELL('',(#2592,#2593,#2594,#2595,#2596,#2597,#2598,#2599,
#2600,#2601,#2602,#2603,#2604,#2605,#2606,#2607,#2608,#2609,#2610,#2611,
#2612,#2613,#2614,#2615,#2616,#2617,#2618,#2619,#2620,#2621,#2622,#2623,
#2624,#2625,#2626,#2627,#2628,#2629,#2630,#2631,#2632,#2633,#2634,#2635,
#2636,#2637,#2638,#2639,#2640,#2641,#2642,#2643,#2644,#2645,#2646,#2647,
#2648,#2649,#2650,#2651,#2652,#2653,#2654,#2655,#2656,#2657,#2658,#2659,
#2660,#2661,#2662,#2663,#2664,#2665,#2666,#2667,#2668,#2669,#2670,#2671,
#2672,#2673,#2674,#2675,#2676,#2677,#2678,#2679,#2680,#2681,#2682,#2683,
#2684,#2685,#2686,#2687,#2688,#2689,#2690,#2691,#2692,#2693,#2694,#2695,
#2696,#2697,#2698,#2699,#2700,#2701,#2702,#2703,#2704,#2705,#2706,#2707,
#2708,#2709,#2710,#2711,#2712,#2713,#2714,#2715,#2716,#2717,#2718,#2719,
#2720,#2721,#2722,#2723,#2724,#2725,#2726,#2727,#2728,#2729,#2730,#2731,
#2732,#2733,#2734,#2735,#2736,#2737,#2738,#2739,#2740,#2741,#2742,#2743,
#2744,#2745,#2746,#2747,#2748,#2749,#2750,#2751,#2752,#2753));
#2755=STYLED_ITEM('',(#2756),#2763);
#2756=PRESENTATION_STYLE_ASSIGNMENT((#2757));
#2757=SURFACE_STYLE_USAGE(.BOTH.,#2758);
#2758=SURFACE_SIDE_STYLE('',(#2759));
#2759=SURFACE_STYLE_FILL_AREA(#2760);
#2760=FILL_AREA_STYLE('',(#2761));
#2761=FILL_AREA_STYLE_COLOUR('',#2762);
#2762=COLOUR_RGB('',0.462745098039216,0.984313725490196,0.);
#2763=MANIFOLD_SOLID_BREP('cable holder Vz (1)',#2754);
#2764=SHAPE_DEFINITION_REPRESENTATION(#8592,#2765);
#2765=SHAPE_REPRESENTATION('cable holder Vz (1)',(#2766),#8587);
#2766=AXIS2_PLACEMENT_3D('',#3430,#2926,#2927);
#2767=AXIS2_PLACEMENT_3D('',#3604,#2928,#2929);
#2768=AXIS2_PLACEMENT_3D('',#3605,#2930,#2931);
#2769=AXIS2_PLACEMENT_3D('',#3608,#2932,#2933);
#2770=AXIS2_PLACEMENT_3D('',#3625,#2935,#2936);
#2771=AXIS2_PLACEMENT_3D('',#3676,#2938,#2939);
#2772=AXIS2_PLACEMENT_3D('',#3693,#2941,#2942);
#2773=AXIS2_PLACEMENT_3D('',#3695,#2943,#2944);
#2774=AXIS2_PLACEMENT_3D('',#3748,#2946,#2947);
#2775=AXIS2_PLACEMENT_3D('',#3750,#2948,#2949);
#2776=AXIS2_PLACEMENT_3D('',#3759,#2950,#2951);
#2777=AXIS2_PLACEMENT_3D('',#3821,#2954,#2955);
#2778=AXIS2_PLACEMENT_3D('',#3830,#2956,#2957);
#2779=AXIS2_PLACEMENT_3D('',#3837,#2958,#2959);
#2780=AXIS2_PLACEMENT_3D('',#3851,#2960,#2961);
#2781=AXIS2_PLACEMENT_3D('',#3858,#2962,#2963);
#2782=AXIS2_PLACEMENT_3D('',#3946,#2967,#2968);
#2783=AXIS2_PLACEMENT_3D('',#3948,#2969,#2970);
#2784=AXIS2_PLACEMENT_3D('',#3949,#2971,#2972);
#2785=AXIS2_PLACEMENT_3D('',#3950,#2973,#2974);
#2786=AXIS2_PLACEMENT_3D('',#4115,#2975,#2976);
#2787=AXIS2_PLACEMENT_3D('',#4118,#2978,#2979);
#2788=AXIS2_PLACEMENT_3D('',#4121,#2981,#2982);
#2789=AXIS2_PLACEMENT_3D('',#4122,#2983,#2984);
#2790=AXIS2_PLACEMENT_3D('',#4211,#2986,#2987);
#2791=AXIS2_PLACEMENT_3D('',#4220,#2988,#2989);
#2792=AXIS2_PLACEMENT_3D('',#4236,#2991,#2992);
#2793=AXIS2_PLACEMENT_3D('',#4238,#2993,#2994);
#2794=AXIS2_PLACEMENT_3D('',#4273,#2996,#2997);
#2795=AXIS2_PLACEMENT_3D('',#4318,#2998,#2999);
#2796=AXIS2_PLACEMENT_3D('',#4354,#3001,#3002);
#2797=AXIS2_PLACEMENT_3D('',#4363,#3003,#3004);
#2798=AXIS2_PLACEMENT_3D('',#4376,#3005,#3006);
#2799=AXIS2_PLACEMENT_3D('',#4377,#3007,#3008);
#2800=AXIS2_PLACEMENT_3D('',#4380,#3010,#3011);
#2801=AXIS2_PLACEMENT_3D('',#4381,#3012,#3013);
#2802=AXIS2_PLACEMENT_3D('',#4428,#3017,#3018);
#2803=AXIS2_PLACEMENT_3D('',#4456,#3026,#3027);
#2804=AXIS2_PLACEMENT_3D('',#4457,#3028,#3029);
#2805=AXIS2_PLACEMENT_3D('',#4466,#3034,#3035);
#2806=AXIS2_PLACEMENT_3D('',#4470,#3037,#3038);
#2807=AXIS2_PLACEMENT_3D('',#4471,#3039,#3040);
#2808=AXIS2_PLACEMENT_3D('',#4481,#3046,#3047);
#2809=AXIS2_PLACEMENT_3D('',#4489,#3052,#3053);
#2810=AXIS2_PLACEMENT_3D('',#4497,#3058,#3059);
#2811=AXIS2_PLACEMENT_3D('',#4503,#3063,#3064);
#2812=AXIS2_PLACEMENT_3D('',#4510,#3069,#3070);
#2813=AXIS2_PLACEMENT_3D('',#4516,#3074,#3075);
#2814=AXIS2_PLACEMENT_3D('',#4524,#3080,#3081);
#2815=AXIS2_PLACEMENT_3D('',#4529,#3085,#3086);
#2816=AXIS2_PLACEMENT_3D('',#4531,#3088,#3089);
#2817=AXIS2_PLACEMENT_3D('',#4535,#3092,#3093);
#2818=AXIS2_PLACEMENT_3D('',#4539,#3096,#3097);
#2819=AXIS2_PLACEMENT_3D('',#4761,#3103,#3104);
#2820=AXIS2_PLACEMENT_3D('',#4778,#3105,#3106);
#2821=AXIS2_PLACEMENT_3D('',#4867,#3108,#3109);
#2822=AXIS2_PLACEMENT_3D('',#4922,#3112,#3113);
#2823=AXIS2_PLACEMENT_3D('',#4923,#3114,#3115);
#2824=AXIS2_PLACEMENT_3D('',#4954,#3117,#3118);
#2825=AXIS2_PLACEMENT_3D('',#4960,#3119,#3120);
#2826=AXIS2_PLACEMENT_3D('',#4961,#3121,#3122);
#2827=AXIS2_PLACEMENT_3D('',#5045,#3125,#3126);
#2828=AXIS2_PLACEMENT_3D('',#5228,#3128,#3129);
#2829=AXIS2_PLACEMENT_3D('',#5229,#3130,#3131);
#2830=AXIS2_PLACEMENT_3D('',#5305,#3133,#3134);
#2831=AXIS2_PLACEMENT_3D('',#5374,#3137,#3138);
#2832=AXIS2_PLACEMENT_3D('',#5375,#3139,#3140);
#2833=AXIS2_PLACEMENT_3D('',#5406,#3142,#3143);
#2834=AXIS2_PLACEMENT_3D('',#5412,#3144,#3145);
#2835=AXIS2_PLACEMENT_3D('',#5413,#3146,#3147);
#2836=AXIS2_PLACEMENT_3D('',#5430,#3148,#3149);
#2837=AXIS2_PLACEMENT_3D('',#5431,#3150,#3151);
#2838=AXIS2_PLACEMENT_3D('',#5432,#3152,#3153);
#2839=AXIS2_PLACEMENT_3D('',#5449,#3155,#3156);
#2840=AXIS2_PLACEMENT_3D('',#5473,#3158,#3159);
#2841=AXIS2_PLACEMENT_3D('',#5476,#3161,#3162);
#2842=AXIS2_PLACEMENT_3D('',#5478,#3163,#3164);
#2843=AXIS2_PLACEMENT_3D('',#5479,#3165,#3166);
#2844=AXIS2_PLACEMENT_3D('',#5491,#3168,#3169);
#2845=AXIS2_PLACEMENT_3D('',#5495,#3172,#3173);
#2846=AXIS2_PLACEMENT_3D('',#5498,#3175,#3176);
#2847=AXIS2_PLACEMENT_3D('',#5504,#3177,#3178);
#2848=AXIS2_PLACEMENT_3D('',#5507,#3180,#3181);
#2849=AXIS2_PLACEMENT_3D('',#5509,#3182,#3183);
#2850=AXIS2_PLACEMENT_3D('',#5510,#3184,#3185);
#2851=AXIS2_PLACEMENT_3D('',#5511,#3186,#3187);
#2852=AXIS2_PLACEMENT_3D('',#5604,#3190,#3191);
#2853=AXIS2_PLACEMENT_3D('',#5639,#3192,#3193);
#2854=AXIS2_PLACEMENT_3D('',#5646,#3194,#3195);
#2855=AXIS2_PLACEMENT_3D('',#5647,#3196,#3197);
#2856=AXIS2_PLACEMENT_3D('',#5649,#3199,#3200);
#2857=AXIS2_PLACEMENT_3D('',#5769,#3202,#3203);
#2858=AXIS2_PLACEMENT_3D('',#5877,#3207,#3208);
#2859=AXIS2_PLACEMENT_3D('',#5878,#3209,#3210);
#2860=AXIS2_PLACEMENT_3D('',#5879,#3211,#3212);
#2861=AXIS2_PLACEMENT_3D('',#5929,#3213,#3214);
#2862=AXIS2_PLACEMENT_3D('',#5930,#3215,#3216);
#2863=AXIS2_PLACEMENT_3D('',#6038,#3218,#3219);
#2864=AXIS2_PLACEMENT_3D('',#6039,#3220,#3221);
#2865=AXIS2_PLACEMENT_3D('',#6141,#3223,#3224);
#2866=AXIS2_PLACEMENT_3D('',#6142,#3225,#3226);
#2867=AXIS2_PLACEMENT_3D('',#6143,#3227,#3228);
#2868=AXIS2_PLACEMENT_3D('',#6148,#3229,#3230);
#2869=AXIS2_PLACEMENT_3D('',#6149,#3231,#3232);
#2870=AXIS2_PLACEMENT_3D('',#6150,#3233,#3234);
#2871=AXIS2_PLACEMENT_3D('',#6152,#3236,#3237);
#2872=AXIS2_PLACEMENT_3D('',#6154,#3239,#3240);
#2873=AXIS2_PLACEMENT_3D('',#6156,#3242,#3243);
#2874=AXIS2_PLACEMENT_3D('',#6158,#3245,#3246);
#2875=AXIS2_PLACEMENT_3D('',#6160,#3248,#3249);
#2876=AXIS2_PLACEMENT_3D('',#6161,#3250,#3251);
#2877=AXIS2_PLACEMENT_3D('',#6167,#3253,#3254);
#2878=AXIS2_PLACEMENT_3D('',#6271,#3257,#3258);
#2879=AXIS2_PLACEMENT_3D('',#6406,#3261,#3262);
#2880=AXIS2_PLACEMENT_3D('',#6502,#3264,#3265);
#2881=AXIS2_PLACEMENT_3D('',#6539,#3266,#3267);
#2882=AXIS2_PLACEMENT_3D('',#6638,#3268,#3269);
#2883=AXIS2_PLACEMENT_3D('',#6639,#3270,#3271);
#2884=AXIS2_PLACEMENT_3D('',#6640,#3272,#3273);
#2885=AXIS2_PLACEMENT_3D('',#6641,#3274,#3275);
#2886=AXIS2_PLACEMENT_3D('',#6791,#3278,#3279);
#2887=AXIS2_PLACEMENT_3D('',#6901,#3283,#3284);
#2888=AXIS2_PLACEMENT_3D('',#6904,#3286,#3287);
#2889=AXIS2_PLACEMENT_3D('',#6976,#3291,#3292);
#2890=AXIS2_PLACEMENT_3D('',#7086,#3298,#3299);
#2891=AXIS2_PLACEMENT_3D('',#7139,#3300,#3301);
#2892=AXIS2_PLACEMENT_3D('',#7149,#3304,#3305);
#2893=AXIS2_PLACEMENT_3D('',#7153,#3308,#3309);
#2894=AXIS2_PLACEMENT_3D('',#7161,#3311,#3312);
#2895=AXIS2_PLACEMENT_3D('',#7323,#3319,#3320);
#2896=AXIS2_PLACEMENT_3D('',#7405,#3324,#3325);
#2897=AXIS2_PLACEMENT_3D('',#7516,#3329,#3330);
#2898=AXIS2_PLACEMENT_3D('',#7521,#3333,#3334);
#2899=AXIS2_PLACEMENT_3D('',#7564,#3335,#3336);
#2900=AXIS2_PLACEMENT_3D('',#7573,#3339,#3340);
#2901=AXIS2_PLACEMENT_3D('',#7577,#3343,#3344);
#2902=AXIS2_PLACEMENT_3D('',#7585,#3346,#3347);
#2903=AXIS2_PLACEMENT_3D('',#7686,#3353,#3354);
#2904=AXIS2_PLACEMENT_3D('',#7690,#3356,#3357);
#2905=AXIS2_PLACEMENT_3D('',#7694,#3359,#3360);
#2906=AXIS2_PLACEMENT_3D('',#7855,#3363,#3364);
#2907=AXIS2_PLACEMENT_3D('',#8030,#3369,#3370);
#2908=AXIS2_PLACEMENT_3D('',#8078,#3372,#3373);
#2909=AXIS2_PLACEMENT_3D('',#8104,#3375,#3376);
#2910=AXIS2_PLACEMENT_3D('',#8147,#3377,#3378);
#2911=AXIS2_PLACEMENT_3D('',#8149,#3380,#3381);
#2912=AXIS2_PLACEMENT_3D('',#8151,#3383,#3384);
#2913=AXIS2_PLACEMENT_3D('',#8152,#3385,#3386);
#2914=AXIS2_PLACEMENT_3D('',#8310,#3392,#3393);
#2915=AXIS2_PLACEMENT_3D('',#8313,#3395,#3396);
#2916=AXIS2_PLACEMENT_3D('',#8380,#3400,#3401);
#2917=AXIS2_PLACEMENT_3D('',#8519,#3406,#3407);
#2918=AXIS2_PLACEMENT_3D('',#8572,#3408,#3409);
#2919=AXIS2_PLACEMENT_3D('',#8575,#3412,#3413);
#2920=AXIS2_PLACEMENT_3D('',#8577,#3415,#3416);
#2921=AXIS2_PLACEMENT_3D('',#8579,#3418,#3419);
#2922=AXIS2_PLACEMENT_3D('',#8580,#3420,#3421);
#2923=AXIS2_PLACEMENT_3D('',#8582,#3423,#3424);
#2924=AXIS2_PLACEMENT_3D('',#8584,#3426,#3427);
#2925=AXIS2_PLACEMENT_3D('',#8585,#3428,#3429);
#2926=DIRECTION('',(0.,0.,1.));
#2927=DIRECTION('',(1.,0.,0.));
#2928=DIRECTION('',(0.,0.,1.));
#2929=DIRECTION('',(1.,-2.40684262833677E-32,0.));
#2930=DIRECTION('',(0.,-2.17110280371143E-14,-1.));
#2931=DIRECTION('',(-1.,1.54267023999746E-28,-3.34929568326067E-42));
#2932=DIRECTION('',(0.,0.,-1.));
#2933=DIRECTION('',(-0.739753609858133,-0.672877846790828,0.));
#2934=DIRECTION('',(7.10435983546194E-15,-2.25460675770032E-14,-1.));
#2935=DIRECTION('',(0.00885931282534791,-0.580412315496858,0.814274558484937));
#2936=DIRECTION('',(0.136930547733036,-0.805931513330335,-0.575955224751549));
#2937=DIRECTION('',(-7.10435983546194E-15,2.25460675770032E-14,1.));
#2938=DIRECTION('',(-0.00885931282650984,-0.580412315495868,0.81427455848563));
#2939=DIRECTION('',(-0.136930611134118,-0.805931505867673,-0.575955220120716));
#2940=DIRECTION('',(-7.10435983546194E-15,2.25460675770032E-14,1.));
#2941=DIRECTION('',(0.,0.,-1.));
#2942=DIRECTION('',(0.691661088777209,-0.722222222222167,0.));
#2943=DIRECTION('',(0.,-2.69144975666636E-14,-1.));
#2944=DIRECTION('',(0.,-1.,2.69144975666636E-14));
#2945=DIRECTION('',(7.10435983546194E-15,-2.25460675770032E-14,-1.));
#2946=DIRECTION('',(-7.10542735760088E-15,2.22044604925031E-14,1.));
#2947=DIRECTION('',(1.,-3.64673124377738E-34,7.10542735760088E-15));
#2948=DIRECTION('',(-0.961442667932786,-0.26769484500953,0.0629878260746543));
#2949=DIRECTION('',(0.266467434887311,-0.963457300125339,-0.0272971972878124));
#2950=DIRECTION('',(0.0270364613434899,-0.706636724632491,0.70705980592782));
#2951=DIRECTION('',(0.0820604958247767,-0.703362173309618,-0.706079123173999));
#2952=DIRECTION('',(0.0512403546103734,-0.714531622948887,-0.69772414740027));
#2953=DIRECTION('',(7.10435983546194E-15,-2.25460675770032E-14,-1.));
#2954=DIRECTION('',(-0.983672355262117,-0.140929785674109,-0.111926283789506));
#2955=DIRECTION('',(-0.163003037784407,0.434074801064078,0.886007379627414));
#2956=DIRECTION('',(0.0106035198995794,-0.461828086584436,-0.886906073836175));
#2957=DIRECTION('',(-0.185812269093797,0.870598055975703,-0.455557708293407));
#2958=DIRECTION('',(-0.930767924416361,-0.362097383291064,-0.0505623960213876));
#2959=DIRECTION('',(0.154674658473999,-0.515295699473115,0.842938961094138));
#2960=DIRECTION('',(0.930767924400864,-0.362097383346303,-0.0505623959110656));
#2961=DIRECTION('',(-0.0951953565172235,-0.373544402040495,0.922714703362728));
#2962=DIRECTION('',(-0.0106035200587844,-0.461828086541238,-0.886906073856765));
#2963=DIRECTION('',(0.185811573851556,0.870598176013638,-0.455557762467654));
#2964=DIRECTION('',(-0.0754428912381313,-0.8870949090457,0.455380052820535));
#2965=DIRECTION('',(-7.10435983546194E-15,2.25460675770032E-14,1.));
#2966=DIRECTION('',(0.0513010995851894,0.714919304699735,0.697322439728565));
#2967=DIRECTION('',(0.961442667932783,-0.267694845009506,0.0629878260747961));
#2968=DIRECTION('',(0.266467434870784,0.96345730012305,0.0272971975299358));
#2969=DIRECTION('',(-7.10542735760088E-15,2.22044604925031E-14,1.));
#2970=DIRECTION('',(1.,-3.64673124377738E-34,7.10542735760088E-15));
#2971=DIRECTION('',(0.,1.,0.));
#2972=DIRECTION('',(1.,0.,-6.86609819207588E-30));
#2973=DIRECTION('',(5.32907051819666E-15,1.,5.76161853205986E-13));
#2974=DIRECTION('',(1.,-5.32907051819666E-15,-3.88445983745277E-31));
#2975=DIRECTION('',(0.,0.,-1.));
#2976=DIRECTION('',(1.,-1.5770663844189E-29,0.));
#2977=DIRECTION('',(0.681191643214709,-0.189678531242932,-0.707106781186526));
#2978=DIRECTION('',(7.10542735760088E-15,-2.22044604925031E-14,-1.));
#2979=DIRECTION('',(1.,-3.64673124332896E-34,7.10542735760088E-15));
#2980=DIRECTION('',(0.681191643214683,0.189678531242926,0.707106781186552));
#2981=DIRECTION('',(0.,1.,0.));
#2982=DIRECTION('',(1.,0.,-6.86609819207588E-30));
#2983=DIRECTION('',(5.32907051819666E-15,1.,5.76161853205986E-13));
#2984=DIRECTION('',(1.,-5.32907051819666E-15,-3.88445983745277E-31));
#2985=DIRECTION('',(-0.739025254920774,-0.233529149880297,0.631906487342448));
#2986=DIRECTION('',(0.,0.,-1.));
#2987=DIRECTION('',(0.999897520217446,-0.0143160421556736,0.));
#2988=DIRECTION('',(0.0129185792030947,0.573667014360872,-0.818986731849581));
#2989=DIRECTION('',(0.157271680611873,0.807694806002707,0.56823825886134));
#2990=DIRECTION('',(-1.45596410063549E-14,1.47545169323056E-14,1.));
#2991=DIRECTION('',(0.,0.,1.));
#2992=DIRECTION('',(-0.28745540116358,-0.957794023964383,0.));
#2993=DIRECTION('',(0.,2.17110280371143E-14,1.));
#2994=DIRECTION('',(0.999897520217446,-0.0143160421556736,3.1081599262234E-16));
#2995=DIRECTION('',(1.45596410063549E-14,-1.47545169323056E-14,-1.));
#2996=DIRECTION('',(7.10542735760088E-15,-2.22044604925031E-14,-1.));
#2997=DIRECTION('',(0.999897520217446,-0.0143160421556736,7.42257918740499E-15));
#2998=DIRECTION('',(0.0165845403342872,0.706914090701458,-0.707104957831319));
#2999=DIRECTION('',(0.0169917497738909,0.706900830966049,0.707108545853557));
#3000=DIRECTION('',(1.45596410063549E-14,-1.47545169323056E-14,-1.));
#3001=DIRECTION('',(0.715785759908531,0.29255949975202,0.63408176524563));
#3002=DIRECTION('',(0.586947693365732,0.23990016729811,-0.773266005319635));
#3003=DIRECTION('',(-0.974050921472111,0.224776990657861,0.026459532311207));
#3004=DIRECTION('',(0.198171510310083,0.903494103227925,-0.38003481147625));
#3005=DIRECTION('',(0.0101584001627876,-0.573387331821531,0.819221444185098));
#3006=DIRECTION('',(-0.0948580777402875,-0.816121692079205,-0.570041514983947));
#3007=DIRECTION('',(0.42377239930238,-0.762110695387896,0.489493862642712));
#3008=DIRECTION('',(0.237881175200013,-0.427804614339704,-0.872006742195906));
#3009=DIRECTION('',(1.45596410063549E-14,-1.47545169323056E-14,-1.));
#3010=DIRECTION('',(0.,0.,1.));
#3011=DIRECTION('',(0.999897520217446,-0.0143160421556736,0.));
#3012=DIRECTION('',(-7.10542735760088E-15,2.22044604925031E-14,1.));
#3013=DIRECTION('',(0.999897520217446,-0.0143160421556736,7.42257918740498E-15));
#3014=DIRECTION('',(-0.499999999999994,0.499999999999988,-0.70710678118656));
#3015=DIRECTION('',(-0.579308633282914,0.6298434783883,-0.517396076652703));
#3016=DIRECTION('',(-0.579308633282907,-0.629843478388284,0.51739607665273));
#3017=DIRECTION('',(-8.87705462241878E-15,-0.573576436350985,0.819152044289035));
#3018=DIRECTION('',(2.40563628506414E-16,0.819152044289035,0.573576436350985));
#3019=DIRECTION('',(1.,-5.32907051820075E-15,7.105427357601E-15));
#3020=DIRECTION('',(1.,-5.32907051820075E-15,7.105427357601E-15));
#3021=DIRECTION('',(-0.629716953392469,0.636337511575753,0.445568322450873));
#3022=DIRECTION('',(-0.633687274224654,0.633687274224671,0.4437126062796));
#3023=DIRECTION('',(-1.,5.32907051820075E-15,-7.105427357601E-15));
#3024=DIRECTION('',(-0.633687274224657,-0.633687274224662,-0.443712606279608));
#3025=DIRECTION('',(-0.629716953392709,-0.636337511575587,-0.44556832245077));
#3026=DIRECTION('',(0.,0.,-1.));
#3027=DIRECTION('',(-6.47017869093303E-17,-1.,0.));
#3028=DIRECTION('',(-9.65444780181811E-12,2.6075489400307E-12,-1.));
#3029=DIRECTION('',(0.96753019254996,-0.252755467802848,-9.99981581759607E-12));
#3030=DIRECTION('',(-1.,5.32907051820075E-15,-7.105427357601E-15));
#3031=DIRECTION('',(0.707106781186552,0.707106781186543,-1.06766287190496E-14));
#3032=DIRECTION('',(1.,-5.32907051820075E-15,7.105427357601E-15));
#3033=DIRECTION('',(0.707106781186542,-0.707106781186553,2.07252204546258E-14));
#3034=DIRECTION('',(-7.10542735760088E-15,2.22044604925031E-14,1.));
#3035=DIRECTION('',(-0.999897520217446,-0.0143160421556559,-6.78681920249605E-15));
#3036=DIRECTION('',(-1.,5.32907051820075E-15,-7.105427357601E-15));
#3037=DIRECTION('',(-1.85451844474549E-12,-5.00882878455896E-13,-1.));
#3038=DIRECTION('',(-0.963219313675432,-0.268716493283589,1.92069129555838E-12));
#3039=DIRECTION('',(0.,-0.707106781186548,-0.707106781186548));
#3040=DIRECTION('',(-1.,8.88178419638301E-16,-8.88178419638301E-16));
#3041=DIRECTION('',(-1.,5.32907051820075E-15,-7.105427357601E-15));
#3042=DIRECTION('',(-0.746327346229523,0.470635470538949,-0.470635470550807));
#3043=DIRECTION('',(0.281084637733897,0.678598344533308,-0.678598344550484));
#3044=DIRECTION('',(0.281084637733875,-0.678598344533312,0.67859834455049));
#3045=DIRECTION('',(0.746327346229526,0.470635470538931,-0.470635470550821));
#3046=DIRECTION('',(-0.288675134594764,-0.866025403784333,-0.408248290464121));
#3047=DIRECTION('',(-0.816496580927944,1.66533453693774E-16,0.577350269189317));
#3048=DIRECTION('',(-0.816496580927616,-3.2829603318773E-13,0.577350269189782));
#3049=DIRECTION('',(-0.912486956834048,0.377964473009284,-0.15655801081565));
#3050=DIRECTION('',(-0.500000000000186,0.500000000000183,-0.707106781186286));
#3051=DIRECTION('',(0.816496580927616,3.28323788763345E-13,-0.577350269189782));
#3052=DIRECTION('',(-0.382683432365099,-0.923879532511283,-3.06031861814043E-13));
#3053=DIRECTION('',(2.52435489670724E-28,3.31246500268481E-13,-1.));
#3054=DIRECTION('',(5.91277966695107E-13,-5.76161853205989E-13,1.));
#3055=DIRECTION('',(-0.797772037998807,0.33044799782098,0.50434501695103));
#3056=DIRECTION('',(-0.906075394442429,0.375308716910682,-0.195373351808412));
#3057=DIRECTION('',(-5.91277966695107E-13,5.76161853205989E-13,-1.));
#3058=DIRECTION('',(-0.224542422393099,-0.939104352596737,0.260122500910057));
#3059=DIRECTION('',(4.44089209850063E-16,-0.266938970464823,-0.96371343564733));
#3060=DIRECTION('',(0.756979649619459,-3.80520307177938E-13,0.653438451624941));
#3061=DIRECTION('',(-0.67044300623498,0.342599478342105,0.658127474605278));
#3062=DIRECTION('',(-0.756979649619459,3.80477905874906E-13,-0.653438451624941));
#3063=DIRECTION('',(-8.00786450922828E-15,-0.887010833178343,0.461748613234802));
#3064=DIRECTION('',(0.,-0.461748613234802,-0.887010833178343));
#3065=DIRECTION('',(1.,-5.32907051820075E-15,7.105427357601E-15));
#3066=DIRECTION('',(0.670443006234898,0.342599478342126,0.65812747460535));
#3067=DIRECTION('',(-0.187857361071518,0.453527788888759,0.871218776540611));
#3068=DIRECTION('',(-0.187857361071581,-0.45352778888875,-0.871218776540602));
#3069=DIRECTION('',(0.224542422393114,-0.939104352596731,0.260122500910066));
#3070=DIRECTION('',(-1.38777878078145E-16,-0.266938970464833,-0.963713435647327));
#3071=DIRECTION('',(-0.756979649619433,-3.72494712613663E-13,0.653438451624971));
#3072=DIRECTION('',(0.756979649619433,3.72452311310632E-13,-0.653438451624971));
#3073=DIRECTION('',(0.797772037998863,0.330447997821003,0.504345016950927));
#3074=DIRECTION('',(0.382683432365092,-0.923879532511286,-3.00598505431219E-13));
#3075=DIRECTION('',(7.06819371078026E-28,3.25365477698303E-13,-1.));
#3076=DIRECTION('',(-6.05476011144651E-13,-5.76161853205982E-13,1.));
#3077=DIRECTION('',(-0.906075394442428,-0.375308716910672,0.19537335180844));
#3078=DIRECTION('',(6.05476011144651E-13,5.76161853205982E-13,-1.));
#3079=DIRECTION('',(0.912486956834063,0.377964473009262,-0.156558010815616));
#3080=DIRECTION('',(0.288675134594762,-0.866025403784335,-0.408248290464119));
#3081=DIRECTION('',(-0.816496580927944,4.16333634234434E-16,-0.577350269189317));
#3082=DIRECTION('',(0.816496580927608,-3.37026124478611E-13,0.577350269189793));
#3083=DIRECTION('',(-0.500000000000207,-0.50000000000018,0.707106781186274));
#3084=DIRECTION('',(-0.816496580927608,3.36998368902996E-13,-0.577350269189793));
#3085=DIRECTION('',(0.5,-0.500000000000019,-0.707106781186534));
#3086=DIRECTION('',(-0.81649658092772,1.13797860024079E-15,-0.577350269189634));
#3087=DIRECTION('',(-0.707106781186552,-0.707106781186543,1.06766287190496E-14));
#3088=DIRECTION('',(-0.5,-0.50000000000001,-0.707106781186541));
#3089=DIRECTION('',(-0.816496580927725,1.02695629777827E-15,0.577350269189628));
#3090=DIRECTION('',(-0.707106781186542,0.707106781186553,-2.07252204546258E-14));
#3091=DIRECTION('',(0.500000000000011,0.499999999999983,-0.707106781186552));
#3092=DIRECTION('',(0.707106781186553,0.707106781186542,-1.06887063533471E-14));
#3093=DIRECTION('',(-0.707106781186542,0.707106781186553,-2.35316848263173E-14));
#3094=DIRECTION('',(0.633687274224654,-0.63368727422467,-0.443712606279601));
#3095=DIRECTION('',(7.65549470753875E-15,7.46061878158816E-15,1.));
#3096=DIRECTION('',(0.,-1.,0.));
#3097=DIRECTION('',(-7.38620108991779E-15,0.,1.));
#3098=DIRECTION('',(0.613578864363612,-0.532413847335673,0.583143612132969));
#3099=DIRECTION('',(-0.734109982026041,-0.113986302572701,-0.669394993345133));
#3100=DIRECTION('',(0.613578864363647,0.532413847335697,-0.583143612132911));
#3101=DIRECTION('',(-0.734109982026047,0.1139863025727,0.669394993345127));
#3102=DIRECTION('',(0.728852623125405,-0.128094349682264,-0.672581364106005));
#3103=DIRECTION('',(-2.04484629129866E-12,0.461748613235069,0.887010833178204));
#3104=DIRECTION('',(0.0948641137874087,-0.88301061917494,0.459666233630032));
#3105=DIRECTION('',(0.959744020551424,0.279965710025118,-0.0225968189336509));
#3106=DIRECTION('',(-0.105433661957546,0.433663424979338,0.894885342801754));
#3107=DIRECTION('',(-0.71686043892021,0.697216688778405,0.));
#3108=DIRECTION('',(0.697216688778243,0.716860438920368,-1.12091056588089E-14));
#3109=DIRECTION('',(-1.6076932522156E-14,-5.99534287967969E-29,-1.));
#3110=DIRECTION('',(-0.716860438920406,0.697216688778204,0.));
#3111=DIRECTION('',(-7.10435983546206E-15,3.78653234506086E-29,1.));
#3112=DIRECTION('',(-0.719234809381046,0.317319653146716,0.61806919248694));
#3113=DIRECTION('',(0.651752658040312,-1.11022302462516E-16,0.758431587381082));
#3114=DIRECTION('',(-3.84190011894181E-15,0.461748613235066,0.887010833178205));
#3115=DIRECTION('',(-0.999985097565487,-0.00484251433265199,0.0025208534033991));
#3116=DIRECTION('',(-0.74972656240356,0.392230146455811,-0.532978042547527));
#3117=DIRECTION('',(-3.65626230433486E-13,0.707106781186624,-0.707106781186472));
#3118=DIRECTION('',(-0.0288792830970151,0.706811851558661,0.706811851558828));
#3119=DIRECTION('',(0.7194962332379,-0.473085400229839,0.508444072092346));
#3120=DIRECTION('',(0.577110677548501,2.77555756156289E-16,-0.816665945083735));
#3121=DIRECTION('',(8.79251776862917E-15,0.707106781186533,-0.707106781186562));
#3122=DIRECTION('',(0.999396771654848,0.0245570031342194,0.0245570031342308));
#3123=DIRECTION('',(-0.700604917579889,-0.0942221902198064,-0.707301158158998));
#3124=DIRECTION('',(0.752014489389166,-0.387752672899993,0.533031023869778));
#3125=DIRECTION('',(0.989477320848958,0.135847317674488,0.0498009819804255));
#3126=DIRECTION('',(0.0753884608076491,-0.777838670037906,0.623925943819229));
#3127=DIRECTION('',(-0.700604917579918,0.0942221902198214,0.707301158158967));
#3128=DIRECTION('',(1.35511819671105E-13,0.707106781186636,-0.707106781186459));
#3129=DIRECTION('',(0.0288792830979676,0.706811851558634,0.706811851558817));
#3130=DIRECTION('',(0.756653663116787,0.42865561380921,-0.493689779964907));
#3131=DIRECTION('',(-0.546438610772423,-2.4980018054066E-16,-0.837499160988896));
#3132=DIRECTION('',(0.716860438920201,0.697216688778415,0.));
#3133=DIRECTION('',(-0.697216688778258,0.716860438920353,-2.11156621395485E-14));
#3134=DIRECTION('',(-3.02856521930789E-14,5.99534287967969E-29,1.));
#3135=DIRECTION('',(0.716860438920626,0.697216688777978,0.));
#3136=DIRECTION('',(7.10435983546206E-15,-3.78653234506086E-29,-1.));
#3137=DIRECTION('',(0.720106281760573,0.489694003815241,-0.491575757738684));
#3138=DIRECTION('',(-0.563801967101302,0.,-0.825910008350003));
#3139=DIRECTION('',(8.79251776862917E-15,0.707106781186533,-0.707106781186562));
#3140=DIRECTION('',(0.999998292851275,-0.00130657845838862,-0.00130657845837613));
#3141=DIRECTION('',(0.728852623125395,0.128094349682262,0.672581364106016));
#3142=DIRECTION('',(7.0201439844961E-12,0.461748613234008,0.887010833178756));
#3143=DIRECTION('',(-0.0948641137998979,-0.883010619174216,0.459666233628845));
#3144=DIRECTION('',(-0.716357682736244,-0.269488481634851,-0.643589643057517));
#3145=DIRECTION('',(-0.668314879095972,5.55111512312578E-17,0.743878499742355));
#3146=DIRECTION('',(-3.84190011894181E-15,0.461748613235066,0.887010833178205));
#3147=DIRECTION('',(-0.99672295194471,0.0717512107726047,-0.0373513161654191));
#3148=DIRECTION('',(-0.95974402055005,0.279965710031163,-0.0225968189170665));
#3149=DIRECTION('',(0.0701711876966451,0.316895348546431,0.945861164488149));
#3150=DIRECTION('',(-1.,0.,0.));
#3151=DIRECTION('',(0.,0.382683432365079,-0.923879532511291));
#3152=DIRECTION('',(-0.981494791127702,-0.180776793069226,0.0631484447694065));
#3153=DIRECTION('',(-0.0942413075002266,0.168947754535171,-0.98110918464673));
#3154=DIRECTION('',(1.,-5.32907051820075E-15,7.105427357601E-15));
#3155=DIRECTION('',(-1.,0.,0.));
#3156=DIRECTION('',(0.,0.382683432365079,-0.923879532511291));
#3157=DIRECTION('',(1.,-5.32907051820075E-15,7.105427357601E-15));
#3158=DIRECTION('',(0.,0.707106781186548,-0.707106781186548));
#3159=DIRECTION('',(-1.,-6.21724893790073E-15,-6.21724893790073E-15));
#3160=DIRECTION('',(-1.,5.32907051820075E-15,-7.105427357601E-15));
#3161=DIRECTION('',(-1.75500258003188E-12,-0.707106781186633,0.707106781186462));
#3162=DIRECTION('',(-0.0238307187327349,-0.706905968585765,-0.706905968585995));
#3163=DIRECTION('',(8.79251776862917E-15,0.707106781186533,-0.707106781186562));
#3164=DIRECTION('',(-0.999692993260245,0.017520262931424,0.0175202629314109));
#3165=DIRECTION('',(1.,0.,0.));
#3166=DIRECTION('',(0.,0.923879532511285,-0.382683432365094));
#3167=DIRECTION('',(1.,-5.32907051820075E-15,7.105427357601E-15));
#3168=DIRECTION('',(0.,1.,0.));
#3169=DIRECTION('',(-1.94875925950479E-16,0.,-1.));
#3170=DIRECTION('',(-1.,5.32907051820075E-15,-7.105427357601E-15));
#3171=DIRECTION('',(-1.4559641006355E-14,7.88860905221012E-29,1.));
#3172=DIRECTION('',(-1.,0.,0.));
#3173=DIRECTION('',(0.,0.854911870672949,0.518773258160517));
#3174=DIRECTION('',(1.,-5.32907051820075E-15,7.105427357601E-15));
#3175=DIRECTION('',(0.715785759908531,0.29255949975202,0.63408176524563));
#3176=DIRECTION('',(-0.698319945234394,0.299876761758791,0.649940906425265));
#3177=DIRECTION('',(-3.84190011894181E-15,0.461748613235066,0.887010833178205));
#3178=DIRECTION('',(1.,1.97215226305253E-30,4.33128883575873E-15));
#3179=DIRECTION('',(-1.,5.32907051820075E-15,-7.105427357601E-15));
#3180=DIRECTION('',(-6.84141704559671E-11,-0.46174861322297,-0.887010833184502));
#3181=DIRECTION('',(0.984485533840185,-0.155640031841681,0.081021072244981));
#3182=DIRECTION('',(2.02905917802125E-12,-0.461748613235296,-0.887010833178085));
#3183=DIRECTION('',(0.0682334475981269,0.884943550141392,-0.460672453802073));
#3184=DIRECTION('',(0.,0.,1.));
#3185=DIRECTION('',(-0.999897520217446,-0.0143160421556559,0.));
#3186=DIRECTION('',(7.10542735760088E-15,-2.22044604925031E-14,-1.));
#3187=DIRECTION('',(-0.999897520217446,-0.0143160421556558,-6.78681920249605E-15));
#3188=DIRECTION('',(0.695387555382365,0.128203540586586,-0.707106781186832));
#3189=DIRECTION('',(-0.698834749361568,-0.124405914821004,0.704381403390453));
#3190=DIRECTION('',(2.47114245086122E-10,4.47744154682952E-11,-1.));
#3191=DIRECTION('',(-0.178286349754588,0.983978646867494,-2.79819892246126E-17));
#3192=DIRECTION('',(-1.57142846028291E-11,-0.707106781187348,0.707106781185747));
#3193=DIRECTION('',(0.0238307186899229,-0.706905968586066,-0.706905968587137));
#3194=DIRECTION('',(-0.0165845403316093,0.706914090701626,-0.707104957831214));
#3195=DIRECTION('',(-0.0169917498097079,0.706900830965094,0.707108545853651));
#3196=DIRECTION('',(-0.737368229534379,0.418316873865296,-0.53037636364463));
#3197=DIRECTION('',(-0.583921267919966,0.,0.811810293646699));
#3198=DIRECTION('',(0.106845447181764,-0.703059048166145,-0.703059048166115));
#3199=DIRECTION('',(-0.737368229534379,0.418316873865296,-0.53037636364463));
#3200=DIRECTION('',(-0.461311716088948,0.261707064696333,0.847762297396563));
#3201=DIRECTION('',(0.696067880185312,0.71797597882821,0.));
#3202=DIRECTION('',(-0.717975978828168,0.696067880185355,5.496461306059E-15));
#3203=DIRECTION('',(7.65549470753875E-15,-7.88860905221012E-30,1.));
#3204=DIRECTION('',(7.65549470753875E-15,7.46061878158816E-15,1.));
#3205=DIRECTION('',(0.69606788018533,0.717975978828193,0.));
#3206=DIRECTION('',(-7.65549470753871E-15,3.94430452610506E-29,-1.));
#3207=DIRECTION('',(-0.718172818215375,0.476887564197772,-0.506760351931859));
#3208=DIRECTION('',(-0.576542583706987,-1.11022302462516E-16,0.817067102001098));
#3209=DIRECTION('',(-0.718172818215375,0.476887564197772,-0.506760351931859));
#3210=DIRECTION('',(0.695864787998779,0.492175623567234,-0.523006072994969));
#3211=DIRECTION('',(-0.718172818215375,0.476887564197772,-0.506760351931859));
#3212=DIRECTION('',(-0.422163334228094,0.280328688370492,0.862086971082326));
#3213=DIRECTION('',(-2.98349467987968E-12,-0.461748613235389,-0.887010833178037));
#3214=DIRECTION('',(-0.0682334475852255,0.884943550142157,-0.460672453802515));
#3215=DIRECTION('',(0.69761665340892,0.3403288209392,0.630481798725921));
#3216=DIRECTION('',(0.670506697513071,-2.77555756156289E-16,-0.741903476599291));
#3217=DIRECTION('',(0.742655756611159,-0.234404477354352,0.6273093082113));
#3218=DIRECTION('',(0.673893764944887,0.379136080922918,0.634131710065674));
#3219=DIRECTION('',(0.685295215208558,-1.11022302462516E-16,-0.728265382956142));
#3220=DIRECTION('',(-3.84190011894181E-15,0.461748613235066,0.887010833178205));
#3221=DIRECTION('',(0.997924228380485,0.0571226327540574,-0.0297361604525286));
#3222=DIRECTION('',(-0.739025254920781,0.233529149880302,-0.631906487342437));
#3223=DIRECTION('',(-0.973568564676758,-0.162499929109808,-0.160493061882887));
#3224=DIRECTION('',(-0.0612915651621557,-0.491037871691362,0.868979374096296));
#3225=DIRECTION('',(-0.0101584000485915,-0.573387331802297,0.819221444199977));
#3226=DIRECTION('',(0.0948707413464628,-0.816120777092571,-0.570040717523048));
#3227=DIRECTION('',(-0.42173753242389,-0.763833970131976,0.488564345626482));
#3228=DIRECTION('',(0.756979649619165,5.55111512312579E-17,0.653438451625282));
#3229=DIRECTION('',(-0.423772399302273,-0.762110695387742,0.489493862643044));
#3230=DIRECTION('',(-2.77555756156289E-16,-0.540418164110141,-0.841396581820859));
#3231=DIRECTION('',(-0.423772399302273,-0.762110695387742,0.489493862643044));
#3232=DIRECTION('',(-0.237881175200162,-0.427804614340001,-0.87200674219572));
#3233=DIRECTION('',(0.,0.707106781186548,-0.707106781186548));
#3234=DIRECTION('',(-1.,-6.21724893790073E-15,-6.21724893790073E-15));
#3235=DIRECTION('',(-1.,5.32907051820075E-15,-7.105427357601E-15));
#3236=DIRECTION('',(1.,0.,0.));
#3237=DIRECTION('',(0.,0.923879532511285,-0.382683432365094));
#3238=DIRECTION('',(1.,-5.32907051820075E-15,7.105427357601E-15));
#3239=DIRECTION('',(0.,1.,0.));
#3240=DIRECTION('',(-1.94875925950479E-16,0.,-1.));
#3241=DIRECTION('',(-1.,5.32907051820075E-15,-7.105427357601E-15));
#3242=DIRECTION('',(-1.,0.,0.));
#3243=DIRECTION('',(0.,0.854911870672949,0.518773258160517));
#3244=DIRECTION('',(1.,-5.32907051820075E-15,7.105427357601E-15));
#3245=DIRECTION('',(-3.84190011894181E-15,0.461748613235066,0.887010833178205));
#3246=DIRECTION('',(1.,1.97215226305253E-30,4.33128883575873E-15));
#3247=DIRECTION('',(-1.,5.32907051820075E-15,-7.105427357601E-15));
#3248=DIRECTION('',(1.,0.,0.));
#3249=DIRECTION('',(0.,-0.0654031292300854,0.997858923238607));
#3250=DIRECTION('',(0.421737532423897,-0.763833970131986,0.48856434562646));
#3251=DIRECTION('',(0.756979649619145,-2.77555756156289E-17,-0.653438451625305));
#3252=DIRECTION('',(0.633687274224657,0.633687274224662,0.443712606279608));
#3253=DIRECTION('',(0.42377239930238,-0.762110695387896,0.489493862642712));
#3254=DIRECTION('',(3.33066907387547E-16,-0.540418164109804,-0.841396581821075));
#3255=DIRECTION('',(-0.669852719869353,0.394086753663026,0.629279718623577));
#3256=DIRECTION('',(0.74265575661118,0.234404477354341,-0.62730930821128));
#3257=DIRECTION('',(0.973568564675464,-0.162499929094719,-0.160493061906016));
#3258=DIRECTION('',(0.0372709300309462,-0.58024416530089,0.813589322944261));
#3259=DIRECTION('',(0.662501304107713,-0.446227343610585,-0.601642069564472));
#3260=DIRECTION('',(-0.696067880185309,0.717975978828213,-2.55198794538166E-14));
#3261=DIRECTION('',(0.717975978828083,0.696067880185443,1.04534725029232E-14));
#3262=DIRECTION('',(1.45596410063549E-14,6.4686594228123E-29,-1.));
#3263=DIRECTION('',(-0.696067880185238,0.717975978828282,-2.55198794538045E-14));
#3264=DIRECTION('',(0.715785759908531,0.29255949975202,0.63408176524563));
#3265=DIRECTION('',(0.663093899722861,0.,-0.748536225008736));
#3266=DIRECTION('',(-0.695636810969656,0.510663779225727,-0.505284011038213));
#3267=DIRECTION('',(-0.591763067945531,-0.806111947198212,5.55111512312578E-17));
#3268=DIRECTION('',(-0.671872874958442,0.535372912389645,-0.511822903526705));
#3269=DIRECTION('',(-0.623185347746573,-0.78207417957249,1.38777878078145E-16));
#3270=DIRECTION('',(-0.70544889000315,0.0652888173157042,-0.705747287580222));
#3271=DIRECTION('',(-0.707256283177127,-5.55111512312578E-17,0.706957247580415));
#3272=DIRECTION('',(1.,0.,0.));
#3273=DIRECTION('',(0.,-0.0654031292300854,0.997858923238607));
#3274=DIRECTION('',(-0.707106781186548,0.707106781186548,0.));
#3275=DIRECTION('',(-0.707106781186548,-0.707106781186548,1.00485917355757E-14));
#3276=DIRECTION('',(-0.604796923910412,0.58334324435199,-0.542154350805559));
#3277=DIRECTION('',(0.772261404985754,0.635304905041217,0.));
#3278=DIRECTION('',(0.635304905041097,-0.772261404985852,9.24981134697477E-15));
#3279=DIRECTION('',(1.45596410063549E-14,-7.88860905221012E-30,-1.));
#3280=DIRECTION('',(0.77226140498598,0.635304905040942,1.74257689125191E-14));
#3281=DIRECTION('',(1.45596410063549E-14,0.,-1.));
#3282=DIRECTION('',(0.669648670072689,-0.196058332518,-0.716332177777978));
#3283=DIRECTION('',(0.,0.,-1.));
#3284=DIRECTION('',(0.999897520217446,-0.0143160421556736,0.));
#3285=DIRECTION('',(-0.675874985461805,0.207829266531884,0.707106781186423));
#3286=DIRECTION('',(0.,-2.17110280371143E-14,-1.));
#3287=DIRECTION('',(0.999897520217446,-0.0143160421556736,3.1081599262234E-16));
#3288=DIRECTION('',(0.632301366685452,-0.316535909002266,-0.70710678118642));
#3289=DIRECTION('',(-0.561905581321495,0.501552401218225,0.657804915238542));
#3290=DIRECTION('',(0.483187966206169,-0.87551664136871,2.7850960132548E-14));
#3291=DIRECTION('',(0.875516641368788,0.483187966206028,1.27472079934191E-14));
#3292=DIRECTION('',(1.45596410063549E-14,-4.10207670714926E-29,-1.));
#3293=DIRECTION('',(0.483187966205934,-0.87551664136884,0.));
#3294=DIRECTION('',(-1.45596410063549E-14,0.,1.));
#3295=DIRECTION('',(0.502778050592812,-0.758248978213044,0.415057488645811));
#3296=DIRECTION('',(0.609923392943376,-0.586069437389943,0.533400477406868));
#3297=DIRECTION('',(-0.54435838334811,0.662719142704116,-0.514273554027576));
#3298=DIRECTION('',(5.79530277545843E-12,-0.573576436352652,0.819152044287867));
#3299=DIRECTION('',(-0.177363596577793,-0.806164710572114,-0.564482607382344));
#3300=DIRECTION('',(1.,0.,0.));
#3301=DIRECTION('',(0.,0.707106781186548,-0.707106781186548));
#3302=DIRECTION('',(-1.,0.,0.));
#3303=DIRECTION('',(1.,0.,0.));
#3304=DIRECTION('',(0.,1.,-1.25309820250652E-31));
#3305=DIRECTION('',(1.58815518474134E-16,1.25309820250652E-31,1.));
#3306=DIRECTION('',(1.,0.,0.));
#3307=DIRECTION('',(-7.10435983546194E-15,0.,1.));
#3308=DIRECTION('',(-1.,0.,0.));
#3309=DIRECTION('',(0.,0.461748613235066,0.887010833178205));
#3310=DIRECTION('',(-1.,0.,0.));
#3311=DIRECTION('',(0.271070818841864,0.962559406567928,1.92578463794592E-15));
#3312=DIRECTION('',(1.77493703674728E-30,-2.0006917233425E-15,1.));
#3313=DIRECTION('',(0.962559406567986,-0.271070818841656,-2.7961388547059E-14));
#3314=DIRECTION('',(-0.962559406567946,0.271070818841799,2.79613885470579E-14));
#3315=DIRECTION('',(-7.10435983546194E-15,0.,1.));
#3316=DIRECTION('',(0.556637948605353,0.133438666704408,0.8199684850045));
#3317=DIRECTION('',(-0.443667022025562,-0.463270505993729,0.767163614780631));
#3318=DIRECTION('',(-0.624309477957628,-0.16312128119065,-0.76395623130844));
#3319=DIRECTION('',(-1.16654912411206E-12,0.573576436350308,-0.819152044289509));
#3320=DIRECTION('',(-0.255719150985543,0.791916151097464,0.554505658627765));
#3321=DIRECTION('',(0.726113342744057,-0.0516482559002588,0.685632460689773));
#3322=DIRECTION('',(-0.650474481728329,-0.119216041744028,-0.750113647396945));
#3323=DIRECTION('',(0.592224822581438,0.805772771641227,0.));
#3324=DIRECTION('',(0.805772771641295,-0.592224822581345,5.72449971535726E-15));
#3325=DIRECTION('',(7.10435983546194E-15,1.97215226305253E-30,-1.));
#3326=DIRECTION('',(0.59222482258129,0.805772771641335,0.));
#3327=DIRECTION('',(7.10435983546194E-15,0.,-1.));
#3328=DIRECTION('',(0.592628758820372,0.453459939353714,-0.665706570209691));
#3329=DIRECTION('',(0.,0.,1.));
#3330=DIRECTION('',(-1.,1.7209692107247E-28,0.));
#3331=DIRECTION('',(0.523084793937817,0.475796488375905,-0.707106781186681));
#3332=DIRECTION('',(-0.63343079172166,-0.31426968052725,0.707106781186669));
#3333=DIRECTION('',(0.,2.17110280371143E-14,1.));
#3334=DIRECTION('',(-1.,1.54267023999746E-28,-3.34929568326067E-42));
#3335=DIRECTION('',(1.,0.,0.));
#3336=DIRECTION('',(0.,-0.887010833178204,0.461748613235068));
#3337=DIRECTION('',(-1.,0.,0.));
#3338=DIRECTION('',(1.,0.,0.));
#3339=DIRECTION('',(0.,-1.,1.28523881510889E-31));
#3340=DIRECTION('',(-1.09140518543453E-16,-1.28523881510889E-31,-1.));
#3341=DIRECTION('',(1.,0.,0.));
#3342=DIRECTION('',(-7.65549470753875E-15,0.,-1.));
#3343=DIRECTION('',(1.,0.,0.));
#3344=DIRECTION('',(0.,-0.70710678118656,-0.707106781186535));
#3345=DIRECTION('',(-1.,0.,0.));
#3346=DIRECTION('',(-0.875516641368745,0.483187966206105,6.70251301436053E-15));
#3347=DIRECTION('',(7.65549470753875E-15,-3.94430452610506E-31,1.));
#3348=DIRECTION('',(-0.483187966206017,-0.875516641368794,0.));
#3349=DIRECTION('',(7.65549470753875E-15,7.46061878158816E-15,1.));
#3350=DIRECTION('',(0.483187966206061,0.875516641368769,0.));
#3351=DIRECTION('',(-0.561905582335471,-0.501552411412007,-0.657804906600001));
#3352=DIRECTION('',(0.502778050593222,0.758248978213447,-0.415057488644576));
#3353=DIRECTION('',(0.,0.,-1.));
#3354=DIRECTION('',(-0.999897520217446,-0.0143160421556559,0.));
#3355=DIRECTION('',(-0.675874985461904,-0.207829266531906,-0.707106781186322));
#3356=DIRECTION('',(0.,2.17110280371143E-14,1.));
#3357=DIRECTION('',(-0.999897520217446,-0.0143160421556558,3.10815992621953E-16));
#3358=DIRECTION('',(0.632301366685535,0.316535909002301,0.707106781186329));
#3359=DIRECTION('',(0.,-2.17110280371143E-14,-1.));
#3360=DIRECTION('',(-0.999897520217446,-0.0143160421556559,3.10815992621956E-16));
#3361=DIRECTION('',(0.669648670072708,0.196058332517996,0.716332177777961));
#3362=DIRECTION('',(-0.772261404985754,0.635304905041217,0.));
#3363=DIRECTION('',(-0.635304905041156,-0.772261404985804,4.86357333821598E-15));
#3364=DIRECTION('',(7.65549470753875E-15,2.36658271566304E-30,1.));
#3365=DIRECTION('',(-0.77226140498583,0.635304905041124,0.));
#3366=DIRECTION('',(-7.65549470753875E-15,-7.46061878158816E-15,-1.));
#3367=DIRECTION('',(7.65549470753875E-15,0.,1.));
#3368=DIRECTION('',(-0.604796923910414,-0.583343244351979,0.54215435080557));
#3369=DIRECTION('',(0.,0.,1.));
#3370=DIRECTION('',(0.287455379215372,-0.957794030551531,0.));
#3371=DIRECTION('',(0.609923392943399,0.586069437389951,-0.533400477406833));
#3372=DIRECTION('',(-5.79530277545861E-12,-0.573576436352652,0.819152044287868));
#3373=DIRECTION('',(0.177363596482035,-0.806164710586251,-0.564482607392242));
#3374=DIRECTION('',(-0.544358383348129,-0.662719142704117,0.514273554027554));
#3375=DIRECTION('',(-0.0129185805048144,0.573667014032629,-0.818986732058968));
#3376=DIRECTION('',(-0.157276895308346,0.807694087135492,0.568237837360847));
#3377=DIRECTION('',(0.,0.,-1.));
#3378=DIRECTION('',(6.47017869093304E-17,1.,0.));
#3379=DIRECTION('',(1.,0.,0.));
#3380=DIRECTION('',(0.,-0.573576436350984,0.819152044289035));
#3381=DIRECTION('',(-2.40563628506413E-16,-0.819152044289035,-0.573576436350984));
#3382=DIRECTION('',(-1.,0.,0.));
#3383=DIRECTION('',(0.,0.,1.));
#3384=DIRECTION('',(-0.999897520217446,-0.0143160421556558,0.));
#3385=DIRECTION('',(-0.271070818841871,0.962559406567926,-1.92578463794597E-15));
#3386=DIRECTION('',(-6.80392530753123E-30,2.00069172334255E-15,1.));
#3387=DIRECTION('',(-0.962559406567944,-0.271070818841806,-4.19420828205869E-14));
#3388=DIRECTION('',(0.962559406567984,0.271070818841664,4.19420828205886E-14));
#3389=DIRECTION('',(7.10435983546194E-15,0.,-1.));
#3390=DIRECTION('',(-0.443667022025567,0.463270505993729,-0.767163614780628));
#3391=DIRECTION('',(0.55663794860537,-0.133438666704401,-0.819968485004489));
#3392=DIRECTION('',(0.,0.,1.));
#3393=DIRECTION('',(-1.,1.7209692107247E-28,0.));
#3394=DIRECTION('',(0.523084793937903,-0.47579648837599,0.70710678118656));
#3395=DIRECTION('',(0.,2.17110280371143E-14,1.));
#3396=DIRECTION('',(0.,1.,-2.17110280371143E-14));
#3397=DIRECTION('',(-0.633430791721766,0.314269680527306,-0.707106781186549));
#3398=DIRECTION('',(0.592628758820351,-0.453459939353743,0.665706570209691));
#3399=DIRECTION('',(-0.592224822581448,0.805772771641219,-2.27232096160312E-14));
#3400=DIRECTION('',(-0.805772771641297,-0.592224822581342,-5.72449971535728E-15));
#3401=DIRECTION('',(-7.10435983546194E-15,-5.12759588393658E-30,1.));
#3402=DIRECTION('',(-0.592224822581147,0.805772771641441,-2.27232096160192E-14));
#3403=DIRECTION('',(-0.650474481728335,0.119216041744035,0.750113647396939));
#3404=DIRECTION('',(-0.624309477957622,0.163121281190636,0.763956231308448));
#3405=DIRECTION('',(0.72611334274405,0.0516482559002594,-0.685632460689781));
#3406=DIRECTION('',(1.16654912411209E-12,0.573576436350307,-0.819152044289509));
#3407=DIRECTION('',(0.255719151035749,0.791916151086586,0.554505658620147));
#3408=DIRECTION('',(1.,0.,0.));
#3409=DIRECTION('',(0.,-0.70710678118656,-0.707106781186535));
#3410=DIRECTION('',(-1.,0.,0.));
#3411=DIRECTION('',(1.,0.,0.));
#3412=DIRECTION('',(0.,-1.,1.28523881510889E-31));
#3413=DIRECTION('',(-1.09140518543453E-16,-1.28523881510889E-31,-1.));
#3414=DIRECTION('',(-1.,0.,0.));
#3415=DIRECTION('',(1.,0.,0.));
#3416=DIRECTION('',(0.,-0.887010833178204,0.461748613235068));
#3417=DIRECTION('',(1.,0.,0.));
#3418=DIRECTION('',(0.,-0.573576436350984,0.819152044289035));
#3419=DIRECTION('',(-2.40563628506413E-16,-0.819152044289035,-0.573576436350984));
#3420=DIRECTION('',(-1.,0.,0.));
#3421=DIRECTION('',(0.,0.461748613235066,0.887010833178205));
#3422=DIRECTION('',(1.,0.,0.));
#3423=DIRECTION('',(1.,0.,0.));
#3424=DIRECTION('',(0.,0.707106781186548,-0.707106781186548));
#3425=DIRECTION('',(-1.,0.,0.));
#3426=DIRECTION('',(0.,0.,-1.));
#3427=DIRECTION('',(6.47017869093304E-17,1.,0.));
#3428=DIRECTION('',(0.,1.,-1.25309820250652E-31));
#3429=DIRECTION('',(1.58815518474134E-16,1.25309820250652E-31,1.));
#3430=CARTESIAN_POINT('',(0.,0.,0.));
#3431=CARTESIAN_POINT('',(-0.0033322136523868,0.0261401627969189,0.0549589663959475));
#3432=CARTESIAN_POINT('',(-0.003332213652467,0.0261401627969611,0.0549570069697785));
#3433=CARTESIAN_POINT('',(-0.0033322102751018,0.0261401614012446,0.0549530881159275));
#3434=CARTESIAN_POINT('',(-0.0033322001636288,0.0261401572201921,0.0549491646756565));
#3435=CARTESIAN_POINT('',(-0.0033307223367811,0.0261395464421773,0.0545195506210945));
#3436=CARTESIAN_POINT('',(-0.0032490401261233,0.026105818833885,0.0540650901480795));
#3437=CARTESIAN_POINT('',(-0.0029184327492001,0.0259848864721605,0.0532298183945885));
#3438=CARTESIAN_POINT('',(-0.0026679008957918,0.0258997431044695,0.0528495938351455));
#3439=CARTESIAN_POINT('',(-0.0020839817213964,0.0257397971682215,0.0522497896070215));
#3440=CARTESIAN_POINT('',(-0.0017116871903536,0.0256547205186916,0.0519896644308665));
#3441=CARTESIAN_POINT('',(-0.000985407268021881,0.0255489691765609,0.0516866611278305));
#3442=CARTESIAN_POINT('',(-0.00032497029523952,0.0254885184368066,0.0515269395103475));
#3443=CARTESIAN_POINT('',(0.000654043569126189,0.0255059677028391,0.0515719645063035));
#3444=CARTESIAN_POINT('',(0.00163219877549444,0.0256335990699329,0.0519180972992755));
#3445=CARTESIAN_POINT('',(0.00215573257326167,0.0257602854219444,0.0523259575901505));
#3446=CARTESIAN_POINT('',(0.00266793146951822,0.0259000676031853,0.0528497824485465));
#3447=CARTESIAN_POINT('',(0.00291771603060817,0.0259851549228598,0.0532302549594565));
#3448=CARTESIAN_POINT('',(0.00324998731585802,0.0261067773216911,0.0540692031308285));
#3449=CARTESIAN_POINT('',(0.00333141895772818,0.0261404770985086,0.0545278542452025));
#3450=CARTESIAN_POINT('',(0.00333140585308766,0.0261404498451404,0.0553905035456815));
#3451=CARTESIAN_POINT('',(0.00324987643520874,0.026106765810252,0.0558491105209165));
#3452=CARTESIAN_POINT('',(0.00291766843747281,0.0259850331369035,0.0566882081261865));
#3453=CARTESIAN_POINT('',(0.00266748080796375,0.0259001419420734,0.0570683005166155));
#3454=CARTESIAN_POINT('',(0.00208290767548404,0.0257398360997393,0.0576679338798235));
#3455=CARTESIAN_POINT('',(0.00171235880710729,0.0256556016894537,0.0579282439216935));
#3456=CARTESIAN_POINT('',(0.000461478727698989,0.0254715474025399,0.0584464139973255));
#3457=CARTESIAN_POINT('',(-0.000461745375145541,0.0254714713099425,0.0584465261375085));
#3458=CARTESIAN_POINT('',(-0.0017125529643988,0.0256556287208237,0.0579279662602715));
#3459=CARTESIAN_POINT('',(-0.002083043291918,0.0257396459563571,0.0576679316482015));
#3460=CARTESIAN_POINT('',(-0.0026676764410638,0.0258998872376968,0.0570681417801025));
#3461=CARTESIAN_POINT('',(-0.002918119942277,0.0259849014192744,0.0566879906146885));
#3462=CARTESIAN_POINT('',(-0.0032488967191771,0.0261058465789914,0.0558527690318315));
#3463=CARTESIAN_POINT('',(-0.0033307197135729,0.0261395469265986,0.0553983807748385));
#3464=CARTESIAN_POINT('',(-0.0033322001393383,0.0261401572243477,0.0549687681026555));
#3465=CARTESIAN_POINT('',(-0.0033322102746209,0.0261401614009909,0.0549648446729405));
#3466=CARTESIAN_POINT('',(-0.0033322136523067,0.0261401627968766,0.0549609258221165));
#3467=CARTESIAN_POINT('',(-0.0033322136523868,0.0261401627969189,0.0549589663959475));
#3468=CARTESIAN_POINT('',(-0.0027878285696405,0.0254136942871173,0.0549589663959475));
#3469=CARTESIAN_POINT('',(-0.002787828497566,0.0254136942490942,0.0549573995018005));
#3470=CARTESIAN_POINT('',(-0.0027878257611842,0.0254136931660413,0.0549542657076895));
#3471=CARTESIAN_POINT('',(-0.0027878086993384,0.0254136846805669,0.0549511287948145));
#3472=CARTESIAN_POINT('',(-0.0027862581237375,0.0254129997020599,0.0546075933118445));
#3473=CARTESIAN_POINT('',(-0.0027231892854258,0.0253884402751799,0.0542433000900545));
#3474=CARTESIAN_POINT('',(-0.0024613371780096,0.0252990444682965,0.0535633848170345));
#3475=CARTESIAN_POINT('',(-0.0022602799372699,0.0252355446907003,0.0532469060732415));
#3476=CARTESIAN_POINT('',(-0.0017807024578865,0.0251154721267618,0.0527372699563515));
#3477=CARTESIAN_POINT('',(-0.0014690635772157,0.0250508331096846,0.0525099518032705));
#3478=CARTESIAN_POINT('',(-0.000850606420283602,0.0249704617312101,0.0522412121721685));
#3479=CARTESIAN_POINT('',(-0.000281823832276181,0.0249240800646899,0.0520971558334705));
#3480=CARTESIAN_POINT('',(0.00056667426139344,0.0249375171735347,0.0521380188115485));
#3481=CARTESIAN_POINT('',(0.0014036325678325,0.0250350885968423,0.0524484495412255));
#3482=CARTESIAN_POINT('',(0.00183946398031375,0.0251308812585086,0.0528020528949835));
#3483=CARTESIAN_POINT('',(0.00226025892879997,0.0252359251955265,0.0532471893658215));
#3484=CARTESIAN_POINT('',(0.00246070315046382,0.0252993225458036,0.0535637653814595));
#3485=CARTESIAN_POINT('',(0.00272368681958682,0.0253891994542125,0.0542467506184825));
#3486=CARTESIAN_POINT('',(0.0027869128560673,0.0254139271359294,0.0546141962514975));
#3487=CARTESIAN_POINT('',(0.00278691606052361,0.0254139245775509,0.0553041675640655));
#3488=CARTESIAN_POINT('',(0.00272355136249965,0.0253891507019811,0.0556715345981245));
#3489=CARTESIAN_POINT('',(0.00246069259005654,0.0252992574745183,0.0563547490405795));
#3490=CARTESIAN_POINT('',(0.0022597356534505,0.0252358811881008,0.0566707789898055));
#3491=CARTESIAN_POINT('',(0.00177979923738047,0.025115593309108,0.0571807892727585));
#3492=CARTESIAN_POINT('',(0.001469379085596,0.025051559422902,0.0574072527595845));
#3493=CARTESIAN_POINT('',(0.00040483589682635,0.0249116023260769,0.0578694115167115));
#3494=CARTESIAN_POINT('',(-0.00040513568124666,0.0249115837945132,0.0578695992655295));
#3495=CARTESIAN_POINT('',(-0.0014695067400032,0.0250515356530248,0.0574069060416185));
#3496=CARTESIAN_POINT('',(-0.0017799765573776,0.0251154319842791,0.0571808520959945));
#3497=CARTESIAN_POINT('',(-0.0022599206176221,0.0252356180665246,0.0566705744787925));
#3498=CARTESIAN_POINT('',(-0.0024610924848783,0.0252990954336606,0.0563545536099075));
#3499=CARTESIAN_POINT('',(-0.0027230000895654,0.0253884439251617,0.0556744723291575));
#3500=CARTESIAN_POINT('',(-0.0027862858405296,0.0254130161935283,0.0553103956547745));
#3501=CARTESIAN_POINT('',(-0.0027878093785368,0.0254136850558599,0.0549668053183485));
#3502=CARTESIAN_POINT('',(-0.0027878261936312,0.0254136933941798,0.0549636670725755));
#3503=CARTESIAN_POINT('',(-0.002787828641715,0.0254136943251403,0.0549605332900955));
#3504=CARTESIAN_POINT('',(-0.0027878285696405,0.0254136942871173,0.0549589663959475));
#3505=CARTESIAN_POINT('',(-0.0022434434868942,0.0246872257773159,0.0549589663959475));
#3506=CARTESIAN_POINT('',(-0.0022434435590132,0.0246872258153625,0.0549577888672405));
#3507=CARTESIAN_POINT('',(-0.0022434418149684,0.0246872252249989,0.0549554338136155));
#3508=CARTESIAN_POINT('',(-0.0022434454512907,0.0246872286932903,0.0549530753372405));
#3509=CARTESIAN_POINT('',(-0.002243034454593,0.0246871811146412,0.0546948687111135));
#3510=CARTESIAN_POINT('',(-0.0021976660682461,0.0246712922579728,0.0544218081723565));
#3511=CARTESIAN_POINT('',(-0.0020044427588812,0.0246132752915477,0.0538965519898955));
#3512=CARTESIAN_POINT('',(-0.0018533584283768,0.0245717006334343,0.0536441810173535));
#3513=CARTESIAN_POINT('',(-0.0014773706544536,0.0244911602901014,0.0532247734502675));
#3514=CARTESIAN_POINT('',(-0.00122743097995347,0.0244474239912794,0.0530301440786735));
#3515=CARTESIAN_POINT('',(-0.000715552208649281,0.0243918629486296,0.0527958889785295));
#3516=CARTESIAN_POINT('',(-0.000238729657558931,0.0243598409960886,0.0526672295090845));
#3517=CARTESIAN_POINT('',(0.000479206193853769,0.0243691175832933,0.0527040571860365));
#3518=CARTESIAN_POINT('',(0.00117579478520701,0.0244365052116376,0.0529785950063425));
#3519=CARTESIAN_POINT('',(0.00152331274271214,0.0245014386662054,0.0532780556041415));
#3520=CARTESIAN_POINT('',(0.00185340295777757,0.0245717418847531,0.0536445190452805));
#3521=CARTESIAN_POINT('',(0.00200388417270797,0.0246133519981205,0.0538971152649375));
#3522=CARTESIAN_POINT('',(0.00219809786007253,0.0246716851760045,0.0544244289057105));
#3523=CARTESIAN_POINT('',(0.00224289248334337,0.0246873709472073,0.0547002940050485));
#3524=CARTESIAN_POINT('',(0.00224289117638746,0.0246873378687473,0.0552180408212235));
#3525=CARTESIAN_POINT('',(0.00219806608270767,0.0246717177767945,0.0554939052641755));
#3526=CARTESIAN_POINT('',(0.00200392071508902,0.0246132578858526,0.0560212627882605));
#3527=CARTESIAN_POINT('',(0.00185314517024732,0.0245718781664162,0.0562737187289545));
#3528=CARTESIAN_POINT('',(0.00147666285240817,0.0244910543557473,0.0566930250530455));
#3529=CARTESIAN_POINT('',(0.00122822873711859,0.0244479278986784,0.0568873554327715));
#3530=CARTESIAN_POINT('',(0.000345968682414359,0.0243508321690047,0.0572904996530465));
#3531=CARTESIAN_POINT('',(-0.000346223343016701,0.0243507607968055,0.0572904582681025));
#3532=CARTESIAN_POINT('',(-0.00122844152818164,0.0244479918231035,0.0568872207295445));
#3533=CARTESIAN_POINT('',(-0.0014768249500285,0.024490968100052,0.0566930578273495));
#3534=CARTESIAN_POINT('',(-0.0018534661583027,0.0245718170351229,0.0562738287906475));
#3535=CARTESIAN_POINT('',(-0.0020042827013216,0.0246132358425454,0.0560212606661125));
#3536=CARTESIAN_POINT('',(-0.0021976757392256,0.0246713222896537,0.0554961867081615));
#3537=CARTESIAN_POINT('',(-0.0022430034785863,0.0246871652235516,0.0552230060913785));
#3538=CARTESIAN_POINT('',(-0.0022434447422418,0.0246872283233203,0.0549648561163905));
#3539=CARTESIAN_POINT('',(-0.0022434413822545,0.0246872249967195,0.0549624989858565));
#3540=CARTESIAN_POINT('',(-0.0022434434147752,0.0246872257392693,0.0549601439246545));
#3541=CARTESIAN_POINT('',(-0.0022434434868942,0.0246872257773159,0.0549589663959475));
#3542=CARTESIAN_POINT('',(-0.0016990584041479,0.0239607572675142,0.0549589663959475));
#3543=CARTESIAN_POINT('',(-0.0016990584040231,0.0239607572674484,0.0549581814005655));
#3544=CARTESIAN_POINT('',(-0.001699057300817,0.0239607569896743,0.0549566114092825));
#3545=CARTESIAN_POINT('',(-0.0016990539753811,0.0239607561468488,0.0549550394636365));
#3546=CARTESIAN_POINT('',(-0.0016985697307015,0.0239606340746751,0.0547829117178295));
#3547=CARTESIAN_POINT('',(-0.0016718150926354,0.0239539136043321,0.0546000179915575));
#3548=CARTESIAN_POINT('',(-0.0015473471048576,0.0239274332576939,0.0542301185767505));
#3549=CARTESIAN_POINT('',(-0.001445737181826,0.0239075020737433,0.0540414932708065));
#3550=CARTESIAN_POINT('',(-0.00117409141257931,0.0238668352432039,0.0537122537900685));
#3551=CARTESIAN_POINT('',(-0.00098480695872156,0.0238435363853155,0.0535504314902385));
#3552=CARTESIAN_POINT('',(-0.00058075146524463,0.0238133555408908,0.0533504399710805));
#3553=CARTESIAN_POINT('',(-0.00019558317306363,0.0237954025419,0.0532374458909505));
#3554=CARTESIAN_POINT('',(0.00039183692678968,0.0238006670330124,0.0532701114978425));
#3555=CARTESIAN_POINT('',(0.00094722827758429,0.0238379947685717,0.0535089473334415));
#3556=CARTESIAN_POINT('',(0.00120704410143804,0.0238720345185942,0.0537541509471045));
#3557=CARTESIAN_POINT('',(0.00144573008080111,0.0239075994939381,0.0540419259943635));
#3558=CARTESIAN_POINT('',(0.00154687121271585,0.0239275196779621,0.0542306257530485));
#3559=CARTESIAN_POINT('',(0.00167179707079502,0.0239541072823403,0.0546019763395015));
#3560=CARTESIAN_POINT('',(0.00169838618166239,0.0239608209871919,0.0547866361119245));
#3561=CARTESIAN_POINT('',(0.00169840119237708,0.0239608126264591,0.0551317047534445));
#3562=CARTESIAN_POINT('',(0.0016717406641772,0.023954102593502,0.0553163293633775));
#3563=CARTESIAN_POINT('',(0.00154694478367819,0.0239274823156786,0.0556878037138405));
#3564=CARTESIAN_POINT('',(0.00144539954024777,0.0239076173063112,0.0558761970121975));
#3565=CARTESIAN_POINT('',(0.00117355442581294,0.0238668116870738,0.0562058807011325));
#3566=CARTESIAN_POINT('',(0.000985248262283139,0.0238438854629855,0.0563663638202285));
#3567=CARTESIAN_POINT('',(0.00028932676752867,0.0237908874323047,0.0567134979587035));
#3568=CARTESIAN_POINT('',(-0.00028961459733206,0.023790873666602,0.0567135323078855));
#3569=CARTESIAN_POINT('',(-0.00098539448801784,0.0238438985291318,0.0563661599447135));
#3570=CARTESIAN_POINT('',(-0.00117375825043811,0.0238667542308862,0.0562059785694575));
#3571=CARTESIAN_POINT('',(-0.0014457097989676,0.0239075476711737,0.0558762611510025));
#3572=CARTESIAN_POINT('',(-0.0015472551542862,0.023927429879006,0.0556878236020095));
#3573=CARTESIAN_POINT('',(-0.0016717788739531,0.0239539195201025,0.0553178900009235));
#3574=CARTESIAN_POINT('',(-0.001698569131358,0.0239606342105591,0.0551350207260685));
#3575=CARTESIAN_POINT('',(-0.0016990539706824,0.023960756148476,0.0549628933264915));
#3576=CARTESIAN_POINT('',(-0.0016990573015654,0.0239607569900692,0.0549613213815725));
#3577=CARTESIAN_POINT('',(-0.0016990584042726,0.0239607572675801,0.0549597513913295));
#3578=CARTESIAN_POINT('',(-0.0016990584041479,0.0239607572675142,0.0549589663959475));
#3579=CARTESIAN_POINT('',(-0.00264975820446594,0.0258202201927109,0.0522923332624963));
#3580=CARTESIAN_POINT('',(-0.00367335483495905,0.0262994380277205,0.0549586966913491));
#3581=CARTESIAN_POINT('',(-0.00264647194831665,0.0258181571004594,0.0576266783456624));
#3582=CARTESIAN_POINT('',(-0.000449225593678801,0.025425754541628,0.0585375723721738));
#3583=CARTESIAN_POINT('',(0.00133612848191922,0.0255700104630991,0.0581806764622022));
#3584=CARTESIAN_POINT('',(0.00281816868469813,0.0259071690926632,0.0571720288197616));
#3585=CARTESIAN_POINT('',(0.00366943763387148,0.0262950310311376,0.0549616211583481));
#3586=CARTESIAN_POINT('',(0.00265520119384151,0.0258229096066766,0.0523010926342106));
#3587=CARTESIAN_POINT('',(2.65156637445238E-6,0.0253392181463874,0.0511889621062961));
#3588=CARTESIAN_POINT('',(-0.00264975820446594,0.0258202201927109,0.0522923332624963));
#3589=CARTESIAN_POINT('',(-0.00367335483495905,0.0262994380277205,0.0549586966913491));
#3590=CARTESIAN_POINT('',(-0.00264647194831665,0.0258181571004594,0.0576266783456624));
#3591=CARTESIAN_POINT('',(-0.0033316082487696,0.0261393549006749,0.0549589663955925));
#3592=CARTESIAN_POINT('',(-0.00133163063046187,0.0238642281855108,0.0562917932893077));
#3593=CARTESIAN_POINT('',(-0.00188412118510681,0.0240105605474675,0.0549587347656176));
#3594=CARTESIAN_POINT('',(-0.0013318846291121,0.0238656124488046,0.0536270660239067));
#3595=CARTESIAN_POINT('',(-1.42096676082924E-6,0.0237663055473451,0.053074901895052));
#3596=CARTESIAN_POINT('',(0.00133278424206557,0.0238665924832567,0.0536271258935725));
#3597=CARTESIAN_POINT('',(0.00188323321190955,0.0240116015015198,0.0549583638128822));
#3598=CARTESIAN_POINT('',(0.00133428201027552,0.0238647633046981,0.0562889323243192));
#3599=CARTESIAN_POINT('',(1.04369426620876E-6,0.0237723129307951,0.0568432676194769));
#3600=CARTESIAN_POINT('',(-0.00133163063046187,0.0238642281855108,0.0562917932893077));
#3601=CARTESIAN_POINT('',(-0.00188412118510681,0.0240105605474675,0.0549587347656176));
#3602=CARTESIAN_POINT('',(-0.0013318846291121,0.0238656124488046,0.0536270660239067));
#3603=CARTESIAN_POINT('',(-0.0017,0.0239620138040307,0.0549589663959475));
#3604=CARTESIAN_POINT('',(1.78676518025611E-16,0.0344999999999917,0.0444589663959435));
#3605=CARTESIAN_POINT('',(1.59594559789866E-16,0.0344999999999917,0.0467989663959435));
#3606=CARTESIAN_POINT('',(-0.00665778248872315,0.0284440993788739,0.0467989663959435));
#3607=CARTESIAN_POINT('',(-0.00806225774829865,0.0304999999999922,0.0467989663959435));
#3608=CARTESIAN_POINT('',(-4.66120197994968E-15,0.0344999999999871,0.0467989663959435));
#3609=CARTESIAN_POINT('',(-0.0062249497989947,0.0279999999999922,0.0467989663959439));
#3610=CARTESIAN_POINT('',(-0.0044119299787866,0.0266555832681829,0.0484589663959435));
#3611=CARTESIAN_POINT('',(-0.00441192997878543,0.0266555832681822,0.0481978320810467));
#3612=CARTESIAN_POINT('',(-0.00456649948067599,0.0267403339311835,0.0476910083067209));
#3613=CARTESIAN_POINT('',(-0.00524576772704855,0.0271629520133267,0.0469978632002815));
#3614=CARTESIAN_POINT('',(-0.00585034252530835,0.0276412443887559,0.0467989663959406));
#3615=CARTESIAN_POINT('',(-0.0062249497989947,0.0279999999999922,0.0467989663959445));
#3616=CARTESIAN_POINT('',(-0.00441192997878656,0.0266555832681829,0.0484589663959435));
#3617=CARTESIAN_POINT('',(-0.0044119299787865,0.0266555832681828,0.0444589663959435));
#3618=CARTESIAN_POINT('',(-0.00441192997878666,0.0266555832681831,0.0569270095010515));
#3619=CARTESIAN_POINT('',(-0.00535612990331354,0.0272673053113692,0.0583518274757531));
#3620=CARTESIAN_POINT('',(-0.00511837318329251,0.0270912359578789,0.0582237444434355));
#3621=CARTESIAN_POINT('',(-0.00465652084342911,0.0267893126387346,0.0578691962598214));
#3622=CARTESIAN_POINT('',(-0.00441192997880471,0.026655583268193,0.0572518960500444));
#3623=CARTESIAN_POINT('',(-0.004411929978787,0.026655583268183,0.0569270095010515));
#3624=CARTESIAN_POINT('',(-0.00535612990331362,0.0272673053113691,0.0583518274757533));
#3625=CARTESIAN_POINT('',(-0.000587106375004412,0.0338413762481942,0.0629859173218065));
#3626=CARTESIAN_POINT('',(-0.00578879464144332,0.0276087115428826,0.0585998881470965));
#3627=CARTESIAN_POINT('',(-0.00757252744568495,0.0296361714581591,0.0600618351718069));
#3628=CARTESIAN_POINT('',(-0.00709688201744446,0.0288956358844259,0.0595310662534252));
#3629=CARTESIAN_POINT('',(-0.00650199924158788,0.0282078150332103,0.0590346729347));
#3630=CARTESIAN_POINT('',(-0.0057887946414431,0.0276087115428744,0.0585998881471077));
#3631=CARTESIAN_POINT('',(-0.00757252744568495,0.0296361714581589,0.0600618351718073));
#3632=CARTESIAN_POINT('',(-0.007822362975367,0.030049085770128,0.0602684774893005));
#3633=CARTESIAN_POINT('',(-0.0077949224103965,0.0300008597095114,0.0602532460387065));
#3634=CARTESIAN_POINT('',(-0.0077672536936098,0.0299532751072031,0.0602354752397195));
#3635=CARTESIAN_POINT('',(-0.0077252821814944,0.0298825546517178,0.0602047748110235));
#3636=CARTESIAN_POINT('',(-0.0077109711627574,0.0298586982017051,0.0601936405750055));
#3637=CARTESIAN_POINT('',(-0.0076631998716452,0.0297798788384097,0.0601542257575545));
#3638=CARTESIAN_POINT('',(-0.0076297948993951,0.0297261146860555,0.0601229708559075));
#3639=CARTESIAN_POINT('',(-0.0075887750964437,0.0296615368842968,0.0600797127745815));
#3640=CARTESIAN_POINT('',(-0.0075806297775517,0.0296487860332635,0.0600708764989525));
#3641=CARTESIAN_POINT('',(-0.0075725274456847,0.0296361714581589,0.0600618351718075));
#3642=CARTESIAN_POINT('',(-0.00782236297536705,0.030049085770128,0.0602684774893005));
#3643=CARTESIAN_POINT('',(-0.0086823174568028,0.0321299022004707,0.0586775283465755));
#3644=CARTESIAN_POINT('',(-0.00868231745680276,0.0321299022004706,0.0592153630761608));
#3645=CARTESIAN_POINT('',(-0.00854562127390975,0.0315609099137006,0.060245337466032));
#3646=CARTESIAN_POINT('',(-0.00807846333382904,0.0304991753154554,0.0604106312664297));
#3647=CARTESIAN_POINT('',(-0.0078223629753671,0.0300490857701279,0.0602684774893005));
#3648=CARTESIAN_POINT('',(-0.0086823174568028,0.0321299022004709,0.0586775283465755));
#3649=CARTESIAN_POINT('',(-0.0086823174568029,0.032129902200471,0.0444589663959435));
#3650=CARTESIAN_POINT('',(-0.0086823174568029,0.0321299022004711,0.0484589663959435));
#3651=CARTESIAN_POINT('',(-0.0082537356648671,0.0309117068717066,0.0468545558500165));
#3652=CARTESIAN_POINT('',(-0.00839810230570717,0.0312437767583405,0.0469452020901282));
#3653=CARTESIAN_POINT('',(-0.00861547586519774,0.0318650005955254,0.0473511781244937));
#3654=CARTESIAN_POINT('',(-0.00868231745680279,0.0321299022004708,0.0480849372792435));
#3655=CARTESIAN_POINT('',(-0.0086823174568028,0.0321299022004708,0.0484589663959445));
#3656=CARTESIAN_POINT('',(-0.0082537356648671,0.0309117068717067,0.0468545558500165));
#3657=CARTESIAN_POINT('',(-0.0080622577482986,0.0304999999999922,0.0467989663959435));
#3658=CARTESIAN_POINT('',(-0.008088198240309,0.0305522847331685,0.0467989663959435));
#3659=CARTESIAN_POINT('',(-0.0081137518464659,0.030605076947744,0.0468017385151365));
#3660=CARTESIAN_POINT('',(-0.0081386253184432,0.0306577639419139,0.0468071796157075));
#3661=CARTESIAN_POINT('',(-0.0081456045377461,0.0306725473258766,0.0468087063279485));
#3662=CARTESIAN_POINT('',(-0.008152530495058,0.0306873222895942,0.0468104431693915));
#3663=CARTESIAN_POINT('',(-0.0081593973798833,0.0307020749879422,0.0468123878616405));
#3664=CARTESIAN_POINT('',(-0.0081854222519786,0.0307579863796923,0.0468197580692885));
#3665=CARTESIAN_POINT('',(-0.0082108039343848,0.0308140285002807,0.0468301731260855));
#3666=CARTESIAN_POINT('',(-0.008235297848269,0.0308695910216129,0.0468436886416175));
#3667=CARTESIAN_POINT('',(-0.0082415016587642,0.0308836638788382,0.0468471118469695));
#3668=CARTESIAN_POINT('',(-0.0082476487596591,0.0308977058676615,0.0468507339485865));
#3669=CARTESIAN_POINT('',(-0.0082537356648671,0.0309117068717067,0.0468545558500165));
#3670=CARTESIAN_POINT('',(0.00578879550762196,0.0276087122704786,0.0585998886751481));
#3671=CARTESIAN_POINT('',(0.00650202020120441,0.0282078327925333,0.0590346858196471));
#3672=CARTESIAN_POINT('',(0.0070968704282526,0.0288956178411345,0.0595310533211386));
#3673=CARTESIAN_POINT('',(0.00757252744568531,0.0296361714581592,0.0600618351718067));
#3674=CARTESIAN_POINT('',(0.00578879550762177,0.0276087122704787,0.0585998886751483));
#3675=CARTESIAN_POINT('',(0.00757252744568509,0.029636171458159,0.0600618351718071));
#3676=CARTESIAN_POINT('',(0.00058710664345385,0.0338413759055678,0.0629859170804855));
#3677=CARTESIAN_POINT('',(0.00535612990331369,0.0272673053113692,0.0583518274757531));
#3678=CARTESIAN_POINT('',(0.00441192997878741,0.0266555832681832,0.0569270095010515));
#3679=CARTESIAN_POINT('',(0.00441192997883163,0.0266555832682081,0.0572503207490156));
#3680=CARTESIAN_POINT('',(0.0046574151555644,0.0267898264141062,0.0578713041362044));
#3681=CARTESIAN_POINT('',(0.00511893814294567,0.0270916543354575,0.0582240487954885));
#3682=CARTESIAN_POINT('',(0.00535612990331394,0.0272673053113692,0.0583518274757529));
#3683=CARTESIAN_POINT('',(0.00441192997878715,0.0266555832681831,0.0569270095010515));
#3684=CARTESIAN_POINT('',(0.00441192997878687,0.0266555832681828,0.0444589663959435));
#3685=CARTESIAN_POINT('',(0.00441192997878693,0.0266555832681829,0.0484589663959435));
#3686=CARTESIAN_POINT('',(0.00622494979899506,0.0279999999999922,0.0467989663959439));
#3687=CARTESIAN_POINT('',(0.00585011866382362,0.0276410300000626,0.0467989663959458));
#3688=CARTESIAN_POINT('',(0.00524830567010825,0.0271648540684313,0.0469974799786199));
#3689=CARTESIAN_POINT('',(0.00456846821101219,0.026741431941377,0.047687031185509));
#3690=CARTESIAN_POINT('',(0.00441192997878819,0.0266555832681836,0.0481973650541136));
#3691=CARTESIAN_POINT('',(0.00441192997878702,0.0266555832681829,0.0484589663959435));
#3692=CARTESIAN_POINT('',(0.00622494979899507,0.0279999999999922,0.0467989663959437));
#3693=CARTESIAN_POINT('',(-2.31065167000111E-15,0.0344999999999943,0.0467989663959435));
#3694=CARTESIAN_POINT('',(0.0066577824887233,0.0284440993788741,0.0467989663959435));
#3695=CARTESIAN_POINT('',(1.59594559789866E-16,0.0344999999999917,0.0467989663959435));
#3696=CARTESIAN_POINT('',(0.00806225774829896,0.0304999999999922,0.0467989663959435));
#3697=CARTESIAN_POINT('',(0.00825373566486745,0.0309117068717067,0.0468545558500165));
#3698=CARTESIAN_POINT('',(0.00822970331698721,0.0308564280414333,0.0468394662007475));
#3699=CARTESIAN_POINT('',(0.0082047288876906,0.0308005118422823,0.0468274910949915));
#3700=CARTESIAN_POINT('',(0.00817904476819959,0.0307445737019811,0.0468185749231635));
#3701=CARTESIAN_POINT('',(0.00817253950282121,0.030730405708114,0.0468163166380805));
#3702=CARTESIAN_POINT('',(0.00816598895097089,0.0307162362069469,0.0468142545854215));
#3703=CARTESIAN_POINT('',(0.00815939737988369,0.0307020749879424,0.0468123878616405));
#3704=CARTESIAN_POINT('',(0.00813492426048667,0.0306494973552477,0.0468054571082025));
#3705=CARTESIAN_POINT('',(0.00810969719868582,0.0305966385849575,0.0468011663968205));
#3706=CARTESIAN_POINT('',(0.00808399621051468,0.0305441176371823,0.0467996188653095));
#3707=CARTESIAN_POINT('',(0.00807678479938607,0.0305293808439995,0.0467991846451975));
#3708=CARTESIAN_POINT('',(0.00806953636153935,0.0305146705139908,0.0467989663959435));
#3709=CARTESIAN_POINT('',(0.00806225774829894,0.0304999999999922,0.0467989663959435));
#3710=CARTESIAN_POINT('',(0.00825373566486744,0.0309117068717066,0.0468545558500167));
#3711=CARTESIAN_POINT('',(0.00868231745680318,0.0321299022004708,0.0484589663959435));
#3712=CARTESIAN_POINT('',(0.00868231745680316,0.0321299022004707,0.0480855458891262));
#3713=CARTESIAN_POINT('',(0.00861598224859384,0.0318665486048499,0.0473527376637604));
#3714=CARTESIAN_POINT('',(0.0083979921548766,0.031243523391124,0.0469451329276245));
#3715=CARTESIAN_POINT('',(0.00825373566486743,0.0309117068717065,0.0468545558500169));
#3716=CARTESIAN_POINT('',(0.00868231745680313,0.0321299022004709,0.0484589663959435));
#3717=CARTESIAN_POINT('',(0.00868231745680323,0.032129902200471,0.0444589663959435));
#3718=CARTESIAN_POINT('',(0.0086823174568032,0.0321299022004712,0.0586775283465755));
#3719=CARTESIAN_POINT('',(0.00782236297536752,0.0300490857701281,0.0602684774892999));
#3720=CARTESIAN_POINT('',(0.00807871296555038,0.0304996140365431,0.0604107698296499));
#3721=CARTESIAN_POINT('',(0.00854480245414672,0.0315587729206556,0.0602469426289403));
#3722=CARTESIAN_POINT('',(0.00868231745680325,0.0321299022004711,0.0592147779940045));
#3723=CARTESIAN_POINT('',(0.00868231745680312,0.0321299022004706,0.0586775283465755));
#3724=CARTESIAN_POINT('',(0.00782236297536728,0.0300490857701281,0.0602684774893001));
#3725=CARTESIAN_POINT('',(0.00757252744568483,0.0296361714581589,0.0600618351718075));
#3726=CARTESIAN_POINT('',(0.00760505236591875,0.0296868097257338,0.0600981294694255));
#3727=CARTESIAN_POINT('',(0.00763826740650456,0.0297396474652268,0.0601311157319065));
#3728=CARTESIAN_POINT('',(0.00768001263170621,0.0298077021096215,0.0601678683943395));
#3729=CARTESIAN_POINT('',(0.00768835081362301,0.0298213761726204,0.0601749771286555));
#3730=CARTESIAN_POINT('',(0.00771097116275872,0.029858698201707,0.0601936405750745));
#3731=CARTESIAN_POINT('',(0.00772528218149924,0.0298825546517257,0.0602047748110895));
#3732=CARTESIAN_POINT('',(0.00776725369366568,0.0299532751072971,0.0602354752397845));
#3733=CARTESIAN_POINT('',(0.00779492241047789,0.0300008597096542,0.0602532460387515));
#3734=CARTESIAN_POINT('',(0.00782236297536718,0.0300490857701281,0.0602684774893005));
#3735=CARTESIAN_POINT('',(-0.0021711959614878,0.0257658195520723,0.0449590089171965));
#3736=CARTESIAN_POINT('',(-0.00269351091114027,0.0258956597947914,0.0454083211327746));
#3737=CARTESIAN_POINT('',(-0.00341849457965665,0.0261727665789542,0.0466213908938954));
#3738=CARTESIAN_POINT('',(-0.0033309847585341,0.0261323886278792,0.0488094528046727));
#3739=CARTESIAN_POINT('',(-0.00206602639043016,0.0256790871445012,0.0505229620393456));
#3740=CARTESIAN_POINT('',(4.60735996781187E-6,0.0254098113090409,0.0511768655760798));
#3741=CARTESIAN_POINT('',(0.00207633615870027,0.0256816752668978,0.0505166425710031));
#3742=CARTESIAN_POINT('',(0.00333353362994059,0.0261337119504861,0.0487947960021079));
#3743=CARTESIAN_POINT('',(0.00341451991411431,0.0261710305449727,0.0466181451688272));
#3744=CARTESIAN_POINT('',(0.00269127392075421,0.0258950670558521,0.0454071953620009));
#3745=CARTESIAN_POINT('',(0.0021706165253346,0.0257656755326991,0.0449590645869645));
#3746=CARTESIAN_POINT('',(-0.0021711959816051,0.0257658195977291,0.0449590088806167));
#3747=CARTESIAN_POINT('',(0.00217061661315413,0.0257656757328129,0.0449590644271521));
#3748=CARTESIAN_POINT('',(1.6826817716975E-16,0.0344999999999917,0.0449589663959435));
#3749=CARTESIAN_POINT('',(-0.00867015414368475,0.0320857864376192,0.0449589663959435));
#3750=CARTESIAN_POINT('',(-0.0086614195407616,0.0320990928818895,0.0451488425548725));
#3751=CARTESIAN_POINT('',(-0.0086885787266657,0.0321529593717687,0.0449632159151905));
#3752=CARTESIAN_POINT('',(-0.0087634832296971,0.0324502776571331,0.0451086034175405));
#3753=CARTESIAN_POINT('',(-0.0087537597373404,0.032408705361988,0.0450666841933625));
#3754=CARTESIAN_POINT('',(-0.0087412675077286,0.0323566755503105,0.0450298902621095));
#3755=CARTESIAN_POINT('',(-0.0087149451538012,0.0322523345918872,0.0449832257313505));
#3756=CARTESIAN_POINT('',(-0.0087019688986511,0.0322025288432383,0.0449695307664455));
#3757=CARTESIAN_POINT('',(-0.0086885787266657,0.0321529593717687,0.0449632159151905));
#3758=CARTESIAN_POINT('',(-0.00876348322969725,0.0324502776571332,0.0451086034175405));
#3759=CARTESIAN_POINT('',(-0.0023130852775741,0.0339678018267898,0.0463785700687145));
#3760=CARTESIAN_POINT('',(-0.00877410843052475,0.0324962482066317,0.0451549527448305));
#3761=CARTESIAN_POINT('',(-0.00897777559735195,0.0338677556458982,0.0465333755769521));
#3762=CARTESIAN_POINT('',(-0.0089774479388496,0.0338632018507447,0.0465288124273545));
#3763=CARTESIAN_POINT('',(-0.00897712028034725,0.0338586480555912,0.0465242492777571));
#3764=CARTESIAN_POINT('',(-0.0089767926218449,0.0338540942604377,0.0465196861281595));
#3765=CARTESIAN_POINT('',(-0.0089603755297426,0.0336259296502925,0.0462910528203655));
#3766=CARTESIAN_POINT('',(-0.0089352432926945,0.0333981645603622,0.0460624563281925));
#3767=CARTESIAN_POINT('',(-0.0088676567451341,0.0329453808183904,0.0456073729126645));
#3768=CARTESIAN_POINT('',(-0.0088252513330668,0.0327201947921538,0.0453807209177835));
#3769=CARTESIAN_POINT('',(-0.0087741084305246,0.0324962482066315,0.0451549527448305));
#3770=CARTESIAN_POINT('',(-0.00897679199609325,0.0338540855638636,0.0465196949399637));
#3771=CARTESIAN_POINT('',(-0.0089769485000649,0.0338562679946584,0.0465218433405315));
#3772=CARTESIAN_POINT('',(-0.0089770726960096,0.0338580027630589,0.0465235929850615));
#3773=CARTESIAN_POINT('',(-0.008986111111111,0.0340001929384521,0.0468731799583165));
#3774=CARTESIAN_POINT('',(-0.008986111111111,0.0340001929384521,0.0468336200523405));
#3775=CARTESIAN_POINT('',(-0.0089858386391681,0.0339952177217484,0.0467923887166535));
#3776=CARTESIAN_POINT('',(-0.0089852631957203,0.0339851744920463,0.0467519085598215));
#3777=CARTESIAN_POINT('',(-0.0089849382881437,0.0339795038715262,0.0467290526046365));
#3778=CARTESIAN_POINT('',(-0.0089845158795183,0.0339722176328988,0.0467064361231005));
#3779=CARTESIAN_POINT('',(-0.0089839831149303,0.0339632995335828,0.0466844951838165));
#3780=CARTESIAN_POINT('',(-0.0089827923032153,0.0339433661945771,0.0466354537720375));
#3781=CARTESIAN_POINT('',(-0.0089810443706325,0.0339152515142037,0.0465897178594565));
#3782=CARTESIAN_POINT('',(-0.0089787798203166,0.03388233266374,0.0465505282204775));
#3783=CARTESIAN_POINT('',(-0.0089782391000833,0.0338744724327797,0.0465411706758095));
#3784=CARTESIAN_POINT('',(-0.0089776691367741,0.0338663382979938,0.0465321863601965));
#3785=CARTESIAN_POINT('',(-0.0089770710963229,0.033857976221958,0.0465236193921385));
#3786=CARTESIAN_POINT('',(-0.0089861111111109,0.0340001929384522,0.0468731799583165));
#3787=CARTESIAN_POINT('',(-0.008986111111111,0.0340001929384523,0.0444589663959435));
#3788=CARTESIAN_POINT('',(-0.0089861111111111,0.0340001929384523,0.0617546419581445));
#3789=CARTESIAN_POINT('',(-0.00896763552453195,0.0337374105515573,0.0621950540974335));
#3790=CARTESIAN_POINT('',(-0.0089677880137529,0.0337392166657941,0.0621940535826271));
#3791=CARTESIAN_POINT('',(-0.00896794050297385,0.0337410227800308,0.0621930530678209));
#3792=CARTESIAN_POINT('',(-0.0089680929921948,0.0337428288942675,0.0621920525530145));
#3793=CARTESIAN_POINT('',(-0.0089697149029032,0.0337620391440337,0.0621814108455665));
#3794=CARTESIAN_POINT('',(-0.0089712233041923,0.0337806510086043,0.0621693891659265));
#3795=CARTESIAN_POINT('',(-0.0089739998607283,0.0338161598920977,0.0621430076775405));
#3796=CARTESIAN_POINT('',(-0.008975268046672,0.0338330573277451,0.0621286473528965));
#3797=CARTESIAN_POINT('',(-0.0089765401878866,0.033850592964222,0.0621116224858395));
#3798=CARTESIAN_POINT('',(-0.0089766677812928,0.0338523592370125,0.0621098810395605));
#3799=CARTESIAN_POINT('',(-0.0089775229019485,0.0338642441157615,0.0620979863956075));
#3800=CARTESIAN_POINT('',(-0.0089781842617423,0.0338736779812157,0.0620876116694445));
#3801=CARTESIAN_POINT('',(-0.0089794408014117,0.0338919488378732,0.0620658489700355));
#3802=CARTESIAN_POINT('',(-0.0089800243077687,0.0339006510023094,0.0620544558193565));
#3803=CARTESIAN_POINT('',(-0.0089810672050545,0.0339164828211626,0.0620319832103305));
#3804=CARTESIAN_POINT('',(-0.0089815266201043,0.0339236131465825,0.0620209030251665));
#3805=CARTESIAN_POINT('',(-0.0089824538082938,0.0339382243346005,0.0619963443378855));
#3806=CARTESIAN_POINT('',(-0.008982918546332,0.033945720758587,0.0619822759789975));
#3807=CARTESIAN_POINT('',(-0.0089835399408306,0.0339559190282081,0.0619606943881365));
#3808=CARTESIAN_POINT('',(-0.0089837345379049,0.0339591458398497,0.0619534135847985));
#3809=CARTESIAN_POINT('',(-0.0089842801767134,0.0339682737244315,0.0619313437546095));
#3810=CARTESIAN_POINT('',(-0.0089845952297668,0.0339736310234302,0.0619163077506135));
#3811=CARTESIAN_POINT('',(-0.0089849557314346,0.0339798346531774,0.0618958375393085));
#3812=CARTESIAN_POINT('',(-0.0089850405818829,0.0339813019374971,0.0618907042192245));
#3813=CARTESIAN_POINT('',(-0.0089854490521976,0.0339883966540241,0.0618643090912755));
#3814=CARTESIAN_POINT('',(-0.0089856962038333,0.033992768710311,0.0618425611885075));
#3815=CARTESIAN_POINT('',(-0.008986017223663,0.033998488678791,0.0618000132843915));
#3816=CARTESIAN_POINT('',(-0.0089861006592698,0.0340000032457431,0.0617792352658615));
#3817=CARTESIAN_POINT('',(-0.0089861108043142,0.0340001873650227,0.0617572911439405));
#3818=CARTESIAN_POINT('',(-0.0089861111111111,0.0340001929384521,0.0617559661651295));
#3819=CARTESIAN_POINT('',(-0.0089861111111111,0.0340001929384521,0.0617546419581445));
#3820=CARTESIAN_POINT('',(-0.00896809572588715,0.0337428592100064,0.0621921092959917));
#3821=CARTESIAN_POINT('',(-0.0087337456434169,0.033109772781277,0.0609297183305385));
#3822=CARTESIAN_POINT('',(-0.00896715195156035,0.0337317643849326,0.0621979292977607));
#3823=CARTESIAN_POINT('',(-0.008541802808624,0.0316649330204337,0.0632791618338285));
#3824=CARTESIAN_POINT('',(-0.0086534482129467,0.0320013106210653,0.0631026691725455));
#3825=CARTESIAN_POINT('',(-0.0087447939495244,0.0323429794619933,0.0629237519281875));
#3826=CARTESIAN_POINT('',(-0.0088866683569533,0.0330332742811085,0.0625626501649105));
#3827=CARTESIAN_POINT('',(-0.0089371678330998,0.0333817647598736,0.0623805391279625));
#3828=CARTESIAN_POINT('',(-0.0089671543943236,0.0337317929521445,0.0621979859090515));
#3829=CARTESIAN_POINT('',(-0.00854180280862385,0.0316649330204337,0.0632791618338283));
#3830=CARTESIAN_POINT('',(-0.0021843723819303,0.0337614841933681,0.0622634566727545));
#3831=CARTESIAN_POINT('',(-0.00850309919453575,0.031550880794554,0.0633390136235009));
#3832=CARTESIAN_POINT('',(-0.0083182956860209,0.0310640202445329,0.0633492171730309));
#3833=CARTESIAN_POINT('',(-0.00838184554981541,0.0312178705566627,0.0634181273970718));
#3834=CARTESIAN_POINT('',(-0.00845017792929661,0.031398294636965,0.0634191006886612));
#3835=CARTESIAN_POINT('',(-0.00850309919453585,0.031550880794554,0.0633390136235009));
#3836=CARTESIAN_POINT('',(-0.0083182956860209,0.0310640202445329,0.0633492171730307));
#3837=CARTESIAN_POINT('',(-0.00838042796944005,0.0313078259041523,0.0627469780131307));
#3838=CARTESIAN_POINT('',(-0.0082794746237981,0.0309715017423926,0.0632971489922295));
#3839=CARTESIAN_POINT('',(0.00827947462379845,0.0309715017423924,0.0632971489922295));
#3840=CARTESIAN_POINT('',(0.00796581187784551,0.03023550513535,0.0627885730827281));
#3841=CARTESIAN_POINT('',(0.00713388766700358,0.0288277570468048,0.0618292804281945));
#3842=CARTESIAN_POINT('',(0.00527784856728026,0.02705141231049,0.060602632564087));
#3843=CARTESIAN_POINT('',(0.00283114228097032,0.0258048924545624,0.059772031731158));
#3844=CARTESIAN_POINT('',(1.36649701906086E-5,0.0253490042765146,0.0594653948141133));
#3845=CARTESIAN_POINT('',(-0.00281488320821668,0.0257991370087753,0.0597562090233627));
#3846=CARTESIAN_POINT('',(-0.00526244115050053,0.0270397053129669,0.0606071129484784));
#3847=CARTESIAN_POINT('',(-0.00713361937487631,0.0288254449512076,0.0618292393720215));
#3848=CARTESIAN_POINT('',(-0.00796541106248723,0.0302345646387584,0.0627879231967027));
#3849=CARTESIAN_POINT('',(-0.00827947462379815,0.0309715017423927,0.0632971489922297));
#3850=CARTESIAN_POINT('',(0.00827947462379831,0.0309715017423926,0.0632971489922295));
#3851=CARTESIAN_POINT('',(0.00838042796952273,0.0313078259041491,0.0627469780130749));
#3852=CARTESIAN_POINT('',(0.00831829568602103,0.0310640202445327,0.0633492171730305));
#3853=CARTESIAN_POINT('',(0.00850309919453613,0.0315508807945539,0.0633390136235019));
#3854=CARTESIAN_POINT('',(0.0084501253496755,0.0313981430358579,0.0634191802587139));
#3855=CARTESIAN_POINT('',(0.00838183271202909,0.0312178394771707,0.0634181134764125));
#3856=CARTESIAN_POINT('',(0.00831829568602112,0.0310640202445326,0.0633492171730303));
#3857=CARTESIAN_POINT('',(0.00850309919453603,0.0315508807945539,0.0633390136235015));
#3858=CARTESIAN_POINT('',(0.00218435398527757,0.0337614902697063,0.0622634537299055));
#3859=CARTESIAN_POINT('',(0.00854180280862397,0.0316649330204336,0.0632791618338285));
#3860=CARTESIAN_POINT('',(0.00896715439432366,0.0337317929521444,0.0621979859090515));
#3861=CARTESIAN_POINT('',(0.00893716783310008,0.0333817647598751,0.0623805391279625));
#3862=CARTESIAN_POINT('',(0.0088866683569536,0.0330332742811088,0.0625626501649105));
#3863=CARTESIAN_POINT('',(0.00874479394952421,0.0323429794619917,0.0629237519281885));
#3864=CARTESIAN_POINT('',(0.00865344821294651,0.0320013106210644,0.0631026691725465));
#3865=CARTESIAN_POINT('',(0.00854180280862404,0.0316649330204336,0.0632791618338285));
#3866=CARTESIAN_POINT('',(0.00896715366956298,0.033731784483176,0.0621979695610811));
#3867=CARTESIAN_POINT('',(0.00896762690860916,0.0337373491329532,0.0621950923134695));
#3868=CARTESIAN_POINT('',(0.00896809525115764,0.0337428754547982,0.0621921401805237));
#3869=CARTESIAN_POINT('',(0.00898611111111117,0.034000192938452,0.0617546419581445));
#3870=CARTESIAN_POINT('',(0.00898611111111117,0.034000192938452,0.0617752697076355));
#3871=CARTESIAN_POINT('',(0.00898603623687901,0.0339988417242533,0.0617960803288165));
#3872=CARTESIAN_POINT('',(0.00898573670465979,0.0339934989335677,0.0618382715426555));
#3873=CARTESIAN_POINT('',(0.00898550587486837,0.0339893990778828,0.0618596397828725));
#3874=CARTESIAN_POINT('',(0.0089851716836447,0.0339835796266714,0.0618821996158335));
#3875=CARTESIAN_POINT('',(0.00898514641652689,0.0339831401789175,0.0618838681886575));
#3876=CARTESIAN_POINT('',(0.0089848792236934,0.0339784993030009,0.0619011329655825));
#3877=CARTESIAN_POINT('',(0.00898459460691894,0.0339736054107089,0.0619163908771745));
#3878=CARTESIAN_POINT('',(0.00898415277568107,0.0339661438714495,0.0619362638163015));
#3879=CARTESIAN_POINT('',(0.0089840375572691,0.033964207830617,0.0619411747645055));
#3880=CARTESIAN_POINT('',(0.00898355284303232,0.0339561108326017,0.0619607519164485));
#3881=CARTESIAN_POINT('',(0.0089831396718289,0.0339493113270788,0.0619751234183225));
#3882=CARTESIAN_POINT('',(0.00898244072367156,0.0339380633560042,0.0619962450093485));
#3883=CARTESIAN_POINT('',(0.00898219422514622,0.0339341344527552,0.0620032186830565));
#3884=CARTESIAN_POINT('',(0.00898152561883376,0.033923598151227,0.0620209282446865));
#3885=CARTESIAN_POINT('',(0.00898106519597254,0.0339164494601495,0.0620320350492325));
#3886=CARTESIAN_POINT('',(0.00898004336749062,0.0339009350896609,0.0620540482251855));
#3887=CARTESIAN_POINT('',(0.00897948748263173,0.0338926393158711,0.0620649409348395));
#3888=CARTESIAN_POINT('',(0.0089782788384322,0.0338750340139234,0.0620860671215765));
#3889=CARTESIAN_POINT('',(0.00897763329409726,0.0338658081186842,0.0620963031430365));
#3890=CARTESIAN_POINT('',(0.0089768788517299,0.0338552935263382,0.0621069410759955));
#3891=CARTESIAN_POINT('',(0.00897683592388747,0.0338546960736161,0.0621075422869245));
#3892=CARTESIAN_POINT('',(0.00897666778256409,0.0338523592400851,0.0621098810408055));
#3893=CARTESIAN_POINT('',(0.0089765401881308,0.0338505929675945,0.0621116224867905));
#3894=CARTESIAN_POINT('',(0.00897526804690524,0.0338330573308732,0.0621286473533715));
#3895=CARTESIAN_POINT('',(0.00897400021288927,0.0338161598676264,0.0621430076777895));
#3896=CARTESIAN_POINT('',(0.00897122366989418,0.0337806509801825,0.0621693891658795));
#3897=CARTESIAN_POINT('',(0.00896971490292181,0.0337620391442536,0.0621814108454445));
#3898=CARTESIAN_POINT('',(0.00896809299219497,0.0337428288942673,0.0621920525530145));
#3899=CARTESIAN_POINT('',(0.008986111111111,0.0340001929384522,0.0617546419581445));
#3900=CARTESIAN_POINT('',(0.00898611111111133,0.0340001929384522,0.0444589663959435));
#3901=CARTESIAN_POINT('',(0.0089861111111113,0.0340001929384521,0.0468731799583165));
#3902=CARTESIAN_POINT('',(0.00897688486722105,0.0338553722808912,0.0465209516467667));
#3903=CARTESIAN_POINT('',(0.00897694694529966,0.0338562402851738,0.0465218409197375));
#3904=CARTESIAN_POINT('',(0.00897700902337828,0.0338571082894564,0.0465227301927079));
#3905=CARTESIAN_POINT('',(0.00897707110145689,0.033857976293739,0.0465236194656785));
#3906=CARTESIAN_POINT('',(0.00897940624595915,0.0338906273595226,0.0465570705797375));
#3907=CARTESIAN_POINT('',(0.00898130843041962,0.0339198032715795,0.0465968847276475));
#3908=CARTESIAN_POINT('',(0.00898273296261254,0.03394276708424,0.0466404354505095));
#3909=CARTESIAN_POINT('',(0.00898320117000024,0.0339503147035855,0.0466547494620045));
#3910=CARTESIAN_POINT('',(0.0089836182073997,0.0339571912416806,0.0466694671241775));
#3911=CARTESIAN_POINT('',(0.00898398311508761,0.03396329953621,0.0466844951827875));
#3912=CARTESIAN_POINT('',(0.00898492669378673,0.0339790943708947,0.0467233547532015));
#3913=CARTESIAN_POINT('',(0.00898552711595798,0.0339897702018837,0.0467643333586995));
#3914=CARTESIAN_POINT('',(0.00898584425810988,0.0339954180254854,0.0468050083908105));
#3915=CARTESIAN_POINT('',(0.00898602332333149,0.0339986069071237,0.0468279743812845));
#3916=CARTESIAN_POINT('',(0.0089861111111113,0.034000192938452,0.0468508435934015));
#3917=CARTESIAN_POINT('',(0.0089861111111113,0.034000192938452,0.0468731799583165));
#3918=CARTESIAN_POINT('',(0.008977072244446,0.0338579915346244,0.0465236044321619));
#3919=CARTESIAN_POINT('',(0.00897691594927693,0.0338558142332616,0.0465214509711425));
#3920=CARTESIAN_POINT('',(0.00897679111277479,0.0338540732880717,0.0465197078076149));
#3921=CARTESIAN_POINT('',(0.00877103344341274,0.0324827833301761,0.0451413783447151));
#3922=CARTESIAN_POINT('',(0.00877205843911679,0.0324872716223278,0.0451459031447535));
#3923=CARTESIAN_POINT('',(0.00877308343482084,0.0324917599144796,0.0451504279447921));
#3924=CARTESIAN_POINT('',(0.0087741084305249,0.0324962482066313,0.0451549527448305));
#3925=CARTESIAN_POINT('',(0.00882525133317215,0.0327201947926135,0.0453807209182475));
#3926=CARTESIAN_POINT('',(0.0088676567453086,0.0329453808193152,0.0456073729135955));
#3927=CARTESIAN_POINT('',(0.00893524329279775,0.0333981645612948,0.0460624563291285));
#3928=CARTESIAN_POINT('',(0.00896037552977654,0.03362592965076,0.0462910528208345));
#3929=CARTESIAN_POINT('',(0.00897679262184518,0.0338540942604377,0.0465196861281595));
#3930=CARTESIAN_POINT('',(0.00877405863318504,0.0324960301771321,0.0451551668013719));
#3931=CARTESIAN_POINT('',(0.00876328909872768,0.0324494478372502,0.0451095890996455));
#3932=CARTESIAN_POINT('',(0.00876705094339204,0.0324655245471907,0.045124178947468));
#3933=CARTESIAN_POINT('',(0.00877062095019202,0.0324809805365972,0.045139442186073));
#3934=CARTESIAN_POINT('',(0.00877400877043038,0.0324958118610153,0.0451553805498889));
#3935=CARTESIAN_POINT('',(0.00876338728354807,0.0324498675354811,0.0451091012870893));
#3936=CARTESIAN_POINT('',(0.008688578726666,0.0321529593717686,0.0449632159151905));
#3937=CARTESIAN_POINT('',(0.00870196884851884,0.032202528657651,0.0449695307428045));
#3938=CARTESIAN_POINT('',(0.00871494504914666,0.0322523341903645,0.0449832256243345));
#3939=CARTESIAN_POINT('',(0.00874126742206245,0.0323566751939516,0.0450298900080515));
#3940=CARTESIAN_POINT('',(0.00875375970389851,0.0324087052190076,0.0450666840491875));
#3941=CARTESIAN_POINT('',(0.00876348322969752,0.0324502776571332,0.0451086034175395));
#3942=CARTESIAN_POINT('',(0.00876365768491461,0.0324510235315072,0.0451093555163827));
#3943=CARTESIAN_POINT('',(0.00876383214013169,0.0324517694058811,0.0451101076152261));
#3944=CARTESIAN_POINT('',(0.00876400659534878,0.0324525152802551,0.0451108597140693));
#3945=CARTESIAN_POINT('',(0.008688578726666,0.0321529593717685,0.0449632159151905));
#3946=CARTESIAN_POINT('',(0.00866141954090862,0.0320990928819962,0.0451488425530865));
#3947=CARTESIAN_POINT('',(0.00867015414368499,0.0320857864376191,0.0449589663959435));
#3948=CARTESIAN_POINT('',(1.6826817716975E-16,0.0344999999999917,0.0449589663959435));
#3949=CARTESIAN_POINT('',(-1.7347234759768E-18,0.0224999999999939,0.0549589663959455));
#3950=CARTESIAN_POINT('',(-1.7347234759768E-18,0.0224999999999939,0.0549589663959455));
#3951=CARTESIAN_POINT('',(0.0017,0.0224999999999939,0.0549589663959455));
#3952=CARTESIAN_POINT('',(-0.0033324037094119,0.0261404164233461,0.0475589663959475));
#3953=CARTESIAN_POINT('',(-0.0033324037094119,0.0261404164233461,0.0475374112028285));
#3954=CARTESIAN_POINT('',(-0.0033319947075993,0.0261402475485399,0.0474943008165895));
#3955=CARTESIAN_POINT('',(-0.0033307665683099,0.0261397444039556,0.0474506674320305));
#3956=CARTESIAN_POINT('',(-0.0033152008056973,0.0261333920067582,0.0470364695969205));
#3957=CARTESIAN_POINT('',(-0.0032339893957716,0.0261005664102227,0.0466269741275455));
#3958=CARTESIAN_POINT('',(-0.0029183028188592,0.0259851277104004,0.0458298480204355));
#3959=CARTESIAN_POINT('',(-0.0026678511877255,0.0259001002867512,0.0454496839192785));
#3960=CARTESIAN_POINT('',(-0.0020831916785317,0.0257398371791107,0.0448498750338505));
#3961=CARTESIAN_POINT('',(-0.0017126880820158,0.0256558073322131,0.0445898376943105));
#3962=CARTESIAN_POINT('',(-0.000461823536761941,0.0254716245197907,0.0440712725373805));
#3963=CARTESIAN_POINT('',(0.000461417918825419,0.0254716827901296,0.0440714159895365));
#3964=CARTESIAN_POINT('',(0.00171234655849798,0.0256557404859529,0.0445896302068335));
#3965=CARTESIAN_POINT('',(0.00208291046816249,0.0257399784751954,0.0448499581338565));
#3966=CARTESIAN_POINT('',(0.00266750514530336,0.0259002890071673,0.0454496400379655));
#3967=CARTESIAN_POINT('',(0.0029176977194707,0.0259851821356764,0.0458297647312795));
#3968=CARTESIAN_POINT('',(0.00324991002857883,0.0261069121228864,0.0466689415386635));
#3969=CARTESIAN_POINT('',(0.00333142212890706,0.0261405951678562,0.0471275873190545));
#3970=CARTESIAN_POINT('',(0.00333142212890714,0.0261405951678562,0.0479903454728415));
#3971=CARTESIAN_POINT('',(0.0032499100285785,0.0261069121228862,0.0484489912532325));
#3972=CARTESIAN_POINT('',(0.00291769771947115,0.0259851821356766,0.0492881680606155));
#3973=CARTESIAN_POINT('',(0.00266750514530322,0.0259002890071673,0.0496682927539295));
#3974=CARTESIAN_POINT('',(0.00208291046816283,0.0257399784751957,0.0502679746580375));
#3975=CARTESIAN_POINT('',(0.001712346558498,0.025655740485953,0.0505283025850605));
#3976=CARTESIAN_POINT('',(0.00046141791882569,0.0254716827901298,0.0510465168023575));
#3977=CARTESIAN_POINT('',(-0.00046182353676223,0.0254716245197909,0.0510466602545135));
#3978=CARTESIAN_POINT('',(-0.0017126880820153,0.0256558073322131,0.0505280950975835));
#3979=CARTESIAN_POINT('',(-0.002083191678532,0.0257398371791109,0.0502680577580435));
#3980=CARTESIAN_POINT('',(-0.0026678511877244,0.025900100286751,0.0496682488726165));
#3981=CARTESIAN_POINT('',(-0.0029183028188583,0.0259851277104002,0.0492880847714595));
#3982=CARTESIAN_POINT('',(-0.003233989395772,0.026100566410223,0.0484909586643475));
#3983=CARTESIAN_POINT('',(-0.0033152008056974,0.0261333920067584,0.0480814631949715));
#3984=CARTESIAN_POINT('',(-0.0033307665683099,0.0261397444039556,0.0476672653598635));
#3985=CARTESIAN_POINT('',(-0.0033319947075993,0.0261402475485399,0.0476236319753055));
#3986=CARTESIAN_POINT('',(-0.0033324037094119,0.0261404164233461,0.0475805215890675));
#3987=CARTESIAN_POINT('',(-0.0033324037094119,0.0261404164233461,0.0475589663959475));
#3988=CARTESIAN_POINT('',(-0.0027879871482837,0.0254139059064181,0.0475589663959475));
#3989=CARTESIAN_POINT('',(-0.0027879871482837,0.0254139059064181,0.0475417278059325));
#3990=CARTESIAN_POINT('',(-0.0027876728999934,0.0254137839349423,0.0475072506259015));
#3991=CARTESIAN_POINT('',(-0.0027866305878448,0.0254133628390162,0.0474723400003295));
#3992=CARTESIAN_POINT('',(-0.0027742692227022,0.0254085496349617,0.0471409215833105));
#3993=CARTESIAN_POINT('',(-0.0027112071365159,0.0253845650545935,0.0468123655804315));
#3994=CARTESIAN_POINT('',(-0.0024612488975483,0.0252992820828741,0.0461633043504835));
#3995=CARTESIAN_POINT('',(-0.0022600715247827,0.0252357925643795,0.0458472743831035));
#3996=CARTESIAN_POINT('',(-0.0017801074572479,0.0251155871841196,0.0453369826181925));
#3997=CARTESIAN_POINT('',(-0.0014696274248556,0.0250516791290027,0.0451109283108635));
#3998=CARTESIAN_POINT('',(-0.000405211074534562,0.0249117049498522,0.0446482323901365));
#3999=CARTESIAN_POINT('',(0.000404772099230859,0.0249117052559225,0.0446484511654985));
#4000=CARTESIAN_POINT('',(0.00146935243646919,0.0250516634054738,0.0451106520116845));
#4001=CARTESIAN_POINT('',(0.00177978394066762,0.0251156988979496,0.0453371300627125));
#4002=CARTESIAN_POINT('',(0.00225973683558791,0.0252359909437151,0.0458471858787735));
#4003=CARTESIAN_POINT('',(0.00246069352721353,0.0252993641641326,0.0461632404554475));
#4004=CARTESIAN_POINT('',(0.00272355707217191,0.0253892597760039,0.0468465320843325));
#4005=CARTESIAN_POINT('',(0.00278689440843854,0.0254140184832726,0.0472139190142675));
#4006=CARTESIAN_POINT('',(0.00278689440843856,0.0254140184832726,0.0479040137776265));
#4007=CARTESIAN_POINT('',(0.00272355707217144,0.0253892597760037,0.0482714007075635));
#4008=CARTESIAN_POINT('',(0.00246069352721375,0.0252993641641327,0.0489546923364465));
#4009=CARTESIAN_POINT('',(0.0022597368355875,0.0252359909437151,0.0492707469131215));
#4010=CARTESIAN_POINT('',(0.0017797839406677,0.0251156988979498,0.0497808027291815));
#4011=CARTESIAN_POINT('',(0.00146935243646897,0.0250516634054739,0.0500072807802085));
#4012=CARTESIAN_POINT('',(0.00040477209923104,0.0249117052559227,0.0504694816263945));
#4013=CARTESIAN_POINT('',(-0.000405211074534732,0.0249117049498524,0.0504697004017565));
#4014=CARTESIAN_POINT('',(-0.0014696274248549,0.0250516791290028,0.0500070044810305));
#4015=CARTESIAN_POINT('',(-0.0017801074572479,0.0251155871841198,0.0497809501737015));
#4016=CARTESIAN_POINT('',(-0.0022600715247814,0.0252357925643793,0.0492706584087915));
#4017=CARTESIAN_POINT('',(-0.0024612488975471,0.0252992820828738,0.0489546284414115));
#4018=CARTESIAN_POINT('',(-0.0027112071365162,0.0253845650545938,0.0483055672114605));
#4019=CARTESIAN_POINT('',(-0.0027742692227022,0.0254085496349618,0.0479770112085805));
#4020=CARTESIAN_POINT('',(-0.0027866305878447,0.0254133628390162,0.0476455927915645));
#4021=CARTESIAN_POINT('',(-0.0027876728999934,0.0254137839349423,0.0476106821659935));
#4022=CARTESIAN_POINT('',(-0.0027879871482837,0.0254139059064181,0.0475762049859625));
#4023=CARTESIAN_POINT('',(-0.0027879871482837,0.0254139059064181,0.0475589663959475));
#4024=CARTESIAN_POINT('',(-0.0022435705871557,0.0246873953894898,0.0475589663959475));
#4025=CARTESIAN_POINT('',(-0.0022435705871557,0.0246873953894898,0.0475460140809925));
#4026=CARTESIAN_POINT('',(-0.0022433422758482,0.0246873148850944,0.0475201094510835));
#4027=CARTESIAN_POINT('',(-0.002242751078795,0.0246871320207316,0.0474938840368455));
#4028=CARTESIAN_POINT('',(-0.0022343842649598,0.0246843169401506,0.0472448794779715));
#4029=CARTESIAN_POINT('',(-0.0021889684931128,0.0246688344799461,0.0469977392337595));
#4030=CARTESIAN_POINT('',(-0.0020043918279269,0.0246133914895751,0.0464966152667445));
#4031=CARTESIAN_POINT('',(-0.0018535643698579,0.0245719657009008,0.0462440410373585));
#4032=CARTESIAN_POINT('',(-0.0014768992054275,0.024491104825176,0.0458248017405665));
#4033=CARTESIAN_POINT('',(-0.00122850173625735,0.0244481220033107,0.0456306397960485));
#4034=CARTESIAN_POINT('',(-0.000346239050788649,0.0243508772675426,0.0452274000751695));
#4035=CARTESIAN_POINT('',(0.000345981141904159,0.0243509432348887,0.0452273893210505));
#4036=CARTESIAN_POINT('',(0.00122828488129191,0.0244480449192674,0.0456305726452605));
#4037=CARTESIAN_POINT('',(0.00147673314049808,0.0244911760084892,0.0458249174719315));
#4038=CARTESIAN_POINT('',(0.00185323746034384,0.0245720042223882,0.0462442601642275));
#4039=CARTESIAN_POINT('',(0.00200402455525061,0.0246133910644641,0.0464967448007845));
#4040=CARTESIAN_POINT('',(0.00219818114755657,0.024671846944947,0.0470241555326555));
#4041=CARTESIAN_POINT('',(0.00224300895681178,0.0246874813584259,0.0473000631400555));
#4042=CARTESIAN_POINT('',(0.00224300895681163,0.0246874813584259,0.0478178696518395));
#4043=CARTESIAN_POINT('',(0.00219818114755633,0.024671846944947,0.0480937772592385));
#4044=CARTESIAN_POINT('',(0.00200402455525004,0.0246133910644641,0.0486211879911095));
#4045=CARTESIAN_POINT('',(0.00185323746034326,0.0245720042223882,0.0488736726276665));
#4046=CARTESIAN_POINT('',(0.00147673314049732,0.0244911760084892,0.0492930153199635));
#4047=CARTESIAN_POINT('',(0.00122828488129123,0.0244480449192674,0.0494873601466335));
#4048=CARTESIAN_POINT('',(0.000345981141903809,0.0243509432348887,0.0498905434708425));
#4049=CARTESIAN_POINT('',(-0.000346239050788489,0.0243508772675426,0.0498905327167235));
#4050=CARTESIAN_POINT('',(-0.00122850173625677,0.0244481220033107,0.0494872929958455));
#4051=CARTESIAN_POINT('',(-0.0014768992054269,0.024491104825176,0.0492931310513275));
#4052=CARTESIAN_POINT('',(-0.0018535643698574,0.0245719657009009,0.0488738917545355));
#4053=CARTESIAN_POINT('',(-0.0020043918279265,0.0246133914895751,0.0486213175251495));
#4054=CARTESIAN_POINT('',(-0.0021889684931124,0.0246688344799462,0.0481201935581355));
#4055=CARTESIAN_POINT('',(-0.0022343842649597,0.0246843169401506,0.0478730533139235));
#4056=CARTESIAN_POINT('',(-0.002242751078795,0.0246871320207316,0.0476240487550495));
#4057=CARTESIAN_POINT('',(-0.0022433422758481,0.0246873148850944,0.0475978233408115));
#4058=CARTESIAN_POINT('',(-0.0022435705871556,0.0246873953894898,0.0475719187109025));
#4059=CARTESIAN_POINT('',(-0.0022435705871557,0.0246873953894898,0.0475589663959475));
#4060=CARTESIAN_POINT('',(-0.0016991540260275,0.0239608848725617,0.0475589663959475));
#4061=CARTESIAN_POINT('',(-0.0016991540260275,0.0239608848725617,0.0475503306859725));
#4062=CARTESIAN_POINT('',(-0.0016990204687877,0.0239608512718329,0.0475330592660235));
#4063=CARTESIAN_POINT('',(-0.0016986150824653,0.0239607504464672,0.0475155566130955));
#4064=CARTESIAN_POINT('',(-0.0016934526172226,0.0239594745306406,0.0473493314949255));
#4065=CARTESIAN_POINT('',(-0.0016661862002301,0.0239528331075669,0.0471831306877505));
#4066=CARTESIAN_POINT('',(-0.0015473378944393,0.0239275458648303,0.0468300716057885));
#4067=CARTESIAN_POINT('',(-0.0014457846282002,0.023907657948784,0.0466416315521435));
#4068=CARTESIAN_POINT('',(-0.00117381499181607,0.0238668548445586,0.0463119092808935));
#4069=CARTESIAN_POINT('',(-0.000985440959403741,0.0238439937647746,0.0461517304979115));
#4070=CARTESIAN_POINT('',(-0.00028962673451933,0.0237909577537783,0.0458043597913535));
#4071=CARTESIAN_POINT('',(0.000289335455003828,0.0237909657492085,0.0458044243792985));
#4072=CARTESIAN_POINT('',(0.00098529064008928,0.0238439678104204,0.0461515945182265));
#4073=CARTESIAN_POINT('',(0.00117360660831885,0.0238668964462943,0.0463120893627145));
#4074=CARTESIAN_POINT('',(0.0014454690721345,0.023907706139677,0.0466418060342035));
#4075=CARTESIAN_POINT('',(0.00154702034225734,0.023927573102516,0.0468302205231835));
#4076=CARTESIAN_POINT('',(0.00167182813071228,0.0239541945832485,0.0472017460762885));
#4077=CARTESIAN_POINT('',(0.0016984811966137,0.0239609046713953,0.0473863948468715));
#4078=CARTESIAN_POINT('',(0.00169848119661348,0.0239609046713952,0.0477315379450235));
#4079=CARTESIAN_POINT('',(0.00167182813071188,0.0239541945832485,0.0479161867156055));
#4080=CARTESIAN_POINT('',(0.0015470203422565,0.023927573102516,0.0482877122687105));
#4081=CARTESIAN_POINT('',(0.00144546907213362,0.023907706139677,0.0484761267576905));
#4082=CARTESIAN_POINT('',(0.00117360660831782,0.0238668964462943,0.0488058434291785));
#4083=CARTESIAN_POINT('',(0.000985290640088369,0.0238439678104204,0.0489663382736665));
#4084=CARTESIAN_POINT('',(0.0002893354550034,0.0237909657492086,0.0493135084125945));
#4085=CARTESIAN_POINT('',(-0.00028962673451906,0.0237909577537783,0.0493135730005385));
#4086=CARTESIAN_POINT('',(-0.000985440959402921,0.0238439937647747,0.0489662022939815));
#4087=CARTESIAN_POINT('',(-0.00117381499181522,0.0238668548445586,0.0488060235109995));
#4088=CARTESIAN_POINT('',(-0.0014457846281994,0.0239076579487841,0.0484763012397505));
#4089=CARTESIAN_POINT('',(-0.0015473378944387,0.0239275458648303,0.0482878611861055));
#4090=CARTESIAN_POINT('',(-0.0016661862002295,0.0239528331075669,0.0479348021041445));
#4091=CARTESIAN_POINT('',(-0.0016934526172223,0.0239594745306406,0.0477686012969705));
#4092=CARTESIAN_POINT('',(-0.0016986150824652,0.0239607504464671,0.0476023761787995));
#4093=CARTESIAN_POINT('',(-0.0016990204687877,0.0239608512718328,0.0475848735258715));
#4094=CARTESIAN_POINT('',(-0.0016991540260275,0.0239608848725617,0.0475676021059225));
#4095=CARTESIAN_POINT('',(-0.0016991540260275,0.0239608848725617,0.0475589663959475));
#4096=CARTESIAN_POINT('',(0.00217061291005794,0.0257657155799544,0.0449590061329525));
#4097=CARTESIAN_POINT('',(0.00185122254841583,0.0255679599187716,0.0448441188092421));
#4098=CARTESIAN_POINT('',(0.00117057044959425,0.0252322025124839,0.0446407401471909));
#4099=CARTESIAN_POINT('',(-1.36155859272426E-6,0.0250347790363271,0.0445190561358741));
#4100=CARTESIAN_POINT('',(-0.0011730726836764,0.0252331841554247,0.0446413359381055));
#4101=CARTESIAN_POINT('',(-0.00185190972933995,0.0255681729356633,0.0448441833635432));
#4102=CARTESIAN_POINT('',(-0.00217119437195944,0.0257658368818938,0.0449589835973837));
#4103=CARTESIAN_POINT('',(-0.0013315804153901,0.0238641182204958,0.0488919614403117));
#4104=CARTESIAN_POINT('',(-0.00188407340916789,0.0240109199683542,0.0475585785758083));
#4105=CARTESIAN_POINT('',(-0.00133212594793836,0.0238642847302718,0.0462275226321399));
#4106=CARTESIAN_POINT('',(-2.17143228276163E-6,0.0237724935504883,0.0456749002763509));
#4107=CARTESIAN_POINT('',(0.00133237023800541,0.0238643420443829,0.0462266781311643));
#4108=CARTESIAN_POINT('',(0.00188325457826145,0.0240121211117616,0.0475577718501392));
#4109=CARTESIAN_POINT('',(0.0013346087902099,0.0238647603763238,0.0488886681806255));
#4110=CARTESIAN_POINT('',(1.33565601799259E-6,0.023772430938155,0.0494432913299385));
#4111=CARTESIAN_POINT('',(-0.0013315804153901,0.0238641182204958,0.0488919614403117));
#4112=CARTESIAN_POINT('',(-0.00188407340916789,0.0240109199683542,0.0475585785758083));
#4113=CARTESIAN_POINT('',(-0.00133212594793836,0.0238642847302718,0.0462275226321399));
#4114=CARTESIAN_POINT('',(-0.0017,0.0239620138040306,0.0475589663959475));
#4115=CARTESIAN_POINT('',(1.6826817716975E-16,0.0344999999999917,0.0447089663959435));
#4116=CARTESIAN_POINT('',(0.00867015414368506,0.0320857864376191,0.0449589663959435));
#4117=CARTESIAN_POINT('',(0.00915182937388972,0.0319516634619317,0.0444589663959435));
#4118=CARTESIAN_POINT('',(1.78676518025611E-16,0.0344999999999917,0.0444589663959435));
#4119=CARTESIAN_POINT('',(-0.0091518293738895,0.0319516634619318,0.0444589663959435));
#4120=CARTESIAN_POINT('',(-0.0091518293738895,0.0319516634619318,0.0444589663959435));
#4121=CARTESIAN_POINT('',(-1.7347234759768E-18,0.0224999999999982,0.0475589663959455));
#4122=CARTESIAN_POINT('',(-1.7347234759768E-18,0.0224999999999982,0.0475589663959455));
#4123=CARTESIAN_POINT('',(0.0017,0.0224999999999982,0.0475589663959455));
#4124=CARTESIAN_POINT('',(0.0105149630392719,0.0309052698196629,0.0632348709898635));
#4125=CARTESIAN_POINT('',(0.00986514422727606,0.0284298580180728,0.0615104373863655));
#4126=CARTESIAN_POINT('',(0.00856674281760138,0.0261170250441231,0.0599082759891695));
#4127=CARTESIAN_POINT('',(0.00676936639981691,0.0242651429341338,0.0586305156970055));
#4128=CARTESIAN_POINT('',(0.00675858126071168,0.0242540307341711,0.0586228485092324));
#4129=CARTESIAN_POINT('',(0.00674779612160645,0.0242429185342083,0.0586151813214592));
#4130=CARTESIAN_POINT('',(0.00673701098250122,0.0242318063342456,0.0586075141336861));
#4131=CARTESIAN_POINT('',(0.0105130940303834,0.0309046792199959,0.0632364690933815));
#4132=CARTESIAN_POINT('',(0.00986318397082016,0.0284295286639671,0.0615121891473475));
#4133=CARTESIAN_POINT('',(0.00856477736504321,0.0261170267715891,0.0599102024746905));
#4134=CARTESIAN_POINT('',(0.00676755774586946,0.0242654813469835,0.0586326154188985));
#4135=CARTESIAN_POINT('',(0.00675677354763272,0.024254371167298,0.0586249492706284));
#4136=CARTESIAN_POINT('',(0.00674598934939597,0.0242432609876125,0.0586172831223585));
#4137=CARTESIAN_POINT('',(0.00673520515115923,0.0242321508079271,0.0586096169740885));
#4138=CARTESIAN_POINT('',(0.0105112250214948,0.030904088620329,0.0632380671968985));
#4139=CARTESIAN_POINT('',(0.00986122371436425,0.0284291993098615,0.0615139409083295));
#4140=CARTESIAN_POINT('',(0.00856281191248503,0.0261170284990551,0.0599121289602105));
#4141=CARTESIAN_POINT('',(0.00676574909192201,0.0242658197598332,0.0586347151407925));
#4142=CARTESIAN_POINT('',(0.00675496583455375,0.024254711600425,0.0586270500320256));
#4143=CARTESIAN_POINT('',(0.0067441825771855,0.0242436034410168,0.0586193849232587));
#4144=CARTESIAN_POINT('',(0.00673339931981724,0.0242324952816086,0.0586117198144918));
#4145=CARTESIAN_POINT('',(0.0105093560126063,0.0309034980206621,0.0632396653004165));
#4146=CARTESIAN_POINT('',(0.00985926345790835,0.0284288699557559,0.0615156926693105));
#4147=CARTESIAN_POINT('',(0.00856084645992685,0.0261170302265212,0.0599140554457315));
#4148=CARTESIAN_POINT('',(0.00676394043797456,0.0242661581726829,0.0586368148626855));
#4149=CARTESIAN_POINT('',(0.00675315812147478,0.0242550520335519,0.0586291507934217));
#4150=CARTESIAN_POINT('',(0.00674237580497501,0.024243945894421,0.0586214867241579));
#4151=CARTESIAN_POINT('',(0.00673159348847524,0.02423283975529,0.0586138226548941));
#4152=CARTESIAN_POINT('',(0.0103224551237546,0.0308444380539697,0.0633994756521755));
#4153=CARTESIAN_POINT('',(0.00966323781231797,0.0283959345451924,0.0616908687674675));
#4154=CARTESIAN_POINT('',(0.00836430120410931,0.0261172029731222,0.0601067039977895));
#4155=CARTESIAN_POINT('',(0.00658307504322936,0.0242999994576517,0.0588467870520055));
#4156=CARTESIAN_POINT('',(0.00657238681357814,0.0242890953462464,0.0588392269330528));
#4157=CARTESIAN_POINT('',(0.00656169858392693,0.024278191234841,0.0588316668141));
#4158=CARTESIAN_POINT('',(0.00655101035427571,0.0242672871234357,0.0588241066951472));
#4159=CARTESIAN_POINT('',(0.0101355542349029,0.0307853780872773,0.0635592860039345));
#4160=CARTESIAN_POINT('',(0.0094672121667276,0.0283629991346291,0.0618660448656255));
#4161=CARTESIAN_POINT('',(0.00816775594829176,0.0261173757197233,0.0602993525498495));
#4162=CARTESIAN_POINT('',(0.00640220964848418,0.0243338407426205,0.0590567592413255));
#4163=CARTESIAN_POINT('',(0.00639161550568152,0.0243231386589408,0.0590493030726838));
#4164=CARTESIAN_POINT('',(0.00638102136287886,0.0243124365752611,0.059041846904042));
#4165=CARTESIAN_POINT('',(0.0063704272200762,0.0243017344915814,0.0590343907354003));
#4166=CARTESIAN_POINT('',(0.00994865334605115,0.030726318120585,0.0637190963556935));
#4167=CARTESIAN_POINT('',(0.00927118652113723,0.0283300637240658,0.0620412209637825));
#4168=CARTESIAN_POINT('',(0.00797121069247422,0.0261175484663246,0.0604920011019075));
#4169=CARTESIAN_POINT('',(0.00622134425373899,0.0243676820275893,0.0592667314306465));
#4170=CARTESIAN_POINT('',(0.00621084419778488,0.0243571819716352,0.0592593792123158));
#4171=CARTESIAN_POINT('',(0.00620034414183078,0.0243466819156811,0.0592520269939852));
#4172=CARTESIAN_POINT('',(0.00618984408587667,0.024336181859727,0.0592446747756545));
#4173=CARTESIAN_POINT('',(0.00994746603170088,0.0307259429337873,0.0637201115735725));
#4174=CARTESIAN_POINT('',(0.00926994124047827,0.0283298544972085,0.0620423337947404));
#4175=CARTESIAN_POINT('',(0.00796996211091774,0.0261175495637219,0.0604932249291018));
#4176=CARTESIAN_POINT('',(0.00622019528071929,0.024367897009142,0.0592680653086984));
#4177=CARTESIAN_POINT('',(0.00620969582246521,0.0243573982365976,0.0592607137507269));
#4178=CARTESIAN_POINT('',(0.00619919636421112,0.0243468994640532,0.0592533621927553));
#4179=CARTESIAN_POINT('',(0.00618869690595704,0.0243364006915088,0.0592460106347837));
#4180=CARTESIAN_POINT('',(0.00994627871735061,0.0307255677469895,0.0637211267914515));
#4181=CARTESIAN_POINT('',(0.0092686959598193,0.0283296452703513,0.0620434466256982));
#4182=CARTESIAN_POINT('',(0.00796871352936126,0.0261175506611191,0.0604944487562961));
#4183=CARTESIAN_POINT('',(0.0062190463076996,0.0243681119906946,0.0592693991867504));
#4184=CARTESIAN_POINT('',(0.00620854744714553,0.0243576145015599,0.0592620482891379));
#4185=CARTESIAN_POINT('',(0.00619804858659147,0.0243471170124253,0.0592546973915254));
#4186=CARTESIAN_POINT('',(0.0061875497260374,0.0243366195232906,0.0592473464939128));
#4187=CARTESIAN_POINT('',(0.00994509140300034,0.0307251925601918,0.0637221420093305));
#4188=CARTESIAN_POINT('',(0.00926745067916034,0.028329436043494,0.0620445594566561));
#4189=CARTESIAN_POINT('',(0.00796746494780478,0.0261175517585163,0.0604956725834905));
#4190=CARTESIAN_POINT('',(0.0062178973346799,0.0243683269722472,0.0592707330648024));
#4191=CARTESIAN_POINT('',(0.00620739907182585,0.0243578307665223,0.059263382827549));
#4192=CARTESIAN_POINT('',(0.00619690080897181,0.0243473345607973,0.0592560325902955));
#4193=CARTESIAN_POINT('',(0.00618640254611777,0.0243368383550724,0.059248682353042));
#4194=CARTESIAN_POINT('',(0.00676385135830268,0.0242661716447678,0.0586369133640845));
#4195=CARTESIAN_POINT('',(0.00863800805997674,0.0261966047246884,0.0599690591481734));
#4196=CARTESIAN_POINT('',(0.00987698234186063,0.0284966584107063,0.0615630128658426));
#4197=CARTESIAN_POINT('',(0.0105092666732845,0.0309034697897667,0.0632397416903495));
#4198=CARTESIAN_POINT('',(0.00676365912511602,0.0242659736466738,0.0586374707334011));
#4199=CARTESIAN_POINT('',(0.0105092666732845,0.0309034697897666,0.0632397416903493));
#4200=CARTESIAN_POINT('',(0.0105092666732835,0.0309034697897625,0.0632397416903465));
#4201=CARTESIAN_POINT('',(0.00994865333446728,0.030726318132396,0.0637190963621499));
#4202=CARTESIAN_POINT('',(0.00994865335050965,0.0307263181363531,0.0637190963667337));
#4203=CARTESIAN_POINT('',(0.00929395143190132,0.0284105850359559,0.062097602593354));
#4204=CARTESIAN_POINT('',(0.00806150653715088,0.0262078443109936,0.0605552269330142));
#4205=CARTESIAN_POINT('',(0.00622134319059668,0.0243676809644459,0.0592667306862245));
#4206=CARTESIAN_POINT('',(0.00622109798450263,0.0243678455002046,0.0592668458954031));
#4207=CARTESIAN_POINT('',(0.00676380715479644,0.0242657160932238,0.0586376408723466));
#4208=CARTESIAN_POINT('',(0.00658287997001929,0.0242998034003748,0.0588473477887818));
#4209=CARTESIAN_POINT('',(0.00640195278524213,0.0243338907075257,0.0590570547052171));
#4210=CARTESIAN_POINT('',(0.00622102560046498,0.0243679780146767,0.0592667616216523));
#4211=CARTESIAN_POINT('',(-0.0039984628032617,0.0347147406323273,0.0663614568544585));
#4212=CARTESIAN_POINT('',(0.0100419077684934,0.0294357261212849,0.0599432797588615));
#4213=CARTESIAN_POINT('',(0.00989244325968762,0.0290382017184689,0.0596624724396975));
#4214=CARTESIAN_POINT('',(0.00972538647330939,0.0286451433963017,0.0593845571370845));
#4215=CARTESIAN_POINT('',(0.00935810715264596,0.027875003373859,0.0588393582919025));
#4216=CARTESIAN_POINT('',(0.00915819662580406,0.0274976304232902,0.0585718745001705));
#4217=CARTESIAN_POINT('',(0.0089410017684983,0.0271272340197323,0.0583090956194615));
#4218=CARTESIAN_POINT('',(0.0100419077684934,0.0294357261212849,0.0599432797588611));
#4219=CARTESIAN_POINT('',(0.00894100176849831,0.0271272340197323,0.0583090956194615));
#4220=CARTESIAN_POINT('',(-0.000315802932215071,0.0333591824119487,0.0625281208409745));
#4221=CARTESIAN_POINT('',(0.0100960452349635,0.0295820178499821,0.0600466051426375));
#4222=CARTESIAN_POINT('',(0.010780234477934,0.0321476203252934,0.0586775283465755));
#4223=CARTESIAN_POINT('',(0.010780234477934,0.0321476203252934,0.0592931531181447));
#4224=CARTESIAN_POINT('',(0.0106662856054,0.0313956517560542,0.0604671348898127));
#4225=CARTESIAN_POINT('',(0.0102714005242185,0.0300635452261437,0.0603866615281547));
#4226=CARTESIAN_POINT('',(0.0100960452349636,0.029582017849982,0.0600466051426375));
#4227=CARTESIAN_POINT('',(0.0107802344779339,0.0321476203252933,0.0586775283465755));
#4228=CARTESIAN_POINT('',(0.0107802344779337,0.0321476203252932,0.0663614568544595));
#4229=CARTESIAN_POINT('',(0.0107802344779341,0.0321476203252932,0.0484589663959435));
#4230=CARTESIAN_POINT('',(0.0103972296567125,0.0304999999999922,0.0467989663959435));
#4231=CARTESIAN_POINT('',(0.0105217140031746,0.0309251835460448,0.0467989663959436));
#4232=CARTESIAN_POINT('',(0.0107217374117937,0.0317755302051688,0.0471495402584829));
#4233=CARTESIAN_POINT('',(0.0107802344779341,0.0321476203252934,0.0480160446001478));
#4234=CARTESIAN_POINT('',(0.0107802344779341,0.0321476203252934,0.0484589663959435));
#4235=CARTESIAN_POINT('',(0.0103972296567126,0.0304999999999921,0.0467989663959435));
#4236=CARTESIAN_POINT('',(-0.000406703192749601,0.0336367732678506,0.0467989663959435));
#4237=CARTESIAN_POINT('',(0.0103390107603692,0.0303060161215162,0.0467989663959435));
#4238=CARTESIAN_POINT('',(-0.0039984628032614,0.034714740632327,0.0467989663959435));
#4239=CARTESIAN_POINT('',(0.00941467472084032,0.0279999999999915,0.0467989663959435));
#4240=CARTESIAN_POINT('',(0.00917931189635237,0.0275491105856236,0.0468676078828075));
#4241=CARTESIAN_POINT('',(0.00921505131235855,0.0276148362746357,0.0468470527162615));
#4242=CARTESIAN_POINT('',(0.00925097253049957,0.0276820769774185,0.0468310771347935));
#4243=CARTESIAN_POINT('',(0.00928662104940132,0.0277500764604003,0.0468197285936105));
#4244=CARTESIAN_POINT('',(0.00929035012140464,0.0277571896582565,0.0468185414607785));
#4245=CARTESIAN_POINT('',(0.00929407625048314,0.0277643111359575,0.0468174049595685));
#4246=CARTESIAN_POINT('',(0.00929779894549138,0.0277714400116817,0.0468163191442995));
#4247=CARTESIAN_POINT('',(0.00933195702735182,0.0278368519565284,0.0468063561022715));
#4248=CARTESIAN_POINT('',(0.0093659896692466,0.0279032094608953,0.0468006114863215));
#4249=CARTESIAN_POINT('',(0.00939947943400901,0.0279697318253079,0.0467992714895075));
#4250=CARTESIAN_POINT('',(0.00940455737797541,0.0279798183947836,0.0467990683101545));
#4251=CARTESIAN_POINT('',(0.00940962292751961,0.0279899087094619,0.0467989663959435));
#4252=CARTESIAN_POINT('',(0.00941467472083989,0.0279999999999909,0.0467989663959435));
#4253=CARTESIAN_POINT('',(0.00917931189632219,0.0275491105855685,0.0468676078828245));
#4254=CARTESIAN_POINT('',(0.0085137293238521,0.0264415883809669,0.0484589663959435));
#4255=CARTESIAN_POINT('',(0.00851372932385202,0.0264415883809668,0.0480884351241306));
#4256=CARTESIAN_POINT('',(0.00867330453836102,0.0266774051741968,0.047367406368482));
#4257=CARTESIAN_POINT('',(0.00900902700678362,0.027235952371369,0.046965545528624));
#4258=CARTESIAN_POINT('',(0.00917931189629201,0.0275491105855134,0.0468676078828415));
#4259=CARTESIAN_POINT('',(0.00851372932385216,0.0264415883809664,0.0484589663959435));
#4260=CARTESIAN_POINT('',(0.00851372932385173,0.0264415883809662,0.0663614568544595));
#4261=CARTESIAN_POINT('',(0.00851372932385181,0.0264415883809662,0.0569270095010515));
#4262=CARTESIAN_POINT('',(0.00877627736653364,0.0268530605577997,0.0580600144038567));
#4263=CARTESIAN_POINT('',(0.00861691203414226,0.0265941018245425,0.0577614710608531));
#4264=CARTESIAN_POINT('',(0.00851372932385193,0.0264415883809666,0.0573532435122327));
#4265=CARTESIAN_POINT('',(0.00851372932385199,0.0264415883809667,0.0569270095010515));
#4266=CARTESIAN_POINT('',(0.00877627736653291,0.0268530605577983,0.0580600144038549));
#4267=CARTESIAN_POINT('',(0.00894100176849833,0.0271272340197323,0.0583090956194615));
#4268=CARTESIAN_POINT('',(0.00889113126061119,0.0270421866249913,0.0582487584807025));
#4269=CARTESIAN_POINT('',(0.00884352508251415,0.0269629428749569,0.0581792934264345));
#4270=CARTESIAN_POINT('',(0.00879200055894369,0.0268786527596895,0.0580889715645505));
#4271=CARTESIAN_POINT('',(0.00878411545297287,0.0268657969597826,0.0580746977009905));
#4272=CARTESIAN_POINT('',(0.008776277366532,0.0268530605577971,0.0580600144038535));
#4273=CARTESIAN_POINT('',(-0.0039984628032614,0.034714740632327,0.0449589663959435));
#4274=CARTESIAN_POINT('',(0.0107529421158121,0.0319951721163363,0.0449595086192025));
#4275=CARTESIAN_POINT('',(0.00660813891453688,0.0241081389145286,0.0449589663959437));
#4276=CARTESIAN_POINT('',(0.0107693463419062,0.0320857078065675,0.0449600806049777));
#4277=CARTESIAN_POINT('',(0.0107639721248047,0.0320555197420891,0.0449588773770538));
#4278=CARTESIAN_POINT('',(0.0107585053072865,0.0320253480553194,0.0449588633858314));
#4279=CARTESIAN_POINT('',(0.0107529459204987,0.0319951927536232,0.0449600507648889));
#4280=CARTESIAN_POINT('',(0.0107693498867098,0.032085729406495,0.0449595232702105));
#4281=CARTESIAN_POINT('',(0.010826461465407,0.0324296521756278,0.0450927769629295));
#4282=CARTESIAN_POINT('',(0.0108263104062018,0.0324286734393167,0.0450918860313095));
#4283=CARTESIAN_POINT('',(0.0108261593469965,0.0324276947030055,0.0450909950996895));
#4284=CARTESIAN_POINT('',(0.0108260082877913,0.0324267159666943,0.0450901041680695));
#4285=CARTESIAN_POINT('',(0.0108238594388281,0.0324127932368337,0.0450774304784075));
#4286=CARTESIAN_POINT('',(0.0108215805217611,0.0323981593374075,0.0450656140873045));
#4287=CARTESIAN_POINT('',(0.0108192075080131,0.0323830788759021,0.0450547362932255));
#4288=CARTESIAN_POINT('',(0.0108168015577191,0.0323677891032139,0.0450437075194205));
#4289=CARTESIAN_POINT('',(0.0108142988702892,0.0323520402099614,0.0450336434611385));
#4290=CARTESIAN_POINT('',(0.0108117336106142,0.0323360682752282,0.0450245925069295));
#4291=CARTESIAN_POINT('',(0.0108091129165737,0.0323197511925643,0.0450153459647625));
#4292=CARTESIAN_POINT('',(0.0108064269265219,0.0323032012721821,0.0450071566842325));
#4293=CARTESIAN_POINT('',(0.0108037086156192,0.0322866299910927,0.0450000401927515));
#4294=CARTESIAN_POINT('',(0.0108034131795765,0.0322848289632184,0.0449992667462415));
#4295=CARTESIAN_POINT('',(0.01080311735836,0.0322830276452079,0.0449985059382505));
#4296=CARTESIAN_POINT('',(0.0108028211918114,0.0322812262811873,0.0449977577646165));
#4297=CARTESIAN_POINT('',(0.0108026586990549,0.0322802379568595,0.0449973472766775));
#4298=CARTESIAN_POINT('',(0.0108024960939272,0.0322792495674401,0.0449969406616005));
#4299=CARTESIAN_POINT('',(0.010802333385184,0.0322782611663553,0.0449965378904695));
#4300=CARTESIAN_POINT('',(0.010797267717406,0.0322474889323238,0.0449839982770355));
#4301=CARTESIAN_POINT('',(0.0107918561587051,0.0322152296241713,0.0449745954190525));
#4302=CARTESIAN_POINT('',(0.010786282370282,0.032182684125575,0.0449683313716115));
#4303=CARTESIAN_POINT('',(0.0107827325781103,0.0321619567948311,0.0449643419725025));
#4304=CARTESIAN_POINT('',(0.0107790768130761,0.0321408753328459,0.0449615793453375));
#4305=CARTESIAN_POINT('',(0.0107753676427217,0.032119758175095,0.0449601358084255));
#4306=CARTESIAN_POINT('',(0.0107733770556772,0.0321084253063882,0.0449593611106895));
#4307=CARTESIAN_POINT('',(0.0107713712726604,0.0320970829924623,0.0449589663959435));
#4308=CARTESIAN_POINT('',(0.010769371858273,0.0320858512452317,0.0449589663959435));
#4309=CARTESIAN_POINT('',(0.0107693688893557,0.0320858345672838,0.0449589663959435));
#4310=CARTESIAN_POINT('',(0.0107693601263261,0.0320857853411798,0.0449589663959435));
#4311=CARTESIAN_POINT('',(0.0107693513629777,0.0320857361151326,0.0449589663959435));
#4312=CARTESIAN_POINT('',(0.0108260284140185,0.0324268139986572,0.0450899984232877));
#4313=CARTESIAN_POINT('',(0.0108286874309637,0.0324441424882889,0.0451069690577535));
#4314=CARTESIAN_POINT('',(0.0108278143991273,0.0324384415348941,0.0451012337665842));
#4315=CARTESIAN_POINT('',(0.0108269319273489,0.0324327009112515,0.0450955399349161));
#4316=CARTESIAN_POINT('',(0.0108260398798291,0.0324269206658451,0.0450898875343595));
#4317=CARTESIAN_POINT('',(0.0108286906663226,0.0324441999706571,0.0451069114269877));
#4318=CARTESIAN_POINT('',(-0.003937904723698,0.0347089718498647,0.0470246341967265));
#4319=CARTESIAN_POINT('',(0.0109763248054541,0.0338454098196811,0.0465111193080167));
#4320=CARTESIAN_POINT('',(0.0109768189082351,0.0338539632735935,0.0465197615587637));
#4321=CARTESIAN_POINT('',(0.010976656380249,0.0338511357103997,0.0465168573420918));
#4322=CARTESIAN_POINT('',(0.0109764915636796,0.0338482823090642,0.0465139788695349));
#4323=CARTESIAN_POINT('',(0.0109763244143394,0.0338454030755802,0.0465111261376885));
#4324=CARTESIAN_POINT('',(0.0109768195292326,0.0338539873743199,0.0465197380594013));
#4325=CARTESIAN_POINT('',(0.0109845104938259,0.0340002399823852,0.0468731799583165));
#4326=CARTESIAN_POINT('',(0.0109845104938259,0.0340002399823852,0.0468283064727585));
#4327=CARTESIAN_POINT('',(0.0109842095583684,0.0339938403778531,0.0467813035631065));
#4328=CARTESIAN_POINT('',(0.0109833216772051,0.0339757138571554,0.0467174330350465));
#4329=CARTESIAN_POINT('',(0.0109830147294623,0.0339694998038081,0.0466994307479955));
#4330=CARTESIAN_POINT('',(0.0109815461804148,0.0339402636010935,0.0466287677052975));
#4331=CARTESIAN_POINT('',(0.0109799095785167,0.033908694698108,0.0465797053391355));
#4332=CARTESIAN_POINT('',(0.0109775151357286,0.0338661421196656,0.0465321985851275));
#4333=CARTESIAN_POINT('',(0.0109771734992082,0.0338601325692697,0.0465258443879365));
#4334=CARTESIAN_POINT('',(0.0109768216145925,0.0338540103584427,0.0465197155851485));
#4335=CARTESIAN_POINT('',(0.0109845104938259,0.0340002399823851,0.0468731799583165));
#4336=CARTESIAN_POINT('',(0.0109845104938256,0.0340002399823852,0.0663614568544595));
#4337=CARTESIAN_POINT('',(0.0109845104938257,0.0340002399823852,0.0617546419581445));
#4338=CARTESIAN_POINT('',(0.0109689530573875,0.0337265671959178,0.0622005931361771));
#4339=CARTESIAN_POINT('',(0.0109690607367301,0.0337282063584237,0.0621997390811587));
#4340=CARTESIAN_POINT('',(0.0109691684160727,0.0337298455209297,0.0621988850261401));
#4341=CARTESIAN_POINT('',(0.0109692760954154,0.0337314846834356,0.0621980309711215));
#4342=CARTESIAN_POINT('',(0.0109723033468215,0.0337775674034826,0.0621740204302615));
#4343=CARTESIAN_POINT('',(0.0109748283918658,0.0338193314801287,0.0621427965734075));
#4344=CARTESIAN_POINT('',(0.0109790342120888,0.0338925060058711,0.0620696180400345));
#4345=CARTESIAN_POINT('',(0.0109808334916166,0.0339265097372315,0.0620221972023495));
#4346=CARTESIAN_POINT('',(0.0109822993092864,0.0339552796679476,0.0619621402267985));
#4347=CARTESIAN_POINT('',(0.0109824805392363,0.0339588650505677,0.0619541121851785));
#4348=CARTESIAN_POINT('',(0.0109835642611501,0.0339804398671497,0.0619019782192805));
#4349=CARTESIAN_POINT('',(0.010984117768652,0.0339920333391353,0.0618552258720425));
#4350=CARTESIAN_POINT('',(0.0109844619338932,0.0339992194664613,0.0617908311410345));
#4351=CARTESIAN_POINT('',(0.0109845104938257,0.0340002399823852,0.0617725664543165));
#4352=CARTESIAN_POINT('',(0.0109845104938257,0.0340002399823852,0.0617546419581445));
#4353=CARTESIAN_POINT('',(0.0109692740144773,0.0337314531445024,0.0621979724326651));
#4354=CARTESIAN_POINT('',(-0.0039984628032619,0.0347147406323275,0.0786406073073485));
#4355=CARTESIAN_POINT('',(0.0109679339371183,0.0337112623772179,0.0622086463002177));
#4356=CARTESIAN_POINT('',(0.0106615347795602,0.0315391350410017,0.0633416084219885));
#4357=CARTESIAN_POINT('',(0.0107391078258249,0.0318972464745625,0.0631545969032495));
#4358=CARTESIAN_POINT('',(0.010803438051013,0.0322576429778311,0.0629664774252935));
#4359=CARTESIAN_POINT('',(0.0109056441748006,0.0329821963971798,0.0625885291177485));
#4360=CARTESIAN_POINT('',(0.0109434648893883,0.0333463302709912,0.0623987125583495));
#4361=CARTESIAN_POINT('',(0.0109679317341713,0.0337112295213284,0.0622085846551095));
#4362=CARTESIAN_POINT('',(0.0106615347795601,0.0315391350410016,0.0633416084219885));
#4363=CARTESIAN_POINT('',(0.0106263610999281,0.0314113053324578,0.0631326940016945));
#4364=CARTESIAN_POINT('',(0.0106519986530644,0.0314954271780787,0.0633618600685065));
#4365=CARTESIAN_POINT('',(0.0105334327346902,0.0309966749962666,0.0633046779740885));
#4366=CARTESIAN_POINT('',(0.010542606128469,0.0310325288012207,0.0633296589257785));
#4367=CARTESIAN_POINT('',(0.0105526003306866,0.0310721678341337,0.0633505242146805));
#4368=CARTESIAN_POINT('',(0.0105728235517531,0.0311539280983355,0.0633812242108495));
#4369=CARTESIAN_POINT('',(0.0105833640804862,0.0311973122521867,0.0633915339804395));
#4370=CARTESIAN_POINT('',(0.0106039186681917,0.0312836452702946,0.0634014668190025));
#4371=CARTESIAN_POINT('',(0.0106137659413256,0.0313258326475231,0.0634010496173465));
#4372=CARTESIAN_POINT('',(0.01063342427378,0.0314117363394956,0.0633895207254675));
#4373=CARTESIAN_POINT('',(0.0106430979773057,0.0314549219557725,0.0633783504237315));
#4374=CARTESIAN_POINT('',(0.0106519986530643,0.0314954271780785,0.0633618600685065));
#4375=CARTESIAN_POINT('',(0.0105334327346905,0.0309966749962667,0.0633046779740883));
#4376=CARTESIAN_POINT('',(-0.000479985838071311,0.0337988487148449,0.0654025351981845));
#4377=CARTESIAN_POINT('',(-0.003998462803262,0.0347147406323276,0.0842233882647085));
#4378=CARTESIAN_POINT('',(0.00660813891453657,0.0241081389145289,0.0585270689189065));
#4379=CARTESIAN_POINT('',(0.00660813891453645,0.024108138914529,0.0663614568544595));
#4380=CARTESIAN_POINT('',(-0.0039984628032614,0.0347147406323269,0.0447089663959435));
#4381=CARTESIAN_POINT('',(-0.0039984628032614,0.0347147406323269,0.0444589663959435));
#4382=CARTESIAN_POINT('',(0.00625458552394362,0.0244616923051218,0.0444589663959437));
#4383=CARTESIAN_POINT('',(0.0102611415493231,0.0320858007693127,0.0444589663965023));
#4384=CARTESIAN_POINT('',(0.010752675107023,0.0319952233409127,0.0449597786213486));
#4385=CARTESIAN_POINT('',(0.0105889824682946,0.0320253838939388,0.0447927135582879));
#4386=CARTESIAN_POINT('',(0.0104251382601256,0.0320555784786579,0.0446258031488612));
#4387=CARTESIAN_POINT('',(0.0102611415509562,0.0320858007710624,0.0444590477391991));
#4388=CARTESIAN_POINT('',(0.00660813891453676,0.0241081389145287,0.0449589663959435));
#4389=CARTESIAN_POINT('',(0.00867735591668102,0.0306671432411335,0.0636776616590285));
#4390=CARTESIAN_POINT('',(0.00783244005785796,0.0287866526399604,0.0623609279645555));
#4391=CARTESIAN_POINT('',(0.00486891062689584,0.0256020802370592,0.0601310663620685));
#4392=CARTESIAN_POINT('',(-0.000585632468107871,0.0247052259973105,0.0595030822627215));
#4393=CARTESIAN_POINT('',(-0.0056037964246505,0.0264100298345255,0.0606967987607085));
#4394=CARTESIAN_POINT('',(-0.0078324464241504,0.0287862839759554,0.0623606698232395));
#4395=CARTESIAN_POINT('',(-0.008677355768831,0.0306671518037177,0.0636776676546145));
#4396=CARTESIAN_POINT('',(0.00855531348301662,0.0307979974599922,0.0635691627486365));
#4397=CARTESIAN_POINT('',(0.00773740727069243,0.0289284424887493,0.0622656488065095));
#4398=CARTESIAN_POINT('',(0.00482753460667527,0.0257436554533129,0.0600559980598625));
#4399=CARTESIAN_POINT('',(-0.000581692668829492,0.02484128689365,0.0594338068320305));
#4400=CARTESIAN_POINT('',(-0.0055490541105732,0.0265525811437093,0.0606165846697345));
#4401=CARTESIAN_POINT('',(-0.0077374147714436,0.0289280548361961,0.0622653933783705));
#4402=CARTESIAN_POINT('',(-0.008555313308807,0.0307980064636091,0.0635691686812055));
#4403=CARTESIAN_POINT('',(0.00843327104935223,0.0309288516788509,0.0634606638382435));
#4404=CARTESIAN_POINT('',(0.0076423744835269,0.0290702323375382,0.0621703696484625));
#4405=CARTESIAN_POINT('',(0.0047861585864547,0.0258852306695668,0.0599809297576565));
#4406=CARTESIAN_POINT('',(-0.000577752869551111,0.0249773477899893,0.0593645314013395));
#4407=CARTESIAN_POINT('',(-0.0054943117964959,0.0266951324528932,0.0605363705787605));
#4408=CARTESIAN_POINT('',(-0.0076423831187366,0.0290698256964367,0.0621701169335005));
#4409=CARTESIAN_POINT('',(-0.008433270848783,0.0309288611235005,0.0634606697077955));
#4410=CARTESIAN_POINT('',(0.00831122861568783,0.0310597058977096,0.0633521649278515));
#4411=CARTESIAN_POINT('',(0.00754734169636137,0.0292120221863271,0.0620750904904175));
#4412=CARTESIAN_POINT('',(0.00474478256623415,0.0260268058858206,0.0599058614554505));
#4413=CARTESIAN_POINT('',(-0.000573813070272732,0.0251134086863288,0.0592952559706475));
#4414=CARTESIAN_POINT('',(-0.0054395694824188,0.026837683762077,0.0604561564877855));
#4415=CARTESIAN_POINT('',(-0.0075473514660296,0.0292115965566773,0.0620748404886305));
#4416=CARTESIAN_POINT('',(-0.008311228388759,0.031059715783392,0.0633521707343865));
#4417=CARTESIAN_POINT('',(-0.0086382882079635,0.0305813877634884,0.0636176150271385));
#4418=CARTESIAN_POINT('',(-0.0077868606597863,0.0287379079534109,0.0623267965675855));
#4419=CARTESIAN_POINT('',(-0.0055729332296132,0.0263995447858535,0.0606894570505895));
#4420=CARTESIAN_POINT('',(-0.000585632468107871,0.0247052259973105,0.0595030822627215));
#4421=CARTESIAN_POINT('',(0.00483536357087326,0.0255965643177785,0.0601272040738085));
#4422=CARTESIAN_POINT('',(0.00778686065978639,0.0287379079534108,0.0623267965675855));
#4423=CARTESIAN_POINT('',(0.0086382882079635,0.0305813877634883,0.0636176150271385));
#4424=CARTESIAN_POINT('',(-0.0086382882079635,0.0305813877634884,0.0636176150271385));
#4425=CARTESIAN_POINT('',(0.0086382882079635,0.0305813877634883,0.0636176150271385));
#4426=CARTESIAN_POINT('',(0.0086382882079635,0.0305813877634883,0.0636176150271385));
#4427=CARTESIAN_POINT('',(-0.0082794746237981,0.0309715017423927,0.0632971489922295));
#4428=CARTESIAN_POINT('',(0.005,0.0224999999999922,0.0579589663959435));
#4429=CARTESIAN_POINT('',(0.005,0.0307263181600149,0.0637190963833025));
#4430=CARTESIAN_POINT('',(0.0087074795183883,0.0307263181600151,0.0637190963833025));
#4431=CARTESIAN_POINT('',(0.0086382882079635,0.0305813877634883,0.0636176150271385));
#4432=CARTESIAN_POINT('',(0.00866007127665735,0.0306285516677155,0.0636506395484105));
#4433=CARTESIAN_POINT('',(0.00868321933406927,0.0306765461237037,0.0636842456282855));
#4434=CARTESIAN_POINT('',(0.00870747951838849,0.030726318160015,0.0637190963833025));
#4435=CARTESIAN_POINT('',(-0.0087074795183885,0.0307263181600151,0.0637190963833025));
#4436=CARTESIAN_POINT('',(-0.0086832193340692,0.0306765461237038,0.0636842456282855));
#4437=CARTESIAN_POINT('',(-0.0086600712766573,0.0306285516677156,0.0636506395484095));
#4438=CARTESIAN_POINT('',(-0.0086382882079635,0.0305813877634884,0.0636176150271385));
#4439=CARTESIAN_POINT('',(-0.00870747951838855,0.0307263181600151,0.0637190963833025));
#4440=CARTESIAN_POINT('',(0.005,0.0307263181600149,0.0637190963833025));
#4441=CARTESIAN_POINT('',(-0.0099486533514594,0.0307263181427888,0.0637190963659907));
#4442=CARTESIAN_POINT('',(-0.00622134319059666,0.0243676809644458,0.0592667306862245));
#4443=CARTESIAN_POINT('',(-0.00806077113843884,0.0262071089123,0.0605547120013054));
#4444=CARTESIAN_POINT('',(-0.00929406664092696,0.0284109925395021,0.0620978879304088));
#4445=CARTESIAN_POINT('',(-0.00994865335050985,0.0307263181363533,0.0637190963667337));
#4446=CARTESIAN_POINT('',(-0.00622109798450276,0.0243678455002047,0.0592668458954025));
#4447=CARTESIAN_POINT('',(-0.0061417667106035,0.0242880925043209,0.0592110022464905));
#4448=CARTESIAN_POINT('',(-0.0060647140833038,0.0242107468035817,0.0591566213799295));
#4449=CARTESIAN_POINT('',(-0.000707476065547162,0.0188538138393973,0.0554058793605795));
#4450=CARTESIAN_POINT('',(-0.0045994078394287,0.0227457456132789,0.0581310393268495));
#4451=CARTESIAN_POINT('',(0.005,0.0227457456132789,0.0581310393268495));
#4452=CARTESIAN_POINT('',(0.00459940783942856,0.0227457456132789,0.0581310393268495));
#4453=CARTESIAN_POINT('',(0.00472307168068982,0.0228694094545401,0.0582176296807045));
#4454=CARTESIAN_POINT('',(0.00606471408006376,0.0242107467906063,0.0591566213915305));
#4455=CARTESIAN_POINT('',(0.00614176671060376,0.0242880925043207,0.0592110022464905));
#4456=CARTESIAN_POINT('',(0.005,0.0344999999999922,0.0444589663959435));
#4457=CARTESIAN_POINT('',(0.00105774790374453,0.0342097298837017,0.0444589663960275));
#4458=CARTESIAN_POINT('',(0.00918805435850486,0.0320857864376192,0.0444589663959435));
#4459=CARTESIAN_POINT('',(0.005,0.0320857864376191,0.0444589663959435));
#4460=CARTESIAN_POINT('',(0.0101464466094069,0.0283535533905852,0.0444589663959435));
#4461=CARTESIAN_POINT('',(0.00459289321881377,0.0227999999999922,0.0444589663959435));
#4462=CARTESIAN_POINT('',(0.005,0.0227999999999922,0.0444589663959435));
#4463=CARTESIAN_POINT('',(-0.00459289321881364,0.0227999999999923,0.0444589663959435));
#4464=CARTESIAN_POINT('',(-0.0051464466094068,0.0233535533905854,0.0444589663959435));
#4465=CARTESIAN_POINT('',(-0.00625458552394356,0.024461692305122,0.0444589663959435));
#4466=CARTESIAN_POINT('',(0.00399846280326152,0.0347147406323269,0.0444589663959435));
#4467=CARTESIAN_POINT('',(-0.0102612216196885,0.0320857864376192,0.0444589663959437));
#4468=CARTESIAN_POINT('',(0.005,0.0320857864376191,0.0444589663959435));
#4469=CARTESIAN_POINT('',(-0.0091880543585045,0.0320857864376192,0.0444589663959435));
#4470=CARTESIAN_POINT('',(-0.00105774790286807,0.0342097298839444,0.0444589663959275));
#4471=CARTESIAN_POINT('',(0.005,0.022649999999996,0.0446089663959435));
#4472=CARTESIAN_POINT('',(0.005,0.0225,0.0447589663959435));
#4473=CARTESIAN_POINT('',(0.00419754204526264,0.0225,0.0447589663959435));
#4474=CARTESIAN_POINT('',(-0.00419754204526202,0.0225,0.0447589663959435));
#4475=CARTESIAN_POINT('',(-0.0041975420452626,0.0225,0.0447589663959435));
#4476=CARTESIAN_POINT('',(-0.00460954144724164,0.0227598076211353,0.0444991587748015));
#4477=CARTESIAN_POINT('',(-0.0042593045989204,0.0236053541703223,0.0436536122255935));
#4478=CARTESIAN_POINT('',(0.00437500997609552,0.023326016679531,0.0439329497163915));
#4479=CARTESIAN_POINT('',(0.00460954144724186,0.0227598076211352,0.0444991587748017));
#4480=CARTESIAN_POINT('',(0.00419754204526269,0.0225,0.0447589663959435));
#4481=CARTESIAN_POINT('',(-0.0015543298027519,0.0226299038105687,0.0426143654990855));
#4482=CARTESIAN_POINT('',(-0.00142442599218419,0.0225000000000009,0.0427980772297945));
#4483=CARTESIAN_POINT('',(-0.0047000000000075,0.0224999999999996,0.0451142578230055));
#4484=CARTESIAN_POINT('',(-0.0047000000000076,0.0224999999999996,0.0451142578230055));
#4485=CARTESIAN_POINT('',(-0.0052121320343636,0.0227121320343556,0.0450263898573615));
#4486=CARTESIAN_POINT('',(-0.0052182921582216,0.0227182921582137,0.0450176781266555));
#4487=CARTESIAN_POINT('',(-0.005259807621143,0.022759807621135,0.0449589663959435));
#4488=CARTESIAN_POINT('',(-0.0016842336133197,0.0227598076211364,0.0424306537683765));
#4489=CARTESIAN_POINT('',(-0.004956066017186,0.022606066017178,0.0444589663959465));
#4490=CARTESIAN_POINT('',(-0.004700000000008,0.0225,0.0444589663959465));
#4491=CARTESIAN_POINT('',(-0.0047000000000006,0.0224999999999926,0.0572636895559999));
#4492=CARTESIAN_POINT('',(-0.0047000000000004,0.0224999999999926,0.0572636895559995));
#4493=CARTESIAN_POINT('',(-0.0051674492913639,0.022693623836197,0.0575592072095995));
#4494=CARTESIAN_POINT('',(-0.0040630007396712,0.0222361462671425,0.0577973549584155));
#4495=CARTESIAN_POINT('',(-0.0052121320343562,0.0227121320343484,0.0575495724514765));
#4496=CARTESIAN_POINT('',(-0.005212132034364,0.022712132034356,0.0444589663959475));
#4497=CARTESIAN_POINT('',(-0.0047319524085061,0.0225968119180947,0.0575856218078155));
#4498=CARTESIAN_POINT('',(-0.0045590688677511,0.0224999999999925,0.0573853438447105));
#4499=CARTESIAN_POINT('',(-0.00424208920050708,0.0224999999999924,0.0576589663959435));
#4500=CARTESIAN_POINT('',(-0.0042420892005068,0.0224999999999924,0.0576589663959435));
#4501=CARTESIAN_POINT('',(-0.0046209973863912,0.0226936238361967,0.0580309143246485));
#4502=CARTESIAN_POINT('',(-0.004904835949261,0.0226936238361968,0.0577858997709195));
#4503=CARTESIAN_POINT('',(0.005,0.0226228728066356,0.0578950028613965));
#4504=CARTESIAN_POINT('',(0.005,0.0224999999999923,0.0576589663959435));
#4505=CARTESIAN_POINT('',(0.00424208920050695,0.0224999999999923,0.0576589663959435));
#4506=CARTESIAN_POINT('',(0.0042420892005067,0.0224999999999924,0.0576589663959435));
#4507=CARTESIAN_POINT('',(0.00462099738639107,0.0226936238361967,0.0580309143246485));
#4508=CARTESIAN_POINT('',(0.00465360743095487,0.0226148962243415,0.0578796799893755));
#4509=CARTESIAN_POINT('',(-0.0048074533171332,0.0222434793994163,0.0571661949070375));
#4510=CARTESIAN_POINT('',(0.00805214648254739,0.0225968119180963,0.0547195705527695));
#4511=CARTESIAN_POINT('',(0.00822503002330235,0.0226936238361984,0.0549198485158735));
#4512=CARTESIAN_POINT('',(0.00516744929136379,0.0226936238361969,0.0575592072095995));
#4513=CARTESIAN_POINT('',(0.00787926294179243,0.0224999999999941,0.0545192925896645));
#4514=CARTESIAN_POINT('',(0.00470000000000029,0.0224999999999926,0.0572636895560003));
#4515=CARTESIAN_POINT('',(0.00470000000000029,0.0224999999999926,0.0572636895560005));
#4516=CARTESIAN_POINT('',(0.00495606601718602,0.0226060660171779,0.0444589663959415));
#4517=CARTESIAN_POINT('',(0.00521213203436401,0.0227121320343559,0.0444589663959415));
#4518=CARTESIAN_POINT('',(0.00521213203436381,0.0227121320343557,0.0450263898573615));
#4519=CARTESIAN_POINT('',(0.00521213203435581,0.0227121320343482,0.0575495724514765));
#4520=CARTESIAN_POINT('',(0.00614524324133157,0.02309863935148,0.0573483694773805));
#4521=CARTESIAN_POINT('',(0.00470000000000804,0.0225,0.0444589663959415));
#4522=CARTESIAN_POINT('',(0.00470000000000779,0.0224999999999996,0.0451142578230051));
#4523=CARTESIAN_POINT('',(0.00470000000000764,0.0224999999999996,0.0451142578230055));
#4524=CARTESIAN_POINT('',(0.00655432980274993,0.0226299038105666,0.0461498994050185));
#4525=CARTESIAN_POINT('',(0.00668423361331768,0.0227598076211343,0.0459661876743095));
#4526=CARTESIAN_POINT('',(0.00525980762114316,0.0227598076211351,0.0449589663959435));
#4527=CARTESIAN_POINT('',(0.00646829215822267,0.0239682921582145,0.0432499111736895));
#4528=CARTESIAN_POINT('',(0.00642442599218219,0.0224999999999989,0.0463336111357265));
#4529=CARTESIAN_POINT('',(0.0103232233047035,0.0281767766952886,0.0447089663959435));
#4530=CARTESIAN_POINT('',(0.0105000000000001,0.027999999999992,0.0449589663959435));
#4531=CARTESIAN_POINT('',(-0.0053232233047034,0.0231767766952887,0.0447089663959435));
#4532=CARTESIAN_POINT('',(-0.0055000000000001,0.0229999999999921,0.0449589663959435));
#4533=CARTESIAN_POINT('',(-0.00660813891453685,0.0241081389145288,0.0449589663959435));
#4534=CARTESIAN_POINT('',(-0.0066081389145368,0.0241081389145288,0.0449589663959435));
#4535=CARTESIAN_POINT('',(-0.0049999999999999,0.022499999999992,0.0444589663959435));
#4536=CARTESIAN_POINT('',(-0.00125114682274376,0.0187511468227359,0.0547760607475685));
#4537=CARTESIAN_POINT('',(-0.00660813891453665,0.0241081389145289,0.0585270689189061));
#4538=CARTESIAN_POINT('',(-0.0066081389145366,0.024108138914529,0.0663614568544595));
#4539=CARTESIAN_POINT('',(0.00500000000000009,0.0225,0.0444589663959435));
#4540=CARTESIAN_POINT('',(0.00905800088684234,0.0316370411707184,0.0638449983175158));
#4541=CARTESIAN_POINT('',(0.00904879233823735,0.0316064203741801,0.0638559277441979));
#4542=CARTESIAN_POINT('',(0.00903925320734827,0.0315753661850396,0.0638653122611958));
#4543=CARTESIAN_POINT('',(0.00898395818854384,0.0313990682296842,0.0639097257572247));
#4544=CARTESIAN_POINT('',(0.00893210331800371,0.0312502888880666,0.0639108063226015));
#4545=CARTESIAN_POINT('',(0.00883029381519746,0.0309869596194752,0.0638630429740798));
#4546=CARTESIAN_POINT('',(0.00877310647448501,0.0308546377444703,0.0638091790113614));
#4547=CARTESIAN_POINT('',(0.00871639378119105,0.0307369687862119,0.0637305446612248));
#4548=CARTESIAN_POINT('',(0.00871324412532059,0.0307304656422736,0.0637261036543967));
#4549=CARTESIAN_POINT('',(0.00871010844603301,0.0307240369903678,0.0637215949086781));
#4550=CARTESIAN_POINT('',(0.00905675982091512,0.031636848468644,0.063843866656949));
#4551=CARTESIAN_POINT('',(0.00904756139892024,0.0316062660947668,0.0638547873777377));
#4552=CARTESIAN_POINT('',(0.00903803275430816,0.0315752500640656,0.0638641656889217));
#4553=CARTESIAN_POINT('',(0.00898279821590195,0.0313991677680768,0.063908554208628));
#4554=CARTESIAN_POINT('',(0.00893099920743267,0.0312505561623369,0.0639096637598115));
#4555=CARTESIAN_POINT('',(0.00882929638001214,0.0309874976743454,0.0638620072748127));
#4556=CARTESIAN_POINT('',(0.00877216737667863,0.0308552964561919,0.0638082302356694));
#4557=CARTESIAN_POINT('',(0.00871551120676657,0.0307377190897636,0.0637297001465163));
#4558=CARTESIAN_POINT('',(0.00871236469642771,0.030731221127618,0.0637252649266793));
#4559=CARTESIAN_POINT('',(0.00870923213681818,0.0307247973802501,0.0637207620668862));
#4560=CARTESIAN_POINT('',(0.00905551875498791,0.0316366557665697,0.0638427349963833));
#4561=CARTESIAN_POINT('',(0.00904633045960313,0.0316061118153534,0.0638536470112776));
#4562=CARTESIAN_POINT('',(0.00903681230126806,0.0315751339430915,0.0638630191166466));
#4563=CARTESIAN_POINT('',(0.00898163824326005,0.0313992673064694,0.0639073826600302));
#4564=CARTESIAN_POINT('',(0.00892989509686165,0.0312508234366071,0.0639085211970215));
#4565=CARTESIAN_POINT('',(0.00882829894482682,0.0309880357292157,0.0638609715755446));
#4566=CARTESIAN_POINT('',(0.00877122827887224,0.0308559551679136,0.0638072814599775));
#4567=CARTESIAN_POINT('',(0.0087146286323421,0.0307384693933154,0.0637288556318069));
#4568=CARTESIAN_POINT('',(0.00871148526753483,0.0307319766129625,0.0637244261989619));
#4569=CARTESIAN_POINT('',(0.00870835582760334,0.0307255577701326,0.0637199292250944));
#4570=CARTESIAN_POINT('',(0.00905427768906068,0.0316364630644954,0.0638416033358165));
#4571=CARTESIAN_POINT('',(0.00904509952028602,0.03160595753594,0.0638525066448175));
#4572=CARTESIAN_POINT('',(0.00903559184822796,0.0315750178221175,0.0638618725443725));
#4573=CARTESIAN_POINT('',(0.00898047827061817,0.0313993668448619,0.0639062111114335));
#4574=CARTESIAN_POINT('',(0.00892879098629062,0.0312510907108773,0.0639073786342315));
#4575=CARTESIAN_POINT('',(0.00882730150964151,0.0309885737840859,0.0638599358762775));
#4576=CARTESIAN_POINT('',(0.00877028918106585,0.0308566138796352,0.0638063326842855));
#4577=CARTESIAN_POINT('',(0.00871374605791763,0.0307392196968671,0.0637280111170985));
#4578=CARTESIAN_POINT('',(0.00871060583864196,0.030732732098307,0.0637235874712445));
#4579=CARTESIAN_POINT('',(0.00870747951838849,0.030726318160015,0.0637190963833025));
#4580=CARTESIAN_POINT('',(0.008870548264871,0.0316079351350979,0.0636740704596895));
#4581=CARTESIAN_POINT('',(0.00886286925597457,0.0315831177599353,0.0636836849339725));
#4582=CARTESIAN_POINT('',(0.00885491398946887,0.0315578270837171,0.0636921321146665));
#4583=CARTESIAN_POINT('',(0.00880875402866087,0.0314141026708548,0.0637327731461795));
#4584=CARTESIAN_POINT('',(0.00876533665642128,0.0312906584297969,0.0637382317751395));
#4585=CARTESIAN_POINT('',(0.00867963957787303,0.0310682283047037,0.0637066092673705));
#4586=CARTESIAN_POINT('',(0.00863126361002941,0.030954130637341,0.0636658743832615));
#4587=CARTESIAN_POINT('',(0.00858308830053596,0.0308502958584953,0.0636029877821045));
#4588=CARTESIAN_POINT('',(0.0085804137508886,0.0308445753809928,0.0635994208519045));
#4589=CARTESIAN_POINT('',(0.00857774927285983,0.030838887518494,0.0635958011259615));
#4590=CARTESIAN_POINT('',(0.00868681884068131,0.0315794072057004,0.0635065375835615));
#4591=CARTESIAN_POINT('',(0.00868064200778236,0.0315602321410349,0.0635149053108525));
#4592=CARTESIAN_POINT('',(0.00867423265409261,0.0315406867298671,0.0635223451592845));
#4593=CARTESIAN_POINT('',(0.00863704744581787,0.0314286030632469,0.0635595585105915));
#4594=CARTESIAN_POINT('',(0.00860188102847666,0.0313301905557317,0.0635691037407725));
#4595=CARTESIAN_POINT('',(0.00853197917046181,0.0311478615216926,0.0635532984459885));
#4596=CARTESIAN_POINT('',(0.00849221779280445,0.0310513243454297,0.0635255188388455));
#4597=CARTESIAN_POINT('',(0.00845243183092673,0.0309613977886408,0.0634779547071245));
#4598=CARTESIAN_POINT('',(0.00845022051276953,0.0309563945421102,0.0634752635914575));
#4599=CARTESIAN_POINT('',(0.00844801902733116,0.0309514568769731,0.0634725058686205));
#4600=CARTESIAN_POINT('',(0.00850308941649163,0.031550879276303,0.0633390047074345));
#4601=CARTESIAN_POINT('',(0.00849841174336389,0.0315373923666568,0.0633460835985135));
#4602=CARTESIAN_POINT('',(0.00849355479545688,0.0315234959896791,0.0633526047312285));
#4603=CARTESIAN_POINT('',(0.00846532320323403,0.0314433388975932,0.0633861205374125));
#4604=CARTESIAN_POINT('',(0.00843842669865338,0.0313697582759141,0.0633999568810125));
#4605=CARTESIAN_POINT('',(0.00838431723863925,0.0312275160430663,0.0633999718365225));
#4606=CARTESIAN_POINT('',(0.00835319222248635,0.0311488411145973,0.0633850605341735));
#4607=CARTESIAN_POINT('',(0.00832177407349936,0.0310724739493545,0.0633529313724765));
#4608=CARTESIAN_POINT('',(0.00832002842505699,0.0310682378256518,0.0633510969717845));
#4609=CARTESIAN_POINT('',(0.0083182887818025,0.0310640262354521,0.0633492106112805));
#4610=CARTESIAN_POINT('',(0.00831829568602094,0.0310640202445328,0.0633492171730305));
#4611=CARTESIAN_POINT('',(0.00870747951838849,0.030726318160015,0.0637190963833025));
#4612=CARTESIAN_POINT('',(0.00883404986951844,0.0309859890689439,0.0639009199111882));
#4613=CARTESIAN_POINT('',(0.00896115515514789,0.0313269512013925,0.0639522292991282));
#4614=CARTESIAN_POINT('',(0.00905427768906068,0.0316364630644954,0.0638416033358165));
#4615=CARTESIAN_POINT('',(0.00905427768906145,0.0316364630644955,0.0638416033358171));
#4616=CARTESIAN_POINT('',(0.00905427768906068,0.0316364630644954,0.0638416033358165));
#4617=CARTESIAN_POINT('',(0.00870747951838849,0.030726318160015,0.0637190963833025));
#4618=CARTESIAN_POINT('',(0.00868321933406927,0.0306765461237037,0.0636842456282855));
#4619=CARTESIAN_POINT('',(0.00866007127665735,0.0306285516677155,0.0636506395484105));
#4620=CARTESIAN_POINT('',(0.0086382882079635,0.0305813877634883,0.0636176150271385));
#4621=CARTESIAN_POINT('',(0.00857697143757564,0.0308395624607065,0.063595061873514));
#4622=CARTESIAN_POINT('',(0.00855631962155557,0.0307955213079922,0.0635669890597051));
#4623=CARTESIAN_POINT('',(0.00853653810788185,0.0307531652825176,0.0635387409443284));
#4624=CARTESIAN_POINT('',(0.00851796442176169,0.0307122077576678,0.0635101506267622));
#4625=CARTESIAN_POINT('',(0.00844646335676279,0.0309528067613981,0.0634710273637256));
#4626=CARTESIAN_POINT('',(0.00842941990904186,0.0309144964922807,0.0634497324911248));
#4627=CARTESIAN_POINT('',(0.00841300493910635,0.0308777788973198,0.0634268423402473));
#4628=CARTESIAN_POINT('',(0.00839764063555989,0.0308430277518472,0.0634026862263848));
#4629=CARTESIAN_POINT('',(0.00831595527594993,0.0310660510620896,0.0633469928539381));
#4630=CARTESIAN_POINT('',(0.00830252019652816,0.031033471676569,0.0633324759225455));
#4631=CARTESIAN_POINT('',(0.00828947177033087,0.0310023925121219,0.0633149437361663));
#4632=CARTESIAN_POINT('',(0.00827731684935807,0.0309738477460267,0.0632952218260085));
#4633=CARTESIAN_POINT('',(-0.0087100984724283,0.0307240456446511,0.0637215854297925));
#4634=CARTESIAN_POINT('',(-0.0087132341162096,0.0307304742407364,0.0637260941085205));
#4635=CARTESIAN_POINT('',(-0.0087163837362859,0.0307369773256342,0.0637305350495705));
#4636=CARTESIAN_POINT('',(-0.0087730957859716,0.0308546452443189,0.0638091682092715));
#4637=CARTESIAN_POINT('',(-0.008830282462044,0.0309869657497551,0.0638630311766915));
#4638=CARTESIAN_POINT('',(-0.0089320907503101,0.0312502919353389,0.0639107933084045));
#4639=CARTESIAN_POINT('',(-0.0089839449856819,0.0313990693649332,0.0639097124182465));
#4640=CARTESIAN_POINT('',(-0.0090392393168858,0.0315753648635242,0.0638652992114275));
#4641=CARTESIAN_POINT('',(-0.009048778328454,0.0316064186182682,0.0638559147652585));
#4642=CARTESIAN_POINT('',(-0.0090579867618042,0.0316370389775036,0.0638449854376615));
#4643=CARTESIAN_POINT('',(-0.0087092254877484,0.0307248031497724,0.0637207557476295));
#4644=CARTESIAN_POINT('',(-0.008712358023687,0.0307312268599267,0.0637252585627625));
#4645=CARTESIAN_POINT('',(-0.0087155045101652,0.0307377247826902,0.0637296937387745));
#4646=CARTESIAN_POINT('',(-0.008772160250907,0.0308553014570252,0.0638082230330375));
#4647=CARTESIAN_POINT('',(-0.0088292888109203,0.030987501763357,0.0638619994066515));
#4648=CARTESIAN_POINT('',(-0.008930990828505,0.0312505581956261,0.0639096550802605));
#4649=CARTESIAN_POINT('',(-0.008982789413735,0.0313991685256978,0.0639085453142615));
#4650=CARTESIAN_POINT('',(-0.0090380234939907,0.031575249183089,0.0638641569890095));
#4651=CARTESIAN_POINT('',(-0.0090475520590647,0.0316062649241588,0.0638547787251115));
#4652=CARTESIAN_POINT('',(-0.009056750404223,0.0316368470065009,0.0638438580703795));
#4653=CARTESIAN_POINT('',(-0.0087083525030684,0.0307255606548938,0.0637199260654655));
#4654=CARTESIAN_POINT('',(-0.0087114819311645,0.0307319794791169,0.0637244230170035));
#4655=CARTESIAN_POINT('',(-0.0087146252840446,0.0307384722397463,0.0637288524279795));
#4656=CARTESIAN_POINT('',(-0.0087712247158424,0.0308559576697316,0.0638072778568025));
#4657=CARTESIAN_POINT('',(-0.0088282951597967,0.030988037776959,0.0638609676366115));
#4658=CARTESIAN_POINT('',(-0.0089298909066998,0.0312508244559133,0.0639085168521155));
#4659=CARTESIAN_POINT('',(-0.008981633841788,0.0313992676864624,0.0639073782102755));
#4660=CARTESIAN_POINT('',(-0.0090368076710956,0.0315751335026538,0.0638630147665925));
#4661=CARTESIAN_POINT('',(-0.0090463257896753,0.0316061112300495,0.0638536426849645));
#4662=CARTESIAN_POINT('',(-0.0090555140466418,0.0316366550354982,0.0638427307030985));
#4663=CARTESIAN_POINT('',(-0.0087074795183885,0.0307263181600151,0.0637190963833025));
#4664=CARTESIAN_POINT('',(-0.0087106058386419,0.0307327320983071,0.0637235874712445));
#4665=CARTESIAN_POINT('',(-0.0087137460579239,0.0307392196968024,0.0637280111171835));
#4666=CARTESIAN_POINT('',(-0.0087702891807778,0.0308566138824379,0.0638063326805685));
#4667=CARTESIAN_POINT('',(-0.008827301508673,0.0309885737905609,0.0638599358665715));
#4668=CARTESIAN_POINT('',(-0.0089287909848947,0.0312510907162005,0.0639073786239715));
#4669=CARTESIAN_POINT('',(-0.0089804782698411,0.031399366847227,0.0639062111062905));
#4670=CARTESIAN_POINT('',(-0.0090355918482005,0.0315750178222186,0.0638618725441745));
#4671=CARTESIAN_POINT('',(-0.009045099520286,0.0316059575359401,0.0638525066448175));
#4672=CARTESIAN_POINT('',(-0.0090542776890606,0.0316364630644955,0.0638416033358165));
#4673=CARTESIAN_POINT('',(-0.0085777492730372,0.0308388875183401,0.0635958011261305));
#4674=CARTESIAN_POINT('',(-0.0085804137510667,0.0308445753808399,0.0635994208520755));
#4675=CARTESIAN_POINT('',(-0.0085830883007211,0.0308502958582785,0.0636029877823605));
#4676=CARTESIAN_POINT('',(-0.0086312636099316,0.0309541306400101,0.0636658743797365));
#4677=CARTESIAN_POINT('',(-0.0086796395771066,0.0310682283110697,0.0637066092578745));
#4678=CARTESIAN_POINT('',(-0.008765336655249,0.0312906584350661,0.0637382317651105));
#4679=CARTESIAN_POINT('',(-0.0088087540281187,0.0314141026731998,0.0637327731412735));
#4680=CARTESIAN_POINT('',(-0.0088549139896886,0.0315578270838417,0.0636921321147005));
#4681=CARTESIAN_POINT('',(-0.0088628692562239,0.0315831177599667,0.0636836849342035));
#4682=CARTESIAN_POINT('',(-0.0088705482651224,0.031607935135137,0.0636740704599185));
#4683=CARTESIAN_POINT('',(-0.0084480190276862,0.0309514568766651,0.0634725058689585));
#4684=CARTESIAN_POINT('',(-0.0084502205131258,0.0309563945418043,0.0634752635917975));
#4685=CARTESIAN_POINT('',(-0.0084524318312933,0.0309613977883418,0.0634779547075225));
#4686=CARTESIAN_POINT('',(-0.0084922177927888,0.0310513243449305,0.0635255188368315));
#4687=CARTESIAN_POINT('',(-0.0085319791697582,0.0311478615205423,0.0635532984404835));
#4688=CARTESIAN_POINT('',(-0.0086018810276532,0.0313301905540566,0.0635691037357285));
#4689=CARTESIAN_POINT('',(-0.0086370474456228,0.0314286030623021,0.0635595585084225));
#4690=CARTESIAN_POINT('',(-0.0086742326545624,0.0315406867298833,0.0635223451596435));
#4691=CARTESIAN_POINT('',(-0.0086806420082809,0.0315602321410976,0.0635149053113145));
#4692=CARTESIAN_POINT('',(-0.008686818841184,0.0315794072057787,0.0635065375840205));
#4693=CARTESIAN_POINT('',(-0.008318288782335,0.0310640262349902,0.0633492106117875));
#4694=CARTESIAN_POINT('',(-0.0083200284255913,0.0310682378251927,0.0633510969722955));
#4695=CARTESIAN_POINT('',(-0.0083217740740447,0.0310724739489037,0.0633529313730455));
#4696=CARTESIAN_POINT('',(-0.0083531922226609,0.031148841113964,0.0633850605323535));
#4697=CARTESIAN_POINT('',(-0.0083843172381377,0.031227516041807,0.0633999718312265));
#4698=CARTESIAN_POINT('',(-0.0084384266980536,0.0313697582741852,0.0633999568762005));
#4699=CARTESIAN_POINT('',(-0.008465323203274,0.0314433388966277,0.0633861205354815));
#4700=CARTESIAN_POINT('',(-0.0084935547961738,0.031523495989719,0.0633526047318195));
#4701=CARTESIAN_POINT('',(-0.008498411744112,0.0315373923667507,0.0633460835992055));
#4702=CARTESIAN_POINT('',(-0.0085030894172458,0.0315508792764203,0.0633390047081215));
#4703=CARTESIAN_POINT('',(-0.0087074795183885,0.0307263181600151,0.0637190963833025));
#4704=CARTESIAN_POINT('',(-0.0085030991945358,0.031550880794554,0.0633390136235015));
#4705=CARTESIAN_POINT('',(-0.0090542776890606,0.0316364630644955,0.0638416033358165));
#4706=CARTESIAN_POINT('',(-0.0090542776890606,0.0316364630644954,0.0638416033358163));
#4707=CARTESIAN_POINT('',(-0.00896116253461822,0.0313269757285756,0.0639522205326037));
#4708=CARTESIAN_POINT('',(-0.0088340411727136,0.0309859712266417,0.0639009074178737));
#4709=CARTESIAN_POINT('',(-0.0087074795183885,0.0307263181600151,0.0637190963833025));
#4710=CARTESIAN_POINT('',(-0.0086382882079635,0.0305813877634884,0.0636176150271385));
#4711=CARTESIAN_POINT('',(-0.0086600712766573,0.0306285516677156,0.0636506395484095));
#4712=CARTESIAN_POINT('',(-0.0086832193340692,0.0306765461237038,0.0636842456282855));
#4713=CARTESIAN_POINT('',(-0.0087074795183885,0.0307263181600151,0.0637190963833025));
#4714=CARTESIAN_POINT('',(-0.00851796442176174,0.0307122077576678,0.0635101506267622));
#4715=CARTESIAN_POINT('',(-0.00853653810788184,0.0307531652825176,0.0635387409443285));
#4716=CARTESIAN_POINT('',(-0.00855631962155561,0.0307955213079922,0.0635669890597052));
#4717=CARTESIAN_POINT('',(-0.00857697143757562,0.0308395624607066,0.0635950618735141));
#4718=CARTESIAN_POINT('',(-0.00839764063555988,0.0308430277518472,0.0634026862263849));
#4719=CARTESIAN_POINT('',(-0.00841300493910638,0.0308777788973197,0.0634268423402474));
#4720=CARTESIAN_POINT('',(-0.00842941990904193,0.0309144964922807,0.0634497324911249));
#4721=CARTESIAN_POINT('',(-0.00844646335676284,0.030952806761398,0.0634710273637257));
#4722=CARTESIAN_POINT('',(-0.00827731684935813,0.0309738477460266,0.0632952218260086));
#4723=CARTESIAN_POINT('',(-0.00828947177033093,0.0310023925121218,0.0633149437361664));
#4724=CARTESIAN_POINT('',(-0.00830252019652824,0.031033471676569,0.0633324759225456));
#4725=CARTESIAN_POINT('',(-0.00831595527595006,0.0310660510620896,0.0633469928539383));
#4726=CARTESIAN_POINT('',(-0.009095382300218,0.0317622234755067,0.0637900020706025));
#4727=CARTESIAN_POINT('',(-0.0093107997767091,0.032469730017692,0.0634217139739435));
#4728=CARTESIAN_POINT('',(-0.0094422105415781,0.0332020418105002,0.0630405074035735));
#4729=CARTESIAN_POINT('',(-0.0094862820833314,0.0339394509922341,0.0626566405856375));
#4730=CARTESIAN_POINT('',(-0.0090942816985514,0.0317620300470314,0.0637889864411865));
#4731=CARTESIAN_POINT('',(-0.0093097113512549,0.0324694570217136,0.0634207342656635));
#4732=CARTESIAN_POINT('',(-0.0094411461259987,0.0332016951091062,0.0630395624573385));
#4733=CARTESIAN_POINT('',(-0.0094852499771779,0.0339390381359262,0.0626557287091885));
#4734=CARTESIAN_POINT('',(-0.0090931810968847,0.0317618366185561,0.0637879708117695));
#4735=CARTESIAN_POINT('',(-0.0093086229258008,0.0324691840257353,0.0634197545573825));
#4736=CARTESIAN_POINT('',(-0.0094400817104194,0.0332013484077123,0.0630386175111035));
#4737=CARTESIAN_POINT('',(-0.0094842178710244,0.0339386252796183,0.0626548168327385));
#4738=CARTESIAN_POINT('',(-0.009092080495218,0.0317616431900808,0.0637869551823535));
#4739=CARTESIAN_POINT('',(-0.0093075345003466,0.032468911029757,0.0634187748491025));
#4740=CARTESIAN_POINT('',(-0.0094390172948401,0.0332010017063183,0.0630376725648685));
#4741=CARTESIAN_POINT('',(-0.0094831857648709,0.0339382124233104,0.0626539049562885));
#4742=CARTESIAN_POINT('',(-0.0089086545996854,0.0317294064668611,0.0636176907328475));
#4743=CARTESIAN_POINT('',(-0.0091261378882076,0.0324234136138292,0.0632554970038005));
#4744=CARTESIAN_POINT('',(-0.0092616221601886,0.0331432205711521,0.0628801881500745));
#4745=CARTESIAN_POINT('',(-0.0093111753080218,0.0338694059329218,0.0625019319405435));
#4746=CARTESIAN_POINT('',(-0.0087252287041527,0.0316971697436414,0.0634484262833405));
#4747=CARTESIAN_POINT('',(-0.0089447412760685,0.0323779161979014,0.0630922191584975));
#4748=CARTESIAN_POINT('',(-0.009084227025537,0.0330854394359859,0.0627227037352815));
#4749=CARTESIAN_POINT('',(-0.0091391648511727,0.0338005994425331,0.0623499589247975));
#4750=CARTESIAN_POINT('',(-0.00854180280862,0.0316649330204218,0.0632791618338345));
#4751=CARTESIAN_POINT('',(-0.0087633446639295,0.0323324187819736,0.0629289413131955));
#4752=CARTESIAN_POINT('',(-0.0089068318908855,0.0330276583008197,0.0625652193204875));
#4753=CARTESIAN_POINT('',(-0.0089671543943236,0.0337317929521445,0.0621979859090515));
#4754=CARTESIAN_POINT('',(-0.0090920804900365,0.0317616431913363,0.0637869551816995));
#4755=CARTESIAN_POINT('',(-0.0090920804956011,0.0317616432004687,0.0637869551769455));
#4756=CARTESIAN_POINT('',(-0.00948319229115765,0.0339382090146032,0.0626538991118247));
#4757=CARTESIAN_POINT('',(-0.00931117057830354,0.0338694082644724,0.0625019362473925));
#4758=CARTESIAN_POINT('',(-0.00913917822984221,0.0338005921771947,0.0623499470863652));
#4759=CARTESIAN_POINT('',(-0.00896721523251401,0.0337317603715413,0.0621979318398975));
#4760=CARTESIAN_POINT('',(-0.0094831924784456,0.0339382121056958,0.0626539050949965));
#4761=CARTESIAN_POINT('',(-0.0022217194139791,0.0341081435679803,0.0625654444015275));
#4762=CARTESIAN_POINT('',(-0.00905759045999012,0.0316369774431564,0.0638446240715763));
#4763=CARTESIAN_POINT('',(-0.00907054590816226,0.0316800723551867,0.0638292592232807));
#4764=CARTESIAN_POINT('',(-0.00908308908570579,0.0317218309545434,0.0638110337725763));
#4765=CARTESIAN_POINT('',(-0.00909538785198823,0.0317622244512309,0.0637900071937364));
#4766=CARTESIAN_POINT('',(-0.00887276003817201,0.0316082785602889,0.0636760872555514));
#4767=CARTESIAN_POINT('',(-0.00888578151124571,0.0316496502094415,0.06365920883906));
#4768=CARTESIAN_POINT('',(-0.00889844418426606,0.0316901621171528,0.0636404081404334));
#4769=CARTESIAN_POINT('',(-0.00891085950420019,0.0317297939742985,0.0636197254071005));
#4770=CARTESIAN_POINT('',(-0.00868792961635391,0.0315795796774214,0.0635075504395264));
#4771=CARTESIAN_POINT('',(-0.00870101711432915,0.0316192280636964,0.0634891584548392));
#4772=CARTESIAN_POINT('',(-0.00871379928282633,0.0316584932797621,0.0634697825082904));
#4773=CARTESIAN_POINT('',(-0.00872633115641205,0.0316973634973662,0.0634494436204645));
#4774=CARTESIAN_POINT('',(-0.0085030991945358,0.031550880794554,0.0633390136235015));
#4775=CARTESIAN_POINT('',(-0.0085162527174127,0.0315888059179513,0.0633191080706195));
#4776=CARTESIAN_POINT('',(-0.0085291543813865,0.0316268244423716,0.0632991568761475));
#4777=CARTESIAN_POINT('',(-0.008541802808624,0.0316649330204338,0.0632791618338285));
#4778=CARTESIAN_POINT('',(-0.00897905132278805,0.0312967383662431,0.0628276017098201));
#4779=CARTESIAN_POINT('',(-0.00948763403085645,0.0339570924445024,0.062647809916202));
#4780=CARTESIAN_POINT('',(-0.00948774921853922,0.0339591279894347,0.0626467505076701));
#4781=CARTESIAN_POINT('',(-0.00948786440622198,0.0339611635343669,0.0626456910991382));
#4782=CARTESIAN_POINT('',(-0.00948797959390474,0.033963199079299,0.0626446316906062));
#4783=CARTESIAN_POINT('',(-0.00949305672469662,0.0340529198515652,0.0625979361104077));
#4784=CARTESIAN_POINT('',(-0.00949637510516911,0.034133804383427,0.0625380502873107));
#4785=CARTESIAN_POINT('',(-0.0095015417862173,0.0342949349413225,0.0623807695939397));
#4786=CARTESIAN_POINT('',(-0.00950267814608479,0.0343743226986876,0.0622651578049243));
#4787=CARTESIAN_POINT('',(-0.00950350801550337,0.0344783252091128,0.0620150927185321));
#4788=CARTESIAN_POINT('',(-0.00950340462283961,0.0345033128963129,0.0618806303603652));
#4789=CARTESIAN_POINT('',(-0.00950340484370764,0.0345033115425561,0.0617546419581445));
#4790=CARTESIAN_POINT('',(-0.00948649362827686,0.033956616148984,0.0626468134342847));
#4791=CARTESIAN_POINT('',(-0.00948660873792457,0.0339586492942527,0.0626457551985922));
#4792=CARTESIAN_POINT('',(-0.00948672384757229,0.0339606824395213,0.0626446969628998));
#4793=CARTESIAN_POINT('',(-0.00948683895722,0.0339627155847899,0.0626436387272073));
#4794=CARTESIAN_POINT('',(-0.00949191264845841,0.0340523305870159,0.0625969948422873));
#4795=CARTESIAN_POINT('',(-0.0094952301114452,0.0341331209300283,0.0625371770221103));
#4796=CARTESIAN_POINT('',(-0.00950039747216183,0.0342940645983604,0.062380074153727));
#4797=CARTESIAN_POINT('',(-0.00950153664318336,0.0343733624074672,0.0622645928364067));
#4798=CARTESIAN_POINT('',(-0.00950237137666318,0.0344772487321284,0.0620148060535613));
#4799=CARTESIAN_POINT('',(-0.00950226974855968,0.0345022085975394,0.061880491758861));
#4800=CARTESIAN_POINT('',(-0.00950226989580509,0.0345022076950348,0.0617546419581445));
#4801=CARTESIAN_POINT('',(-0.0094853532256973,0.0339561398534657,0.0626458169523674));
#4802=CARTESIAN_POINT('',(-0.00948546825730995,0.0339581705990708,0.0626447598895144));
#4803=CARTESIAN_POINT('',(-0.00948558328892259,0.0339602013446758,0.0626437028266614));
#4804=CARTESIAN_POINT('',(-0.00948569832053525,0.0339622320902808,0.0626426457638084));
#4805=CARTESIAN_POINT('',(-0.00949076857222011,0.0340517413224666,0.0625960535741679));
#4806=CARTESIAN_POINT('',(-0.0094940851177213,0.0341324374766296,0.0625363037569099));
#4807=CARTESIAN_POINT('',(-0.00949925315810637,0.0342931942553982,0.0623793787135152));
#4808=CARTESIAN_POINT('',(-0.00950039514028203,0.0343724021162467,0.0622640278678901));
#4809=CARTESIAN_POINT('',(-0.00950123473782299,0.0344761722551441,0.0620145193885914));
#4810=CARTESIAN_POINT('',(-0.00950113487427984,0.0345011042987658,0.0618803531573568));
#4811=CARTESIAN_POINT('',(-0.00950113494790245,0.0345011038475135,0.0617546419581445));
#4812=CARTESIAN_POINT('',(-0.00948421282311772,0.0339556635579473,0.0626448204704501));
#4813=CARTESIAN_POINT('',(-0.00948432777669531,0.0339576919038888,0.0626437645804366));
#4814=CARTESIAN_POINT('',(-0.0094844427302729,0.0339597202498303,0.062642708690423));
#4815=CARTESIAN_POINT('',(-0.0094845576838505,0.0339617485957717,0.0626416528004095));
#4816=CARTESIAN_POINT('',(-0.0094896244959819,0.0340511520579173,0.0625951123060475));
#4817=CARTESIAN_POINT('',(-0.0094929401239974,0.034131754023231,0.0625354304917095));
#4818=CARTESIAN_POINT('',(-0.0094981088440508,0.034292323912436,0.0623786832733025));
#4819=CARTESIAN_POINT('',(-0.0094992536373806,0.0343714418250263,0.0622634628993725));
#4820=CARTESIAN_POINT('',(-0.0095000980989829,0.0344750957781598,0.0620142327236215));
#4821=CARTESIAN_POINT('',(-0.0094999999999999,0.0344999999999923,0.0618802145558525));
#4822=CARTESIAN_POINT('',(-0.0094999999999999,0.0344999999999923,0.0617546419581445));
#4823=CARTESIAN_POINT('',(-0.00931209141355868,0.0338837760881592,0.0624944210630105));
#4824=CARTESIAN_POINT('',(-0.00931219458927429,0.0338854422519338,0.0624935421901192));
#4825=CARTESIAN_POINT('',(-0.00931229776498989,0.0338871084157084,0.0624926633172278));
#4826=CARTESIAN_POINT('',(-0.0093124009407055,0.033888774579483,0.0624917844443365));
#4827=CARTESIAN_POINT('',(-0.0093169486196767,0.0339622141278887,0.0624530463387385));
#4828=CARTESIAN_POINT('',(-0.0093201257712223,0.0340286001331499,0.0624036282318045));
#4829=CARTESIAN_POINT('',(-0.0093253970738928,0.0341609627070759,0.0622737202087245));
#4830=CARTESIAN_POINT('',(-0.0093269661558196,0.0342265046936952,0.0621781919789975));
#4831=CARTESIAN_POINT('',(-0.0093285447520959,0.0343126226838189,0.0619709662670105));
#4832=CARTESIAN_POINT('',(-0.0093287129788844,0.0343333277520697,0.0618592953763305));
#4833=CARTESIAN_POINT('',(-0.0093287018669836,0.0343333958597561,0.0617546419581445));
#4834=CARTESIAN_POINT('',(-0.00913996954134562,0.0338118794508156,0.0623440173774496));
#4835=CARTESIAN_POINT('',(-0.00914006109341725,0.0338131864882751,0.0623433169477202));
#4836=CARTESIAN_POINT('',(-0.00914015264548889,0.0338144935257347,0.0623426165179908));
#4837=CARTESIAN_POINT('',(-0.0091402441975605,0.0338158005631942,0.0623419160882615));
#4838=CARTESIAN_POINT('',(-0.0091442795408434,0.0338734108907264,0.0623110432270225));
#4839=CARTESIAN_POINT('',(-0.0091473106470137,0.0339254020921014,0.0622718119812915));
#4840=CARTESIAN_POINT('',(-0.0091526851707916,0.0340297237142458,0.0621687967610755));
#4841=CARTESIAN_POINT('',(-0.0091546774773995,0.0340816458020864,0.0620929253613365));
#4842=CARTESIAN_POINT('',(-0.0091569864299425,0.0341501386619852,0.0619277067906935));
#4843=CARTESIAN_POINT('',(-0.009157392621709,0.0341668598293973,0.0618383709912825));
#4844=CARTESIAN_POINT('',(-0.0091574037339673,0.03416679171952,0.0617546419581445));
#4845=CARTESIAN_POINT('',(-0.00896784813179673,0.0337399919812241,0.0621936179701018));
#4846=CARTESIAN_POINT('',(-0.00896792790600305,0.0337409368364512,0.0621930945574641));
#4847=CARTESIAN_POINT('',(-0.00896800768020939,0.0337418816916784,0.0621925711448262));
#4848=CARTESIAN_POINT('',(-0.0089680874544157,0.0337428265469055,0.0621920477321885));
#4849=CARTESIAN_POINT('',(-0.0089716036643925,0.0337844729578092,0.0621689772583655));
#4850=CARTESIAN_POINT('',(-0.0089744962942553,0.0338222482029671,0.0621400097216865));
#4851=CARTESIAN_POINT('',(-0.0089799734006366,0.033898362506265,0.0620638336956485));
#4852=CARTESIAN_POINT('',(-0.0089823899958642,0.0339367086690774,0.0620076544408695));
#4853=CARTESIAN_POINT('',(-0.0089854330831622,0.0339876655678785,0.0618844403339325));
#4854=CARTESIAN_POINT('',(-0.0089861056013084,0.0340001875770931,0.0618174518118725));
#4855=CARTESIAN_POINT('',(-0.0089861056009509,0.034000187579284,0.0617546419581445));
#4856=CARTESIAN_POINT('',(-0.00896806516894789,0.0337428765562194,0.0621921363811403));
#4857=CARTESIAN_POINT('',(-0.00914025211745429,0.0338158218023087,0.0623419551298355));
#4858=CARTESIAN_POINT('',(-0.00931244452346811,0.0338887640889186,0.0624917690471488));
#4859=CARTESIAN_POINT('',(-0.00948464238825163,0.0339617034465218,0.0626415781159664));
#4860=CARTESIAN_POINT('',(-0.00948464498026655,0.0339617442387271,0.0626416550685429));
#4861=CARTESIAN_POINT('',(-0.0089861111111111,0.0340001929384521,0.0617546419581445));
#4862=CARTESIAN_POINT('',(-0.0094999999999999,0.0344999999999923,0.0617546419581445));
#4863=CARTESIAN_POINT('',(-0.0094999999999999,0.0344999999999924,0.0617546419581445));
#4864=CARTESIAN_POINT('',(-0.0094999999999999,0.0344999999999924,0.0621219382229546));
#4865=CARTESIAN_POINT('',(-0.00950300033081944,0.0342871640983595,0.0624722524361823));
#4866=CARTESIAN_POINT('',(-0.00948455765759495,0.0339617481324946,0.0626416530415763));
#4867=CARTESIAN_POINT('',(-0.0092430555555554,0.0342500964692223,0.0444589663959435));
#4868=CARTESIAN_POINT('',(-0.008986111111111,0.0340001929384524,0.0468731799583165));
#4869=CARTESIAN_POINT('',(-0.0094999999999998,0.0344999999999923,0.0468731799583165));
#4870=CARTESIAN_POINT('',(-0.0094999999999998,0.0344999999999923,0.0444589663959435));
#4871=CARTESIAN_POINT('',(-0.00950340147348286,0.0345033082646838,0.0468731799583165));
#4872=CARTESIAN_POINT('',(-0.00950340125074156,0.0345033094657541,0.046747192011551));
#4873=CARTESIAN_POINT('',(-0.00950350411900696,0.0344783106518343,0.0466127316935979));
#4874=CARTESIAN_POINT('',(-0.00950268466976571,0.0343758225276409,0.0463663507831257));
#4875=CARTESIAN_POINT('',(-0.00950160469111603,0.0342995589409378,0.0462538389387077));
#4876=CARTESIAN_POINT('',(-0.00949879095436277,0.0342094177048095,0.0461637065481598));
#4877=CARTESIAN_POINT('',(-0.00950226764898848,0.0345022055097867,0.0468731799583165));
#4878=CARTESIAN_POINT('',(-0.00950226750049427,0.0345022063105001,0.0467473304612368));
#4879=CARTESIAN_POINT('',(-0.00950236860419167,0.0344772351647901,0.0466130180967117));
#4880=CARTESIAN_POINT('',(-0.00950154436972291,0.034374861596457,0.0463669110785116));
#4881=CARTESIAN_POINT('',(-0.00950046167075295,0.0342986839698832,0.0462545261003203));
#4882=CARTESIAN_POINT('',(-0.00949764742106451,0.034208647396699,0.0461644954242497));
#4883=CARTESIAN_POINT('',(-0.00950113382449419,0.0345011027548895,0.0468731799583165));
#4884=CARTESIAN_POINT('',(-0.00950113375024709,0.0345011031552463,0.0467474689109227));
#4885=CARTESIAN_POINT('',(-0.00950123308937639,0.0344761596777459,0.0466133044998256));
#4886=CARTESIAN_POINT('',(-0.0095004040696802,0.0343739006652731,0.0463674713738966));
#4887=CARTESIAN_POINT('',(-0.00949931865038998,0.0342978089988285,0.0462552132619339));
#4888=CARTESIAN_POINT('',(-0.00949650388776626,0.0342078770885887,0.0461652843003396));
#4889=CARTESIAN_POINT('',(-0.0094999999999998,0.0344999999999923,0.0468731799583165));
#4890=CARTESIAN_POINT('',(-0.0094999999999998,0.0344999999999923,0.0467476073606085));
#4891=CARTESIAN_POINT('',(-0.0095000975745611,0.0344750841907016,0.0466135909029395));
#4892=CARTESIAN_POINT('',(-0.0094992637696374,0.0343729397340892,0.0463680316692815));
#4893=CARTESIAN_POINT('',(-0.0094981756300269,0.0342969340277739,0.0462559004235475));
#4894=CARTESIAN_POINT('',(-0.009495360354468,0.0342071067804782,0.0461660731764295));
#4895=CARTESIAN_POINT('',(-0.0093287029498616,0.0343333969129606,0.0468731799583165));
#4896=CARTESIAN_POINT('',(-0.0093287141670381,0.0343333364274713,0.0467685241981935));
#4897=CARTESIAN_POINT('',(-0.0093285451524576,0.0343126007031271,0.0466568603937725));
#4898=CARTESIAN_POINT('',(-0.0093269884002385,0.0342277632292548,0.0464526805255705));
#4899=CARTESIAN_POINT('',(-0.0093254892774108,0.0341647442917443,0.0463597161004295));
#4900=CARTESIAN_POINT('',(-0.0093225965081226,0.034090729415486,0.0462852557728295));
#4901=CARTESIAN_POINT('',(-0.0091574058997233,0.034166793825929,0.0468731799583165));
#4902=CARTESIAN_POINT('',(-0.0091573946823986,0.0341668543122169,0.0467894528703495));
#4903=CARTESIAN_POINT('',(-0.0091569882871816,0.0341501472491461,0.0467001143085545));
#4904=CARTESIAN_POINT('',(-0.0091547122260293,0.0340826277557435,0.0465373356237615));
#4905=CARTESIAN_POINT('',(-0.0091528035799867,0.0340327884951214,0.0464634737683735));
#4906=CARTESIAN_POINT('',(-0.0091498326617771,0.0339743520504938,0.0464044383692305));
#4907=CARTESIAN_POINT('',(-0.0089861088495849,0.0340001907388974,0.0468731799583165));
#4908=CARTESIAN_POINT('',(-0.008986108849733,0.0340001907380989,0.0468103697078305));
#4909=CARTESIAN_POINT('',(-0.0089854358651173,0.0339876637613073,0.0467433837995245));
#4910=CARTESIAN_POINT('',(-0.0089824368566376,0.0339374512505479,0.0466219844799955));
#4911=CARTESIAN_POINT('',(-0.0089801172273647,0.0339005987570327,0.0465672894457655));
#4912=CARTESIAN_POINT('',(-0.0089770688154317,0.0338579746855016,0.0465236209656305));
#4913=CARTESIAN_POINT('',(-0.00949535824543421,0.0342071073242607,0.0461660726851783));
#4914=CARTESIAN_POINT('',(-0.0093226049261853,0.0340907328435188,0.046285252337575));
#4915=CARTESIAN_POINT('',(-0.00914983710066653,0.0339743692178626,0.0464044215624257));
#4916=CARTESIAN_POINT('',(-0.00897705477576267,0.033858016601538,0.0465235805129921));
#4917=CARTESIAN_POINT('',(-0.0094953589245433,0.0342071069276574,0.0461660733236089));
#4918=CARTESIAN_POINT('',(-0.00949536035837655,0.0342071069051886,0.0461660733011399));
#4919=CARTESIAN_POINT('',(-0.00950121748398116,0.0343939907280874,0.0463529571895887));
#4920=CARTESIAN_POINT('',(-0.0094999999999998,0.0344999999999923,0.0466088240286319));
#4921=CARTESIAN_POINT('',(-0.0094999999999998,0.0344999999999923,0.0468731799583165));
#4922=CARTESIAN_POINT('',(-0.0110380043941488,0.0330266687806406,0.0610803796297495));
#4923=CARTESIAN_POINT('',(-0.0129186493139947,0.0338563916831948,0.0626964981376455));
#4924=CARTESIAN_POINT('',(-0.0094982102071971,0.0342010379572178,0.0461557645856805));
#4925=CARTESIAN_POINT('',(-0.0094829605113663,0.0337293731453468,0.0456841054137645));
#4926=CARTESIAN_POINT('',(-0.009431559672283,0.033258828916763,0.0452135751083835));
#4927=CARTESIAN_POINT('',(-0.0093445313503017,0.0327946730945058,0.0447494410470875));
#4928=CARTESIAN_POINT('',(-0.0094971735881566,0.0342003482059472,0.0461564880902395));
#4929=CARTESIAN_POINT('',(-0.009481888752347,0.0337287113719388,0.0456848550162015));
#4930=CARTESIAN_POINT('',(-0.0094304550466695,0.033258199294512,0.0452143522209095));
#4931=CARTESIAN_POINT('',(-0.0093433973048143,0.0327940798024313,0.0447502472361365));
#4932=CARTESIAN_POINT('',(-0.0094961369691162,0.0341996584546765,0.0461572115947985));
#4933=CARTESIAN_POINT('',(-0.0094808169933276,0.0337280495985309,0.0456856046186375));
#4934=CARTESIAN_POINT('',(-0.009429350421056,0.0332575696722611,0.0452151293334355));
#4935=CARTESIAN_POINT('',(-0.0093422632593268,0.0327934865103567,0.0447510534251845));
#4936=CARTESIAN_POINT('',(-0.0094951003500757,0.0341989687034058,0.0461579350993575));
#4937=CARTESIAN_POINT('',(-0.0094797452343083,0.0337273878251229,0.0456863542210745));
#4938=CARTESIAN_POINT('',(-0.0094282457954425,0.0332569400500101,0.0452159064459615));
#4939=CARTESIAN_POINT('',(-0.0093411292138393,0.0327928932182822,0.0447518596142335));
#4940=CARTESIAN_POINT('',(-0.0093223311073321,0.0340840105557498,0.0462785187756245));
#4941=CARTESIAN_POINT('',(-0.0093011193486688,0.033617092638461,0.0458112875285695));
#4942=CARTESIAN_POINT('',(-0.0092441421630492,0.0331520033709887,0.0453454247524785));
#4943=CARTESIAN_POINT('',(-0.0091521222860677,0.0326940115477319,0.0448862239910995));
#4944=CARTESIAN_POINT('',(-0.0091495618645885,0.0339690524080938,0.0463991024518915));
#4945=CARTESIAN_POINT('',(-0.0091224934630293,0.0335067974517992,0.0459362208360645));
#4946=CARTESIAN_POINT('',(-0.0090600385306558,0.0330470666919674,0.0454749430589955));
#4947=CARTESIAN_POINT('',(-0.0089631153582961,0.0325951298771817,0.0450205883679645));
#4948=CARTESIAN_POINT('',(-0.0089767926218449,0.0338540942604378,0.0465196861281595));
#4949=CARTESIAN_POINT('',(-0.0089438675773898,0.0333965022651374,0.0460611541435595));
#4950=CARTESIAN_POINT('',(-0.0088759348982625,0.032942130012946,0.0456044613655125));
#4951=CARTESIAN_POINT('',(-0.0087741084305246,0.0324962482066314,0.0451549527448305));
#4952=CARTESIAN_POINT('',(-0.0087741084305246,0.0324962482066316,0.0451549527448305));
#4953=CARTESIAN_POINT('',(-0.0093411292138911,0.0327928932185747,0.0447518596144645));
#4954=CARTESIAN_POINT('',(-0.002246267205953,0.034270510629523,0.0462294770254705));
#4955=CARTESIAN_POINT('',(-0.00949506779724095,0.0341989696053598,0.0461579360013111));
#4956=CARTESIAN_POINT('',(-0.0089768043779154,0.0338540852747158,0.0465196944032774));
#4957=CARTESIAN_POINT('',(-0.00914955730271922,0.0339690477985067,0.0463991070815561));
#4958=CARTESIAN_POINT('',(-0.00932230654590888,0.03408401313633,0.0462785171683405));
#4959=CARTESIAN_POINT('',(-0.00949505210646099,0.03419898126855,0.0461579246439123));
#4960=CARTESIAN_POINT('',(-0.0085881621544727,0.0347403545492204,0.0456616003988525));
#4961=CARTESIAN_POINT('',(-0.0078274758528548,0.0342401857271672,0.0461991521231185));
#4962=CARTESIAN_POINT('',(-0.0093358510185067,0.0327454011462737,0.0447029067284417));
#4963=CARTESIAN_POINT('',(-0.00931675925633567,0.03264002535939,0.0446109553151064));
#4964=CARTESIAN_POINT('',(-0.00929090208431899,0.0325075362068515,0.0445367630759959));
#4965=CARTESIAN_POINT('',(-0.0092387151634774,0.0322740513009851,0.0444686765576085));
#4966=CARTESIAN_POINT('',(-0.00921549945353001,0.0321776508756838,0.0444555201129655));
#4967=CARTESIAN_POINT('',(-0.00919142865570467,0.0320853326388167,0.0444555598478904));
#4968=CARTESIAN_POINT('',(-0.00933457075646714,0.0327447410193283,0.0447038141835452));
#4969=CARTESIAN_POINT('',(-0.00931549818429018,0.0326395005728912,0.0446119683928605));
#4970=CARTESIAN_POINT('',(-0.00928966835501923,0.0325071809617435,0.0445378540009171));
#4971=CARTESIAN_POINT('',(-0.00923753824140594,0.032273982135134,0.0444698220183421));
#4972=CARTESIAN_POINT('',(-0.00921434804202874,0.0321776965213487,0.0444566688739582));
#4973=CARTESIAN_POINT('',(-0.00919030388997128,0.0320854839050842,0.0444566953639084));
#4974=CARTESIAN_POINT('',(-0.00933329049442757,0.0327440808923827,0.0447047216386479));
#4975=CARTESIAN_POINT('',(-0.00931423711224469,0.0326389757863923,0.0446129814706155));
#4976=CARTESIAN_POINT('',(-0.00928843462571956,0.0325068257166354,0.0445389449258383));
#4977=CARTESIAN_POINT('',(-0.00923636131933457,0.0322739129692829,0.0444709674790758));
#4978=CARTESIAN_POINT('',(-0.00921319663052747,0.0321777421670135,0.0444578176349508));
#4979=CARTESIAN_POINT('',(-0.00918917912423789,0.0320856351713517,0.0444578308799264));
#4980=CARTESIAN_POINT('',(-0.009332010232388,0.0327434207654372,0.0447056290937505));
#4981=CARTESIAN_POINT('',(-0.0093129760401992,0.0326384509998933,0.0446139945483705));
#4982=CARTESIAN_POINT('',(-0.0092872008964198,0.0325064704715273,0.0445400358507595));
#4983=CARTESIAN_POINT('',(-0.0092351843972631,0.0322738438034318,0.0444721129398095));
#4984=CARTESIAN_POINT('',(-0.0092120452190262,0.0321777878126784,0.0444589663959435));
#4985=CARTESIAN_POINT('',(-0.0091880543585045,0.0320857864376192,0.0444589663959435));
#4986=CARTESIAN_POINT('',(-0.0091425001131283,0.032645705819354,0.0448399546610485));
#4987=CARTESIAN_POINT('',(-0.0091263065097853,0.0325607697526793,0.0447639548535215));
#4988=CARTESIAN_POINT('',(-0.0091045787616545,0.0324538855000837,0.0447015194420045));
#4989=CARTESIAN_POINT('',(-0.009060971122778,0.0322636055644785,0.0446416691662005));
#4990=CARTESIAN_POINT('',(-0.0090416081333534,0.0321845444883643,0.0446290111414725));
#4991=CARTESIAN_POINT('',(-0.0090215614986947,0.0321081775478065,0.0446270505609475));
#4992=CARTESIAN_POINT('',(-0.0089529899938686,0.0325479908732706,0.0449742802283445));
#4993=CARTESIAN_POINT('',(-0.0089397007010983,0.0324832844129854,0.0449135998391445));
#4994=CARTESIAN_POINT('',(-0.0089219745965532,0.0324013209835377,0.0448628910996365));
#4995=CARTESIAN_POINT('',(-0.0088867554987545,0.0322533686233716,0.0448112493775015));
#4996=CARTESIAN_POINT('',(-0.008871195080887,0.0321913007773459,0.0447989193864355));
#4997=CARTESIAN_POINT('',(-0.0088550686388849,0.0321305686579937,0.0447951347259505));
#4998=CARTESIAN_POINT('',(-0.0087634798746088,0.0324502759271874,0.0451086057956415));
#4999=CARTESIAN_POINT('',(-0.0087530311699322,0.032405603163459,0.0450635601480165));
#5000=CARTESIAN_POINT('',(-0.0087393524615759,0.0323487360118527,0.0450243746922025));
#5001=CARTESIAN_POINT('',(-0.008712542224297,0.0322431303844029,0.0449808056036095));
#5002=CARTESIAN_POINT('',(-0.0087007579949306,0.0321980574530364,0.0449689641335765));
#5003=CARTESIAN_POINT('',(-0.0086885757790752,0.032152959768181,0.0449632188909535));
#5004=CARTESIAN_POINT('',(-0.00876234278956598,0.0324496896249673,0.0451094117662885));
#5005=CARTESIAN_POINT('',(-0.00875191112878256,0.0324051370659899,0.04506445992912));
#5006=CARTESIAN_POINT('',(-0.00873825670532297,0.0323484204952723,0.0450253436144874));
#5007=CARTESIAN_POINT('',(-0.00871149692228664,0.0322430689536548,0.0449818229627319));
#5008=CARTESIAN_POINT('',(-0.00869973535053597,0.0321980979939579,0.0449699844238878));
#5009=CARTESIAN_POINT('',(-0.00868757680054378,0.0321530941177165,0.0449642274175203));
#5010=CARTESIAN_POINT('',(-0.00876120570452314,0.0324491033227473,0.0451102177369356));
#5011=CARTESIAN_POINT('',(-0.00875079108763293,0.0324046709685209,0.0450653597102235));
#5012=CARTESIAN_POINT('',(-0.00873716094907004,0.0323481049786919,0.0450263125367723));
#5013=CARTESIAN_POINT('',(-0.00871045162027626,0.0322430075229068,0.0449828403218543));
#5014=CARTESIAN_POINT('',(-0.00869871270614135,0.0321981385348794,0.0449710047141992));
#5015=CARTESIAN_POINT('',(-0.00868657782201237,0.0321532284672519,0.0449652359440871));
#5016=CARTESIAN_POINT('',(-0.0087600686194803,0.0324485170205271,0.0451110237075827));
#5017=CARTESIAN_POINT('',(-0.00874967104648331,0.0324042048710519,0.045066259491327));
#5018=CARTESIAN_POINT('',(-0.00873606519281711,0.0323477894621115,0.0450272814590572));
#5019=CARTESIAN_POINT('',(-0.00870940631826589,0.0322429460921587,0.0449838576809768));
#5020=CARTESIAN_POINT('',(-0.00869769006174674,0.0321981790758009,0.0449720250045106));
#5021=CARTESIAN_POINT('',(-0.00868557884348094,0.0321533628167874,0.044966244470654));
#5022=CARTESIAN_POINT('',(-0.0086885787266657,0.0321529593717686,0.0449632159151905));
#5023=CARTESIAN_POINT('',(-0.0091880543585045,0.0320857864376192,0.0444589663959435));
#5024=CARTESIAN_POINT('',(-0.00925002703394338,0.0323234424129569,0.0444589663959435));
#5025=CARTESIAN_POINT('',(-0.00929875698055698,0.0325600357279356,0.0445455410488359));
#5026=CARTESIAN_POINT('',(-0.009332010232388,0.0327434207654372,0.0447056290937505));
#5027=CARTESIAN_POINT('',(-0.00933201023238795,0.0327434207654372,0.0447056290937505));
#5028=CARTESIAN_POINT('',(-0.009332010232388,0.0327434207654372,0.0447056290937505));
#5029=CARTESIAN_POINT('',(-0.0093445318059187,0.0327946733328686,0.0447494407231915));
#5030=CARTESIAN_POINT('',(-0.0093415389540805,0.0327787112896209,0.0447334794284145));
#5031=CARTESIAN_POINT('',(-0.0093385057897724,0.0327622137428655,0.0447180683907805));
#5032=CARTESIAN_POINT('',(-0.0093354218630252,0.0327451798657169,0.0447032109156475));
#5033=CARTESIAN_POINT('',(-0.0091543906807874,0.0326951982907896,0.0448846113970715));
#5034=CARTESIAN_POINT('',(-0.0091512281956692,0.0326794457252273,0.0448688177558265));
#5035=CARTESIAN_POINT('',(-0.0091480255013042,0.0326633394985222,0.0448533937815875));
#5036=CARTESIAN_POINT('',(-0.0091447756519159,0.0326468791295223,0.0448383417496115));
#5037=CARTESIAN_POINT('',(-0.008964249555656,0.0325957232487106,0.0450197820709515));
#5038=CARTESIAN_POINT('',(-0.0089609174372579,0.0325801801608337,0.0450041560832385));
#5039=CARTESIAN_POINT('',(-0.0089575452128359,0.0325644652541789,0.0449887191723955));
#5040=CARTESIAN_POINT('',(-0.0089541294408065,0.0325485783933277,0.0449734725835765));
#5041=CARTESIAN_POINT('',(-0.0087741084305246,0.0324962482066317,0.0451549527448305));
#5042=CARTESIAN_POINT('',(-0.0087706066788466,0.0324809145964402,0.0451394944106495));
#5043=CARTESIAN_POINT('',(-0.0087670649243676,0.0324655910098356,0.0451240445632035));
#5044=CARTESIAN_POINT('',(-0.0087634832296972,0.0324502776571333,0.0451086034175405));
#5045=CARTESIAN_POINT('',(-0.0092778699986272,0.0320611492467389,0.0454910397570285));
#5046=CARTESIAN_POINT('',(-0.0091910568963385,0.0320853826355849,0.0444559351604582));
#5047=CARTESIAN_POINT('',(-0.00917902693285855,0.0320392446516152,0.0444559524273943));
#5048=CARTESIAN_POINT('',(-0.00916687984267458,0.0319945091636633,0.0444559607059333));
#5049=CARTESIAN_POINT('',(-0.00915472490674461,0.0319508571977555,0.0444559607059333));
#5050=CARTESIAN_POINT('',(-0.00902256516796367,0.0321080425674282,0.0446260372988103));
#5051=CARTESIAN_POINT('',(-0.00901252678159473,0.0320698150862799,0.04462508560677));
#5052=CARTESIAN_POINT('',(-0.00900238050444698,0.0320325269007787,0.0446246293232137));
#5053=CARTESIAN_POINT('',(-0.00899223791663124,0.0319961018714649,0.0446246293232137));
#5054=CARTESIAN_POINT('',(-0.00885407343958893,0.0321307024992715,0.0447961394371604));
#5055=CARTESIAN_POINT('',(-0.00884602663033072,0.0321003855209447,0.0447942187861468));
#5056=CARTESIAN_POINT('',(-0.00883788116621959,0.0320705446378939,0.0447932979404941));
#5057=CARTESIAN_POINT('',(-0.00882975092651777,0.0320413465451742,0.0447932979404941));
#5058=CARTESIAN_POINT('',(-0.0086855817112141,0.0321533624311147,0.0449662415755115));
#5059=CARTESIAN_POINT('',(-0.0086795264790667,0.0321309559556094,0.0449633519655225));
#5060=CARTESIAN_POINT('',(-0.008673381827992,0.0321085623750093,0.0449619665577735));
#5061=CARTESIAN_POINT('',(-0.0086672639364042,0.0320865912188836,0.0449619665577735));
#5062=CARTESIAN_POINT('',(0.00919144394814377,0.0320853305821838,0.0444555444092898));
#5063=CARTESIAN_POINT('',(0.00921551510824789,0.0321776502550802,0.0444555044942849));
#5064=CARTESIAN_POINT('',(0.00923873116551382,0.0322740522423537,0.0444686609816546));
#5065=CARTESIAN_POINT('',(0.0092909188593467,0.0325075410397373,0.044536748238384));
#5066=CARTESIAN_POINT('',(0.00931677640201037,0.0326400324944448,0.0446109415411896));
#5067=CARTESIAN_POINT('',(0.00933586842509071,0.0327454101214322,0.0447028943905829));
#5068=CARTESIAN_POINT('',(0.00933606415296631,0.0327464904332975,0.044703837074121));
#5069=CARTESIAN_POINT('',(0.00933625988084191,0.0327475707451628,0.0447047797576591));
#5070=CARTESIAN_POINT('',(0.00933645560871751,0.0327486510570281,0.0447057224411972));
#5071=CARTESIAN_POINT('',(0.0091903140849308,0.0320854825339955,0.0444566850715074));
#5072=CARTESIAN_POINT('',(0.00921435847850744,0.0321776961076129,0.0444566584615044));
#5073=CARTESIAN_POINT('',(0.00923754890958838,0.0322739827630404,0.0444698116336582));
#5074=CARTESIAN_POINT('',(0.0092896795387405,0.0325071841846454,0.0445378441074165));
#5075=CARTESIAN_POINT('',(0.0093155096147401,0.0326395053295942,0.0446119592102499));
#5076=CARTESIAN_POINT('',(0.00933458236085659,0.0327447470027672,0.0447038059583054));
#5077=CARTESIAN_POINT('',(0.00933477789110833,0.0327458259208592,0.0447047475541123));
#5078=CARTESIAN_POINT('',(0.00933497342136008,0.0327469048389512,0.0447056891499192));
#5079=CARTESIAN_POINT('',(0.00933516895161183,0.0327479837570432,0.0447066307457261));
#5080=CARTESIAN_POINT('',(0.00918918422171781,0.0320856344858074,0.0444578257337259));
#5081=CARTESIAN_POINT('',(0.00921320184876699,0.0321777419601456,0.044457812428724));
#5082=CARTESIAN_POINT('',(0.00923636665366295,0.0322739132837272,0.0444709622856619));
#5083=CARTESIAN_POINT('',(0.00928844021813432,0.0325068273295535,0.04453893997645));
#5084=CARTESIAN_POINT('',(0.00931424282746982,0.0326389781647437,0.0446129768793102));
#5085=CARTESIAN_POINT('',(0.00933329629662246,0.0327440838841022,0.0447047175260279));
#5086=CARTESIAN_POINT('',(0.00933349162925036,0.032745161408421,0.0447056580341037));
#5087=CARTESIAN_POINT('',(0.00933368696187825,0.0327462389327397,0.0447065985421793));
#5088=CARTESIAN_POINT('',(0.00933388229450614,0.0327473164570585,0.044707539050255));
#5089=CARTESIAN_POINT('',(0.00918805435850484,0.0320857864376191,0.0444589663959435));
#5090=CARTESIAN_POINT('',(0.00921204521902654,0.0321777878126783,0.0444589663959435));
#5091=CARTESIAN_POINT('',(0.00923518439773751,0.032273843804414,0.0444721129376655));
#5092=CARTESIAN_POINT('',(0.00928720089752812,0.0325064704744616,0.0445400358454825));
#5093=CARTESIAN_POINT('',(0.00931297604019955,0.032638450999893,0.0446139945483705));
#5094=CARTESIAN_POINT('',(0.00933201023238833,0.0327434207654371,0.0447056290937505));
#5095=CARTESIAN_POINT('',(0.00933220536739237,0.0327444968959826,0.044706568514095));
#5096=CARTESIAN_POINT('',(0.00933240050239641,0.0327455730265281,0.0447075079344394));
#5097=CARTESIAN_POINT('',(0.00933259563740045,0.0327466491570736,0.0447084473547839));
#5098=CARTESIAN_POINT('',(0.00902156149862382,0.032108177547816,0.0446270505610195));
#5099=CARTESIAN_POINT('',(0.00904160813328076,0.0321845444883671,0.0446290111415465));
#5100=CARTESIAN_POINT('',(0.00906097112317787,0.0322636055654564,0.0446416691641285));
#5101=CARTESIAN_POINT('',(0.00910457876268479,0.0324538855029954,0.0447015194367955));
#5102=CARTESIAN_POINT('',(0.00912630650970577,0.0325607697526458,0.0447639548535835));
#5103=CARTESIAN_POINT('',(0.00914250011304758,0.032645705819312,0.0448399546611055));
#5104=CARTESIAN_POINT('',(0.0091426661268622,0.0326465765680965,0.0448407337970206));
#5105=CARTESIAN_POINT('',(0.00914283214067683,0.032647447316881,0.0448415129329355));
#5106=CARTESIAN_POINT('',(0.00914299815449145,0.0326483180656655,0.0448422920688505));
#5107=CARTESIAN_POINT('',(0.0088550686387428,0.0321305686580128,0.0447951347260945));
#5108=CARTESIAN_POINT('',(0.00887119508074167,0.0321913007773517,0.0447989193865815));
#5109=CARTESIAN_POINT('',(0.00888675549879518,0.0322533686239349,0.0448112493769855));
#5110=CARTESIAN_POINT('',(0.00892197459680339,0.0324013209848184,0.0448628910982075));
#5111=CARTESIAN_POINT('',(0.00893970070093913,0.0324832844129195,0.0449135998392735));
#5112=CARTESIAN_POINT('',(0.00895298999370683,0.0325479908731869,0.0449742802284595));
#5113=CARTESIAN_POINT('',(0.00895312623306872,0.0325486542318028,0.0449749023125423));
#5114=CARTESIAN_POINT('',(0.00895326247243061,0.0325493175904187,0.044975524396625));
#5115=CARTESIAN_POINT('',(0.0089533987117925,0.0325499809490347,0.0449761464807078));
#5116=CARTESIAN_POINT('',(0.00868857577886178,0.0321529597682096,0.0449632188911695));
#5117=CARTESIAN_POINT('',(0.00870075799471221,0.0321980574530449,0.0449689641337955));
#5118=CARTESIAN_POINT('',(0.00871254222426326,0.0322431303849618,0.0449808056031645));
#5119=CARTESIAN_POINT('',(0.00873935246174796,0.032348736013111,0.0450243746908425));
#5120=CARTESIAN_POINT('',(0.0087530311696932,0.0324056031633598,0.0450635601482085));
#5121=CARTESIAN_POINT('',(0.00876347987436608,0.0324502759270619,0.0451086057958125));
#5122=CARTESIAN_POINT('',(0.00876358699254627,0.0324507339039405,0.0451090675954276));
#5123=CARTESIAN_POINT('',(0.00876369411072645,0.0324511918808191,0.0451095293950428));
#5124=CARTESIAN_POINT('',(0.00876380122890663,0.0324516498576977,0.0451099911946579));
#5125=CARTESIAN_POINT('',(0.00868746705788602,0.0321531088766673,0.0449643382090768));
#5126=CARTESIAN_POINT('',(0.00869962300806796,0.0321981024475754,0.0449700965077495));
#5127=CARTESIAN_POINT('',(0.00871138209095864,0.0322430622057599,0.0449819347239247));
#5128=CARTESIAN_POINT('',(0.00873813633156725,0.0323483858355648,0.0450254500537532));
#5129=CARTESIAN_POINT('',(0.00875178808680678,0.0324050858629129,0.0450645587744569));
#5130=CARTESIAN_POINT('',(0.00876221787523541,0.0324496252168123,0.0451095003060889));
#5131=CARTESIAN_POINT('',(0.00876232479948977,0.0324500818259983,0.0451099610383264));
#5132=CARTESIAN_POINT('',(0.00876243172374413,0.0324505384351844,0.0451104217705639));
#5133=CARTESIAN_POINT('',(0.00876253864799849,0.0324509950443705,0.0451108825028014));
#5134=CARTESIAN_POINT('',(0.00868635833691026,0.0321532579851249,0.0449654575269842));
#5135=CARTESIAN_POINT('',(0.00869848802142371,0.032198147442106,0.0449712288817034));
#5136=CARTESIAN_POINT('',(0.00871022195765402,0.032242994026558,0.044983063844685));
#5137=CARTESIAN_POINT('',(0.00873692020138654,0.0323480356580185,0.0450265254166637));
#5138=CARTESIAN_POINT('',(0.00875054500392037,0.0324045685624661,0.0450655574007052));
#5139=CARTESIAN_POINT('',(0.00876095587610474,0.0324489745065627,0.0451103948163652));
#5140=CARTESIAN_POINT('',(0.00876106260643328,0.0324494297480562,0.0451108544812251));
#5141=CARTESIAN_POINT('',(0.00876116933676182,0.0324498849895497,0.045111314146085));
#5142=CARTESIAN_POINT('',(0.00876127606709036,0.0324503402310433,0.0451117738109449));
#5143=CARTESIAN_POINT('',(0.0086852496159345,0.0321534070935825,0.0449665768448915));
#5144=CARTESIAN_POINT('',(0.00869735303477945,0.0321981924366365,0.0449723612556574));
#5145=CARTESIAN_POINT('',(0.0087090618243494,0.0322429258473562,0.0449841929654454));
#5146=CARTESIAN_POINT('',(0.00873570407120583,0.0323476854804723,0.0450276007795743));
#5147=CARTESIAN_POINT('',(0.00874930192103396,0.0324040512620193,0.0450665560269536));
#5148=CARTESIAN_POINT('',(0.00875969387697407,0.032448323796313,0.0451112893266416));
#5149=CARTESIAN_POINT('',(0.00875980041337679,0.032448777670114,0.0451117479241239));
#5150=CARTESIAN_POINT('',(0.0087599069497795,0.0324492315439151,0.0451122065216062));
#5151=CARTESIAN_POINT('',(0.00876001348618222,0.0324496854177161,0.0451126651190885));
#5152=CARTESIAN_POINT('',(0.00918805435850486,0.0320857864376192,0.0444589663959435));
#5153=CARTESIAN_POINT('',(0.00933197102429757,0.0327434332026896,0.0447056218180914));
#5154=CARTESIAN_POINT('',(0.00914237362291437,0.0326456251193899,0.0448400510563347));
#5155=CARTESIAN_POINT('',(0.00895293460433213,0.0325476793973589,0.0449746035325182));
#5156=CARTESIAN_POINT('',(0.00876365336452999,0.0324495903016256,0.0451092733413912));
#5157=CARTESIAN_POINT('',(0.00933198284011745,0.0327434231049321,0.0447056311360527));
#5158=CARTESIAN_POINT('',(0.00933201014705391,0.0327434202948349,0.0447056286829331));
#5159=CARTESIAN_POINT('',(0.00929876223528955,0.0325600647013309,0.0445455665433167));
#5160=CARTESIAN_POINT('',(0.00925001684981887,0.0323234033583556,0.0444589663959435));
#5161=CARTESIAN_POINT('',(0.00918805435850484,0.0320857864376191,0.0444589663959435));
#5162=CARTESIAN_POINT('',(0.00915472490674504,0.0319508571977554,0.0444559607059333));
#5163=CARTESIAN_POINT('',(0.00916687984267496,0.0319945091636633,0.0444559607059333));
#5164=CARTESIAN_POINT('',(0.00917902693285897,0.0320392446516152,0.0444559524273943));
#5165=CARTESIAN_POINT('',(0.00919105689633884,0.0320853826355849,0.0444559351604582));
#5166=CARTESIAN_POINT('',(0.00899223791663157,0.0319961018714648,0.0446246293232137));
#5167=CARTESIAN_POINT('',(0.00900238050444742,0.0320325269007786,0.0446246293232137));
#5168=CARTESIAN_POINT('',(0.00901252678159501,0.0320698150862798,0.0446250856067701));
#5169=CARTESIAN_POINT('',(0.00902256516796403,0.0321080425674281,0.0446260372988103));
#5170=CARTESIAN_POINT('',(0.00882975092651809,0.0320413465451741,0.0447932979404941));
#5171=CARTESIAN_POINT('',(0.00883788116621988,0.0320705446378939,0.0447932979404941));
#5172=CARTESIAN_POINT('',(0.00884602663033105,0.0321003855209446,0.0447942187861468));
#5173=CARTESIAN_POINT('',(0.00885407343958924,0.0321307024992714,0.0447961394371604));
#5174=CARTESIAN_POINT('',(0.00866726393640461,0.0320865912188835,0.0449619665577735));
#5175=CARTESIAN_POINT('',(0.00867338182799233,0.0321085623750094,0.0449619665577735));
#5176=CARTESIAN_POINT('',(0.00867952647906709,0.0321309559556093,0.0449633519655225));
#5177=CARTESIAN_POINT('',(0.00868558171121444,0.0321533624311146,0.0449662415755115));
#5178=CARTESIAN_POINT('',(0.00934453135030208,0.0327946730945058,0.0447494410470875));
#5179=CARTESIAN_POINT('',(0.00943155967228334,0.0332588289167629,0.0452135751083835));
#5180=CARTESIAN_POINT('',(0.00948296051136666,0.0337293731453468,0.0456841054137645));
#5181=CARTESIAN_POINT('',(0.00949821020719744,0.0342010379572178,0.0461557645856805));
#5182=CARTESIAN_POINT('',(0.00934339730481459,0.0327940798024312,0.0447502472361365));
#5183=CARTESIAN_POINT('',(0.00943045504666983,0.033258199294512,0.0452143522209095));
#5184=CARTESIAN_POINT('',(0.00948188875234731,0.0337287113719388,0.0456848550162015));
#5185=CARTESIAN_POINT('',(0.00949717358815696,0.0342003482059471,0.0461564880902395));
#5186=CARTESIAN_POINT('',(0.0093422632593271,0.0327934865103567,0.0447510534251845));
#5187=CARTESIAN_POINT('',(0.00942935042105633,0.033257569672261,0.0452151293334355));
#5188=CARTESIAN_POINT('',(0.00948081699332796,0.0337280495985308,0.0456856046186375));
#5189=CARTESIAN_POINT('',(0.00949613696911648,0.0341996584546764,0.0461572115947985));
#5190=CARTESIAN_POINT('',(0.00934112921383961,0.0327928932182821,0.0447518596142335));
#5191=CARTESIAN_POINT('',(0.00942824579544283,0.03325694005001,0.0452159064459615));
#5192=CARTESIAN_POINT('',(0.00947974523430862,0.0337273878251228,0.0456863542210745));
#5193=CARTESIAN_POINT('',(0.00949510035007601,0.0341989687034057,0.0461579350993575));
#5194=CARTESIAN_POINT('',(0.00915212228606804,0.0326940115477318,0.0448862239910995));
#5195=CARTESIAN_POINT('',(0.00924414216304948,0.0331520033709886,0.0453454247524785));
#5196=CARTESIAN_POINT('',(0.0093011193486691,0.0336170926384609,0.0458112875285695));
#5197=CARTESIAN_POINT('',(0.0093223311073324,0.0340840105557497,0.0462785187756245));
#5198=CARTESIAN_POINT('',(0.00896311535829647,0.0325951298771816,0.0450205883679645));
#5199=CARTESIAN_POINT('',(0.00906003853065613,0.0330470666919673,0.0454749430589955));
#5200=CARTESIAN_POINT('',(0.00912249346302959,0.0335067974517991,0.0459362208360645));
#5201=CARTESIAN_POINT('',(0.00914956186458879,0.0339690524080937,0.0463991024518915));
#5202=CARTESIAN_POINT('',(0.0087741084305249,0.0324962482066313,0.0451549527448305));
#5203=CARTESIAN_POINT('',(0.00887593489826278,0.0329421300129459,0.0456044613655125));
#5204=CARTESIAN_POINT('',(0.00894386757739008,0.0333965022651373,0.0460611541435595));
#5205=CARTESIAN_POINT('',(0.00897679262184518,0.0338540942604377,0.0465196861281595));
#5206=CARTESIAN_POINT('',(0.00877293930348242,0.0324956365611408,0.0451557838732361));
#5207=CARTESIAN_POINT('',(0.0088747961011944,0.0329414809134095,0.045605262517917));
#5208=CARTESIAN_POINT('',(0.00894276266363982,0.0333958200198519,0.0460619269348535));
#5209=CARTESIAN_POINT('',(0.00897572393512464,0.0338533831717979,0.0465204320142414));
#5210=CARTESIAN_POINT('',(0.00877177017643994,0.0324950249156503,0.0451566150016418));
#5211=CARTESIAN_POINT('',(0.00887365730412602,0.0329408318138731,0.0456060636703215));
#5212=CARTESIAN_POINT('',(0.00894165774988957,0.0333951377745665,0.0460626997261476));
#5213=CARTESIAN_POINT('',(0.00897465524840409,0.0338526720831581,0.0465211779003232));
#5214=CARTESIAN_POINT('',(0.00877060104939746,0.0324944132701598,0.0451574461300474));
#5215=CARTESIAN_POINT('',(0.00887251850705764,0.0329401827143367,0.0456068648227259));
#5216=CARTESIAN_POINT('',(0.00894055283613931,0.0333944555292811,0.0460634725174416));
#5217=CARTESIAN_POINT('',(0.00897358656168355,0.0338519609945184,0.0465219237864051));
#5218=CARTESIAN_POINT('',(0.00877426099501224,0.0324959455920738,0.0451552031103728));
#5219=CARTESIAN_POINT('',(0.00896322950290474,0.0325950099134566,0.0450206789006609));
#5220=CARTESIAN_POINT('',(0.00915233901748026,0.0326939374323675,0.0448862520234797));
#5221=CARTESIAN_POINT('',(0.00934159029671637,0.0327927328315355,0.0447519277064128));
#5222=CARTESIAN_POINT('',(0.00934145272482978,0.0327928627847767,0.0447518291837675));
#5223=CARTESIAN_POINT('',(0.00949510254214571,0.0341989670628618,0.0461579366762435));
#5224=CARTESIAN_POINT('',(0.00932232927836582,0.0340840118700695,0.046278517405672));
#5225=CARTESIAN_POINT('',(0.00914956885669692,0.0339690470662481,0.0463991073731913));
#5226=CARTESIAN_POINT('',(0.00897682127445095,0.0338540725207112,0.0465197064446776));
#5227=CARTESIAN_POINT('',(0.00949510203546224,0.0341989682556251,0.0461579354559529));
#5228=CARTESIAN_POINT('',(0.00224626720617855,0.0342705106295094,0.0462294770254595));
#5229=CARTESIAN_POINT('',(0.0100471847074773,0.0319632415277234,0.0454202360279985));
#5230=CARTESIAN_POINT('',(0.00934177565893977,0.032792829106756,0.0447517955028721));
#5231=CARTESIAN_POINT('',(0.00933844993974752,0.0327768872930461,0.0447358565797253));
#5232=CARTESIAN_POINT('',(0.00933518031980696,0.0327604195386109,0.0447204685750827));
#5233=CARTESIAN_POINT('',(0.00933195555636233,0.0327434260432555,0.0447056337011145));
#5234=CARTESIAN_POINT('',(0.00949881171090495,0.0342094316868531,0.0461636922290845));
#5235=CARTESIAN_POINT('',(0.0095016254383478,0.034299574822743,0.0462538264658755));
#5236=CARTESIAN_POINT('',(0.00950270536764281,0.0343758399750525,0.0463663406115055));
#5237=CARTESIAN_POINT('',(0.00950352472980428,0.0344783301786454,0.0466127264939005));
#5238=CARTESIAN_POINT('',(0.00950342182970928,0.0345033294893844,0.0467471894985175));
#5239=CARTESIAN_POINT('',(0.00950342205379826,0.0345033282810472,0.0468731799583165));
#5240=CARTESIAN_POINT('',(0.00949766125875942,0.0342086567180614,0.0461644858781995));
#5241=CARTESIAN_POINT('',(0.00950047550224096,0.0342986945577533,0.0462545177850995));
#5242=CARTESIAN_POINT('',(0.00950155816831529,0.0343748732298394,0.0463669042969085));
#5243=CARTESIAN_POINT('',(0.00950238234465684,0.0344772481844617,0.0466130146298715));
#5244=CARTESIAN_POINT('',(0.00950228121980624,0.034502219659587,0.0467473287858815));
#5245=CARTESIAN_POINT('',(0.00950228136919889,0.0345022188540289,0.0468731799583165));
#5246=CARTESIAN_POINT('',(0.0094965108066139,0.0342078817492698,0.0461652795273145));
#5247=CARTESIAN_POINT('',(0.00949932556613411,0.0342978142927636,0.0462552091043235));
#5248=CARTESIAN_POINT('',(0.00950041096898778,0.0343739064846262,0.0463674679823115));
#5249=CARTESIAN_POINT('',(0.00950123995950941,0.0344761661902781,0.0466133027658415));
#5250=CARTESIAN_POINT('',(0.0095011406099032,0.0345011098297896,0.0467474680732445));
#5251=CARTESIAN_POINT('',(0.00950114068459952,0.0345011094270105,0.0468731799583165));
#5252=CARTESIAN_POINT('',(0.00949536035446837,0.0342071067804781,0.0461660731764295));
#5253=CARTESIAN_POINT('',(0.00949817563002726,0.0342969340277738,0.0462559004235475));
#5254=CARTESIAN_POINT('',(0.00949926376966027,0.034372939739413,0.0463680316677145));
#5255=CARTESIAN_POINT('',(0.00950009757436197,0.0344750841960944,0.0466135909018125));
#5256=CARTESIAN_POINT('',(0.00950000000000016,0.0344999999999922,0.0467476073606085));
#5257=CARTESIAN_POINT('',(0.00950000000000016,0.0344999999999922,0.0468731799583165));
#5258=CARTESIAN_POINT('',(0.00932259650812683,0.0340907294154885,0.0462852557728275));
#5259=CARTESIAN_POINT('',(0.00932548927741495,0.0341647442917471,0.0463597161004265));
#5260=CARTESIAN_POINT('',(0.00932698840026534,0.0342277632345819,0.0464526805240015));
#5261=CARTESIAN_POINT('',(0.00932854515226243,0.0343126007085236,0.0466568603926445));
#5262=CARTESIAN_POINT('',(0.00932871416704229,0.034333336427475,0.0467685241981925));
#5263=CARTESIAN_POINT('',(0.00932870294986573,0.0343333969129644,0.0468731799583165));
#5264=CARTESIAN_POINT('',(0.00914983266178529,0.033974352050499,0.0464044383692245));
#5265=CARTESIAN_POINT('',(0.00915280357999483,0.0340327884951276,0.0464634737683685));
#5266=CARTESIAN_POINT('',(0.00915471222618262,0.0340826277581885,0.0465373356226075));
#5267=CARTESIAN_POINT('',(0.00915698828729666,0.0341501472519075,0.0467001143076595));
#5268=CARTESIAN_POINT('',(0.00915739468240666,0.0341668543122243,0.0467894528703485));
#5269=CARTESIAN_POINT('',(0.00915740589973131,0.0341667938259365,0.0468731799583165));
#5270=CARTESIAN_POINT('',(0.00897706881544375,0.0338579746855095,0.0465236209656225));
#5271=CARTESIAN_POINT('',(0.00898011722737675,0.0339005987570419,0.0465672894457595));
#5272=CARTESIAN_POINT('',(0.00898243685679477,0.0339374512529963,0.0466219844788385));
#5273=CARTESIAN_POINT('',(0.00898543586523622,0.0339876637640724,0.0467433837986285));
#5274=CARTESIAN_POINT('',(0.00898610884974498,0.0340001907381101,0.0468103697078285));
#5275=CARTESIAN_POINT('',(0.00898610884959688,0.0340001907389087,0.0468731799583165));
#5276=CARTESIAN_POINT('',(0.00897603128485494,0.0338572757830564,0.0465243367148495));
#5277=CARTESIAN_POINT('',(0.00897908016217529,0.0338998048936284,0.0465679129091935));
#5278=CARTESIAN_POINT('',(0.00898140225974671,0.0339365793977552,0.0466224928362265));
#5279=CARTESIAN_POINT('',(0.00898440560983707,0.0339866879720165,0.0467436436528825));
#5280=CARTESIAN_POINT('',(0.00898508019534431,0.0339991898426112,0.0468104953235705));
#5281=CARTESIAN_POINT('',(0.00898508012782985,0.033999190206664,0.0468731799583165));
#5282=CARTESIAN_POINT('',(0.00897499375426613,0.0338565768806032,0.0465250524640755));
#5283=CARTESIAN_POINT('',(0.00897804309697384,0.0338990110302148,0.0465685363726275));
#5284=CARTESIAN_POINT('',(0.00898036766269864,0.0339357075425141,0.0466230011936145));
#5285=CARTESIAN_POINT('',(0.00898337535443792,0.0339857121799606,0.0467439035071365));
#5286=CARTESIAN_POINT('',(0.00898405154094364,0.0339981889471122,0.0468106209393125));
#5287=CARTESIAN_POINT('',(0.00898405140606283,0.0339981896744193,0.0468731799583165));
#5288=CARTESIAN_POINT('',(0.00897395622367733,0.0338558779781501,0.0465257682133025));
#5289=CARTESIAN_POINT('',(0.00897700603177238,0.0338982171668013,0.0465691598360615));
#5290=CARTESIAN_POINT('',(0.00897933306565057,0.0339348356872729,0.0466235095510025));
#5291=CARTESIAN_POINT('',(0.00898234509903876,0.0339847363879047,0.0467441633613915));
#5292=CARTESIAN_POINT('',(0.00898302288654297,0.0339971880516133,0.0468107465550535));
#5293=CARTESIAN_POINT('',(0.0089830226842958,0.0339971891421746,0.0468731799583165));
#5294=CARTESIAN_POINT('',(0.00897706215991894,0.0338579993536996,0.0465235972943479));
#5295=CARTESIAN_POINT('',(0.00914983700379274,0.0339743623943749,0.0464044282750972));
#5296=CARTESIAN_POINT('',(0.00932261450768062,0.0340907234029494,0.0462852611281628));
#5297=CARTESIAN_POINT('',(0.00949539467193234,0.0342070823916766,0.0461660958662635));
#5298=CARTESIAN_POINT('',(0.00949539482259518,0.0342071069384848,0.0461660733344365));
#5299=CARTESIAN_POINT('',(0.00898611111111129,0.034000192938452,0.0468731799583165));
#5300=CARTESIAN_POINT('',(0.00950000000000017,0.0344999999999922,0.0468731799583165));
#5301=CARTESIAN_POINT('',(0.00950000000000016,0.0344999999999922,0.0468731799583165));
#5302=CARTESIAN_POINT('',(0.00950000000000016,0.0344999999999922,0.0466089705270459));
#5303=CARTESIAN_POINT('',(0.00950121446547407,0.0343938943981521,0.0463528611623894));
#5304=CARTESIAN_POINT('',(0.00949536037633797,0.0342071074782741,0.0461660738742261));
#5305=CARTESIAN_POINT('',(0.00924305555555576,0.0342500964692222,0.0444589663959435));
#5306=CARTESIAN_POINT('',(0.0089861111111112,0.0340001929384526,0.0617546419581445));
#5307=CARTESIAN_POINT('',(0.0095,0.0344999999999922,0.0617546419581445));
#5308=CARTESIAN_POINT('',(0.00950000000000019,0.0344999999999922,0.0444589663959435));
#5309=CARTESIAN_POINT('',(0.00950337631669131,0.0345032837972503,0.0617546419581445));
#5310=CARTESIAN_POINT('',(0.00950337609767376,0.0345032851396649,0.0618806268766055));
#5311=CARTESIAN_POINT('',(0.00950347944568769,0.0344782981611956,0.0620150855154855));
#5312=CARTESIAN_POINT('',(0.00950264945430226,0.0343742985722419,0.0622651436077705));
#5313=CARTESIAN_POINT('',(0.00950151302381991,0.034294913074338,0.0623807521171675));
#5314=CARTESIAN_POINT('',(0.0094963463257119,0.0341337872093215,0.0625380283395415));
#5315=CARTESIAN_POINT('',(0.00949302796823874,0.0340529050403483,0.0625979124515495));
#5316=CARTESIAN_POINT('',(0.00948795092390029,0.0339631869266215,0.0626446067323825));
#5317=CARTESIAN_POINT('',(0.00950225087779422,0.0345021891981642,0.0617546419581445));
#5318=CARTESIAN_POINT('',(0.00950225073178252,0.0345021900931073,0.0618804894363545));
#5319=CARTESIAN_POINT('',(0.00950235233002034,0.0344772307033262,0.0620148012522985));
#5320=CARTESIAN_POINT('',(0.00950151751532654,0.0343733463266899,0.0622645833727645));
#5321=CARTESIAN_POINT('',(0.00950037829724293,0.034294050023425,0.0623800625036065));
#5322=CARTESIAN_POINT('',(0.00949521092516104,0.0341331094821435,0.0625371623908745));
#5323=CARTESIAN_POINT('',(0.0094918934774865,0.0340523207128713,0.0625969790697155));
#5324=CARTESIAN_POINT('',(0.00948681984388372,0.0339627074830049,0.0626436220883915));
#5325=CARTESIAN_POINT('',(0.00950112543889713,0.0345010945990782,0.0617546419581445));
#5326=CARTESIAN_POINT('',(0.00950112536589129,0.0345010950465498,0.0618803519961045));
#5327=CARTESIAN_POINT('',(0.00950122521435298,0.0344761632454568,0.0620145169891115));
#5328=CARTESIAN_POINT('',(0.00950038557635082,0.0343723940811379,0.0622640231377585));
#5329=CARTESIAN_POINT('',(0.00949924357066596,0.0342931869725121,0.0623793728900445));
#5330=CARTESIAN_POINT('',(0.00949407552461018,0.0341324317549655,0.0625362964422065));
#5331=CARTESIAN_POINT('',(0.00949075898673427,0.0340517363853943,0.0625960456878815));
#5332=CARTESIAN_POINT('',(0.00948568876386715,0.0339622280393883,0.0626426374444005));
#5333=CARTESIAN_POINT('',(0.0095,0.0344999999999922,0.0617546419581445));
#5334=CARTESIAN_POINT('',(0.0095,0.0344999999999922,0.0618802145558535));
#5335=CARTESIAN_POINT('',(0.00950009809868562,0.0344750957875874,0.0620142327259245));
#5336=CARTESIAN_POINT('',(0.0094992536373751,0.0343714418355859,0.0622634629027525));
#5337=CARTESIAN_POINT('',(0.00949810884408898,0.0342923239215992,0.0623786832764825));
#5338=CARTESIAN_POINT('',(0.00949294012405933,0.0341317540277875,0.0625354304935395));
#5339=CARTESIAN_POINT('',(0.00948962449598204,0.0340511520579173,0.0625951123060475));
#5340=CARTESIAN_POINT('',(0.00948455768385058,0.0339617485957717,0.0626416528004095));
#5341=CARTESIAN_POINT('',(0.00932870273251772,0.0343333967015724,0.0617546419581445));
#5342=CARTESIAN_POINT('',(0.00932871384436238,0.03433332859423,0.0618592954820305));
#5343=CARTESIAN_POINT('',(0.00932854561862224,0.0343126235141893,0.0619709664879295));
#5344=CARTESIAN_POINT('',(0.00932696702634704,0.0342265054365921,0.0621781924132345));
#5345=CARTESIAN_POINT('',(0.0093253979466079,0.0341609633799801,0.0622737207422615));
#5346=CARTESIAN_POINT('',(0.00932012664447943,0.0340286006589217,0.0624036288996045));
#5347=CARTESIAN_POINT('',(0.00931694949217227,0.0339622145772736,0.0624530470565685));
#5348=CARTESIAN_POINT('',(0.00931240181057802,0.0338887749482055,0.0624917852015905));
#5349=CARTESIAN_POINT('',(0.00915740546503539,0.0341667934031524,0.0617546419581445));
#5350=CARTESIAN_POINT('',(0.00915739435300174,0.0341668615116531,0.0618383712027375));
#5351=CARTESIAN_POINT('',(0.00915698816382947,0.034150140308709,0.0619277072294775));
#5352=CARTESIAN_POINT('',(0.00915467921874577,0.0340816472708351,0.0620929262252385));
#5353=CARTESIAN_POINT('',(0.00915268691638623,0.0340297250446565,0.0621687978234495));
#5354=CARTESIAN_POINT('',(0.00914731239353526,0.0339254031369763,0.0622718133144815));
#5355=CARTESIAN_POINT('',(0.0091442812857658,0.033873411788135,0.0623110446620475));
#5356=CARTESIAN_POINT('',(0.00914024593730547,0.0338158013006393,0.0623419176027695));
#5357=CARTESIAN_POINT('',(0.00898610819755306,0.0340001901047326,0.0617546419581445));
#5358=CARTESIAN_POINT('',(0.00898610819774207,0.0340001901035741,0.0618174521289745));
#5359=CARTESIAN_POINT('',(0.00898543568382249,0.0339876680354348,0.0618844409914035));
#5360=CARTESIAN_POINT('',(0.00898239260773128,0.0339367108709543,0.0620076557356715));
#5361=CARTESIAN_POINT('',(0.00897997601890666,0.0338983645016517,0.0620638352887795));
#5362=CARTESIAN_POINT('',(0.0089744989139641,0.0338222497686111,0.0621400117207045));
#5363=CARTESIAN_POINT('',(0.00897160628187896,0.033784474305964,0.0621689794118555));
#5364=CARTESIAN_POINT('',(0.00896809006403292,0.0337428276530732,0.0621920500039495));
#5365=CARTESIAN_POINT('',(0.00948455407310422,0.0339617493006762,0.0626416538307578));
#5366=CARTESIAN_POINT('',(0.00931242274236463,0.0338887804491179,0.0624917964380689));
#5367=CARTESIAN_POINT('',(0.00914025366894182,0.0338158312830131,0.0623419728126389));
#5368=CARTESIAN_POINT('',(0.00896804689628608,0.0337429023574449,0.0621921826736764));
#5369=CARTESIAN_POINT('',(0.00948455526976515,0.0339617492315949,0.0626416524694201));
#5370=CARTESIAN_POINT('',(0.0094845577137089,0.0339617491226196,0.0626416525261495));
#5371=CARTESIAN_POINT('',(0.00950299971709248,0.0342871568717644,0.062472255736434));
#5372=CARTESIAN_POINT('',(0.0095,0.0344999999999922,0.0621219342753009));
#5373=CARTESIAN_POINT('',(0.0095,0.0344999999999922,0.0617546419581445));
#5374=CARTESIAN_POINT('',(0.0101441092778878,0.0335651764977761,0.0467701404621945));
#5375=CARTESIAN_POINT('',(0.0110584864565857,0.0341869805744453,0.0461459469703965));
#5376=CARTESIAN_POINT('',(0.00948628208333166,0.0339394509922341,0.0626566405856395));
#5377=CARTESIAN_POINT('',(0.00944221054157834,0.0332020418105001,0.0630405074035735));
#5378=CARTESIAN_POINT('',(0.00931079977670927,0.0324697300176919,0.0634217139739435));
#5379=CARTESIAN_POINT('',(0.00909538230021823,0.0317622234755065,0.0637900020706025));
#5380=CARTESIAN_POINT('',(0.00948524997717809,0.0339390381359262,0.0626557287091895));
#5381=CARTESIAN_POINT('',(0.00944114612599896,0.0332016951091061,0.0630395624573385));
#5382=CARTESIAN_POINT('',(0.00930971135125506,0.0324694570217136,0.0634207342656635));
#5383=CARTESIAN_POINT('',(0.0090942816985515,0.0317620300470312,0.0637889864411865));
#5384=CARTESIAN_POINT('',(0.00948421787102453,0.0339386252796183,0.0626548168327395));
#5385=CARTESIAN_POINT('',(0.00944008171041958,0.0332013484077122,0.0630386175111035));
#5386=CARTESIAN_POINT('',(0.00930862292580086,0.0324691840257352,0.0634197545573825));
#5387=CARTESIAN_POINT('',(0.00909318109688478,0.0317618366185559,0.0637879708117695));
#5388=CARTESIAN_POINT('',(0.00948318576487096,0.0339382124233104,0.0626539049562895));
#5389=CARTESIAN_POINT('',(0.0094390172948402,0.0332010017063182,0.0630376725648685));
#5390=CARTESIAN_POINT('',(0.00930753450034665,0.0324689110297569,0.0634187748491025));
#5391=CARTESIAN_POINT('',(0.00909208049521805,0.0317616431900806,0.0637869551823535));
#5392=CARTESIAN_POINT('',(0.00931117530802186,0.0338694059329217,0.0625019319405435));
#5393=CARTESIAN_POINT('',(0.00926162216018865,0.033143220571152,0.0628801881500755));
#5394=CARTESIAN_POINT('',(0.00912613788820761,0.0324234136138291,0.0632554970038005));
#5395=CARTESIAN_POINT('',(0.0089086545996854,0.031729406466861,0.0636176907328475));
#5396=CARTESIAN_POINT('',(0.00913916485117276,0.0338005994425331,0.0623499589247975));
#5397=CARTESIAN_POINT('',(0.00908422702553711,0.0330854394359858,0.0627227037352815));
#5398=CARTESIAN_POINT('',(0.00894474127606858,0.0323779161979013,0.0630922191584975));
#5399=CARTESIAN_POINT('',(0.00872522870415275,0.0316971697436413,0.0634484262833415));
#5400=CARTESIAN_POINT('',(0.00896715439432366,0.0337317929521444,0.0621979859090515));
#5401=CARTESIAN_POINT('',(0.00890683189088557,0.0330276583008196,0.0625652193204875));
#5402=CARTESIAN_POINT('',(0.00876334466392954,0.0323324187819735,0.0629289413131955));
#5403=CARTESIAN_POINT('',(0.0085418028086201,0.0316649330204217,0.0632791618338345));
#5404=CARTESIAN_POINT('',(0.00854180280862408,0.0316649330204337,0.0632791618338285));
#5405=CARTESIAN_POINT('',(0.00909208049560088,0.0317616432004686,0.0637869551769459));
#5406=CARTESIAN_POINT('',(0.00222171941415123,0.0341081435679311,0.0625654444015955));
#5407=CARTESIAN_POINT('',(0.00948309287233664,0.0339382426074862,0.0626539508017325));
#5408=CARTESIAN_POINT('',(0.00896717204681102,0.0337317833547329,0.0621979702793667));
#5409=CARTESIAN_POINT('',(0.00913914986951985,0.0338005961215512,0.062349951075843));
#5410=CARTESIAN_POINT('',(0.0093111180003023,0.0338694141577345,0.0625019404536455));
#5411=CARTESIAN_POINT('',(0.0094830764330435,0.0339382373911046,0.0626539384498037));
#5412=CARTESIAN_POINT('',(0.00766246169006257,0.0348197717098905,0.0640874237525815));
#5413=CARTESIAN_POINT('',(0.00593303559005268,0.0341691743546543,0.0625336737848995));
#5414=CARTESIAN_POINT('',(0.0090953878519883,0.0317622244512308,0.0637900071937365));
#5415=CARTESIAN_POINT('',(0.00908308908570594,0.0317218309545433,0.0638110337725763));
#5416=CARTESIAN_POINT('',(0.0090705459081624,0.0316800723551865,0.0638292592232808));
#5417=CARTESIAN_POINT('',(0.00905759045999025,0.0316369774431563,0.0638446240715763));
#5418=CARTESIAN_POINT('',(0.00891085950420023,0.0317297939742984,0.0636197254071005));
#5419=CARTESIAN_POINT('',(0.00889844418426614,0.0316901621171527,0.0636404081404334));
#5420=CARTESIAN_POINT('',(0.00888578151124583,0.0316496502094414,0.06365920883906));
#5421=CARTESIAN_POINT('',(0.00887276003817213,0.0316082785602888,0.0636760872555514));
#5422=CARTESIAN_POINT('',(0.00872633115641216,0.0316973634973661,0.0634494436204645));
#5423=CARTESIAN_POINT('',(0.00871379928282636,0.031658493279762,0.0634697825082905));
#5424=CARTESIAN_POINT('',(0.00870101711432927,0.0316192280636963,0.0634891584548403));
#5425=CARTESIAN_POINT('',(0.00868792961635398,0.0315795796774213,0.0635075504395264));
#5426=CARTESIAN_POINT('',(0.00854180280862408,0.0316649330204337,0.0632791618338285));
#5427=CARTESIAN_POINT('',(0.00852915438138656,0.0316268244423715,0.0632991568761475));
#5428=CARTESIAN_POINT('',(0.0085162527174127,0.0315888059179512,0.0633191080706195));
#5429=CARTESIAN_POINT('',(0.00850309919453585,0.0315508807945539,0.0633390136235015));
#5430=CARTESIAN_POINT('',(0.00897905132276594,0.0312967383662321,0.0628276017097961));
#5431=CARTESIAN_POINT('',(0.005,0.0320857864376191,0.0454589663959435));
#5432=CARTESIAN_POINT('',(-0.0101927688113088,0.032089483235691,0.0455334880316025));
#5433=CARTESIAN_POINT('',(-0.010277114119935,0.0321734156504909,0.0444628132345013));
#5434=CARTESIAN_POINT('',(-0.0103763726145719,0.0327978446066474,0.0447568109813443));
#5435=CARTESIAN_POINT('',(-0.010376145084156,0.0327961936382217,0.0447551600200045));
#5436=CARTESIAN_POINT('',(-0.0103759175537402,0.0327945426697959,0.0447535090586645));
#5437=CARTESIAN_POINT('',(-0.0103756900233244,0.0327928917013701,0.0447518580973245));
#5438=CARTESIAN_POINT('',(-0.0103700699940005,0.0327521125777008,0.0447110791486765));
#5439=CARTESIAN_POINT('',(-0.0103636351318318,0.0327078756769152,0.0446739063495065));
#5440=CARTESIAN_POINT('',(-0.0103496043257213,0.0326125302007975,0.0446068994827175));
#5441=CARTESIAN_POINT('',(-0.010341990922525,0.0325613711806771,0.0445773281260965));
#5442=CARTESIAN_POINT('',(-0.0103250592349324,0.0324547779406,0.0445276813424795));
#5443=CARTESIAN_POINT('',(-0.010315857520692,0.0323995042271759,0.0445076446245175));
#5444=CARTESIAN_POINT('',(-0.0102969662992674,0.032287285375401,0.0444777890567045));
#5445=CARTESIAN_POINT('',(-0.0102873251762787,0.0322305543370464,0.0444678395881995));
#5446=CARTESIAN_POINT('',(-0.0102771141199348,0.032173415650491,0.0444628132345015));
#5447=CARTESIAN_POINT('',(-0.0103755601286177,0.0327929030491245,0.0447518694967315));
#5448=CARTESIAN_POINT('',(0.005,0.0327928932188056,0.0447518596147575));
#5449=CARTESIAN_POINT('',(0.005,0.0320857864376191,0.0454589663959435));
#5450=CARTESIAN_POINT('',(0.005,0.0327928932188056,0.0447518596147575));
#5451=CARTESIAN_POINT('',(0.0103755407123883,0.0327928969798588,0.0447518788008085));
#5452=CARTESIAN_POINT('',(0.0102771141270079,0.0321734156900691,0.0444628132379825));
#5453=CARTESIAN_POINT('',(0.0102780432075174,0.0321786146077506,0.0444632705745545));
#5454=CARTESIAN_POINT('',(0.0102793148514328,0.0321857577844071,0.0444639389878215));
#5455=CARTESIAN_POINT('',(0.0102820596456865,0.0322013091164242,0.0444656365187465));
#5456=CARTESIAN_POINT('',(0.0102832887169858,0.0322083129111343,0.0444664760755265));
#5457=CARTESIAN_POINT('',(0.0102869713432312,0.0322293986814163,0.0444692303478425));
#5458=CARTESIAN_POINT('',(0.0102894024232901,0.0322434534308137,0.0444713716879215));
#5459=CARTESIAN_POINT('',(0.0102966777868888,0.0322857918791342,0.0444787496849755));
#5460=CARTESIAN_POINT('',(0.0103014482691034,0.0323139164859178,0.0444849102168305));
#5461=CARTESIAN_POINT('',(0.0103156062766999,0.0323980043385849,0.0445071749707755));
#5462=CARTESIAN_POINT('',(0.0103247536216863,0.0324529469172097,0.0445269822415205));
#5463=CARTESIAN_POINT('',(0.0103417383134668,0.0325596966857246,0.0445763979845135));
#5464=CARTESIAN_POINT('',(0.0103494055092411,0.0326111774703776,0.0446060358175415));
#5465=CARTESIAN_POINT('',(0.0103635491652287,0.0327072670899025,0.0446733954188005));
#5466=CARTESIAN_POINT('',(0.0103700310632249,0.0327518301695426,0.0447107969243165));
#5467=CARTESIAN_POINT('',(0.0103756898066541,0.0327928901292031,0.0447518565251675));
#5468=CARTESIAN_POINT('',(0.0102771942812012,0.0321735862503478,0.0444628282734137));
#5469=CARTESIAN_POINT('',(0.0102610615171015,0.0320858153110506,0.0444589663961515));
#5470=CARTESIAN_POINT('',(0.010266389733386,0.0321151379550082,0.0444589672427969));
#5471=CARTESIAN_POINT('',(0.0102717776775984,0.0321443929505372,0.0444602554252203));
#5472=CARTESIAN_POINT('',(0.0102772438409057,0.0321735770406273,0.0444628274447807));
#5473=CARTESIAN_POINT('',(0.00500000000000006,0.0334999999999922,0.0454589663959435));
#5474=CARTESIAN_POINT('',(0.00500000000000009,0.0342071067811787,0.0461660731771305));
#5475=CARTESIAN_POINT('',(0.0104927746204111,0.0342071032012365,0.0461660770241165));
#5476=CARTESIAN_POINT('',(-0.000295914303802882,0.0343996317780316,0.0463585981739565));
#5477=CARTESIAN_POINT('',(0.0103799685206858,0.0328250573132161,0.0447840237112965));
#5478=CARTESIAN_POINT('',(0.00745395752782948,0.0329463044419429,0.0449052708378945));
#5479=CARTESIAN_POINT('',(0.00500000000000009,0.0334999999999922,0.0468731799583165));
#5480=CARTESIAN_POINT('',(0.00500000000000009,0.0344999999999922,0.0468731799583165));
#5481=CARTESIAN_POINT('',(0.0105000000000001,0.0344999999999922,0.0468731799583165));
#5482=CARTESIAN_POINT('',(0.010493083181843,0.0342153700592327,0.0461744341688177));
#5483=CARTESIAN_POINT('',(0.0104992532552755,0.0343969965866744,0.0463603818791986));
#5484=CARTESIAN_POINT('',(0.0105000000000003,0.0344999999999922,0.0466131837502037));
#5485=CARTESIAN_POINT('',(0.0105000000000003,0.0344999999999922,0.0468731799583165));
#5486=CARTESIAN_POINT('',(0.0104930840016375,0.034215369876001,0.0461744343205891));
#5487=CARTESIAN_POINT('',(0.0104927497384335,0.0342071074737905,0.0461660738697245));
#5488=CARTESIAN_POINT('',(0.0104928742328686,0.0342098777800609,0.0461688441814219));
#5489=CARTESIAN_POINT('',(0.0104929858843756,0.034212631969687,0.0461716309359921));
#5490=CARTESIAN_POINT('',(0.0104930847137283,0.0342153700330862,0.0461744341420491));
#5491=CARTESIAN_POINT('',(0.005,0.0344999999999922,0.0663614568544595));
#5492=CARTESIAN_POINT('',(0.005,0.0344999999999922,0.0617546419581445));
#5493=CARTESIAN_POINT('',(0.0105,0.0344999999999922,0.0617546419581445));
#5494=CARTESIAN_POINT('',(0.0104999999999998,0.0344999999999922,0.0663614568544595));
#5495=CARTESIAN_POINT('',(0.005,0.0334999999999922,0.0617546419581445));
#5496=CARTESIAN_POINT('',(0.005,0.0339617486132273,0.0626416527913225));
#5497=CARTESIAN_POINT('',(0.0104820792735181,0.0339617455758726,0.0626416463020541));
#5498=CARTESIAN_POINT('',(0.0114565339958337,0.0334999999999922,0.0617546419581445));
#5499=CARTESIAN_POINT('',(0.0104831919055473,0.0339813880775507,0.0626311601842229));
#5500=CARTESIAN_POINT('',(0.0105,0.0344999999999923,0.0617546419581445));
#5501=CARTESIAN_POINT('',(0.0104999999999995,0.0344999999999923,0.0621140911456078));
#5502=CARTESIAN_POINT('',(0.0104991305609371,0.0342961197412234,0.0624582960803678));
#5503=CARTESIAN_POINT('',(0.010483121559987,0.0339813863299499,0.0626311504870997));
#5504=CARTESIAN_POINT('',(0.005,0.0328616959114141,0.0632143039817575));
#5505=CARTESIAN_POINT('',(0.005,0.031761643209601,0.0637869551721915));
#5506=CARTESIAN_POINT('',(0.0101994954132802,0.0317616432096999,0.0637869551723965));
#5507=CARTESIAN_POINT('',(0.00355481016306307,0.0328924554066796,0.0631982916025625));
#5508=CARTESIAN_POINT('',(0.0102157190313271,0.0318394139624775,0.0637464702807475));
#5509=CARTESIAN_POINT('',(-0.000298857229857171,0.0342448159257358,0.0624942972753175));
#5510=CARTESIAN_POINT('',(0.00399846280326152,0.0347147406323269,0.0447089663959435));
#5511=CARTESIAN_POINT('',(0.00399846280326152,0.034714740632327,0.0449589663959435));
#5512=CARTESIAN_POINT('',(-0.0107529348756514,0.0319951328446984,0.0449589663959435));
#5513=CARTESIAN_POINT('',(-0.0107529348756525,0.0319951328446982,0.0449589663959445));
#5514=CARTESIAN_POINT('',(-0.0102739516951633,0.0321739786224198,0.0444596257095525));
#5515=CARTESIAN_POINT('',(-0.0102954916600743,0.0322945088350924,0.0444702640678865));
#5516=CARTESIAN_POINT('',(-0.0103164370968491,0.0324193146474592,0.0445044039724845));
#5517=CARTESIAN_POINT('',(-0.0103494967708191,0.0326308463179227,0.0446096155358455));
#5518=CARTESIAN_POINT('',(-0.010362548967232,0.0327208518342355,0.0446752680549605));
#5519=CARTESIAN_POINT('',(-0.0103727971696055,0.0327952456836405,0.0447496865373725));
#5520=CARTESIAN_POINT('',(-0.0102750058367539,0.0321737909651102,0.0444606882178685));
#5521=CARTESIAN_POINT('',(-0.0102965242582598,0.0322942014260555,0.0444713041740685));
#5522=CARTESIAN_POINT('',(-0.0103174500413084,0.0324188870905483,0.0445053984139435));
#5523=CARTESIAN_POINT('',(-0.010350480259028,0.0326302173294924,0.0446104890662655));
#5524=CARTESIAN_POINT('',(-0.0103635214984215,0.0327201378164343,0.0446760707645125));
#5525=CARTESIAN_POINT('',(-0.0103737615223916,0.0327944615178399,0.0447504108856455));
#5526=CARTESIAN_POINT('',(-0.0102760599783446,0.0321736033078005,0.0444617507261855));
#5527=CARTESIAN_POINT('',(-0.0102975568564453,0.0322938940170186,0.0444723442802495));
#5528=CARTESIAN_POINT('',(-0.0103184629857676,0.0324184595336373,0.0445063928554015));
#5529=CARTESIAN_POINT('',(-0.010351463747237,0.032629588341062,0.0446113625966865));
#5530=CARTESIAN_POINT('',(-0.010364494029611,0.032719423798633,0.0446768734740645));
#5531=CARTESIAN_POINT('',(-0.0103747258751778,0.0327936773520392,0.0447511352339175));
#5532=CARTESIAN_POINT('',(-0.0102771141199352,0.0321734156504909,0.0444628132345015));
#5533=CARTESIAN_POINT('',(-0.0102985894546309,0.0322935866079816,0.0444733843864315));
#5534=CARTESIAN_POINT('',(-0.0103194759302268,0.0324180319767264,0.0445073872968605));
#5535=CARTESIAN_POINT('',(-0.010352447235446,0.0326289593526317,0.0446122361271075));
#5536=CARTESIAN_POINT('',(-0.0103654665608005,0.0327187097808318,0.0446776761836165));
#5537=CARTESIAN_POINT('',(-0.0103756902279639,0.0327928931862386,0.0447518595821905));
#5538=CARTESIAN_POINT('',(-0.0104411986039434,0.0321442054826227,0.0446282000576745));
#5539=CARTESIAN_POINT('',(-0.0104593205575191,0.0322457362493064,0.0446352841612265));
#5540=CARTESIAN_POINT('',(-0.0104771477936618,0.0323514797642568,0.0446621790393345));
#5541=CARTESIAN_POINT('',(-0.0105055340282744,0.0325310529205586,0.0447482072239995));
#5542=CARTESIAN_POINT('',(-0.0105168478171947,0.0326075679346825,0.0448026235187655));
#5543=CARTESIAN_POINT('',(-0.0105257984588882,0.0326708323151777,0.0448646094381945));
#5544=CARTESIAN_POINT('',(-0.0106052830879516,0.0321149953147546,0.0447935868808495));
#5545=CARTESIAN_POINT('',(-0.0106200869257619,0.0321979570264509,0.0447970737718965));
#5546=CARTESIAN_POINT('',(-0.0106348286061276,0.0322849530033607,0.0448169520977365));
#5547=CARTESIAN_POINT('',(-0.0106586209417687,0.032433142141704,0.0448841651567845));
#5548=CARTESIAN_POINT('',(-0.0106682468430151,0.0324964713168799,0.0449274932031155));
#5549=CARTESIAN_POINT('',(-0.0106759066898125,0.0325487714441166,0.0449773592941975));
#5550=CARTESIAN_POINT('',(-0.0107693675719599,0.0320857851468863,0.0449589737040225));
#5551=CARTESIAN_POINT('',(-0.0107808180276113,0.0321501066656801,0.0449589735499375));
#5552=CARTESIAN_POINT('',(-0.0107925004692989,0.0322184007901412,0.0449717438407625));
#5553=CARTESIAN_POINT('',(-0.0108117077345936,0.0323352357097588,0.0450201362540645));
#5554=CARTESIAN_POINT('',(-0.0108196280988858,0.0323853294693981,0.0450524405405525));
#5555=CARTESIAN_POINT('',(-0.0108260149207369,0.0324267105730557,0.0450901091502025));
#5556=CARTESIAN_POINT('',(-0.0103755471506684,0.032792811925789,0.0447519625923549));
#5557=CARTESIAN_POINT('',(-0.0105257313724673,0.0326708672730106,0.0448645799182602));
#5558=CARTESIAN_POINT('',(-0.0106759155942662,0.0325489226202323,0.0449771972441654));
#5559=CARTESIAN_POINT('',(-0.010826099816065,0.0324269779674539,0.0450898145700706));
#5560=CARTESIAN_POINT('',(-0.0108260315133243,0.032426866458705,0.0450899434076303));
#5561=CARTESIAN_POINT('',(-0.0102771141199352,0.0321734156504909,0.0444628132345015));
#5562=CARTESIAN_POINT('',(-0.0107693603214282,0.0320857864376193,0.0449589663959435));
#5563=CARTESIAN_POINT('',(-0.0107693603214284,0.0320857864376192,0.0449589663959435));
#5564=CARTESIAN_POINT('',(-0.010773098288603,0.0321067840031873,0.0449589663959435));
#5565=CARTESIAN_POINT('',(-0.0107768169452351,0.0321279374245893,0.0449603304202605));
#5566=CARTESIAN_POINT('',(-0.0107804569286403,0.0321489025443613,0.0449629635254225));
#5567=CARTESIAN_POINT('',(-0.0107824141694156,0.0321601756142376,0.0449643793617635));
#5568=CARTESIAN_POINT('',(-0.0107843488713424,0.0321713951505592,0.0449661622480705));
#5569=CARTESIAN_POINT('',(-0.0107862531662554,0.0321825136084002,0.0449682982615085));
#5570=CARTESIAN_POINT('',(-0.0107918182589922,0.0322150060803135,0.0449745405261865));
#5571=CARTESIAN_POINT('',(-0.0107972220487721,0.0322472156404915,0.0449839112254275));
#5572=CARTESIAN_POINT('',(-0.0108022811683801,0.0322779439879761,0.0449964088529475));
#5573=CARTESIAN_POINT('',(-0.010802437184807,0.0322788916087782,0.0449967942629285));
#5574=CARTESIAN_POINT('',(-0.0108025930935207,0.0322798391969195,0.0449971831964975));
#5575=CARTESIAN_POINT('',(-0.010802748885694,0.0322807867057848,0.0449975756785205));
#5576=CARTESIAN_POINT('',(-0.0108054732629499,0.0322973560336854,0.0450044391112215));
#5577=CARTESIAN_POINT('',(-0.0108081675384814,0.0323139176826587,0.0450123712916055));
#5578=CARTESIAN_POINT('',(-0.0108107997154313,0.0323302668471675,0.0450213570450765));
#5579=CARTESIAN_POINT('',(-0.0108135201270342,0.0323471640610219,0.0450306440149365));
#5580=CARTESIAN_POINT('',(-0.0108161743918478,0.0323638347143891,0.0450410569833325));
#5581=CARTESIAN_POINT('',(-0.0108187230936345,0.0323800079170583,0.0450525404937315));
#5582=CARTESIAN_POINT('',(-0.010821100965624,0.0323950970914012,0.0450632543080585));
#5583=CARTESIAN_POINT('',(-0.0108233869152935,0.0324097530044744,0.0450748997702365));
#5584=CARTESIAN_POINT('',(-0.0108255451362139,0.0324237172038307,0.0450873974907045));
#5585=CARTESIAN_POINT('',(-0.0108257001859575,0.0324247204123107,0.0450882953451995));
#5586=CARTESIAN_POINT('',(-0.0108258545745385,0.0324257200343943,0.0450891975831525));
#5587=CARTESIAN_POINT('',(-0.0108260082877787,0.0324267159666141,0.0450901041679965));
#5588=CARTESIAN_POINT('',(-0.0102582700032262,0.0320863306056562,0.0444559650364855));
#5589=CARTESIAN_POINT('',(-0.0102636512216785,0.0321155188193937,0.0444559650364855));
#5590=CARTESIAN_POINT('',(-0.0102689378649915,0.0321447244069768,0.0444572488290435));
#5591=CARTESIAN_POINT('',(-0.0102741593043505,0.0321739416640245,0.0444598349665345));
#5592=CARTESIAN_POINT('',(-0.0104231582940349,0.0320559313520035,0.0446236321563055));
#5593=CARTESIAN_POINT('',(-0.0104286017497421,0.032085457146219,0.0446236321563055));
#5594=CARTESIAN_POINT('',(-0.0104339512396228,0.0321150002227067,0.0446244880180105));
#5595=CARTESIAN_POINT('',(-0.0104392263100431,0.0321445565885561,0.0446262121096705));
#5596=CARTESIAN_POINT('',(-0.0105880465848437,0.0320255320983509,0.0447912992761245));
#5597=CARTESIAN_POINT('',(-0.0105935522778058,0.0320553954730444,0.0447912992761245));
#5598=CARTESIAN_POINT('',(-0.0105989646142541,0.0320852760384366,0.0447917272069775));
#5599=CARTESIAN_POINT('',(-0.0106042933157358,0.0321151715130876,0.0447925892528075));
#5600=CARTESIAN_POINT('',(-0.0107529348756525,0.0319951328446982,0.0449589663959435));
#5601=CARTESIAN_POINT('',(-0.0107585028058694,0.0320253337998696,0.0449589663959435));
#5602=CARTESIAN_POINT('',(-0.0107639779888855,0.0320555518541664,0.0449589663959435));
#5603=CARTESIAN_POINT('',(-0.0107693603214285,0.0320857864376192,0.0449589663959435));
#5604=CARTESIAN_POINT('',(0.0003079782244193,0.0340460645116784,0.0449589663987685));
#5605=CARTESIAN_POINT('',(-0.0103799843900961,0.0328250562745084,0.0447840226704595));
#5606=CARTESIAN_POINT('',(-0.0104392198459222,0.0332835780005316,0.0452425443964825));
#5607=CARTESIAN_POINT('',(-0.0104768845090165,0.0337449580504475,0.0457039244463985));
#5608=CARTESIAN_POINT('',(-0.0104927992602772,0.0342071067811778,0.0461660731771295));
#5609=CARTESIAN_POINT('',(-0.0105295575166417,0.0326981205162482,0.0448916353916045));
#5610=CARTESIAN_POINT('',(-0.0105927390608675,0.0331585144002835,0.0453525427260875));
#5611=CARTESIAN_POINT('',(-0.0106342836625164,0.0336220154167192,0.0458163877897325));
#5612=CARTESIAN_POINT('',(-0.0106539745817015,0.0340865433701772,0.0462810862858585));
#5613=CARTESIAN_POINT('',(-0.0106791306431873,0.032571184757988,0.0449992481127485));
#5614=CARTESIAN_POINT('',(-0.0107462582758127,0.0330334508000356,0.0454625410556915));
#5615=CARTESIAN_POINT('',(-0.0107916828160161,0.033499072782991,0.0459288511330645));
#5616=CARTESIAN_POINT('',(-0.0108151499031258,0.0339659799591764,0.0463960993945875));
#5617=CARTESIAN_POINT('',(-0.0108287037697328,0.0324442489997277,0.0451068608338935));
#5618=CARTESIAN_POINT('',(-0.010899777490758,0.0329083871997875,0.0455725393852965));
#5619=CARTESIAN_POINT('',(-0.010949081969516,0.0333761301492627,0.0460413144763975));
#5620=CARTESIAN_POINT('',(-0.01097632522455,0.0338454165481756,0.0465111125033175));
#5621=CARTESIAN_POINT('',(-0.0108296017313071,0.0324434869414893,0.0451075068863675));
#5622=CARTESIAN_POINT('',(-0.0109006991426558,0.0329076363810411,0.0455731997597605));
#5623=CARTESIAN_POINT('',(-0.010950026914607,0.033375392063729,0.0460419896495595));
#5624=CARTESIAN_POINT('',(-0.0109772928398477,0.0338446927462946,0.0465118029839845));
#5625=CARTESIAN_POINT('',(-0.0108304996928814,0.032442724883251,0.0451081529388425));
#5626=CARTESIAN_POINT('',(-0.0109016207945535,0.0329068855622947,0.0455738601342235));
#5627=CARTESIAN_POINT('',(-0.0109509718596979,0.0333746539781953,0.0460426648227215));
#5628=CARTESIAN_POINT('',(-0.0109782604551453,0.0338439689444136,0.0465124934646515));
#5629=CARTESIAN_POINT('',(-0.0108313976544557,0.0324419628250126,0.0451087989913165));
#5630=CARTESIAN_POINT('',(-0.0109025424464513,0.0329061347435483,0.0455745205086875));
#5631=CARTESIAN_POINT('',(-0.0109519168047889,0.0333739158926617,0.0460433399958845));
#5632=CARTESIAN_POINT('',(-0.010979228070443,0.0338432451425325,0.0465131839453185));
#5633=CARTESIAN_POINT('',(-0.0104927743779681,0.0342070902586031,0.0461660907346966));
#5634=CARTESIAN_POINT('',(-0.0106539658971901,0.034086542658957,0.0462810873326838));
#5635=CARTESIAN_POINT('',(-0.0108151574164122,0.033965995059311,0.0463960839306711));
#5636=CARTESIAN_POINT('',(-0.0109763489356342,0.0338454474596649,0.0465110805286583));
#5637=CARTESIAN_POINT('',(-0.0104927749873449,0.0342071034787977,0.0461660766916141));
#5638=CARTESIAN_POINT('',(-0.0109763317153584,0.0338454361781913,0.0465110928403951));
#5639=CARTESIAN_POINT('',(0.00029591430684927,0.034399631778517,0.0463585981747085));
#5640=CARTESIAN_POINT('',(-0.0103801476303952,0.0328250430443717,0.0447840094403225));
#5641=CARTESIAN_POINT('',(-0.0108286271310911,0.032444205557178,0.0451069159228186));
#5642=CARTESIAN_POINT('',(-0.0106791639846568,0.0325711689266141,0.04499925943625));
#5643=CARTESIAN_POINT('',(-0.0105297008382224,0.0326981322960502,0.0448916029496814));
#5644=CARTESIAN_POINT('',(-0.0103802376917881,0.0328250956654863,0.0447839464631128));
#5645=CARTESIAN_POINT('',(-0.0108286963506797,0.032444200870619,0.0451069105103323));
#5646=CARTESIAN_POINT('',(0.00393790471486085,0.0347089718492455,0.0470246341963705));
#5647=CARTESIAN_POINT('',(-0.0106039783530938,0.0326212066351,0.0449341964345625));
#5648=CARTESIAN_POINT('',(-0.0103788361248484,0.0328153260194315,0.0447742924153825));
#5649=CARTESIAN_POINT('',(0.00399846280326137,0.0347147406323268,0.0262840146705824));
#5650=CARTESIAN_POINT('',(-0.0104897408037589,0.0342148651296535,0.0461691218154119));
#5651=CARTESIAN_POINT('',(-0.010489775875367,0.0342158908048238,0.0461701723990394));
#5652=CARTESIAN_POINT('',(-0.0104898109469751,0.0342169164799941,0.046171222982667));
#5653=CARTESIAN_POINT('',(-0.0104898460185832,0.0342179421551644,0.0461722735662945));
#5654=CARTESIAN_POINT('',(-0.0104927682937224,0.0343034045908589,0.0462598114518845));
#5655=CARTESIAN_POINT('',(-0.0104945210164575,0.0343783217172787,0.0463705356854555));
#5656=CARTESIAN_POINT('',(-0.0104964521762677,0.034478459380283,0.0466147487120215));
#5657=CARTESIAN_POINT('',(-0.0104967524371411,0.0345033512784002,0.0467480902956555));
#5658=CARTESIAN_POINT('',(-0.010496752541415,0.0345033496693605,0.0468731799583165));
#5659=CARTESIAN_POINT('',(-0.0104908215840515,0.0342140607519478,0.0461698963345394));
#5660=CARTESIAN_POINT('',(-0.0104908566455295,0.0342150853271637,0.0461709457723211));
#5661=CARTESIAN_POINT('',(-0.0104908917070074,0.0342161099023797,0.0461719952101028));
#5662=CARTESIAN_POINT('',(-0.0104909267684854,0.0342171344775956,0.0461730446478845));
#5663=CARTESIAN_POINT('',(-0.0104938481995502,0.0343025052616799,0.0462604870580435));
#5664=CARTESIAN_POINT('',(-0.0104956014869353,0.0343773416190518,0.0463710898823315));
#5665=CARTESIAN_POINT('',(-0.0104975340384193,0.0344773701818685,0.0466150343626075));
#5666=CARTESIAN_POINT('',(-0.0104978349580942,0.0345022341855976,0.0467482286877165));
#5667=CARTESIAN_POINT('',(-0.01049783502761,0.0345022331129044,0.0468731799583165));
#5668=CARTESIAN_POINT('',(-0.0104919023643442,0.0342132563742422,0.0461706708536681));
#5669=CARTESIAN_POINT('',(-0.010491937415692,0.0342142798495037,0.0461717191456039));
#5670=CARTESIAN_POINT('',(-0.0104919724670398,0.0342153033247653,0.0461727674375397));
#5671=CARTESIAN_POINT('',(-0.0104920075183876,0.0342163268000268,0.0461738157294755));
#5672=CARTESIAN_POINT('',(-0.0104949281053781,0.034301605932501,0.0462611626642035));
#5673=CARTESIAN_POINT('',(-0.0104966819574131,0.0343763615208249,0.0463716440792075));
#5674=CARTESIAN_POINT('',(-0.0104986159005708,0.0344762809834539,0.0466153200131945));
#5675=CARTESIAN_POINT('',(-0.0104989174790472,0.0345011170927949,0.0467483670797765));
#5676=CARTESIAN_POINT('',(-0.0104989175138051,0.0345011165564484,0.0468731799583165));
#5677=CARTESIAN_POINT('',(-0.0104929831446368,0.0342124519965365,0.0461714453727956));
#5678=CARTESIAN_POINT('',(-0.0104930181858544,0.0342134743718437,0.0461724925188856));
#5679=CARTESIAN_POINT('',(-0.0104930532270721,0.0342144967471508,0.0461735396649755));
#5680=CARTESIAN_POINT('',(-0.0104930882682898,0.034215519122458,0.0461745868110655));
#5681=CARTESIAN_POINT('',(-0.0104960080112059,0.034300706603322,0.0462618382703635));
#5682=CARTESIAN_POINT('',(-0.0104977624278909,0.034375381422598,0.0463721982760835));
#5683=CARTESIAN_POINT('',(-0.0104996977627224,0.0344751917850394,0.0466156056637805));
#5684=CARTESIAN_POINT('',(-0.0105000000000002,0.0344999999999923,0.0467485054718375));
#5685=CARTESIAN_POINT('',(-0.0105000000000002,0.0344999999999923,0.0468731799583165));
#5686=CARTESIAN_POINT('',(-0.0106542321273573,0.0340924414008166,0.0462870011636936));
#5687=CARTESIAN_POINT('',(-0.0106542656571908,0.0340932996664274,0.0462878773532242));
#5688=CARTESIAN_POINT('',(-0.0106542991870244,0.0340941579320383,0.0462887535427548));
#5689=CARTESIAN_POINT('',(-0.0106543327168579,0.0340950161976492,0.0462896297322855));
#5690=CARTESIAN_POINT('',(-0.0106571265265614,0.0341665295497353,0.0463626365609455));
#5691=CARTESIAN_POINT('',(-0.0106589651872239,0.0342291538839091,0.0464548826876115));
#5692=CARTESIAN_POINT('',(-0.0106611081553565,0.0343126868452982,0.0466582238228645));
#5693=CARTESIAN_POINT('',(-0.0106615086837173,0.0343333333062539,0.0467691531271885));
#5694=CARTESIAN_POINT('',(-0.0106615034979421,0.0343334133274566,0.0468731799583165));
#5695=CARTESIAN_POINT('',(-0.0108154809372052,0.0339724256185046,0.0464025627409477));
#5696=CARTESIAN_POINT('',(-0.0108155130132788,0.0339731215032832,0.0464032660451336));
#5697=CARTESIAN_POINT('',(-0.0108155450893524,0.0339738173880618,0.0464039693493196));
#5698=CARTESIAN_POINT('',(-0.010815577165426,0.0339745132728403,0.0464046726535055));
#5699=CARTESIAN_POINT('',(-0.010818249843342,0.0340324965504513,0.0464632741391445));
#5700=CARTESIAN_POINT('',(-0.0108201680732473,0.0340829591695013,0.0465375573839115));
#5701=CARTESIAN_POINT('',(-0.0108225166856767,0.0341502142222749,0.0467008151044215));
#5702=CARTESIAN_POINT('',(-0.0108230018101087,0.0341669066761238,0.0467897432981655));
#5703=CARTESIAN_POINT('',(-0.0108230069958839,0.034166826654921,0.0468731799583165));
#5704=CARTESIAN_POINT('',(-0.0109767299199256,0.0338524150227846,0.0465181185318447));
#5705=CARTESIAN_POINT('',(-0.0109767604846151,0.0338529467978669,0.0465186508794713));
#5706=CARTESIAN_POINT('',(-0.0109767910493045,0.0338534785729492,0.0465191832270979));
#5707=CARTESIAN_POINT('',(-0.010976821613994,0.0338540103480315,0.0465197155747245));
#5708=CARTESIAN_POINT('',(-0.0109793683586974,0.0338983194968647,0.0465640724297265));
#5709=CARTESIAN_POINT('',(-0.0109813708325803,0.0339367316308125,0.0466202417954395));
#5710=CARTESIAN_POINT('',(-0.0109839270783107,0.0339877092825337,0.0467434332635055));
#5711=CARTESIAN_POINT('',(-0.0109845104938258,0.0340002399823854,0.0468103909535165));
#5712=CARTESIAN_POINT('',(-0.0109845104938258,0.0340002399823854,0.0468731799583165));
#5713=CARTESIAN_POINT('',(-0.0109776982727063,0.0338516943199801,0.0465188124820914));
#5714=CARTESIAN_POINT('',(-0.0109777288283194,0.0338522251095301,0.0465193438030681));
#5715=CARTESIAN_POINT('',(-0.0109777593839325,0.0338527558990801,0.0465198751240447));
#5716=CARTESIAN_POINT('',(-0.0109777899395456,0.0338532866886301,0.0465204064450215));
#5717=CARTESIAN_POINT('',(-0.0109803359279789,0.0338975137198561,0.0465646777563665));
#5718=CARTESIAN_POINT('',(-0.0109823389077744,0.033935853486707,0.0466207383423225));
#5719=CARTESIAN_POINT('',(-0.0109848964004106,0.0339867333873212,0.0467436891994635));
#5720=CARTESIAN_POINT('',(-0.0109854804061957,0.0339992390944815,0.0468105149494275));
#5721=CARTESIAN_POINT('',(-0.0109854803750534,0.033999239575035,0.0468731799583165));
#5722=CARTESIAN_POINT('',(-0.0109786666254868,0.0338509736171756,0.0465195064323392));
#5723=CARTESIAN_POINT('',(-0.0109786971720236,0.0338515034211933,0.046520036726666));
#5724=CARTESIAN_POINT('',(-0.0109787277185604,0.033852033225211,0.0465205670209927));
#5725=CARTESIAN_POINT('',(-0.0109787582650971,0.0338525630292287,0.0465210973153195));
#5726=CARTESIAN_POINT('',(-0.0109813034972604,0.0338967079428475,0.0465652830830075));
#5727=CARTESIAN_POINT('',(-0.0109833069829685,0.0339349753426015,0.0466212348892065));
#5728=CARTESIAN_POINT('',(-0.0109858657225104,0.0339857574921086,0.0467439451354215));
#5729=CARTESIAN_POINT('',(-0.0109864503185656,0.0339982382065776,0.0468106389453375));
#5730=CARTESIAN_POINT('',(-0.010986450256281,0.0339982391676845,0.0468731799583165));
#5731=CARTESIAN_POINT('',(-0.0109796349782675,0.0338502529143711,0.0465202003825861));
#5732=CARTESIAN_POINT('',(-0.0109796655157279,0.0338507817328565,0.0465207296502629));
#5733=CARTESIAN_POINT('',(-0.0109796960531883,0.0338513105513419,0.0465212589179397));
#5734=CARTESIAN_POINT('',(-0.0109797265906487,0.0338518393698273,0.0465217881856165));
#5735=CARTESIAN_POINT('',(-0.0109822710665419,0.0338959021658389,0.0465658884096475));
#5736=CARTESIAN_POINT('',(-0.0109842750581626,0.033934097198496,0.0466217314360895));
#5737=CARTESIAN_POINT('',(-0.0109868350446103,0.0339847815968961,0.0467442010713795));
#5738=CARTESIAN_POINT('',(-0.0109874202309355,0.0339972373186738,0.0468107629412485));
#5739=CARTESIAN_POINT('',(-0.0109874201375087,0.0339972387603341,0.0468731799583165));
#5740=CARTESIAN_POINT('',(-0.0109845104938258,0.0340002399823854,0.0468731799583165));
#5741=CARTESIAN_POINT('',(-0.0109845104938258,0.0340002399823853,0.0468731799583165));
#5742=CARTESIAN_POINT('',(-0.0105000000000001,0.0344999999999923,0.0468731799583165));
#5743=CARTESIAN_POINT('',(-0.0105000000000002,0.0344999999999924,0.0468731799583165));
#5744=CARTESIAN_POINT('',(-0.0105000000000002,0.0344999999999924,0.0466132798835328));
#5745=CARTESIAN_POINT('',(-0.0104993092767039,0.0343970279774242,0.0463604932610386));
#5746=CARTESIAN_POINT('',(-0.0104930882604894,0.034215518894871,0.0461745865779643));
#5747=CARTESIAN_POINT('',(-0.0104931182095591,0.034215521107674,0.0461745834153155));
#5748=CARTESIAN_POINT('',(-0.0109767877875214,0.0338539878862736,0.0465197394435134));
#5749=CARTESIAN_POINT('',(-0.0108155732759371,0.0339745047672881,0.0464046813532983));
#5750=CARTESIAN_POINT('',(-0.0106543587643528,0.0340950216483027,0.0462896232630832));
#5751=CARTESIAN_POINT('',(-0.0104931442527684,0.0342155385293172,0.0461745651728681));
#5752=CARTESIAN_POINT('',(-0.0109768202826605,0.033853987204307,0.0465197383799073));
#5753=CARTESIAN_POINT('',(-0.0109766688115359,0.0338513518376805,0.0465170542014377));
#5754=CARTESIAN_POINT('',(-0.0109767197464166,0.033852238020463,0.0465179413385459));
#5755=CARTESIAN_POINT('',(-0.0109767706812972,0.0338531242032456,0.0465188284756541));
#5756=CARTESIAN_POINT('',(-0.0109768216161779,0.0338540103860282,0.0465197156127625));
#5757=CARTESIAN_POINT('',(-0.0109790153573845,0.0338921778591154,0.0465579241882065));
#5758=CARTESIAN_POINT('',(-0.0109808049921256,0.0339259699354261,0.0466048975031315));
#5759=CARTESIAN_POINT('',(-0.0109820759249837,0.0339508954833963,0.0466565540131755));
#5760=CARTESIAN_POINT('',(-0.0109822804351725,0.0339549063392721,0.0466648662403365));
#5761=CARTESIAN_POINT('',(-0.0109824716222972,0.0339586875585248,0.0466732997525735));
#5762=CARTESIAN_POINT('',(-0.0109826490873069,0.0339622205181307,0.0466818374994445));
#5763=CARTESIAN_POINT('',(-0.0109835641390113,0.0339804372962744,0.0467258601484265));
#5764=CARTESIAN_POINT('',(-0.0109841179465911,0.0339920370320261,0.0467726214081085));
#5765=CARTESIAN_POINT('',(-0.0109843638343914,0.0339971711610984,0.0468186426110015));
#5766=CARTESIAN_POINT('',(-0.0109844619887855,0.0339992206215753,0.0468370135235945));
#5767=CARTESIAN_POINT('',(-0.0109845104938258,0.0340002399823854,0.0468552664092695));
#5768=CARTESIAN_POINT('',(-0.0109845104938258,0.0340002399823854,0.0468731799583165));
#5769=CARTESIAN_POINT('',(-0.0107422552469128,0.0342501199911888,0.0663614568544595));
#5770=CARTESIAN_POINT('',(-0.0109845104938257,0.0340002399823853,0.0663614568544595));
#5771=CARTESIAN_POINT('',(-0.0109845104938257,0.0340002399823854,0.0617546419581445));
#5772=CARTESIAN_POINT('',(-0.0109845104938257,0.0340002399823853,0.0617546419581445));
#5773=CARTESIAN_POINT('',(-0.0105,0.0344999999999923,0.0617546419581445));
#5774=CARTESIAN_POINT('',(-0.0105,0.0344999999999923,0.0663614568544595));
#5775=CARTESIAN_POINT('',(-0.0104968536078316,0.0345032454219707,0.0617546419581433));
#5776=CARTESIAN_POINT('',(-0.0104968535096457,0.034503247044673,0.0618796997731393));
#5777=CARTESIAN_POINT('',(-0.0104965543137919,0.0344783780117707,0.0620130219365731));
#5778=CARTESIAN_POINT('',(-0.0104946238363158,0.0343782713777244,0.0622571809033495));
#5779=CARTESIAN_POINT('',(-0.0104928742667169,0.0343034350826215,0.0623679222364755));
#5780=CARTESIAN_POINT('',(-0.0104876622271587,0.0341510023844717,0.0625239227123405));
#5781=CARTESIAN_POINT('',(-0.0104844309525054,0.0340708855110242,0.0625857149091355));
#5782=CARTESIAN_POINT('',(-0.0104799562743156,0.0339828474913027,0.0626340519439345));
#5783=CARTESIAN_POINT('',(-0.010497902405221,0.0345021636146445,0.0617546419581444));
#5784=CARTESIAN_POINT('',(-0.0104979023397638,0.0345021646964462,0.061879565682484));
#5785=CARTESIAN_POINT('',(-0.0104976025081538,0.0344773227348829,0.0620127452552817));
#5786=CARTESIAN_POINT('',(-0.010495670678961,0.0343773216965642,0.0622566439659525));
#5787=CARTESIAN_POINT('',(-0.0104939205689405,0.0343025637858908,0.0623672678627305));
#5788=CARTESIAN_POINT('',(-0.0104887099735654,0.0341502891313352,0.0625231030876725));
#5789=CARTESIAN_POINT('',(-0.010485480197161,0.0340702544814322,0.0625848293250295));
#5790=CARTESIAN_POINT('',(-0.0104810086361161,0.0339823067051269,0.0626331142953095));
#5791=CARTESIAN_POINT('',(-0.0104989512026105,0.0345010818073183,0.0617546419581444));
#5792=CARTESIAN_POINT('',(-0.0104989511698819,0.0345010823482192,0.0618794315918288));
#5793=CARTESIAN_POINT('',(-0.0104986507025156,0.0344762674579951,0.0620124685739892));
#5794=CARTESIAN_POINT('',(-0.0104967175216062,0.0343763720154041,0.0622561070285555));
#5795=CARTESIAN_POINT('',(-0.0104949668711641,0.0343016924891602,0.0623666134889865));
#5796=CARTESIAN_POINT('',(-0.0104897577199721,0.0341495758781987,0.0625222834630045));
#5797=CARTESIAN_POINT('',(-0.0104865294418165,0.0340696234518402,0.0625839437409235));
#5798=CARTESIAN_POINT('',(-0.0104820609979165,0.0339817659189512,0.0626321766466855));
#5799=CARTESIAN_POINT('',(-0.0104999999999999,0.0344999999999922,0.0617546419581445));
#5800=CARTESIAN_POINT('',(-0.0105,0.0344999999999924,0.0618792975011745));
#5801=CARTESIAN_POINT('',(-0.0104996988968775,0.0344752121811074,0.0620121918926977));
#5802=CARTESIAN_POINT('',(-0.0104977643642514,0.0343754223342439,0.0622555700911585));
#5803=CARTESIAN_POINT('',(-0.0104960131733877,0.0343008211924295,0.0623659591152415));
#5804=CARTESIAN_POINT('',(-0.0104908054663788,0.0341488626250622,0.0625214638383375));
#5805=CARTESIAN_POINT('',(-0.0104875786864721,0.0340689924222481,0.0625830581568185));
#5806=CARTESIAN_POINT('',(-0.0104831133597169,0.0339812251327755,0.0626312389980605));
#5807=CARTESIAN_POINT('',(-0.0106615065822207,0.0343334101461029,0.0617546419581444));
#5808=CARTESIAN_POINT('',(-0.010661511622175,0.0343333268516187,0.0618586485906704));
#5809=CARTESIAN_POINT('',(-0.0106611126175769,0.0343127078068964,0.0619695851411369));
#5810=CARTESIAN_POINT('',(-0.0106589699311732,0.0342291788749046,0.0621728859381115));
#5811=CARTESIAN_POINT('',(-0.010657135519613,0.0341666483212082,0.0622651906846105));
#5812=CARTESIAN_POINT('',(-0.0106521502054902,0.0340390272293111,0.0623952480600645));
#5813=CARTESIAN_POINT('',(-0.0106491541441697,0.0339718188082384,0.0624466851417475));
#5814=CARTESIAN_POINT('',(-0.0106451688333054,0.0338979482979585,0.0624868484549035));
#5815=CARTESIAN_POINT('',(-0.0108230131644414,0.0341668202922137,0.0617546419581432));
#5816=CARTESIAN_POINT('',(-0.0108230081241984,0.0341669035914705,0.0618380691527425));
#5817=CARTESIAN_POINT('',(-0.0108225233353298,0.0341502155982912,0.0619269796261206));
#5818=CARTESIAN_POINT('',(-0.0108201758809873,0.0340829888290556,0.0620902315698605));
#5819=CARTESIAN_POINT('',(-0.0108182589974183,0.0340325463477593,0.0621644950004585));
#5820=CARTESIAN_POINT('',(-0.0108134939290452,0.0339291703565774,0.0622690032190275));
#5821=CARTESIAN_POINT('',(-0.0108107351410932,0.0338747008280629,0.0623104153677525));
#5822=CARTESIAN_POINT('',(-0.0108072242966355,0.0338146713601256,0.0623424577205655));
#5823=CARTESIAN_POINT('',(-0.0109845197466621,0.0340002304383245,0.0617546419581443));
#5824=CARTESIAN_POINT('',(-0.0109845197469507,0.0340002304335522,0.061817420239586));
#5825=CARTESIAN_POINT('',(-0.0109839370561439,0.0339877112236157,0.0618843728745146));
#5826=CARTESIAN_POINT('',(-0.0109813814478945,0.033936745367676,0.0620075474156755));
#5827=CARTESIAN_POINT('',(-0.0109793813436004,0.03389837347383,0.0620637265670505));
#5828=CARTESIAN_POINT('',(-0.0109748386681954,0.0338193349616467,0.0621427874418665));
#5829=CARTESIAN_POINT('',(-0.0109723105985793,0.0337775272119283,0.0621740423487375));
#5830=CARTESIAN_POINT('',(-0.0109692797702243,0.0337313945253126,0.0621980671774155));
#5831=CARTESIAN_POINT('',(-0.0109854890280245,0.0339992306497195,0.0617546419581442));
#5832=CARTESIAN_POINT('',(-0.0109854890585639,0.0339992301449983,0.0618172963151836));
#5833=CARTESIAN_POINT('',(-0.0109849057801988,0.0339867359540043,0.0618841171701978));
#5834=CARTESIAN_POINT('',(-0.0109823489227142,0.0339358676878964,0.0620070511869242));
#5835=CARTESIAN_POINT('',(-0.0109803483189711,0.0338975682356518,0.0620631218055412));
#5836=CARTESIAN_POINT('',(-0.010975806978257,0.0338186757847898,0.0621420299581853));
#5837=CARTESIAN_POINT('',(-0.0109732802932964,0.0337769440247062,0.0621732239063938));
#5838=CARTESIAN_POINT('',(-0.0109702523457569,0.03373089473959,0.0621972006179201));
#5839=CARTESIAN_POINT('',(-0.0109864583093869,0.0339982308611145,0.0617546419581442));
#5840=CARTESIAN_POINT('',(-0.010986458370177,0.0339982298564444,0.0618171723907813));
#5841=CARTESIAN_POINT('',(-0.0109858745042537,0.0339857606843929,0.0618838614658812));
#5842=CARTESIAN_POINT('',(-0.010983316397534,0.0339349900081168,0.0620065549581729));
#5843=CARTESIAN_POINT('',(-0.0109813152943419,0.0338967629974735,0.0620625170440319));
#5844=CARTESIAN_POINT('',(-0.0109767752883186,0.0338180166079329,0.0621412724745041));
#5845=CARTESIAN_POINT('',(-0.0109742499880136,0.0337763608374841,0.0621724054640501));
#5846=CARTESIAN_POINT('',(-0.0109712249212895,0.0337303949538673,0.0621963340584248));
#5847=CARTESIAN_POINT('',(-0.0109874275907493,0.0339972310725095,0.0617546419581443));
#5848=CARTESIAN_POINT('',(-0.0109874276817902,0.0339972295678904,0.0618170484663789));
#5849=CARTESIAN_POINT('',(-0.0109868432283086,0.0339847854147815,0.0618836057615645));
#5850=CARTESIAN_POINT('',(-0.0109842838723537,0.0339341123283372,0.0620060587294217));
#5851=CARTESIAN_POINT('',(-0.0109822822697126,0.0338959577592953,0.0620619122825227));
#5852=CARTESIAN_POINT('',(-0.0109777435983802,0.033817357431076,0.0621405149908228));
#5853=CARTESIAN_POINT('',(-0.0109752196827307,0.033775777650262,0.0621715870217065));
#5854=CARTESIAN_POINT('',(-0.0109721974968222,0.0337298951681447,0.0621954674989295));
#5855=CARTESIAN_POINT('',(-0.0104831254534595,0.0339813886370507,0.0626311520810737));
#5856=CARTESIAN_POINT('',(-0.0106451747531911,0.0338980843272436,0.0624867729030999));
#5857=CARTESIAN_POINT('',(-0.0108072036788797,0.0338147713043286,0.0623423758848808));
#5858=CARTESIAN_POINT('',(-0.0109692122389587,0.0337314498733323,0.0621979608710971));
#5859=CARTESIAN_POINT('',(-0.0104831235136729,0.0339813876139627,0.0626311504941869));
#5860=CARTESIAN_POINT('',(-0.010969273900897,0.0337314512745444,0.0621979697489055));
#5861=CARTESIAN_POINT('',(-0.010483121613788,0.0339813873876671,0.0626311499061909));
#5862=CARTESIAN_POINT('',(-0.0104991291945407,0.0342960936458585,0.0624583099178561));
#5863=CARTESIAN_POINT('',(-0.0105000000000008,0.0344999999999922,0.062114043429532));
#5864=CARTESIAN_POINT('',(-0.0105,0.0344999999999922,0.0617546419581445));
#5865=CARTESIAN_POINT('',(-0.0109845104938257,0.0340002399823854,0.0617546419581445));
#5866=CARTESIAN_POINT('',(-0.0109845104938257,0.0340002399823854,0.0617995056111015));
#5867=CARTESIAN_POINT('',(-0.0109842098531515,0.0339938466329871,0.0618465010867295));
#5868=CARTESIAN_POINT('',(-0.0109833222827864,0.0339757261259227,0.0619103749409555));
#5869=CARTESIAN_POINT('',(-0.0109830152131998,0.0339695094851906,0.0619283878196365));
#5870=CARTESIAN_POINT('',(-0.0109815385124119,0.0339401107896132,0.0619994390759365));
#5871=CARTESIAN_POINT('',(-0.0109798874241776,0.0339082671748081,0.0620488371965105));
#5872=CARTESIAN_POINT('',(-0.010977485915729,0.0338656283811817,0.0620961856043225));
#5873=CARTESIAN_POINT('',(-0.0109771596756018,0.0338598923524866,0.0621022320891865));
#5874=CARTESIAN_POINT('',(-0.0109748302793364,0.0338193626935203,0.0621427732499235));
#5875=CARTESIAN_POINT('',(-0.0109723044612116,0.0337775843674275,0.0621740115915145));
#5876=CARTESIAN_POINT('',(-0.0109692760954154,0.0337314846834357,0.0621980309711215));
#5877=CARTESIAN_POINT('',(-0.0107347591954459,0.0340305195040152,0.0463428656558755));
#5878=CARTESIAN_POINT('',(-0.0114612422971996,0.0334999999999923,0.0468731799583165));
#5879=CARTESIAN_POINT('',(0.00399846280326137,0.0347147406323268,0.0261070619315737));
#5880=CARTESIAN_POINT('',(-0.0104821152871452,0.0339617486131971,0.0626416527913385));
#5881=CARTESIAN_POINT('',(-0.0104453214181647,0.0332489723589342,0.0630127006237235));
#5882=CARTESIAN_POINT('',(-0.0103561882017775,0.0325389508752004,0.0633823144133395));
#5883=CARTESIAN_POINT('',(-0.0102157190313272,0.0318394139624776,0.0637464702807475));
#5884=CARTESIAN_POINT('',(-0.0106440541028206,0.0338782422492409,0.0624972967459285));
#5885=CARTESIAN_POINT('',(-0.0106031897799204,0.0331594362571113,0.0628715992146505));
#5886=CARTESIAN_POINT('',(-0.0105095701071072,0.0324438859880573,0.0632443502138665));
#5887=CARTESIAN_POINT('',(-0.0103643242807382,0.0317393209886523,0.0636115163278275));
#5888=CARTESIAN_POINT('',(-0.0108059929184959,0.0337947358852847,0.0623529407005185));
#5889=CARTESIAN_POINT('',(-0.0107610581416761,0.0330699001552883,0.0627304978055785));
#5890=CARTESIAN_POINT('',(-0.0106629520124368,0.0323488211009142,0.0631063860143935));
#5891=CARTESIAN_POINT('',(-0.0105129295301492,0.0316392280148271,0.0634765623749075));
#5892=CARTESIAN_POINT('',(-0.0109679317341713,0.0337112295213286,0.0622085846551095));
#5893=CARTESIAN_POINT('',(-0.0109189265034318,0.0329803640534654,0.0625893963965055));
#5894=CARTESIAN_POINT('',(-0.0108163339177664,0.0322537562137711,0.0629684218149205));
#5895=CARTESIAN_POINT('',(-0.0106615347795602,0.0315391350410018,0.0633416084219885));
#5896=CARTESIAN_POINT('',(-0.0109689095917422,0.0337107252732898,0.0622077129700145));
#5897=CARTESIAN_POINT('',(-0.0109198797818173,0.0329798233952256,0.0625885443643315));
#5898=CARTESIAN_POINT('',(-0.0108172601049609,0.0322531821703015,0.0629675887265935));
#5899=CARTESIAN_POINT('',(-0.0106624321232119,0.0315385306357402,0.0633407935108505));
#5900=CARTESIAN_POINT('',(-0.0109698874493131,0.0337102210252509,0.0622068412849195));
#5901=CARTESIAN_POINT('',(-0.0109208330602027,0.0329792827369858,0.0625876923321575));
#5902=CARTESIAN_POINT('',(-0.0108181862921554,0.0322526081268318,0.0629667556382675));
#5903=CARTESIAN_POINT('',(-0.0106633294668636,0.0315379262304786,0.0633399785997125));
#5904=CARTESIAN_POINT('',(-0.010970865306884,0.0337097167772121,0.0622059695998245));
#5905=CARTESIAN_POINT('',(-0.0109217863385882,0.032978742078746,0.0625868402999845));
#5906=CARTESIAN_POINT('',(-0.0108191124793498,0.0322520340833621,0.0629659225499405));
#5907=CARTESIAN_POINT('',(-0.0106642268105154,0.031537321825217,0.0633391636885745));
#5908=CARTESIAN_POINT('',(-0.0109678965230587,0.0337112158256174,0.0622085530874842));
#5909=CARTESIAN_POINT('',(-0.0108059782085939,0.0337947297732196,0.0623529269840291));
#5910=CARTESIAN_POINT('',(-0.0106440378450966,0.0338782351446302,0.0624972811130769));
#5911=CARTESIAN_POINT('',(-0.0104820754177548,0.0339617315935661,0.0626416156451594));
#5912=CARTESIAN_POINT('',(-0.010967930693388,0.0337112140496317,0.0622085541363005));
#5913=CARTESIAN_POINT('',(-0.0104820756132104,0.0339617451435012,0.0626416451689289));
#5914=CARTESIAN_POINT('',(-0.0109693983299416,0.03373310237424,0.0621971879760041));
#5915=CARTESIAN_POINT('',(-0.0109689094646848,0.0337258114232695,0.0622009868690391));
#5916=CARTESIAN_POINT('',(-0.0109684205994281,0.0337185204722991,0.0622047857620745));
#5917=CARTESIAN_POINT('',(-0.0109679317341713,0.0337112295213286,0.0622085846551095));
#5918=CARTESIAN_POINT('',(-0.0109434649056729,0.0333463305138599,0.0623987124318045));
#5919=CARTESIAN_POINT('',(-0.0109056442251449,0.0329821968818811,0.0625885288650735));
#5920=CARTESIAN_POINT('',(-0.010803438136805,0.0322576434584649,0.0629664771744215));
#5921=CARTESIAN_POINT('',(-0.0107391088839183,0.0318972519781224,0.0631545940299685));
#5922=CARTESIAN_POINT('',(-0.010661535915164,0.0315391402834547,0.0633416056842955));
#5923=CARTESIAN_POINT('',(-0.0106615204112888,0.0315390687123032,0.0633414644681525));
#5924=CARTESIAN_POINT('',(-0.0102156617064288,0.0318393981033282,0.0637464187748208));
#5925=CARTESIAN_POINT('',(-0.0103643695840375,0.0317393228018027,0.063611534799835));
#5926=CARTESIAN_POINT('',(-0.010512948758384,0.0316392119556005,0.0634765353030178));
#5927=CARTESIAN_POINT('',(-0.010661399701593,0.0315390689033484,0.063341418789992));
#5928=CARTESIAN_POINT('',(-0.0102157190601788,0.0318394139430446,0.0637464702545465));
#5929=CARTESIAN_POINT('',(0.000298857231590991,0.034244815925925,0.0624942972752075));
#5930=CARTESIAN_POINT('',(-0.0097341426209724,0.0335742503265945,0.0618065494923985));
#5931=CARTESIAN_POINT('',(-0.010482035670481,0.0339617508271204,0.0626416516388571));
#5932=CARTESIAN_POINT('',(-0.0104824173490084,0.0339683344669158,0.0626382243920219));
#5933=CARTESIAN_POINT('',(-0.0104827813604902,0.0339748799070598,0.0626347238803555));
#5934=CARTESIAN_POINT('',(-0.0104831278775384,0.0339813871128327,0.0626311500571321));
#5935=CARTESIAN_POINT('',(-0.0109692717263895,0.0337314181716189,0.0621979083617095));
#5936=CARTESIAN_POINT('',(-0.0109688319181919,0.0337247235901267,0.0622015339768104));
#5937=CARTESIAN_POINT('',(-0.0109683846239985,0.0337179837240658,0.0622050723888855));
#5938=CARTESIAN_POINT('',(-0.0109679296600892,0.0337111985888866,0.0622085236040359));
#5939=CARTESIAN_POINT('',(-0.0101976597832972,0.031768568007574,0.0637870304651767));
#5940=CARTESIAN_POINT('',(-0.0101972862998764,0.0317668394471579,0.0637879310443047));
#5941=CARTESIAN_POINT('',(-0.0101969128164556,0.0317651108867418,0.0637888316234328));
#5942=CARTESIAN_POINT('',(-0.0101965393330347,0.0317633823263257,0.0637897322025608));
#5943=CARTESIAN_POINT('',(-0.0101729219801535,0.0316540762124613,0.0638466806342131));
#5944=CARTESIAN_POINT('',(-0.0101454870363089,0.0315327356916414,0.0638830898178968));
#5945=CARTESIAN_POINT('',(-0.0100889627062659,0.0312925468179295,0.0639107083921168));
#5946=CARTESIAN_POINT('',(-0.0100559079833173,0.0311570995535729,0.0639025310197087));
#5947=CARTESIAN_POINT('',(-0.0100049687849892,0.0309544551598138,0.063844716128097));
#5948=CARTESIAN_POINT('',(-0.00998718872770734,0.0308847188458958,0.0638163536492531));
#5949=CARTESIAN_POINT('',(-0.00997024239261993,0.0308189151975864,0.0637803957487511));
#5950=CARTESIAN_POINT('',(-0.0101986441339175,0.0317679835108669,0.0637861080300227));
#5951=CARTESIAN_POINT('',(-0.010198270986984,0.0317662565474949,0.0637870075286053));
#5952=CARTESIAN_POINT('',(-0.0101978978400505,0.0317645295841228,0.063787907027188));
#5953=CARTESIAN_POINT('',(-0.0101975246931171,0.0317628026207508,0.0637888065257707));
#5954=CARTESIAN_POINT('',(-0.0101739286181287,0.0316535974965181,0.0638456866287652));
#5955=CARTESIAN_POINT('',(-0.010146519596828,0.0315323717152514,0.0638820445667553));
#5956=CARTESIAN_POINT('',(-0.0100900511732227,0.0312924185744186,0.0639096033864843));
#5957=CARTESIAN_POINT('',(-0.0100570305826001,0.0311571094094866,0.0639014145547853));
#5958=CARTESIAN_POINT('',(-0.0100061473840791,0.0309546853425243,0.0638436338717478));
#5959=CARTESIAN_POINT('',(-0.00998838739622036,0.0308850271416222,0.0638152926685229));
#5960=CARTESIAN_POINT('',(-0.00997146082258162,0.0308192997707022,0.0637793665606659));
#5961=CARTESIAN_POINT('',(-0.0101996284845378,0.0317673990141599,0.0637851855948696));
#5962=CARTESIAN_POINT('',(-0.0101992556740917,0.0317656736478319,0.0637860840129069));
#5963=CARTESIAN_POINT('',(-0.0101988828636455,0.031763948281504,0.0637869824309442));
#5964=CARTESIAN_POINT('',(-0.0101985100531994,0.031762222915176,0.0637878808489816));
#5965=CARTESIAN_POINT('',(-0.0101749352561039,0.031653118780575,0.0638446926233174));
#5966=CARTESIAN_POINT('',(-0.0101475521573472,0.0315320077388613,0.0638809993156129));
#5967=CARTESIAN_POINT('',(-0.0100911396401796,0.0312922903309076,0.0639084983808509));
#5968=CARTESIAN_POINT('',(-0.0100581531818829,0.0311571192654003,0.0639002980898609));
#5969=CARTESIAN_POINT('',(-0.0100073259831689,0.0309549155252346,0.0638425516153977));
#5970=CARTESIAN_POINT('',(-0.00998958606473328,0.0308853354373486,0.0638142316877917));
#5971=CARTESIAN_POINT('',(-0.00997267925254331,0.0308196843438181,0.0637783373725797));
#5972=CARTESIAN_POINT('',(-0.0102006128351581,0.0317668145174529,0.0637842631597157));
#5973=CARTESIAN_POINT('',(-0.0102002403611993,0.0317650907481689,0.0637851604972076));
#5974=CARTESIAN_POINT('',(-0.0101998678872405,0.031763366978885,0.0637860578346996));
#5975=CARTESIAN_POINT('',(-0.0101994954132817,0.0317616432096011,0.0637869551721915));
#5976=CARTESIAN_POINT('',(-0.010175941894079,0.0316526400646317,0.0638436986178695));
#5977=CARTESIAN_POINT('',(-0.0101485847178663,0.0315316437624713,0.0638799540644715));
#5978=CARTESIAN_POINT('',(-0.0100922281071364,0.0312921620873967,0.0639073933752185));
#5979=CARTESIAN_POINT('',(-0.0100592757811656,0.0311571291213141,0.0638991816249375));
#5980=CARTESIAN_POINT('',(-0.0100085045822587,0.030955145707945,0.0638414693590485));
#5981=CARTESIAN_POINT('',(-0.0099907847332463,0.0308856437330749,0.0638131707070615));
#5982=CARTESIAN_POINT('',(-0.0099738976825049,0.030820068916934,0.0637773081844945));
#5983=CARTESIAN_POINT('',(-0.0103512959187248,0.0316773405390442,0.0636430580134145));
#5984=CARTESIAN_POINT('',(-0.0103509749538001,0.0316758612431403,0.0636437899424612));
#5985=CARTESIAN_POINT('',(-0.0103506539888753,0.0316743819472364,0.0636445218715079));
#5986=CARTESIAN_POINT('',(-0.0103503330239506,0.0316729026513326,0.0636452538005545));
#5987=CARTESIAN_POINT('',(-0.0103300366962765,0.0315793588648383,0.0636915375861655));
#5988=CARTESIAN_POINT('',(-0.0103066477086155,0.0314759267408521,0.0637199484100845));
#5989=CARTESIAN_POINT('',(-0.0102588491809966,0.0312725307413363,0.0637382405828375));
#5990=CARTESIAN_POINT('',(-0.0102311217860773,0.0311586378514806,0.0637282746595545));
#5991=CARTESIAN_POINT('',(-0.0101889229631474,0.0309903817710605,0.0636757989966895));
#5992=CARTESIAN_POINT('',(-0.0101742753147325,0.0309328372327675,0.0636507571881555));
#5993=CARTESIAN_POINT('',(-0.0101604133202663,0.0308789388579513,0.0636197614413985));
#5994=CARTESIAN_POINT('',(-0.010501976766511,0.0315878608365288,0.0635018489830393));
#5995=CARTESIAN_POINT('',(-0.0105017080558805,0.0315866279220407,0.063502416798333));
#5996=CARTESIAN_POINT('',(-0.0105014393452501,0.0315853950075525,0.0635029846136267));
#5997=CARTESIAN_POINT('',(-0.0105011706346196,0.0315841620930644,0.0635035524289205));
#5998=CARTESIAN_POINT('',(-0.0104841786252586,0.0315061983203365,0.0635394584247855));
#5999=CARTESIAN_POINT('',(-0.0104647109224748,0.03142020777844,0.0635599507953995));
#6000=CARTESIAN_POINT('',(-0.0104254825481425,0.0312529341897936,0.0635691065841015));
#6001=CARTESIAN_POINT('',(-0.0104029898479915,0.0311602043348645,0.0635574283420765));
#6002=CARTESIAN_POINT('',(-0.010369333383444,0.0310255975979247,0.0635101080295795));
#6003=CARTESIAN_POINT('',(-0.0103577781410193,0.0309800655032332,0.0634883883216335));
#6004=CARTESIAN_POINT('',(-0.0103469289580277,0.0309378087989686,0.0634622146983055));
#6005=CARTESIAN_POINT('',(-0.0106526598501724,0.0314983868583629,0.063360643836903));
#6006=CARTESIAN_POINT('',(-0.0106524426485444,0.031497398417174,0.0633610462436965));
#6007=CARTESIAN_POINT('',(-0.0106522254469164,0.031496409975985,0.06336144865049));
#6008=CARTESIAN_POINT('',(-0.0106520082452884,0.031495421534796,0.0633618510572835));
#6009=CARTESIAN_POINT('',(-0.0106382734254582,0.0314329171154277,0.0633872973896085));
#6010=CARTESIAN_POINT('',(-0.0106227739132144,0.0313644907569029,0.0633999451406705));
#6011=CARTESIAN_POINT('',(-0.0105921036214814,0.0312333028422579,0.0633999537909235));
#6012=CARTESIAN_POINT('',(-0.0105748358519681,0.0311617130625826,0.0633865213741205));
#6013=CARTESIAN_POINT('',(-0.0105497517646701,0.031060833661898,0.0633444376680925));
#6014=CARTESIAN_POINT('',(-0.0105412687219863,0.0310272590014517,0.0633259748008345));
#6015=CARTESIAN_POINT('',(-0.010533444595789,0.030996678739986,0.0633046679552105));
#6016=CARTESIAN_POINT('',(-0.0104078869906574,0.0316390062483447,0.0635911434370112));
#6017=CARTESIAN_POINT('',(-0.0103381806247724,0.0316798878348555,0.0636563237384408));
#6018=CARTESIAN_POINT('',(-0.0102684730044902,0.0317207691332338,0.0637215028790877));
#6019=CARTESIAN_POINT('',(-0.0101987641292805,0.0317616501402148,0.0637866808603407));
#6020=CARTESIAN_POINT('',(-0.0104078869906576,0.0316390062483445,0.0635911434370115));
#6021=CARTESIAN_POINT('',(-0.0101990249826998,0.0317617278008872,0.0637869111367573));
#6022=CARTESIAN_POINT('',(-0.01065231171878,0.0314956823107873,0.0633625721240556));
#6023=CARTESIAN_POINT('',(-0.010570838504405,0.0315434573426845,0.0634387641321791));
#6024=CARTESIAN_POINT('',(-0.0104893635953114,0.0315912319902479,0.0635149545691063));
#6025=CARTESIAN_POINT('',(-0.0104078869906574,0.0316390062483446,0.0635911434370112));
#6026=CARTESIAN_POINT('',(-0.0106520512212172,0.0314956664212881,0.0633623024582229));
#6027=CARTESIAN_POINT('',(-0.0106520114483585,0.0314954854074945,0.0633618363624613));
#6028=CARTESIAN_POINT('',(-0.0106159815330866,0.0313315172505406,0.0634285898355032));
#6029=CARTESIAN_POINT('',(-0.0105704978439791,0.0311415423410131,0.063405613541322));
#6030=CARTESIAN_POINT('',(-0.0105334327346902,0.0309966749962668,0.0633046779740887));
#6031=CARTESIAN_POINT('',(-0.0105334327346903,0.0309966749962668,0.0633046779740885));
#6032=CARTESIAN_POINT('',(-0.0105334327346903,0.0309966749962667,0.0633046779740885));
#6033=CARTESIAN_POINT('',(-0.0099738976825047,0.030820068916934,0.0637773081844947));
#6034=CARTESIAN_POINT('',(-0.0099738976825049,0.0308200689169341,0.0637773081844945));
#6035=CARTESIAN_POINT('',(-0.0100484932920932,0.0311097342622149,0.0639357246405898));
#6036=CARTESIAN_POINT('',(-0.0101357700992372,0.0314667372041663,0.0639404754012416));
#6037=CARTESIAN_POINT('',(-0.010199496374426,0.0317616476576144,0.0637869528566883));
#6038=CARTESIAN_POINT('',(-0.0085363198863451,0.0312999921366532,0.0620733309645015));
#6039=CARTESIAN_POINT('',(-0.0069527299092015,0.0321909279620828,0.0635634836747455));
#6040=CARTESIAN_POINT('',(-0.0106520970707123,0.0314958750420295,0.0633627565163827));
#6041=CARTESIAN_POINT('',(-0.0106552732674484,0.0315103313960303,0.063355793691864));
#6042=CARTESIAN_POINT('',(-0.0106584090919465,0.0315247061305423,0.0633486489339979));
#6043=CARTESIAN_POINT('',(-0.0106615053277214,0.0315389990813565,0.0633413222574449));
#6044=CARTESIAN_POINT('',(-0.00673701098243031,0.0242318063341725,0.0586075141336356));
#6045=CARTESIAN_POINT('',(-0.00674779612155921,0.0242429185341597,0.0586151813214256));
#6046=CARTESIAN_POINT('',(-0.0067585812606881,0.0242540307341468,0.0586228485092156));
#6047=CARTESIAN_POINT('',(-0.006769366399817,0.0242651429341339,0.0586305156970055));
#6048=CARTESIAN_POINT('',(-0.0085667428176014,0.0261170250441232,0.0599082759891685));
#6049=CARTESIAN_POINT('',(-0.0098651442272762,0.0284298580180729,0.0615104373863645));
#6050=CARTESIAN_POINT('',(-0.010514963039272,0.030905269819663,0.0632348709898635));
#6051=CARTESIAN_POINT('',(-0.00673520515108827,0.024232150807854,0.058609616974038));
#6052=CARTESIAN_POINT('',(-0.00674598934934867,0.0242432609875639,0.0586172831223248));
#6053=CARTESIAN_POINT('',(-0.00675677354760909,0.0242543711672737,0.0586249492706116));
#6054=CARTESIAN_POINT('',(-0.0067675577458695,0.0242654813469836,0.0586326154188985));
#6055=CARTESIAN_POINT('',(-0.0085647773650433,0.0261170267715892,0.0599102024746895));
#6056=CARTESIAN_POINT('',(-0.0098631839708203,0.0284295286639672,0.0615121891473465));
#6057=CARTESIAN_POINT('',(-0.0105130940303834,0.0309046792199961,0.0632364690933815));
#6058=CARTESIAN_POINT('',(-0.00673339931974634,0.0242324952815355,0.0586117198144413));
#6059=CARTESIAN_POINT('',(-0.00674418257713826,0.024243603440968,0.058619384923225));
#6060=CARTESIAN_POINT('',(-0.00675496583453017,0.0242547116004006,0.0586270500320088));
#6061=CARTESIAN_POINT('',(-0.0067657490919221,0.0242658197598332,0.0586347151407925));
#6062=CARTESIAN_POINT('',(-0.0085628119124851,0.0261170284990552,0.0599121289602095));
#6063=CARTESIAN_POINT('',(-0.0098612237143644,0.0284291993098616,0.0615139409083285));
#6064=CARTESIAN_POINT('',(-0.0105112250214949,0.0309040886203291,0.0632380671968985));
#6065=CARTESIAN_POINT('',(-0.00673159348840432,0.0242328397552169,0.0586138226548437));
#6066=CARTESIAN_POINT('',(-0.00674237580492775,0.0242439458943722,0.0586214867241243));
#6067=CARTESIAN_POINT('',(-0.00675315812145118,0.0242550520335276,0.0586291507934049));
#6068=CARTESIAN_POINT('',(-0.0067639404379746,0.0242661581726829,0.0586368148626855));
#6069=CARTESIAN_POINT('',(-0.0085608464599269,0.0261170302265212,0.0599140554457305));
#6070=CARTESIAN_POINT('',(-0.0098592634579085,0.0284288699557559,0.0615156926693095));
#6071=CARTESIAN_POINT('',(-0.0105093560126064,0.0309034980206622,0.0632396653004165));
#6072=CARTESIAN_POINT('',(-0.00655101035420549,0.024267287123364,0.0588241066950974));
#6073=CARTESIAN_POINT('',(-0.00656169858388016,0.0242781912347933,0.0588316668140668));
#6074=CARTESIAN_POINT('',(-0.00657238681355483,0.0242890953462225,0.0588392269330362));
#6075=CARTESIAN_POINT('',(-0.0065830750432295,0.0242999994576518,0.0588467870520055));
#6076=CARTESIAN_POINT('',(-0.0083643012041094,0.0261172029731223,0.0601067039977895));
#6077=CARTESIAN_POINT('',(-0.0096632378123181,0.0283959345451925,0.0616908687674675));
#6078=CARTESIAN_POINT('',(-0.0103224551237546,0.0308444380539699,0.0633994756521745));
#6079=CARTESIAN_POINT('',(-0.00637042722000647,0.024301734491511,0.0590343907353512));
#6080=CARTESIAN_POINT('',(-0.00638102136283238,0.0243124365752142,0.0590418469040093));
#6081=CARTESIAN_POINT('',(-0.00639161550565829,0.0243231386589174,0.0590493030726674));
#6082=CARTESIAN_POINT('',(-0.0064022096484842,0.0243338407426206,0.0590567592413255));
#6083=CARTESIAN_POINT('',(-0.0081677559482919,0.0261173757197234,0.0602993525498495));
#6084=CARTESIAN_POINT('',(-0.0094672121667277,0.0283629991346291,0.0618660448656255));
#6085=CARTESIAN_POINT('',(-0.010135554234903,0.0307853780872774,0.0635592860039345));
#6086=CARTESIAN_POINT('',(-0.00618984408580766,0.0243361818596579,0.0592446747756061));
#6087=CARTESIAN_POINT('',(-0.0062003441417848,0.0243466819156351,0.0592520269939529));
#6088=CARTESIAN_POINT('',(-0.00621084419776195,0.0243571819716122,0.0592593792122997));
#6089=CARTESIAN_POINT('',(-0.0062213442537391,0.0243676820275894,0.0592667314306465));
#6090=CARTESIAN_POINT('',(-0.0079712106924743,0.0261175484663245,0.0604920011019075));
#6091=CARTESIAN_POINT('',(-0.0092711865211373,0.0283300637240658,0.0620412209637825));
#6092=CARTESIAN_POINT('',(-0.0099486533460512,0.0307263181205851,0.0637190963556935));
#6093=CARTESIAN_POINT('',(-0.00618869668871199,0.0243364007328674,0.0592460108876307));
#6094=CARTESIAN_POINT('',(-0.00619919614687596,0.0243468995051919,0.0592533624454935));
#6095=CARTESIAN_POINT('',(-0.00620969560503993,0.0243573982775164,0.0592607140033562));
#6096=CARTESIAN_POINT('',(-0.0062201950632039,0.0243678970498408,0.0592680655612188));
#6097=CARTESIAN_POINT('',(-0.00796996187454514,0.0261175495639295,0.0604932251607882));
#6098=CARTESIAN_POINT('',(-0.00926994100473056,0.0283298544575992,0.0620423340054137));
#6099=CARTESIAN_POINT('',(-0.00994746580692692,0.0307259428627596,0.0637201117657664));
#6100=CARTESIAN_POINT('',(-0.00618754929161632,0.024336619606077,0.0592473469996553));
#6101=CARTESIAN_POINT('',(-0.00619804815196712,0.0243471170947487,0.059254697897034));
#6102=CARTESIAN_POINT('',(-0.00620854701231791,0.0243576145834205,0.0592620487944127));
#6103=CARTESIAN_POINT('',(-0.0062190458726687,0.0243681120720923,0.0592693996917912));
#6104=CARTESIAN_POINT('',(-0.00796871305661598,0.0261175506615345,0.0604944492196689));
#6105=CARTESIAN_POINT('',(-0.00926869548832382,0.0283296451911325,0.0620434470470449));
#6106=CARTESIAN_POINT('',(-0.00994627826780265,0.0307255676049342,0.0637211271758393));
#6107=CARTESIAN_POINT('',(-0.00618640189452065,0.0243368384792865,0.05924868311168));
#6108=CARTESIAN_POINT('',(-0.00619690015705827,0.0243473346843056,0.0592560333485746));
#6109=CARTESIAN_POINT('',(-0.00620739841959589,0.0243578308893246,0.0592633835854692));
#6110=CARTESIAN_POINT('',(-0.00621789668213351,0.0243683270943437,0.0592707338223637));
#6111=CARTESIAN_POINT('',(-0.00796746423868682,0.0261175517591395,0.0604956732785495));
#6112=CARTESIAN_POINT('',(-0.00926744997191707,0.0283294359246659,0.0620445600886761));
#6113=CARTESIAN_POINT('',(-0.00994509072867837,0.0307251923471087,0.0637221425859122));
#6114=CARTESIAN_POINT('',(-0.009948653335975,0.03072631812248,0.0637190963570205));
#6115=CARTESIAN_POINT('',(-0.0105092666732842,0.0309034697897648,0.0632397416903479));
#6116=CARTESIAN_POINT('',(-0.0105092666732846,0.0309034697897668,0.0632397416903495));
#6117=CARTESIAN_POINT('',(-0.00987686759951518,0.0284962216401438,0.0615627085853326));
#6118=CARTESIAN_POINT('',(-0.00863850972573746,0.0261971214542544,0.0599694157309073));
#6119=CARTESIAN_POINT('',(-0.00676385135830285,0.0242661716447677,0.0586369133640841));
#6120=CARTESIAN_POINT('',(-0.00676365912511615,0.0242659736466738,0.0586374707334009));
#6121=CARTESIAN_POINT('',(-0.0062210256004649,0.0243679780146771,0.0592667616216515));
#6122=CARTESIAN_POINT('',(-0.00640195278524017,0.0243338907075264,0.0590570547052186));
#6123=CARTESIAN_POINT('',(-0.00658287997001544,0.0242998034003757,0.0588473477887856));
#6124=CARTESIAN_POINT('',(-0.00676380715479071,0.024265716093225,0.0586376408723526));
#6125=CARTESIAN_POINT('',(-0.0099705370742653,0.0308190082079703,0.0637801468359305));
#6126=CARTESIAN_POINT('',(-0.0099621796223088,0.0307865562446839,0.0637624270114645));
#6127=CARTESIAN_POINT('',(-0.0099537870765937,0.0307553089985554,0.0637430207005225));
#6128=CARTESIAN_POINT('',(-0.0099452862616087,0.0307252541347532,0.0637219753946845));
#6129=CARTESIAN_POINT('',(-0.0101581689610737,0.0308782304707357,0.0636216572153165));
#6130=CARTESIAN_POINT('',(-0.0101499455726574,0.0308462315658679,0.0636026227530165));
#6131=CARTESIAN_POINT('',(-0.0101416654088402,0.030815043862983,0.0635824700205005));
#6132=CARTESIAN_POINT('',(-0.010133279732167,0.0307846593530896,0.0635612308265705));
#6133=CARTESIAN_POINT('',(-0.010345800847882,0.0309374527335012,0.0634631675947025));
#6134=CARTESIAN_POINT('',(-0.010337711523006,0.030905906887052,0.0634428184945685));
#6135=CARTESIAN_POINT('',(-0.0103295437410867,0.0308747787274106,0.0634219193404805));
#6136=CARTESIAN_POINT('',(-0.0103212732027253,0.0308440645714261,0.0634004862584585));
#6137=CARTESIAN_POINT('',(-0.0105334327346903,0.0309966749962667,0.0633046779740885));
#6138=CARTESIAN_POINT('',(-0.0105254774733546,0.030965582208236,0.0632830142361205));
#6139=CARTESIAN_POINT('',(-0.0105174220733331,0.0309345135918381,0.0632613686604595));
#6140=CARTESIAN_POINT('',(-0.0105092666732835,0.0309034697897626,0.0632397416903465));
#6141=CARTESIAN_POINT('',(-0.0099094837038199,0.0313361220299016,0.0628640598650475));
#6142=CARTESIAN_POINT('',(0.000479387272578699,0.0337986939272948,0.0654024194357965));
#6143=CARTESIAN_POINT('',(-0.000979311444145462,0.0188024803310666,0.0550909700540745));
#6144=CARTESIAN_POINT('',(-0.00606470563260354,0.0242107618138591,0.0591566116383012));
#6145=CARTESIAN_POINT('',(-0.00624584974814511,0.0241765542409474,0.058946763786232));
#6146=CARTESIAN_POINT('',(-0.00642699386368668,0.0241423466680357,0.0587369159341628));
#6147=CARTESIAN_POINT('',(-0.00660813797922826,0.024108139095124,0.0585270680820936));
#6148=CARTESIAN_POINT('',(-0.0064162268319828,0.0242377483342063,0.0588950096131825));
#6149=CARTESIAN_POINT('',(0.00399846280326182,0.0347147406323272,0.0842233882646845));
#6150=CARTESIAN_POINT('',(0.00500000000000006,0.0334999999999922,0.0454589663959435));
#6151=CARTESIAN_POINT('',(0.00500000000000009,0.0342071067811787,0.0461660731771305));
#6152=CARTESIAN_POINT('',(0.00500000000000009,0.0334999999999922,0.0468731799583165));
#6153=CARTESIAN_POINT('',(0.00500000000000009,0.0344999999999922,0.0468731799583165));
#6154=CARTESIAN_POINT('',(0.005,0.0344999999999922,0.0663614568544595));
#6155=CARTESIAN_POINT('',(0.005,0.0344999999999922,0.0617546419581445));
#6156=CARTESIAN_POINT('',(0.005,0.0334999999999922,0.0617546419581445));
#6157=CARTESIAN_POINT('',(0.005,0.0339617486132273,0.0626416527913225));
#6158=CARTESIAN_POINT('',(0.005,0.0328616959114141,0.0632143039817575));
#6159=CARTESIAN_POINT('',(0.005,0.031761643209601,0.0637869551721915));
#6160=CARTESIAN_POINT('',(0.005,0.0312998945963659,0.0628999443390135));
#6161=CARTESIAN_POINT('',(0.00499490705928813,0.0228180759462094,0.0579027203741985));
#6162=CARTESIAN_POINT('',(0.00526674243788643,0.0227667424378787,0.0575878110676935));
#6163=CARTESIAN_POINT('',(0.00660813797922774,0.024108139095124,0.0585270680820936));
#6164=CARTESIAN_POINT('',(0.00642699386169147,0.0241423466684124,0.0587369159364736));
#6165=CARTESIAN_POINT('',(0.0062458497441552,0.0241765542417007,0.0589467637908536));
#6166=CARTESIAN_POINT('',(0.00606470562661892,0.0242107618149891,0.0591566116452336));
#6167=CARTESIAN_POINT('',(0.00641622683198269,0.0242377483342062,0.0588950096131835));
#6168=CARTESIAN_POINT('',(0.00997045770075561,0.0308189831553049,0.0637802138814505));
#6169=CARTESIAN_POINT('',(0.0099876551199619,0.0308857618612808,0.0638167063778335));
#6170=CARTESIAN_POINT('',(0.0100057260688045,0.0309566490162741,0.0638453993581095));
#6171=CARTESIAN_POINT('',(0.0100566642380563,0.0311593813981273,0.0639024879308815));
#6172=CARTESIAN_POINT('',(0.0100894109477633,0.0312936123191648,0.0639103863530715));
#6173=CARTESIAN_POINT('',(0.0101456616430763,0.0315326374813807,0.0638829099833595));
#6174=CARTESIAN_POINT('',(0.0101730990943065,0.0316539880621337,0.0638465068446045));
#6175=CARTESIAN_POINT('',(0.0101967134555111,0.0317632798868498,0.0637895686266885));
#6176=CARTESIAN_POINT('',(0.0099716043613387,0.0308193450758479,0.0637792453157985));
#6177=CARTESIAN_POINT('',(0.00998878290381003,0.0308860509191111,0.0638157074396835));
#6178=CARTESIAN_POINT('',(0.0100068346600598,0.0309568633669997,0.0638443802296695));
#6179=CARTESIAN_POINT('',(0.0100577201693904,0.0311593884801276,0.0639014373995845));
#6180=CARTESIAN_POINT('',(0.0100904350630258,0.0312934906265952,0.0639093466909515));
#6181=CARTESIAN_POINT('',(0.0101466333891896,0.0315322949735945,0.0638819262918335));
#6182=CARTESIAN_POINT('',(0.0101740464384148,0.0316535375457447,0.0638455713853195));
#6183=CARTESIAN_POINT('',(0.0101976407747679,0.0317627343277669,0.0637886974751895));
#6184=CARTESIAN_POINT('',(0.00997275102192179,0.0308197069963909,0.0637782767501465));
#6185=CARTESIAN_POINT('',(0.00998991068765817,0.0308863399769415,0.0638147085015345));
#6186=CARTESIAN_POINT('',(0.0100079432513151,0.0309570777177253,0.0638433611012295));
#6187=CARTESIAN_POINT('',(0.0100587761007246,0.0311593955621278,0.0639003868682865));
#6188=CARTESIAN_POINT('',(0.0100914591782883,0.0312933689340257,0.0639083070288325));
#6189=CARTESIAN_POINT('',(0.0101476051353029,0.0315319524658083,0.0638809426003085));
#6190=CARTESIAN_POINT('',(0.010174993782523,0.0316530870293556,0.0638446359260345));
#6191=CARTESIAN_POINT('',(0.0101985680940248,0.031762188768684,0.0637878263236905));
#6192=CARTESIAN_POINT('',(0.00997389768250488,0.0308200689169339,0.0637773081844945));
#6193=CARTESIAN_POINT('',(0.0099910384715063,0.0308866290347718,0.0638137095633855));
#6194=CARTESIAN_POINT('',(0.0100090518425704,0.0309572920684509,0.0638423419727895));
#6195=CARTESIAN_POINT('',(0.0100598320320587,0.0311594026441281,0.0638993363369895));
#6196=CARTESIAN_POINT('',(0.0100924832935508,0.0312932472414562,0.0639072673667125));
#6197=CARTESIAN_POINT('',(0.0101485768814162,0.0315316099580221,0.0638799589087825));
#6198=CARTESIAN_POINT('',(0.0101759411266313,0.0316526365129665,0.0638437004667495));
#6199=CARTESIAN_POINT('',(0.0101994954132817,0.031761643209601,0.0637869551721915));
#6200=CARTESIAN_POINT('',(0.0101604133306615,0.0308789388612322,0.0636197614326195));
#6201=CARTESIAN_POINT('',(0.0101744836326263,0.0309336471405432,0.0636512224254225));
#6202=CARTESIAN_POINT('',(0.0101893751392555,0.0309921583271391,0.0636765706849655));
#6203=CARTESIAN_POINT('',(0.0102315896734227,0.0311605546012896,0.0637284570648475));
#6204=CARTESIAN_POINT('',(0.0102590657372001,0.0312734527453216,0.0637381560734825));
#6205=CARTESIAN_POINT('',(0.0103066409666764,0.0314758976899929,0.0637199517844285));
#6206=CARTESIAN_POINT('',(0.0103300359851989,0.0315793555808802,0.0636915387918465));
#6207=CARTESIAN_POINT('',(0.0103503330323573,0.0316729026463868,0.0636452537926575));
#6208=CARTESIAN_POINT('',(0.010346928978818,0.0309378088055306,0.0634622146807445));
#6209=CARTESIAN_POINT('',(0.0103579411543442,0.0309807003921604,0.0634887820619665));
#6210=CARTESIAN_POINT('',(0.0103696906279166,0.0310270048605127,0.0635107788762085));
#6211=CARTESIAN_POINT('',(0.0104033688879852,0.0311617629175026,0.0635576382988945));
#6212=CARTESIAN_POINT('',(0.0104256602099508,0.0312536923230352,0.0635690637268995));
#6213=CARTESIAN_POINT('',(0.010464705517962,0.0314201841960849,0.0635599530562255));
#6214=CARTESIAN_POINT('',(0.0104841781471388,0.0315061960038145,0.0635394598716905));
#6215=CARTESIAN_POINT('',(0.0105011706514331,0.0315841620831724,0.0635035524131245));
#6216=CARTESIAN_POINT('',(0.0105334446269746,0.030996678749829,0.0633046679288685));
#6217=CARTESIAN_POINT('',(0.0105413863149387,0.0310277184964378,0.0633262949220155));
#6218=CARTESIAN_POINT('',(0.0105500139249336,0.0310618711200394,0.0633450075892565));
#6219=CARTESIAN_POINT('',(0.0105751265284322,0.0311629148722682,0.0633867590241785));
#6220=CARTESIAN_POINT('',(0.0105922426530888,0.0312338978254523,0.0633999524328635));
#6221=CARTESIAN_POINT('',(0.0106227696032023,0.0313644719281078,0.0633999459315135));
#6222=CARTESIAN_POINT('',(0.0106382730036956,0.0314329150665697,0.0633872981932715));
#6223=CARTESIAN_POINT('',(0.0106520082705087,0.0314954215199584,0.0633618510335905));
#6224=CARTESIAN_POINT('',(0.0105345638206221,0.0309970320009816,0.0633037225640925));
#6225=CARTESIAN_POINT('',(0.0105424870840186,0.0310280006302113,0.0633253199122688));
#6226=CARTESIAN_POINT('',(0.0105510959611622,0.0310620803362449,0.0633440128728711));
#6227=CARTESIAN_POINT('',(0.0105761571661401,0.0311629217846129,0.0633857336571351));
#6228=CARTESIAN_POINT('',(0.0105932422368449,0.0312337790478796,0.0633989376746493));
#6229=CARTESIAN_POINT('',(0.0106237180722549,0.031364137624702,0.063398985803185));
#6230=CARTESIAN_POINT('',(0.0106391976552532,0.0314324753417516,0.0633863851418167));
#6231=CARTESIAN_POINT('',(0.0106529133768993,0.0314948890291159,0.0633610007495235));
#6232=CARTESIAN_POINT('',(0.0105356830142697,0.0309973852521342,0.0633027771993166));
#6233=CARTESIAN_POINT('',(0.0105435878530985,0.0310282827639847,0.0633243449025222));
#6234=CARTESIAN_POINT('',(0.0105521779973909,0.0310622895524504,0.0633430181564867));
#6235=CARTESIAN_POINT('',(0.010577187803848,0.0311629286969577,0.0633847082900906));
#6236=CARTESIAN_POINT('',(0.0105942418206009,0.031233660270307,0.063397922916435));
#6237=CARTESIAN_POINT('',(0.0106246665413075,0.0313638033212963,0.0633980256748566));
#6238=CARTESIAN_POINT('',(0.0106401223068107,0.0314320356169336,0.0633854720903619));
#6239=CARTESIAN_POINT('',(0.0106538184832898,0.0314943565382734,0.0633601504654565));
#6240=CARTESIAN_POINT('',(0.0105368022079172,0.0309977385032868,0.0633018318345417));
#6241=CARTESIAN_POINT('',(0.0105446886221784,0.0310285648977582,0.0633233698927755));
#6242=CARTESIAN_POINT('',(0.0105532600336196,0.0310624987686559,0.0633420234401013));
#6243=CARTESIAN_POINT('',(0.0105782184415558,0.0311629356093023,0.0633836829230471));
#6244=CARTESIAN_POINT('',(0.010595241404357,0.0312335414927343,0.0633969081582217));
#6245=CARTESIAN_POINT('',(0.0106256150103601,0.0313634690178905,0.0633970655465271));
#6246=CARTESIAN_POINT('',(0.0106410469583683,0.0314315958921155,0.0633845590389071));
#6247=CARTESIAN_POINT('',(0.0106547235896803,0.0314938240474309,0.0633593001813905));
#6248=CARTESIAN_POINT('',(0.0106519986530644,0.0314954271780788,0.0633618600685065));
#6249=CARTESIAN_POINT('',(0.0101994954132817,0.031761643209601,0.0637869551721915));
#6250=CARTESIAN_POINT('',(0.010135798943545,0.0314668628217897,0.063940408129235));
#6251=CARTESIAN_POINT('',(0.0100484538276785,0.0311095810162831,0.0639356408311946));
#6252=CARTESIAN_POINT('',(0.00997389768250488,0.0308200689169339,0.0637773081844945));
#6253=CARTESIAN_POINT('',(0.00997389768250472,0.0308200689169339,0.0637773081844945));
#6254=CARTESIAN_POINT('',(0.00997389768250487,0.0308200689169339,0.0637773081844945));
#6255=CARTESIAN_POINT('',(0.00994528626171648,0.0307252541347872,0.0637219753945915));
#6256=CARTESIAN_POINT('',(0.00995378707670142,0.0307553089985896,0.0637430207004305));
#6257=CARTESIAN_POINT('',(0.00996217962241633,0.030786556244718,0.0637624270113735));
#6258=CARTESIAN_POINT('',(0.00997053707437289,0.0308190082080041,0.0637801468358395));
#6259=CARTESIAN_POINT('',(0.0101332797322388,0.0307846593531122,0.0635612308265105));
#6260=CARTESIAN_POINT('',(0.010141665408912,0.0308150438630057,0.0635824700204395));
#6261=CARTESIAN_POINT('',(0.0101499455727291,0.0308462315658906,0.0636026227529555));
#6262=CARTESIAN_POINT('',(0.0101581689611453,0.0308782304707583,0.0636216572152565));
#6263=CARTESIAN_POINT('',(0.0103212732027611,0.0308440645714373,0.0634004862584275));
#6264=CARTESIAN_POINT('',(0.0103295437411225,0.0308747787274218,0.0634219193404495));
#6265=CARTESIAN_POINT('',(0.0103377115230418,0.0309059068870632,0.0634428184945385));
#6266=CARTESIAN_POINT('',(0.0103458008479178,0.0309374527335124,0.0634631675946725));
#6267=CARTESIAN_POINT('',(0.0105092666732835,0.0309034697897625,0.0632397416903465));
#6268=CARTESIAN_POINT('',(0.0105174220733331,0.030934513591838,0.0632613686604595));
#6269=CARTESIAN_POINT('',(0.0105254774733546,0.0309655822082359,0.0632830142361205));
#6270=CARTESIAN_POINT('',(0.0105334327346902,0.0309966749962666,0.0633046779740885));
#6271=CARTESIAN_POINT('',(0.00990948370378078,0.0313361220300245,0.0628640598648675));
#6272=CARTESIAN_POINT('',(0.0102157190313271,0.0318394139624775,0.0637464702807475));
#6273=CARTESIAN_POINT('',(0.0103561882017775,0.0325389508752003,0.0633823144133395));
#6274=CARTESIAN_POINT('',(0.0104453214181647,0.0332489723589341,0.0630127006237235));
#6275=CARTESIAN_POINT('',(0.0104821152871452,0.033961748613197,0.0626416527913385));
#6276=CARTESIAN_POINT('',(0.0103643242807381,0.0317393209886522,0.0636115163278275));
#6277=CARTESIAN_POINT('',(0.0105095701071071,0.0324438859880572,0.0632443502138665));
#6278=CARTESIAN_POINT('',(0.0106031897799204,0.0331594362571112,0.0628715992146505));
#6279=CARTESIAN_POINT('',(0.0106440541028206,0.0338782422492408,0.0624972967459285));
#6280=CARTESIAN_POINT('',(0.0105129295301492,0.0316392280148269,0.0634765623749085));
#6281=CARTESIAN_POINT('',(0.0106629520124368,0.0323488211009141,0.0631063860143935));
#6282=CARTESIAN_POINT('',(0.0107610581416761,0.0330699001552882,0.0627304978055785));
#6283=CARTESIAN_POINT('',(0.0108059929184959,0.0337947358852846,0.0623529407005185));
#6284=CARTESIAN_POINT('',(0.0106615347795602,0.0315391350410017,0.0633416084219885));
#6285=CARTESIAN_POINT('',(0.0108163339177664,0.032253756213771,0.0629684218149205));
#6286=CARTESIAN_POINT('',(0.0109189265034317,0.0329803640534653,0.0625893963965055));
#6287=CARTESIAN_POINT('',(0.0109679317341713,0.0337112295213284,0.0622085846551095));
#6288=CARTESIAN_POINT('',(0.010662431811668,0.0315385308455804,0.0633407937937747));
#6289=CARTESIAN_POINT('',(0.0108172597834029,0.0322531823696004,0.0629675890158296));
#6290=CARTESIAN_POINT('',(0.0109198794508536,0.0329798235829337,0.0625885446601445));
#6291=CARTESIAN_POINT('',(0.0109689092522451,0.0337107254483567,0.0622077132726508));
#6292=CARTESIAN_POINT('',(0.0106633288437758,0.031537926650159,0.0633399791655619));
#6293=CARTESIAN_POINT('',(0.0108181856490394,0.0322526085254299,0.0629667562167378));
#6294=CARTESIAN_POINT('',(0.0109208323982754,0.0329792831124022,0.0625876929237834));
#6295=CARTESIAN_POINT('',(0.0109698867703189,0.0337102213753851,0.062206841890191));
#6296=CARTESIAN_POINT('',(0.0106642258758836,0.0315373224547376,0.0633391645373482));
#6297=CARTESIAN_POINT('',(0.0108191115146759,0.0322520346812593,0.062965923417647));
#6298=CARTESIAN_POINT('',(0.0109217853456973,0.0329787426418706,0.0625868411874213));
#6299=CARTESIAN_POINT('',(0.0109708642883926,0.0337097173024134,0.0622059705077323));
#6300=CARTESIAN_POINT('',(0.0104820785656698,0.0339617336042143,0.0626416202614695));
#6301=CARTESIAN_POINT('',(0.0106440423389902,0.0338782478602738,0.0624973063573396));
#6302=CARTESIAN_POINT('',(0.0108060061123107,0.0337947621163333,0.0623529924532097));
#6303=CARTESIAN_POINT('',(0.0109679698856311,0.0337112763723928,0.0622086785490798));
#6304=CARTESIAN_POINT('',(0.0102157190313271,0.0318394139624775,0.0637464702807475));
#6305=CARTESIAN_POINT('',(0.0101967796297497,0.0317632409553203,0.0637895064606255));
#6306=CARTESIAN_POINT('',(0.010202416076073,0.0317893273115796,0.0637759166014745));
#6307=CARTESIAN_POINT('',(0.0102078340403455,0.0318152668610924,0.0637624083337875));
#6308=CARTESIAN_POINT('',(0.0102130433840369,0.0318412161430548,0.0637489001355465));
#6309=CARTESIAN_POINT('',(0.0103494243582995,0.031673437236154,0.0636461074282985));
#6310=CARTESIAN_POINT('',(0.0103542698974605,0.0316957795576011,0.0636350377388265));
#6311=CARTESIAN_POINT('',(0.0103589390680143,0.031717917825922,0.0636237889270105));
#6312=CARTESIAN_POINT('',(0.0103634321943025,0.0317399218529191,0.0636123264646925));
#6313=CARTESIAN_POINT('',(0.0105020690868492,0.0315836335169876,0.0635027083959715));
#6314=CARTESIAN_POINT('',(0.0105061245640943,0.031602231392133,0.0634941586935295));
#6315=CARTESIAN_POINT('',(0.0105100450037663,0.0316205683606577,0.0634851693173455));
#6316=CARTESIAN_POINT('',(0.0105138210045681,0.0316386275627835,0.0634757527938385));
#6317=CARTESIAN_POINT('',(0.010654713815399,0.0314938297978214,0.0633593093636435));
#6318=CARTESIAN_POINT('',(0.0106579783854818,0.0315086836381527,0.0633532798308815));
#6319=CARTESIAN_POINT('',(0.0106611500314351,0.0315232193254873,0.0633465499105685));
#6320=CARTESIAN_POINT('',(0.0106642098148336,0.0315373332726478,0.0633391791229845));
#6321=CARTESIAN_POINT('',(0.0104799086324335,0.0339828719787505,0.0626340943899885));
#6322=CARTESIAN_POINT('',(0.0104843818059942,0.0340708817049724,0.0625857727747505));
#6323=CARTESIAN_POINT('',(0.0104876123788084,0.0341509748242979,0.0625240059314195));
#6324=CARTESIAN_POINT('',(0.0104928254804698,0.0343034192602028,0.0623680279728065));
#6325=CARTESIAN_POINT('',(0.010494575688955,0.0343782791207193,0.0622572716750055));
#6326=CARTESIAN_POINT('',(0.01049650678395,0.0344784182877431,0.0620130724061331));
#6327=CARTESIAN_POINT('',(0.0104968060273391,0.0345032960447372,0.0618797248492356));
#6328=CARTESIAN_POINT('',(0.0104968061270535,0.0345032943971629,0.0617546419581435));
#6329=CARTESIAN_POINT('',(0.0104809768749487,0.0339823230318103,0.0626331425917365));
#6330=CARTESIAN_POINT('',(0.0104854468854931,0.0340702411864755,0.0625848738073085));
#6331=CARTESIAN_POINT('',(0.0104886759374349,0.0341502508703355,0.0625231738884815));
#6332=CARTESIAN_POINT('',(0.0104938875717541,0.0343025348736756,0.0623673636422745));
#6333=CARTESIAN_POINT('',(0.0104956383286649,0.0343773151460276,0.0622567265632275));
#6334=CARTESIAN_POINT('',(0.0104975707959319,0.0344773470942782,0.0620127915083396));
#6335=CARTESIAN_POINT('',(0.0104978706848927,0.0345021973631555,0.0618795887143658));
#6336=CARTESIAN_POINT('',(0.010497870751369,0.0345021962647727,0.0617546419581432));
#6337=CARTESIAN_POINT('',(0.0104820451174639,0.03398177408487,0.0626321907934835));
#6338=CARTESIAN_POINT('',(0.010486511964992,0.0340696006679785,0.0625839748398665));
#6339=CARTESIAN_POINT('',(0.0104897394960613,0.0341495269163731,0.0625223418455425));
#6340=CARTESIAN_POINT('',(0.0104949496630385,0.0343016504871484,0.0623666993117425));
#6341=CARTESIAN_POINT('',(0.0104967009683747,0.0343763511713358,0.0622561814514505));
#6342=CARTESIAN_POINT('',(0.0104986348079138,0.0344762759008132,0.0620125106105461));
#6343=CARTESIAN_POINT('',(0.0104989353424464,0.0345010986815737,0.061879452579494));
#6344=CARTESIAN_POINT('',(0.0104989353756845,0.0345010981323825,0.0617546419581448));
#6345=CARTESIAN_POINT('',(0.0104831133599792,0.0339812251379299,0.0626312389952315));
#6346=CARTESIAN_POINT('',(0.0104875770444909,0.0340689601494816,0.0625830758724235));
#6347=CARTESIAN_POINT('',(0.0104908030546877,0.0341488029624108,0.0625215098026035));
#6348=CARTESIAN_POINT('',(0.0104960117543228,0.0343007661006211,0.0623660349812105));
#6349=CARTESIAN_POINT('',(0.0104977636080846,0.034375387196644,0.0622556363396725));
#6350=CARTESIAN_POINT('',(0.0104996988198957,0.0344752047073483,0.0620122297127537));
#6351=CARTESIAN_POINT('',(0.0105000000000001,0.0344999999999922,0.0618793164446242));
#6352=CARTESIAN_POINT('',(0.0105,0.0344999999999923,0.0617546419581434));
#6353=CARTESIAN_POINT('',(0.0106451689436161,0.0338979482457321,0.0624868483544535));
#6354=CARTESIAN_POINT('',(0.0106491527890932,0.0339717915783199,0.0624466998234995));
#6355=CARTESIAN_POINT('',(0.0106521480783885,0.0340389769816775,0.0623952864009485));
#6356=CARTESIAN_POINT('',(0.0106571341778441,0.0341666020200949,0.0622652540531165));
#6357=CARTESIAN_POINT('',(0.0106589692294015,0.0342291493535862,0.0621729412530895));
#6358=CARTESIAN_POINT('',(0.0106611126189805,0.0343127014558106,0.0619696166776041));
#6359=CARTESIAN_POINT('',(0.0106615117342486,0.03433332671896,0.0618586643777142));
#6360=CARTESIAN_POINT('',(0.0106615066919258,0.0343334100329449,0.0617546419581444));
#6361=CARTESIAN_POINT('',(0.0108072245169988,0.0338146712505153,0.0623424575225385));
#6362=CARTESIAN_POINT('',(0.0108107340689783,0.0338746786238777,0.0623104269574995));
#6363=CARTESIAN_POINT('',(0.010813492085132,0.0339291295032689,0.0622690339049415));
#6364=CARTESIAN_POINT('',(0.0108182577350923,0.0340325088632672,0.0621645459195345));
#6365=CARTESIAN_POINT('',(0.0108201752334783,0.0340829649122033,0.0620902759373325));
#6366=CARTESIAN_POINT('',(0.0108225234141713,0.0341502103787424,0.0619270048888409));
#6367=CARTESIAN_POINT('',(0.0108230083412297,0.0341669033848256,0.0618380818073483));
#6368=CARTESIAN_POINT('',(0.0108230133838516,0.0341668200658977,0.0617546419581441));
#6369=CARTESIAN_POINT('',(0.0109692801006362,0.0337313943583216,0.0621980668817685));
#6370=CARTESIAN_POINT('',(0.0109723098133618,0.0337775100505163,0.0621740509044945));
#6371=CARTESIAN_POINT('',(0.010974837108873,0.0338193035233857,0.0621428105044375));
#6372=CARTESIAN_POINT('',(0.0109793801585687,0.0338983447799359,0.0620637649885615));
#6373=CARTESIAN_POINT('',(0.01098138085478,0.0339367270670332,0.0620075808495725));
#6374=CARTESIAN_POINT('',(0.0109839372133748,0.0339877071267232,0.0618843918536421));
#6375=CARTESIAN_POINT('',(0.0109845200760766,0.0340002300939072,0.0618174297376879));
#6376=CARTESIAN_POINT('',(0.0109845200757774,0.0340002300988504,0.0617546419581431));
#6377=CARTESIAN_POINT('',(0.0109702501148229,0.0337308958888148,0.062197202604421));
#6378=CARTESIAN_POINT('',(0.0109732769553803,0.0337769284297382,0.06217323459997));
#6379=CARTESIAN_POINT('',(0.0109758028698697,0.0338186461393193,0.0621420549705248));
#6380=CARTESIAN_POINT('',(0.0109803445871497,0.0338975417155721,0.0620631617453372));
#6381=CARTESIAN_POINT('',(0.0109823457813572,0.0339358517328962,0.0620070858625656));
#6382=CARTESIAN_POINT('',(0.01098490338604,0.0339867344329331,0.0618841367853022));
#6383=CARTESIAN_POINT('',(0.010985486834954,0.0339992324395648,0.0618173061208392));
#6384=CARTESIAN_POINT('',(0.0109854868044695,0.0339992329432586,0.0617546419581431));
#6385=CARTESIAN_POINT('',(0.0109712201290096,0.033730397419308,0.0621963383270736));
#6386=CARTESIAN_POINT('',(0.0109742440973989,0.03377634680896,0.0621724182954455));
#6387=CARTESIAN_POINT('',(0.0109767686308665,0.0338179887552529,0.062141299436612));
#6388=CARTESIAN_POINT('',(0.0109813090157306,0.0338967386512083,0.0620625585021128));
#6389=CARTESIAN_POINT('',(0.0109833107079344,0.0339349763987592,0.0620065908755587));
#6390=CARTESIAN_POINT('',(0.0109858695587052,0.0339857617391431,0.0618838817169624));
#6391=CARTESIAN_POINT('',(0.0109864535938315,0.0339982347852223,0.0618171825039906));
#6392=CARTESIAN_POINT('',(0.0109864535331616,0.0339982357876669,0.0617546419581431));
#6393=CARTESIAN_POINT('',(0.0109721901431963,0.0337298989498012,0.0621954740497261));
#6394=CARTESIAN_POINT('',(0.0109752112394174,0.0337757651881818,0.062171601990921));
#6395=CARTESIAN_POINT('',(0.0109777343918632,0.0338173313711865,0.0621405439026994));
#6396=CARTESIAN_POINT('',(0.0109822734443116,0.0338959355868445,0.0620619552588885));
#6397=CARTESIAN_POINT('',(0.0109842756345116,0.0339341010646223,0.0620060958885518));
#6398=CARTESIAN_POINT('',(0.0109868357313704,0.0339847890453531,0.0618836266486225));
#6399=CARTESIAN_POINT('',(0.0109874203527089,0.0339972371308799,0.061817058887142));
#6400=CARTESIAN_POINT('',(0.0109874202618536,0.0339972386320751,0.0617546419581431));
#6401=CARTESIAN_POINT('',(0.0109845104938257,0.0340002399823852,0.0617546419581445));
#6402=CARTESIAN_POINT('',(0.0109692076199817,0.0337314566958172,0.0621979703118765));
#6403=CARTESIAN_POINT('',(0.0108072228058282,0.0338147758338745,0.0623423848384592));
#6404=CARTESIAN_POINT('',(0.0106452379916747,0.0338980949719318,0.0624867993650419));
#6405=CARTESIAN_POINT('',(0.0104832531775212,0.0339814141099891,0.0626312138916246));
#6406=CARTESIAN_POINT('',(0.0107422552469127,0.0342501199911887,0.0663614568544595));
#6407=CARTESIAN_POINT('',(0.0109845104938259,0.034000239982385,0.0468731799583165));
#6408=CARTESIAN_POINT('',(0.0104967300163812,0.0345033729033491,0.0468731799583165));
#6409=CARTESIAN_POINT('',(0.0104967299114372,0.0345033745233508,0.0467481064227715));
#6410=CARTESIAN_POINT('',(0.010496429785623,0.0344784909682062,0.0466147822815475));
#6411=CARTESIAN_POINT('',(0.0104944990226719,0.0343783628800183,0.0463705541589115));
#6412=CARTESIAN_POINT('',(0.0104927463799756,0.0343034395939937,0.0462598140768075));
#6413=CARTESIAN_POINT('',(0.0104898235296793,0.0342179589618125,0.0461722575211575));
#6414=CARTESIAN_POINT('',(0.010489786746244,0.0342168832066488,0.0461711556409484));
#6415=CARTESIAN_POINT('',(0.0104897499628088,0.0342158074514851,0.0461700537607394));
#6416=CARTESIAN_POINT('',(0.0104897131793735,0.0342147316963214,0.0461689518805304));
#6417=CARTESIAN_POINT('',(0.0104978200109209,0.0345022486022301,0.0468731799583165));
#6418=CARTESIAN_POINT('',(0.0104978199409582,0.0345022496822313,0.0467482457536105));
#6419=CARTESIAN_POINT('',(0.0104975191520044,0.0344773942066667,0.0466150698711455));
#6420=CARTESIAN_POINT('',(0.010495586987668,0.0343773759615204,0.0463711121674915));
#6421=CARTESIAN_POINT('',(0.0104938337761345,0.0343025340165784,0.0462604943587745));
#6422=CARTESIAN_POINT('',(0.0104909117758828,0.0342171456820276,0.0461730339511265));
#6423=CARTESIAN_POINT('',(0.0104908750031452,0.0342160710884095,0.0461719332809192));
#6424=CARTESIAN_POINT('',(0.0104908382304076,0.0342149964947915,0.0461708326107118));
#6425=CARTESIAN_POINT('',(0.01049080145767,0.0342139219011734,0.0461697319405045));
#6426=CARTESIAN_POINT('',(0.0104989100054606,0.0345011243011112,0.0468731799583165));
#6427=CARTESIAN_POINT('',(0.0104989099704792,0.0345011248411117,0.0467483850844485));
#6428=CARTESIAN_POINT('',(0.0104986085183858,0.0344762974451273,0.0466153574607425));
#6429=CARTESIAN_POINT('',(0.0104966749526642,0.0343763890430226,0.0463716701760715));
#6430=CARTESIAN_POINT('',(0.0104949211722935,0.0343016284391631,0.0462611746407425));
#6431=CARTESIAN_POINT('',(0.0104920000220864,0.0342163324022428,0.0461738103810965));
#6432=CARTESIAN_POINT('',(0.0104919632600464,0.0342152589701703,0.0461727109208908));
#6433=CARTESIAN_POINT('',(0.0104919264980064,0.0342141855380979,0.0461716114606852));
#6434=CARTESIAN_POINT('',(0.0104918897359664,0.0342131121060254,0.0461705120004796));
#6435=CARTESIAN_POINT('',(0.0105000000000003,0.0344999999999922,0.0468731799583165));
#6436=CARTESIAN_POINT('',(0.0105000000000003,0.0344999999999922,0.0467485244152875));
#6437=CARTESIAN_POINT('',(0.0104996978847672,0.0344752006835878,0.0466156450503405));
#6438=CARTESIAN_POINT('',(0.0104977629176603,0.0343754021245247,0.0463722281846515));
#6439=CARTESIAN_POINT('',(0.0104960085684525,0.0343007228617478,0.0462618549227095));
#6440=CARTESIAN_POINT('',(0.01049308826829,0.0342155191224579,0.0461745868110655));
#6441=CARTESIAN_POINT('',(0.0104930515169476,0.034214446851931,0.0461734885608616));
#6442=CARTESIAN_POINT('',(0.0104930147656052,0.0342133745814041,0.0461723903106576));
#6443=CARTESIAN_POINT('',(0.0104929780142628,0.0342123023108773,0.0461712920604537));
#6444=CARTESIAN_POINT('',(0.0106615034979422,0.0343334133274565,0.0468731799583165));
#6445=CARTESIAN_POINT('',(0.0106615086810944,0.034333333316064,0.0467691689387285));
#6446=CARTESIAN_POINT('',(0.0106611083090624,0.0343126945254558,0.0466582569390275));
#6447=CARTESIAN_POINT('',(0.0106589656999809,0.0342291713097993,0.0464549078075725));
#6448=CARTESIAN_POINT('',(0.010657127066691,0.0341665442811218,0.0463626516820555));
#6449=CARTESIAN_POINT('',(0.010654332716858,0.034095016197649,0.0462896297322855));
#6450=CARTESIAN_POINT('',(0.0106542975505732,0.0340941160322761,0.0462887107669302));
#6451=CARTESIAN_POINT('',(0.0106542623842883,0.0340932158669032,0.0462877918015748));
#6452=CARTESIAN_POINT('',(0.0106542272180034,0.0340923157015303,0.0462868728362194));
#6453=CARTESIAN_POINT('',(0.0108230069958841,0.0341668266549209,0.0468731799583165));
#6454=CARTESIAN_POINT('',(0.0108230018127319,0.0341669066663135,0.0467897559704435));
#6455=CARTESIAN_POINT('',(0.010822516867192,0.0341502199439423,0.0467008412361905));
#6456=CARTESIAN_POINT('',(0.0108201686061658,0.0340829730879022,0.0465375773884115));
#6457=CARTESIAN_POINT('',(0.0108182503465171,0.0340325065340968,0.0464632841360905));
#6458=CARTESIAN_POINT('',(0.0108155771654261,0.0339745132728402,0.0464046726535055));
#6459=CARTESIAN_POINT('',(0.0108155435240235,0.033973783440261,0.0464039350407453));
#6460=CARTESIAN_POINT('',(0.0108155098826209,0.0339730536076818,0.0464031974279851));
#6461=CARTESIAN_POINT('',(0.0108154762412183,0.0339723237751026,0.046402459815225));
#6462=CARTESIAN_POINT('',(0.0109845104938259,0.0340002399823852,0.0468731799583165));
#6463=CARTESIAN_POINT('',(0.0109845104938259,0.0340002399823852,0.0468104004938835));
#6464=CARTESIAN_POINT('',(0.0109839272914872,0.0339877137858103,0.0467434531248775));
#6465=CARTESIAN_POINT('',(0.0109813713884864,0.0339367422731768,0.0466202570113335));
#6466=CARTESIAN_POINT('',(0.0109793688447556,0.0338983279534708,0.0465640808954375));
#6467=CARTESIAN_POINT('',(0.0109768216139941,0.0338540103480313,0.0465197155747255));
#6468=CARTESIAN_POINT('',(0.010976789557649,0.0338534526206061,0.046519157246814));
#6469=CARTESIAN_POINT('',(0.0109767575013039,0.0338528948931809,0.0465185989189025));
#6470=CARTESIAN_POINT('',(0.0109767254449588,0.0338523371657556,0.0465180405909909));
#6471=CARTESIAN_POINT('',(0.0109854803563246,0.0339992395943532,0.0468731799583165));
#6472=CARTESIAN_POINT('',(0.0109854803874505,0.0339992391138679,0.0468105244685925));
#6473=CARTESIAN_POINT('',(0.010984896595059,0.0339867379021261,0.0467437090182385));
#6474=CARTESIAN_POINT('',(0.0109823394451244,0.0339358641263555,0.0466207535198715));
#6475=CARTESIAN_POINT('',(0.01098033639525,0.033897522182852,0.0465646862011935));
#6476=CARTESIAN_POINT('',(0.0109777899208468,0.0338532867026042,0.0465204064316815));
#6477=CARTESIAN_POINT('',(0.0109777578740203,0.0338527300087067,0.0465198491804132));
#6478=CARTESIAN_POINT('',(0.0109777258271938,0.0338521733148091,0.0465192919291449));
#6479=CARTESIAN_POINT('',(0.0109776937803673,0.0338516166209115,0.0465187346778766));
#6480=CARTESIAN_POINT('',(0.0109864502188233,0.0339982392063212,0.0468731799583165));
#6481=CARTESIAN_POINT('',(0.0109864502810751,0.0339982382453506,0.0468106484433005));
#6482=CARTESIAN_POINT('',(0.0109858658986309,0.033985762018442,0.0467439649115985));
#6483=CARTESIAN_POINT('',(0.0109833075017625,0.0339349859795342,0.0466212500284095));
#6484=CARTESIAN_POINT('',(0.0109813039457444,0.0338967164122332,0.0465652915069485));
#6485=CARTESIAN_POINT('',(0.0109787582276994,0.033852563057177,0.0465210972886385));
#6486=CARTESIAN_POINT('',(0.0109787261903915,0.0338520073968071,0.0465205411140135));
#6487=CARTESIAN_POINT('',(0.0109786941530836,0.0338514517364372,0.0465199849393884));
#6488=CARTESIAN_POINT('',(0.0109786621157758,0.0338508960760674,0.0465194287647634));
#6489=CARTESIAN_POINT('',(0.010987420081322,0.0339972388182892,0.0468731799583165));
#6490=CARTESIAN_POINT('',(0.0109874201746997,0.0339972373768333,0.0468107724180095));
#6491=CARTESIAN_POINT('',(0.0109868352022027,0.0339847861347579,0.0467442208049595));
#6492=CARTESIAN_POINT('',(0.0109842755584006,0.0339341078327128,0.0466217465369485));
#6493=CARTESIAN_POINT('',(0.0109822714962388,0.0338959106416145,0.0465658968127045));
#6494=CARTESIAN_POINT('',(0.0109797265345521,0.0338518394117499,0.0465217881455945));
#6495=CARTESIAN_POINT('',(0.0109796945067628,0.0338512847849077,0.0465212330476126));
#6496=CARTESIAN_POINT('',(0.0109796624789735,0.0338507301580655,0.0465206779496309));
#6497=CARTESIAN_POINT('',(0.0109796304511842,0.0338501755312233,0.0465201228516491));
#6498=CARTESIAN_POINT('',(0.0104930896191045,0.0342155194449614,0.0461745864566347));
#6499=CARTESIAN_POINT('',(0.0106543321856903,0.0340950162165709,0.0462896298794931));
#6500=CARTESIAN_POINT('',(0.0108155642762635,0.0339745059146432,0.0464046805760842));
#6501=CARTESIAN_POINT('',(0.0109767858926998,0.0338539886408868,0.0465197386466169));
#6502=CARTESIAN_POINT('',(0.0107241565938573,0.033847227415832,0.0624211816053955));
#6503=CARTESIAN_POINT('',(0.0104927992602773,0.0342071067811777,0.0461660731771295));
#6504=CARTESIAN_POINT('',(0.0104768845090167,0.0337449580504474,0.0457039244463985));
#6505=CARTESIAN_POINT('',(0.0104392198459223,0.0332835780005315,0.0452425443964835));
#6506=CARTESIAN_POINT('',(0.0103799843900962,0.0328250562745083,0.0447840226704595));
#6507=CARTESIAN_POINT('',(0.0106539745817016,0.0340865433701769,0.0462810862858595));
#6508=CARTESIAN_POINT('',(0.0106342836625165,0.0336220154167191,0.0458163877897325));
#6509=CARTESIAN_POINT('',(0.0105927390608676,0.0331585144002834,0.0453525427260875));
#6510=CARTESIAN_POINT('',(0.0105295575166418,0.0326981205162481,0.0448916353916045));
#6511=CARTESIAN_POINT('',(0.0108151499031259,0.0339659799591763,0.0463960993945875));
#6512=CARTESIAN_POINT('',(0.0107916828160163,0.0334990727829909,0.0459288511330645));
#6513=CARTESIAN_POINT('',(0.0107462582758129,0.0330334508000354,0.0454625410556915));
#6514=CARTESIAN_POINT('',(0.0106791306431874,0.0325711847579879,0.0449992481127485));
#6515=CARTESIAN_POINT('',(0.0109763252245501,0.0338454165481755,0.0465111125033175));
#6516=CARTESIAN_POINT('',(0.0109490819695161,0.0333761301492626,0.0460413144763975));
#6517=CARTESIAN_POINT('',(0.0108997774907581,0.0329083871997874,0.0455725393852955));
#6518=CARTESIAN_POINT('',(0.010828703769733,0.0324442489997276,0.0451068608338935));
#6519=CARTESIAN_POINT('',(0.010977292839848,0.0338446927462943,0.0465118029839845));
#6520=CARTESIAN_POINT('',(0.0109500269146072,0.0333753920637288,0.0460419896495595));
#6521=CARTESIAN_POINT('',(0.0109006991426561,0.0329076363810409,0.0455731997597595));
#6522=CARTESIAN_POINT('',(0.0108296017313074,0.0324434869414891,0.0451075068863675));
#6523=CARTESIAN_POINT('',(0.0109782604551458,0.0338439689444132,0.0465124934646515));
#6524=CARTESIAN_POINT('',(0.0109509718596984,0.033374653978195,0.0460426648227225));
#6525=CARTESIAN_POINT('',(0.010901620794554,0.0329068855622944,0.0455738601342225));
#6526=CARTESIAN_POINT('',(0.0108304996928819,0.0324427248832506,0.0451081529388425));
#6527=CARTESIAN_POINT('',(0.0109792280704436,0.0338432451425321,0.0465131839453185));
#6528=CARTESIAN_POINT('',(0.0109519168047895,0.0333739158926612,0.0460433399958845));
#6529=CARTESIAN_POINT('',(0.0109025424464519,0.0329061347435478,0.0455745205086865));
#6530=CARTESIAN_POINT('',(0.0108313976544563,0.0324419628250121,0.0451087989913165));
#6531=CARTESIAN_POINT('',(0.0109763152087954,0.033845410049984,0.0465111196482584));
#6532=CARTESIAN_POINT('',(0.0108151458850442,0.0339659769745984,0.0463961025496678));
#6533=CARTESIAN_POINT('',(0.0106539656274501,0.0340865367642117,0.0462810932929979));
#6534=CARTESIAN_POINT('',(0.0104927744325642,0.0342070893093213,0.0461660917723279));
#6535=CARTESIAN_POINT('',(0.0103799669464256,0.0328250461257553,0.0447840349531484));
#6536=CARTESIAN_POINT('',(0.0105295652090788,0.0326981298309517,0.0448916254539323));
#6537=CARTESIAN_POINT('',(0.0106791128223652,0.0325711840682762,0.0449992516186833));
#6538=CARTESIAN_POINT('',(0.0108286098463072,0.0324442095272918,0.0451069140899011));
#6539=CARTESIAN_POINT('',(0.00993417929016207,0.0337018181706797,0.0467000688019315));
#6540=CARTESIAN_POINT('',(0.010372856967363,0.0327951970591087,0.0447497314530162));
#6541=CARTESIAN_POINT('',(0.010362632806359,0.0327209783995305,0.0446754887330443));
#6542=CARTESIAN_POINT('',(0.0103496245400534,0.0326312686912755,0.044610008912626));
#6543=CARTESIAN_POINT('',(0.0103165975460036,0.0324198731707024,0.0445046304487843));
#6544=CARTESIAN_POINT('',(0.0102956096020926,0.0322947914477562,0.0444703551905964));
#6545=CARTESIAN_POINT('',(0.0102740170605391,0.0321739669861359,0.0444596915937331));
#6546=CARTESIAN_POINT('',(0.010273768602251,0.0321725766987153,0.0444595688912241));
#6547=CARTESIAN_POINT('',(0.0102735201439628,0.0321711864112947,0.0444594461887158));
#6548=CARTESIAN_POINT('',(0.0102732716856747,0.032169796123874,0.0444593234862065));
#6549=CARTESIAN_POINT('',(0.0103738013875699,0.0327944291015329,0.0447504408294553));
#6550=CARTESIAN_POINT('',(0.0103635852177141,0.0327202789830435,0.0446762746729657));
#6551=CARTESIAN_POINT('',(0.0103505876457709,0.0326306522782275,0.0446108640282328));
#6552=CARTESIAN_POINT('',(0.0103175894636993,0.0324194538994055,0.0445056041238166));
#6553=CARTESIAN_POINT('',(0.0102966208042403,0.0322944900992634,0.0444713737425931));
#6554=CARTESIAN_POINT('',(0.0102750494136712,0.0321737832075875,0.0444607321406556));
#6555=CARTESIAN_POINT('',(0.0102748011987605,0.0321723942730057,0.0444606096912351));
#6556=CARTESIAN_POINT('',(0.0102745529838498,0.0321710053384238,0.0444604872418146));
#6557=CARTESIAN_POINT('',(0.010274304768939,0.0321696164038419,0.0444603647923941));
#6558=CARTESIAN_POINT('',(0.0103747458077768,0.0327936611439572,0.0447511502058944));
#6559=CARTESIAN_POINT('',(0.0103645376290692,0.0327195795665565,0.0446770606128871));
#6560=CARTESIAN_POINT('',(0.0103515507514884,0.0326300358651793,0.0446117191438386));
#6561=CARTESIAN_POINT('',(0.0103185813813949,0.0324190346281085,0.0445065777988481));
#6562=CARTESIAN_POINT('',(0.010297632006388,0.0322941887507705,0.0444723922945898));
#6563=CARTESIAN_POINT('',(0.0102760817668032,0.0321735994290391,0.044461772687579));
#6564=CARTESIAN_POINT('',(0.0102758337952699,0.032172211847296,0.0444616504912464));
#6565=CARTESIAN_POINT('',(0.0102755858237367,0.0321708242655529,0.0444615282949149));
#6566=CARTESIAN_POINT('',(0.0102753378522034,0.0321694366838098,0.0444614060985823));
#6567=CARTESIAN_POINT('',(0.0103756902279837,0.0327928931863814,0.0447518595823335));
#6568=CARTESIAN_POINT('',(0.0103654900404243,0.0327188801500694,0.0446778465528085));
#6569=CARTESIAN_POINT('',(0.0103525138572058,0.0326294194521312,0.0446125742594445));
#6570=CARTESIAN_POINT('',(0.0103195732990906,0.0324186153568116,0.0445075514738795));
#6571=CARTESIAN_POINT('',(0.0102986432085357,0.0322938874022778,0.0444734108465865));
#6572=CARTESIAN_POINT('',(0.0102771141199353,0.0321734156504907,0.0444628132345015));
#6573=CARTESIAN_POINT('',(0.0102768663917794,0.0321720294215863,0.0444626912912574));
#6574=CARTESIAN_POINT('',(0.0102766186636236,0.0321706431926819,0.0444625693480136));
#6575=CARTESIAN_POINT('',(0.0102763709354677,0.0321692569637776,0.0444624474047698));
#6576=CARTESIAN_POINT('',(0.0105257984251876,0.0326708323427171,0.0448646094129875));
#6577=CARTESIAN_POINT('',(0.0105168683680647,0.0326077133757946,0.0448027655495205));
#6578=CARTESIAN_POINT('',(0.0105055919700067,0.0325314454245642,0.0447484881895845));
#6579=CARTESIAN_POINT('',(0.0104772308502294,0.0323519754670066,0.0446623094964125));
#6580=CARTESIAN_POINT('',(0.0104593658723341,0.0322459904188655,0.0446353017113445));
#6581=CARTESIAN_POINT('',(0.0104411985670862,0.0321442054891839,0.0446282000205245));
#6582=CARTESIAN_POINT('',(0.0104409895218679,0.0321430342834078,0.0446281183036997));
#6583=CARTESIAN_POINT('',(0.0104407804766496,0.0321418630776317,0.0446280365868739));
#6584=CARTESIAN_POINT('',(0.0104405714314314,0.0321406918718555,0.0446279548700489));
#6585=CARTESIAN_POINT('',(0.0106759066223916,0.0325487714990529,0.0449773592436405));
#6586=CARTESIAN_POINT('',(0.0106682643376922,0.0324965913555244,0.0449276079669515));
#6587=CARTESIAN_POINT('',(0.01065867012055,0.0324334668942538,0.0448843893191125));
#6588=CARTESIAN_POINT('',(0.0106348974377605,0.0322853611634039,0.0448170486968385));
#6589=CARTESIAN_POINT('',(0.010620123917632,0.0321981646836195,0.0447970825725035));
#6590=CARTESIAN_POINT('',(0.0106052830142371,0.032114995327877,0.0447935868065495));
#6591=CARTESIAN_POINT('',(0.0106051122448331,0.0321140383253998,0.044793546581918));
#6592=CARTESIAN_POINT('',(0.0106049414754291,0.0321130813229227,0.0447935063572865));
#6593=CARTESIAN_POINT('',(0.0106047707060251,0.0321121243204456,0.0447934661326559));
#6594=CARTESIAN_POINT('',(0.0108260148195955,0.0324267106553887,0.0450901090742955));
#6595=CARTESIAN_POINT('',(0.0108196426648208,0.0323854245799512,0.0450525269658855));
#6596=CARTESIAN_POINT('',(0.0108117482333498,0.0323354928668175,0.0450203032496235));
#6597=CARTESIAN_POINT('',(0.0107925549886372,0.0322187212728567,0.0449718067199185));
#6598=CARTESIAN_POINT('',(0.010780846580404,0.0321502676981404,0.0449589734404515));
#6599=CARTESIAN_POINT('',(0.010769367461388,0.0320857851665702,0.0449589735925735));
#6600=CARTESIAN_POINT('',(0.0107692353749334,0.032085043187245,0.0449589735943239));
#6601=CARTESIAN_POINT('',(0.0107691032884788,0.0320843012079199,0.0449589735960746));
#6602=CARTESIAN_POINT('',(0.0107689712020241,0.0320835592285948,0.0449589735978242));
#6603=CARTESIAN_POINT('',(0.0108269164696047,0.0324259774765027,0.0450907863250235));
#6604=CARTESIAN_POINT('',(0.010820551944078,0.0323847568381084,0.0450532773127595));
#6605=CARTESIAN_POINT('',(0.0108126677226541,0.0323349043694244,0.0450211196393945));
#6606=CARTESIAN_POINT('',(0.0107935019851027,0.032218320989201,0.0449727362998855));
#6607=CARTESIAN_POINT('',(0.0107818119879771,0.0321499799968809,0.0449599458650445));
#6608=CARTESIAN_POINT('',(0.0107703530620817,0.0320856097108476,0.0449599670159835));
#6609=CARTESIAN_POINT('',(0.0107702212079826,0.032084869023095,0.044959967259361));
#6610=CARTESIAN_POINT('',(0.0107700893538836,0.0320841283353425,0.0449599675027369));
#6611=CARTESIAN_POINT('',(0.0107699574997846,0.0320833876475898,0.0449599677461139));
#6612=CARTESIAN_POINT('',(0.0108278181196139,0.0324252442976166,0.0450914635757515));
#6613=CARTESIAN_POINT('',(0.0108214612233351,0.0323840890962656,0.0450540276596335));
#6614=CARTESIAN_POINT('',(0.0108135872119583,0.0323343158720313,0.0450219360291645));
#6615=CARTESIAN_POINT('',(0.0107944489815683,0.0322179207055453,0.0449736658798515));
#6616=CARTESIAN_POINT('',(0.0107827773955502,0.0321496922956214,0.0449609182896375));
#6617=CARTESIAN_POINT('',(0.0107713386627753,0.032085434255125,0.0449609604393935));
#6618=CARTESIAN_POINT('',(0.0107712070410319,0.0320846948589449,0.0449609609243974));
#6619=CARTESIAN_POINT('',(0.0107710754192885,0.0320839554627649,0.0449609614094003));
#6620=CARTESIAN_POINT('',(0.010770943797545,0.0320832160665849,0.044960961894404));
#6621=CARTESIAN_POINT('',(0.0108287197696231,0.0324245111187306,0.0450921408264795));
#6622=CARTESIAN_POINT('',(0.0108223705025923,0.0323834213544228,0.0450547780065075));
#6623=CARTESIAN_POINT('',(0.0108145067012626,0.0323337273746382,0.0450227524189355));
#6624=CARTESIAN_POINT('',(0.0107953959780338,0.0322175204218897,0.0449745954598185));
#6625=CARTESIAN_POINT('',(0.0107837428031233,0.0321494045943619,0.0449618907142305));
#6626=CARTESIAN_POINT('',(0.0107723242634689,0.0320852587994024,0.0449619538628035));
#6627=CARTESIAN_POINT('',(0.0107721928740811,0.0320845206947949,0.0449619545894339));
#6628=CARTESIAN_POINT('',(0.0107720614846933,0.0320837825901874,0.0449619553160632));
#6629=CARTESIAN_POINT('',(0.0107719300953055,0.0320830444855799,0.0449619560426937));
#6630=CARTESIAN_POINT('',(0.0108261106556697,0.0324268587194295,0.0450899371987609));
#6631=CARTESIAN_POINT('',(0.0106759228957934,0.0325488344132642,0.044977288845457));
#6632=CARTESIAN_POINT('',(0.010525730916996,0.0326708077517444,0.0448646435666262));
#6633=CARTESIAN_POINT('',(0.0103755347175585,0.0327927787180815,0.0447520013469637));
#6634=CARTESIAN_POINT('',(0.0102771948383416,0.0321734047586536,0.0444627956853724));
#6635=CARTESIAN_POINT('',(0.0104412889411762,0.0321441856364389,0.0446283303977108));
#6636=CARTESIAN_POINT('',(0.0106052496168476,0.0321149796658556,0.0447939996974579));
#6637=CARTESIAN_POINT('',(0.0107690774058789,0.0320857919831067,0.0449598035194702));
#6638=CARTESIAN_POINT('',(0.00886711994173985,0.0318202448770862,0.0459817972416235));
#6639=CARTESIAN_POINT('',(0.0092898812822787,0.0322712957373762,0.0456505156711325));
#6640=CARTESIAN_POINT('',(0.005,0.0312998945963659,0.0628999443390135));
#6641=CARTESIAN_POINT('',(0.0100000000000001,0.027499999999992,0.0444589663959435));
#6642=CARTESIAN_POINT('',(0.00998810109974779,0.0314959676370203,0.0586775283465755));
#6643=CARTESIAN_POINT('',(0.00998810085914692,0.031495964283218,0.0587839891481205));
#6644=CARTESIAN_POINT('',(0.0099834932755169,0.0314779536868345,0.0588973535080025));
#6645=CARTESIAN_POINT('',(0.00996412550678372,0.0314039964856047,0.0591105883549275));
#6646=CARTESIAN_POINT('',(0.00994927935125737,0.0313480141678313,0.0592107412244565));
#6647=CARTESIAN_POINT('',(0.00991251185308779,0.0312133090465348,0.0593815034900935));
#6648=CARTESIAN_POINT('',(0.00988783022141079,0.0311246824507259,0.0594626016240685));
#6649=CARTESIAN_POINT('',(0.00982912200640028,0.0309199675281021,0.0595887559027905));
#6650=CARTESIAN_POINT('',(0.00979489468194314,0.0308032973702416,0.0596337560724165));
#6651=CARTESIAN_POINT('',(0.00972475701953029,0.0305679436427813,0.0596786271317595));
#6652=CARTESIAN_POINT('',(0.00968389261646251,0.0304326593802953,0.0596810663521575));
#6653=CARTESIAN_POINT('',(0.00962063923246757,0.0302242211886693,0.0596375043287005));
#6654=CARTESIAN_POINT('',(0.00959860913683549,0.0301517494038023,0.0596138918857075));
#6655=CARTESIAN_POINT('',(0.00957748363889272,0.0300821847521091,0.0595817541912595));
#6656=CARTESIAN_POINT('',(0.00998970157563353,0.0314972842769224,0.0586775283465755));
#6657=CARTESIAN_POINT('',(0.00998970141359384,0.0314972820182061,0.0587841983422245));
#6658=CARTESIAN_POINT('',(0.00998508852708228,0.0314792213340295,0.0588977846501105));
#6659=CARTESIAN_POINT('',(0.00996569738622144,0.0314050703399308,0.0591114158207205));
#6660=CARTESIAN_POINT('',(0.0099508323718736,0.031348943581989,0.0592117404911585));
#6661=CARTESIAN_POINT('',(0.0099140154306376,0.0312139143895838,0.0593827571194105));
#6662=CARTESIAN_POINT('',(0.00988929915640083,0.031125086044988,0.0594639503157325));
#6663=CARTESIAN_POINT('',(0.00983050703924178,0.0309199633009162,0.0595901885073455));
#6664=CARTESIAN_POINT('',(0.00979623058096599,0.0308030903522661,0.0596351785686935));
#6665=CARTESIAN_POINT('',(0.00972599499704716,0.0305673939044558,0.0596799584143635));
#6666=CARTESIAN_POINT('',(0.0096850752652479,0.0304319468868742,0.0596823108523135));
#6667=CARTESIAN_POINT('',(0.00962174043482955,0.0302233161216836,0.0596385769618355));
#6668=CARTESIAN_POINT('',(0.00959968273664906,0.0301507862561181,0.0596148992852625));
#6669=CARTESIAN_POINT('',(0.00957853137321707,0.0300811741835764,0.0595826934052335));
#6670=CARTESIAN_POINT('',(0.00999130205151928,0.0314986009168244,0.0586775283465755));
#6671=CARTESIAN_POINT('',(0.00999130196804076,0.0314985997531942,0.0587844075363275));
#6672=CARTESIAN_POINT('',(0.00998668377864765,0.0314804889812244,0.0588982157922185));
#6673=CARTESIAN_POINT('',(0.00996726926565916,0.0314061441942569,0.0591122432865135));
#6674=CARTESIAN_POINT('',(0.00995238539248982,0.0313498729961468,0.0592127397578595));
#6675=CARTESIAN_POINT('',(0.00991551900818742,0.0312145197326328,0.0593840107487285));
#6676=CARTESIAN_POINT('',(0.00989076809139087,0.0311254896392502,0.0594652990073975));
#6677=CARTESIAN_POINT('',(0.00983189207208327,0.0309199590737304,0.0595916211119015));
#6678=CARTESIAN_POINT('',(0.00979756647998884,0.0308028833342906,0.0596366010649715));
#6679=CARTESIAN_POINT('',(0.00972723297456403,0.0305668441661302,0.0596812896969665));
#6680=CARTESIAN_POINT('',(0.00968625791403328,0.0304312343934532,0.0596835553524705));
#6681=CARTESIAN_POINT('',(0.00962284163719153,0.030222411054698,0.0596396495949705));
#6682=CARTESIAN_POINT('',(0.00960075633646263,0.0301498231084339,0.0596159066848175));
#6683=CARTESIAN_POINT('',(0.00957957910754141,0.0300801636150437,0.0595836326192075));
#6684=CARTESIAN_POINT('',(0.00999290252740502,0.0314999175567264,0.0586775283465755));
#6685=CARTESIAN_POINT('',(0.00999290252248769,0.0314999174881823,0.0587846167304315));
#6686=CARTESIAN_POINT('',(0.00998827903021302,0.0314817566284194,0.0588986469343255));
#6687=CARTESIAN_POINT('',(0.00996884114509688,0.031407218048583,0.0591130707523065));
#6688=CARTESIAN_POINT('',(0.00995393841310604,0.0313508024103045,0.0592137390245615));
#6689=CARTESIAN_POINT('',(0.00991702258573724,0.0312151250756818,0.0593852643780465));
#6690=CARTESIAN_POINT('',(0.00989223702638091,0.0311258932335124,0.0594666476990625));
#6691=CARTESIAN_POINT('',(0.00983327710492477,0.0309199548465445,0.0595930537164565));
#6692=CARTESIAN_POINT('',(0.00979890237901169,0.0308026763163152,0.0596380235612485));
#6693=CARTESIAN_POINT('',(0.0097284709520809,0.0305662944278047,0.0596826209795705));
#6694=CARTESIAN_POINT('',(0.00968744056281867,0.0304305219000321,0.0596847998526265));
#6695=CARTESIAN_POINT('',(0.00962394283955351,0.0302215059877123,0.0596407222281055));
#6696=CARTESIAN_POINT('',(0.0096018299362762,0.0301488599607497,0.0596169140843725));
#6697=CARTESIAN_POINT('',(0.00958062684186576,0.030079153046511,0.0595845718331815));
#6698=CARTESIAN_POINT('',(0.0102553465109146,0.0317158184795821,0.0586775283465755));
#6699=CARTESIAN_POINT('',(0.0102553593883586,0.0317159979818471,0.0588189201112915));
#6700=CARTESIAN_POINT('',(0.0102498663363672,0.0316896237899914,0.0589693450643225));
#6701=CARTESIAN_POINT('',(0.010226595919728,0.0315833073040115,0.0592487575320185));
#6702=CARTESIAN_POINT('',(0.0102086007423697,0.0315032065521358,0.0593775974969795));
#6703=CARTESIAN_POINT('',(0.0101635773043711,0.0313143884526498,0.0595908329060885));
#6704=CARTESIAN_POINT('',(0.0101331111024835,0.0311920741031101,0.0596878044288735));
#6705=CARTESIAN_POINT('',(0.0100603930142938,0.0309192616780272,0.0598279703744725));
#6706=CARTESIAN_POINT('',(0.0100179613878017,0.030768729774152,0.0598712826768065));
#6707=CARTESIAN_POINT('',(0.00993147291788147,0.0304761490420949,0.0599009229938735));
#6708=CARTESIAN_POINT('',(0.00988136979417674,0.0303136881424515,0.0598888713925015));
#6709=CARTESIAN_POINT('',(0.00980451659083722,0.0300730942639445,0.0598166112341515));
#6710=CARTESIAN_POINT('',(0.00977787745706586,0.0299909242385071,0.0597821061716325));
#6711=CARTESIAN_POINT('',(0.00975243297289836,0.0299134413143346,0.0597385829363335));
#6712=CARTESIAN_POINT('',(0.0105177904944243,0.0319317194024377,0.0586775283465755));
#6713=CARTESIAN_POINT('',(0.0105177776218964,0.0319315399686994,0.0588530651485335));
#6714=CARTESIAN_POINT('',(0.0105114784738721,0.0318974924282626,0.0590401485860805));
#6715=CARTESIAN_POINT('',(0.0104843152343635,0.0317592485146613,0.0593842892371255));
#6716=CARTESIAN_POINT('',(0.010463268325468,0.031655483421983,0.0595414949554315));
#6717=CARTESIAN_POINT('',(0.0104101142521422,0.0314136606372239,0.0597962928616395));
#6718=CARTESIAN_POINT('',(0.0103739718082155,0.0312580897557571,0.0599088928337795));
#6719=CARTESIAN_POINT('',(0.0102875117110623,0.0309186757950116,0.0600628817854935));
#6720=CARTESIAN_POINT('',(0.0102369998781522,0.0307347646551304,0.0601044068734245));
#6721=CARTESIAN_POINT('',(0.0101344881792541,0.0303860213333433,0.0601192964595705));
#6722=CARTESIAN_POINT('',(0.0100752846178802,0.0301970734164172,0.0600927018387775));
#6723=CARTESIAN_POINT('',(0.00998509646757651,0.0299245799604374,0.0599926088212745));
#6724=CARTESIAN_POINT('',(0.00995391976515203,0.0298331038301093,0.0599471961532245));
#6725=CARTESIAN_POINT('',(0.00992423910393099,0.0297477295821584,0.0598925940394855));
#6726=CARTESIAN_POINT('',(0.0107802344779339,0.0321476203252934,0.0586775283465755));
#6727=CARTESIAN_POINT('',(0.0107802344779339,0.0321476203252934,0.0588873684890885));
#6728=CARTESIAN_POINT('',(0.0107730657863468,0.0321053595902105,0.0591108467429045));
#6729=CARTESIAN_POINT('',(0.0107420699999687,0.0319353377324067,0.0595199759773655));
#6730=CARTESIAN_POINT('',(0.0107179306560689,0.0318078875314186,0.0597053534377735));
#6731=CARTESIAN_POINT('',(0.0106566689662527,0.0315129240164338,0.0600018613620455));
#6732=CARTESIAN_POINT('',(0.0106148458809148,0.0313242705833006,0.0601300495461985));
#6733=CARTESIAN_POINT('',(0.0105146276211408,0.0309179826538029,0.0602977984421745));
#6734=CARTESIAN_POINT('',(0.0104560588817195,0.0307008181082388,0.0603376659546385));
#6735=CARTESIAN_POINT('',(0.0103374901484389,0.0302958759521328,0.0603375984920605));
#6736=CARTESIAN_POINT('',(0.0102692138455709,0.0300802397145887,0.0602967733172845));
#6737=CARTESIAN_POINT('',(0.0101656702204194,0.0297761682105589,0.0601684978549605));
#6738=CARTESIAN_POINT('',(0.0101299672846148,0.0296751681372188,0.0601123882144955));
#6739=CARTESIAN_POINT('',(0.0100960452349636,0.029582017849982,0.0600466051426375));
#6740=CARTESIAN_POINT('',(0.0107818430762979,0.0321489436471949,0.0586775283465755));
#6741=CARTESIAN_POINT('',(0.0107818431551975,0.0321489447469984,0.0588875787446138));
#6742=CARTESIAN_POINT('',(0.0107746691339155,0.0321066336707673,0.0591112800732396));
#6743=CARTESIAN_POINT('',(0.0107436498567013,0.0319364170363549,0.0595208076423382));
#6744=CARTESIAN_POINT('',(0.0107194915583342,0.0318088216621913,0.0597063577758535));
#6745=CARTESIAN_POINT('',(0.0106581801744901,0.0315135324316364,0.0600031213534117));
#6746=CARTESIAN_POINT('',(0.010616322270787,0.0313246762255618,0.0601314050824205));
#6747=CARTESIAN_POINT('',(0.010516019683083,0.0309179784053313,0.0602992383172459));
#6748=CARTESIAN_POINT('',(0.0104574015604505,0.03070061003961,0.0603390956699302));
#6749=CARTESIAN_POINT('',(0.0103387344087612,0.0302953234238911,0.0603389365310872));
#6750=CARTESIAN_POINT('',(0.0102704024963231,0.0300795236055771,0.0602980241329523));
#6751=CARTESIAN_POINT('',(0.0101667770114363,0.0297752585501626,0.0601695759319196));
#6752=CARTESIAN_POINT('',(0.0101310463329817,0.029674200101702,0.0601134007264838));
#6753=CARTESIAN_POINT('',(0.010097098286581,0.029581002152774,0.0600475491231594));
#6754=CARTESIAN_POINT('',(0.0107834516746619,0.0321502669690964,0.0586775283465755));
#6755=CARTESIAN_POINT('',(0.0107834518324611,0.0321502691687034,0.0588877890001382));
#6756=CARTESIAN_POINT('',(0.0107762724814843,0.0321079077513241,0.0591117134035747));
#6757=CARTESIAN_POINT('',(0.0107452297134338,0.0319374963403031,0.0595216393073109));
#6758=CARTESIAN_POINT('',(0.0107210524605995,0.031809755792964,0.0597073621139346));
#6759=CARTESIAN_POINT('',(0.0106596913827276,0.031514140846839,0.0600043813447789));
#6760=CARTESIAN_POINT('',(0.0106177986606592,0.0313250818678231,0.0601327606186414));
#6761=CARTESIAN_POINT('',(0.0105174117450252,0.0309179741568597,0.0603006781923182));
#6762=CARTESIAN_POINT('',(0.0104587442391816,0.0307004019709812,0.0603405253852218));
#6763=CARTESIAN_POINT('',(0.0103399786690836,0.0302947708956495,0.0603402745701139));
#6764=CARTESIAN_POINT('',(0.0102715911470752,0.0300788074965656,0.06029927494862));
#6765=CARTESIAN_POINT('',(0.0101678838024533,0.0297743488897663,0.0601706540088796));
#6766=CARTESIAN_POINT('',(0.0101321253813485,0.0296732320661853,0.0601144132384712));
#6767=CARTESIAN_POINT('',(0.0100981513381984,0.0295799864555662,0.0600484931036813));
#6768=CARTESIAN_POINT('',(0.0107850602730259,0.0321515902909978,0.0586775283465755));
#6769=CARTESIAN_POINT('',(0.0107850605097247,0.0321515935904085,0.0588879992556635));
#6770=CARTESIAN_POINT('',(0.010777875829053,0.032109181831881,0.0591121467339108));
#6771=CARTESIAN_POINT('',(0.0107468095701664,0.0319385756442513,0.0595224709722836));
#6772=CARTESIAN_POINT('',(0.0107226133628649,0.0318106899237367,0.0597083664520146));
#6773=CARTESIAN_POINT('',(0.0106612025909651,0.0315147492620416,0.0600056413361451));
#6774=CARTESIAN_POINT('',(0.0106192750505314,0.0313254875100843,0.0601341161548634));
#6775=CARTESIAN_POINT('',(0.0105188038069673,0.030917969908388,0.0603021180673906));
#6776=CARTESIAN_POINT('',(0.0104600869179127,0.0307001939023523,0.0603419551005135));
#6777=CARTESIAN_POINT('',(0.0103412229294059,0.0302942183674078,0.0603416126091416));
#6778=CARTESIAN_POINT('',(0.0102727797978274,0.030078091387554,0.0603005257642878));
#6779=CARTESIAN_POINT('',(0.0101689905934703,0.02977343922937,0.0601717320858387));
#6780=CARTESIAN_POINT('',(0.0101332044297154,0.0296722640306686,0.0601154257504595));
#6781=CARTESIAN_POINT('',(0.0100992043898157,0.0295789707583583,0.0600494370842042));
#6782=CARTESIAN_POINT('',(0.0100960452349636,0.029582017849982,0.0600466051426375));
#6783=CARTESIAN_POINT('',(0.00958069244722936,0.0300790897683358,0.0595846306433905));
#6784=CARTESIAN_POINT('',(0.0095806924472296,0.0300790897683357,0.0595846306433905));
#6785=CARTESIAN_POINT('',(0.00967267645395792,0.030381484528049,0.0597249467343204));
#6786=CARTESIAN_POINT('',(0.00989398290895897,0.0311093121719044,0.059682980372723));
#6787=CARTESIAN_POINT('',(0.00999300274346118,0.0314999999999921,0.0590235476529304));
#6788=CARTESIAN_POINT('',(0.00999300274346149,0.0314999999999921,0.0586775283465755));
#6789=CARTESIAN_POINT('',(0.00999300274346151,0.0314999999999922,0.0586775283465755));
#6790=CARTESIAN_POINT('',(0.00999300274346154,0.0314999999999922,0.0586775283465755));
#6791=CARTESIAN_POINT('',(0.0103866186106975,0.0318238101626427,0.0663614568544595));
#6792=CARTESIAN_POINT('',(0.00999300274346164,0.0314999999999922,0.0484589663959435));
#6793=CARTESIAN_POINT('',(0.00999300274346165,0.0314999999999922,0.0484589663959435));
#6794=CARTESIAN_POINT('',(0.00999300274346137,0.0314999999999922,0.0663614568544595));
#6795=CARTESIAN_POINT('',(0.00976013770825532,0.0306865264438686,0.0474804722112755));
#6796=CARTESIAN_POINT('',(0.00979492415010867,0.0308032630494506,0.0475027314466735));
#6797=CARTESIAN_POINT('',(0.00982915902614176,0.0309199506941996,0.0475477210271885));
#6798=CARTESIAN_POINT('',(0.00988787056545712,0.0311246806807537,0.0476738746275865));
#6799=CARTESIAN_POINT('',(0.00991255526118525,0.0312133170853241,0.0477549701068505));
#6800=CARTESIAN_POINT('',(0.00994932587737028,0.0313480359419565,0.0479257360168675));
#6801=CARTESIAN_POINT('',(0.0099641741026739,0.031404025578965,0.0480258898158715));
#6802=CARTESIAN_POINT('',(0.00998354405758419,0.031477991931888,0.0482391332713495));
#6803=CARTESIAN_POINT('',(0.00998815377007692,0.0314960078222054,0.0483524986429775));
#6804=CARTESIAN_POINT('',(0.00998815400412017,0.0314960111590803,0.0484589663959435));
#6805=CARTESIAN_POINT('',(0.00976141527090102,0.0306861524017579,0.0474791055853515));
#6806=CARTESIAN_POINT('',(0.0097962499982308,0.0308030572875722,0.0475013191533315));
#6807=CARTESIAN_POINT('',(0.00983053354666879,0.0309199466437211,0.0475462995325135));
#6808=CARTESIAN_POINT('',(0.00988932839988596,0.0311250811298375,0.0476725359779795));
#6809=CARTESIAN_POINT('',(0.00991404744906435,0.0312139178909068,0.0477537260484635));
#6810=CARTESIAN_POINT('',(0.00995086714842377,0.0313489582938588,0.0479247442632875));
#6811=CARTESIAN_POINT('',(0.00996573408156343,0.0314050913189458,0.0480250686388655));
#6812=CARTESIAN_POINT('',(0.00998512723635264,0.0314792499746868,0.0482387053752555));
#6813=CARTESIAN_POINT('',(0.00998974220840721,0.0314973155893846,0.0483522910442265));
#6814=CARTESIAN_POINT('',(0.00998974236578159,0.031497317833152,0.0484589663959435));
#6815=CARTESIAN_POINT('',(0.00976269283354671,0.0306857783596471,0.0474777389594285));
#6816=CARTESIAN_POINT('',(0.00979757584635292,0.0308028515256938,0.0474999068599885));
#6817=CARTESIAN_POINT('',(0.00983190806719581,0.0309199425932426,0.0475448780378375));
#6818=CARTESIAN_POINT('',(0.0098907862343148,0.0311254815789214,0.0476711973283735));
#6819=CARTESIAN_POINT('',(0.00991553963694345,0.0312145186964895,0.0477524819900775));
#6820=CARTESIAN_POINT('',(0.00995240841947725,0.0313498806457612,0.0479237525097085));
#6821=CARTESIAN_POINT('',(0.00996729406045297,0.0314061570589267,0.0480242474618585));
#6822=CARTESIAN_POINT('',(0.00998671041512109,0.0314805080174857,0.0482382774791605));
#6823=CARTESIAN_POINT('',(0.0099913306467375,0.0314986233565637,0.0483520834454755));
#6824=CARTESIAN_POINT('',(0.00999133072744301,0.0314986245072237,0.0484589663959435));
#6825=CARTESIAN_POINT('',(0.00976397039619241,0.0306854043175364,0.0474763723335045));
#6826=CARTESIAN_POINT('',(0.00979890169447505,0.0308026457638154,0.0474984945666455));
#6827=CARTESIAN_POINT('',(0.00983328258772284,0.0309199385427642,0.0475434565431625));
#6828=CARTESIAN_POINT('',(0.00989224406874364,0.0311258820280053,0.0476698586787665));
#6829=CARTESIAN_POINT('',(0.00991703182482255,0.0312151195020721,0.0477512379316905));
#6830=CARTESIAN_POINT('',(0.00995394969053073,0.0313508029976636,0.0479227607561285));
#6831=CARTESIAN_POINT('',(0.0099688540393425,0.0314072227989075,0.0480234262848525));
#6832=CARTESIAN_POINT('',(0.00998829359388954,0.0314817660602846,0.0482378495830665));
#6833=CARTESIAN_POINT('',(0.00999291908506779,0.0314999311237429,0.0483518758467245));
#6834=CARTESIAN_POINT('',(0.00999291908910443,0.0314999311812954,0.0484589663959435));
#6835=CARTESIAN_POINT('',(0.00997505681636573,0.0306236028783549,0.0472505703543175));
#6836=CARTESIAN_POINT('',(0.0100179661252769,0.0307686485751332,0.0472651471476575));
#6837=CARTESIAN_POINT('',(0.0100603889597527,0.0309192692988702,0.0473085888258405));
#6838=CARTESIAN_POINT('',(0.0101331160540247,0.0311920465827267,0.0474486791113265));
#6839=CARTESIAN_POINT('',(0.0101635798893628,0.0313143881368372,0.0475456872824075));
#6840=CARTESIAN_POINT('',(0.0102086075660505,0.0315031994080242,0.0477588973921645));
#6841=CARTESIAN_POINT('',(0.0102266029336506,0.0315833106315851,0.0478877465863595));
#6842=CARTESIAN_POINT('',(0.0102498757087491,0.0316896272964708,0.0481671500717255));
#6843=CARTESIAN_POINT('',(0.010255370215693,0.031716008114722,0.0483175751591125));
#6844=CARTESIAN_POINT('',(0.0102553575520476,0.0317158275626281,0.0484589663959435));
#6845=CARTESIAN_POINT('',(0.010186143236539,0.0305618014391735,0.0470247683751305));
#6846=CARTESIAN_POINT('',(0.0102369632705158,0.0307348252537202,0.0470323137057225));
#6847=CARTESIAN_POINT('',(0.0102875049876254,0.0309186802755895,0.0470736557166005));
#6848=CARTESIAN_POINT('',(0.0103739580046523,0.0312581245670053,0.0472277065381195));
#6849=CARTESIAN_POINT('',(0.0104101088837118,0.0314136719062271,0.0473402481257335));
#6850=CARTESIAN_POINT('',(0.0104632636015103,0.0316555029587315,0.0475950530042925));
#6851=CARTESIAN_POINT('',(0.0104843146816008,0.0317592583305605,0.0477522324448475));
#6852=CARTESIAN_POINT('',(0.0105114799582228,0.0318975030665746,0.0480963670771025));
#6853=CARTESIAN_POINT('',(0.0105177833553813,0.0319315434494069,0.0482834269086525));
#6854=CARTESIAN_POINT('',(0.0105177960149908,0.0319317239439607,0.0484589663959435));
#6855=CARTESIAN_POINT('',(0.0103972296567124,0.0304999999999922,0.0467989663959435));
#6856=CARTESIAN_POINT('',(0.0104560276870206,0.0307008281019817,0.0467989663959435));
#6857=CARTESIAN_POINT('',(0.010514611361707,0.0309180110487411,0.0468387879853845));
#6858=CARTESIAN_POINT('',(0.0106148299835515,0.0313242891033318,0.0470065270146625));
#6859=CARTESIAN_POINT('',(0.0106566569442,0.0315129405442082,0.0471346975001425));
#6860=CARTESIAN_POINT('',(0.0107179214766391,0.031807899349361,0.0474311896443625));
#6861=CARTESIAN_POINT('',(0.010742063568016,0.0319353461334622,0.0476165527815335));
#6862=CARTESIAN_POINT('',(0.0107730620777856,0.032105364305849,0.0480256675480225));
#6863=CARTESIAN_POINT('',(0.0107802344779341,0.0321476203252934,0.0482491262534305));
#6864=CARTESIAN_POINT('',(0.0107802344779341,0.0321476203252934,0.0484589663959435));
#6865=CARTESIAN_POINT('',(0.0103985237366165,0.0304996211219932,0.0467975821012867));
#6866=CARTESIAN_POINT('',(0.0104573706765833,0.0307006196800906,0.0467975358441156));
#6867=CARTESIAN_POINT('',(0.010516003653047,0.0309180069459996,0.0468373481125079));
#6868=CARTESIAN_POINT('',(0.0106163066658842,0.0313246947295998,0.0470051710582903));
#6869=CARTESIAN_POINT('',(0.0106581684241437,0.0315135491174619,0.0471334373578103));
#6870=CARTESIAN_POINT('',(0.0107194826743626,0.0318088336259782,0.0474301850686966));
#6871=CARTESIAN_POINT('',(0.0107436437153981,0.0319364256519216,0.0476157209879702));
#6872=CARTESIAN_POINT('',(0.0107746657250687,0.0321066386135585,0.048025234119668));
#6873=CARTESIAN_POINT('',(0.0107818434527001,0.0321489449995316,0.0482489159708904));
#6874=CARTESIAN_POINT('',(0.0107818433750895,0.0321489438929972,0.0484589663959435));
#6875=CARTESIAN_POINT('',(0.0103998178165206,0.0304992422439943,0.0467961978066299));
#6876=CARTESIAN_POINT('',(0.0104587136661459,0.0307004112581997,0.0467961052922877));
#6877=CARTESIAN_POINT('',(0.010517395944387,0.0309180028432581,0.0468359082396303));
#6878=CARTESIAN_POINT('',(0.010617783348217,0.0313251003558677,0.0470038151019181));
#6879=CARTESIAN_POINT('',(0.0106596799040874,0.0315141576907155,0.0471321772154772));
#6880=CARTESIAN_POINT('',(0.010721043872086,0.0318097679025954,0.0474291804930307));
#6881=CARTESIAN_POINT('',(0.0107452238627801,0.0319375051703809,0.0476148891944059));
#6882=CARTESIAN_POINT('',(0.0107762693723518,0.032107912921268,0.0480248006913126));
#6883=CARTESIAN_POINT('',(0.0107834524274661,0.0321502696737697,0.0482487056883503));
#6884=CARTESIAN_POINT('',(0.0107834522722449,0.032150267460701,0.0484589663959435));
#6885=CARTESIAN_POINT('',(0.0104011118964247,0.0304988633659953,0.0467948135119731));
#6886=CARTESIAN_POINT('',(0.0104600566557085,0.0307002028363086,0.0467946747404587));
#6887=CARTESIAN_POINT('',(0.010518788235727,0.0309179987405166,0.0468344683667536));
#6888=CARTESIAN_POINT('',(0.0106192600305498,0.0313255059821356,0.047002459145546));
#6889=CARTESIAN_POINT('',(0.0106611913840311,0.0315147662639691,0.047130917073145));
#6890=CARTESIAN_POINT('',(0.0107226050698095,0.0318107021792126,0.0474281759173647));
#6891=CARTESIAN_POINT('',(0.0107468040101621,0.0319385846888403,0.0476140574008425));
#6892=CARTESIAN_POINT('',(0.0107778730196348,0.0321091872289774,0.0480243672629581));
#6893=CARTESIAN_POINT('',(0.0107850614022322,0.0321515943480079,0.0482484954058102));
#6894=CARTESIAN_POINT('',(0.0107850611694003,0.0321515910284049,0.0484589663959435));
#6895=CARTESIAN_POINT('',(0.00999300274346168,0.0314999999999922,0.0484589663959435));
#6896=CARTESIAN_POINT('',(0.00999300274346208,0.0314999999999922,0.0479852471095887));
#6897=CARTESIAN_POINT('',(0.0098970387592874,0.0311317832063305,0.0475605155723358));
#6898=CARTESIAN_POINT('',(0.00976403768167672,0.0306853846178335,0.0474763003573181));
#6899=CARTESIAN_POINT('',(0.00976403768167621,0.0306853846178336,0.0474763003573183));
#6900=CARTESIAN_POINT('',(0.0097640376816757,0.0306853846178337,0.0474763003573185));
#6901=CARTESIAN_POINT('',(-0.0039984628032614,0.034714740632327,0.0471289663959435));
#6902=CARTESIAN_POINT('',(0.0103390107603682,0.0303060161215165,0.0467989663959445));
#6903=CARTESIAN_POINT('',(0.00970816192356885,0.0304999999999921,0.0474589663959435));
#6904=CARTESIAN_POINT('',(-0.0039984628032614,0.034714740632327,0.0474589663959435));
#6905=CARTESIAN_POINT('',(0.00882449666977998,0.028295448587815,0.0474589663959435));
#6906=CARTESIAN_POINT('',(0.00882449666978007,0.028295448587815,0.0474589663959435));
#6907=CARTESIAN_POINT('',(0.0103972296567124,0.0304999999999922,0.0467989663959435));
#6908=CARTESIAN_POINT('',(0.0103782601886387,0.0304352086753675,0.0467989663959435));
#6909=CARTESIAN_POINT('',(0.0103588533001943,0.0303705454178002,0.0467989663959435));
#6910=CARTESIAN_POINT('',(0.0103390107603682,0.0303060161215165,0.0467989663959435));
#6911=CARTESIAN_POINT('',(0.0101861656650335,0.030561794872606,0.0470247443830685));
#6912=CARTESIAN_POINT('',(0.0101673762424972,0.0304979822078313,0.0470208546148065));
#6913=CARTESIAN_POINT('',(0.0101482793306769,0.0304342602809466,0.0470189663959435));
#6914=CARTESIAN_POINT('',(0.0101287278147683,0.0303706774143418,0.0470189663959435));
#6915=CARTESIAN_POINT('',(0.00997510167335458,0.0306235897452198,0.0472505223701935));
#6916=CARTESIAN_POINT('',(0.0099564922963558,0.030560755740295,0.0472427428336695));
#6917=CARTESIAN_POINT('',(0.00993770536115958,0.030497975144093,0.0472389663959435));
#6918=CARTESIAN_POINT('',(0.00991844486916843,0.030435338707167,0.0472389663959435));
#6919=CARTESIAN_POINT('',(0.00976403768167569,0.0306853846178337,0.0474763003573185));
#6920=CARTESIAN_POINT('',(0.00974560835021437,0.0306235292727587,0.0474646310525315));
#6921=CARTESIAN_POINT('',(0.00972713139164223,0.0305616900072394,0.0474589663959435));
#6922=CARTESIAN_POINT('',(0.00970816192356853,0.0304999999999922,0.0474589663959435));
#6923=CARTESIAN_POINT('',(0.00976403768167569,0.0306853846178337,0.0474763003573185));
#6924=CARTESIAN_POINT('',(0.00974560835021437,0.0306235292727587,0.0474646310525315));
#6925=CARTESIAN_POINT('',(0.00972713139164223,0.0305616900072394,0.0474589663959435));
#6926=CARTESIAN_POINT('',(0.00970816192356853,0.0304999999999922,0.0474589663959435));
#6927=CARTESIAN_POINT('',(0.00820522613342529,0.0270005834222853,0.0484589663959444));
#6928=CARTESIAN_POINT('',(0.00820522630531978,0.0270005831170269,0.0482841908754746));
#6929=CARTESIAN_POINT('',(0.00822661795388161,0.0270508224236301,0.0481012627793972));
#6930=CARTESIAN_POINT('',(0.00830351396880382,0.0272254861811597,0.0478046643789305));
#6931=CARTESIAN_POINT('',(0.00835757232937168,0.0273454271807067,0.0476908305046575));
#6932=CARTESIAN_POINT('',(0.00847557902762736,0.0275984759470421,0.0475299743129165));
#6933=CARTESIAN_POINT('',(0.0085488799991297,0.0277506286717323,0.0474801713926375));
#6934=CARTESIAN_POINT('',(0.00863861304847107,0.0279308538838847,0.0474613656641462));
#6935=CARTESIAN_POINT('',(0.00865622322757066,0.0279659781068713,0.0474595684281665));
#6936=CARTESIAN_POINT('',(0.00867363792592913,0.0280004711010052,0.0474595842407879));
#6937=CARTESIAN_POINT('',(0.00830807652872999,0.0268142227532321,0.0484589663959438));
#6938=CARTESIAN_POINT('',(0.00830802162113252,0.0268143202607445,0.0482686628961006));
#6939=CARTESIAN_POINT('',(0.00833200138012691,0.0268622771316473,0.0480690009106556));
#6940=CARTESIAN_POINT('',(0.00841836704252553,0.027032840880786,0.0477349218430335));
#6941=CARTESIAN_POINT('',(0.00847926380407144,0.0271519646762665,0.0476000620574095));
#6942=CARTESIAN_POINT('',(0.00861325884558632,0.0274111512286662,0.0473959134530495));
#6943=CARTESIAN_POINT('',(0.00869711053455782,0.0275717238963182,0.0473209572117795));
#6944=CARTESIAN_POINT('',(0.00880133293699851,0.0277715607758237,0.0472743370763673));
#6945=CARTESIAN_POINT('',(0.00882184893255334,0.0278108658406272,0.0472672630854763));
#6946=CARTESIAN_POINT('',(0.00884222213951588,0.0278499941889862,0.0472622280891659));
#6947=CARTESIAN_POINT('',(0.0084109269240347,0.0266278620841789,0.0484589663959427));
#6948=CARTESIAN_POINT('',(0.00841098168564282,0.0266277648359214,0.0482528715756324));
#6949=CARTESIAN_POINT('',(0.00843739803334986,0.026673551825154,0.0480367782771207));
#6950=CARTESIAN_POINT('',(0.00853325281524473,0.0268403118624623,0.0476650779011385));
#6951=CARTESIAN_POINT('',(0.00860098591171848,0.0269584905486093,0.0475092264572305));
#6952=CARTESIAN_POINT('',(0.00875094128321333,0.027223820132093,0.0472618719288995));
#6953=CARTESIAN_POINT('',(0.00884537612042034,0.0273931093147963,0.0471616551687685));
#6954=CARTESIAN_POINT('',(0.00896404538856696,0.0276121966103309,0.0470873292398747));
#6955=CARTESIAN_POINT('',(0.00898748180895337,0.0276558177186065,0.04707493915131));
#6956=CARTESIAN_POINT('',(0.0090108063531028,0.0276995172769689,0.047064871937544));
#6957=CARTESIAN_POINT('',(0.0085137773193394,0.0264415014151259,0.0484589663959435));
#6958=CARTESIAN_POINT('',(0.00851377729378472,0.0264415014605069,0.0482373431289864));
#6959=CARTESIAN_POINT('',(0.00854278148306503,0.0264850062137542,0.0480045164779999));
#6960=CARTESIAN_POINT('',(0.00864810594698735,0.0266476667684189,0.0475953351853065));
#6961=CARTESIAN_POINT('',(0.00872267744077317,0.0267650280235449,0.0474184578908265));
#6962=CARTESIAN_POINT('',(0.00888862110582062,0.0270364954023997,0.0471278111033415));
#6963=CARTESIAN_POINT('',(0.00899360671804176,0.0272142050543007,0.0470024408320075));
#6964=CARTESIAN_POINT('',(0.0091267652638983,0.0274529033761859,0.0469003006889188));
#6965=CARTESIAN_POINT('',(0.00915310752666098,0.0275007055661794,0.0468826337756304));
#6966=CARTESIAN_POINT('',(0.00917939056668954,0.0275490403649499,0.046867515785921));
#6967=CARTESIAN_POINT('',(0.00917931189627246,0.0275491105854766,0.0468676078828535));
#6968=CARTESIAN_POINT('',(0.00867416570275988,0.0280000000105815,0.0474589663942715));
#6969=CARTESIAN_POINT('',(0.00867416569487207,0.0280000000122941,0.0474589663959435));
#6970=CARTESIAN_POINT('',(0.00854865682264416,0.0277514343576714,0.0474589663928857));
#6971=CARTESIAN_POINT('',(0.00831239738916752,0.0272517661443581,0.0476440273803958));
#6972=CARTESIAN_POINT('',(0.00820554811774652,0.0269999999999922,0.0481794128897982));
#6973=CARTESIAN_POINT('',(0.00820554811774621,0.0269999999999922,0.0484589663959435));
#6974=CARTESIAN_POINT('',(0.00820554811774605,0.0269999999999922,0.0484589663959435));
#6975=CARTESIAN_POINT('',(0.00820554811774616,0.0269999999999922,0.0484589663959435));
#6976=CARTESIAN_POINT('',(0.00835963872079868,0.0267207941904792,0.0663614568544595));
#6977=CARTESIAN_POINT('',(0.00820554811774576,0.0269999999999922,0.0569270095010515));
#6978=CARTESIAN_POINT('',(0.00820554811774581,0.0269999999999922,0.0569270095010515));
#6979=CARTESIAN_POINT('',(0.00820554811774562,0.0269999999999922,0.0663614568544595));
#6980=CARTESIAN_POINT('',(0.00839571631588136,0.0274269917933957,0.0577458505023545));
#6981=CARTESIAN_POINT('',(0.00834664784926879,0.0273211318055033,0.0576717767570945));
#6982=CARTESIAN_POINT('',(0.00829959969075862,0.0272164961462833,0.0575660115616525));
#6983=CARTESIAN_POINT('',(0.00822660338080418,0.0270506990390405,0.0572847177541755));
#6984=CARTESIAN_POINT('',(0.00820524284242877,0.0270005530652007,0.0571017874683925));
#6985=CARTESIAN_POINT('',(0.00820524269564387,0.0270005534122287,0.0569270095010515));
#6986=CARTESIAN_POINT('',(0.00852257428947411,0.0272356749116379,0.0578505753444075));
#6987=CARTESIAN_POINT('',(0.0084669236546678,0.0271278067648704,0.0577581881004495));
#6988=CARTESIAN_POINT('',(0.00841395727428004,0.0270241378405485,0.0576338581040385));
#6989=CARTESIAN_POINT('',(0.00833196138163402,0.0268621557751441,0.0573169489338025));
#6990=CARTESIAN_POINT('',(0.00830802562844943,0.026814342274343,0.0571173308636415));
#6991=CARTESIAN_POINT('',(0.00830807504926462,0.0268142254339619,0.0569270095010505));
#6992=CARTESIAN_POINT('',(0.00864943226306686,0.0270443580298801,0.0579553001864575));
#6993=CARTESIAN_POINT('',(0.00858725378083466,0.0269346351739212,0.0578448017191375));
#6994=CARTESIAN_POINT('',(0.00852832354715983,0.0268317979505478,0.0577017294323365));
#6995=CARTESIAN_POINT('',(0.00843734416559887,0.0266735684518707,0.0573492237489715));
#6996=CARTESIAN_POINT('',(0.00841095668220515,0.0266277809498362,0.0571330833038985));
#6997=CARTESIAN_POINT('',(0.00841090740288536,0.0266278974556949,0.0569270095010515));
#6998=CARTESIAN_POINT('',(0.00877629023665962,0.0268530411481221,0.0580600250285095));
#6999=CARTESIAN_POINT('',(0.00870752969001907,0.0267413104264697,0.0579312134489615));
#7000=CARTESIAN_POINT('',(0.00864268114728316,0.0266394396799981,0.0577695760220795));
#7001=CARTESIAN_POINT('',(0.00854270221377944,0.0264850251037943,0.0573814550119685));
#7002=CARTESIAN_POINT('',(0.00851373975150654,0.026441569489248,0.0571486270985515));
#7003=CARTESIAN_POINT('',(0.0085137397565061,0.0264415694774282,0.0569270095010515));
#7004=CARTESIAN_POINT('',(0.00839609309640792,0.0274264235636292,0.0577461615453315));
#7005=CARTESIAN_POINT('',(0.00839609309641154,0.0274264235636254,0.0577461615453375));
#7006=CARTESIAN_POINT('',(0.00820554811774597,0.0269999999999922,0.0569270095010515));
#7007=CARTESIAN_POINT('',(0.00820554811774591,0.0269999999999922,0.0572584434239597));
#7008=CARTESIAN_POINT('',(0.008278614618611,0.027173062929889,0.0575687565196959));
#7009=CARTESIAN_POINT('',(0.00839609309641457,0.0274264235636291,0.0577461615453319));
#7010=CARTESIAN_POINT('',(0.00941823943616562,0.0279982154705492,0.0467949799513265));
#7011=CARTESIAN_POINT('',(0.00934397785352329,0.0278498730586408,0.0467949799513265));
#7012=CARTESIAN_POINT('',(0.00926348594800765,0.0276955284567814,0.0468171925423275));
#7013=CARTESIAN_POINT('',(0.00918236301354405,0.0275463871829788,0.0468640360374115));
#7014=CARTESIAN_POINT('',(0.00941705119772393,0.0279988103136968,0.0467963087661995));
#7015=CARTESIAN_POINT('',(0.00934284544339827,0.0278505794225352,0.0467963087661995));
#7016=CARTESIAN_POINT('',(0.00926241397394049,0.0276963505149017,0.0468184769038505));
#7017=CARTESIAN_POINT('',(0.00918134597448016,0.0275472949838604,0.0468652266525435));
#7018=CARTESIAN_POINT('',(0.00941586295928224,0.0279994051568445,0.0467976375810715));
#7019=CARTESIAN_POINT('',(0.00934171303327325,0.0278512857864296,0.0467976375810715));
#7020=CARTESIAN_POINT('',(0.00926134199987333,0.0276971725730221,0.0468197612653735));
#7021=CARTESIAN_POINT('',(0.00918032893541627,0.027548202784742,0.0468664172676755));
#7022=CARTESIAN_POINT('',(0.00941467472084056,0.0279999999999922,0.0467989663959435));
#7023=CARTESIAN_POINT('',(0.00934058062314823,0.027851992150324,0.0467989663959435));
#7024=CARTESIAN_POINT('',(0.00926027002580617,0.0276979946311424,0.0468210456268965));
#7025=CARTESIAN_POINT('',(0.00917931189635238,0.0275491105856236,0.0468676078828075));
#7026=CARTESIAN_POINT('',(0.00921794870382039,0.0280984828625998,0.0470189663959435));
#7027=CARTESIAN_POINT('',(0.00915309760146423,0.0279689385060681,0.0470189663959435));
#7028=CARTESIAN_POINT('',(0.00908279286197905,0.0278340954456774,0.0470336858832455));
#7029=CARTESIAN_POINT('',(0.00901092982994808,0.0276994070626775,0.0470647273871865));
#7030=CARTESIAN_POINT('',(0.00902122268680023,0.0281969657252074,0.0472389663959435));
#7031=CARTESIAN_POINT('',(0.00896561457978023,0.0280858848618122,0.0472389663959435));
#7032=CARTESIAN_POINT('',(0.00890531569815193,0.0279701962602125,0.0472463261395945));
#7033=CARTESIAN_POINT('',(0.00884254776354378,0.0278497035397315,0.0472618468915655));
#7034=CARTESIAN_POINT('',(0.00882449666978007,0.0282954485878149,0.0474589663959435));
#7035=CARTESIAN_POINT('',(0.00877813155809624,0.0282028312175563,0.0474589663959435));
#7036=CARTESIAN_POINT('',(0.0087278385343248,0.0281062970747476,0.0474589663959435));
#7037=CARTESIAN_POINT('',(0.00867416569713948,0.0280000000167854,0.0474589663959435));
#7038=CARTESIAN_POINT('',(0.00882449666978007,0.0282954485878149,0.0474589663959435));
#7039=CARTESIAN_POINT('',(0.00877813155809624,0.0282028312175563,0.0474589663959435));
#7040=CARTESIAN_POINT('',(0.0087278385343248,0.0281062970747476,0.0474589663959435));
#7041=CARTESIAN_POINT('',(0.00867416569713948,0.0280000000167854,0.0474589663959435));
#7042=CARTESIAN_POINT('',(0.00894360434677283,0.0271240655584839,0.0583115543621195));
#7043=CARTESIAN_POINT('',(0.00937477196294246,0.0278591349265634,0.0588330922936453));
#7044=CARTESIAN_POINT('',(0.00974393672724028,0.0286323773654251,0.0593805759006968));
#7045=CARTESIAN_POINT('',(0.0100450000509557,0.0294327547842241,0.0599459840757598));
#7046=CARTESIAN_POINT('',(0.00894273682068133,0.0271251217122334,0.0583107347812348));
#7047=CARTESIAN_POINT('',(0.00937384985481144,0.0278601741935972,0.0588322471718475));
#7048=CARTESIAN_POINT('',(0.00974295979499189,0.0286333950063535,0.0593797034911583));
#7049=CARTESIAN_POINT('',(0.0100439692907794,0.0294337452316251,0.059945082638005));
#7050=CARTESIAN_POINT('',(0.00894186929458984,0.0271261778659829,0.0583099152003481));
#7051=CARTESIAN_POINT('',(0.00937292774668042,0.0278612134606309,0.0588314020500487));
#7052=CARTESIAN_POINT('',(0.00974198286274348,0.0286344126472819,0.0593788310816198));
#7053=CARTESIAN_POINT('',(0.010042938530603,0.0294347356790259,0.0599441812002482));
#7054=CARTESIAN_POINT('',(0.00894100176849833,0.0271272340197323,0.0583090956194615));
#7055=CARTESIAN_POINT('',(0.0093720056385494,0.0278622527276646,0.058830556928251));
#7056=CARTESIAN_POINT('',(0.00974100593049508,0.0286354302882103,0.0593779586720813));
#7057=CARTESIAN_POINT('',(0.0100419077704267,0.0294357261264268,0.0599432797624933));
#7058=CARTESIAN_POINT('',(0.0087977355959731,0.0273016507972429,0.0581737472791588));
#7059=CARTESIAN_POINT('',(0.00921972560469218,0.0280338807762222,0.0586909906759889));
#7060=CARTESIAN_POINT('',(0.0095796720577543,0.0288034869290907,0.0592338860307215));
#7061=CARTESIAN_POINT('',(0.00987168457287327,0.0295992919368421,0.0597944133038907));
#7062=CARTESIAN_POINT('',(0.00865446942344786,0.0274760675747534,0.0580383989388541));
#7063=CARTESIAN_POINT('',(0.00906744557083494,0.0282055088247797,0.0585514244237268));
#7064=CARTESIAN_POINT('',(0.00941833818501351,0.028971543569971,0.0590898133893617));
#7065=CARTESIAN_POINT('',(0.00970146137531984,0.0297628577472575,0.0596455468452881));
#7066=CARTESIAN_POINT('',(0.00851120325092262,0.027650484352264,0.0579030505985514));
#7067=CARTESIAN_POINT('',(0.00891516553697772,0.0283771368733373,0.0584118581714648));
#7068=CARTESIAN_POINT('',(0.00925700431227272,0.0291396002108514,0.0589457407480009));
#7069=CARTESIAN_POINT('',(0.0095312381777664,0.0299264235576729,0.0594966803866856));
#7070=CARTESIAN_POINT('',(0.00851034360286208,0.027651530915049,0.0579022384603043));
#7071=CARTESIAN_POINT('',(0.00891425180253883,0.0283781667027553,0.0584110207242431));
#7072=CARTESIAN_POINT('',(0.00925603625157593,0.0291406086105514,0.0589448762608398));
#7073=CARTESIAN_POINT('',(0.00953021677795473,0.0299274050107906,0.059495787134914));
#7074=CARTESIAN_POINT('',(0.00850948395480154,0.0276525774778339,0.0579014263220572));
#7075=CARTESIAN_POINT('',(0.00891333806809993,0.0283791965321733,0.0584101832770224));
#7076=CARTESIAN_POINT('',(0.00925506819087914,0.0291416170102514,0.0589440117736796));
#7077=CARTESIAN_POINT('',(0.00952919537814306,0.0299283864639084,0.0594948938831425));
#7078=CARTESIAN_POINT('',(0.00850862430674099,0.0276536240406189,0.0579006141838101));
#7079=CARTESIAN_POINT('',(0.00891242433366104,0.0283802263615914,0.0584093458298008));
#7080=CARTESIAN_POINT('',(0.00925410013018235,0.0291426254099514,0.0589431472865185));
#7081=CARTESIAN_POINT('',(0.00952817397833138,0.0299293679170261,0.0594940006313709));
#7082=CARTESIAN_POINT('',(0.00953123817270094,0.0299264235533902,0.0594966803836865));
#7083=CARTESIAN_POINT('',(0.00953123817643622,0.0299264235578354,0.0594966803871155));
#7084=CARTESIAN_POINT('',(0.00894100176849833,0.0271272340197323,0.0583090956194615));
#7085=CARTESIAN_POINT('',(0.00851120325092262,0.027650484352264,0.0579030505985515));
#7086=CARTESIAN_POINT('',(-0.00054686777754428,0.0331262425809052,0.0617372177877405));
#7087=CARTESIAN_POINT('',(0.008776277366532,0.0268530605577971,0.0580600144038535));
#7088=CARTESIAN_POINT('',(0.00878411545297287,0.0268657969597826,0.0580746977009905));
#7089=CARTESIAN_POINT('',(0.00879200055894369,0.0268786527596895,0.0580889715645505));
#7090=CARTESIAN_POINT('',(0.00884352508251415,0.0269629428749569,0.0581792934264345));
#7091=CARTESIAN_POINT('',(0.00889113126061119,0.0270421866249913,0.0582487584807025));
#7092=CARTESIAN_POINT('',(0.00894100176849833,0.0271272340197323,0.0583090956194615));
#7093=CARTESIAN_POINT('',(0.00864954927649226,0.0270441815597406,0.0579553967843455));
#7094=CARTESIAN_POINT('',(0.00865664121149584,0.0270566950869104,0.0579680012370045));
#7095=CARTESIAN_POINT('',(0.00866376360286886,0.027069211458136,0.0579802820317565));
#7096=CARTESIAN_POINT('',(0.00871028809584321,0.0271506379634209,0.0580581589723975));
#7097=CARTESIAN_POINT('',(0.00875298159322264,0.0272242325665424,0.0581190045605985));
#7098=CARTESIAN_POINT('',(0.00879773559597309,0.0273016507972429,0.0581737472791585));
#7099=CARTESIAN_POINT('',(0.00852282118645251,0.0272353025616842,0.0578507791648385));
#7100=CARTESIAN_POINT('',(0.00852916298639857,0.0272475933239881,0.0578613080351055));
#7101=CARTESIAN_POINT('',(0.00853553016681815,0.0272597701724516,0.0578715897544785));
#7102=CARTESIAN_POINT('',(0.00857703137469521,0.0273383330377455,0.0579370398649285));
#7103=CARTESIAN_POINT('',(0.00861479756808923,0.0274062798052635,0.0579892805945555));
#7104=CARTESIAN_POINT('',(0.00865446942344785,0.0274760675747534,0.0580383989388545));
#7105=CARTESIAN_POINT('',(0.00839609309641277,0.0274264235636277,0.0577461615453305));
#7106=CARTESIAN_POINT('',(0.00840168874492154,0.0274384914511159,0.0577546115711205));
#7107=CARTESIAN_POINT('',(0.00840729321074331,0.0274503288708981,0.0577629002216845));
#7108=CARTESIAN_POINT('',(0.00844379438802427,0.0275260281262095,0.0578159054108905));
#7109=CARTESIAN_POINT('',(0.00847664790070068,0.0275883257468146,0.0578595266744505));
#7110=CARTESIAN_POINT('',(0.00851120325092261,0.027650484352264,0.0579030505985515));
#7111=CARTESIAN_POINT('',(0.00839609309641277,0.0274264235636277,0.0577461615453305));
#7112=CARTESIAN_POINT('',(0.00840168874492154,0.0274384914511159,0.0577546115711205));
#7113=CARTESIAN_POINT('',(0.00840729321074331,0.0274503288708981,0.0577629002216845));
#7114=CARTESIAN_POINT('',(0.00844379438802427,0.0275260281262095,0.0578159054108905));
#7115=CARTESIAN_POINT('',(0.00847664790070068,0.0275883257468146,0.0578595266744505));
#7116=CARTESIAN_POINT('',(0.00851120325092261,0.027650484352264,0.0579030505985515));
#7117=CARTESIAN_POINT('',(0.0100419077684934,0.0294357261212849,0.0599432797588615));
#7118=CARTESIAN_POINT('',(0.0100602051789775,0.0294843909664301,0.0599776561257105));
#7119=CARTESIAN_POINT('',(0.0100782513797406,0.0295331557457721,0.0600120985468165));
#7120=CARTESIAN_POINT('',(0.0100960452349636,0.029582017849982,0.0600466051426375));
#7121=CARTESIAN_POINT('',(0.00987168447592152,0.0295992920230863,0.0597944132171425));
#7122=CARTESIAN_POINT('',(0.00988944133897733,0.0296476837869522,0.0598284980788745));
#7123=CARTESIAN_POINT('',(0.0099069273118206,0.0296971481080816,0.0598612634867745));
#7124=CARTESIAN_POINT('',(0.00992426087643799,0.0297477085819774,0.0598926135568785));
#7125=CARTESIAN_POINT('',(0.00970146118334961,0.0297628579248877,0.0596455466754235));
#7126=CARTESIAN_POINT('',(0.00971867749897721,0.0298109766074747,0.0596793400320365));
#7127=CARTESIAN_POINT('',(0.00973560324390059,0.0298611404703911,0.0597104284267335));
#7128=CARTESIAN_POINT('',(0.00975247651791237,0.0299133993139729,0.0597386219711205));
#7129=CARTESIAN_POINT('',(0.00953123789077769,0.0299264238266894,0.0594966801337045));
#7130=CARTESIAN_POINT('',(0.00954791365897704,0.0299742694279967,0.0595301819852015));
#7131=CARTESIAN_POINT('',(0.00956427917598057,0.0300251328327006,0.0595595933666925));
#7132=CARTESIAN_POINT('',(0.00958069215938677,0.0300790900459682,0.0595846303853615));
#7133=CARTESIAN_POINT('',(0.00953123817776632,0.0299264235576729,0.0594966803866855));
#7134=CARTESIAN_POINT('',(0.00953958870714292,0.0299503826388354,0.0595134567161845));
#7135=CARTESIAN_POINT('',(0.00954792120140829,0.0299752777992623,0.0595293214051065));
#7136=CARTESIAN_POINT('',(0.00956446206771799,0.0300264442308126,0.0595587942130445));
#7137=CARTESIAN_POINT('',(0.00957259999903716,0.0300524860791357,0.0595722860985435));
#7138=CARTESIAN_POINT('',(0.00958069244722902,0.030079089768336,0.0595846306433905));
#7139=CARTESIAN_POINT('',(0.005,0.0304999999999922,0.0484589663959435));
#7140=CARTESIAN_POINT('',(0.005,0.0314999999999922,0.0484589663959435));
#7141=CARTESIAN_POINT('',(0.00914528137423899,0.0314999999999922,0.0484589663959439));
#7142=CARTESIAN_POINT('',(0.00879179715874486,0.0304999999999917,0.0474589663959435));
#7143=CARTESIAN_POINT('',(0.0089015001241172,0.0307494673702808,0.0474589663959434));
#7144=CARTESIAN_POINT('',(0.00908023918415684,0.0312620324874282,0.0476543859966695));
#7145=CARTESIAN_POINT('',(0.00914528137423892,0.0314999999999917,0.0481858506063845));
#7146=CARTESIAN_POINT('',(0.00914528137423923,0.0314999999999914,0.0484589663959445));
#7147=CARTESIAN_POINT('',(0.00879179715874456,0.030499999999992,0.0474589663959435));
#7148=CARTESIAN_POINT('',(0.005,0.0304999999999922,0.0474589663959435));
#7149=CARTESIAN_POINT('',(0.005,0.0314999999999922,0.0474589663959435));
#7150=CARTESIAN_POINT('',(0.005,0.0314999999999922,0.0586775283465755));
#7151=CARTESIAN_POINT('',(0.00914528137423884,0.0314999999999922,0.0586775283465755));
#7152=CARTESIAN_POINT('',(0.00914528137423899,0.0314999999999922,0.0444589663959435));
#7153=CARTESIAN_POINT('',(0.005,0.0304999999999922,0.0586775283465755));
#7154=CARTESIAN_POINT('',(0.005,0.0299264235636412,0.0594966803908645));
#7155=CARTESIAN_POINT('',(0.00849164064995307,0.0299264235636425,0.0594966803908641));
#7156=CARTESIAN_POINT('',(0.00914528137423879,0.0314999999999922,0.0586775283465755));
#7157=CARTESIAN_POINT('',(0.00914528137423882,0.0314999999999922,0.0590649549757983));
#7158=CARTESIAN_POINT('',(0.00901345308865861,0.0309971795120324,0.0597858239900646));
#7159=CARTESIAN_POINT('',(0.00866962720768291,0.0302074300880286,0.0596934432775253));
#7160=CARTESIAN_POINT('',(0.00849164064995211,0.0299264235636434,0.0594966803908657));
#7161=CARTESIAN_POINT('',(-0.0050234335821603,0.0268277916340875,0.0444589663959435));
#7162=CARTESIAN_POINT('',(-0.0056349371855342,0.0269999999999922,0.0569270095010515));
#7163=CARTESIAN_POINT('',(-0.0056349371855338,0.0269999999999922,0.0569270095010515));
#7164=CARTESIAN_POINT('',(-0.0044119299787866,0.0266555832681829,0.0484589663959435));
#7165=CARTESIAN_POINT('',(-0.00563493718553396,0.0269999999999922,0.0484589663959435));
#7166=CARTESIAN_POINT('',(-0.0056349371855341,0.0269999999999922,0.0444589663959435));
#7167=CARTESIAN_POINT('',(-0.0060145479571936,0.0271094676586112,0.0573819294379135));
#7168=CARTESIAN_POINT('',(-0.0059323690368123,0.0270735652171953,0.0573116483123245));
#7169=CARTESIAN_POINT('',(-0.0058586134257777,0.0270479758408871,0.0572404841243345));
#7170=CARTESIAN_POINT('',(-0.0057673595752391,0.0270221911597775,0.0571397051955025));
#7171=CARTESIAN_POINT('',(-0.0057077297281386,0.027008191454923,0.0570677155767695));
#7172=CARTESIAN_POINT('',(-0.005669820402215,0.027002988303277,0.0570076737004505));
#7173=CARTESIAN_POINT('',(-0.0056450436095032,0.0270003279230841,0.0569611366978815));
#7174=CARTESIAN_POINT('',(-0.005636443381044,0.027000028172508,0.0569371199911485));
#7175=CARTESIAN_POINT('',(-0.005634894035882,0.0269999948186025,0.0569275738906265));
#7176=CARTESIAN_POINT('',(-0.0056349371855325,0.0269999999999922,0.0569271702450085));
#7177=CARTESIAN_POINT('',(-0.0056349371855334,0.0269999999999922,0.0569270095010315));
#7178=CARTESIAN_POINT('',(-0.0057950637566489,0.0271620829701558,0.0577052457476505));
#7179=CARTESIAN_POINT('',(-0.0056993239399809,0.0271078411195847,0.0576362546369845));
#7180=CARTESIAN_POINT('',(-0.0056098498010025,0.0270625307453246,0.0575621307579515));
#7181=CARTESIAN_POINT('',(-0.0054895009526149,0.0270056326094645,0.0574444046614215));
#7182=CARTESIAN_POINT('',(-0.0054063540689341,0.0269681026912335,0.0573551490315755));
#7183=CARTESIAN_POINT('',(-0.0053386938458238,0.026938677587547,0.0572592082419795));
#7184=CARTESIAN_POINT('',(-0.0052836815552618,0.0269138922400395,0.0571633527710315));
#7185=CARTESIAN_POINT('',(-0.0052519698456798,0.0268986119396858,0.0570915078586575));
#7186=CARTESIAN_POINT('',(-0.005230793178402,0.0268872019309611,0.0569974374406645));
#7187=CARTESIAN_POINT('',(-0.0052272585107312,0.0268851877010645,0.0569505933992825));
#7188=CARTESIAN_POINT('',(-0.0052272467258757,0.0268851883987764,0.0569270094981005));
#7189=CARTESIAN_POINT('',(-0.0055755795561042,0.0272146982817003,0.0580285620573885));
#7190=CARTESIAN_POINT('',(-0.0054662928329653,0.0271420622893728,0.0579610936046275));
#7191=CARTESIAN_POINT('',(-0.0053610058093959,0.0270770737435755,0.0578837136582825));
#7192=CARTESIAN_POINT('',(-0.005211618602036,0.0269890616755209,0.0577491262998335));
#7193=CARTESIAN_POINT('',(-0.005104805519772,0.0269279583034763,0.0576424924067715));
#7194=CARTESIAN_POINT('',(-0.0050075165795742,0.026874345827536,0.0575107989325275));
#7195=CARTESIAN_POINT('',(-0.0049223774150113,0.0268274738590157,0.0573655233425975));
#7196=CARTESIAN_POINT('',(-0.0048674186200322,0.0267971844663089,0.0572458230642175));
#7197=CARTESIAN_POINT('',(-0.004826775385238,0.02677442499729,0.0570673415577775));
#7198=CARTESIAN_POINT('',(-0.0048195444790607,0.0267703774951315,0.0569739214622205));
#7199=CARTESIAN_POINT('',(-0.0048195562662179,0.0267703767975604,0.0569270094951695));
#7200=CARTESIAN_POINT('',(-0.0053560953555594,0.0272673135932448,0.0583518783671265));
#7201=CARTESIAN_POINT('',(-0.0052332477346658,0.0271763381975059,0.0582856999048735));
#7202=CARTESIAN_POINT('',(-0.0051122421930546,0.0270916286492625,0.0582053602985875));
#7203=CARTESIAN_POINT('',(-0.0049337599819018,0.0269725031265075,0.0580538257634245));
#7204=CARTESIAN_POINT('',(-0.0048034298787107,0.0268878695456242,0.0579299258710305));
#7205=CARTESIAN_POINT('',(-0.0046763900285047,0.0268100351140145,0.0577623334681625));
#7206=CARTESIAN_POINT('',(-0.0045610153546924,0.0267410381741554,0.0575677394205225));
#7207=CARTESIAN_POINT('',(-0.004482945092821,0.0266957682346664,0.0574002109393515));
#7208=CARTESIAN_POINT('',(-0.0044226745190412,0.0266616321079744,0.0571372051035585));
#7209=CARTESIAN_POINT('',(-0.0044118658079698,0.0266555651959841,0.0569973446264755));
#7210=CARTESIAN_POINT('',(-0.0044118658065601,0.0266555651963446,0.0569270094922385));
#7211=CARTESIAN_POINT('',(-0.0056349371855334,0.0269999999999922,0.0569270095010515));
#7212=CARTESIAN_POINT('',(-0.00563493718491264,0.0269999999999922,0.0569787988255928));
#7213=CARTESIAN_POINT('',(-0.00570980667388285,0.027006860983855,0.0570623707297322));
#7214=CARTESIAN_POINT('',(-0.00582892725223207,0.0270377916166209,0.057218234089166));
#7215=CARTESIAN_POINT('',(-0.00594101375106818,0.0270773419320232,0.057319041452141));
#7216=CARTESIAN_POINT('',(-0.0060145479571936,0.0271094676586112,0.0573819294379135));
#7217=CARTESIAN_POINT('',(-0.00601454795719364,0.0271094676586112,0.0573819294379135));
#7218=CARTESIAN_POINT('',(-0.0060145479571936,0.0271094676586112,0.0573819294379135));
#7219=CARTESIAN_POINT('',(-0.00563508364445212,0.0270000412449676,0.0484589663959681));
#7220=CARTESIAN_POINT('',(-0.00563508364116592,0.0270000412451174,0.0484588140640863));
#7221=CARTESIAN_POINT('',(-0.00563504612572728,0.0270000362545189,0.0484584377950501));
#7222=CARTESIAN_POINT('',(-0.0056366176287082,0.0270000596871051,0.0484488722570595));
#7223=CARTESIAN_POINT('',(-0.005645156105311,0.0270003626507797,0.0484249517707675));
#7224=CARTESIAN_POINT('',(-0.0056698673106125,0.0270030228664432,0.0483785073286905));
#7225=CARTESIAN_POINT('',(-0.0057077906994175,0.0270082152180804,0.0483184472802665));
#7226=CARTESIAN_POINT('',(-0.0057674117838225,0.027022201643955,0.0482464591086835));
#7227=CARTESIAN_POINT('',(-0.0058245315488373,0.027038346962435,0.0481833901384295));
#7228=CARTESIAN_POINT('',(-0.0058799600255141,0.0270556517003148,0.0481257961739395));
#7229=CARTESIAN_POINT('',(-0.0060079730557052,0.0271040164163985,0.0480066000990925));
#7230=CARTESIAN_POINT('',(-0.0061190201787228,0.027156655725432,0.0479170418199905));
#7231=CARTESIAN_POINT('',(-0.0062734802953601,0.0272413555469868,0.0478037201546425));
#7232=CARTESIAN_POINT('',(-0.00643442115856543,0.0273405759552836,0.0476963727832085));
#7233=CARTESIAN_POINT('',(-0.00659607874944471,0.0274646673897144,0.0476110743536382));
#7234=CARTESIAN_POINT('',(-0.0066742856611357,0.0275308101754595,0.0475759322445136));
#7235=CARTESIAN_POINT('',(-0.0052273390703603,0.0268852144043354,0.0484589663996931));
#7236=CARTESIAN_POINT('',(-0.00522734822271378,0.026885213987503,0.0484353946119412));
#7237=CARTESIAN_POINT('',(-0.00523089164675513,0.0268872273405347,0.0483885576171058));
#7238=CARTESIAN_POINT('',(-0.0052520926753461,0.0268986320938978,0.0482944793050805));
#7239=CARTESIAN_POINT('',(-0.0052837472338232,0.0269139124992038,0.0482226853579155));
#7240=CARTESIAN_POINT('',(-0.0053386957412837,0.0269387064675871,0.0481269564880265));
#7241=CARTESIAN_POINT('',(-0.0054063771554966,0.0269681155824688,0.0480309460416345));
#7242=CARTESIAN_POINT('',(-0.0054895143427363,0.0270056459884289,0.0479417446515835));
#7243=CARTESIAN_POINT('',(-0.0055648510169096,0.0270412566740433,0.0478680120093415));
#7244=CARTESIAN_POINT('',(-0.0056351486713627,0.0270755269195254,0.0478040521714075));
#7245=CARTESIAN_POINT('',(-0.0057889690998664,0.0271565322317118,0.0476811264931915));
#7246=CARTESIAN_POINT('',(-0.0059156382511001,0.0272316855420458,0.0475967740827335));
#7247=CARTESIAN_POINT('',(-0.0060886575460954,0.0273440504661473,0.0474948977466475));
#7248=CARTESIAN_POINT('',(-0.00626587926281582,0.0274686205018107,0.0474036701217426));
#7249=CARTESIAN_POINT('',(-0.00644049448234477,0.0276126088357342,0.0473403439715976));
#7250=CARTESIAN_POINT('',(-0.00652449723726483,0.0276872170199482,0.0473169266772641));
#7251=CARTESIAN_POINT('',(-0.00481959449627262,0.0267703875637029,0.0484589664034067));
#7252=CARTESIAN_POINT('',(-0.00481958534483984,0.026770387980147,0.0484120498036623));
#7253=CARTESIAN_POINT('',(-0.00482679894836211,0.0267744301418296,0.0483186346265523));
#7254=CARTESIAN_POINT('',(-0.0048674224572967,0.0267971777890469,0.0481401953776955));
#7255=CARTESIAN_POINT('',(-0.0049224171106786,0.0268274875496813,0.0480204502880915));
#7256=CARTESIAN_POINT('',(-0.0050075989854031,0.0268743699378877,0.0478750563280365));
#7257=CARTESIAN_POINT('',(-0.00510486210574,0.0269279804045162,0.0477434466753065));
#7258=CARTESIAN_POINT('',(-0.0052116792663135,0.0269890711935947,0.0476367694534745));
#7259=CARTESIAN_POINT('',(-0.005305163511678,0.0270441649763505,0.0475525671850145));
#7260=CARTESIAN_POINT('',(-0.0053903576569419,0.0270953938223227,0.0474821755787955));
#7261=CARTESIAN_POINT('',(-0.0055699790462774,0.0272090403451939,0.0473555570480875));
#7262=CARTESIAN_POINT('',(-0.0057122649977428,0.0273067042793595,0.0472764080771325));
#7263=CARTESIAN_POINT('',(-0.0059038347881933,0.0274467453996588,0.0471860753483725));
#7264=CARTESIAN_POINT('',(-0.00609735674780706,0.0275966550402888,0.047110900525937));
#7265=CARTESIAN_POINT('',(-0.00628490885360555,0.027760538064908,0.0470696436194995));
#7266=CARTESIAN_POINT('',(-0.00637470881339377,0.027843623864437,0.047057921110017));
#7267=CARTESIAN_POINT('',(-0.00441184992218105,0.0266555607230709,0.0484589664071285));
#7268=CARTESIAN_POINT('',(-0.00441184992340642,0.026655560722668,0.0483886303596182));
#7269=CARTESIAN_POINT('',(-0.00442264447609704,0.0266616212291174,0.048248754443958));
#7270=CARTESIAN_POINT('',(-0.0044828974881644,0.02669575019294,0.0479858024375505));
#7271=CARTESIAN_POINT('',(-0.0045610082477401,0.0267410374008412,0.0478181838786425));
#7272=CARTESIAN_POINT('',(-0.0046764274241964,0.0268100535368461,0.0476235054494495));
#7273=CARTESIAN_POINT('',(-0.0048034485507991,0.0268878807650459,0.0474559454368765));
#7274=CARTESIAN_POINT('',(-0.0049337818319978,0.0269725155359907,0.0473320549680675));
#7275=CARTESIAN_POINT('',(-0.0050454829789929,0.0270470746878058,0.0472371890486875));
#7276=CARTESIAN_POINT('',(-0.0051455463049986,0.0271152690406304,0.0471604315618685));
#7277=CARTESIAN_POINT('',(-0.005350975091948,0.0272615561596713,0.0470300834317825));
#7278=CARTESIAN_POINT('',(-0.0055088830710619,0.0273817340947705,0.0469561403292065));
#7279=CARTESIAN_POINT('',(-0.0057190120389278,0.0275494403188211,0.0468772529403785));
#7280=CARTESIAN_POINT('',(-0.00592881485416134,0.0277246995857295,0.0468181978572046));
#7281=CARTESIAN_POINT('',(-0.00612932458635776,0.0279084795096013,0.0467989132407178));
#7282=CARTESIAN_POINT('',(-0.00622492038952257,0.0280000307089256,0.0467989155427688));
#7283=CARTESIAN_POINT('',(-0.0062249497989947,0.0279999999999922,0.0467989663959435));
#7284=CARTESIAN_POINT('',(-0.00667423185821115,0.027530866355673,0.0475758392115765));
#7285=CARTESIAN_POINT('',(-0.00667423185821095,0.0275308663556732,0.0475758392115765));
#7286=CARTESIAN_POINT('',(-0.00658328752020854,0.0274539495187711,0.0476166988710277));
#7287=CARTESIAN_POINT('',(-0.00639789919728529,0.0273143737890251,0.0477162452614084));
#7288=CARTESIAN_POINT('',(-0.00611955029578212,0.0271502277684522,0.047912018098565));
#7289=CARTESIAN_POINT('',(-0.00588517919841824,0.0270553526663038,0.0481077583042962));
#7290=CARTESIAN_POINT('',(-0.00573256081371991,0.0270102329500076,0.0482950450677473));
#7291=CARTESIAN_POINT('',(-0.00563493718544703,0.0269999999999922,0.048393810025521));
#7292=CARTESIAN_POINT('',(-0.00563493718553326,0.0269999999999922,0.0484589663959435));
#7293=CARTESIAN_POINT('',(-0.0057887894414021,0.027608707179951,0.0585998849856975));
#7294=CARTESIAN_POINT('',(-0.00647623100518494,0.0281861684055255,0.0590189634366394));
#7295=CARTESIAN_POINT('',(-0.0070812959112452,0.0288713697788358,0.0595136738535271));
#7296=CARTESIAN_POINT('',(-0.00757252744046118,0.0296361714577875,0.0600618351767395));
#7297=CARTESIAN_POINT('',(-0.0060213466120465,0.0275479436998879,0.0583153086445795));
#7298=CARTESIAN_POINT('',(-0.00672454211657069,0.028151947950704,0.0587480608005152));
#7299=CARTESIAN_POINT('',(-0.00733736344021455,0.028864415453024,0.0592568874109221));
#7300=CARTESIAN_POINT('',(-0.00783018989945262,0.0296544989224332,0.0598185374222647));
#7301=CARTESIAN_POINT('',(-0.0062539037826909,0.027487180219825,0.0580307323034615));
#7302=CARTESIAN_POINT('',(-0.00697285322795644,0.0281177274958826,0.0584771581643881));
#7303=CARTESIAN_POINT('',(-0.0075934309691834,0.0288574611272121,0.0590001009683161));
#7304=CARTESIAN_POINT('',(-0.00808785235844367,0.0296728263870787,0.0595752396677859));
#7305=CARTESIAN_POINT('',(-0.0064864609533352,0.0274264167397619,0.0577461559623455));
#7306=CARTESIAN_POINT('',(-0.00722116433934228,0.028083507041061,0.058206255528264));
#7307=CARTESIAN_POINT('',(-0.00784949849815264,0.0288505068014003,0.0587433145257141));
#7308=CARTESIAN_POINT('',(-0.00834551481743503,0.0296911538517246,0.0593319419133111));
#7309=CARTESIAN_POINT('',(-0.006487856612404,0.027426052076304,0.0577444481175595));
#7310=CARTESIAN_POINT('',(-0.00722265454346519,0.0280833016718265,0.0582046297442904));
#7311=CARTESIAN_POINT('',(-0.00785103525132201,0.0288504650659944,0.0587417734580849));
#7312=CARTESIAN_POINT('',(-0.00834706114235207,0.0296912638414193,0.0593304817961413));
#7313=CARTESIAN_POINT('',(-0.0064892522714729,0.027425687412846,0.0577427402727735));
#7314=CARTESIAN_POINT('',(-0.0072241447475881,0.0280830963025919,0.0582030039603177));
#7315=CARTESIAN_POINT('',(-0.00785257200449149,0.0288504233305887,0.0587402323904568));
#7316=CARTESIAN_POINT('',(-0.00834860746726911,0.0296913738311143,0.0593290216789735));
#7317=CARTESIAN_POINT('',(-0.0064906479305418,0.0274253227493881,0.0577410324279885));
#7318=CARTESIAN_POINT('',(-0.00722563495171111,0.0280828909333575,0.058201378176344));
#7319=CARTESIAN_POINT('',(-0.00785410875766086,0.0288503815951828,0.0587386913228286));
#7320=CARTESIAN_POINT('',(-0.00835015379218605,0.0296914838208092,0.0593275615618057));
#7321=CARTESIAN_POINT('',(-0.0057887963737866,0.0276087129980718,0.0585998892031815));
#7322=CARTESIAN_POINT('',(-0.0064864675839184,0.0274264235636413,0.0577461615453405));
#7323=CARTESIAN_POINT('',(-0.0016759150885338,0.0331701801502394,0.0617679832049035));
#7324=CARTESIAN_POINT('',(-0.0083455139605825,0.0296911537907764,0.0593319427223915));
#7325=CARTESIAN_POINT('',(-0.0083455139605825,0.0296911537907764,0.0593319427223915));
#7326=CARTESIAN_POINT('',(-0.0053521789347107,0.0272682524476251,0.0583576475420055));
#7327=CARTESIAN_POINT('',(-0.0054995082713758,0.0273776632056628,0.0584366961609425));
#7328=CARTESIAN_POINT('',(-0.0056437798485765,0.0274915564021495,0.0585191741506435));
#7329=CARTESIAN_POINT('',(-0.0057846098588058,0.0276098068621112,0.0586050121659425));
#7330=CARTESIAN_POINT('',(-0.0055729686088717,0.0272153241846205,0.0580324081739745));
#7331=CARTESIAN_POINT('',(-0.0057273251055782,0.027312789874197,0.0581331167335165));
#7332=CARTESIAN_POINT('',(-0.0058744843601786,0.0274249561170224,0.0582300714286855));
#7333=CARTESIAN_POINT('',(-0.0060185624338434,0.0275486790959546,0.0583187286257415));
#7334=CARTESIAN_POINT('',(-0.0057937582830327,0.0271623959216159,0.0577071688059435));
#7335=CARTESIAN_POINT('',(-0.0059551419397807,0.0272479165427313,0.0578295373060915));
#7336=CARTESIAN_POINT('',(-0.0061051888717807,0.0273583558318952,0.0579409687067275));
#7337=CARTESIAN_POINT('',(-0.0062525150088809,0.027487551329798,0.0580324450855415));
#7338=CARTESIAN_POINT('',(-0.0060145479571936,0.0271094676586112,0.0573819294379135));
#7339=CARTESIAN_POINT('',(-0.0061829587739831,0.0271830432112655,0.0575259578786665));
#7340=CARTESIAN_POINT('',(-0.0063358933833828,0.027291755546768,0.0576518659847695));
#7341=CARTESIAN_POINT('',(-0.0064864675839184,0.0274264235636413,0.0577461615453405));
#7342=CARTESIAN_POINT('',(-0.0060145479571938,0.0271094676586112,0.0573819294379135));
#7343=CARTESIAN_POINT('',(-0.0060962946114413,0.0271451812509953,0.0574518408804945));
#7344=CARTESIAN_POINT('',(-0.0061756803545156,0.027189812901033,0.0575188415520425));
#7345=CARTESIAN_POINT('',(-0.0063330469118357,0.0272965639064354,0.0576424436169435));
#7346=CARTESIAN_POINT('',(-0.0064099017416054,0.0273579458954366,0.0576982129658645));
#7347=CARTESIAN_POINT('',(-0.0064864675839183,0.0274264235636413,0.0577461615453405));
#7348=CARTESIAN_POINT('',(-0.00914550515958927,0.0314996955207887,0.0586775283465754));
#7349=CARTESIAN_POINT('',(-0.00914550516254534,0.0314996954802327,0.058831281757951));
#7350=CARTESIAN_POINT('',(-0.00913481525180847,0.0314616948230332,0.0589946243062864));
#7351=CARTESIAN_POINT('',(-0.009090580037863,0.031313501865417,0.0592805452590965));
#7352=CARTESIAN_POINT('',(-0.0090568146311576,0.0312041540007168,0.0594020636386715));
#7353=CARTESIAN_POINT('',(-0.0089733237547885,0.0309558913907467,0.0595817740683545));
#7354=CARTESIAN_POINT('',(-0.0089163788373808,0.0307982151690056,0.0596448053636435));
#7355=CARTESIAN_POINT('',(-0.0087888510997756,0.030486678848046,0.0596894655064245));
#7356=CARTESIAN_POINT('',(-0.0087184198504601,0.0303341438077042,0.0596724361715635));
#7357=CARTESIAN_POINT('',(-0.00860029551164127,0.0301066337640656,0.0596025672443931));
#7358=CARTESIAN_POINT('',(-0.0085450702899404,0.030010201361224,0.059555038107843));
#7359=CARTESIAN_POINT('',(-0.0084919641622892,0.0299263642717534,0.0594963073231638));
#7360=CARTESIAN_POINT('',(-0.00899107800093723,0.0317098069428352,0.0586775283465747));
#7361=CARTESIAN_POINT('',(-0.0089910759611419,0.0317098349293187,0.0588506673305664));
#7362=CARTESIAN_POINT('',(-0.00898010648982752,0.0316700419781012,0.0590346352122603));
#7363=CARTESIAN_POINT('',(-0.0089342013370554,0.0315143025609024,0.0593615511397225));
#7364=CARTESIAN_POINT('',(-0.0088989006174065,0.0313990420600598,0.0595037182454415));
#7365=CARTESIAN_POINT('',(-0.008810306445598,0.0311348884029673,0.0597234691670515));
#7366=CARTESIAN_POINT('',(-0.008749180078381,0.0309656485641988,0.0598084531942975));
#7367=CARTESIAN_POINT('',(-0.0086094609073339,0.0306238991099185,0.0598932380485285));
#7368=CARTESIAN_POINT('',(-0.0085309506106184,0.03045247703877,0.0598942396009185));
#7369=CARTESIAN_POINT('',(-0.00839616271998582,0.0301879045300282,0.0598475815563823));
#7370=CARTESIAN_POINT('',(-0.00833210886195572,0.0300723681086679,0.0598084370611324));
#7371=CARTESIAN_POINT('',(-0.00826871857933339,0.0299672797196063,0.059753749487614));
#7372=CARTESIAN_POINT('',(-0.00883665084228487,0.0319199183648818,0.0586775283465738));
#7373=CARTESIAN_POINT('',(-0.00883665288036417,0.031919890401942,0.0588700673493779));
#7374=CARTESIAN_POINT('',(-0.00882542596945969,0.0318784172203447,0.0590746017470996));
#7375=CARTESIAN_POINT('',(-0.0087777916313253,0.0317150383082145,0.0594425995862955));
#7376=CARTESIAN_POINT('',(-0.0087410012913167,0.0315939375375576,0.0596053640398005));
#7377=CARTESIAN_POINT('',(-0.0086472605992197,0.0313138213279592,0.0598651707030315));
#7378=CARTESIAN_POINT('',(-0.0085819770722427,0.0311330768546165,0.0599721245857825));
#7379=CARTESIAN_POINT('',(-0.008430054553198,0.030761062876259,0.0600969796680285));
#7380=CARTESIAN_POINT('',(-0.0083434200897081,0.0305706810114609,0.0601160025496745));
#7381=CARTESIAN_POINT('',(-0.00819206160083362,0.030269233608262,0.0600926211153053));
#7382=CARTESIAN_POINT('',(-0.00811908315602273,0.0301343878352534,0.0600617962107585));
#7383=CARTESIAN_POINT('',(-0.00804547299637741,0.0300081951674592,0.0600111916520649));
#7384=CARTESIAN_POINT('',(-0.00868222368363271,0.0321300297869282,0.0586775283465745));
#7385=CARTESIAN_POINT('',(-0.00868222368239512,0.0321300298039083,0.0588894529301019));
#7386=CARTESIAN_POINT('',(-0.00867071722332544,0.0320867643911723,0.0591146126281776));
#7387=CARTESIAN_POINT('',(-0.0086214129131207,0.0319158389672568,0.0595236054908055));
#7388=CARTESIAN_POINT('',(-0.0085830872858071,0.031788825601063,0.0597070186416255));
#7389=CARTESIAN_POINT('',(-0.0084842432740168,0.0314928183042199,0.0600068658053395));
#7390=CARTESIAN_POINT('',(-0.0084147783108599,0.0313005102469454,0.0601357724296575));
#7391=CARTESIAN_POINT('',(-0.0082506643516879,0.0308982831064315,0.0603007521927815));
#7392=CARTESIAN_POINT('',(-0.008155950815481,0.0306890141699985,0.0603378059563145));
#7393=CARTESIAN_POINT('',(-0.00798792882695015,0.0303505044069442,0.0603376354414609));
#7394=CARTESIAN_POINT('',(-0.00790612169197091,0.0301965545002025,0.0603151951417129));
#7395=CARTESIAN_POINT('',(-0.00782222741342136,0.0300491106153119,0.0602686338165172));
#7396=CARTESIAN_POINT('',(-0.007822362975367,0.030049085770128,0.0602684774893005));
#7397=CARTESIAN_POINT('',(-0.0084916406499535,0.0299264235636417,0.0594966803908633));
#7398=CARTESIAN_POINT('',(-0.0084916406499517,0.0299264235636417,0.0594966803908649));
#7399=CARTESIAN_POINT('',(-0.00866999114627038,0.0302080046770326,0.0596938456090784));
#7400=CARTESIAN_POINT('',(-0.00901243294636302,0.0309945806233021,0.0597862091435626));
#7401=CARTESIAN_POINT('',(-0.0091452813742391,0.0314999999999922,0.0590659521705268));
#7402=CARTESIAN_POINT('',(-0.0091452813742386,0.0314999999999922,0.0586775283465755));
#7403=CARTESIAN_POINT('',(-0.00914528137423865,0.0314999999999922,0.0586775283465755));
#7404=CARTESIAN_POINT('',(-0.0091452813742386,0.0314999999999922,0.0586775283465755));
#7405=CARTESIAN_POINT('',(-0.0089137994155208,0.0318149511002316,0.0444589663959435));
#7406=CARTESIAN_POINT('',(-0.0091452813742387,0.0314999999999922,0.0484589663959435));
#7407=CARTESIAN_POINT('',(-0.00914528137423855,0.0314999999999922,0.0484589663959435));
#7408=CARTESIAN_POINT('',(-0.0091452813742386,0.0314999999999922,0.0444589663959435));
#7409=CARTESIAN_POINT('',(-0.00879521837736247,0.0304973821965795,0.0474628094894119));
#7410=CARTESIAN_POINT('',(-0.00881578285092655,0.0305441418594176,0.0474627004287002));
#7411=CARTESIAN_POINT('',(-0.00883601466933074,0.0305918735638563,0.0474659386041768));
#7412=CARTESIAN_POINT('',(-0.00891933307733652,0.0307952392938004,0.0474945469402022));
#7413=CARTESIAN_POINT('',(-0.00897619250211318,0.030952768633767,0.0475572627192018));
#7414=CARTESIAN_POINT('',(-0.00905959618611089,0.0312007316666687,0.0477362409277723));
#7415=CARTESIAN_POINT('',(-0.00909333387862879,0.0313099762841815,0.0478573947432593));
#7416=CARTESIAN_POINT('',(-0.00913753996487734,0.0314580305869558,0.0481425846863596));
#7417=CARTESIAN_POINT('',(-0.00914822515744184,0.0314959943411843,0.0483055544224774));
#7418=CARTESIAN_POINT('',(-0.00914822509125236,0.0314959948199882,0.0484589663959435));
#7419=CARTESIAN_POINT('',(-0.00879408856286382,0.0304982466932926,0.0474615403560407));
#7420=CARTESIAN_POINT('',(-0.0088146671138074,0.030545039847915,0.0474614673112596));
#7421=CARTESIAN_POINT('',(-0.00883491183333316,0.0305928029273629,0.0474647431802587));
#7422=CARTESIAN_POINT('',(-0.00891828068546602,0.0307962935546352,0.0474935167640853));
#7423=CARTESIAN_POINT('',(-0.00897516623627355,0.0309538952992286,0.0475563707452404));
#7424=CARTESIAN_POINT('',(-0.00905860214882036,0.0312019585708038,0.0477356010060761));
#7425=CARTESIAN_POINT('',(-0.00909234944842359,0.0313112402944322,0.047856884808374));
#7426=CARTESIAN_POINT('',(-0.00913656607988406,0.031459342167391,0.0481423328156656));
#7427=CARTESIAN_POINT('',(-0.0091472530099953,0.0314973171597188,0.0483054323897761));
#7428=CARTESIAN_POINT('',(-0.00914725296566411,0.0314973174804034,0.0484589663959435));
#7429=CARTESIAN_POINT('',(-0.00879295874836516,0.0304991111900056,0.0474602712226686));
#7430=CARTESIAN_POINT('',(-0.00881355137668835,0.0305459378364125,0.0474602341938191));
#7431=CARTESIAN_POINT('',(-0.00883380899733558,0.0305937322908696,0.0474635477563406));
#7432=CARTESIAN_POINT('',(-0.00891722829359561,0.0307973478154699,0.0474924865879684));
#7433=CARTESIAN_POINT('',(-0.00897413997043392,0.0309550219646901,0.0475554787712789));
#7434=CARTESIAN_POINT('',(-0.00905760811152983,0.0312031854749388,0.0477349610843798));
#7435=CARTESIAN_POINT('',(-0.0090913650182185,0.0313125043046829,0.0478563748734888));
#7436=CARTESIAN_POINT('',(-0.00913559219489068,0.0314606537478261,0.0481420809449706));
#7437=CARTESIAN_POINT('',(-0.00914628086254875,0.0314986399782532,0.0483053103570748));
#7438=CARTESIAN_POINT('',(-0.00914628084007575,0.0314986401408184,0.0484589663959435));
#7439=CARTESIAN_POINT('',(-0.0087918289338665,0.0304999756867186,0.0474590020892975));
#7440=CARTESIAN_POINT('',(-0.0088124356395693,0.03054683582491,0.0474590010763785));
#7441=CARTESIAN_POINT('',(-0.0088327061613381,0.0305946616543762,0.0474623523324225));
#7442=CARTESIAN_POINT('',(-0.0089161759017251,0.0307984020763047,0.0474914564118515));
#7443=CARTESIAN_POINT('',(-0.0089731137045943,0.0309561486301515,0.0475545867973175));
#7444=CARTESIAN_POINT('',(-0.0090566140742393,0.0312044123790739,0.0477343211626835));
#7445=CARTESIAN_POINT('',(-0.0090903805880134,0.0313137683149337,0.0478558649386035));
#7446=CARTESIAN_POINT('',(-0.0091346183098974,0.0314619653282612,0.0481418290742755));
#7447=CARTESIAN_POINT('',(-0.0091453087151022,0.0314999627967876,0.0483051883243745));
#7448=CARTESIAN_POINT('',(-0.0091453087144874,0.0314999628012336,0.0484589663959435));
#7449=CARTESIAN_POINT('',(-0.0086124304634315,0.0306372454670201,0.0472574817636695));
#7450=CARTESIAN_POINT('',(-0.0086352724567619,0.0306894236241553,0.0472631995682515));
#7451=CARTESIAN_POINT('',(-0.0086575914931071,0.0307422313587535,0.0472725360194655));
#7452=CARTESIAN_POINT('',(-0.0087490710432893,0.030965803699686,0.0473278790990755));
#7453=CARTESIAN_POINT('',(-0.0088101572882087,0.0311350470782763,0.0474129540208515));
#7454=CARTESIAN_POINT('',(-0.0088987750929868,0.0313992273026367,0.0476327107004225));
#7455=CARTESIAN_POINT('',(-0.0089340670752616,0.03151447516182,0.0477748945328025));
#7456=CARTESIAN_POINT('',(-0.0089799792267662,0.031670225643732,0.0481018355908935));
#7457=CARTESIAN_POINT('',(-0.0089909455296862,0.0317100075625579,0.0482858112673985));
#7458=CARTESIAN_POINT('',(-0.0089909489998458,0.0317099824599074,0.0484589663959445));
#7459=CARTESIAN_POINT('',(-0.0084330319929966,0.0307745152473215,0.0470559614380405));
#7460=CARTESIAN_POINT('',(-0.0084580947771683,0.0308319879287088,0.0470673852382495));
#7461=CARTESIAN_POINT('',(-0.0084824918117683,0.0308898243042692,0.0470827322633825));
#7462=CARTESIAN_POINT('',(-0.0085819140707019,0.0311331206934879,0.0471642580329655));
#7463=CARTESIAN_POINT('',(-0.0086471985274348,0.0313139411990198,0.0472713079949435));
#7464=CARTESIAN_POINT('',(-0.0087409328030335,0.0315940208107047,0.0475311029742355));
#7465=CARTESIAN_POINT('',(-0.0087777308134619,0.0317151378671757,0.0476938772965465));
#7466=CARTESIAN_POINT('',(-0.0088253617391851,0.0318785035702403,0.0480618842126975));
#7467=CARTESIAN_POINT('',(-0.0088365927567248,0.0319199770060838,0.0482664196046085));
#7468=CARTESIAN_POINT('',(-0.008836589285204,0.031920002118581,0.0484589663959435));
#7469=CARTESIAN_POINT('',(-0.0082536335225616,0.0309117850276229,0.0468544411124125));
#7470=CARTESIAN_POINT('',(-0.0082809315981523,0.0309745757340986,0.0468715837334745));
#7471=CARTESIAN_POINT('',(-0.0083073771396179,0.0310373940025682,0.0468929159471445));
#7472=CARTESIAN_POINT('',(-0.0084148092258954,0.031300522339002,0.0470006807316315));
#7473=CARTESIAN_POINT('',(-0.0084842421116625,0.0314928396482762,0.0471296752219425));
#7474=CARTESIAN_POINT('',(-0.0085830938226461,0.0317888357398682,0.0474294925112585));
#7475=CARTESIAN_POINT('',(-0.0086214173066595,0.0319158447256062,0.0476129069029945));
#7476=CARTESIAN_POINT('',(-0.0086707226504061,0.0320867638811053,0.0480218907183025));
#7477=CARTESIAN_POINT('',(-0.0086822295685857,0.0321300217915528,0.0482470425514505));
#7478=CARTESIAN_POINT('',(-0.0086822295705623,0.0321300217772547,0.0484589663959445));
#7479=CARTESIAN_POINT('',(-0.008791797158744,0.0304999999999922,0.0474589663959435));
#7480=CARTESIAN_POINT('',(-0.0087917971587439,0.0304999999999922,0.0474589663959435));
#7481=CARTESIAN_POINT('',(-0.0091452813742384,0.0314999999999923,0.0484589663959435));
#7482=CARTESIAN_POINT('',(-0.00914528137423895,0.0314999999999923,0.0481861280760446));
#7483=CARTESIAN_POINT('',(-0.00908077008089324,0.0312636763331812,0.0476557672387974));
#7484=CARTESIAN_POINT('',(-0.00890144207343048,0.0307493353615235,0.0474589663959436));
#7485=CARTESIAN_POINT('',(-0.0087917971587436,0.0304999999999924,0.0474589663959435));
#7486=CARTESIAN_POINT('',(-0.0075725253617876,0.0296361713099317,0.0600618371395275));
#7487=CARTESIAN_POINT('',(-0.0076269802671299,0.0297209525079923,0.0601226029259265));
#7488=CARTESIAN_POINT('',(-0.0076833181244876,0.0298118455398916,0.0601740834370405));
#7489=CARTESIAN_POINT('',(-0.0077672518430425,0.0299532771859168,0.0602354768932665));
#7490=CARTESIAN_POINT('',(-0.0077949116210072,0.0300008442407377,0.0602532431578285));
#7491=CARTESIAN_POINT('',(-0.007822361171059,0.0300490861008136,0.0602684795699915));
#7492=CARTESIAN_POINT('',(-0.0078301882280526,0.0296544988035466,0.0598185390004825));
#7493=CARTESIAN_POINT('',(-0.0078763623838651,0.029727768522823,0.0598707702280665));
#7494=CARTESIAN_POINT('',(-0.007924516545055,0.0298054623613949,0.0599170677085295));
#7495=CARTESIAN_POINT('',(-0.007997244056861,0.0299262665950678,0.0599765666554875));
#7496=CARTESIAN_POINT('',(-0.0080213584709301,0.0299668916898934,0.0599946500026725));
#7497=CARTESIAN_POINT('',(-0.00804545433069,0.0300081985884231,0.0600112131769485));
#7498=CARTESIAN_POINT('',(-0.0080878510943175,0.0296728262971616,0.0595752408614375));
#7499=CARTESIAN_POINT('',(-0.0081257695681324,0.0297345677027914,0.0596189467935585));
#7500=CARTESIAN_POINT('',(-0.0081657249135387,0.0297990719109342,0.0596600539824075));
#7501=CARTESIAN_POINT('',(-0.0082272334867609,0.02989925779313,0.0597176559320355));
#7502=CARTESIAN_POINT('',(-0.0082478117386221,0.0299329331844731,0.0597360577995265));
#7503=CARTESIAN_POINT('',(-0.0082685474903209,0.0299673110760326,0.0597539467839075));
#7504=CARTESIAN_POINT('',(-0.0083455139605824,0.0296911537907764,0.0593319427223915));
#7505=CARTESIAN_POINT('',(-0.0083751516850027,0.0297413837175314,0.0593671140957495));
#7506=CARTESIAN_POINT('',(-0.0084069233341597,0.0297926887323982,0.0594030382539065));
#7507=CARTESIAN_POINT('',(-0.0084572257005644,0.0298722472022906,0.0594587456942535));
#7508=CARTESIAN_POINT('',(-0.0084742585885794,0.0298989806335966,0.0594774646443765));
#7509=CARTESIAN_POINT('',(-0.0084916406499518,0.0299264235636421,0.0594966803908645));
#7510=CARTESIAN_POINT('',(-0.0083455139605824,0.0296911537907764,0.0593319427223915));
#7511=CARTESIAN_POINT('',(-0.0083751516850027,0.0297413837175314,0.0593671140957495));
#7512=CARTESIAN_POINT('',(-0.0084069233341597,0.0297926887323982,0.0594030382539065));
#7513=CARTESIAN_POINT('',(-0.0084572257005644,0.0298722472022906,0.0594587456942535));
#7514=CARTESIAN_POINT('',(-0.0084742585885794,0.0298989806335966,0.0594774646443765));
#7515=CARTESIAN_POINT('',(-0.0084916406499518,0.0299264235636421,0.0594966803908645));
#7516=CARTESIAN_POINT('',(1.59594559789866E-16,0.0344999999999917,0.0471289663959435));
#7517=CARTESIAN_POINT('',(-0.0071460198712293,0.0279999999999922,0.0474589663959435));
#7518=CARTESIAN_POINT('',(-0.00714601987122935,0.0279999999999922,0.0474589663959435));
#7519=CARTESIAN_POINT('',(-0.0080622577482986,0.0304999999999922,0.0467989663959435));
#7520=CARTESIAN_POINT('',(-0.00865348998317375,0.030206666666659,0.0474589663959435));
#7521=CARTESIAN_POINT('',(1.59594559789866E-16,0.0344999999999917,0.0474589663959435));
#7522=CARTESIAN_POINT('',(-0.0082537356648671,0.0309117068717067,0.0468545558500165));
#7523=CARTESIAN_POINT('',(-0.0081925592965468,0.0307709899472524,0.0468161438752015));
#7524=CARTESIAN_POINT('',(-0.0081270972417451,0.0306306881771008,0.0467989663959435));
#7525=CARTESIAN_POINT('',(-0.0080622577482986,0.0304999999999922,0.0467989663959435));
#7526=CARTESIAN_POINT('',(-0.0084330894961594,0.0307744712478019,0.0470560260319925));
#7527=CARTESIAN_POINT('',(-0.0083769106805003,0.0306456523156809,0.0470304180487825));
#7528=CARTESIAN_POINT('',(-0.0083177273365077,0.0305199154167406,0.0470189663959435));
#7529=CARTESIAN_POINT('',(-0.0082593351599237,0.0304022222222144,0.0470189663959435));
#7530=CARTESIAN_POINT('',(-0.0086124433274517,0.030637235623897,0.0472574962139685));
#7531=CARTESIAN_POINT('',(-0.0085612620644537,0.0305203146841094,0.0472446922223635));
#7532=CARTESIAN_POINT('',(-0.0085083574312704,0.0304091426563804,0.0472389663959435));
#7533=CARTESIAN_POINT('',(-0.0084564125715488,0.0303044444444367,0.0472389663959435));
#7534=CARTESIAN_POINT('',(-0.008791797158744,0.0304999999999922,0.0474589663959435));
#7535=CARTESIAN_POINT('',(-0.0087456134484072,0.0303949770525379,0.0474589663959435));
#7536=CARTESIAN_POINT('',(-0.0086989875260331,0.0302983698960203,0.0474589663959435));
#7537=CARTESIAN_POINT('',(-0.0086534899831739,0.0302066666666589,0.0474589663959435));
#7538=CARTESIAN_POINT('',(-0.008791797158744,0.0304999999999922,0.0474589663959435));
#7539=CARTESIAN_POINT('',(-0.0087456134484072,0.0303949770525379,0.0474589663959435));
#7540=CARTESIAN_POINT('',(-0.0086989875260331,0.0302983698960203,0.0474589663959435));
#7541=CARTESIAN_POINT('',(-0.0086534899831739,0.0302066666666589,0.0474589663959435));
#7542=CARTESIAN_POINT('',(-0.0066577824887229,0.0284440993788742,0.0467989663959435));
#7543=CARTESIAN_POINT('',(-0.0065186630804816,0.0282911532164485,0.0467989663959435));
#7544=CARTESIAN_POINT('',(-0.0063742712971737,0.0281430028969269,0.0467989663959435));
#7545=CARTESIAN_POINT('',(-0.0062249497989947,0.0279999999999922,0.0467989663959435));
#7546=CARTESIAN_POINT('',(-0.0068205282828917,0.0282960662525802,0.0470189663959435));
#7547=CARTESIAN_POINT('',(-0.0066780081780045,0.0281393814061842,0.0470189663959435));
#7548=CARTESIAN_POINT('',(-0.0065307848670174,0.0279867652654846,0.0470325275617155));
#7549=CARTESIAN_POINT('',(-0.0063747104854002,0.0278436221185525,0.0470579240011545));
#7550=CARTESIAN_POINT('',(-0.0069832740770605,0.0281480331262862,0.0472389663959435));
#7551=CARTESIAN_POINT('',(-0.0068373532755274,0.0279876095959198,0.0472389663959435));
#7552=CARTESIAN_POINT('',(-0.006687298436861,0.0278305276340423,0.0472660887274875));
#7553=CARTESIAN_POINT('',(-0.0065244711718056,0.0276872442371127,0.0473168816063655));
#7554=CARTESIAN_POINT('',(-0.0071460198712293,0.0279999999999922,0.0474589663959435));
#7555=CARTESIAN_POINT('',(-0.0069966983730502,0.0278358377856554,0.0474589663959435));
#7556=CARTESIAN_POINT('',(-0.0068438120067046,0.0276742900026001,0.0474996498932595));
#7557=CARTESIAN_POINT('',(-0.0066742318582111,0.027530866355673,0.0475758392115765));
#7558=CARTESIAN_POINT('',(-0.0071460198712293,0.0279999999999922,0.0474589663959435));
#7559=CARTESIAN_POINT('',(-0.007070775619855,0.027917277397605,0.0474589663959435));
#7560=CARTESIAN_POINT('',(-0.0069951765862995,0.0278359381567002,0.0474692242369385));
#7561=CARTESIAN_POINT('',(-0.006837937140197,0.0276772023195905,0.0475088701416295));
#7562=CARTESIAN_POINT('',(-0.0067573711296351,0.0276011820006141,0.0475384862285095));
#7563=CARTESIAN_POINT('',(-0.0066742318582112,0.027530866355673,0.0475758392115765));
#7564=CARTESIAN_POINT('',(0.005,0.0279999999999922,0.0569270095010515));
#7565=CARTESIAN_POINT('',(0.005,0.0269999999999922,0.0569270095010515));
#7566=CARTESIAN_POINT('',(-0.0082055481177459,0.0269999999999922,0.0569270095010515));
#7567=CARTESIAN_POINT('',(-0.0083960930964112,0.0274264235636283,0.0577461615453277));
#7568=CARTESIAN_POINT('',(-0.0082785384934362,0.0271728987540943,0.057568641562562));
#7569=CARTESIAN_POINT('',(-0.00820554811774597,0.0269999999999923,0.0572586117818581));
#7570=CARTESIAN_POINT('',(-0.008205548117746,0.0269999999999923,0.0569270095010515));
#7571=CARTESIAN_POINT('',(-0.008396093096409,0.027426423563626,0.0577461615453363));
#7572=CARTESIAN_POINT('',(0.005,0.0274264235636412,0.0577461615453405));
#7573=CARTESIAN_POINT('',(0.005,0.0269999999999922,0.0574475765516035));
#7574=CARTESIAN_POINT('',(0.005,0.0269999999999922,0.0484589663959435));
#7575=CARTESIAN_POINT('',(-0.0082055481177461,0.0269999999999922,0.0484589663959435));
#7576=CARTESIAN_POINT('',(-0.0082055481177458,0.0269999999999922,0.0663614568544595));
#7577=CARTESIAN_POINT('',(0.005,0.0279999999999922,0.0484589663959435));
#7578=CARTESIAN_POINT('',(0.005,0.0279999999999922,0.0474589663959435));
#7579=CARTESIAN_POINT('',(-0.0086741656886528,0.0279999999999879,0.0474589663959445));
#7580=CARTESIAN_POINT('',(-0.0082055481177463,0.0269999999999922,0.0484589663959435));
#7581=CARTESIAN_POINT('',(-0.00820554811774629,0.0269999999999922,0.0481803183063344));
#7582=CARTESIAN_POINT('',(-0.00831090209870782,0.0272484962627797,0.047646403779976));
#7583=CARTESIAN_POINT('',(-0.00854893707701815,0.0277519893906714,0.0474589663959451));
#7584=CARTESIAN_POINT('',(-0.0086741656886557,0.0279999999999857,0.0474589663959435));
#7585=CARTESIAN_POINT('',(-0.0083596387207989,0.0267207941904793,0.0663614568544595));
#7586=CARTESIAN_POINT('',(-0.0082055481177459,0.0269999999999922,0.0484589663959435));
#7587=CARTESIAN_POINT('',(-0.0085137293238521,0.0264415883809664,0.0484589663959435));
#7588=CARTESIAN_POINT('',(-0.0085137293238519,0.0264415883809663,0.0663614568544595));
#7589=CARTESIAN_POINT('',(-0.00851372932385195,0.0264415883809663,0.0569270095010515));
#7590=CARTESIAN_POINT('',(-0.008513729323852,0.0264415883809662,0.0569270095010515));
#7591=CARTESIAN_POINT('',(-0.00867394537641103,0.0280001966489265,0.0474592243084471));
#7592=CARTESIAN_POINT('',(-0.00865652528517046,0.0279656952064132,0.0474592177079004));
#7593=CARTESIAN_POINT('',(-0.00863890980986445,0.0279305633650616,0.0474610245690927));
#7594=CARTESIAN_POINT('',(-0.0085491503425245,0.0277503023995153,0.0474798810431855));
#7595=CARTESIAN_POINT('',(-0.0084758301408415,0.0275981343445658,0.0475297298669205));
#7596=CARTESIAN_POINT('',(-0.0083577942922268,0.0273450744054481,0.0476906650268495));
#7597=CARTESIAN_POINT('',(-0.0083037234595736,0.0272251348961877,0.0478045372433275));
#7598=CARTESIAN_POINT('',(-0.00822681017487557,0.0270504786217873,0.048101203986686));
#7599=CARTESIAN_POINT('',(-0.00820541378057172,0.0270002434159912,0.0482841625557111));
#7600=CARTESIAN_POINT('',(-0.00820541370894709,0.0270002435431858,0.048458966395944));
#7601=CARTESIAN_POINT('',(-0.00884242710205258,0.0278498112133108,0.047261988136956));
#7602=CARTESIAN_POINT('',(-0.0088220503099591,0.0278106773132828,0.0472670292515156));
#7603=CARTESIAN_POINT('',(-0.00880153076745465,0.0277713670083101,0.047274109706704));
#7604=CARTESIAN_POINT('',(-0.0086972908075051,0.0275715067371357,0.0473207635458745));
#7605=CARTESIAN_POINT('',(-0.0086134262630081,0.0274109234977702,0.0473957505294595));
#7606=CARTESIAN_POINT('',(-0.0084794118248595,0.0271517294975339,0.0475999516784525));
#7607=CARTESIAN_POINT('',(-0.0084185067509708,0.027032606850868,0.0477348369825145));
#7608=CARTESIAN_POINT('',(-0.00833212955198375,0.0268620477325561,0.0480689617783917));
#7609=CARTESIAN_POINT('',(-0.00830814680463468,0.0268140934382206,0.0482686436963873));
#7610=CARTESIAN_POINT('',(-0.00830820157895198,0.0268139961673936,0.0484589663959426));
#7611=CARTESIAN_POINT('',(-0.00901090882769423,0.0276994257776952,0.0470647519654637));
#7612=CARTESIAN_POINT('',(-0.00898758248874642,0.027655723408578,0.0470748222488111));
#7613=CARTESIAN_POINT('',(-0.00896414430638379,0.0276120997669159,0.0470872155447991));
#7614=CARTESIAN_POINT('',(-0.008845466240423,0.0273930005689996,0.0471615583950665));
#7615=CARTESIAN_POINT('',(-0.0087510250060326,0.0272237062943963,0.0472617904676935));
#7616=CARTESIAN_POINT('',(-0.0086010599262409,0.026958372995445,0.0475091713219735));
#7617=CARTESIAN_POINT('',(-0.0085333226717755,0.0268401948043463,0.0476650355445765));
#7618=CARTESIAN_POINT('',(-0.00843746213298456,0.0266734372554644,0.0480367586962954));
#7619=CARTESIAN_POINT('',(-0.00841104417725872,0.0266276516024906,0.0482528621355648));
#7620=CARTESIAN_POINT('',(-0.00841098944895738,0.0266277487916009,0.0484589663959446));
#7621=CARTESIAN_POINT('',(-0.00917939055333547,0.0275490403420795,0.0468675157939707));
#7622=CARTESIAN_POINT('',(-0.00915310751754327,0.0275007055513011,0.0468826337820331));
#7623=CARTESIAN_POINT('',(-0.00912676525981746,0.027452903370447,0.0469003006940091));
#7624=CARTESIAN_POINT('',(-0.0089936067249964,0.027214205068826,0.0470024408486425));
#7625=CARTESIAN_POINT('',(-0.0088886211296676,0.0270364954440392,0.0471278111410315));
#7626=CARTESIAN_POINT('',(-0.0087226774760017,0.0267650280810343,0.0474184579360305));
#7627=CARTESIAN_POINT('',(-0.0086481059814553,0.0266476668240219,0.0475953352270715));
#7628=CARTESIAN_POINT('',(-0.00854278151749096,0.0264850062656085,0.0480045165099249));
#7629=CARTESIAN_POINT('',(-0.00851377729340789,0.0264415014611893,0.0482373431290455));
#7630=CARTESIAN_POINT('',(-0.00851377731896244,0.0264415014158087,0.0484589663959445));
#7631=CARTESIAN_POINT('',(-0.0086741656886528,0.0279999999999851,0.0474589663959435));
#7632=CARTESIAN_POINT('',(-0.00917931188355565,0.0275491105620905,0.0468676078901673));
#7633=CARTESIAN_POINT('',(-0.0091793118835555,0.0275491105620905,0.0468676078901671));
#7634=CARTESIAN_POINT('',(-0.00900871070608502,0.0272353706877214,0.0469657274510037));
#7635=CARTESIAN_POINT('',(-0.00867435011612343,0.0266791143326387,0.0473656208004238));
#7636=CARTESIAN_POINT('',(-0.00851372932385207,0.0264415883809666,0.048087830815439));
#7637=CARTESIAN_POINT('',(-0.0085137293238521,0.0264415883809666,0.0484589663959435));
#7638=CARTESIAN_POINT('',(-0.0082054245477513,0.0270002239037197,0.0569270095010515));
#7639=CARTESIAN_POINT('',(-0.0082054246091001,0.0270002237475598,0.0571082969048775));
#7640=CARTESIAN_POINT('',(-0.0082283976987699,0.0270541618840741,0.0572972377097455));
#7641=CARTESIAN_POINT('',(-0.0083032762065156,0.0272238959400738,0.0575738118302335));
#7642=CARTESIAN_POINT('',(-0.0083484425688153,0.0273242022549013,0.0576743182625645));
#7643=CARTESIAN_POINT('',(-0.0083959406556815,0.0274266534623422,0.0577460357011985));
#7644=CARTESIAN_POINT('',(-0.0083081953472728,0.0268140074589387,0.0569270095010515));
#7645=CARTESIAN_POINT('',(-0.0083081443246119,0.0268141373341691,0.0571244015700705));
#7646=CARTESIAN_POINT('',(-0.0083338797253629,0.0268655474827209,0.0573306073371585));
#7647=CARTESIAN_POINT('',(-0.0084180044036586,0.0270315785316335,0.0576429750392155));
#7648=CARTESIAN_POINT('',(-0.0084688596175547,0.0271310707391517,0.0577612711367755));
#7649=CARTESIAN_POINT('',(-0.0085227226937534,0.0272354511003624,0.0578506978563315));
#7650=CARTESIAN_POINT('',(-0.0084109661467944,0.0266277910141577,0.0569270095010515));
#7651=CARTESIAN_POINT('',(-0.0084110171119354,0.026627661285341,0.0571407395948625));
#7652=CARTESIAN_POINT('',(-0.0084393900080563,0.0266768813108098,0.0573640376049755));
#7653=CARTESIAN_POINT('',(-0.0085327371701436,0.0268392778688843,0.0577121494209115));
#7654=CARTESIAN_POINT('',(-0.0085893257014719,0.0269380486089784,0.0578484100991225));
#7655=CARTESIAN_POINT('',(-0.0086495047318255,0.0270442487383825,0.0579553600114635));
#7656=CARTESIAN_POINT('',(-0.0085137369463159,0.0264415745693767,0.0569270095010515));
#7657=CARTESIAN_POINT('',(-0.0085137369425359,0.0264415745789987,0.0571568444355095));
#7658=CARTESIAN_POINT('',(-0.0085448720558938,0.0264882668705325,0.0573974072779835));
#7659=CARTESIAN_POINT('',(-0.0086474653707221,0.0266469604730344,0.0577813126382935));
#7660=CARTESIAN_POINT('',(-0.008709742787079,0.0267449171754714,0.0579353631132465));
#7661=CARTESIAN_POINT('',(-0.0087762867698976,0.0268530463764026,0.0580600221665965));
#7662=CARTESIAN_POINT('',(-0.0085143538111326,0.0264404568358025,0.0569270095010515));
#7663=CARTESIAN_POINT('',(-0.00851435350142,0.0264404576241581,0.0571569411021665));
#7664=CARTESIAN_POINT('',(-0.0085455051945325,0.0264871347433848,0.0573976075739555));
#7665=CARTESIAN_POINT('',(-0.0086481540078715,0.0266458061195051,0.0577817277791275));
#7666=CARTESIAN_POINT('',(-0.0087104655708248,0.026743757935815,0.0579358850344085));
#7667=CARTESIAN_POINT('',(-0.0087770477582235,0.0268518987156807,0.0580606503839645));
#7668=CARTESIAN_POINT('',(-0.0085149706759493,0.0264393391022283,0.0569270095010515));
#7669=CARTESIAN_POINT('',(-0.0085149700603041,0.0264393406693175,0.0571570377688225));
#7670=CARTESIAN_POINT('',(-0.0085461383331711,0.0264860026162371,0.0573978078699285));
#7671=CARTESIAN_POINT('',(-0.0086488426450208,0.0266446517659758,0.0577821429199615));
#7672=CARTESIAN_POINT('',(-0.0087111883545706,0.0267425986961585,0.0579364069555705));
#7673=CARTESIAN_POINT('',(-0.0087778087465493,0.0268507510549587,0.0580612786013315));
#7674=CARTESIAN_POINT('',(-0.008515587540766,0.0264382213686541,0.0569270095010515));
#7675=CARTESIAN_POINT('',(-0.0085155866191883,0.0264382237144769,0.0571571344354785));
#7676=CARTESIAN_POINT('',(-0.0085467714718098,0.0264848704890895,0.0573980081659005));
#7677=CARTESIAN_POINT('',(-0.0086495312821701,0.0266434974124465,0.0577825580607955));
#7678=CARTESIAN_POINT('',(-0.0087119111383164,0.0267414394565021,0.0579369288767325));
#7679=CARTESIAN_POINT('',(-0.0087785697348752,0.0268496033942368,0.0580619068186995));
#7680=CARTESIAN_POINT('',(-0.008776277366531,0.0268530605577955,0.0580600144038515));
#7681=CARTESIAN_POINT('',(-0.008776277366531,0.0268530605577955,0.0580600144038515));
#7682=CARTESIAN_POINT('',(-0.00851372932385205,0.0264415883809665,0.0569270095010515));
#7683=CARTESIAN_POINT('',(-0.00851372932385216,0.0264415883809667,0.0573531080975619));
#7684=CARTESIAN_POINT('',(-0.00861727523813573,0.0265946920083969,0.0577621514606113));
#7685=CARTESIAN_POINT('',(-0.008776277366531,0.0268530605577956,0.0580600144038515));
#7686=CARTESIAN_POINT('',(0.00399846280326153,0.034714740632327,0.0471289663959435));
#7687=CARTESIAN_POINT('',(-0.0097081619235684,0.0304999999999922,0.0474589663959435));
#7688=CARTESIAN_POINT('',(-0.00970816192356835,0.0304999999999922,0.0474589663959435));
#7689=CARTESIAN_POINT('',(-0.0103390107603675,0.0303060161215167,0.0467989663959445));
#7690=CARTESIAN_POINT('',(0.00399846280326153,0.034714740632327,0.0467989663959445));
#7691=CARTESIAN_POINT('',(-0.00941467472084035,0.0279999999999922,0.0467989663959441));
#7692=CARTESIAN_POINT('',(-0.0094146747208404,0.0279999999999922,0.0467989663959445));
#7693=CARTESIAN_POINT('',(-0.0088244966697802,0.0282954485878148,0.0474589663959435));
#7694=CARTESIAN_POINT('',(0.00399846280326153,0.034714740632327,0.0474589663959435));
#7695=CARTESIAN_POINT('',(-0.00918236319673136,0.0275463869844477,0.0468640358153531));
#7696=CARTESIAN_POINT('',(-0.00926348614611678,0.027695528282103,0.046817192297194));
#7697=CARTESIAN_POINT('',(-0.0093439780678556,0.02784987291469,0.0467949796952295));
#7698=CARTESIAN_POINT('',(-0.00941823966517031,0.0279982153559072,0.0467949796952295));
#7699=CARTESIAN_POINT('',(-0.00918134609233941,0.0275472948436619,0.0468652265069576));
#7700=CARTESIAN_POINT('',(-0.00926241410319002,0.0276963503930464,0.0468184767412222));
#7701=CARTESIAN_POINT('',(-0.00934284558498513,0.0278505793239686,0.0467963085954671));
#7702=CARTESIAN_POINT('',(-0.00941705135039371,0.0279988102372688,0.0467963085954671));
#7703=CARTESIAN_POINT('',(-0.00918032898794755,0.0275482027028761,0.046866417198563));
#7704=CARTESIAN_POINT('',(-0.00926134206026336,0.0276971725039898,0.0468197611852503));
#7705=CARTESIAN_POINT('',(-0.00934171310211467,0.0278512857332471,0.0467976374957058));
#7706=CARTESIAN_POINT('',(-0.0094158630356171,0.0279994051186306,0.0467976374957058));
#7707=CARTESIAN_POINT('',(-0.0091793118835556,0.0275491105620903,0.0468676078901675));
#7708=CARTESIAN_POINT('',(-0.0092602700173366,0.0276979946149332,0.0468210456292785));
#7709=CARTESIAN_POINT('',(-0.0093405806192442,0.0278519921425257,0.0467989663959435));
#7710=CARTESIAN_POINT('',(-0.0094146747208405,0.0279999999999922,0.0467989663959435));
#7711=CARTESIAN_POINT('',(-0.009010929818589,0.0276994070413881,0.0470647273920925));
#7712=CARTESIAN_POINT('',(-0.00908279285455,0.02783409543151,0.0470336858848335));
#7713=CARTESIAN_POINT('',(-0.0091530975980472,0.0279689384992426,0.0470189663959435));
#7714=CARTESIAN_POINT('',(-0.0092179487038203,0.0280984828625998,0.0470189663959435));
#7715=CARTESIAN_POINT('',(-0.0088425477536223,0.0278497035206858,0.0472618468940185));
#7716=CARTESIAN_POINT('',(-0.0089053156917635,0.0279701962480868,0.0472463261403885));
#7717=CARTESIAN_POINT('',(-0.0089656145768502,0.0280858848559596,0.0472389663959435));
#7718=CARTESIAN_POINT('',(-0.0090212226868001,0.0281969657252074,0.0472389663959435));
#7719=CARTESIAN_POINT('',(-0.0086741656886556,0.0279999999999836,0.0474589663959435));
#7720=CARTESIAN_POINT('',(-0.0087278385289769,0.0281062970646635,0.0474589663959435));
#7721=CARTESIAN_POINT('',(-0.0087781315556532,0.0282028312126765,0.0474589663959435));
#7722=CARTESIAN_POINT('',(-0.00882449666978,0.0282954485878149,0.0474589663959435));
#7723=CARTESIAN_POINT('',(-0.0094146747208404,0.0279999999999921,0.0467989663959435));
#7724=CARTESIAN_POINT('',(-0.0093813574455381,0.0279334465439427,0.0467989663959435));
#7725=CARTESIAN_POINT('',(-0.0093474380437892,0.0278669374770214,0.0468033992411615));
#7726=CARTESIAN_POINT('',(-0.0093133269380065,0.0278012571482742,0.0468120787372635));
#7727=CARTESIAN_POINT('',(-0.0093081554112577,0.0277912994653086,0.0468133946209105));
#7728=CARTESIAN_POINT('',(-0.0093029795647551,0.0277813607858595,0.0468148081141515));
#7729=CARTESIAN_POINT('',(-0.0092978009208698,0.0277714437944877,0.0468163185681525));
#7730=CARTESIAN_POINT('',(-0.0092622133835795,0.0277032944279611,0.0468266983778615));
#7731=CARTESIAN_POINT('',(-0.0092263082253031,0.0276358232396171,0.0468417101904865));
#7732=CARTESIAN_POINT('',(-0.0091905351981595,0.0275697891476412,0.0468613065497085));
#7733=CARTESIAN_POINT('',(-0.0091867924249804,0.0275628802934546,0.0468633568298645));
#7734=CARTESIAN_POINT('',(-0.0091830511389957,0.0275559871472897,0.0468654572948015));
#7735=CARTESIAN_POINT('',(-0.0091793118835557,0.0275491105620904,0.0468676078901675));
#7736=CARTESIAN_POINT('',(-0.0086741656886556,0.0279999999999836,0.0474589663959435));
#7737=CARTESIAN_POINT('',(-0.0087278385289769,0.0281062970646635,0.0474589663959435));
#7738=CARTESIAN_POINT('',(-0.0087781315556532,0.0282028312126765,0.0474589663959435));
#7739=CARTESIAN_POINT('',(-0.00882449666978,0.0282954485878149,0.0474589663959435));
#7740=CARTESIAN_POINT('',(-0.0099881669825977,0.0314960218358931,0.0484589663959435));
#7741=CARTESIAN_POINT('',(-0.009988166749181,0.0314960185079513,0.0483524969466935));
#7742=CARTESIAN_POINT('',(-0.0099835569866633,0.0314780021853868,0.0482391297878835));
#7743=CARTESIAN_POINT('',(-0.0099641868389997,0.0314040342514109,0.0480258831258815));
#7744=CARTESIAN_POINT('',(-0.0099493384589764,0.0313480434369509,0.0479257279378095));
#7745=CARTESIAN_POINT('',(-0.0099125674414495,0.0312133219535293,0.0477549599689275));
#7746=CARTESIAN_POINT('',(-0.0098878824667137,0.0311246839180948,0.0476738637141085));
#7747=CARTESIAN_POINT('',(-0.0098291702492489,0.0309199506358741,0.0475477094317565));
#7748=CARTESIAN_POINT('',(-0.0097949349835924,0.0308032613681732,0.0475027199068465));
#7749=CARTESIAN_POINT('',(-0.0097601481471991,0.0306865233875764,0.0474804610445965));
#7750=CARTESIAN_POINT('',(-0.0099897510337689,0.0314973249639174,0.0484589663959435));
#7751=CARTESIAN_POINT('',(-0.0099897508768129,0.0314973227261162,0.0483522899113235));
#7752=CARTESIAN_POINT('',(-0.0099851358690069,0.0314792568141137,0.0482387030530125));
#7753=CARTESIAN_POINT('',(-0.009965742584424,0.0314050970991903,0.0480250641773825));
#7754=CARTESIAN_POINT('',(-0.0099508755473339,0.0313489632857778,0.0479247388756465));
#7755=CARTESIAN_POINT('',(-0.0099140555798344,0.0312139211286479,0.0477537192866625));
#7756=CARTESIAN_POINT('',(-0.0098893363448766,0.0311250832804413,0.0476725286973245));
#7757=CARTESIAN_POINT('',(-0.009830541039607,0.0309199465963879,0.0475462917947275));
#7758=CARTESIAN_POINT('',(-0.0097962572336325,0.0308030561646908,0.0475013114461815));
#7759=CARTESIAN_POINT('',(-0.0097614222427998,0.0306861503605398,0.0474790981274175));
#7760=CARTESIAN_POINT('',(-0.00999133508494,0.0314986280919416,0.0484589663959435));
#7761=CARTESIAN_POINT('',(-0.0099913350044449,0.031498626944281,0.0483520828759525));
#7762=CARTESIAN_POINT('',(-0.0099867147513504,0.0314805114428405,0.0482382763181405));
#7763=CARTESIAN_POINT('',(-0.0099672983298483,0.0314061599469697,0.0480242452288835));
#7764=CARTESIAN_POINT('',(-0.0099524126356915,0.0313498831346049,0.0479237498134845));
#7765=CARTESIAN_POINT('',(-0.0099155437182193,0.0312145203037665,0.0477524786043965));
#7766=CARTESIAN_POINT('',(-0.0098907902230395,0.0311254826427879,0.0476711936805405));
#7767=CARTESIAN_POINT('',(-0.0098319118299651,0.0309199425569016,0.0475448741576995));
#7768=CARTESIAN_POINT('',(-0.0097975794836727,0.0308028509612084,0.0474999029855155));
#7769=CARTESIAN_POINT('',(-0.0097626963384005,0.0306857773335033,0.0474777352102385));
#7770=CARTESIAN_POINT('',(-0.0099929191361112,0.0314999312199658,0.0484589663959435));
#7771=CARTESIAN_POINT('',(-0.0099929191320768,0.0314999311624458,0.0483518758405825));
#7772=CARTESIAN_POINT('',(-0.0099882936336939,0.0314817660715673,0.0482378495832695));
#7773=CARTESIAN_POINT('',(-0.0099688540752726,0.031407222794749,0.0480234262803845));
#7774=CARTESIAN_POINT('',(-0.009953949724049,0.0313508029834319,0.0479227607513225));
#7775=CARTESIAN_POINT('',(-0.0099170318566042,0.0312151194788852,0.0477512379221315));
#7776=CARTESIAN_POINT('',(-0.0098922441012024,0.0311258820051344,0.0476698586637565));
#7777=CARTESIAN_POINT('',(-0.0098332826203232,0.0309199385174154,0.0475434565206715));
#7778=CARTESIAN_POINT('',(-0.0097989017337128,0.030802645757726,0.0474984945248495));
#7779=CARTESIAN_POINT('',(-0.0097639704340012,0.0306854043064667,0.0474763722930595));
#7780=CARTESIAN_POINT('',(-0.0102553575833855,0.0317158275884084,0.0484589663959435));
#7781=CARTESIAN_POINT('',(-0.0102553702470278,0.0317160081404592,0.0483175751550345));
#7782=CARTESIAN_POINT('',(-0.0102498757329391,0.0316896272953501,0.0481671500761365));
#7783=CARTESIAN_POINT('',(-0.0102266029541885,0.0315833106169027,0.0478877465900055));
#7784=CARTESIAN_POINT('',(-0.0102086075843658,0.031503199384689,0.0477588973971365));
#7785=CARTESIAN_POINT('',(-0.0101635799064236,0.0313143881077303,0.0475456872851255));
#7786=CARTESIAN_POINT('',(-0.0101331160721,0.0311920465558987,0.0474486791095375));
#7787=CARTESIAN_POINT('',(-0.0100603889787959,0.0309192692735721,0.0473085888173585));
#7788=CARTESIAN_POINT('',(-0.0100179661514273,0.0307686485710944,0.0472651471198545));
#7789=CARTESIAN_POINT('',(-0.0099750568415716,0.0306236028709753,0.0472505703273535));
#7790=CARTESIAN_POINT('',(-0.0105177960306597,0.0319317239568508,0.0484589663959435));
#7791=CARTESIAN_POINT('',(-0.0105177833710509,0.0319315434623079,0.0482834269066045));
#7792=CARTESIAN_POINT('',(-0.0105114799631903,0.0318975030283173,0.0480963671066505));
#7793=CARTESIAN_POINT('',(-0.01048431468077,0.0317592582769942,0.0477522324913545));
#7794=CARTESIAN_POINT('',(-0.0104632635974775,0.0316555028962821,0.0475950530616445));
#7795=CARTESIAN_POINT('',(-0.010410108878397,0.031413671847817,0.0473402481882085));
#7796=CARTESIAN_POINT('',(-0.0103739580016218,0.0312581245192535,0.0472277065921575));
#7797=CARTESIAN_POINT('',(-0.0102875049882881,0.0309186802451997,0.0470736557541195));
#7798=CARTESIAN_POINT('',(-0.0102369632835951,0.0307348252516908,0.0470323136917905));
#7799=CARTESIAN_POINT('',(-0.0101861432491419,0.0305618014354836,0.0470247683616495));
#7800=CARTESIAN_POINT('',(-0.010780234477934,0.0321476203252934,0.0484589663959435));
#7801=CARTESIAN_POINT('',(-0.010780234477934,0.0321476203252934,0.0482491262534295));
#7802=CARTESIAN_POINT('',(-0.0107730620671352,0.0321053642551814,0.0480256675817925));
#7803=CARTESIAN_POINT('',(-0.0107420635517962,0.0319353460693825,0.0476165528361405));
#7804=CARTESIAN_POINT('',(-0.010717921457402,0.0318078992778128,0.0474311897114975));
#7805=CARTESIAN_POINT('',(-0.0106566569241649,0.0315129404798713,0.0471346975748885));
#7806=CARTESIAN_POINT('',(-0.0106148299661397,0.0313242890516297,0.0470065270819065));
#7807=CARTESIAN_POINT('',(-0.0105146113488102,0.0309180110183912,0.0468387880369275));
#7808=CARTESIAN_POINT('',(-0.0104560276870206,0.0307008281019821,0.0467989663959435));
#7809=CARTESIAN_POINT('',(-0.0103972296567123,0.0304999999999922,0.0467989663959435));
#7810=CARTESIAN_POINT('',(-0.010781848866523,0.0321489484105539,0.0484589663959435));
#7811=CARTESIAN_POINT('',(-0.0107818489443984,0.032148949520865,0.0482489152531602));
#7812=CARTESIAN_POINT('',(-0.0107746711879331,0.032106642912315,0.0480252326740752));
#7813=CARTESIAN_POINT('',(-0.010743649092484,0.0319364292724178,0.0476157182035272));
#7814=CARTESIAN_POINT('',(-0.0107194879837529,0.0318088367432715,0.0474301817070473));
#7815=CARTESIAN_POINT('',(-0.010658173563041,0.0315135511302867,0.0471334331314804));
#7816=CARTESIAN_POINT('',(-0.0106163116886349,0.0313246960623676,0.0470051664974297));
#7817=CARTESIAN_POINT('',(-0.0105160083922721,0.0309180069016464,0.0468373432495252));
#7818=CARTESIAN_POINT('',(-0.01045737526043,0.0307006189687126,0.0467975309614042));
#7819=CARTESIAN_POINT('',(-0.0103985281535263,0.0304996198288195,0.0467975773764592));
#7820=CARTESIAN_POINT('',(-0.0107834632551119,0.0321502764958144,0.0484589663959435));
#7821=CARTESIAN_POINT('',(-0.010783463410863,0.0321502787164367,0.048248704252891));
#7822=CARTESIAN_POINT('',(-0.0107762803087311,0.0321079215694486,0.0480247977663569));
#7823=CARTESIAN_POINT('',(-0.0107452346331718,0.0319375124754533,0.047614883570913));
#7824=CARTESIAN_POINT('',(-0.0107210545101039,0.0318097742087301,0.0474291737025981));
#7825=CARTESIAN_POINT('',(-0.0106596902019171,0.031514161780702,0.0471321686880733));
#7826=CARTESIAN_POINT('',(-0.01061779341113,0.0313251030731053,0.0470038059129529));
#7827=CARTESIAN_POINT('',(-0.0105174054357339,0.0309180027849015,0.046835898462123));
#7828=CARTESIAN_POINT('',(-0.0104587228338393,0.0307004098354429,0.0467960955268649));
#7829=CARTESIAN_POINT('',(-0.0103998266503404,0.0304992396576469,0.046796188356974));
#7830=CARTESIAN_POINT('',(-0.0107850776437009,0.0321516045810749,0.0484589663959435));
#7831=CARTESIAN_POINT('',(-0.0107850778773274,0.0321516079120083,0.0482484932526217));
#7832=CARTESIAN_POINT('',(-0.010777889429529,0.0321092002265823,0.0480243628586396));
#7833=CARTESIAN_POINT('',(-0.0107468201738597,0.0319385956784886,0.0476140489382997));
#7834=CARTESIAN_POINT('',(-0.0107226210364548,0.0318107116741888,0.0474281656981479));
#7835=CARTESIAN_POINT('',(-0.0106612068407932,0.0315147724311174,0.0471309042446653));
#7836=CARTESIAN_POINT('',(-0.0106192751336251,0.0313255100838432,0.0470024453284761));
#7837=CARTESIAN_POINT('',(-0.0105188024791959,0.0309179986681567,0.0468344536747197));
#7838=CARTESIAN_POINT('',(-0.0104600704072487,0.0307002007021733,0.0467946600923256));
#7839=CARTESIAN_POINT('',(-0.0104011251471544,0.0304988594864744,0.0467947993374897));
#7840=CARTESIAN_POINT('',(-0.0103972296567123,0.0304999999999922,0.0467989663959435));
#7841=CARTESIAN_POINT('',(-0.0103972296567119,0.0304999999999923,0.0467989663959439));
#7842=CARTESIAN_POINT('',(-0.0097640376816754,0.0306853846178337,0.0474763003573183));
#7843=CARTESIAN_POINT('',(-0.0097640376816764,0.0306853846178335,0.0474763003573179));
#7844=CARTESIAN_POINT('',(-0.00989719593044414,0.0311323107282361,0.0475606150918499));
#7845=CARTESIAN_POINT('',(-0.00999300274346107,0.0314999999999922,0.0479844548099667));
#7846=CARTESIAN_POINT('',(-0.00999300274346165,0.0314999999999922,0.0484589663959435));
#7847=CARTESIAN_POINT('',(-0.0099930027434616,0.0314999999999922,0.0484589663959435));
#7848=CARTESIAN_POINT('',(-0.0099930027434616,0.0314999999999922,0.0484589663959435));
#7849=CARTESIAN_POINT('',(-0.0107802344779338,0.0321476203252932,0.0484589663959435));
#7850=CARTESIAN_POINT('',(-0.0107802344779341,0.0321476203252934,0.0484589663959435));
#7851=CARTESIAN_POINT('',(-0.0107802344779341,0.0321476203252934,0.0480156894417153));
#7852=CARTESIAN_POINT('',(-0.0107217818499023,0.0317756622284646,0.0471496501689352));
#7853=CARTESIAN_POINT('',(-0.0105215966021559,0.0309247825560188,0.0467989663959434));
#7854=CARTESIAN_POINT('',(-0.0103972296567123,0.0304999999999922,0.0467989663959435));
#7855=CARTESIAN_POINT('',(-0.0103866186106976,0.0318238101626427,0.0663614568544595));
#7856=CARTESIAN_POINT('',(-0.0099930027434615,0.0314999999999922,0.0586775283465755));
#7857=CARTESIAN_POINT('',(-0.0099930027434615,0.0314999999999922,0.0586775283465755));
#7858=CARTESIAN_POINT('',(-0.0107802344779338,0.0321476203252933,0.0586775283465755));
#7859=CARTESIAN_POINT('',(-0.0107802344779338,0.0321476203252933,0.0663614568544595));
#7860=CARTESIAN_POINT('',(-0.0099930027434614,0.0314999999999922,0.0663614568544595));
#7861=CARTESIAN_POINT('',(-0.0095774756623395,0.0300821924457131,0.0595817470408865));
#7862=CARTESIAN_POINT('',(-0.0095986009633646,0.0301517567363839,0.0596138842162285));
#7863=CARTESIAN_POINT('',(-0.0096206308461868,0.0302242280700207,0.0596374961547105));
#7864=CARTESIAN_POINT('',(-0.0096838836050866,0.0304326647789234,0.0596810568548585));
#7865=CARTESIAN_POINT('',(-0.0097247475803307,0.0305679477792314,0.0596786169572855));
#7866=CARTESIAN_POINT('',(-0.0097948844922884,0.0308032988795741,0.0596337451936895));
#7867=CARTESIAN_POINT('',(-0.0098291114399898,0.0309199674831164,0.0595887449428245));
#7868=CARTESIAN_POINT('',(-0.0098878190154634,0.0311246792962496,0.0594625913040985));
#7869=CARTESIAN_POINT('',(-0.0099125003839471,0.0312133043569781,0.0593814938977235));
#7870=CARTESIAN_POINT('',(-0.0099492675080258,0.0313480070177712,0.0592107335770385));
#7871=CARTESIAN_POINT('',(-0.0099641135238138,0.03140398824967,0.0591105820247335));
#7872=CARTESIAN_POINT('',(-0.0099834811199527,0.031477943994098,0.0588973502064435));
#7873=CARTESIAN_POINT('',(-0.0099880886738943,0.0314959542511124,0.0587839875554945));
#7874=CARTESIAN_POINT('',(-0.0099880889150931,0.03149595761325,0.0586775283465755));
#7875=CARTESIAN_POINT('',(-0.0095785260708265,0.030081179297877,0.0595826886520435));
#7876=CARTESIAN_POINT('',(-0.0095996773033582,0.0301507911304301,0.0596148941869985));
#7877=CARTESIAN_POINT('',(-0.0096217348591796,0.0302233206930062,0.0596385715255575));
#7878=CARTESIAN_POINT('',(-0.0096850692723808,0.0304319504669849,0.0596823045313885));
#7879=CARTESIAN_POINT('',(-0.0097259887175736,0.0305673966377928,0.0596799516377605));
#7880=CARTESIAN_POINT('',(-0.0097962238009652,0.0308030913332207,0.0596351713206455));
#7881=CARTESIAN_POINT('',(-0.0098305000078909,0.0309199632451415,0.0595901812038585));
#7882=CARTESIAN_POINT('',(-0.0098892916996589,0.031125083920617,0.0594639434380685));
#7883=CARTESIAN_POINT('',(-0.0099140077991216,0.0312139112450619,0.0593827507267155));
#7884=CARTESIAN_POINT('',(-0.0099508244924617,0.0313489388040997,0.0592117353941975));
#7885=CARTESIAN_POINT('',(-0.009965689415205,0.0314050648448256,0.0591114116024915));
#7886=CARTESIAN_POINT('',(-0.009985080443125,0.0314792148767458,0.0588977824489675));
#7887=CARTESIAN_POINT('',(-0.0099896933134828,0.0314972753493932,0.0587841972835305));
#7888=CARTESIAN_POINT('',(-0.00998969347592,0.0314972776136503,0.0586775283465755));
#7889=CARTESIAN_POINT('',(-0.0095795764793136,0.0300801661500408,0.0595836302632015));
#7890=CARTESIAN_POINT('',(-0.0096007536433517,0.0301498255244762,0.0596159041577685));
#7891=CARTESIAN_POINT('',(-0.0096228388721723,0.0302224133159917,0.0596396468964055));
#7892=CARTESIAN_POINT('',(-0.0096862549396751,0.0304312361550464,0.0596835522079185));
#7893=CARTESIAN_POINT('',(-0.0097272298548164,0.0305668454963542,0.0596812863182355));
#7894=CARTESIAN_POINT('',(-0.0097975631096419,0.0308028837868673,0.0596365974476015));
#7895=CARTESIAN_POINT('',(-0.0098318885757919,0.0309199590071667,0.0595916174648915));
#7896=CARTESIAN_POINT('',(-0.0098907643838544,0.0311254885449845,0.0594652955720375));
#7897=CARTESIAN_POINT('',(-0.009915515214296,0.0312145181331457,0.0593840075557085));
#7898=CARTESIAN_POINT('',(-0.0099523814768975,0.0313498705904282,0.0592127372113575));
#7899=CARTESIAN_POINT('',(-0.0099672653065963,0.0314061414399812,0.0591122411802495));
#7900=CARTESIAN_POINT('',(-0.0099866797662973,0.0314804857593936,0.0588982146914925));
#7901=CARTESIAN_POINT('',(-0.0099912979530713,0.031498596447674,0.0587844070115655));
#7902=CARTESIAN_POINT('',(-0.0099912980367468,0.0314985976140507,0.0586775283465755));
#7903=CARTESIAN_POINT('',(-0.0095806268878007,0.0300791530022047,0.0595845718743585));
#7904=CARTESIAN_POINT('',(-0.0096018299833453,0.0301488599185223,0.0596169141285385));
#7905=CARTESIAN_POINT('',(-0.0096239428851651,0.0302215059389772,0.0596407222672535));
#7906=CARTESIAN_POINT('',(-0.0096874406069693,0.0304305218431079,0.0596847998844485));
#7907=CARTESIAN_POINT('',(-0.0097284709920593,0.0305662943549156,0.0596826209987105));
#7908=CARTESIAN_POINT('',(-0.0097989024183186,0.0308026762405138,0.0596380235745575));
#7909=CARTESIAN_POINT('',(-0.009833277143693,0.0309199547691918,0.0595930537259255));
#7910=CARTESIAN_POINT('',(-0.0098922370680499,0.0311258931693519,0.0594666477060075));
#7911=CARTESIAN_POINT('',(-0.0099170226294705,0.0312151250212295,0.0593852643847005));
#7912=CARTESIAN_POINT('',(-0.0099539384613334,0.0313508023767566,0.0592137390285165));
#7913=CARTESIAN_POINT('',(-0.0099688411979875,0.0314072180351368,0.0591130707580075));
#7914=CARTESIAN_POINT('',(-0.0099882790894697,0.0314817566420414,0.0588986469340165));
#7915=CARTESIAN_POINT('',(-0.0099929025926598,0.0314999175459548,0.0587846167396015));
#7916=CARTESIAN_POINT('',(-0.0099929025975736,0.031499917614451,0.0586775283465755));
#7917=CARTESIAN_POINT('',(-0.0097524330035216,0.0299134412847968,0.0597385829637845));
#7918=CARTESIAN_POINT('',(-0.0097778774884442,0.029990924210376,0.0597821062010585));
#7919=CARTESIAN_POINT('',(-0.0098045166203571,0.0300730942284178,0.0598166112576465));
#7920=CARTESIAN_POINT('',(-0.009881369821042,0.0303136880959788,0.0598888714060975));
#7921=CARTESIAN_POINT('',(-0.0099314729397716,0.030476148977245,0.0599009229935815));
#7922=CARTESIAN_POINT('',(-0.0100179614075839,0.0307687297013788,0.0598712826693155));
#7923=CARTESIAN_POINT('',(-0.0100603930328238,0.0309192616007646,0.0598279703630215));
#7924=CARTESIAN_POINT('',(-0.0101331111226856,0.0311920740330357,0.0596878044161125));
#7925=CARTESIAN_POINT('',(-0.0101635773261304,0.0313143883893679,0.0595908328944185));
#7926=CARTESIAN_POINT('',(-0.0102086007679043,0.0315032065049994,0.0593775974863525));
#7927=CARTESIAN_POINT('',(-0.0102265959496425,0.0315833072748601,0.0592487575256115));
#7928=CARTESIAN_POINT('',(-0.0102498663723161,0.0316896237850994,0.0589693450577375));
#7929=CARTESIAN_POINT('',(-0.0102553594351331,0.0317159980202663,0.0588189201173775));
#7930=CARTESIAN_POINT('',(-0.0102553465576938,0.0317158185180652,0.0586775283465755));
#7931=CARTESIAN_POINT('',(-0.0099242391192424,0.029747729567389,0.0598925940532105));
#7932=CARTESIAN_POINT('',(-0.0099539197808415,0.0298331038160333,0.0599471961679465));
#7933=CARTESIAN_POINT('',(-0.0099850964801179,0.0299245799375277,0.0599926088213785));
#7934=CARTESIAN_POINT('',(-0.0100752846249252,0.0301970733804677,0.0600927018107865));
#7935=CARTESIAN_POINT('',(-0.0101344881779902,0.0303860212679449,0.0601192963979995));
#7936=CARTESIAN_POINT('',(-0.0102369998707044,0.030734764562042,0.0601044067891285));
#7937=CARTESIAN_POINT('',(-0.010287511700287,0.0309186756824204,0.0600628816904355));
#7938=CARTESIAN_POINT('',(-0.0103739717967083,0.0312580896259361,0.0599088927353945));
#7939=CARTESIAN_POINT('',(-0.0104101142417254,0.0314136605041395,0.0597962927687125));
#7940=CARTESIAN_POINT('',(-0.0104632683192848,0.0316554832959112,0.0595414948776065));
#7941=CARTESIAN_POINT('',(-0.0104843152339388,0.031759248412678,0.0593842891771745));
#7942=CARTESIAN_POINT('',(-0.0105114784821428,0.0318974923600867,0.0590401485488415));
#7943=CARTESIAN_POINT('',(-0.0105177776452871,0.0319315399879569,0.0588530651515915));
#7944=CARTESIAN_POINT('',(-0.0105177905178138,0.0319317194216792,0.0586775283465755));
#7945=CARTESIAN_POINT('',(-0.0100960452349633,0.0295820178499811,0.0600466051426365));
#7946=CARTESIAN_POINT('',(-0.0101299672846147,0.0296751681372183,0.0601123882144955));
#7947=CARTESIAN_POINT('',(-0.0101656702168677,0.029776168200876,0.0601684978393865));
#7948=CARTESIAN_POINT('',(-0.0102692138353326,0.0300802396890516,0.0602967732711065));
#7949=CARTESIAN_POINT('',(-0.0103374901290829,0.0302958758947685,0.0603375984110335));
#7950=CARTESIAN_POINT('',(-0.0104560588547486,0.0307008180181758,0.0603376658495535));
#7951=CARTESIAN_POINT('',(-0.0105146275901245,0.0309179825412734,0.0602977983261795));
#7952=CARTESIAN_POINT('',(-0.0106148458479405,0.0313242704475815,0.0601300494281035));
#7953=CARTESIAN_POINT('',(-0.0106566689338625,0.0315129238745028,0.0600018612507975));
#7954=CARTESIAN_POINT('',(-0.0107179306271898,0.0318078873917644,0.0597053533453455));
#7955=CARTESIAN_POINT('',(-0.0107420699765724,0.0319353376147301,0.0595199759053225));
#7956=CARTESIAN_POINT('',(-0.0107730657713043,0.0321053595035091,0.0591108466993635));
#7957=CARTESIAN_POINT('',(-0.0107802344779339,0.0321476203252934,0.0588873684890895));
#7958=CARTESIAN_POINT('',(-0.0107802344779339,0.0321476203252934,0.0586775283465755));
#7959=CARTESIAN_POINT('',(-0.0100970971680017,0.0295810032316733,0.0600475481204385));
#7960=CARTESIAN_POINT('',(-0.0101310451867882,0.0296742011299741,0.0601133996509665));
#7961=CARTESIAN_POINT('',(-0.0101667758322224,0.0297752595067447,0.0601695747711845));
#7962=CARTESIAN_POINT('',(-0.0102704012234689,0.0300795243407097,0.0602980227581255));
#7963=CARTESIAN_POINT('',(-0.0103387330677195,0.0302953239534368,0.0603389350287605));
#7964=CARTESIAN_POINT('',(-0.0104574001072513,0.0307006101705629,0.0603390940461645));
#7965=CARTESIAN_POINT('',(-0.0105160181733821,0.0309179782973146,0.0602992366717785));
#7966=CARTESIAN_POINT('',(-0.0106163206695529,0.0313246756589589,0.0601314035244395));
#7967=CARTESIAN_POINT('',(-0.0106581785368552,0.0315135316434309,0.0600031199037685));
#7968=CARTESIAN_POINT('',(-0.010719489871424,0.031808820530279,0.0597063566165915));
#7969=CARTESIAN_POINT('',(-0.0107436481551399,0.0319364157722135,0.0595208066868785));
#7970=CARTESIAN_POINT('',(-0.0107746674157554,0.0321066322307042,0.0591112795694035));
#7971=CARTESIAN_POINT('',(-0.0107818414464185,0.0321489433401631,0.0588875785212755));
#7972=CARTESIAN_POINT('',(-0.0107818413676027,0.0321489422415278,0.0586775283465755));
#7973=CARTESIAN_POINT('',(-0.0100981491010402,0.0295799886133655,0.0600484910982395));
#7974=CARTESIAN_POINT('',(-0.0101321230889617,0.0296732341227299,0.0601144110874385));
#7975=CARTESIAN_POINT('',(-0.0101678814475771,0.0297743508126134,0.0601706517029835));
#7976=CARTESIAN_POINT('',(-0.0102715886116052,0.0300788089923678,0.0602992722451435));
#7977=CARTESIAN_POINT('',(-0.010339976006356,0.030294772012105,0.0603402716464875));
#7978=CARTESIAN_POINT('',(-0.010458741359754,0.03070040232295,0.0603405222427755));
#7979=CARTESIAN_POINT('',(-0.0105174087566398,0.0309179740533558,0.0603006750173775));
#7980=CARTESIAN_POINT('',(-0.0106177954911652,0.0313250808703363,0.0601327576207745));
#7981=CARTESIAN_POINT('',(-0.0106596881398478,0.031514139412359,0.0600043785567395));
#7982=CARTESIAN_POINT('',(-0.0107210491156582,0.0318097536687936,0.0597073598878385));
#7983=CARTESIAN_POINT('',(-0.0107452263337074,0.0319374939296969,0.0595216374684355));
#7984=CARTESIAN_POINT('',(-0.0107762690602065,0.0321079049578994,0.0591117124394445));
#7985=CARTESIAN_POINT('',(-0.0107834484149032,0.0321502663550329,0.0588877885534615));
#7986=CARTESIAN_POINT('',(-0.0107834482572716,0.0321502641577623,0.0586775283465755));
#7987=CARTESIAN_POINT('',(-0.0100992010340787,0.0295789739950576,0.0600494340760405));
#7988=CARTESIAN_POINT('',(-0.0101332009911352,0.0296722671154857,0.0601154225239095));
#7989=CARTESIAN_POINT('',(-0.0101689870629317,0.029773442118482,0.0601717286347815));
#7990=CARTESIAN_POINT('',(-0.0102727759997415,0.030078093644026,0.0603005217321625));
#7991=CARTESIAN_POINT('',(-0.0103412189449926,0.0302942200707733,0.0603416082642145));
#7992=CARTESIAN_POINT('',(-0.0104600826122567,0.0307001944753371,0.0603419504393855));
#7993=CARTESIAN_POINT('',(-0.0105187993398974,0.030917969809397,0.0603021133629765));
#7994=CARTESIAN_POINT('',(-0.0106192703127776,0.0313254860817138,0.0601341117171105));
#7995=CARTESIAN_POINT('',(-0.0106611977428405,0.0315147471812871,0.0600056372097105));
#7996=CARTESIAN_POINT('',(-0.0107226083598924,0.0318106868073082,0.0597083631590845));
#7997=CARTESIAN_POINT('',(-0.0107468045122749,0.0319385720871803,0.0595224682499915));
#7998=CARTESIAN_POINT('',(-0.0107778707046576,0.0321091776850946,0.0591121453094845));
#7999=CARTESIAN_POINT('',(-0.0107850553833878,0.0321515893699026,0.0588879985856475));
#8000=CARTESIAN_POINT('',(-0.0107850551469404,0.0321515860739967,0.0586775283465755));
#8001=CARTESIAN_POINT('',(-0.0099930027434615,0.0314999999999922,0.0586775283465755));
#8002=CARTESIAN_POINT('',(-0.00999300274346184,0.0314999999999922,0.0590235052593589));
#8003=CARTESIAN_POINT('',(-0.00989420213280057,0.0311100744458147,0.0596825684695284));
#8004=CARTESIAN_POINT('',(-0.00967265542934278,0.0303814154102265,0.0597249146625259));
#8005=CARTESIAN_POINT('',(-0.00958069244722945,0.030079089768335,0.0595846306433901));
#8006=CARTESIAN_POINT('',(-0.0095806924472294,0.0300790897683356,0.0595846306433903));
#8007=CARTESIAN_POINT('',(-0.0095806924472293,0.0300790897683361,0.0595846306433905));
#8008=CARTESIAN_POINT('',(-0.0100960452349633,0.0295820178499822,0.0600466051426375));
#8009=CARTESIAN_POINT('',(-0.0100960452349633,0.0295820178499811,0.0600466051426365));
#8010=CARTESIAN_POINT('',(-0.0102713388445398,0.0300633758531295,0.060386541916319));
#8011=CARTESIAN_POINT('',(-0.0106663192767164,0.0313957483717176,0.0604676267183908));
#8012=CARTESIAN_POINT('',(-0.0107802344779339,0.0321476203252934,0.0592922759104319));
#8013=CARTESIAN_POINT('',(-0.0107802344779339,0.0321476203252934,0.0586775283465755));
#8014=CARTESIAN_POINT('',(-0.0103390107603681,0.0303060161215165,0.0467989663959445));
#8015=CARTESIAN_POINT('',(-0.0103588533001942,0.0303705454178002,0.0467989663959445));
#8016=CARTESIAN_POINT('',(-0.0103782601886386,0.0304352086753676,0.0467989663959445));
#8017=CARTESIAN_POINT('',(-0.0103972296567123,0.0304999999999922,0.0467989663959445));
#8018=CARTESIAN_POINT('',(-0.0101287278147682,0.0303706774143418,0.0470189663959435));
#8019=CARTESIAN_POINT('',(-0.0101482793306768,0.0304342602809466,0.0470189663959435));
#8020=CARTESIAN_POINT('',(-0.0101673762424971,0.0304979822078313,0.0470208546148065));
#8021=CARTESIAN_POINT('',(-0.0101861656650334,0.030561794872606,0.0470247443830685));
#8022=CARTESIAN_POINT('',(-0.0099184448691683,0.030435338707167,0.0472389663959435));
#8023=CARTESIAN_POINT('',(-0.0099377053611595,0.030497975144093,0.0472389663959435));
#8024=CARTESIAN_POINT('',(-0.0099564922963557,0.030560755740295,0.0472427428336695));
#8025=CARTESIAN_POINT('',(-0.0099751016733545,0.0306235897452198,0.0472505223701935));
#8026=CARTESIAN_POINT('',(-0.0097081619235684,0.0304999999999922,0.0474589663959435));
#8027=CARTESIAN_POINT('',(-0.0097271313916421,0.0305616900072394,0.0474589663959435));
#8028=CARTESIAN_POINT('',(-0.0097456083502143,0.0306235292727588,0.0474646310525315));
#8029=CARTESIAN_POINT('',(-0.0097640376816756,0.0306853846178337,0.0474763003573185));
#8030=CARTESIAN_POINT('',(0.00040673697958103,0.0336367834977585,0.0467989663959445));
#8031=CARTESIAN_POINT('',(-0.0097081619235684,0.0304999999999922,0.0474589663959435));
#8032=CARTESIAN_POINT('',(-0.0097271313916421,0.0305616900072394,0.0474589663959435));
#8033=CARTESIAN_POINT('',(-0.0097456083502143,0.0306235292727588,0.0474646310525315));
#8034=CARTESIAN_POINT('',(-0.0097640376816756,0.0306853846178337,0.0474763003573185));
#8035=CARTESIAN_POINT('',(-0.0100450000509558,0.0294327547842241,0.05994598407576));
#8036=CARTESIAN_POINT('',(-0.00974393672724024,0.028632377365425,0.0593805759006967));
#8037=CARTESIAN_POINT('',(-0.00937477196294256,0.0278591349265634,0.0588330922936451));
#8038=CARTESIAN_POINT('',(-0.00894360434677278,0.0271240655584839,0.0583115543621212));
#8039=CARTESIAN_POINT('',(-0.0100439692907794,0.0294337452316248,0.0599450826380038));
#8040=CARTESIAN_POINT('',(-0.00974295979499198,0.0286333950063535,0.0593797034911582));
#8041=CARTESIAN_POINT('',(-0.00937384985481148,0.0278601741935972,0.0588322471718467));
#8042=CARTESIAN_POINT('',(-0.00894273682068133,0.0271251217122334,0.0583107347812346));
#8043=CARTESIAN_POINT('',(-0.010042938530603,0.0294347356790258,0.0599441812002486));
#8044=CARTESIAN_POINT('',(-0.00974198286274354,0.0286344126472818,0.0593788310816198));
#8045=CARTESIAN_POINT('',(-0.0093729277466805,0.0278612134606309,0.0588314020500493));
#8046=CARTESIAN_POINT('',(-0.00894186929458978,0.0271261778659829,0.058309915200348));
#8047=CARTESIAN_POINT('',(-0.0100419077704267,0.0294357261264267,0.0599432797624934));
#8048=CARTESIAN_POINT('',(-0.00974100593049509,0.0286354302882102,0.0593779586720813));
#8049=CARTESIAN_POINT('',(-0.00937200563854942,0.0278622527276647,0.0588305569282509));
#8050=CARTESIAN_POINT('',(-0.00894100176849834,0.0271272340197324,0.0583090956194614));
#8051=CARTESIAN_POINT('',(-0.00987168457287326,0.029599291936842,0.0597944133038908));
#8052=CARTESIAN_POINT('',(-0.0095796720577543,0.0288034869290906,0.0592338860307215));
#8053=CARTESIAN_POINT('',(-0.00921972560469212,0.0280338807762221,0.0586909906759889));
#8054=CARTESIAN_POINT('',(-0.00879773559597317,0.0273016507972429,0.0581737472791587));
#8055=CARTESIAN_POINT('',(-0.00970146137531984,0.0297628577472574,0.0596455468452882));
#8056=CARTESIAN_POINT('',(-0.00941833818501341,0.028971543569971,0.0590898133893617));
#8057=CARTESIAN_POINT('',(-0.00906744557083492,0.0282055088247797,0.0585514244237268));
#8058=CARTESIAN_POINT('',(-0.00865446942344791,0.0274760675747535,0.058038398938855));
#8059=CARTESIAN_POINT('',(-0.00953123817776641,0.0299264235576728,0.0594966803866857));
#8060=CARTESIAN_POINT('',(-0.00925700431227262,0.0291396002108514,0.0589457407480009));
#8061=CARTESIAN_POINT('',(-0.00891516553697771,0.0283771368733372,0.0584118581714647));
#8062=CARTESIAN_POINT('',(-0.00851120325092265,0.0276504843522641,0.0579030505985513));
#8063=CARTESIAN_POINT('',(-0.00953021677795469,0.0299274050107907,0.0594957871349138));
#8064=CARTESIAN_POINT('',(-0.0092560362515758,0.0291406086105516,0.0589448762608396));
#8065=CARTESIAN_POINT('',(-0.00891425180253871,0.0283781667027553,0.0584110207242437));
#8066=CARTESIAN_POINT('',(-0.008510343602862,0.0276515309150491,0.0579022384603042));
#8067=CARTESIAN_POINT('',(-0.00952919537814286,0.0299283864639084,0.059494893883142));
#8068=CARTESIAN_POINT('',(-0.00925506819087898,0.0291416170102515,0.0589440117736794));
#8069=CARTESIAN_POINT('',(-0.00891333806809991,0.0283791965321735,0.0584101832770226));
#8070=CARTESIAN_POINT('',(-0.00850948395480146,0.0276525774778341,0.057901426322057));
#8071=CARTESIAN_POINT('',(-0.00952817397833114,0.0299293679170262,0.0594940006313701));
#8072=CARTESIAN_POINT('',(-0.00925410013018215,0.0291426254099515,0.0589431472865181));
#8073=CARTESIAN_POINT('',(-0.00891242433366092,0.0283802263615915,0.0584093458298016));
#8074=CARTESIAN_POINT('',(-0.0085086243067409,0.0276536240406192,0.0579006141838098));
#8075=CARTESIAN_POINT('',(-0.0100419077684935,0.0294357261212849,0.0599432797588605));
#8076=CARTESIAN_POINT('',(-0.0100419077684934,0.0294357261212847,0.0599432797588607));
#8077=CARTESIAN_POINT('',(-0.0095312381764362,0.0299264235578354,0.0594966803871155));
#8078=CARTESIAN_POINT('',(0.000546867780085699,0.0331262425821171,0.0617372177885885));
#8079=CARTESIAN_POINT('',(-0.0085112032509226,0.027650484352264,0.0579030505985515));
#8080=CARTESIAN_POINT('',(-0.0085112032509226,0.027650484352264,0.0579030505985515));
#8081=CARTESIAN_POINT('',(-0.0089410017684981,0.0271272340197326,0.0583090956194615));
#8082=CARTESIAN_POINT('',(-0.0089410017684983,0.0271272340197323,0.0583090956194615));
#8083=CARTESIAN_POINT('',(-0.0091581966258021,0.0274976304232867,0.0585718745001675));
#8084=CARTESIAN_POINT('',(-0.0093581071526424,0.0278750033738521,0.0588393582918975));
#8085=CARTESIAN_POINT('',(-0.0097253864733065,0.0286451433962949,0.0593845571370805));
#8086=CARTESIAN_POINT('',(-0.0098924432596858,0.029038201718464,0.0596624724396945));
#8087=CARTESIAN_POINT('',(-0.0100419077684933,0.0294357261212844,0.0599432797588615));
#8088=CARTESIAN_POINT('',(-0.0100960452349636,0.029582017849982,0.0600466051426375));
#8089=CARTESIAN_POINT('',(-0.0100782513797406,0.0295331557457721,0.0600120985468165));
#8090=CARTESIAN_POINT('',(-0.0100602051789775,0.0294843909664302,0.0599776561257105));
#8091=CARTESIAN_POINT('',(-0.0100419077684935,0.0294357261212849,0.0599432797588605));
#8092=CARTESIAN_POINT('',(-0.0099242608764381,0.0297477085819773,0.0598926135568785));
#8093=CARTESIAN_POINT('',(-0.0099069273118208,0.0296971481080814,0.0598612634867755));
#8094=CARTESIAN_POINT('',(-0.0098894413389776,0.0296476837869522,0.0598284980788745));
#8095=CARTESIAN_POINT('',(-0.0098716844759217,0.029599292023086,0.0597944132171425));
#8096=CARTESIAN_POINT('',(-0.0097524765179128,0.0299133993139725,0.0597386219711205));
#8097=CARTESIAN_POINT('',(-0.0097356032439009,0.0298611404703908,0.0597104284267345));
#8098=CARTESIAN_POINT('',(-0.0097186774989775,0.0298109766074743,0.0596793400320385));
#8099=CARTESIAN_POINT('',(-0.0097014611833498,0.0297628579248877,0.0596455466754235));
#8100=CARTESIAN_POINT('',(-0.0095806921593873,0.0300790900459677,0.0595846303853625));
#8101=CARTESIAN_POINT('',(-0.0095642791759811,0.0300251328327001,0.0595595933666925));
#8102=CARTESIAN_POINT('',(-0.0095479136589776,0.0299742694279962,0.0595301819852015));
#8103=CARTESIAN_POINT('',(-0.0095312378907782,0.0299264238266889,0.0594966801337055));
#8104=CARTESIAN_POINT('',(0.00031560200340708,0.0333591075584708,0.0625280715598725));
#8105=CARTESIAN_POINT('',(-0.0095806924472293,0.030079089768336,0.0595846306433905));
#8106=CARTESIAN_POINT('',(-0.0095725999990375,0.0300524860791341,0.0595722860985425));
#8107=CARTESIAN_POINT('',(-0.0095644620677177,0.0300264442308097,0.0595587942130425));
#8108=CARTESIAN_POINT('',(-0.0095479212014081,0.029975277799261,0.0595293214051055));
#8109=CARTESIAN_POINT('',(-0.0095395887071429,0.0299503826388357,0.0595134567161845));
#8110=CARTESIAN_POINT('',(-0.0095312381777658,0.029926423557673,0.0594966803866855));
#8111=CARTESIAN_POINT('',(-0.0089410017684983,0.0271272340197323,0.0583090956194615));
#8112=CARTESIAN_POINT('',(-0.0088820639722756,0.027026723593172,0.0582377881846775));
#8113=CARTESIAN_POINT('',(-0.0088278032006481,0.0269367868270709,0.0581565391281275));
#8114=CARTESIAN_POINT('',(-0.008776277366531,0.0268530605577954,0.0580600144038515));
#8115=CARTESIAN_POINT('',(-0.00879773559579365,0.0273016507974614,0.0581737472789891));
#8116=CARTESIAN_POINT('',(-0.00874484062705216,0.0272101580775232,0.0581090548986956));
#8117=CARTESIAN_POINT('',(-0.00869616644189274,0.0271264425867695,0.0580382579259533));
#8118=CARTESIAN_POINT('',(-0.00864954927633257,0.0270441815599785,0.0579553967842138));
#8119=CARTESIAN_POINT('',(-0.00865446942308889,0.0274760675751904,0.0580383989385158));
#8120=CARTESIAN_POINT('',(-0.0086075888502221,0.0273935898271208,0.0579803462888308));
#8121=CARTESIAN_POINT('',(-0.00856451458333642,0.0273160993958949,0.0579199911601743));
#8122=CARTESIAN_POINT('',(-0.00852282118613413,0.0272353025621614,0.0578507791645742));
#8123=CARTESIAN_POINT('',(-0.00851120325038414,0.0276504843529195,0.0579030505980425));
#8124=CARTESIAN_POINT('',(-0.00847036516547063,0.0275770242788138,0.0578516132975294));
#8125=CARTESIAN_POINT('',(-0.00843287764426031,0.0275057551681256,0.0578017101303985));
#8126=CARTESIAN_POINT('',(-0.00839609309593569,0.0274264235643444,0.0577461615449365));
#8127=CARTESIAN_POINT('',(-0.008776277366531,0.0268530605577954,0.0580600144038515));
#8128=CARTESIAN_POINT('',(-0.0088015988107755,0.0268942063266236,0.0581074497431495));
#8129=CARTESIAN_POINT('',(-0.0088278854576864,0.026937360230835,0.0581517680557535));
#8130=CARTESIAN_POINT('',(-0.0088554295013896,0.0269831526569867,0.0581933646231665));
#8131=CARTESIAN_POINT('',(-0.0088831373358007,0.0270292173878869,0.0582352085446455));
#8132=CARTESIAN_POINT('',(-0.0089116164321901,0.0270771213097864,0.0582735430015035));
#8133=CARTESIAN_POINT('',(-0.0089410017684983,0.0271272340197323,0.0583090956194615));
#8134=CARTESIAN_POINT('',(-0.0085112032509228,0.0276504843522637,0.0579030505985515));
#8135=CARTESIAN_POINT('',(-0.008490738638016,0.0276136723400891,0.0578772745501295));
#8136=CARTESIAN_POINT('',(-0.008471038201723,0.0275772716972342,0.0578517865456075));
#8137=CARTESIAN_POINT('',(-0.008451823781895,0.0275400666760094,0.0578257353092865));
#8138=CARTESIAN_POINT('',(-0.0084507707612299,0.027538027704417,0.0578243076060075));
#8139=CARTESIAN_POINT('',(-0.008449719194775,0.0275359863084706,0.0578228782051775));
#8140=CARTESIAN_POINT('',(-0.0084486690349892,0.0275339422857499,0.0578214469650595));
#8141=CARTESIAN_POINT('',(-0.0084368569696002,0.0275109513748802,0.0578053485559585));
#8142=CARTESIAN_POINT('',(-0.0084254840412689,0.027488136218638,0.0577893732115745));
#8143=CARTESIAN_POINT('',(-0.0084144025005795,0.0274651461212948,0.0577732753721095));
#8144=CARTESIAN_POINT('',(-0.008408215741869,0.0274523108857457,0.0577642880434235));
#8145=CARTESIAN_POINT('',(-0.0084021202582541,0.027439422075757,0.0577552632015095));
#8146=CARTESIAN_POINT('',(-0.0083960930964159,0.0274264235636339,0.0577461615453355));
#8147=CARTESIAN_POINT('',(0.005,0.0269999999999922,0.0474589663959435));
#8148=CARTESIAN_POINT('',(0.005,0.0304999999999922,0.0474589663959435));
#8149=CARTESIAN_POINT('',(0.005,0.0314999999999922,0.0605985104735465));
#8150=CARTESIAN_POINT('',(0.005,0.0299264235636412,0.0594966803908645));
#8151=CARTESIAN_POINT('',(0.00399846280326168,0.0347147406323271,0.0663614568544585));
#8152=CARTESIAN_POINT('',(0.00502343358216065,0.0268277916340875,0.0444589663959435));
#8153=CARTESIAN_POINT('',(0.00563493718553439,0.0269999999999922,0.0484589663959435));
#8154=CARTESIAN_POINT('',(0.00563493718553434,0.0269999999999922,0.0484589663959435));
#8155=CARTESIAN_POINT('',(0.00441192997878678,0.0266555832681831,0.0569270095010515));
#8156=CARTESIAN_POINT('',(0.00563493718553404,0.0269999999999922,0.0569270095010515));
#8157=CARTESIAN_POINT('',(0.00563493718553442,0.0269999999999922,0.0444589663959435));
#8158=CARTESIAN_POINT('',(0.00667428572068362,0.0275308101132807,0.0475759323474803));
#8159=CARTESIAN_POINT('',(0.00659607881129671,0.027464667330901,0.0476110744612661));
#8160=CARTESIAN_POINT('',(0.00643442123116277,0.0273405758932442,0.0476963728749828));
#8161=CARTESIAN_POINT('',(0.00627348037487674,0.0272413554955795,0.0478037202465775));
#8162=CARTESIAN_POINT('',(0.00611902026855631,0.027156655680817,0.0479170418993245));
#8163=CARTESIAN_POINT('',(0.00600797315308178,0.0271040163782768,0.0480066001707545));
#8164=CARTESIAN_POINT('',(0.00587996013290142,0.0270556516753398,0.0481257962439775));
#8165=CARTESIAN_POINT('',(0.00582453166131674,0.0270383469443893,0.0481833902075235));
#8166=CARTESIAN_POINT('',(0.00576741190251217,0.0270222016342445,0.0482464591768635));
#8167=CARTESIAN_POINT('',(0.00570779082623657,0.0270082152174849,0.0483184473428905));
#8168=CARTESIAN_POINT('',(0.0056698674484149,0.0270030228794754,0.0483785073886275));
#8169=CARTESIAN_POINT('',(0.00564515625257006,0.0270003626777396,0.0484249518278345));
#8170=CARTESIAN_POINT('',(0.00563661778226732,0.027000059724607,0.0484488723102645));
#8171=CARTESIAN_POINT('',(0.00563504628732534,0.0270000362969402,0.0484584378155669));
#8172=CARTESIAN_POINT('',(0.0056350838032592,0.0270000412907663,0.0484588140733904));
#8173=CARTESIAN_POINT('',(0.00563508380654906,0.0270000412906162,0.0484589663959615));
#8174=CARTESIAN_POINT('',(0.00652449727602169,0.027687216979479,0.0473169267442811));
#8175=CARTESIAN_POINT('',(0.0064404945226017,0.0276126087974585,0.0473403440416387));
#8176=CARTESIAN_POINT('',(0.00626587931201556,0.0274686204575454,0.0474036701728949));
#8177=CARTESIAN_POINT('',(0.00608865759996013,0.0273440504289927,0.0474948977957025));
#8178=CARTESIAN_POINT('',(0.00591563831270423,0.0272316855078455,0.0475967741176165));
#8179=CARTESIAN_POINT('',(0.00578896916684438,0.0271565322008787,0.0476811265196705));
#8180=CARTESIAN_POINT('',(0.00563514874476747,0.0270755268973083,0.0478040521967875));
#8181=CARTESIAN_POINT('',(0.00556485109334951,0.0270412566563986,0.0478680120346475));
#8182=CARTESIAN_POINT('',(0.00548951442283959,0.0270056459764227,0.0479417446775085));
#8183=CARTESIAN_POINT('',(0.00540637724050781,0.0269681155763137,0.0480309460643245));
#8184=CARTESIAN_POINT('',(0.00533869583310142,0.0269387064716952,0.0481269565131175));
#8185=CARTESIAN_POINT('',(0.00528374733091181,0.0269139125141661,0.0482226853868645));
#8186=CARTESIAN_POINT('',(0.00525209277560654,0.0268986321173498,0.0482944793367455));
#8187=CARTESIAN_POINT('',(0.00523089175232308,0.0268872273673422,0.0483885576275246));
#8188=CARTESIAN_POINT('',(0.00522734832827048,0.0268852140172421,0.048435394617251));
#8189=CARTESIAN_POINT('',(0.00522733917586211,0.026885214434046,0.0484589663986865));
#8190=CARTESIAN_POINT('',(0.00637470883135977,0.0278436238456772,0.0470579211410822));
#8191=CARTESIAN_POINT('',(0.00628490887226687,0.0277605380471635,0.0470696436519711));
#8192=CARTESIAN_POINT('',(0.00609735676747144,0.027596655019718,0.0471109005806081));
#8193=CARTESIAN_POINT('',(0.00590383480922194,0.027446745383502,0.0471860754181625));
#8194=CARTESIAN_POINT('',(0.00571226502014496,0.0273067042659184,0.0472764081718325));
#8195=CARTESIAN_POINT('',(0.00556997906970126,0.0272090403340981,0.0473555571586675));
#8196=CARTESIAN_POINT('',(0.00539035768335464,0.0270953938152982,0.0474821756897415));
#8197=CARTESIAN_POINT('',(0.00530516353991115,0.027044164971565,0.0475525672941085));
#8198=CARTESIAN_POINT('',(0.00521167929689329,0.0269890711914099,0.0476367695574905));
#8199=CARTESIAN_POINT('',(0.00510486213952987,0.0269279804053791,0.0477434467762735));
#8200=CARTESIAN_POINT('',(0.00500759902272495,0.0268743699423257,0.0478750564096735));
#8201=CARTESIAN_POINT('',(0.00492241715266242,0.0268274875580796,0.0480204503424145));
#8202=CARTESIAN_POINT('',(0.00486742250347961,0.0267971778006681,0.0481401954068845));
#8203=CARTESIAN_POINT('',(0.00482679899666437,0.0267744301548183,0.048318634643623));
#8204=CARTESIAN_POINT('',(0.00481958539384616,0.0267703879939766,0.0484120498050167));
#8205=CARTESIAN_POINT('',(0.00481959454517812,0.0267703875774755,0.0484589664014068));
#8206=CARTESIAN_POINT('',(0.00622492038669786,0.0280000307118755,0.0467989155378834));
#8207=CARTESIAN_POINT('',(0.00612932458342367,0.0279084795123916,0.0467989132356125));
#8208=CARTESIAN_POINT('',(0.0059288148504325,0.0277246995829309,0.0468181978712427));
#8209=CARTESIAN_POINT('',(0.00571901203430361,0.0275494403169177,0.0468772529672955));
#8210=CARTESIAN_POINT('',(0.00550888306523557,0.0273817340917423,0.0469561403794415));
#8211=CARTESIAN_POINT('',(0.00535097508497521,0.0272615561558632,0.0470300834971695));
#8212=CARTESIAN_POINT('',(0.00514554629743254,0.0271152690363632,0.0471604316281385));
#8213=CARTESIAN_POINT('',(0.0050454829711838,0.0270470746834224,0.0472371891139895));
#8214=CARTESIAN_POINT('',(0.00493378182400573,0.0269725155315068,0.0473320550297765));
#8215=CARTESIAN_POINT('',(0.00480344854275473,0.0268878807603416,0.0474559454979225));
#8216=CARTESIAN_POINT('',(0.0046764274155514,0.0268100535323561,0.0476235054961635));
#8217=CARTESIAN_POINT('',(0.00456100823957263,0.026741037397249,0.0478181839048615));
#8218=CARTESIAN_POINT('',(0.00448289748101177,0.0266957501905046,0.0479858024452305));
#8219=CARTESIAN_POINT('',(0.00442264446838467,0.0266616212264956,0.0482487544509241));
#8220=CARTESIAN_POINT('',(0.00441184991586945,0.0266555607205883,0.048388630357001));
#8221=CARTESIAN_POINT('',(0.00441184991449116,0.0266555607209052,0.0484589664041333));
#8222=CARTESIAN_POINT('',(0.0056349371855343,0.0269999999999922,0.0484589663959435));
#8223=CARTESIAN_POINT('',(0.0056349371853613,0.0269999999999922,0.0483944943086465));
#8224=CARTESIAN_POINT('',(0.00573260204259386,0.0270102446613694,0.0482946888826308));
#8225=CARTESIAN_POINT('',(0.00588506122767165,0.027055312768219,0.0481080574727728));
#8226=CARTESIAN_POINT('',(0.0061196644613141,0.0271502874459683,0.0479118673273967));
#8227=CARTESIAN_POINT('',(0.00639768491510461,0.0273142334792262,0.0477163991145838));
#8228=CARTESIAN_POINT('',(0.00658330833404279,0.0274539671222235,0.047616689519745));
#8229=CARTESIAN_POINT('',(0.006674231858211,0.0275308663556735,0.0475758392115761));
#8230=CARTESIAN_POINT('',(0.00667423185821127,0.0275308663556732,0.0475758392115765));
#8231=CARTESIAN_POINT('',(0.00667423185821145,0.027530866355673,0.0475758392115765));
#8232=CARTESIAN_POINT('',(0.00563557985678824,0.0270001809856249,0.0569270095010131));
#8233=CARTESIAN_POINT('',(0.00563557976064245,0.0270001809484858,0.0569271824735327));
#8234=CARTESIAN_POINT('',(0.00563539304598616,0.0270001702304396,0.0569278319370892));
#8235=CARTESIAN_POINT('',(0.00563898572932461,0.0270002175980136,0.0569439355399325));
#8236=CARTESIAN_POINT('',(0.00565188294118859,0.0270008953155605,0.0569749578230225));
#8237=CARTESIAN_POINT('',(0.00570631943278884,0.0270077978094237,0.0570670429132525));
#8238=CARTESIAN_POINT('',(0.00578008827495379,0.0270229420870943,0.0571582251646835));
#8239=CARTESIAN_POINT('',(0.00590921142291736,0.0270662011145548,0.0572873449128893));
#8240=CARTESIAN_POINT('',(0.00595994366788404,0.0270853910543094,0.057334411686923));
#8241=CARTESIAN_POINT('',(0.00601489394563498,0.0271093847173811,0.0573814197715879));
#8242=CARTESIAN_POINT('',(0.00522767310595286,0.0268853084736472,0.0569270094938632));
#8243=CARTESIAN_POINT('',(0.0052277341300829,0.0268853320460845,0.0569599891734034));
#8244=CARTESIAN_POINT('',(0.00523336659570402,0.0268885758950678,0.0570138103164081));
#8245=CARTESIAN_POINT('',(0.00526304510898401,0.0269041223924298,0.0571213319102845));
#8246=CARTESIAN_POINT('',(0.00530131367032414,0.0269219769921142,0.0571978009021935));
#8247=CARTESIAN_POINT('',(0.00540729355399036,0.0269688355024342,0.0573614781673165));
#8248=CARTESIAN_POINT('',(0.00550991245658826,0.0270133794833747,0.0574699813120425));
#8249=CARTESIAN_POINT('',(0.00567042655136675,0.0270936988807434,0.0576106858192932));
#8250=CARTESIAN_POINT('',(0.00573135736955621,0.0271257997378313,0.0576587588681532));
#8251=CARTESIAN_POINT('',(0.00579529330259186,0.0271620279428179,0.057704907609657));
#8252=CARTESIAN_POINT('',(0.00481976635512432,0.0267704359616719,0.0569270094867228));
#8253=CARTESIAN_POINT('',(0.00481970541500541,0.0267704124214193,0.0569925059579997));
#8254=CARTESIAN_POINT('',(0.00483157478710752,0.02677706925503,0.0570996211588031));
#8255=CARTESIAN_POINT('',(0.00488693055718995,0.0268079456298529,0.0572985627338655));
#8256=CARTESIAN_POINT('',(0.00495117089627572,0.026843234513842,0.0574204325057405));
#8257=CARTESIAN_POINT('',(0.00510802525245401,0.026929675995676,0.0576563097925915));
#8258=CARTESIAN_POINT('',(0.0052393492671247,0.0270035665387667,0.0577820257658275));
#8259=CARTESIAN_POINT('',(0.00543189401758682,0.0271213300430075,0.0579339015013661));
#8260=CARTESIAN_POINT('',(0.00550251320083476,0.0271660578133501,0.057983273249786));
#8261=CARTESIAN_POINT('',(0.00557569265954874,0.0272146711682547,0.0580283954477291));
#8262=CARTESIAN_POINT('',(0.00441185960428895,0.0266555634496942,0.0569270094795715));
#8263=CARTESIAN_POINT('',(0.00441185961327978,0.0266555634528995,0.0570253123868279));
#8264=CARTESIAN_POINT('',(0.00442954855619235,0.0266654750016446,0.0571855993814909));
#8265=CARTESIAN_POINT('',(0.0045109897742405,0.0267118503480212,0.0574759589494455));
#8266=CARTESIAN_POINT('',(0.00460060202414397,0.0267643163547937,0.0576432753872045));
#8267=CARTESIAN_POINT('',(0.00480899914701403,0.0268907135043239,0.0579507454172235));
#8268=CARTESIAN_POINT('',(0.00496917308660517,0.0269940037010029,0.0580937821827235));
#8269=CARTESIAN_POINT('',(0.0051931093819473,0.0271488279339084,0.0582572422906986));
#8270=CARTESIAN_POINT('',(0.0052739266614234,0.027206466356068,0.0583076205873328));
#8271=CARTESIAN_POINT('',(0.00535609201650562,0.0272673143936916,0.0583518832857981));
#8272=CARTESIAN_POINT('',(0.00440935799269818,0.0266548589592517,0.0569270094795276));
#8273=CARTESIAN_POINT('',(0.00440935837547787,0.0266548591068443,0.0570255135821807));
#8274=CARTESIAN_POINT('',(0.00442708300866957,0.0266647906161149,0.0571861266689604));
#8275=CARTESIAN_POINT('',(0.00450868420362137,0.0267112610146249,0.0574770468854214));
#8276=CARTESIAN_POINT('',(0.00459845205444601,0.026763832365301,0.0576446420386121));
#8277=CARTESIAN_POINT('',(0.00480716527893075,0.0268904745550548,0.057952551132794));
#8278=CARTESIAN_POINT('',(0.00496751614941706,0.0269939450540064,0.0580956941232943));
#8279=CARTESIAN_POINT('',(0.00519164496290792,0.0271489965730458,0.0582592252759389));
#8280=CARTESIAN_POINT('',(0.0052725247852953,0.0272067141736847,0.0583096097455346));
#8281=CARTESIAN_POINT('',(0.00535474524910632,0.0272676372442026,0.0583538671728593));
#8282=CARTESIAN_POINT('',(0.00440685638110741,0.0266541544688091,0.0569270094794837));
#8283=CARTESIAN_POINT('',(0.00440685713767596,0.0266541547607891,0.0570257147775334));
#8284=CARTESIAN_POINT('',(0.00442461746114678,0.0266641062305852,0.0571866539564298));
#8285=CARTESIAN_POINT('',(0.00450637863300225,0.0267106716812286,0.0574781348213973));
#8286=CARTESIAN_POINT('',(0.00459630208474806,0.0267633483758083,0.0576460086900196));
#8287=CARTESIAN_POINT('',(0.00480533141084747,0.0268902356057857,0.0579543568483645));
#8288=CARTESIAN_POINT('',(0.00496585921222896,0.0269938864070099,0.058097606063865));
#8289=CARTESIAN_POINT('',(0.00519018054386854,0.0271491652121832,0.0582612082611793));
#8290=CARTESIAN_POINT('',(0.0052711229091672,0.0272069619913014,0.0583115989037366));
#8291=CARTESIAN_POINT('',(0.00535339848170703,0.0272679600947135,0.0583558510599205));
#8292=CARTESIAN_POINT('',(0.00440435476951664,0.0266534499783665,0.0569270094794399));
#8293=CARTESIAN_POINT('',(0.00440435589987405,0.0266534504147339,0.057025915972886));
#8294=CARTESIAN_POINT('',(0.00442215191362399,0.0266634218450555,0.0571871812438993));
#8295=CARTESIAN_POINT('',(0.00450407306238312,0.0267100823478323,0.0574792227573733));
#8296=CARTESIAN_POINT('',(0.00459415211505011,0.0267628643863157,0.0576473753414272));
#8297=CARTESIAN_POINT('',(0.00480349754276419,0.0268899966565166,0.0579561625639351));
#8298=CARTESIAN_POINT('',(0.00496420227504086,0.0269938277600134,0.0580995180044358));
#8299=CARTESIAN_POINT('',(0.00518871612482917,0.0271493338513206,0.0582631912464197));
#8300=CARTESIAN_POINT('',(0.00526972103303911,0.0272072098089181,0.0583135880619385));
#8301=CARTESIAN_POINT('',(0.00535205171430773,0.0272682829452245,0.0583578349469818));
#8302=CARTESIAN_POINT('',(0.00535612990331346,0.0272673053113692,0.0583518274757535));
#8303=CARTESIAN_POINT('',(0.00601454795719375,0.0271094676586113,0.0573819294379135));
#8304=CARTESIAN_POINT('',(0.00601454795719345,0.0271094676586115,0.0573819294379139));
#8305=CARTESIAN_POINT('',(0.00594103259424341,0.0270773501642557,0.0573190575672168));
#8306=CARTESIAN_POINT('',(0.0058285283175567,0.0270379870045441,0.0572187602771998));
#8307=CARTESIAN_POINT('',(0.00570922775983176,0.0270068510568603,0.0570627182344279));
#8308=CARTESIAN_POINT('',(0.0056349371822447,0.0269999999999923,0.0569782058433974));
#8309=CARTESIAN_POINT('',(0.00563493718553375,0.0269999999999923,0.0569270095010515));
#8310=CARTESIAN_POINT('',(1.59594559789866E-16,0.0344999999999917,0.0471289663959435));
#8311=CARTESIAN_POINT('',(0.00665778248872324,0.0284440993788742,0.0467989663959435));
#8312=CARTESIAN_POINT('',(0.00714601987122948,0.0279999999999922,0.0474589663959435));
#8313=CARTESIAN_POINT('',(1.59594559789866E-16,0.0344999999999918,0.0474589663959435));
#8314=CARTESIAN_POINT('',(0.00865348998317406,0.030206666666659,0.0474589663959435));
#8315=CARTESIAN_POINT('',(0.00865348998317417,0.0302066666666589,0.0474589663959435));
#8316=CARTESIAN_POINT('',(0.00622494979899502,0.0279999999999922,0.0467989663959435));
#8317=CARTESIAN_POINT('',(0.00637427129717406,0.0281430028969269,0.0467989663959435));
#8318=CARTESIAN_POINT('',(0.0065186630804819,0.0282911532164486,0.0467989663959435));
#8319=CARTESIAN_POINT('',(0.00665778248872324,0.0284440993788742,0.0467989663959435));
#8320=CARTESIAN_POINT('',(0.0063747104854005,0.0278436221185525,0.0470579240011545));
#8321=CARTESIAN_POINT('',(0.00653078486701768,0.0279867652654846,0.0470325275617155));
#8322=CARTESIAN_POINT('',(0.00667800817800479,0.0281393814061842,0.0470189663959435));
#8323=CARTESIAN_POINT('',(0.00682052828289203,0.0282960662525802,0.0470189663959435));
#8324=CARTESIAN_POINT('',(0.00652447117180598,0.0276872442371127,0.0473168816063655));
#8325=CARTESIAN_POINT('',(0.0066872984368613,0.0278305276340423,0.0472660887274875));
#8326=CARTESIAN_POINT('',(0.00683735327552767,0.0279876095959198,0.0472389663959435));
#8327=CARTESIAN_POINT('',(0.00698327407706081,0.0281480331262862,0.0472389663959435));
#8328=CARTESIAN_POINT('',(0.00667423185821145,0.027530866355673,0.0475758392115765));
#8329=CARTESIAN_POINT('',(0.00684381200670492,0.0276742900026001,0.0474996498932595));
#8330=CARTESIAN_POINT('',(0.00699669837305056,0.0278358377856554,0.0474589663959435));
#8331=CARTESIAN_POINT('',(0.0071460198712296,0.0279999999999922,0.0474589663959435));
#8332=CARTESIAN_POINT('',(0.00667423185821157,0.027530866355673,0.0475758392115765));
#8333=CARTESIAN_POINT('',(0.00675737112963548,0.0276011820006141,0.0475384862285095));
#8334=CARTESIAN_POINT('',(0.00683793714019736,0.0276772023195905,0.0475088701416295));
#8335=CARTESIAN_POINT('',(0.00699517658629983,0.0278359381567002,0.0474692242369385));
#8336=CARTESIAN_POINT('',(0.00707077561985529,0.027917277397605,0.0474589663959435));
#8337=CARTESIAN_POINT('',(0.0071460198712296,0.0279999999999922,0.0474589663959435));
#8338=CARTESIAN_POINT('',(0.00914558964855219,0.0314995805662935,0.0484589663959445));
#8339=CARTESIAN_POINT('',(0.00914558965549513,0.0314995805160692,0.0483052235905245));
#8340=CARTESIAN_POINT('',(0.00913489976398859,0.0314615863366775,0.0481419018399635));
#8341=CARTESIAN_POINT('',(0.0090906650931365,0.0313134030752275,0.0478560122680755));
#8342=CARTESIAN_POINT('',(0.00905690135666963,0.031204057863953,0.0477345060529795));
#8343=CARTESIAN_POINT('',(0.00897341029799172,0.0309558230690689,0.0475548445292195));
#8344=CARTESIAN_POINT('',(0.00891648003783162,0.0307980974186484,0.0474917541017255));
#8345=CARTESIAN_POINT('',(0.00883302487016044,0.0305943930800553,0.0474626977949255));
#8346=CARTESIAN_POINT('',(0.00881275807583884,0.0305465763156586,0.0474593574343265));
#8347=CARTESIAN_POINT('',(0.00879215543836671,0.0304997258562665,0.0474593688554845));
#8348=CARTESIAN_POINT('',(0.00899113628925235,0.0317097276365731,0.0484589663959435));
#8349=CARTESIAN_POINT('',(0.0089911328106664,0.0317097528001788,0.0482858347959065));
#8350=CARTESIAN_POINT('',(0.00898016684048129,0.0316699729750214,0.0481018840427765));
#8351=CARTESIAN_POINT('',(0.00893425677805849,0.031514231737575,0.0477749927972385));
#8352=CARTESIAN_POINT('',(0.00889896662402561,0.0313989910009441,0.0476328339438645));
#8353=CARTESIAN_POINT('',(0.00881035502447351,0.0311348300538937,0.0474131258451775));
#8354=CARTESIAN_POINT('',(0.00874927386600988,0.0309656007015629,0.0473280776054455));
#8355=CARTESIAN_POINT('',(0.00865780394775813,0.030742052281594,0.0472727663117755));
#8356=CARTESIAN_POINT('',(0.00863548743191499,0.0306892506464928,0.0472634371558275));
#8357=CARTESIAN_POINT('',(0.00861264813313335,0.0306370789133585,0.0472577262745005));
#8358=CARTESIAN_POINT('',(0.0088366829299525,0.0319198747068526,0.0484589663959415));
#8359=CARTESIAN_POINT('',(0.00883668640358054,0.0319198495791116,0.0482664313600015));
#8360=CARTESIAN_POINT('',(0.00882545556536076,0.0318783772722326,0.0480619084540745));
#8361=CARTESIAN_POINT('',(0.00877782566055249,0.0317150161584384,0.0476939263853235));
#8362=CARTESIAN_POINT('',(0.00874102857684095,0.031593902678271,0.0475311645808785));
#8363=CARTESIAN_POINT('',(0.00864729740337436,0.0313138327077539,0.0472713938829115));
#8364=CARTESIAN_POINT('',(0.00858201545489126,0.0311330191526311,0.0471643572512595));
#8365=CARTESIAN_POINT('',(0.00848259804880955,0.0308897347811491,0.0470828474162065));
#8366=CARTESIAN_POINT('',(0.00845820225599696,0.0308319014255744,0.0470675040243105));
#8367=CARTESIAN_POINT('',(0.00843314082789998,0.0307744319704507,0.0470560836935165));
#8368=CARTESIAN_POINT('',(0.00868222957065265,0.0321300217771322,0.0484589663959435));
#8369=CARTESIAN_POINT('',(0.00868222956867611,0.0321300217914302,0.0482470425514625));
#8370=CARTESIAN_POINT('',(0.00867072266243693,0.0320867639273666,0.0480218906970195));
#8371=CARTESIAN_POINT('',(0.00862141732379374,0.0319158447787208,0.0476129068698535));
#8372=CARTESIAN_POINT('',(0.00858309384104544,0.0317888357948582,0.0474294924743755));
#8373=CARTESIAN_POINT('',(0.00848424212762405,0.0314928396884608,0.0471296751862435));
#8374=CARTESIAN_POINT('',(0.00841480923339994,0.0313005223548869,0.0470006807132785));
#8375=CARTESIAN_POINT('',(0.00830737714069168,0.0310373940048397,0.0468929159450235));
#8376=CARTESIAN_POINT('',(0.00828093159825597,0.0309745757340153,0.0468715837335895));
#8377=CARTESIAN_POINT('',(0.00825363352266662,0.0309117850275427,0.0468544411125305));
#8378=CARTESIAN_POINT('',(0.00825373566486747,0.0309117068717067,0.0468545558500165));
#8379=CARTESIAN_POINT('',(0.00914528137423887,0.0314999999999922,0.0484589663959435));
#8380=CARTESIAN_POINT('',(0.00891379941552111,0.0318149511002316,0.0444589663959435));
#8381=CARTESIAN_POINT('',(0.00914528137423889,0.0314999999999922,0.0586775283465755));
#8382=CARTESIAN_POINT('',(0.00849590817430769,0.0299256414309437,0.0594917591705093));
#8383=CARTESIAN_POINT('',(0.00854883261580786,0.0300091030821983,0.0595505613859309));
#8384=CARTESIAN_POINT('',(0.00860390187200532,0.0301051979854253,0.0595982386795002));
#8385=CARTESIAN_POINT('',(0.00872173183047128,0.0303320532708075,0.059668517693567));
#8386=CARTESIAN_POINT('',(0.00879202035694118,0.0304842546564461,0.0596858655944823));
#8387=CARTESIAN_POINT('',(0.00891933271872826,0.0307952572358687,0.0596419143369191));
#8388=CARTESIAN_POINT('',(0.0089762037658495,0.0309527291790239,0.0595792708736006));
#8389=CARTESIAN_POINT('',(0.00905960448145566,0.0312007110538845,0.0594002678137454));
#8390=CARTESIAN_POINT('',(0.00909334275977305,0.0313099544532601,0.0592791142132681));
#8391=CARTESIAN_POINT('',(0.00913754846246576,0.0314580140747182,0.0589939174825795));
#8392=CARTESIAN_POINT('',(0.00914823341633286,0.0314959830114783,0.0588309392787159));
#8393=CARTESIAN_POINT('',(0.00914823337737358,0.0314959835460086,0.0586775283465754));
#8394=CARTESIAN_POINT('',(0.00849450814068899,0.0299258980228177,0.0594933736601687));
#8395=CARTESIAN_POINT('',(0.00854749707660699,0.030009492946033,0.0595521505193252));
#8396=CARTESIAN_POINT('',(0.00860262170003812,0.0301057076567274,0.0595997752308453));
#8397=CARTESIAN_POINT('',(0.0087205561597128,0.0303327953699844,0.0596699086828552));
#8398=CARTESIAN_POINT('',(0.00879089535229715,0.0304851152016661,0.0596871435072297));
#8399=CARTESIAN_POINT('',(0.00891828416992808,0.0307963072560912,0.0596429406169766));
#8400=CARTESIAN_POINT('',(0.00897518143993908,0.0309538517175433,0.0595801594820383));
#8401=CARTESIAN_POINT('',(0.00905861415990272,0.0312019332498145,0.0594009053173217));
#8402=CARTESIAN_POINT('',(0.00909236206636507,0.0313112137285887,0.0592796222233262));
#8403=CARTESIAN_POINT('',(0.00913657824198128,0.0314593206763881,0.0589941684016136));
#8404=CARTESIAN_POINT('',(0.00914726494894256,0.0314973008525731,0.0588310608509701));
#8405=CARTESIAN_POINT('',(0.00914726492276458,0.0314973012117409,0.0586775283465761));
#8406=CARTESIAN_POINT('',(0.00849310810707029,0.0299261546146917,0.0594949881498282));
#8407=CARTESIAN_POINT('',(0.00854616153740611,0.0300098828098677,0.0595537396527186));
#8408=CARTESIAN_POINT('',(0.00860134152807092,0.0301062173280296,0.0596013117821915));
#8409=CARTESIAN_POINT('',(0.00871938048895433,0.0303335374691613,0.0596712996721433));
#8410=CARTESIAN_POINT('',(0.00878977034765312,0.0304859757468862,0.0596884214199781));
#8411=CARTESIAN_POINT('',(0.0089172356211279,0.0307973572763136,0.059643966897035));
#8412=CARTESIAN_POINT('',(0.00897415911402866,0.0309549742560627,0.0595810480904759));
#8413=CARTESIAN_POINT('',(0.00905762383834979,0.0312031554457446,0.0594015428208981));
#8414=CARTESIAN_POINT('',(0.00909138137295709,0.0313124730039172,0.0592801302333854));
#8415=CARTESIAN_POINT('',(0.00913560802149679,0.0314606272780582,0.0589944193206467));
#8416=CARTESIAN_POINT('',(0.00914629648155224,0.031498618693668,0.0588311824232253));
#8417=CARTESIAN_POINT('',(0.00914629646815558,0.0314986188774731,0.0586775283465758));
#8418=CARTESIAN_POINT('',(0.00849170807345159,0.029926411206566,0.0594966026394867));
#8419=CARTESIAN_POINT('',(0.00854482599820524,0.0300102726737023,0.0595553287861129));
#8420=CARTESIAN_POINT('',(0.00860006135610373,0.0301067269993317,0.0596028483335376));
#8421=CARTESIAN_POINT('',(0.00871820481819585,0.0303342795683381,0.0596726906614315));
#8422=CARTESIAN_POINT('',(0.00878864534300909,0.0304868362921063,0.0596896993327265));
#8423=CARTESIAN_POINT('',(0.00891618707232772,0.0307984072965362,0.0596449931770925));
#8424=CARTESIAN_POINT('',(0.00897313678811825,0.0309560967945821,0.0595819366989135));
#8425=CARTESIAN_POINT('',(0.00905663351679686,0.0312043776416747,0.0594021803244745));
#8426=CARTESIAN_POINT('',(0.00909040067954912,0.0313137322792458,0.0592806382434445));
#8427=CARTESIAN_POINT('',(0.00913463780101229,0.0314619338797282,0.0589946702396808));
#8428=CARTESIAN_POINT('',(0.00914532801416193,0.0314999365347628,0.0588313039954795));
#8429=CARTESIAN_POINT('',(0.00914532801354656,0.0314999365432054,0.0586775283465755));
#8430=CARTESIAN_POINT('',(0.00826854784948405,0.0299673110102069,0.0597539463697289));
#8431=CARTESIAN_POINT('',(0.0083319459478955,0.0300724155390534,0.0598086308207143));
#8432=CARTESIAN_POINT('',(0.00839600663977396,0.0301879667355959,0.059847768982457));
#8433=CARTESIAN_POINT('',(0.00853080721126074,0.0304525674553629,0.0598944092522775));
#8434=CARTESIAN_POINT('',(0.00860932372889068,0.0306240040439949,0.0598933939378205));
#8435=CARTESIAN_POINT('',(0.00874905223930452,0.030965776668884,0.0598085784542415));
#8436=CARTESIAN_POINT('',(0.00881018178754628,0.0311350253174824,0.0597235776247485));
#8437=CARTESIAN_POINT('',(0.0088987798934266,0.031399191190324,0.0595037960563965));
#8438=CARTESIAN_POINT('',(0.00893408174717223,0.0315144561480152,0.0593616131836235));
#8439=CARTESIAN_POINT('',(0.00897998821422754,0.0316702013937515,0.0590346658133927));
#8440=CARTESIAN_POINT('',(0.00899095786415998,0.0317099955718804,0.0588506821669727));
#8441=CARTESIAN_POINT('',(0.00899095990083767,0.0317099676281712,0.0586775283465756));
#8442=CARTESIAN_POINT('',(0.0080453876255165,0.0300082108138478,0.0600112900999679));
#8443=CARTESIAN_POINT('',(0.00811900171788709,0.0301344116082686,0.0600618931124952));
#8444=CARTESIAN_POINT('',(0.00819198355205522,0.0302692647076958,0.0600927148414489));
#8445=CARTESIAN_POINT('',(0.00834334842539733,0.0305707263049748,0.0601160874279535));
#8446=CARTESIAN_POINT('',(0.0084299859885269,0.0307611154175146,0.0600970576714015));
#8447=CARTESIAN_POINT('',(0.00858191317618238,0.0311331409758369,0.0599721872575545));
#8448=CARTESIAN_POINT('',(0.0086471983031306,0.0313138898817726,0.0598652249785335));
#8449=CARTESIAN_POINT('',(0.00874094094261848,0.0315940121717173,0.0596054029892865));
#8450=CARTESIAN_POINT('',(0.00877773186278909,0.0317151151883822,0.0594426306241945));
#8451=CARTESIAN_POINT('',(0.00882536682827288,0.0318784969648237,0.059074617084437));
#8452=CARTESIAN_POINT('',(0.00883659382542847,0.0319199707608942,0.0588700747625786));
#8453=CARTESIAN_POINT('',(0.00883659178812877,0.0319199987131369,0.0586775283465747));
#8454=CARTESIAN_POINT('',(0.00782222740154896,0.0300491106174887,0.0602686338302086));
#8455=CARTESIAN_POINT('',(0.00790612168064513,0.0301965545035092,0.0603151951551874));
#8456=CARTESIAN_POINT('',(0.00798792882928548,0.0303505044321025,0.0603376354852348));
#8457=CARTESIAN_POINT('',(0.00815595083091901,0.0306890142182733,0.0603378060270275));
#8458=CARTESIAN_POINT('',(0.00825066437769199,0.0308982831808825,0.0603007522827815));
#8459=CARTESIAN_POINT('',(0.00841477834402048,0.0313005103492159,0.0601357725299115));
#8460=CARTESIAN_POINT('',(0.00848424330835829,0.0314928184176957,0.0600068659030595));
#8461=CARTESIAN_POINT('',(0.0085830873162607,0.031788825718853,0.0597070187230025));
#8462=CARTESIAN_POINT('',(0.00862141293671441,0.0319158390703514,0.0595236055557185));
#8463=CARTESIAN_POINT('',(0.00867071723574609,0.0320867644731342,0.0591146126671679));
#8464=CARTESIAN_POINT('',(0.00868222367418219,0.0321300298150845,0.058889452931134));
#8465=CARTESIAN_POINT('',(0.00868222367541987,0.0321300297981028,0.0586775283465752));
#8466=CARTESIAN_POINT('',(0.00849164064995233,0.029926423563642,0.0594966803908645));
#8467=CARTESIAN_POINT('',(0.00806225774829893,0.0304999999999922,0.0467989663959435));
#8468=CARTESIAN_POINT('',(0.0081270972417457,0.0306306881771014,0.0467989663959435));
#8469=CARTESIAN_POINT('',(0.00819255929654709,0.0307709899472524,0.0468161438752015));
#8470=CARTESIAN_POINT('',(0.00825373566486747,0.0309117068717067,0.0468545558500165));
#8471=CARTESIAN_POINT('',(0.00825933515992401,0.0304022222222144,0.0470189663959435));
#8472=CARTESIAN_POINT('',(0.00831772733650828,0.0305199154167411,0.0470189663959435));
#8473=CARTESIAN_POINT('',(0.00837691068050056,0.0306456523156809,0.0470304180487825));
#8474=CARTESIAN_POINT('',(0.00843308949615975,0.0307744712478019,0.0470560260319925));
#8475=CARTESIAN_POINT('',(0.00845641257154909,0.0303044444444366,0.0472389663959435));
#8476=CARTESIAN_POINT('',(0.00850835743127086,0.0304091426563807,0.0472389663959435));
#8477=CARTESIAN_POINT('',(0.00856126206445404,0.0305203146841094,0.0472446922223635));
#8478=CARTESIAN_POINT('',(0.00861244332745202,0.030637235623897,0.0472574962139685));
#8479=CARTESIAN_POINT('',(0.00865348998317417,0.0302066666666589,0.0474589663959435));
#8480=CARTESIAN_POINT('',(0.00869898752603344,0.0302983698960203,0.0474589663959435));
#8481=CARTESIAN_POINT('',(0.00874561344840752,0.0303949770525379,0.0474589663959435));
#8482=CARTESIAN_POINT('',(0.0087917971587443,0.0304999999999922,0.0474589663959435));
#8483=CARTESIAN_POINT('',(0.00865348998317417,0.0302066666666589,0.0474589663959435));
#8484=CARTESIAN_POINT('',(0.00869898752603344,0.0302983698960203,0.0474589663959435));
#8485=CARTESIAN_POINT('',(0.00874561344840752,0.0303949770525379,0.0474589663959435));
#8486=CARTESIAN_POINT('',(0.0087917971587443,0.0304999999999922,0.0474589663959435));
#8487=CARTESIAN_POINT('',(0.00757252744222282,0.0296361714579129,0.0600618351750763));
#8488=CARTESIAN_POINT('',(0.00708129591299581,0.0288713697787882,0.059513673851772));
#8489=CARTESIAN_POINT('',(0.00647623100688254,0.0281861684052916,0.0590189634347873));
#8490=CARTESIAN_POINT('',(0.00578878944299199,0.0276087071795355,0.0585998849837515));
#8491=CARTESIAN_POINT('',(0.00783018990062682,0.0296544989225167,0.0598185374211545));
#8492=CARTESIAN_POINT('',(0.00733736344138145,0.0288644154529921,0.059256887409752));
#8493=CARTESIAN_POINT('',(0.00672454211770243,0.0281519479505481,0.0587480607992802));
#8494=CARTESIAN_POINT('',(0.00602134661310635,0.0275479436996109,0.0583153086432825));
#8495=CARTESIAN_POINT('',(0.00808785235903083,0.0296728263871205,0.0595752396672316));
#8496=CARTESIAN_POINT('',(0.00759343096976705,0.0288574611271962,0.059000100967731));
#8497=CARTESIAN_POINT('',(0.00697285322852229,0.0281177274958045,0.0584771581637721));
#8498=CARTESIAN_POINT('',(0.00625390378322071,0.0274871802196862,0.0580307323028135));
#8499=CARTESIAN_POINT('',(0.00834551481743482,0.0296911538517244,0.0593319419133108));
#8500=CARTESIAN_POINT('',(0.00784949849815266,0.0288505068014001,0.0587433145257139));
#8501=CARTESIAN_POINT('',(0.00722116433934215,0.0280835070410609,0.0582062555282639));
#8502=CARTESIAN_POINT('',(0.00648646095333507,0.0274264167397617,0.0577461559623455));
#8503=CARTESIAN_POINT('',(0.00834706114235187,0.0296912638414193,0.059330481796142));
#8504=CARTESIAN_POINT('',(0.00785103525132207,0.0288504650659944,0.0587417734580848));
#8505=CARTESIAN_POINT('',(0.00722265454346509,0.0280833016718264,0.0582046297442903));
#8506=CARTESIAN_POINT('',(0.00648785661240397,0.0274260520763038,0.0577444481175595));
#8507=CARTESIAN_POINT('',(0.00834860746726892,0.0296913738311142,0.0593290216789733));
#8508=CARTESIAN_POINT('',(0.00785257200449147,0.0288504233305887,0.0587402323904566));
#8509=CARTESIAN_POINT('',(0.00722414474758803,0.0280830963025919,0.0582030039603176));
#8510=CARTESIAN_POINT('',(0.00648925227147287,0.027425687412846,0.0577427402727735));
#8511=CARTESIAN_POINT('',(0.00835015379218596,0.0296914838208091,0.0593275615618055));
#8512=CARTESIAN_POINT('',(0.00785410875766087,0.0288503815951828,0.0587386913228285));
#8513=CARTESIAN_POINT('',(0.00722563495171097,0.0280828909333573,0.058201378176344));
#8514=CARTESIAN_POINT('',(0.00649064793054176,0.027425322749388,0.0577410324279875));
#8515=CARTESIAN_POINT('',(0.00648646758391853,0.0274264235636413,0.0577461615453405));
#8516=CARTESIAN_POINT('',(0.00648646758391853,0.0274264235636413,0.0577461615453405));
#8517=CARTESIAN_POINT('',(0.00757252744568476,0.0296361714581588,0.0600618351718075));
#8518=CARTESIAN_POINT('',(0.00834551396058256,0.0296911537907764,0.0593319427223915));
#8519=CARTESIAN_POINT('',(0.00167591508893252,0.0331701801499136,0.0617679832046755));
#8520=CARTESIAN_POINT('',(0.00782236117103986,0.0300490861008171,0.0602684795700135));
#8521=CARTESIAN_POINT('',(0.00779491162098783,0.0300008442407407,0.0602532431578505));
#8522=CARTESIAN_POINT('',(0.00776725184302702,0.0299532771859158,0.0602354768933025));
#8523=CARTESIAN_POINT('',(0.00768331812449608,0.0298118455398884,0.0601740834371355));
#8524=CARTESIAN_POINT('',(0.00762698026710853,0.0297209525079917,0.0601226029259475));
#8525=CARTESIAN_POINT('',(0.0075725253617654,0.0296361713099301,0.0600618371395485));
#8526=CARTESIAN_POINT('',(0.00804545433067722,0.0300081985884255,0.0600112131769635));
#8527=CARTESIAN_POINT('',(0.00802135847091711,0.0299668916898954,0.0599946500026875));
#8528=CARTESIAN_POINT('',(0.00799724405685211,0.0299262665950659,0.0599765666555155));
#8529=CARTESIAN_POINT('',(0.0079245165450704,0.0298054623613915,0.0599170677086175));
#8530=CARTESIAN_POINT('',(0.00787636238385085,0.0297277685228227,0.0598707702280805));
#8531=CARTESIAN_POINT('',(0.00783018822803779,0.0296544988035455,0.0598185390004965));
#8532=CARTESIAN_POINT('',(0.00826854749031459,0.0299673110760338,0.0597539467839145));
#8533=CARTESIAN_POINT('',(0.00824781173861566,0.029932933184474,0.0597360577995345));
#8534=CARTESIAN_POINT('',(0.00822723348674037,0.0298992577931427,0.0597176559320525));
#8535=CARTESIAN_POINT('',(0.0081657249134664,0.0297990719109976,0.0596600539824595));
#8536=CARTESIAN_POINT('',(0.00812576956812531,0.0297345677027912,0.0596189467935655));
#8537=CARTESIAN_POINT('',(0.00808785109431019,0.029672826297161,0.0595752408614445));
#8538=CARTESIAN_POINT('',(0.00849164064995196,0.0299264235636421,0.0594966803908645));
#8539=CARTESIAN_POINT('',(0.00847425858857955,0.0298989806335966,0.0594774646443765));
#8540=CARTESIAN_POINT('',(0.00845722570055046,0.0298722472023026,0.0594587456942625));
#8541=CARTESIAN_POINT('',(0.00840692333409436,0.0297926887324614,0.0594030382539505));
#8542=CARTESIAN_POINT('',(0.00837515168500279,0.0297413837175314,0.0593671140957495));
#8543=CARTESIAN_POINT('',(0.00834551396058258,0.0296911537907764,0.0593319427223915));
#8544=CARTESIAN_POINT('',(0.00849164064995196,0.0299264235636421,0.0594966803908645));
#8545=CARTESIAN_POINT('',(0.00847425858857955,0.0298989806335966,0.0594774646443765));
#8546=CARTESIAN_POINT('',(0.00845722570055046,0.0298722472023026,0.0594587456942625));
#8547=CARTESIAN_POINT('',(0.00840692333409436,0.0297926887324614,0.0594030382539505));
#8548=CARTESIAN_POINT('',(0.00837515168500279,0.0297413837175314,0.0593671140957495));
#8549=CARTESIAN_POINT('',(0.00834551396058258,0.0296911537907764,0.0593319427223915));
#8550=CARTESIAN_POINT('',(0.00578460985880603,0.0276098068621112,0.0586050121659425));
#8551=CARTESIAN_POINT('',(0.00564377984857659,0.0274915564021495,0.0585191741506435));
#8552=CARTESIAN_POINT('',(0.00549950827137598,0.0273776632056627,0.0584366961609425));
#8553=CARTESIAN_POINT('',(0.00535217893471089,0.0272682524476251,0.0583576475420055));
#8554=CARTESIAN_POINT('',(0.00601856243384353,0.0275486790959545,0.0583187286257415));
#8555=CARTESIAN_POINT('',(0.00587448436017871,0.0274249561170224,0.0582300714286855));
#8556=CARTESIAN_POINT('',(0.0057273251055784,0.027312789874197,0.0581331167335165));
#8557=CARTESIAN_POINT('',(0.00557296860887186,0.0272153241846205,0.0580324081739745));
#8558=CARTESIAN_POINT('',(0.00625251500888102,0.027487551329798,0.0580324450855415));
#8559=CARTESIAN_POINT('',(0.00610518887178083,0.0273583558318952,0.0579409687067275));
#8560=CARTESIAN_POINT('',(0.00595514193978081,0.0272479165427313,0.0578295373060915));
#8561=CARTESIAN_POINT('',(0.00579375828303281,0.0271623959216159,0.0577071688059435));
#8562=CARTESIAN_POINT('',(0.00648646758391852,0.0274264235636413,0.0577461615453405));
#8563=CARTESIAN_POINT('',(0.00633589338338296,0.027291755546768,0.0576518659847695));
#8564=CARTESIAN_POINT('',(0.00618295877398322,0.0271830432112655,0.0575259578786665));
#8565=CARTESIAN_POINT('',(0.00601454795719377,0.0271094676586112,0.0573819294379135));
#8566=CARTESIAN_POINT('',(0.00648646758391839,0.0274264235636413,0.0577461615453405));
#8567=CARTESIAN_POINT('',(0.00640990174160504,0.0273579458954362,0.0576982129658645));
#8568=CARTESIAN_POINT('',(0.00633304691183524,0.0272965639064348,0.0576424436169425));
#8569=CARTESIAN_POINT('',(0.00617568035451588,0.0271898129010329,0.0575188415520425));
#8570=CARTESIAN_POINT('',(0.00609629461144148,0.0271451812509954,0.0574518408804945));
#8571=CARTESIAN_POINT('',(0.00601454795719402,0.0271094676586113,0.0573819294379135));
#8572=CARTESIAN_POINT('',(0.005,0.0279999999999922,0.0484589663959435));
#8573=CARTESIAN_POINT('',(0.005,0.0279999999999922,0.0474589663959435));
#8574=CARTESIAN_POINT('',(0.005,0.0269999999999922,0.0484589663959435));
#8575=CARTESIAN_POINT('',(0.005,0.0269999999999922,0.0574475765516035));
#8576=CARTESIAN_POINT('',(0.005,0.0269999999999922,0.0569270095010515));
#8577=CARTESIAN_POINT('',(0.005,0.0279999999999922,0.0569270095010515));
#8578=CARTESIAN_POINT('',(0.005,0.0274264235636412,0.0577461615453405));
#8579=CARTESIAN_POINT('',(0.005,0.0314999999999922,0.0605985104735465));
#8580=CARTESIAN_POINT('',(0.005,0.0304999999999922,0.0586775283465755));
#8581=CARTESIAN_POINT('',(0.005,0.0314999999999922,0.0586775283465755));
#8582=CARTESIAN_POINT('',(0.005,0.0304999999999922,0.0484589663959435));
#8583=CARTESIAN_POINT('',(0.005,0.0314999999999922,0.0484589663959435));
#8584=CARTESIAN_POINT('',(0.005,0.0269999999999922,0.0474589663959435));
#8585=CARTESIAN_POINT('',(0.005,0.0314999999999922,0.0474589663959435));
#8586=MECHANICAL_DESIGN_GEOMETRIC_PRESENTATION_REPRESENTATION('',(#2755),
#8587);
#8587=(
GEOMETRIC_REPRESENTATION_CONTEXT(3)
GLOBAL_UNCERTAINTY_ASSIGNED_CONTEXT((#8588))
GLOBAL_UNIT_ASSIGNED_CONTEXT((#8591,#8590,#8589))
REPRESENTATION_CONTEXT('cable holder Vz (1)','TOP_LEVEL_ASSEMBLY_PART')
);
#8588=UNCERTAINTY_MEASURE_WITH_UNIT(LENGTH_MEASURE(2.E-5),#8591,
'DISTANCE_ACCURACY_VALUE','Maximum Tolerance applied to model');
#8589=(
NAMED_UNIT(*)
SI_UNIT($,.STERADIAN.)
SOLID_ANGLE_UNIT()
);
#8590=(
NAMED_UNIT(*)
PLANE_ANGLE_UNIT()
SI_UNIT($,.RADIAN.)
);
#8591=(
LENGTH_UNIT()
NAMED_UNIT(*)
SI_UNIT($,.METRE.)
);
#8592=PRODUCT_DEFINITION_SHAPE('','',#8593);
#8593=PRODUCT_DEFINITION('','',#8595,#8594);
#8594=PRODUCT_DEFINITION_CONTEXT('',#8601,'design');
#8595=PRODUCT_DEFINITION_FORMATION_WITH_SPECIFIED_SOURCE('','',#8597,
 .NOT_KNOWN.);
#8596=PRODUCT_RELATED_PRODUCT_CATEGORY('','',(#8597));
#8597=PRODUCT('cable holder Vz (1)','cable holder Vz (1)',
'cable holder Vz (1)',(#8599));
#8598=PRODUCT_CATEGORY('','');
#8599=PRODUCT_CONTEXT('',#8601,'mechanical');
#8600=APPLICATION_PROTOCOL_DEFINITION('international standard',
'ap242_managed_model_based_3d_engineering',2020,#8601);
#8601=APPLICATION_CONTEXT('managed model based 3d engineering');
ENDSEC;
END-ISO-10303-21;
