ISO-10303-21;
HEADER;
/* Generated by software containing ST-Developer
 * from STEP Tools, Inc. (www.steptools.com) 
 */
/* OPTION: using custom renumber hook */

FILE_DESCRIPTION(
/* description */ ('STEP AP242 Edition 2',
'CAx-IF Rec.Pracs.---Representation and Presentation of Product Manufa
cturing Information (PMI)---4.0---2014-10-13',
'CAx-IF Rec.Pracs.---3D Tessellated Geometry---0.4---2014-09-14','2;1',
'CAx-IF Rec.Pracs.---User Defined Attributes---1.5---2016-08-15'),
/* implementation_level */ '2;1');

FILE_NAME(
/* name */ 'toolhead v4 - NAMEIMPRIMANTE',
/* time_stamp */ '2026-08-19T20:10:41Z',
/* author */ (''),
/* organization */ (''),
/* preprocessor_version */ 'ST-DEVELOPER v20',
/* originating_system */ 'ONSHAPE BY PTC INC, 1.219',
/* authorisation */ '  ');

FILE_SCHEMA (('AP242_MANAGED_MODEL_BASED_3D_ENGINEERING_MIM_LF { 1 0 10303 442 3 1 4 }'));
ENDSEC;

DATA;
#10=SHAPE_REPRESENTATION_RELATIONSHIP('','',#4172,#11);
#11=ADVANCED_BREP_SHAPE_REPRESENTATION('',(#4170),#7446);
#12=CONICAL_SURFACE('',#4433,0.0025000000000048,0.785398163392655);
#13=CONICAL_SURFACE('',#4434,0.003,0.785398163392653);
#14=CONICAL_SURFACE('',#4435,0.00849999999999986,0.785398163392653);
#15=CONICAL_SURFACE('',#4436,0.0127744097307477,0.785398163392652);
#16=CONICAL_SURFACE('',#4437,0.0025000000000048,0.785398163392653);
#17=CONICAL_SURFACE('',#4438,0.003,0.785398163392653);
#18=CONICAL_SURFACE('',#4439,0.0192744097307436,0.785398163392653);
#19=CONICAL_SURFACE('',#4440,0.0025,0.785398163397449);
#20=CONICAL_SURFACE('',#4441,0.0035,0.78539816339745);
#21=CONICAL_SURFACE('',#4442,0.00899999999999987,0.785398163397452);
#22=CONICAL_SURFACE('',#4443,0.0132744097307429,0.785398163397452);
#23=CONICAL_SURFACE('',#4444,0.0025,0.785398163397452);
#24=CONICAL_SURFACE('',#4445,0.0035,0.785398163397448);
#25=CONICAL_SURFACE('',#4446,0.0197744097307436,0.785398163397452);
#26=CONICAL_SURFACE('',#4447,0.0237264620745037,0.785398163397452);
#27=CONICAL_SURFACE('',#4448,0.00515,0.785398163397446);
#28=CONICAL_SURFACE('',#4449,0.00515,0.785398163397448);
#29=CONICAL_SURFACE('',#4450,0.00964939750007162,0.785398163397448);
#30=CONICAL_SURFACE('',#4451,0.00469663417108429,0.785398163397448);
#31=CONICAL_SURFACE('',#4452,0.011,0.785398163397446);
#32=CONICAL_SURFACE('',#4453,0.0055,0.785398163397449);
#33=CONICAL_SURFACE('',#4454,0.00762440973074307,0.78539816339745);
#34=CONICAL_SURFACE('',#4455,0.0051035829541247,0.785398163397446);
#35=CONICAL_SURFACE('',#4456,0.00550000000000274,0.785398163397448);
#36=CONICAL_SURFACE('',#4457,0.00515,0.785398163397446);
#37=CONICAL_SURFACE('',#4458,0.00762440973074302,0.785398163397445);
#38=CONICAL_SURFACE('',#4459,0.0242264620745037,0.785398163397448);
#39=CONICAL_SURFACE('',#4460,0.00565,0.785398163397446);
#40=CONICAL_SURFACE('',#4461,0.00565,0.785398163397448);
#41=CONICAL_SURFACE('',#4462,0.0101493975000716,0.785398163397448);
#42=CONICAL_SURFACE('',#4463,0.00519663417108429,0.785398163397448);
#43=CONICAL_SURFACE('',#4464,0.0115,0.785398163397446);
#44=CONICAL_SURFACE('',#4465,0.006,0.785398163397446);
#45=CONICAL_SURFACE('',#4466,0.00812440973074307,0.785398163397446);
#46=CONICAL_SURFACE('',#4467,0.0056035829541247,0.785398163397448);
#47=CONICAL_SURFACE('',#4468,0.00600000000000274,0.785398163397448);
#48=CONICAL_SURFACE('',#4469,0.00565,0.785398163397446);
#49=CONICAL_SURFACE('',#4470,0.00812440973074302,0.785398163397445);
#50=B_SPLINE_SURFACE_WITH_KNOTS('',3,1,((#6046,#6047),(#6048,#6049),(#6050,
#6051),(#6052,#6053)),.SURF_OF_LINEAR_EXTRUSION.,.F.,.F.,.F.,(4,4),(2,2),
(0.,1.),(0.,1.),.PIECEWISE_BEZIER_KNOTS.);
#51=B_SPLINE_SURFACE_WITH_KNOTS('',3,1,((#6061,#6062),(#6063,#6064),(#6065,
#6066),(#6067,#6068)),.SURF_OF_LINEAR_EXTRUSION.,.F.,.F.,.F.,(4,4),(2,2),
(0.,1.),(0.,1.),.PIECEWISE_BEZIER_KNOTS.);
#52=B_SPLINE_SURFACE_WITH_KNOTS('',3,1,((#6090,#6091),(#6092,#6093),(#6094,
#6095),(#6096,#6097)),.SURF_OF_LINEAR_EXTRUSION.,.F.,.F.,.F.,(4,4),(2,2),
(0.,1.),(0.,1.),.PIECEWISE_BEZIER_KNOTS.);
#53=B_SPLINE_SURFACE_WITH_KNOTS('',3,1,((#6103,#6104),(#6105,#6106),(#6107,
#6108),(#6109,#6110)),.SURF_OF_LINEAR_EXTRUSION.,.F.,.F.,.F.,(4,4),(2,2),
(0.,1.),(0.,1.),.PIECEWISE_BEZIER_KNOTS.);
#54=B_SPLINE_SURFACE_WITH_KNOTS('',3,1,((#6124,#6125),(#6126,#6127),(#6128,
#6129),(#6130,#6131)),.SURF_OF_LINEAR_EXTRUSION.,.F.,.F.,.F.,(4,4),(2,2),
(0.,1.),(0.,1.),.PIECEWISE_BEZIER_KNOTS.);
#55=B_SPLINE_SURFACE_WITH_KNOTS('',3,1,((#6137,#6138),(#6139,#6140),(#6141,
#6142),(#6143,#6144)),.SURF_OF_LINEAR_EXTRUSION.,.F.,.F.,.F.,(4,4),(2,2),
(0.,1.),(0.,1.),.PIECEWISE_BEZIER_KNOTS.);
#56=B_SPLINE_SURFACE_WITH_KNOTS('',3,1,((#6150,#6151),(#6152,#6153),(#6154,
#6155),(#6156,#6157)),.SURF_OF_LINEAR_EXTRUSION.,.F.,.F.,.F.,(4,4),(2,2),
(0.,1.),(0.,1.),.PIECEWISE_BEZIER_KNOTS.);
#57=B_SPLINE_SURFACE_WITH_KNOTS('',3,1,((#6163,#6164),(#6165,#6166),(#6167,
#6168),(#6169,#6170)),.SURF_OF_LINEAR_EXTRUSION.,.F.,.F.,.F.,(4,4),(2,2),
(0.,1.),(0.,1.),.PIECEWISE_BEZIER_KNOTS.);
#58=B_SPLINE_SURFACE_WITH_KNOTS('',3,1,((#6176,#6177),(#6178,#6179),(#6180,
#6181),(#6182,#6183)),.SURF_OF_LINEAR_EXTRUSION.,.F.,.F.,.F.,(4,4),(2,2),
(0.,1.),(0.,1.),.PIECEWISE_BEZIER_KNOTS.);
#59=B_SPLINE_SURFACE_WITH_KNOTS('',3,1,((#6196,#6197),(#6198,#6199),(#6200,
#6201),(#6202,#6203)),.SURF_OF_LINEAR_EXTRUSION.,.F.,.F.,.F.,(4,4),(2,2),
(0.,1.),(0.,1.),.PIECEWISE_BEZIER_KNOTS.);
#60=B_SPLINE_SURFACE_WITH_KNOTS('',3,1,((#6213,#6214),(#6215,#6216),(#6217,
#6218),(#6219,#6220)),.SURF_OF_LINEAR_EXTRUSION.,.F.,.F.,.F.,(4,4),(2,2),
(0.,1.),(0.,1.),.PIECEWISE_BEZIER_KNOTS.);
#61=B_SPLINE_SURFACE_WITH_KNOTS('',3,1,((#6236,#6237),(#6238,#6239),(#6240,
#6241),(#6242,#6243)),.SURF_OF_LINEAR_EXTRUSION.,.F.,.F.,.F.,(4,4),(2,2),
(0.,1.),(0.,1.),.PIECEWISE_BEZIER_KNOTS.);
#62=B_SPLINE_SURFACE_WITH_KNOTS('',3,1,((#6250,#6251),(#6252,#6253),(#6254,
#6255),(#6256,#6257)),.SURF_OF_LINEAR_EXTRUSION.,.F.,.F.,.F.,(4,4),(2,2),
(0.,1.),(0.,1.),.PIECEWISE_BEZIER_KNOTS.);
#63=B_SPLINE_SURFACE_WITH_KNOTS('',3,1,((#6263,#6264),(#6265,#6266),(#6267,
#6268),(#6269,#6270)),.SURF_OF_LINEAR_EXTRUSION.,.F.,.F.,.F.,(4,4),(2,2),
(0.,1.),(0.,1.),.PIECEWISE_BEZIER_KNOTS.);
#64=B_SPLINE_SURFACE_WITH_KNOTS('',3,1,((#6278,#6279),(#6280,#6281),(#6282,
#6283),(#6284,#6285)),.SURF_OF_LINEAR_EXTRUSION.,.F.,.F.,.F.,(4,4),(2,2),
(0.,1.),(0.,1.),.PIECEWISE_BEZIER_KNOTS.);
#65=B_SPLINE_SURFACE_WITH_KNOTS('',3,1,((#6295,#6296),(#6297,#6298),(#6299,
#6300),(#6301,#6302)),.SURF_OF_LINEAR_EXTRUSION.,.F.,.F.,.F.,(4,4),(2,2),
(0.,1.),(0.,1.),.PIECEWISE_BEZIER_KNOTS.);
#66=B_SPLINE_SURFACE_WITH_KNOTS('',3,1,((#6308,#6309),(#6310,#6311),(#6312,
#6313),(#6314,#6315)),.SURF_OF_LINEAR_EXTRUSION.,.F.,.F.,.F.,(4,4),(2,2),
(0.,1.),(0.,1.),.PIECEWISE_BEZIER_KNOTS.);
#67=B_SPLINE_SURFACE_WITH_KNOTS('',3,1,((#6321,#6322),(#6323,#6324),(#6325,
#6326),(#6327,#6328)),.SURF_OF_LINEAR_EXTRUSION.,.F.,.F.,.F.,(4,4),(2,2),
(0.,1.),(0.,1.),.PIECEWISE_BEZIER_KNOTS.);
#68=B_SPLINE_SURFACE_WITH_KNOTS('',3,1,((#6334,#6335),(#6336,#6337),(#6338,
#6339),(#6340,#6341)),.SURF_OF_LINEAR_EXTRUSION.,.F.,.F.,.F.,(4,4),(2,2),
(0.,1.),(0.,1.),.PIECEWISE_BEZIER_KNOTS.);
#69=B_SPLINE_SURFACE_WITH_KNOTS('',3,1,((#6351,#6352),(#6353,#6354),(#6355,
#6356),(#6357,#6358)),.SURF_OF_LINEAR_EXTRUSION.,.F.,.F.,.F.,(4,4),(2,2),
(0.,1.),(0.,1.),.PIECEWISE_BEZIER_KNOTS.);
#70=B_SPLINE_SURFACE_WITH_KNOTS('',3,1,((#6364,#6365),(#6366,#6367),(#6368,
#6369),(#6370,#6371)),.SURF_OF_LINEAR_EXTRUSION.,.F.,.F.,.F.,(4,4),(2,2),
(0.,1.),(0.,1.),.PIECEWISE_BEZIER_KNOTS.);
#71=B_SPLINE_SURFACE_WITH_KNOTS('',3,1,((#6384,#6385),(#6386,#6387),(#6388,
#6389),(#6390,#6391)),.SURF_OF_LINEAR_EXTRUSION.,.F.,.F.,.F.,(4,4),(2,2),
(0.,1.),(0.,1.),.PIECEWISE_BEZIER_KNOTS.);
#72=B_SPLINE_SURFACE_WITH_KNOTS('',3,1,((#6401,#6402),(#6403,#6404),(#6405,
#6406),(#6407,#6408)),.SURF_OF_LINEAR_EXTRUSION.,.F.,.F.,.F.,(4,4),(2,2),
(0.,1.),(0.,1.),.PIECEWISE_BEZIER_KNOTS.);
#73=B_SPLINE_SURFACE_WITH_KNOTS('',3,1,((#6418,#6419),(#6420,#6421),(#6422,
#6423),(#6424,#6425)),.SURF_OF_LINEAR_EXTRUSION.,.F.,.F.,.F.,(4,4),(2,2),
(0.,1.),(0.,1.),.PIECEWISE_BEZIER_KNOTS.);
#74=B_SPLINE_SURFACE_WITH_KNOTS('',3,1,((#6435,#6436),(#6437,#6438),(#6439,
#6440),(#6441,#6442)),.SURF_OF_LINEAR_EXTRUSION.,.F.,.F.,.F.,(4,4),(2,2),
(0.,1.),(0.,1.),.PIECEWISE_BEZIER_KNOTS.);
#75=B_SPLINE_SURFACE_WITH_KNOTS('',3,1,((#6452,#6453),(#6454,#6455),(#6456,
#6457),(#6458,#6459)),.SURF_OF_LINEAR_EXTRUSION.,.F.,.F.,.F.,(4,4),(2,2),
(0.,1.),(0.,1.),.PIECEWISE_BEZIER_KNOTS.);
#76=B_SPLINE_SURFACE_WITH_KNOTS('',3,1,((#6469,#6470),(#6471,#6472),(#6473,
#6474),(#6475,#6476)),.SURF_OF_LINEAR_EXTRUSION.,.F.,.F.,.F.,(4,4),(2,2),
(0.,1.),(0.,1.),.PIECEWISE_BEZIER_KNOTS.);
#77=B_SPLINE_SURFACE_WITH_KNOTS('',3,1,((#6486,#6487),(#6488,#6489),(#6490,
#6491),(#6492,#6493)),.SURF_OF_LINEAR_EXTRUSION.,.F.,.F.,.F.,(4,4),(2,2),
(0.,1.),(0.,1.),.PIECEWISE_BEZIER_KNOTS.);
#78=B_SPLINE_SURFACE_WITH_KNOTS('',3,1,((#6500,#6501),(#6502,#6503),(#6504,
#6505),(#6506,#6507)),.SURF_OF_LINEAR_EXTRUSION.,.F.,.F.,.F.,(4,4),(2,2),
(0.,1.),(0.,1.),.PIECEWISE_BEZIER_KNOTS.);
#79=B_SPLINE_SURFACE_WITH_KNOTS('',3,1,((#6535,#6536),(#6537,#6538),(#6539,
#6540),(#6541,#6542)),.SURF_OF_LINEAR_EXTRUSION.,.F.,.F.,.F.,(4,4),(2,2),
(0.,1.),(0.,1.),.PIECEWISE_BEZIER_KNOTS.);
#80=B_SPLINE_SURFACE_WITH_KNOTS('',3,1,((#6552,#6553),(#6554,#6555),(#6556,
#6557),(#6558,#6559)),.SURF_OF_LINEAR_EXTRUSION.,.F.,.F.,.F.,(4,4),(2,2),
(0.,1.),(0.,1.),.PIECEWISE_BEZIER_KNOTS.);
#81=B_SPLINE_SURFACE_WITH_KNOTS('',3,1,((#6565,#6566),(#6567,#6568),(#6569,
#6570),(#6571,#6572)),.SURF_OF_LINEAR_EXTRUSION.,.F.,.F.,.F.,(4,4),(2,2),
(0.,1.),(0.,1.),.PIECEWISE_BEZIER_KNOTS.);
#82=B_SPLINE_SURFACE_WITH_KNOTS('',3,1,((#6607,#6608),(#6609,#6610),(#6611,
#6612),(#6613,#6614)),.SURF_OF_LINEAR_EXTRUSION.,.F.,.F.,.F.,(4,4),(2,2),
(0.,1.),(0.,1.),.PIECEWISE_BEZIER_KNOTS.);
#83=B_SPLINE_SURFACE_WITH_KNOTS('',3,1,((#6624,#6625),(#6626,#6627),(#6628,
#6629),(#6630,#6631)),.SURF_OF_LINEAR_EXTRUSION.,.F.,.F.,.F.,(4,4),(2,2),
(0.,1.),(0.,1.),.PIECEWISE_BEZIER_KNOTS.);
#84=B_SPLINE_SURFACE_WITH_KNOTS('',3,1,((#6641,#6642),(#6643,#6644),(#6645,
#6646),(#6647,#6648)),.SURF_OF_LINEAR_EXTRUSION.,.F.,.F.,.F.,(4,4),(2,2),
(0.,1.),(0.,1.),.PIECEWISE_BEZIER_KNOTS.);
#85=B_SPLINE_SURFACE_WITH_KNOTS('',3,1,((#6658,#6659),(#6660,#6661),(#6662,
#6663),(#6664,#6665)),.SURF_OF_LINEAR_EXTRUSION.,.F.,.F.,.F.,(4,4),(2,2),
(0.,1.),(0.,1.),.PIECEWISE_BEZIER_KNOTS.);
#86=B_SPLINE_SURFACE_WITH_KNOTS('',3,1,((#6676,#6677),(#6678,#6679),(#6680,
#6681),(#6682,#6683)),.SURF_OF_LINEAR_EXTRUSION.,.F.,.F.,.F.,(4,4),(2,2),
(0.,1.),(0.,1.),.PIECEWISE_BEZIER_KNOTS.);
#87=B_SPLINE_SURFACE_WITH_KNOTS('',3,1,((#6691,#6692),(#6693,#6694),(#6695,
#6696),(#6697,#6698)),.SURF_OF_LINEAR_EXTRUSION.,.F.,.F.,.F.,(4,4),(2,2),
(0.,1.),(0.,1.),.PIECEWISE_BEZIER_KNOTS.);
#88=B_SPLINE_SURFACE_WITH_KNOTS('',3,1,((#6720,#6721),(#6722,#6723),(#6724,
#6725),(#6726,#6727)),.SURF_OF_LINEAR_EXTRUSION.,.F.,.F.,.F.,(4,4),(2,2),
(0.,1.),(0.,1.),.PIECEWISE_BEZIER_KNOTS.);
#89=B_SPLINE_SURFACE_WITH_KNOTS('',3,1,((#6733,#6734),(#6735,#6736),(#6737,
#6738),(#6739,#6740)),.SURF_OF_LINEAR_EXTRUSION.,.F.,.F.,.F.,(4,4),(2,2),
(0.,1.),(0.,1.),.PIECEWISE_BEZIER_KNOTS.);
#90=B_SPLINE_SURFACE_WITH_KNOTS('',3,1,((#6758,#6759),(#6760,#6761),(#6762,
#6763),(#6764,#6765)),.SURF_OF_LINEAR_EXTRUSION.,.F.,.F.,.F.,(4,4),(2,2),
(0.,1.),(0.,1.),.PIECEWISE_BEZIER_KNOTS.);
#91=B_SPLINE_SURFACE_WITH_KNOTS('',3,1,((#6771,#6772),(#6773,#6774),(#6775,
#6776),(#6777,#6778)),.SURF_OF_LINEAR_EXTRUSION.,.F.,.F.,.F.,(4,4),(2,2),
(0.,1.),(0.,1.),.PIECEWISE_BEZIER_KNOTS.);
#92=B_SPLINE_SURFACE_WITH_KNOTS('',3,1,((#6784,#6785),(#6786,#6787),(#6788,
#6789),(#6790,#6791)),.SURF_OF_LINEAR_EXTRUSION.,.F.,.F.,.F.,(4,4),(2,2),
(0.,1.),(0.,1.),.PIECEWISE_BEZIER_KNOTS.);
#93=B_SPLINE_SURFACE_WITH_KNOTS('',3,1,((#6834,#6835),(#6836,#6837),(#6838,
#6839),(#6840,#6841)),.SURF_OF_LINEAR_EXTRUSION.,.F.,.F.,.F.,(4,4),(2,2),
(0.,1.),(0.,1.),.PIECEWISE_BEZIER_KNOTS.);
#94=B_SPLINE_SURFACE_WITH_KNOTS('',3,1,((#6847,#6848),(#6849,#6850),(#6851,
#6852),(#6853,#6854)),.SURF_OF_LINEAR_EXTRUSION.,.F.,.F.,.F.,(4,4),(2,2),
(0.,1.),(0.,1.),.PIECEWISE_BEZIER_KNOTS.);
#95=B_SPLINE_SURFACE_WITH_KNOTS('',3,1,((#6877,#6878),(#6879,#6880),(#6881,
#6882),(#6883,#6884)),.SURF_OF_LINEAR_EXTRUSION.,.F.,.F.,.F.,(4,4),(2,2),
(0.,1.),(0.,1.),.PIECEWISE_BEZIER_KNOTS.);
#96=B_SPLINE_SURFACE_WITH_KNOTS('',3,1,((#6958,#6959),(#6960,#6961),(#6962,
#6963),(#6964,#6965)),.SURF_OF_LINEAR_EXTRUSION.,.F.,.F.,.F.,(4,4),(2,2),
(0.,1.),(0.,1.),.PIECEWISE_BEZIER_KNOTS.);
#97=B_SPLINE_SURFACE_WITH_KNOTS('',3,1,((#6978,#6979),(#6980,#6981),(#6982,
#6983),(#6984,#6985)),.SURF_OF_LINEAR_EXTRUSION.,.F.,.F.,.F.,(4,4),(2,2),
(0.,1.),(0.,1.),.PIECEWISE_BEZIER_KNOTS.);
#98=B_SPLINE_SURFACE_WITH_KNOTS('',3,1,((#6995,#6996),(#6997,#6998),(#6999,
#7000),(#7001,#7002)),.SURF_OF_LINEAR_EXTRUSION.,.F.,.F.,.F.,(4,4),(2,2),
(0.,1.),(0.,1.),.PIECEWISE_BEZIER_KNOTS.);
#99=B_SPLINE_SURFACE_WITH_KNOTS('',3,1,((#7012,#7013),(#7014,#7015),(#7016,
#7017),(#7018,#7019)),.SURF_OF_LINEAR_EXTRUSION.,.F.,.F.,.F.,(4,4),(2,2),
(0.,1.),(0.,1.),.PIECEWISE_BEZIER_KNOTS.);
#100=B_SPLINE_SURFACE_WITH_KNOTS('',3,1,((#7029,#7030),(#7031,#7032),(#7033,
#7034),(#7035,#7036)),.SURF_OF_LINEAR_EXTRUSION.,.F.,.F.,.F.,(4,4),(2,2),
(0.,1.),(0.,1.),.PIECEWISE_BEZIER_KNOTS.);
#101=B_SPLINE_SURFACE_WITH_KNOTS('',3,1,((#7046,#7047),(#7048,#7049),(#7050,
#7051),(#7052,#7053)),.SURF_OF_LINEAR_EXTRUSION.,.F.,.F.,.F.,(4,4),(2,2),
(0.,1.),(0.,1.),.PIECEWISE_BEZIER_KNOTS.);
#102=B_SPLINE_SURFACE_WITH_KNOTS('',3,1,((#7063,#7064),(#7065,#7066),(#7067,
#7068),(#7069,#7070)),.SURF_OF_LINEAR_EXTRUSION.,.F.,.F.,.F.,(4,4),(2,2),
(0.,1.),(0.,1.),.PIECEWISE_BEZIER_KNOTS.);
#103=B_SPLINE_SURFACE_WITH_KNOTS('',3,1,((#7080,#7081),(#7082,#7083),(#7084,
#7085),(#7086,#7087)),.SURF_OF_LINEAR_EXTRUSION.,.F.,.F.,.F.,(4,4),(2,2),
(0.,1.),(0.,1.),.PIECEWISE_BEZIER_KNOTS.);
#104=B_SPLINE_SURFACE_WITH_KNOTS('',3,1,((#7095,#7096),(#7097,#7098),(#7099,
#7100),(#7101,#7102)),.SURF_OF_LINEAR_EXTRUSION.,.F.,.F.,.F.,(4,4),(2,2),
(0.,1.),(0.,1.),.PIECEWISE_BEZIER_KNOTS.);
#105=B_SPLINE_SURFACE_WITH_KNOTS('',3,1,((#7108,#7109),(#7110,#7111),(#7112,
#7113),(#7114,#7115)),.SURF_OF_LINEAR_EXTRUSION.,.F.,.F.,.F.,(4,4),(2,2),
(0.,1.),(0.,1.),.PIECEWISE_BEZIER_KNOTS.);
#106=B_SPLINE_SURFACE_WITH_KNOTS('',3,1,((#7121,#7122),(#7123,#7124),(#7125,
#7126),(#7127,#7128)),.SURF_OF_LINEAR_EXTRUSION.,.F.,.F.,.F.,(4,4),(2,2),
(0.,1.),(0.,1.),.PIECEWISE_BEZIER_KNOTS.);
#107=B_SPLINE_SURFACE_WITH_KNOTS('',3,1,((#7134,#7135),(#7136,#7137),(#7138,
#7139),(#7140,#7141)),.SURF_OF_LINEAR_EXTRUSION.,.F.,.F.,.F.,(4,4),(2,2),
(0.,1.),(0.,1.),.PIECEWISE_BEZIER_KNOTS.);
#108=B_SPLINE_SURFACE_WITH_KNOTS('',3,1,((#7147,#7148),(#7149,#7150),(#7151,
#7152),(#7153,#7154)),.SURF_OF_LINEAR_EXTRUSION.,.F.,.F.,.F.,(4,4),(2,2),
(0.,1.),(0.,1.),.PIECEWISE_BEZIER_KNOTS.);
#109=B_SPLINE_SURFACE_WITH_KNOTS('',3,1,((#7160,#7161),(#7162,#7163),(#7164,
#7165),(#7166,#7167)),.SURF_OF_LINEAR_EXTRUSION.,.F.,.F.,.F.,(4,4),(2,2),
(0.,1.),(0.,1.),.PIECEWISE_BEZIER_KNOTS.);
#110=B_SPLINE_SURFACE_WITH_KNOTS('',3,1,((#7173,#7174),(#7175,#7176),(#7177,
#7178),(#7179,#7180)),.SURF_OF_LINEAR_EXTRUSION.,.F.,.F.,.F.,(4,4),(2,2),
(0.,1.),(0.,1.),.PIECEWISE_BEZIER_KNOTS.);
#111=B_SPLINE_SURFACE_WITH_KNOTS('',3,1,((#7184,#7185),(#7186,#7187),(#7188,
#7189),(#7190,#7191)),.SURF_OF_LINEAR_EXTRUSION.,.F.,.F.,.F.,(4,4),(2,2),
(0.,1.),(0.,1.),.PIECEWISE_BEZIER_KNOTS.);
#112=B_SPLINE_SURFACE_WITH_KNOTS('',3,1,((#7199,#7200),(#7201,#7202),(#7203,
#7204),(#7205,#7206)),.SURF_OF_LINEAR_EXTRUSION.,.F.,.F.,.F.,(4,4),(2,2),
(0.,1.),(0.,1.),.PIECEWISE_BEZIER_KNOTS.);
#113=B_SPLINE_SURFACE_WITH_KNOTS('',3,1,((#7226,#7227),(#7228,#7229),(#7230,
#7231),(#7232,#7233)),.SURF_OF_LINEAR_EXTRUSION.,.F.,.F.,.F.,(4,4),(2,2),
(0.,1.),(0.,1.),.PIECEWISE_BEZIER_KNOTS.);
#114=B_SPLINE_SURFACE_WITH_KNOTS('',3,1,((#7239,#7240),(#7241,#7242),(#7243,
#7244),(#7245,#7246)),.SURF_OF_LINEAR_EXTRUSION.,.F.,.F.,.F.,(4,4),(2,2),
(0.,1.),(0.,1.),.PIECEWISE_BEZIER_KNOTS.);
#115=B_SPLINE_SURFACE_WITH_KNOTS('',3,1,((#7252,#7253),(#7254,#7255),(#7256,
#7257),(#7258,#7259)),.SURF_OF_LINEAR_EXTRUSION.,.F.,.F.,.F.,(4,4),(2,2),
(0.,1.),(0.,1.),.PIECEWISE_BEZIER_KNOTS.);
#116=B_SPLINE_SURFACE_WITH_KNOTS('',3,1,((#7265,#7266),(#7267,#7268),(#7269,
#7270),(#7271,#7272)),.SURF_OF_LINEAR_EXTRUSION.,.F.,.F.,.F.,(4,4),(2,2),
(0.,1.),(0.,1.),.PIECEWISE_BEZIER_KNOTS.);
#117=B_SPLINE_SURFACE_WITH_KNOTS('',3,1,((#7278,#7279),(#7280,#7281),(#7282,
#7283),(#7284,#7285)),.SURF_OF_LINEAR_EXTRUSION.,.F.,.F.,.F.,(4,4),(2,2),
(0.,1.),(0.,1.),.PIECEWISE_BEZIER_KNOTS.);
#118=B_SPLINE_SURFACE_WITH_KNOTS('',3,1,((#7291,#7292),(#7293,#7294),(#7295,
#7296),(#7297,#7298)),.SURF_OF_LINEAR_EXTRUSION.,.F.,.F.,.F.,(4,4),(2,2),
(0.,1.),(0.,1.),.PIECEWISE_BEZIER_KNOTS.);
#119=B_SPLINE_SURFACE_WITH_KNOTS('',3,1,((#7304,#7305),(#7306,#7307),(#7308,
#7309),(#7310,#7311)),.SURF_OF_LINEAR_EXTRUSION.,.F.,.F.,.F.,(4,4),(2,2),
(0.,1.),(0.,1.),.PIECEWISE_BEZIER_KNOTS.);
#120=B_SPLINE_SURFACE_WITH_KNOTS('',3,1,((#7321,#7322),(#7323,#7324),(#7325,
#7326),(#7327,#7328)),.SURF_OF_LINEAR_EXTRUSION.,.F.,.F.,.F.,(4,4),(2,2),
(0.,1.),(0.,1.),.PIECEWISE_BEZIER_KNOTS.);
#121=B_SPLINE_SURFACE_WITH_KNOTS('',3,1,((#7334,#7335),(#7336,#7337),(#7338,
#7339),(#7340,#7341)),.SURF_OF_LINEAR_EXTRUSION.,.F.,.F.,.F.,(4,4),(2,2),
(0.,1.),(0.,1.),.PIECEWISE_BEZIER_KNOTS.);
#122=B_SPLINE_SURFACE_WITH_KNOTS('',3,1,((#7347,#7348),(#7349,#7350),(#7351,
#7352),(#7353,#7354)),.SURF_OF_LINEAR_EXTRUSION.,.F.,.F.,.F.,(4,4),(2,2),
(0.,1.),(0.,1.),.PIECEWISE_BEZIER_KNOTS.);
#123=B_SPLINE_CURVE_WITH_KNOTS('',2,(#5483,#5484,#5485),.UNSPECIFIED.,.F.,
 .F.,(3,3),(0.,1.),.PIECEWISE_BEZIER_KNOTS.);
#124=B_SPLINE_CURVE_WITH_KNOTS('',2,(#5495,#5496,#5497),.UNSPECIFIED.,.F.,
 .F.,(3,3),(0.,1.),.PIECEWISE_BEZIER_KNOTS.);
#125=B_SPLINE_CURVE_WITH_KNOTS('',2,(#5499,#5500,#5501),.UNSPECIFIED.,.F.,
 .F.,(3,3),(0.,1.),.PIECEWISE_BEZIER_KNOTS.);
#126=B_SPLINE_CURVE_WITH_KNOTS('',2,(#5516,#5517,#5518),.UNSPECIFIED.,.F.,
 .F.,(3,3),(0.,1.),.PIECEWISE_BEZIER_KNOTS.);
#127=B_SPLINE_CURVE_WITH_KNOTS('',2,(#5521,#5522,#5523),.UNSPECIFIED.,.F.,
 .F.,(3,3),(0.,1.),.PIECEWISE_BEZIER_KNOTS.);
#128=B_SPLINE_CURVE_WITH_KNOTS('',2,(#5525,#5526,#5527),.UNSPECIFIED.,.F.,
 .F.,(3,3),(0.,1.),.PIECEWISE_BEZIER_KNOTS.);
#129=B_SPLINE_CURVE_WITH_KNOTS('',2,(#5529,#5530,#5531),.UNSPECIFIED.,.F.,
 .F.,(3,3),(0.,1.),.PIECEWISE_BEZIER_KNOTS.);
#130=B_SPLINE_CURVE_WITH_KNOTS('',2,(#5533,#5534,#5535),.UNSPECIFIED.,.F.,
 .F.,(3,3),(0.,1.),.PIECEWISE_BEZIER_KNOTS.);
#131=B_SPLINE_CURVE_WITH_KNOTS('',2,(#5543,#5544,#5545),.UNSPECIFIED.,.F.,
 .F.,(3,3),(0.,1.),.PIECEWISE_BEZIER_KNOTS.);
#132=B_SPLINE_CURVE_WITH_KNOTS('',2,(#5547,#5548,#5549),.UNSPECIFIED.,.F.,
 .F.,(3,3),(0.,1.),.PIECEWISE_BEZIER_KNOTS.);
#133=B_SPLINE_CURVE_WITH_KNOTS('',2,(#5569,#5570,#5571),.UNSPECIFIED.,.F.,
 .F.,(3,3),(0.,1.),.PIECEWISE_BEZIER_KNOTS.);
#134=B_SPLINE_CURVE_WITH_KNOTS('',2,(#5573,#5574,#5575),.UNSPECIFIED.,.F.,
 .F.,(3,3),(0.,1.),.PIECEWISE_BEZIER_KNOTS.);
#135=B_SPLINE_CURVE_WITH_KNOTS('',2,(#5579,#5580,#5581),.UNSPECIFIED.,.F.,
 .F.,(3,3),(0.,1.),.PIECEWISE_BEZIER_KNOTS.);
#136=B_SPLINE_CURVE_WITH_KNOTS('',2,(#5588,#5589,#5590),.UNSPECIFIED.,.F.,
 .F.,(3,3),(0.,1.),.PIECEWISE_BEZIER_KNOTS.);
#137=B_SPLINE_CURVE_WITH_KNOTS('',2,(#5593,#5594,#5595),.UNSPECIFIED.,.F.,
 .F.,(3,3),(0.,1.),.PIECEWISE_BEZIER_KNOTS.);
#138=B_SPLINE_CURVE_WITH_KNOTS('',2,(#5597,#5598,#5599),.UNSPECIFIED.,.F.,
 .F.,(3,3),(0.,1.),.PIECEWISE_BEZIER_KNOTS.);
#139=B_SPLINE_CURVE_WITH_KNOTS('',2,(#5601,#5602,#5603),.UNSPECIFIED.,.F.,
 .F.,(3,3),(0.,1.),.PIECEWISE_BEZIER_KNOTS.);
#140=B_SPLINE_CURVE_WITH_KNOTS('',2,(#5607,#5608,#5609),.UNSPECIFIED.,.F.,
 .F.,(3,3),(0.,1.),.PIECEWISE_BEZIER_KNOTS.);
#141=B_SPLINE_CURVE_WITH_KNOTS('',2,(#5611,#5612,#5613),.UNSPECIFIED.,.F.,
 .F.,(3,3),(0.,1.),.PIECEWISE_BEZIER_KNOTS.);
#142=B_SPLINE_CURVE_WITH_KNOTS('',2,(#5615,#5616,#5617),.UNSPECIFIED.,.F.,
 .F.,(3,3),(0.,1.),.PIECEWISE_BEZIER_KNOTS.);
#143=B_SPLINE_CURVE_WITH_KNOTS('',2,(#5619,#5620,#5621),.UNSPECIFIED.,.F.,
 .F.,(3,3),(0.,1.),.PIECEWISE_BEZIER_KNOTS.);
#144=B_SPLINE_CURVE_WITH_KNOTS('',2,(#5624,#5625,#5626),.UNSPECIFIED.,.F.,
 .F.,(3,3),(0.,1.),.PIECEWISE_BEZIER_KNOTS.);
#145=B_SPLINE_CURVE_WITH_KNOTS('',2,(#5629,#5630,#5631),.UNSPECIFIED.,.F.,
 .F.,(3,3),(0.,1.),.PIECEWISE_BEZIER_KNOTS.);
#146=B_SPLINE_CURVE_WITH_KNOTS('',2,(#5633,#5634,#5635),.UNSPECIFIED.,.F.,
 .F.,(3,3),(0.,1.),.PIECEWISE_BEZIER_KNOTS.);
#147=B_SPLINE_CURVE_WITH_KNOTS('',2,(#5637,#5638,#5639),.UNSPECIFIED.,.F.,
 .F.,(3,3),(0.,1.),.PIECEWISE_BEZIER_KNOTS.);
#148=B_SPLINE_CURVE_WITH_KNOTS('',2,(#5641,#5642,#5643),.UNSPECIFIED.,.F.,
 .F.,(3,3),(0.,1.),.PIECEWISE_BEZIER_KNOTS.);
#149=B_SPLINE_CURVE_WITH_KNOTS('',2,(#5645,#5646,#5647),.UNSPECIFIED.,.F.,
 .F.,(3,3),(0.,1.),.PIECEWISE_BEZIER_KNOTS.);
#150=B_SPLINE_CURVE_WITH_KNOTS('',2,(#5649,#5650,#5651),.UNSPECIFIED.,.F.,
 .F.,(3,3),(0.,1.),.PIECEWISE_BEZIER_KNOTS.);
#151=B_SPLINE_CURVE_WITH_KNOTS('',2,(#5657,#5658,#5659),.UNSPECIFIED.,.F.,
 .F.,(3,3),(0.,1.),.PIECEWISE_BEZIER_KNOTS.);
#152=B_SPLINE_CURVE_WITH_KNOTS('',2,(#5661,#5662,#5663),.UNSPECIFIED.,.F.,
 .F.,(3,3),(0.,1.),.PIECEWISE_BEZIER_KNOTS.);
#153=B_SPLINE_CURVE_WITH_KNOTS('',2,(#5694,#5695,#5696),.UNSPECIFIED.,.F.,
 .F.,(3,3),(0.,1.),.PIECEWISE_BEZIER_KNOTS.);
#154=B_SPLINE_CURVE_WITH_KNOTS('',2,(#5699,#5700,#5701),.UNSPECIFIED.,.F.,
 .F.,(3,3),(0.,1.),.PIECEWISE_BEZIER_KNOTS.);
#155=B_SPLINE_CURVE_WITH_KNOTS('',2,(#5703,#5704,#5705),.UNSPECIFIED.,.F.,
 .F.,(3,3),(0.,1.),.PIECEWISE_BEZIER_KNOTS.);
#156=B_SPLINE_CURVE_WITH_KNOTS('',2,(#5707,#5708,#5709),.UNSPECIFIED.,.F.,
 .F.,(3,3),(0.,1.),.PIECEWISE_BEZIER_KNOTS.);
#157=B_SPLINE_CURVE_WITH_KNOTS('',2,(#5711,#5712,#5713),.UNSPECIFIED.,.F.,
 .F.,(3,3),(0.,1.),.PIECEWISE_BEZIER_KNOTS.);
#158=B_SPLINE_CURVE_WITH_KNOTS('',2,(#5715,#5716,#5717),.UNSPECIFIED.,.F.,
 .F.,(3,3),(0.,1.),.PIECEWISE_BEZIER_KNOTS.);
#159=B_SPLINE_CURVE_WITH_KNOTS('',2,(#5719,#5720,#5721),.UNSPECIFIED.,.F.,
 .F.,(3,3),(0.,1.),.PIECEWISE_BEZIER_KNOTS.);
#160=B_SPLINE_CURVE_WITH_KNOTS('',2,(#5723,#5724,#5725),.UNSPECIFIED.,.F.,
 .F.,(3,3),(0.,1.),.PIECEWISE_BEZIER_KNOTS.);
#161=B_SPLINE_CURVE_WITH_KNOTS('',2,(#5729,#5730,#5731),.UNSPECIFIED.,.F.,
 .F.,(3,3),(0.,1.),.PIECEWISE_BEZIER_KNOTS.);
#162=B_SPLINE_CURVE_WITH_KNOTS('',2,(#5733,#5734,#5735),.UNSPECIFIED.,.F.,
 .F.,(3,3),(0.,1.),.PIECEWISE_BEZIER_KNOTS.);
#163=B_SPLINE_CURVE_WITH_KNOTS('',2,(#5737,#5738,#5739),.UNSPECIFIED.,.F.,
 .F.,(3,3),(0.,1.),.PIECEWISE_BEZIER_KNOTS.);
#164=B_SPLINE_CURVE_WITH_KNOTS('',2,(#5741,#5742,#5743),.UNSPECIFIED.,.F.,
 .F.,(3,3),(0.,1.),.PIECEWISE_BEZIER_KNOTS.);
#165=B_SPLINE_CURVE_WITH_KNOTS('',2,(#5747,#5748,#5749),.UNSPECIFIED.,.F.,
 .F.,(3,3),(0.,1.),.PIECEWISE_BEZIER_KNOTS.);
#166=B_SPLINE_CURVE_WITH_KNOTS('',2,(#5751,#5752,#5753),.UNSPECIFIED.,.F.,
 .F.,(3,3),(0.,1.),.PIECEWISE_BEZIER_KNOTS.);
#167=B_SPLINE_CURVE_WITH_KNOTS('',2,(#5755,#5756,#5757),.UNSPECIFIED.,.F.,
 .F.,(3,3),(0.,1.),.PIECEWISE_BEZIER_KNOTS.);
#168=B_SPLINE_CURVE_WITH_KNOTS('',2,(#5759,#5760,#5761),.UNSPECIFIED.,.F.,
 .F.,(3,3),(0.,1.),.PIECEWISE_BEZIER_KNOTS.);
#169=B_SPLINE_CURVE_WITH_KNOTS('',2,(#5763,#5764,#5765),.UNSPECIFIED.,.F.,
 .F.,(3,3),(0.,1.),.PIECEWISE_BEZIER_KNOTS.);
#170=B_SPLINE_CURVE_WITH_KNOTS('',2,(#5767,#5768,#5769),.UNSPECIFIED.,.F.,
 .F.,(3,3),(0.,1.),.PIECEWISE_BEZIER_KNOTS.);
#171=B_SPLINE_CURVE_WITH_KNOTS('',2,(#5771,#5772,#5773),.UNSPECIFIED.,.F.,
 .F.,(3,3),(0.,1.),.PIECEWISE_BEZIER_KNOTS.);
#172=B_SPLINE_CURVE_WITH_KNOTS('',3,(#5866,#5867,#5868,#5869),
 .UNSPECIFIED.,.F.,.F.,(4,4),(0.,5.00590423259445E-6),.UNSPECIFIED.);
#173=B_SPLINE_CURVE_WITH_KNOTS('',3,(#5870,#5871,#5872,#5873),
 .UNSPECIFIED.,.F.,.F.,(4,4),(0.,5.00590421127366E-6),.UNSPECIFIED.);
#174=B_SPLINE_CURVE_WITH_KNOTS('',3,(#5878,#5879,#5880,#5881),
 .UNSPECIFIED.,.F.,.F.,(4,4),(4.77048955893622E-18,0.000152547216221574),
 .UNSPECIFIED.);
#175=B_SPLINE_CURVE_WITH_KNOTS('',3,(#5882,#5883,#5884,#5885),
 .UNSPECIFIED.,.F.,.F.,(4,4),(0.,0.00015254721622157),.UNSPECIFIED.);
#176=B_SPLINE_CURVE_WITH_KNOTS('',2,(#6056,#6057,#6058),.UNSPECIFIED.,.F.,
 .F.,(3,3),(0.,1.),.PIECEWISE_BEZIER_KNOTS.);
#177=B_SPLINE_CURVE_WITH_KNOTS('',2,(#6071,#6072,#6073),.UNSPECIFIED.,.F.,
 .F.,(3,3),(0.,1.),.PIECEWISE_BEZIER_KNOTS.);
#178=B_SPLINE_CURVE_WITH_KNOTS('',2,(#6100,#6101,#6102),.UNSPECIFIED.,.F.,
 .F.,(3,3),(0.,1.),.PIECEWISE_BEZIER_KNOTS.);
#179=B_SPLINE_CURVE_WITH_KNOTS('',2,(#6113,#6114,#6115),.UNSPECIFIED.,.F.,
 .F.,(3,3),(0.,1.),.PIECEWISE_BEZIER_KNOTS.);
#180=B_SPLINE_CURVE_WITH_KNOTS('',2,(#6134,#6135,#6136),.UNSPECIFIED.,.F.,
 .F.,(3,3),(0.,1.),.PIECEWISE_BEZIER_KNOTS.);
#181=B_SPLINE_CURVE_WITH_KNOTS('',2,(#6147,#6148,#6149),.UNSPECIFIED.,.F.,
 .F.,(3,3),(0.,1.),.PIECEWISE_BEZIER_KNOTS.);
#182=B_SPLINE_CURVE_WITH_KNOTS('',2,(#6160,#6161,#6162),.UNSPECIFIED.,.F.,
 .F.,(3,3),(0.,1.),.PIECEWISE_BEZIER_KNOTS.);
#183=B_SPLINE_CURVE_WITH_KNOTS('',2,(#6173,#6174,#6175),.UNSPECIFIED.,.F.,
 .F.,(3,3),(0.,1.),.PIECEWISE_BEZIER_KNOTS.);
#184=B_SPLINE_CURVE_WITH_KNOTS('',2,(#6184,#6185,#6186),.UNSPECIFIED.,.F.,
 .F.,(3,3),(0.,1.),.PIECEWISE_BEZIER_KNOTS.);
#185=B_SPLINE_CURVE_WITH_KNOTS('',2,(#6191,#6192,#6193),.UNSPECIFIED.,.F.,
 .F.,(3,3),(0.,1.),.PIECEWISE_BEZIER_KNOTS.);
#186=B_SPLINE_CURVE_WITH_KNOTS('',2,(#6204,#6205,#6206),.UNSPECIFIED.,.F.,
 .F.,(3,3),(0.,1.),.PIECEWISE_BEZIER_KNOTS.);
#187=B_SPLINE_CURVE_WITH_KNOTS('',2,(#6210,#6211,#6212),.UNSPECIFIED.,.F.,
 .F.,(3,3),(0.,1.),.PIECEWISE_BEZIER_KNOTS.);
#188=B_SPLINE_CURVE_WITH_KNOTS('',2,(#6221,#6222,#6223),.UNSPECIFIED.,.F.,
 .F.,(3,3),(0.,1.),.PIECEWISE_BEZIER_KNOTS.);
#189=B_SPLINE_CURVE_WITH_KNOTS('',2,(#6227,#6228,#6229),.UNSPECIFIED.,.F.,
 .F.,(3,3),(0.,1.),.PIECEWISE_BEZIER_KNOTS.);
#190=B_SPLINE_CURVE_WITH_KNOTS('',2,(#6244,#6245,#6246),.UNSPECIFIED.,.F.,
 .F.,(3,3),(0.,1.),.PIECEWISE_BEZIER_KNOTS.);
#191=B_SPLINE_CURVE_WITH_KNOTS('',2,(#6247,#6248,#6249),.UNSPECIFIED.,.F.,
 .F.,(3,3),(0.,1.),.PIECEWISE_BEZIER_KNOTS.);
#192=B_SPLINE_CURVE_WITH_KNOTS('',2,(#6258,#6259,#6260),.UNSPECIFIED.,.F.,
 .F.,(3,3),(0.,1.),.PIECEWISE_BEZIER_KNOTS.);
#193=B_SPLINE_CURVE_WITH_KNOTS('',2,(#6273,#6274,#6275),.UNSPECIFIED.,.F.,
 .F.,(3,3),(0.,1.),.PIECEWISE_BEZIER_KNOTS.);
#194=B_SPLINE_CURVE_WITH_KNOTS('',2,(#6288,#6289,#6290),.UNSPECIFIED.,.F.,
 .F.,(3,3),(0.,1.),.PIECEWISE_BEZIER_KNOTS.);
#195=B_SPLINE_CURVE_WITH_KNOTS('',2,(#6305,#6306,#6307),.UNSPECIFIED.,.F.,
 .F.,(3,3),(0.,1.),.PIECEWISE_BEZIER_KNOTS.);
#196=B_SPLINE_CURVE_WITH_KNOTS('',2,(#6318,#6319,#6320),.UNSPECIFIED.,.F.,
 .F.,(3,3),(0.,1.),.PIECEWISE_BEZIER_KNOTS.);
#197=B_SPLINE_CURVE_WITH_KNOTS('',2,(#6331,#6332,#6333),.UNSPECIFIED.,.F.,
 .F.,(3,3),(0.,1.),.PIECEWISE_BEZIER_KNOTS.);
#198=B_SPLINE_CURVE_WITH_KNOTS('',2,(#6344,#6345,#6346),.UNSPECIFIED.,.F.,
 .F.,(3,3),(0.,1.),.PIECEWISE_BEZIER_KNOTS.);
#199=B_SPLINE_CURVE_WITH_KNOTS('',2,(#6361,#6362,#6363),.UNSPECIFIED.,.F.,
 .F.,(3,3),(0.,1.),.PIECEWISE_BEZIER_KNOTS.);
#200=B_SPLINE_CURVE_WITH_KNOTS('',2,(#6372,#6373,#6374),.UNSPECIFIED.,.F.,
 .F.,(3,3),(0.,1.),.PIECEWISE_BEZIER_KNOTS.);
#201=B_SPLINE_CURVE_WITH_KNOTS('',2,(#6379,#6380,#6381),.UNSPECIFIED.,.F.,
 .F.,(3,3),(0.,1.),.PIECEWISE_BEZIER_KNOTS.);
#202=B_SPLINE_CURVE_WITH_KNOTS('',2,(#6392,#6393,#6394),.UNSPECIFIED.,.F.,
 .F.,(3,3),(0.,1.),.PIECEWISE_BEZIER_KNOTS.);
#203=B_SPLINE_CURVE_WITH_KNOTS('',2,(#6398,#6399,#6400),.UNSPECIFIED.,.F.,
 .F.,(3,3),(0.,1.),.PIECEWISE_BEZIER_KNOTS.);
#204=B_SPLINE_CURVE_WITH_KNOTS('',2,(#6409,#6410,#6411),.UNSPECIFIED.,.F.,
 .F.,(3,3),(0.,1.),.PIECEWISE_BEZIER_KNOTS.);
#205=B_SPLINE_CURVE_WITH_KNOTS('',2,(#6415,#6416,#6417),.UNSPECIFIED.,.F.,
 .F.,(3,3),(0.,1.),.PIECEWISE_BEZIER_KNOTS.);
#206=B_SPLINE_CURVE_WITH_KNOTS('',2,(#6426,#6427,#6428),.UNSPECIFIED.,.F.,
 .F.,(3,3),(0.,1.),.PIECEWISE_BEZIER_KNOTS.);
#207=B_SPLINE_CURVE_WITH_KNOTS('',2,(#6432,#6433,#6434),.UNSPECIFIED.,.F.,
 .F.,(3,3),(0.,1.),.PIECEWISE_BEZIER_KNOTS.);
#208=B_SPLINE_CURVE_WITH_KNOTS('',2,(#6443,#6444,#6445),.UNSPECIFIED.,.F.,
 .F.,(3,3),(0.,1.),.PIECEWISE_BEZIER_KNOTS.);
#209=B_SPLINE_CURVE_WITH_KNOTS('',2,(#6449,#6450,#6451),.UNSPECIFIED.,.F.,
 .F.,(3,3),(0.,1.),.PIECEWISE_BEZIER_KNOTS.);
#210=B_SPLINE_CURVE_WITH_KNOTS('',2,(#6460,#6461,#6462),.UNSPECIFIED.,.F.,
 .F.,(3,3),(0.,1.),.PIECEWISE_BEZIER_KNOTS.);
#211=B_SPLINE_CURVE_WITH_KNOTS('',2,(#6466,#6467,#6468),.UNSPECIFIED.,.F.,
 .F.,(3,3),(0.,1.),.PIECEWISE_BEZIER_KNOTS.);
#212=B_SPLINE_CURVE_WITH_KNOTS('',2,(#6477,#6478,#6479),.UNSPECIFIED.,.F.,
 .F.,(3,3),(0.,1.),.PIECEWISE_BEZIER_KNOTS.);
#213=B_SPLINE_CURVE_WITH_KNOTS('',2,(#6483,#6484,#6485),.UNSPECIFIED.,.F.,
 .F.,(3,3),(0.,1.),.PIECEWISE_BEZIER_KNOTS.);
#214=B_SPLINE_CURVE_WITH_KNOTS('',2,(#6494,#6495,#6496),.UNSPECIFIED.,.F.,
 .F.,(3,3),(0.,1.),.PIECEWISE_BEZIER_KNOTS.);
#215=B_SPLINE_CURVE_WITH_KNOTS('',2,(#6497,#6498,#6499),.UNSPECIFIED.,.F.,
 .F.,(3,3),(0.,1.),.PIECEWISE_BEZIER_KNOTS.);
#216=B_SPLINE_CURVE_WITH_KNOTS('',2,(#6508,#6509,#6510),.UNSPECIFIED.,.F.,
 .F.,(3,3),(0.,1.),.PIECEWISE_BEZIER_KNOTS.);
#217=B_SPLINE_CURVE_WITH_KNOTS('',2,(#6545,#6546,#6547),.UNSPECIFIED.,.F.,
 .F.,(3,3),(0.,1.),.PIECEWISE_BEZIER_KNOTS.);
#218=B_SPLINE_CURVE_WITH_KNOTS('',2,(#6562,#6563,#6564),.UNSPECIFIED.,.F.,
 .F.,(3,3),(0.,1.),.PIECEWISE_BEZIER_KNOTS.);
#219=B_SPLINE_CURVE_WITH_KNOTS('',2,(#6575,#6576,#6577),.UNSPECIFIED.,.F.,
 .F.,(3,3),(0.,1.),.PIECEWISE_BEZIER_KNOTS.);
#220=B_SPLINE_CURVE_WITH_KNOTS('',2,(#6615,#6616,#6617),.UNSPECIFIED.,.F.,
 .F.,(3,3),(0.,1.),.PIECEWISE_BEZIER_KNOTS.);
#221=B_SPLINE_CURVE_WITH_KNOTS('',2,(#6621,#6622,#6623),.UNSPECIFIED.,.F.,
 .F.,(3,3),(0.,1.),.PIECEWISE_BEZIER_KNOTS.);
#222=B_SPLINE_CURVE_WITH_KNOTS('',2,(#6632,#6633,#6634),.UNSPECIFIED.,.F.,
 .F.,(3,3),(0.,1.),.PIECEWISE_BEZIER_KNOTS.);
#223=B_SPLINE_CURVE_WITH_KNOTS('',2,(#6638,#6639,#6640),.UNSPECIFIED.,.F.,
 .F.,(3,3),(0.,1.),.PIECEWISE_BEZIER_KNOTS.);
#224=B_SPLINE_CURVE_WITH_KNOTS('',2,(#6649,#6650,#6651),.UNSPECIFIED.,.F.,
 .F.,(3,3),(0.,1.),.PIECEWISE_BEZIER_KNOTS.);
#225=B_SPLINE_CURVE_WITH_KNOTS('',2,(#6655,#6656,#6657),.UNSPECIFIED.,.F.,
 .F.,(3,3),(0.,1.),.PIECEWISE_BEZIER_KNOTS.);
#226=B_SPLINE_CURVE_WITH_KNOTS('',2,(#6666,#6667,#6668),.UNSPECIFIED.,.F.,
 .F.,(3,3),(0.,1.),.PIECEWISE_BEZIER_KNOTS.);
#227=B_SPLINE_CURVE_WITH_KNOTS('',2,(#6669,#6670,#6671),.UNSPECIFIED.,.F.,
 .F.,(3,3),(0.,1.),.PIECEWISE_BEZIER_KNOTS.);
#228=B_SPLINE_CURVE_WITH_KNOTS('',2,(#6686,#6687,#6688),.UNSPECIFIED.,.F.,
 .F.,(3,3),(0.,1.),.PIECEWISE_BEZIER_KNOTS.);
#229=B_SPLINE_CURVE_WITH_KNOTS('',2,(#6701,#6702,#6703),.UNSPECIFIED.,.F.,
 .F.,(3,3),(0.,1.),.PIECEWISE_BEZIER_KNOTS.);
#230=B_SPLINE_CURVE_WITH_KNOTS('',2,(#6730,#6731,#6732),.UNSPECIFIED.,.F.,
 .F.,(3,3),(0.,1.),.PIECEWISE_BEZIER_KNOTS.);
#231=B_SPLINE_CURVE_WITH_KNOTS('',2,(#6743,#6744,#6745),.UNSPECIFIED.,.F.,
 .F.,(3,3),(0.,1.),.PIECEWISE_BEZIER_KNOTS.);
#232=B_SPLINE_CURVE_WITH_KNOTS('',2,(#6768,#6769,#6770),.UNSPECIFIED.,.F.,
 .F.,(3,3),(0.,1.),.PIECEWISE_BEZIER_KNOTS.);
#233=B_SPLINE_CURVE_WITH_KNOTS('',2,(#6781,#6782,#6783),.UNSPECIFIED.,.F.,
 .F.,(3,3),(0.,1.),.PIECEWISE_BEZIER_KNOTS.);
#234=B_SPLINE_CURVE_WITH_KNOTS('',2,(#6792,#6793,#6794),.UNSPECIFIED.,.F.,
 .F.,(3,3),(0.,1.),.PIECEWISE_BEZIER_KNOTS.);
#235=B_SPLINE_CURVE_WITH_KNOTS('',2,(#6844,#6845,#6846),.UNSPECIFIED.,.F.,
 .F.,(3,3),(0.,1.),.PIECEWISE_BEZIER_KNOTS.);
#236=B_SPLINE_CURVE_WITH_KNOTS('',2,(#6857,#6858,#6859),.UNSPECIFIED.,.F.,
 .F.,(3,3),(0.,1.),.PIECEWISE_BEZIER_KNOTS.);
#237=B_SPLINE_CURVE_WITH_KNOTS('',2,(#6887,#6888,#6889),.UNSPECIFIED.,.F.,
 .F.,(3,3),(0.,1.),.PIECEWISE_BEZIER_KNOTS.);
#238=B_SPLINE_CURVE_WITH_KNOTS('',2,(#6966,#6967,#6968),.UNSPECIFIED.,.F.,
 .F.,(3,3),(0.,1.),.PIECEWISE_BEZIER_KNOTS.);
#239=B_SPLINE_CURVE_WITH_KNOTS('',2,(#6973,#6974,#6975),.UNSPECIFIED.,.F.,
 .F.,(3,3),(0.,1.),.PIECEWISE_BEZIER_KNOTS.);
#240=B_SPLINE_CURVE_WITH_KNOTS('',2,(#6986,#6987,#6988),.UNSPECIFIED.,.F.,
 .F.,(3,3),(0.,1.),.PIECEWISE_BEZIER_KNOTS.);
#241=B_SPLINE_CURVE_WITH_KNOTS('',2,(#6992,#6993,#6994),.UNSPECIFIED.,.F.,
 .F.,(3,3),(0.,1.),.PIECEWISE_BEZIER_KNOTS.);
#242=B_SPLINE_CURVE_WITH_KNOTS('',2,(#7003,#7004,#7005),.UNSPECIFIED.,.F.,
 .F.,(3,3),(0.,1.),.PIECEWISE_BEZIER_KNOTS.);
#243=B_SPLINE_CURVE_WITH_KNOTS('',2,(#7009,#7010,#7011),.UNSPECIFIED.,.F.,
 .F.,(3,3),(0.,1.),.PIECEWISE_BEZIER_KNOTS.);
#244=B_SPLINE_CURVE_WITH_KNOTS('',2,(#7020,#7021,#7022),.UNSPECIFIED.,.F.,
 .F.,(3,3),(0.,1.),.PIECEWISE_BEZIER_KNOTS.);
#245=B_SPLINE_CURVE_WITH_KNOTS('',2,(#7026,#7027,#7028),.UNSPECIFIED.,.F.,
 .F.,(3,3),(0.,1.),.PIECEWISE_BEZIER_KNOTS.);
#246=B_SPLINE_CURVE_WITH_KNOTS('',2,(#7037,#7038,#7039),.UNSPECIFIED.,.F.,
 .F.,(3,3),(0.,1.),.PIECEWISE_BEZIER_KNOTS.);
#247=B_SPLINE_CURVE_WITH_KNOTS('',2,(#7043,#7044,#7045),.UNSPECIFIED.,.F.,
 .F.,(3,3),(0.,1.),.PIECEWISE_BEZIER_KNOTS.);
#248=B_SPLINE_CURVE_WITH_KNOTS('',2,(#7054,#7055,#7056),.UNSPECIFIED.,.F.,
 .F.,(3,3),(0.,1.),.PIECEWISE_BEZIER_KNOTS.);
#249=B_SPLINE_CURVE_WITH_KNOTS('',2,(#7060,#7061,#7062),.UNSPECIFIED.,.F.,
 .F.,(3,3),(0.,1.),.PIECEWISE_BEZIER_KNOTS.);
#250=B_SPLINE_CURVE_WITH_KNOTS('',2,(#7071,#7072,#7073),.UNSPECIFIED.,.F.,
 .F.,(3,3),(0.,1.),.PIECEWISE_BEZIER_KNOTS.);
#251=B_SPLINE_CURVE_WITH_KNOTS('',2,(#7077,#7078,#7079),.UNSPECIFIED.,.F.,
 .F.,(3,3),(0.,1.),.PIECEWISE_BEZIER_KNOTS.);
#252=B_SPLINE_CURVE_WITH_KNOTS('',2,(#7090,#7091,#7092),.UNSPECIFIED.,.F.,
 .F.,(3,3),(0.,1.),.PIECEWISE_BEZIER_KNOTS.);
#253=B_SPLINE_CURVE_WITH_KNOTS('',2,(#7105,#7106,#7107),.UNSPECIFIED.,.F.,
 .F.,(3,3),(0.,1.),.PIECEWISE_BEZIER_KNOTS.);
#254=B_SPLINE_CURVE_WITH_KNOTS('',2,(#7118,#7119,#7120),.UNSPECIFIED.,.F.,
 .F.,(3,3),(0.,1.),.PIECEWISE_BEZIER_KNOTS.);
#255=B_SPLINE_CURVE_WITH_KNOTS('',2,(#7131,#7132,#7133),.UNSPECIFIED.,.F.,
 .F.,(3,3),(0.,1.),.PIECEWISE_BEZIER_KNOTS.);
#256=B_SPLINE_CURVE_WITH_KNOTS('',2,(#7144,#7145,#7146),.UNSPECIFIED.,.F.,
 .F.,(3,3),(0.,1.),.PIECEWISE_BEZIER_KNOTS.);
#257=B_SPLINE_CURVE_WITH_KNOTS('',2,(#7157,#7158,#7159),.UNSPECIFIED.,.F.,
 .F.,(3,3),(0.,1.),.PIECEWISE_BEZIER_KNOTS.);
#258=B_SPLINE_CURVE_WITH_KNOTS('',2,(#7170,#7171,#7172),.UNSPECIFIED.,.F.,
 .F.,(3,3),(0.,1.),.PIECEWISE_BEZIER_KNOTS.);
#259=B_SPLINE_CURVE_WITH_KNOTS('',2,(#7181,#7182,#7183),.UNSPECIFIED.,.F.,
 .F.,(3,3),(0.,1.),.PIECEWISE_BEZIER_KNOTS.);
#260=B_SPLINE_CURVE_WITH_KNOTS('',2,(#7192,#7193,#7194),.UNSPECIFIED.,.F.,
 .F.,(3,3),(0.,1.),.PIECEWISE_BEZIER_KNOTS.);
#261=B_SPLINE_CURVE_WITH_KNOTS('',2,(#7195,#7196,#7197),.UNSPECIFIED.,.F.,
 .F.,(3,3),(0.,1.),.PIECEWISE_BEZIER_KNOTS.);
#262=B_SPLINE_CURVE_WITH_KNOTS('',2,(#7209,#7210,#7211),.UNSPECIFIED.,.F.,
 .F.,(3,3),(0.,1.),.PIECEWISE_BEZIER_KNOTS.);
#263=B_SPLINE_CURVE_WITH_KNOTS('',2,(#7236,#7237,#7238),.UNSPECIFIED.,.F.,
 .F.,(3,3),(0.,1.),.PIECEWISE_BEZIER_KNOTS.);
#264=B_SPLINE_CURVE_WITH_KNOTS('',2,(#7249,#7250,#7251),.UNSPECIFIED.,.F.,
 .F.,(3,3),(0.,1.),.PIECEWISE_BEZIER_KNOTS.);
#265=B_SPLINE_CURVE_WITH_KNOTS('',2,(#7262,#7263,#7264),.UNSPECIFIED.,.F.,
 .F.,(3,3),(0.,1.),.PIECEWISE_BEZIER_KNOTS.);
#266=B_SPLINE_CURVE_WITH_KNOTS('',2,(#7275,#7276,#7277),.UNSPECIFIED.,.F.,
 .F.,(3,3),(0.,1.),.PIECEWISE_BEZIER_KNOTS.);
#267=B_SPLINE_CURVE_WITH_KNOTS('',2,(#7288,#7289,#7290),.UNSPECIFIED.,.F.,
 .F.,(3,3),(0.,1.),.PIECEWISE_BEZIER_KNOTS.);
#268=B_SPLINE_CURVE_WITH_KNOTS('',2,(#7301,#7302,#7303),.UNSPECIFIED.,.F.,
 .F.,(3,3),(0.,1.),.PIECEWISE_BEZIER_KNOTS.);
#269=B_SPLINE_CURVE_WITH_KNOTS('',2,(#7314,#7315,#7316),.UNSPECIFIED.,.F.,
 .F.,(3,3),(0.,1.),.PIECEWISE_BEZIER_KNOTS.);
#270=B_SPLINE_CURVE_WITH_KNOTS('',2,(#7331,#7332,#7333),.UNSPECIFIED.,.F.,
 .F.,(3,3),(0.,1.),.PIECEWISE_BEZIER_KNOTS.);
#271=B_SPLINE_CURVE_WITH_KNOTS('',2,(#7344,#7345,#7346),.UNSPECIFIED.,.F.,
 .F.,(3,3),(0.,1.),.PIECEWISE_BEZIER_KNOTS.);
#272=B_SPLINE_CURVE_WITH_KNOTS('',2,(#7355,#7356,#7357),.UNSPECIFIED.,.F.,
 .F.,(3,3),(0.,1.),.PIECEWISE_BEZIER_KNOTS.);
#273=LINE('',#5444,#596);
#274=LINE('',#5447,#597);
#275=LINE('',#5449,#598);
#276=LINE('',#5451,#599);
#277=LINE('',#5453,#600);
#278=LINE('',#5457,#601);
#279=LINE('',#5459,#602);
#280=LINE('',#5461,#603);
#281=LINE('',#5463,#604);
#282=LINE('',#5464,#605);
#283=LINE('',#5467,#606);
#284=LINE('',#5469,#607);
#285=LINE('',#5471,#608);
#286=LINE('',#5473,#609);
#287=LINE('',#5475,#610);
#288=LINE('',#5477,#611);
#289=LINE('',#5491,#612);
#290=LINE('',#5503,#613);
#291=LINE('',#5505,#614);
#292=LINE('',#5507,#615);
#293=LINE('',#5509,#616);
#294=LINE('',#5511,#617);
#295=LINE('',#5513,#618);
#296=LINE('',#5537,#619);
#297=LINE('',#5555,#620);
#298=LINE('',#5558,#621);
#299=LINE('',#5561,#622);
#300=LINE('',#5563,#623);
#301=LINE('',#5565,#624);
#302=LINE('',#5567,#625);
#303=LINE('',#5585,#626);
#304=LINE('',#5587,#627);
#305=LINE('',#5653,#628);
#306=LINE('',#5655,#629);
#307=LINE('',#5669,#630);
#308=LINE('',#5672,#631);
#309=LINE('',#5675,#632);
#310=LINE('',#5677,#633);
#311=LINE('',#5679,#634);
#312=LINE('',#5681,#635);
#313=LINE('',#5683,#636);
#314=LINE('',#5685,#637);
#315=LINE('',#5687,#638);
#316=LINE('',#5689,#639);
#317=LINE('',#5691,#640);
#318=LINE('',#5693,#641);
#319=LINE('',#5745,#642);
#320=LINE('',#5775,#643);
#321=LINE('',#5779,#644);
#322=LINE('',#5784,#645);
#323=LINE('',#5788,#646);
#324=LINE('',#5794,#647);
#325=LINE('',#5800,#648);
#326=LINE('',#5806,#649);
#327=LINE('',#5811,#650);
#328=LINE('',#5815,#651);
#329=LINE('',#5821,#652);
#330=LINE('',#5827,#653);
#331=LINE('',#5833,#654);
#332=LINE('',#5839,#655);
#333=LINE('',#5845,#656);
#334=LINE('',#5851,#657);
#335=LINE('',#5857,#658);
#336=LINE('',#5863,#659);
#337=LINE('',#5889,#660);
#338=LINE('',#5891,#661);
#339=LINE('',#5897,#662);
#340=LINE('',#5902,#663);
#341=LINE('',#5960,#664);
#342=LINE('',#5963,#665);
#343=LINE('',#5965,#666);
#344=LINE('',#5967,#667);
#345=LINE('',#5969,#668);
#346=LINE('',#5971,#669);
#347=LINE('',#5973,#670);
#348=LINE('',#5975,#671);
#349=LINE('',#5977,#672);
#350=LINE('',#5979,#673);
#351=LINE('',#5983,#674);
#352=LINE('',#5987,#675);
#353=LINE('',#5989,#676);
#354=LINE('',#5991,#677);
#355=LINE('',#5995,#678);
#356=LINE('',#5999,#679);
#357=LINE('',#6001,#680);
#358=LINE('',#6003,#681);
#359=LINE('',#6005,#682);
#360=LINE('',#6007,#683);
#361=LINE('',#6009,#684);
#362=LINE('',#6011,#685);
#363=LINE('',#6013,#686);
#364=LINE('',#6015,#687);
#365=LINE('',#6017,#688);
#366=LINE('',#6019,#689);
#367=LINE('',#6021,#690);
#368=LINE('',#6023,#691);
#369=LINE('',#6025,#692);
#370=LINE('',#6027,#693);
#371=LINE('',#6029,#694);
#372=LINE('',#6031,#695);
#373=LINE('',#6033,#696);
#374=LINE('',#6035,#697);
#375=LINE('',#6037,#698);
#376=LINE('',#6039,#699);
#377=LINE('',#6041,#700);
#378=LINE('',#6054,#701);
#379=LINE('',#6060,#702);
#380=LINE('',#6069,#703);
#381=LINE('',#6075,#704);
#382=LINE('',#6079,#705);
#383=LINE('',#6081,#706);
#384=LINE('',#6083,#707);
#385=LINE('',#6087,#708);
#386=LINE('',#6098,#709);
#387=LINE('',#6111,#710);
#388=LINE('',#6117,#711);
#389=LINE('',#6119,#712);
#390=LINE('',#6121,#713);
#391=LINE('',#6123,#714);
#392=LINE('',#6132,#715);
#393=LINE('',#6145,#716);
#394=LINE('',#6158,#717);
#395=LINE('',#6171,#718);
#396=LINE('',#6189,#719);
#397=LINE('',#6195,#720);
#398=LINE('',#6208,#721);
#399=LINE('',#6225,#722);
#400=LINE('',#6231,#723);
#401=LINE('',#6233,#724);
#402=LINE('',#6235,#725);
#403=LINE('',#6271,#726);
#404=LINE('',#6277,#727);
#405=LINE('',#6286,#728);
#406=LINE('',#6292,#729);
#407=LINE('',#6303,#730);
#408=LINE('',#6316,#731);
#409=LINE('',#6329,#732);
#410=LINE('',#6342,#733);
#411=LINE('',#6348,#734);
#412=LINE('',#6359,#735);
#413=LINE('',#6377,#736);
#414=LINE('',#6383,#737);
#415=LINE('',#6396,#738);
#416=LINE('',#6413,#739);
#417=LINE('',#6430,#740);
#418=LINE('',#6447,#741);
#419=LINE('',#6464,#742);
#420=LINE('',#6481,#743);
#421=LINE('',#6514,#744);
#422=LINE('',#6516,#745);
#423=LINE('',#6518,#746);
#424=LINE('',#6520,#747);
#425=LINE('',#6522,#748);
#426=LINE('',#6524,#749);
#427=LINE('',#6526,#750);
#428=LINE('',#6528,#751);
#429=LINE('',#6530,#752);
#430=LINE('',#6532,#753);
#431=LINE('',#6543,#754);
#432=LINE('',#6549,#755);
#433=LINE('',#6560,#756);
#434=LINE('',#6573,#757);
#435=LINE('',#6579,#758);
#436=LINE('',#6581,#759);
#437=LINE('',#6583,#760);
#438=LINE('',#6585,#761);
#439=LINE('',#6587,#762);
#440=LINE('',#6590,#763);
#441=LINE('',#6592,#764);
#442=LINE('',#6594,#765);
#443=LINE('',#6596,#766);
#444=LINE('',#6598,#767);
#445=LINE('',#6600,#768);
#446=LINE('',#6602,#769);
#447=LINE('',#6604,#770);
#448=LINE('',#6606,#771);
#449=LINE('',#6619,#772);
#450=LINE('',#6636,#773);
#451=LINE('',#6653,#774);
#452=LINE('',#6673,#775);
#453=LINE('',#6684,#776);
#454=LINE('',#6690,#777);
#455=LINE('',#6699,#778);
#456=LINE('',#6705,#779);
#457=LINE('',#6709,#780);
#458=LINE('',#6711,#781);
#459=LINE('',#6713,#782);
#460=LINE('',#6717,#783);
#461=LINE('',#6728,#784);
#462=LINE('',#6741,#785);
#463=LINE('',#6747,#786);
#464=LINE('',#6751,#787);
#465=LINE('',#6755,#788);
#466=LINE('',#6757,#789);
#467=LINE('',#6766,#790);
#468=LINE('',#6779,#791);
#469=LINE('',#6797,#792);
#470=LINE('',#6801,#793);
#471=LINE('',#6803,#794);
#472=LINE('',#6807,#795);
#473=LINE('',#6811,#796);
#474=LINE('',#6813,#797);
#475=LINE('',#6815,#798);
#476=LINE('',#6817,#799);
#477=LINE('',#6819,#800);
#478=LINE('',#6821,#801);
#479=LINE('',#6823,#802);
#480=LINE('',#6825,#803);
#481=LINE('',#6827,#804);
#482=LINE('',#6829,#805);
#483=LINE('',#6831,#806);
#484=LINE('',#6833,#807);
#485=LINE('',#6842,#808);
#486=LINE('',#6855,#809);
#487=LINE('',#6861,#810);
#488=LINE('',#6865,#811);
#489=LINE('',#6868,#812);
#490=LINE('',#6870,#813);
#491=LINE('',#6872,#814);
#492=LINE('',#6874,#815);
#493=LINE('',#6876,#816);
#494=LINE('',#6885,#817);
#495=LINE('',#6891,#818);
#496=LINE('',#6895,#819);
#497=LINE('',#6899,#820);
#498=LINE('',#6901,#821);
#499=LINE('',#6903,#822);
#500=LINE('',#6905,#823);
#501=LINE('',#6907,#824);
#502=LINE('',#6909,#825);
#503=LINE('',#6911,#826);
#504=LINE('',#6913,#827);
#505=LINE('',#6915,#828);
#506=LINE('',#6918,#829);
#507=LINE('',#6920,#830);
#508=LINE('',#6922,#831);
#509=LINE('',#6924,#832);
#510=LINE('',#6926,#833);
#511=LINE('',#6928,#834);
#512=LINE('',#6930,#835);
#513=LINE('',#6932,#836);
#514=LINE('',#6934,#837);
#515=LINE('',#6936,#838);
#516=LINE('',#6938,#839);
#517=LINE('',#6940,#840);
#518=LINE('',#6942,#841);
#519=LINE('',#6944,#842);
#520=LINE('',#6948,#843);
#521=LINE('',#6950,#844);
#522=LINE('',#6952,#845);
#523=LINE('',#6954,#846);
#524=LINE('',#6956,#847);
#525=LINE('',#6971,#848);
#526=LINE('',#6977,#849);
#527=LINE('',#6990,#850);
#528=LINE('',#7007,#851);
#529=LINE('',#7024,#852);
#530=LINE('',#7041,#853);
#531=LINE('',#7058,#854);
#532=LINE('',#7075,#855);
#533=LINE('',#7088,#856);
#534=LINE('',#7094,#857);
#535=LINE('',#7103,#858);
#536=LINE('',#7116,#859);
#537=LINE('',#7129,#860);
#538=LINE('',#7142,#861);
#539=LINE('',#7155,#862);
#540=LINE('',#7168,#863);
#541=LINE('',#7207,#864);
#542=LINE('',#7213,#865);
#543=LINE('',#7215,#866);
#544=LINE('',#7219,#867);
#545=LINE('',#7223,#868);
#546=LINE('',#7225,#869);
#547=LINE('',#7234,#870);
#548=LINE('',#7247,#871);
#549=LINE('',#7260,#872);
#550=LINE('',#7273,#873);
#551=LINE('',#7286,#874);
#552=LINE('',#7299,#875);
#553=LINE('',#7312,#876);
#554=LINE('',#7318,#877);
#555=LINE('',#7320,#878);
#556=LINE('',#7329,#879);
#557=LINE('',#7342,#880);
#558=LINE('',#7370,#881);
#559=LINE('',#7371,#882);
#560=LINE('',#7373,#883);
#561=LINE('',#7375,#884);
#562=LINE('',#7377,#885);
#563=LINE('',#7379,#886);
#564=LINE('',#7381,#887);
#565=LINE('',#7384,#888);
#566=LINE('',#7385,#889);
#567=LINE('',#7387,#890);
#568=LINE('',#7389,#891);
#569=LINE('',#7391,#892);
#570=LINE('',#7393,#893);
#571=LINE('',#7395,#894);
#572=LINE('',#7398,#895);
#573=LINE('',#7399,#896);
#574=LINE('',#7401,#897);
#575=LINE('',#7403,#898);
#576=LINE('',#7405,#899);
#577=LINE('',#7407,#900);
#578=LINE('',#7409,#901);
#579=LINE('',#7411,#902);
#580=LINE('',#7413,#903);
#581=LINE('',#7415,#904);
#582=LINE('',#7417,#905);
#583=LINE('',#7419,#906);
#584=LINE('',#7422,#907);
#585=LINE('',#7423,#908);
#586=LINE('',#7425,#909);
#587=LINE('',#7427,#910);
#588=LINE('',#7429,#911);
#589=LINE('',#7431,#912);
#590=LINE('',#7433,#913);
#591=LINE('',#7435,#914);
#592=LINE('',#7437,#915);
#593=LINE('',#7439,#916);
#594=LINE('',#7441,#917);
#595=LINE('',#7443,#918);
#596=VECTOR('',#4529,1.);
#597=VECTOR('',#4530,1.);
#598=VECTOR('',#4531,1.);
#599=VECTOR('',#4532,1.);
#600=VECTOR('',#4533,1.);
#601=VECTOR('',#4536,1.);
#602=VECTOR('',#4537,1.);
#603=VECTOR('',#4538,1.);
#604=VECTOR('',#4539,1.);
#605=VECTOR('',#4540,1.);
#606=VECTOR('',#4541,1.);
#607=VECTOR('',#4542,1.);
#608=VECTOR('',#4543,1.);
#609=VECTOR('',#4544,1.);
#610=VECTOR('',#4545,1.);
#611=VECTOR('',#4546,1.);
#612=VECTOR('',#4555,1.);
#613=VECTOR('',#4558,1.);
#614=VECTOR('',#4559,1.);
#615=VECTOR('',#4560,1.);
#616=VECTOR('',#4561,1.);
#617=VECTOR('',#4562,1.);
#618=VECTOR('',#4563,1.);
#619=VECTOR('',#4566,1.);
#620=VECTOR('',#4575,1.);
#621=VECTOR('',#4578,1.);
#622=VECTOR('',#4579,1.);
#623=VECTOR('',#4580,1.);
#624=VECTOR('',#4581,1.);
#625=VECTOR('',#4582,1.);
#626=VECTOR('',#4587,1.);
#627=VECTOR('',#4588,1.);
#628=VECTOR('',#4593,1.);
#629=VECTOR('',#4594,1.);
#630=VECTOR('',#4599,1.);
#631=VECTOR('',#4602,1.);
#632=VECTOR('',#4603,1.);
#633=VECTOR('',#4604,1.);
#634=VECTOR('',#4605,1.);
#635=VECTOR('',#4606,1.);
#636=VECTOR('',#4607,1.);
#637=VECTOR('',#4608,1.);
#638=VECTOR('',#4609,1.);
#639=VECTOR('',#4610,1.);
#640=VECTOR('',#4611,1.);
#641=VECTOR('',#4612,1.);
#642=VECTOR('',#4615,1.);
#643=VECTOR('',#4616,1.);
#644=VECTOR('',#4621,1.);
#645=VECTOR('',#4624,1.);
#646=VECTOR('',#4629,1.);
#647=VECTOR('',#4636,1.);
#648=VECTOR('',#4643,1.);
#649=VECTOR('',#4650,1.);
#650=VECTOR('',#4653,1.);
#651=VECTOR('',#4658,1.);
#652=VECTOR('',#4665,1.);
#653=VECTOR('',#4672,1.);
#654=VECTOR('',#4679,1.);
#655=VECTOR('',#4686,1.);
#656=VECTOR('',#4693,1.);
#657=VECTOR('',#4700,1.);
#658=VECTOR('',#4707,1.);
#659=VECTOR('',#4714,1.);
#660=VECTOR('',#4721,1.);
#661=VECTOR('',#4724,1.);
#662=VECTOR('',#4731,1.);
#663=VECTOR('',#4734,1.);
#664=VECTOR('',#4805,1.);
#665=VECTOR('',#4806,1.);
#666=VECTOR('',#4807,1.);
#667=VECTOR('',#4808,1.);
#668=VECTOR('',#4811,1.);
#669=VECTOR('',#4812,1.);
#670=VECTOR('',#4813,1.);
#671=VECTOR('',#4816,1.);
#672=VECTOR('',#4817,1.);
#673=VECTOR('',#4818,1.);
#674=VECTOR('',#4823,1.);
#675=VECTOR('',#4828,1.);
#676=VECTOR('',#4829,1.);
#677=VECTOR('',#4830,1.);
#678=VECTOR('',#4835,1.);
#679=VECTOR('',#4840,1.);
#680=VECTOR('',#4841,1.);
#681=VECTOR('',#4842,1.);
#682=VECTOR('',#4845,1.);
#683=VECTOR('',#4846,1.);
#684=VECTOR('',#4849,1.);
#685=VECTOR('',#4850,1.);
#686=VECTOR('',#4853,1.);
#687=VECTOR('',#4854,1.);
#688=VECTOR('',#4857,1.);
#689=VECTOR('',#4858,1.);
#690=VECTOR('',#4861,1.);
#691=VECTOR('',#4862,1.);
#692=VECTOR('',#4865,1.);
#693=VECTOR('',#4866,1.);
#694=VECTOR('',#4869,1.);
#695=VECTOR('',#4870,1.);
#696=VECTOR('',#4873,1.);
#697=VECTOR('',#4874,1.);
#698=VECTOR('',#4877,1.);
#699=VECTOR('',#4878,1.);
#700=VECTOR('',#4881,1.);
#701=VECTOR('',#4890,1.);
#702=VECTOR('',#4891,1.);
#703=VECTOR('',#4892,1.);
#704=VECTOR('',#4895,1.);
#705=VECTOR('',#4900,1.);
#706=VECTOR('',#4901,1.);
#707=VECTOR('',#4904,1.);
#708=VECTOR('',#4909,1.);
#709=VECTOR('',#4912,1.);
#710=VECTOR('',#4913,1.);
#711=VECTOR('',#4916,1.);
#712=VECTOR('',#4917,1.);
#713=VECTOR('',#4920,1.);
#714=VECTOR('',#4921,1.);
#715=VECTOR('',#4922,1.);
#716=VECTOR('',#4923,1.);
#717=VECTOR('',#4924,1.);
#718=VECTOR('',#4925,1.);
#719=VECTOR('',#4926,1.);
#720=VECTOR('',#4927,1.);
#721=VECTOR('',#4928,1.);
#722=VECTOR('',#4929,1.);
#723=VECTOR('',#4932,1.);
#724=VECTOR('',#4933,1.);
#725=VECTOR('',#4934,1.);
#726=VECTOR('',#4939,1.);
#727=VECTOR('',#4940,1.);
#728=VECTOR('',#4941,1.);
#729=VECTOR('',#4944,1.);
#730=VECTOR('',#4947,1.);
#731=VECTOR('',#4948,1.);
#732=VECTOR('',#4949,1.);
#733=VECTOR('',#4950,1.);
#734=VECTOR('',#4953,1.);
#735=VECTOR('',#4956,1.);
#736=VECTOR('',#4957,1.);
#737=VECTOR('',#4958,1.);
#738=VECTOR('',#4959,1.);
#739=VECTOR('',#4960,1.);
#740=VECTOR('',#4961,1.);
#741=VECTOR('',#4962,1.);
#742=VECTOR('',#4963,1.);
#743=VECTOR('',#4964,1.);
#744=VECTOR('',#4971,1.);
#745=VECTOR('',#4972,1.);
#746=VECTOR('',#4973,1.);
#747=VECTOR('',#4976,1.);
#748=VECTOR('',#4977,1.);
#749=VECTOR('',#4980,1.);
#750=VECTOR('',#4981,1.);
#751=VECTOR('',#4984,1.);
#752=VECTOR('',#4985,1.);
#753=VECTOR('',#4988,1.);
#754=VECTOR('',#4991,1.);
#755=VECTOR('',#4994,1.);
#756=VECTOR('',#4997,1.);
#757=VECTOR('',#4998,1.);
#758=VECTOR('',#5001,1.);
#759=VECTOR('',#5002,1.);
#760=VECTOR('',#5005,1.);
#761=VECTOR('',#5006,1.);
#762=VECTOR('',#5009,1.);
#763=VECTOR('',#5010,1.);
#764=VECTOR('',#5011,1.);
#765=VECTOR('',#5012,1.);
#766=VECTOR('',#5015,1.);
#767=VECTOR('',#5016,1.);
#768=VECTOR('',#5017,1.);
#769=VECTOR('',#5020,1.);
#770=VECTOR('',#5021,1.);
#771=VECTOR('',#5022,1.);
#772=VECTOR('',#5023,1.);
#773=VECTOR('',#5024,1.);
#774=VECTOR('',#5025,1.);
#775=VECTOR('',#5028,1.);
#776=VECTOR('',#5033,1.);
#777=VECTOR('',#5034,1.);
#778=VECTOR('',#5035,1.);
#779=VECTOR('',#5038,1.);
#780=VECTOR('',#5043,1.);
#781=VECTOR('',#5044,1.);
#782=VECTOR('',#5047,1.);
#783=VECTOR('',#5052,1.);
#784=VECTOR('',#5055,1.);
#785=VECTOR('',#5056,1.);
#786=VECTOR('',#5059,1.);
#787=VECTOR('',#5064,1.);
#788=VECTOR('',#5069,1.);
#789=VECTOR('',#5070,1.);
#790=VECTOR('',#5071,1.);
#791=VECTOR('',#5072,1.);
#792=VECTOR('',#5077,1.);
#793=VECTOR('',#5080,1.);
#794=VECTOR('',#5083,1.);
#795=VECTOR('',#5088,1.);
#796=VECTOR('',#5093,1.);
#797=VECTOR('',#5094,1.);
#798=VECTOR('',#5097,1.);
#799=VECTOR('',#5098,1.);
#800=VECTOR('',#5101,1.);
#801=VECTOR('',#5102,1.);
#802=VECTOR('',#5105,1.);
#803=VECTOR('',#5106,1.);
#804=VECTOR('',#5109,1.);
#805=VECTOR('',#5110,1.);
#806=VECTOR('',#5113,1.);
#807=VECTOR('',#5114,1.);
#808=VECTOR('',#5115,1.);
#809=VECTOR('',#5116,1.);
#810=VECTOR('',#5119,1.);
#811=VECTOR('',#5124,1.);
#812=VECTOR('',#5129,1.);
#813=VECTOR('',#5130,1.);
#814=VECTOR('',#5131,1.);
#815=VECTOR('',#5134,1.);
#816=VECTOR('',#5135,1.);
#817=VECTOR('',#5136,1.);
#818=VECTOR('',#5139,1.);
#819=VECTOR('',#5144,1.);
#820=VECTOR('',#5149,1.);
#821=VECTOR('',#5150,1.);
#822=VECTOR('',#5153,1.);
#823=VECTOR('',#5154,1.);
#824=VECTOR('',#5157,1.);
#825=VECTOR('',#5158,1.);
#826=VECTOR('',#5161,1.);
#827=VECTOR('',#5162,1.);
#828=VECTOR('',#5165,1.);
#829=VECTOR('',#5170,1.);
#830=VECTOR('',#5171,1.);
#831=VECTOR('',#5172,1.);
#832=VECTOR('',#5175,1.);
#833=VECTOR('',#5176,1.);
#834=VECTOR('',#5179,1.);
#835=VECTOR('',#5180,1.);
#836=VECTOR('',#5183,1.);
#837=VECTOR('',#5184,1.);
#838=VECTOR('',#5187,1.);
#839=VECTOR('',#5188,1.);
#840=VECTOR('',#5191,1.);
#841=VECTOR('',#5192,1.);
#842=VECTOR('',#5195,1.);
#843=VECTOR('',#5200,1.);
#844=VECTOR('',#5201,1.);
#845=VECTOR('',#5204,1.);
#846=VECTOR('',#5205,1.);
#847=VECTOR('',#5208,1.);
#848=VECTOR('',#5211,1.);
#849=VECTOR('',#5212,1.);
#850=VECTOR('',#5213,1.);
#851=VECTOR('',#5214,1.);
#852=VECTOR('',#5215,1.);
#853=VECTOR('',#5216,1.);
#854=VECTOR('',#5217,1.);
#855=VECTOR('',#5218,1.);
#856=VECTOR('',#5219,1.);
#857=VECTOR('',#5220,1.);
#858=VECTOR('',#5221,1.);
#859=VECTOR('',#5222,1.);
#860=VECTOR('',#5223,1.);
#861=VECTOR('',#5224,1.);
#862=VECTOR('',#5225,1.);
#863=VECTOR('',#5226,1.);
#864=VECTOR('',#5229,1.);
#865=VECTOR('',#5230,1.);
#866=VECTOR('',#5233,1.);
#867=VECTOR('',#5238,1.);
#868=VECTOR('',#5243,1.);
#869=VECTOR('',#5244,1.);
#870=VECTOR('',#5245,1.);
#871=VECTOR('',#5246,1.);
#872=VECTOR('',#5247,1.);
#873=VECTOR('',#5248,1.);
#874=VECTOR('',#5249,1.);
#875=VECTOR('',#5250,1.);
#876=VECTOR('',#5251,1.);
#877=VECTOR('',#5254,1.);
#878=VECTOR('',#5255,1.);
#879=VECTOR('',#5256,1.);
#880=VECTOR('',#5257,1.);
#881=VECTOR('',#5278,1.);
#882=VECTOR('',#5279,1.);
#883=VECTOR('',#5282,1.);
#884=VECTOR('',#5285,1.);
#885=VECTOR('',#5288,1.);
#886=VECTOR('',#5291,1.);
#887=VECTOR('',#5294,1.);
#888=VECTOR('',#5299,1.);
#889=VECTOR('',#5300,1.);
#890=VECTOR('',#5303,1.);
#891=VECTOR('',#5306,1.);
#892=VECTOR('',#5309,1.);
#893=VECTOR('',#5312,1.);
#894=VECTOR('',#5315,1.);
#895=VECTOR('',#5320,1.);
#896=VECTOR('',#5321,1.);
#897=VECTOR('',#5324,1.);
#898=VECTOR('',#5327,1.);
#899=VECTOR('',#5330,1.);
#900=VECTOR('',#5333,1.);
#901=VECTOR('',#5336,1.);
#902=VECTOR('',#5339,1.);
#903=VECTOR('',#5342,1.);
#904=VECTOR('',#5345,1.);
#905=VECTOR('',#5348,1.);
#906=VECTOR('',#5351,1.);
#907=VECTOR('',#5356,1.);
#908=VECTOR('',#5357,1.);
#909=VECTOR('',#5360,1.);
#910=VECTOR('',#5363,1.);
#911=VECTOR('',#5366,1.);
#912=VECTOR('',#5369,1.);
#913=VECTOR('',#5372,1.);
#914=VECTOR('',#5375,1.);
#915=VECTOR('',#5378,1.);
#916=VECTOR('',#5381,1.);
#917=VECTOR('',#5384,1.);
#918=VECTOR('',#5387,1.);
#919=PLANE('',#4180);
#920=PLANE('',#4262);
#921=PLANE('',#4275);
#922=PLANE('',#4296);
#923=PLANE('',#4305);
#924=PLANE('',#4306);
#925=PLANE('',#4307);
#926=PLANE('',#4311);
#927=PLANE('',#4315);
#928=PLANE('',#4316);
#929=PLANE('',#4317);
#930=PLANE('',#4318);
#931=PLANE('',#4319);
#932=PLANE('',#4320);
#933=PLANE('',#4321);
#934=PLANE('',#4322);
#935=PLANE('',#4323);
#936=PLANE('',#4324);
#937=PLANE('',#4325);
#938=PLANE('',#4329);
#939=PLANE('',#4332);
#940=PLANE('',#4337);
#941=PLANE('',#4338);
#942=PLANE('',#4339);
#943=PLANE('',#4340);
#944=PLANE('',#4341);
#945=PLANE('',#4346);
#946=PLANE('',#4347);
#947=PLANE('',#4348);
#948=PLANE('',#4349);
#949=PLANE('',#4350);
#950=PLANE('',#4351);
#951=PLANE('',#4356);
#952=PLANE('',#4357);
#953=PLANE('',#4358);
#954=PLANE('',#4359);
#955=PLANE('',#4360);
#956=PLANE('',#4361);
#957=PLANE('',#4362);
#958=PLANE('',#4363);
#959=PLANE('',#4366);
#960=PLANE('',#4375);
#961=PLANE('',#4376);
#962=PLANE('',#4383);
#963=PLANE('',#4384);
#964=PLANE('',#4385);
#965=PLANE('',#4386);
#966=PLANE('',#4387);
#967=PLANE('',#4388);
#968=PLANE('',#4391);
#969=PLANE('',#4392);
#970=PLANE('',#4393);
#971=PLANE('',#4394);
#972=PLANE('',#4399);
#973=PLANE('',#4400);
#974=PLANE('',#4401);
#975=PLANE('',#4402);
#976=PLANE('',#4403);
#977=PLANE('',#4404);
#978=PLANE('',#4405);
#979=PLANE('',#4406);
#980=PLANE('',#4407);
#981=PLANE('',#4408);
#982=PLANE('',#4409);
#983=PLANE('',#4410);
#984=PLANE('',#4413);
#985=PLANE('',#4414);
#986=PLANE('',#4415);
#987=PLANE('',#4416);
#988=PLANE('',#4417);
#989=PLANE('',#4422);
#990=PLANE('',#4423);
#991=PLANE('',#4424);
#992=PLANE('',#4425);
#993=PLANE('',#4426);
#994=PLANE('',#4427);
#995=PLANE('',#4430);
#996=ORIENTED_EDGE('',*,*,#2210,.T.);
#997=ORIENTED_EDGE('',*,*,#2211,.F.);
#998=ORIENTED_EDGE('',*,*,#2212,.F.);
#999=ORIENTED_EDGE('',*,*,#2213,.T.);
#1000=ORIENTED_EDGE('',*,*,#2214,.T.);
#1001=ORIENTED_EDGE('',*,*,#2215,.T.);
#1002=ORIENTED_EDGE('',*,*,#2216,.T.);
#1003=ORIENTED_EDGE('',*,*,#2217,.T.);
#1004=ORIENTED_EDGE('',*,*,#2218,.T.);
#1005=ORIENTED_EDGE('',*,*,#2219,.T.);
#1006=ORIENTED_EDGE('',*,*,#2220,.T.);
#1007=ORIENTED_EDGE('',*,*,#2221,.T.);
#1008=ORIENTED_EDGE('',*,*,#2222,.T.);
#1009=ORIENTED_EDGE('',*,*,#2223,.T.);
#1010=ORIENTED_EDGE('',*,*,#2224,.T.);
#1011=ORIENTED_EDGE('',*,*,#2225,.T.);
#1012=ORIENTED_EDGE('',*,*,#2226,.T.);
#1013=ORIENTED_EDGE('',*,*,#2227,.T.);
#1014=ORIENTED_EDGE('',*,*,#2228,.T.);
#1015=ORIENTED_EDGE('',*,*,#2229,.T.);
#1016=ORIENTED_EDGE('',*,*,#2230,.T.);
#1017=ORIENTED_EDGE('',*,*,#2231,.T.);
#1018=ORIENTED_EDGE('',*,*,#2232,.T.);
#1019=ORIENTED_EDGE('',*,*,#2233,.T.);
#1020=ORIENTED_EDGE('',*,*,#2234,.T.);
#1021=ORIENTED_EDGE('',*,*,#2235,.T.);
#1022=ORIENTED_EDGE('',*,*,#2236,.T.);
#1023=ORIENTED_EDGE('',*,*,#2237,.T.);
#1024=ORIENTED_EDGE('',*,*,#2238,.T.);
#1025=ORIENTED_EDGE('',*,*,#2239,.T.);
#1026=ORIENTED_EDGE('',*,*,#2240,.T.);
#1027=ORIENTED_EDGE('',*,*,#2241,.T.);
#1028=ORIENTED_EDGE('',*,*,#2242,.T.);
#1029=ORIENTED_EDGE('',*,*,#2243,.T.);
#1030=ORIENTED_EDGE('',*,*,#2244,.T.);
#1031=ORIENTED_EDGE('',*,*,#2245,.T.);
#1032=ORIENTED_EDGE('',*,*,#2246,.T.);
#1033=ORIENTED_EDGE('',*,*,#2247,.T.);
#1034=ORIENTED_EDGE('',*,*,#2248,.T.);
#1035=ORIENTED_EDGE('',*,*,#2249,.T.);
#1036=ORIENTED_EDGE('',*,*,#2250,.T.);
#1037=ORIENTED_EDGE('',*,*,#2251,.T.);
#1038=ORIENTED_EDGE('',*,*,#2252,.T.);
#1039=ORIENTED_EDGE('',*,*,#2253,.T.);
#1040=ORIENTED_EDGE('',*,*,#2254,.T.);
#1041=ORIENTED_EDGE('',*,*,#2255,.T.);
#1042=ORIENTED_EDGE('',*,*,#2256,.T.);
#1043=ORIENTED_EDGE('',*,*,#2257,.T.);
#1044=ORIENTED_EDGE('',*,*,#2258,.T.);
#1045=ORIENTED_EDGE('',*,*,#2259,.T.);
#1046=ORIENTED_EDGE('',*,*,#2260,.T.);
#1047=ORIENTED_EDGE('',*,*,#2261,.T.);
#1048=ORIENTED_EDGE('',*,*,#2262,.T.);
#1049=ORIENTED_EDGE('',*,*,#2263,.T.);
#1050=ORIENTED_EDGE('',*,*,#2264,.T.);
#1051=ORIENTED_EDGE('',*,*,#2265,.T.);
#1052=ORIENTED_EDGE('',*,*,#2266,.T.);
#1053=ORIENTED_EDGE('',*,*,#2267,.T.);
#1054=ORIENTED_EDGE('',*,*,#2268,.T.);
#1055=ORIENTED_EDGE('',*,*,#2269,.T.);
#1056=ORIENTED_EDGE('',*,*,#2270,.T.);
#1057=ORIENTED_EDGE('',*,*,#2271,.T.);
#1058=ORIENTED_EDGE('',*,*,#2272,.T.);
#1059=ORIENTED_EDGE('',*,*,#2273,.T.);
#1060=ORIENTED_EDGE('',*,*,#2274,.T.);
#1061=ORIENTED_EDGE('',*,*,#2275,.T.);
#1062=ORIENTED_EDGE('',*,*,#2276,.T.);
#1063=ORIENTED_EDGE('',*,*,#2277,.T.);
#1064=ORIENTED_EDGE('',*,*,#2278,.T.);
#1065=ORIENTED_EDGE('',*,*,#2279,.T.);
#1066=ORIENTED_EDGE('',*,*,#2280,.T.);
#1067=ORIENTED_EDGE('',*,*,#2281,.T.);
#1068=ORIENTED_EDGE('',*,*,#2282,.T.);
#1069=ORIENTED_EDGE('',*,*,#2283,.T.);
#1070=ORIENTED_EDGE('',*,*,#2284,.T.);
#1071=ORIENTED_EDGE('',*,*,#2285,.T.);
#1072=ORIENTED_EDGE('',*,*,#2286,.T.);
#1073=ORIENTED_EDGE('',*,*,#2287,.T.);
#1074=ORIENTED_EDGE('',*,*,#2288,.T.);
#1075=ORIENTED_EDGE('',*,*,#2289,.T.);
#1076=ORIENTED_EDGE('',*,*,#2290,.T.);
#1077=ORIENTED_EDGE('',*,*,#2291,.T.);
#1078=ORIENTED_EDGE('',*,*,#2292,.T.);
#1079=ORIENTED_EDGE('',*,*,#2293,.T.);
#1080=ORIENTED_EDGE('',*,*,#2294,.T.);
#1081=ORIENTED_EDGE('',*,*,#2295,.T.);
#1082=ORIENTED_EDGE('',*,*,#2296,.T.);
#1083=ORIENTED_EDGE('',*,*,#2297,.T.);
#1084=ORIENTED_EDGE('',*,*,#2298,.T.);
#1085=ORIENTED_EDGE('',*,*,#2299,.T.);
#1086=ORIENTED_EDGE('',*,*,#2300,.T.);
#1087=ORIENTED_EDGE('',*,*,#2301,.T.);
#1088=ORIENTED_EDGE('',*,*,#2302,.T.);
#1089=ORIENTED_EDGE('',*,*,#2303,.T.);
#1090=ORIENTED_EDGE('',*,*,#2304,.T.);
#1091=ORIENTED_EDGE('',*,*,#2305,.T.);
#1092=ORIENTED_EDGE('',*,*,#2306,.T.);
#1093=ORIENTED_EDGE('',*,*,#2307,.T.);
#1094=ORIENTED_EDGE('',*,*,#2308,.T.);
#1095=ORIENTED_EDGE('',*,*,#2309,.T.);
#1096=ORIENTED_EDGE('',*,*,#2310,.T.);
#1097=ORIENTED_EDGE('',*,*,#2311,.T.);
#1098=ORIENTED_EDGE('',*,*,#2312,.T.);
#1099=ORIENTED_EDGE('',*,*,#2313,.T.);
#1100=ORIENTED_EDGE('',*,*,#2314,.T.);
#1101=ORIENTED_EDGE('',*,*,#2315,.T.);
#1102=ORIENTED_EDGE('',*,*,#2316,.T.);
#1103=ORIENTED_EDGE('',*,*,#2317,.T.);
#1104=ORIENTED_EDGE('',*,*,#2318,.T.);
#1105=ORIENTED_EDGE('',*,*,#2319,.T.);
#1106=ORIENTED_EDGE('',*,*,#2320,.T.);
#1107=ORIENTED_EDGE('',*,*,#2321,.T.);
#1108=ORIENTED_EDGE('',*,*,#2322,.T.);
#1109=ORIENTED_EDGE('',*,*,#2323,.T.);
#1110=ORIENTED_EDGE('',*,*,#2324,.T.);
#1111=ORIENTED_EDGE('',*,*,#2325,.T.);
#1112=ORIENTED_EDGE('',*,*,#2326,.T.);
#1113=ORIENTED_EDGE('',*,*,#2327,.T.);
#1114=ORIENTED_EDGE('',*,*,#2328,.T.);
#1115=ORIENTED_EDGE('',*,*,#2329,.T.);
#1116=ORIENTED_EDGE('',*,*,#2330,.T.);
#1117=ORIENTED_EDGE('',*,*,#2331,.T.);
#1118=ORIENTED_EDGE('',*,*,#2332,.T.);
#1119=ORIENTED_EDGE('',*,*,#2333,.T.);
#1120=ORIENTED_EDGE('',*,*,#2334,.T.);
#1121=ORIENTED_EDGE('',*,*,#2335,.T.);
#1122=ORIENTED_EDGE('',*,*,#2336,.T.);
#1123=ORIENTED_EDGE('',*,*,#2337,.T.);
#1124=ORIENTED_EDGE('',*,*,#2338,.T.);
#1125=ORIENTED_EDGE('',*,*,#2339,.T.);
#1126=ORIENTED_EDGE('',*,*,#2340,.T.);
#1127=ORIENTED_EDGE('',*,*,#2341,.T.);
#1128=ORIENTED_EDGE('',*,*,#2342,.T.);
#1129=ORIENTED_EDGE('',*,*,#2343,.T.);
#1130=ORIENTED_EDGE('',*,*,#2344,.T.);
#1131=ORIENTED_EDGE('',*,*,#2345,.T.);
#1132=ORIENTED_EDGE('',*,*,#2346,.T.);
#1133=ORIENTED_EDGE('',*,*,#2347,.T.);
#1134=ORIENTED_EDGE('',*,*,#2348,.T.);
#1135=ORIENTED_EDGE('',*,*,#2349,.T.);
#1136=ORIENTED_EDGE('',*,*,#2350,.T.);
#1137=ORIENTED_EDGE('',*,*,#2351,.T.);
#1138=ORIENTED_EDGE('',*,*,#2352,.T.);
#1139=ORIENTED_EDGE('',*,*,#2353,.F.);
#1140=ORIENTED_EDGE('',*,*,#2354,.T.);
#1141=ORIENTED_EDGE('',*,*,#2355,.T.);
#1142=ORIENTED_EDGE('',*,*,#2356,.T.);
#1143=ORIENTED_EDGE('',*,*,#2357,.F.);
#1144=ORIENTED_EDGE('',*,*,#2358,.T.);
#1145=ORIENTED_EDGE('',*,*,#2353,.T.);
#1146=ORIENTED_EDGE('',*,*,#2359,.T.);
#1147=ORIENTED_EDGE('',*,*,#2360,.F.);
#1148=ORIENTED_EDGE('',*,*,#2361,.T.);
#1149=ORIENTED_EDGE('',*,*,#2357,.T.);
#1150=ORIENTED_EDGE('',*,*,#2362,.T.);
#1151=ORIENTED_EDGE('',*,*,#2363,.T.);
#1152=ORIENTED_EDGE('',*,*,#2364,.T.);
#1153=ORIENTED_EDGE('',*,*,#2360,.T.);
#1154=ORIENTED_EDGE('',*,*,#2365,.T.);
#1155=ORIENTED_EDGE('',*,*,#2366,.F.);
#1156=ORIENTED_EDGE('',*,*,#2367,.T.);
#1157=ORIENTED_EDGE('',*,*,#2368,.T.);
#1158=ORIENTED_EDGE('',*,*,#2369,.T.);
#1159=ORIENTED_EDGE('',*,*,#2370,.F.);
#1160=ORIENTED_EDGE('',*,*,#2371,.T.);
#1161=ORIENTED_EDGE('',*,*,#2366,.T.);
#1162=ORIENTED_EDGE('',*,*,#2372,.T.);
#1163=ORIENTED_EDGE('',*,*,#2373,.F.);
#1164=ORIENTED_EDGE('',*,*,#2374,.T.);
#1165=ORIENTED_EDGE('',*,*,#2370,.T.);
#1166=ORIENTED_EDGE('',*,*,#2375,.T.);
#1167=ORIENTED_EDGE('',*,*,#2376,.F.);
#1168=ORIENTED_EDGE('',*,*,#2377,.T.);
#1169=ORIENTED_EDGE('',*,*,#2373,.T.);
#1170=ORIENTED_EDGE('',*,*,#2378,.T.);
#1171=ORIENTED_EDGE('',*,*,#2379,.F.);
#1172=ORIENTED_EDGE('',*,*,#2380,.T.);
#1173=ORIENTED_EDGE('',*,*,#2376,.T.);
#1174=ORIENTED_EDGE('',*,*,#2381,.T.);
#1175=ORIENTED_EDGE('',*,*,#2382,.F.);
#1176=ORIENTED_EDGE('',*,*,#2383,.T.);
#1177=ORIENTED_EDGE('',*,*,#2379,.T.);
#1178=ORIENTED_EDGE('',*,*,#2384,.T.);
#1179=ORIENTED_EDGE('',*,*,#2385,.F.);
#1180=ORIENTED_EDGE('',*,*,#2386,.T.);
#1181=ORIENTED_EDGE('',*,*,#2382,.T.);
#1182=ORIENTED_EDGE('',*,*,#2387,.T.);
#1183=ORIENTED_EDGE('',*,*,#2388,.F.);
#1184=ORIENTED_EDGE('',*,*,#2389,.T.);
#1185=ORIENTED_EDGE('',*,*,#2385,.T.);
#1186=ORIENTED_EDGE('',*,*,#2390,.T.);
#1187=ORIENTED_EDGE('',*,*,#2391,.F.);
#1188=ORIENTED_EDGE('',*,*,#2392,.T.);
#1189=ORIENTED_EDGE('',*,*,#2388,.T.);
#1190=ORIENTED_EDGE('',*,*,#2393,.T.);
#1191=ORIENTED_EDGE('',*,*,#2394,.F.);
#1192=ORIENTED_EDGE('',*,*,#2395,.T.);
#1193=ORIENTED_EDGE('',*,*,#2391,.T.);
#1194=ORIENTED_EDGE('',*,*,#2396,.T.);
#1195=ORIENTED_EDGE('',*,*,#2397,.T.);
#1196=ORIENTED_EDGE('',*,*,#2398,.T.);
#1197=ORIENTED_EDGE('',*,*,#2394,.T.);
#1198=ORIENTED_EDGE('',*,*,#2399,.T.);
#1199=ORIENTED_EDGE('',*,*,#2400,.T.);
#1200=ORIENTED_EDGE('',*,*,#2401,.F.);
#1201=ORIENTED_EDGE('',*,*,#2402,.F.);
#1202=ORIENTED_EDGE('',*,*,#2403,.T.);
#1203=ORIENTED_EDGE('',*,*,#2401,.T.);
#1204=ORIENTED_EDGE('',*,*,#2404,.T.);
#1205=ORIENTED_EDGE('',*,*,#2405,.T.);
#1206=ORIENTED_EDGE('',*,*,#2406,.T.);
#1207=ORIENTED_EDGE('',*,*,#2407,.T.);
#1208=ORIENTED_EDGE('',*,*,#2408,.T.);
#1209=ORIENTED_EDGE('',*,*,#2368,.F.);
#1210=ORIENTED_EDGE('',*,*,#2409,.T.);
#1211=ORIENTED_EDGE('',*,*,#2402,.T.);
#1212=ORIENTED_EDGE('',*,*,#2410,.T.);
#1213=ORIENTED_EDGE('',*,*,#2411,.T.);
#1214=ORIENTED_EDGE('',*,*,#2412,.T.);
#1215=ORIENTED_EDGE('',*,*,#2413,.T.);
#1216=ORIENTED_EDGE('',*,*,#2414,.T.);
#1217=ORIENTED_EDGE('',*,*,#2415,.T.);
#1218=ORIENTED_EDGE('',*,*,#2416,.T.);
#1219=ORIENTED_EDGE('',*,*,#2417,.T.);
#1220=ORIENTED_EDGE('',*,*,#2418,.T.);
#1221=ORIENTED_EDGE('',*,*,#2419,.T.);
#1222=ORIENTED_EDGE('',*,*,#2420,.T.);
#1223=ORIENTED_EDGE('',*,*,#2421,.T.);
#1224=ORIENTED_EDGE('',*,*,#2422,.T.);
#1225=ORIENTED_EDGE('',*,*,#2423,.T.);
#1226=ORIENTED_EDGE('',*,*,#2424,.T.);
#1227=ORIENTED_EDGE('',*,*,#2425,.T.);
#1228=ORIENTED_EDGE('',*,*,#2426,.T.);
#1229=ORIENTED_EDGE('',*,*,#2427,.T.);
#1230=ORIENTED_EDGE('',*,*,#2428,.T.);
#1231=ORIENTED_EDGE('',*,*,#2429,.T.);
#1232=ORIENTED_EDGE('',*,*,#2210,.F.);
#1233=ORIENTED_EDGE('',*,*,#2212,.T.);
#1234=ORIENTED_EDGE('',*,*,#2430,.T.);
#1235=ORIENTED_EDGE('',*,*,#2431,.F.);
#1236=ORIENTED_EDGE('',*,*,#2431,.T.);
#1237=ORIENTED_EDGE('',*,*,#2430,.F.);
#1238=ORIENTED_EDGE('',*,*,#2407,.F.);
#1239=ORIENTED_EDGE('',*,*,#2432,.T.);
#1240=ORIENTED_EDGE('',*,*,#2363,.F.);
#1241=ORIENTED_EDGE('',*,*,#2433,.T.);
#1242=ORIENTED_EDGE('',*,*,#2355,.F.);
#1243=ORIENTED_EDGE('',*,*,#2434,.T.);
#1244=ORIENTED_EDGE('',*,*,#2405,.F.);
#1245=ORIENTED_EDGE('',*,*,#2435,.T.);
#1246=ORIENTED_EDGE('',*,*,#2436,.F.);
#1247=ORIENTED_EDGE('',*,*,#2437,.F.);
#1248=ORIENTED_EDGE('',*,*,#2438,.T.);
#1249=ORIENTED_EDGE('',*,*,#2439,.T.);
#1250=ORIENTED_EDGE('',*,*,#2440,.F.);
#1251=ORIENTED_EDGE('',*,*,#2441,.F.);
#1252=ORIENTED_EDGE('',*,*,#2442,.T.);
#1253=ORIENTED_EDGE('',*,*,#2437,.T.);
#1254=ORIENTED_EDGE('',*,*,#2443,.F.);
#1255=ORIENTED_EDGE('',*,*,#2444,.F.);
#1256=ORIENTED_EDGE('',*,*,#2445,.T.);
#1257=ORIENTED_EDGE('',*,*,#2441,.T.);
#1258=ORIENTED_EDGE('',*,*,#2446,.F.);
#1259=ORIENTED_EDGE('',*,*,#2447,.F.);
#1260=ORIENTED_EDGE('',*,*,#2448,.T.);
#1261=ORIENTED_EDGE('',*,*,#2444,.T.);
#1262=ORIENTED_EDGE('',*,*,#2449,.F.);
#1263=ORIENTED_EDGE('',*,*,#2450,.F.);
#1264=ORIENTED_EDGE('',*,*,#2451,.T.);
#1265=ORIENTED_EDGE('',*,*,#2447,.T.);
#1266=ORIENTED_EDGE('',*,*,#2452,.F.);
#1267=ORIENTED_EDGE('',*,*,#2453,.F.);
#1268=ORIENTED_EDGE('',*,*,#2454,.T.);
#1269=ORIENTED_EDGE('',*,*,#2450,.T.);
#1270=ORIENTED_EDGE('',*,*,#2320,.F.);
#1271=ORIENTED_EDGE('',*,*,#2455,.F.);
#1272=ORIENTED_EDGE('',*,*,#2456,.T.);
#1273=ORIENTED_EDGE('',*,*,#2457,.T.);
#1274=ORIENTED_EDGE('',*,*,#2319,.F.);
#1275=ORIENTED_EDGE('',*,*,#2458,.F.);
#1276=ORIENTED_EDGE('',*,*,#2459,.T.);
#1277=ORIENTED_EDGE('',*,*,#2455,.T.);
#1278=ORIENTED_EDGE('',*,*,#2329,.F.);
#1279=ORIENTED_EDGE('',*,*,#2460,.F.);
#1280=ORIENTED_EDGE('',*,*,#2461,.T.);
#1281=ORIENTED_EDGE('',*,*,#2458,.T.);
#1282=ORIENTED_EDGE('',*,*,#2328,.F.);
#1283=ORIENTED_EDGE('',*,*,#2462,.F.);
#1284=ORIENTED_EDGE('',*,*,#2463,.T.);
#1285=ORIENTED_EDGE('',*,*,#2460,.T.);
#1286=ORIENTED_EDGE('',*,*,#2327,.F.);
#1287=ORIENTED_EDGE('',*,*,#2464,.F.);
#1288=ORIENTED_EDGE('',*,*,#2465,.T.);
#1289=ORIENTED_EDGE('',*,*,#2462,.T.);
#1290=ORIENTED_EDGE('',*,*,#2326,.F.);
#1291=ORIENTED_EDGE('',*,*,#2466,.F.);
#1292=ORIENTED_EDGE('',*,*,#2467,.T.);
#1293=ORIENTED_EDGE('',*,*,#2464,.T.);
#1294=ORIENTED_EDGE('',*,*,#2325,.F.);
#1295=ORIENTED_EDGE('',*,*,#2468,.F.);
#1296=ORIENTED_EDGE('',*,*,#2469,.T.);
#1297=ORIENTED_EDGE('',*,*,#2466,.T.);
#1298=ORIENTED_EDGE('',*,*,#2324,.F.);
#1299=ORIENTED_EDGE('',*,*,#2470,.F.);
#1300=ORIENTED_EDGE('',*,*,#2471,.T.);
#1301=ORIENTED_EDGE('',*,*,#2468,.T.);
#1302=ORIENTED_EDGE('',*,*,#2323,.F.);
#1303=ORIENTED_EDGE('',*,*,#2472,.F.);
#1304=ORIENTED_EDGE('',*,*,#2473,.T.);
#1305=ORIENTED_EDGE('',*,*,#2470,.T.);
#1306=ORIENTED_EDGE('',*,*,#2322,.F.);
#1307=ORIENTED_EDGE('',*,*,#2474,.F.);
#1308=ORIENTED_EDGE('',*,*,#2475,.T.);
#1309=ORIENTED_EDGE('',*,*,#2472,.T.);
#1310=ORIENTED_EDGE('',*,*,#2321,.F.);
#1311=ORIENTED_EDGE('',*,*,#2457,.F.);
#1312=ORIENTED_EDGE('',*,*,#2476,.T.);
#1313=ORIENTED_EDGE('',*,*,#2474,.T.);
#1314=ORIENTED_EDGE('',*,*,#2477,.F.);
#1315=ORIENTED_EDGE('',*,*,#2439,.F.);
#1316=ORIENTED_EDGE('',*,*,#2478,.T.);
#1317=ORIENTED_EDGE('',*,*,#2453,.T.);
#1318=ORIENTED_EDGE('',*,*,#2456,.F.);
#1319=ORIENTED_EDGE('',*,*,#2459,.F.);
#1320=ORIENTED_EDGE('',*,*,#2461,.F.);
#1321=ORIENTED_EDGE('',*,*,#2463,.F.);
#1322=ORIENTED_EDGE('',*,*,#2465,.F.);
#1323=ORIENTED_EDGE('',*,*,#2467,.F.);
#1324=ORIENTED_EDGE('',*,*,#2469,.F.);
#1325=ORIENTED_EDGE('',*,*,#2471,.F.);
#1326=ORIENTED_EDGE('',*,*,#2473,.F.);
#1327=ORIENTED_EDGE('',*,*,#2475,.F.);
#1328=ORIENTED_EDGE('',*,*,#2476,.F.);
#1329=ORIENTED_EDGE('',*,*,#2438,.F.);
#1330=ORIENTED_EDGE('',*,*,#2442,.F.);
#1331=ORIENTED_EDGE('',*,*,#2445,.F.);
#1332=ORIENTED_EDGE('',*,*,#2448,.F.);
#1333=ORIENTED_EDGE('',*,*,#2451,.F.);
#1334=ORIENTED_EDGE('',*,*,#2454,.F.);
#1335=ORIENTED_EDGE('',*,*,#2478,.F.);
#1336=ORIENTED_EDGE('',*,*,#2305,.F.);
#1337=ORIENTED_EDGE('',*,*,#2479,.F.);
#1338=ORIENTED_EDGE('',*,*,#2480,.T.);
#1339=ORIENTED_EDGE('',*,*,#2481,.T.);
#1340=ORIENTED_EDGE('',*,*,#2304,.F.);
#1341=ORIENTED_EDGE('',*,*,#2482,.F.);
#1342=ORIENTED_EDGE('',*,*,#2483,.T.);
#1343=ORIENTED_EDGE('',*,*,#2479,.T.);
#1344=ORIENTED_EDGE('',*,*,#2318,.F.);
#1345=ORIENTED_EDGE('',*,*,#2484,.F.);
#1346=ORIENTED_EDGE('',*,*,#2485,.T.);
#1347=ORIENTED_EDGE('',*,*,#2482,.T.);
#1348=ORIENTED_EDGE('',*,*,#2317,.F.);
#1349=ORIENTED_EDGE('',*,*,#2486,.F.);
#1350=ORIENTED_EDGE('',*,*,#2487,.T.);
#1351=ORIENTED_EDGE('',*,*,#2484,.T.);
#1352=ORIENTED_EDGE('',*,*,#2316,.F.);
#1353=ORIENTED_EDGE('',*,*,#2488,.F.);
#1354=ORIENTED_EDGE('',*,*,#2489,.T.);
#1355=ORIENTED_EDGE('',*,*,#2486,.T.);
#1356=ORIENTED_EDGE('',*,*,#2315,.F.);
#1357=ORIENTED_EDGE('',*,*,#2490,.F.);
#1358=ORIENTED_EDGE('',*,*,#2491,.T.);
#1359=ORIENTED_EDGE('',*,*,#2488,.T.);
#1360=ORIENTED_EDGE('',*,*,#2314,.F.);
#1361=ORIENTED_EDGE('',*,*,#2492,.F.);
#1362=ORIENTED_EDGE('',*,*,#2493,.T.);
#1363=ORIENTED_EDGE('',*,*,#2490,.T.);
#1364=ORIENTED_EDGE('',*,*,#2313,.F.);
#1365=ORIENTED_EDGE('',*,*,#2494,.F.);
#1366=ORIENTED_EDGE('',*,*,#2495,.T.);
#1367=ORIENTED_EDGE('',*,*,#2492,.T.);
#1368=ORIENTED_EDGE('',*,*,#2312,.F.);
#1369=ORIENTED_EDGE('',*,*,#2496,.F.);
#1370=ORIENTED_EDGE('',*,*,#2497,.T.);
#1371=ORIENTED_EDGE('',*,*,#2494,.T.);
#1372=ORIENTED_EDGE('',*,*,#2311,.F.);
#1373=ORIENTED_EDGE('',*,*,#2498,.F.);
#1374=ORIENTED_EDGE('',*,*,#2499,.T.);
#1375=ORIENTED_EDGE('',*,*,#2496,.T.);
#1376=ORIENTED_EDGE('',*,*,#2310,.F.);
#1377=ORIENTED_EDGE('',*,*,#2500,.F.);
#1378=ORIENTED_EDGE('',*,*,#2501,.T.);
#1379=ORIENTED_EDGE('',*,*,#2498,.T.);
#1380=ORIENTED_EDGE('',*,*,#2309,.F.);
#1381=ORIENTED_EDGE('',*,*,#2502,.F.);
#1382=ORIENTED_EDGE('',*,*,#2503,.T.);
#1383=ORIENTED_EDGE('',*,*,#2500,.T.);
#1384=ORIENTED_EDGE('',*,*,#2308,.F.);
#1385=ORIENTED_EDGE('',*,*,#2504,.F.);
#1386=ORIENTED_EDGE('',*,*,#2505,.T.);
#1387=ORIENTED_EDGE('',*,*,#2502,.T.);
#1388=ORIENTED_EDGE('',*,*,#2307,.F.);
#1389=ORIENTED_EDGE('',*,*,#2506,.F.);
#1390=ORIENTED_EDGE('',*,*,#2507,.T.);
#1391=ORIENTED_EDGE('',*,*,#2504,.T.);
#1392=ORIENTED_EDGE('',*,*,#2508,.F.);
#1393=ORIENTED_EDGE('',*,*,#2509,.F.);
#1394=ORIENTED_EDGE('',*,*,#2510,.T.);
#1395=ORIENTED_EDGE('',*,*,#2511,.T.);
#1396=ORIENTED_EDGE('',*,*,#2512,.F.);
#1397=ORIENTED_EDGE('',*,*,#2513,.F.);
#1398=ORIENTED_EDGE('',*,*,#2514,.T.);
#1399=ORIENTED_EDGE('',*,*,#2509,.T.);
#1400=ORIENTED_EDGE('',*,*,#2515,.F.);
#1401=ORIENTED_EDGE('',*,*,#2516,.F.);
#1402=ORIENTED_EDGE('',*,*,#2517,.T.);
#1403=ORIENTED_EDGE('',*,*,#2513,.T.);
#1404=ORIENTED_EDGE('',*,*,#2518,.F.);
#1405=ORIENTED_EDGE('',*,*,#2519,.F.);
#1406=ORIENTED_EDGE('',*,*,#2520,.T.);
#1407=ORIENTED_EDGE('',*,*,#2516,.T.);
#1408=ORIENTED_EDGE('',*,*,#2521,.F.);
#1409=ORIENTED_EDGE('',*,*,#2511,.F.);
#1410=ORIENTED_EDGE('',*,*,#2522,.T.);
#1411=ORIENTED_EDGE('',*,*,#2519,.T.);
#1412=ORIENTED_EDGE('',*,*,#2306,.F.);
#1413=ORIENTED_EDGE('',*,*,#2481,.F.);
#1414=ORIENTED_EDGE('',*,*,#2523,.T.);
#1415=ORIENTED_EDGE('',*,*,#2506,.T.);
#1416=ORIENTED_EDGE('',*,*,#2510,.F.);
#1417=ORIENTED_EDGE('',*,*,#2514,.F.);
#1418=ORIENTED_EDGE('',*,*,#2517,.F.);
#1419=ORIENTED_EDGE('',*,*,#2520,.F.);
#1420=ORIENTED_EDGE('',*,*,#2522,.F.);
#1421=ORIENTED_EDGE('',*,*,#2480,.F.);
#1422=ORIENTED_EDGE('',*,*,#2483,.F.);
#1423=ORIENTED_EDGE('',*,*,#2485,.F.);
#1424=ORIENTED_EDGE('',*,*,#2487,.F.);
#1425=ORIENTED_EDGE('',*,*,#2489,.F.);
#1426=ORIENTED_EDGE('',*,*,#2491,.F.);
#1427=ORIENTED_EDGE('',*,*,#2493,.F.);
#1428=ORIENTED_EDGE('',*,*,#2495,.F.);
#1429=ORIENTED_EDGE('',*,*,#2497,.F.);
#1430=ORIENTED_EDGE('',*,*,#2499,.F.);
#1431=ORIENTED_EDGE('',*,*,#2501,.F.);
#1432=ORIENTED_EDGE('',*,*,#2503,.F.);
#1433=ORIENTED_EDGE('',*,*,#2505,.F.);
#1434=ORIENTED_EDGE('',*,*,#2507,.F.);
#1435=ORIENTED_EDGE('',*,*,#2523,.F.);
#1436=ORIENTED_EDGE('',*,*,#2512,.T.);
#1437=ORIENTED_EDGE('',*,*,#2508,.T.);
#1438=ORIENTED_EDGE('',*,*,#2521,.T.);
#1439=ORIENTED_EDGE('',*,*,#2518,.T.);
#1440=ORIENTED_EDGE('',*,*,#2515,.T.);
#1441=ORIENTED_EDGE('',*,*,#2295,.F.);
#1442=ORIENTED_EDGE('',*,*,#2524,.F.);
#1443=ORIENTED_EDGE('',*,*,#2525,.T.);
#1444=ORIENTED_EDGE('',*,*,#2526,.T.);
#1445=ORIENTED_EDGE('',*,*,#2294,.F.);
#1446=ORIENTED_EDGE('',*,*,#2527,.F.);
#1447=ORIENTED_EDGE('',*,*,#2528,.T.);
#1448=ORIENTED_EDGE('',*,*,#2524,.T.);
#1449=ORIENTED_EDGE('',*,*,#2303,.F.);
#1450=ORIENTED_EDGE('',*,*,#2529,.F.);
#1451=ORIENTED_EDGE('',*,*,#2530,.T.);
#1452=ORIENTED_EDGE('',*,*,#2527,.T.);
#1453=ORIENTED_EDGE('',*,*,#2302,.F.);
#1454=ORIENTED_EDGE('',*,*,#2531,.F.);
#1455=ORIENTED_EDGE('',*,*,#2532,.T.);
#1456=ORIENTED_EDGE('',*,*,#2529,.T.);
#1457=ORIENTED_EDGE('',*,*,#2301,.F.);
#1458=ORIENTED_EDGE('',*,*,#2533,.F.);
#1459=ORIENTED_EDGE('',*,*,#2534,.T.);
#1460=ORIENTED_EDGE('',*,*,#2531,.T.);
#1461=ORIENTED_EDGE('',*,*,#2300,.F.);
#1462=ORIENTED_EDGE('',*,*,#2535,.F.);
#1463=ORIENTED_EDGE('',*,*,#2536,.T.);
#1464=ORIENTED_EDGE('',*,*,#2533,.T.);
#1465=ORIENTED_EDGE('',*,*,#2299,.F.);
#1466=ORIENTED_EDGE('',*,*,#2537,.F.);
#1467=ORIENTED_EDGE('',*,*,#2538,.T.);
#1468=ORIENTED_EDGE('',*,*,#2535,.T.);
#1469=ORIENTED_EDGE('',*,*,#2298,.F.);
#1470=ORIENTED_EDGE('',*,*,#2539,.F.);
#1471=ORIENTED_EDGE('',*,*,#2540,.T.);
#1472=ORIENTED_EDGE('',*,*,#2537,.T.);
#1473=ORIENTED_EDGE('',*,*,#2297,.F.);
#1474=ORIENTED_EDGE('',*,*,#2541,.F.);
#1475=ORIENTED_EDGE('',*,*,#2542,.T.);
#1476=ORIENTED_EDGE('',*,*,#2539,.T.);
#1477=ORIENTED_EDGE('',*,*,#2543,.F.);
#1478=ORIENTED_EDGE('',*,*,#2544,.F.);
#1479=ORIENTED_EDGE('',*,*,#2545,.T.);
#1480=ORIENTED_EDGE('',*,*,#2546,.T.);
#1481=ORIENTED_EDGE('',*,*,#2547,.F.);
#1482=ORIENTED_EDGE('',*,*,#2548,.F.);
#1483=ORIENTED_EDGE('',*,*,#2549,.T.);
#1484=ORIENTED_EDGE('',*,*,#2544,.T.);
#1485=ORIENTED_EDGE('',*,*,#2550,.F.);
#1486=ORIENTED_EDGE('',*,*,#2551,.F.);
#1487=ORIENTED_EDGE('',*,*,#2552,.T.);
#1488=ORIENTED_EDGE('',*,*,#2548,.T.);
#1489=ORIENTED_EDGE('',*,*,#2553,.F.);
#1490=ORIENTED_EDGE('',*,*,#2554,.F.);
#1491=ORIENTED_EDGE('',*,*,#2555,.T.);
#1492=ORIENTED_EDGE('',*,*,#2551,.T.);
#1493=ORIENTED_EDGE('',*,*,#2556,.F.);
#1494=ORIENTED_EDGE('',*,*,#2557,.F.);
#1495=ORIENTED_EDGE('',*,*,#2558,.T.);
#1496=ORIENTED_EDGE('',*,*,#2554,.T.);
#1497=ORIENTED_EDGE('',*,*,#2559,.F.);
#1498=ORIENTED_EDGE('',*,*,#2560,.F.);
#1499=ORIENTED_EDGE('',*,*,#2561,.T.);
#1500=ORIENTED_EDGE('',*,*,#2557,.T.);
#1501=ORIENTED_EDGE('',*,*,#2562,.F.);
#1502=ORIENTED_EDGE('',*,*,#2563,.F.);
#1503=ORIENTED_EDGE('',*,*,#2564,.T.);
#1504=ORIENTED_EDGE('',*,*,#2560,.T.);
#1505=ORIENTED_EDGE('',*,*,#2565,.F.);
#1506=ORIENTED_EDGE('',*,*,#2546,.F.);
#1507=ORIENTED_EDGE('',*,*,#2566,.T.);
#1508=ORIENTED_EDGE('',*,*,#2563,.T.);
#1509=ORIENTED_EDGE('',*,*,#2296,.F.);
#1510=ORIENTED_EDGE('',*,*,#2526,.F.);
#1511=ORIENTED_EDGE('',*,*,#2567,.T.);
#1512=ORIENTED_EDGE('',*,*,#2541,.T.);
#1513=ORIENTED_EDGE('',*,*,#2545,.F.);
#1514=ORIENTED_EDGE('',*,*,#2549,.F.);
#1515=ORIENTED_EDGE('',*,*,#2552,.F.);
#1516=ORIENTED_EDGE('',*,*,#2555,.F.);
#1517=ORIENTED_EDGE('',*,*,#2558,.F.);
#1518=ORIENTED_EDGE('',*,*,#2561,.F.);
#1519=ORIENTED_EDGE('',*,*,#2564,.F.);
#1520=ORIENTED_EDGE('',*,*,#2566,.F.);
#1521=ORIENTED_EDGE('',*,*,#2525,.F.);
#1522=ORIENTED_EDGE('',*,*,#2528,.F.);
#1523=ORIENTED_EDGE('',*,*,#2530,.F.);
#1524=ORIENTED_EDGE('',*,*,#2532,.F.);
#1525=ORIENTED_EDGE('',*,*,#2534,.F.);
#1526=ORIENTED_EDGE('',*,*,#2536,.F.);
#1527=ORIENTED_EDGE('',*,*,#2538,.F.);
#1528=ORIENTED_EDGE('',*,*,#2540,.F.);
#1529=ORIENTED_EDGE('',*,*,#2542,.F.);
#1530=ORIENTED_EDGE('',*,*,#2567,.F.);
#1531=ORIENTED_EDGE('',*,*,#2547,.T.);
#1532=ORIENTED_EDGE('',*,*,#2543,.T.);
#1533=ORIENTED_EDGE('',*,*,#2565,.T.);
#1534=ORIENTED_EDGE('',*,*,#2562,.T.);
#1535=ORIENTED_EDGE('',*,*,#2559,.T.);
#1536=ORIENTED_EDGE('',*,*,#2556,.T.);
#1537=ORIENTED_EDGE('',*,*,#2553,.T.);
#1538=ORIENTED_EDGE('',*,*,#2550,.T.);
#1539=ORIENTED_EDGE('',*,*,#2283,.F.);
#1540=ORIENTED_EDGE('',*,*,#2568,.F.);
#1541=ORIENTED_EDGE('',*,*,#2569,.T.);
#1542=ORIENTED_EDGE('',*,*,#2570,.T.);
#1543=ORIENTED_EDGE('',*,*,#2282,.F.);
#1544=ORIENTED_EDGE('',*,*,#2571,.F.);
#1545=ORIENTED_EDGE('',*,*,#2572,.T.);
#1546=ORIENTED_EDGE('',*,*,#2568,.T.);
#1547=ORIENTED_EDGE('',*,*,#2293,.F.);
#1548=ORIENTED_EDGE('',*,*,#2573,.F.);
#1549=ORIENTED_EDGE('',*,*,#2574,.T.);
#1550=ORIENTED_EDGE('',*,*,#2571,.T.);
#1551=ORIENTED_EDGE('',*,*,#2292,.F.);
#1552=ORIENTED_EDGE('',*,*,#2575,.F.);
#1553=ORIENTED_EDGE('',*,*,#2576,.T.);
#1554=ORIENTED_EDGE('',*,*,#2573,.T.);
#1555=ORIENTED_EDGE('',*,*,#2291,.F.);
#1556=ORIENTED_EDGE('',*,*,#2577,.F.);
#1557=ORIENTED_EDGE('',*,*,#2578,.T.);
#1558=ORIENTED_EDGE('',*,*,#2575,.T.);
#1559=ORIENTED_EDGE('',*,*,#2290,.F.);
#1560=ORIENTED_EDGE('',*,*,#2579,.F.);
#1561=ORIENTED_EDGE('',*,*,#2580,.T.);
#1562=ORIENTED_EDGE('',*,*,#2577,.T.);
#1563=ORIENTED_EDGE('',*,*,#2289,.F.);
#1564=ORIENTED_EDGE('',*,*,#2581,.F.);
#1565=ORIENTED_EDGE('',*,*,#2582,.T.);
#1566=ORIENTED_EDGE('',*,*,#2579,.T.);
#1567=ORIENTED_EDGE('',*,*,#2288,.F.);
#1568=ORIENTED_EDGE('',*,*,#2583,.F.);
#1569=ORIENTED_EDGE('',*,*,#2584,.T.);
#1570=ORIENTED_EDGE('',*,*,#2581,.T.);
#1571=ORIENTED_EDGE('',*,*,#2287,.F.);
#1572=ORIENTED_EDGE('',*,*,#2585,.F.);
#1573=ORIENTED_EDGE('',*,*,#2586,.T.);
#1574=ORIENTED_EDGE('',*,*,#2583,.T.);
#1575=ORIENTED_EDGE('',*,*,#2286,.F.);
#1576=ORIENTED_EDGE('',*,*,#2587,.F.);
#1577=ORIENTED_EDGE('',*,*,#2588,.T.);
#1578=ORIENTED_EDGE('',*,*,#2585,.T.);
#1579=ORIENTED_EDGE('',*,*,#2285,.F.);
#1580=ORIENTED_EDGE('',*,*,#2589,.F.);
#1581=ORIENTED_EDGE('',*,*,#2590,.T.);
#1582=ORIENTED_EDGE('',*,*,#2587,.T.);
#1583=ORIENTED_EDGE('',*,*,#2591,.F.);
#1584=ORIENTED_EDGE('',*,*,#2592,.F.);
#1585=ORIENTED_EDGE('',*,*,#2593,.T.);
#1586=ORIENTED_EDGE('',*,*,#2594,.T.);
#1587=ORIENTED_EDGE('',*,*,#2595,.F.);
#1588=ORIENTED_EDGE('',*,*,#2596,.F.);
#1589=ORIENTED_EDGE('',*,*,#2597,.T.);
#1590=ORIENTED_EDGE('',*,*,#2592,.T.);
#1591=ORIENTED_EDGE('',*,*,#2598,.F.);
#1592=ORIENTED_EDGE('',*,*,#2599,.F.);
#1593=ORIENTED_EDGE('',*,*,#2600,.T.);
#1594=ORIENTED_EDGE('',*,*,#2596,.T.);
#1595=ORIENTED_EDGE('',*,*,#2601,.F.);
#1596=ORIENTED_EDGE('',*,*,#2602,.F.);
#1597=ORIENTED_EDGE('',*,*,#2603,.T.);
#1598=ORIENTED_EDGE('',*,*,#2599,.T.);
#1599=ORIENTED_EDGE('',*,*,#2604,.F.);
#1600=ORIENTED_EDGE('',*,*,#2605,.F.);
#1601=ORIENTED_EDGE('',*,*,#2606,.T.);
#1602=ORIENTED_EDGE('',*,*,#2602,.T.);
#1603=ORIENTED_EDGE('',*,*,#2607,.F.);
#1604=ORIENTED_EDGE('',*,*,#2608,.F.);
#1605=ORIENTED_EDGE('',*,*,#2609,.T.);
#1606=ORIENTED_EDGE('',*,*,#2605,.T.);
#1607=ORIENTED_EDGE('',*,*,#2610,.F.);
#1608=ORIENTED_EDGE('',*,*,#2594,.F.);
#1609=ORIENTED_EDGE('',*,*,#2611,.T.);
#1610=ORIENTED_EDGE('',*,*,#2608,.T.);
#1611=ORIENTED_EDGE('',*,*,#2284,.F.);
#1612=ORIENTED_EDGE('',*,*,#2570,.F.);
#1613=ORIENTED_EDGE('',*,*,#2612,.T.);
#1614=ORIENTED_EDGE('',*,*,#2589,.T.);
#1615=ORIENTED_EDGE('',*,*,#2593,.F.);
#1616=ORIENTED_EDGE('',*,*,#2597,.F.);
#1617=ORIENTED_EDGE('',*,*,#2600,.F.);
#1618=ORIENTED_EDGE('',*,*,#2603,.F.);
#1619=ORIENTED_EDGE('',*,*,#2606,.F.);
#1620=ORIENTED_EDGE('',*,*,#2609,.F.);
#1621=ORIENTED_EDGE('',*,*,#2611,.F.);
#1622=ORIENTED_EDGE('',*,*,#2569,.F.);
#1623=ORIENTED_EDGE('',*,*,#2572,.F.);
#1624=ORIENTED_EDGE('',*,*,#2574,.F.);
#1625=ORIENTED_EDGE('',*,*,#2576,.F.);
#1626=ORIENTED_EDGE('',*,*,#2578,.F.);
#1627=ORIENTED_EDGE('',*,*,#2580,.F.);
#1628=ORIENTED_EDGE('',*,*,#2582,.F.);
#1629=ORIENTED_EDGE('',*,*,#2584,.F.);
#1630=ORIENTED_EDGE('',*,*,#2586,.F.);
#1631=ORIENTED_EDGE('',*,*,#2588,.F.);
#1632=ORIENTED_EDGE('',*,*,#2590,.F.);
#1633=ORIENTED_EDGE('',*,*,#2612,.F.);
#1634=ORIENTED_EDGE('',*,*,#2595,.T.);
#1635=ORIENTED_EDGE('',*,*,#2591,.T.);
#1636=ORIENTED_EDGE('',*,*,#2610,.T.);
#1637=ORIENTED_EDGE('',*,*,#2607,.T.);
#1638=ORIENTED_EDGE('',*,*,#2604,.T.);
#1639=ORIENTED_EDGE('',*,*,#2601,.T.);
#1640=ORIENTED_EDGE('',*,*,#2598,.T.);
#1641=ORIENTED_EDGE('',*,*,#2269,.F.);
#1642=ORIENTED_EDGE('',*,*,#2613,.F.);
#1643=ORIENTED_EDGE('',*,*,#2614,.T.);
#1644=ORIENTED_EDGE('',*,*,#2615,.T.);
#1645=ORIENTED_EDGE('',*,*,#2268,.F.);
#1646=ORIENTED_EDGE('',*,*,#2616,.F.);
#1647=ORIENTED_EDGE('',*,*,#2617,.T.);
#1648=ORIENTED_EDGE('',*,*,#2613,.T.);
#1649=ORIENTED_EDGE('',*,*,#2281,.F.);
#1650=ORIENTED_EDGE('',*,*,#2618,.F.);
#1651=ORIENTED_EDGE('',*,*,#2619,.T.);
#1652=ORIENTED_EDGE('',*,*,#2616,.T.);
#1653=ORIENTED_EDGE('',*,*,#2280,.F.);
#1654=ORIENTED_EDGE('',*,*,#2620,.F.);
#1655=ORIENTED_EDGE('',*,*,#2621,.T.);
#1656=ORIENTED_EDGE('',*,*,#2618,.T.);
#1657=ORIENTED_EDGE('',*,*,#2279,.F.);
#1658=ORIENTED_EDGE('',*,*,#2622,.F.);
#1659=ORIENTED_EDGE('',*,*,#2623,.T.);
#1660=ORIENTED_EDGE('',*,*,#2620,.T.);
#1661=ORIENTED_EDGE('',*,*,#2278,.F.);
#1662=ORIENTED_EDGE('',*,*,#2624,.F.);
#1663=ORIENTED_EDGE('',*,*,#2625,.T.);
#1664=ORIENTED_EDGE('',*,*,#2622,.T.);
#1665=ORIENTED_EDGE('',*,*,#2277,.F.);
#1666=ORIENTED_EDGE('',*,*,#2626,.F.);
#1667=ORIENTED_EDGE('',*,*,#2627,.T.);
#1668=ORIENTED_EDGE('',*,*,#2624,.T.);
#1669=ORIENTED_EDGE('',*,*,#2276,.F.);
#1670=ORIENTED_EDGE('',*,*,#2628,.F.);
#1671=ORIENTED_EDGE('',*,*,#2629,.T.);
#1672=ORIENTED_EDGE('',*,*,#2626,.T.);
#1673=ORIENTED_EDGE('',*,*,#2275,.F.);
#1674=ORIENTED_EDGE('',*,*,#2630,.F.);
#1675=ORIENTED_EDGE('',*,*,#2631,.T.);
#1676=ORIENTED_EDGE('',*,*,#2628,.T.);
#1677=ORIENTED_EDGE('',*,*,#2274,.F.);
#1678=ORIENTED_EDGE('',*,*,#2632,.F.);
#1679=ORIENTED_EDGE('',*,*,#2633,.T.);
#1680=ORIENTED_EDGE('',*,*,#2630,.T.);
#1681=ORIENTED_EDGE('',*,*,#2273,.F.);
#1682=ORIENTED_EDGE('',*,*,#2634,.F.);
#1683=ORIENTED_EDGE('',*,*,#2635,.T.);
#1684=ORIENTED_EDGE('',*,*,#2632,.T.);
#1685=ORIENTED_EDGE('',*,*,#2272,.F.);
#1686=ORIENTED_EDGE('',*,*,#2636,.F.);
#1687=ORIENTED_EDGE('',*,*,#2637,.T.);
#1688=ORIENTED_EDGE('',*,*,#2634,.T.);
#1689=ORIENTED_EDGE('',*,*,#2271,.F.);
#1690=ORIENTED_EDGE('',*,*,#2638,.F.);
#1691=ORIENTED_EDGE('',*,*,#2639,.T.);
#1692=ORIENTED_EDGE('',*,*,#2636,.T.);
#1693=ORIENTED_EDGE('',*,*,#2270,.F.);
#1694=ORIENTED_EDGE('',*,*,#2615,.F.);
#1695=ORIENTED_EDGE('',*,*,#2640,.T.);
#1696=ORIENTED_EDGE('',*,*,#2638,.T.);
#1697=ORIENTED_EDGE('',*,*,#2614,.F.);
#1698=ORIENTED_EDGE('',*,*,#2617,.F.);
#1699=ORIENTED_EDGE('',*,*,#2619,.F.);
#1700=ORIENTED_EDGE('',*,*,#2621,.F.);
#1701=ORIENTED_EDGE('',*,*,#2623,.F.);
#1702=ORIENTED_EDGE('',*,*,#2625,.F.);
#1703=ORIENTED_EDGE('',*,*,#2627,.F.);
#1704=ORIENTED_EDGE('',*,*,#2629,.F.);
#1705=ORIENTED_EDGE('',*,*,#2631,.F.);
#1706=ORIENTED_EDGE('',*,*,#2633,.F.);
#1707=ORIENTED_EDGE('',*,*,#2635,.F.);
#1708=ORIENTED_EDGE('',*,*,#2637,.F.);
#1709=ORIENTED_EDGE('',*,*,#2639,.F.);
#1710=ORIENTED_EDGE('',*,*,#2640,.F.);
#1711=ORIENTED_EDGE('',*,*,#2256,.F.);
#1712=ORIENTED_EDGE('',*,*,#2641,.F.);
#1713=ORIENTED_EDGE('',*,*,#2642,.T.);
#1714=ORIENTED_EDGE('',*,*,#2643,.T.);
#1715=ORIENTED_EDGE('',*,*,#2255,.F.);
#1716=ORIENTED_EDGE('',*,*,#2644,.F.);
#1717=ORIENTED_EDGE('',*,*,#2645,.T.);
#1718=ORIENTED_EDGE('',*,*,#2641,.T.);
#1719=ORIENTED_EDGE('',*,*,#2267,.F.);
#1720=ORIENTED_EDGE('',*,*,#2646,.F.);
#1721=ORIENTED_EDGE('',*,*,#2647,.T.);
#1722=ORIENTED_EDGE('',*,*,#2644,.T.);
#1723=ORIENTED_EDGE('',*,*,#2266,.F.);
#1724=ORIENTED_EDGE('',*,*,#2648,.F.);
#1725=ORIENTED_EDGE('',*,*,#2649,.T.);
#1726=ORIENTED_EDGE('',*,*,#2646,.T.);
#1727=ORIENTED_EDGE('',*,*,#2265,.F.);
#1728=ORIENTED_EDGE('',*,*,#2650,.F.);
#1729=ORIENTED_EDGE('',*,*,#2651,.T.);
#1730=ORIENTED_EDGE('',*,*,#2648,.T.);
#1731=ORIENTED_EDGE('',*,*,#2264,.F.);
#1732=ORIENTED_EDGE('',*,*,#2652,.F.);
#1733=ORIENTED_EDGE('',*,*,#2653,.T.);
#1734=ORIENTED_EDGE('',*,*,#2650,.T.);
#1735=ORIENTED_EDGE('',*,*,#2263,.F.);
#1736=ORIENTED_EDGE('',*,*,#2654,.F.);
#1737=ORIENTED_EDGE('',*,*,#2655,.T.);
#1738=ORIENTED_EDGE('',*,*,#2652,.T.);
#1739=ORIENTED_EDGE('',*,*,#2262,.F.);
#1740=ORIENTED_EDGE('',*,*,#2656,.F.);
#1741=ORIENTED_EDGE('',*,*,#2657,.T.);
#1742=ORIENTED_EDGE('',*,*,#2654,.T.);
#1743=ORIENTED_EDGE('',*,*,#2261,.F.);
#1744=ORIENTED_EDGE('',*,*,#2658,.F.);
#1745=ORIENTED_EDGE('',*,*,#2659,.T.);
#1746=ORIENTED_EDGE('',*,*,#2656,.T.);
#1747=ORIENTED_EDGE('',*,*,#2260,.F.);
#1748=ORIENTED_EDGE('',*,*,#2660,.F.);
#1749=ORIENTED_EDGE('',*,*,#2661,.T.);
#1750=ORIENTED_EDGE('',*,*,#2658,.T.);
#1751=ORIENTED_EDGE('',*,*,#2259,.F.);
#1752=ORIENTED_EDGE('',*,*,#2662,.F.);
#1753=ORIENTED_EDGE('',*,*,#2663,.T.);
#1754=ORIENTED_EDGE('',*,*,#2660,.T.);
#1755=ORIENTED_EDGE('',*,*,#2258,.F.);
#1756=ORIENTED_EDGE('',*,*,#2664,.F.);
#1757=ORIENTED_EDGE('',*,*,#2665,.T.);
#1758=ORIENTED_EDGE('',*,*,#2662,.T.);
#1759=ORIENTED_EDGE('',*,*,#2257,.F.);
#1760=ORIENTED_EDGE('',*,*,#2643,.F.);
#1761=ORIENTED_EDGE('',*,*,#2666,.T.);
#1762=ORIENTED_EDGE('',*,*,#2664,.T.);
#1763=ORIENTED_EDGE('',*,*,#2642,.F.);
#1764=ORIENTED_EDGE('',*,*,#2645,.F.);
#1765=ORIENTED_EDGE('',*,*,#2647,.F.);
#1766=ORIENTED_EDGE('',*,*,#2649,.F.);
#1767=ORIENTED_EDGE('',*,*,#2651,.F.);
#1768=ORIENTED_EDGE('',*,*,#2653,.F.);
#1769=ORIENTED_EDGE('',*,*,#2655,.F.);
#1770=ORIENTED_EDGE('',*,*,#2657,.F.);
#1771=ORIENTED_EDGE('',*,*,#2659,.F.);
#1772=ORIENTED_EDGE('',*,*,#2661,.F.);
#1773=ORIENTED_EDGE('',*,*,#2663,.F.);
#1774=ORIENTED_EDGE('',*,*,#2665,.F.);
#1775=ORIENTED_EDGE('',*,*,#2666,.F.);
#1776=ORIENTED_EDGE('',*,*,#2246,.F.);
#1777=ORIENTED_EDGE('',*,*,#2667,.F.);
#1778=ORIENTED_EDGE('',*,*,#2668,.T.);
#1779=ORIENTED_EDGE('',*,*,#2669,.T.);
#1780=ORIENTED_EDGE('',*,*,#2245,.F.);
#1781=ORIENTED_EDGE('',*,*,#2670,.F.);
#1782=ORIENTED_EDGE('',*,*,#2671,.T.);
#1783=ORIENTED_EDGE('',*,*,#2667,.T.);
#1784=ORIENTED_EDGE('',*,*,#2254,.F.);
#1785=ORIENTED_EDGE('',*,*,#2672,.F.);
#1786=ORIENTED_EDGE('',*,*,#2673,.T.);
#1787=ORIENTED_EDGE('',*,*,#2670,.T.);
#1788=ORIENTED_EDGE('',*,*,#2253,.F.);
#1789=ORIENTED_EDGE('',*,*,#2674,.F.);
#1790=ORIENTED_EDGE('',*,*,#2675,.T.);
#1791=ORIENTED_EDGE('',*,*,#2672,.T.);
#1792=ORIENTED_EDGE('',*,*,#2252,.F.);
#1793=ORIENTED_EDGE('',*,*,#2676,.F.);
#1794=ORIENTED_EDGE('',*,*,#2677,.T.);
#1795=ORIENTED_EDGE('',*,*,#2674,.T.);
#1796=ORIENTED_EDGE('',*,*,#2251,.F.);
#1797=ORIENTED_EDGE('',*,*,#2678,.F.);
#1798=ORIENTED_EDGE('',*,*,#2679,.T.);
#1799=ORIENTED_EDGE('',*,*,#2676,.T.);
#1800=ORIENTED_EDGE('',*,*,#2250,.F.);
#1801=ORIENTED_EDGE('',*,*,#2680,.F.);
#1802=ORIENTED_EDGE('',*,*,#2681,.T.);
#1803=ORIENTED_EDGE('',*,*,#2678,.T.);
#1804=ORIENTED_EDGE('',*,*,#2249,.F.);
#1805=ORIENTED_EDGE('',*,*,#2682,.F.);
#1806=ORIENTED_EDGE('',*,*,#2683,.T.);
#1807=ORIENTED_EDGE('',*,*,#2680,.T.);
#1808=ORIENTED_EDGE('',*,*,#2248,.F.);
#1809=ORIENTED_EDGE('',*,*,#2684,.F.);
#1810=ORIENTED_EDGE('',*,*,#2685,.T.);
#1811=ORIENTED_EDGE('',*,*,#2682,.T.);
#1812=ORIENTED_EDGE('',*,*,#2247,.F.);
#1813=ORIENTED_EDGE('',*,*,#2669,.F.);
#1814=ORIENTED_EDGE('',*,*,#2686,.T.);
#1815=ORIENTED_EDGE('',*,*,#2684,.T.);
#1816=ORIENTED_EDGE('',*,*,#2668,.F.);
#1817=ORIENTED_EDGE('',*,*,#2671,.F.);
#1818=ORIENTED_EDGE('',*,*,#2673,.F.);
#1819=ORIENTED_EDGE('',*,*,#2675,.F.);
#1820=ORIENTED_EDGE('',*,*,#2677,.F.);
#1821=ORIENTED_EDGE('',*,*,#2679,.F.);
#1822=ORIENTED_EDGE('',*,*,#2681,.F.);
#1823=ORIENTED_EDGE('',*,*,#2683,.F.);
#1824=ORIENTED_EDGE('',*,*,#2685,.F.);
#1825=ORIENTED_EDGE('',*,*,#2686,.F.);
#1826=ORIENTED_EDGE('',*,*,#2236,.F.);
#1827=ORIENTED_EDGE('',*,*,#2687,.F.);
#1828=ORIENTED_EDGE('',*,*,#2688,.T.);
#1829=ORIENTED_EDGE('',*,*,#2689,.T.);
#1830=ORIENTED_EDGE('',*,*,#2235,.F.);
#1831=ORIENTED_EDGE('',*,*,#2690,.F.);
#1832=ORIENTED_EDGE('',*,*,#2691,.T.);
#1833=ORIENTED_EDGE('',*,*,#2687,.T.);
#1834=ORIENTED_EDGE('',*,*,#2244,.F.);
#1835=ORIENTED_EDGE('',*,*,#2692,.F.);
#1836=ORIENTED_EDGE('',*,*,#2693,.T.);
#1837=ORIENTED_EDGE('',*,*,#2690,.T.);
#1838=ORIENTED_EDGE('',*,*,#2243,.F.);
#1839=ORIENTED_EDGE('',*,*,#2694,.F.);
#1840=ORIENTED_EDGE('',*,*,#2695,.T.);
#1841=ORIENTED_EDGE('',*,*,#2692,.T.);
#1842=ORIENTED_EDGE('',*,*,#2242,.F.);
#1843=ORIENTED_EDGE('',*,*,#2696,.F.);
#1844=ORIENTED_EDGE('',*,*,#2697,.T.);
#1845=ORIENTED_EDGE('',*,*,#2694,.T.);
#1846=ORIENTED_EDGE('',*,*,#2241,.F.);
#1847=ORIENTED_EDGE('',*,*,#2698,.F.);
#1848=ORIENTED_EDGE('',*,*,#2699,.T.);
#1849=ORIENTED_EDGE('',*,*,#2696,.T.);
#1850=ORIENTED_EDGE('',*,*,#2240,.F.);
#1851=ORIENTED_EDGE('',*,*,#2700,.F.);
#1852=ORIENTED_EDGE('',*,*,#2701,.T.);
#1853=ORIENTED_EDGE('',*,*,#2698,.T.);
#1854=ORIENTED_EDGE('',*,*,#2239,.F.);
#1855=ORIENTED_EDGE('',*,*,#2702,.F.);
#1856=ORIENTED_EDGE('',*,*,#2703,.T.);
#1857=ORIENTED_EDGE('',*,*,#2700,.T.);
#1858=ORIENTED_EDGE('',*,*,#2238,.F.);
#1859=ORIENTED_EDGE('',*,*,#2704,.F.);
#1860=ORIENTED_EDGE('',*,*,#2705,.T.);
#1861=ORIENTED_EDGE('',*,*,#2702,.T.);
#1862=ORIENTED_EDGE('',*,*,#2237,.F.);
#1863=ORIENTED_EDGE('',*,*,#2689,.F.);
#1864=ORIENTED_EDGE('',*,*,#2706,.T.);
#1865=ORIENTED_EDGE('',*,*,#2704,.T.);
#1866=ORIENTED_EDGE('',*,*,#2688,.F.);
#1867=ORIENTED_EDGE('',*,*,#2691,.F.);
#1868=ORIENTED_EDGE('',*,*,#2693,.F.);
#1869=ORIENTED_EDGE('',*,*,#2695,.F.);
#1870=ORIENTED_EDGE('',*,*,#2697,.F.);
#1871=ORIENTED_EDGE('',*,*,#2699,.F.);
#1872=ORIENTED_EDGE('',*,*,#2701,.F.);
#1873=ORIENTED_EDGE('',*,*,#2703,.F.);
#1874=ORIENTED_EDGE('',*,*,#2705,.F.);
#1875=ORIENTED_EDGE('',*,*,#2706,.F.);
#1876=ORIENTED_EDGE('',*,*,#2707,.F.);
#1877=ORIENTED_EDGE('',*,*,#2708,.F.);
#1878=ORIENTED_EDGE('',*,*,#2709,.T.);
#1879=ORIENTED_EDGE('',*,*,#2710,.T.);
#1880=ORIENTED_EDGE('',*,*,#2711,.F.);
#1881=ORIENTED_EDGE('',*,*,#2712,.F.);
#1882=ORIENTED_EDGE('',*,*,#2713,.T.);
#1883=ORIENTED_EDGE('',*,*,#2708,.T.);
#1884=ORIENTED_EDGE('',*,*,#2714,.F.);
#1885=ORIENTED_EDGE('',*,*,#2715,.F.);
#1886=ORIENTED_EDGE('',*,*,#2716,.T.);
#1887=ORIENTED_EDGE('',*,*,#2712,.T.);
#1888=ORIENTED_EDGE('',*,*,#2717,.F.);
#1889=ORIENTED_EDGE('',*,*,#2718,.F.);
#1890=ORIENTED_EDGE('',*,*,#2719,.T.);
#1891=ORIENTED_EDGE('',*,*,#2715,.T.);
#1892=ORIENTED_EDGE('',*,*,#2720,.F.);
#1893=ORIENTED_EDGE('',*,*,#2721,.F.);
#1894=ORIENTED_EDGE('',*,*,#2722,.T.);
#1895=ORIENTED_EDGE('',*,*,#2718,.T.);
#1896=ORIENTED_EDGE('',*,*,#2723,.F.);
#1897=ORIENTED_EDGE('',*,*,#2724,.F.);
#1898=ORIENTED_EDGE('',*,*,#2725,.T.);
#1899=ORIENTED_EDGE('',*,*,#2721,.T.);
#1900=ORIENTED_EDGE('',*,*,#2726,.F.);
#1901=ORIENTED_EDGE('',*,*,#2727,.F.);
#1902=ORIENTED_EDGE('',*,*,#2728,.T.);
#1903=ORIENTED_EDGE('',*,*,#2724,.T.);
#1904=ORIENTED_EDGE('',*,*,#2331,.F.);
#1905=ORIENTED_EDGE('',*,*,#2729,.F.);
#1906=ORIENTED_EDGE('',*,*,#2730,.T.);
#1907=ORIENTED_EDGE('',*,*,#2731,.T.);
#1908=ORIENTED_EDGE('',*,*,#2330,.F.);
#1909=ORIENTED_EDGE('',*,*,#2732,.F.);
#1910=ORIENTED_EDGE('',*,*,#2733,.T.);
#1911=ORIENTED_EDGE('',*,*,#2729,.T.);
#1912=ORIENTED_EDGE('',*,*,#2337,.F.);
#1913=ORIENTED_EDGE('',*,*,#2734,.F.);
#1914=ORIENTED_EDGE('',*,*,#2735,.T.);
#1915=ORIENTED_EDGE('',*,*,#2732,.T.);
#1916=ORIENTED_EDGE('',*,*,#2336,.F.);
#1917=ORIENTED_EDGE('',*,*,#2736,.F.);
#1918=ORIENTED_EDGE('',*,*,#2737,.T.);
#1919=ORIENTED_EDGE('',*,*,#2734,.T.);
#1920=ORIENTED_EDGE('',*,*,#2335,.F.);
#1921=ORIENTED_EDGE('',*,*,#2738,.F.);
#1922=ORIENTED_EDGE('',*,*,#2739,.T.);
#1923=ORIENTED_EDGE('',*,*,#2736,.T.);
#1924=ORIENTED_EDGE('',*,*,#2334,.F.);
#1925=ORIENTED_EDGE('',*,*,#2740,.F.);
#1926=ORIENTED_EDGE('',*,*,#2741,.T.);
#1927=ORIENTED_EDGE('',*,*,#2738,.T.);
#1928=ORIENTED_EDGE('',*,*,#2333,.F.);
#1929=ORIENTED_EDGE('',*,*,#2742,.F.);
#1930=ORIENTED_EDGE('',*,*,#2743,.T.);
#1931=ORIENTED_EDGE('',*,*,#2740,.T.);
#1932=ORIENTED_EDGE('',*,*,#2332,.F.);
#1933=ORIENTED_EDGE('',*,*,#2731,.F.);
#1934=ORIENTED_EDGE('',*,*,#2744,.T.);
#1935=ORIENTED_EDGE('',*,*,#2742,.T.);
#1936=ORIENTED_EDGE('',*,*,#2745,.F.);
#1937=ORIENTED_EDGE('',*,*,#2710,.F.);
#1938=ORIENTED_EDGE('',*,*,#2746,.T.);
#1939=ORIENTED_EDGE('',*,*,#2727,.T.);
#1940=ORIENTED_EDGE('',*,*,#2730,.F.);
#1941=ORIENTED_EDGE('',*,*,#2733,.F.);
#1942=ORIENTED_EDGE('',*,*,#2735,.F.);
#1943=ORIENTED_EDGE('',*,*,#2737,.F.);
#1944=ORIENTED_EDGE('',*,*,#2739,.F.);
#1945=ORIENTED_EDGE('',*,*,#2741,.F.);
#1946=ORIENTED_EDGE('',*,*,#2743,.F.);
#1947=ORIENTED_EDGE('',*,*,#2744,.F.);
#1948=ORIENTED_EDGE('',*,*,#2709,.F.);
#1949=ORIENTED_EDGE('',*,*,#2713,.F.);
#1950=ORIENTED_EDGE('',*,*,#2716,.F.);
#1951=ORIENTED_EDGE('',*,*,#2719,.F.);
#1952=ORIENTED_EDGE('',*,*,#2722,.F.);
#1953=ORIENTED_EDGE('',*,*,#2725,.F.);
#1954=ORIENTED_EDGE('',*,*,#2728,.F.);
#1955=ORIENTED_EDGE('',*,*,#2746,.F.);
#1956=ORIENTED_EDGE('',*,*,#2339,.F.);
#1957=ORIENTED_EDGE('',*,*,#2747,.F.);
#1958=ORIENTED_EDGE('',*,*,#2748,.T.);
#1959=ORIENTED_EDGE('',*,*,#2749,.T.);
#1960=ORIENTED_EDGE('',*,*,#2338,.F.);
#1961=ORIENTED_EDGE('',*,*,#2750,.F.);
#1962=ORIENTED_EDGE('',*,*,#2751,.T.);
#1963=ORIENTED_EDGE('',*,*,#2747,.T.);
#1964=ORIENTED_EDGE('',*,*,#2352,.F.);
#1965=ORIENTED_EDGE('',*,*,#2752,.F.);
#1966=ORIENTED_EDGE('',*,*,#2753,.T.);
#1967=ORIENTED_EDGE('',*,*,#2750,.T.);
#1968=ORIENTED_EDGE('',*,*,#2351,.F.);
#1969=ORIENTED_EDGE('',*,*,#2754,.F.);
#1970=ORIENTED_EDGE('',*,*,#2755,.T.);
#1971=ORIENTED_EDGE('',*,*,#2752,.T.);
#1972=ORIENTED_EDGE('',*,*,#2350,.F.);
#1973=ORIENTED_EDGE('',*,*,#2756,.F.);
#1974=ORIENTED_EDGE('',*,*,#2757,.T.);
#1975=ORIENTED_EDGE('',*,*,#2754,.T.);
#1976=ORIENTED_EDGE('',*,*,#2349,.F.);
#1977=ORIENTED_EDGE('',*,*,#2758,.F.);
#1978=ORIENTED_EDGE('',*,*,#2759,.T.);
#1979=ORIENTED_EDGE('',*,*,#2756,.T.);
#1980=ORIENTED_EDGE('',*,*,#2348,.F.);
#1981=ORIENTED_EDGE('',*,*,#2760,.F.);
#1982=ORIENTED_EDGE('',*,*,#2761,.T.);
#1983=ORIENTED_EDGE('',*,*,#2758,.T.);
#1984=ORIENTED_EDGE('',*,*,#2347,.F.);
#1985=ORIENTED_EDGE('',*,*,#2762,.F.);
#1986=ORIENTED_EDGE('',*,*,#2763,.T.);
#1987=ORIENTED_EDGE('',*,*,#2760,.T.);
#1988=ORIENTED_EDGE('',*,*,#2346,.F.);
#1989=ORIENTED_EDGE('',*,*,#2764,.F.);
#1990=ORIENTED_EDGE('',*,*,#2765,.T.);
#1991=ORIENTED_EDGE('',*,*,#2762,.T.);
#1992=ORIENTED_EDGE('',*,*,#2345,.F.);
#1993=ORIENTED_EDGE('',*,*,#2766,.F.);
#1994=ORIENTED_EDGE('',*,*,#2767,.T.);
#1995=ORIENTED_EDGE('',*,*,#2764,.T.);
#1996=ORIENTED_EDGE('',*,*,#2344,.F.);
#1997=ORIENTED_EDGE('',*,*,#2768,.F.);
#1998=ORIENTED_EDGE('',*,*,#2769,.T.);
#1999=ORIENTED_EDGE('',*,*,#2766,.T.);
#2000=ORIENTED_EDGE('',*,*,#2343,.F.);
#2001=ORIENTED_EDGE('',*,*,#2770,.F.);
#2002=ORIENTED_EDGE('',*,*,#2771,.T.);
#2003=ORIENTED_EDGE('',*,*,#2768,.T.);
#2004=ORIENTED_EDGE('',*,*,#2342,.F.);
#2005=ORIENTED_EDGE('',*,*,#2772,.F.);
#2006=ORIENTED_EDGE('',*,*,#2773,.T.);
#2007=ORIENTED_EDGE('',*,*,#2770,.T.);
#2008=ORIENTED_EDGE('',*,*,#2341,.F.);
#2009=ORIENTED_EDGE('',*,*,#2774,.F.);
#2010=ORIENTED_EDGE('',*,*,#2775,.T.);
#2011=ORIENTED_EDGE('',*,*,#2772,.T.);
#2012=ORIENTED_EDGE('',*,*,#2340,.F.);
#2013=ORIENTED_EDGE('',*,*,#2749,.F.);
#2014=ORIENTED_EDGE('',*,*,#2776,.T.);
#2015=ORIENTED_EDGE('',*,*,#2774,.T.);
#2016=ORIENTED_EDGE('',*,*,#2748,.F.);
#2017=ORIENTED_EDGE('',*,*,#2751,.F.);
#2018=ORIENTED_EDGE('',*,*,#2753,.F.);
#2019=ORIENTED_EDGE('',*,*,#2755,.F.);
#2020=ORIENTED_EDGE('',*,*,#2757,.F.);
#2021=ORIENTED_EDGE('',*,*,#2759,.F.);
#2022=ORIENTED_EDGE('',*,*,#2761,.F.);
#2023=ORIENTED_EDGE('',*,*,#2763,.F.);
#2024=ORIENTED_EDGE('',*,*,#2765,.F.);
#2025=ORIENTED_EDGE('',*,*,#2767,.F.);
#2026=ORIENTED_EDGE('',*,*,#2769,.F.);
#2027=ORIENTED_EDGE('',*,*,#2771,.F.);
#2028=ORIENTED_EDGE('',*,*,#2773,.F.);
#2029=ORIENTED_EDGE('',*,*,#2775,.F.);
#2030=ORIENTED_EDGE('',*,*,#2776,.F.);
#2031=ORIENTED_EDGE('',*,*,#2440,.T.);
#2032=ORIENTED_EDGE('',*,*,#2436,.T.);
#2033=ORIENTED_EDGE('',*,*,#2477,.T.);
#2034=ORIENTED_EDGE('',*,*,#2452,.T.);
#2035=ORIENTED_EDGE('',*,*,#2449,.T.);
#2036=ORIENTED_EDGE('',*,*,#2446,.T.);
#2037=ORIENTED_EDGE('',*,*,#2443,.T.);
#2038=ORIENTED_EDGE('',*,*,#2711,.T.);
#2039=ORIENTED_EDGE('',*,*,#2707,.T.);
#2040=ORIENTED_EDGE('',*,*,#2745,.T.);
#2041=ORIENTED_EDGE('',*,*,#2726,.T.);
#2042=ORIENTED_EDGE('',*,*,#2723,.T.);
#2043=ORIENTED_EDGE('',*,*,#2720,.T.);
#2044=ORIENTED_EDGE('',*,*,#2717,.T.);
#2045=ORIENTED_EDGE('',*,*,#2714,.T.);
#2046=ORIENTED_EDGE('',*,*,#2213,.F.);
#2047=ORIENTED_EDGE('',*,*,#2777,.F.);
#2048=ORIENTED_EDGE('',*,*,#2777,.T.);
#2049=ORIENTED_EDGE('',*,*,#2234,.F.);
#2050=ORIENTED_EDGE('',*,*,#2778,.F.);
#2051=ORIENTED_EDGE('',*,*,#2211,.T.);
#2052=ORIENTED_EDGE('',*,*,#2778,.T.);
#2053=ORIENTED_EDGE('',*,*,#2233,.F.);
#2054=ORIENTED_EDGE('',*,*,#2779,.F.);
#2055=ORIENTED_EDGE('',*,*,#2434,.F.);
#2056=ORIENTED_EDGE('',*,*,#2780,.F.);
#2057=ORIENTED_EDGE('',*,*,#2218,.F.);
#2058=ORIENTED_EDGE('',*,*,#2780,.T.);
#2059=ORIENTED_EDGE('',*,*,#2354,.F.);
#2060=ORIENTED_EDGE('',*,*,#2781,.F.);
#2061=ORIENTED_EDGE('',*,*,#2219,.F.);
#2062=ORIENTED_EDGE('',*,*,#2779,.T.);
#2063=ORIENTED_EDGE('',*,*,#2217,.F.);
#2064=ORIENTED_EDGE('',*,*,#2782,.F.);
#2065=ORIENTED_EDGE('',*,*,#2406,.F.);
#2066=ORIENTED_EDGE('',*,*,#2781,.T.);
#2067=ORIENTED_EDGE('',*,*,#2358,.F.);
#2068=ORIENTED_EDGE('',*,*,#2783,.F.);
#2069=ORIENTED_EDGE('',*,*,#2220,.F.);
#2070=ORIENTED_EDGE('',*,*,#2782,.T.);
#2071=ORIENTED_EDGE('',*,*,#2216,.F.);
#2072=ORIENTED_EDGE('',*,*,#2784,.F.);
#2073=ORIENTED_EDGE('',*,*,#2432,.F.);
#2074=ORIENTED_EDGE('',*,*,#2783,.T.);
#2075=ORIENTED_EDGE('',*,*,#2361,.F.);
#2076=ORIENTED_EDGE('',*,*,#2785,.F.);
#2077=ORIENTED_EDGE('',*,*,#2214,.F.);
#2078=ORIENTED_EDGE('',*,*,#2784,.T.);
#2079=ORIENTED_EDGE('',*,*,#2215,.F.);
#2080=ORIENTED_EDGE('',*,*,#2785,.T.);
#2081=ORIENTED_EDGE('',*,*,#2364,.F.);
#2082=ORIENTED_EDGE('',*,*,#2786,.F.);
#2083=ORIENTED_EDGE('',*,*,#2416,.F.);
#2084=ORIENTED_EDGE('',*,*,#2787,.F.);
#2085=ORIENTED_EDGE('',*,*,#2435,.F.);
#2086=ORIENTED_EDGE('',*,*,#2787,.T.);
#2087=ORIENTED_EDGE('',*,*,#2415,.F.);
#2088=ORIENTED_EDGE('',*,*,#2788,.F.);
#2089=ORIENTED_EDGE('',*,*,#2356,.F.);
#2090=ORIENTED_EDGE('',*,*,#2786,.T.);
#2091=ORIENTED_EDGE('',*,*,#2408,.F.);
#2092=ORIENTED_EDGE('',*,*,#2789,.F.);
#2093=ORIENTED_EDGE('',*,*,#2417,.F.);
#2094=ORIENTED_EDGE('',*,*,#2788,.T.);
#2095=ORIENTED_EDGE('',*,*,#2414,.F.);
#2096=ORIENTED_EDGE('',*,*,#2790,.F.);
#2097=ORIENTED_EDGE('',*,*,#2359,.F.);
#2098=ORIENTED_EDGE('',*,*,#2789,.T.);
#2099=ORIENTED_EDGE('',*,*,#2433,.F.);
#2100=ORIENTED_EDGE('',*,*,#2791,.F.);
#2101=ORIENTED_EDGE('',*,*,#2411,.F.);
#2102=ORIENTED_EDGE('',*,*,#2790,.T.);
#2103=ORIENTED_EDGE('',*,*,#2413,.F.);
#2104=ORIENTED_EDGE('',*,*,#2792,.F.);
#2105=ORIENTED_EDGE('',*,*,#2362,.F.);
#2106=ORIENTED_EDGE('',*,*,#2791,.T.);
#2107=ORIENTED_EDGE('',*,*,#2365,.F.);
#2108=ORIENTED_EDGE('',*,*,#2792,.T.);
#2109=ORIENTED_EDGE('',*,*,#2412,.F.);
#2110=ORIENTED_EDGE('',*,*,#2793,.F.);
#2111=ORIENTED_EDGE('',*,*,#2228,.F.);
#2112=ORIENTED_EDGE('',*,*,#2794,.F.);
#2113=ORIENTED_EDGE('',*,*,#2374,.F.);
#2114=ORIENTED_EDGE('',*,*,#2794,.T.);
#2115=ORIENTED_EDGE('',*,*,#2227,.F.);
#2116=ORIENTED_EDGE('',*,*,#2795,.F.);
#2117=ORIENTED_EDGE('',*,*,#2371,.F.);
#2118=ORIENTED_EDGE('',*,*,#2793,.T.);
#2119=ORIENTED_EDGE('',*,*,#2377,.F.);
#2120=ORIENTED_EDGE('',*,*,#2796,.F.);
#2121=ORIENTED_EDGE('',*,*,#2229,.F.);
#2122=ORIENTED_EDGE('',*,*,#2795,.T.);
#2123=ORIENTED_EDGE('',*,*,#2226,.F.);
#2124=ORIENTED_EDGE('',*,*,#2797,.F.);
#2125=ORIENTED_EDGE('',*,*,#2367,.F.);
#2126=ORIENTED_EDGE('',*,*,#2796,.T.);
#2127=ORIENTED_EDGE('',*,*,#2380,.F.);
#2128=ORIENTED_EDGE('',*,*,#2798,.F.);
#2129=ORIENTED_EDGE('',*,*,#2230,.F.);
#2130=ORIENTED_EDGE('',*,*,#2797,.T.);
#2131=ORIENTED_EDGE('',*,*,#2225,.F.);
#2132=ORIENTED_EDGE('',*,*,#2799,.F.);
#2133=ORIENTED_EDGE('',*,*,#2409,.F.);
#2134=ORIENTED_EDGE('',*,*,#2798,.T.);
#2135=ORIENTED_EDGE('',*,*,#2383,.F.);
#2136=ORIENTED_EDGE('',*,*,#2800,.F.);
#2137=ORIENTED_EDGE('',*,*,#2231,.F.);
#2138=ORIENTED_EDGE('',*,*,#2799,.T.);
#2139=ORIENTED_EDGE('',*,*,#2224,.F.);
#2140=ORIENTED_EDGE('',*,*,#2801,.F.);
#2141=ORIENTED_EDGE('',*,*,#2403,.F.);
#2142=ORIENTED_EDGE('',*,*,#2800,.T.);
#2143=ORIENTED_EDGE('',*,*,#2386,.F.);
#2144=ORIENTED_EDGE('',*,*,#2802,.F.);
#2145=ORIENTED_EDGE('',*,*,#2232,.F.);
#2146=ORIENTED_EDGE('',*,*,#2801,.T.);
#2147=ORIENTED_EDGE('',*,*,#2223,.F.);
#2148=ORIENTED_EDGE('',*,*,#2803,.F.);
#2149=ORIENTED_EDGE('',*,*,#2397,.F.);
#2150=ORIENTED_EDGE('',*,*,#2802,.T.);
#2151=ORIENTED_EDGE('',*,*,#2389,.F.);
#2152=ORIENTED_EDGE('',*,*,#2804,.F.);
#2153=ORIENTED_EDGE('',*,*,#2221,.F.);
#2154=ORIENTED_EDGE('',*,*,#2803,.T.);
#2155=ORIENTED_EDGE('',*,*,#2222,.F.);
#2156=ORIENTED_EDGE('',*,*,#2804,.T.);
#2157=ORIENTED_EDGE('',*,*,#2392,.F.);
#2158=ORIENTED_EDGE('',*,*,#2395,.F.);
#2159=ORIENTED_EDGE('',*,*,#2398,.F.);
#2160=ORIENTED_EDGE('',*,*,#2805,.F.);
#2161=ORIENTED_EDGE('',*,*,#2375,.F.);
#2162=ORIENTED_EDGE('',*,*,#2806,.F.);
#2163=ORIENTED_EDGE('',*,*,#2425,.F.);
#2164=ORIENTED_EDGE('',*,*,#2806,.T.);
#2165=ORIENTED_EDGE('',*,*,#2372,.F.);
#2166=ORIENTED_EDGE('',*,*,#2807,.F.);
#2167=ORIENTED_EDGE('',*,*,#2426,.F.);
#2168=ORIENTED_EDGE('',*,*,#2805,.T.);
#2169=ORIENTED_EDGE('',*,*,#2424,.F.);
#2170=ORIENTED_EDGE('',*,*,#2808,.F.);
#2171=ORIENTED_EDGE('',*,*,#2378,.F.);
#2172=ORIENTED_EDGE('',*,*,#2807,.T.);
#2173=ORIENTED_EDGE('',*,*,#2369,.F.);
#2174=ORIENTED_EDGE('',*,*,#2809,.F.);
#2175=ORIENTED_EDGE('',*,*,#2427,.F.);
#2176=ORIENTED_EDGE('',*,*,#2808,.T.);
#2177=ORIENTED_EDGE('',*,*,#2423,.F.);
#2178=ORIENTED_EDGE('',*,*,#2810,.F.);
#2179=ORIENTED_EDGE('',*,*,#2381,.F.);
#2180=ORIENTED_EDGE('',*,*,#2809,.T.);
#2181=ORIENTED_EDGE('',*,*,#2410,.F.);
#2182=ORIENTED_EDGE('',*,*,#2811,.F.);
#2183=ORIENTED_EDGE('',*,*,#2428,.F.);
#2184=ORIENTED_EDGE('',*,*,#2810,.T.);
#2185=ORIENTED_EDGE('',*,*,#2422,.F.);
#2186=ORIENTED_EDGE('',*,*,#2812,.F.);
#2187=ORIENTED_EDGE('',*,*,#2384,.F.);
#2188=ORIENTED_EDGE('',*,*,#2811,.T.);
#2189=ORIENTED_EDGE('',*,*,#2404,.F.);
#2190=ORIENTED_EDGE('',*,*,#2813,.F.);
#2191=ORIENTED_EDGE('',*,*,#2429,.F.);
#2192=ORIENTED_EDGE('',*,*,#2812,.T.);
#2193=ORIENTED_EDGE('',*,*,#2421,.F.);
#2194=ORIENTED_EDGE('',*,*,#2814,.F.);
#2195=ORIENTED_EDGE('',*,*,#2387,.F.);
#2196=ORIENTED_EDGE('',*,*,#2813,.T.);
#2197=ORIENTED_EDGE('',*,*,#2400,.F.);
#2198=ORIENTED_EDGE('',*,*,#2815,.F.);
#2199=ORIENTED_EDGE('',*,*,#2418,.F.);
#2200=ORIENTED_EDGE('',*,*,#2814,.T.);
#2201=ORIENTED_EDGE('',*,*,#2420,.F.);
#2202=ORIENTED_EDGE('',*,*,#2816,.F.);
#2203=ORIENTED_EDGE('',*,*,#2390,.F.);
#2204=ORIENTED_EDGE('',*,*,#2396,.F.);
#2205=ORIENTED_EDGE('',*,*,#2393,.F.);
#2206=ORIENTED_EDGE('',*,*,#2816,.T.);
#2207=ORIENTED_EDGE('',*,*,#2419,.F.);
#2208=ORIENTED_EDGE('',*,*,#2815,.T.);
#2209=ORIENTED_EDGE('',*,*,#2399,.F.);
#2210=EDGE_CURVE('',#2817,#2817,#3213,.F.);
#2211=EDGE_CURVE('',#2818,#2818,#3214,.F.);
#2212=EDGE_CURVE('',#2819,#2819,#3215,.T.);
#2213=EDGE_CURVE('',#2820,#2820,#3216,.T.);
#2214=EDGE_CURVE('',#2821,#2822,#3217,.F.);
#2215=EDGE_CURVE('',#2822,#2823,#3218,.F.);
#2216=EDGE_CURVE('',#2823,#2824,#3219,.T.);
#2217=EDGE_CURVE('',#2824,#2825,#3220,.F.);
#2218=EDGE_CURVE('',#2825,#2826,#3221,.T.);
#2219=EDGE_CURVE('',#2826,#2827,#3222,.F.);
#2220=EDGE_CURVE('',#2827,#2821,#3223,.T.);
#2221=EDGE_CURVE('',#2828,#2829,#3224,.T.);
#2222=EDGE_CURVE('',#2829,#2830,#3225,.F.);
#2223=EDGE_CURVE('',#2830,#2831,#3226,.T.);
#2224=EDGE_CURVE('',#2831,#2832,#3227,.F.);
#2225=EDGE_CURVE('',#2832,#2833,#3228,.T.);
#2226=EDGE_CURVE('',#2833,#2834,#3229,.F.);
#2227=EDGE_CURVE('',#2834,#2835,#3230,.T.);
#2228=EDGE_CURVE('',#2835,#2836,#3231,.F.);
#2229=EDGE_CURVE('',#2836,#2837,#3232,.T.);
#2230=EDGE_CURVE('',#2837,#2838,#3233,.F.);
#2231=EDGE_CURVE('',#2838,#2839,#3234,.T.);
#2232=EDGE_CURVE('',#2839,#2828,#3235,.F.);
#2233=EDGE_CURVE('',#2840,#2840,#3236,.T.);
#2234=EDGE_CURVE('',#2841,#2841,#3237,.T.);
#2235=EDGE_CURVE('',#2842,#2843,#273,.T.);
#2236=EDGE_CURVE('',#2843,#2844,#274,.T.);
#2237=EDGE_CURVE('',#2844,#2845,#275,.T.);
#2238=EDGE_CURVE('',#2845,#2846,#276,.T.);
#2239=EDGE_CURVE('',#2846,#2847,#277,.T.);
#2240=EDGE_CURVE('',#2847,#2848,#3238,.F.);
#2241=EDGE_CURVE('',#2848,#2849,#278,.T.);
#2242=EDGE_CURVE('',#2849,#2850,#279,.T.);
#2243=EDGE_CURVE('',#2850,#2851,#280,.T.);
#2244=EDGE_CURVE('',#2851,#2842,#281,.T.);
#2245=EDGE_CURVE('',#2852,#2853,#282,.T.);
#2246=EDGE_CURVE('',#2853,#2854,#283,.T.);
#2247=EDGE_CURVE('',#2854,#2855,#284,.T.);
#2248=EDGE_CURVE('',#2855,#2856,#285,.T.);
#2249=EDGE_CURVE('',#2856,#2857,#286,.T.);
#2250=EDGE_CURVE('',#2857,#2858,#287,.T.);
#2251=EDGE_CURVE('',#2858,#2859,#288,.T.);
#2252=EDGE_CURVE('',#2859,#2860,#3239,.F.);
#2253=EDGE_CURVE('',#2860,#2861,#3240,.F.);
#2254=EDGE_CURVE('',#2861,#2852,#123,.T.);
#2255=EDGE_CURVE('',#2862,#2863,#3241,.F.);
#2256=EDGE_CURVE('',#2863,#2864,#3242,.F.);
#2257=EDGE_CURVE('',#2864,#2865,#289,.T.);
#2258=EDGE_CURVE('',#2865,#2866,#3243,.T.);
#2259=EDGE_CURVE('',#2866,#2867,#124,.T.);
#2260=EDGE_CURVE('',#2867,#2868,#125,.T.);
#2261=EDGE_CURVE('',#2868,#2869,#290,.T.);
#2262=EDGE_CURVE('',#2869,#2870,#291,.T.);
#2263=EDGE_CURVE('',#2870,#2871,#292,.T.);
#2264=EDGE_CURVE('',#2871,#2872,#293,.T.);
#2265=EDGE_CURVE('',#2872,#2873,#294,.T.);
#2266=EDGE_CURVE('',#2873,#2874,#295,.T.);
#2267=EDGE_CURVE('',#2874,#2862,#3244,.F.);
#2268=EDGE_CURVE('',#2875,#2876,#126,.T.);
#2269=EDGE_CURVE('',#2876,#2877,#127,.T.);
#2270=EDGE_CURVE('',#2877,#2878,#128,.T.);
#2271=EDGE_CURVE('',#2878,#2879,#129,.T.);
#2272=EDGE_CURVE('',#2879,#2880,#130,.T.);
#2273=EDGE_CURVE('',#2880,#2881,#296,.T.);
#2274=EDGE_CURVE('',#2881,#2882,#3245,.T.);
#2275=EDGE_CURVE('',#2882,#2883,#3246,.T.);
#2276=EDGE_CURVE('',#2883,#2884,#131,.T.);
#2277=EDGE_CURVE('',#2884,#2885,#132,.T.);
#2278=EDGE_CURVE('',#2885,#2886,#3247,.T.);
#2279=EDGE_CURVE('',#2886,#2887,#3248,.T.);
#2280=EDGE_CURVE('',#2887,#2888,#297,.T.);
#2281=EDGE_CURVE('',#2888,#2875,#3249,.F.);
#2282=EDGE_CURVE('',#2889,#2890,#298,.T.);
#2283=EDGE_CURVE('',#2890,#2891,#299,.T.);
#2284=EDGE_CURVE('',#2891,#2892,#300,.T.);
#2285=EDGE_CURVE('',#2892,#2893,#301,.T.);
#2286=EDGE_CURVE('',#2893,#2894,#302,.T.);
#2287=EDGE_CURVE('',#2894,#2895,#133,.T.);
#2288=EDGE_CURVE('',#2895,#2896,#134,.T.);
#2289=EDGE_CURVE('',#2896,#2897,#3250,.F.);
#2290=EDGE_CURVE('',#2897,#2898,#135,.T.);
#2291=EDGE_CURVE('',#2898,#2899,#3251,.T.);
#2292=EDGE_CURVE('',#2899,#2900,#303,.T.);
#2293=EDGE_CURVE('',#2900,#2889,#304,.T.);
#2294=EDGE_CURVE('',#2901,#2902,#136,.T.);
#2295=EDGE_CURVE('',#2902,#2903,#137,.T.);
#2296=EDGE_CURVE('',#2903,#2904,#138,.T.);
#2297=EDGE_CURVE('',#2904,#2905,#139,.T.);
#2298=EDGE_CURVE('',#2905,#2906,#3252,.F.);
#2299=EDGE_CURVE('',#2906,#2907,#140,.T.);
#2300=EDGE_CURVE('',#2907,#2908,#141,.T.);
#2301=EDGE_CURVE('',#2908,#2909,#142,.T.);
#2302=EDGE_CURVE('',#2909,#2910,#143,.T.);
#2303=EDGE_CURVE('',#2910,#2901,#3253,.F.);
#2304=EDGE_CURVE('',#2911,#2912,#144,.T.);
#2305=EDGE_CURVE('',#2912,#2913,#145,.T.);
#2306=EDGE_CURVE('',#2913,#2914,#146,.T.);
#2307=EDGE_CURVE('',#2914,#2915,#147,.T.);
#2308=EDGE_CURVE('',#2915,#2916,#148,.T.);
#2309=EDGE_CURVE('',#2916,#2917,#149,.T.);
#2310=EDGE_CURVE('',#2917,#2918,#150,.T.);
#2311=EDGE_CURVE('',#2918,#2919,#305,.T.);
#2312=EDGE_CURVE('',#2919,#2920,#306,.T.);
#2313=EDGE_CURVE('',#2920,#2921,#151,.T.);
#2314=EDGE_CURVE('',#2921,#2922,#152,.T.);
#2315=EDGE_CURVE('',#2922,#2923,#3254,.T.);
#2316=EDGE_CURVE('',#2923,#2924,#3255,.T.);
#2317=EDGE_CURVE('',#2924,#2925,#307,.T.);
#2318=EDGE_CURVE('',#2925,#2911,#3256,.F.);
#2319=EDGE_CURVE('',#2926,#2927,#308,.T.);
#2320=EDGE_CURVE('',#2927,#2928,#309,.T.);
#2321=EDGE_CURVE('',#2928,#2929,#310,.T.);
#2322=EDGE_CURVE('',#2929,#2930,#311,.T.);
#2323=EDGE_CURVE('',#2930,#2931,#312,.T.);
#2324=EDGE_CURVE('',#2931,#2932,#313,.T.);
#2325=EDGE_CURVE('',#2932,#2933,#314,.T.);
#2326=EDGE_CURVE('',#2933,#2934,#315,.T.);
#2327=EDGE_CURVE('',#2934,#2935,#316,.T.);
#2328=EDGE_CURVE('',#2935,#2936,#317,.T.);
#2329=EDGE_CURVE('',#2936,#2926,#318,.T.);
#2330=EDGE_CURVE('',#2937,#2938,#153,.T.);
#2331=EDGE_CURVE('',#2938,#2939,#154,.T.);
#2332=EDGE_CURVE('',#2939,#2940,#155,.T.);
#2333=EDGE_CURVE('',#2940,#2941,#156,.T.);
#2334=EDGE_CURVE('',#2941,#2942,#157,.T.);
#2335=EDGE_CURVE('',#2942,#2943,#158,.T.);
#2336=EDGE_CURVE('',#2943,#2944,#159,.T.);
#2337=EDGE_CURVE('',#2944,#2937,#160,.T.);
#2338=EDGE_CURVE('',#2945,#2946,#3257,.T.);
#2339=EDGE_CURVE('',#2946,#2947,#161,.T.);
#2340=EDGE_CURVE('',#2947,#2948,#162,.T.);
#2341=EDGE_CURVE('',#2948,#2949,#163,.T.);
#2342=EDGE_CURVE('',#2949,#2950,#164,.T.);
#2343=EDGE_CURVE('',#2950,#2951,#319,.T.);
#2344=EDGE_CURVE('',#2951,#2952,#165,.T.);
#2345=EDGE_CURVE('',#2952,#2953,#166,.T.);
#2346=EDGE_CURVE('',#2953,#2954,#167,.T.);
#2347=EDGE_CURVE('',#2954,#2955,#168,.T.);
#2348=EDGE_CURVE('',#2955,#2956,#169,.T.);
#2349=EDGE_CURVE('',#2956,#2957,#170,.T.);
#2350=EDGE_CURVE('',#2957,#2958,#171,.T.);
#2351=EDGE_CURVE('',#2958,#2959,#320,.T.);
#2352=EDGE_CURVE('',#2959,#2945,#3258,.T.);
#2353=EDGE_CURVE('',#2960,#2961,#321,.T.);
#2354=EDGE_CURVE('',#2960,#2962,#3259,.T.);
#2355=EDGE_CURVE('',#2962,#2963,#322,.T.);
#2356=EDGE_CURVE('',#2963,#2961,#3260,.F.);
#2357=EDGE_CURVE('',#2964,#2965,#323,.T.);
#2358=EDGE_CURVE('',#2964,#2960,#3261,.F.);
#2359=EDGE_CURVE('',#2961,#2965,#3262,.T.);
#2360=EDGE_CURVE('',#2966,#2967,#324,.T.);
#2361=EDGE_CURVE('',#2966,#2964,#3263,.T.);
#2362=EDGE_CURVE('',#2965,#2967,#3264,.F.);
#2363=EDGE_CURVE('',#2968,#2969,#325,.F.);
#2364=EDGE_CURVE('',#2969,#2966,#3265,.T.);
#2365=EDGE_CURVE('',#2967,#2968,#3266,.F.);
#2366=EDGE_CURVE('',#2970,#2971,#326,.T.);
#2367=EDGE_CURVE('',#2970,#2972,#3267,.T.);
#2368=EDGE_CURVE('',#2972,#2973,#327,.T.);
#2369=EDGE_CURVE('',#2973,#2971,#3268,.F.);
#2370=EDGE_CURVE('',#2974,#2975,#328,.T.);
#2371=EDGE_CURVE('',#2974,#2970,#3269,.F.);
#2372=EDGE_CURVE('',#2971,#2975,#3270,.T.);
#2373=EDGE_CURVE('',#2976,#2977,#329,.T.);
#2374=EDGE_CURVE('',#2976,#2974,#3271,.T.);
#2375=EDGE_CURVE('',#2975,#2977,#3272,.F.);
#2376=EDGE_CURVE('',#2978,#2979,#330,.T.);
#2377=EDGE_CURVE('',#2978,#2976,#3273,.F.);
#2378=EDGE_CURVE('',#2977,#2979,#3274,.T.);
#2379=EDGE_CURVE('',#2980,#2981,#331,.T.);
#2380=EDGE_CURVE('',#2980,#2978,#3275,.T.);
#2381=EDGE_CURVE('',#2979,#2981,#3276,.F.);
#2382=EDGE_CURVE('',#2982,#2983,#332,.T.);
#2383=EDGE_CURVE('',#2982,#2980,#3277,.F.);
#2384=EDGE_CURVE('',#2981,#2983,#3278,.T.);
#2385=EDGE_CURVE('',#2984,#2985,#333,.T.);
#2386=EDGE_CURVE('',#2984,#2982,#3279,.T.);
#2387=EDGE_CURVE('',#2983,#2985,#3280,.F.);
#2388=EDGE_CURVE('',#2986,#2987,#334,.T.);
#2389=EDGE_CURVE('',#2986,#2984,#3281,.F.);
#2390=EDGE_CURVE('',#2985,#2987,#3282,.T.);
#2391=EDGE_CURVE('',#2988,#2989,#335,.T.);
#2392=EDGE_CURVE('',#2988,#2986,#3283,.T.);
#2393=EDGE_CURVE('',#2987,#2989,#3284,.F.);
#2394=EDGE_CURVE('',#2990,#2991,#336,.T.);
#2395=EDGE_CURVE('',#2990,#2988,#172,.T.);
#2396=EDGE_CURVE('',#2989,#2991,#173,.T.);
#2397=EDGE_CURVE('',#2992,#2993,#3285,.F.);
#2398=EDGE_CURVE('',#2993,#2990,#174,.T.);
#2399=EDGE_CURVE('',#2991,#2994,#175,.T.);
#2400=EDGE_CURVE('',#2994,#2995,#3286,.T.);
#2401=EDGE_CURVE('',#2992,#2995,#337,.T.);
#2402=EDGE_CURVE('',#2996,#2997,#338,.T.);
#2403=EDGE_CURVE('',#2996,#2992,#3287,.T.);
#2404=EDGE_CURVE('',#2995,#2997,#3288,.F.);
#2405=EDGE_CURVE('',#2998,#2999,#339,.F.);
#2406=EDGE_CURVE('',#2999,#3000,#3289,.T.);
#2407=EDGE_CURVE('',#3000,#3001,#340,.T.);
#2408=EDGE_CURVE('',#3001,#2998,#3290,.F.);
#2409=EDGE_CURVE('',#2972,#2996,#3291,.F.);
#2410=EDGE_CURVE('',#2997,#2973,#3292,.T.);
#2411=EDGE_CURVE('',#3002,#3003,#3293,.F.);
#2412=EDGE_CURVE('',#3003,#3004,#3294,.T.);
#2413=EDGE_CURVE('',#3004,#3005,#3295,.T.);
#2414=EDGE_CURVE('',#3005,#3006,#3296,.F.);
#2415=EDGE_CURVE('',#3006,#3007,#3297,.T.);
#2416=EDGE_CURVE('',#3007,#3008,#3298,.F.);
#2417=EDGE_CURVE('',#3008,#3002,#3299,.T.);
#2418=EDGE_CURVE('',#3009,#3010,#3300,.F.);
#2419=EDGE_CURVE('',#3010,#3011,#3301,.T.);
#2420=EDGE_CURVE('',#3011,#3012,#3302,.F.);
#2421=EDGE_CURVE('',#3012,#3013,#3303,.T.);
#2422=EDGE_CURVE('',#3013,#3014,#3304,.F.);
#2423=EDGE_CURVE('',#3014,#3015,#3305,.T.);
#2424=EDGE_CURVE('',#3015,#3016,#3306,.F.);
#2425=EDGE_CURVE('',#3016,#3017,#3307,.T.);
#2426=EDGE_CURVE('',#3017,#3018,#3308,.F.);
#2427=EDGE_CURVE('',#3018,#3019,#3309,.T.);
#2428=EDGE_CURVE('',#3019,#3020,#3310,.F.);
#2429=EDGE_CURVE('',#3020,#3009,#3311,.T.);
#2430=EDGE_CURVE('',#3021,#3021,#3312,.T.);
#2431=EDGE_CURVE('',#3022,#3022,#3313,.T.);
#2432=EDGE_CURVE('',#3000,#2969,#3314,.F.);
#2433=EDGE_CURVE('',#2968,#3001,#3315,.T.);
#2434=EDGE_CURVE('',#2962,#2999,#3316,.F.);
#2435=EDGE_CURVE('',#2998,#2963,#3317,.T.);
#2436=EDGE_CURVE('',#3023,#3024,#341,.T.);
#2437=EDGE_CURVE('',#3025,#3023,#342,.T.);
#2438=EDGE_CURVE('',#3025,#3026,#343,.T.);
#2439=EDGE_CURVE('',#3026,#3024,#344,.T.);
#2440=EDGE_CURVE('',#3027,#3023,#345,.T.);
#2441=EDGE_CURVE('',#3028,#3027,#346,.T.);
#2442=EDGE_CURVE('',#3028,#3025,#347,.T.);
#2443=EDGE_CURVE('',#3029,#3027,#348,.T.);
#2444=EDGE_CURVE('',#3030,#3029,#349,.T.);
#2445=EDGE_CURVE('',#3030,#3028,#350,.T.);
#2446=EDGE_CURVE('',#3031,#3029,#3318,.F.);
#2447=EDGE_CURVE('',#3032,#3031,#351,.T.);
#2448=EDGE_CURVE('',#3032,#3030,#3319,.F.);
#2449=EDGE_CURVE('',#3033,#3031,#352,.T.);
#2450=EDGE_CURVE('',#3034,#3033,#353,.T.);
#2451=EDGE_CURVE('',#3034,#3032,#354,.T.);
#2452=EDGE_CURVE('',#3035,#3033,#3320,.F.);
#2453=EDGE_CURVE('',#3036,#3035,#355,.T.);
#2454=EDGE_CURVE('',#3036,#3034,#3321,.F.);
#2455=EDGE_CURVE('',#3037,#2927,#356,.T.);
#2456=EDGE_CURVE('',#3037,#3038,#357,.T.);
#2457=EDGE_CURVE('',#3038,#2928,#358,.T.);
#2458=EDGE_CURVE('',#3039,#2926,#359,.T.);
#2459=EDGE_CURVE('',#3039,#3037,#360,.T.);
#2460=EDGE_CURVE('',#3040,#2936,#361,.T.);
#2461=EDGE_CURVE('',#3040,#3039,#362,.T.);
#2462=EDGE_CURVE('',#3041,#2935,#363,.T.);
#2463=EDGE_CURVE('',#3041,#3040,#364,.T.);
#2464=EDGE_CURVE('',#3042,#2934,#365,.T.);
#2465=EDGE_CURVE('',#3042,#3041,#366,.T.);
#2466=EDGE_CURVE('',#3043,#2933,#367,.T.);
#2467=EDGE_CURVE('',#3043,#3042,#368,.T.);
#2468=EDGE_CURVE('',#3044,#2932,#369,.T.);
#2469=EDGE_CURVE('',#3044,#3043,#370,.T.);
#2470=EDGE_CURVE('',#3045,#2931,#371,.T.);
#2471=EDGE_CURVE('',#3045,#3044,#372,.T.);
#2472=EDGE_CURVE('',#3046,#2930,#373,.T.);
#2473=EDGE_CURVE('',#3046,#3045,#374,.T.);
#2474=EDGE_CURVE('',#3047,#2929,#375,.T.);
#2475=EDGE_CURVE('',#3047,#3046,#376,.T.);
#2476=EDGE_CURVE('',#3038,#3047,#377,.T.);
#2477=EDGE_CURVE('',#3024,#3035,#3322,.F.);
#2478=EDGE_CURVE('',#3026,#3036,#3323,.F.);
#2479=EDGE_CURVE('',#3048,#2912,#378,.T.);
#2480=EDGE_CURVE('',#3048,#3049,#176,.T.);
#2481=EDGE_CURVE('',#3049,#2913,#379,.T.);
#2482=EDGE_CURVE('',#3050,#2911,#380,.T.);
#2483=EDGE_CURVE('',#3050,#3048,#177,.T.);
#2484=EDGE_CURVE('',#3051,#2925,#381,.T.);
#2485=EDGE_CURVE('',#3051,#3050,#3324,.F.);
#2486=EDGE_CURVE('',#3052,#2924,#382,.T.);
#2487=EDGE_CURVE('',#3052,#3051,#383,.T.);
#2488=EDGE_CURVE('',#3053,#2923,#384,.T.);
#2489=EDGE_CURVE('',#3053,#3052,#3325,.T.);
#2490=EDGE_CURVE('',#3054,#2922,#385,.T.);
#2491=EDGE_CURVE('',#3054,#3053,#3326,.T.);
#2492=EDGE_CURVE('',#3055,#2921,#386,.T.);
#2493=EDGE_CURVE('',#3055,#3054,#178,.T.);
#2494=EDGE_CURVE('',#3056,#2920,#387,.T.);
#2495=EDGE_CURVE('',#3056,#3055,#179,.T.);
#2496=EDGE_CURVE('',#3057,#2919,#388,.T.);
#2497=EDGE_CURVE('',#3057,#3056,#389,.T.);
#2498=EDGE_CURVE('',#3058,#2918,#390,.T.);
#2499=EDGE_CURVE('',#3058,#3057,#391,.T.);
#2500=EDGE_CURVE('',#3059,#2917,#392,.T.);
#2501=EDGE_CURVE('',#3059,#3058,#180,.T.);
#2502=EDGE_CURVE('',#3060,#2916,#393,.T.);
#2503=EDGE_CURVE('',#3060,#3059,#181,.T.);
#2504=EDGE_CURVE('',#3061,#2915,#394,.T.);
#2505=EDGE_CURVE('',#3061,#3060,#182,.T.);
#2506=EDGE_CURVE('',#3062,#2914,#395,.T.);
#2507=EDGE_CURVE('',#3062,#3061,#183,.T.);
#2508=EDGE_CURVE('',#3063,#3064,#184,.T.);
#2509=EDGE_CURVE('',#3065,#3063,#396,.T.);
#2510=EDGE_CURVE('',#3065,#3066,#185,.T.);
#2511=EDGE_CURVE('',#3066,#3064,#397,.T.);
#2512=EDGE_CURVE('',#3067,#3063,#186,.T.);
#2513=EDGE_CURVE('',#3068,#3067,#398,.T.);
#2514=EDGE_CURVE('',#3068,#3065,#187,.T.);
#2515=EDGE_CURVE('',#3069,#3067,#188,.T.);
#2516=EDGE_CURVE('',#3070,#3069,#399,.T.);
#2517=EDGE_CURVE('',#3070,#3068,#189,.T.);
#2518=EDGE_CURVE('',#3071,#3069,#400,.T.);
#2519=EDGE_CURVE('',#3072,#3071,#401,.T.);
#2520=EDGE_CURVE('',#3072,#3070,#402,.T.);
#2521=EDGE_CURVE('',#3064,#3071,#190,.T.);
#2522=EDGE_CURVE('',#3066,#3072,#191,.T.);
#2523=EDGE_CURVE('',#3049,#3062,#192,.T.);
#2524=EDGE_CURVE('',#3073,#2902,#403,.T.);
#2525=EDGE_CURVE('',#3073,#3074,#193,.T.);
#2526=EDGE_CURVE('',#3074,#2903,#404,.T.);
#2527=EDGE_CURVE('',#3075,#2901,#405,.T.);
#2528=EDGE_CURVE('',#3075,#3073,#194,.T.);
#2529=EDGE_CURVE('',#3076,#2910,#406,.T.);
#2530=EDGE_CURVE('',#3076,#3075,#3327,.F.);
#2531=EDGE_CURVE('',#3077,#2909,#407,.T.);
#2532=EDGE_CURVE('',#3077,#3076,#195,.T.);
#2533=EDGE_CURVE('',#3078,#2908,#408,.T.);
#2534=EDGE_CURVE('',#3078,#3077,#196,.T.);
#2535=EDGE_CURVE('',#3079,#2907,#409,.T.);
#2536=EDGE_CURVE('',#3079,#3078,#197,.T.);
#2537=EDGE_CURVE('',#3080,#2906,#410,.T.);
#2538=EDGE_CURVE('',#3080,#3079,#198,.T.);
#2539=EDGE_CURVE('',#3081,#2905,#411,.T.);
#2540=EDGE_CURVE('',#3081,#3080,#3328,.F.);
#2541=EDGE_CURVE('',#3082,#2904,#412,.T.);
#2542=EDGE_CURVE('',#3082,#3081,#199,.T.);
#2543=EDGE_CURVE('',#3083,#3084,#200,.T.);
#2544=EDGE_CURVE('',#3085,#3083,#413,.T.);
#2545=EDGE_CURVE('',#3085,#3086,#201,.T.);
#2546=EDGE_CURVE('',#3086,#3084,#414,.T.);
#2547=EDGE_CURVE('',#3087,#3083,#202,.T.);
#2548=EDGE_CURVE('',#3088,#3087,#415,.T.);
#2549=EDGE_CURVE('',#3088,#3085,#203,.T.);
#2550=EDGE_CURVE('',#3089,#3087,#204,.T.);
#2551=EDGE_CURVE('',#3090,#3089,#416,.T.);
#2552=EDGE_CURVE('',#3090,#3088,#205,.T.);
#2553=EDGE_CURVE('',#3091,#3089,#206,.T.);
#2554=EDGE_CURVE('',#3092,#3091,#417,.T.);
#2555=EDGE_CURVE('',#3092,#3090,#207,.T.);
#2556=EDGE_CURVE('',#3093,#3091,#208,.T.);
#2557=EDGE_CURVE('',#3094,#3093,#418,.T.);
#2558=EDGE_CURVE('',#3094,#3092,#209,.T.);
#2559=EDGE_CURVE('',#3095,#3093,#210,.T.);
#2560=EDGE_CURVE('',#3096,#3095,#419,.T.);
#2561=EDGE_CURVE('',#3096,#3094,#211,.T.);
#2562=EDGE_CURVE('',#3097,#3095,#212,.T.);
#2563=EDGE_CURVE('',#3098,#3097,#420,.T.);
#2564=EDGE_CURVE('',#3098,#3096,#213,.T.);
#2565=EDGE_CURVE('',#3084,#3097,#214,.T.);
#2566=EDGE_CURVE('',#3086,#3098,#215,.T.);
#2567=EDGE_CURVE('',#3074,#3082,#216,.T.);
#2568=EDGE_CURVE('',#3099,#2890,#421,.T.);
#2569=EDGE_CURVE('',#3099,#3100,#422,.T.);
#2570=EDGE_CURVE('',#3100,#2891,#423,.T.);
#2571=EDGE_CURVE('',#3101,#2889,#424,.T.);
#2572=EDGE_CURVE('',#3101,#3099,#425,.T.);
#2573=EDGE_CURVE('',#3102,#2900,#426,.T.);
#2574=EDGE_CURVE('',#3102,#3101,#427,.T.);
#2575=EDGE_CURVE('',#3103,#2899,#428,.T.);
#2576=EDGE_CURVE('',#3103,#3102,#429,.T.);
#2577=EDGE_CURVE('',#3104,#2898,#430,.T.);
#2578=EDGE_CURVE('',#3104,#3103,#3329,.T.);
#2579=EDGE_CURVE('',#3105,#2897,#431,.T.);
#2580=EDGE_CURVE('',#3105,#3104,#217,.T.);
#2581=EDGE_CURVE('',#3106,#2896,#432,.T.);
#2582=EDGE_CURVE('',#3106,#3105,#3330,.F.);
#2583=EDGE_CURVE('',#3107,#2895,#433,.T.);
#2584=EDGE_CURVE('',#3107,#3106,#218,.T.);
#2585=EDGE_CURVE('',#3108,#2894,#434,.T.);
#2586=EDGE_CURVE('',#3108,#3107,#219,.T.);
#2587=EDGE_CURVE('',#3109,#2893,#435,.T.);
#2588=EDGE_CURVE('',#3109,#3108,#436,.T.);
#2589=EDGE_CURVE('',#3110,#2892,#437,.T.);
#2590=EDGE_CURVE('',#3110,#3109,#438,.T.);
#2591=EDGE_CURVE('',#3111,#3112,#439,.T.);
#2592=EDGE_CURVE('',#3113,#3111,#440,.T.);
#2593=EDGE_CURVE('',#3113,#3114,#441,.T.);
#2594=EDGE_CURVE('',#3114,#3112,#442,.T.);
#2595=EDGE_CURVE('',#3115,#3111,#443,.T.);
#2596=EDGE_CURVE('',#3116,#3115,#444,.T.);
#2597=EDGE_CURVE('',#3116,#3113,#445,.T.);
#2598=EDGE_CURVE('',#3117,#3115,#446,.T.);
#2599=EDGE_CURVE('',#3118,#3117,#447,.T.);
#2600=EDGE_CURVE('',#3118,#3116,#448,.T.);
#2601=EDGE_CURVE('',#3119,#3117,#220,.T.);
#2602=EDGE_CURVE('',#3120,#3119,#449,.T.);
#2603=EDGE_CURVE('',#3120,#3118,#221,.T.);
#2604=EDGE_CURVE('',#3121,#3119,#222,.T.);
#2605=EDGE_CURVE('',#3122,#3121,#450,.T.);
#2606=EDGE_CURVE('',#3122,#3120,#223,.T.);
#2607=EDGE_CURVE('',#3123,#3121,#224,.T.);
#2608=EDGE_CURVE('',#3124,#3123,#451,.T.);
#2609=EDGE_CURVE('',#3124,#3122,#225,.T.);
#2610=EDGE_CURVE('',#3112,#3123,#226,.T.);
#2611=EDGE_CURVE('',#3114,#3124,#227,.T.);
#2612=EDGE_CURVE('',#3100,#3110,#452,.T.);
#2613=EDGE_CURVE('',#3125,#2876,#453,.T.);
#2614=EDGE_CURVE('',#3125,#3126,#228,.T.);
#2615=EDGE_CURVE('',#3126,#2877,#454,.T.);
#2616=EDGE_CURVE('',#3127,#2875,#455,.T.);
#2617=EDGE_CURVE('',#3127,#3125,#229,.T.);
#2618=EDGE_CURVE('',#3128,#2888,#456,.T.);
#2619=EDGE_CURVE('',#3128,#3127,#3331,.F.);
#2620=EDGE_CURVE('',#3129,#2887,#457,.T.);
#2621=EDGE_CURVE('',#3129,#3128,#458,.T.);
#2622=EDGE_CURVE('',#3130,#2886,#459,.T.);
#2623=EDGE_CURVE('',#3130,#3129,#3332,.T.);
#2624=EDGE_CURVE('',#3131,#2885,#460,.T.);
#2625=EDGE_CURVE('',#3131,#3130,#3333,.T.);
#2626=EDGE_CURVE('',#3132,#2884,#461,.T.);
#2627=EDGE_CURVE('',#3132,#3131,#230,.T.);
#2628=EDGE_CURVE('',#3133,#2883,#462,.T.);
#2629=EDGE_CURVE('',#3133,#3132,#231,.T.);
#2630=EDGE_CURVE('',#3134,#2882,#463,.T.);
#2631=EDGE_CURVE('',#3134,#3133,#3334,.T.);
#2632=EDGE_CURVE('',#3135,#2881,#464,.T.);
#2633=EDGE_CURVE('',#3135,#3134,#3335,.T.);
#2634=EDGE_CURVE('',#3136,#2880,#465,.T.);
#2635=EDGE_CURVE('',#3136,#3135,#466,.T.);
#2636=EDGE_CURVE('',#3137,#2879,#467,.T.);
#2637=EDGE_CURVE('',#3137,#3136,#232,.T.);
#2638=EDGE_CURVE('',#3138,#2878,#468,.T.);
#2639=EDGE_CURVE('',#3138,#3137,#233,.T.);
#2640=EDGE_CURVE('',#3126,#3138,#234,.T.);
#2641=EDGE_CURVE('',#3139,#2863,#469,.T.);
#2642=EDGE_CURVE('',#3139,#3140,#3336,.F.);
#2643=EDGE_CURVE('',#3140,#2864,#470,.T.);
#2644=EDGE_CURVE('',#3141,#2862,#471,.T.);
#2645=EDGE_CURVE('',#3141,#3139,#3337,.F.);
#2646=EDGE_CURVE('',#3142,#2874,#472,.T.);
#2647=EDGE_CURVE('',#3142,#3141,#3338,.F.);
#2648=EDGE_CURVE('',#3143,#2873,#473,.T.);
#2649=EDGE_CURVE('',#3143,#3142,#474,.T.);
#2650=EDGE_CURVE('',#3144,#2872,#475,.T.);
#2651=EDGE_CURVE('',#3144,#3143,#476,.T.);
#2652=EDGE_CURVE('',#3145,#2871,#477,.T.);
#2653=EDGE_CURVE('',#3145,#3144,#478,.T.);
#2654=EDGE_CURVE('',#3146,#2870,#479,.T.);
#2655=EDGE_CURVE('',#3146,#3145,#480,.T.);
#2656=EDGE_CURVE('',#3147,#2869,#481,.T.);
#2657=EDGE_CURVE('',#3147,#3146,#482,.T.);
#2658=EDGE_CURVE('',#3148,#2868,#483,.T.);
#2659=EDGE_CURVE('',#3148,#3147,#484,.T.);
#2660=EDGE_CURVE('',#3149,#2867,#485,.T.);
#2661=EDGE_CURVE('',#3149,#3148,#235,.T.);
#2662=EDGE_CURVE('',#3150,#2866,#486,.T.);
#2663=EDGE_CURVE('',#3150,#3149,#236,.T.);
#2664=EDGE_CURVE('',#3151,#2865,#487,.T.);
#2665=EDGE_CURVE('',#3151,#3150,#3339,.T.);
#2666=EDGE_CURVE('',#3140,#3151,#488,.T.);
#2667=EDGE_CURVE('',#3152,#2853,#489,.T.);
#2668=EDGE_CURVE('',#3152,#3153,#490,.T.);
#2669=EDGE_CURVE('',#3153,#2854,#491,.T.);
#2670=EDGE_CURVE('',#3154,#2852,#492,.T.);
#2671=EDGE_CURVE('',#3154,#3152,#493,.T.);
#2672=EDGE_CURVE('',#3155,#2861,#494,.T.);
#2673=EDGE_CURVE('',#3155,#3154,#237,.T.);
#2674=EDGE_CURVE('',#3156,#2860,#495,.T.);
#2675=EDGE_CURVE('',#3156,#3155,#3340,.F.);
#2676=EDGE_CURVE('',#3157,#2859,#496,.T.);
#2677=EDGE_CURVE('',#3157,#3156,#3341,.F.);
#2678=EDGE_CURVE('',#3158,#2858,#497,.T.);
#2679=EDGE_CURVE('',#3158,#3157,#498,.T.);
#2680=EDGE_CURVE('',#3159,#2857,#499,.T.);
#2681=EDGE_CURVE('',#3159,#3158,#500,.T.);
#2682=EDGE_CURVE('',#3160,#2856,#501,.T.);
#2683=EDGE_CURVE('',#3160,#3159,#502,.T.);
#2684=EDGE_CURVE('',#3161,#2855,#503,.T.);
#2685=EDGE_CURVE('',#3161,#3160,#504,.T.);
#2686=EDGE_CURVE('',#3153,#3161,#505,.T.);
#2687=EDGE_CURVE('',#3162,#2843,#506,.T.);
#2688=EDGE_CURVE('',#3162,#3163,#507,.T.);
#2689=EDGE_CURVE('',#3163,#2844,#508,.T.);
#2690=EDGE_CURVE('',#3164,#2842,#509,.T.);
#2691=EDGE_CURVE('',#3164,#3162,#510,.T.);
#2692=EDGE_CURVE('',#3165,#2851,#511,.T.);
#2693=EDGE_CURVE('',#3165,#3164,#512,.T.);
#2694=EDGE_CURVE('',#3166,#2850,#513,.T.);
#2695=EDGE_CURVE('',#3166,#3165,#514,.T.);
#2696=EDGE_CURVE('',#3167,#2849,#515,.T.);
#2697=EDGE_CURVE('',#3167,#3166,#516,.T.);
#2698=EDGE_CURVE('',#3168,#2848,#517,.T.);
#2699=EDGE_CURVE('',#3168,#3167,#518,.T.);
#2700=EDGE_CURVE('',#3169,#2847,#519,.T.);
#2701=EDGE_CURVE('',#3169,#3168,#3342,.F.);
#2702=EDGE_CURVE('',#3170,#2846,#520,.T.);
#2703=EDGE_CURVE('',#3170,#3169,#521,.T.);
#2704=EDGE_CURVE('',#3171,#2845,#522,.T.);
#2705=EDGE_CURVE('',#3171,#3170,#523,.T.);
#2706=EDGE_CURVE('',#3163,#3171,#524,.T.);
#2707=EDGE_CURVE('',#3172,#3173,#238,.T.);
#2708=EDGE_CURVE('',#3174,#3172,#525,.T.);
#2709=EDGE_CURVE('',#3174,#3175,#239,.T.);
#2710=EDGE_CURVE('',#3175,#3173,#526,.T.);
#2711=EDGE_CURVE('',#3176,#3172,#240,.T.);
#2712=EDGE_CURVE('',#3177,#3176,#527,.T.);
#2713=EDGE_CURVE('',#3177,#3174,#241,.T.);
#2714=EDGE_CURVE('',#3178,#3176,#242,.T.);
#2715=EDGE_CURVE('',#3179,#3178,#528,.T.);
#2716=EDGE_CURVE('',#3179,#3177,#243,.T.);
#2717=EDGE_CURVE('',#3180,#3178,#244,.T.);
#2718=EDGE_CURVE('',#3181,#3180,#529,.T.);
#2719=EDGE_CURVE('',#3181,#3179,#245,.T.);
#2720=EDGE_CURVE('',#3182,#3180,#246,.T.);
#2721=EDGE_CURVE('',#3183,#3182,#530,.T.);
#2722=EDGE_CURVE('',#3183,#3181,#247,.T.);
#2723=EDGE_CURVE('',#3184,#3182,#248,.T.);
#2724=EDGE_CURVE('',#3185,#3184,#531,.T.);
#2725=EDGE_CURVE('',#3185,#3183,#249,.T.);
#2726=EDGE_CURVE('',#3186,#3184,#250,.T.);
#2727=EDGE_CURVE('',#3187,#3186,#532,.T.);
#2728=EDGE_CURVE('',#3187,#3185,#251,.T.);
#2729=EDGE_CURVE('',#3188,#2938,#533,.T.);
#2730=EDGE_CURVE('',#3188,#3189,#252,.T.);
#2731=EDGE_CURVE('',#3189,#2939,#534,.T.);
#2732=EDGE_CURVE('',#3190,#2937,#535,.T.);
#2733=EDGE_CURVE('',#3190,#3188,#253,.T.);
#2734=EDGE_CURVE('',#3191,#2944,#536,.T.);
#2735=EDGE_CURVE('',#3191,#3190,#254,.T.);
#2736=EDGE_CURVE('',#3192,#2943,#537,.T.);
#2737=EDGE_CURVE('',#3192,#3191,#255,.T.);
#2738=EDGE_CURVE('',#3193,#2942,#538,.T.);
#2739=EDGE_CURVE('',#3193,#3192,#256,.T.);
#2740=EDGE_CURVE('',#3194,#2941,#539,.T.);
#2741=EDGE_CURVE('',#3194,#3193,#257,.T.);
#2742=EDGE_CURVE('',#3195,#2940,#540,.T.);
#2743=EDGE_CURVE('',#3195,#3194,#258,.T.);
#2744=EDGE_CURVE('',#3189,#3195,#259,.T.);
#2745=EDGE_CURVE('',#3173,#3186,#260,.T.);
#2746=EDGE_CURVE('',#3175,#3187,#261,.T.);
#2747=EDGE_CURVE('',#3196,#2946,#541,.T.);
#2748=EDGE_CURVE('',#3196,#3197,#262,.T.);
#2749=EDGE_CURVE('',#3197,#2947,#542,.T.);
#2750=EDGE_CURVE('',#3198,#2945,#543,.T.);
#2751=EDGE_CURVE('',#3198,#3196,#3343,.T.);
#2752=EDGE_CURVE('',#3199,#2959,#544,.T.);
#2753=EDGE_CURVE('',#3199,#3198,#3344,.T.);
#2754=EDGE_CURVE('',#3200,#2958,#545,.T.);
#2755=EDGE_CURVE('',#3200,#3199,#546,.T.);
#2756=EDGE_CURVE('',#3201,#2957,#547,.T.);
#2757=EDGE_CURVE('',#3201,#3200,#263,.T.);
#2758=EDGE_CURVE('',#3202,#2956,#548,.T.);
#2759=EDGE_CURVE('',#3202,#3201,#264,.T.);
#2760=EDGE_CURVE('',#3203,#2955,#549,.T.);
#2761=EDGE_CURVE('',#3203,#3202,#265,.T.);
#2762=EDGE_CURVE('',#3204,#2954,#550,.T.);
#2763=EDGE_CURVE('',#3204,#3203,#266,.T.);
#2764=EDGE_CURVE('',#3205,#2953,#551,.T.);
#2765=EDGE_CURVE('',#3205,#3204,#267,.T.);
#2766=EDGE_CURVE('',#3206,#2952,#552,.T.);
#2767=EDGE_CURVE('',#3206,#3205,#268,.T.);
#2768=EDGE_CURVE('',#3207,#2951,#553,.T.);
#2769=EDGE_CURVE('',#3207,#3206,#269,.T.);
#2770=EDGE_CURVE('',#3208,#2950,#554,.T.);
#2771=EDGE_CURVE('',#3208,#3207,#555,.T.);
#2772=EDGE_CURVE('',#3209,#2949,#556,.T.);
#2773=EDGE_CURVE('',#3209,#3208,#270,.T.);
#2774=EDGE_CURVE('',#3210,#2948,#557,.T.);
#2775=EDGE_CURVE('',#3210,#3209,#271,.T.);
#2776=EDGE_CURVE('',#3197,#3210,#272,.T.);
#2777=EDGE_CURVE('',#3211,#3211,#3345,.T.);
#2778=EDGE_CURVE('',#3212,#3212,#3346,.T.);
#2779=EDGE_CURVE('',#2999,#2825,#558,.T.);
#2780=EDGE_CURVE('',#2826,#2962,#559,.T.);
#2781=EDGE_CURVE('',#2827,#2960,#560,.T.);
#2782=EDGE_CURVE('',#3000,#2824,#561,.T.);
#2783=EDGE_CURVE('',#2821,#2964,#562,.T.);
#2784=EDGE_CURVE('',#2969,#2823,#563,.T.);
#2785=EDGE_CURVE('',#2822,#2966,#564,.T.);
#2786=EDGE_CURVE('',#3008,#2998,#565,.T.);
#2787=EDGE_CURVE('',#2963,#3007,#566,.T.);
#2788=EDGE_CURVE('',#2961,#3006,#567,.T.);
#2789=EDGE_CURVE('',#3002,#3001,#568,.T.);
#2790=EDGE_CURVE('',#2965,#3005,#569,.T.);
#2791=EDGE_CURVE('',#3003,#2968,#570,.T.);
#2792=EDGE_CURVE('',#2967,#3004,#571,.T.);
#2793=EDGE_CURVE('',#2836,#2976,#572,.T.);
#2794=EDGE_CURVE('',#2974,#2835,#573,.T.);
#2795=EDGE_CURVE('',#2970,#2834,#574,.T.);
#2796=EDGE_CURVE('',#2837,#2978,#575,.T.);
#2797=EDGE_CURVE('',#2972,#2833,#576,.T.);
#2798=EDGE_CURVE('',#2838,#2980,#577,.T.);
#2799=EDGE_CURVE('',#2996,#2832,#578,.T.);
#2800=EDGE_CURVE('',#2839,#2982,#579,.T.);
#2801=EDGE_CURVE('',#2992,#2831,#580,.T.);
#2802=EDGE_CURVE('',#2828,#2984,#581,.T.);
#2803=EDGE_CURVE('',#2993,#2830,#582,.F.);
#2804=EDGE_CURVE('',#2829,#2986,#583,.T.);
#2805=EDGE_CURVE('',#2977,#3016,#584,.T.);
#2806=EDGE_CURVE('',#3017,#2975,#585,.T.);
#2807=EDGE_CURVE('',#3018,#2971,#586,.T.);
#2808=EDGE_CURVE('',#2979,#3015,#587,.T.);
#2809=EDGE_CURVE('',#3019,#2973,#588,.T.);
#2810=EDGE_CURVE('',#2981,#3014,#589,.T.);
#2811=EDGE_CURVE('',#3020,#2997,#590,.T.);
#2812=EDGE_CURVE('',#2983,#3013,#591,.T.);
#2813=EDGE_CURVE('',#3009,#2995,#592,.T.);
#2814=EDGE_CURVE('',#2985,#3012,#593,.T.);
#2815=EDGE_CURVE('',#3010,#2994,#594,.F.);
#2816=EDGE_CURVE('',#2987,#3011,#595,.T.);
#2817=VERTEX_POINT('',#5393);
#2818=VERTEX_POINT('',#5395);
#2819=VERTEX_POINT('',#5398);
#2820=VERTEX_POINT('',#5400);
#2821=VERTEX_POINT('',#5403);
#2822=VERTEX_POINT('',#5404);
#2823=VERTEX_POINT('',#5406);
#2824=VERTEX_POINT('',#5408);
#2825=VERTEX_POINT('',#5410);
#2826=VERTEX_POINT('',#5412);
#2827=VERTEX_POINT('',#5414);
#2828=VERTEX_POINT('',#5417);
#2829=VERTEX_POINT('',#5418);
#2830=VERTEX_POINT('',#5420);
#2831=VERTEX_POINT('',#5422);
#2832=VERTEX_POINT('',#5424);
#2833=VERTEX_POINT('',#5426);
#2834=VERTEX_POINT('',#5428);
#2835=VERTEX_POINT('',#5430);
#2836=VERTEX_POINT('',#5432);
#2837=VERTEX_POINT('',#5434);
#2838=VERTEX_POINT('',#5436);
#2839=VERTEX_POINT('',#5438);
#2840=VERTEX_POINT('',#5441);
#2841=VERTEX_POINT('',#5443);
#2842=VERTEX_POINT('',#5445);
#2843=VERTEX_POINT('',#5446);
#2844=VERTEX_POINT('',#5448);
#2845=VERTEX_POINT('',#5450);
#2846=VERTEX_POINT('',#5452);
#2847=VERTEX_POINT('',#5454);
#2848=VERTEX_POINT('',#5456);
#2849=VERTEX_POINT('',#5458);
#2850=VERTEX_POINT('',#5460);
#2851=VERTEX_POINT('',#5462);
#2852=VERTEX_POINT('',#5465);
#2853=VERTEX_POINT('',#5466);
#2854=VERTEX_POINT('',#5468);
#2855=VERTEX_POINT('',#5470);
#2856=VERTEX_POINT('',#5472);
#2857=VERTEX_POINT('',#5474);
#2858=VERTEX_POINT('',#5476);
#2859=VERTEX_POINT('',#5478);
#2860=VERTEX_POINT('',#5480);
#2861=VERTEX_POINT('',#5482);
#2862=VERTEX_POINT('',#5487);
#2863=VERTEX_POINT('',#5488);
#2864=VERTEX_POINT('',#5490);
#2865=VERTEX_POINT('',#5492);
#2866=VERTEX_POINT('',#5494);
#2867=VERTEX_POINT('',#5498);
#2868=VERTEX_POINT('',#5502);
#2869=VERTEX_POINT('',#5504);
#2870=VERTEX_POINT('',#5506);
#2871=VERTEX_POINT('',#5508);
#2872=VERTEX_POINT('',#5510);
#2873=VERTEX_POINT('',#5512);
#2874=VERTEX_POINT('',#5514);
#2875=VERTEX_POINT('',#5519);
#2876=VERTEX_POINT('',#5520);
#2877=VERTEX_POINT('',#5524);
#2878=VERTEX_POINT('',#5528);
#2879=VERTEX_POINT('',#5532);
#2880=VERTEX_POINT('',#5536);
#2881=VERTEX_POINT('',#5538);
#2882=VERTEX_POINT('',#5540);
#2883=VERTEX_POINT('',#5542);
#2884=VERTEX_POINT('',#5546);
#2885=VERTEX_POINT('',#5550);
#2886=VERTEX_POINT('',#5552);
#2887=VERTEX_POINT('',#5554);
#2888=VERTEX_POINT('',#5556);
#2889=VERTEX_POINT('',#5559);
#2890=VERTEX_POINT('',#5560);
#2891=VERTEX_POINT('',#5562);
#2892=VERTEX_POINT('',#5564);
#2893=VERTEX_POINT('',#5566);
#2894=VERTEX_POINT('',#5568);
#2895=VERTEX_POINT('',#5572);
#2896=VERTEX_POINT('',#5576);
#2897=VERTEX_POINT('',#5578);
#2898=VERTEX_POINT('',#5582);
#2899=VERTEX_POINT('',#5584);
#2900=VERTEX_POINT('',#5586);
#2901=VERTEX_POINT('',#5591);
#2902=VERTEX_POINT('',#5592);
#2903=VERTEX_POINT('',#5596);
#2904=VERTEX_POINT('',#5600);
#2905=VERTEX_POINT('',#5604);
#2906=VERTEX_POINT('',#5606);
#2907=VERTEX_POINT('',#5610);
#2908=VERTEX_POINT('',#5614);
#2909=VERTEX_POINT('',#5618);
#2910=VERTEX_POINT('',#5622);
#2911=VERTEX_POINT('',#5627);
#2912=VERTEX_POINT('',#5628);
#2913=VERTEX_POINT('',#5632);
#2914=VERTEX_POINT('',#5636);
#2915=VERTEX_POINT('',#5640);
#2916=VERTEX_POINT('',#5644);
#2917=VERTEX_POINT('',#5648);
#2918=VERTEX_POINT('',#5652);
#2919=VERTEX_POINT('',#5654);
#2920=VERTEX_POINT('',#5656);
#2921=VERTEX_POINT('',#5660);
#2922=VERTEX_POINT('',#5664);
#2923=VERTEX_POINT('',#5666);
#2924=VERTEX_POINT('',#5668);
#2925=VERTEX_POINT('',#5670);
#2926=VERTEX_POINT('',#5673);
#2927=VERTEX_POINT('',#5674);
#2928=VERTEX_POINT('',#5676);
#2929=VERTEX_POINT('',#5678);
#2930=VERTEX_POINT('',#5680);
#2931=VERTEX_POINT('',#5682);
#2932=VERTEX_POINT('',#5684);
#2933=VERTEX_POINT('',#5686);
#2934=VERTEX_POINT('',#5688);
#2935=VERTEX_POINT('',#5690);
#2936=VERTEX_POINT('',#5692);
#2937=VERTEX_POINT('',#5697);
#2938=VERTEX_POINT('',#5698);
#2939=VERTEX_POINT('',#5702);
#2940=VERTEX_POINT('',#5706);
#2941=VERTEX_POINT('',#5710);
#2942=VERTEX_POINT('',#5714);
#2943=VERTEX_POINT('',#5718);
#2944=VERTEX_POINT('',#5722);
#2945=VERTEX_POINT('',#5727);
#2946=VERTEX_POINT('',#5728);
#2947=VERTEX_POINT('',#5732);
#2948=VERTEX_POINT('',#5736);
#2949=VERTEX_POINT('',#5740);
#2950=VERTEX_POINT('',#5744);
#2951=VERTEX_POINT('',#5746);
#2952=VERTEX_POINT('',#5750);
#2953=VERTEX_POINT('',#5754);
#2954=VERTEX_POINT('',#5758);
#2955=VERTEX_POINT('',#5762);
#2956=VERTEX_POINT('',#5766);
#2957=VERTEX_POINT('',#5770);
#2958=VERTEX_POINT('',#5774);
#2959=VERTEX_POINT('',#5776);
#2960=VERTEX_POINT('',#5780);
#2961=VERTEX_POINT('',#5781);
#2962=VERTEX_POINT('',#5783);
#2963=VERTEX_POINT('',#5785);
#2964=VERTEX_POINT('',#5789);
#2965=VERTEX_POINT('',#5790);
#2966=VERTEX_POINT('',#5795);
#2967=VERTEX_POINT('',#5796);
#2968=VERTEX_POINT('',#5801);
#2969=VERTEX_POINT('',#5802);
#2970=VERTEX_POINT('',#5807);
#2971=VERTEX_POINT('',#5808);
#2972=VERTEX_POINT('',#5810);
#2973=VERTEX_POINT('',#5812);
#2974=VERTEX_POINT('',#5816);
#2975=VERTEX_POINT('',#5817);
#2976=VERTEX_POINT('',#5822);
#2977=VERTEX_POINT('',#5823);
#2978=VERTEX_POINT('',#5828);
#2979=VERTEX_POINT('',#5829);
#2980=VERTEX_POINT('',#5834);
#2981=VERTEX_POINT('',#5835);
#2982=VERTEX_POINT('',#5840);
#2983=VERTEX_POINT('',#5841);
#2984=VERTEX_POINT('',#5846);
#2985=VERTEX_POINT('',#5847);
#2986=VERTEX_POINT('',#5852);
#2987=VERTEX_POINT('',#5853);
#2988=VERTEX_POINT('',#5858);
#2989=VERTEX_POINT('',#5859);
#2990=VERTEX_POINT('',#5864);
#2991=VERTEX_POINT('',#5865);
#2992=VERTEX_POINT('',#5876);
#2993=VERTEX_POINT('',#5877);
#2994=VERTEX_POINT('',#5886);
#2995=VERTEX_POINT('',#5888);
#2996=VERTEX_POINT('',#5892);
#2997=VERTEX_POINT('',#5893);
#2998=VERTEX_POINT('',#5898);
#2999=VERTEX_POINT('',#5899);
#3000=VERTEX_POINT('',#5901);
#3001=VERTEX_POINT('',#5903);
#3002=VERTEX_POINT('',#5910);
#3003=VERTEX_POINT('',#5911);
#3004=VERTEX_POINT('',#5913);
#3005=VERTEX_POINT('',#5915);
#3006=VERTEX_POINT('',#5917);
#3007=VERTEX_POINT('',#5919);
#3008=VERTEX_POINT('',#5921);
#3009=VERTEX_POINT('',#5924);
#3010=VERTEX_POINT('',#5925);
#3011=VERTEX_POINT('',#5927);
#3012=VERTEX_POINT('',#5929);
#3013=VERTEX_POINT('',#5931);
#3014=VERTEX_POINT('',#5933);
#3015=VERTEX_POINT('',#5935);
#3016=VERTEX_POINT('',#5937);
#3017=VERTEX_POINT('',#5939);
#3018=VERTEX_POINT('',#5941);
#3019=VERTEX_POINT('',#5943);
#3020=VERTEX_POINT('',#5945);
#3021=VERTEX_POINT('',#5948);
#3022=VERTEX_POINT('',#5951);
#3023=VERTEX_POINT('',#5961);
#3024=VERTEX_POINT('',#5962);
#3025=VERTEX_POINT('',#5964);
#3026=VERTEX_POINT('',#5966);
#3027=VERTEX_POINT('',#5970);
#3028=VERTEX_POINT('',#5972);
#3029=VERTEX_POINT('',#5976);
#3030=VERTEX_POINT('',#5978);
#3031=VERTEX_POINT('',#5982);
#3032=VERTEX_POINT('',#5984);
#3033=VERTEX_POINT('',#5988);
#3034=VERTEX_POINT('',#5990);
#3035=VERTEX_POINT('',#5994);
#3036=VERTEX_POINT('',#5996);
#3037=VERTEX_POINT('',#6000);
#3038=VERTEX_POINT('',#6002);
#3039=VERTEX_POINT('',#6006);
#3040=VERTEX_POINT('',#6010);
#3041=VERTEX_POINT('',#6014);
#3042=VERTEX_POINT('',#6018);
#3043=VERTEX_POINT('',#6022);
#3044=VERTEX_POINT('',#6026);
#3045=VERTEX_POINT('',#6030);
#3046=VERTEX_POINT('',#6034);
#3047=VERTEX_POINT('',#6038);
#3048=VERTEX_POINT('',#6055);
#3049=VERTEX_POINT('',#6059);
#3050=VERTEX_POINT('',#6070);
#3051=VERTEX_POINT('',#6076);
#3052=VERTEX_POINT('',#6080);
#3053=VERTEX_POINT('',#6084);
#3054=VERTEX_POINT('',#6088);
#3055=VERTEX_POINT('',#6099);
#3056=VERTEX_POINT('',#6112);
#3057=VERTEX_POINT('',#6118);
#3058=VERTEX_POINT('',#6122);
#3059=VERTEX_POINT('',#6133);
#3060=VERTEX_POINT('',#6146);
#3061=VERTEX_POINT('',#6159);
#3062=VERTEX_POINT('',#6172);
#3063=VERTEX_POINT('',#6187);
#3064=VERTEX_POINT('',#6188);
#3065=VERTEX_POINT('',#6190);
#3066=VERTEX_POINT('',#6194);
#3067=VERTEX_POINT('',#6207);
#3068=VERTEX_POINT('',#6209);
#3069=VERTEX_POINT('',#6224);
#3070=VERTEX_POINT('',#6226);
#3071=VERTEX_POINT('',#6232);
#3072=VERTEX_POINT('',#6234);
#3073=VERTEX_POINT('',#6272);
#3074=VERTEX_POINT('',#6276);
#3075=VERTEX_POINT('',#6287);
#3076=VERTEX_POINT('',#6293);
#3077=VERTEX_POINT('',#6304);
#3078=VERTEX_POINT('',#6317);
#3079=VERTEX_POINT('',#6330);
#3080=VERTEX_POINT('',#6343);
#3081=VERTEX_POINT('',#6349);
#3082=VERTEX_POINT('',#6360);
#3083=VERTEX_POINT('',#6375);
#3084=VERTEX_POINT('',#6376);
#3085=VERTEX_POINT('',#6378);
#3086=VERTEX_POINT('',#6382);
#3087=VERTEX_POINT('',#6395);
#3088=VERTEX_POINT('',#6397);
#3089=VERTEX_POINT('',#6412);
#3090=VERTEX_POINT('',#6414);
#3091=VERTEX_POINT('',#6429);
#3092=VERTEX_POINT('',#6431);
#3093=VERTEX_POINT('',#6446);
#3094=VERTEX_POINT('',#6448);
#3095=VERTEX_POINT('',#6463);
#3096=VERTEX_POINT('',#6465);
#3097=VERTEX_POINT('',#6480);
#3098=VERTEX_POINT('',#6482);
#3099=VERTEX_POINT('',#6515);
#3100=VERTEX_POINT('',#6517);
#3101=VERTEX_POINT('',#6521);
#3102=VERTEX_POINT('',#6525);
#3103=VERTEX_POINT('',#6529);
#3104=VERTEX_POINT('',#6533);
#3105=VERTEX_POINT('',#6544);
#3106=VERTEX_POINT('',#6550);
#3107=VERTEX_POINT('',#6561);
#3108=VERTEX_POINT('',#6574);
#3109=VERTEX_POINT('',#6580);
#3110=VERTEX_POINT('',#6584);
#3111=VERTEX_POINT('',#6588);
#3112=VERTEX_POINT('',#6589);
#3113=VERTEX_POINT('',#6591);
#3114=VERTEX_POINT('',#6593);
#3115=VERTEX_POINT('',#6597);
#3116=VERTEX_POINT('',#6599);
#3117=VERTEX_POINT('',#6603);
#3118=VERTEX_POINT('',#6605);
#3119=VERTEX_POINT('',#6618);
#3120=VERTEX_POINT('',#6620);
#3121=VERTEX_POINT('',#6635);
#3122=VERTEX_POINT('',#6637);
#3123=VERTEX_POINT('',#6652);
#3124=VERTEX_POINT('',#6654);
#3125=VERTEX_POINT('',#6685);
#3126=VERTEX_POINT('',#6689);
#3127=VERTEX_POINT('',#6700);
#3128=VERTEX_POINT('',#6706);
#3129=VERTEX_POINT('',#6710);
#3130=VERTEX_POINT('',#6714);
#3131=VERTEX_POINT('',#6718);
#3132=VERTEX_POINT('',#6729);
#3133=VERTEX_POINT('',#6742);
#3134=VERTEX_POINT('',#6748);
#3135=VERTEX_POINT('',#6752);
#3136=VERTEX_POINT('',#6756);
#3137=VERTEX_POINT('',#6767);
#3138=VERTEX_POINT('',#6780);
#3139=VERTEX_POINT('',#6798);
#3140=VERTEX_POINT('',#6800);
#3141=VERTEX_POINT('',#6804);
#3142=VERTEX_POINT('',#6808);
#3143=VERTEX_POINT('',#6812);
#3144=VERTEX_POINT('',#6816);
#3145=VERTEX_POINT('',#6820);
#3146=VERTEX_POINT('',#6824);
#3147=VERTEX_POINT('',#6828);
#3148=VERTEX_POINT('',#6832);
#3149=VERTEX_POINT('',#6843);
#3150=VERTEX_POINT('',#6856);
#3151=VERTEX_POINT('',#6862);
#3152=VERTEX_POINT('',#6869);
#3153=VERTEX_POINT('',#6871);
#3154=VERTEX_POINT('',#6875);
#3155=VERTEX_POINT('',#6886);
#3156=VERTEX_POINT('',#6892);
#3157=VERTEX_POINT('',#6896);
#3158=VERTEX_POINT('',#6900);
#3159=VERTEX_POINT('',#6904);
#3160=VERTEX_POINT('',#6908);
#3161=VERTEX_POINT('',#6912);
#3162=VERTEX_POINT('',#6919);
#3163=VERTEX_POINT('',#6921);
#3164=VERTEX_POINT('',#6925);
#3165=VERTEX_POINT('',#6929);
#3166=VERTEX_POINT('',#6933);
#3167=VERTEX_POINT('',#6937);
#3168=VERTEX_POINT('',#6941);
#3169=VERTEX_POINT('',#6945);
#3170=VERTEX_POINT('',#6949);
#3171=VERTEX_POINT('',#6953);
#3172=VERTEX_POINT('',#6969);
#3173=VERTEX_POINT('',#6970);
#3174=VERTEX_POINT('',#6972);
#3175=VERTEX_POINT('',#6976);
#3176=VERTEX_POINT('',#6989);
#3177=VERTEX_POINT('',#6991);
#3178=VERTEX_POINT('',#7006);
#3179=VERTEX_POINT('',#7008);
#3180=VERTEX_POINT('',#7023);
#3181=VERTEX_POINT('',#7025);
#3182=VERTEX_POINT('',#7040);
#3183=VERTEX_POINT('',#7042);
#3184=VERTEX_POINT('',#7057);
#3185=VERTEX_POINT('',#7059);
#3186=VERTEX_POINT('',#7074);
#3187=VERTEX_POINT('',#7076);
#3188=VERTEX_POINT('',#7089);
#3189=VERTEX_POINT('',#7093);
#3190=VERTEX_POINT('',#7104);
#3191=VERTEX_POINT('',#7117);
#3192=VERTEX_POINT('',#7130);
#3193=VERTEX_POINT('',#7143);
#3194=VERTEX_POINT('',#7156);
#3195=VERTEX_POINT('',#7169);
#3196=VERTEX_POINT('',#7208);
#3197=VERTEX_POINT('',#7212);
#3198=VERTEX_POINT('',#7216);
#3199=VERTEX_POINT('',#7220);
#3200=VERTEX_POINT('',#7224);
#3201=VERTEX_POINT('',#7235);
#3202=VERTEX_POINT('',#7248);
#3203=VERTEX_POINT('',#7261);
#3204=VERTEX_POINT('',#7274);
#3205=VERTEX_POINT('',#7287);
#3206=VERTEX_POINT('',#7300);
#3207=VERTEX_POINT('',#7313);
#3208=VERTEX_POINT('',#7319);
#3209=VERTEX_POINT('',#7330);
#3210=VERTEX_POINT('',#7343);
#3211=VERTEX_POINT('',#7363);
#3212=VERTEX_POINT('',#7367);
#3213=CIRCLE('',#4175,0.00215);
#3214=CIRCLE('',#4176,0.00215);
#3215=CIRCLE('',#4178,0.00165);
#3216=CIRCLE('',#4179,0.00165);
#3217=CIRCLE('',#4181,0.0034999999999952);
#3218=CIRCLE('',#4182,0.0197744097307388);
#3219=CIRCLE('',#4183,0.0025000000000048);
#3220=CIRCLE('',#4184,0.00899999999999507);
#3221=CIRCLE('',#4185,0.00250000000000479);
#3222=CIRCLE('',#4186,0.00349999999999521);
#3223=CIRCLE('',#4187,0.0127744097307477);
#3224=CIRCLE('',#4188,0.00515);
#3225=CIRCLE('',#4189,0.00812440973074302);
#3226=CIRCLE('',#4190,0.00550000000000274);
#3227=CIRCLE('',#4191,0.00812440973074307);
#3228=CIRCLE('',#4192,0.011);
#3229=CIRCLE('',#4193,0.0101493975000716);
#3230=CIRCLE('',#4194,0.00515);
#3231=CIRCLE('',#4195,0.0242264620745037);
#3232=CIRCLE('',#4196,0.00515);
#3233=CIRCLE('',#4197,0.00519663417108429);
#3234=CIRCLE('',#4198,0.0055);
#3235=CIRCLE('',#4199,0.0056035829541247);
#3236=CIRCLE('',#4200,0.003);
#3237=CIRCLE('',#4201,0.003);
#3238=CIRCLE('',#4202,0.00481226080674813);
#3239=CIRCLE('',#4203,0.0127705520516207);
#3240=CIRCLE('',#4204,0.00686888751042972);
#3241=CIRCLE('',#4205,0.00117371241118239);
#3242=CIRCLE('',#4206,0.001702355060871);
#3243=CIRCLE('',#4207,0.00120846128047266);
#3244=CIRCLE('',#4208,0.00142620852898405);
#3245=CIRCLE('',#4209,0.0052275039353499);
#3246=CIRCLE('',#4210,0.00145758545203636);
#3247=CIRCLE('',#4211,0.00184182941433879);
#3248=CIRCLE('',#4212,0.00197961440256771);
#3249=CIRCLE('',#4213,0.00166901853796313);
#3250=CIRCLE('',#4214,0.00144608887498587);
#3251=CIRCLE('',#4215,0.267175514153139);
#3252=CIRCLE('',#4216,0.00158811275701221);
#3253=CIRCLE('',#4217,0.00157855588452085);
#3254=CIRCLE('',#4218,0.00284900908136417);
#3255=CIRCLE('',#4219,0.00322826197687542);
#3256=CIRCLE('',#4220,0.00243139021743446);
#3257=CIRCLE('',#4221,0.00183534187835658);
#3258=CIRCLE('',#4222,0.0062226073687704);
#3259=CIRCLE('',#4224,0.003);
#3260=CIRCLE('',#4225,0.003);
#3261=CIRCLE('',#4227,0.0132744097307429);
#3262=CIRCLE('',#4228,0.0132744097307429);
#3263=CIRCLE('',#4230,0.003);
#3264=CIRCLE('',#4231,0.003);
#3265=CIRCLE('',#4233,0.0192744097307436);
#3266=CIRCLE('',#4234,0.0192744097307436);
#3267=CIRCLE('',#4236,0.00964939750007162);
#3268=CIRCLE('',#4237,0.00964939750007162);
#3269=CIRCLE('',#4239,0.00565);
#3270=CIRCLE('',#4240,0.00565);
#3271=CIRCLE('',#4242,0.0237264620745037);
#3272=CIRCLE('',#4243,0.0237264620745037);
#3273=CIRCLE('',#4245,0.00565);
#3274=CIRCLE('',#4246,0.00565);
#3275=CIRCLE('',#4248,0.00469663417108429);
#3276=CIRCLE('',#4249,0.00469663417108429);
#3277=CIRCLE('',#4251,0.006);
#3278=CIRCLE('',#4252,0.006);
#3279=CIRCLE('',#4254,0.0051035829541247);
#3280=CIRCLE('',#4255,0.0051035829541247);
#3281=CIRCLE('',#4257,0.00565);
#3282=CIRCLE('',#4258,0.00565);
#3283=CIRCLE('',#4260,0.00762440973074302);
#3284=CIRCLE('',#4261,0.00762440973074302);
#3285=CIRCLE('',#4264,0.00600000000000274);
#3286=CIRCLE('',#4265,0.00600000000000274);
#3287=CIRCLE('',#4267,0.00762440973074307);
#3288=CIRCLE('',#4268,0.00762440973074307);
#3289=CIRCLE('',#4270,0.00849999999999986);
#3290=CIRCLE('',#4271,0.00849999999999986);
#3291=CIRCLE('',#4273,0.0115);
#3292=CIRCLE('',#4274,0.0115);
#3293=CIRCLE('',#4276,0.0025);
#3294=CIRCLE('',#4277,0.0197744097307436);
#3295=CIRCLE('',#4278,0.0035);
#3296=CIRCLE('',#4279,0.0127744097307429);
#3297=CIRCLE('',#4280,0.0035);
#3298=CIRCLE('',#4281,0.0025);
#3299=CIRCLE('',#4282,0.00899999999999987);
#3300=CIRCLE('',#4283,0.00550000000000274);
#3301=CIRCLE('',#4284,0.00812440973074302);
#3302=CIRCLE('',#4285,0.00515);
#3303=CIRCLE('',#4286,0.0056035829541247);
#3304=CIRCLE('',#4287,0.0055);
#3305=CIRCLE('',#4288,0.0051966341710843);
#3306=CIRCLE('',#4289,0.00515);
#3307=CIRCLE('',#4290,0.0242264620745037);
#3308=CIRCLE('',#4291,0.00515);
#3309=CIRCLE('',#4292,0.0101493975000716);
#3310=CIRCLE('',#4293,0.011);
#3311=CIRCLE('',#4294,0.00812440973074306);
#3312=CIRCLE('',#4295,0.00275);
#3313=CIRCLE('',#4297,0.00275);
#3314=CIRCLE('',#4300,0.003);
#3315=CIRCLE('',#4301,0.003);
#3316=CIRCLE('',#4303,0.003);
#3317=CIRCLE('',#4304,0.003);
#3318=CIRCLE('',#4309,0.00378359116672328);
#3319=CIRCLE('',#4310,0.00378359116672328);
#3320=CIRCLE('',#4313,0.0100959413606149);
#3321=CIRCLE('',#4314,0.0100959413606149);
#3322=CIRCLE('',#4327,0.0158569337147696);
#3323=CIRCLE('',#4328,0.0158569337147696);
#3324=CIRCLE('',#4331,0.00243139021743446);
#3325=CIRCLE('',#4334,0.00322826197687542);
#3326=CIRCLE('',#4336,0.00284900908136417);
#3327=CIRCLE('',#4343,0.00157855588452085);
#3328=CIRCLE('',#4345,0.00158811275701221);
#3329=CIRCLE('',#4353,0.267175514153139);
#3330=CIRCLE('',#4355,0.00144608887498587);
#3331=CIRCLE('',#4365,0.00166901853796313);
#3332=CIRCLE('',#4368,0.00197961440256771);
#3333=CIRCLE('',#4370,0.00184182941433879);
#3334=CIRCLE('',#4372,0.00145758545203636);
#3335=CIRCLE('',#4374,0.0052275039353499);
#3336=CIRCLE('',#4378,0.001702355060871);
#3337=CIRCLE('',#4380,0.00117371241118239);
#3338=CIRCLE('',#4382,0.00142620852898405);
#3339=CIRCLE('',#4390,0.00120846128047266);
#3340=CIRCLE('',#4396,0.00686888751042972);
#3341=CIRCLE('',#4398,0.0127705520516207);
#3342=CIRCLE('',#4412,0.00481226080674813);
#3343=CIRCLE('',#4419,0.00183534187835658);
#3344=CIRCLE('',#4421,0.0062226073687704);
#3345=CIRCLE('',#4428,0.003);
#3346=CIRCLE('',#4431,0.003);
#3347=EDGE_LOOP('',(#996));
#3348=EDGE_LOOP('',(#997));
#3349=EDGE_LOOP('',(#998));
#3350=EDGE_LOOP('',(#999));
#3351=EDGE_LOOP('',(#1000,#1001,#1002,#1003,#1004,#1005,#1006));
#3352=EDGE_LOOP('',(#1007,#1008,#1009,#1010,#1011,#1012,#1013,#1014,#1015,
#1016,#1017,#1018));
#3353=EDGE_LOOP('',(#1019));
#3354=EDGE_LOOP('',(#1020));
#3355=EDGE_LOOP('',(#1021,#1022,#1023,#1024,#1025,#1026,#1027,#1028,#1029,
#1030));
#3356=EDGE_LOOP('',(#1031,#1032,#1033,#1034,#1035,#1036,#1037,#1038,#1039,
#1040));
#3357=EDGE_LOOP('',(#1041,#1042,#1043,#1044,#1045,#1046,#1047,#1048,#1049,
#1050,#1051,#1052,#1053));
#3358=EDGE_LOOP('',(#1054,#1055,#1056,#1057,#1058,#1059,#1060,#1061,#1062,
#1063,#1064,#1065,#1066,#1067));
#3359=EDGE_LOOP('',(#1068,#1069,#1070,#1071,#1072,#1073,#1074,#1075,#1076,
#1077,#1078,#1079));
#3360=EDGE_LOOP('',(#1080,#1081,#1082,#1083,#1084,#1085,#1086,#1087,#1088,
#1089));
#3361=EDGE_LOOP('',(#1090,#1091,#1092,#1093,#1094,#1095,#1096,#1097,#1098,
#1099,#1100,#1101,#1102,#1103,#1104));
#3362=EDGE_LOOP('',(#1105,#1106,#1107,#1108,#1109,#1110,#1111,#1112,#1113,
#1114,#1115));
#3363=EDGE_LOOP('',(#1116,#1117,#1118,#1119,#1120,#1121,#1122,#1123));
#3364=EDGE_LOOP('',(#1124,#1125,#1126,#1127,#1128,#1129,#1130,#1131,#1132,
#1133,#1134,#1135,#1136,#1137,#1138));
#3365=EDGE_LOOP('',(#1139,#1140,#1141,#1142));
#3366=EDGE_LOOP('',(#1143,#1144,#1145,#1146));
#3367=EDGE_LOOP('',(#1147,#1148,#1149,#1150));
#3368=EDGE_LOOP('',(#1151,#1152,#1153,#1154));
#3369=EDGE_LOOP('',(#1155,#1156,#1157,#1158));
#3370=EDGE_LOOP('',(#1159,#1160,#1161,#1162));
#3371=EDGE_LOOP('',(#1163,#1164,#1165,#1166));
#3372=EDGE_LOOP('',(#1167,#1168,#1169,#1170));
#3373=EDGE_LOOP('',(#1171,#1172,#1173,#1174));
#3374=EDGE_LOOP('',(#1175,#1176,#1177,#1178));
#3375=EDGE_LOOP('',(#1179,#1180,#1181,#1182));
#3376=EDGE_LOOP('',(#1183,#1184,#1185,#1186));
#3377=EDGE_LOOP('',(#1187,#1188,#1189,#1190));
#3378=EDGE_LOOP('',(#1191,#1192,#1193,#1194));
#3379=EDGE_LOOP('',(#1195,#1196,#1197,#1198,#1199,#1200));
#3380=EDGE_LOOP('',(#1201,#1202,#1203,#1204));
#3381=EDGE_LOOP('',(#1205,#1206,#1207,#1208));
#3382=EDGE_LOOP('',(#1209,#1210,#1211,#1212));
#3383=EDGE_LOOP('',(#1213,#1214,#1215,#1216,#1217,#1218,#1219));
#3384=EDGE_LOOP('',(#1220,#1221,#1222,#1223,#1224,#1225,#1226,#1227,#1228,
#1229,#1230,#1231));
#3385=EDGE_LOOP('',(#1232));
#3386=EDGE_LOOP('',(#1233));
#3387=EDGE_LOOP('',(#1234));
#3388=EDGE_LOOP('',(#1235));
#3389=EDGE_LOOP('',(#1236));
#3390=EDGE_LOOP('',(#1237));
#3391=EDGE_LOOP('',(#1238,#1239,#1240,#1241));
#3392=EDGE_LOOP('',(#1242,#1243,#1244,#1245));
#3393=EDGE_LOOP('',(#1246,#1247,#1248,#1249));
#3394=EDGE_LOOP('',(#1250,#1251,#1252,#1253));
#3395=EDGE_LOOP('',(#1254,#1255,#1256,#1257));
#3396=EDGE_LOOP('',(#1258,#1259,#1260,#1261));
#3397=EDGE_LOOP('',(#1262,#1263,#1264,#1265));
#3398=EDGE_LOOP('',(#1266,#1267,#1268,#1269));
#3399=EDGE_LOOP('',(#1270,#1271,#1272,#1273));
#3400=EDGE_LOOP('',(#1274,#1275,#1276,#1277));
#3401=EDGE_LOOP('',(#1278,#1279,#1280,#1281));
#3402=EDGE_LOOP('',(#1282,#1283,#1284,#1285));
#3403=EDGE_LOOP('',(#1286,#1287,#1288,#1289));
#3404=EDGE_LOOP('',(#1290,#1291,#1292,#1293));
#3405=EDGE_LOOP('',(#1294,#1295,#1296,#1297));
#3406=EDGE_LOOP('',(#1298,#1299,#1300,#1301));
#3407=EDGE_LOOP('',(#1302,#1303,#1304,#1305));
#3408=EDGE_LOOP('',(#1306,#1307,#1308,#1309));
#3409=EDGE_LOOP('',(#1310,#1311,#1312,#1313));
#3410=EDGE_LOOP('',(#1314,#1315,#1316,#1317));
#3411=EDGE_LOOP('',(#1318,#1319,#1320,#1321,#1322,#1323,#1324,#1325,#1326,
#1327,#1328));
#3412=EDGE_LOOP('',(#1329,#1330,#1331,#1332,#1333,#1334,#1335));
#3413=EDGE_LOOP('',(#1336,#1337,#1338,#1339));
#3414=EDGE_LOOP('',(#1340,#1341,#1342,#1343));
#3415=EDGE_LOOP('',(#1344,#1345,#1346,#1347));
#3416=EDGE_LOOP('',(#1348,#1349,#1350,#1351));
#3417=EDGE_LOOP('',(#1352,#1353,#1354,#1355));
#3418=EDGE_LOOP('',(#1356,#1357,#1358,#1359));
#3419=EDGE_LOOP('',(#1360,#1361,#1362,#1363));
#3420=EDGE_LOOP('',(#1364,#1365,#1366,#1367));
#3421=EDGE_LOOP('',(#1368,#1369,#1370,#1371));
#3422=EDGE_LOOP('',(#1372,#1373,#1374,#1375));
#3423=EDGE_LOOP('',(#1376,#1377,#1378,#1379));
#3424=EDGE_LOOP('',(#1380,#1381,#1382,#1383));
#3425=EDGE_LOOP('',(#1384,#1385,#1386,#1387));
#3426=EDGE_LOOP('',(#1388,#1389,#1390,#1391));
#3427=EDGE_LOOP('',(#1392,#1393,#1394,#1395));
#3428=EDGE_LOOP('',(#1396,#1397,#1398,#1399));
#3429=EDGE_LOOP('',(#1400,#1401,#1402,#1403));
#3430=EDGE_LOOP('',(#1404,#1405,#1406,#1407));
#3431=EDGE_LOOP('',(#1408,#1409,#1410,#1411));
#3432=EDGE_LOOP('',(#1412,#1413,#1414,#1415));
#3433=EDGE_LOOP('',(#1416,#1417,#1418,#1419,#1420));
#3434=EDGE_LOOP('',(#1421,#1422,#1423,#1424,#1425,#1426,#1427,#1428,#1429,
#1430,#1431,#1432,#1433,#1434,#1435));
#3435=EDGE_LOOP('',(#1436,#1437,#1438,#1439,#1440));
#3436=EDGE_LOOP('',(#1441,#1442,#1443,#1444));
#3437=EDGE_LOOP('',(#1445,#1446,#1447,#1448));
#3438=EDGE_LOOP('',(#1449,#1450,#1451,#1452));
#3439=EDGE_LOOP('',(#1453,#1454,#1455,#1456));
#3440=EDGE_LOOP('',(#1457,#1458,#1459,#1460));
#3441=EDGE_LOOP('',(#1461,#1462,#1463,#1464));
#3442=EDGE_LOOP('',(#1465,#1466,#1467,#1468));
#3443=EDGE_LOOP('',(#1469,#1470,#1471,#1472));
#3444=EDGE_LOOP('',(#1473,#1474,#1475,#1476));
#3445=EDGE_LOOP('',(#1477,#1478,#1479,#1480));
#3446=EDGE_LOOP('',(#1481,#1482,#1483,#1484));
#3447=EDGE_LOOP('',(#1485,#1486,#1487,#1488));
#3448=EDGE_LOOP('',(#1489,#1490,#1491,#1492));
#3449=EDGE_LOOP('',(#1493,#1494,#1495,#1496));
#3450=EDGE_LOOP('',(#1497,#1498,#1499,#1500));
#3451=EDGE_LOOP('',(#1501,#1502,#1503,#1504));
#3452=EDGE_LOOP('',(#1505,#1506,#1507,#1508));
#3453=EDGE_LOOP('',(#1509,#1510,#1511,#1512));
#3454=EDGE_LOOP('',(#1513,#1514,#1515,#1516,#1517,#1518,#1519,#1520));
#3455=EDGE_LOOP('',(#1521,#1522,#1523,#1524,#1525,#1526,#1527,#1528,#1529,
#1530));
#3456=EDGE_LOOP('',(#1531,#1532,#1533,#1534,#1535,#1536,#1537,#1538));
#3457=EDGE_LOOP('',(#1539,#1540,#1541,#1542));
#3458=EDGE_LOOP('',(#1543,#1544,#1545,#1546));
#3459=EDGE_LOOP('',(#1547,#1548,#1549,#1550));
#3460=EDGE_LOOP('',(#1551,#1552,#1553,#1554));
#3461=EDGE_LOOP('',(#1555,#1556,#1557,#1558));
#3462=EDGE_LOOP('',(#1559,#1560,#1561,#1562));
#3463=EDGE_LOOP('',(#1563,#1564,#1565,#1566));
#3464=EDGE_LOOP('',(#1567,#1568,#1569,#1570));
#3465=EDGE_LOOP('',(#1571,#1572,#1573,#1574));
#3466=EDGE_LOOP('',(#1575,#1576,#1577,#1578));
#3467=EDGE_LOOP('',(#1579,#1580,#1581,#1582));
#3468=EDGE_LOOP('',(#1583,#1584,#1585,#1586));
#3469=EDGE_LOOP('',(#1587,#1588,#1589,#1590));
#3470=EDGE_LOOP('',(#1591,#1592,#1593,#1594));
#3471=EDGE_LOOP('',(#1595,#1596,#1597,#1598));
#3472=EDGE_LOOP('',(#1599,#1600,#1601,#1602));
#3473=EDGE_LOOP('',(#1603,#1604,#1605,#1606));
#3474=EDGE_LOOP('',(#1607,#1608,#1609,#1610));
#3475=EDGE_LOOP('',(#1611,#1612,#1613,#1614));
#3476=EDGE_LOOP('',(#1615,#1616,#1617,#1618,#1619,#1620,#1621));
#3477=EDGE_LOOP('',(#1622,#1623,#1624,#1625,#1626,#1627,#1628,#1629,#1630,
#1631,#1632,#1633));
#3478=EDGE_LOOP('',(#1634,#1635,#1636,#1637,#1638,#1639,#1640));
#3479=EDGE_LOOP('',(#1641,#1642,#1643,#1644));
#3480=EDGE_LOOP('',(#1645,#1646,#1647,#1648));
#3481=EDGE_LOOP('',(#1649,#1650,#1651,#1652));
#3482=EDGE_LOOP('',(#1653,#1654,#1655,#1656));
#3483=EDGE_LOOP('',(#1657,#1658,#1659,#1660));
#3484=EDGE_LOOP('',(#1661,#1662,#1663,#1664));
#3485=EDGE_LOOP('',(#1665,#1666,#1667,#1668));
#3486=EDGE_LOOP('',(#1669,#1670,#1671,#1672));
#3487=EDGE_LOOP('',(#1673,#1674,#1675,#1676));
#3488=EDGE_LOOP('',(#1677,#1678,#1679,#1680));
#3489=EDGE_LOOP('',(#1681,#1682,#1683,#1684));
#3490=EDGE_LOOP('',(#1685,#1686,#1687,#1688));
#3491=EDGE_LOOP('',(#1689,#1690,#1691,#1692));
#3492=EDGE_LOOP('',(#1693,#1694,#1695,#1696));
#3493=EDGE_LOOP('',(#1697,#1698,#1699,#1700,#1701,#1702,#1703,#1704,#1705,
#1706,#1707,#1708,#1709,#1710));
#3494=EDGE_LOOP('',(#1711,#1712,#1713,#1714));
#3495=EDGE_LOOP('',(#1715,#1716,#1717,#1718));
#3496=EDGE_LOOP('',(#1719,#1720,#1721,#1722));
#3497=EDGE_LOOP('',(#1723,#1724,#1725,#1726));
#3498=EDGE_LOOP('',(#1727,#1728,#1729,#1730));
#3499=EDGE_LOOP('',(#1731,#1732,#1733,#1734));
#3500=EDGE_LOOP('',(#1735,#1736,#1737,#1738));
#3501=EDGE_LOOP('',(#1739,#1740,#1741,#1742));
#3502=EDGE_LOOP('',(#1743,#1744,#1745,#1746));
#3503=EDGE_LOOP('',(#1747,#1748,#1749,#1750));
#3504=EDGE_LOOP('',(#1751,#1752,#1753,#1754));
#3505=EDGE_LOOP('',(#1755,#1756,#1757,#1758));
#3506=EDGE_LOOP('',(#1759,#1760,#1761,#1762));
#3507=EDGE_LOOP('',(#1763,#1764,#1765,#1766,#1767,#1768,#1769,#1770,#1771,
#1772,#1773,#1774,#1775));
#3508=EDGE_LOOP('',(#1776,#1777,#1778,#1779));
#3509=EDGE_LOOP('',(#1780,#1781,#1782,#1783));
#3510=EDGE_LOOP('',(#1784,#1785,#1786,#1787));
#3511=EDGE_LOOP('',(#1788,#1789,#1790,#1791));
#3512=EDGE_LOOP('',(#1792,#1793,#1794,#1795));
#3513=EDGE_LOOP('',(#1796,#1797,#1798,#1799));
#3514=EDGE_LOOP('',(#1800,#1801,#1802,#1803));
#3515=EDGE_LOOP('',(#1804,#1805,#1806,#1807));
#3516=EDGE_LOOP('',(#1808,#1809,#1810,#1811));
#3517=EDGE_LOOP('',(#1812,#1813,#1814,#1815));
#3518=EDGE_LOOP('',(#1816,#1817,#1818,#1819,#1820,#1821,#1822,#1823,#1824,
#1825));
#3519=EDGE_LOOP('',(#1826,#1827,#1828,#1829));
#3520=EDGE_LOOP('',(#1830,#1831,#1832,#1833));
#3521=EDGE_LOOP('',(#1834,#1835,#1836,#1837));
#3522=EDGE_LOOP('',(#1838,#1839,#1840,#1841));
#3523=EDGE_LOOP('',(#1842,#1843,#1844,#1845));
#3524=EDGE_LOOP('',(#1846,#1847,#1848,#1849));
#3525=EDGE_LOOP('',(#1850,#1851,#1852,#1853));
#3526=EDGE_LOOP('',(#1854,#1855,#1856,#1857));
#3527=EDGE_LOOP('',(#1858,#1859,#1860,#1861));
#3528=EDGE_LOOP('',(#1862,#1863,#1864,#1865));
#3529=EDGE_LOOP('',(#1866,#1867,#1868,#1869,#1870,#1871,#1872,#1873,#1874,
#1875));
#3530=EDGE_LOOP('',(#1876,#1877,#1878,#1879));
#3531=EDGE_LOOP('',(#1880,#1881,#1882,#1883));
#3532=EDGE_LOOP('',(#1884,#1885,#1886,#1887));
#3533=EDGE_LOOP('',(#1888,#1889,#1890,#1891));
#3534=EDGE_LOOP('',(#1892,#1893,#1894,#1895));
#3535=EDGE_LOOP('',(#1896,#1897,#1898,#1899));
#3536=EDGE_LOOP('',(#1900,#1901,#1902,#1903));
#3537=EDGE_LOOP('',(#1904,#1905,#1906,#1907));
#3538=EDGE_LOOP('',(#1908,#1909,#1910,#1911));
#3539=EDGE_LOOP('',(#1912,#1913,#1914,#1915));
#3540=EDGE_LOOP('',(#1916,#1917,#1918,#1919));
#3541=EDGE_LOOP('',(#1920,#1921,#1922,#1923));
#3542=EDGE_LOOP('',(#1924,#1925,#1926,#1927));
#3543=EDGE_LOOP('',(#1928,#1929,#1930,#1931));
#3544=EDGE_LOOP('',(#1932,#1933,#1934,#1935));
#3545=EDGE_LOOP('',(#1936,#1937,#1938,#1939));
#3546=EDGE_LOOP('',(#1940,#1941,#1942,#1943,#1944,#1945,#1946,#1947));
#3547=EDGE_LOOP('',(#1948,#1949,#1950,#1951,#1952,#1953,#1954,#1955));
#3548=EDGE_LOOP('',(#1956,#1957,#1958,#1959));
#3549=EDGE_LOOP('',(#1960,#1961,#1962,#1963));
#3550=EDGE_LOOP('',(#1964,#1965,#1966,#1967));
#3551=EDGE_LOOP('',(#1968,#1969,#1970,#1971));
#3552=EDGE_LOOP('',(#1972,#1973,#1974,#1975));
#3553=EDGE_LOOP('',(#1976,#1977,#1978,#1979));
#3554=EDGE_LOOP('',(#1980,#1981,#1982,#1983));
#3555=EDGE_LOOP('',(#1984,#1985,#1986,#1987));
#3556=EDGE_LOOP('',(#1988,#1989,#1990,#1991));
#3557=EDGE_LOOP('',(#1992,#1993,#1994,#1995));
#3558=EDGE_LOOP('',(#1996,#1997,#1998,#1999));
#3559=EDGE_LOOP('',(#2000,#2001,#2002,#2003));
#3560=EDGE_LOOP('',(#2004,#2005,#2006,#2007));
#3561=EDGE_LOOP('',(#2008,#2009,#2010,#2011));
#3562=EDGE_LOOP('',(#2012,#2013,#2014,#2015));
#3563=EDGE_LOOP('',(#2016,#2017,#2018,#2019,#2020,#2021,#2022,#2023,#2024,
#2025,#2026,#2027,#2028,#2029,#2030));
#3564=EDGE_LOOP('',(#2031,#2032,#2033,#2034,#2035,#2036,#2037));
#3565=EDGE_LOOP('',(#2038,#2039,#2040,#2041,#2042,#2043,#2044,#2045));
#3566=EDGE_LOOP('',(#2046));
#3567=EDGE_LOOP('',(#2047));
#3568=EDGE_LOOP('',(#2048));
#3569=EDGE_LOOP('',(#2049));
#3570=EDGE_LOOP('',(#2050));
#3571=EDGE_LOOP('',(#2051));
#3572=EDGE_LOOP('',(#2052));
#3573=EDGE_LOOP('',(#2053));
#3574=EDGE_LOOP('',(#2054,#2055,#2056,#2057));
#3575=EDGE_LOOP('',(#2058,#2059,#2060,#2061));
#3576=EDGE_LOOP('',(#2062,#2063,#2064,#2065));
#3577=EDGE_LOOP('',(#2066,#2067,#2068,#2069));
#3578=EDGE_LOOP('',(#2070,#2071,#2072,#2073));
#3579=EDGE_LOOP('',(#2074,#2075,#2076,#2077));
#3580=EDGE_LOOP('',(#2078,#2079,#2080,#2081));
#3581=EDGE_LOOP('',(#2082,#2083,#2084,#2085));
#3582=EDGE_LOOP('',(#2086,#2087,#2088,#2089));
#3583=EDGE_LOOP('',(#2090,#2091,#2092,#2093));
#3584=EDGE_LOOP('',(#2094,#2095,#2096,#2097));
#3585=EDGE_LOOP('',(#2098,#2099,#2100,#2101));
#3586=EDGE_LOOP('',(#2102,#2103,#2104,#2105));
#3587=EDGE_LOOP('',(#2106,#2107,#2108,#2109));
#3588=EDGE_LOOP('',(#2110,#2111,#2112,#2113));
#3589=EDGE_LOOP('',(#2114,#2115,#2116,#2117));
#3590=EDGE_LOOP('',(#2118,#2119,#2120,#2121));
#3591=EDGE_LOOP('',(#2122,#2123,#2124,#2125));
#3592=EDGE_LOOP('',(#2126,#2127,#2128,#2129));
#3593=EDGE_LOOP('',(#2130,#2131,#2132,#2133));
#3594=EDGE_LOOP('',(#2134,#2135,#2136,#2137));
#3595=EDGE_LOOP('',(#2138,#2139,#2140,#2141));
#3596=EDGE_LOOP('',(#2142,#2143,#2144,#2145));
#3597=EDGE_LOOP('',(#2146,#2147,#2148,#2149));
#3598=EDGE_LOOP('',(#2150,#2151,#2152,#2153));
#3599=EDGE_LOOP('',(#2154,#2155,#2156,#2157,#2158,#2159));
#3600=EDGE_LOOP('',(#2160,#2161,#2162,#2163));
#3601=EDGE_LOOP('',(#2164,#2165,#2166,#2167));
#3602=EDGE_LOOP('',(#2168,#2169,#2170,#2171));
#3603=EDGE_LOOP('',(#2172,#2173,#2174,#2175));
#3604=EDGE_LOOP('',(#2176,#2177,#2178,#2179));
#3605=EDGE_LOOP('',(#2180,#2181,#2182,#2183));
#3606=EDGE_LOOP('',(#2184,#2185,#2186,#2187));
#3607=EDGE_LOOP('',(#2188,#2189,#2190,#2191));
#3608=EDGE_LOOP('',(#2192,#2193,#2194,#2195));
#3609=EDGE_LOOP('',(#2196,#2197,#2198,#2199));
#3610=EDGE_LOOP('',(#2200,#2201,#2202,#2203));
#3611=EDGE_LOOP('',(#2204,#2205,#2206,#2207,#2208,#2209));
#3612=FACE_BOUND('',#3347,.T.);
#3613=FACE_BOUND('',#3348,.T.);
#3614=FACE_BOUND('',#3349,.T.);
#3615=FACE_BOUND('',#3350,.T.);
#3616=FACE_BOUND('',#3351,.T.);
#3617=FACE_BOUND('',#3352,.T.);
#3618=FACE_BOUND('',#3353,.T.);
#3619=FACE_BOUND('',#3354,.T.);
#3620=FACE_BOUND('',#3355,.T.);
#3621=FACE_BOUND('',#3356,.T.);
#3622=FACE_BOUND('',#3357,.T.);
#3623=FACE_BOUND('',#3358,.T.);
#3624=FACE_BOUND('',#3359,.T.);
#3625=FACE_BOUND('',#3360,.T.);
#3626=FACE_BOUND('',#3361,.T.);
#3627=FACE_BOUND('',#3362,.T.);
#3628=FACE_BOUND('',#3363,.T.);
#3629=FACE_BOUND('',#3364,.T.);
#3630=FACE_BOUND('',#3365,.T.);
#3631=FACE_BOUND('',#3366,.T.);
#3632=FACE_BOUND('',#3367,.T.);
#3633=FACE_BOUND('',#3368,.T.);
#3634=FACE_BOUND('',#3369,.T.);
#3635=FACE_BOUND('',#3370,.T.);
#3636=FACE_BOUND('',#3371,.T.);
#3637=FACE_BOUND('',#3372,.T.);
#3638=FACE_BOUND('',#3373,.T.);
#3639=FACE_BOUND('',#3374,.T.);
#3640=FACE_BOUND('',#3375,.T.);
#3641=FACE_BOUND('',#3376,.T.);
#3642=FACE_BOUND('',#3377,.T.);
#3643=FACE_BOUND('',#3378,.T.);
#3644=FACE_BOUND('',#3379,.T.);
#3645=FACE_BOUND('',#3380,.T.);
#3646=FACE_BOUND('',#3381,.T.);
#3647=FACE_BOUND('',#3382,.T.);
#3648=FACE_BOUND('',#3383,.T.);
#3649=FACE_BOUND('',#3384,.T.);
#3650=FACE_BOUND('',#3385,.T.);
#3651=FACE_BOUND('',#3386,.T.);
#3652=FACE_BOUND('',#3387,.T.);
#3653=FACE_BOUND('',#3388,.T.);
#3654=FACE_BOUND('',#3389,.T.);
#3655=FACE_BOUND('',#3390,.T.);
#3656=FACE_BOUND('',#3391,.T.);
#3657=FACE_BOUND('',#3392,.T.);
#3658=FACE_BOUND('',#3393,.T.);
#3659=FACE_BOUND('',#3394,.T.);
#3660=FACE_BOUND('',#3395,.T.);
#3661=FACE_BOUND('',#3396,.T.);
#3662=FACE_BOUND('',#3397,.T.);
#3663=FACE_BOUND('',#3398,.T.);
#3664=FACE_BOUND('',#3399,.T.);
#3665=FACE_BOUND('',#3400,.T.);
#3666=FACE_BOUND('',#3401,.T.);
#3667=FACE_BOUND('',#3402,.T.);
#3668=FACE_BOUND('',#3403,.T.);
#3669=FACE_BOUND('',#3404,.T.);
#3670=FACE_BOUND('',#3405,.T.);
#3671=FACE_BOUND('',#3406,.T.);
#3672=FACE_BOUND('',#3407,.T.);
#3673=FACE_BOUND('',#3408,.T.);
#3674=FACE_BOUND('',#3409,.T.);
#3675=FACE_BOUND('',#3410,.T.);
#3676=FACE_BOUND('',#3411,.T.);
#3677=FACE_BOUND('',#3412,.T.);
#3678=FACE_BOUND('',#3413,.T.);
#3679=FACE_BOUND('',#3414,.T.);
#3680=FACE_BOUND('',#3415,.T.);
#3681=FACE_BOUND('',#3416,.T.);
#3682=FACE_BOUND('',#3417,.T.);
#3683=FACE_BOUND('',#3418,.T.);
#3684=FACE_BOUND('',#3419,.T.);
#3685=FACE_BOUND('',#3420,.T.);
#3686=FACE_BOUND('',#3421,.T.);
#3687=FACE_BOUND('',#3422,.T.);
#3688=FACE_BOUND('',#3423,.T.);
#3689=FACE_BOUND('',#3424,.T.);
#3690=FACE_BOUND('',#3425,.T.);
#3691=FACE_BOUND('',#3426,.T.);
#3692=FACE_BOUND('',#3427,.T.);
#3693=FACE_BOUND('',#3428,.T.);
#3694=FACE_BOUND('',#3429,.T.);
#3695=FACE_BOUND('',#3430,.T.);
#3696=FACE_BOUND('',#3431,.T.);
#3697=FACE_BOUND('',#3432,.T.);
#3698=FACE_BOUND('',#3433,.T.);
#3699=FACE_BOUND('',#3434,.T.);
#3700=FACE_BOUND('',#3435,.T.);
#3701=FACE_BOUND('',#3436,.T.);
#3702=FACE_BOUND('',#3437,.T.);
#3703=FACE_BOUND('',#3438,.T.);
#3704=FACE_BOUND('',#3439,.T.);
#3705=FACE_BOUND('',#3440,.T.);
#3706=FACE_BOUND('',#3441,.T.);
#3707=FACE_BOUND('',#3442,.T.);
#3708=FACE_BOUND('',#3443,.T.);
#3709=FACE_BOUND('',#3444,.T.);
#3710=FACE_BOUND('',#3445,.T.);
#3711=FACE_BOUND('',#3446,.T.);
#3712=FACE_BOUND('',#3447,.T.);
#3713=FACE_BOUND('',#3448,.T.);
#3714=FACE_BOUND('',#3449,.T.);
#3715=FACE_BOUND('',#3450,.T.);
#3716=FACE_BOUND('',#3451,.T.);
#3717=FACE_BOUND('',#3452,.T.);
#3718=FACE_BOUND('',#3453,.T.);
#3719=FACE_BOUND('',#3454,.T.);
#3720=FACE_BOUND('',#3455,.T.);
#3721=FACE_BOUND('',#3456,.T.);
#3722=FACE_BOUND('',#3457,.T.);
#3723=FACE_BOUND('',#3458,.T.);
#3724=FACE_BOUND('',#3459,.T.);
#3725=FACE_BOUND('',#3460,.T.);
#3726=FACE_BOUND('',#3461,.T.);
#3727=FACE_BOUND('',#3462,.T.);
#3728=FACE_BOUND('',#3463,.T.);
#3729=FACE_BOUND('',#3464,.T.);
#3730=FACE_BOUND('',#3465,.T.);
#3731=FACE_BOUND('',#3466,.T.);
#3732=FACE_BOUND('',#3467,.T.);
#3733=FACE_BOUND('',#3468,.T.);
#3734=FACE_BOUND('',#3469,.T.);
#3735=FACE_BOUND('',#3470,.T.);
#3736=FACE_BOUND('',#3471,.T.);
#3737=FACE_BOUND('',#3472,.T.);
#3738=FACE_BOUND('',#3473,.T.);
#3739=FACE_BOUND('',#3474,.T.);
#3740=FACE_BOUND('',#3475,.T.);
#3741=FACE_BOUND('',#3476,.T.);
#3742=FACE_BOUND('',#3477,.T.);
#3743=FACE_BOUND('',#3478,.T.);
#3744=FACE_BOUND('',#3479,.T.);
#3745=FACE_BOUND('',#3480,.T.);
#3746=FACE_BOUND('',#3481,.T.);
#3747=FACE_BOUND('',#3482,.T.);
#3748=FACE_BOUND('',#3483,.T.);
#3749=FACE_BOUND('',#3484,.T.);
#3750=FACE_BOUND('',#3485,.T.);
#3751=FACE_BOUND('',#3486,.T.);
#3752=FACE_BOUND('',#3487,.T.);
#3753=FACE_BOUND('',#3488,.T.);
#3754=FACE_BOUND('',#3489,.T.);
#3755=FACE_BOUND('',#3490,.T.);
#3756=FACE_BOUND('',#3491,.T.);
#3757=FACE_BOUND('',#3492,.T.);
#3758=FACE_BOUND('',#3493,.T.);
#3759=FACE_BOUND('',#3494,.T.);
#3760=FACE_BOUND('',#3495,.T.);
#3761=FACE_BOUND('',#3496,.T.);
#3762=FACE_BOUND('',#3497,.T.);
#3763=FACE_BOUND('',#3498,.T.);
#3764=FACE_BOUND('',#3499,.T.);
#3765=FACE_BOUND('',#3500,.T.);
#3766=FACE_BOUND('',#3501,.T.);
#3767=FACE_BOUND('',#3502,.T.);
#3768=FACE_BOUND('',#3503,.T.);
#3769=FACE_BOUND('',#3504,.T.);
#3770=FACE_BOUND('',#3505,.T.);
#3771=FACE_BOUND('',#3506,.T.);
#3772=FACE_BOUND('',#3507,.T.);
#3773=FACE_BOUND('',#3508,.T.);
#3774=FACE_BOUND('',#3509,.T.);
#3775=FACE_BOUND('',#3510,.T.);
#3776=FACE_BOUND('',#3511,.T.);
#3777=FACE_BOUND('',#3512,.T.);
#3778=FACE_BOUND('',#3513,.T.);
#3779=FACE_BOUND('',#3514,.T.);
#3780=FACE_BOUND('',#3515,.T.);
#3781=FACE_BOUND('',#3516,.T.);
#3782=FACE_BOUND('',#3517,.T.);
#3783=FACE_BOUND('',#3518,.T.);
#3784=FACE_BOUND('',#3519,.T.);
#3785=FACE_BOUND('',#3520,.T.);
#3786=FACE_BOUND('',#3521,.T.);
#3787=FACE_BOUND('',#3522,.T.);
#3788=FACE_BOUND('',#3523,.T.);
#3789=FACE_BOUND('',#3524,.T.);
#3790=FACE_BOUND('',#3525,.T.);
#3791=FACE_BOUND('',#3526,.T.);
#3792=FACE_BOUND('',#3527,.T.);
#3793=FACE_BOUND('',#3528,.T.);
#3794=FACE_BOUND('',#3529,.T.);
#3795=FACE_BOUND('',#3530,.T.);
#3796=FACE_BOUND('',#3531,.T.);
#3797=FACE_BOUND('',#3532,.T.);
#3798=FACE_BOUND('',#3533,.T.);
#3799=FACE_BOUND('',#3534,.T.);
#3800=FACE_BOUND('',#3535,.T.);
#3801=FACE_BOUND('',#3536,.T.);
#3802=FACE_BOUND('',#3537,.T.);
#3803=FACE_BOUND('',#3538,.T.);
#3804=FACE_BOUND('',#3539,.T.);
#3805=FACE_BOUND('',#3540,.T.);
#3806=FACE_BOUND('',#3541,.T.);
#3807=FACE_BOUND('',#3542,.T.);
#3808=FACE_BOUND('',#3543,.T.);
#3809=FACE_BOUND('',#3544,.T.);
#3810=FACE_BOUND('',#3545,.T.);
#3811=FACE_BOUND('',#3546,.T.);
#3812=FACE_BOUND('',#3547,.T.);
#3813=FACE_BOUND('',#3548,.T.);
#3814=FACE_BOUND('',#3549,.T.);
#3815=FACE_BOUND('',#3550,.T.);
#3816=FACE_BOUND('',#3551,.T.);
#3817=FACE_BOUND('',#3552,.T.);
#3818=FACE_BOUND('',#3553,.T.);
#3819=FACE_BOUND('',#3554,.T.);
#3820=FACE_BOUND('',#3555,.T.);
#3821=FACE_BOUND('',#3556,.T.);
#3822=FACE_BOUND('',#3557,.T.);
#3823=FACE_BOUND('',#3558,.T.);
#3824=FACE_BOUND('',#3559,.T.);
#3825=FACE_BOUND('',#3560,.T.);
#3826=FACE_BOUND('',#3561,.T.);
#3827=FACE_BOUND('',#3562,.T.);
#3828=FACE_BOUND('',#3563,.T.);
#3829=FACE_BOUND('',#3564,.T.);
#3830=FACE_BOUND('',#3565,.T.);
#3831=FACE_BOUND('',#3566,.T.);
#3832=FACE_BOUND('',#3567,.T.);
#3833=FACE_BOUND('',#3568,.T.);
#3834=FACE_BOUND('',#3569,.T.);
#3835=FACE_BOUND('',#3570,.T.);
#3836=FACE_BOUND('',#3571,.T.);
#3837=FACE_BOUND('',#3572,.T.);
#3838=FACE_BOUND('',#3573,.T.);
#3839=FACE_BOUND('',#3574,.T.);
#3840=FACE_BOUND('',#3575,.T.);
#3841=FACE_BOUND('',#3576,.T.);
#3842=FACE_BOUND('',#3577,.T.);
#3843=FACE_BOUND('',#3578,.T.);
#3844=FACE_BOUND('',#3579,.T.);
#3845=FACE_BOUND('',#3580,.T.);
#3846=FACE_BOUND('',#3581,.T.);
#3847=FACE_BOUND('',#3582,.T.);
#3848=FACE_BOUND('',#3583,.T.);
#3849=FACE_BOUND('',#3584,.T.);
#3850=FACE_BOUND('',#3585,.T.);
#3851=FACE_BOUND('',#3586,.T.);
#3852=FACE_BOUND('',#3587,.T.);
#3853=FACE_BOUND('',#3588,.T.);
#3854=FACE_BOUND('',#3589,.T.);
#3855=FACE_BOUND('',#3590,.T.);
#3856=FACE_BOUND('',#3591,.T.);
#3857=FACE_BOUND('',#3592,.T.);
#3858=FACE_BOUND('',#3593,.T.);
#3859=FACE_BOUND('',#3594,.T.);
#3860=FACE_BOUND('',#3595,.T.);
#3861=FACE_BOUND('',#3596,.T.);
#3862=FACE_BOUND('',#3597,.T.);
#3863=FACE_BOUND('',#3598,.T.);
#3864=FACE_BOUND('',#3599,.T.);
#3865=FACE_BOUND('',#3600,.T.);
#3866=FACE_BOUND('',#3601,.T.);
#3867=FACE_BOUND('',#3602,.T.);
#3868=FACE_BOUND('',#3603,.T.);
#3869=FACE_BOUND('',#3604,.T.);
#3870=FACE_BOUND('',#3605,.T.);
#3871=FACE_BOUND('',#3606,.T.);
#3872=FACE_BOUND('',#3607,.T.);
#3873=FACE_BOUND('',#3608,.T.);
#3874=FACE_BOUND('',#3609,.T.);
#3875=FACE_BOUND('',#3610,.T.);
#3876=FACE_BOUND('',#3611,.T.);
#3877=CYLINDRICAL_SURFACE('',#4174,0.00215);
#3878=CYLINDRICAL_SURFACE('',#4177,0.00165);
#3879=CYLINDRICAL_SURFACE('',#4223,0.003);
#3880=CYLINDRICAL_SURFACE('',#4226,0.0132744097307429);
#3881=CYLINDRICAL_SURFACE('',#4229,0.003);
#3882=CYLINDRICAL_SURFACE('',#4232,0.0192744097307436);
#3883=CYLINDRICAL_SURFACE('',#4235,0.00964939750007162);
#3884=CYLINDRICAL_SURFACE('',#4238,0.00565);
#3885=CYLINDRICAL_SURFACE('',#4241,0.0237264620745037);
#3886=CYLINDRICAL_SURFACE('',#4244,0.00565);
#3887=CYLINDRICAL_SURFACE('',#4247,0.00469663417108429);
#3888=CYLINDRICAL_SURFACE('',#4250,0.006);
#3889=CYLINDRICAL_SURFACE('',#4253,0.0051035829541247);
#3890=CYLINDRICAL_SURFACE('',#4256,0.00565);
#3891=CYLINDRICAL_SURFACE('',#4259,0.00762440973074302);
#3892=CYLINDRICAL_SURFACE('',#4263,0.00600000000000274);
#3893=CYLINDRICAL_SURFACE('',#4266,0.00762440973074307);
#3894=CYLINDRICAL_SURFACE('',#4269,0.00849999999999986);
#3895=CYLINDRICAL_SURFACE('',#4272,0.0115);
#3896=CYLINDRICAL_SURFACE('',#4298,0.00275);
#3897=CYLINDRICAL_SURFACE('',#4299,0.003);
#3898=CYLINDRICAL_SURFACE('',#4302,0.003);
#3899=CYLINDRICAL_SURFACE('',#4308,0.00378359116672328);
#3900=CYLINDRICAL_SURFACE('',#4312,0.0100959413606149);
#3901=CYLINDRICAL_SURFACE('',#4326,0.0158569337147696);
#3902=CYLINDRICAL_SURFACE('',#4330,0.00243139021743446);
#3903=CYLINDRICAL_SURFACE('',#4333,0.00322826197687542);
#3904=CYLINDRICAL_SURFACE('',#4335,0.00284900908136417);
#3905=CYLINDRICAL_SURFACE('',#4342,0.00157855588452085);
#3906=CYLINDRICAL_SURFACE('',#4344,0.00158811275701221);
#3907=CYLINDRICAL_SURFACE('',#4352,0.267175514153139);
#3908=CYLINDRICAL_SURFACE('',#4354,0.00144608887498587);
#3909=CYLINDRICAL_SURFACE('',#4364,0.00166901853796313);
#3910=CYLINDRICAL_SURFACE('',#4367,0.00197961440256771);
#3911=CYLINDRICAL_SURFACE('',#4369,0.00184182941433879);
#3912=CYLINDRICAL_SURFACE('',#4371,0.00145758545203636);
#3913=CYLINDRICAL_SURFACE('',#4373,0.0052275039353499);
#3914=CYLINDRICAL_SURFACE('',#4377,0.001702355060871);
#3915=CYLINDRICAL_SURFACE('',#4379,0.00117371241118239);
#3916=CYLINDRICAL_SURFACE('',#4381,0.00142620852898405);
#3917=CYLINDRICAL_SURFACE('',#4389,0.00120846128047266);
#3918=CYLINDRICAL_SURFACE('',#4395,0.00686888751042972);
#3919=CYLINDRICAL_SURFACE('',#4397,0.0127705520516207);
#3920=CYLINDRICAL_SURFACE('',#4411,0.00481226080674813);
#3921=CYLINDRICAL_SURFACE('',#4418,0.00183534187835658);
#3922=CYLINDRICAL_SURFACE('',#4420,0.0062226073687704);
#3923=CYLINDRICAL_SURFACE('',#4429,0.003);
#3924=CYLINDRICAL_SURFACE('',#4432,0.003);
#3925=ADVANCED_FACE('',(#3612,#3613),#3877,.F.);
#3926=ADVANCED_FACE('',(#3614,#3615),#3878,.F.);
#3927=ADVANCED_FACE('',(#3616,#3617,#3618,#3619,#3620,#3621,#3622,#3623,
#3624,#3625,#3626,#3627,#3628,#3629),#919,.T.);
#3928=ADVANCED_FACE('',(#3630),#3879,.F.);
#3929=ADVANCED_FACE('',(#3631),#3880,.T.);
#3930=ADVANCED_FACE('',(#3632),#3881,.F.);
#3931=ADVANCED_FACE('',(#3633),#3882,.F.);
#3932=ADVANCED_FACE('',(#3634),#3883,.F.);
#3933=ADVANCED_FACE('',(#3635),#3884,.T.);
#3934=ADVANCED_FACE('',(#3636),#3885,.F.);
#3935=ADVANCED_FACE('',(#3637),#3886,.T.);
#3936=ADVANCED_FACE('',(#3638),#3887,.F.);
#3937=ADVANCED_FACE('',(#3639),#3888,.T.);
#3938=ADVANCED_FACE('',(#3640),#3889,.F.);
#3939=ADVANCED_FACE('',(#3641),#3890,.T.);
#3940=ADVANCED_FACE('',(#3642),#3891,.F.);
#3941=ADVANCED_FACE('',(#3643),#920,.F.);
#3942=ADVANCED_FACE('',(#3644),#3892,.T.);
#3943=ADVANCED_FACE('',(#3645),#3893,.F.);
#3944=ADVANCED_FACE('',(#3646),#3894,.F.);
#3945=ADVANCED_FACE('',(#3647),#3895,.T.);
#3946=ADVANCED_FACE('',(#3648,#3649,#3650,#3651,#3652),#921,.F.);
#3947=ADVANCED_FACE('',(#3653),#922,.F.);
#3948=ADVANCED_FACE('',(#3654,#3655),#3896,.T.);
#3949=ADVANCED_FACE('',(#3656),#3897,.T.);
#3950=ADVANCED_FACE('',(#3657),#3898,.T.);
#3951=ADVANCED_FACE('',(#3658),#923,.T.);
#3952=ADVANCED_FACE('',(#3659),#924,.T.);
#3953=ADVANCED_FACE('',(#3660),#925,.T.);
#3954=ADVANCED_FACE('',(#3661),#3899,.F.);
#3955=ADVANCED_FACE('',(#3662),#926,.T.);
#3956=ADVANCED_FACE('',(#3663),#3900,.F.);
#3957=ADVANCED_FACE('',(#3664),#927,.T.);
#3958=ADVANCED_FACE('',(#3665),#928,.T.);
#3959=ADVANCED_FACE('',(#3666),#929,.T.);
#3960=ADVANCED_FACE('',(#3667),#930,.T.);
#3961=ADVANCED_FACE('',(#3668),#931,.T.);
#3962=ADVANCED_FACE('',(#3669),#932,.T.);
#3963=ADVANCED_FACE('',(#3670),#933,.T.);
#3964=ADVANCED_FACE('',(#3671),#934,.T.);
#3965=ADVANCED_FACE('',(#3672),#935,.T.);
#3966=ADVANCED_FACE('',(#3673),#936,.T.);
#3967=ADVANCED_FACE('',(#3674),#937,.T.);
#3968=ADVANCED_FACE('',(#3675),#3901,.F.);
#3969=ADVANCED_FACE('',(#3676,#3677),#938,.T.);
#3970=ADVANCED_FACE('',(#3678),#50,.T.);
#3971=ADVANCED_FACE('',(#3679),#51,.T.);
#3972=ADVANCED_FACE('',(#3680),#3902,.F.);
#3973=ADVANCED_FACE('',(#3681),#939,.T.);
#3974=ADVANCED_FACE('',(#3682),#3903,.T.);
#3975=ADVANCED_FACE('',(#3683),#3904,.T.);
#3976=ADVANCED_FACE('',(#3684),#52,.T.);
#3977=ADVANCED_FACE('',(#3685),#53,.T.);
#3978=ADVANCED_FACE('',(#3686),#940,.T.);
#3979=ADVANCED_FACE('',(#3687),#941,.T.);
#3980=ADVANCED_FACE('',(#3688),#54,.T.);
#3981=ADVANCED_FACE('',(#3689),#55,.T.);
#3982=ADVANCED_FACE('',(#3690),#56,.T.);
#3983=ADVANCED_FACE('',(#3691),#57,.T.);
#3984=ADVANCED_FACE('',(#3692),#58,.T.);
#3985=ADVANCED_FACE('',(#3693),#59,.T.);
#3986=ADVANCED_FACE('',(#3694),#60,.T.);
#3987=ADVANCED_FACE('',(#3695),#942,.T.);
#3988=ADVANCED_FACE('',(#3696),#61,.T.);
#3989=ADVANCED_FACE('',(#3697),#62,.T.);
#3990=ADVANCED_FACE('',(#3698,#3699),#943,.T.);
#3991=ADVANCED_FACE('',(#3700),#944,.T.);
#3992=ADVANCED_FACE('',(#3701),#63,.T.);
#3993=ADVANCED_FACE('',(#3702),#64,.T.);
#3994=ADVANCED_FACE('',(#3703),#3905,.F.);
#3995=ADVANCED_FACE('',(#3704),#65,.T.);
#3996=ADVANCED_FACE('',(#3705),#66,.T.);
#3997=ADVANCED_FACE('',(#3706),#67,.T.);
#3998=ADVANCED_FACE('',(#3707),#68,.T.);
#3999=ADVANCED_FACE('',(#3708),#3906,.F.);
#4000=ADVANCED_FACE('',(#3709),#69,.T.);
#4001=ADVANCED_FACE('',(#3710),#70,.T.);
#4002=ADVANCED_FACE('',(#3711),#71,.T.);
#4003=ADVANCED_FACE('',(#3712),#72,.T.);
#4004=ADVANCED_FACE('',(#3713),#73,.T.);
#4005=ADVANCED_FACE('',(#3714),#74,.T.);
#4006=ADVANCED_FACE('',(#3715),#75,.T.);
#4007=ADVANCED_FACE('',(#3716),#76,.T.);
#4008=ADVANCED_FACE('',(#3717),#77,.T.);
#4009=ADVANCED_FACE('',(#3718),#78,.T.);
#4010=ADVANCED_FACE('',(#3719,#3720),#945,.T.);
#4011=ADVANCED_FACE('',(#3721),#946,.T.);
#4012=ADVANCED_FACE('',(#3722),#947,.T.);
#4013=ADVANCED_FACE('',(#3723),#948,.T.);
#4014=ADVANCED_FACE('',(#3724),#949,.T.);
#4015=ADVANCED_FACE('',(#3725),#950,.T.);
#4016=ADVANCED_FACE('',(#3726),#3907,.T.);
#4017=ADVANCED_FACE('',(#3727),#79,.T.);
#4018=ADVANCED_FACE('',(#3728),#3908,.F.);
#4019=ADVANCED_FACE('',(#3729),#80,.T.);
#4020=ADVANCED_FACE('',(#3730),#81,.T.);
#4021=ADVANCED_FACE('',(#3731),#951,.T.);
#4022=ADVANCED_FACE('',(#3732),#952,.T.);
#4023=ADVANCED_FACE('',(#3733),#953,.T.);
#4024=ADVANCED_FACE('',(#3734),#954,.T.);
#4025=ADVANCED_FACE('',(#3735),#955,.T.);
#4026=ADVANCED_FACE('',(#3736),#82,.T.);
#4027=ADVANCED_FACE('',(#3737),#83,.T.);
#4028=ADVANCED_FACE('',(#3738),#84,.T.);
#4029=ADVANCED_FACE('',(#3739),#85,.T.);
#4030=ADVANCED_FACE('',(#3740),#956,.T.);
#4031=ADVANCED_FACE('',(#3741,#3742),#957,.T.);
#4032=ADVANCED_FACE('',(#3743),#958,.T.);
#4033=ADVANCED_FACE('',(#3744),#86,.T.);
#4034=ADVANCED_FACE('',(#3745),#87,.T.);
#4035=ADVANCED_FACE('',(#3746),#3909,.F.);
#4036=ADVANCED_FACE('',(#3747),#959,.T.);
#4037=ADVANCED_FACE('',(#3748),#3910,.T.);
#4038=ADVANCED_FACE('',(#3749),#3911,.T.);
#4039=ADVANCED_FACE('',(#3750),#88,.T.);
#4040=ADVANCED_FACE('',(#3751),#89,.T.);
#4041=ADVANCED_FACE('',(#3752),#3912,.T.);
#4042=ADVANCED_FACE('',(#3753),#3913,.T.);
#4043=ADVANCED_FACE('',(#3754),#960,.T.);
#4044=ADVANCED_FACE('',(#3755),#90,.T.);
#4045=ADVANCED_FACE('',(#3756),#91,.T.);
#4046=ADVANCED_FACE('',(#3757),#92,.T.);
#4047=ADVANCED_FACE('',(#3758),#961,.T.);
#4048=ADVANCED_FACE('',(#3759),#3914,.F.);
#4049=ADVANCED_FACE('',(#3760),#3915,.F.);
#4050=ADVANCED_FACE('',(#3761),#3916,.F.);
#4051=ADVANCED_FACE('',(#3762),#962,.T.);
#4052=ADVANCED_FACE('',(#3763),#963,.T.);
#4053=ADVANCED_FACE('',(#3764),#964,.T.);
#4054=ADVANCED_FACE('',(#3765),#965,.T.);
#4055=ADVANCED_FACE('',(#3766),#966,.T.);
#4056=ADVANCED_FACE('',(#3767),#967,.T.);
#4057=ADVANCED_FACE('',(#3768),#93,.T.);
#4058=ADVANCED_FACE('',(#3769),#94,.T.);
#4059=ADVANCED_FACE('',(#3770),#3917,.T.);
#4060=ADVANCED_FACE('',(#3771),#968,.T.);
#4061=ADVANCED_FACE('',(#3772),#969,.T.);
#4062=ADVANCED_FACE('',(#3773),#970,.T.);
#4063=ADVANCED_FACE('',(#3774),#971,.T.);
#4064=ADVANCED_FACE('',(#3775),#95,.T.);
#4065=ADVANCED_FACE('',(#3776),#3918,.F.);
#4066=ADVANCED_FACE('',(#3777),#3919,.F.);
#4067=ADVANCED_FACE('',(#3778),#972,.T.);
#4068=ADVANCED_FACE('',(#3779),#973,.T.);
#4069=ADVANCED_FACE('',(#3780),#974,.T.);
#4070=ADVANCED_FACE('',(#3781),#975,.T.);
#4071=ADVANCED_FACE('',(#3782),#976,.T.);
#4072=ADVANCED_FACE('',(#3783),#977,.T.);
#4073=ADVANCED_FACE('',(#3784),#978,.T.);
#4074=ADVANCED_FACE('',(#3785),#979,.T.);
#4075=ADVANCED_FACE('',(#3786),#980,.T.);
#4076=ADVANCED_FACE('',(#3787),#981,.T.);
#4077=ADVANCED_FACE('',(#3788),#982,.T.);
#4078=ADVANCED_FACE('',(#3789),#983,.T.);
#4079=ADVANCED_FACE('',(#3790),#3920,.F.);
#4080=ADVANCED_FACE('',(#3791),#984,.T.);
#4081=ADVANCED_FACE('',(#3792),#985,.T.);
#4082=ADVANCED_FACE('',(#3793),#986,.T.);
#4083=ADVANCED_FACE('',(#3794),#987,.T.);
#4084=ADVANCED_FACE('',(#3795),#96,.T.);
#4085=ADVANCED_FACE('',(#3796),#97,.T.);
#4086=ADVANCED_FACE('',(#3797),#98,.T.);
#4087=ADVANCED_FACE('',(#3798),#99,.T.);
#4088=ADVANCED_FACE('',(#3799),#100,.T.);
#4089=ADVANCED_FACE('',(#3800),#101,.T.);
#4090=ADVANCED_FACE('',(#3801),#102,.T.);
#4091=ADVANCED_FACE('',(#3802),#103,.T.);
#4092=ADVANCED_FACE('',(#3803),#104,.T.);
#4093=ADVANCED_FACE('',(#3804),#105,.T.);
#4094=ADVANCED_FACE('',(#3805),#106,.T.);
#4095=ADVANCED_FACE('',(#3806),#107,.T.);
#4096=ADVANCED_FACE('',(#3807),#108,.T.);
#4097=ADVANCED_FACE('',(#3808),#109,.T.);
#4098=ADVANCED_FACE('',(#3809),#110,.T.);
#4099=ADVANCED_FACE('',(#3810),#111,.T.);
#4100=ADVANCED_FACE('',(#3811,#3812),#988,.T.);
#4101=ADVANCED_FACE('',(#3813),#112,.T.);
#4102=ADVANCED_FACE('',(#3814),#3921,.T.);
#4103=ADVANCED_FACE('',(#3815),#3922,.T.);
#4104=ADVANCED_FACE('',(#3816),#989,.T.);
#4105=ADVANCED_FACE('',(#3817),#113,.T.);
#4106=ADVANCED_FACE('',(#3818),#114,.T.);
#4107=ADVANCED_FACE('',(#3819),#115,.T.);
#4108=ADVANCED_FACE('',(#3820),#116,.T.);
#4109=ADVANCED_FACE('',(#3821),#117,.T.);
#4110=ADVANCED_FACE('',(#3822),#118,.T.);
#4111=ADVANCED_FACE('',(#3823),#119,.T.);
#4112=ADVANCED_FACE('',(#3824),#990,.T.);
#4113=ADVANCED_FACE('',(#3825),#120,.T.);
#4114=ADVANCED_FACE('',(#3826),#121,.T.);
#4115=ADVANCED_FACE('',(#3827),#122,.T.);
#4116=ADVANCED_FACE('',(#3828),#991,.T.);
#4117=ADVANCED_FACE('',(#3829),#992,.T.);
#4118=ADVANCED_FACE('',(#3830),#993,.T.);
#4119=ADVANCED_FACE('',(#3831,#3832),#994,.T.);
#4120=ADVANCED_FACE('',(#3833,#3834),#3923,.F.);
#4121=ADVANCED_FACE('',(#3835,#3836),#995,.T.);
#4122=ADVANCED_FACE('',(#3837,#3838),#3924,.F.);
#4123=ADVANCED_FACE('',(#3839),#12,.T.);
#4124=ADVANCED_FACE('',(#3840),#13,.F.);
#4125=ADVANCED_FACE('',(#3841),#14,.F.);
#4126=ADVANCED_FACE('',(#3842),#15,.T.);
#4127=ADVANCED_FACE('',(#3843),#16,.T.);
#4128=ADVANCED_FACE('',(#3844),#17,.F.);
#4129=ADVANCED_FACE('',(#3845),#18,.F.);
#4130=ADVANCED_FACE('',(#3846),#19,.T.);
#4131=ADVANCED_FACE('',(#3847),#20,.F.);
#4132=ADVANCED_FACE('',(#3848),#21,.F.);
#4133=ADVANCED_FACE('',(#3849),#22,.T.);
#4134=ADVANCED_FACE('',(#3850),#23,.T.);
#4135=ADVANCED_FACE('',(#3851),#24,.F.);
#4136=ADVANCED_FACE('',(#3852),#25,.F.);
#4137=ADVANCED_FACE('',(#3853),#26,.F.);
#4138=ADVANCED_FACE('',(#3854),#27,.T.);
#4139=ADVANCED_FACE('',(#3855),#28,.T.);
#4140=ADVANCED_FACE('',(#3856),#29,.F.);
#4141=ADVANCED_FACE('',(#3857),#30,.F.);
#4142=ADVANCED_FACE('',(#3858),#31,.T.);
#4143=ADVANCED_FACE('',(#3859),#32,.T.);
#4144=ADVANCED_FACE('',(#3860),#33,.F.);
#4145=ADVANCED_FACE('',(#3861),#34,.F.);
#4146=ADVANCED_FACE('',(#3862),#35,.T.);
#4147=ADVANCED_FACE('',(#3863),#36,.T.);
#4148=ADVANCED_FACE('',(#3864),#37,.F.);
#4149=ADVANCED_FACE('',(#3865),#38,.F.);
#4150=ADVANCED_FACE('',(#3866),#39,.T.);
#4151=ADVANCED_FACE('',(#3867),#40,.T.);
#4152=ADVANCED_FACE('',(#3868),#41,.F.);
#4153=ADVANCED_FACE('',(#3869),#42,.F.);
#4154=ADVANCED_FACE('',(#3870),#43,.T.);
#4155=ADVANCED_FACE('',(#3871),#44,.T.);
#4156=ADVANCED_FACE('',(#3872),#45,.F.);
#4157=ADVANCED_FACE('',(#3873),#46,.F.);
#4158=ADVANCED_FACE('',(#3874),#47,.T.);
#4159=ADVANCED_FACE('',(#3875),#48,.T.);
#4160=ADVANCED_FACE('',(#3876),#49,.F.);
#4161=CLOSED_SHELL('',(#3925,#3926,#3927,#3928,#3929,#3930,#3931,#3932,
#3933,#3934,#3935,#3936,#3937,#3938,#3939,#3940,#3941,#3942,#3943,#3944,
#3945,#3946,#3947,#3948,#3949,#3950,#3951,#3952,#3953,#3954,#3955,#3956,
#3957,#3958,#3959,#3960,#3961,#3962,#3963,#3964,#3965,#3966,#3967,#3968,
#3969,#3970,#3971,#3972,#3973,#3974,#3975,#3976,#3977,#3978,#3979,#3980,
#3981,#3982,#3983,#3984,#3985,#3986,#3987,#3988,#3989,#3990,#3991,#3992,
#3993,#3994,#3995,#3996,#3997,#3998,#3999,#4000,#4001,#4002,#4003,#4004,
#4005,#4006,#4007,#4008,#4009,#4010,#4011,#4012,#4013,#4014,#4015,#4016,
#4017,#4018,#4019,#4020,#4021,#4022,#4023,#4024,#4025,#4026,#4027,#4028,
#4029,#4030,#4031,#4032,#4033,#4034,#4035,#4036,#4037,#4038,#4039,#4040,
#4041,#4042,#4043,#4044,#4045,#4046,#4047,#4048,#4049,#4050,#4051,#4052,
#4053,#4054,#4055,#4056,#4057,#4058,#4059,#4060,#4061,#4062,#4063,#4064,
#4065,#4066,#4067,#4068,#4069,#4070,#4071,#4072,#4073,#4074,#4075,#4076,
#4077,#4078,#4079,#4080,#4081,#4082,#4083,#4084,#4085,#4086,#4087,#4088,
#4089,#4090,#4091,#4092,#4093,#4094,#4095,#4096,#4097,#4098,#4099,#4100,
#4101,#4102,#4103,#4104,#4105,#4106,#4107,#4108,#4109,#4110,#4111,#4112,
#4113,#4114,#4115,#4116,#4117,#4118,#4119,#4120,#4121,#4122,#4123,#4124,
#4125,#4126,#4127,#4128,#4129,#4130,#4131,#4132,#4133,#4134,#4135,#4136,
#4137,#4138,#4139,#4140,#4141,#4142,#4143,#4144,#4145,#4146,#4147,#4148,
#4149,#4150,#4151,#4152,#4153,#4154,#4155,#4156,#4157,#4158,#4159,#4160));
#4162=STYLED_ITEM('',(#4163),#4170);
#4163=PRESENTATION_STYLE_ASSIGNMENT((#4164));
#4164=SURFACE_STYLE_USAGE(.BOTH.,#4165);
#4165=SURFACE_SIDE_STYLE('',(#4166));
#4166=SURFACE_STYLE_FILL_AREA(#4167);
#4167=FILL_AREA_STYLE('',(#4168));
#4168=FILL_AREA_STYLE_COLOUR('',#4169);
#4169=COLOUR_RGB('',0.980392156862745,0.713725490196078,0.00392156862745098);
#4170=MANIFOLD_SOLID_BREP('NAMEIMPRIMANTE',#4161);
#4171=SHAPE_DEFINITION_REPRESENTATION(#7451,#4172);
#4172=SHAPE_REPRESENTATION('NAMEIMPRIMANTE',(#4173),#7446);
#4173=AXIS2_PLACEMENT_3D('',#5390,#4471,#4472);
#4174=AXIS2_PLACEMENT_3D('',#5391,#4473,#4474);
#4175=AXIS2_PLACEMENT_3D('',#5392,#4475,#4476);
#4176=AXIS2_PLACEMENT_3D('',#5394,#4477,#4478);
#4177=AXIS2_PLACEMENT_3D('',#5396,#4479,#4480);
#4178=AXIS2_PLACEMENT_3D('',#5397,#4481,#4482);
#4179=AXIS2_PLACEMENT_3D('',#5399,#4483,#4484);
#4180=AXIS2_PLACEMENT_3D('',#5401,#4485,#4486);
#4181=AXIS2_PLACEMENT_3D('',#5402,#4487,#4488);
#4182=AXIS2_PLACEMENT_3D('',#5405,#4489,#4490);
#4183=AXIS2_PLACEMENT_3D('',#5407,#4491,#4492);
#4184=AXIS2_PLACEMENT_3D('',#5409,#4493,#4494);
#4185=AXIS2_PLACEMENT_3D('',#5411,#4495,#4496);
#4186=AXIS2_PLACEMENT_3D('',#5413,#4497,#4498);
#4187=AXIS2_PLACEMENT_3D('',#5415,#4499,#4500);
#4188=AXIS2_PLACEMENT_3D('',#5416,#4501,#4502);
#4189=AXIS2_PLACEMENT_3D('',#5419,#4503,#4504);
#4190=AXIS2_PLACEMENT_3D('',#5421,#4505,#4506);
#4191=AXIS2_PLACEMENT_3D('',#5423,#4507,#4508);
#4192=AXIS2_PLACEMENT_3D('',#5425,#4509,#4510);
#4193=AXIS2_PLACEMENT_3D('',#5427,#4511,#4512);
#4194=AXIS2_PLACEMENT_3D('',#5429,#4513,#4514);
#4195=AXIS2_PLACEMENT_3D('',#5431,#4515,#4516);
#4196=AXIS2_PLACEMENT_3D('',#5433,#4517,#4518);
#4197=AXIS2_PLACEMENT_3D('',#5435,#4519,#4520);
#4198=AXIS2_PLACEMENT_3D('',#5437,#4521,#4522);
#4199=AXIS2_PLACEMENT_3D('',#5439,#4523,#4524);
#4200=AXIS2_PLACEMENT_3D('',#5440,#4525,#4526);
#4201=AXIS2_PLACEMENT_3D('',#5442,#4527,#4528);
#4202=AXIS2_PLACEMENT_3D('',#5455,#4534,#4535);
#4203=AXIS2_PLACEMENT_3D('',#5479,#4547,#4548);
#4204=AXIS2_PLACEMENT_3D('',#5481,#4549,#4550);
#4205=AXIS2_PLACEMENT_3D('',#5486,#4551,#4552);
#4206=AXIS2_PLACEMENT_3D('',#5489,#4553,#4554);
#4207=AXIS2_PLACEMENT_3D('',#5493,#4556,#4557);
#4208=AXIS2_PLACEMENT_3D('',#5515,#4564,#4565);
#4209=AXIS2_PLACEMENT_3D('',#5539,#4567,#4568);
#4210=AXIS2_PLACEMENT_3D('',#5541,#4569,#4570);
#4211=AXIS2_PLACEMENT_3D('',#5551,#4571,#4572);
#4212=AXIS2_PLACEMENT_3D('',#5553,#4573,#4574);
#4213=AXIS2_PLACEMENT_3D('',#5557,#4576,#4577);
#4214=AXIS2_PLACEMENT_3D('',#5577,#4583,#4584);
#4215=AXIS2_PLACEMENT_3D('',#5583,#4585,#4586);
#4216=AXIS2_PLACEMENT_3D('',#5605,#4589,#4590);
#4217=AXIS2_PLACEMENT_3D('',#5623,#4591,#4592);
#4218=AXIS2_PLACEMENT_3D('',#5665,#4595,#4596);
#4219=AXIS2_PLACEMENT_3D('',#5667,#4597,#4598);
#4220=AXIS2_PLACEMENT_3D('',#5671,#4600,#4601);
#4221=AXIS2_PLACEMENT_3D('',#5726,#4613,#4614);
#4222=AXIS2_PLACEMENT_3D('',#5777,#4617,#4618);
#4223=AXIS2_PLACEMENT_3D('',#5778,#4619,#4620);
#4224=AXIS2_PLACEMENT_3D('',#5782,#4622,#4623);
#4225=AXIS2_PLACEMENT_3D('',#5786,#4625,#4626);
#4226=AXIS2_PLACEMENT_3D('',#5787,#4627,#4628);
#4227=AXIS2_PLACEMENT_3D('',#5791,#4630,#4631);
#4228=AXIS2_PLACEMENT_3D('',#5792,#4632,#4633);
#4229=AXIS2_PLACEMENT_3D('',#5793,#4634,#4635);
#4230=AXIS2_PLACEMENT_3D('',#5797,#4637,#4638);
#4231=AXIS2_PLACEMENT_3D('',#5798,#4639,#4640);
#4232=AXIS2_PLACEMENT_3D('',#5799,#4641,#4642);
#4233=AXIS2_PLACEMENT_3D('',#5803,#4644,#4645);
#4234=AXIS2_PLACEMENT_3D('',#5804,#4646,#4647);
#4235=AXIS2_PLACEMENT_3D('',#5805,#4648,#4649);
#4236=AXIS2_PLACEMENT_3D('',#5809,#4651,#4652);
#4237=AXIS2_PLACEMENT_3D('',#5813,#4654,#4655);
#4238=AXIS2_PLACEMENT_3D('',#5814,#4656,#4657);
#4239=AXIS2_PLACEMENT_3D('',#5818,#4659,#4660);
#4240=AXIS2_PLACEMENT_3D('',#5819,#4661,#4662);
#4241=AXIS2_PLACEMENT_3D('',#5820,#4663,#4664);
#4242=AXIS2_PLACEMENT_3D('',#5824,#4666,#4667);
#4243=AXIS2_PLACEMENT_3D('',#5825,#4668,#4669);
#4244=AXIS2_PLACEMENT_3D('',#5826,#4670,#4671);
#4245=AXIS2_PLACEMENT_3D('',#5830,#4673,#4674);
#4246=AXIS2_PLACEMENT_3D('',#5831,#4675,#4676);
#4247=AXIS2_PLACEMENT_3D('',#5832,#4677,#4678);
#4248=AXIS2_PLACEMENT_3D('',#5836,#4680,#4681);
#4249=AXIS2_PLACEMENT_3D('',#5837,#4682,#4683);
#4250=AXIS2_PLACEMENT_3D('',#5838,#4684,#4685);
#4251=AXIS2_PLACEMENT_3D('',#5842,#4687,#4688);
#4252=AXIS2_PLACEMENT_3D('',#5843,#4689,#4690);
#4253=AXIS2_PLACEMENT_3D('',#5844,#4691,#4692);
#4254=AXIS2_PLACEMENT_3D('',#5848,#4694,#4695);
#4255=AXIS2_PLACEMENT_3D('',#5849,#4696,#4697);
#4256=AXIS2_PLACEMENT_3D('',#5850,#4698,#4699);
#4257=AXIS2_PLACEMENT_3D('',#5854,#4701,#4702);
#4258=AXIS2_PLACEMENT_3D('',#5855,#4703,#4704);
#4259=AXIS2_PLACEMENT_3D('',#5856,#4705,#4706);
#4260=AXIS2_PLACEMENT_3D('',#5860,#4708,#4709);
#4261=AXIS2_PLACEMENT_3D('',#5861,#4710,#4711);
#4262=AXIS2_PLACEMENT_3D('',#5862,#4712,#4713);
#4263=AXIS2_PLACEMENT_3D('',#5874,#4715,#4716);
#4264=AXIS2_PLACEMENT_3D('',#5875,#4717,#4718);
#4265=AXIS2_PLACEMENT_3D('',#5887,#4719,#4720);
#4266=AXIS2_PLACEMENT_3D('',#5890,#4722,#4723);
#4267=AXIS2_PLACEMENT_3D('',#5894,#4725,#4726);
#4268=AXIS2_PLACEMENT_3D('',#5895,#4727,#4728);
#4269=AXIS2_PLACEMENT_3D('',#5896,#4729,#4730);
#4270=AXIS2_PLACEMENT_3D('',#5900,#4732,#4733);
#4271=AXIS2_PLACEMENT_3D('',#5904,#4735,#4736);
#4272=AXIS2_PLACEMENT_3D('',#5905,#4737,#4738);
#4273=AXIS2_PLACEMENT_3D('',#5906,#4739,#4740);
#4274=AXIS2_PLACEMENT_3D('',#5907,#4741,#4742);
#4275=AXIS2_PLACEMENT_3D('',#5908,#4743,#4744);
#4276=AXIS2_PLACEMENT_3D('',#5909,#4745,#4746);
#4277=AXIS2_PLACEMENT_3D('',#5912,#4747,#4748);
#4278=AXIS2_PLACEMENT_3D('',#5914,#4749,#4750);
#4279=AXIS2_PLACEMENT_3D('',#5916,#4751,#4752);
#4280=AXIS2_PLACEMENT_3D('',#5918,#4753,#4754);
#4281=AXIS2_PLACEMENT_3D('',#5920,#4755,#4756);
#4282=AXIS2_PLACEMENT_3D('',#5922,#4757,#4758);
#4283=AXIS2_PLACEMENT_3D('',#5923,#4759,#4760);
#4284=AXIS2_PLACEMENT_3D('',#5926,#4761,#4762);
#4285=AXIS2_PLACEMENT_3D('',#5928,#4763,#4764);
#4286=AXIS2_PLACEMENT_3D('',#5930,#4765,#4766);
#4287=AXIS2_PLACEMENT_3D('',#5932,#4767,#4768);
#4288=AXIS2_PLACEMENT_3D('',#5934,#4769,#4770);
#4289=AXIS2_PLACEMENT_3D('',#5936,#4771,#4772);
#4290=AXIS2_PLACEMENT_3D('',#5938,#4773,#4774);
#4291=AXIS2_PLACEMENT_3D('',#5940,#4775,#4776);
#4292=AXIS2_PLACEMENT_3D('',#5942,#4777,#4778);
#4293=AXIS2_PLACEMENT_3D('',#5944,#4779,#4780);
#4294=AXIS2_PLACEMENT_3D('',#5946,#4781,#4782);
#4295=AXIS2_PLACEMENT_3D('',#5947,#4783,#4784);
#4296=AXIS2_PLACEMENT_3D('',#5949,#4785,#4786);
#4297=AXIS2_PLACEMENT_3D('',#5950,#4787,#4788);
#4298=AXIS2_PLACEMENT_3D('',#5952,#4789,#4790);
#4299=AXIS2_PLACEMENT_3D('',#5953,#4791,#4792);
#4300=AXIS2_PLACEMENT_3D('',#5954,#4793,#4794);
#4301=AXIS2_PLACEMENT_3D('',#5955,#4795,#4796);
#4302=AXIS2_PLACEMENT_3D('',#5956,#4797,#4798);
#4303=AXIS2_PLACEMENT_3D('',#5957,#4799,#4800);
#4304=AXIS2_PLACEMENT_3D('',#5958,#4801,#4802);
#4305=AXIS2_PLACEMENT_3D('',#5959,#4803,#4804);
#4306=AXIS2_PLACEMENT_3D('',#5968,#4809,#4810);
#4307=AXIS2_PLACEMENT_3D('',#5974,#4814,#4815);
#4308=AXIS2_PLACEMENT_3D('',#5980,#4819,#4820);
#4309=AXIS2_PLACEMENT_3D('',#5981,#4821,#4822);
#4310=AXIS2_PLACEMENT_3D('',#5985,#4824,#4825);
#4311=AXIS2_PLACEMENT_3D('',#5986,#4826,#4827);
#4312=AXIS2_PLACEMENT_3D('',#5992,#4831,#4832);
#4313=AXIS2_PLACEMENT_3D('',#5993,#4833,#4834);
#4314=AXIS2_PLACEMENT_3D('',#5997,#4836,#4837);
#4315=AXIS2_PLACEMENT_3D('',#5998,#4838,#4839);
#4316=AXIS2_PLACEMENT_3D('',#6004,#4843,#4844);
#4317=AXIS2_PLACEMENT_3D('',#6008,#4847,#4848);
#4318=AXIS2_PLACEMENT_3D('',#6012,#4851,#4852);
#4319=AXIS2_PLACEMENT_3D('',#6016,#4855,#4856);
#4320=AXIS2_PLACEMENT_3D('',#6020,#4859,#4860);
#4321=AXIS2_PLACEMENT_3D('',#6024,#4863,#4864);
#4322=AXIS2_PLACEMENT_3D('',#6028,#4867,#4868);
#4323=AXIS2_PLACEMENT_3D('',#6032,#4871,#4872);
#4324=AXIS2_PLACEMENT_3D('',#6036,#4875,#4876);
#4325=AXIS2_PLACEMENT_3D('',#6040,#4879,#4880);
#4326=AXIS2_PLACEMENT_3D('',#6042,#4882,#4883);
#4327=AXIS2_PLACEMENT_3D('',#6043,#4884,#4885);
#4328=AXIS2_PLACEMENT_3D('',#6044,#4886,#4887);
#4329=AXIS2_PLACEMENT_3D('',#6045,#4888,#4889);
#4330=AXIS2_PLACEMENT_3D('',#6074,#4893,#4894);
#4331=AXIS2_PLACEMENT_3D('',#6077,#4896,#4897);
#4332=AXIS2_PLACEMENT_3D('',#6078,#4898,#4899);
#4333=AXIS2_PLACEMENT_3D('',#6082,#4902,#4903);
#4334=AXIS2_PLACEMENT_3D('',#6085,#4905,#4906);
#4335=AXIS2_PLACEMENT_3D('',#6086,#4907,#4908);
#4336=AXIS2_PLACEMENT_3D('',#6089,#4910,#4911);
#4337=AXIS2_PLACEMENT_3D('',#6116,#4914,#4915);
#4338=AXIS2_PLACEMENT_3D('',#6120,#4918,#4919);
#4339=AXIS2_PLACEMENT_3D('',#6230,#4930,#4931);
#4340=AXIS2_PLACEMENT_3D('',#6261,#4935,#4936);
#4341=AXIS2_PLACEMENT_3D('',#6262,#4937,#4938);
#4342=AXIS2_PLACEMENT_3D('',#6291,#4942,#4943);
#4343=AXIS2_PLACEMENT_3D('',#6294,#4945,#4946);
#4344=AXIS2_PLACEMENT_3D('',#6347,#4951,#4952);
#4345=AXIS2_PLACEMENT_3D('',#6350,#4954,#4955);
#4346=AXIS2_PLACEMENT_3D('',#6511,#4965,#4966);
#4347=AXIS2_PLACEMENT_3D('',#6512,#4967,#4968);
#4348=AXIS2_PLACEMENT_3D('',#6513,#4969,#4970);
#4349=AXIS2_PLACEMENT_3D('',#6519,#4974,#4975);
#4350=AXIS2_PLACEMENT_3D('',#6523,#4978,#4979);
#4351=AXIS2_PLACEMENT_3D('',#6527,#4982,#4983);
#4352=AXIS2_PLACEMENT_3D('',#6531,#4986,#4987);
#4353=AXIS2_PLACEMENT_3D('',#6534,#4989,#4990);
#4354=AXIS2_PLACEMENT_3D('',#6548,#4992,#4993);
#4355=AXIS2_PLACEMENT_3D('',#6551,#4995,#4996);
#4356=AXIS2_PLACEMENT_3D('',#6578,#4999,#5000);
#4357=AXIS2_PLACEMENT_3D('',#6582,#5003,#5004);
#4358=AXIS2_PLACEMENT_3D('',#6586,#5007,#5008);
#4359=AXIS2_PLACEMENT_3D('',#6595,#5013,#5014);
#4360=AXIS2_PLACEMENT_3D('',#6601,#5018,#5019);
#4361=AXIS2_PLACEMENT_3D('',#6672,#5026,#5027);
#4362=AXIS2_PLACEMENT_3D('',#6674,#5029,#5030);
#4363=AXIS2_PLACEMENT_3D('',#6675,#5031,#5032);
#4364=AXIS2_PLACEMENT_3D('',#6704,#5036,#5037);
#4365=AXIS2_PLACEMENT_3D('',#6707,#5039,#5040);
#4366=AXIS2_PLACEMENT_3D('',#6708,#5041,#5042);
#4367=AXIS2_PLACEMENT_3D('',#6712,#5045,#5046);
#4368=AXIS2_PLACEMENT_3D('',#6715,#5048,#5049);
#4369=AXIS2_PLACEMENT_3D('',#6716,#5050,#5051);
#4370=AXIS2_PLACEMENT_3D('',#6719,#5053,#5054);
#4371=AXIS2_PLACEMENT_3D('',#6746,#5057,#5058);
#4372=AXIS2_PLACEMENT_3D('',#6749,#5060,#5061);
#4373=AXIS2_PLACEMENT_3D('',#6750,#5062,#5063);
#4374=AXIS2_PLACEMENT_3D('',#6753,#5065,#5066);
#4375=AXIS2_PLACEMENT_3D('',#6754,#5067,#5068);
#4376=AXIS2_PLACEMENT_3D('',#6795,#5073,#5074);
#4377=AXIS2_PLACEMENT_3D('',#6796,#5075,#5076);
#4378=AXIS2_PLACEMENT_3D('',#6799,#5078,#5079);
#4379=AXIS2_PLACEMENT_3D('',#6802,#5081,#5082);
#4380=AXIS2_PLACEMENT_3D('',#6805,#5084,#5085);
#4381=AXIS2_PLACEMENT_3D('',#6806,#5086,#5087);
#4382=AXIS2_PLACEMENT_3D('',#6809,#5089,#5090);
#4383=AXIS2_PLACEMENT_3D('',#6810,#5091,#5092);
#4384=AXIS2_PLACEMENT_3D('',#6814,#5095,#5096);
#4385=AXIS2_PLACEMENT_3D('',#6818,#5099,#5100);
#4386=AXIS2_PLACEMENT_3D('',#6822,#5103,#5104);
#4387=AXIS2_PLACEMENT_3D('',#6826,#5107,#5108);
#4388=AXIS2_PLACEMENT_3D('',#6830,#5111,#5112);
#4389=AXIS2_PLACEMENT_3D('',#6860,#5117,#5118);
#4390=AXIS2_PLACEMENT_3D('',#6863,#5120,#5121);
#4391=AXIS2_PLACEMENT_3D('',#6864,#5122,#5123);
#4392=AXIS2_PLACEMENT_3D('',#6866,#5125,#5126);
#4393=AXIS2_PLACEMENT_3D('',#6867,#5127,#5128);
#4394=AXIS2_PLACEMENT_3D('',#6873,#5132,#5133);
#4395=AXIS2_PLACEMENT_3D('',#6890,#5137,#5138);
#4396=AXIS2_PLACEMENT_3D('',#6893,#5140,#5141);
#4397=AXIS2_PLACEMENT_3D('',#6894,#5142,#5143);
#4398=AXIS2_PLACEMENT_3D('',#6897,#5145,#5146);
#4399=AXIS2_PLACEMENT_3D('',#6898,#5147,#5148);
#4400=AXIS2_PLACEMENT_3D('',#6902,#5151,#5152);
#4401=AXIS2_PLACEMENT_3D('',#6906,#5155,#5156);
#4402=AXIS2_PLACEMENT_3D('',#6910,#5159,#5160);
#4403=AXIS2_PLACEMENT_3D('',#6914,#5163,#5164);
#4404=AXIS2_PLACEMENT_3D('',#6916,#5166,#5167);
#4405=AXIS2_PLACEMENT_3D('',#6917,#5168,#5169);
#4406=AXIS2_PLACEMENT_3D('',#6923,#5173,#5174);
#4407=AXIS2_PLACEMENT_3D('',#6927,#5177,#5178);
#4408=AXIS2_PLACEMENT_3D('',#6931,#5181,#5182);
#4409=AXIS2_PLACEMENT_3D('',#6935,#5185,#5186);
#4410=AXIS2_PLACEMENT_3D('',#6939,#5189,#5190);
#4411=AXIS2_PLACEMENT_3D('',#6943,#5193,#5194);
#4412=AXIS2_PLACEMENT_3D('',#6946,#5196,#5197);
#4413=AXIS2_PLACEMENT_3D('',#6947,#5198,#5199);
#4414=AXIS2_PLACEMENT_3D('',#6951,#5202,#5203);
#4415=AXIS2_PLACEMENT_3D('',#6955,#5206,#5207);
#4416=AXIS2_PLACEMENT_3D('',#6957,#5209,#5210);
#4417=AXIS2_PLACEMENT_3D('',#7198,#5227,#5228);
#4418=AXIS2_PLACEMENT_3D('',#7214,#5231,#5232);
#4419=AXIS2_PLACEMENT_3D('',#7217,#5234,#5235);
#4420=AXIS2_PLACEMENT_3D('',#7218,#5236,#5237);
#4421=AXIS2_PLACEMENT_3D('',#7221,#5239,#5240);
#4422=AXIS2_PLACEMENT_3D('',#7222,#5241,#5242);
#4423=AXIS2_PLACEMENT_3D('',#7317,#5252,#5253);
#4424=AXIS2_PLACEMENT_3D('',#7358,#5258,#5259);
#4425=AXIS2_PLACEMENT_3D('',#7359,#5260,#5261);
#4426=AXIS2_PLACEMENT_3D('',#7360,#5262,#5263);
#4427=AXIS2_PLACEMENT_3D('',#7361,#5264,#5265);
#4428=AXIS2_PLACEMENT_3D('',#7362,#5266,#5267);
#4429=AXIS2_PLACEMENT_3D('',#7364,#5268,#5269);
#4430=AXIS2_PLACEMENT_3D('',#7365,#5270,#5271);
#4431=AXIS2_PLACEMENT_3D('',#7366,#5272,#5273);
#4432=AXIS2_PLACEMENT_3D('',#7368,#5274,#5275);
#4433=AXIS2_PLACEMENT_3D('',#7369,#5276,#5277);
#4434=AXIS2_PLACEMENT_3D('',#7372,#5280,#5281);
#4435=AXIS2_PLACEMENT_3D('',#7374,#5283,#5284);
#4436=AXIS2_PLACEMENT_3D('',#7376,#5286,#5287);
#4437=AXIS2_PLACEMENT_3D('',#7378,#5289,#5290);
#4438=AXIS2_PLACEMENT_3D('',#7380,#5292,#5293);
#4439=AXIS2_PLACEMENT_3D('',#7382,#5295,#5296);
#4440=AXIS2_PLACEMENT_3D('',#7383,#5297,#5298);
#4441=AXIS2_PLACEMENT_3D('',#7386,#5301,#5302);
#4442=AXIS2_PLACEMENT_3D('',#7388,#5304,#5305);
#4443=AXIS2_PLACEMENT_3D('',#7390,#5307,#5308);
#4444=AXIS2_PLACEMENT_3D('',#7392,#5310,#5311);
#4445=AXIS2_PLACEMENT_3D('',#7394,#5313,#5314);
#4446=AXIS2_PLACEMENT_3D('',#7396,#5316,#5317);
#4447=AXIS2_PLACEMENT_3D('',#7397,#5318,#5319);
#4448=AXIS2_PLACEMENT_3D('',#7400,#5322,#5323);
#4449=AXIS2_PLACEMENT_3D('',#7402,#5325,#5326);
#4450=AXIS2_PLACEMENT_3D('',#7404,#5328,#5329);
#4451=AXIS2_PLACEMENT_3D('',#7406,#5331,#5332);
#4452=AXIS2_PLACEMENT_3D('',#7408,#5334,#5335);
#4453=AXIS2_PLACEMENT_3D('',#7410,#5337,#5338);
#4454=AXIS2_PLACEMENT_3D('',#7412,#5340,#5341);
#4455=AXIS2_PLACEMENT_3D('',#7414,#5343,#5344);
#4456=AXIS2_PLACEMENT_3D('',#7416,#5346,#5347);
#4457=AXIS2_PLACEMENT_3D('',#7418,#5349,#5350);
#4458=AXIS2_PLACEMENT_3D('',#7420,#5352,#5353);
#4459=AXIS2_PLACEMENT_3D('',#7421,#5354,#5355);
#4460=AXIS2_PLACEMENT_3D('',#7424,#5358,#5359);
#4461=AXIS2_PLACEMENT_3D('',#7426,#5361,#5362);
#4462=AXIS2_PLACEMENT_3D('',#7428,#5364,#5365);
#4463=AXIS2_PLACEMENT_3D('',#7430,#5367,#5368);
#4464=AXIS2_PLACEMENT_3D('',#7432,#5370,#5371);
#4465=AXIS2_PLACEMENT_3D('',#7434,#5373,#5374);
#4466=AXIS2_PLACEMENT_3D('',#7436,#5376,#5377);
#4467=AXIS2_PLACEMENT_3D('',#7438,#5379,#5380);
#4468=AXIS2_PLACEMENT_3D('',#7440,#5382,#5383);
#4469=AXIS2_PLACEMENT_3D('',#7442,#5385,#5386);
#4470=AXIS2_PLACEMENT_3D('',#7444,#5388,#5389);
#4471=DIRECTION('',(0.,0.,1.));
#4472=DIRECTION('',(1.,0.,0.));
#4473=DIRECTION('',(-1.22464679914735E-16,1.,0.));
#4474=DIRECTION('',(-1.,-1.22464679914735E-16,0.));
#4475=DIRECTION('',(1.22464679914735E-16,-1.,0.));
#4476=DIRECTION('',(1.,1.22464679914735E-16,0.));
#4477=DIRECTION('',(1.22464679914735E-16,-1.,0.));
#4478=DIRECTION('',(1.,1.22464679914735E-16,0.));
#4479=DIRECTION('',(-1.22464679914735E-16,1.,0.));
#4480=DIRECTION('',(-1.,-1.22464679914735E-16,0.));
#4481=DIRECTION('',(1.22464679914735E-16,-1.,0.));
#4482=DIRECTION('',(1.,1.22464679914735E-16,0.));
#4483=DIRECTION('',(1.22464679914735E-16,-1.,0.));
#4484=DIRECTION('',(1.,1.22464679914735E-16,0.));
#4485=DIRECTION('',(1.22464679914735E-16,-1.,0.));
#4486=DIRECTION('',(1.,1.22464679914735E-16,0.));
#4487=DIRECTION('',(1.22464679914735E-16,-1.,0.));
#4488=DIRECTION('',(1.,1.22464679914735E-16,0.));
#4489=DIRECTION('',(1.22464679914735E-16,-1.,0.));
#4490=DIRECTION('',(1.,1.22464679914735E-16,0.));
#4491=DIRECTION('',(1.22464679914735E-16,-1.,0.));
#4492=DIRECTION('',(1.,1.22464679914735E-16,0.));
#4493=DIRECTION('',(1.22464679914735E-16,-1.,0.));
#4494=DIRECTION('',(1.,1.22464679914735E-16,0.));
#4495=DIRECTION('',(1.22464679914735E-16,-1.,0.));
#4496=DIRECTION('',(1.,1.22464679914735E-16,0.));
#4497=DIRECTION('',(1.22464679914735E-16,-1.,0.));
#4498=DIRECTION('',(1.,1.22464679914735E-16,0.));
#4499=DIRECTION('',(1.22464679914735E-16,-1.,0.));
#4500=DIRECTION('',(1.,1.22464679914735E-16,0.));
#4501=DIRECTION('',(1.22464679914735E-16,-1.,0.));
#4502=DIRECTION('',(1.,1.22464679914735E-16,0.));
#4503=DIRECTION('',(1.22464679914735E-16,-1.,0.));
#4504=DIRECTION('',(1.,1.22464679914735E-16,0.));
#4505=DIRECTION('',(1.22464679914735E-16,-1.,0.));
#4506=DIRECTION('',(1.,1.22464679914735E-16,0.));
#4507=DIRECTION('',(1.22464679914735E-16,-1.,0.));
#4508=DIRECTION('',(1.,1.22464679914735E-16,0.));
#4509=DIRECTION('',(1.22464679914735E-16,-1.,0.));
#4510=DIRECTION('',(1.,1.22464679914735E-16,0.));
#4511=DIRECTION('',(1.22464679914735E-16,-1.,0.));
#4512=DIRECTION('',(1.,1.22464679914735E-16,0.));
#4513=DIRECTION('',(1.22464679914735E-16,-1.,0.));
#4514=DIRECTION('',(1.,1.22464679914735E-16,0.));
#4515=DIRECTION('',(1.22464679914735E-16,-1.,0.));
#4516=DIRECTION('',(1.,1.22464679914735E-16,0.));
#4517=DIRECTION('',(1.22464679914735E-16,-1.,0.));
#4518=DIRECTION('',(1.,1.22464679914735E-16,0.));
#4519=DIRECTION('',(1.22464679914735E-16,-1.,0.));
#4520=DIRECTION('',(1.,1.22464679914735E-16,0.));
#4521=DIRECTION('',(1.22464679914735E-16,-1.,0.));
#4522=DIRECTION('',(1.,1.22464679914735E-16,0.));
#4523=DIRECTION('',(1.22464679914735E-16,-1.,0.));
#4524=DIRECTION('',(1.,1.22464679914735E-16,0.));
#4525=DIRECTION('',(-1.22464679914735E-16,1.,0.));
#4526=DIRECTION('',(-1.,-1.22464679914735E-16,0.));
#4527=DIRECTION('',(-1.22464679914735E-16,1.,0.));
#4528=DIRECTION('',(-1.,-1.22464679914735E-16,0.));
#4529=DIRECTION('',(0.,0.,-1.));
#4530=DIRECTION('',(-1.,-1.22464679914735E-16,0.));
#4531=DIRECTION('',(0.,0.,1.));
#4532=DIRECTION('',(0.0230353606192547,2.82101806495753E-18,0.999734650875492));
#4533=DIRECTION('',(0.0315632133997066,3.86537882607556E-18,0.999501757657226));
#4534=DIRECTION('',(1.22464679914735E-16,-1.,0.));
#4535=DIRECTION('',(1.,1.22464679914735E-16,0.));
#4536=DIRECTION('',(-0.779418314161358,-9.54512143634533E-17,-0.626503863954459));
#4537=DIRECTION('',(-0.625676983246872,-7.66233314833454E-17,0.780082247352863));
#4538=DIRECTION('',(0.782318511256074,9.58063860723473E-17,0.622878597277255));
#4539=DIRECTION('',(1.,1.22464679914735E-16,0.));
#4540=DIRECTION('',(0.303160258645491,3.71264240378884E-17,0.952939587580451));
#4541=DIRECTION('',(1.,1.22464679914735E-16,0.));
#4542=DIRECTION('',(-0.321817286812624,-3.94112510205365E-17,-0.946801792303205));
#4543=DIRECTION('',(-1.,-1.22464679914735E-16,0.));
#4544=DIRECTION('',(-0.321259834680764,-3.93429828236405E-17,0.946991086875103));
#4545=DIRECTION('',(1.,1.22464679914735E-16,0.));
#4546=DIRECTION('',(0.301567674151644,3.69313886876123E-17,-0.953444774439908));
#4547=DIRECTION('',(1.22464679914735E-16,-1.,0.));
#4548=DIRECTION('',(1.,1.22464679914735E-16,0.));
#4549=DIRECTION('',(1.22464679914735E-16,-1.,0.));
#4550=DIRECTION('',(1.,1.22464679914735E-16,0.));
#4551=DIRECTION('',(1.22464679914735E-16,-1.,0.));
#4552=DIRECTION('',(1.,1.22464679914735E-16,0.));
#4553=DIRECTION('',(1.22464679914735E-16,-1.,0.));
#4554=DIRECTION('',(1.,1.22464679914735E-16,0.));
#4555=DIRECTION('',(-0.0803663030331102,-9.84203357688046E-18,-0.996765397341215));
#4556=DIRECTION('',(1.22464679914735E-16,-1.,0.));
#4557=DIRECTION('',(1.,1.22464679914735E-16,0.));
#4558=DIRECTION('',(0.,0.,-1.));
#4559=DIRECTION('',(-1.,-1.22464679914735E-16,0.));
#4560=DIRECTION('',(0.,0.,1.));
#4561=DIRECTION('',(1.,1.22464679914735E-16,0.));
#4562=DIRECTION('',(0.233185301027712,2.85569632511799E-17,-0.972432319179394));
#4563=DIRECTION('',(1.,1.22464679914735E-16,0.));
#4564=DIRECTION('',(1.22464679914735E-16,-1.,0.));
#4565=DIRECTION('',(1.,1.22464679914735E-16,0.));
#4566=DIRECTION('',(-0.356942580167976,-4.37128588282108E-17,-0.934126326822571));
#4567=DIRECTION('',(1.22464679914735E-16,-1.,0.));
#4568=DIRECTION('',(1.,1.22464679914735E-16,0.));
#4569=DIRECTION('',(1.22464679914735E-16,-1.,0.));
#4570=DIRECTION('',(1.,1.22464679914735E-16,0.));
#4571=DIRECTION('',(1.22464679914735E-16,-1.,0.));
#4572=DIRECTION('',(1.,1.22464679914735E-16,0.));
#4573=DIRECTION('',(1.22464679914735E-16,-1.,0.));
#4574=DIRECTION('',(1.,1.22464679914735E-16,0.));
#4575=DIRECTION('',(0.,0.,-1.));
#4576=DIRECTION('',(1.22464679914735E-16,-1.,0.));
#4577=DIRECTION('',(1.,1.22464679914735E-16,0.));
#4578=DIRECTION('',(-1.,-1.22464679914735E-16,0.));
#4579=DIRECTION('',(0.,0.,-1.));
#4580=DIRECTION('',(-1.,-1.22464679914735E-16,0.));
#4581=DIRECTION('',(0.,0.,1.));
#4582=DIRECTION('',(1.,1.22464679914735E-16,0.));
#4583=DIRECTION('',(1.22464679914735E-16,-1.,0.));
#4584=DIRECTION('',(1.,1.22464679914735E-16,0.));
#4585=DIRECTION('',(1.22464679914735E-16,-1.,0.));
#4586=DIRECTION('',(1.,1.22464679914735E-16,0.));
#4587=DIRECTION('',(-1.,-1.22464679914735E-16,0.));
#4588=DIRECTION('',(-0.528387229701108,-6.47087729563799E-17,0.84900349556924));
#4589=DIRECTION('',(1.22464679914735E-16,-1.,0.));
#4590=DIRECTION('',(1.,1.22464679914735E-16,0.));
#4591=DIRECTION('',(1.22464679914735E-16,-1.,0.));
#4592=DIRECTION('',(1.,1.22464679914735E-16,0.));
#4593=DIRECTION('',(0.,0.,-1.));
#4594=DIRECTION('',(-1.,-1.22464679914735E-16,0.));
#4595=DIRECTION('',(1.22464679914735E-16,-1.,0.));
#4596=DIRECTION('',(1.,1.22464679914735E-16,0.));
#4597=DIRECTION('',(1.22464679914735E-16,-1.,0.));
#4598=DIRECTION('',(1.,1.22464679914735E-16,0.));
#4599=DIRECTION('',(0.,0.,-1.));
#4600=DIRECTION('',(1.22464679914735E-16,-1.,0.));
#4601=DIRECTION('',(1.,1.22464679914735E-16,0.));
#4602=DIRECTION('',(0.,0.,-1.));
#4603=DIRECTION('',(-1.,-1.22464679914735E-16,0.));
#4604=DIRECTION('',(0.,0.,-1.));
#4605=DIRECTION('',(-1.,-1.22464679914735E-16,0.));
#4606=DIRECTION('',(0.,0.,1.));
#4607=DIRECTION('',(-1.,-1.22464679914735E-16,0.));
#4608=DIRECTION('',(0.,0.,1.));
#4609=DIRECTION('',(0.561926478400913,6.88161463129822E-17,0.827187181278789));
#4610=DIRECTION('',(1.,1.22464679914735E-16,0.));
#4611=DIRECTION('',(0.,0.,-1.));
#4612=DIRECTION('',(1.,1.22464679914735E-16,0.));
#4613=DIRECTION('',(1.22464679914735E-16,-1.,0.));
#4614=DIRECTION('',(1.,1.22464679914735E-16,0.));
#4615=DIRECTION('',(0.,0.,-1.));
#4616=DIRECTION('',(-0.368133456473173,-4.50833459128922E-17,-0.929772960579686));
#4617=DIRECTION('',(1.22464679914735E-16,-1.,0.));
#4618=DIRECTION('',(1.,1.22464679914735E-16,0.));
#4619=DIRECTION('',(-1.22464679914735E-16,1.,0.));
#4620=DIRECTION('',(-1.,-1.22464679914735E-16,0.));
#4621=DIRECTION('',(-1.22464679914735E-16,1.,0.));
#4622=DIRECTION('',(0.,-1.,0.));
#4623=DIRECTION('',(0.,0.,-1.));
#4624=DIRECTION('',(-1.22464679914735E-16,1.,0.));
#4625=DIRECTION('',(0.,-1.,0.));
#4626=DIRECTION('',(0.,0.,-1.));
#4627=DIRECTION('',(-1.22464679914735E-16,1.,0.));
#4628=DIRECTION('',(-1.,-1.22464679914735E-16,0.));
#4629=DIRECTION('',(-1.22464679914735E-16,1.,0.));
#4630=DIRECTION('',(0.,-1.,0.));
#4631=DIRECTION('',(0.,0.,-1.));
#4632=DIRECTION('',(0.,-1.,0.));
#4633=DIRECTION('',(0.,0.,-1.));
#4634=DIRECTION('',(-1.22464679914735E-16,1.,0.));
#4635=DIRECTION('',(-1.,-1.22464679914735E-16,0.));
#4636=DIRECTION('',(-1.22464679914735E-16,1.,0.));
#4637=DIRECTION('',(0.,-1.,0.));
#4638=DIRECTION('',(0.,0.,-1.));
#4639=DIRECTION('',(0.,-1.,0.));
#4640=DIRECTION('',(0.,0.,-1.));
#4641=DIRECTION('',(-1.22464679914735E-16,1.,0.));
#4642=DIRECTION('',(-1.,-1.22464679914735E-16,0.));
#4643=DIRECTION('',(-1.22464679914735E-16,1.,0.));
#4644=DIRECTION('',(0.,-1.,0.));
#4645=DIRECTION('',(0.,0.,-1.));
#4646=DIRECTION('',(0.,-1.,0.));
#4647=DIRECTION('',(0.,0.,-1.));
#4648=DIRECTION('',(-1.22464679914735E-16,1.,0.));
#4649=DIRECTION('',(-1.,-1.22464679914735E-16,0.));
#4650=DIRECTION('',(-1.22464679914735E-16,1.,0.));
#4651=DIRECTION('',(0.,-1.,0.));
#4652=DIRECTION('',(0.,0.,-1.));
#4653=DIRECTION('',(-1.22464679914735E-16,1.,0.));
#4654=DIRECTION('',(0.,-1.,0.));
#4655=DIRECTION('',(0.,0.,-1.));
#4656=DIRECTION('',(-1.22464679914735E-16,1.,0.));
#4657=DIRECTION('',(-1.,-1.22464679914735E-16,0.));
#4658=DIRECTION('',(-1.22464679914735E-16,1.,0.));
#4659=DIRECTION('',(0.,-1.,0.));
#4660=DIRECTION('',(0.,0.,-1.));
#4661=DIRECTION('',(0.,-1.,0.));
#4662=DIRECTION('',(0.,0.,-1.));
#4663=DIRECTION('',(-1.22464679914735E-16,1.,0.));
#4664=DIRECTION('',(-1.,-1.22464679914735E-16,0.));
#4665=DIRECTION('',(-1.22464679914735E-16,1.,0.));
#4666=DIRECTION('',(0.,-1.,0.));
#4667=DIRECTION('',(0.,0.,-1.));
#4668=DIRECTION('',(0.,-1.,0.));
#4669=DIRECTION('',(0.,0.,-1.));
#4670=DIRECTION('',(-1.22464679914735E-16,1.,0.));
#4671=DIRECTION('',(-1.,-1.22464679914735E-16,0.));
#4672=DIRECTION('',(-1.22464679914735E-16,1.,0.));
#4673=DIRECTION('',(0.,-1.,0.));
#4674=DIRECTION('',(0.,0.,-1.));
#4675=DIRECTION('',(0.,-1.,0.));
#4676=DIRECTION('',(0.,0.,-1.));
#4677=DIRECTION('',(-1.22464679914735E-16,1.,0.));
#4678=DIRECTION('',(-1.,-1.22464679914735E-16,0.));
#4679=DIRECTION('',(-1.22464679914735E-16,1.,0.));
#4680=DIRECTION('',(0.,-1.,0.));
#4681=DIRECTION('',(0.,0.,-1.));
#4682=DIRECTION('',(0.,-1.,0.));
#4683=DIRECTION('',(0.,0.,-1.));
#4684=DIRECTION('',(-1.22464679914735E-16,1.,0.));
#4685=DIRECTION('',(-1.,-1.22464679914735E-16,0.));
#4686=DIRECTION('',(-1.22464679914735E-16,1.,0.));
#4687=DIRECTION('',(0.,-1.,0.));
#4688=DIRECTION('',(0.,0.,-1.));
#4689=DIRECTION('',(0.,-1.,0.));
#4690=DIRECTION('',(0.,0.,-1.));
#4691=DIRECTION('',(-1.22464679914735E-16,1.,0.));
#4692=DIRECTION('',(-1.,-1.22464679914735E-16,0.));
#4693=DIRECTION('',(-1.22464679914735E-16,1.,0.));
#4694=DIRECTION('',(0.,-1.,0.));
#4695=DIRECTION('',(0.,0.,-1.));
#4696=DIRECTION('',(0.,-1.,0.));
#4697=DIRECTION('',(0.,0.,-1.));
#4698=DIRECTION('',(-1.22464679914735E-16,1.,0.));
#4699=DIRECTION('',(-1.,-1.22464679914735E-16,0.));
#4700=DIRECTION('',(-1.22464679914735E-16,1.,0.));
#4701=DIRECTION('',(0.,-1.,0.));
#4702=DIRECTION('',(0.,0.,-1.));
#4703=DIRECTION('',(0.,-1.,0.));
#4704=DIRECTION('',(0.,0.,-1.));
#4705=DIRECTION('',(-1.22464679914735E-16,1.,0.));
#4706=DIRECTION('',(-1.,-1.22464679914735E-16,0.));
#4707=DIRECTION('',(-1.22464679914735E-16,1.,0.));
#4708=DIRECTION('',(1.0842021724855E-16,-1.,0.));
#4709=DIRECTION('',(1.,1.0842021724855E-16,0.));
#4710=DIRECTION('',(1.0842021724855E-16,-1.,0.));
#4711=DIRECTION('',(1.,1.0842021724855E-16,0.));
#4712=DIRECTION('',(0.999710731192433,1.22429254702807E-16,-0.0240510693876832));
#4713=DIRECTION('',(-0.0240510693876832,0.,-0.999710731192433));
#4714=DIRECTION('',(-1.22464679914735E-16,1.,0.));
#4715=DIRECTION('',(-1.22464679914735E-16,1.,0.));
#4716=DIRECTION('',(-1.,-1.22464679914735E-16,0.));
#4717=DIRECTION('',(0.,-1.,0.));
#4718=DIRECTION('',(0.,0.,-1.));
#4719=DIRECTION('',(0.,-1.,0.));
#4720=DIRECTION('',(0.,0.,-1.));
#4721=DIRECTION('',(-1.22464679914735E-16,1.,0.));
#4722=DIRECTION('',(-1.22464679914735E-16,1.,0.));
#4723=DIRECTION('',(-1.,-1.22464679914735E-16,0.));
#4724=DIRECTION('',(-1.22464679914735E-16,1.,0.));
#4725=DIRECTION('',(0.,-1.,0.));
#4726=DIRECTION('',(0.,0.,-1.));
#4727=DIRECTION('',(0.,-1.,0.));
#4728=DIRECTION('',(0.,0.,-1.));
#4729=DIRECTION('',(-1.22464679914735E-16,1.,0.));
#4730=DIRECTION('',(-1.,-1.22464679914735E-16,0.));
#4731=DIRECTION('',(-1.22464679914735E-16,1.,0.));
#4732=DIRECTION('',(0.,-1.,0.));
#4733=DIRECTION('',(0.,0.,-1.));
#4734=DIRECTION('',(-1.22464679914735E-16,1.,0.));
#4735=DIRECTION('',(0.,-1.,0.));
#4736=DIRECTION('',(0.,0.,-1.));
#4737=DIRECTION('',(-1.22464679914735E-16,1.,0.));
#4738=DIRECTION('',(-1.,-1.22464679914735E-16,0.));
#4739=DIRECTION('',(0.,-1.,0.));
#4740=DIRECTION('',(0.,0.,-1.));
#4741=DIRECTION('',(0.,-1.,0.));
#4742=DIRECTION('',(0.,0.,-1.));
#4743=DIRECTION('',(1.22464679914735E-16,-1.,0.));
#4744=DIRECTION('',(1.,1.22464679914735E-16,0.));
#4745=DIRECTION('',(1.22464679914735E-16,-1.,0.));
#4746=DIRECTION('',(1.,1.22464679914735E-16,0.));
#4747=DIRECTION('',(1.22464679914735E-16,-1.,0.));
#4748=DIRECTION('',(1.,1.22464679914735E-16,0.));
#4749=DIRECTION('',(1.22464679914735E-16,-1.,0.));
#4750=DIRECTION('',(1.,1.22464679914735E-16,0.));
#4751=DIRECTION('',(1.22464679914735E-16,-1.,0.));
#4752=DIRECTION('',(1.,1.22464679914735E-16,0.));
#4753=DIRECTION('',(1.22464679914735E-16,-1.,0.));
#4754=DIRECTION('',(1.,1.22464679914735E-16,0.));
#4755=DIRECTION('',(1.22464679914735E-16,-1.,0.));
#4756=DIRECTION('',(1.,1.22464679914735E-16,0.));
#4757=DIRECTION('',(1.22464679914735E-16,-1.,0.));
#4758=DIRECTION('',(1.,1.22464679914735E-16,0.));
#4759=DIRECTION('',(1.22464679914735E-16,-1.,0.));
#4760=DIRECTION('',(1.,1.22464679914735E-16,0.));
#4761=DIRECTION('',(1.22464679914735E-16,-1.,0.));
#4762=DIRECTION('',(1.,1.22464679914735E-16,0.));
#4763=DIRECTION('',(1.22464679914735E-16,-1.,0.));
#4764=DIRECTION('',(1.,1.22464679914735E-16,0.));
#4765=DIRECTION('',(1.22464679914735E-16,-1.,0.));
#4766=DIRECTION('',(1.,1.22464679914735E-16,0.));
#4767=DIRECTION('',(1.22464679914735E-16,-1.,0.));
#4768=DIRECTION('',(1.,1.22464679914735E-16,0.));
#4769=DIRECTION('',(1.22464679914735E-16,-1.,0.));
#4770=DIRECTION('',(1.,1.22464679914735E-16,0.));
#4771=DIRECTION('',(1.22464679914735E-16,-1.,0.));
#4772=DIRECTION('',(1.,1.22464679914735E-16,0.));
#4773=DIRECTION('',(1.22464679914735E-16,-1.,0.));
#4774=DIRECTION('',(1.,1.22464679914735E-16,0.));
#4775=DIRECTION('',(1.22464679914735E-16,-1.,0.));
#4776=DIRECTION('',(1.,1.22464679914735E-16,0.));
#4777=DIRECTION('',(1.22464679914735E-16,-1.,0.));
#4778=DIRECTION('',(1.,1.22464679914735E-16,0.));
#4779=DIRECTION('',(1.22464679914735E-16,-1.,0.));
#4780=DIRECTION('',(1.,1.22464679914735E-16,0.));
#4781=DIRECTION('',(1.22464679914735E-16,-1.,0.));
#4782=DIRECTION('',(1.,1.22464679914735E-16,0.));
#4783=DIRECTION('',(1.22464679914735E-16,-1.,0.));
#4784=DIRECTION('',(1.,1.22464679914735E-16,0.));
#4785=DIRECTION('',(1.22464679914735E-16,-1.,0.));
#4786=DIRECTION('',(1.,1.22464679914735E-16,0.));
#4787=DIRECTION('',(1.22464679914735E-16,-1.,0.));
#4788=DIRECTION('',(1.,1.22464679914735E-16,0.));
#4789=DIRECTION('',(1.22464679914735E-16,-1.,0.));
#4790=DIRECTION('',(1.,1.22464679914735E-16,0.));
#4791=DIRECTION('',(-1.22464679914735E-16,1.,0.));
#4792=DIRECTION('',(-1.,-1.22464679914735E-16,0.));
#4793=DIRECTION('',(0.,-1.,0.));
#4794=DIRECTION('',(0.,0.,-1.));
#4795=DIRECTION('',(0.,-1.,0.));
#4796=DIRECTION('',(0.,0.,-1.));
#4797=DIRECTION('',(-1.22464679914735E-16,1.,0.));
#4798=DIRECTION('',(-1.,-1.22464679914735E-16,0.));
#4799=DIRECTION('',(0.,-1.,0.));
#4800=DIRECTION('',(0.,0.,-1.));
#4801=DIRECTION('',(0.,-1.,0.));
#4802=DIRECTION('',(0.,0.,-1.));
#4803=DIRECTION('',(1.,1.22464679914735E-16,0.));
#4804=DIRECTION('',(-1.22464679914735E-16,1.,0.));
#4805=DIRECTION('',(0.,0.,1.));
#4806=DIRECTION('',(1.22464679914735E-16,-1.,0.));
#4807=DIRECTION('',(0.,0.,1.));
#4808=DIRECTION('',(1.22464679914735E-16,-1.,0.));
#4809=DIRECTION('',(0.,0.,-1.));
#4810=DIRECTION('',(-1.,0.,0.));
#4811=DIRECTION('',(1.,1.22464679914735E-16,0.));
#4812=DIRECTION('',(1.22464679914735E-16,-1.,0.));
#4813=DIRECTION('',(1.,1.22464679914735E-16,0.));
#4814=DIRECTION('',(-0.833869791174501,-1.02119597066752E-16,0.551961204584702));
#4815=DIRECTION('',(0.551961204584702,0.,0.833869791174501));
#4816=DIRECTION('',(-0.551961204584702,-6.75957522448172E-17,-0.833869791174501));
#4817=DIRECTION('',(1.22464679914735E-16,-1.,0.));
#4818=DIRECTION('',(-0.551961204584702,-6.75957522448172E-17,-0.833869791174501));
#4819=DIRECTION('',(1.22464679914735E-16,-1.,0.));
#4820=DIRECTION('',(0.87422518905631,0.,-0.485520667757264));
#4821=DIRECTION('',(1.22464679914735E-16,-1.,0.));
#4822=DIRECTION('',(1.,1.22464679914735E-16,0.));
#4823=DIRECTION('',(1.22464679914735E-16,-1.,0.));
#4824=DIRECTION('',(1.22464679914735E-16,-1.,0.));
#4825=DIRECTION('',(1.,1.22464679914735E-16,0.));
#4826=DIRECTION('',(0.,0.,1.));
#4827=DIRECTION('',(1.,0.,0.));
#4828=DIRECTION('',(-1.,-1.22464679914735E-16,0.));
#4829=DIRECTION('',(1.22464679914735E-16,-1.,0.));
#4830=DIRECTION('',(-1.,-1.22464679914735E-16,0.));
#4831=DIRECTION('',(1.22464679914735E-16,-1.,0.));
#4832=DIRECTION('',(-0.99798018979375,0.,0.0635259063629254));
#4833=DIRECTION('',(1.22464679914735E-16,-1.,0.));
#4834=DIRECTION('',(1.,1.22464679914735E-16,0.));
#4835=DIRECTION('',(1.22464679914735E-16,-1.,0.));
#4836=DIRECTION('',(1.22464679914735E-16,-1.,0.));
#4837=DIRECTION('',(1.,1.22464679914735E-16,0.));
#4838=DIRECTION('',(0.,0.,1.));
#4839=DIRECTION('',(1.,0.,0.));
#4840=DIRECTION('',(1.22464679914735E-16,-1.,0.));
#4841=DIRECTION('',(-1.,-1.22464679914735E-16,0.));
#4842=DIRECTION('',(1.22464679914735E-16,-1.,0.));
#4843=DIRECTION('',(-1.,-1.22464679914735E-16,0.));
#4844=DIRECTION('',(1.22464679914735E-16,-1.,0.));
#4845=DIRECTION('',(1.22464679914735E-16,-1.,0.));
#4846=DIRECTION('',(0.,0.,-1.));
#4847=DIRECTION('',(0.,0.,-1.));
#4848=DIRECTION('',(-1.,0.,0.));
#4849=DIRECTION('',(1.22464679914735E-16,-1.,0.));
#4850=DIRECTION('',(1.,1.22464679914735E-16,0.));
#4851=DIRECTION('',(-1.,-1.22464679914735E-16,0.));
#4852=DIRECTION('',(1.22464679914735E-16,-1.,0.));
#4853=DIRECTION('',(1.22464679914735E-16,-1.,0.));
#4854=DIRECTION('',(0.,0.,-1.));
#4855=DIRECTION('',(0.,0.,-1.));
#4856=DIRECTION('',(-1.,0.,0.));
#4857=DIRECTION('',(1.22464679914735E-16,-1.,0.));
#4858=DIRECTION('',(1.,1.22464679914735E-16,0.));
#4859=DIRECTION('',(0.827187181278789,1.01301213384879E-16,-0.561926478400913));
#4860=DIRECTION('',(-0.561926478400913,0.,-0.827187181278789));
#4861=DIRECTION('',(1.22464679914735E-16,-1.,0.));
#4862=DIRECTION('',(0.561926478400913,6.88161463129822E-17,0.827187181278789));
#4863=DIRECTION('',(1.,1.22464679914735E-16,0.));
#4864=DIRECTION('',(-1.22464679914735E-16,1.,0.));
#4865=DIRECTION('',(1.22464679914735E-16,-1.,0.));
#4866=DIRECTION('',(0.,0.,1.));
#4867=DIRECTION('',(0.,0.,1.));
#4868=DIRECTION('',(1.,0.,0.));
#4869=DIRECTION('',(1.22464679914735E-16,-1.,0.));
#4870=DIRECTION('',(-1.,-1.22464679914735E-16,0.));
#4871=DIRECTION('',(1.,1.22464679914735E-16,0.));
#4872=DIRECTION('',(-1.22464679914735E-16,1.,0.));
#4873=DIRECTION('',(1.22464679914735E-16,-1.,0.));
#4874=DIRECTION('',(0.,0.,1.));
#4875=DIRECTION('',(0.,0.,1.));
#4876=DIRECTION('',(1.,0.,0.));
#4877=DIRECTION('',(1.22464679914735E-16,-1.,0.));
#4878=DIRECTION('',(-1.,-1.22464679914735E-16,0.));
#4879=DIRECTION('',(-1.,-1.22464679914735E-16,0.));
#4880=DIRECTION('',(1.22464679914735E-16,-1.,0.));
#4881=DIRECTION('',(0.,0.,-1.));
#4882=DIRECTION('',(1.22464679914735E-16,-1.,0.));
#4883=DIRECTION('',(-0.999649656030405,0.,0.0264681921991779));
#4884=DIRECTION('',(1.22464679914735E-16,-1.,0.));
#4885=DIRECTION('',(1.,1.22464679914735E-16,0.));
#4886=DIRECTION('',(1.22464679914735E-16,-1.,0.));
#4887=DIRECTION('',(1.,1.22464679914735E-16,0.));
#4888=DIRECTION('',(1.22464679914735E-16,-1.,0.));
#4889=DIRECTION('',(1.,1.22464679914735E-16,0.));
#4890=DIRECTION('',(1.22464679914735E-16,-1.,0.));
#4891=DIRECTION('',(1.22464679914735E-16,-1.,0.));
#4892=DIRECTION('',(1.22464679914735E-16,-1.,0.));
#4893=DIRECTION('',(1.22464679914735E-16,-1.,0.));
#4894=DIRECTION('',(0.329701939735488,0.,-0.944085076110547));
#4895=DIRECTION('',(1.22464679914735E-16,-1.,0.));
#4896=DIRECTION('',(1.22464679914735E-16,-1.,0.));
#4897=DIRECTION('',(1.,1.22464679914735E-16,0.));
#4898=DIRECTION('',(-1.,-1.22464679914735E-16,0.));
#4899=DIRECTION('',(1.22464679914735E-16,-1.,0.));
#4900=DIRECTION('',(1.22464679914735E-16,-1.,0.));
#4901=DIRECTION('',(0.,0.,-1.));
#4902=DIRECTION('',(1.22464679914735E-16,-1.,0.));
#4903=DIRECTION('',(0.333521090645676,0.,-0.942742638313617));
#4904=DIRECTION('',(1.22464679914735E-16,-1.,0.));
#4905=DIRECTION('',(1.22464679914735E-16,-1.,0.));
#4906=DIRECTION('',(1.,1.22464679914735E-16,0.));
#4907=DIRECTION('',(1.22464679914735E-16,-1.,0.));
#4908=DIRECTION('',(0.110789932971075,0.,-0.993843846261708));
#4909=DIRECTION('',(1.22464679914735E-16,-1.,0.));
#4910=DIRECTION('',(1.22464679914735E-16,-1.,0.));
#4911=DIRECTION('',(1.,1.22464679914735E-16,0.));
#4912=DIRECTION('',(1.22464679914735E-16,-1.,0.));
#4913=DIRECTION('',(1.22464679914735E-16,-1.,0.));
#4914=DIRECTION('',(0.,0.,1.));
#4915=DIRECTION('',(1.,0.,0.));
#4916=DIRECTION('',(1.22464679914735E-16,-1.,0.));
#4917=DIRECTION('',(-1.,-1.22464679914735E-16,0.));
#4918=DIRECTION('',(-1.,-1.22464679914735E-16,0.));
#4919=DIRECTION('',(1.22464679914735E-16,-1.,0.));
#4920=DIRECTION('',(1.22464679914735E-16,-1.,0.));
#4921=DIRECTION('',(0.,0.,-1.));
#4922=DIRECTION('',(1.22464679914735E-16,-1.,0.));
#4923=DIRECTION('',(1.22464679914735E-16,-1.,0.));
#4924=DIRECTION('',(1.22464679914735E-16,-1.,0.));
#4925=DIRECTION('',(1.22464679914735E-16,-1.,0.));
#4926=DIRECTION('',(1.22464679914735E-16,-1.,0.));
#4927=DIRECTION('',(1.22464679914735E-16,-1.,0.));
#4928=DIRECTION('',(1.22464679914735E-16,-1.,0.));
#4929=DIRECTION('',(1.22464679914735E-16,-1.,0.));
#4930=DIRECTION('',(0.,0.,-1.));
#4931=DIRECTION('',(-1.,0.,0.));
#4932=DIRECTION('',(1.,1.22464679914735E-16,0.));
#4933=DIRECTION('',(1.22464679914735E-16,-1.,0.));
#4934=DIRECTION('',(1.,1.22464679914735E-16,0.));
#4935=DIRECTION('',(1.22464679914735E-16,-1.,0.));
#4936=DIRECTION('',(1.,1.22464679914735E-16,0.));
#4937=DIRECTION('',(1.22464679914735E-16,-1.,0.));
#4938=DIRECTION('',(1.,1.22464679914735E-16,0.));
#4939=DIRECTION('',(1.22464679914735E-16,-1.,0.));
#4940=DIRECTION('',(1.22464679914735E-16,-1.,0.));
#4941=DIRECTION('',(1.22464679914735E-16,-1.,0.));
#4942=DIRECTION('',(1.22464679914735E-16,-1.,0.));
#4943=DIRECTION('',(0.727209727120102,0.,0.686415335479844));
#4944=DIRECTION('',(1.22464679914735E-16,-1.,0.));
#4945=DIRECTION('',(1.22464679914735E-16,-1.,0.));
#4946=DIRECTION('',(1.,1.22464679914735E-16,0.));
#4947=DIRECTION('',(1.22464679914735E-16,-1.,0.));
#4948=DIRECTION('',(1.22464679914735E-16,-1.,0.));
#4949=DIRECTION('',(1.22464679914735E-16,-1.,0.));
#4950=DIRECTION('',(1.22464679914735E-16,-1.,0.));
#4951=DIRECTION('',(1.22464679914735E-16,-1.,0.));
#4952=DIRECTION('',(-0.729791744592457,0.,-0.683669517767685));
#4953=DIRECTION('',(1.22464679914735E-16,-1.,0.));
#4954=DIRECTION('',(1.22464679914735E-16,-1.,0.));
#4955=DIRECTION('',(1.,1.22464679914735E-16,0.));
#4956=DIRECTION('',(1.22464679914735E-16,-1.,0.));
#4957=DIRECTION('',(1.22464679914735E-16,-1.,0.));
#4958=DIRECTION('',(1.22464679914735E-16,-1.,0.));
#4959=DIRECTION('',(1.22464679914735E-16,-1.,0.));
#4960=DIRECTION('',(1.22464679914735E-16,-1.,0.));
#4961=DIRECTION('',(1.22464679914735E-16,-1.,0.));
#4962=DIRECTION('',(1.22464679914735E-16,-1.,0.));
#4963=DIRECTION('',(1.22464679914735E-16,-1.,0.));
#4964=DIRECTION('',(1.22464679914735E-16,-1.,0.));
#4965=DIRECTION('',(1.22464679914735E-16,-1.,0.));
#4966=DIRECTION('',(1.,1.22464679914735E-16,0.));
#4967=DIRECTION('',(1.22464679914735E-16,-1.,0.));
#4968=DIRECTION('',(1.,1.22464679914735E-16,0.));
#4969=DIRECTION('',(-1.,-1.22464679914735E-16,0.));
#4970=DIRECTION('',(1.22464679914735E-16,-1.,0.));
#4971=DIRECTION('',(1.22464679914735E-16,-1.,0.));
#4972=DIRECTION('',(0.,0.,-1.));
#4973=DIRECTION('',(1.22464679914735E-16,-1.,0.));
#4974=DIRECTION('',(0.,0.,1.));
#4975=DIRECTION('',(1.,0.,0.));
#4976=DIRECTION('',(1.22464679914735E-16,-1.,0.));
#4977=DIRECTION('',(-1.,-1.22464679914735E-16,0.));
#4978=DIRECTION('',(0.84900349556924,1.03972941331378E-16,0.528387229701108));
#4979=DIRECTION('',(0.528387229701108,0.,-0.84900349556924));
#4980=DIRECTION('',(1.22464679914735E-16,-1.,0.));
#4981=DIRECTION('',(-0.528387229701108,-6.47087729563799E-17,0.84900349556924));
#4982=DIRECTION('',(0.,0.,1.));
#4983=DIRECTION('',(1.,0.,0.));
#4984=DIRECTION('',(1.22464679914735E-16,-1.,0.));
#4985=DIRECTION('',(-1.,-1.22464679914735E-16,0.));
#4986=DIRECTION('',(1.22464679914735E-16,-1.,0.));
#4987=DIRECTION('',(-0.828304179893494,-1.03885118792084E-16,-0.560278667781459));
#4988=DIRECTION('',(1.22464679914735E-16,-1.,0.));
#4989=DIRECTION('',(1.22464679914735E-16,-1.,0.));
#4990=DIRECTION('',(1.,1.22464679914735E-16,0.));
#4991=DIRECTION('',(1.22464679914735E-16,-1.,0.));
#4992=DIRECTION('',(1.22464679914735E-16,-1.,0.));
#4993=DIRECTION('',(0.954652601326776,0.,-0.297722036100824));
#4994=DIRECTION('',(1.22464679914735E-16,-1.,0.));
#4995=DIRECTION('',(1.22464679914735E-16,-1.,0.));
#4996=DIRECTION('',(1.,1.22464679914735E-16,0.));
#4997=DIRECTION('',(1.22464679914735E-16,-1.,0.));
#4998=DIRECTION('',(1.22464679914735E-16,-1.,0.));
#4999=DIRECTION('',(0.,0.,-1.));
#5000=DIRECTION('',(-1.,0.,0.));
#5001=DIRECTION('',(1.22464679914735E-16,-1.,0.));
#5002=DIRECTION('',(1.,1.22464679914735E-16,0.));
#5003=DIRECTION('',(1.,1.22464679914735E-16,0.));
#5004=DIRECTION('',(-1.22464679914735E-16,1.,0.));
#5005=DIRECTION('',(1.22464679914735E-16,-1.,0.));
#5006=DIRECTION('',(0.,0.,1.));
#5007=DIRECTION('',(0.,0.,-1.));
#5008=DIRECTION('',(-1.,0.,0.));
#5009=DIRECTION('',(1.,1.22464679914735E-16,0.));
#5010=DIRECTION('',(1.22464679914735E-16,-1.,0.));
#5011=DIRECTION('',(1.,1.22464679914735E-16,0.));
#5012=DIRECTION('',(1.22464679914735E-16,-1.,0.));
#5013=DIRECTION('',(-1.,-1.22464679914735E-16,0.));
#5014=DIRECTION('',(1.22464679914735E-16,-1.,0.));
#5015=DIRECTION('',(0.,0.,-1.));
#5016=DIRECTION('',(1.22464679914735E-16,-1.,0.));
#5017=DIRECTION('',(0.,0.,-1.));
#5018=DIRECTION('',(0.,0.,1.));
#5019=DIRECTION('',(1.,0.,0.));
#5020=DIRECTION('',(-1.,-1.22464679914735E-16,0.));
#5021=DIRECTION('',(1.22464679914735E-16,-1.,0.));
#5022=DIRECTION('',(-1.,-1.22464679914735E-16,0.));
#5023=DIRECTION('',(1.22464679914735E-16,-1.,0.));
#5024=DIRECTION('',(1.22464679914735E-16,-1.,0.));
#5025=DIRECTION('',(1.22464679914735E-16,-1.,0.));
#5026=DIRECTION('',(0.,0.,1.));
#5027=DIRECTION('',(1.,0.,0.));
#5028=DIRECTION('',(-1.,-1.22464679914735E-16,0.));
#5029=DIRECTION('',(1.22464679914735E-16,-1.,0.));
#5030=DIRECTION('',(1.,1.22464679914735E-16,0.));
#5031=DIRECTION('',(1.22464679914735E-16,-1.,0.));
#5032=DIRECTION('',(1.,1.22464679914735E-16,0.));
#5033=DIRECTION('',(1.22464679914735E-16,-1.,0.));
#5034=DIRECTION('',(1.22464679914735E-16,-1.,0.));
#5035=DIRECTION('',(1.22464679914735E-16,-1.,0.));
#5036=DIRECTION('',(1.22464679914735E-16,-1.,0.));
#5037=DIRECTION('',(0.3963692480474,0.,-0.918091182400931));
#5038=DIRECTION('',(1.22464679914735E-16,-1.,0.));
#5039=DIRECTION('',(1.22464679914735E-16,-1.,0.));
#5040=DIRECTION('',(1.,1.22464679914735E-16,0.));
#5041=DIRECTION('',(-1.,-1.22464679914735E-16,0.));
#5042=DIRECTION('',(1.22464679914735E-16,-1.,0.));
#5043=DIRECTION('',(1.22464679914735E-16,-1.,0.));
#5044=DIRECTION('',(0.,0.,-1.));
#5045=DIRECTION('',(1.22464679914735E-16,-1.,0.));
#5046=DIRECTION('',(0.438498068523711,0.,-0.898732131338907));
#5047=DIRECTION('',(1.22464679914735E-16,-1.,0.));
#5048=DIRECTION('',(1.22464679914735E-16,-1.,0.));
#5049=DIRECTION('',(1.,1.22464679914735E-16,0.));
#5050=DIRECTION('',(1.22464679914735E-16,-1.,0.));
#5051=DIRECTION('',(0.145630804293733,0.,-0.989339006024103));
#5052=DIRECTION('',(1.22464679914735E-16,-1.,0.));
#5053=DIRECTION('',(1.22464679914735E-16,-1.,0.));
#5054=DIRECTION('',(1.,1.22464679914735E-16,0.));
#5055=DIRECTION('',(1.22464679914735E-16,-1.,0.));
#5056=DIRECTION('',(1.22464679914735E-16,-1.,0.));
#5057=DIRECTION('',(1.22464679914735E-16,-1.,0.));
#5058=DIRECTION('',(0.14704410591253,0.,0.989129936315945));
#5059=DIRECTION('',(1.22464679914735E-16,-1.,0.));
#5060=DIRECTION('',(1.22464679914735E-16,-1.,0.));
#5061=DIRECTION('',(1.,1.22464679914735E-16,0.));
#5062=DIRECTION('',(1.22464679914735E-16,-1.,0.));
#5063=DIRECTION('',(0.334093205538954,0.,0.942540041596487));
#5064=DIRECTION('',(1.22464679914735E-16,-1.,0.));
#5065=DIRECTION('',(1.22464679914735E-16,-1.,0.));
#5066=DIRECTION('',(1.,1.22464679914735E-16,0.));
#5067=DIRECTION('',(-0.934126326822571,-1.14397481614254E-16,0.356942580167976));
#5068=DIRECTION('',(0.356942580167976,0.,0.934126326822571));
#5069=DIRECTION('',(1.22464679914735E-16,-1.,0.));
#5070=DIRECTION('',(-0.356942580167976,-4.37128588282108E-17,-0.934126326822571));
#5071=DIRECTION('',(1.22464679914735E-16,-1.,0.));
#5072=DIRECTION('',(1.22464679914735E-16,-1.,0.));
#5073=DIRECTION('',(1.22464679914735E-16,-1.,0.));
#5074=DIRECTION('',(1.,1.22464679914735E-16,0.));
#5075=DIRECTION('',(1.22464679914735E-16,-1.,0.));
#5076=DIRECTION('',(0.0932563574354072,0.,0.99564213038515));
#5077=DIRECTION('',(1.22464679914735E-16,-1.,0.));
#5078=DIRECTION('',(1.22464679914735E-16,-1.,0.));
#5079=DIRECTION('',(1.,1.22464679914735E-16,0.));
#5080=DIRECTION('',(1.22464679914735E-16,-1.,0.));
#5081=DIRECTION('',(1.22464679914735E-16,-1.,0.));
#5082=DIRECTION('',(-0.285248522819463,0.,0.958453587937003));
#5083=DIRECTION('',(1.22464679914735E-16,-1.,0.));
#5084=DIRECTION('',(1.22464679914735E-16,-1.,0.));
#5085=DIRECTION('',(1.,1.22464679914735E-16,0.));
#5086=DIRECTION('',(1.22464679914735E-16,-1.,0.));
#5087=DIRECTION('',(-0.732357566087546,0.,0.680920256266713));
#5088=DIRECTION('',(1.22464679914735E-16,-1.,0.));
#5089=DIRECTION('',(1.22464679914735E-16,-1.,0.));
#5090=DIRECTION('',(1.,1.22464679914735E-16,0.));
#5091=DIRECTION('',(0.,0.,-1.));
#5092=DIRECTION('',(-1.,0.,0.));
#5093=DIRECTION('',(1.22464679914735E-16,-1.,0.));
#5094=DIRECTION('',(1.,1.22464679914735E-16,0.));
#5095=DIRECTION('',(-0.972432319179394,-1.19088612707048E-16,-0.233185301027712));
#5096=DIRECTION('',(-0.233185301027712,0.,0.972432319179394));
#5097=DIRECTION('',(1.22464679914735E-16,-1.,0.));
#5098=DIRECTION('',(0.233185301027712,2.85569632511799E-17,-0.972432319179394));
#5099=DIRECTION('',(0.,0.,-1.));
#5100=DIRECTION('',(-1.,0.,0.));
#5101=DIRECTION('',(1.22464679914735E-16,-1.,0.));
#5102=DIRECTION('',(1.,1.22464679914735E-16,0.));
#5103=DIRECTION('',(1.,1.22464679914735E-16,0.));
#5104=DIRECTION('',(-1.22464679914735E-16,1.,0.));
#5105=DIRECTION('',(1.22464679914735E-16,-1.,0.));
#5106=DIRECTION('',(0.,0.,1.));
#5107=DIRECTION('',(0.,0.,1.));
#5108=DIRECTION('',(1.,0.,0.));
#5109=DIRECTION('',(1.22464679914735E-16,-1.,0.));
#5110=DIRECTION('',(-1.,-1.22464679914735E-16,0.));
#5111=DIRECTION('',(-1.,-1.22464679914735E-16,0.));
#5112=DIRECTION('',(1.22464679914735E-16,-1.,0.));
#5113=DIRECTION('',(1.22464679914735E-16,-1.,0.));
#5114=DIRECTION('',(0.,0.,-1.));
#5115=DIRECTION('',(1.22464679914735E-16,-1.,0.));
#5116=DIRECTION('',(1.22464679914735E-16,-1.,0.));
#5117=DIRECTION('',(1.22464679914735E-16,-1.,0.));
#5118=DIRECTION('',(0.116323043273592,0.,0.99321143247728));
#5119=DIRECTION('',(1.22464679914735E-16,-1.,0.));
#5120=DIRECTION('',(1.22464679914735E-16,-1.,0.));
#5121=DIRECTION('',(1.,1.22464679914735E-16,0.));
#5122=DIRECTION('',(-0.996765397341215,-1.22068555335476E-16,0.0803663030331102));
#5123=DIRECTION('',(0.0803663030331102,0.,0.996765397341215));
#5124=DIRECTION('',(-0.0803663030331102,-9.84203357688046E-18,-0.996765397341215));
#5125=DIRECTION('',(1.22464679914735E-16,-1.,0.));
#5126=DIRECTION('',(1.,1.22464679914735E-16,0.));
#5127=DIRECTION('',(0.,0.,-1.));
#5128=DIRECTION('',(-1.,0.,0.));
#5129=DIRECTION('',(1.22464679914735E-16,-1.,0.));
#5130=DIRECTION('',(1.,1.22464679914735E-16,0.));
#5131=DIRECTION('',(1.22464679914735E-16,-1.,0.));
#5132=DIRECTION('',(0.952939587580451,1.1670144157112E-16,-0.303160258645491));
#5133=DIRECTION('',(-0.303160258645491,0.,-0.952939587580451));
#5134=DIRECTION('',(1.22464679914735E-16,-1.,0.));
#5135=DIRECTION('',(0.303160258645491,3.71264240378884E-17,0.952939587580451));
#5136=DIRECTION('',(1.22464679914735E-16,-1.,0.));
#5137=DIRECTION('',(1.22464679914735E-16,-1.,0.));
#5138=DIRECTION('',(0.979042031964828,0.,0.203658291375973));
#5139=DIRECTION('',(1.22464679914735E-16,-1.,0.));
#5140=DIRECTION('',(1.22464679914735E-16,-1.,0.));
#5141=DIRECTION('',(1.,1.22464679914735E-16,0.));
#5142=DIRECTION('',(1.22464679914735E-16,-1.,0.));
#5143=DIRECTION('',(0.966638763306735,0.,0.256143516944751));
#5144=DIRECTION('',(1.22464679914735E-16,-1.,0.));
#5145=DIRECTION('',(1.22464679914735E-16,-1.,0.));
#5146=DIRECTION('',(1.,1.22464679914735E-16,0.));
#5147=DIRECTION('',(-0.953444774439908,-1.1676330911816E-16,-0.301567674151644));
#5148=DIRECTION('',(-0.301567674151644,0.,0.953444774439908));
#5149=DIRECTION('',(1.22464679914735E-16,-1.,0.));
#5150=DIRECTION('',(0.301567674151644,3.69313886876123E-17,-0.953444774439908));
#5151=DIRECTION('',(0.,0.,-1.));
#5152=DIRECTION('',(-1.,0.,0.));
#5153=DIRECTION('',(1.22464679914735E-16,-1.,0.));
#5154=DIRECTION('',(1.,1.22464679914735E-16,0.));
#5155=DIRECTION('',(0.946991086875103,1.15972960336267E-16,0.321259834680764));
#5156=DIRECTION('',(0.321259834680764,0.,-0.946991086875103));
#5157=DIRECTION('',(1.22464679914735E-16,-1.,0.));
#5158=DIRECTION('',(-0.321259834680764,-3.93429828236405E-17,0.946991086875103));
#5159=DIRECTION('',(0.,0.,1.));
#5160=DIRECTION('',(1.,0.,0.));
#5161=DIRECTION('',(1.22464679914735E-16,-1.,0.));
#5162=DIRECTION('',(-1.,-1.22464679914735E-16,0.));
#5163=DIRECTION('',(-0.946801792303205,-1.1594977843711E-16,0.321817286812624));
#5164=DIRECTION('',(0.321817286812624,0.,0.946801792303205));
#5165=DIRECTION('',(-0.321817286812624,-3.94112510205365E-17,-0.946801792303205));
#5166=DIRECTION('',(1.22464679914735E-16,-1.,0.));
#5167=DIRECTION('',(1.,1.22464679914735E-16,0.));
#5168=DIRECTION('',(0.,0.,1.));
#5169=DIRECTION('',(1.,0.,0.));
#5170=DIRECTION('',(1.22464679914735E-16,-1.,0.));
#5171=DIRECTION('',(-1.,-1.22464679914735E-16,0.));
#5172=DIRECTION('',(1.22464679914735E-16,-1.,0.));
#5173=DIRECTION('',(-1.,-1.22464679914735E-16,0.));
#5174=DIRECTION('',(1.22464679914735E-16,-1.,0.));
#5175=DIRECTION('',(1.22464679914735E-16,-1.,0.));
#5176=DIRECTION('',(0.,0.,-1.));
#5177=DIRECTION('',(0.,0.,-1.));
#5178=DIRECTION('',(-1.,0.,0.));
#5179=DIRECTION('',(1.22464679914735E-16,-1.,0.));
#5180=DIRECTION('',(1.,1.22464679914735E-16,0.));
#5181=DIRECTION('',(0.622878597277255,7.62806280412983E-17,-0.782318511256074));
#5182=DIRECTION('',(-0.782318511256074,0.,-0.622878597277255));
#5183=DIRECTION('',(1.22464679914735E-16,-1.,0.));
#5184=DIRECTION('',(0.782318511256074,9.58063860723473E-17,0.622878597277255));
#5185=DIRECTION('',(0.780082247352863,9.55325227292358E-17,0.625676983246872));
#5186=DIRECTION('',(0.625676983246872,0.,-0.780082247352863));
#5187=DIRECTION('',(1.22464679914735E-16,-1.,0.));
#5188=DIRECTION('',(-0.625676983246872,-7.66233314833454E-17,0.780082247352863));
#5189=DIRECTION('',(-0.626503863954459,-7.67245951645277E-17,0.779418314161358));
#5190=DIRECTION('',(0.779418314161358,0.,0.626503863954459));
#5191=DIRECTION('',(1.22464679914735E-16,-1.,0.));
#5192=DIRECTION('',(-0.779418314161358,-9.54512143634533E-17,-0.626503863954459));
#5193=DIRECTION('',(1.22464679914735E-16,-1.,0.));
#5194=DIRECTION('',(0.681408273921658,0.,-0.731903521122222));
#5195=DIRECTION('',(1.22464679914735E-16,-1.,0.));
#5196=DIRECTION('',(1.22464679914735E-16,-1.,0.));
#5197=DIRECTION('',(1.,1.22464679914735E-16,0.));
#5198=DIRECTION('',(0.999501757657226,1.22403662825708E-16,-0.0315632133997066));
#5199=DIRECTION('',(-0.0315632133997066,0.,-0.999501757657226));
#5200=DIRECTION('',(1.22464679914735E-16,-1.,0.));
#5201=DIRECTION('',(0.0315632133997066,3.86537882607556E-18,0.999501757657226));
#5202=DIRECTION('',(0.999734650875492,1.22432184019137E-16,-0.0230353606192547));
#5203=DIRECTION('',(-0.0230353606192547,0.,-0.999734650875492));
#5204=DIRECTION('',(1.22464679914735E-16,-1.,0.));
#5205=DIRECTION('',(0.0230353606192547,2.82101806495753E-18,0.999734650875492));
#5206=DIRECTION('',(1.,1.22464679914735E-16,0.));
#5207=DIRECTION('',(-1.22464679914735E-16,1.,0.));
#5208=DIRECTION('',(0.,0.,1.));
#5209=DIRECTION('',(1.22464679914735E-16,-1.,0.));
#5210=DIRECTION('',(1.,1.22464679914735E-16,0.));
#5211=DIRECTION('',(1.22464679914735E-16,-1.,0.));
#5212=DIRECTION('',(1.22464679914735E-16,-1.,0.));
#5213=DIRECTION('',(1.22464679914735E-16,-1.,0.));
#5214=DIRECTION('',(1.22464679914735E-16,-1.,0.));
#5215=DIRECTION('',(1.22464679914735E-16,-1.,0.));
#5216=DIRECTION('',(1.22464679914735E-16,-1.,0.));
#5217=DIRECTION('',(1.22464679914735E-16,-1.,0.));
#5218=DIRECTION('',(1.22464679914735E-16,-1.,0.));
#5219=DIRECTION('',(1.22464679914735E-16,-1.,0.));
#5220=DIRECTION('',(1.22464679914735E-16,-1.,0.));
#5221=DIRECTION('',(1.22464679914735E-16,-1.,0.));
#5222=DIRECTION('',(1.22464679914735E-16,-1.,0.));
#5223=DIRECTION('',(1.22464679914735E-16,-1.,0.));
#5224=DIRECTION('',(1.22464679914735E-16,-1.,0.));
#5225=DIRECTION('',(1.22464679914735E-16,-1.,0.));
#5226=DIRECTION('',(1.22464679914735E-16,-1.,0.));
#5227=DIRECTION('',(1.22464679914735E-16,-1.,0.));
#5228=DIRECTION('',(1.,1.22464679914735E-16,0.));
#5229=DIRECTION('',(1.22464679914735E-16,-1.,0.));
#5230=DIRECTION('',(1.22464679914735E-16,-1.,0.));
#5231=DIRECTION('',(1.22464679914735E-16,-1.,0.));
#5232=DIRECTION('',(0.172440396401007,0.,0.985019953954773));
#5233=DIRECTION('',(1.22464679914735E-16,-1.,0.));
#5234=DIRECTION('',(1.22464679914735E-16,-1.,0.));
#5235=DIRECTION('',(1.,1.22464679914735E-16,0.));
#5236=DIRECTION('',(1.22464679914735E-16,-1.,0.));
#5237=DIRECTION('',(0.380497520901619,0.,0.924781940020307));
#5238=DIRECTION('',(1.22464679914735E-16,-1.,0.));
#5239=DIRECTION('',(1.22464679914735E-16,-1.,0.));
#5240=DIRECTION('',(1.,1.22464679914735E-16,0.));
#5241=DIRECTION('',(-0.929772960579686,-1.13864348010767E-16,0.368133456473173));
#5242=DIRECTION('',(0.368133456473173,0.,0.929772960579686));
#5243=DIRECTION('',(1.22464679914735E-16,-1.,0.));
#5244=DIRECTION('',(-0.368133456473173,-4.50833459128922E-17,-0.929772960579686));
#5245=DIRECTION('',(1.22464679914735E-16,-1.,0.));
#5246=DIRECTION('',(1.22464679914735E-16,-1.,0.));
#5247=DIRECTION('',(1.22464679914735E-16,-1.,0.));
#5248=DIRECTION('',(1.22464679914735E-16,-1.,0.));
#5249=DIRECTION('',(1.22464679914735E-16,-1.,0.));
#5250=DIRECTION('',(1.22464679914735E-16,-1.,0.));
#5251=DIRECTION('',(1.22464679914735E-16,-1.,0.));
#5252=DIRECTION('',(-1.,-1.22464679914735E-16,0.));
#5253=DIRECTION('',(1.22464679914735E-16,-1.,0.));
#5254=DIRECTION('',(1.22464679914735E-16,-1.,0.));
#5255=DIRECTION('',(0.,0.,-1.));
#5256=DIRECTION('',(1.22464679914735E-16,-1.,0.));
#5257=DIRECTION('',(1.22464679914735E-16,-1.,0.));
#5258=DIRECTION('',(1.22464679914735E-16,-1.,0.));
#5259=DIRECTION('',(1.,1.22464679914735E-16,0.));
#5260=DIRECTION('',(1.22464679914735E-16,-1.,0.));
#5261=DIRECTION('',(1.,1.22464679914735E-16,0.));
#5262=DIRECTION('',(1.22464679914735E-16,-1.,0.));
#5263=DIRECTION('',(1.,1.22464679914735E-16,0.));
#5264=DIRECTION('',(1.22464679914735E-16,-1.,0.));
#5265=DIRECTION('',(1.,1.22464679914735E-16,0.));
#5266=DIRECTION('',(-1.22464679914735E-16,1.,0.));
#5267=DIRECTION('',(-1.,-1.22464679914735E-16,0.));
#5268=DIRECTION('',(-1.22464679914735E-16,1.,0.));
#5269=DIRECTION('',(-1.,-1.22464679914735E-16,0.));
#5270=DIRECTION('',(1.22464679914735E-16,-1.,0.));
#5271=DIRECTION('',(1.,1.22464679914735E-16,0.));
#5272=DIRECTION('',(-1.22464679914735E-16,1.,0.));
#5273=DIRECTION('',(-1.,-1.22464679914735E-16,0.));
#5274=DIRECTION('',(-1.22464679914735E-16,1.,0.));
#5275=DIRECTION('',(-1.,-1.22464679914735E-16,0.));
#5276=DIRECTION('',(0.,1.,0.));
#5277=DIRECTION('',(0.,0.,1.));
#5278=DIRECTION('',(-0.361504966372981,-0.707106781189938,0.607712233942081));
#5279=DIRECTION('',(0.706112517779542,0.707106781189937,0.0374848266668291));
#5280=DIRECTION('',(0.,-1.,0.));
#5281=DIRECTION('',(0.,0.,-1.));
#5282=DIRECTION('',(-0.668582596540916,0.707106781189939,-0.230211449753939));
#5283=DIRECTION('',(0.,-1.,0.));
#5284=DIRECTION('',(0.,0.,-1.));
#5285=DIRECTION('',(0.60208126839061,-0.707106781189938,-0.370807424748157));
#5286=DIRECTION('',(0.,1.,0.));
#5287=DIRECTION('',(0.,0.,1.));
#5288=DIRECTION('',(0.,0.707106781189938,-0.707106781183157));
#5289=DIRECTION('',(0.,1.,0.));
#5290=DIRECTION('',(0.,0.,1.));
#5291=DIRECTION('',(-0.181204376261262,-0.707106781189938,-0.683494677388911));
#5292=DIRECTION('',(0.,-1.,0.));
#5293=DIRECTION('',(0.,0.,-1.));
#5294=DIRECTION('',(7.35980840011548E-15,0.707106781189938,0.707106781183157));
#5295=DIRECTION('',(0.,-1.,0.));
#5296=DIRECTION('',(0.,0.,-1.));
#5297=DIRECTION('',(0.,-1.,0.));
#5298=DIRECTION('',(0.,0.,-1.));
#5299=DIRECTION('',(0.36150496637471,-0.707106781186549,-0.607712233944996));
#5300=DIRECTION('',(-0.706112517782927,0.707106781186548,-0.0374848266670125));
#5301=DIRECTION('',(0.,1.,0.));
#5302=DIRECTION('',(0.,0.,1.));
#5303=DIRECTION('',(0.668582596544124,0.707106781186546,0.230211449755042));
#5304=DIRECTION('',(0.,1.,0.));
#5305=DIRECTION('',(0.,0.,1.));
#5306=DIRECTION('',(-0.602081268393496,-0.707106781186545,0.37080742474994));
#5307=DIRECTION('',(0.,-1.,0.));
#5308=DIRECTION('',(0.,0.,-1.));
#5309=DIRECTION('',(0.,0.707106781186543,0.707106781186552));
#5310=DIRECTION('',(0.,-1.,0.));
#5311=DIRECTION('',(0.,0.,-1.));
#5312=DIRECTION('',(0.181204376262132,-0.707106781186545,0.683494677392191));
#5313=DIRECTION('',(0.,1.,0.));
#5314=DIRECTION('',(0.,0.,1.));
#5315=DIRECTION('',(-7.35980840008019E-15,0.707106781186548,-0.707106781186548));
#5316=DIRECTION('',(0.,1.,0.));
#5317=DIRECTION('',(0.,0.,1.));
#5318=DIRECTION('',(0.,-1.,0.));
#5319=DIRECTION('',(0.,0.,-1.));
#5320=DIRECTION('',(-0.37309309339548,0.707106781186544,-0.600667581662767));
#5321=DIRECTION('',(-0.373093093395483,-0.70710678118654,0.600667581662769));
#5322=DIRECTION('',(0.,1.,0.));
#5323=DIRECTION('',(0.,0.,1.));
#5324=DIRECTION('',(0.259348473439862,-0.707106781186549,-0.657828525775837));
#5325=DIRECTION('',(0.,1.,0.));
#5326=DIRECTION('',(0.,0.,1.));
#5327=DIRECTION('',(0.513528431215622,0.707106781186549,0.486095207066702));
#5328=DIRECTION('',(0.,-1.,0.));
#5329=DIRECTION('',(0.,0.,-1.));
#5330=DIRECTION('',(0.705837151840104,-0.707106781186545,0.0423546347198708));
#5331=DIRECTION('',(0.,-1.,0.));
#5332=DIRECTION('',(0.,0.,-1.));
#5333=DIRECTION('',(0.496725486658418,0.707106781186549,-0.503253207544627));
#5334=DIRECTION('',(0.,1.,0.));
#5335=DIRECTION('',(0.,0.,1.));
#5336=DIRECTION('',(0.478846550336009,-0.707106781186549,-0.520294129537613));
#5337=DIRECTION('',(0.,1.,0.));
#5338=DIRECTION('',(0.,0.,1.));
#5339=DIRECTION('',(0.464470476653133,0.707106781186547,0.533167118563787));
#5340=DIRECTION('',(0.,-1.,0.));
#5341=DIRECTION('',(0.,0.,-1.));
#5342=DIRECTION('',(0.677976206141548,-0.707106781186547,-0.200868772849128));
#5343=DIRECTION('',(0.,-1.,0.));
#5344=DIRECTION('',(0.,0.,-1.));
#5345=DIRECTION('',(0.479587732689759,0.707106781186549,-0.51961101475382));
#5346=DIRECTION('',(0.,1.,0.));
#5347=DIRECTION('',(0.,0.,1.));
#5348=DIRECTION('',(0.232606244640176,0.707106781186548,0.667753199134526));
#5349=DIRECTION('',(0.,1.,0.));
#5350=DIRECTION('',(0.,0.,1.));
#5351=DIRECTION('',(-0.580942165302894,0.70710678118655,0.403120578206053));
#5352=DIRECTION('',(1.0842021724855E-16,-1.,0.));
#5353=DIRECTION('',(1.,1.0842021724855E-16,0.));
#5354=DIRECTION('',(0.,1.,0.));
#5355=DIRECTION('',(0.,0.,1.));
#5356=DIRECTION('',(0.373093093395476,0.707106781186549,0.600667581662764));
#5357=DIRECTION('',(0.37309309339548,-0.707106781186544,-0.600667581662767));
#5358=DIRECTION('',(0.,-1.,0.));
#5359=DIRECTION('',(0.,0.,-1.));
#5360=DIRECTION('',(-0.259348473439863,-0.707106781186552,0.657828525775834));
#5361=DIRECTION('',(0.,-1.,0.));
#5362=DIRECTION('',(0.,0.,-1.));
#5363=DIRECTION('',(-0.513528431215628,0.707106781186546,-0.4860952070667));
#5364=DIRECTION('',(0.,1.,0.));
#5365=DIRECTION('',(0.,0.,1.));
#5366=DIRECTION('',(-0.705837151840102,-0.707106781186547,-0.0423546347198709));
#5367=DIRECTION('',(0.,1.,0.));
#5368=DIRECTION('',(0.,0.,1.));
#5369=DIRECTION('',(-0.496725486658418,0.707106781186547,0.50325320754463));
#5370=DIRECTION('',(0.,-1.,0.));
#5371=DIRECTION('',(0.,0.,-1.));
#5372=DIRECTION('',(-0.478846550336009,-0.707106781186549,0.520294129537613));
#5373=DIRECTION('',(0.,-1.,0.));
#5374=DIRECTION('',(0.,0.,-1.));
#5375=DIRECTION('',(-0.464470476653133,0.707106781186547,-0.533167118563787));
#5376=DIRECTION('',(0.,1.,0.));
#5377=DIRECTION('',(0.,0.,1.));
#5378=DIRECTION('',(-0.677976206141544,-0.70710678118655,0.200868772849129));
#5379=DIRECTION('',(0.,1.,0.));
#5380=DIRECTION('',(0.,0.,1.));
#5381=DIRECTION('',(-0.479587732689763,0.707106781186547,0.519611014753818));
#5382=DIRECTION('',(0.,-1.,0.));
#5383=DIRECTION('',(0.,0.,-1.));
#5384=DIRECTION('',(-0.232606244640176,0.70710678118655,-0.667753199134524));
#5385=DIRECTION('',(0.,-1.,0.));
#5386=DIRECTION('',(0.,0.,-1.));
#5387=DIRECTION('',(0.580942165302895,0.707106781186549,-0.403120578206053));
#5388=DIRECTION('',(-1.0842021724855E-16,1.,0.));
#5389=DIRECTION('',(-1.,-1.0842021724855E-16,0.));
#5390=CARTESIAN_POINT('',(0.,0.,0.));
#5391=CARTESIAN_POINT('',(0.0105166687946039,-0.047,0.0166));
#5392=CARTESIAN_POINT('',(0.0105166687946039,-0.044,0.0166));
#5393=CARTESIAN_POINT('',(0.0126666687946039,-0.044,0.0166));
#5394=CARTESIAN_POINT('',(0.0105166687946039,-0.046,0.0166));
#5395=CARTESIAN_POINT('',(0.0126666687946039,-0.046,0.0166));
#5396=CARTESIAN_POINT('',(0.0105166687946039,-0.047,0.0476));
#5397=CARTESIAN_POINT('',(0.0105166687946039,-0.044,0.0476));
#5398=CARTESIAN_POINT('',(0.0121666687946039,-0.044,0.0476));
#5399=CARTESIAN_POINT('',(0.0105166687946039,-0.046,0.0476));
#5400=CARTESIAN_POINT('',(0.0121666687946039,-0.046,0.0476));
#5401=CARTESIAN_POINT('',(-0.00147653668254083,-0.047,0.0188967293004329));
#5402=CARTESIAN_POINT('',(0.0105166687946039,-0.047,0.031325590269257));
#5403=CARTESIAN_POINT('',(0.0105166687946039,-0.047,0.0348255902692522));
#5404=CARTESIAN_POINT('',(0.0105166687946039,-0.047,0.0278255902692618));
#5405=CARTESIAN_POINT('',(0.0105166687946041,-0.047,0.0476));
#5406=CARTESIAN_POINT('',(0.00544924520803122,-0.047,0.0284859083816845));
#5407=CARTESIAN_POINT('',(0.00480859099185184,-0.047,0.0260693897752352));
#5408=CARTESIAN_POINT('',(0.00267991225331556,-0.047,0.0273803919980127));
#5409=CARTESIAN_POINT('',(-0.00498333120539614,-0.047,0.0321));
#5410=CARTESIAN_POINT('',(-0.00958453824220471,-0.047,0.0398349139493815));
#5411=CARTESIAN_POINT('',(-0.010862651307988,-0.047,0.0419835011575483));
#5412=CARTESIAN_POINT('',(-0.00836616655995816,-0.047,0.0421160300331877));
#5413=CARTESIAN_POINT('',(-0.00487108791272785,-0.047,0.0423015704590824));
#5414=CARTESIAN_POINT('',(-0.00156177289813475,-0.047,0.0434410589996809));
#5415=CARTESIAN_POINT('',(0.0105166687946039,-0.047,0.0476));
#5416=CARTESIAN_POINT('',(0.0105166687946039,-0.047,0.0476));
#5417=CARTESIAN_POINT('',(0.0140096020955797,-0.047,0.04381556913725));
#5418=CARTESIAN_POINT('',(0.00628555090560631,-0.047,0.050536007733199));
#5419=CARTESIAN_POINT('',(-0.000389271492314629,-0.047,0.0551677222569153));
#5420=CARTESIAN_POINT('',(-0.00306183593048211,-0.047,0.0474954714270197));
#5421=CARTESIAN_POINT('',(-0.00487108791272848,-0.047,0.0423015704590797));
#5422=CARTESIAN_POINT('',(-0.0101445052140343,-0.047,0.0438639628445958));
#5423=CARTESIAN_POINT('',(-0.017934214820756,-0.047,0.046171874826431));
#5424=CARTESIAN_POINT('',(-0.0124324353489844,-0.047,0.0401938771585671));
#5425=CARTESIAN_POINT('',(-0.0049833312053961,-0.047,0.0321));
#5426=CARTESIAN_POINT('',(-0.0159635804079458,-0.047,0.0314411165126478));
#5427=CARTESIAN_POINT('',(-0.0260947543903569,-0.047,0.0308331828381596));
#5428=CARTESIAN_POINT('',(-0.0223722179672711,-0.047,0.0213910966177706));
#5429=CARTESIAN_POINT('',(-0.0204833312053961,-0.047,0.0166));
#5430=CARTESIAN_POINT('',(-0.0177660196449518,-0.047,0.0122252179616035));
#5431=CARTESIAN_POINT('',(-0.0049833312053961,-0.047,-0.00835448905537344));
#5432=CARTESIAN_POINT('',(0.00779935723415969,-0.047,0.0122252179616035));
#5433=CARTESIAN_POINT('',(0.0105166687946039,-0.047,0.0166));
#5434=CARTESIAN_POINT('',(0.0142567989858639,-0.047,0.0201403285373572));
#5435=CARTESIAN_POINT('',(0.018030796724933,-0.047,0.0237127153828125));
#5436=CARTESIAN_POINT('',(0.0143802863546518,-0.047,0.0274111989564614));
#5437=CARTESIAN_POINT('',(0.0105166687946039,-0.047,0.031325590269257));
#5438=CARTESIAN_POINT('',(0.0141294012553301,-0.047,0.0354726572047206));
#5439=CARTESIAN_POINT('',(0.0178101732616461,-0.047,0.0396978269482074));
#5440=CARTESIAN_POINT('',(0.0105166687946039,-0.047,0.0166));
#5441=CARTESIAN_POINT('',(0.0075166687946039,-0.047,0.0166));
#5442=CARTESIAN_POINT('',(0.0105166687946039,-0.047,0.0476));
#5443=CARTESIAN_POINT('',(0.00751666879460392,-0.047,0.0476));
#5444=CARTESIAN_POINT('',(-0.0154424152753394,-0.047,0.022006469943761));
#5445=CARTESIAN_POINT('',(-0.0154424152753394,-0.047,0.0239895428604277));
#5446=CARTESIAN_POINT('',(-0.0154424152753394,-0.047,0.0200233970270943));
#5447=CARTESIAN_POINT('',(-0.0158616861086727,-0.047,0.0200233970270943));
#5448=CARTESIAN_POINT('',(-0.0162809569420061,-0.047,0.0200233970270943));
#5449=CARTESIAN_POINT('',(-0.0162809569420061,-0.047,0.0211709664715388));
#5450=CARTESIAN_POINT('',(-0.0162809569420061,-0.047,0.0223185359159832));
#5451=CARTESIAN_POINT('',(-0.0162766166642282,-0.047,0.0225069039715388));
#5452=CARTESIAN_POINT('',(-0.0162722763864505,-0.047,0.0226952720270944));
#5453=CARTESIAN_POINT('',(-0.0162657659697838,-0.047,0.0229014352215388));
#5454=CARTESIAN_POINT('',(-0.0162592555531171,-0.047,0.0231075984159832));
#5455=CARTESIAN_POINT('',(-0.0197151033598034,-0.047,0.0264572734119169));
#5456=CARTESIAN_POINT('',(-0.0165489167933583,-0.047,0.0228338527084075));
#5457=CARTESIAN_POINT('',(-0.0167770506920061,-0.047,0.022651001193761));
#5458=CARTESIAN_POINT('',(-0.0170049152753394,-0.047,0.0224678414715388));
#5459=CARTESIAN_POINT('',(-0.0172071722197838,-0.047,0.0227200116104277));
#5460=CARTESIAN_POINT('',(-0.0174094291642282,-0.047,0.0229721817493166));
#5461=CARTESIAN_POINT('',(-0.0167705402753393,-0.047,0.0234808623048721));
#5462=CARTESIAN_POINT('',(-0.0161316513864505,-0.047,0.0239895428604277));
#5463=CARTESIAN_POINT('',(-0.0157870333308949,-0.047,0.0239895428604277));
#5464=CARTESIAN_POINT('',(0.00442569844417283,-0.047,0.0426410567331744));
#5465=CARTESIAN_POINT('',(0.00395640590945062,-0.047,0.0411659048234522));
#5466=CARTESIAN_POINT('',(0.00489499097889506,-0.047,0.0441162086428966));
#5467=CARTESIAN_POINT('',(0.00542558993722839,-0.047,0.0441162086428966));
#5468=CARTESIAN_POINT('',(0.00595618889556173,-0.047,0.0441162086428966));
#5469=CARTESIAN_POINT('',(0.00511363247195061,-0.047,0.0416373674970634));
#5470=CARTESIAN_POINT('',(0.0042710760483395,-0.047,0.03915852635123));
#5471=CARTESIAN_POINT('',(0.00369815938167284,-0.047,0.03915852635123));
#5472=CARTESIAN_POINT('',(0.00312524271500617,-0.047,0.03915852635123));
#5473=CARTESIAN_POINT('',(0.00228431389556172,-0.047,0.0416373674970634));
#5474=CARTESIAN_POINT('',(0.00144338507611728,-0.047,0.0441162086428966));
#5475=CARTESIAN_POINT('',(0.00197398403445061,-0.047,0.0441162086428966));
#5476=CARTESIAN_POINT('',(0.00250458299278394,-0.047,0.0441162086428966));
#5477=CARTESIAN_POINT('',(0.00297116285389505,-0.047,0.0426410567331744));
#5478=CARTESIAN_POINT('',(0.00343783223507141,-0.047,0.0411659307618744));
#5479=CARTESIAN_POINT('',(-0.00882810913771865,-0.047,0.0376118765325638));
#5480=CARTESIAN_POINT('',(0.00359805934432488,-0.047,0.0405571105197816));
#5481=CARTESIAN_POINT('',(-0.00305916404077484,-0.047,0.0388639263739069));
#5482=CARTESIAN_POINT('',(0.00370141459000617,-0.047,0.0400743249623411));
#5483=CARTESIAN_POINT('',(0.00370141459000617,-0.047,0.0400743249623411));
#5484=CARTESIAN_POINT('',(0.00373939202056173,-0.047,0.0403857398928966));
#5485=CARTESIAN_POINT('',(0.00395640590945062,-0.047,0.0411659048234522));
#5486=CARTESIAN_POINT('',(0.00173504055000366,-0.047,0.0200426864257077));
#5487=CARTESIAN_POINT('',(0.00108710360931092,-0.047,0.0210215568568487));
#5488=CARTESIAN_POINT('',(0.0017397080845667,-0.047,0.021216155340696));
#5489=CARTESIAN_POINT('',(0.00177353995334249,-0.047,0.0195138565958981));
#5490=CARTESIAN_POINT('',(0.00208914447568878,-0.047,0.0211867004435862));
#5491=CARTESIAN_POINT('',(0.00205002979910616,-0.047,0.0207015698020823));
#5492=CARTESIAN_POINT('',(0.00201101265813611,-0.047,0.0202176486994809));
#5493=CARTESIAN_POINT('',(0.00173123105630697,-0.047,0.01904202080112));
#5494=CARTESIAN_POINT('',(0.00170606278521727,-0.047,0.0202507234479156));
#5495=CARTESIAN_POINT('',(0.00170606278521727,-0.047,0.0202507234479156));
#5496=CARTESIAN_POINT('',(0.0012112711185506,-0.047,0.0202507234479156));
#5497=CARTESIAN_POINT('',(0.000934578410217271,-0.047,0.0199962746631934));
#5498=CARTESIAN_POINT('',(0.000934578410217271,-0.047,0.0199962746631934));
#5499=CARTESIAN_POINT('',(0.000934578410217271,-0.047,0.0199962746631934));
#5500=CARTESIAN_POINT('',(0.000657885701883937,-0.047,0.0197418258784712));
#5501=CARTESIAN_POINT('',(0.000657885701883937,-0.047,0.0192839265729156));
#5502=CARTESIAN_POINT('',(0.000657885701883937,-0.047,0.0192839265729156));
#5503=CARTESIAN_POINT('',(0.000657885701883937,-0.047,0.0183192998368045));
#5504=CARTESIAN_POINT('',(0.000657885701883937,-0.047,0.0173546731006934));
#5505=CARTESIAN_POINT('',(0.000140850111606159,-0.047,0.0173546731006934));
#5506=CARTESIAN_POINT('',(-0.000376185478671619,-0.047,0.0173546731006934));
#5507=CARTESIAN_POINT('',(-0.000376185478671619,-0.047,0.0192502894201379));
#5508=CARTESIAN_POINT('',(-0.000376185478671619,-0.047,0.0211459057395823));
#5509=CARTESIAN_POINT('',(1.55245907728255E-5,-0.047,0.0211459057395823));
#5510=CARTESIAN_POINT('',(0.000407234660217269,-0.047,0.0211459057395823));
#5511=CARTESIAN_POINT('',(0.000483732056050603,-0.047,0.0208268953229156));
#5512=CARTESIAN_POINT('',(0.000560229451883936,-0.047,0.0205078849062489));
#5513=CARTESIAN_POINT('',(0.000585186049106159,-0.047,0.0205078849062489));
#5514=CARTESIAN_POINT('',(0.000610438514871641,-0.047,0.0205078849062489));
#5515=CARTESIAN_POINT('',(0.00186234335124957,-0.047,0.0198246535773417));
#5516=CARTESIAN_POINT('',(-0.00606194936756051,-0.047,0.0173476201493045));
#5517=CARTESIAN_POINT('',(-0.0063180257564494,-0.047,0.0172863137256934));
#5518=CARTESIAN_POINT('',(-0.00670756568700495,-0.047,0.0172863137256934));
#5519=CARTESIAN_POINT('',(-0.00606194936756051,-0.047,0.0173476201493045));
#5520=CARTESIAN_POINT('',(-0.00670756568700495,-0.047,0.0172863137256934));
#5521=CARTESIAN_POINT('',(-0.00670756568700495,-0.047,0.0172863137256934));
#5522=CARTESIAN_POINT('',(-0.00847731395089384,-0.047,0.0172863137256934));
#5523=CARTESIAN_POINT('',(-0.00847731395089384,-0.047,0.0192296731006934));
#5524=CARTESIAN_POINT('',(-0.00847731395089384,-0.047,0.0192296731006934));
#5525=CARTESIAN_POINT('',(-0.00847731395089384,-0.047,0.0192296731006934));
#5526=CARTESIAN_POINT('',(-0.00847731395089384,-0.047,0.0201964699756934));
#5527=CARTESIAN_POINT('',(-0.00799608565228273,-0.047,0.0207064526145822));
#5528=CARTESIAN_POINT('',(-0.00799608565228273,-0.047,0.0207064526145822));
#5529=CARTESIAN_POINT('',(-0.00799608565228273,-0.047,0.0207064526145822));
#5530=CARTESIAN_POINT('',(-0.00751485735367162,-0.047,0.0212164352534711));
#5531=CARTESIAN_POINT('',(-0.00661641985367162,-0.047,0.0212164352534711));
#5532=CARTESIAN_POINT('',(-0.00661641985367162,-0.047,0.0212164352534711));
#5533=CARTESIAN_POINT('',(-0.00661641985367162,-0.047,0.0212164352534711));
#5534=CARTESIAN_POINT('',(-0.00595886777033829,-0.047,0.0212164352534711));
#5535=CARTESIAN_POINT('',(-0.00543586429811606,-0.047,0.0209592737951378));
#5536=CARTESIAN_POINT('',(-0.00543586429811606,-0.047,0.0209592737951378));
#5537=CARTESIAN_POINT('',(-0.00558885908978273,-0.047,0.0205588831701379));
#5538=CARTESIAN_POINT('',(-0.00574191354898868,-0.047,0.0201583363930044));
#5539=CARTESIAN_POINT('',(-0.00772392523564916,-0.047,0.0153211443282369));
#5540=CARTESIAN_POINT('',(-0.00619594692741539,-0.047,0.0203201953839141));
#5541=CARTESIAN_POINT('',(-0.00662038274661938,-0.047,0.018925617712116));
#5542=CARTESIAN_POINT('',(-0.00661641985367162,-0.047,0.0203831019201379));
#5543=CARTESIAN_POINT('',(-0.00661641985367162,-0.047,0.0203831019201379));
#5544=CARTESIAN_POINT('',(-0.00742371152033829,-0.047,0.0203831019201379));
#5545=CARTESIAN_POINT('',(-0.00742371152033829,-0.047,0.0192361835173601));
#5546=CARTESIAN_POINT('',(-0.00742371152033829,-0.047,0.0192361835173601));
#5547=CARTESIAN_POINT('',(-0.00742371152033829,-0.047,0.0192361835173601));
#5548=CARTESIAN_POINT('',(-0.00742371152033829,-0.047,0.0181239873368045));
#5549=CARTESIAN_POINT('',(-0.00661641985367162,-0.047,0.0181239873368045));
#5550=CARTESIAN_POINT('',(-0.00661641985367162,-0.047,0.0181239873368045));
#5551=CARTESIAN_POINT('',(-0.00659724232375858,-0.047,0.0199661405027742));
#5552=CARTESIAN_POINT('',(-0.00606350401435179,-0.047,0.0182035132169885));
#5553=CARTESIAN_POINT('',(-0.00667733114683521,-0.047,0.0200853074167447));
#5554=CARTESIAN_POINT('',(-0.00555522193700495,-0.047,0.0184538484479156));
#5555=CARTESIAN_POINT('',(-0.00555522193700495,-0.047,0.0180111401145823));
#5556=CARTESIAN_POINT('',(-0.00555522193700495,-0.047,0.0175690234916128));
#5557=CARTESIAN_POINT('',(-0.00646878784770203,-0.047,0.018965812740883));
#5558=CARTESIAN_POINT('',(-0.018054929687422,-0.047,0.0160171318495184));
#5559=CARTESIAN_POINT('',(-0.0177475837672831,-0.047,0.0160171318495184));
#5560=CARTESIAN_POINT('',(-0.0183622756075608,-0.047,0.0160171318495184));
#5561=CARTESIAN_POINT('',(-0.0183622756075608,-0.047,0.0149709621446573));
#5562=CARTESIAN_POINT('',(-0.0183622756075608,-0.047,0.0139247924397962));
#5563=CARTESIAN_POINT('',(-0.0189405633679775,-0.047,0.0139247924397962));
#5564=CARTESIAN_POINT('',(-0.0195188511283942,-0.047,0.0139247924397962));
#5565=CARTESIAN_POINT('',(-0.0195188511283942,-0.047,0.0166515177002129));
#5566=CARTESIAN_POINT('',(-0.0195188511283942,-0.047,0.0193782429606295));
#5567=CARTESIAN_POINT('',(-0.0187245260415887,-0.047,0.0193782429606295));
#5568=CARTESIAN_POINT('',(-0.0179302009547831,-0.047,0.0193782429606295));
#5569=CARTESIAN_POINT('',(-0.0179302009547831,-0.047,0.0193782429606295));
#5570=CARTESIAN_POINT('',(-0.0168177877603387,-0.047,0.0193782429606295));
#5571=CARTESIAN_POINT('',(-0.0162848559026997,-0.047,0.0189736205647962));
#5572=CARTESIAN_POINT('',(-0.0162848559026997,-0.047,0.0189736205647962));
#5573=CARTESIAN_POINT('',(-0.0162848559026997,-0.047,0.0189736205647962));
#5574=CARTESIAN_POINT('',(-0.0157519240450609,-0.047,0.0185689981689629));
#5575=CARTESIAN_POINT('',(-0.0157519240450609,-0.047,0.0177442368842406));
#5576=CARTESIAN_POINT('',(-0.0157519240450609,-0.047,0.0177442368842406));
#5577=CARTESIAN_POINT('',(-0.0171987082432677,-0.047,0.0177203705229544));
#5578=CARTESIAN_POINT('',(-0.0160163012151998,-0.047,0.0168884426134073));
#5579=CARTESIAN_POINT('',(-0.0160163012151998,-0.047,0.0168884426134073));
#5580=CARTESIAN_POINT('',(-0.0162806783853386,-0.047,0.0165136596272961));
#5581=CARTESIAN_POINT('',(-0.0167664639756164,-0.047,0.016301203030074));
#5582=CARTESIAN_POINT('',(-0.0167664639756164,-0.047,0.016301203030074));
#5583=CARTESIAN_POINT('',(0.205553182545211,-0.047,0.164480274986488));
#5584=CARTESIAN_POINT('',(-0.0151628398510844,-0.047,0.0139247924395271));
#5585=CARTESIAN_POINT('',(-0.0158038446179775,-0.047,0.0139247924397962));
#5586=CARTESIAN_POINT('',(-0.0164453919270053,-0.047,0.0139247924397962));
#5587=CARTESIAN_POINT('',(-0.0170964878471442,-0.047,0.0149709621446573));
#5588=CARTESIAN_POINT('',(-0.0014547445064494,-0.047,0.0202979239687489));
#5589=CARTESIAN_POINT('',(-0.00123122020089384,-0.047,0.0198535880312489));
#5590=CARTESIAN_POINT('',(-0.00123122020089384,-0.047,0.0192567998368045));
#5591=CARTESIAN_POINT('',(-0.0014547445064494,-0.047,0.0202979239687489));
#5592=CARTESIAN_POINT('',(-0.00123122020089384,-0.047,0.0192567998368045));
#5593=CARTESIAN_POINT('',(-0.00123122020089384,-0.047,0.0192567998368045));
#5594=CARTESIAN_POINT('',(-0.00123122020089384,-0.047,0.0183312356006934));
#5595=CARTESIAN_POINT('',(-0.00171950145089384,-0.047,0.0178087746631934));
#5596=CARTESIAN_POINT('',(-0.00171950145089384,-0.047,0.0178087746631934));
#5597=CARTESIAN_POINT('',(-0.00171950145089384,-0.047,0.0178087746631934));
#5598=CARTESIAN_POINT('',(-0.00220778270089384,-0.047,0.0172863137256934));
#5599=CARTESIAN_POINT('',(-0.00307909346478273,-0.047,0.0172863137256934));
#5600=CARTESIAN_POINT('',(-0.00307909346478273,-0.047,0.0172863137256934));
#5601=CARTESIAN_POINT('',(-0.00307909346478273,-0.047,0.0172863137256934));
#5602=CARTESIAN_POINT('',(-0.00362488339533828,-0.047,0.0172863137256934));
#5603=CARTESIAN_POINT('',(-0.00404209259672718,-0.047,0.0175255715381934));
#5604=CARTESIAN_POINT('',(-0.00404209259672718,-0.047,0.0175255715381934));
#5605=CARTESIAN_POINT('',(-0.00325176675264582,-0.047,0.0189027714831468));
#5606=CARTESIAN_POINT('',(-0.00468282610367162,-0.047,0.0182124204965267));
#5607=CARTESIAN_POINT('',(-0.00468282610367162,-0.047,0.0182124204965267));
#5608=CARTESIAN_POINT('',(-0.00490635040922718,-0.047,0.0186600116423601));
#5609=CARTESIAN_POINT('',(-0.00490635040922718,-0.047,0.0192567998368045));
#5610=CARTESIAN_POINT('',(-0.00490635040922718,-0.047,0.0192567998368045));
#5611=CARTESIAN_POINT('',(-0.00490635040922718,-0.047,0.0192567998368045));
#5612=CARTESIAN_POINT('',(-0.00490635040922718,-0.047,0.0201856192812489));
#5613=CARTESIAN_POINT('',(-0.00442186690228273,-0.047,0.0207010272673601));
#5614=CARTESIAN_POINT('',(-0.00442186690228273,-0.047,0.0207010272673601));
#5615=CARTESIAN_POINT('',(-0.00442186690228273,-0.047,0.0207010272673601));
#5616=CARTESIAN_POINT('',(-0.00393738339533829,-0.047,0.0212164352534711));
#5617=CARTESIAN_POINT('',(-0.00305847714533828,-0.047,0.0212164352534711));
#5618=CARTESIAN_POINT('',(-0.00305847714533828,-0.047,0.0212164352534711));
#5619=CARTESIAN_POINT('',(-0.00305847714533828,-0.047,0.0212164352534711));
#5620=CARTESIAN_POINT('',(-0.00251268721478273,-0.047,0.0212164352534711));
#5621=CARTESIAN_POINT('',(-0.00209547801339384,-0.047,0.0209793475798601));
#5622=CARTESIAN_POINT('',(-0.00209547801339384,-0.047,0.0209793475798601));
#5623=CARTESIAN_POINT('',(-0.00287475269132324,-0.047,0.0196067882255303));
#5624=CARTESIAN_POINT('',(0.00524555931299505,-0.047,0.0173525029618045));
#5625=CARTESIAN_POINT('',(0.00493739959077283,-0.047,0.0172863137256934));
#5626=CARTESIAN_POINT('',(0.0044925211185506,-0.047,0.0172863137256934));
#5627=CARTESIAN_POINT('',(0.00524555931299505,-0.047,0.0173525029618045));
#5628=CARTESIAN_POINT('',(0.0044925211185506,-0.047,0.0172863137256934));
#5629=CARTESIAN_POINT('',(0.0044925211185506,-0.047,0.0172863137256934));
#5630=CARTESIAN_POINT('',(0.00357780757688394,-0.047,0.0172863137256934));
#5631=CARTESIAN_POINT('',(0.00306239959077283,-0.047,0.0177919560868045));
#5632=CARTESIAN_POINT('',(0.00306239959077283,-0.047,0.0177919560868045));
#5633=CARTESIAN_POINT('',(0.00306239959077283,-0.047,0.0177919560868045));
#5634=CARTESIAN_POINT('',(0.00254699160466171,-0.047,0.0182975984479156));
#5635=CARTESIAN_POINT('',(0.00254699160466171,-0.047,0.0192231626840267));
#5636=CARTESIAN_POINT('',(0.00254699160466171,-0.047,0.0192231626840267));
#5637=CARTESIAN_POINT('',(0.00254699160466171,-0.047,0.0192231626840267));
#5638=CARTESIAN_POINT('',(0.00254699160466171,-0.047,0.0201758536562489));
#5639=CARTESIAN_POINT('',(0.00302333709077283,-0.047,0.02069614445486));
#5640=CARTESIAN_POINT('',(0.00302333709077283,-0.047,0.02069614445486));
#5641=CARTESIAN_POINT('',(0.00302333709077283,-0.047,0.02069614445486));
#5642=CARTESIAN_POINT('',(0.00349968257688394,-0.047,0.0212164352534711));
#5643=CARTESIAN_POINT('',(0.00434061139632838,-0.047,0.0212164352534711));
#5644=CARTESIAN_POINT('',(0.00434061139632838,-0.047,0.0212164352534711));
#5645=CARTESIAN_POINT('',(0.00434061139632838,-0.047,0.0212164352534711));
#5646=CARTESIAN_POINT('',(0.00514356278521727,-0.047,0.0212164352534711));
#5647=CARTESIAN_POINT('',(0.00559115393105061,-0.047,0.0207590784826378));
#5648=CARTESIAN_POINT('',(0.00559115393105061,-0.047,0.0207590784826378));
#5649=CARTESIAN_POINT('',(0.00559115393105061,-0.047,0.0207590784826378));
#5650=CARTESIAN_POINT('',(0.00603874507688394,-0.047,0.0203017217118045));
#5651=CARTESIAN_POINT('',(0.00603874507688394,-0.047,0.0194944300451378));
#5652=CARTESIAN_POINT('',(0.00603874507688394,-0.047,0.0194944300451378));
#5653=CARTESIAN_POINT('',(0.00603874507688394,-0.047,0.0192432364687489));
#5654=CARTESIAN_POINT('',(0.00603874507688394,-0.047,0.0189920428923601));
#5655=CARTESIAN_POINT('',(0.00481641434771727,-0.047,0.0189920428923601));
#5656=CARTESIAN_POINT('',(0.0035940836185506,-0.047,0.0189920428923601));
#5657=CARTESIAN_POINT('',(0.0035940836185506,-0.047,0.0189920428923601));
#5658=CARTESIAN_POINT('',(0.00361144472966171,-0.047,0.0185515046979156));
#5659=CARTESIAN_POINT('',(0.00385558535466171,-0.047,0.0183041088645823));
#5660=CARTESIAN_POINT('',(0.00385558535466171,-0.047,0.0183041088645823));
#5661=CARTESIAN_POINT('',(0.00385558535466171,-0.047,0.0183041088645823));
#5662=CARTESIAN_POINT('',(0.00409972597966171,-0.047,0.0180567130312489));
#5663=CARTESIAN_POINT('',(0.00454026417410616,-0.047,0.0180567130312489));
#5664=CARTESIAN_POINT('',(0.00454026417410616,-0.047,0.0180567130312489));
#5665=CARTESIAN_POINT('',(0.00455800897907192,-0.047,0.0209059624599516));
#5666=CARTESIAN_POINT('',(0.00518810835698028,-0.047,0.0181275475584544));
#5667=CARTESIAN_POINT('',(0.00442303685300732,-0.047,0.0212635902646898));
#5668=CARTESIAN_POINT('',(0.00582498639632838,-0.047,0.0183551071284711));
#5669=CARTESIAN_POINT('',(0.00582498639632838,-0.047,0.0179547165034711));
#5670=CARTESIAN_POINT('',(0.00582498639632838,-0.047,0.0175541956060717));
#5671=CARTESIAN_POINT('',(0.00474285893391534,-0.047,0.0197315009462864));
#5672=CARTESIAN_POINT('',(0.00981144063167284,-0.047,0.0405929881567855));
#5673=CARTESIAN_POINT('',(0.00981144063167284,-0.047,0.0409998891984522));
#5674=CARTESIAN_POINT('',(0.00981144063167284,-0.047,0.0401860871151189));
#5675=CARTESIAN_POINT('',(0.00951304653445062,-0.047,0.0401860871151189));
#5676=CARTESIAN_POINT('',(0.00921465243722839,-0.047,0.0401860871151189));
#5677=CARTESIAN_POINT('',(0.00921465243722839,-0.047,0.0396723067331744));
#5678=CARTESIAN_POINT('',(0.00921465243722839,-0.047,0.03915852635123));
#5679=CARTESIAN_POINT('',(0.00870249965945062,-0.047,0.03915852635123));
#5680=CARTESIAN_POINT('',(0.00819034688167284,-0.047,0.03915852635123));
#5681=CARTESIAN_POINT('',(0.00819034688167284,-0.047,0.0396723067331744));
#5682=CARTESIAN_POINT('',(0.00819034688167284,-0.047,0.0401860871151189));
#5683=CARTESIAN_POINT('',(0.0071324041733395,-0.047,0.0401860871151189));
#5684=CARTESIAN_POINT('',(0.00607446146500617,-0.047,0.0401860871151189));
#5685=CARTESIAN_POINT('',(0.00607446146500617,-0.047,0.0405506704484522));
#5686=CARTESIAN_POINT('',(0.00607446146500617,-0.047,0.0409152537817856));
#5687=CARTESIAN_POINT('',(0.00716170104833951,-0.047,0.0425157312123411));
#5688=CARTESIAN_POINT('',(0.00824894063167284,-0.047,0.0441162086428966));
#5689=CARTESIAN_POINT('',(0.00873179653445062,-0.047,0.0441162086428966));
#5690=CARTESIAN_POINT('',(0.00921465243722839,-0.047,0.0441162086428966));
#5691=CARTESIAN_POINT('',(0.00921465243722839,-0.047,0.0425580489206744));
#5692=CARTESIAN_POINT('',(0.00921465243722839,-0.047,0.0409998891984522));
#5693=CARTESIAN_POINT('',(0.00951304653445062,-0.047,0.0409998891984522));
#5694=CARTESIAN_POINT('',(-0.0119445854142283,-0.047,0.0235312095270944));
#5695=CARTESIAN_POINT('',(-0.011593456942006,-0.047,0.023010376193761));
#5696=CARTESIAN_POINT('',(-0.011593456942006,-0.047,0.0220060359159832));
#5697=CARTESIAN_POINT('',(-0.0119445854142283,-0.047,0.0235312095270944));
#5698=CARTESIAN_POINT('',(-0.011593456942006,-0.047,0.0220060359159832));
#5699=CARTESIAN_POINT('',(-0.011593456942006,-0.047,0.0220060359159832));
#5700=CARTESIAN_POINT('',(-0.011593456942006,-0.047,0.0209678414715388));
#5701=CARTESIAN_POINT('',(-0.0119337347197838,-0.047,0.0204682754993166));
#5702=CARTESIAN_POINT('',(-0.0119337347197838,-0.047,0.0204682754993166));
#5703=CARTESIAN_POINT('',(-0.0119337347197838,-0.047,0.0204682754993166));
#5704=CARTESIAN_POINT('',(-0.0122740124975616,-0.047,0.0199687095270943));
#5705=CARTESIAN_POINT('',(-0.0129823458308949,-0.047,0.0199687095270943));
#5706=CARTESIAN_POINT('',(-0.0129823458308949,-0.047,0.0199687095270943));
#5707=CARTESIAN_POINT('',(-0.0129823458308949,-0.047,0.0199687095270943));
#5708=CARTESIAN_POINT('',(-0.0136689777753394,-0.047,0.0199687095270943));
#5709=CARTESIAN_POINT('',(-0.0140175020808949,-0.047,0.0204843345270944));
#5710=CARTESIAN_POINT('',(-0.0140175020808949,-0.047,0.0204843345270944));
#5711=CARTESIAN_POINT('',(-0.0140175020808949,-0.047,0.0204843345270944));
#5712=CARTESIAN_POINT('',(-0.0143660263864505,-0.047,0.0209999595270943));
#5713=CARTESIAN_POINT('',(-0.0143660263864505,-0.047,0.0220060359159832));
#5714=CARTESIAN_POINT('',(-0.0143660263864505,-0.047,0.0220060359159832));
#5715=CARTESIAN_POINT('',(-0.0143660263864505,-0.047,0.0220060359159832));
#5716=CARTESIAN_POINT('',(-0.0143660263864505,-0.047,0.0230563831382055));
#5717=CARTESIAN_POINT('',(-0.0140266166642283,-0.047,0.0235542129993166));
#5718=CARTESIAN_POINT('',(-0.0140266166642283,-0.047,0.0235542129993166));
#5719=CARTESIAN_POINT('',(-0.0140266166642283,-0.047,0.0235542129993166));
#5720=CARTESIAN_POINT('',(-0.013687206942006,-0.047,0.0240520428604277));
#5721=CARTESIAN_POINT('',(-0.0129823458308949,-0.047,0.0240520428604277));
#5722=CARTESIAN_POINT('',(-0.0129823458308949,-0.047,0.0240520428604277));
#5723=CARTESIAN_POINT('',(-0.0129823458308949,-0.047,0.0240520428604277));
#5724=CARTESIAN_POINT('',(-0.0122957138864505,-0.047,0.0240520428604277));
#5725=CARTESIAN_POINT('',(-0.0119445854142283,-0.047,0.0235312095270944));
#5726=CARTESIAN_POINT('',(-0.0220849358993494,-0.047,0.0166589235935053));
#5727=CARTESIAN_POINT('',(-0.0214620605392331,-0.047,0.0183856019522621));
#5728=CARTESIAN_POINT('',(-0.0220695238714497,-0.047,0.0184938028564629));
#5729=CARTESIAN_POINT('',(-0.0220695238714497,-0.047,0.0184938028564629));
#5730=CARTESIAN_POINT('',(-0.022722410156172,-0.047,0.0184938028564629));
#5731=CARTESIAN_POINT('',(-0.0230804830728386,-0.047,0.0180032429606295));
#5732=CARTESIAN_POINT('',(-0.0230804830728386,-0.047,0.0180032429606295));
#5733=CARTESIAN_POINT('',(-0.0230804830728386,-0.047,0.0180032429606295));
#5734=CARTESIAN_POINT('',(-0.0234385559895053,-0.047,0.0175126830647961));
#5735=CARTESIAN_POINT('',(-0.0234385559895053,-0.047,0.0166365979953517));
#5736=CARTESIAN_POINT('',(-0.0234385559895053,-0.047,0.0166365979953517));
#5737=CARTESIAN_POINT('',(-0.0234385559895053,-0.047,0.0166365979953517));
#5738=CARTESIAN_POINT('',(-0.0234385559895053,-0.047,0.0148128132731295));
#5739=CARTESIAN_POINT('',(-0.0220695238714497,-0.047,0.0148128132731295));
#5740=CARTESIAN_POINT('',(-0.0220695238714497,-0.047,0.0148128132731295));
#5741=CARTESIAN_POINT('',(-0.0220695238714497,-0.047,0.0148128132731295));
#5742=CARTESIAN_POINT('',(-0.0214954136283942,-0.047,0.0148128132731295));
#5743=CARTESIAN_POINT('',(-0.0206790073783942,-0.047,0.0150992716064628));
#5744=CARTESIAN_POINT('',(-0.0206790073783942,-0.047,0.0150992716064628));
#5745=CARTESIAN_POINT('',(-0.0206790073783942,-0.047,0.0146146795925739));
#5746=CARTESIAN_POINT('',(-0.0206790073783942,-0.047,0.0141300875786851));
#5747=CARTESIAN_POINT('',(-0.0206790073783942,-0.047,0.0141300875786851));
#5748=CARTESIAN_POINT('',(-0.0213497973089498,-0.047,0.0138495971272962));
#5749=CARTESIAN_POINT('',(-0.0221781393228387,-0.047,0.0138495971272962));
#5750=CARTESIAN_POINT('',(-0.0221781393228387,-0.047,0.0138495971272962));
#5751=CARTESIAN_POINT('',(-0.0221781393228387,-0.047,0.0138495971272962));
#5752=CARTESIAN_POINT('',(-0.0233681349825609,-0.047,0.0138495971272962));
#5753=CARTESIAN_POINT('',(-0.0239983433158942,-0.047,0.0145717108425739));
#5754=CARTESIAN_POINT('',(-0.0239983433158942,-0.047,0.0145717108425739));
#5755=CARTESIAN_POINT('',(-0.0239983433158942,-0.047,0.0145717108425739));
#5756=CARTESIAN_POINT('',(-0.0246285516492275,-0.047,0.0152938245578517));
#5757=CARTESIAN_POINT('',(-0.0246285516492275,-0.047,0.016643759453685));
#5758=CARTESIAN_POINT('',(-0.0246285516492275,-0.047,0.016643759453685));
#5759=CARTESIAN_POINT('',(-0.0246285516492275,-0.047,0.016643759453685));
#5760=CARTESIAN_POINT('',(-0.0246285516492275,-0.047,0.0174947794189629));
#5761=CARTESIAN_POINT('',(-0.0243188185763108,-0.047,0.0181345363634073));
#5762=CARTESIAN_POINT('',(-0.0243188185763108,-0.047,0.0181345363634073));
#5763=CARTESIAN_POINT('',(-0.0243188185763108,-0.047,0.0181345363634073));
#5764=CARTESIAN_POINT('',(-0.0240090855033942,-0.047,0.0187742933078517));
#5765=CARTESIAN_POINT('',(-0.0234290073783942,-0.047,0.0191150593668795));
#5766=CARTESIAN_POINT('',(-0.0234290073783942,-0.047,0.0191150593668795));
#5767=CARTESIAN_POINT('',(-0.0234290073783942,-0.047,0.0191150593668795));
#5768=CARTESIAN_POINT('',(-0.0228489292533942,-0.047,0.0194558254259073));
#5769=CARTESIAN_POINT('',(-0.0220695238714497,-0.047,0.0194558254259073));
#5770=CARTESIAN_POINT('',(-0.0220695238714497,-0.047,0.0194558254259073));
#5771=CARTESIAN_POINT('',(-0.0220695238714497,-0.047,0.0194558254259073));
#5772=CARTESIAN_POINT('',(-0.0212757955728386,-0.047,0.0194558254259073));
#5773=CARTESIAN_POINT('',(-0.0204737122395053,-0.047,0.019072687405074));
#5774=CARTESIAN_POINT('',(-0.0204737122395053,-0.047,0.019072687405074));
#5775=CARTESIAN_POINT('',(-0.020659910156172,-0.047,0.0186024183078517));
#5776=CARTESIAN_POINT('',(-0.0208461285816612,-0.047,0.0181320974126268));
#5777=CARTESIAN_POINT('',(-0.0235211410635392,-0.047,0.0125138102458797));
#5778=CARTESIAN_POINT('',(-0.00487108791272785,-0.047,0.0423015704590824));
#5779=CARTESIAN_POINT('',(-0.0020345321859299,-0.047,0.0432782749224538));
#5780=CARTESIAN_POINT('',(-0.0020345321859299,-0.0465,0.0432782749224538));
#5781=CARTESIAN_POINT('',(-0.0020345321859299,-0.0445,0.0432782749224538));
#5782=CARTESIAN_POINT('',(-0.00487108791272785,-0.0465,0.0423015704590824));
#5783=CARTESIAN_POINT('',(-0.00786686961035793,-0.0465,0.0421425358083153));
#5784=CARTESIAN_POINT('',(-0.00786686961035793,-0.047,0.0421425358083153));
#5785=CARTESIAN_POINT('',(-0.00786686961035793,-0.0445,0.0421425358083153));
#5786=CARTESIAN_POINT('',(-0.00487108791272785,-0.0445,0.0423015704590824));
#5787=CARTESIAN_POINT('',(0.0105166687946039,-0.047,0.0476));
#5788=CARTESIAN_POINT('',(0.0105166687946039,-0.047,0.034325590269257));
#5789=CARTESIAN_POINT('',(0.0105166687946039,-0.0465,0.034325590269257));
#5790=CARTESIAN_POINT('',(0.0105166687946039,-0.0445,0.034325590269257));
#5791=CARTESIAN_POINT('',(0.0105166687946039,-0.0465,0.0476));
#5792=CARTESIAN_POINT('',(0.0105166687946039,-0.0445,0.0476));
#5793=CARTESIAN_POINT('',(0.0105166687946039,-0.047,0.031325590269257));
#5794=CARTESIAN_POINT('',(0.0105166687946039,-0.047,0.028325590269257));
#5795=CARTESIAN_POINT('',(0.0105166687946039,-0.0465,0.028325590269257));
#5796=CARTESIAN_POINT('',(0.0105166687946039,-0.0445,0.028325590269257));
#5797=CARTESIAN_POINT('',(0.0105166687946039,-0.0465,0.031325590269257));
#5798=CARTESIAN_POINT('',(0.0105166687946039,-0.0445,0.031325590269257));
#5799=CARTESIAN_POINT('',(0.0105166687946041,-0.047,0.0476));
#5800=CARTESIAN_POINT('',(0.00557737605126562,-0.047,0.0289692121029687));
#5801=CARTESIAN_POINT('',(0.00557737605126562,-0.0445,0.0289692121029687));
#5802=CARTESIAN_POINT('',(0.00557737605126562,-0.0465,0.0289692121029687));
#5803=CARTESIAN_POINT('',(0.0105166687946041,-0.0465,0.0476));
#5804=CARTESIAN_POINT('',(0.0105166687946041,-0.0445,0.0476));
#5805=CARTESIAN_POINT('',(-0.0260947543903569,-0.047,0.0308331828381596));
#5806=CARTESIAN_POINT('',(-0.0225556050315307,-0.047,0.0218562516292047));
#5807=CARTESIAN_POINT('',(-0.0225556050315307,-0.0465,0.0218562516292047));
#5808=CARTESIAN_POINT('',(-0.0225556050315307,-0.0445,0.0218562516292047));
#5809=CARTESIAN_POINT('',(-0.0260947543903569,-0.0465,0.0308331828381596));
#5810=CARTESIAN_POINT('',(-0.0164626826444254,-0.0465,0.0314111672632228));
#5811=CARTESIAN_POINT('',(-0.0164626826444254,-0.047,0.0314111672632228));
#5812=CARTESIAN_POINT('',(-0.0164626826444254,-0.0445,0.0314111672632228));
#5813=CARTESIAN_POINT('',(-0.0260947543903569,-0.0445,0.0308331828381596));
#5814=CARTESIAN_POINT('',(-0.0204833312053961,-0.047,0.0166));
#5815=CARTESIAN_POINT('',(-0.017502202988598,-0.047,0.0118004818413709));
#5816=CARTESIAN_POINT('',(-0.017502202988598,-0.0465,0.0118004818413709));
#5817=CARTESIAN_POINT('',(-0.017502202988598,-0.0445,0.0118004818413709));
#5818=CARTESIAN_POINT('',(-0.0204833312053961,-0.0465,0.0166));
#5819=CARTESIAN_POINT('',(-0.0204833312053961,-0.0445,0.0166));
#5820=CARTESIAN_POINT('',(-0.0049833312053961,-0.047,-0.00835448905537344));
#5821=CARTESIAN_POINT('',(0.00753554057780588,-0.047,0.0118004818413709));
#5822=CARTESIAN_POINT('',(0.00753554057780588,-0.0465,0.0118004818413709));
#5823=CARTESIAN_POINT('',(0.00753554057780588,-0.0445,0.0118004818413709));
#5824=CARTESIAN_POINT('',(-0.0049833312053961,-0.0465,-0.00835448905537344));
#5825=CARTESIAN_POINT('',(-0.0049833312053961,-0.0445,-0.00835448905537344));
#5826=CARTESIAN_POINT('',(0.0105166687946039,-0.047,0.0166));
#5827=CARTESIAN_POINT('',(0.0146199184219086,-0.047,0.0204840497545763));
#5828=CARTESIAN_POINT('',(0.0146199184219086,-0.0465,0.0204840497545763));
#5829=CARTESIAN_POINT('',(0.0146199184219086,-0.0445,0.0204840497545763));
#5830=CARTESIAN_POINT('',(0.0105166687946039,-0.0465,0.0166));
#5831=CARTESIAN_POINT('',(0.0105166687946039,-0.0445,0.0166));
#5832=CARTESIAN_POINT('',(0.018030796724933,-0.047,0.0237127153828125));
#5833=CARTESIAN_POINT('',(0.0147315243146562,-0.047,0.0270553452007527));
#5834=CARTESIAN_POINT('',(0.0147315243146562,-0.0465,0.0270553452007527));
#5835=CARTESIAN_POINT('',(0.0147315243146562,-0.0445,0.0270553452007527));
#5836=CARTESIAN_POINT('',(0.018030796724933,-0.0465,0.0237127153828125));
#5837=CARTESIAN_POINT('',(0.018030796724933,-0.0445,0.0237127153828125));
#5838=CARTESIAN_POINT('',(0.0105166687946039,-0.047,0.031325590269257));
#5839=CARTESIAN_POINT('',(0.0144578314790325,-0.047,0.0358496632897627));
#5840=CARTESIAN_POINT('',(0.0144578314790325,-0.0465,0.0358496632897627));
#5841=CARTESIAN_POINT('',(0.0144578314790325,-0.0445,0.0358496632897627));
#5842=CARTESIAN_POINT('',(0.0105166687946039,-0.0465,0.031325590269257));
#5843=CARTESIAN_POINT('',(0.0105166687946039,-0.0445,0.031325590269257));
#5844=CARTESIAN_POINT('',(0.0178101732616461,-0.047,0.0396978269482074));
#5845=CARTESIAN_POINT('',(0.0143487218335385,-0.047,0.0434481486651384));
#5846=CARTESIAN_POINT('',(0.0143487218335385,-0.0465,0.0434481486651384));
#5847=CARTESIAN_POINT('',(0.0143487218335385,-0.0445,0.0434481486651384));
#5848=CARTESIAN_POINT('',(0.0178101732616461,-0.0465,0.0396978269482074));
#5849=CARTESIAN_POINT('',(0.0178101732616461,-0.0445,0.0396978269482074));
#5850=CARTESIAN_POINT('',(0.0105166687946039,-0.047,0.0476));
#5851=CARTESIAN_POINT('',(0.00587476276104343,-0.047,0.0508210570276843));
#5852=CARTESIAN_POINT('',(0.00587476276104343,-0.0465,0.0508210570276843));
#5853=CARTESIAN_POINT('',(0.00587476276104343,-0.0445,0.0508210570276843));
#5854=CARTESIAN_POINT('',(0.0105166687946039,-0.0465,0.0476));
#5855=CARTESIAN_POINT('',(0.0105166687946039,-0.0445,0.0476));
#5856=CARTESIAN_POINT('',(-0.000389271492314629,-0.047,0.0551677222569153));
#5857=CARTESIAN_POINT('',(-0.00275390106346507,-0.047,0.047919263749516));
#5858=CARTESIAN_POINT('',(-0.00275390106346507,-0.0465,0.047919263749516));
#5859=CARTESIAN_POINT('',(-0.00275390106346507,-0.0445,0.047919263749516));
#5860=CARTESIAN_POINT('',(-0.00038927149231463,-0.0465,0.0551677222569153));
#5861=CARTESIAN_POINT('',(-0.00038927149231463,-0.0445,0.0551677222569153));
#5862=CARTESIAN_POINT('',(-0.00275394441354177,-0.047,0.0479174567363174));
#5863=CARTESIAN_POINT('',(-0.00275398751756297,-0.047,0.0479156497172326));
#5864=CARTESIAN_POINT('',(-0.00275398751756297,-0.0465034627118773,0.0479156497172326));
#5865=CARTESIAN_POINT('',(-0.00275398751756297,-0.0444965372881227,0.0479156497172326));
#5866=CARTESIAN_POINT('',(-0.00275398751756297,-0.0465034627118773,0.0479156497172326));
#5867=CARTESIAN_POINT('',(-0.00275395853634261,-0.0465023084377263,0.0479168543554354));
#5868=CARTESIAN_POINT('',(-0.00275392992264864,-0.0465011542311549,0.0479180590671799));
#5869=CARTESIAN_POINT('',(-0.00275390094086234,-0.0464999999815694,0.0479192637289064));
#5870=CARTESIAN_POINT('',(-0.00275390106346507,-0.0445,0.047919263749516));
#5871=CARTESIAN_POINT('',(-0.00275393004525124,-0.0444988457504251,0.0479180590877948));
#5872=CARTESIAN_POINT('',(-0.00275395890415142,-0.0444976915069904,0.0479168544172381));
#5873=CARTESIAN_POINT('',(-0.00275398788537179,-0.0444965372328561,0.0479156497790352));
#5874=CARTESIAN_POINT('',(-0.00487108791272848,-0.047,0.0423015704590797));
#5875=CARTESIAN_POINT('',(-0.00487108791272848,-0.0465,0.0423015704590797));
#5876=CARTESIAN_POINT('',(-0.0106239067868776,-0.0465,0.0440059985160052));
#5877=CARTESIAN_POINT('',(-0.0028973584775507,-0.0465,0.0479676442422867));
#5878=CARTESIAN_POINT('',(-0.00289735847755071,-0.0465,0.0479676442422867));
#5879=CARTESIAN_POINT('',(-0.00284932312318736,-0.0465,0.0479509115281598));
#5880=CARTESIAN_POINT('',(-0.00280153306668825,-0.0465011559493011,0.0479335794072517));
#5881=CARTESIAN_POINT('',(-0.00275398751756297,-0.0465034627118773,0.0479156497172326));
#5882=CARTESIAN_POINT('',(-0.00275398751756297,-0.0444965372881227,0.0479156497172326));
#5883=CARTESIAN_POINT('',(-0.00280153306668825,-0.0444988440506989,0.0479335794072517));
#5884=CARTESIAN_POINT('',(-0.00284932312318735,-0.0445,0.0479509115281598));
#5885=CARTESIAN_POINT('',(-0.0028973584775507,-0.0445,0.0479676442422867));
#5886=CARTESIAN_POINT('',(-0.0028973584775507,-0.0445,0.0479676442422867));
#5887=CARTESIAN_POINT('',(-0.00487108791272848,-0.0445,0.0423015704590797));
#5888=CARTESIAN_POINT('',(-0.0106239067868776,-0.0445,0.0440059985160052));
#5889=CARTESIAN_POINT('',(-0.0106239067868776,-0.047,0.0440059985160052));
#5890=CARTESIAN_POINT('',(-0.017934214820756,-0.047,0.046171874826431));
#5891=CARTESIAN_POINT('',(-0.0127710309918748,-0.047,0.0405617806657747));
#5892=CARTESIAN_POINT('',(-0.0127710309918748,-0.0465,0.0405617806657747));
#5893=CARTESIAN_POINT('',(-0.0127710309918748,-0.0445,0.0405617806657747));
#5894=CARTESIAN_POINT('',(-0.017934214820756,-0.0465,0.046171874826431));
#5895=CARTESIAN_POINT('',(-0.017934214820756,-0.0445,0.046171874826431));
#5896=CARTESIAN_POINT('',(-0.00498333120539614,-0.047,0.0321));
#5897=CARTESIAN_POINT('',(-0.00932891562905099,-0.047,0.0394051965077531));
#5898=CARTESIAN_POINT('',(-0.00932891562905099,-0.0445,0.0394051965077531));
#5899=CARTESIAN_POINT('',(-0.00932891562905099,-0.0465,0.0394051965077531));
#5900=CARTESIAN_POINT('',(-0.00498333120539614,-0.0465,0.0321));
#5901=CARTESIAN_POINT('',(0.00225417650561321,-0.0465,0.0276425924425652));
#5902=CARTESIAN_POINT('',(0.00225417650561321,-0.047,0.0276425924425652));
#5903=CARTESIAN_POINT('',(0.00225417650561321,-0.0445,0.0276425924425652));
#5904=CARTESIAN_POINT('',(-0.00498333120539614,-0.0445,0.0321));
#5905=CARTESIAN_POINT('',(-0.0049833312053961,-0.047,0.0321));
#5906=CARTESIAN_POINT('',(-0.0049833312053961,-0.0465,0.0321));
#5907=CARTESIAN_POINT('',(-0.0049833312053961,-0.0445,0.0321));
#5908=CARTESIAN_POINT('',(-0.00147653668254083,-0.044,0.0188967293004329));
#5909=CARTESIAN_POINT('',(0.00480859099185184,-0.044,0.0260693897752352));
#5910=CARTESIAN_POINT('',(0.00267991225331965,-0.044,0.0273803919980102));
#5911=CARTESIAN_POINT('',(0.00544924520802999,-0.044,0.0284859083816799));
#5912=CARTESIAN_POINT('',(0.0105166687946041,-0.044,0.0476));
#5913=CARTESIAN_POINT('',(0.0105166687946039,-0.044,0.027825590269257));
#5914=CARTESIAN_POINT('',(0.0105166687946039,-0.044,0.031325590269257));
#5915=CARTESIAN_POINT('',(0.0105166687946039,-0.044,0.034825590269257));
#5916=CARTESIAN_POINT('',(0.0105166687946039,-0.044,0.0476));
#5917=CARTESIAN_POINT('',(-0.00156177289813021,-0.044,0.0434410589996825));
#5918=CARTESIAN_POINT('',(-0.00487108791272785,-0.044,0.0423015704590824));
#5919=CARTESIAN_POINT('',(-0.00836616655996295,-0.044,0.0421160300331875));
#5920=CARTESIAN_POINT('',(-0.010862651307988,-0.044,0.0419835011575483));
#5921=CARTESIAN_POINT('',(-0.00958453824220716,-0.044,0.0398349139493856));
#5922=CARTESIAN_POINT('',(-0.00498333120539614,-0.044,0.0321));
#5923=CARTESIAN_POINT('',(-0.00487108791272848,-0.044,0.0423015704590797));
#5924=CARTESIAN_POINT('',(-0.0101445052140343,-0.044,0.0438639628445958));
#5925=CARTESIAN_POINT('',(-0.00306183593048211,-0.044,0.0474954714270197));
#5926=CARTESIAN_POINT('',(-0.00038927149231463,-0.044,0.0551677222569153));
#5927=CARTESIAN_POINT('',(0.00628555090560631,-0.044,0.050536007733199));
#5928=CARTESIAN_POINT('',(0.0105166687946039,-0.044,0.0476));
#5929=CARTESIAN_POINT('',(0.0140096020955797,-0.044,0.04381556913725));
#5930=CARTESIAN_POINT('',(0.0178101732616461,-0.044,0.0396978269482074));
#5931=CARTESIAN_POINT('',(0.0141294012553301,-0.044,0.0354726572047206));
#5932=CARTESIAN_POINT('',(0.0105166687946039,-0.044,0.031325590269257));
#5933=CARTESIAN_POINT('',(0.0143802863546518,-0.044,0.0274111989564614));
#5934=CARTESIAN_POINT('',(0.018030796724933,-0.044,0.0237127153828125));
#5935=CARTESIAN_POINT('',(0.0142567989858639,-0.044,0.0201403285373572));
#5936=CARTESIAN_POINT('',(0.0105166687946039,-0.044,0.0166));
#5937=CARTESIAN_POINT('',(0.00779935723415969,-0.044,0.0122252179616035));
#5938=CARTESIAN_POINT('',(-0.0049833312053961,-0.044,-0.00835448905537344));
#5939=CARTESIAN_POINT('',(-0.0177660196449518,-0.044,0.0122252179616035));
#5940=CARTESIAN_POINT('',(-0.0204833312053961,-0.044,0.0166));
#5941=CARTESIAN_POINT('',(-0.0223722179672711,-0.044,0.0213910966177706));
#5942=CARTESIAN_POINT('',(-0.0260947543903569,-0.044,0.0308331828381596));
#5943=CARTESIAN_POINT('',(-0.0159635804079458,-0.044,0.0314411165126478));
#5944=CARTESIAN_POINT('',(-0.0049833312053961,-0.044,0.0321));
#5945=CARTESIAN_POINT('',(-0.0124324353489844,-0.044,0.0401938771585671));
#5946=CARTESIAN_POINT('',(-0.017934214820756,-0.044,0.046171874826431));
#5947=CARTESIAN_POINT('',(-0.0204833312053961,-0.044,0.0166));
#5948=CARTESIAN_POINT('',(-0.0177333312053961,-0.044,0.0166));
#5949=CARTESIAN_POINT('',(-0.00147653668254083,-0.041,0.0188967293004329));
#5950=CARTESIAN_POINT('',(-0.0204833312053961,-0.041,0.0166));
#5951=CARTESIAN_POINT('',(-0.0177333312053961,-0.041,0.0166));
#5952=CARTESIAN_POINT('',(-0.0204833312053961,-0.041,0.0166));
#5953=CARTESIAN_POINT('',(0.00480859099185184,-0.047,0.0260693897752352));
#5954=CARTESIAN_POINT('',(0.00480859099185184,-0.0465,0.0260693897752352));
#5955=CARTESIAN_POINT('',(0.00480859099185184,-0.0445,0.0260693897752352));
#5956=CARTESIAN_POINT('',(-0.010862651307988,-0.047,0.0419835011575483));
#5957=CARTESIAN_POINT('',(-0.010862651307988,-0.0465,0.0419835011575483));
#5958=CARTESIAN_POINT('',(-0.010862651307988,-0.0445,0.0419835011575483));
#5959=CARTESIAN_POINT('',(0.00819034688167284,-0.046,0.0414203536081744));
#5960=CARTESIAN_POINT('',(0.00819034688167284,-0.047,0.0414203536081744));
#5961=CARTESIAN_POINT('',(0.00819034688167284,-0.047,0.0409998891984522));
#5962=CARTESIAN_POINT('',(0.00819017080529484,-0.047,0.0418408198153972));
#5963=CARTESIAN_POINT('',(0.00819034688167284,-0.046,0.0409998891984522));
#5964=CARTESIAN_POINT('',(0.00819034688167284,-0.046,0.0409998891984522));
#5965=CARTESIAN_POINT('',(0.00819034688167284,-0.046,0.0414203536081744));
#5966=CARTESIAN_POINT('',(0.00819017080529475,-0.04600000025,0.0418408198153972));
#5967=CARTESIAN_POINT('',(0.00819034688167284,-0.046,0.0418408180178967));
#5968=CARTESIAN_POINT('',(0.00759355868722839,-0.046,0.0409998891984522));
#5969=CARTESIAN_POINT('',(0.00759355868722839,-0.047,0.0409998891984522));
#5970=CARTESIAN_POINT('',(0.00699677049278395,-0.047,0.0409998891984522));
#5971=CARTESIAN_POINT('',(0.00699677049278395,-0.046,0.0409998891984522));
#5972=CARTESIAN_POINT('',(0.00699677049278395,-0.046,0.0409998891984522));
#5973=CARTESIAN_POINT('',(0.00759355868722839,-0.046,0.0409998891984522));
#5974=CARTESIAN_POINT('',(0.00745141459000617,-0.046,0.0416867381567856));
#5975=CARTESIAN_POINT('',(0.00745141459000617,-0.047,0.0416867381567856));
#5976=CARTESIAN_POINT('',(0.00790602573377265,-0.047,0.0423736091701222));
#5977=CARTESIAN_POINT('',(0.00790605868722839,-0.046,0.0423735871151189));
#5978=CARTESIAN_POINT('',(0.00790602573377265,-0.046,0.0423736091701222));
#5979=CARTESIAN_POINT('',(0.00745141459000617,-0.046,0.0416867381567856));
#5980=CARTESIAN_POINT('',(0.00476164856181396,-0.046,0.0444780697612851));
#5981=CARTESIAN_POINT('',(0.00476164856181396,-0.047,0.0444780697612851));
#5982=CARTESIAN_POINT('',(0.00820778854733302,-0.047,0.0429161218373411));
#5983=CARTESIAN_POINT('',(0.00820778854733302,-0.046,0.0429161218373411));
#5984=CARTESIAN_POINT('',(0.00820778854733302,-0.046,0.0429161218373411));
#5985=CARTESIAN_POINT('',(0.00476164856181396,-0.046,0.0444780697612851));
#5986=CARTESIAN_POINT('',(0.0082212713608395,-0.046,0.0429161218373411));
#5987=CARTESIAN_POINT('',(0.0082212713608395,-0.047,0.0429161218373411));
#5988=CARTESIAN_POINT('',(0.00823393262215093,-0.047,0.0429161218373411));
#5989=CARTESIAN_POINT('',(0.00823393262215093,-0.046,0.0429161218373411));
#5990=CARTESIAN_POINT('',(0.00823393262215093,-0.046,0.0429161218373411));
#5991=CARTESIAN_POINT('',(0.0082212713608395,-0.046,0.0429161218373411));
#5992=CARTESIAN_POINT('',(0.0182989058330352,-0.046,0.0421259660165333));
#5993=CARTESIAN_POINT('',(0.0182989058330352,-0.047,0.0421259660165333));
#5994=CARTESIAN_POINT('',(0.00820795553502984,-0.047,0.0424511614600426));
#5995=CARTESIAN_POINT('',(0.00820770799278395,-0.046,0.0424511695803966));
#5996=CARTESIAN_POINT('',(0.00820795553502984,-0.046,0.0424511614600426));
#5997=CARTESIAN_POINT('',(0.0182989058330352,-0.046,0.0421259660165333));
#5998=CARTESIAN_POINT('',(0.00951304653445062,-0.046,0.0401860871151189));
#5999=CARTESIAN_POINT('',(0.00981144063167284,-0.046,0.0401860871151189));
#6000=CARTESIAN_POINT('',(0.00981144063167284,-0.046,0.0401860871151189));
#6001=CARTESIAN_POINT('',(0.00951304653445062,-0.046,0.0401860871151189));
#6002=CARTESIAN_POINT('',(0.00921465243722839,-0.046,0.0401860871151189));
#6003=CARTESIAN_POINT('',(0.00921465243722839,-0.046,0.0401860871151189));
#6004=CARTESIAN_POINT('',(0.00981144063167284,-0.046,0.0405929881567855));
#6005=CARTESIAN_POINT('',(0.00981144063167284,-0.046,0.0409998891984522));
#6006=CARTESIAN_POINT('',(0.00981144063167284,-0.046,0.0409998891984522));
#6007=CARTESIAN_POINT('',(0.00981144063167284,-0.046,0.0405929881567855));
#6008=CARTESIAN_POINT('',(0.00951304653445062,-0.046,0.0409998891984522));
#6009=CARTESIAN_POINT('',(0.00921465243722839,-0.046,0.0409998891984522));
#6010=CARTESIAN_POINT('',(0.00921465243722839,-0.046,0.0409998891984522));
#6011=CARTESIAN_POINT('',(0.00951304653445062,-0.046,0.0409998891984522));
#6012=CARTESIAN_POINT('',(0.00921465243722839,-0.046,0.0425580489206744));
#6013=CARTESIAN_POINT('',(0.00921465243722839,-0.046,0.0441162086428966));
#6014=CARTESIAN_POINT('',(0.00921465243722839,-0.046,0.0441162086428966));
#6015=CARTESIAN_POINT('',(0.00921465243722839,-0.046,0.0425580489206744));
#6016=CARTESIAN_POINT('',(0.00873179653445062,-0.046,0.0441162086428966));
#6017=CARTESIAN_POINT('',(0.00824894063167284,-0.046,0.0441162086428966));
#6018=CARTESIAN_POINT('',(0.00824894063167284,-0.046,0.0441162086428966));
#6019=CARTESIAN_POINT('',(0.00873179653445062,-0.046,0.0441162086428966));
#6020=CARTESIAN_POINT('',(0.00716170104833951,-0.046,0.0425157312123411));
#6021=CARTESIAN_POINT('',(0.00607446146500617,-0.046,0.0409152537817856));
#6022=CARTESIAN_POINT('',(0.00607446146500617,-0.046,0.0409152537817856));
#6023=CARTESIAN_POINT('',(0.00716170104833951,-0.046,0.0425157312123411));
#6024=CARTESIAN_POINT('',(0.00607446146500617,-0.046,0.0405506704484522));
#6025=CARTESIAN_POINT('',(0.00607446146500617,-0.046,0.0401860871151189));
#6026=CARTESIAN_POINT('',(0.00607446146500617,-0.046,0.0401860871151189));
#6027=CARTESIAN_POINT('',(0.00607446146500617,-0.046,0.0405506704484522));
#6028=CARTESIAN_POINT('',(0.0071324041733395,-0.046,0.0401860871151189));
#6029=CARTESIAN_POINT('',(0.00819034688167284,-0.046,0.0401860871151189));
#6030=CARTESIAN_POINT('',(0.00819034688167284,-0.046,0.0401860871151189));
#6031=CARTESIAN_POINT('',(0.0071324041733395,-0.046,0.0401860871151189));
#6032=CARTESIAN_POINT('',(0.00819034688167284,-0.046,0.0396723067331744));
#6033=CARTESIAN_POINT('',(0.00819034688167284,-0.046,0.03915852635123));
#6034=CARTESIAN_POINT('',(0.00819034688167284,-0.046,0.03915852635123));
#6035=CARTESIAN_POINT('',(0.00819034688167284,-0.046,0.0396723067331744));
#6036=CARTESIAN_POINT('',(0.00870249965945062,-0.046,0.03915852635123));
#6037=CARTESIAN_POINT('',(0.00921465243722839,-0.046,0.03915852635123));
#6038=CARTESIAN_POINT('',(0.00921465243722839,-0.046,0.03915852635123));
#6039=CARTESIAN_POINT('',(0.00870249965945062,-0.046,0.03915852635123));
#6040=CARTESIAN_POINT('',(0.00921465243722839,-0.046,0.0396723067331744));
#6041=CARTESIAN_POINT('',(0.00921465243722839,-0.046,0.0396723067331744));
#6042=CARTESIAN_POINT('',(0.0240461022323676,-0.046,0.0416789523026183));
#6043=CARTESIAN_POINT('',(0.0240461022323676,-0.047,0.0416789523026183));
#6044=CARTESIAN_POINT('',(0.0240461022323676,-0.046,0.0416789523026183));
#6045=CARTESIAN_POINT('',(-0.00480833120539609,-0.046,0.0321));
#6046=CARTESIAN_POINT('',(0.0044925211185506,-0.046,0.0172863137256934));
#6047=CARTESIAN_POINT('',(0.0044925211185506,-0.047,0.0172863137256934));
#6048=CARTESIAN_POINT('',(0.00388271209077283,-0.046,0.0172863137256934));
#6049=CARTESIAN_POINT('',(0.00388271209077283,-0.047,0.0172863137256934));
#6050=CARTESIAN_POINT('',(0.0034060049148469,-0.046,0.0174548611793971));
#6051=CARTESIAN_POINT('',(0.0034060049148469,-0.047,0.0174548611793971));
#6052=CARTESIAN_POINT('',(0.00306239959077283,-0.046,0.0177919560868045));
#6053=CARTESIAN_POINT('',(0.00306239959077283,-0.047,0.0177919560868045));
#6054=CARTESIAN_POINT('',(0.0044925211185506,-0.046,0.0172863137256934));
#6055=CARTESIAN_POINT('',(0.0044925211185506,-0.046,0.0172863137256934));
#6056=CARTESIAN_POINT('',(0.0044925211185506,-0.046,0.0172863137256934));
#6057=CARTESIAN_POINT('',(0.00357780757688394,-0.046,0.0172863137256934));
#6058=CARTESIAN_POINT('',(0.00306239959077283,-0.046,0.0177919560868045));
#6059=CARTESIAN_POINT('',(0.00306239959077283,-0.046,0.0177919560868045));
#6060=CARTESIAN_POINT('',(0.00306239959077283,-0.046,0.0177919560868045));
#6061=CARTESIAN_POINT('',(0.00524555931299505,-0.046,0.0173525029618045));
#6062=CARTESIAN_POINT('',(0.00524555931299505,-0.047,0.0173525029618045));
#6063=CARTESIAN_POINT('',(0.00504011949818024,-0.046,0.0173083768043971));
#6064=CARTESIAN_POINT('',(0.00504011949818024,-0.047,0.0173083768043971));
#6065=CARTESIAN_POINT('',(0.00478910676669875,-0.046,0.0172863137256934));
#6066=CARTESIAN_POINT('',(0.00478910676669875,-0.047,0.0172863137256934));
#6067=CARTESIAN_POINT('',(0.0044925211185506,-0.046,0.0172863137256934));
#6068=CARTESIAN_POINT('',(0.0044925211185506,-0.047,0.0172863137256934));
#6069=CARTESIAN_POINT('',(0.00524555931299505,-0.046,0.0173525029618045));
#6070=CARTESIAN_POINT('',(0.00524555931299505,-0.046,0.0173525029618045));
#6071=CARTESIAN_POINT('',(0.00524555931299505,-0.046,0.0173525029618045));
#6072=CARTESIAN_POINT('',(0.00493739959077283,-0.046,0.0172863137256934));
#6073=CARTESIAN_POINT('',(0.0044925211185506,-0.046,0.0172863137256934));
#6074=CARTESIAN_POINT('',(0.00474285893391534,-0.046,0.0197315009462864));
#6075=CARTESIAN_POINT('',(0.00582498639632838,-0.046,0.0175541956060717));
#6076=CARTESIAN_POINT('',(0.00582498639632838,-0.046,0.0175541956060717));
#6077=CARTESIAN_POINT('',(0.00474285893391534,-0.046,0.0197315009462864));
#6078=CARTESIAN_POINT('',(0.00582498639632838,-0.046,0.0179547165034711));
#6079=CARTESIAN_POINT('',(0.00582498639632838,-0.046,0.018355633444288));
#6080=CARTESIAN_POINT('',(0.00582498639632838,-0.046,0.0183551071284711));
#6081=CARTESIAN_POINT('',(0.00582498639632838,-0.046,0.0179547165034711));
#6082=CARTESIAN_POINT('',(0.00442303685300732,-0.046,0.0212635902646898));
#6083=CARTESIAN_POINT('',(0.00518805063243949,-0.046,0.01812778507986));
#6084=CARTESIAN_POINT('',(0.00518810835698028,-0.046,0.0181275475584544));
#6085=CARTESIAN_POINT('',(0.00442303685300732,-0.046,0.0212635902646898));
#6086=CARTESIAN_POINT('',(0.00455800897907192,-0.046,0.0209059624599516));
#6087=CARTESIAN_POINT('',(0.00454026417410616,-0.046,0.0180567130312489));
#6088=CARTESIAN_POINT('',(0.00454026417410616,-0.046,0.0180567130312489));
#6089=CARTESIAN_POINT('',(0.00455800897907192,-0.046,0.0209059624599516));
#6090=CARTESIAN_POINT('',(0.00385558535466171,-0.046,0.0183041088645823));
#6091=CARTESIAN_POINT('',(0.00385558535466171,-0.047,0.0183041088645823));
#6092=CARTESIAN_POINT('',(0.00401834577132838,-0.046,0.0181391783090267));
#6093=CARTESIAN_POINT('',(0.00401834577132838,-0.047,0.0181391783090267));
#6094=CARTESIAN_POINT('',(0.00424657204447653,-0.046,0.0180567130312489));
#6095=CARTESIAN_POINT('',(0.00424657204447653,-0.047,0.0180567130312489));
#6096=CARTESIAN_POINT('',(0.00454026417410616,-0.046,0.0180567130312489));
#6097=CARTESIAN_POINT('',(0.00454026417410616,-0.047,0.0180567130312489));
#6098=CARTESIAN_POINT('',(0.00385558535466171,-0.046,0.0183041088645823));
#6099=CARTESIAN_POINT('',(0.00385558535466171,-0.046,0.0183041088645823));
#6100=CARTESIAN_POINT('',(0.00385558535466171,-0.046,0.0183041088645823));
#6101=CARTESIAN_POINT('',(0.00409972597966171,-0.046,0.0180567130312489));
#6102=CARTESIAN_POINT('',(0.00454026417410616,-0.046,0.0180567130312489));
#6103=CARTESIAN_POINT('',(0.0035940836185506,-0.046,0.0189920428923601));
#6104=CARTESIAN_POINT('',(0.0035940836185506,-0.047,0.0189920428923601));
#6105=CARTESIAN_POINT('',(0.00360565769262468,-0.046,0.0186983507627304));
#6106=CARTESIAN_POINT('',(0.00360565769262468,-0.047,0.0186983507627304));
#6107=CARTESIAN_POINT('',(0.00369282493799505,-0.046,0.0184690394201378));
#6108=CARTESIAN_POINT('',(0.00369282493799505,-0.047,0.0184690394201378));
#6109=CARTESIAN_POINT('',(0.00385558535466171,-0.046,0.0183041088645823));
#6110=CARTESIAN_POINT('',(0.00385558535466171,-0.047,0.0183041088645823));
#6111=CARTESIAN_POINT('',(0.0035940836185506,-0.046,0.0189920428923601));
#6112=CARTESIAN_POINT('',(0.0035940836185506,-0.046,0.0189920428923601));
#6113=CARTESIAN_POINT('',(0.0035940836185506,-0.046,0.0189920428923601));
#6114=CARTESIAN_POINT('',(0.00361144472966171,-0.046,0.0185515046979156));
#6115=CARTESIAN_POINT('',(0.00385558535466171,-0.046,0.0183041088645823));
#6116=CARTESIAN_POINT('',(0.00481641434771727,-0.046,0.0189920428923601));
#6117=CARTESIAN_POINT('',(0.00603874507688394,-0.046,0.0189920428923601));
#6118=CARTESIAN_POINT('',(0.00603874507688394,-0.046,0.0189920428923601));
#6119=CARTESIAN_POINT('',(0.00481641434771727,-0.046,0.0189920428923601));
#6120=CARTESIAN_POINT('',(0.00603874507688394,-0.046,0.0192432364687489));
#6121=CARTESIAN_POINT('',(0.00603874507688394,-0.046,0.0194944300451378));
#6122=CARTESIAN_POINT('',(0.00603874507688394,-0.046,0.0194944300451378));
#6123=CARTESIAN_POINT('',(0.00603874507688394,-0.046,0.0192432364687489));
#6124=CARTESIAN_POINT('',(0.00559115393105061,-0.046,0.0207590784826378));
#6125=CARTESIAN_POINT('',(0.00559115393105061,-0.047,0.0207590784826378));
#6126=CARTESIAN_POINT('',(0.00588954802827283,-0.046,0.020454173968749));
#6127=CARTESIAN_POINT('',(0.00588954802827283,-0.047,0.020454173968749));
#6128=CARTESIAN_POINT('',(0.00603874507688394,-0.046,0.0200326244895823));
#6129=CARTESIAN_POINT('',(0.00603874507688394,-0.047,0.0200326244895823));
#6130=CARTESIAN_POINT('',(0.00603874507688394,-0.046,0.0194944300451378));
#6131=CARTESIAN_POINT('',(0.00603874507688394,-0.047,0.0194944300451378));
#6132=CARTESIAN_POINT('',(0.00559115393105061,-0.046,0.0207590784826378));
#6133=CARTESIAN_POINT('',(0.00559115393105061,-0.046,0.0207590784826378));
#6134=CARTESIAN_POINT('',(0.00559115393105061,-0.046,0.0207590784826378));
#6135=CARTESIAN_POINT('',(0.00603874507688394,-0.046,0.0203017217118045));
#6136=CARTESIAN_POINT('',(0.00603874507688394,-0.046,0.0194944300451378));
#6137=CARTESIAN_POINT('',(0.00434061139632838,-0.046,0.0212164352534711));
#6138=CARTESIAN_POINT('',(0.00434061139632838,-0.047,0.0212164352534711));
#6139=CARTESIAN_POINT('',(0.00487591232225431,-0.046,0.0212164352534711));
#6140=CARTESIAN_POINT('',(0.00487591232225431,-0.047,0.0212164352534711));
#6141=CARTESIAN_POINT('',(0.00529275983382838,-0.046,0.0210639829965267));
#6142=CARTESIAN_POINT('',(0.00529275983382838,-0.047,0.0210639829965267));
#6143=CARTESIAN_POINT('',(0.00559115393105061,-0.046,0.0207590784826378));
#6144=CARTESIAN_POINT('',(0.00559115393105061,-0.047,0.0207590784826378));
#6145=CARTESIAN_POINT('',(0.00434061139632838,-0.046,0.0212164352534711));
#6146=CARTESIAN_POINT('',(0.00434061139632838,-0.046,0.0212164352534711));
#6147=CARTESIAN_POINT('',(0.00434061139632838,-0.046,0.0212164352534711));
#6148=CARTESIAN_POINT('',(0.00514356278521727,-0.046,0.0212164352534711));
#6149=CARTESIAN_POINT('',(0.00559115393105061,-0.046,0.0207590784826378));
#6150=CARTESIAN_POINT('',(0.00302333709077283,-0.046,0.02069614445486));
#6151=CARTESIAN_POINT('',(0.00302333709077283,-0.047,0.02069614445486));
#6152=CARTESIAN_POINT('',(0.00334090074818024,-0.046,0.0210430049872674));
#6153=CARTESIAN_POINT('',(0.00334090074818024,-0.047,0.0210430049872674));
#6154=CARTESIAN_POINT('',(0.00377999218336542,-0.046,0.0212164352534711));
#6155=CARTESIAN_POINT('',(0.00377999218336542,-0.047,0.0212164352534711));
#6156=CARTESIAN_POINT('',(0.00434061139632838,-0.046,0.0212164352534711));
#6157=CARTESIAN_POINT('',(0.00434061139632838,-0.047,0.0212164352534711));
#6158=CARTESIAN_POINT('',(0.00302333709077283,-0.046,0.02069614445486));
#6159=CARTESIAN_POINT('',(0.00302333709077283,-0.046,0.02069614445486));
#6160=CARTESIAN_POINT('',(0.00302333709077283,-0.046,0.02069614445486));
#6161=CARTESIAN_POINT('',(0.00349968257688394,-0.046,0.0212164352534711));
#6162=CARTESIAN_POINT('',(0.00434061139632838,-0.046,0.0212164352534711));
#6163=CARTESIAN_POINT('',(0.00254699160466171,-0.046,0.0192231626840267));
#6164=CARTESIAN_POINT('',(0.00254699160466171,-0.047,0.0192231626840267));
#6165=CARTESIAN_POINT('',(0.00254699160466171,-0.046,0.0198582899988415));
#6166=CARTESIAN_POINT('',(0.00254699160466171,-0.047,0.0198582899988415));
#6167=CARTESIAN_POINT('',(0.00270577343336542,-0.046,0.0203492839224526));
#6168=CARTESIAN_POINT('',(0.00270577343336542,-0.047,0.0203492839224526));
#6169=CARTESIAN_POINT('',(0.00302333709077283,-0.046,0.02069614445486));
#6170=CARTESIAN_POINT('',(0.00302333709077283,-0.047,0.02069614445486));
#6171=CARTESIAN_POINT('',(0.00254699160466171,-0.046,0.0192231626840267));
#6172=CARTESIAN_POINT('',(0.00254699160466171,-0.046,0.0192231626840267));
#6173=CARTESIAN_POINT('',(0.00254699160466171,-0.046,0.0192231626840267));
#6174=CARTESIAN_POINT('',(0.00254699160466171,-0.046,0.0201758536562489));
#6175=CARTESIAN_POINT('',(0.00302333709077283,-0.046,0.02069614445486));
#6176=CARTESIAN_POINT('',(0.00434712181299505,-0.046,0.0204807581701378));
#6177=CARTESIAN_POINT('',(0.00434712181299505,-0.047,0.0204807581701378));
#6178=CARTESIAN_POINT('',(0.00412793778521727,-0.046,0.0204807581701378));
#6179=CARTESIAN_POINT('',(0.00412793778521727,-0.047,0.0204807581701378));
#6180=CARTESIAN_POINT('',(0.00395613512318023,-0.046,0.0204113137256934));
#6181=CARTESIAN_POINT('',(0.00395613512318023,-0.047,0.0204113137256934));
#6182=CARTESIAN_POINT('',(0.00383171382688393,-0.046,0.0202724248368045));
#6183=CARTESIAN_POINT('',(0.00383171382688393,-0.047,0.0202724248368045));
#6184=CARTESIAN_POINT('',(0.00434712181299505,-0.047,0.0204807581701378));
#6185=CARTESIAN_POINT('',(0.00401834577132838,-0.047,0.0204807581701378));
#6186=CARTESIAN_POINT('',(0.00383171382688393,-0.047,0.0202724248368045));
#6187=CARTESIAN_POINT('',(0.00434712181299505,-0.047,0.0204807581701378));
#6188=CARTESIAN_POINT('',(0.00383171382688393,-0.047,0.0202724248368045));
#6189=CARTESIAN_POINT('',(0.00434712181299505,-0.046,0.0204807581701378));
#6190=CARTESIAN_POINT('',(0.00434712181299505,-0.046,0.0204807581701378));
#6191=CARTESIAN_POINT('',(0.00434712181299505,-0.046,0.0204807581701378));
#6192=CARTESIAN_POINT('',(0.00401834577132838,-0.046,0.0204807581701378));
#6193=CARTESIAN_POINT('',(0.00383171382688393,-0.046,0.0202724248368045));
#6194=CARTESIAN_POINT('',(0.00383171382688393,-0.046,0.0202724248368045));
#6195=CARTESIAN_POINT('',(0.00383171382688393,-0.046,0.0202724248368045));
#6196=CARTESIAN_POINT('',(0.00486904021577283,-0.046,0.0202724248368045));
#6197=CARTESIAN_POINT('',(0.00486904021577283,-0.047,0.0202724248368045));
#6198=CARTESIAN_POINT('',(0.00474027864169876,-0.046,0.0204113137256934));
#6199=CARTESIAN_POINT('',(0.00474027864169876,-0.047,0.0204113137256934));
#6200=CARTESIAN_POINT('',(0.00456630584077283,-0.046,0.0204807581701378));
#6201=CARTESIAN_POINT('',(0.00456630584077283,-0.047,0.0204807581701378));
#6202=CARTESIAN_POINT('',(0.00434712181299505,-0.046,0.0204807581701378));
#6203=CARTESIAN_POINT('',(0.00434712181299505,-0.047,0.0204807581701378));
#6204=CARTESIAN_POINT('',(0.00486904021577283,-0.047,0.0202724248368045));
#6205=CARTESIAN_POINT('',(0.00467589785466172,-0.047,0.0204807581701378));
#6206=CARTESIAN_POINT('',(0.00434712181299505,-0.047,0.0204807581701378));
#6207=CARTESIAN_POINT('',(0.00486904021577283,-0.047,0.0202724248368045));
#6208=CARTESIAN_POINT('',(0.00486904021577283,-0.046,0.0202724248368045));
#6209=CARTESIAN_POINT('',(0.00486904021577283,-0.046,0.0202724248368045));
#6210=CARTESIAN_POINT('',(0.00486904021577283,-0.046,0.0202724248368045));
#6211=CARTESIAN_POINT('',(0.00467589785466172,-0.046,0.0204807581701378));
#6212=CARTESIAN_POINT('',(0.00434712181299505,-0.046,0.0204807581701378));
#6213=CARTESIAN_POINT('',(0.00506977806299505,-0.046,0.0196810619895823));
#6214=CARTESIAN_POINT('',(0.00506977806299505,-0.047,0.0196810619895823));
#6215=CARTESIAN_POINT('',(0.00506471440558764,-0.046,0.0199364149988415));
#6216=CARTESIAN_POINT('',(0.00506471440558764,-0.047,0.0199364149988415));
#6217=CARTESIAN_POINT('',(0.0049978017898469,-0.046,0.0201335359479156));
#6218=CARTESIAN_POINT('',(0.0049978017898469,-0.047,0.0201335359479156));
#6219=CARTESIAN_POINT('',(0.00486904021577283,-0.046,0.0202724248368045));
#6220=CARTESIAN_POINT('',(0.00486904021577283,-0.047,0.0202724248368045));
#6221=CARTESIAN_POINT('',(0.00506977806299505,-0.047,0.0196810619895823));
#6222=CARTESIAN_POINT('',(0.00506218257688394,-0.047,0.0200640915034711));
#6223=CARTESIAN_POINT('',(0.00486904021577283,-0.047,0.0202724248368045));
#6224=CARTESIAN_POINT('',(0.00506977806299505,-0.047,0.0196810619895823));
#6225=CARTESIAN_POINT('',(0.00506977806299505,-0.046,0.0196810619895823));
#6226=CARTESIAN_POINT('',(0.00506977806299505,-0.046,0.0196810619895823));
#6227=CARTESIAN_POINT('',(0.00506977806299505,-0.046,0.0196810619895823));
#6228=CARTESIAN_POINT('',(0.00506218257688394,-0.046,0.0200640915034711));
#6229=CARTESIAN_POINT('',(0.00486904021577283,-0.046,0.0202724248368045));
#6230=CARTESIAN_POINT('',(0.00434386660466171,-0.046,0.0196810619895823));
#6231=CARTESIAN_POINT('',(0.00434386660466171,-0.047,0.0196810619895823));
#6232=CARTESIAN_POINT('',(0.00361795514632838,-0.047,0.0196810619895823));
#6233=CARTESIAN_POINT('',(0.00361795514632838,-0.046,0.0196810619895823));
#6234=CARTESIAN_POINT('',(0.00361795514632838,-0.046,0.0196810619895823));
#6235=CARTESIAN_POINT('',(0.00434386660466171,-0.046,0.0196810619895823));
#6236=CARTESIAN_POINT('',(0.00383171382688393,-0.046,0.0202724248368045));
#6237=CARTESIAN_POINT('',(0.00383171382688393,-0.047,0.0202724248368045));
#6238=CARTESIAN_POINT('',(0.00370729253058764,-0.046,0.0201335359479156));
#6239=CARTESIAN_POINT('',(0.00370729253058764,-0.047,0.0201335359479156));
#6240=CARTESIAN_POINT('',(0.00363603963706912,-0.046,0.0199364149988415));
#6241=CARTESIAN_POINT('',(0.00363603963706912,-0.047,0.0199364149988415));
#6242=CARTESIAN_POINT('',(0.00361795514632838,-0.046,0.0196810619895823));
#6243=CARTESIAN_POINT('',(0.00361795514632838,-0.047,0.0196810619895823));
#6244=CARTESIAN_POINT('',(0.00383171382688393,-0.047,0.0202724248368045));
#6245=CARTESIAN_POINT('',(0.00364508188243949,-0.047,0.0200640915034711));
#6246=CARTESIAN_POINT('',(0.00361795514632838,-0.047,0.0196810619895823));
#6247=CARTESIAN_POINT('',(0.00383171382688393,-0.046,0.0202724248368045));
#6248=CARTESIAN_POINT('',(0.00364508188243949,-0.046,0.0200640915034711));
#6249=CARTESIAN_POINT('',(0.00361795514632838,-0.046,0.0196810619895823));
#6250=CARTESIAN_POINT('',(0.00306239959077283,-0.046,0.0177919560868045));
#6251=CARTESIAN_POINT('',(0.00306239959077283,-0.047,0.0177919560868045));
#6252=CARTESIAN_POINT('',(0.00271879426669875,-0.046,0.0181290509942119));
#6253=CARTESIAN_POINT('',(0.00271879426669875,-0.047,0.0181290509942119));
#6254=CARTESIAN_POINT('',(0.00254699160466171,-0.046,0.0186061198599526));
#6255=CARTESIAN_POINT('',(0.00254699160466171,-0.047,0.0186061198599526));
#6256=CARTESIAN_POINT('',(0.00254699160466171,-0.046,0.0192231626840267));
#6257=CARTESIAN_POINT('',(0.00254699160466171,-0.047,0.0192231626840267));
#6258=CARTESIAN_POINT('',(0.00306239959077283,-0.046,0.0177919560868045));
#6259=CARTESIAN_POINT('',(0.00254699160466171,-0.046,0.0182975984479156));
#6260=CARTESIAN_POINT('',(0.00254699160466171,-0.046,0.0192231626840267));
#6261=CARTESIAN_POINT('',(-0.00480833120539609,-0.046,0.0321));
#6262=CARTESIAN_POINT('',(-0.00147653668254083,-0.047,0.0188967293004329));
#6263=CARTESIAN_POINT('',(-0.00123122020089384,-0.046,0.0192567998368045));
#6264=CARTESIAN_POINT('',(-0.00123122020089384,-0.047,0.0192567998368045));
#6265=CARTESIAN_POINT('',(-0.00123122020089384,-0.046,0.0186397570127304));
#6266=CARTESIAN_POINT('',(-0.00123122020089384,-0.047,0.0186397570127304));
#6267=CARTESIAN_POINT('',(-0.00139398061756051,-0.046,0.0181570819548601));
#6268=CARTESIAN_POINT('',(-0.00139398061756051,-0.047,0.0181570819548601));
#6269=CARTESIAN_POINT('',(-0.00171950145089384,-0.046,0.0178087746631934));
#6270=CARTESIAN_POINT('',(-0.00171950145089384,-0.047,0.0178087746631934));
#6271=CARTESIAN_POINT('',(-0.00123122020089384,-0.046,0.0192567998368045));
#6272=CARTESIAN_POINT('',(-0.00123122020089384,-0.046,0.0192567998368045));
#6273=CARTESIAN_POINT('',(-0.00123122020089384,-0.046,0.0192567998368045));
#6274=CARTESIAN_POINT('',(-0.00123122020089384,-0.046,0.0183312356006934));
#6275=CARTESIAN_POINT('',(-0.00171950145089384,-0.046,0.0178087746631934));
#6276=CARTESIAN_POINT('',(-0.00171950145089384,-0.046,0.0178087746631934));
#6277=CARTESIAN_POINT('',(-0.00171950145089384,-0.046,0.0178087746631934));
#6278=CARTESIAN_POINT('',(-0.0014547445064494,-0.046,0.0202979239687489));
#6279=CARTESIAN_POINT('',(-0.0014547445064494,-0.047,0.0202979239687489));
#6280=CARTESIAN_POINT('',(-0.00130572830274569,-0.046,0.0200017000104156));
#6281=CARTESIAN_POINT('',(-0.00130572830274569,-0.047,0.0200017000104156));
#6282=CARTESIAN_POINT('',(-0.00123122020089384,-0.046,0.0196546586331008));
#6283=CARTESIAN_POINT('',(-0.00123122020089384,-0.047,0.0196546586331008));
#6284=CARTESIAN_POINT('',(-0.00123122020089384,-0.046,0.0192567998368045));
#6285=CARTESIAN_POINT('',(-0.00123122020089384,-0.047,0.0192567998368045));
#6286=CARTESIAN_POINT('',(-0.0014547445064494,-0.046,0.0202979239687489));
#6287=CARTESIAN_POINT('',(-0.0014547445064494,-0.046,0.0202979239687489));
#6288=CARTESIAN_POINT('',(-0.0014547445064494,-0.046,0.0202979239687489));
#6289=CARTESIAN_POINT('',(-0.00123122020089384,-0.046,0.0198535880312489));
#6290=CARTESIAN_POINT('',(-0.00123122020089384,-0.046,0.0192567998368045));
#6291=CARTESIAN_POINT('',(-0.00287475269132324,-0.046,0.0196067882255303));
#6292=CARTESIAN_POINT('',(-0.00209547801339384,-0.046,0.0209793475798601));
#6293=CARTESIAN_POINT('',(-0.00209547801339384,-0.046,0.0209793475798601));
#6294=CARTESIAN_POINT('',(-0.00287475269132324,-0.046,0.0196067882255303));
#6295=CARTESIAN_POINT('',(-0.00305847714533828,-0.046,0.0212164352534711));
#6296=CARTESIAN_POINT('',(-0.00305847714533828,-0.047,0.0212164352534711));
#6297=CARTESIAN_POINT('',(-0.00269461719163458,-0.046,0.0212164352534711));
#6298=CARTESIAN_POINT('',(-0.00269461719163458,-0.047,0.0212164352534711));
#6299=CARTESIAN_POINT('',(-0.00237361748098643,-0.046,0.0211374060289341));
#6300=CARTESIAN_POINT('',(-0.00237361748098643,-0.047,0.0211374060289341));
#6301=CARTESIAN_POINT('',(-0.00209547801339384,-0.046,0.0209793475798601));
#6302=CARTESIAN_POINT('',(-0.00209547801339384,-0.047,0.0209793475798601));
#6303=CARTESIAN_POINT('',(-0.00305847714533828,-0.046,0.0212164352534711));
#6304=CARTESIAN_POINT('',(-0.00305847714533828,-0.046,0.0212164352534711));
#6305=CARTESIAN_POINT('',(-0.00305847714533828,-0.046,0.0212164352534711));
#6306=CARTESIAN_POINT('',(-0.00251268721478273,-0.046,0.0212164352534711));
#6307=CARTESIAN_POINT('',(-0.00209547801339384,-0.046,0.0209793475798601));
#6308=CARTESIAN_POINT('',(-0.00442186690228273,-0.046,0.0207010272673601));
#6309=CARTESIAN_POINT('',(-0.00442186690228273,-0.047,0.0207010272673601));
#6310=CARTESIAN_POINT('',(-0.0040988778976531,-0.046,0.0210446325914341));
#6311=CARTESIAN_POINT('',(-0.0040988778976531,-0.047,0.0210446325914341));
#6312=CARTESIAN_POINT('',(-0.00364441464533828,-0.046,0.0212164352534711));
#6313=CARTESIAN_POINT('',(-0.00364441464533828,-0.047,0.0212164352534711));
#6314=CARTESIAN_POINT('',(-0.00305847714533828,-0.046,0.0212164352534711));
#6315=CARTESIAN_POINT('',(-0.00305847714533828,-0.047,0.0212164352534711));
#6316=CARTESIAN_POINT('',(-0.00442186690228273,-0.046,0.0207010272673601));
#6317=CARTESIAN_POINT('',(-0.00442186690228273,-0.046,0.0207010272673601));
#6318=CARTESIAN_POINT('',(-0.00442186690228273,-0.046,0.0207010272673601));
#6319=CARTESIAN_POINT('',(-0.00393738339533829,-0.046,0.0212164352534711));
#6320=CARTESIAN_POINT('',(-0.00305847714533828,-0.046,0.0212164352534711));
#6321=CARTESIAN_POINT('',(-0.00490635040922718,-0.046,0.0192567998368045));
#6322=CARTESIAN_POINT('',(-0.00490635040922718,-0.047,0.0192567998368045));
#6323=CARTESIAN_POINT('',(-0.00490635040922718,-0.046,0.0198760127997675));
#6324=CARTESIAN_POINT('',(-0.00490635040922718,-0.047,0.0198760127997675));
#6325=CARTESIAN_POINT('',(-0.00474485590691236,-0.046,0.020357421943286));
#6326=CARTESIAN_POINT('',(-0.00474485590691236,-0.047,0.020357421943286));
#6327=CARTESIAN_POINT('',(-0.00442186690228273,-0.046,0.0207010272673601));
#6328=CARTESIAN_POINT('',(-0.00442186690228273,-0.047,0.0207010272673601));
#6329=CARTESIAN_POINT('',(-0.00490635040922718,-0.046,0.0192567998368045));
#6330=CARTESIAN_POINT('',(-0.00490635040922718,-0.046,0.0192567998368045));
#6331=CARTESIAN_POINT('',(-0.00490635040922718,-0.046,0.0192567998368045));
#6332=CARTESIAN_POINT('',(-0.00490635040922718,-0.046,0.0201856192812489));
#6333=CARTESIAN_POINT('',(-0.00442186690228273,-0.046,0.0207010272673601));
#6334=CARTESIAN_POINT('',(-0.00468282610367162,-0.046,0.0182124204965267));
#6335=CARTESIAN_POINT('',(-0.00468282610367162,-0.047,0.0182124204965267));
#6336=CARTESIAN_POINT('',(-0.00483184230737533,-0.046,0.0185108145937489));
#6337=CARTESIAN_POINT('',(-0.00483184230737533,-0.047,0.0185108145937489));
#6338=CARTESIAN_POINT('',(-0.00490635040922718,-0.046,0.0188589410405082));
#6339=CARTESIAN_POINT('',(-0.00490635040922718,-0.047,0.0188589410405082));
#6340=CARTESIAN_POINT('',(-0.00490635040922718,-0.046,0.0192567998368045));
#6341=CARTESIAN_POINT('',(-0.00490635040922718,-0.047,0.0192567998368045));
#6342=CARTESIAN_POINT('',(-0.00468282610367162,-0.046,0.0182124204965267));
#6343=CARTESIAN_POINT('',(-0.00468282610367162,-0.046,0.0182124204965267));
#6344=CARTESIAN_POINT('',(-0.00468282610367162,-0.046,0.0182124204965267));
#6345=CARTESIAN_POINT('',(-0.00490635040922718,-0.046,0.0186600116423601));
#6346=CARTESIAN_POINT('',(-0.00490635040922718,-0.046,0.0192567998368045));
#6347=CARTESIAN_POINT('',(-0.00325176675264582,-0.046,0.0189027714831468));
#6348=CARTESIAN_POINT('',(-0.00404209259672718,-0.046,0.0175255715381934));
#6349=CARTESIAN_POINT('',(-0.00404209259672718,-0.046,0.0175255715381934));
#6350=CARTESIAN_POINT('',(-0.00325176675264582,-0.046,0.0189027714831468));
#6351=CARTESIAN_POINT('',(-0.00307909346478273,-0.046,0.0172863137256934));
#6352=CARTESIAN_POINT('',(-0.00307909346478273,-0.047,0.0172863137256934));
#6353=CARTESIAN_POINT('',(-0.00344295341848643,-0.046,0.0172863137256934));
#6354=CARTESIAN_POINT('',(-0.00344295341848643,-0.047,0.0172863137256934));
#6355=CARTESIAN_POINT('',(-0.00376395312913458,-0.046,0.0173660663298601));
#6356=CARTESIAN_POINT('',(-0.00376395312913458,-0.047,0.0173660663298601));
#6357=CARTESIAN_POINT('',(-0.00404209259672718,-0.046,0.0175255715381934));
#6358=CARTESIAN_POINT('',(-0.00404209259672718,-0.047,0.0175255715381934));
#6359=CARTESIAN_POINT('',(-0.00307909346478273,-0.046,0.0172863137256934));
#6360=CARTESIAN_POINT('',(-0.00307909346478273,-0.046,0.0172863137256934));
#6361=CARTESIAN_POINT('',(-0.00307909346478273,-0.046,0.0172863137256934));
#6362=CARTESIAN_POINT('',(-0.00362488339533828,-0.046,0.0172863137256934));
#6363=CARTESIAN_POINT('',(-0.00404209259672718,-0.046,0.0175255715381934));
#6364=CARTESIAN_POINT('',(-0.00385274797867162,-0.046,0.0192567998368045));
#6365=CARTESIAN_POINT('',(-0.00385274797867162,-0.047,0.0192567998368045));
#6366=CARTESIAN_POINT('',(-0.00385274797867162,-0.046,0.0188813658090267));
#6367=CARTESIAN_POINT('',(-0.00385274797867162,-0.047,0.0188813658090267));
#6368=CARTESIAN_POINT('',(-0.00379107986524569,-0.046,0.0185976201493045));
#6369=CARTESIAN_POINT('',(-0.00379107986524569,-0.047,0.0185976201493045));
#6370=CARTESIAN_POINT('',(-0.00366774363839384,-0.046,0.0184055628576378));
#6371=CARTESIAN_POINT('',(-0.00366774363839384,-0.047,0.0184055628576378));
#6372=CARTESIAN_POINT('',(-0.00385274797867162,-0.047,0.0192567998368045));
#6373=CARTESIAN_POINT('',(-0.00385274797867162,-0.047,0.0186936487951378));
#6374=CARTESIAN_POINT('',(-0.00366774363839384,-0.047,0.0184055628576378));
#6375=CARTESIAN_POINT('',(-0.00385274797867162,-0.047,0.0192567998368045));
#6376=CARTESIAN_POINT('',(-0.00366774363839384,-0.047,0.0184055628576378));
#6377=CARTESIAN_POINT('',(-0.00385274797867162,-0.046,0.0192567998368045));
#6378=CARTESIAN_POINT('',(-0.00385274797867162,-0.046,0.0192567998368045));
#6379=CARTESIAN_POINT('',(-0.00385274797867162,-0.046,0.0192567998368045));
#6380=CARTESIAN_POINT('',(-0.00385274797867162,-0.046,0.0186936487951378));
#6381=CARTESIAN_POINT('',(-0.00366774363839384,-0.046,0.0184055628576378));
#6382=CARTESIAN_POINT('',(-0.00366774363839384,-0.046,0.0184055628576378));
#6383=CARTESIAN_POINT('',(-0.00366774363839384,-0.046,0.0184055628576378));
#6384=CARTESIAN_POINT('',(-0.00366937124256051,-0.046,0.0201031540034712));
#6385=CARTESIAN_POINT('',(-0.00366937124256051,-0.047,0.0201031540034712));
#6386=CARTESIAN_POINT('',(-0.00379162239996792,-0.046,0.0199165220590267));
#6387=CARTESIAN_POINT('',(-0.00379162239996792,-0.047,0.0199165220590267));
#6388=CARTESIAN_POINT('',(-0.00385274797867162,-0.046,0.0196344040034712));
#6389=CARTESIAN_POINT('',(-0.00385274797867162,-0.047,0.0196344040034712));
#6390=CARTESIAN_POINT('',(-0.00385274797867162,-0.046,0.0192567998368045));
#6391=CARTESIAN_POINT('',(-0.00385274797867162,-0.047,0.0192567998368045));
#6392=CARTESIAN_POINT('',(-0.00366937124256051,-0.047,0.0201031540034712));
#6393=CARTESIAN_POINT('',(-0.00385274797867162,-0.047,0.0198232060868045));
#6394=CARTESIAN_POINT('',(-0.00385274797867162,-0.047,0.0192567998368045));
#6395=CARTESIAN_POINT('',(-0.00366937124256051,-0.047,0.0201031540034712));
#6396=CARTESIAN_POINT('',(-0.00366937124256051,-0.046,0.0201031540034712));
#6397=CARTESIAN_POINT('',(-0.00366937124256051,-0.046,0.0201031540034712));
#6398=CARTESIAN_POINT('',(-0.00366937124256051,-0.046,0.0201031540034712));
#6399=CARTESIAN_POINT('',(-0.00385274797867162,-0.046,0.0198232060868045));
#6400=CARTESIAN_POINT('',(-0.00385274797867162,-0.046,0.0192567998368045));
#6401=CARTESIAN_POINT('',(-0.00307258304811607,-0.046,0.0203831019201379));
#6402=CARTESIAN_POINT('',(-0.00307258304811607,-0.047,0.0203831019201379));
#6403=CARTESIAN_POINT('',(-0.00334819068700496,-0.046,0.0203831019201379));
#6404=CARTESIAN_POINT('',(-0.00334819068700496,-0.047,0.0203831019201379));
#6405=CARTESIAN_POINT('',(-0.0035471200851531,-0.046,0.0202897859479156));
#6406=CARTESIAN_POINT('',(-0.0035471200851531,-0.047,0.0202897859479156));
#6407=CARTESIAN_POINT('',(-0.00366937124256051,-0.046,0.0201031540034712));
#6408=CARTESIAN_POINT('',(-0.00366937124256051,-0.047,0.0201031540034712));
#6409=CARTESIAN_POINT('',(-0.00307258304811607,-0.047,0.0203831019201379));
#6410=CARTESIAN_POINT('',(-0.0034859945064494,-0.047,0.0203831019201379));
#6411=CARTESIAN_POINT('',(-0.00366937124256051,-0.047,0.0201031540034712));
#6412=CARTESIAN_POINT('',(-0.00307258304811607,-0.047,0.0203831019201379));
#6413=CARTESIAN_POINT('',(-0.00307258304811607,-0.046,0.0203831019201379));
#6414=CARTESIAN_POINT('',(-0.00307258304811607,-0.046,0.0203831019201379));
#6415=CARTESIAN_POINT('',(-0.00307258304811607,-0.046,0.0203831019201379));
#6416=CARTESIAN_POINT('',(-0.0034859945064494,-0.046,0.0203831019201379));
#6417=CARTESIAN_POINT('',(-0.00366937124256051,-0.046,0.0201031540034712));
#6418=CARTESIAN_POINT('',(-0.00247199711061607,-0.046,0.0201015263993045));
#6419=CARTESIAN_POINT('',(-0.00247199711061607,-0.047,0.0201015263993045));
#6420=CARTESIAN_POINT('',(-0.00259388657820866,-0.046,0.0202892434131934));
#6421=CARTESIAN_POINT('',(-0.00259388657820866,-0.047,0.0202892434131934));
#6422=CARTESIAN_POINT('',(-0.00279408189070866,-0.046,0.0203831019201379));
#6423=CARTESIAN_POINT('',(-0.00279408189070866,-0.047,0.0203831019201379));
#6424=CARTESIAN_POINT('',(-0.00307258304811607,-0.046,0.0203831019201379));
#6425=CARTESIAN_POINT('',(-0.00307258304811607,-0.047,0.0203831019201379));
#6426=CARTESIAN_POINT('',(-0.00247199711061607,-0.047,0.0201015263993045));
#6427=CARTESIAN_POINT('',(-0.00265483131200495,-0.047,0.0203831019201379));
#6428=CARTESIAN_POINT('',(-0.00307258304811607,-0.047,0.0203831019201379));
#6429=CARTESIAN_POINT('',(-0.00247199711061607,-0.047,0.0201015263993045));
#6430=CARTESIAN_POINT('',(-0.00247199711061607,-0.046,0.0201015263993045));
#6431=CARTESIAN_POINT('',(-0.00247199711061607,-0.046,0.0201015263993045));
#6432=CARTESIAN_POINT('',(-0.00247199711061607,-0.046,0.0201015263993045));
#6433=CARTESIAN_POINT('',(-0.00265483131200495,-0.046,0.0203831019201379));
#6434=CARTESIAN_POINT('',(-0.00307258304811607,-0.046,0.0203831019201379));
#6435=CARTESIAN_POINT('',(-0.00228916290922717,-0.046,0.0192567998368045));
#6436=CARTESIAN_POINT('',(-0.00228916290922717,-0.047,0.0192567998368045));
#6437=CARTESIAN_POINT('',(-0.00228916290922717,-0.046,0.0196322338645823));
#6438=CARTESIAN_POINT('',(-0.00228916290922717,-0.047,0.0196322338645823));
#6439=CARTESIAN_POINT('',(-0.00235010764302347,-0.046,0.0199138093854156));
#6440=CARTESIAN_POINT('',(-0.00235010764302347,-0.047,0.0199138093854156));
#6441=CARTESIAN_POINT('',(-0.00247199711061607,-0.046,0.0201015263993045));
#6442=CARTESIAN_POINT('',(-0.00247199711061607,-0.047,0.0201015263993045));
#6443=CARTESIAN_POINT('',(-0.00228916290922717,-0.047,0.0192567998368045));
#6444=CARTESIAN_POINT('',(-0.00228916290922717,-0.047,0.0198199508784711));
#6445=CARTESIAN_POINT('',(-0.00247199711061607,-0.047,0.0201015263993045));
#6446=CARTESIAN_POINT('',(-0.00228916290922717,-0.047,0.0192567998368045));
#6447=CARTESIAN_POINT('',(-0.00228916290922717,-0.046,0.0192567998368045));
#6448=CARTESIAN_POINT('',(-0.00228916290922717,-0.046,0.0192567998368045));
#6449=CARTESIAN_POINT('',(-0.00228916290922717,-0.046,0.0192567998368045));
#6450=CARTESIAN_POINT('',(-0.00228916290922717,-0.046,0.0198199508784711));
#6451=CARTESIAN_POINT('',(-0.00247199711061607,-0.046,0.0201015263993045));
#6452=CARTESIAN_POINT('',(-0.0024703695064494,-0.046,0.0184039352534712));
#6453=CARTESIAN_POINT('',(-0.0024703695064494,-0.047,0.0184039352534712));
#6454=CARTESIAN_POINT('',(-0.00234956510830125,-0.046,0.0185949074756934));
#6455=CARTESIAN_POINT('',(-0.00234956510830125,-0.047,0.0185949074756934));
#6456=CARTESIAN_POINT('',(-0.00228916290922717,-0.046,0.0188791956701378));
#6457=CARTESIAN_POINT('',(-0.00228916290922717,-0.047,0.0188791956701378));
#6458=CARTESIAN_POINT('',(-0.00228916290922717,-0.046,0.0192567998368045));
#6459=CARTESIAN_POINT('',(-0.00228916290922717,-0.047,0.0192567998368045));
#6460=CARTESIAN_POINT('',(-0.0024703695064494,-0.047,0.0184039352534712));
#6461=CARTESIAN_POINT('',(-0.00228916290922717,-0.047,0.0186903935868045));
#6462=CARTESIAN_POINT('',(-0.00228916290922717,-0.047,0.0192567998368045));
#6463=CARTESIAN_POINT('',(-0.0024703695064494,-0.047,0.0184039352534712));
#6464=CARTESIAN_POINT('',(-0.0024703695064494,-0.046,0.0184039352534712));
#6465=CARTESIAN_POINT('',(-0.0024703695064494,-0.046,0.0184039352534712));
#6466=CARTESIAN_POINT('',(-0.0024703695064494,-0.046,0.0184039352534712));
#6467=CARTESIAN_POINT('',(-0.00228916290922717,-0.046,0.0186903935868045));
#6468=CARTESIAN_POINT('',(-0.00228916290922717,-0.046,0.0192567998368045));
#6469=CARTESIAN_POINT('',(-0.00306607263144939,-0.046,0.0181174769201379));
#6470=CARTESIAN_POINT('',(-0.00306607263144939,-0.047,0.0181174769201379));
#6471=CARTESIAN_POINT('',(-0.00278974161293088,-0.046,0.0181174769201379));
#6472=CARTESIAN_POINT('',(-0.00278974161293088,-0.047,0.0181174769201379));
#6473=CARTESIAN_POINT('',(-0.00259117390459755,-0.046,0.018212963031249));
#6474=CARTESIAN_POINT('',(-0.00259117390459755,-0.047,0.018212963031249));
#6475=CARTESIAN_POINT('',(-0.0024703695064494,-0.046,0.0184039352534712));
#6476=CARTESIAN_POINT('',(-0.0024703695064494,-0.047,0.0184039352534712));
#6477=CARTESIAN_POINT('',(-0.00306607263144939,-0.047,0.0181174769201379));
#6478=CARTESIAN_POINT('',(-0.00265157610367162,-0.047,0.0181174769201379));
#6479=CARTESIAN_POINT('',(-0.0024703695064494,-0.047,0.0184039352534712));
#6480=CARTESIAN_POINT('',(-0.00306607263144939,-0.047,0.0181174769201379));
#6481=CARTESIAN_POINT('',(-0.00306607263144939,-0.046,0.0181174769201379));
#6482=CARTESIAN_POINT('',(-0.00306607263144939,-0.046,0.0181174769201379));
#6483=CARTESIAN_POINT('',(-0.00306607263144939,-0.046,0.0181174769201379));
#6484=CARTESIAN_POINT('',(-0.00265157610367162,-0.046,0.0181174769201379));
#6485=CARTESIAN_POINT('',(-0.0024703695064494,-0.046,0.0184039352534712));
#6486=CARTESIAN_POINT('',(-0.00366774363839384,-0.046,0.0184055628576378));
#6487=CARTESIAN_POINT('',(-0.00366774363839384,-0.047,0.0184055628576378));
#6488=CARTESIAN_POINT('',(-0.00354440741154199,-0.046,0.0182135055659712));
#6489=CARTESIAN_POINT('',(-0.00354440741154199,-0.047,0.0182135055659712));
#6490=CARTESIAN_POINT('',(-0.00334385040922717,-0.046,0.0181174769201379));
#6491=CARTESIAN_POINT('',(-0.00334385040922717,-0.047,0.0181174769201379));
#6492=CARTESIAN_POINT('',(-0.00306607263144939,-0.046,0.0181174769201379));
#6493=CARTESIAN_POINT('',(-0.00306607263144939,-0.047,0.0181174769201379));
#6494=CARTESIAN_POINT('',(-0.00366774363839384,-0.047,0.0184055628576378));
#6495=CARTESIAN_POINT('',(-0.00348273929811607,-0.047,0.0181174769201379));
#6496=CARTESIAN_POINT('',(-0.00306607263144939,-0.047,0.0181174769201379));
#6497=CARTESIAN_POINT('',(-0.00366774363839384,-0.046,0.0184055628576378));
#6498=CARTESIAN_POINT('',(-0.00348273929811607,-0.046,0.0181174769201379));
#6499=CARTESIAN_POINT('',(-0.00306607263144939,-0.046,0.0181174769201379));
#6500=CARTESIAN_POINT('',(-0.00171950145089384,-0.046,0.0178087746631934));
#6501=CARTESIAN_POINT('',(-0.00171950145089384,-0.047,0.0178087746631934));
#6502=CARTESIAN_POINT('',(-0.00204502228422717,-0.046,0.0174604673715267));
#6503=CARTESIAN_POINT('',(-0.00204502228422717,-0.047,0.0174604673715267));
#6504=CARTESIAN_POINT('',(-0.00249821962219014,-0.046,0.0172863137256934));
#6505=CARTESIAN_POINT('',(-0.00249821962219014,-0.047,0.0172863137256934));
#6506=CARTESIAN_POINT('',(-0.00307909346478273,-0.046,0.0172863137256934));
#6507=CARTESIAN_POINT('',(-0.00307909346478273,-0.047,0.0172863137256934));
#6508=CARTESIAN_POINT('',(-0.00171950145089384,-0.046,0.0178087746631934));
#6509=CARTESIAN_POINT('',(-0.00220778270089384,-0.046,0.0172863137256934));
#6510=CARTESIAN_POINT('',(-0.00307909346478273,-0.046,0.0172863137256934));
#6511=CARTESIAN_POINT('',(-0.00480833120539609,-0.046,0.0321));
#6512=CARTESIAN_POINT('',(-0.00147653668254083,-0.047,0.0188967293004329));
#6513=CARTESIAN_POINT('',(-0.0183622756075608,-0.046,0.0149709621446573));
#6514=CARTESIAN_POINT('',(-0.0183622756075608,-0.046,0.0160171318495184));
#6515=CARTESIAN_POINT('',(-0.0183622756075608,-0.046,0.0160171318495184));
#6516=CARTESIAN_POINT('',(-0.0183622756075608,-0.046,0.0149709621446573));
#6517=CARTESIAN_POINT('',(-0.0183622756075608,-0.046,0.0139247924397962));
#6518=CARTESIAN_POINT('',(-0.0183622756075608,-0.046,0.0139247924397962));
#6519=CARTESIAN_POINT('',(-0.018054929687422,-0.046,0.0160171318495184));
#6520=CARTESIAN_POINT('',(-0.0177475837672831,-0.046,0.0160171318495184));
#6521=CARTESIAN_POINT('',(-0.0177475837672831,-0.046,0.0160171318495184));
#6522=CARTESIAN_POINT('',(-0.018054929687422,-0.046,0.0160171318495184));
#6523=CARTESIAN_POINT('',(-0.0170964878471442,-0.046,0.0149709621446573));
#6524=CARTESIAN_POINT('',(-0.0164453919270053,-0.046,0.0139247924397962));
#6525=CARTESIAN_POINT('',(-0.0164453919270053,-0.046,0.0139247924397962));
#6526=CARTESIAN_POINT('',(-0.0170964878471442,-0.046,0.0149709621446573));
#6527=CARTESIAN_POINT('',(-0.0158038446179775,-0.046,0.0139247924397962));
#6528=CARTESIAN_POINT('',(-0.0151622973089498,-0.046,0.0139247924397962));
#6529=CARTESIAN_POINT('',(-0.0151628398510844,-0.046,0.0139247924395271));
#6530=CARTESIAN_POINT('',(-0.0158038446179775,-0.046,0.0139247924397962));
#6531=CARTESIAN_POINT('',(0.205553182545211,-0.046,0.164480274986488));
#6532=CARTESIAN_POINT('',(-0.0167664639756164,-0.046,0.016301203030074));
#6533=CARTESIAN_POINT('',(-0.0167664639756164,-0.046,0.016301203030074));
#6534=CARTESIAN_POINT('',(0.205553182545211,-0.046,0.164480274986488));
#6535=CARTESIAN_POINT('',(-0.0160163012151998,-0.046,0.0168884426134073));
#6536=CARTESIAN_POINT('',(-0.0160163012151998,-0.047,0.0168884426134073));
#6537=CARTESIAN_POINT('',(-0.016192552661959,-0.046,0.0166385872893332));
#6538=CARTESIAN_POINT('',(-0.016192552661959,-0.047,0.0166385872893332));
#6539=CARTESIAN_POINT('',(-0.0164426069154312,-0.046,0.0164428407615554));
#6540=CARTESIAN_POINT('',(-0.0164426069154312,-0.047,0.0164428407615554));
#6541=CARTESIAN_POINT('',(-0.0167664639756164,-0.046,0.016301203030074));
#6542=CARTESIAN_POINT('',(-0.0167664639756164,-0.047,0.016301203030074));
#6543=CARTESIAN_POINT('',(-0.0160163012151998,-0.046,0.0168884426134073));
#6544=CARTESIAN_POINT('',(-0.0160163012151998,-0.046,0.0168884426134073));
#6545=CARTESIAN_POINT('',(-0.0160163012151998,-0.046,0.0168884426134073));
#6546=CARTESIAN_POINT('',(-0.0162806783853386,-0.046,0.0165136596272961));
#6547=CARTESIAN_POINT('',(-0.0167664639756164,-0.046,0.016301203030074));
#6548=CARTESIAN_POINT('',(-0.0171987082432677,-0.046,0.0177203705229544));
#6549=CARTESIAN_POINT('',(-0.0157519240450609,-0.046,0.0177442368842406));
#6550=CARTESIAN_POINT('',(-0.0157519240450609,-0.046,0.0177442368842406));
#6551=CARTESIAN_POINT('',(-0.0171987082432677,-0.046,0.0177203705229544));
#6552=CARTESIAN_POINT('',(-0.0162848559026997,-0.046,0.0189736205647962));
#6553=CARTESIAN_POINT('',(-0.0162848559026997,-0.047,0.0189736205647962));
#6554=CARTESIAN_POINT('',(-0.0159295679976072,-0.046,0.0187038723009073));
#6555=CARTESIAN_POINT('',(-0.0159295679976072,-0.047,0.0187038723009073));
#6556=CARTESIAN_POINT('',(-0.0157519240450609,-0.046,0.0182940777407221));
#6557=CARTESIAN_POINT('',(-0.0157519240450609,-0.047,0.0182940777407221));
#6558=CARTESIAN_POINT('',(-0.0157519240450609,-0.046,0.0177442368842406));
#6559=CARTESIAN_POINT('',(-0.0157519240450609,-0.047,0.0177442368842406));
#6560=CARTESIAN_POINT('',(-0.0162848559026997,-0.046,0.0189736205647962));
#6561=CARTESIAN_POINT('',(-0.0162848559026997,-0.046,0.0189736205647962));
#6562=CARTESIAN_POINT('',(-0.0162848559026997,-0.046,0.0189736205647962));
#6563=CARTESIAN_POINT('',(-0.0157519240450609,-0.046,0.0185689981689629));
#6564=CARTESIAN_POINT('',(-0.0157519240450609,-0.046,0.0177442368842406));
#6565=CARTESIAN_POINT('',(-0.0179302009547831,-0.046,0.0193782429606295));
#6566=CARTESIAN_POINT('',(-0.0179302009547831,-0.047,0.0193782429606295));
#6567=CARTESIAN_POINT('',(-0.0171885921584868,-0.046,0.0193782429606295));
#6568=CARTESIAN_POINT('',(-0.0171885921584868,-0.047,0.0193782429606295));
#6569=CARTESIAN_POINT('',(-0.0166401438077923,-0.046,0.0192433688286851));
#6570=CARTESIAN_POINT('',(-0.0166401438077923,-0.047,0.0192433688286851));
#6571=CARTESIAN_POINT('',(-0.0162848559026997,-0.046,0.0189736205647962));
#6572=CARTESIAN_POINT('',(-0.0162848559026997,-0.047,0.0189736205647962));
#6573=CARTESIAN_POINT('',(-0.0179302009547831,-0.046,0.0193782429606295));
#6574=CARTESIAN_POINT('',(-0.0179302009547831,-0.046,0.0193782429606295));
#6575=CARTESIAN_POINT('',(-0.0179302009547831,-0.046,0.0193782429606295));
#6576=CARTESIAN_POINT('',(-0.0168177877603387,-0.046,0.0193782429606295));
#6577=CARTESIAN_POINT('',(-0.0162848559026997,-0.046,0.0189736205647962));
#6578=CARTESIAN_POINT('',(-0.0187245260415887,-0.046,0.0193782429606295));
#6579=CARTESIAN_POINT('',(-0.0195188511283942,-0.046,0.0193782429606295));
#6580=CARTESIAN_POINT('',(-0.0195188511283942,-0.046,0.0193782429606295));
#6581=CARTESIAN_POINT('',(-0.0187245260415887,-0.046,0.0193782429606295));
#6582=CARTESIAN_POINT('',(-0.0195188511283942,-0.046,0.0166515177002129));
#6583=CARTESIAN_POINT('',(-0.0195188511283942,-0.046,0.0139247924397962));
#6584=CARTESIAN_POINT('',(-0.0195188511283942,-0.046,0.0139247924397962));
#6585=CARTESIAN_POINT('',(-0.0195188511283942,-0.046,0.0166515177002129));
#6586=CARTESIAN_POINT('',(-0.0181760776908942,-0.046,0.0169576700439629));
#6587=CARTESIAN_POINT('',(-0.0181760776908942,-0.047,0.0169576700439629));
#6588=CARTESIAN_POINT('',(-0.0183622756075608,-0.047,0.0169576700439629));
#6589=CARTESIAN_POINT('',(-0.0179898797742276,-0.047,0.0169576700439629));
#6590=CARTESIAN_POINT('',(-0.0183622756075608,-0.046,0.0169576700439629));
#6591=CARTESIAN_POINT('',(-0.0183622756075608,-0.046,0.0169576700439629));
#6592=CARTESIAN_POINT('',(-0.0181760776908942,-0.046,0.0169576700439629));
#6593=CARTESIAN_POINT('',(-0.0179898797742276,-0.046,0.0169576700439629));
#6594=CARTESIAN_POINT('',(-0.0179898797742276,-0.046,0.0169576700439629));
#6595=CARTESIAN_POINT('',(-0.0183622756075608,-0.046,0.0176941066759073));
#6596=CARTESIAN_POINT('',(-0.0183622756075608,-0.047,0.0176941066759073));
#6597=CARTESIAN_POINT('',(-0.0183622756075608,-0.047,0.0184305433078518));
#6598=CARTESIAN_POINT('',(-0.0183622756075608,-0.046,0.0184305433078518));
#6599=CARTESIAN_POINT('',(-0.0183622756075608,-0.046,0.0184305433078518));
#6600=CARTESIAN_POINT('',(-0.0183622756075608,-0.046,0.0176941066759073));
#6601=CARTESIAN_POINT('',(-0.0181868198783942,-0.046,0.0184305433078518));
#6602=CARTESIAN_POINT('',(-0.0181868198783942,-0.047,0.0184305433078518));
#6603=CARTESIAN_POINT('',(-0.0180113641492275,-0.047,0.0184305433078518));
#6604=CARTESIAN_POINT('',(-0.0180113641492275,-0.046,0.0184305433078518));
#6605=CARTESIAN_POINT('',(-0.0180113641492275,-0.046,0.0184305433078518));
#6606=CARTESIAN_POINT('',(-0.0181868198783942,-0.046,0.0184305433078518));
#6607=CARTESIAN_POINT('',(-0.0171860060763109,-0.046,0.0182664265543795));
#6608=CARTESIAN_POINT('',(-0.0171860060763109,-0.047,0.0182664265543795));
#6609=CARTESIAN_POINT('',(-0.0173638489582553,-0.046,0.018375837723361));
#6610=CARTESIAN_POINT('',(-0.0173638489582553,-0.047,0.018375837723361));
#6611=CARTESIAN_POINT('',(-0.0176389683158942,-0.046,0.0184305433078518));
#6612=CARTESIAN_POINT('',(-0.0176389683158942,-0.047,0.0184305433078518));
#6613=CARTESIAN_POINT('',(-0.0180113641492275,-0.046,0.0184305433078518));
#6614=CARTESIAN_POINT('',(-0.0180113641492275,-0.047,0.0184305433078518));
#6615=CARTESIAN_POINT('',(-0.0171860060763109,-0.047,0.0182664265543795));
#6616=CARTESIAN_POINT('',(-0.0174527703992275,-0.047,0.0184305433078518));
#6617=CARTESIAN_POINT('',(-0.0180113641492275,-0.047,0.0184305433078518));
#6618=CARTESIAN_POINT('',(-0.0171860060763109,-0.047,0.0182664265543795));
#6619=CARTESIAN_POINT('',(-0.0171860060763109,-0.046,0.0182664265543795));
#6620=CARTESIAN_POINT('',(-0.0171860060763109,-0.046,0.0182664265543795));
#6621=CARTESIAN_POINT('',(-0.0171860060763109,-0.046,0.0182664265543795));
#6622=CARTESIAN_POINT('',(-0.0174527703992275,-0.046,0.0184305433078518));
#6623=CARTESIAN_POINT('',(-0.0180113641492275,-0.046,0.0184305433078518));
#6624=CARTESIAN_POINT('',(-0.0169192417533942,-0.046,0.0177143974745184));
#6625=CARTESIAN_POINT('',(-0.0169192417533942,-0.047,0.0177143974745184));
#6626=CARTESIAN_POINT('',(-0.0169192417533942,-0.046,0.017973005692111));
#6627=CARTESIAN_POINT('',(-0.0169192417533942,-0.047,0.017973005692111));
#6628=CARTESIAN_POINT('',(-0.0170081631943664,-0.046,0.018157015385398));
#6629=CARTESIAN_POINT('',(-0.0170081631943664,-0.047,0.018157015385398));
#6630=CARTESIAN_POINT('',(-0.0171860060763109,-0.046,0.0182664265543795));
#6631=CARTESIAN_POINT('',(-0.0171860060763109,-0.047,0.0182664265543795));
#6632=CARTESIAN_POINT('',(-0.0169192417533942,-0.047,0.0177143974745184));
#6633=CARTESIAN_POINT('',(-0.0169192417533942,-0.047,0.0181023098009073));
#6634=CARTESIAN_POINT('',(-0.0171860060763109,-0.047,0.0182664265543795));
#6635=CARTESIAN_POINT('',(-0.0169192417533942,-0.047,0.0177143974745184));
#6636=CARTESIAN_POINT('',(-0.0169192417533942,-0.046,0.0177143974745184));
#6637=CARTESIAN_POINT('',(-0.0169192417533942,-0.046,0.0177143974745184));
#6638=CARTESIAN_POINT('',(-0.0169192417533942,-0.046,0.0177143974745184));
#6639=CARTESIAN_POINT('',(-0.0169192417533942,-0.046,0.0181023098009073));
#6640=CARTESIAN_POINT('',(-0.0171860060763109,-0.046,0.0182664265543795));
#6641=CARTESIAN_POINT('',(-0.0171800381943664,-0.046,0.0171402872314628));
#6642=CARTESIAN_POINT('',(-0.0171800381943664,-0.047,0.0171402872314628));
#6643=CARTESIAN_POINT('',(-0.0170061739003849,-0.046,0.0172620320231295));
#6644=CARTESIAN_POINT('',(-0.0170061739003849,-0.047,0.0172620320231295));
#6645=CARTESIAN_POINT('',(-0.0169192417533942,-0.046,0.017453402104148));
#6646=CARTESIAN_POINT('',(-0.0169192417533942,-0.047,0.017453402104148));
#6647=CARTESIAN_POINT('',(-0.0169192417533942,-0.046,0.0177143974745184));
#6648=CARTESIAN_POINT('',(-0.0169192417533942,-0.047,0.0177143974745184));
#6649=CARTESIAN_POINT('',(-0.0171800381943664,-0.047,0.0171402872314628));
#6650=CARTESIAN_POINT('',(-0.0169192417533942,-0.047,0.0173229044189629));
#6651=CARTESIAN_POINT('',(-0.0169192417533942,-0.047,0.0177143974745184));
#6652=CARTESIAN_POINT('',(-0.0171800381943664,-0.047,0.0171402872314628));
#6653=CARTESIAN_POINT('',(-0.0171800381943664,-0.046,0.0171402872314628));
#6654=CARTESIAN_POINT('',(-0.0171800381943664,-0.046,0.0171402872314628));
#6655=CARTESIAN_POINT('',(-0.0171800381943664,-0.046,0.0171402872314628));
#6656=CARTESIAN_POINT('',(-0.0169192417533942,-0.046,0.0173229044189629));
#6657=CARTESIAN_POINT('',(-0.0169192417533942,-0.046,0.0177143974745184));
#6658=CARTESIAN_POINT('',(-0.0179898797742276,-0.046,0.0169576700439629));
#6659=CARTESIAN_POINT('',(-0.0179898797742276,-0.047,0.0169576700439629));
#6660=CARTESIAN_POINT('',(-0.017623849681635,-0.046,0.0169576700439629));
#6661=CARTESIAN_POINT('',(-0.017623849681635,-0.047,0.0169576700439629));
#6662=CARTESIAN_POINT('',(-0.0173539024883479,-0.046,0.0170185424397962));
#6663=CARTESIAN_POINT('',(-0.0173539024883479,-0.047,0.0170185424397962));
#6664=CARTESIAN_POINT('',(-0.0171800381943664,-0.046,0.0171402872314628));
#6665=CARTESIAN_POINT('',(-0.0171800381943664,-0.047,0.0171402872314628));
#6666=CARTESIAN_POINT('',(-0.0179898797742276,-0.047,0.0169576700439629));
#6667=CARTESIAN_POINT('',(-0.0174408346353386,-0.047,0.0169576700439629));
#6668=CARTESIAN_POINT('',(-0.0171800381943664,-0.047,0.0171402872314628));
#6669=CARTESIAN_POINT('',(-0.0179898797742276,-0.046,0.0169576700439629));
#6670=CARTESIAN_POINT('',(-0.0174408346353386,-0.046,0.0169576700439629));
#6671=CARTESIAN_POINT('',(-0.0171800381943664,-0.046,0.0171402872314628));
#6672=CARTESIAN_POINT('',(-0.0189405633679775,-0.046,0.0139247924397962));
#6673=CARTESIAN_POINT('',(-0.0189405633679775,-0.046,0.0139247924397962));
#6674=CARTESIAN_POINT('',(-0.00480833120539609,-0.046,0.0321));
#6675=CARTESIAN_POINT('',(-0.00147653668254083,-0.047,0.0188967293004329));
#6676=CARTESIAN_POINT('',(-0.00670756568700495,-0.046,0.0172863137256934));
#6677=CARTESIAN_POINT('',(-0.00670756568700495,-0.047,0.0172863137256934));
#6678=CARTESIAN_POINT('',(-0.00788739786293088,-0.046,0.0172863137256934));
#6679=CARTESIAN_POINT('',(-0.00788739786293088,-0.047,0.0172863137256934));
#6680=CARTESIAN_POINT('',(-0.00847731395089384,-0.046,0.0179341001840267));
#6681=CARTESIAN_POINT('',(-0.00847731395089384,-0.047,0.0179341001840267));
#6682=CARTESIAN_POINT('',(-0.00847731395089384,-0.046,0.0192296731006934));
#6683=CARTESIAN_POINT('',(-0.00847731395089384,-0.047,0.0192296731006934));
#6684=CARTESIAN_POINT('',(-0.00670756568700495,-0.046,0.0172863137256934));
#6685=CARTESIAN_POINT('',(-0.00670756568700495,-0.046,0.0172863137256934));
#6686=CARTESIAN_POINT('',(-0.00670756568700495,-0.046,0.0172863137256934));
#6687=CARTESIAN_POINT('',(-0.00847731395089384,-0.046,0.0172863137256934));
#6688=CARTESIAN_POINT('',(-0.00847731395089384,-0.046,0.0192296731006934));
#6689=CARTESIAN_POINT('',(-0.00847731395089384,-0.046,0.0192296731006934));
#6690=CARTESIAN_POINT('',(-0.00847731395089384,-0.046,0.0192296731006934));
#6691=CARTESIAN_POINT('',(-0.00606194936756051,-0.046,0.0173476201493045));
#6692=CARTESIAN_POINT('',(-0.00606194936756051,-0.047,0.0173476201493045));
#6693=CARTESIAN_POINT('',(-0.0062326669601531,-0.046,0.0173067492002304));
#6694=CARTESIAN_POINT('',(-0.0062326669601531,-0.047,0.0173067492002304));
#6695=CARTESIAN_POINT('',(-0.00644787239996792,-0.046,0.0172863137256934));
#6696=CARTESIAN_POINT('',(-0.00644787239996792,-0.047,0.0172863137256934));
#6697=CARTESIAN_POINT('',(-0.00670756568700495,-0.046,0.0172863137256934));
#6698=CARTESIAN_POINT('',(-0.00670756568700495,-0.047,0.0172863137256934));
#6699=CARTESIAN_POINT('',(-0.00606194936756051,-0.046,0.0173476201493045));
#6700=CARTESIAN_POINT('',(-0.00606194936756051,-0.046,0.0173476201493045));
#6701=CARTESIAN_POINT('',(-0.00606194936756051,-0.046,0.0173476201493045));
#6702=CARTESIAN_POINT('',(-0.0063180257564494,-0.046,0.0172863137256934));
#6703=CARTESIAN_POINT('',(-0.00670756568700495,-0.046,0.0172863137256934));
#6704=CARTESIAN_POINT('',(-0.00646878784770203,-0.046,0.018965812740883));
#6705=CARTESIAN_POINT('',(-0.00555522193700495,-0.046,0.0175690234916128));
#6706=CARTESIAN_POINT('',(-0.00555522193700495,-0.046,0.0175690234916128));
#6707=CARTESIAN_POINT('',(-0.00646878784770203,-0.046,0.018965812740883));
#6708=CARTESIAN_POINT('',(-0.00555522193700495,-0.046,0.0180111401145823));
#6709=CARTESIAN_POINT('',(-0.00555522193700495,-0.046,0.018454435225533));
#6710=CARTESIAN_POINT('',(-0.00555522193700495,-0.046,0.0184538484479156));
#6711=CARTESIAN_POINT('',(-0.00555522193700495,-0.046,0.0180111401145823));
#6712=CARTESIAN_POINT('',(-0.00667733114683521,-0.046,0.0200853074167447));
#6713=CARTESIAN_POINT('',(-0.00606357697172718,-0.046,0.0182037399409712));
#6714=CARTESIAN_POINT('',(-0.00606350401435179,-0.046,0.0182035132169885));
#6715=CARTESIAN_POINT('',(-0.00667733114683521,-0.046,0.0200853074167447));
#6716=CARTESIAN_POINT('',(-0.00659724232375858,-0.046,0.0199661405027742));
#6717=CARTESIAN_POINT('',(-0.00661641985367162,-0.046,0.0181239873368045));
#6718=CARTESIAN_POINT('',(-0.00661641985367162,-0.046,0.0181239873368045));
#6719=CARTESIAN_POINT('',(-0.00659724232375858,-0.046,0.0199661405027742));
#6720=CARTESIAN_POINT('',(-0.00742371152033829,-0.046,0.0192361835173601));
#6721=CARTESIAN_POINT('',(-0.00742371152033829,-0.047,0.0192361835173601));
#6722=CARTESIAN_POINT('',(-0.00742371152033829,-0.046,0.0184947193969897));
#6723=CARTESIAN_POINT('',(-0.00742371152033829,-0.047,0.0184947193969897));
#6724=CARTESIAN_POINT('',(-0.00715461429811607,-0.046,0.0181239873368045));
#6725=CARTESIAN_POINT('',(-0.00715461429811607,-0.047,0.0181239873368045));
#6726=CARTESIAN_POINT('',(-0.00661641985367162,-0.046,0.0181239873368045));
#6727=CARTESIAN_POINT('',(-0.00661641985367162,-0.047,0.0181239873368045));
#6728=CARTESIAN_POINT('',(-0.00742371152033829,-0.046,0.0192361835173601));
#6729=CARTESIAN_POINT('',(-0.00742371152033829,-0.046,0.0192361835173601));
#6730=CARTESIAN_POINT('',(-0.00742371152033829,-0.046,0.0192361835173601));
#6731=CARTESIAN_POINT('',(-0.00742371152033829,-0.046,0.0181239873368045));
#6732=CARTESIAN_POINT('',(-0.00661641985367162,-0.046,0.0181239873368045));
#6733=CARTESIAN_POINT('',(-0.00661641985367162,-0.046,0.0203831019201379));
#6734=CARTESIAN_POINT('',(-0.00661641985367162,-0.047,0.0203831019201379));
#6735=CARTESIAN_POINT('',(-0.00715461429811607,-0.046,0.0203831019201379));
#6736=CARTESIAN_POINT('',(-0.00715461429811607,-0.047,0.0203831019201379));
#6737=CARTESIAN_POINT('',(-0.00742371152033829,-0.046,0.0200007957858786));
#6738=CARTESIAN_POINT('',(-0.00742371152033829,-0.047,0.0200007957858786));
#6739=CARTESIAN_POINT('',(-0.00742371152033829,-0.046,0.0192361835173601));
#6740=CARTESIAN_POINT('',(-0.00742371152033829,-0.047,0.0192361835173601));
#6741=CARTESIAN_POINT('',(-0.00661641985367162,-0.046,0.0203831019201379));
#6742=CARTESIAN_POINT('',(-0.00661641985367162,-0.046,0.0203831019201379));
#6743=CARTESIAN_POINT('',(-0.00661641985367162,-0.046,0.0203831019201379));
#6744=CARTESIAN_POINT('',(-0.00742371152033829,-0.046,0.0203831019201379));
#6745=CARTESIAN_POINT('',(-0.00742371152033829,-0.046,0.0192361835173601));
#6746=CARTESIAN_POINT('',(-0.00662038274661938,-0.046,0.018925617712116));
#6747=CARTESIAN_POINT('',(-0.0061959554439494,-0.046,0.0203201678923601));
#6748=CARTESIAN_POINT('',(-0.00619594692741539,-0.046,0.0203201953839141));
#6749=CARTESIAN_POINT('',(-0.00662038274661938,-0.046,0.018925617712116));
#6750=CARTESIAN_POINT('',(-0.00772392523564916,-0.046,0.0153211443282369));
#6751=CARTESIAN_POINT('',(-0.0057419135485704,-0.046,0.0201583363931854));
#6752=CARTESIAN_POINT('',(-0.00574191354898868,-0.046,0.0201583363930044));
#6753=CARTESIAN_POINT('',(-0.00772392523564916,-0.046,0.0153211443282369));
#6754=CARTESIAN_POINT('',(-0.00558885908978273,-0.046,0.0205588831701379));
#6755=CARTESIAN_POINT('',(-0.00543586429811606,-0.046,0.0209592737951378));
#6756=CARTESIAN_POINT('',(-0.00543586429811606,-0.046,0.0209592737951378));
#6757=CARTESIAN_POINT('',(-0.00558885908978273,-0.046,0.0205588831701379));
#6758=CARTESIAN_POINT('',(-0.00661641985367162,-0.046,0.0212164352534711));
#6759=CARTESIAN_POINT('',(-0.00661641985367162,-0.047,0.0212164352534711));
#6760=CARTESIAN_POINT('',(-0.00617805179811607,-0.046,0.0212164352534711));
#6761=CARTESIAN_POINT('',(-0.00617805179811607,-0.047,0.0212164352534711));
#6762=CARTESIAN_POINT('',(-0.00578453327959755,-0.046,0.02113071476736));
#6763=CARTESIAN_POINT('',(-0.00578453327959755,-0.047,0.02113071476736));
#6764=CARTESIAN_POINT('',(-0.00543586429811606,-0.046,0.0209592737951378));
#6765=CARTESIAN_POINT('',(-0.00543586429811606,-0.047,0.0209592737951378));
#6766=CARTESIAN_POINT('',(-0.00661641985367162,-0.046,0.0212164352534711));
#6767=CARTESIAN_POINT('',(-0.00661641985367162,-0.046,0.0212164352534711));
#6768=CARTESIAN_POINT('',(-0.00661641985367162,-0.046,0.0212164352534711));
#6769=CARTESIAN_POINT('',(-0.00595886777033829,-0.046,0.0212164352534711));
#6770=CARTESIAN_POINT('',(-0.00543586429811606,-0.046,0.0209592737951378));
#6771=CARTESIAN_POINT('',(-0.00799608565228273,-0.046,0.0207064526145822));
#6772=CARTESIAN_POINT('',(-0.00799608565228273,-0.047,0.0207064526145822));
#6773=CARTESIAN_POINT('',(-0.00767526678654199,-0.046,0.0210464410405082));
#6774=CARTESIAN_POINT('',(-0.00767526678654199,-0.047,0.0210464410405082));
#6775=CARTESIAN_POINT('',(-0.00721537818700495,-0.046,0.0212164352534711));
#6776=CARTESIAN_POINT('',(-0.00721537818700495,-0.047,0.0212164352534711));
#6777=CARTESIAN_POINT('',(-0.00661641985367162,-0.046,0.0212164352534711));
#6778=CARTESIAN_POINT('',(-0.00661641985367162,-0.047,0.0212164352534711));
#6779=CARTESIAN_POINT('',(-0.00799608565228273,-0.046,0.0207064526145822));
#6780=CARTESIAN_POINT('',(-0.00799608565228273,-0.046,0.0207064526145822));
#6781=CARTESIAN_POINT('',(-0.00799608565228273,-0.046,0.0207064526145822));
#6782=CARTESIAN_POINT('',(-0.00751485735367162,-0.046,0.0212164352534711));
#6783=CARTESIAN_POINT('',(-0.00661641985367162,-0.046,0.0212164352534711));
#6784=CARTESIAN_POINT('',(-0.00847731395089384,-0.046,0.0192296731006934));
#6785=CARTESIAN_POINT('',(-0.00847731395089384,-0.047,0.0192296731006934));
#6786=CARTESIAN_POINT('',(-0.00847731395089384,-0.046,0.0198742043506934));
#6787=CARTESIAN_POINT('',(-0.00847731395089384,-0.047,0.0198742043506934));
#6788=CARTESIAN_POINT('',(-0.00831690451802347,-0.046,0.0203664641886564));
#6789=CARTESIAN_POINT('',(-0.00831690451802347,-0.047,0.0203664641886564));
#6790=CARTESIAN_POINT('',(-0.00799608565228273,-0.046,0.0207064526145822));
#6791=CARTESIAN_POINT('',(-0.00799608565228273,-0.047,0.0207064526145822));
#6792=CARTESIAN_POINT('',(-0.00847731395089384,-0.046,0.0192296731006934));
#6793=CARTESIAN_POINT('',(-0.00847731395089384,-0.046,0.0201964699756934));
#6794=CARTESIAN_POINT('',(-0.00799608565228273,-0.046,0.0207064526145822));
#6795=CARTESIAN_POINT('',(-0.00480833120539609,-0.046,0.0321));
#6796=CARTESIAN_POINT('',(0.00177353995334249,-0.046,0.0195138565958981));
#6797=CARTESIAN_POINT('',(0.00173969993799505,-0.046,0.0212164352534711));
#6798=CARTESIAN_POINT('',(0.0017397080845667,-0.046,0.021216155340696));
#6799=CARTESIAN_POINT('',(0.00177353995334249,-0.046,0.0195138565958981));
#6800=CARTESIAN_POINT('',(0.00208914447568878,-0.046,0.0211867004435862));
#6801=CARTESIAN_POINT('',(0.00208914447568878,-0.046,0.0211867004435862));
#6802=CARTESIAN_POINT('',(0.00173504055000366,-0.046,0.0200426864257077));
#6803=CARTESIAN_POINT('',(0.00108703066716171,-0.046,0.0210216652881934));
#6804=CARTESIAN_POINT('',(0.00108710360931092,-0.046,0.0210215568568487));
#6805=CARTESIAN_POINT('',(0.00173504055000366,-0.046,0.0200426864257077));
#6806=CARTESIAN_POINT('',(0.00186234335124957,-0.046,0.0198246535773417));
#6807=CARTESIAN_POINT('',(0.000610438514871641,-0.046,0.0205078849062489));
#6808=CARTESIAN_POINT('',(0.000610438514871641,-0.046,0.0205078849062489));
#6809=CARTESIAN_POINT('',(0.00186234335124957,-0.046,0.0198246535773417));
#6810=CARTESIAN_POINT('',(0.000585186049106159,-0.046,0.0205078849062489));
#6811=CARTESIAN_POINT('',(0.000560229451883936,-0.046,0.0205078849062489));
#6812=CARTESIAN_POINT('',(0.000560229451883936,-0.046,0.0205078849062489));
#6813=CARTESIAN_POINT('',(0.000585186049106159,-0.046,0.0205078849062489));
#6814=CARTESIAN_POINT('',(0.000483732056050603,-0.046,0.0208268953229156));
#6815=CARTESIAN_POINT('',(0.000407234660217269,-0.046,0.0211459057395823));
#6816=CARTESIAN_POINT('',(0.000407234660217269,-0.046,0.0211459057395823));
#6817=CARTESIAN_POINT('',(0.000483732056050603,-0.046,0.0208268953229156));
#6818=CARTESIAN_POINT('',(1.55245907728255E-5,-0.046,0.0211459057395823));
#6819=CARTESIAN_POINT('',(-0.000376185478671619,-0.046,0.0211459057395823));
#6820=CARTESIAN_POINT('',(-0.000376185478671619,-0.046,0.0211459057395823));
#6821=CARTESIAN_POINT('',(1.55245907728255E-5,-0.046,0.0211459057395823));
#6822=CARTESIAN_POINT('',(-0.000376185478671619,-0.046,0.0192502894201379));
#6823=CARTESIAN_POINT('',(-0.000376185478671619,-0.046,0.0173546731006934));
#6824=CARTESIAN_POINT('',(-0.000376185478671619,-0.046,0.0173546731006934));
#6825=CARTESIAN_POINT('',(-0.000376185478671619,-0.046,0.0192502894201379));
#6826=CARTESIAN_POINT('',(0.000140850111606159,-0.046,0.0173546731006934));
#6827=CARTESIAN_POINT('',(0.000657885701883937,-0.046,0.0173546731006934));
#6828=CARTESIAN_POINT('',(0.000657885701883937,-0.046,0.0173546731006934));
#6829=CARTESIAN_POINT('',(0.000140850111606159,-0.046,0.0173546731006934));
#6830=CARTESIAN_POINT('',(0.000657885701883937,-0.046,0.0183192998368045));
#6831=CARTESIAN_POINT('',(0.000657885701883937,-0.046,0.0192839265729156));
#6832=CARTESIAN_POINT('',(0.000657885701883937,-0.046,0.0192839265729156));
#6833=CARTESIAN_POINT('',(0.000657885701883937,-0.046,0.0183192998368045));
#6834=CARTESIAN_POINT('',(0.00093457841021727,-0.046,0.0199962746631934));
#6835=CARTESIAN_POINT('',(0.00093457841021727,-0.047,0.0199962746631934));
#6836=CARTESIAN_POINT('',(0.000750116604661715,-0.046,0.0198266421400452));
#6837=CARTESIAN_POINT('',(0.000750116604661715,-0.047,0.0198266421400452));
#6838=CARTESIAN_POINT('',(0.000657885701883937,-0.046,0.0195891927766193));
#6839=CARTESIAN_POINT('',(0.000657885701883937,-0.047,0.0195891927766193));
#6840=CARTESIAN_POINT('',(0.000657885701883937,-0.046,0.0192839265729156));
#6841=CARTESIAN_POINT('',(0.000657885701883937,-0.047,0.0192839265729156));
#6842=CARTESIAN_POINT('',(0.00093457841021727,-0.046,0.0199962746631934));
#6843=CARTESIAN_POINT('',(0.00093457841021727,-0.046,0.0199962746631934));
#6844=CARTESIAN_POINT('',(0.00093457841021727,-0.046,0.0199962746631934));
#6845=CARTESIAN_POINT('',(0.000657885701883937,-0.046,0.0197418258784712));
#6846=CARTESIAN_POINT('',(0.000657885701883937,-0.046,0.0192839265729156));
#6847=CARTESIAN_POINT('',(0.00170606278521727,-0.046,0.0202507234479156));
#6848=CARTESIAN_POINT('',(0.00170606278521727,-0.047,0.0202507234479156));
#6849=CARTESIAN_POINT('',(0.00137620167410616,-0.046,0.0202507234479156));
#6850=CARTESIAN_POINT('',(0.00137620167410616,-0.047,0.0202507234479156));
#6851=CARTESIAN_POINT('',(0.00111904021577283,-0.046,0.0201659071863415));
#6852=CARTESIAN_POINT('',(0.00111904021577283,-0.047,0.0201659071863415));
#6853=CARTESIAN_POINT('',(0.00093457841021727,-0.046,0.0199962746631934));
#6854=CARTESIAN_POINT('',(0.00093457841021727,-0.047,0.0199962746631934));
#6855=CARTESIAN_POINT('',(0.00170606278521727,-0.046,0.0202507234479156));
#6856=CARTESIAN_POINT('',(0.00170606278521727,-0.046,0.0202507234479156));
#6857=CARTESIAN_POINT('',(0.00170606278521727,-0.046,0.0202507234479156));
#6858=CARTESIAN_POINT('',(0.0012112711185506,-0.046,0.0202507234479156));
#6859=CARTESIAN_POINT('',(0.00093457841021727,-0.046,0.0199962746631934));
#6860=CARTESIAN_POINT('',(0.00173123105630697,-0.046,0.01904202080112));
#6861=CARTESIAN_POINT('',(0.00201101267300618,-0.046,0.0202176487102854));
#6862=CARTESIAN_POINT('',(0.00201101265813611,-0.046,0.0202176486994809));
#6863=CARTESIAN_POINT('',(0.00173123105630697,-0.046,0.01904202080112));
#6864=CARTESIAN_POINT('',(0.00205002979910616,-0.046,0.0207015698020823));
#6865=CARTESIAN_POINT('',(0.00205002979910616,-0.046,0.0207015698020823));
#6866=CARTESIAN_POINT('',(-0.00480833120539609,-0.046,0.0321));
#6867=CARTESIAN_POINT('',(0.00542558993722839,-0.046,0.0441162086428966));
#6868=CARTESIAN_POINT('',(0.00489499097889506,-0.046,0.0441162086428966));
#6869=CARTESIAN_POINT('',(0.00489499097889506,-0.046,0.0441162086428966));
#6870=CARTESIAN_POINT('',(0.00542558993722839,-0.046,0.0441162086428966));
#6871=CARTESIAN_POINT('',(0.00595618889556173,-0.046,0.0441162086428966));
#6872=CARTESIAN_POINT('',(0.00595618889556173,-0.046,0.0441162086428966));
#6873=CARTESIAN_POINT('',(0.00442569844417283,-0.046,0.0426410567331744));
#6874=CARTESIAN_POINT('',(0.00395640590945062,-0.046,0.0411659048234522));
#6875=CARTESIAN_POINT('',(0.00395640590945062,-0.046,0.0411659048234522));
#6876=CARTESIAN_POINT('',(0.00442569844417283,-0.046,0.0426410567331744));
#6877=CARTESIAN_POINT('',(0.00370141459000617,-0.046,0.0400743249623411));
#6878=CARTESIAN_POINT('',(0.00370141459000617,-0.047,0.0400743249623411));
#6879=CARTESIAN_POINT('',(0.00372673287704321,-0.046,0.0402819349160448));
#6880=CARTESIAN_POINT('',(0.00372673287704321,-0.047,0.0402819349160448));
#6881=CARTESIAN_POINT('',(0.00381172998352469,-0.046,0.0406457948697485));
#6882=CARTESIAN_POINT('',(0.00381172998352469,-0.047,0.0406457948697485));
#6883=CARTESIAN_POINT('',(0.00395640590945062,-0.046,0.0411659048234522));
#6884=CARTESIAN_POINT('',(0.00395640590945062,-0.047,0.0411659048234522));
#6885=CARTESIAN_POINT('',(0.00370141459000617,-0.046,0.0400743249623411));
#6886=CARTESIAN_POINT('',(0.00370141459000617,-0.046,0.0400743249623411));
#6887=CARTESIAN_POINT('',(0.00370141459000617,-0.046,0.0400743249623411));
#6888=CARTESIAN_POINT('',(0.00373939202056173,-0.046,0.0403857398928966));
#6889=CARTESIAN_POINT('',(0.00395640590945062,-0.046,0.0411659048234522));
#6890=CARTESIAN_POINT('',(-0.00305916404077484,-0.046,0.0388639263739069));
#6891=CARTESIAN_POINT('',(0.00359833299278394,-0.046,0.0405571808651189));
#6892=CARTESIAN_POINT('',(0.00359805934432488,-0.046,0.0405571105197816));
#6893=CARTESIAN_POINT('',(-0.00305916404077484,-0.046,0.0388639263739069));
#6894=CARTESIAN_POINT('',(-0.00882810913771865,-0.046,0.0376118765325638));
#6895=CARTESIAN_POINT('',(0.00343774271500617,-0.046,0.0411659048234522));
#6896=CARTESIAN_POINT('',(0.00343783223507152,-0.04600000025,0.0411659307618745));
#6897=CARTESIAN_POINT('',(-0.00882810913771865,-0.046,0.0376118765325638));
#6898=CARTESIAN_POINT('',(0.00297116285389505,-0.046,0.0426410567331744));
#6899=CARTESIAN_POINT('',(0.00250458299278394,-0.046,0.0441162086428966));
#6900=CARTESIAN_POINT('',(0.00250458299278394,-0.046,0.0441162086428966));
#6901=CARTESIAN_POINT('',(0.00297116285389505,-0.046,0.0426410567331744));
#6902=CARTESIAN_POINT('',(0.00197398403445061,-0.046,0.0441162086428966));
#6903=CARTESIAN_POINT('',(0.00144338507611728,-0.046,0.0441162086428966));
#6904=CARTESIAN_POINT('',(0.00144338507611728,-0.046,0.0441162086428966));
#6905=CARTESIAN_POINT('',(0.00197398403445061,-0.046,0.0441162086428966));
#6906=CARTESIAN_POINT('',(0.00228431389556172,-0.046,0.0416373674970634));
#6907=CARTESIAN_POINT('',(0.00312524271500617,-0.046,0.03915852635123));
#6908=CARTESIAN_POINT('',(0.00312524271500617,-0.046,0.03915852635123));
#6909=CARTESIAN_POINT('',(0.00228431389556172,-0.046,0.0416373674970634));
#6910=CARTESIAN_POINT('',(0.00369815938167284,-0.046,0.03915852635123));
#6911=CARTESIAN_POINT('',(0.0042710760483395,-0.046,0.03915852635123));
#6912=CARTESIAN_POINT('',(0.0042710760483395,-0.046,0.03915852635123));
#6913=CARTESIAN_POINT('',(0.00369815938167284,-0.046,0.03915852635123));
#6914=CARTESIAN_POINT('',(0.00511363247195061,-0.046,0.0416373674970634));
#6915=CARTESIAN_POINT('',(0.00511363247195061,-0.046,0.0416373674970634));
#6916=CARTESIAN_POINT('',(-0.00480833120539609,-0.046,0.0321));
#6917=CARTESIAN_POINT('',(-0.0158616861086727,-0.046,0.0200233970270943));
#6918=CARTESIAN_POINT('',(-0.0154424152753394,-0.046,0.0200233970270943));
#6919=CARTESIAN_POINT('',(-0.0154424152753394,-0.046,0.0200233970270943));
#6920=CARTESIAN_POINT('',(-0.0158616861086727,-0.046,0.0200233970270943));
#6921=CARTESIAN_POINT('',(-0.0162809569420061,-0.046,0.0200233970270943));
#6922=CARTESIAN_POINT('',(-0.0162809569420061,-0.046,0.0200233970270943));
#6923=CARTESIAN_POINT('',(-0.0154424152753394,-0.046,0.022006469943761));
#6924=CARTESIAN_POINT('',(-0.0154424152753394,-0.046,0.0239895428604277));
#6925=CARTESIAN_POINT('',(-0.0154424152753394,-0.046,0.0239895428604277));
#6926=CARTESIAN_POINT('',(-0.0154424152753394,-0.046,0.022006469943761));
#6927=CARTESIAN_POINT('',(-0.0157870333308949,-0.046,0.0239895428604277));
#6928=CARTESIAN_POINT('',(-0.0161316513864505,-0.046,0.0239895428604277));
#6929=CARTESIAN_POINT('',(-0.0161316513864505,-0.046,0.0239895428604277));
#6930=CARTESIAN_POINT('',(-0.0157870333308949,-0.046,0.0239895428604277));
#6931=CARTESIAN_POINT('',(-0.0167705402753393,-0.046,0.0234808623048721));
#6932=CARTESIAN_POINT('',(-0.0174094291642282,-0.046,0.0229721817493166));
#6933=CARTESIAN_POINT('',(-0.0174094291642282,-0.046,0.0229721817493166));
#6934=CARTESIAN_POINT('',(-0.0167705402753393,-0.046,0.0234808623048721));
#6935=CARTESIAN_POINT('',(-0.0172071722197838,-0.046,0.0227200116104277));
#6936=CARTESIAN_POINT('',(-0.0170049152753394,-0.046,0.0224678414715388));
#6937=CARTESIAN_POINT('',(-0.0170049152753394,-0.046,0.0224678414715388));
#6938=CARTESIAN_POINT('',(-0.0172071722197838,-0.046,0.0227200116104277));
#6939=CARTESIAN_POINT('',(-0.0167770506920061,-0.046,0.022651001193761));
#6940=CARTESIAN_POINT('',(-0.0165491861086727,-0.046,0.0228341609159833));
#6941=CARTESIAN_POINT('',(-0.0165489167933583,-0.046,0.0228338527084075));
#6942=CARTESIAN_POINT('',(-0.0167770506920061,-0.046,0.022651001193761));
#6943=CARTESIAN_POINT('',(-0.0197151033598034,-0.046,0.0264572734119169));
#6944=CARTESIAN_POINT('',(-0.0162592294649556,-0.046,0.0231084243947888));
#6945=CARTESIAN_POINT('',(-0.0162592555531171,-0.046,0.0231075984159832));
#6946=CARTESIAN_POINT('',(-0.0197151033598034,-0.046,0.0264572734119169));
#6947=CARTESIAN_POINT('',(-0.0162657659697838,-0.046,0.0229014352215388));
#6948=CARTESIAN_POINT('',(-0.0162722763864505,-0.046,0.0226952720270944));
#6949=CARTESIAN_POINT('',(-0.0162722763864505,-0.046,0.0226952720270944));
#6950=CARTESIAN_POINT('',(-0.0162657659697838,-0.046,0.0229014352215388));
#6951=CARTESIAN_POINT('',(-0.0162766166642282,-0.046,0.0225069039715388));
#6952=CARTESIAN_POINT('',(-0.0162809569420061,-0.046,0.0223185359159832));
#6953=CARTESIAN_POINT('',(-0.0162809569420061,-0.046,0.0223185359159832));
#6954=CARTESIAN_POINT('',(-0.0162766166642282,-0.046,0.0225069039715388));
#6955=CARTESIAN_POINT('',(-0.0162809569420061,-0.046,0.0211709664715388));
#6956=CARTESIAN_POINT('',(-0.0162809569420061,-0.046,0.0211709664715388));
#6957=CARTESIAN_POINT('',(-0.00480833120539609,-0.046,0.0321));
#6958=CARTESIAN_POINT('',(-0.0135326930531171,-0.046,0.0220060359159832));
#6959=CARTESIAN_POINT('',(-0.0135326930531171,-0.047,0.0220060359159832));
#6960=CARTESIAN_POINT('',(-0.0135326930531171,-0.046,0.0215199248048721));
#6961=CARTESIAN_POINT('',(-0.0135326930531171,-0.047,0.0215199248048721));
#6962=CARTESIAN_POINT('',(-0.0134907370345986,-0.046,0.0211715451752425));
#6963=CARTESIAN_POINT('',(-0.0134907370345986,-0.047,0.0211715451752425));
#6964=CARTESIAN_POINT('',(-0.0134068249975616,-0.046,0.0209608970270944));
#6965=CARTESIAN_POINT('',(-0.0134068249975616,-0.047,0.0209608970270944));
#6966=CARTESIAN_POINT('',(-0.0135326930531171,-0.047,0.0220060359159832));
#6967=CARTESIAN_POINT('',(-0.0135326930531171,-0.047,0.0212768692493166));
#6968=CARTESIAN_POINT('',(-0.0134068249975616,-0.047,0.0209608970270944));
#6969=CARTESIAN_POINT('',(-0.0135326930531171,-0.047,0.0220060359159832));
#6970=CARTESIAN_POINT('',(-0.0134068249975616,-0.047,0.0209608970270944));
#6971=CARTESIAN_POINT('',(-0.0135326930531171,-0.046,0.0220060359159832));
#6972=CARTESIAN_POINT('',(-0.0135326930531171,-0.046,0.0220060359159832));
#6973=CARTESIAN_POINT('',(-0.0135326930531171,-0.046,0.0220060359159832));
#6974=CARTESIAN_POINT('',(-0.0135326930531171,-0.046,0.0212768692493166));
#6975=CARTESIAN_POINT('',(-0.0134068249975616,-0.046,0.0209608970270944));
#6976=CARTESIAN_POINT('',(-0.0134068249975616,-0.046,0.0209608970270944));
#6977=CARTESIAN_POINT('',(-0.0134068249975616,-0.046,0.0209608970270944));
#6978=CARTESIAN_POINT('',(-0.0134055229142283,-0.046,0.0230546470270944));
#6979=CARTESIAN_POINT('',(-0.0134055229142283,-0.047,0.0230546470270944));
#6980=CARTESIAN_POINT('',(-0.0134903030068208,-0.046,0.0228422627678351));
#6981=CARTESIAN_POINT('',(-0.0134903030068208,-0.047,0.0228422627678351));
#6982=CARTESIAN_POINT('',(-0.0135326930531171,-0.046,0.0224927257307981));
#6983=CARTESIAN_POINT('',(-0.0135326930531171,-0.047,0.0224927257307981));
#6984=CARTESIAN_POINT('',(-0.0135326930531171,-0.046,0.0220060359159832));
#6985=CARTESIAN_POINT('',(-0.0135326930531171,-0.047,0.0220060359159832));
#6986=CARTESIAN_POINT('',(-0.0134055229142283,-0.047,0.0230546470270944));
#6987=CARTESIAN_POINT('',(-0.0135326930531171,-0.047,0.0227360706382055));
#6988=CARTESIAN_POINT('',(-0.0135326930531171,-0.047,0.0220060359159832));
#6989=CARTESIAN_POINT('',(-0.0134055229142283,-0.047,0.0230546470270944));
#6990=CARTESIAN_POINT('',(-0.0134055229142283,-0.046,0.0230546470270944));
#6991=CARTESIAN_POINT('',(-0.0134055229142283,-0.046,0.0230546470270944));
#6992=CARTESIAN_POINT('',(-0.0134055229142283,-0.046,0.0230546470270944));
#6993=CARTESIAN_POINT('',(-0.0135326930531171,-0.046,0.0227360706382055));
#6994=CARTESIAN_POINT('',(-0.0135326930531171,-0.046,0.0220060359159832));
#6995=CARTESIAN_POINT('',(-0.0129823458308949,-0.046,0.0233732234159832));
#6996=CARTESIAN_POINT('',(-0.0129823458308949,-0.047,0.0233732234159832));
#6997=CARTESIAN_POINT('',(-0.0131796837938579,-0.046,0.0233732234159832));
#6998=CARTESIAN_POINT('',(-0.0131796837938579,-0.047,0.0233732234159832));
#6999=CARTESIAN_POINT('',(-0.0133207428216357,-0.046,0.0232670312863536));
#7000=CARTESIAN_POINT('',(-0.0133207428216357,-0.047,0.0232670312863536));
#7001=CARTESIAN_POINT('',(-0.0134055229142283,-0.046,0.0230546470270944));
#7002=CARTESIAN_POINT('',(-0.0134055229142283,-0.047,0.0230546470270944));
#7003=CARTESIAN_POINT('',(-0.0129823458308949,-0.047,0.0233732234159832));
#7004=CARTESIAN_POINT('',(-0.0132783527753394,-0.047,0.0233732234159832));
#7005=CARTESIAN_POINT('',(-0.0134055229142283,-0.047,0.0230546470270944));
#7006=CARTESIAN_POINT('',(-0.0129823458308949,-0.047,0.0233732234159832));
#7007=CARTESIAN_POINT('',(-0.0129823458308949,-0.046,0.0233732234159832));
#7008=CARTESIAN_POINT('',(-0.0129823458308949,-0.046,0.0233732234159832));
#7009=CARTESIAN_POINT('',(-0.0129823458308949,-0.046,0.0233732234159832));
#7010=CARTESIAN_POINT('',(-0.0132783527753394,-0.046,0.0233732234159832));
#7011=CARTESIAN_POINT('',(-0.0134055229142283,-0.046,0.0230546470270944));
#7012=CARTESIAN_POINT('',(-0.0125604708308949,-0.046,0.0230546470270944));
#7013=CARTESIAN_POINT('',(-0.0125604708308949,-0.047,0.0230546470270944));
#7014=CARTESIAN_POINT('',(-0.0126484337938579,-0.046,0.0232670312863536));
#7015=CARTESIAN_POINT('',(-0.0126484337938579,-0.047,0.0232670312863536));
#7016=CARTESIAN_POINT('',(-0.0127890587938579,-0.046,0.0233732234159832));
#7017=CARTESIAN_POINT('',(-0.0127890587938579,-0.047,0.0233732234159832));
#7018=CARTESIAN_POINT('',(-0.0129823458308949,-0.046,0.0233732234159832));
#7019=CARTESIAN_POINT('',(-0.0129823458308949,-0.047,0.0233732234159832));
#7020=CARTESIAN_POINT('',(-0.0125604708308949,-0.047,0.0230546470270944));
#7021=CARTESIAN_POINT('',(-0.0126924152753394,-0.047,0.0233732234159832));
#7022=CARTESIAN_POINT('',(-0.0129823458308949,-0.047,0.0233732234159832));
#7023=CARTESIAN_POINT('',(-0.0125604708308949,-0.047,0.0230546470270944));
#7024=CARTESIAN_POINT('',(-0.0125604708308949,-0.046,0.0230546470270944));
#7025=CARTESIAN_POINT('',(-0.0125604708308949,-0.046,0.0230546470270944));
#7026=CARTESIAN_POINT('',(-0.0125604708308949,-0.046,0.0230546470270944));
#7027=CARTESIAN_POINT('',(-0.0126924152753394,-0.046,0.0233732234159832));
#7028=CARTESIAN_POINT('',(-0.0129823458308949,-0.046,0.0233732234159832));
#7029=CARTESIAN_POINT('',(-0.0124285263864505,-0.046,0.0220060359159832));
#7030=CARTESIAN_POINT('',(-0.0124285263864505,-0.047,0.0220060359159832));
#7031=CARTESIAN_POINT('',(-0.0124285263864505,-0.046,0.0224927257307981));
#7032=CARTESIAN_POINT('',(-0.0124285263864505,-0.047,0.0224927257307981));
#7033=CARTESIAN_POINT('',(-0.012472507867932,-0.046,0.0228422627678351));
#7034=CARTESIAN_POINT('',(-0.012472507867932,-0.047,0.0228422627678351));
#7035=CARTESIAN_POINT('',(-0.0125604708308949,-0.046,0.0230546470270944));
#7036=CARTESIAN_POINT('',(-0.0125604708308949,-0.047,0.0230546470270944));
#7037=CARTESIAN_POINT('',(-0.0124285263864505,-0.047,0.0220060359159832));
#7038=CARTESIAN_POINT('',(-0.0124285263864505,-0.047,0.0227360706382055));
#7039=CARTESIAN_POINT('',(-0.0125604708308949,-0.047,0.0230546470270944));
#7040=CARTESIAN_POINT('',(-0.0124285263864505,-0.047,0.0220060359159832));
#7041=CARTESIAN_POINT('',(-0.0124285263864505,-0.046,0.0220060359159832));
#7042=CARTESIAN_POINT('',(-0.0124285263864505,-0.046,0.0220060359159832));
#7043=CARTESIAN_POINT('',(-0.0124285263864505,-0.046,0.0220060359159832));
#7044=CARTESIAN_POINT('',(-0.0124285263864505,-0.046,0.0227360706382055));
#7045=CARTESIAN_POINT('',(-0.0125604708308949,-0.046,0.0230546470270944));
#7046=CARTESIAN_POINT('',(-0.0125587347197838,-0.046,0.0209648032770943));
#7047=CARTESIAN_POINT('',(-0.0125587347197838,-0.047,0.0209648032770943));
#7048=CARTESIAN_POINT('',(-0.0124719291642283,-0.046,0.0211780555919091));
#7049=CARTESIAN_POINT('',(-0.0124719291642283,-0.047,0.0211780555919091));
#7050=CARTESIAN_POINT('',(-0.0124285263864505,-0.046,0.0215251331382054));
#7051=CARTESIAN_POINT('',(-0.0124285263864505,-0.047,0.0215251331382054));
#7052=CARTESIAN_POINT('',(-0.0124285263864505,-0.046,0.0220060359159832));
#7053=CARTESIAN_POINT('',(-0.0124285263864505,-0.047,0.0220060359159832));
#7054=CARTESIAN_POINT('',(-0.0125587347197838,-0.047,0.0209648032770943));
#7055=CARTESIAN_POINT('',(-0.0124285263864505,-0.047,0.0212846817493165));
#7056=CARTESIAN_POINT('',(-0.0124285263864505,-0.047,0.0220060359159832));
#7057=CARTESIAN_POINT('',(-0.0125587347197838,-0.047,0.0209648032770943));
#7058=CARTESIAN_POINT('',(-0.0125587347197838,-0.046,0.0209648032770943));
#7059=CARTESIAN_POINT('',(-0.0125587347197838,-0.046,0.0209648032770943));
#7060=CARTESIAN_POINT('',(-0.0125587347197838,-0.046,0.0209648032770943));
#7061=CARTESIAN_POINT('',(-0.0124285263864505,-0.046,0.0212846817493165));
#7062=CARTESIAN_POINT('',(-0.0124285263864505,-0.046,0.0220060359159832));
#7063=CARTESIAN_POINT('',(-0.0129823458308949,-0.046,0.0206449248048721));
#7064=CARTESIAN_POINT('',(-0.0129823458308949,-0.047,0.0206449248048721));
#7065=CARTESIAN_POINT('',(-0.0127867439790431,-0.046,0.0206449248048721));
#7066=CARTESIAN_POINT('',(-0.0127867439790431,-0.047,0.0206449248048721));
#7067=CARTESIAN_POINT('',(-0.0126455402753394,-0.046,0.0207515509622795));
#7068=CARTESIAN_POINT('',(-0.0126455402753394,-0.047,0.0207515509622795));
#7069=CARTESIAN_POINT('',(-0.0125587347197838,-0.046,0.0209648032770943));
#7070=CARTESIAN_POINT('',(-0.0125587347197838,-0.047,0.0209648032770943));
#7071=CARTESIAN_POINT('',(-0.0129823458308949,-0.047,0.0206449248048721));
#7072=CARTESIAN_POINT('',(-0.0126889430531171,-0.047,0.0206449248048721));
#7073=CARTESIAN_POINT('',(-0.0125587347197838,-0.047,0.0209648032770943));
#7074=CARTESIAN_POINT('',(-0.0129823458308949,-0.047,0.0206449248048721));
#7075=CARTESIAN_POINT('',(-0.0129823458308949,-0.046,0.0206449248048721));
#7076=CARTESIAN_POINT('',(-0.0129823458308949,-0.046,0.0206449248048721));
#7077=CARTESIAN_POINT('',(-0.0129823458308949,-0.046,0.0206449248048721));
#7078=CARTESIAN_POINT('',(-0.0126889430531171,-0.046,0.0206449248048721));
#7079=CARTESIAN_POINT('',(-0.0125587347197838,-0.046,0.0209648032770943));
#7080=CARTESIAN_POINT('',(-0.011593456942006,-0.046,0.0220060359159832));
#7081=CARTESIAN_POINT('',(-0.011593456942006,-0.047,0.0220060359159832));
#7082=CARTESIAN_POINT('',(-0.011593456942006,-0.046,0.0213139062863536));
#7083=CARTESIAN_POINT('',(-0.011593456942006,-0.047,0.0213139062863536));
#7084=CARTESIAN_POINT('',(-0.011706882867932,-0.046,0.020801319480798));
#7085=CARTESIAN_POINT('',(-0.011706882867932,-0.047,0.020801319480798));
#7086=CARTESIAN_POINT('',(-0.0119337347197838,-0.046,0.0204682754993166));
#7087=CARTESIAN_POINT('',(-0.0119337347197838,-0.047,0.0204682754993166));
#7088=CARTESIAN_POINT('',(-0.011593456942006,-0.046,0.0220060359159832));
#7089=CARTESIAN_POINT('',(-0.011593456942006,-0.046,0.0220060359159832));
#7090=CARTESIAN_POINT('',(-0.011593456942006,-0.046,0.0220060359159832));
#7091=CARTESIAN_POINT('',(-0.011593456942006,-0.046,0.0209678414715388));
#7092=CARTESIAN_POINT('',(-0.0119337347197838,-0.046,0.0204682754993166));
#7093=CARTESIAN_POINT('',(-0.0119337347197838,-0.046,0.0204682754993166));
#7094=CARTESIAN_POINT('',(-0.0119337347197838,-0.046,0.0204682754993166));
#7095=CARTESIAN_POINT('',(-0.0119445854142283,-0.046,0.0235312095270944));
#7096=CARTESIAN_POINT('',(-0.0119445854142283,-0.047,0.0235312095270944));
#7097=CARTESIAN_POINT('',(-0.0117104997660801,-0.046,0.0231839873048721));
#7098=CARTESIAN_POINT('',(-0.0117104997660801,-0.047,0.0231839873048721));
#7099=CARTESIAN_POINT('',(-0.011593456942006,-0.046,0.0226755961011684));
#7100=CARTESIAN_POINT('',(-0.011593456942006,-0.047,0.0226755961011684));
#7101=CARTESIAN_POINT('',(-0.011593456942006,-0.046,0.0220060359159832));
#7102=CARTESIAN_POINT('',(-0.011593456942006,-0.047,0.0220060359159832));
#7103=CARTESIAN_POINT('',(-0.0119445854142283,-0.046,0.0235312095270944));
#7104=CARTESIAN_POINT('',(-0.0119445854142283,-0.046,0.0235312095270944));
#7105=CARTESIAN_POINT('',(-0.0119445854142283,-0.046,0.0235312095270944));
#7106=CARTESIAN_POINT('',(-0.011593456942006,-0.046,0.023010376193761));
#7107=CARTESIAN_POINT('',(-0.011593456942006,-0.046,0.0220060359159832));
#7108=CARTESIAN_POINT('',(-0.0129823458308949,-0.046,0.0240520428604277));
#7109=CARTESIAN_POINT('',(-0.0129823458308949,-0.047,0.0240520428604277));
#7110=CARTESIAN_POINT('',(-0.0125245912012653,-0.046,0.0240520428604277));
#7111=CARTESIAN_POINT('',(-0.0125245912012653,-0.047,0.0240520428604277));
#7112=CARTESIAN_POINT('',(-0.0121786710623764,-0.046,0.0238784317493166));
#7113=CARTESIAN_POINT('',(-0.0121786710623764,-0.047,0.0238784317493166));
#7114=CARTESIAN_POINT('',(-0.0119445854142283,-0.046,0.0235312095270944));
#7115=CARTESIAN_POINT('',(-0.0119445854142283,-0.047,0.0235312095270944));
#7116=CARTESIAN_POINT('',(-0.0129823458308949,-0.046,0.0240520428604277));
#7117=CARTESIAN_POINT('',(-0.0129823458308949,-0.046,0.0240520428604277));
#7118=CARTESIAN_POINT('',(-0.0129823458308949,-0.046,0.0240520428604277));
#7119=CARTESIAN_POINT('',(-0.0122957138864505,-0.046,0.0240520428604277));
#7120=CARTESIAN_POINT('',(-0.0119445854142283,-0.046,0.0235312095270944));
#7121=CARTESIAN_POINT('',(-0.0140266166642283,-0.046,0.0235542129993166));
#7122=CARTESIAN_POINT('',(-0.0140266166642283,-0.047,0.0235542129993166));
#7123=CARTESIAN_POINT('',(-0.0138003435160801,-0.046,0.0238860995733907));
#7124=CARTESIAN_POINT('',(-0.0138003435160801,-0.047,0.0238860995733907));
#7125=CARTESIAN_POINT('',(-0.0134522532383023,-0.046,0.0240520428604277));
#7126=CARTESIAN_POINT('',(-0.0134522532383023,-0.047,0.0240520428604277));
#7127=CARTESIAN_POINT('',(-0.0129823458308949,-0.046,0.0240520428604277));
#7128=CARTESIAN_POINT('',(-0.0129823458308949,-0.047,0.0240520428604277));
#7129=CARTESIAN_POINT('',(-0.0140266166642283,-0.046,0.0235542129993166));
#7130=CARTESIAN_POINT('',(-0.0140266166642283,-0.046,0.0235542129993166));
#7131=CARTESIAN_POINT('',(-0.0140266166642283,-0.046,0.0235542129993166));
#7132=CARTESIAN_POINT('',(-0.013687206942006,-0.046,0.0240520428604277));
#7133=CARTESIAN_POINT('',(-0.0129823458308949,-0.046,0.0240520428604277));
#7134=CARTESIAN_POINT('',(-0.0143660263864505,-0.046,0.0220060359159832));
#7135=CARTESIAN_POINT('',(-0.0143660263864505,-0.047,0.0220060359159832));
#7136=CARTESIAN_POINT('',(-0.0143660263864505,-0.046,0.0227062673974647));
#7137=CARTESIAN_POINT('',(-0.0143660263864505,-0.047,0.0227062673974647));
#7138=CARTESIAN_POINT('',(-0.0142528898123764,-0.046,0.0232223264252425));
#7139=CARTESIAN_POINT('',(-0.0142528898123764,-0.047,0.0232223264252425));
#7140=CARTESIAN_POINT('',(-0.0140266166642283,-0.046,0.0235542129993166));
#7141=CARTESIAN_POINT('',(-0.0140266166642283,-0.047,0.0235542129993166));
#7142=CARTESIAN_POINT('',(-0.0143660263864505,-0.046,0.0220060359159832));
#7143=CARTESIAN_POINT('',(-0.0143660263864505,-0.046,0.0220060359159832));
#7144=CARTESIAN_POINT('',(-0.0143660263864505,-0.046,0.0220060359159832));
#7145=CARTESIAN_POINT('',(-0.0143660263864505,-0.046,0.0230563831382055));
#7146=CARTESIAN_POINT('',(-0.0140266166642283,-0.046,0.0235542129993166));
#7147=CARTESIAN_POINT('',(-0.0140175020808949,-0.046,0.0204843345270944));
#7148=CARTESIAN_POINT('',(-0.0140175020808949,-0.047,0.0204843345270944));
#7149=CARTESIAN_POINT('',(-0.014249851617932,-0.046,0.0208280845270944));
#7150=CARTESIAN_POINT('',(-0.014249851617932,-0.047,0.0208280845270944));
#7151=CARTESIAN_POINT('',(-0.0143660263864505,-0.046,0.0213353183233907));
#7152=CARTESIAN_POINT('',(-0.0143660263864505,-0.047,0.0213353183233907));
#7153=CARTESIAN_POINT('',(-0.0143660263864505,-0.046,0.0220060359159832));
#7154=CARTESIAN_POINT('',(-0.0143660263864505,-0.047,0.0220060359159832));
#7155=CARTESIAN_POINT('',(-0.0140175020808949,-0.046,0.0204843345270944));
#7156=CARTESIAN_POINT('',(-0.0140175020808949,-0.046,0.0204843345270944));
#7157=CARTESIAN_POINT('',(-0.0140175020808949,-0.046,0.0204843345270944));
#7158=CARTESIAN_POINT('',(-0.0143660263864505,-0.046,0.0209999595270943));
#7159=CARTESIAN_POINT('',(-0.0143660263864505,-0.046,0.0220060359159832));
#7160=CARTESIAN_POINT('',(-0.0129823458308949,-0.046,0.0199687095270943));
#7161=CARTESIAN_POINT('',(-0.0129823458308949,-0.047,0.0199687095270943));
#7162=CARTESIAN_POINT('',(-0.0134401004605245,-0.046,0.0199687095270943));
#7163=CARTESIAN_POINT('',(-0.0134401004605245,-0.047,0.0199687095270943));
#7164=CARTESIAN_POINT('',(-0.0137851525438579,-0.046,0.0201405845270944));
#7165=CARTESIAN_POINT('',(-0.0137851525438579,-0.047,0.0201405845270944));
#7166=CARTESIAN_POINT('',(-0.0140175020808949,-0.046,0.0204843345270944));
#7167=CARTESIAN_POINT('',(-0.0140175020808949,-0.047,0.0204843345270944));
#7168=CARTESIAN_POINT('',(-0.0129823458308949,-0.046,0.0199687095270943));
#7169=CARTESIAN_POINT('',(-0.0129823458308949,-0.046,0.0199687095270943));
#7170=CARTESIAN_POINT('',(-0.0129823458308949,-0.046,0.0199687095270943));
#7171=CARTESIAN_POINT('',(-0.0136689777753394,-0.046,0.0199687095270943));
#7172=CARTESIAN_POINT('',(-0.0140175020808949,-0.046,0.0204843345270944));
#7173=CARTESIAN_POINT('',(-0.0119337347197838,-0.046,0.0204682754993166));
#7174=CARTESIAN_POINT('',(-0.0119337347197838,-0.047,0.0204682754993166));
#7175=CARTESIAN_POINT('',(-0.0121605865716357,-0.046,0.0201352315178351));
#7176=CARTESIAN_POINT('',(-0.0121605865716357,-0.047,0.0201352315178351));
#7177=CARTESIAN_POINT('',(-0.0125101236086727,-0.046,0.0199687095270943));
#7178=CARTESIAN_POINT('',(-0.0125101236086727,-0.047,0.0199687095270943));
#7179=CARTESIAN_POINT('',(-0.0129823458308949,-0.046,0.0199687095270943));
#7180=CARTESIAN_POINT('',(-0.0129823458308949,-0.047,0.0199687095270943));
#7181=CARTESIAN_POINT('',(-0.0119337347197838,-0.046,0.0204682754993166));
#7182=CARTESIAN_POINT('',(-0.0122740124975616,-0.046,0.0199687095270943));
#7183=CARTESIAN_POINT('',(-0.0129823458308949,-0.046,0.0199687095270943));
#7184=CARTESIAN_POINT('',(-0.0134068249975616,-0.046,0.0209608970270944));
#7185=CARTESIAN_POINT('',(-0.0134068249975616,-0.047,0.0209608970270944));
#7186=CARTESIAN_POINT('',(-0.0133229129605246,-0.046,0.0207502488789462));
#7187=CARTESIAN_POINT('',(-0.0133229129605246,-0.047,0.0207502488789462));
#7188=CARTESIAN_POINT('',(-0.013181419904969,-0.046,0.0206449248048721));
#7189=CARTESIAN_POINT('',(-0.013181419904969,-0.047,0.0206449248048721));
#7190=CARTESIAN_POINT('',(-0.0129823458308949,-0.046,0.0206449248048721));
#7191=CARTESIAN_POINT('',(-0.0129823458308949,-0.047,0.0206449248048721));
#7192=CARTESIAN_POINT('',(-0.0134068249975616,-0.047,0.0209608970270944));
#7193=CARTESIAN_POINT('',(-0.013280956942006,-0.047,0.0206449248048721));
#7194=CARTESIAN_POINT('',(-0.0129823458308949,-0.047,0.0206449248048721));
#7195=CARTESIAN_POINT('',(-0.0134068249975616,-0.046,0.0209608970270944));
#7196=CARTESIAN_POINT('',(-0.013280956942006,-0.046,0.0206449248048721));
#7197=CARTESIAN_POINT('',(-0.0129823458308949,-0.046,0.0206449248048721));
#7198=CARTESIAN_POINT('',(-0.00480833120539609,-0.046,0.0321));
#7199=CARTESIAN_POINT('',(-0.0220695238714497,-0.046,0.0184938028564629));
#7200=CARTESIAN_POINT('',(-0.0220695238714497,-0.047,0.0184938028564629));
#7201=CARTESIAN_POINT('',(-0.0225047813945979,-0.046,0.0184938028564629));
#7202=CARTESIAN_POINT('',(-0.0225047813945979,-0.047,0.0184938028564629));
#7203=CARTESIAN_POINT('',(-0.0228417677950609,-0.046,0.0183302828911851));
#7204=CARTESIAN_POINT('',(-0.0228417677950609,-0.047,0.0183302828911851));
#7205=CARTESIAN_POINT('',(-0.0230804830728386,-0.046,0.0180032429606295));
#7206=CARTESIAN_POINT('',(-0.0230804830728386,-0.047,0.0180032429606295));
#7207=CARTESIAN_POINT('',(-0.0220695238714497,-0.046,0.0184938028564629));
#7208=CARTESIAN_POINT('',(-0.0220695238714497,-0.046,0.0184938028564629));
#7209=CARTESIAN_POINT('',(-0.0220695238714497,-0.046,0.0184938028564629));
#7210=CARTESIAN_POINT('',(-0.022722410156172,-0.046,0.0184938028564629));
#7211=CARTESIAN_POINT('',(-0.0230804830728386,-0.046,0.0180032429606295));
#7212=CARTESIAN_POINT('',(-0.0230804830728386,-0.046,0.0180032429606295));
#7213=CARTESIAN_POINT('',(-0.0230804830728386,-0.046,0.0180032429606295));
#7214=CARTESIAN_POINT('',(-0.0220849358993494,-0.046,0.0166589235935053));
#7215=CARTESIAN_POINT('',(-0.0214619934895053,-0.046,0.0183857841932684));
#7216=CARTESIAN_POINT('',(-0.0214620605392331,-0.046,0.0183856019522621));
#7217=CARTESIAN_POINT('',(-0.0220849358993494,-0.046,0.0166589235935053));
#7218=CARTESIAN_POINT('',(-0.0235211410635392,-0.046,0.0125138102458797));
#7219=CARTESIAN_POINT('',(-0.0208461285816242,-0.046,0.0181320974126414));
#7220=CARTESIAN_POINT('',(-0.0208461285816612,-0.046,0.0181320974126268));
#7221=CARTESIAN_POINT('',(-0.0235211410635392,-0.046,0.0125138102458797));
#7222=CARTESIAN_POINT('',(-0.020659910156172,-0.046,0.0186024183078517));
#7223=CARTESIAN_POINT('',(-0.0204737122395053,-0.046,0.019072687405074));
#7224=CARTESIAN_POINT('',(-0.0204737122395053,-0.046,0.019072687405074));
#7225=CARTESIAN_POINT('',(-0.020659910156172,-0.046,0.0186024183078517));
#7226=CARTESIAN_POINT('',(-0.0220695238714497,-0.046,0.0194558254259073));
#7227=CARTESIAN_POINT('',(-0.0220695238714497,-0.047,0.0194558254259073));
#7228=CARTESIAN_POINT('',(-0.0215403716723757,-0.046,0.0194558254259073));
#7229=CARTESIAN_POINT('',(-0.0215403716723757,-0.047,0.0194558254259073));
#7230=CARTESIAN_POINT('',(-0.0210084344617275,-0.046,0.0193281127522962));
#7231=CARTESIAN_POINT('',(-0.0210084344617275,-0.047,0.0193281127522962));
#7232=CARTESIAN_POINT('',(-0.0204737122395053,-0.046,0.019072687405074));
#7233=CARTESIAN_POINT('',(-0.0204737122395053,-0.047,0.019072687405074));
#7234=CARTESIAN_POINT('',(-0.0220695238714497,-0.046,0.0194558254259073));
#7235=CARTESIAN_POINT('',(-0.0220695238714497,-0.046,0.0194558254259073));
#7236=CARTESIAN_POINT('',(-0.0220695238714497,-0.046,0.0194558254259073));
#7237=CARTESIAN_POINT('',(-0.0212757955728386,-0.046,0.0194558254259073));
#7238=CARTESIAN_POINT('',(-0.0204737122395053,-0.046,0.019072687405074));
#7239=CARTESIAN_POINT('',(-0.0234290073783942,-0.046,0.0191150593668795));
#7240=CARTESIAN_POINT('',(-0.0234290073783942,-0.047,0.0191150593668795));
#7241=CARTESIAN_POINT('',(-0.0230422886283942,-0.046,0.0193422367395647));
#7242=CARTESIAN_POINT('',(-0.0230422886283942,-0.047,0.0193422367395647));
#7243=CARTESIAN_POINT('',(-0.0225891274594127,-0.046,0.0194558254259073));
#7244=CARTESIAN_POINT('',(-0.0225891274594127,-0.047,0.0194558254259073));
#7245=CARTESIAN_POINT('',(-0.0220695238714497,-0.046,0.0194558254259073));
#7246=CARTESIAN_POINT('',(-0.0220695238714497,-0.047,0.0194558254259073));
#7247=CARTESIAN_POINT('',(-0.0234290073783942,-0.046,0.0191150593668795));
#7248=CARTESIAN_POINT('',(-0.0234290073783942,-0.046,0.0191150593668795));
#7249=CARTESIAN_POINT('',(-0.0234290073783942,-0.046,0.0191150593668795));
#7250=CARTESIAN_POINT('',(-0.0228489292533942,-0.046,0.0194558254259073));
#7251=CARTESIAN_POINT('',(-0.0220695238714497,-0.046,0.0194558254259073));
#7252=CARTESIAN_POINT('',(-0.0243188185763108,-0.046,0.0181345363634073));
#7253=CARTESIAN_POINT('',(-0.0243188185763108,-0.047,0.0181345363634073));
#7254=CARTESIAN_POINT('',(-0.0241123298610331,-0.046,0.0185610409930369));
#7255=CARTESIAN_POINT('',(-0.0241123298610331,-0.047,0.0185610409930369));
#7256=CARTESIAN_POINT('',(-0.0238157261283942,-0.046,0.0188878819941943));
#7257=CARTESIAN_POINT('',(-0.0238157261283942,-0.047,0.0188878819941943));
#7258=CARTESIAN_POINT('',(-0.0234290073783942,-0.046,0.0191150593668795));
#7259=CARTESIAN_POINT('',(-0.0234290073783942,-0.047,0.0191150593668795));
#7260=CARTESIAN_POINT('',(-0.0243188185763108,-0.046,0.0181345363634073));
#7261=CARTESIAN_POINT('',(-0.0243188185763108,-0.046,0.0181345363634073));
#7262=CARTESIAN_POINT('',(-0.0243188185763108,-0.046,0.0181345363634073));
#7263=CARTESIAN_POINT('',(-0.0240090855033942,-0.046,0.0187742933078517));
#7264=CARTESIAN_POINT('',(-0.0234290073783942,-0.046,0.0191150593668795));
#7265=CARTESIAN_POINT('',(-0.0246285516492275,-0.046,0.016643759453685));
#7266=CARTESIAN_POINT('',(-0.0246285516492275,-0.047,0.016643759453685));
#7267=CARTESIAN_POINT('',(-0.0246285516492275,-0.046,0.0172111060972036));
#7268=CARTESIAN_POINT('',(-0.0246285516492275,-0.047,0.0172111060972036));
#7269=CARTESIAN_POINT('',(-0.0245253072915886,-0.046,0.0177080317337777));
#7270=CARTESIAN_POINT('',(-0.0245253072915886,-0.047,0.0177080317337777));
#7271=CARTESIAN_POINT('',(-0.0243188185763108,-0.046,0.0181345363634073));
#7272=CARTESIAN_POINT('',(-0.0243188185763108,-0.047,0.0181345363634073));
#7273=CARTESIAN_POINT('',(-0.0246285516492275,-0.046,0.016643759453685));
#7274=CARTESIAN_POINT('',(-0.0246285516492275,-0.046,0.016643759453685));
#7275=CARTESIAN_POINT('',(-0.0246285516492275,-0.046,0.016643759453685));
#7276=CARTESIAN_POINT('',(-0.0246285516492275,-0.046,0.0174947794189629));
#7277=CARTESIAN_POINT('',(-0.0243188185763108,-0.046,0.0181345363634073));
#7278=CARTESIAN_POINT('',(-0.0239983433158942,-0.046,0.0145717108425739));
#7279=CARTESIAN_POINT('',(-0.0239983433158942,-0.047,0.0145717108425739));
#7280=CARTESIAN_POINT('',(-0.0244184822047831,-0.046,0.0150531199860924));
#7281=CARTESIAN_POINT('',(-0.0244184822047831,-0.047,0.0150531199860924));
#7282=CARTESIAN_POINT('',(-0.0246285516492275,-0.046,0.0157438028564628));
#7283=CARTESIAN_POINT('',(-0.0246285516492275,-0.047,0.0157438028564628));
#7284=CARTESIAN_POINT('',(-0.0246285516492275,-0.046,0.016643759453685));
#7285=CARTESIAN_POINT('',(-0.0246285516492275,-0.047,0.016643759453685));
#7286=CARTESIAN_POINT('',(-0.0239983433158942,-0.046,0.0145717108425739));
#7287=CARTESIAN_POINT('',(-0.0239983433158942,-0.046,0.0145717108425739));
#7288=CARTESIAN_POINT('',(-0.0239983433158942,-0.046,0.0145717108425739));
#7289=CARTESIAN_POINT('',(-0.0246285516492275,-0.046,0.0152938245578517));
#7290=CARTESIAN_POINT('',(-0.0246285516492275,-0.046,0.016643759453685));
#7291=CARTESIAN_POINT('',(-0.0221781393228387,-0.046,0.0138495971272962));
#7292=CARTESIAN_POINT('',(-0.0221781393228387,-0.047,0.0138495971272962));
#7293=CARTESIAN_POINT('',(-0.0229714697626534,-0.046,0.0138495971272962));
#7294=CARTESIAN_POINT('',(-0.0229714697626534,-0.047,0.0138495971272962));
#7295=CARTESIAN_POINT('',(-0.0235782044270053,-0.046,0.0140903016990554));
#7296=CARTESIAN_POINT('',(-0.0235782044270053,-0.047,0.0140903016990554));
#7297=CARTESIAN_POINT('',(-0.0239983433158942,-0.046,0.0145717108425739));
#7298=CARTESIAN_POINT('',(-0.0239983433158942,-0.047,0.0145717108425739));
#7299=CARTESIAN_POINT('',(-0.0221781393228387,-0.046,0.0138495971272962));
#7300=CARTESIAN_POINT('',(-0.0221781393228387,-0.046,0.0138495971272962));
#7301=CARTESIAN_POINT('',(-0.0221781393228387,-0.046,0.0138495971272962));
#7302=CARTESIAN_POINT('',(-0.0233681349825609,-0.046,0.0138495971272962));
#7303=CARTESIAN_POINT('',(-0.0239983433158942,-0.046,0.0145717108425739));
#7304=CARTESIAN_POINT('',(-0.0206790073783942,-0.046,0.0141300875786851));
#7305=CARTESIAN_POINT('',(-0.0206790073783942,-0.047,0.0141300875786851));
#7306=CARTESIAN_POINT('',(-0.0211262006654312,-0.046,0.0139430939444258));
#7307=CARTESIAN_POINT('',(-0.0211262006654312,-0.047,0.0139430939444258));
#7308=CARTESIAN_POINT('',(-0.0216259113135794,-0.046,0.0138495971272962));
#7309=CARTESIAN_POINT('',(-0.0216259113135794,-0.047,0.0138495971272962));
#7310=CARTESIAN_POINT('',(-0.0221781393228387,-0.046,0.0138495971272962));
#7311=CARTESIAN_POINT('',(-0.0221781393228387,-0.047,0.0138495971272962));
#7312=CARTESIAN_POINT('',(-0.0206790073783942,-0.046,0.0141300875786851));
#7313=CARTESIAN_POINT('',(-0.0206790073783942,-0.046,0.0141300875786851));
#7314=CARTESIAN_POINT('',(-0.0206790073783942,-0.046,0.0141300875786851));
#7315=CARTESIAN_POINT('',(-0.0213497973089498,-0.046,0.0138495971272962));
#7316=CARTESIAN_POINT('',(-0.0221781393228387,-0.046,0.0138495971272962));
#7317=CARTESIAN_POINT('',(-0.0206790073783942,-0.046,0.0146146795925739));
#7318=CARTESIAN_POINT('',(-0.0206790073783942,-0.046,0.0150992716064628));
#7319=CARTESIAN_POINT('',(-0.0206790073783942,-0.046,0.0150992716064628));
#7320=CARTESIAN_POINT('',(-0.0206790073783942,-0.046,0.0146146795925739));
#7321=CARTESIAN_POINT('',(-0.0220695238714497,-0.046,0.0148128132731295));
#7322=CARTESIAN_POINT('',(-0.0220695238714497,-0.047,0.0148128132731295));
#7323=CARTESIAN_POINT('',(-0.0216867837094127,-0.046,0.0148128132731295));
#7324=CARTESIAN_POINT('',(-0.0216867837094127,-0.047,0.0148128132731295));
#7325=CARTESIAN_POINT('',(-0.0212232782117275,-0.046,0.0149082993842406));
#7326=CARTESIAN_POINT('',(-0.0212232782117275,-0.047,0.0149082993842406));
#7327=CARTESIAN_POINT('',(-0.0206790073783942,-0.046,0.0150992716064628));
#7328=CARTESIAN_POINT('',(-0.0206790073783942,-0.047,0.0150992716064628));
#7329=CARTESIAN_POINT('',(-0.0220695238714497,-0.046,0.0148128132731295));
#7330=CARTESIAN_POINT('',(-0.0220695238714497,-0.046,0.0148128132731295));
#7331=CARTESIAN_POINT('',(-0.0220695238714497,-0.046,0.0148128132731295));
#7332=CARTESIAN_POINT('',(-0.0214954136283942,-0.046,0.0148128132731295));
#7333=CARTESIAN_POINT('',(-0.0206790073783942,-0.046,0.0150992716064628));
#7334=CARTESIAN_POINT('',(-0.0234385559895053,-0.046,0.0166365979953517));
#7335=CARTESIAN_POINT('',(-0.0234385559895053,-0.047,0.0166365979953517));
#7336=CARTESIAN_POINT('',(-0.0234385559895053,-0.046,0.0154207415138702));
#7337=CARTESIAN_POINT('',(-0.0234385559895053,-0.047,0.0154207415138702));
#7338=CARTESIAN_POINT('',(-0.0229822119501534,-0.046,0.0148128132731295));
#7339=CARTESIAN_POINT('',(-0.0229822119501534,-0.047,0.0148128132731295));
#7340=CARTESIAN_POINT('',(-0.0220695238714497,-0.046,0.0148128132731295));
#7341=CARTESIAN_POINT('',(-0.0220695238714497,-0.047,0.0148128132731295));
#7342=CARTESIAN_POINT('',(-0.0234385559895053,-0.046,0.0166365979953517));
#7343=CARTESIAN_POINT('',(-0.0234385559895053,-0.046,0.0166365979953517));
#7344=CARTESIAN_POINT('',(-0.0234385559895053,-0.046,0.0166365979953517));
#7345=CARTESIAN_POINT('',(-0.0234385559895053,-0.046,0.0148128132731295));
#7346=CARTESIAN_POINT('',(-0.0220695238714497,-0.046,0.0148128132731295));
#7347=CARTESIAN_POINT('',(-0.0230804830728386,-0.046,0.0180032429606295));
#7348=CARTESIAN_POINT('',(-0.0230804830728386,-0.047,0.0180032429606295));
#7349=CARTESIAN_POINT('',(-0.0233191983506164,-0.046,0.0176762030300739));
#7350=CARTESIAN_POINT('',(-0.0233191983506164,-0.047,0.0176762030300739));
#7351=CARTESIAN_POINT('',(-0.0234385559895053,-0.046,0.0172206547083147));
#7352=CARTESIAN_POINT('',(-0.0234385559895053,-0.047,0.0172206547083147));
#7353=CARTESIAN_POINT('',(-0.0234385559895053,-0.046,0.0166365979953517));
#7354=CARTESIAN_POINT('',(-0.0234385559895053,-0.047,0.0166365979953517));
#7355=CARTESIAN_POINT('',(-0.0230804830728386,-0.046,0.0180032429606295));
#7356=CARTESIAN_POINT('',(-0.0234385559895053,-0.046,0.0175126830647961));
#7357=CARTESIAN_POINT('',(-0.0234385559895053,-0.046,0.0166365979953517));
#7358=CARTESIAN_POINT('',(-0.00480833120539609,-0.046,0.0321));
#7359=CARTESIAN_POINT('',(-0.00147653668254083,-0.047,0.0188967293004329));
#7360=CARTESIAN_POINT('',(-0.00147653668254083,-0.047,0.0188967293004329));
#7361=CARTESIAN_POINT('',(0.0135166687946039,-0.046,0.0476));
#7362=CARTESIAN_POINT('',(0.0105166687946039,-0.046,0.0476));
#7363=CARTESIAN_POINT('',(0.00751666879460392,-0.046,0.0476));
#7364=CARTESIAN_POINT('',(0.0105166687946039,-0.047,0.0476));
#7365=CARTESIAN_POINT('',(0.0135166687946039,-0.046,0.0166));
#7366=CARTESIAN_POINT('',(0.0105166687946039,-0.046,0.0166));
#7367=CARTESIAN_POINT('',(0.0075166687946039,-0.046,0.0166));
#7368=CARTESIAN_POINT('',(0.0105166687946039,-0.047,0.0166));
#7369=CARTESIAN_POINT('',(-0.010862651307988,-0.047,0.0419835011575483));
#7370=CARTESIAN_POINT('',(-0.00932891562905099,-0.0465,0.0394051965077531));
#7371=CARTESIAN_POINT('',(-0.00836616655995816,-0.047,0.0421160300331877));
#7372=CARTESIAN_POINT('',(-0.00487108791272785,-0.0465,0.0423015704590824));
#7373=CARTESIAN_POINT('',(-0.00156177289813478,-0.047,0.0434410589996809));
#7374=CARTESIAN_POINT('',(-0.00498333120539614,-0.0465,0.0321));
#7375=CARTESIAN_POINT('',(0.00225417650561321,-0.0465,0.0276425924425652));
#7376=CARTESIAN_POINT('',(0.0105166687946039,-0.047,0.0476));
#7377=CARTESIAN_POINT('',(0.0105166687946039,-0.047,0.0348255902692522));
#7378=CARTESIAN_POINT('',(0.00480859099185184,-0.047,0.0260693897752352));
#7379=CARTESIAN_POINT('',(0.00557737605126563,-0.0465,0.0289692121029687));
#7380=CARTESIAN_POINT('',(0.0105166687946039,-0.0465,0.031325590269257));
#7381=CARTESIAN_POINT('',(0.0105166687946039,-0.047,0.0278255902692618));
#7382=CARTESIAN_POINT('',(0.0105166687946041,-0.0465,0.0476));
#7383=CARTESIAN_POINT('',(-0.010862651307988,-0.044,0.0419835011575483));
#7384=CARTESIAN_POINT('',(-0.00958453824220716,-0.044,0.0398349139493856));
#7385=CARTESIAN_POINT('',(-0.00786686961035793,-0.0445,0.0421425358083153));
#7386=CARTESIAN_POINT('',(-0.00487108791272785,-0.044,0.0423015704590824));
#7387=CARTESIAN_POINT('',(-0.00203453218592991,-0.0445,0.0432782749224538));
#7388=CARTESIAN_POINT('',(-0.00498333120539614,-0.044,0.0321));
#7389=CARTESIAN_POINT('',(0.00267991225331965,-0.044,0.0273803919980102));
#7390=CARTESIAN_POINT('',(0.0105166687946039,-0.0445,0.0476));
#7391=CARTESIAN_POINT('',(0.0105166687946039,-0.0445,0.034325590269257));
#7392=CARTESIAN_POINT('',(0.00480859099185184,-0.044,0.0260693897752352));
#7393=CARTESIAN_POINT('',(0.00544924520802999,-0.044,0.0284859083816799));
#7394=CARTESIAN_POINT('',(0.0105166687946039,-0.044,0.031325590269257));
#7395=CARTESIAN_POINT('',(0.0105166687946039,-0.0445,0.028325590269257));
#7396=CARTESIAN_POINT('',(0.0105166687946041,-0.044,0.0476));
#7397=CARTESIAN_POINT('',(-0.0049833312053961,-0.0465,-0.00835448905537344));
#7398=CARTESIAN_POINT('',(0.00779935723415969,-0.047,0.0122252179616035));
#7399=CARTESIAN_POINT('',(-0.017502202988598,-0.0465,0.0118004818413709));
#7400=CARTESIAN_POINT('',(-0.0204833312053961,-0.047,0.0166));
#7401=CARTESIAN_POINT('',(-0.0225556050315307,-0.0465,0.0218562516292047));
#7402=CARTESIAN_POINT('',(0.0105166687946039,-0.047,0.0166));
#7403=CARTESIAN_POINT('',(0.0142567989858639,-0.047,0.0201403285373572));
#7404=CARTESIAN_POINT('',(-0.0260947543903569,-0.0465,0.0308331828381596));
#7405=CARTESIAN_POINT('',(-0.0164626826444254,-0.0465,0.0314111672632228));
#7406=CARTESIAN_POINT('',(0.018030796724933,-0.0465,0.0237127153828125));
#7407=CARTESIAN_POINT('',(0.0143802863546518,-0.047,0.0274111989564614));
#7408=CARTESIAN_POINT('',(-0.0049833312053961,-0.047,0.0321));
#7409=CARTESIAN_POINT('',(-0.0127710309918748,-0.0465,0.0405617806657747));
#7410=CARTESIAN_POINT('',(0.0105166687946039,-0.047,0.031325590269257));
#7411=CARTESIAN_POINT('',(0.0141294012553301,-0.047,0.0354726572047206));
#7412=CARTESIAN_POINT('',(-0.017934214820756,-0.0465,0.046171874826431));
#7413=CARTESIAN_POINT('',(-0.0106239067868776,-0.0465,0.0440059985160052));
#7414=CARTESIAN_POINT('',(0.0178101732616461,-0.0465,0.0396978269482074));
#7415=CARTESIAN_POINT('',(0.0140096020955797,-0.047,0.04381556913725));
#7416=CARTESIAN_POINT('',(-0.00487108791272848,-0.047,0.0423015704590797));
#7417=CARTESIAN_POINT('',(-0.00263017970252156,-0.0456877951346298,0.0487346463579975));
#7418=CARTESIAN_POINT('',(0.0105166687946039,-0.047,0.0476));
#7419=CARTESIAN_POINT('',(0.00628555090560631,-0.047,0.050536007733199));
#7420=CARTESIAN_POINT('',(-0.00038927149231463,-0.0465,0.0551677222569153));
#7421=CARTESIAN_POINT('',(-0.0049833312053961,-0.044,-0.00835448905537344));
#7422=CARTESIAN_POINT('',(0.00753554057780588,-0.0445,0.0118004818413709));
#7423=CARTESIAN_POINT('',(-0.0177660196449518,-0.044,0.0122252179616035));
#7424=CARTESIAN_POINT('',(-0.0204833312053961,-0.0445,0.0166));
#7425=CARTESIAN_POINT('',(-0.0223722179672711,-0.044,0.0213910966177706));
#7426=CARTESIAN_POINT('',(0.0105166687946039,-0.0445,0.0166));
#7427=CARTESIAN_POINT('',(0.0146199184219086,-0.0445,0.0204840497545763));
#7428=CARTESIAN_POINT('',(-0.0260947543903569,-0.044,0.0308331828381596));
#7429=CARTESIAN_POINT('',(-0.0159635804079458,-0.044,0.0314411165126478));
#7430=CARTESIAN_POINT('',(0.018030796724933,-0.044,0.0237127153828125));
#7431=CARTESIAN_POINT('',(0.0147315243146562,-0.0445,0.0270553452007527));
#7432=CARTESIAN_POINT('',(-0.0049833312053961,-0.0445,0.0321));
#7433=CARTESIAN_POINT('',(-0.0124324353489844,-0.044,0.0401938771585671));
#7434=CARTESIAN_POINT('',(0.0105166687946039,-0.0445,0.031325590269257));
#7435=CARTESIAN_POINT('',(0.0144578314790325,-0.0445,0.0358496632897627));
#7436=CARTESIAN_POINT('',(-0.017934214820756,-0.044,0.046171874826431));
#7437=CARTESIAN_POINT('',(-0.0101445052140318,-0.044,0.043863962844595));
#7438=CARTESIAN_POINT('',(0.0178101732616461,-0.044,0.0396978269482074));
#7439=CARTESIAN_POINT('',(0.0143487218335385,-0.0445,0.0434481486651384));
#7440=CARTESIAN_POINT('',(-0.00487108791272848,-0.0445,0.0423015704590797));
#7441=CARTESIAN_POINT('',(-0.00263017970252155,-0.0453122048653702,0.0487346463579975));
#7442=CARTESIAN_POINT('',(0.0105166687946039,-0.0445,0.0476));
#7443=CARTESIAN_POINT('',(0.00587476276104344,-0.0445,0.0508210570276843));
#7444=CARTESIAN_POINT('',(-0.00038927149231463,-0.044,0.0551677222569153));
#7445=MECHANICAL_DESIGN_GEOMETRIC_PRESENTATION_REPRESENTATION('',(#4162),
#7446);
#7446=(
GEOMETRIC_REPRESENTATION_CONTEXT(3)
GLOBAL_UNCERTAINTY_ASSIGNED_CONTEXT((#7447))
GLOBAL_UNIT_ASSIGNED_CONTEXT((#7450,#7449,#7448))
REPRESENTATION_CONTEXT('NAMEIMPRIMANTE','TOP_LEVEL_ASSEMBLY_PART')
);
#7447=UNCERTAINTY_MEASURE_WITH_UNIT(LENGTH_MEASURE(2.E-5),#7450,
'DISTANCE_ACCURACY_VALUE','Maximum Tolerance applied to model');
#7448=(
NAMED_UNIT(*)
SI_UNIT($,.STERADIAN.)
SOLID_ANGLE_UNIT()
);
#7449=(
NAMED_UNIT(*)
PLANE_ANGLE_UNIT()
SI_UNIT($,.RADIAN.)
);
#7450=(
LENGTH_UNIT()
NAMED_UNIT(*)
SI_UNIT($,.METRE.)
);
#7451=PRODUCT_DEFINITION_SHAPE('','',#7452);
#7452=PRODUCT_DEFINITION('','',#7454,#7453);
#7453=PRODUCT_DEFINITION_CONTEXT('',#7460,'design');
#7454=PRODUCT_DEFINITION_FORMATION_WITH_SPECIFIED_SOURCE('','',#7456,
 .NOT_KNOWN.);
#7455=PRODUCT_RELATED_PRODUCT_CATEGORY('','',(#7456));
#7456=PRODUCT('NAMEIMPRIMANTE','NAMEIMPRIMANTE','NAMEIMPRIMANTE',(#7458));
#7457=PRODUCT_CATEGORY('','');
#7458=PRODUCT_CONTEXT('',#7460,'mechanical');
#7459=APPLICATION_PROTOCOL_DEFINITION('international standard',
'ap242_managed_model_based_3d_engineering',2020,#7460);
#7460=APPLICATION_CONTEXT('managed model based 3d engineering');
ENDSEC;
END-ISO-10303-21;
