ISO-10303-21;
HEADER;
/* Generated by software containing ST-Developer
 * from STEP Tools, Inc. (www.steptools.com) 
 */
/* OPTION: using custom renumber hook */

FILE_DESCRIPTION(
/* description */ ('STEP AP242 Edition 2',
'CAx-IF Rec.Pracs.---Representation and Presentation of Product Manufa
cturing Information (PMI)---4.0---2014-10-13',
'CAx-IF Rec.Pracs.---3D Tessellated Geometry---0.4---2014-09-14','2;1',
'CAx-IF Rec.Pracs.---User Defined Attributes---1.5---2016-08-15'),
/* implementation_level */ '2;1');

FILE_NAME(
/* name */ 'toolhead v4 - cpap tube',
/* time_stamp */ '2026-08-19T20:10:38Z',
/* author */ (''),
/* organization */ (''),
/* preprocessor_version */ 'ST-DEVELOPER v20',
/* originating_system */ 'ONSHAPE BY PTC INC, 1.219',
/* authorisation */ '  ');

FILE_SCHEMA (('AP242_MANAGED_MODEL_BASED_3D_ENGINEERING_MIM_LF { 1 0 10303 442 3 1 4 }'));
ENDSEC;

DATA;
#10=SHAPE_REPRESENTATION_RELATIONSHIP('','',#118,#11);
#11=ADVANCED_BREP_SHAPE_REPRESENTATION('',(#116),#4859);
#12=B_SPLINE_SURFACE_WITH_KNOTS('',3,3,((#228,#229,#230,#231,#232,#233,
#234,#235,#236,#237,#238,#239,#240,#241,#242,#243,#244,#245,#246,#247,#248,
#249,#250,#251,#252,#253,#254,#255,#256,#257,#258,#259,#260,#261,#262,#263,
#264,#265,#266,#267,#268,#269,#270,#271,#272,#273,#274,#275,#276,#277,#278,
#279,#280,#281,#282,#283,#284,#285,#286,#287,#288,#289,#290,#291,#292,#293,
#294,#295,#296,#297,#298,#299,#300,#301,#302,#303,#304,#305,#306,#307,#308,
#309,#310,#311,#312,#313,#314,#315,#316,#317,#318,#319,#320,#321,#322,#323,
#324,#325,#326,#327,#328,#329,#330,#331,#332,#333,#334,#335,#336,#337,#338,
#339,#340,#341,#342,#343,#344,#345,#346,#347,#348,#349,#350,#351,#352,#353,
#354,#355,#356,#357,#358,#359,#360,#361,#362,#363,#364,#365,#366,#367,#368,
#369,#370,#371,#372,#373,#374,#375,#376,#377,#378,#379,#380,#381,#382,#383,
#384,#385,#386,#387,#388,#389,#390,#391,#392,#393,#394,#395,#396,#397,#398,
#399,#400,#401,#402,#403,#404,#405,#406,#407,#408,#409,#410,#411,#412,#413,
#414,#415,#416,#417,#418,#419,#420,#421,#422,#423,#424,#425,#426,#427,#428,
#429,#430,#431,#432,#433,#434,#435,#436,#437,#438,#439,#440,#441,#442,#443,
#444,#445,#446,#447,#448,#449,#450,#451,#452,#453,#454,#455,#456,#457,#458,
#459,#460,#461,#462,#463,#464,#465,#466,#467,#468,#469,#470,#471,#472,#473,
#474,#475,#476,#477,#478,#479,#480,#481,#482),(#483,#484,#485,#486,#487,
#488,#489,#490,#491,#492,#493,#494,#495,#496,#497,#498,#499,#500,#501,#502,
#503,#504,#505,#506,#507,#508,#509,#510,#511,#512,#513,#514,#515,#516,#517,
#518,#519,#520,#521,#522,#523,#524,#525,#526,#527,#528,#529,#530,#531,#532,
#533,#534,#535,#536,#537,#538,#539,#540,#541,#542,#543,#544,#545,#546,#547,
#548,#549,#550,#551,#552,#553,#554,#555,#556,#557,#558,#559,#560,#561,#562,
#563,#564,#565,#566,#567,#568,#569,#570,#571,#572,#573,#574,#575,#576,#577,
#578,#579,#580,#581,#582,#583,#584,#585,#586,#587,#588,#589,#590,#591,#592,
#593,#594,#595,#596,#597,#598,#599,#600,#601,#602,#603,#604,#605,#606,#607,
#608,#609,#610,#611,#612,#613,#614,#615,#616,#617,#618,#619,#620,#621,#622,
#623,#624,#625,#626,#627,#628,#629,#630,#631,#632,#633,#634,#635,#636,#637,
#638,#639,#640,#641,#642,#643,#644,#645,#646,#647,#648,#649,#650,#651,#652,
#653,#654,#655,#656,#657,#658,#659,#660,#661,#662,#663,#664,#665,#666,#667,
#668,#669,#670,#671,#672,#673,#674,#675,#676,#677,#678,#679,#680,#681,#682,
#683,#684,#685,#686,#687,#688,#689,#690,#691,#692,#693,#694,#695,#696,#697,
#698,#699,#700,#701,#702,#703,#704,#705,#706,#707,#708,#709,#710,#711,#712,
#713,#714,#715,#716,#717,#718,#719,#720,#721,#722,#723,#724,#725,#726,#727,
#728,#729,#730,#731,#732,#733,#734,#735,#736,#737),(#738,#739,#740,#741,
#742,#743,#744,#745,#746,#747,#748,#749,#750,#751,#752,#753,#754,#755,#756,
#757,#758,#759,#760,#761,#762,#763,#764,#765,#766,#767,#768,#769,#770,#771,
#772,#773,#774,#775,#776,#777,#778,#779,#780,#781,#782,#783,#784,#785,#786,
#787,#788,#789,#790,#791,#792,#793,#794,#795,#796,#797,#798,#799,#800,#801,
#802,#803,#804,#805,#806,#807,#808,#809,#810,#811,#812,#813,#814,#815,#816,
#817,#818,#819,#820,#821,#822,#823,#824,#825,#826,#827,#828,#829,#830,#831,
#832,#833,#834,#835,#836,#837,#838,#839,#840,#841,#842,#843,#844,#845,#846,
#847,#848,#849,#850,#851,#852,#853,#854,#855,#856,#857,#858,#859,#860,#861,
#862,#863,#864,#865,#866,#867,#868,#869,#870,#871,#872,#873,#874,#875,#876,
#877,#878,#879,#880,#881,#882,#883,#884,#885,#886,#887,#888,#889,#890,#891,
#892,#893,#894,#895,#896,#897,#898,#899,#900,#901,#902,#903,#904,#905,#906,
#907,#908,#909,#910,#911,#912,#913,#914,#915,#916,#917,#918,#919,#920,#921,
#922,#923,#924,#925,#926,#927,#928,#929,#930,#931,#932,#933,#934,#935,#936,
#937,#938,#939,#940,#941,#942,#943,#944,#945,#946,#947,#948,#949,#950,#951,
#952,#953,#954,#955,#956,#957,#958,#959,#960,#961,#962,#963,#964,#965,#966,
#967,#968,#969,#970,#971,#972,#973,#974,#975,#976,#977,#978,#979,#980,#981,
#982,#983,#984,#985,#986,#987,#988,#989,#990,#991,#992),(#993,#994,#995,
#996,#997,#998,#999,#1000,#1001,#1002,#1003,#1004,#1005,#1006,#1007,#1008,
#1009,#1010,#1011,#1012,#1013,#1014,#1015,#1016,#1017,#1018,#1019,#1020,
#1021,#1022,#1023,#1024,#1025,#1026,#1027,#1028,#1029,#1030,#1031,#1032,
#1033,#1034,#1035,#1036,#1037,#1038,#1039,#1040,#1041,#1042,#1043,#1044,
#1045,#1046,#1047,#1048,#1049,#1050,#1051,#1052,#1053,#1054,#1055,#1056,
#1057,#1058,#1059,#1060,#1061,#1062,#1063,#1064,#1065,#1066,#1067,#1068,
#1069,#1070,#1071,#1072,#1073,#1074,#1075,#1076,#1077,#1078,#1079,#1080,
#1081,#1082,#1083,#1084,#1085,#1086,#1087,#1088,#1089,#1090,#1091,#1092,
#1093,#1094,#1095,#1096,#1097,#1098,#1099,#1100,#1101,#1102,#1103,#1104,
#1105,#1106,#1107,#1108,#1109,#1110,#1111,#1112,#1113,#1114,#1115,#1116,
#1117,#1118,#1119,#1120,#1121,#1122,#1123,#1124,#1125,#1126,#1127,#1128,
#1129,#1130,#1131,#1132,#1133,#1134,#1135,#1136,#1137,#1138,#1139,#1140,
#1141,#1142,#1143,#1144,#1145,#1146,#1147,#1148,#1149,#1150,#1151,#1152,
#1153,#1154,#1155,#1156,#1157,#1158,#1159,#1160,#1161,#1162,#1163,#1164,
#1165,#1166,#1167,#1168,#1169,#1170,#1171,#1172,#1173,#1174,#1175,#1176,
#1177,#1178,#1179,#1180,#1181,#1182,#1183,#1184,#1185,#1186,#1187,#1188,
#1189,#1190,#1191,#1192,#1193,#1194,#1195,#1196,#1197,#1198,#1199,#1200,
#1201,#1202,#1203,#1204,#1205,#1206,#1207,#1208,#1209,#1210,#1211,#1212,
#1213,#1214,#1215,#1216,#1217,#1218,#1219,#1220,#1221,#1222,#1223,#1224,
#1225,#1226,#1227,#1228,#1229,#1230,#1231,#1232,#1233,#1234,#1235,#1236,
#1237,#1238,#1239,#1240,#1241,#1242,#1243,#1244,#1245,#1246,#1247),(#1248,
#1249,#1250,#1251,#1252,#1253,#1254,#1255,#1256,#1257,#1258,#1259,#1260,
#1261,#1262,#1263,#1264,#1265,#1266,#1267,#1268,#1269,#1270,#1271,#1272,
#1273,#1274,#1275,#1276,#1277,#1278,#1279,#1280,#1281,#1282,#1283,#1284,
#1285,#1286,#1287,#1288,#1289,#1290,#1291,#1292,#1293,#1294,#1295,#1296,
#1297,#1298,#1299,#1300,#1301,#1302,#1303,#1304,#1305,#1306,#1307,#1308,
#1309,#1310,#1311,#1312,#1313,#1314,#1315,#1316,#1317,#1318,#1319,#1320,
#1321,#1322,#1323,#1324,#1325,#1326,#1327,#1328,#1329,#1330,#1331,#1332,
#1333,#1334,#1335,#1336,#1337,#1338,#1339,#1340,#1341,#1342,#1343,#1344,
#1345,#1346,#1347,#1348,#1349,#1350,#1351,#1352,#1353,#1354,#1355,#1356,
#1357,#1358,#1359,#1360,#1361,#1362,#1363,#1364,#1365,#1366,#1367,#1368,
#1369,#1370,#1371,#1372,#1373,#1374,#1375,#1376,#1377,#1378,#1379,#1380,
#1381,#1382,#1383,#1384,#1385,#1386,#1387,#1388,#1389,#1390,#1391,#1392,
#1393,#1394,#1395,#1396,#1397,#1398,#1399,#1400,#1401,#1402,#1403,#1404,
#1405,#1406,#1407,#1408,#1409,#1410,#1411,#1412,#1413,#1414,#1415,#1416,
#1417,#1418,#1419,#1420,#1421,#1422,#1423,#1424,#1425,#1426,#1427,#1428,
#1429,#1430,#1431,#1432,#1433,#1434,#1435,#1436,#1437,#1438,#1439,#1440,
#1441,#1442,#1443,#1444,#1445,#1446,#1447,#1448,#1449,#1450,#1451,#1452,
#1453,#1454,#1455,#1456,#1457,#1458,#1459,#1460,#1461,#1462,#1463,#1464,
#1465,#1466,#1467,#1468,#1469,#1470,#1471,#1472,#1473,#1474,#1475,#1476,
#1477,#1478,#1479,#1480,#1481,#1482,#1483,#1484,#1485,#1486,#1487,#1488,
#1489,#1490,#1491,#1492,#1493,#1494,#1495,#1496,#1497,#1498,#1499,#1500,
#1501,#1502),(#1503,#1504,#1505,#1506,#1507,#1508,#1509,#1510,#1511,#1512,
#1513,#1514,#1515,#1516,#1517,#1518,#1519,#1520,#1521,#1522,#1523,#1524,
#1525,#1526,#1527,#1528,#1529,#1530,#1531,#1532,#1533,#1534,#1535,#1536,
#1537,#1538,#1539,#1540,#1541,#1542,#1543,#1544,#1545,#1546,#1547,#1548,
#1549,#1550,#1551,#1552,#1553,#1554,#1555,#1556,#1557,#1558,#1559,#1560,
#1561,#1562,#1563,#1564,#1565,#1566,#1567,#1568,#1569,#1570,#1571,#1572,
#1573,#1574,#1575,#1576,#1577,#1578,#1579,#1580,#1581,#1582,#1583,#1584,
#1585,#1586,#1587,#1588,#1589,#1590,#1591,#1592,#1593,#1594,#1595,#1596,
#1597,#1598,#1599,#1600,#1601,#1602,#1603,#1604,#1605,#1606,#1607,#1608,
#1609,#1610,#1611,#1612,#1613,#1614,#1615,#1616,#1617,#1618,#1619,#1620,
#1621,#1622,#1623,#1624,#1625,#1626,#1627,#1628,#1629,#1630,#1631,#1632,
#1633,#1634,#1635,#1636,#1637,#1638,#1639,#1640,#1641,#1642,#1643,#1644,
#1645,#1646,#1647,#1648,#1649,#1650,#1651,#1652,#1653,#1654,#1655,#1656,
#1657,#1658,#1659,#1660,#1661,#1662,#1663,#1664,#1665,#1666,#1667,#1668,
#1669,#1670,#1671,#1672,#1673,#1674,#1675,#1676,#1677,#1678,#1679,#1680,
#1681,#1682,#1683,#1684,#1685,#1686,#1687,#1688,#1689,#1690,#1691,#1692,
#1693,#1694,#1695,#1696,#1697,#1698,#1699,#1700,#1701,#1702,#1703,#1704,
#1705,#1706,#1707,#1708,#1709,#1710,#1711,#1712,#1713,#1714,#1715,#1716,
#1717,#1718,#1719,#1720,#1721,#1722,#1723,#1724,#1725,#1726,#1727,#1728,
#1729,#1730,#1731,#1732,#1733,#1734,#1735,#1736,#1737,#1738,#1739,#1740,
#1741,#1742,#1743,#1744,#1745,#1746,#1747,#1748,#1749,#1750,#1751,#1752,
#1753,#1754,#1755,#1756,#1757),(#1758,#1759,#1760,#1761,#1762,#1763,#1764,
#1765,#1766,#1767,#1768,#1769,#1770,#1771,#1772,#1773,#1774,#1775,#1776,
#1777,#1778,#1779,#1780,#1781,#1782,#1783,#1784,#1785,#1786,#1787,#1788,
#1789,#1790,#1791,#1792,#1793,#1794,#1795,#1796,#1797,#1798,#1799,#1800,
#1801,#1802,#1803,#1804,#1805,#1806,#1807,#1808,#1809,#1810,#1811,#1812,
#1813,#1814,#1815,#1816,#1817,#1818,#1819,#1820,#1821,#1822,#1823,#1824,
#1825,#1826,#1827,#1828,#1829,#1830,#1831,#1832,#1833,#1834,#1835,#1836,
#1837,#1838,#1839,#1840,#1841,#1842,#1843,#1844,#1845,#1846,#1847,#1848,
#1849,#1850,#1851,#1852,#1853,#1854,#1855,#1856,#1857,#1858,#1859,#1860,
#1861,#1862,#1863,#1864,#1865,#1866,#1867,#1868,#1869,#1870,#1871,#1872,
#1873,#1874,#1875,#1876,#1877,#1878,#1879,#1880,#1881,#1882,#1883,#1884,
#1885,#1886,#1887,#1888,#1889,#1890,#1891,#1892,#1893,#1894,#1895,#1896,
#1897,#1898,#1899,#1900,#1901,#1902,#1903,#1904,#1905,#1906,#1907,#1908,
#1909,#1910,#1911,#1912,#1913,#1914,#1915,#1916,#1917,#1918,#1919,#1920,
#1921,#1922,#1923,#1924,#1925,#1926,#1927,#1928,#1929,#1930,#1931,#1932,
#1933,#1934,#1935,#1936,#1937,#1938,#1939,#1940,#1941,#1942,#1943,#1944,
#1945,#1946,#1947,#1948,#1949,#1950,#1951,#1952,#1953,#1954,#1955,#1956,
#1957,#1958,#1959,#1960,#1961,#1962,#1963,#1964,#1965,#1966,#1967,#1968,
#1969,#1970,#1971,#1972,#1973,#1974,#1975,#1976,#1977,#1978,#1979,#1980,
#1981,#1982,#1983,#1984,#1985,#1986,#1987,#1988,#1989,#1990,#1991,#1992,
#1993,#1994,#1995,#1996,#1997,#1998,#1999,#2000,#2001,#2002,#2003,#2004,
#2005,#2006,#2007,#2008,#2009,#2010,#2011,#2012),(#2013,#2014,#2015,#2016,
#2017,#2018,#2019,#2020,#2021,#2022,#2023,#2024,#2025,#2026,#2027,#2028,
#2029,#2030,#2031,#2032,#2033,#2034,#2035,#2036,#2037,#2038,#2039,#2040,
#2041,#2042,#2043,#2044,#2045,#2046,#2047,#2048,#2049,#2050,#2051,#2052,
#2053,#2054,#2055,#2056,#2057,#2058,#2059,#2060,#2061,#2062,#2063,#2064,
#2065,#2066,#2067,#2068,#2069,#2070,#2071,#2072,#2073,#2074,#2075,#2076,
#2077,#2078,#2079,#2080,#2081,#2082,#2083,#2084,#2085,#2086,#2087,#2088,
#2089,#2090,#2091,#2092,#2093,#2094,#2095,#2096,#2097,#2098,#2099,#2100,
#2101,#2102,#2103,#2104,#2105,#2106,#2107,#2108,#2109,#2110,#2111,#2112,
#2113,#2114,#2115,#2116,#2117,#2118,#2119,#2120,#2121,#2122,#2123,#2124,
#2125,#2126,#2127,#2128,#2129,#2130,#2131,#2132,#2133,#2134,#2135,#2136,
#2137,#2138,#2139,#2140,#2141,#2142,#2143,#2144,#2145,#2146,#2147,#2148,
#2149,#2150,#2151,#2152,#2153,#2154,#2155,#2156,#2157,#2158,#2159,#2160,
#2161,#2162,#2163,#2164,#2165,#2166,#2167,#2168,#2169,#2170,#2171,#2172,
#2173,#2174,#2175,#2176,#2177,#2178,#2179,#2180,#2181,#2182,#2183,#2184,
#2185,#2186,#2187,#2188,#2189,#2190,#2191,#2192,#2193,#2194,#2195,#2196,
#2197,#2198,#2199,#2200,#2201,#2202,#2203,#2204,#2205,#2206,#2207,#2208,
#2209,#2210,#2211,#2212,#2213,#2214,#2215,#2216,#2217,#2218,#2219,#2220,
#2221,#2222,#2223,#2224,#2225,#2226,#2227,#2228,#2229,#2230,#2231,#2232,
#2233,#2234,#2235,#2236,#2237,#2238,#2239,#2240,#2241,#2242,#2243,#2244,
#2245,#2246,#2247,#2248,#2249,#2250,#2251,#2252,#2253,#2254,#2255,#2256,
#2257,#2258,#2259,#2260,#2261,#2262,#2263,#2264,#2265,#2266,#2267),(#2268,
#2269,#2270,#2271,#2272,#2273,#2274,#2275,#2276,#2277,#2278,#2279,#2280,
#2281,#2282,#2283,#2284,#2285,#2286,#2287,#2288,#2289,#2290,#2291,#2292,
#2293,#2294,#2295,#2296,#2297,#2298,#2299,#2300,#2301,#2302,#2303,#2304,
#2305,#2306,#2307,#2308,#2309,#2310,#2311,#2312,#2313,#2314,#2315,#2316,
#2317,#2318,#2319,#2320,#2321,#2322,#2323,#2324,#2325,#2326,#2327,#2328,
#2329,#2330,#2331,#2332,#2333,#2334,#2335,#2336,#2337,#2338,#2339,#2340,
#2341,#2342,#2343,#2344,#2345,#2346,#2347,#2348,#2349,#2350,#2351,#2352,
#2353,#2354,#2355,#2356,#2357,#2358,#2359,#2360,#2361,#2362,#2363,#2364,
#2365,#2366,#2367,#2368,#2369,#2370,#2371,#2372,#2373,#2374,#2375,#2376,
#2377,#2378,#2379,#2380,#2381,#2382,#2383,#2384,#2385,#2386,#2387,#2388,
#2389,#2390,#2391,#2392,#2393,#2394,#2395,#2396,#2397,#2398,#2399,#2400,
#2401,#2402,#2403,#2404,#2405,#2406,#2407,#2408,#2409,#2410,#2411,#2412,
#2413,#2414,#2415,#2416,#2417,#2418,#2419,#2420,#2421,#2422,#2423,#2424,
#2425,#2426,#2427,#2428,#2429,#2430,#2431,#2432,#2433,#2434,#2435,#2436,
#2437,#2438,#2439,#2440,#2441,#2442,#2443,#2444,#2445,#2446,#2447,#2448,
#2449,#2450,#2451,#2452,#2453,#2454,#2455,#2456,#2457,#2458,#2459,#2460,
#2461,#2462,#2463,#2464,#2465,#2466,#2467,#2468,#2469,#2470,#2471,#2472,
#2473,#2474,#2475,#2476,#2477,#2478,#2479,#2480,#2481,#2482,#2483,#2484,
#2485,#2486,#2487,#2488,#2489,#2490,#2491,#2492,#2493,#2494,#2495,#2496,
#2497,#2498,#2499,#2500,#2501,#2502,#2503,#2504,#2505,#2506,#2507,#2508,
#2509,#2510,#2511,#2512,#2513,#2514,#2515,#2516,#2517,#2518,#2519,#2520,
#2521,#2522),(#2523,#2524,#2525,#2526,#2527,#2528,#2529,#2530,#2531,#2532,
#2533,#2534,#2535,#2536,#2537,#2538,#2539,#2540,#2541,#2542,#2543,#2544,
#2545,#2546,#2547,#2548,#2549,#2550,#2551,#2552,#2553,#2554,#2555,#2556,
#2557,#2558,#2559,#2560,#2561,#2562,#2563,#2564,#2565,#2566,#2567,#2568,
#2569,#2570,#2571,#2572,#2573,#2574,#2575,#2576,#2577,#2578,#2579,#2580,
#2581,#2582,#2583,#2584,#2585,#2586,#2587,#2588,#2589,#2590,#2591,#2592,
#2593,#2594,#2595,#2596,#2597,#2598,#2599,#2600,#2601,#2602,#2603,#2604,
#2605,#2606,#2607,#2608,#2609,#2610,#2611,#2612,#2613,#2614,#2615,#2616,
#2617,#2618,#2619,#2620,#2621,#2622,#2623,#2624,#2625,#2626,#2627,#2628,
#2629,#2630,#2631,#2632,#2633,#2634,#2635,#2636,#2637,#2638,#2639,#2640,
#2641,#2642,#2643,#2644,#2645,#2646,#2647,#2648,#2649,#2650,#2651,#2652,
#2653,#2654,#2655,#2656,#2657,#2658,#2659,#2660,#2661,#2662,#2663,#2664,
#2665,#2666,#2667,#2668,#2669,#2670,#2671,#2672,#2673,#2674,#2675,#2676,
#2677,#2678,#2679,#2680,#2681,#2682,#2683,#2684,#2685,#2686,#2687,#2688,
#2689,#2690,#2691,#2692,#2693,#2694,#2695,#2696,#2697,#2698,#2699,#2700,
#2701,#2702,#2703,#2704,#2705,#2706,#2707,#2708,#2709,#2710,#2711,#2712,
#2713,#2714,#2715,#2716,#2717,#2718,#2719,#2720,#2721,#2722,#2723,#2724,
#2725,#2726,#2727,#2728,#2729,#2730,#2731,#2732,#2733,#2734,#2735,#2736,
#2737,#2738,#2739,#2740,#2741,#2742,#2743,#2744,#2745,#2746,#2747,#2748,
#2749,#2750,#2751,#2752,#2753,#2754,#2755,#2756,#2757,#2758,#2759,#2760,
#2761,#2762,#2763,#2764,#2765,#2766,#2767,#2768,#2769,#2770,#2771,#2772,
#2773,#2774,#2775,#2776,#2777),(#2778,#2779,#2780,#2781,#2782,#2783,#2784,
#2785,#2786,#2787,#2788,#2789,#2790,#2791,#2792,#2793,#2794,#2795,#2796,
#2797,#2798,#2799,#2800,#2801,#2802,#2803,#2804,#2805,#2806,#2807,#2808,
#2809,#2810,#2811,#2812,#2813,#2814,#2815,#2816,#2817,#2818,#2819,#2820,
#2821,#2822,#2823,#2824,#2825,#2826,#2827,#2828,#2829,#2830,#2831,#2832,
#2833,#2834,#2835,#2836,#2837,#2838,#2839,#2840,#2841,#2842,#2843,#2844,
#2845,#2846,#2847,#2848,#2849,#2850,#2851,#2852,#2853,#2854,#2855,#2856,
#2857,#2858,#2859,#2860,#2861,#2862,#2863,#2864,#2865,#2866,#2867,#2868,
#2869,#2870,#2871,#2872,#2873,#2874,#2875,#2876,#2877,#2878,#2879,#2880,
#2881,#2882,#2883,#2884,#2885,#2886,#2887,#2888,#2889,#2890,#2891,#2892,
#2893,#2894,#2895,#2896,#2897,#2898,#2899,#2900,#2901,#2902,#2903,#2904,
#2905,#2906,#2907,#2908,#2909,#2910,#2911,#2912,#2913,#2914,#2915,#2916,
#2917,#2918,#2919,#2920,#2921,#2922,#2923,#2924,#2925,#2926,#2927,#2928,
#2929,#2930,#2931,#2932,#2933,#2934,#2935,#2936,#2937,#2938,#2939,#2940,
#2941,#2942,#2943,#2944,#2945,#2946,#2947,#2948,#2949,#2950,#2951,#2952,
#2953,#2954,#2955,#2956,#2957,#2958,#2959,#2960,#2961,#2962,#2963,#2964,
#2965,#2966,#2967,#2968,#2969,#2970,#2971,#2972,#2973,#2974,#2975,#2976,
#2977,#2978,#2979,#2980,#2981,#2982,#2983,#2984,#2985,#2986,#2987,#2988,
#2989,#2990,#2991,#2992,#2993,#2994,#2995,#2996,#2997,#2998,#2999,#3000,
#3001,#3002,#3003,#3004,#3005,#3006,#3007,#3008,#3009,#3010,#3011,#3012,
#3013,#3014,#3015,#3016,#3017,#3018,#3019,#3020,#3021,#3022,#3023,#3024,
#3025,#3026,#3027,#3028,#3029,#3030,#3031,#3032),(#3033,#3034,#3035,#3036,
#3037,#3038,#3039,#3040,#3041,#3042,#3043,#3044,#3045,#3046,#3047,#3048,
#3049,#3050,#3051,#3052,#3053,#3054,#3055,#3056,#3057,#3058,#3059,#3060,
#3061,#3062,#3063,#3064,#3065,#3066,#3067,#3068,#3069,#3070,#3071,#3072,
#3073,#3074,#3075,#3076,#3077,#3078,#3079,#3080,#3081,#3082,#3083,#3084,
#3085,#3086,#3087,#3088,#3089,#3090,#3091,#3092,#3093,#3094,#3095,#3096,
#3097,#3098,#3099,#3100,#3101,#3102,#3103,#3104,#3105,#3106,#3107,#3108,
#3109,#3110,#3111,#3112,#3113,#3114,#3115,#3116,#3117,#3118,#3119,#3120,
#3121,#3122,#3123,#3124,#3125,#3126,#3127,#3128,#3129,#3130,#3131,#3132,
#3133,#3134,#3135,#3136,#3137,#3138,#3139,#3140,#3141,#3142,#3143,#3144,
#3145,#3146,#3147,#3148,#3149,#3150,#3151,#3152,#3153,#3154,#3155,#3156,
#3157,#3158,#3159,#3160,#3161,#3162,#3163,#3164,#3165,#3166,#3167,#3168,
#3169,#3170,#3171,#3172,#3173,#3174,#3175,#3176,#3177,#3178,#3179,#3180,
#3181,#3182,#3183,#3184,#3185,#3186,#3187,#3188,#3189,#3190,#3191,#3192,
#3193,#3194,#3195,#3196,#3197,#3198,#3199,#3200,#3201,#3202,#3203,#3204,
#3205,#3206,#3207,#3208,#3209,#3210,#3211,#3212,#3213,#3214,#3215,#3216,
#3217,#3218,#3219,#3220,#3221,#3222,#3223,#3224,#3225,#3226,#3227,#3228,
#3229,#3230,#3231,#3232,#3233,#3234,#3235,#3236,#3237,#3238,#3239,#3240,
#3241,#3242,#3243,#3244,#3245,#3246,#3247,#3248,#3249,#3250,#3251,#3252,
#3253,#3254,#3255,#3256,#3257,#3258,#3259,#3260,#3261,#3262,#3263,#3264,
#3265,#3266,#3267,#3268,#3269,#3270,#3271,#3272,#3273,#3274,#3275,#3276,
#3277,#3278,#3279,#3280,#3281,#3282,#3283,#3284,#3285,#3286,#3287),(#3288,
#3289,#3290,#3291,#3292,#3293,#3294,#3295,#3296,#3297,#3298,#3299,#3300,
#3301,#3302,#3303,#3304,#3305,#3306,#3307,#3308,#3309,#3310,#3311,#3312,
#3313,#3314,#3315,#3316,#3317,#3318,#3319,#3320,#3321,#3322,#3323,#3324,
#3325,#3326,#3327,#3328,#3329,#3330,#3331,#3332,#3333,#3334,#3335,#3336,
#3337,#3338,#3339,#3340,#3341,#3342,#3343,#3344,#3345,#3346,#3347,#3348,
#3349,#3350,#3351,#3352,#3353,#3354,#3355,#3356,#3357,#3358,#3359,#3360,
#3361,#3362,#3363,#3364,#3365,#3366,#3367,#3368,#3369,#3370,#3371,#3372,
#3373,#3374,#3375,#3376,#3377,#3378,#3379,#3380,#3381,#3382,#3383,#3384,
#3385,#3386,#3387,#3388,#3389,#3390,#3391,#3392,#3393,#3394,#3395,#3396,
#3397,#3398,#3399,#3400,#3401,#3402,#3403,#3404,#3405,#3406,#3407,#3408,
#3409,#3410,#3411,#3412,#3413,#3414,#3415,#3416,#3417,#3418,#3419,#3420,
#3421,#3422,#3423,#3424,#3425,#3426,#3427,#3428,#3429,#3430,#3431,#3432,
#3433,#3434,#3435,#3436,#3437,#3438,#3439,#3440,#3441,#3442,#3443,#3444,
#3445,#3446,#3447,#3448,#3449,#3450,#3451,#3452,#3453,#3454,#3455,#3456,
#3457,#3458,#3459,#3460,#3461,#3462,#3463,#3464,#3465,#3466,#3467,#3468,
#3469,#3470,#3471,#3472,#3473,#3474,#3475,#3476,#3477,#3478,#3479,#3480,
#3481,#3482,#3483,#3484,#3485,#3486,#3487,#3488,#3489,#3490,#3491,#3492,
#3493,#3494,#3495,#3496,#3497,#3498,#3499,#3500,#3501,#3502,#3503,#3504,
#3505,#3506,#3507,#3508,#3509,#3510,#3511,#3512,#3513,#3514,#3515,#3516,
#3517,#3518,#3519,#3520,#3521,#3522,#3523,#3524,#3525,#3526,#3527,#3528,
#3529,#3530,#3531,#3532,#3533,#3534,#3535,#3536,#3537,#3538,#3539,#3540,
#3541,#3542),(#3543,#3544,#3545,#3546,#3547,#3548,#3549,#3550,#3551,#3552,
#3553,#3554,#3555,#3556,#3557,#3558,#3559,#3560,#3561,#3562,#3563,#3564,
#3565,#3566,#3567,#3568,#3569,#3570,#3571,#3572,#3573,#3574,#3575,#3576,
#3577,#3578,#3579,#3580,#3581,#3582,#3583,#3584,#3585,#3586,#3587,#3588,
#3589,#3590,#3591,#3592,#3593,#3594,#3595,#3596,#3597,#3598,#3599,#3600,
#3601,#3602,#3603,#3604,#3605,#3606,#3607,#3608,#3609,#3610,#3611,#3612,
#3613,#3614,#3615,#3616,#3617,#3618,#3619,#3620,#3621,#3622,#3623,#3624,
#3625,#3626,#3627,#3628,#3629,#3630,#3631,#3632,#3633,#3634,#3635,#3636,
#3637,#3638,#3639,#3640,#3641,#3642,#3643,#3644,#3645,#3646,#3647,#3648,
#3649,#3650,#3651,#3652,#3653,#3654,#3655,#3656,#3657,#3658,#3659,#3660,
#3661,#3662,#3663,#3664,#3665,#3666,#3667,#3668,#3669,#3670,#3671,#3672,
#3673,#3674,#3675,#3676,#3677,#3678,#3679,#3680,#3681,#3682,#3683,#3684,
#3685,#3686,#3687,#3688,#3689,#3690,#3691,#3692,#3693,#3694,#3695,#3696,
#3697,#3698,#3699,#3700,#3701,#3702,#3703,#3704,#3705,#3706,#3707,#3708,
#3709,#3710,#3711,#3712,#3713,#3714,#3715,#3716,#3717,#3718,#3719,#3720,
#3721,#3722,#3723,#3724,#3725,#3726,#3727,#3728,#3729,#3730,#3731,#3732,
#3733,#3734,#3735,#3736,#3737,#3738,#3739,#3740,#3741,#3742,#3743,#3744,
#3745,#3746,#3747,#3748,#3749,#3750,#3751,#3752,#3753,#3754,#3755,#3756,
#3757,#3758,#3759,#3760,#3761,#3762,#3763,#3764,#3765,#3766,#3767,#3768,
#3769,#3770,#3771,#3772,#3773,#3774,#3775,#3776,#3777,#3778,#3779,#3780,
#3781,#3782,#3783,#3784,#3785,#3786,#3787,#3788,#3789,#3790,#3791,#3792,
#3793,#3794,#3795,#3796,#3797),(#3798,#3799,#3800,#3801,#3802,#3803,#3804,
#3805,#3806,#3807,#3808,#3809,#3810,#3811,#3812,#3813,#3814,#3815,#3816,
#3817,#3818,#3819,#3820,#3821,#3822,#3823,#3824,#3825,#3826,#3827,#3828,
#3829,#3830,#3831,#3832,#3833,#3834,#3835,#3836,#3837,#3838,#3839,#3840,
#3841,#3842,#3843,#3844,#3845,#3846,#3847,#3848,#3849,#3850,#3851,#3852,
#3853,#3854,#3855,#3856,#3857,#3858,#3859,#3860,#3861,#3862,#3863,#3864,
#3865,#3866,#3867,#3868,#3869,#3870,#3871,#3872,#3873,#3874,#3875,#3876,
#3877,#3878,#3879,#3880,#3881,#3882,#3883,#3884,#3885,#3886,#3887,#3888,
#3889,#3890,#3891,#3892,#3893,#3894,#3895,#3896,#3897,#3898,#3899,#3900,
#3901,#3902,#3903,#3904,#3905,#3906,#3907,#3908,#3909,#3910,#3911,#3912,
#3913,#3914,#3915,#3916,#3917,#3918,#3919,#3920,#3921,#3922,#3923,#3924,
#3925,#3926,#3927,#3928,#3929,#3930,#3931,#3932,#3933,#3934,#3935,#3936,
#3937,#3938,#3939,#3940,#3941,#3942,#3943,#3944,#3945,#3946,#3947,#3948,
#3949,#3950,#3951,#3952,#3953,#3954,#3955,#3956,#3957,#3958,#3959,#3960,
#3961,#3962,#3963,#3964,#3965,#3966,#3967,#3968,#3969,#3970,#3971,#3972,
#3973,#3974,#3975,#3976,#3977,#3978,#3979,#3980,#3981,#3982,#3983,#3984,
#3985,#3986,#3987,#3988,#3989,#3990,#3991,#3992,#3993,#3994,#3995,#3996,
#3997,#3998,#3999,#4000,#4001,#4002,#4003,#4004,#4005,#4006,#4007,#4008,
#4009,#4010,#4011,#4012,#4013,#4014,#4015,#4016,#4017,#4018,#4019,#4020,
#4021,#4022,#4023,#4024,#4025,#4026,#4027,#4028,#4029,#4030,#4031,#4032,
#4033,#4034,#4035,#4036,#4037,#4038,#4039,#4040,#4041,#4042,#4043,#4044,
#4045,#4046,#4047,#4048,#4049,#4050,#4051,#4052),(#4053,#4054,#4055,#4056,
#4057,#4058,#4059,#4060,#4061,#4062,#4063,#4064,#4065,#4066,#4067,#4068,
#4069,#4070,#4071,#4072,#4073,#4074,#4075,#4076,#4077,#4078,#4079,#4080,
#4081,#4082,#4083,#4084,#4085,#4086,#4087,#4088,#4089,#4090,#4091,#4092,
#4093,#4094,#4095,#4096,#4097,#4098,#4099,#4100,#4101,#4102,#4103,#4104,
#4105,#4106,#4107,#4108,#4109,#4110,#4111,#4112,#4113,#4114,#4115,#4116,
#4117,#4118,#4119,#4120,#4121,#4122,#4123,#4124,#4125,#4126,#4127,#4128,
#4129,#4130,#4131,#4132,#4133,#4134,#4135,#4136,#4137,#4138,#4139,#4140,
#4141,#4142,#4143,#4144,#4145,#4146,#4147,#4148,#4149,#4150,#4151,#4152,
#4153,#4154,#4155,#4156,#4157,#4158,#4159,#4160,#4161,#4162,#4163,#4164,
#4165,#4166,#4167,#4168,#4169,#4170,#4171,#4172,#4173,#4174,#4175,#4176,
#4177,#4178,#4179,#4180,#4181,#4182,#4183,#4184,#4185,#4186,#4187,#4188,
#4189,#4190,#4191,#4192,#4193,#4194,#4195,#4196,#4197,#4198,#4199,#4200,
#4201,#4202,#4203,#4204,#4205,#4206,#4207,#4208,#4209,#4210,#4211,#4212,
#4213,#4214,#4215,#4216,#4217,#4218,#4219,#4220,#4221,#4222,#4223,#4224,
#4225,#4226,#4227,#4228,#4229,#4230,#4231,#4232,#4233,#4234,#4235,#4236,
#4237,#4238,#4239,#4240,#4241,#4242,#4243,#4244,#4245,#4246,#4247,#4248,
#4249,#4250,#4251,#4252,#4253,#4254,#4255,#4256,#4257,#4258,#4259,#4260,
#4261,#4262,#4263,#4264,#4265,#4266,#4267,#4268,#4269,#4270,#4271,#4272,
#4273,#4274,#4275,#4276,#4277,#4278,#4279,#4280,#4281,#4282,#4283,#4284,
#4285,#4286,#4287,#4288,#4289,#4290,#4291,#4292,#4293,#4294,#4295,#4296,
#4297,#4298,#4299,#4300,#4301,#4302,#4303,#4304,#4305,#4306,#4307)),
 .UNSPECIFIED.,.T.,.F.,.F.,(2,1,1,1,2,1,1,1,1,1,1,2,1,1,1,2),(4,1,1,1,1,
1,1,1,1,1,1,1,1,1,1,1,1,1,1,1,1,1,1,1,1,1,1,1,1,1,1,1,1,1,1,1,1,1,1,1,1,
1,1,1,1,1,1,1,1,1,1,1,1,1,1,1,1,1,1,1,1,1,1,1,1,1,1,1,1,1,1,1,1,1,1,1,1,
1,1,1,1,1,1,1,1,1,1,1,1,1,1,1,1,1,1,1,1,1,1,1,1,1,1,1,1,1,1,1,1,1,1,1,1,
1,1,1,1,1,1,1,1,1,1,1,1,1,1,1,1,1,1,1,1,1,1,1,1,1,1,1,1,1,1,1,1,1,1,1,1,
1,1,1,1,1,1,1,1,1,1,1,1,1,1,1,1,1,1,1,1,1,1,1,1,1,1,1,1,1,1,1,1,1,1,1,1,
1,1,1,1,1,1,1,1,1,1,1,1,1,1,1,1,1,1,1,1,1,1,1,1,1,1,1,1,1,1,1,1,1,1,1,1,
1,1,1,1,1,1,1,1,1,1,1,1,1,1,1,1,1,1,1,1,1,1,1,1,1,1,1,1,1,1,1,4),(-3.1497526345082,
-3.145672644049,-3.14159265358979,-3.13751266313059,-3.13343267267138,-2.24399475256414,
-1.34639685153848,-0.448798950512828,0.448798950512828,1.34639685153848,
2.24399475256414,3.13343267267138,3.13751266313059,3.14159265358979,3.145672644049,
3.1497526345082),(0.,0.498665500569808,0.997331001139617,1.49599650170943,
1.99466200227923,2.49332750284904,2.99199300341885,3.49065850398866,3.98932400455847,
4.48798950512828,4.98665500569808,5.48532050626789,5.9839860068377,6.48265150740751,
6.98131700797732,7.47998250854713,7.97864800911693,8.47731350968674,8.97597901025655,
9.47464451082636,9.97331001139617,10.471975511966,10.9706410125358,11.4693065131056,
11.9679720136754,12.4666375142452,12.965303014815,13.4639685153848,13.9626340159546,
14.4612995165244,14.9599650170943,15.4586305176641,15.9572960182339,16.4559615188037,
16.9546270193735,17.4532925199433,17.9519580205131,18.4506235210829,18.9492890216527,
19.4479545222225,19.9466200227923,20.4452855233621,20.943951023932,21.4426165245018,
21.9412820250716,22.4399475256414,22.9386130262112,23.437278526781,23.9359440273508,
24.4346095279206,24.9332750284904,25.4319405290602,25.93060602963,26.4292715301998,
26.9279370307697,27.4266025313395,27.9252680319093,28.4239335324791,28.9225990330489,
29.4212645336187,29.9199300341885,30.4185955347583,30.9172610353281,31.4159265358979,
31.9145920364677,32.4132575370375,32.9119230376074,33.4105885381772,33.909254038747,
34.4079195393168,34.9065850398866,35.4052505404564,35.9039160410262,36.402581541596,
36.9012470421658,37.3999125427356,37.8985780433054,38.3972435438752,38.8959090444451,
39.3945745450149,39.8932400455847,40.3919055461545,40.8905710467243,41.3892365472941,
41.8879020478639,42.3865675484337,42.8852330490035,43.3838985495733,43.8825640501431,
44.3812295507129,44.8798950512828,45.3785605518526,45.8772260524224,46.3758915529922,
46.874557053562,47.3732225541318,47.8718880547016,48.3705535552714,48.8692190558412,
49.367884556411,49.8665500569808,50.3652155575506,50.8638810581205,51.3625465586903,
51.8612120592601,52.3598775598299,52.8585430603997,53.3572085609695,53.8558740615393,
54.3545395621091,54.8532050626789,55.3518705632487,55.8505360638185,56.3492015643884,
56.8478670649582,57.346532565528,57.8451980660978,58.3438635666676,58.8425290672374,
59.3411945678072,59.839860068377,60.3385255689468,60.8371910695166,61.3358565700864,
61.8345220706562,62.333187571226,62.8318530717959,63.3305185723657,63.8291840729355,
64.3278495735053,64.8265150740751,65.3251805746449,65.8238460752147,66.3225115757845,
66.8211770763543,67.3198425769241,67.8185080774939,68.3171735780637,68.8158390786336,
69.3145045792034,69.8131700797732,70.311835580343,70.8105010809128,71.3091665814826,
71.8078320820524,72.3064975826222,72.805163083192,73.3038285837618,73.8024940843316,
74.3011595849015,74.7998250854713,75.2984905860411,75.7971560866109,76.2958215871807,
76.7944870877505,77.2931525883203,77.7918180888901,78.2904835894599,78.7891490900297,
79.2878145905995,79.7864800911694,80.2851455917392,80.783811092309,81.2824765928788,
81.7811420934486,82.2798075940184,82.7784730945882,83.277138595158,83.7758040957278,
84.2744695962976,84.7731350968674,85.2718005974372,85.770466098007,86.2691315985768,
86.7677970991467,87.2664625997165,87.7651281002863,88.2637936008561,88.7624591014259,
89.2611246019957,89.7597901025655,90.2584556031353,90.7571211037051,91.2557866042749,
91.7544521048447,92.2531176054146,92.7517831059844,93.2504486065542,93.749114107124,
94.2477796076938,94.7464451082636,95.2451106088334,95.7437761094032,96.242441609973,
96.7411071105428,97.2397726111126,97.7384381116824,98.2371036122523,98.7357691128221,
99.2344346133919,99.7331001139617,100.231765614531,100.730431115101,101.229096615671,
101.727762116241,102.226427616811,102.725093117381,103.22375861795,103.72242411852,
104.22108961909,104.71975511966,105.21842062023,105.717086120799,106.215751621369,
106.714417121939,107.213082622509,107.711748123079,108.210413623648,108.709079124218,
109.207744624788,109.706410125358,110.205075625928,110.703741126497,111.202406627067,
111.701072127637,112.199737628207,112.698403128777,113.197068629347,113.695734129916,
114.194399630486,114.693065131056,115.191730631626,115.690396132196,116.189061632765,
116.687727133335,117.186392633905,117.685058134475,118.183723635045,118.682389135614,
119.181054636184,119.679720136754,120.178385637324,120.677051137894,121.175716638463,
121.674382139033,122.173047639603,122.671713140173,123.170378640743,123.669044141312,
124.167709641882,124.666375142452,125.165040643022,125.663706143592),
 .UNSPECIFIED.);
#13=CYLINDRICAL_SURFACE('',#123,0.0075);
#14=CYLINDRICAL_SURFACE('',#129,0.009);
#15=B_SPLINE_CURVE_WITH_KNOTS('',3,(#163,#164,#165,#166,#167,#168,#169,
#170,#171,#172,#173,#174,#175,#176,#177,#178),.UNSPECIFIED.,.F.,.F.,(4,
1,1,1,1,1,1,1,1,1,1,1,1,4),(0.,0.000135887482704392,0.000271774965408785,
0.000543549930817569,0.000815324896226354,0.00108709986163514,0.00163064979245271,
0.00217419972327028,0.00271774965408785,0.00326129958490542,0.00434839944654055,
0.00543549930817569,0.00652259916981083,0.00869679889308111),
 .UNSPECIFIED.);
#16=B_SPLINE_CURVE_WITH_KNOTS('',3,(#183,#184,#185,#186,#187,#188,#189,
#190,#191,#192,#193,#194,#195,#196,#197,#198,#199,#200,#201,#202,#203,#204,
#205,#206,#207,#208,#209,#210,#211),.UNSPECIFIED.,.F.,.F.,(4,1,1,1,1,1,
1,1,1,1,1,1,1,1,1,1,1,1,1,1,1,1,1,1,1,1,4),(5.11633540917922E-7,0.000136956547068374,
0.000273401460595829,0.000546291287650741,0.000819181114705652,0.00109207094176056,
0.00163785059587039,0.00218363024998021,0.00272940990409003,0.00327518955819986,
0.0043667488664195,0.00545830817463915,0.00654986748285879,0.00873298609929809,
0.0109161047157374,0.012007664023957,0.0130992233321767,0.0141907826403963,
0.0147365622945061,0.015282341948616,0.0158281216027258,0.0163739012568356,
0.0166467910838905,0.0169196809109454,0.0171925707380003,0.0173290156515278,
0.0174654605650553),.UNSPECIFIED.);
#17=B_SPLINE_CURVE_WITH_KNOTS('',3,(#216,#217,#218,#219,#220,#221,#222,
#223,#224,#225,#226),.UNSPECIFIED.,.T.,.F.,(1,1,1,1,1,1,1,1,1,1,1,1,1,1,
1),(-0.00175736831407635,-0.0011715788760509,-0.00058578943802545,0.,0.00058578943802545,
0.0011715788760509,0.00175736831407635,0.0023431577521018,0.00292894719012725,
0.0035147366281527,0.00410052606617815,0.0046863155042036,0.00527210494222905,
0.0058578943802545,0.00644368381827995),.UNSPECIFIED.);
#18=B_SPLINE_CURVE_WITH_KNOTS('',3,(#4308,#4309,#4310,#4311,#4312,#4313,
#4314,#4315,#4316,#4317,#4318,#4319,#4320,#4321,#4322,#4323,#4324,#4325,
#4326,#4327,#4328,#4329,#4330,#4331,#4332,#4333,#4334,#4335,#4336,#4337,
#4338,#4339,#4340,#4341,#4342,#4343,#4344,#4345,#4346,#4347,#4348,#4349,
#4350,#4351,#4352,#4353,#4354,#4355,#4356,#4357,#4358,#4359,#4360,#4361,
#4362,#4363,#4364,#4365,#4366,#4367,#4368,#4369,#4370,#4371,#4372,#4373,
#4374,#4375,#4376,#4377,#4378,#4379,#4380,#4381,#4382,#4383,#4384,#4385,
#4386,#4387,#4388,#4389,#4390,#4391,#4392,#4393,#4394,#4395,#4396,#4397,
#4398,#4399,#4400,#4401,#4402,#4403,#4404,#4405,#4406,#4407,#4408,#4409,
#4410,#4411,#4412,#4413,#4414,#4415,#4416,#4417,#4418,#4419,#4420,#4421,
#4422,#4423,#4424,#4425,#4426,#4427,#4428,#4429,#4430,#4431,#4432,#4433,
#4434,#4435,#4436,#4437,#4438,#4439,#4440,#4441,#4442,#4443,#4444,#4445,
#4446,#4447,#4448,#4449,#4450,#4451,#4452,#4453,#4454,#4455,#4456,#4457,
#4458,#4459,#4460,#4461,#4462,#4463,#4464,#4465,#4466,#4467,#4468,#4469,
#4470,#4471,#4472,#4473,#4474,#4475,#4476,#4477,#4478,#4479,#4480,#4481,
#4482,#4483,#4484,#4485,#4486,#4487,#4488,#4489,#4490,#4491,#4492,#4493,
#4494,#4495,#4496,#4497,#4498,#4499,#4500,#4501,#4502,#4503,#4504,#4505,
#4506,#4507,#4508,#4509,#4510,#4511,#4512,#4513,#4514,#4515,#4516,#4517,
#4518,#4519,#4520,#4521,#4522,#4523,#4524,#4525,#4526,#4527,#4528,#4529,
#4530,#4531,#4532,#4533,#4534,#4535,#4536,#4537,#4538,#4539,#4540,#4541,
#4542,#4543,#4544,#4545,#4546,#4547,#4548,#4549,#4550,#4551,#4552,#4553,
#4554,#4555,#4556,#4557,#4558,#4559,#4560,#4561,#4562,#4563,#4564,#4565,
#4566,#4567,#4568,#4569,#4570,#4571,#4572,#4573,#4574,#4575,#4576,#4577,
#4578),.UNSPECIFIED.,.F.,.F.,(4,1,1,1,1,1,1,1,1,1,1,1,1,1,1,1,1,1,1,1,1,
1,1,1,1,1,1,1,1,1,1,1,1,1,1,1,1,1,1,1,1,1,1,1,1,1,1,1,1,1,1,1,1,1,1,1,1,
1,1,1,1,1,1,1,1,1,1,1,1,1,1,1,1,1,1,1,1,1,1,1,1,1,1,1,1,1,1,1,1,1,1,1,1,
1,1,1,1,1,1,1,1,1,1,1,1,1,1,1,1,1,1,1,1,1,1,1,1,1,1,1,1,1,1,1,1,1,1,1,1,
1,1,1,1,1,1,1,1,1,1,1,1,1,1,1,1,1,1,1,1,1,1,1,1,1,1,1,1,1,1,1,1,1,1,1,1,
1,1,1,1,1,1,1,1,1,1,1,1,1,1,1,1,1,1,1,1,1,1,1,1,1,1,1,1,1,1,1,1,1,1,1,1,
1,1,1,1,1,1,1,1,1,1,1,1,1,1,1,1,1,1,1,1,1,1,1,1,1,1,1,1,1,1,1,1,1,1,1,1,
1,1,1,1,1,1,1,1,1,1,1,1,1,1,1,1,1,1,1,1,1,1,1,1,1,1,1,1,1,1,1,4),(-1.08444297562867,
-1.0801637549812,-1.07588453433373,-1.07160531368625,-1.06732609303878,
-1.06304687239131,-1.05876765174384,-1.05448843109637,-1.0502092104489,
-1.04592998980142,-1.04165076915395,-1.03737154850648,-1.03309232785901,
-1.02881310721154,-1.02453388656407,-1.0202546659166,-1.01597544526912,
-1.01169622462165,-1.00741700397418,-1.00313778332671,-0.998858562679238,
-0.994579342031766,-0.990300121384295,-0.986020900736823,-0.981741680089352,
-0.97746245944188,-0.973183238794409,-0.971043628470673,-0.968904018146937,
-0.964624797499466,-0.960345576851994,-0.956066356204523,-0.951787135557051,
-0.94750791490958,-0.943228694262108,-0.938949473614637,-0.934670252967165,
-0.930391032319694,-0.926111811672222,-0.921832591024751,-0.917553370377279,
-0.913274149729808,-0.911134539406072,-0.908994929082336,-0.904715708434865,
-0.900436487787393,-0.896157267139922,-0.89187804649245,-0.887598825844979,
-0.883319605197507,-0.879040384550036,-0.874761163902564,-0.870481943255093,
-0.866202722607621,-0.86192350196015,-0.857644281312678,-0.853365060665207,
-0.849085840017735,-0.844806619370264,-0.840527398722792,-0.836248178075321,
-0.831968957427849,-0.827689736780378,-0.823410516132906,-0.819131295485435,
-0.814852074837963,-0.810572854190492,-0.80629363354302,-0.802014412895549,
-0.799874802571813,-0.797735192248077,-0.793455971600606,-0.789176750953134,
-0.784897530305663,-0.780618309658191,-0.77633908901072,-0.772059868363248,
-0.767780647715777,-0.763501427068305,-0.759222206420834,-0.754942985773362,
-0.750663765125891,-0.746384544478419,-0.742105323830948,-0.739965713507212,
-0.737826103183476,-0.733546882536005,-0.729267661888533,-0.724988441241062,
-0.72070922059359,-0.716429999946119,-0.712150779298647,-0.707871558651176,
-0.703592338003704,-0.699313117356233,-0.695033896708761,-0.690754676061289,
-0.686475455413818,-0.682196234766346,-0.677917014118875,-0.673637793471404,
-0.669358572823932,-0.665079352176461,-0.660800131528989,-0.656520910881518,
-0.652241690234046,-0.647962469586574,-0.643683248939103,-0.639404028291631,
-0.63512480764416,-0.630845586996688,-0.626566366349217,-0.622287145701745,
-0.618007925054274,-0.613728704406802,-0.609449483759331,-0.605170263111859,
-0.600891042464388,-0.596611821816916,-0.592332601169445,-0.588053380521973,
-0.583774159874502,-0.57949493922703,-0.575215718579559,-0.570936497932087,
-0.568796887608352,-0.566657277284616,-0.562378056637144,-0.558098835989673,
-0.553819615342201,-0.54954039469473,-0.545261174047258,-0.540981953399787,
-0.536702732752315,-0.532423512104844,-0.528144291457372,-0.523865070809901,
-0.519585850162429,-0.515306629514958,-0.511027408867486,-0.506748188220015,
-0.502468967572543,-0.498189746925072,-0.4939105262776,-0.489631305630129,
-0.485352084982657,-0.481072864335186,-0.476793643687714,-0.472514423040243,
-0.468235202392771,-0.4639559817453,-0.459676761097828,-0.455397540450357,
-0.451118319802885,-0.446839099155414,-0.442559878507942,-0.438280657860471,
-0.434001437212999,-0.429722216565528,-0.425442995918056,-0.421163775270585,
-0.416884554623113,-0.412605333975642,-0.40832611332817,-0.404046892680699,
-0.401907282356963,-0.399767672033227,-0.397628061709491,-0.395488451385756,
-0.391209230738284,-0.386930010090813,-0.382650789443341,-0.37837156879587,
-0.374092348148398,-0.369813127500927,-0.365533906853455,-0.361254686205984,
-0.356975465558512,-0.352696244911041,-0.348417024263569,-0.344137803616098,
-0.339858582968626,-0.335579362321155,-0.331300141673683,-0.327020921026212,
-0.32274170037874,-0.318462479731269,-0.314183259083797,-0.309904038436326,
-0.305624817788854,-0.301345597141383,-0.297066376493911,-0.29278715584644,
-0.288507935198968,-0.284228714551497,-0.279949493904025,-0.275670273256554,
-0.271391052609082,-0.267111831961611,-0.262832611314139,-0.258553390666668,
-0.254274170019196,-0.249994949371725,-0.245715728724253,-0.241436508076782,
-0.23715728742931,-0.232878066781839,-0.230738456458103,-0.228598846134367,
-0.226459235810631,-0.224319625486895,-0.220040404839424,-0.215761184191953,
-0.211481963544481,-0.20720274289701,-0.202923522249538,-0.198644301602066,
-0.194365080954595,-0.190085860307123,-0.185806639659652,-0.18152741901218,
-0.177248198364709,-0.172968977717237,-0.168689757069766,-0.164410536422294,
-0.160131315774823,-0.155852095127351,-0.15157287447988,-0.147293653832408,
-0.143014433184937,-0.138735212537465,-0.134455991889994,-0.130176771242522,
-0.125897550595051,-0.121618329947579,-0.117339109300108,-0.113059888652636,
-0.108780668005165,-0.104501447357693,-0.100222226710222,-0.0959430060627504,
-0.0916637854152789,-0.0873845647678073,-0.0831053441203359,-0.0788261234728643,
-0.0745469028253928,-0.0702676821779213,-0.0659884615304498,-0.0617092408829783,
-0.0595696305592426,-0.0574300202355068,-0.0552904099117711,-0.0531507995880353,
-0.0488715789405638,-0.0445923582930923,-0.0403131376456208,-0.0360339169981493,
-0.0317546963506778,-0.0274754757032063,-0.0231962550557348,-0.0189170344082633,
-0.0146378137607918,-0.0103585931133202,-0.00607937246584874,-0.00180015181837724,
0.00247906882909427,0.00675828947656577,0.00889789980030153,0.0110375101240373),
 .UNSPECIFIED.);
#19=B_SPLINE_CURVE_WITH_KNOTS('',3,(#4580,#4581,#4582,#4583,#4584,#4585,
#4586),.UNSPECIFIED.,.F.,.F.,(4,1,1,1,4),(0.,0.000879469055786207,0.00175893811157241,
0.00263840716735862,0.00351787622314483),.UNSPECIFIED.);
#20=B_SPLINE_CURVE_WITH_KNOTS('',3,(#4587,#4588,#4589,#4590,#4591,#4592,
#4593,#4594,#4595,#4596,#4597,#4598,#4599,#4600,#4601,#4602,#4603,#4604,
#4605,#4606,#4607,#4608,#4609,#4610,#4611,#4612,#4613,#4614,#4615,#4616,
#4617,#4618,#4619,#4620,#4621,#4622,#4623,#4624,#4625,#4626,#4627,#4628,
#4629,#4630,#4631,#4632,#4633,#4634,#4635,#4636,#4637,#4638,#4639,#4640,
#4641,#4642,#4643,#4644,#4645,#4646,#4647,#4648,#4649,#4650,#4651,#4652,
#4653,#4654,#4655,#4656,#4657,#4658,#4659,#4660,#4661,#4662,#4663,#4664,
#4665,#4666,#4667,#4668,#4669,#4670,#4671,#4672,#4673,#4674,#4675,#4676,
#4677,#4678,#4679,#4680,#4681,#4682,#4683,#4684,#4685,#4686,#4687,#4688,
#4689,#4690,#4691,#4692,#4693,#4694,#4695,#4696,#4697,#4698,#4699,#4700,
#4701,#4702,#4703,#4704,#4705,#4706,#4707,#4708,#4709,#4710,#4711,#4712,
#4713,#4714,#4715,#4716,#4717,#4718,#4719,#4720,#4721,#4722,#4723,#4724,
#4725,#4726,#4727,#4728,#4729,#4730,#4731,#4732,#4733,#4734,#4735,#4736,
#4737,#4738,#4739,#4740,#4741,#4742,#4743,#4744,#4745,#4746,#4747,#4748,
#4749,#4750,#4751,#4752,#4753,#4754,#4755,#4756,#4757,#4758,#4759,#4760,
#4761,#4762,#4763,#4764,#4765,#4766,#4767,#4768,#4769,#4770,#4771,#4772,
#4773,#4774,#4775,#4776,#4777,#4778,#4779,#4780,#4781,#4782,#4783,#4784,
#4785,#4786,#4787,#4788,#4789,#4790,#4791,#4792,#4793,#4794,#4795,#4796,
#4797,#4798,#4799,#4800,#4801,#4802,#4803,#4804,#4805,#4806,#4807,#4808,
#4809,#4810,#4811,#4812,#4813,#4814,#4815,#4816,#4817,#4818,#4819,#4820,
#4821,#4822,#4823,#4824,#4825,#4826,#4827,#4828,#4829,#4830,#4831,#4832,
#4833,#4834,#4835,#4836,#4837,#4838,#4839,#4840,#4841,#4842,#4843,#4844,
#4845,#4846,#4847,#4848,#4849,#4850,#4851,#4852,#4853,#4854),
 .UNSPECIFIED.,.F.,.F.,(4,1,1,1,1,1,1,1,1,1,1,1,1,1,1,1,1,1,1,1,1,1,1,1,
1,1,1,1,1,1,1,1,1,1,1,1,1,1,1,1,1,1,1,1,1,1,1,1,1,1,1,1,1,1,1,1,1,1,1,1,
1,1,1,1,1,1,1,1,1,1,1,1,1,1,1,1,1,1,1,1,1,1,1,1,1,1,1,1,1,1,1,1,1,1,1,1,
1,1,1,1,1,1,1,1,1,1,1,1,1,1,1,1,1,1,1,1,1,1,1,1,1,1,1,1,1,1,1,1,1,1,1,1,
1,1,1,1,1,1,1,1,1,1,1,1,1,1,1,1,1,1,1,1,1,1,1,1,1,1,1,1,1,1,1,1,1,1,1,1,
1,1,1,1,1,1,1,1,1,1,1,1,1,1,1,1,1,1,1,1,1,1,1,1,1,1,1,1,1,1,1,1,1,1,1,1,
1,1,1,1,1,1,1,1,1,1,1,1,1,1,1,1,1,1,1,1,1,1,1,1,1,1,1,1,1,1,1,1,1,1,1,1,
1,1,1,1,1,1,1,1,1,1,1,1,1,1,1,1,1,1,1,1,1,1,1,1,1,4),(0.,0.00431495639904699,
0.00862991279809398,0.012944869197141,0.017259825596188,0.021574781995235,
0.025889738394282,0.0302046947933289,0.0345196511923759,0.0388346075914229,
0.0431495639904699,0.0474645203895169,0.0517794767885639,0.0560944331876109,
0.0604093895866579,0.0647243459857049,0.0690393023847519,0.0733542587837989,
0.0776692151828459,0.0819841715818929,0.0841416497814164,0.0862991279809399,
0.0884566061804634,0.0906140843799869,0.0949290407790338,0.0992439971780808,
0.103558953577128,0.107873909976175,0.112188866375222,0.116503822774269,
0.120818779173316,0.125133735572363,0.12944869197141,0.133763648370457,
0.138078604769504,0.142393561168551,0.146708517567598,0.151023473966645,
0.155338430365692,0.159653386764739,0.163968343163786,0.168283299562833,
0.17259825596188,0.176913212360927,0.181228168759974,0.185543125159021,
0.189858081558068,0.194173037957115,0.198487994356162,0.200645472555685,
0.202802950755209,0.207117907154256,0.211432863553303,0.21574781995235,
0.220062776351397,0.224377732750444,0.228692689149491,0.233007645548538,
0.237322601947585,0.241637558346632,0.245952514745679,0.250267471144726,
0.254582427543773,0.25889738394282,0.263212340341867,0.267527296740914,
0.271842253139961,0.276157209539008,0.280472165938054,0.284787122337101,
0.289102078736148,0.293417035135195,0.297731991534242,0.302046947933289,
0.306361904332336,0.310676860731383,0.31499181713043,0.319306773529477,
0.323621729928524,0.327936686327571,0.332251642726618,0.336566599125665,
0.340881555524712,0.345196511923759,0.349511468322806,0.353826424721853,
0.3581413811209,0.362456337519947,0.366771293918994,0.371086250318041,0.375401206717088,
0.379716163116135,0.384031119515182,0.388346075914229,0.392661032313276,
0.396975988712323,0.40129094511137,0.405605901510417,0.409920857909464,
0.414235814308511,0.418550770707558,0.422865727106605,0.427180683505652,
0.431495639904699,0.435810596303746,0.440125552702793,0.44444050910184,
0.448755465500887,0.453070421899934,0.457385378298981,0.461700334698028,
0.466015291097075,0.470330247496122,0.474645203895169,0.478960160294216,
0.483275116693263,0.485432594892787,0.48759007309231,0.491905029491357,
0.496219985890404,0.500534942289451,0.504849898688498,0.509164855087545,
0.513479811486592,0.517794767885639,0.522109724284686,0.526424680683733,
0.53073963708278,0.535054593481827,0.539369549880874,0.543684506279921,
0.547999462678968,0.552314419078015,0.556629375477062,0.560944331876109,
0.565259288275156,0.569574244674203,0.57388920107325,0.578204157472297,
0.582519113871344,0.586834070270391,0.591149026669438,0.595463983068485,
0.597621461268008,0.599778939467532,0.601936417667055,0.604093895866579,
0.608408852265626,0.612723808664673,0.61703876506372,0.621353721462767,
0.625668677861814,0.629983634260861,0.634298590659908,0.638613547058955,
0.642928503458002,0.647243459857049,0.651558416256096,0.655873372655143,
0.66018832905419,0.664503285453237,0.668818241852284,0.673133198251331,
0.677448154650378,0.681763111049425,0.686078067448472,0.690393023847519,
0.694707980246566,0.699022936645613,0.70333789304466,0.707652849443707,
0.711967805842754,0.714125284042277,0.716282762241801,0.720597718640848,
0.724912675039895,0.729227631438942,0.733542587837989,0.737857544237036,
0.742172500636083,0.74648745703513,0.750802413434177,0.755117369833224,
0.759432326232271,0.763747282631318,0.768062239030365,0.772377195429412,
0.776692151828459,0.781007108227506,0.785322064626553,0.7896370210256,0.793951977424647,
0.798266933823694,0.802581890222741,0.806896846621788,0.811211803020835,
0.815526759419882,0.819841715818929,0.824156672217976,0.828471628617023,
0.83278658501607,0.837101541415117,0.841416497814164,0.845731454213211,
0.850046410612258,0.854361367011305,0.858676323410352,0.862991279809399,
0.867306236208446,0.871621192607493,0.87593614900654,0.880251105405587,
0.884566061804634,0.888881018203681,0.893195974602728,0.897510931001774,
0.901825887400821,0.906140843799868,0.910455800198915,0.914770756597962,
0.919085712997009,0.923400669396056,0.927715625795103,0.93203058219415,
0.936345538593197,0.940660494992244,0.944975451391291,0.949290407790338,
0.953605364189385,0.957920320588432,0.962235276987479,0.966550233386526,
0.970865189785573,0.97518014618462,0.979495102583667,0.983810058982714,
0.988125015381761,0.992439971780808,0.996754928179855,0.998912406379379,
1.0010698845789,1.00538484097795,1.009699797377,1.01401475377604,1.01832971017509,
1.02264466657414,1.02695962297318,1.03127457937223,1.03558953577128,1.03990449217033,
1.04421944856937,1.04853440496842,1.05284936136747,1.05716431776651,1.06147927416556,
1.06579423056461,1.07010918696365,1.0744241433627,1.07873909976175,1.0830540561608,
1.08736901255984,1.09168396895889,1.09599892535794,1.10031388175698,1.10247135995651,
1.10462883815603),.UNSPECIFIED.);
#21=LINE('',#158,#23);
#22=LINE('',#4856,#24);
#23=VECTOR('',#136,1.);
#24=VECTOR('',#151,1.);
#25=ORIENTED_EDGE('',*,*,#49,.T.);
#26=ORIENTED_EDGE('',*,*,#50,.T.);
#27=ORIENTED_EDGE('',*,*,#51,.T.);
#28=ORIENTED_EDGE('',*,*,#52,.T.);
#29=ORIENTED_EDGE('',*,*,#53,.T.);
#30=ORIENTED_EDGE('',*,*,#49,.F.);
#31=ORIENTED_EDGE('',*,*,#53,.F.);
#32=ORIENTED_EDGE('',*,*,#54,.T.);
#33=ORIENTED_EDGE('',*,*,#55,.F.);
#34=ORIENTED_EDGE('',*,*,#56,.T.);
#35=ORIENTED_EDGE('',*,*,#56,.F.);
#36=ORIENTED_EDGE('',*,*,#57,.F.);
#37=ORIENTED_EDGE('',*,*,#58,.F.);
#38=ORIENTED_EDGE('',*,*,#52,.F.);
#39=ORIENTED_EDGE('',*,*,#59,.F.);
#40=ORIENTED_EDGE('',*,*,#54,.F.);
#41=ORIENTED_EDGE('',*,*,#60,.F.);
#42=ORIENTED_EDGE('',*,*,#50,.F.);
#43=ORIENTED_EDGE('',*,*,#58,.T.);
#44=ORIENTED_EDGE('',*,*,#55,.T.);
#45=ORIENTED_EDGE('',*,*,#59,.T.);
#46=ORIENTED_EDGE('',*,*,#51,.F.);
#47=ORIENTED_EDGE('',*,*,#60,.T.);
#48=ORIENTED_EDGE('',*,*,#57,.T.);
#49=EDGE_CURVE('',#61,#61,#70,.T.);
#50=EDGE_CURVE('',#62,#63,#21,.T.);
#51=EDGE_CURVE('',#63,#64,#71,.T.);
#52=EDGE_CURVE('',#64,#62,#15,.T.);
#53=EDGE_CURVE('',#65,#65,#72,.T.);
#54=EDGE_CURVE('',#66,#67,#16,.T.);
#55=EDGE_CURVE('',#66,#67,#73,.T.);
#56=EDGE_CURVE('',#68,#68,#17,.T.);
#57=EDGE_CURVE('',#69,#66,#18,.T.);
#58=EDGE_CURVE('',#62,#69,#19,.T.);
#59=EDGE_CURVE('',#67,#64,#20,.T.);
#60=EDGE_CURVE('',#63,#69,#22,.T.);
#61=VERTEX_POINT('',#157);
#62=VERTEX_POINT('',#159);
#63=VERTEX_POINT('',#160);
#64=VERTEX_POINT('',#162);
#65=VERTEX_POINT('',#181);
#66=VERTEX_POINT('',#212);
#67=VERTEX_POINT('',#213);
#68=VERTEX_POINT('',#227);
#69=VERTEX_POINT('',#4579);
#70=CIRCLE('',#121,0.0075);
#71=CIRCLE('',#122,0.009);
#72=CIRCLE('',#124,0.0075);
#73=CIRCLE('',#126,0.009);
#74=EDGE_LOOP('',(#25));
#75=EDGE_LOOP('',(#26,#27,#28));
#76=EDGE_LOOP('',(#29));
#77=EDGE_LOOP('',(#30));
#78=EDGE_LOOP('',(#31));
#79=EDGE_LOOP('',(#32,#33));
#80=EDGE_LOOP('',(#34));
#81=EDGE_LOOP('',(#35));
#82=EDGE_LOOP('',(#36,#37,#38,#39,#40));
#83=EDGE_LOOP('',(#41,#42,#43));
#84=EDGE_LOOP('',(#44,#45,#46,#47,#48));
#85=FACE_BOUND('',#74,.T.);
#86=FACE_BOUND('',#75,.T.);
#87=FACE_BOUND('',#76,.T.);
#88=FACE_BOUND('',#77,.T.);
#89=FACE_BOUND('',#78,.T.);
#90=FACE_BOUND('',#79,.T.);
#91=FACE_BOUND('',#80,.T.);
#92=FACE_BOUND('',#81,.T.);
#93=FACE_BOUND('',#82,.T.);
#94=FACE_BOUND('',#83,.T.);
#95=FACE_BOUND('',#84,.T.);
#96=PLANE('',#120);
#97=PLANE('',#125);
#98=PLANE('',#127);
#99=PLANE('',#128);
#100=ADVANCED_FACE('',(#85,#86),#96,.T.);
#101=ADVANCED_FACE('',(#87,#88),#13,.F.);
#102=ADVANCED_FACE('',(#89,#90),#97,.F.);
#103=ADVANCED_FACE('',(#91),#98,.T.);
#104=ADVANCED_FACE('',(#92,#93),#12,.T.);
#105=ADVANCED_FACE('',(#94),#99,.F.);
#106=ADVANCED_FACE('',(#95),#14,.T.);
#107=CLOSED_SHELL('',(#100,#101,#102,#103,#104,#105,#106));
#108=STYLED_ITEM('',(#109),#116);
#109=PRESENTATION_STYLE_ASSIGNMENT((#110));
#110=SURFACE_STYLE_USAGE(.BOTH.,#111);
#111=SURFACE_SIDE_STYLE('',(#112));
#112=SURFACE_STYLE_FILL_AREA(#113);
#113=FILL_AREA_STYLE('',(#114));
#114=FILL_AREA_STYLE_COLOUR('',#115);
#115=COLOUR_RGB('',0.964705882352941,0.964705882352941,0.952941176470588);
#116=MANIFOLD_SOLID_BREP('cpap tube',#107);
#117=SHAPE_DEFINITION_REPRESENTATION(#4864,#118);
#118=SHAPE_REPRESENTATION('cpap tube',(#119),#4859);
#119=AXIS2_PLACEMENT_3D('',#154,#130,#131);
#120=AXIS2_PLACEMENT_3D('',#155,#132,#133);
#121=AXIS2_PLACEMENT_3D('',#156,#134,#135);
#122=AXIS2_PLACEMENT_3D('',#161,#137,#138);
#123=AXIS2_PLACEMENT_3D('',#179,#139,#140);
#124=AXIS2_PLACEMENT_3D('',#180,#141,#142);
#125=AXIS2_PLACEMENT_3D('',#182,#143,#144);
#126=AXIS2_PLACEMENT_3D('',#214,#145,#146);
#127=AXIS2_PLACEMENT_3D('',#215,#147,#148);
#128=AXIS2_PLACEMENT_3D('',#4855,#149,#150);
#129=AXIS2_PLACEMENT_3D('',#4857,#152,#153);
#130=DIRECTION('',(0.,0.,1.));
#131=DIRECTION('',(1.,0.,0.));
#132=DIRECTION('',(0.,0.,1.));
#133=DIRECTION('',(1.,0.,0.));
#134=DIRECTION('',(0.,0.,-1.));
#135=DIRECTION('',(1.,0.,0.));
#136=DIRECTION('',(-1.,0.,0.));
#137=DIRECTION('',(0.,0.,1.));
#138=DIRECTION('',(1.,0.,0.));
#139=DIRECTION('',(0.,0.,1.));
#140=DIRECTION('',(1.,0.,0.));
#141=DIRECTION('',(0.,0.,-1.));
#142=DIRECTION('',(1.,0.,0.));
#143=DIRECTION('',(0.,0.,1.));
#144=DIRECTION('',(1.,0.,0.));
#145=DIRECTION('',(0.,0.,1.));
#146=DIRECTION('',(1.,0.,0.));
#147=DIRECTION('',(0.,1.,0.));
#148=DIRECTION('',(0.,0.,1.));
#149=DIRECTION('',(0.,1.,0.));
#150=DIRECTION('',(0.,0.,1.));
#151=DIRECTION('',(0.,0.,-1.));
#152=DIRECTION('',(0.,0.,1.));
#153=DIRECTION('',(1.,0.,0.));
#154=CARTESIAN_POINT('',(0.,0.,0.));
#155=CARTESIAN_POINT('',(9.95587909085292E-5,0.0369999982716297,0.0743250106437708));
#156=CARTESIAN_POINT('',(9.95587909085292E-5,0.0369999982716297,0.0743250106437708));
#157=CARTESIAN_POINT('',(0.00759955879090853,0.0369999982716297,0.0743250106437708));
#158=CARTESIAN_POINT('',(-0.00440044120909145,0.0369999982716297,0.0743250106437708));
#159=CARTESIAN_POINT('',(-0.00815111210717275,0.0369999983477776,0.0743250114919048));
#160=CARTESIAN_POINT('',(-0.00890044120909145,0.0369999982716297,0.0743250106437708));
#161=CARTESIAN_POINT('',(9.95587909085292E-5,0.0369999982716297,0.0743250106437708));
#162=CARTESIAN_POINT('',(-0.00466138787515087,0.0446377652385834,0.0743247388339068));
#163=CARTESIAN_POINT('',(-0.00466588939569455,0.0446345986903838,0.0743250106437708));
#164=CARTESIAN_POINT('',(-0.00463930244667351,0.044596803056252,0.0743250106437708));
#165=CARTESIAN_POINT('',(-0.00467598117008295,0.0444982194831093,0.0743250106437708));
#166=CARTESIAN_POINT('',(-0.00477249861951064,0.0443533850438937,0.0743250106437709));
#167=CARTESIAN_POINT('',(-0.00492037524997099,0.0441786824359735,0.0743250106437702));
#168=CARTESIAN_POINT('',(-0.0051007710398028,0.0439790349539863,0.0743250106437703));
#169=CARTESIAN_POINT('',(-0.0053441557546136,0.0437126635169333,0.074325010643771));
#170=CARTESIAN_POINT('',(-0.00564373968189883,0.0433770309624545,0.0743250106437709));
#171=CARTESIAN_POINT('',(-0.00598763044954315,0.0429628116358182,0.0743250106437707));
#172=CARTESIAN_POINT('',(-0.00631251081974278,0.0425348216699379,0.0743250106437709));
#173=CARTESIAN_POINT('',(-0.00671727656772807,0.0419446503113754,0.0743250106437708));
#174=CARTESIAN_POINT('',(-0.00716948395607888,0.0411618381666086,0.0743250106437707));
#175=CARTESIAN_POINT('',(-0.00759937495280808,0.0401719829514669,0.074325010643771));
#176=CARTESIAN_POINT('',(-0.00801556350912631,0.0388093118719757,0.0743250106437699));
#177=CARTESIAN_POINT('',(-0.00815094770430573,0.0377242424864971,0.0743250106437708));
#178=CARTESIAN_POINT('',(-0.00815111210930075,0.0369999984239254,0.0743250106437708));
#179=CARTESIAN_POINT('',(9.95587909085292E-5,0.0369999982716297,-0.0156749893562292));
#180=CARTESIAN_POINT('',(9.95587909085292E-5,0.0369999982716297,-0.0156749893562292));
#181=CARTESIAN_POINT('',(0.00759955879090853,0.0369999982716297,-0.0156749893562292));
#182=CARTESIAN_POINT('',(9.95587909085292E-5,0.0369999982716297,-0.0156749893562292));
#183=CARTESIAN_POINT('',(-0.00303208618659964,0.0454375808481048,-0.0156749893562292));
#184=CARTESIAN_POINT('',(-0.00302058047469913,0.0453927752349118,-0.0156749893562292));
#185=CARTESIAN_POINT('',(-0.00291947720075704,0.0453597744851629,-0.0156749893562315));
#186=CARTESIAN_POINT('',(-0.00274512856237242,0.0453485948350323,-0.0156749893562176));
#187=CARTESIAN_POINT('',(-0.00251648343310367,0.0453593389717047,-0.0156749893562331));
#188=CARTESIAN_POINT('',(-0.00224756324536722,0.0453810226604197,-0.0156749893562281));
#189=CARTESIAN_POINT('',(-0.0018872922014659,0.0454117035500867,-0.0156749893562299));
#190=CARTESIAN_POINT('',(-0.00143747523979365,0.0454443757269954,-0.0156749893562284));
#191=CARTESIAN_POINT('',(-0.000897007967669721,0.0454636576757585,-0.0156749893562315));
#192=CARTESIAN_POINT('',(-0.000356557444783011,0.0454590118484705,-0.0156749893562208));
#193=CARTESIAN_POINT('',(0.000366406063459054,0.0454173951691251,-0.015674989356234));
#194=CARTESIAN_POINT('',(0.00125908311150776,0.0452954105877988,-0.0156749893562279));
#195=CARTESIAN_POINT('',(0.00229611319870999,0.0450347674848635,-0.0156749893562284));
#196=CARTESIAN_POINT('',(0.0036479450243361,0.0445211176860945,-0.0156749893562297));
#197=CARTESIAN_POINT('',(0.00519209222837824,0.0436031014623023,-0.0156749893562291));
#198=CARTESIAN_POINT('',(0.00648881382245067,0.0423223667778539,-0.0156749893562291));
#199=CARTESIAN_POINT('',(0.00731419192568837,0.0411557554264954,-0.0156749893562308));
#200=CARTESIAN_POINT('',(0.00783859365283043,0.0402036026404043,-0.0156749893562289));
#201=CARTESIAN_POINT('',(0.00818072836776486,0.0393701891971564,-0.0156749893562289));
#202=CARTESIAN_POINT('',(0.00840009618730912,0.0386879833056043,-0.0156749893562297));
#203=CARTESIAN_POINT('',(0.00853981876344417,0.0381681058420894,-0.0156749893562277));
#204=CARTESIAN_POINT('',(0.00865700286860588,0.0376410192635756,-0.0156749893562346));
#205=CARTESIAN_POINT('',(0.0087391792711114,0.0371969180286242,-0.0156749893562285));
#206=CARTESIAN_POINT('',(0.00880093430902393,0.0368406091835827,-0.0156749893562293));
#207=CARTESIAN_POINT('',(0.00884859534315566,0.0365748763127287,-0.0156749893562292));
#208=CARTESIAN_POINT('',(0.00889641204163537,0.0363508560314228,-0.0156749893562292));
#209=CARTESIAN_POINT('',(0.0089523197567464,0.0361852445081575,-0.0156749893562292));
#210=CARTESIAN_POINT('',(0.00900801623683016,0.036097088476178,-0.0156749893562292));
#211=CARTESIAN_POINT('',(0.00905371096691054,0.036095089466698,-0.0156749893562292));
#212=CARTESIAN_POINT('',(-0.00303208618659285,0.045437580848108,-0.0156749893562292));
#213=CARTESIAN_POINT('',(0.00905347144498347,0.0360896143101692,-0.015675214841494));
#214=CARTESIAN_POINT('',(9.95587909085292E-5,0.0369999982716297,-0.0156749893562292));
#215=CARTESIAN_POINT('',(-0.00890044120909145,0.0369999982716297,0.0743250106437708));
#216=CARTESIAN_POINT('',(-0.00948730010751103,0.0369999982716297,-0.0192640323058988));
#217=CARTESIAN_POINT('',(-0.00973175816844835,0.0369999982716297,-0.0186749184268389));
#218=CARTESIAN_POINT('',(-0.00948831447324426,0.0369999982716297,-0.0180862301241208));
#219=CARTESIAN_POINT('',(-0.0089007188821081,0.0369999982716297,-0.0178448147682702));
#220=CARTESIAN_POINT('',(-0.0083130083867128,0.0369999982716297,-0.0180873219909634));
#221=CARTESIAN_POINT('',(-0.00807024787174319,0.0369999982716297,-0.0186743369512644));
#222=CARTESIAN_POINT('',(-0.00831266376961235,0.0369999982716297,-0.0192609026803202));
#223=CARTESIAN_POINT('',(-0.00889797679305481,0.0369999982716297,-0.0195070682710575));
#224=CARTESIAN_POINT('',(-0.00948730010751103,0.0369999982716297,-0.0192640323058988));
#225=CARTESIAN_POINT('',(-0.00973175816844835,0.0369999982716297,-0.0186749184268389));
#226=CARTESIAN_POINT('',(-0.00948831447324426,0.0369999982716297,-0.0180862301241208));
#227=CARTESIAN_POINT('',(-0.00965044120909145,0.0369999982716297,-0.0186749893562292));
#228=CARTESIAN_POINT('',(-0.0096504367665868,0.0369999982716297,0.074321950668691));
#229=CARTESIAN_POINT('',(-0.0096504367665868,0.0386206606874916,0.074198934795675));
#230=CARTESIAN_POINT('',(-0.0088264853229651,0.0418603591870677,0.073952903049643));
#231=CARTESIAN_POINT('',(-0.0054143889791242,0.0455376718817016,0.073583855430596));
#232=CARTESIAN_POINT('',(-0.000660032130861731,0.0471349019061781,0.073214807811548));
#233=CARTESIAN_POINT('',(0.00427967185122381,0.0462640317078822,0.072845760192501));
#234=CARTESIAN_POINT('',(0.00820111501686975,0.0431366850043479,0.072476712573453));
#235=CARTESIAN_POINT('',(0.0101494491467451,0.0385147828010412,0.072107664954405));
#236=CARTESIAN_POINT('',(0.00965002449103084,0.0335239072181358,0.071738617335358));
#237=CARTESIAN_POINT('',(0.00682453746939987,0.0293796755231578,0.07136956971631));
#238=CARTESIAN_POINT('',(0.0023611265664794,0.0270914168675076,0.071000522097262));
#239=CARTESIAN_POINT('',(-0.00265310017919279,0.027216465390283,0.070631474478215));
#240=CARTESIAN_POINT('',(-0.00699690014890865,0.0297243583198167,0.0702624268591672));
#241=CARTESIAN_POINT('',(-0.00961230785019515,0.0340042842300499,0.06989337924012));
#242=CARTESIAN_POINT('',(-0.00986232438806725,0.0390138363354141,0.069524331621072));
#243=CARTESIAN_POINT('',(-0.0076860557560904,0.0435329046171433,0.069155284002024));
#244=CARTESIAN_POINT('',(-0.00361354746595291,0.0464608386709937,0.068786236382977));
#245=CARTESIAN_POINT('',(0.00136331335901221,0.0470845202642189,0.068417188763929));
#246=CARTESIAN_POINT('',(0.00603237806936496,0.0452520473869764,0.068048141144882));
#247=CARTESIAN_POINT('',(0.00925646399925162,0.0414097314075353,0.067679093525834));
#248=CARTESIAN_POINT('',(0.0102503229042185,0.0364933946953464,0.067310045906786));
#249=CARTESIAN_POINT('',(0.0087718936468622,0.0317004447591825,0.066940998287739));
#250=CARTESIAN_POINT('',(0.00518125779997589,0.0281982373986671,0.066571950668691));
#251=CARTESIAN_POINT('',(0.000352939334006928,0.026839759220254,0.066202903049643));
#252=CARTESIAN_POINT('',(-0.00453709170009433,0.0279558768931986,0.065833855430596));
#253=CARTESIAN_POINT('',(-0.00829783473075885,0.0312747523097462,0.065464807811548));
#254=CARTESIAN_POINT('',(-0.0100133350197933,0.0359880506168222,0.065095760192501));
#255=CARTESIAN_POINT('',(-0.0092657707149019,0.0409478157104076,0.064726712573453));
#256=CARTESIAN_POINT('',(-0.0062372162258577,0.0449460628113412,0.064357664954405));
#257=CARTESIAN_POINT('',(-0.00166529675390597,0.047008991437195,0.063988617335358));
#258=CARTESIAN_POINT('',(0.00333646538099351,0.0466341611833429,0.06361956971631));
#259=CARTESIAN_POINT('',(0.00754985673251921,0.0439128645269263,0.063250522097262));
#260=CARTESIAN_POINT('',(0.00994867696153898,0.0395078919183645,0.062881474478215));
#261=CARTESIAN_POINT('',(0.00994867696153919,0.0344921046248949,0.062512426859167));
#262=CARTESIAN_POINT('',(0.00754985673251893,0.0300871320163334,0.06214337924012));
#263=CARTESIAN_POINT('',(0.00333646538099411,0.027365835359916,0.061774331621072));
#264=CARTESIAN_POINT('',(-0.00166529675390707,0.0269910051060655,0.061405284002024));
#265=CARTESIAN_POINT('',(-0.0062372162258553,0.0290539337319159,0.061036236382977));
#266=CARTESIAN_POINT('',(-0.00926577071490685,0.0330521808328564,0.060667188763929));
#267=CARTESIAN_POINT('',(-0.0100133350197833,0.0380119459264276,0.060298141144882));
#268=CARTESIAN_POINT('',(-0.00829783473077965,0.0427252442335329,0.059929093525834));
#269=CARTESIAN_POINT('',(-0.00453709170005161,0.0460441196500202,0.059560045906786));
#270=CARTESIAN_POINT('',(0.000352939333918998,0.0471602373230892,0.059190998287739));
#271=CARTESIAN_POINT('',(0.00518125780015675,0.0458017591444201,0.058821950668691));
#272=CARTESIAN_POINT('',(0.0087718936464899,0.0422995517844314,0.058452903049643));
#273=CARTESIAN_POINT('',(0.0102503229049846,0.0375066018471838,0.058083855430596));
#274=CARTESIAN_POINT('',(0.00925646399767503,0.0325902651372246,0.057714807811548));
#275=CARTESIAN_POINT('',(0.00603237807260949,0.0287479491531951,0.0573457601925));
#276=CARTESIAN_POINT('',(0.00136331335233532,0.026915476285395,0.056976712573453));
#277=CARTESIAN_POINT('',(-0.00361354745221235,0.0275391578591886,0.056607664954405));
#278=CARTESIAN_POINT('',(-0.00768605578436715,0.0304670919530274,0.056238617335358));
#279=CARTESIAN_POINT('',(-0.00986232432987615,0.034986160152464,0.05586956971631));
#280=CARTESIAN_POINT('',(-0.0096123079699475,0.0399957124271791,0.055500522097262));
#281=CARTESIAN_POINT('',(-0.0069968999024688,0.0442756379889033,0.055131474478215));
#282=CARTESIAN_POINT('',(-0.00265310068634477,0.0467835316356381,0.054762426859167));
#283=CARTESIAN_POINT('',(0.00236112761015412,0.0469085786824755,0.05439337924012));
#284=CARTESIAN_POINT('',(0.00682453532160762,0.0446203230641779,0.054024331621072));
#285=CARTESIAN_POINT('',(0.00965002891099981,0.0404760851185919,0.053655284002024));
#286=CARTESIAN_POINT('',(0.0101494400507933,0.0354852223989025,0.053286236382977));
#287=CARTESIAN_POINT('',(0.00820113373529717,0.0308632937241683,0.052917188763929));
#288=CARTESIAN_POINT('',(0.00427963331989939,0.0277360014983972,0.052548141144881));
#289=CARTESIAN_POINT('',(-0.00065995289416979,0.0268650191753214,0.052179093525834));
#290=CARTESIAN_POINT('',(-0.0054145548322074,0.0284624804687934,0.051810045906786));
#291=CARTESIAN_POINT('',(-0.0088261566076833,0.0321393127329718,0.051440998287739));
#292=CARTESIAN_POINT('',(-0.010063839227588,0.0369999982716297,0.051071950668691));
#293=CARTESIAN_POINT('',(-0.0088261566076834,0.0418606838102877,0.050702903049643));
#294=CARTESIAN_POINT('',(-0.0054145548322074,0.0455375160744659,0.050333855430596));
#295=CARTESIAN_POINT('',(-0.00065995289416979,0.0471349773679381,0.049964807811548));
#296=CARTESIAN_POINT('',(0.00427963331989934,0.0462639950448621,0.0495957601925));
#297=CARTESIAN_POINT('',(0.00820113373529713,0.0431367028190912,0.049226712573453));
#298=CARTESIAN_POINT('',(0.0101494400507933,0.0385147741443569,0.048857664954405));
#299=CARTESIAN_POINT('',(0.00965002891099984,0.0335239114246678,0.048488617335358));
#300=CARTESIAN_POINT('',(0.00682453532160769,0.0293796734790815,0.04811956971631));
#301=CARTESIAN_POINT('',(0.00236112761015416,0.0270914178607841,0.047750522097262));
#302=CARTESIAN_POINT('',(-0.00265310068634467,0.0272164649076212,0.047381474478215));
#303=CARTESIAN_POINT('',(-0.00699689990246875,0.0297243585543561,0.047012426859167));
#304=CARTESIAN_POINT('',(-0.0096123079699475,0.0340042841160803,0.04664337924012));
#305=CARTESIAN_POINT('',(-0.00986232432987615,0.0390138363907952,0.046274331621072));
#306=CARTESIAN_POINT('',(-0.00768605578436715,0.0435329045902319,0.045905284002024));
#307=CARTESIAN_POINT('',(-0.00361354745221245,0.0464608386840706,0.045536236382977));
#308=CARTESIAN_POINT('',(0.00136331335233527,0.0470845202578644,0.045167188763929));
#309=CARTESIAN_POINT('',(0.00603237807260944,0.0452520473900643,0.044798141144882));
#310=CARTESIAN_POINT('',(0.00925646399767501,0.0414097314060349,0.044429093525834));
#311=CARTESIAN_POINT('',(0.0102503229049846,0.0364933946960757,0.044060045906786));
#312=CARTESIAN_POINT('',(0.00877189364648995,0.0317004447588282,0.043690998287739));
#313=CARTESIAN_POINT('',(0.00518125780015682,0.0281982373988394,0.043321950668691));
#314=CARTESIAN_POINT('',(0.000352939333919039,0.0268397592201702,0.042952903049643));
#315=CARTESIAN_POINT('',(-0.00453709170005161,0.0279558768932393,0.042583855430596));
#316=CARTESIAN_POINT('',(-0.00829783473077965,0.0312747523097264,0.042214807811548));
#317=CARTESIAN_POINT('',(-0.0100133350197832,0.0359880506168318,0.041845760192501));
#318=CARTESIAN_POINT('',(-0.00926577071490685,0.0409478157104029,0.041476712573453));
#319=CARTESIAN_POINT('',(-0.0062372162258553,0.0449460628113435,0.041107664954405));
#320=CARTESIAN_POINT('',(-0.00166529675390707,0.0470089914371939,0.040738617335358));
#321=CARTESIAN_POINT('',(0.00333646538099406,0.0466341611833434,0.04036956971631));
#322=CARTESIAN_POINT('',(0.00754985673251893,0.0439128645269261,0.040000522097262));
#323=CARTESIAN_POINT('',(0.00994867696153911,0.0395078919183646,0.039631474478215));
#324=CARTESIAN_POINT('',(0.00994867696153912,0.0344921046248949,0.0392624268591672));
#325=CARTESIAN_POINT('',(0.00754985673251898,0.0300871320163335,0.0388933792401197));
#326=CARTESIAN_POINT('',(0.00333646538099414,0.0273658353599159,0.0385243316210721));
#327=CARTESIAN_POINT('',(-0.00166529675390697,0.0269910051060655,0.0381552840020244));
#328=CARTESIAN_POINT('',(-0.0062372162258552,0.0290539337319159,0.0377862363829767));
#329=CARTESIAN_POINT('',(-0.00926577071490685,0.0330521808328562,0.0374171887639293));
#330=CARTESIAN_POINT('',(-0.0100133350197832,0.0380119459264276,0.0370481411448815));
#331=CARTESIAN_POINT('',(-0.00829783473077965,0.0427252442335328,0.036679093525834));
#332=CARTESIAN_POINT('',(-0.00453709170005161,0.0460441196500201,0.0363100459067862));
#333=CARTESIAN_POINT('',(0.000352939333918978,0.0471602373230892,0.0359409982877388));
#334=CARTESIAN_POINT('',(0.00518125780015675,0.0458017591444202,0.035571950668691));
#335=CARTESIAN_POINT('',(0.00877189364648989,0.0422995517844312,0.0352029030496436));
#336=CARTESIAN_POINT('',(0.0102503229049846,0.0375066018471839,0.0348338554305957));
#337=CARTESIAN_POINT('',(0.00925646399767504,0.0325902651372245,0.0344648078115483));
#338=CARTESIAN_POINT('',(0.00603237807260949,0.0287479491531952,0.0340957601925006));
#339=CARTESIAN_POINT('',(0.00136331335233534,0.026915476285395,0.033726712573453));
#340=CARTESIAN_POINT('',(-0.00361354745221235,0.0275391578591886,0.0333576649544054));
#341=CARTESIAN_POINT('',(-0.00768605578436715,0.0304670919530273,0.0329886173353578));
#342=CARTESIAN_POINT('',(-0.00986232432987615,0.0349861601524641,0.0326195697163101));
#343=CARTESIAN_POINT('',(-0.0096123079699475,0.0399957124271791,0.0322505220972624));
#344=CARTESIAN_POINT('',(-0.0069968999024688,0.0442756379889032,0.031881474478215));
#345=CARTESIAN_POINT('',(-0.00265310068634489,0.0467835316356381,0.0315124268591672));
#346=CARTESIAN_POINT('',(0.00236112761015406,0.0469085786824754,0.0311433792401197));
#347=CARTESIAN_POINT('',(0.0068245353216076,0.044620323064178,0.0307743316210721));
#348=CARTESIAN_POINT('',(0.00965002891099981,0.0404760851185918,0.0304052840020244));
#349=CARTESIAN_POINT('',(0.0101494400507933,0.0354852223989026,0.0300362363829769));
#350=CARTESIAN_POINT('',(0.00820113373529717,0.0308632937241683,0.0296671887639291));
#351=CARTESIAN_POINT('',(0.00427963331989939,0.0277360014983973,0.0292981411448816));
#352=CARTESIAN_POINT('',(-0.000659952894169692,0.0268650191753213,0.0289290935258339));
#353=CARTESIAN_POINT('',(-0.00541455483220735,0.0284624804687934,0.0285600459067865));
#354=CARTESIAN_POINT('',(-0.0088261566076833,0.0321393127329718,0.0281909982877387));
#355=CARTESIAN_POINT('',(-0.010063839227588,0.0369999982716297,0.0278219506686911));
#356=CARTESIAN_POINT('',(-0.0088261566076834,0.0418606838102877,0.0274529030496435));
#357=CARTESIAN_POINT('',(-0.0054145548322074,0.0455375160744659,0.0270838554305958));
#358=CARTESIAN_POINT('',(-0.00065995289416979,0.0471349773679382,0.0267148078115483));
#359=CARTESIAN_POINT('',(0.00427963331989927,0.0462639950448621,0.0263457601925006));
#360=CARTESIAN_POINT('',(0.00820113373529705,0.0431367028190913,0.0259767125734529));
#361=CARTESIAN_POINT('',(0.0101494400507933,0.038514774144357,0.0256076649544054));
#362=CARTESIAN_POINT('',(0.00965002891099986,0.0335239114246678,0.0252386173353578));
#363=CARTESIAN_POINT('',(0.00682453532160766,0.0293796734790814,0.0248695697163102));
#364=CARTESIAN_POINT('',(0.00236112761015413,0.0270914178607841,0.0245005220972625));
#365=CARTESIAN_POINT('',(-0.00265310068634467,0.0272164649076213,0.0241314744782149));
#366=CARTESIAN_POINT('',(-0.00699689990246875,0.0297243585543561,0.0237624268591674));
#367=CARTESIAN_POINT('',(-0.0096123079699475,0.0340042841160802,0.0233933792401196));
#368=CARTESIAN_POINT('',(-0.00986232432987615,0.0390138363907952,0.0230243316210721));
#369=CARTESIAN_POINT('',(-0.00768605578436715,0.043532904590232,0.0226552840020244));
#370=CARTESIAN_POINT('',(-0.00361354745221245,0.0464608386840706,0.0222862363829768));
#371=CARTESIAN_POINT('',(0.00136331335233525,0.0470845202578645,0.0219171887639292));
#372=CARTESIAN_POINT('',(0.00603237807260943,0.0452520473900642,0.0215481411448815));
#373=CARTESIAN_POINT('',(0.00925646399767502,0.041409731406035,0.021179093525834));
#374=CARTESIAN_POINT('',(0.0102503229049846,0.0364933946960756,0.0208100459067863));
#375=CARTESIAN_POINT('',(0.00877189364648994,0.0317004447588283,0.0204409982877386));
#376=CARTESIAN_POINT('',(0.00518125780015688,0.0281982373988394,0.0200719506686911));
#377=CARTESIAN_POINT('',(0.000352939333919099,0.0268397592201702,0.0197029030496435));
#378=CARTESIAN_POINT('',(-0.00453709170005153,0.0279558768932393,0.0193338554305959));
#379=CARTESIAN_POINT('',(-0.00829783473077965,0.0312747523097264,0.0189648078115482));
#380=CARTESIAN_POINT('',(-0.0100133350197832,0.0359880506168317,0.0185957601925006));
#381=CARTESIAN_POINT('',(-0.00926577071490695,0.0409478157104031,0.018226712573453));
#382=CARTESIAN_POINT('',(-0.0062372162258553,0.0449460628113434,0.0178576649544054));
#383=CARTESIAN_POINT('',(-0.00166529675390717,0.047008991437194,0.0174886173353577));
#384=CARTESIAN_POINT('',(0.00333646538099406,0.0466341611833434,0.0171195697163102));
#385=CARTESIAN_POINT('',(0.00754985673251888,0.0439128645269261,0.0167505220972625));
#386=CARTESIAN_POINT('',(0.00994867696153909,0.0395078919183647,0.0163814744782149));
#387=CARTESIAN_POINT('',(0.00994867696153916,0.0344921046248949,0.0160124268591673));
#388=CARTESIAN_POINT('',(0.00754985673251899,0.0300871320163335,0.0156433792401196));
#389=CARTESIAN_POINT('',(0.00333646538099409,0.0273658353599159,0.015274331621072));
#390=CARTESIAN_POINT('',(-0.00166529675390707,0.0269910051060655,0.0149052840020245));
#391=CARTESIAN_POINT('',(-0.0062372162258553,0.0290539337319159,0.0145362363829768));
#392=CARTESIAN_POINT('',(-0.00926577071490685,0.0330521808328564,0.0141671887639292));
#393=CARTESIAN_POINT('',(-0.0100133350197833,0.0380119459264274,0.0137981411448816));
#394=CARTESIAN_POINT('',(-0.00829783473077965,0.0427252442335329,0.013429093525834));
#395=CARTESIAN_POINT('',(-0.00453709170005171,0.04604411965002,0.0130600459067863));
#396=CARTESIAN_POINT('',(0.000352939333918868,0.0471602373230893,0.0126909982877388));
#397=CARTESIAN_POINT('',(0.00518125780015667,0.0458017591444201,0.0123219506686911));
#398=CARTESIAN_POINT('',(0.00877189364648989,0.0422995517844314,0.0119529030496434));
#399=CARTESIAN_POINT('',(0.0102503229049846,0.0375066018471839,0.0115838554305959));
#400=CARTESIAN_POINT('',(0.00925646399767502,0.0325902651372245,0.0112148078115482));
#401=CARTESIAN_POINT('',(0.00603237807260949,0.0287479491531952,0.0108457601925006));
#402=CARTESIAN_POINT('',(0.00136331335233539,0.026915476285395,0.010476712573453));
#403=CARTESIAN_POINT('',(-0.00361354745221235,0.0275391578591886,0.0101076649544054));
#404=CARTESIAN_POINT('',(-0.00768605578436705,0.0304670919530273,0.00973861733535781));
#405=CARTESIAN_POINT('',(-0.00986232432987615,0.034986160152464,0.00936956971631022));
#406=CARTESIAN_POINT('',(-0.0096123079699476,0.039995712427179,0.00900052209726251));
#407=CARTESIAN_POINT('',(-0.0069968999024688,0.0442756379889031,0.00863147447821491));
#408=CARTESIAN_POINT('',(-0.00265310068634489,0.0467835316356382,0.00826242685916732));
#409=CARTESIAN_POINT('',(0.00236112761015411,0.0469085786824754,0.00789337924011962));
#410=CARTESIAN_POINT('',(0.00682453532160763,0.044620323064178,0.00752433162107211));
#411=CARTESIAN_POINT('',(0.00965002891099979,0.0404760851185918,0.0071552840020244));
#412=CARTESIAN_POINT('',(0.0101494400507933,0.0354852223989027,0.00678623638297691));
#413=CARTESIAN_POINT('',(0.0082011337352972,0.0308632937241683,0.00641718876392921));
#414=CARTESIAN_POINT('',(0.00427963331989944,0.0277360014983973,0.00604814114488162));
#415=CARTESIAN_POINT('',(-0.000659952894169692,0.0268650191753213,0.00567909352583402));
#416=CARTESIAN_POINT('',(-0.00541455483220735,0.0284624804687934,0.00531004590678631));
#417=CARTESIAN_POINT('',(-0.0088261566076833,0.0321393127329718,0.0049409982877387));
#418=CARTESIAN_POINT('',(-0.010063839227588,0.0369999982716296,0.00457195066869112));
#419=CARTESIAN_POINT('',(-0.0088261566076834,0.0418606838102877,0.00420290304964352));
#420=CARTESIAN_POINT('',(-0.0054145548322074,0.0455375160744659,0.00383385543059591));
#421=CARTESIAN_POINT('',(-0.000659952894169891,0.0471349773679381,0.00346480781154821));
#422=CARTESIAN_POINT('',(0.00427963331989923,0.0462639950448622,0.00309576019250061));
#423=CARTESIAN_POINT('',(0.00820113373529707,0.0431367028190911,0.002726712573453));
#424=CARTESIAN_POINT('',(0.0101494400507932,0.038514774144357,0.00235766495440542));
#425=CARTESIAN_POINT('',(0.00965002891099986,0.0335239114246678,0.00198861733535782));
#426=CARTESIAN_POINT('',(0.00682453532160773,0.0293796734790816,0.0016195697163102));
#427=CARTESIAN_POINT('',(0.00236112761015421,0.027091417860784,0.0012505220972625));
#428=CARTESIAN_POINT('',(-0.00265310068634467,0.0272164649076212,0.000881474478214912));
#429=CARTESIAN_POINT('',(-0.00699689990246875,0.0297243585543561,0.000512426859167296));
#430=CARTESIAN_POINT('',(-0.0096123079699475,0.0340042841160804,0.000143379240119597));
#431=CARTESIAN_POINT('',(-0.00986232432987615,0.039013836390795,-0.000225668378927991));
#432=CARTESIAN_POINT('',(-0.00768605578436725,0.043532904590232,-0.000594715997975497));
#433=CARTESIAN_POINT('',(-0.00361354745221245,0.0464608386840705,-0.000963763617023196));
#434=CARTESIAN_POINT('',(0.00136331335233522,0.0470845202578645,-0.0013328112360708));
#435=CARTESIAN_POINT('',(0.00603237807260945,0.0452520473900642,-0.0017018588551185));
#436=CARTESIAN_POINT('',(0.00925646399767501,0.041409731406035,-0.00207090647416599));
#437=CARTESIAN_POINT('',(0.0102503229049846,0.0364933946960755,-0.00243995409321369));
#438=CARTESIAN_POINT('',(0.00877189364648997,0.0317004447588284,-0.00280900171226129));
#439=CARTESIAN_POINT('',(0.00518125780015687,0.0281982373988393,-0.00317804933130889));
#440=CARTESIAN_POINT('',(0.000352939333919088,0.0268397592201702,-0.0035470969503565));
#441=CARTESIAN_POINT('',(-0.00453709170005153,0.0279558768932392,-0.00391614456940409));
#442=CARTESIAN_POINT('',(-0.00829783473077955,0.0312747523097264,-0.0042851921884518));
#443=CARTESIAN_POINT('',(-0.0100133350197832,0.0359880506168316,-0.0046542398074994));
#444=CARTESIAN_POINT('',(-0.00926577071490695,0.040947815710403,-0.00502328742654699));
#445=CARTESIAN_POINT('',(-0.0062372162258553,0.0449460628113434,-0.0053923350455946));
#446=CARTESIAN_POINT('',(-0.00166529675390707,0.047008991437194,-0.00576138266464219));
#447=CARTESIAN_POINT('',(0.00333646538099403,0.0466341611833433,-0.00613043028368989));
#448=CARTESIAN_POINT('',(0.00754985673251882,0.0439128645269261,-0.00649947790273749));
#449=CARTESIAN_POINT('',(0.00994867696153917,0.0395078919183646,-0.0068685255217851));
#450=CARTESIAN_POINT('',(0.00994867696153901,0.034492104624895,-0.0072375731408327));
#451=CARTESIAN_POINT('',(0.00754985673251931,0.0300871320163332,-0.0076066207598803));
#452=CARTESIAN_POINT('',(0.0033364653809937,0.0273658353599165,-0.0079756683789279));
#453=CARTESIAN_POINT('',(-0.00166529675390577,0.0269910051060643,-0.00834471599797559));
#454=CARTESIAN_POINT('',(-0.0062372162258576,0.0290539337319181,-0.00871376361702319));
#455=CARTESIAN_POINT('',(-0.0092657707149019,0.0330521808328516,-0.00908281123607079));
#456=CARTESIAN_POINT('',(-0.0100133350197934,0.0380119459264372,-0.00945185885511839));
#457=CARTESIAN_POINT('',(-0.00829783473075895,0.042725244233513,-0.00982090647416609));
#458=CARTESIAN_POINT('',(-0.00453709170009443,0.0460441196500607,-0.0101899540932136));
#459=CARTESIAN_POINT('',(0.000352939334006787,0.0471602373230056,-0.0105590017122613));
#460=CARTESIAN_POINT('',(0.00518125779997578,0.0458017591445923,-0.0109280493313089));
#461=CARTESIAN_POINT('',(0.00877189364686214,0.0422995517840771,-0.0112970969503565));
#462=CARTESIAN_POINT('',(0.0102503229042185,0.0375066018479131,-0.0116661445694042));
#463=CARTESIAN_POINT('',(0.00925646399925166,0.0325902651357241,-0.0120351921884517));
#464=CARTESIAN_POINT('',(0.00603237806936503,0.028747949156283,-0.0124042398074994));
#465=CARTESIAN_POINT('',(0.00136331335901229,0.0269154762790405,-0.012773287426547));
#466=CARTESIAN_POINT('',(-0.00361354746595281,0.0275391578722658,-0.0131423350455946));
#467=CARTESIAN_POINT('',(-0.0076860557560903,0.0304670919261161,-0.0135113826646422));
#468=CARTESIAN_POINT('',(-0.00986232438806725,0.0349861602078452,-0.0138804302836899));
#469=CARTESIAN_POINT('',(-0.00961230785019515,0.0399957123132094,-0.0142494779027374));
#470=CARTESIAN_POINT('',(-0.00699690014890875,0.0442756382234426,-0.0146185255217851));
#471=CARTESIAN_POINT('',(-0.00265310017919289,0.0467835311529763,-0.0149875731408327));
#472=CARTESIAN_POINT('',(0.00236112656647928,0.0469085796757518,-0.0153566207598803));
#473=CARTESIAN_POINT('',(0.00682453746939978,0.0446203210201015,-0.0157256683789281));
#474=CARTESIAN_POINT('',(0.0096500244910308,0.0404760893251238,-0.0160947159979756));
#475=CARTESIAN_POINT('',(0.0101494491467451,0.0354852137422184,-0.0164637636170233));
#476=CARTESIAN_POINT('',(0.00820111501686979,0.0308633115389116,-0.0168328112360708));
#477=CARTESIAN_POINT('',(0.00427967185122392,0.0277359648353773,-0.0172018588551186));
#478=CARTESIAN_POINT('',(-0.00066003213086153,0.0268650946370813,-0.0175709064741661));
#479=CARTESIAN_POINT('',(-0.005414388979124,0.0284623246615577,-0.0179399540932138));
#480=CARTESIAN_POINT('',(-0.0088264853229651,0.0321396373561917,-0.0183090017122614));
#481=CARTESIAN_POINT('',(-0.0096504367665868,0.0353793358557678,-0.0185550334582931));
#482=CARTESIAN_POINT('',(-0.0096504367665868,0.0369999982716297,-0.018678049331309));
#483=CARTESIAN_POINT('',(-0.0096504434303438,0.0369999982716297,0.0743250106348884));
#484=CARTESIAN_POINT('',(-0.0096504434303438,0.0386206615297792,0.0742019947618724));
#485=CARTESIAN_POINT('',(-0.00882649135719935,0.041860362623043,0.0739559630158404));
#486=CARTESIAN_POINT('',(-0.0054143927289737,0.0455376776056047,0.0735869153967934));
#487=CARTESIAN_POINT('',(-0.000660032641268672,0.0471349088123247,0.0732178677777454));
#488=CARTESIAN_POINT('',(0.00427967468405701,0.0462640379755886,0.0728488201586984));
#489=CARTESIAN_POINT('',(0.00820112051287789,0.0431366891741432,0.0724797725396504));
#490=CARTESIAN_POINT('',(0.0101494559625304,0.0385147838247552,0.0721107249206024));
#491=CARTESIAN_POINT('',(0.00965003096889781,0.0335239048622704,0.0717416773015554));
#492=CARTESIAN_POINT('',(0.0068245420304846,0.0293796703538057,0.0713726296825074));
#493=CARTESIAN_POINT('',(0.00236112810044998,0.027091410147439,0.0710035820634594));
#494=CARTESIAN_POINT('',(-0.00265310204621339,0.0272164587543997,0.0706345344444124));
#495=CARTESIAN_POINT('',(-0.0069969049620646,0.0297243533852163,0.0702654868253644));
#496=CARTESIAN_POINT('',(-0.00961231443727255,0.0340042821981593,0.0698964392063174));
#497=CARTESIAN_POINT('',(-0.00986233114470755,0.0390138377013227,0.0695273915872694));
#498=CARTESIAN_POINT('',(-0.00768606103668245,0.0435329090480733,0.0691583439682214));
#499=CARTESIAN_POINT('',(-0.00361354998436509,0.0464608450878109,0.0687892963491744));
#500=CARTESIAN_POINT('',(0.0013633142161529,0.0470845271040397,0.0684202487301264));
#501=CARTESIAN_POINT('',(0.00603238209329776,0.0452520529839272,0.0680512011110794));
#502=CARTESIAN_POINT('',(0.00925647020991929,0.0414097343984347,0.0676821534920314));
#503=CARTESIAN_POINT('',(0.0102503297889707,0.036493394351743,0.0673131058729834));
#504=CARTESIAN_POINT('',(0.00877189952887027,0.0317004411647621,0.0669440582539364));
#505=CARTESIAN_POINT('',(0.00518126124663648,0.0281982314288759,0.0665750106348884));
#506=CARTESIAN_POINT('',(0.000352939505862189,0.0268397523290753,0.0662059630158404));
#507=CARTESIAN_POINT('',(-0.00453709484490089,0.0279558707590265,0.0658369153967934));
#508=CARTESIAN_POINT('',(-0.00829784042628805,0.0312747484266001,0.0654678677777454));
#509=CARTESIAN_POINT('',(-0.01001334187886,0.0359880499304691,0.0650988201586984));
#510=CARTESIAN_POINT('',(-0.0092657770669334,0.0409478183880134,0.0647297725396504));
#511=CARTESIAN_POINT('',(-0.00623722052377315,0.0449460682007567,0.0643607249206024));
#512=CARTESIAN_POINT('',(-0.00166529795091863,0.0470089982257912,0.0639916773015554));
#513=CARTESIAN_POINT('',(0.00333646757642428,0.0466341677177105,0.0636226296825074));
#514=CARTESIAN_POINT('',(0.00754986178568119,0.0439128692155753,0.0632535820634594));
#515=CARTESIAN_POINT('',(0.00994868364169994,0.0395078936193424,0.0628845344444124));
#516=CARTESIAN_POINT('',(0.00994868364170015,0.0344921029239169,0.0625154868253644));
#517=CARTESIAN_POINT('',(0.00754986178568091,0.0300871273276842,0.0621464392063174));
#518=CARTESIAN_POINT('',(0.00333646757642488,0.0273658288255484,0.0617773915872694));
#519=CARTESIAN_POINT('',(-0.00166529795091973,0.0269909983174693,0.0614083439682214));
#520=CARTESIAN_POINT('',(-0.00623722052377075,0.0290539283425004,0.0610392963491744));
#521=CARTESIAN_POINT('',(-0.0092657770669383,0.0330521781552506,0.0606702487301264));
#522=CARTESIAN_POINT('',(-0.01001334187885,0.0380119466127807,0.0603012011110794));
#523=CARTESIAN_POINT('',(-0.00829784042630885,0.0427252481166789,0.0599321534920314));
#524=CARTESIAN_POINT('',(-0.00453709484485819,0.0460441257841923,0.0595631058729834));
#525=CARTESIAN_POINT('',(0.00035293950577426,0.0471602442142678,0.0591940582539364));
#526=CARTESIAN_POINT('',(0.00518126124681733,0.0458017651142114,0.0588250106348884));
#527=CARTESIAN_POINT('',(0.00877189952849799,0.0422995553788516,0.0584559630158404));
#528=CARTESIAN_POINT('',(0.0102503297897368,0.0375066021907875,0.0580869153967934));
#529=CARTESIAN_POINT('',(0.00925647020834279,0.0325902621463246,0.0577178677777454));
#530=CARTESIAN_POINT('',(0.0060323820965421,0.0287479435562457,0.0573488201586974));
#531=CARTESIAN_POINT('',(0.00136331420947641,0.0269154694455715,0.0569797725396504));
#532=CARTESIAN_POINT('',(-0.00361354997062535,0.027539151442377,0.0566107249206024));
#533=CARTESIAN_POINT('',(-0.00768606106495755,0.030467087522086,0.0562416773015554));
#534=CARTESIAN_POINT('',(-0.00986233108651985,0.0349861587865791,0.0558726296825074));
#535=CARTESIAN_POINT('',(-0.0096123145570177,0.0399957144590212,0.0555035820634594));
#536=CARTESIAN_POINT('',(-0.00699690471563945,0.0442756429236034,0.0551345344444124));
#537=CARTESIAN_POINT('',(-0.00265310255333511,0.0467835382713162,0.0547654868253644));
#538=CARTESIAN_POINT('',(0.00236112914406238,0.0469085854029667,0.0543964392063174));
#539=CARTESIAN_POINT('',(0.00682453988282061,0.0446203282326605,0.0540273915872694));
#540=CARTESIAN_POINT('',(0.00965003538860284,0.0404760874762465,0.0536583439682214));
#541=CARTESIAN_POINT('',(0.0101494468671217,0.0354852213715063,0.0532892963491744));
#542=CARTESIAN_POINT('',(0.00820113923018754,0.0308632895619505,0.0529202487301264));
#543=CARTESIAN_POINT('',(0.00427963615503348,0.0277359952150946,0.0525512011110784));
#544=CARTESIAN_POINT('',(-0.000659953409308332,0.0268650123012753,0.0521821534920314));
#545=CARTESIAN_POINT('',(-0.00541455857215305,0.0284624746782249,0.0518131058729834));
#546=CARTESIAN_POINT('',(-0.00882616266154665,0.0321393094362134,0.0514440582539364));
#547=CARTESIAN_POINT('',(-0.0100638461209091,0.0369999982716297,0.0510750106348884));
#548=CARTESIAN_POINT('',(-0.00882616266154675,0.041860687107046,0.0507059630158404));
#549=CARTESIAN_POINT('',(-0.00541455857215305,0.0455375218650344,0.0503369153967934));
#550=CARTESIAN_POINT('',(-0.000659953409308332,0.0471349842419842,0.0499678677777454));
#551=CARTESIAN_POINT('',(0.00427963615503343,0.0462640013281647,0.0495988201586974));
#552=CARTESIAN_POINT('',(0.0082011392301875,0.0431367069813089,0.0492297725396504));
#553=CARTESIAN_POINT('',(0.0101494468671217,0.0385147751717531,0.0488607249206024));
#554=CARTESIAN_POINT('',(0.00965003538860287,0.0335239090670131,0.0484916773015554));
#555=CARTESIAN_POINT('',(0.00682453988282068,0.0293796683105989,0.0481226296825074));
#556=CARTESIAN_POINT('',(0.00236112914406242,0.0270914111402929,0.0477535820634594));
#557=CARTESIAN_POINT('',(-0.00265310255333502,0.0272164582719431,0.0473845344444124));
#558=CARTESIAN_POINT('',(-0.00699690471563935,0.029724353619656,0.0470154868253644));
#559=CARTESIAN_POINT('',(-0.0096123145570177,0.0340042820842382,0.0466464392063174));
#560=CARTESIAN_POINT('',(-0.00986233108651985,0.0390138377566802,0.0462773915872694));
#561=CARTESIAN_POINT('',(-0.00768606106495755,0.0435329090211733,0.0459083439682214));
#562=CARTESIAN_POINT('',(-0.00361354997062545,0.0464608451008824,0.0455392963491744));
#563=CARTESIAN_POINT('',(0.00136331420947636,0.0470845270976879,0.0451702487301264));
#564=CARTESIAN_POINT('',(0.00603238209654205,0.0452520529870137,0.0448012011110794));
#565=CARTESIAN_POINT('',(0.00925647020834278,0.0414097343969349,0.0444321534920314));
#566=CARTESIAN_POINT('',(0.0102503297897368,0.036493394352472,0.0440631058729834));
#567=CARTESIAN_POINT('',(0.00877189952849804,0.0317004411644078,0.0436940582539364));
#568=CARTESIAN_POINT('',(0.0051812612468174,0.0281982314290481,0.0433250106348884));
#569=CARTESIAN_POINT('',(0.000352939505774299,0.0268397523289916,0.0429559630158404));
#570=CARTESIAN_POINT('',(-0.00453709484485819,0.0279558707590671,0.0425869153967934));
#571=CARTESIAN_POINT('',(-0.00829784042630885,0.0312747484265804,0.0422178677777454));
#572=CARTESIAN_POINT('',(-0.0100133418788499,0.0359880499304787,0.0418488201586984));
#573=CARTESIAN_POINT('',(-0.0092657770669383,0.0409478183880087,0.0414797725396504));
#574=CARTESIAN_POINT('',(-0.00623722052377075,0.044946068200759,0.0411107249206024));
#575=CARTESIAN_POINT('',(-0.00166529795091973,0.04700899822579,0.0407416773015554));
#576=CARTESIAN_POINT('',(0.00333646757642483,0.046634167717711,0.0403726296825074));
#577=CARTESIAN_POINT('',(0.00754986178568092,0.0439128692155752,0.0400035820634594));
#578=CARTESIAN_POINT('',(0.00994868364170008,0.0395078936193425,0.0396345344444124));
#579=CARTESIAN_POINT('',(0.00994868364170009,0.0344921029239169,0.0392654868253646));
#580=CARTESIAN_POINT('',(0.00754986178568096,0.0300871273276844,0.0388964392063171));
#581=CARTESIAN_POINT('',(0.00333646757642491,0.0273658288255483,0.0385273915872695));
#582=CARTESIAN_POINT('',(-0.00166529795091963,0.0269909983174693,0.0381583439682218));
#583=CARTESIAN_POINT('',(-0.00623722052377065,0.0290539283425004,0.0377892963491742));
#584=CARTESIAN_POINT('',(-0.0092657770669383,0.0330521781552505,0.0374202487301267));
#585=CARTESIAN_POINT('',(-0.0100133418788499,0.0380119466127807,0.0370512011110789));
#586=CARTESIAN_POINT('',(-0.00829784042630885,0.0427252481166789,0.0366821534920314));
#587=CARTESIAN_POINT('',(-0.00453709484485819,0.0460441257841922,0.0363131058729836));
#588=CARTESIAN_POINT('',(0.000352939505774238,0.0471602442142678,0.0359440582539362));
#589=CARTESIAN_POINT('',(0.00518126124681733,0.0458017651142115,0.0355750106348884));
#590=CARTESIAN_POINT('',(0.00877189952849798,0.0422995553788516,0.035205963015841));
#591=CARTESIAN_POINT('',(0.0102503297897368,0.0375066021907876,0.0348369153967931));
#592=CARTESIAN_POINT('',(0.00925647020834281,0.0325902621463245,0.0344678677777457));
#593=CARTESIAN_POINT('',(0.0060323820965421,0.0287479435562458,0.034098820158698));
#594=CARTESIAN_POINT('',(0.00136331420947644,0.0269154694455714,0.0337297725396504));
#595=CARTESIAN_POINT('',(-0.00361354997062535,0.027539151442377,0.0333607249206028));
#596=CARTESIAN_POINT('',(-0.00768606106495755,0.0304670875220859,0.0329916773015552));
#597=CARTESIAN_POINT('',(-0.00986233108651985,0.0349861587865792,0.0326226296825076));
#598=CARTESIAN_POINT('',(-0.0096123145570177,0.0399957144590212,0.0322535820634599));
#599=CARTESIAN_POINT('',(-0.00699690471563945,0.0442756429236033,0.0318845344444124));
#600=CARTESIAN_POINT('',(-0.00265310255333521,0.0467835382713162,0.0315154868253646));
#601=CARTESIAN_POINT('',(0.00236112914406232,0.0469085854029666,0.0311464392063171));
#602=CARTESIAN_POINT('',(0.00682453988282059,0.0446203282326606,0.0307773915872695));
#603=CARTESIAN_POINT('',(0.00965003538860283,0.0404760874762464,0.0304083439682218));
#604=CARTESIAN_POINT('',(0.0101494468671217,0.0354852213715064,0.0300392963491742));
#605=CARTESIAN_POINT('',(0.00820113923018754,0.0308632895619505,0.0296702487301265));
#606=CARTESIAN_POINT('',(0.00427963615503348,0.0277359952150947,0.029301201111079));
#607=CARTESIAN_POINT('',(-0.000659953409308231,0.0268650123012752,0.0289321534920313));
#608=CARTESIAN_POINT('',(-0.00541455857215295,0.0284624746782249,0.0285631058729838));
#609=CARTESIAN_POINT('',(-0.00882616266154665,0.0321393094362134,0.0281940582539361));
#610=CARTESIAN_POINT('',(-0.0100638461209091,0.0369999982716297,0.0278250106348885));
#611=CARTESIAN_POINT('',(-0.00882616266154675,0.041860687107046,0.0274559630158409));
#612=CARTESIAN_POINT('',(-0.00541455857215305,0.0455375218650344,0.0270869153967932));
#613=CARTESIAN_POINT('',(-0.000659953409308332,0.0471349842419843,0.0267178677777457));
#614=CARTESIAN_POINT('',(0.00427963615503337,0.0462640013281647,0.026348820158698));
#615=CARTESIAN_POINT('',(0.00820113923018744,0.043136706981309,0.0259797725396504));
#616=CARTESIAN_POINT('',(0.0101494468671217,0.0385147751717532,0.0256107249206028));
#617=CARTESIAN_POINT('',(0.00965003538860289,0.0335239090670131,0.0252416773015552));
#618=CARTESIAN_POINT('',(0.00682453988282065,0.0293796683105988,0.0248726296825076));
#619=CARTESIAN_POINT('',(0.00236112914406239,0.0270914111402929,0.0245035820634599));
#620=CARTESIAN_POINT('',(-0.00265310255333502,0.0272164582719432,0.0241345344444123));
#621=CARTESIAN_POINT('',(-0.00699690471563935,0.029724353619656,0.0237654868253648));
#622=CARTESIAN_POINT('',(-0.0096123145570177,0.0340042820842381,0.023396439206317));
#623=CARTESIAN_POINT('',(-0.00986233108651985,0.0390138377566802,0.0230273915872695));
#624=CARTESIAN_POINT('',(-0.00768606106495755,0.0435329090211734,0.0226583439682218));
#625=CARTESIAN_POINT('',(-0.00361354997062545,0.0464608451008823,0.0222892963491742));
#626=CARTESIAN_POINT('',(0.00136331420947634,0.047084527097688,0.0219202487301266));
#627=CARTESIAN_POINT('',(0.00603238209654204,0.0452520529870137,0.0215512011110789));
#628=CARTESIAN_POINT('',(0.00925647020834278,0.041409734396935,0.0211821534920314));
#629=CARTESIAN_POINT('',(0.0102503297897368,0.0364933943524719,0.0208131058729837));
#630=CARTESIAN_POINT('',(0.00877189952849803,0.031700441164408,0.0204440582539361));
#631=CARTESIAN_POINT('',(0.00518126124681746,0.0281982314290481,0.0200750106348885));
#632=CARTESIAN_POINT('',(0.000352939505774358,0.0268397523289916,0.0197059630158409));
#633=CARTESIAN_POINT('',(-0.00453709484485809,0.0279558707590671,0.0193369153967933));
#634=CARTESIAN_POINT('',(-0.00829784042630885,0.0312747484265804,0.0189678677777456));
#635=CARTESIAN_POINT('',(-0.0100133418788499,0.0359880499304786,0.018598820158698));
#636=CARTESIAN_POINT('',(-0.0092657770669384,0.0409478183880089,0.0182297725396504));
#637=CARTESIAN_POINT('',(-0.00623722052377075,0.0449460682007589,0.0178607249206028));
#638=CARTESIAN_POINT('',(-0.00166529795091983,0.0470089982257901,0.0174916773015551));
#639=CARTESIAN_POINT('',(0.00333646757642483,0.0466341677177111,0.0171226296825076));
#640=CARTESIAN_POINT('',(0.00754986178568086,0.0439128692155752,0.0167535820634599));
#641=CARTESIAN_POINT('',(0.00994868364170005,0.0395078936193427,0.0163845344444123));
#642=CARTESIAN_POINT('',(0.00994868364170012,0.0344921029239169,0.0160154868253647));
#643=CARTESIAN_POINT('',(0.00754986178568096,0.0300871273276844,0.015646439206317));
#644=CARTESIAN_POINT('',(0.00333646757642486,0.0273658288255483,0.0152773915872694));
#645=CARTESIAN_POINT('',(-0.00166529795091973,0.0269909983174693,0.0149083439682219));
#646=CARTESIAN_POINT('',(-0.00623722052377075,0.0290539283425004,0.0145392963491742));
#647=CARTESIAN_POINT('',(-0.0092657770669383,0.0330521781552506,0.0141702487301266));
#648=CARTESIAN_POINT('',(-0.01001334187885,0.0380119466127806,0.013801201111079));
#649=CARTESIAN_POINT('',(-0.00829784042630885,0.0427252481166789,0.0134321534920314));
#650=CARTESIAN_POINT('',(-0.00453709484485829,0.0460441257841921,0.0130631058729837));
#651=CARTESIAN_POINT('',(0.000352939505774129,0.0471602442142679,0.0126940582539362));
#652=CARTESIAN_POINT('',(0.00518126124681725,0.0458017651142114,0.0123250106348885));
#653=CARTESIAN_POINT('',(0.00877189952849798,0.0422995553788516,0.0119559630158408));
#654=CARTESIAN_POINT('',(0.0102503297897368,0.0375066021907875,0.0115869153967933));
#655=CARTESIAN_POINT('',(0.00925647020834279,0.0325902621463245,0.0112178677777456));
#656=CARTESIAN_POINT('',(0.0060323820965421,0.0287479435562458,0.010848820158698));
#657=CARTESIAN_POINT('',(0.00136331420947648,0.0269154694455715,0.0104797725396504));
#658=CARTESIAN_POINT('',(-0.00361354997062535,0.027539151442377,0.0101107249206028));
#659=CARTESIAN_POINT('',(-0.00768606106495745,0.0304670875220859,0.00974167730155521));
#660=CARTESIAN_POINT('',(-0.0098623310865199,0.0349861587865791,0.00937262968250762));
#661=CARTESIAN_POINT('',(-0.0096123145570178,0.039995714459021,0.00900358206345991));
#662=CARTESIAN_POINT('',(-0.00699690471563945,0.0442756429236032,0.00863453444441231));
#663=CARTESIAN_POINT('',(-0.00265310255333521,0.0467835382713163,0.0082654868253647));
#664=CARTESIAN_POINT('',(0.00236112914406237,0.0469085854029666,0.00789643920631702));
#665=CARTESIAN_POINT('',(0.00682453988282062,0.0446203282326606,0.00752739158726951));
#666=CARTESIAN_POINT('',(0.00965003538860282,0.0404760874762464,0.00715834396822181));
#667=CARTESIAN_POINT('',(0.0101494468671217,0.0354852213715065,0.00678929634917431));
#668=CARTESIAN_POINT('',(0.00820113923018758,0.0308632895619505,0.00642024873012661));
#669=CARTESIAN_POINT('',(0.00427963615503353,0.0277359952150947,0.00605120111107901));
#670=CARTESIAN_POINT('',(-0.000659953409308231,0.0268650123012752,0.00568215349203142));
#671=CARTESIAN_POINT('',(-0.00541455857215295,0.0284624746782249,0.00531310587298371));
#672=CARTESIAN_POINT('',(-0.00882616266154665,0.0321393094362134,0.0049440582539361));
#673=CARTESIAN_POINT('',(-0.0100638461209091,0.0369999982716296,0.0045750106348885));
#674=CARTESIAN_POINT('',(-0.00882616266154675,0.041860687107046,0.00420596301584091));
#675=CARTESIAN_POINT('',(-0.00541455857215305,0.0455375218650344,0.00383691539679331));
#676=CARTESIAN_POINT('',(-0.000659953409308431,0.0471349842419842,0.00346786777774561));
#677=CARTESIAN_POINT('',(0.00427963615503333,0.0462640013281648,0.00309882015869801));
#678=CARTESIAN_POINT('',(0.00820113923018745,0.0431367069813088,0.00272977253965041));
#679=CARTESIAN_POINT('',(0.0101494468671217,0.0385147751717532,0.00236072492060281));
#680=CARTESIAN_POINT('',(0.00965003538860289,0.0335239090670131,0.00199167730155522));
#681=CARTESIAN_POINT('',(0.00682453988282072,0.029379668310599,0.0016226296825076));
#682=CARTESIAN_POINT('',(0.00236112914406247,0.0270914111402928,0.0012535820634599));
#683=CARTESIAN_POINT('',(-0.00265310255333502,0.0272164582719431,0.000884534444412312));
#684=CARTESIAN_POINT('',(-0.00699690471563935,0.029724353619656,0.00051548682536471));
#685=CARTESIAN_POINT('',(-0.0096123145570177,0.0340042820842383,0.000146439206317107));
#686=CARTESIAN_POINT('',(-0.00986233108651985,0.03901383775668,-0.000222608412730592));
#687=CARTESIAN_POINT('',(-0.00768606106495765,0.0435329090211734,-0.000591656031778097));
#688=CARTESIAN_POINT('',(-0.00361354997062545,0.0464608451008822,-0.000960703650825796));
#689=CARTESIAN_POINT('',(0.00136331420947631,0.047084527097688,-0.0013297512698734));
#690=CARTESIAN_POINT('',(0.00603238209654206,0.0452520529870137,-0.0016987988889211));
#691=CARTESIAN_POINT('',(0.00925647020834278,0.041409734396935,-0.00206784650796861));
#692=CARTESIAN_POINT('',(0.0102503297897368,0.0364933943524719,-0.00243689412701629));
#693=CARTESIAN_POINT('',(0.00877189952849806,0.031700441164408,-0.00280594174606389));
#694=CARTESIAN_POINT('',(0.00518126124681745,0.028198231429048,-0.00317498936511149));
#695=CARTESIAN_POINT('',(0.000352939505774348,0.0268397523289916,-0.00354403698415909));
#696=CARTESIAN_POINT('',(-0.00453709484485809,0.0279558707590671,-0.0039130846032067));
#697=CARTESIAN_POINT('',(-0.00829784042630875,0.0312747484265804,-0.00428213222225439));
#698=CARTESIAN_POINT('',(-0.0100133418788499,0.0359880499304784,-0.004651179841302));
#699=CARTESIAN_POINT('',(-0.0092657770669384,0.0409478183880088,-0.00502022746034959));
#700=CARTESIAN_POINT('',(-0.00623722052377075,0.0449460682007589,-0.00538927507939719));
#701=CARTESIAN_POINT('',(-0.00166529795091973,0.0470089982257901,-0.00575832269844479));
#702=CARTESIAN_POINT('',(0.0033364675764248,0.046634167717711,-0.00612737031749249));
#703=CARTESIAN_POINT('',(0.0075498617856808,0.0439128692155753,-0.00649641793654009));
#704=CARTESIAN_POINT('',(0.00994868364170013,0.0395078936193426,-0.0068654655555877));
#705=CARTESIAN_POINT('',(0.00994868364169997,0.0344921029239171,-0.0072345131746353));
#706=CARTESIAN_POINT('',(0.00754986178568128,0.030087127327684,-0.0076035607936829));
#707=CARTESIAN_POINT('',(0.00333646757642447,0.027365828825549,-0.0079726084127305));
#708=CARTESIAN_POINT('',(-0.00166529795091843,0.0269909983174681,-0.0083416560317782));
#709=CARTESIAN_POINT('',(-0.00623722052377305,0.0290539283425026,-0.00871070365082579));
#710=CARTESIAN_POINT('',(-0.0092657770669334,0.0330521781552458,-0.00907975126987339));
#711=CARTESIAN_POINT('',(-0.0100133418788601,0.0380119466127903,-0.00944879888892099));
#712=CARTESIAN_POINT('',(-0.00829784042628815,0.042725248116659,-0.00981784650796869));
#713=CARTESIAN_POINT('',(-0.00453709484490099,0.0460441257842328,-0.0101868941270162));
#714=CARTESIAN_POINT('',(0.000352939505862049,0.0471602442141842,-0.0105559417460639));
#715=CARTESIAN_POINT('',(0.00518126124663637,0.0458017651143835,-0.0109249893651115));
#716=CARTESIAN_POINT('',(0.00877189952887021,0.0422995553784975,-0.0112940369841591));
#717=CARTESIAN_POINT('',(0.0102503297889708,0.0375066021915165,-0.0116630846032068));
#718=CARTESIAN_POINT('',(0.00925647020991933,0.0325902621448248,-0.0120321322222543));
#719=CARTESIAN_POINT('',(0.00603238209329783,0.0287479435593322,-0.012401179841302));
#720=CARTESIAN_POINT('',(0.00136331421615298,0.0269154694392197,-0.0127702274603496));
#721=CARTESIAN_POINT('',(-0.00361354998436499,0.0275391514554485,-0.0131392750793972));
#722=CARTESIAN_POINT('',(-0.00768606103668235,0.030467087495186,-0.0135083226984448));
#723=CARTESIAN_POINT('',(-0.00986233114470755,0.0349861588419366,-0.0138773703174925));
#724=CARTESIAN_POINT('',(-0.00961231443727255,0.0399957143450999,-0.01424641793654));
#725=CARTESIAN_POINT('',(-0.0069969049620647,0.0442756431580429,-0.0146154655555877));
#726=CARTESIAN_POINT('',(-0.00265310204621349,0.0467835377888597,-0.0149845131746353));
#727=CARTESIAN_POINT('',(0.00236112810044986,0.0469085863958205,-0.0153535607936829));
#728=CARTESIAN_POINT('',(0.00682454203048451,0.0446203261894536,-0.0157226084127307));
#729=CARTESIAN_POINT('',(0.00965003096889777,0.0404760916809893,-0.0160916560317781));
#730=CARTESIAN_POINT('',(0.0101494559625304,0.0354852127185043,-0.0164607036508258));
#731=CARTESIAN_POINT('',(0.00820112051287794,0.0308633073691164,-0.0168297512698735));
#732=CARTESIAN_POINT('',(0.00427967468405713,0.0277359585676708,-0.0171987988889211));
#733=CARTESIAN_POINT('',(-0.00066003264126847,0.0268650877309347,-0.0175678465079687));
#734=CARTESIAN_POINT('',(-0.0054143927289735,0.0284623189376546,-0.0179368941270164));
#735=CARTESIAN_POINT('',(-0.00882649135719935,0.0321396339202163,-0.018305941746064));
#736=CARTESIAN_POINT('',(-0.0096504434303438,0.0353793350134802,-0.0185519734920956));
#737=CARTESIAN_POINT('',(-0.0096504434303438,0.0369999982716297,-0.0186749893651116));
#738=CARTESIAN_POINT('',(-0.0096504367665868,0.0369999982716297,0.0743280706543798));
#739=CARTESIAN_POINT('',(-0.0096504367665868,0.0386206600842814,0.0742050547813638));
#740=CARTESIAN_POINT('',(-0.0088264851720736,0.0418603594464243,0.073959023035332));
#741=CARTESIAN_POINT('',(-0.00541438893655585,0.0455376716287627,0.0735899754162848));
#742=CARTESIAN_POINT('',(-0.00066003211098385,0.0471349018591698,0.0732209277972368));
#743=CARTESIAN_POINT('',(0.00427967179640326,0.046264031562603,0.0728518801781898));
#744=CARTESIAN_POINT('',(0.00820111492344215,0.0431366849488845,0.0724828325591418));
#745=CARTESIAN_POINT('',(0.010149449026413,0.0385147827747091,0.0721137849400938));
#746=CARTESIAN_POINT('',(0.00965002437847194,0.0335239072633984,0.0717447373210468));
#747=CARTESIAN_POINT('',(0.00682453738941922,0.0293796756114733,0.0713756897019988));
#748=CARTESIAN_POINT('',(0.00236112653982484,0.0270914169858787,0.0710066420829508));
#749=CARTESIAN_POINT('',(-0.00265310014664551,0.027216465505743,0.0706375944639038));
#750=CARTESIAN_POINT('',(-0.00699690006478725,0.0297243584062545,0.0702685468448558));
#751=CARTESIAN_POINT('',(-0.0096123077351335,0.0340042842654364,0.0698994992258088));
#752=CARTESIAN_POINT('',(-0.00986232427001865,0.0390138363116054,0.0695304516067608));
#753=CARTESIAN_POINT('',(-0.00768605566384075,0.0435329045397073,0.0691614039877128));
#754=CARTESIAN_POINT('',(-0.00361354742195357,0.0464608385589026,0.0687923563686658));
#755=CARTESIAN_POINT('',(0.00136331334403677,0.047084520144719,0.0684233087496178));
#756=CARTESIAN_POINT('',(0.00603237799906607,0.045252047289199,0.0680542611305708));
#757=CARTESIAN_POINT('',(0.00925646389074914,0.041409731355282,0.0676852135115228));
#758=CARTESIAN_POINT('',(0.0102503227839399,0.03649339470135,0.0673161658924748));
#759=CARTESIAN_POINT('',(0.00877189354410167,0.0317004448219778,0.0669471182734278));
#760=CARTESIAN_POINT('',(0.0051812577397617,0.0281982375029613,0.0665780706543798));
#761=CARTESIAN_POINT('',(0.000352939331004559,0.0268397593406448,0.0662090230353318));
#762=CARTESIAN_POINT('',(-0.00453709164515357,0.0279558770003645,0.0658399754162848));
#763=CARTESIAN_POINT('',(-0.0082978346312562,0.0312747523775859,0.0654709277972368));
#764=CARTESIAN_POINT('',(-0.0100133348999633,0.035988050628813,0.0651018801781898));
#765=CARTESIAN_POINT('',(-0.00926577060393,0.040947815663629,0.0647328325591418));
#766=CARTESIAN_POINT('',(-0.0062372161507718,0.0449460627171864,0.0643637849400938));
#767=CARTESIAN_POINT('',(-0.0016652967329938,0.0470089913185962,0.0639947373210468));
#768=CARTESIAN_POINT('',(0.00333646534263867,0.0466341610691854,0.0636256897019988));
#769=CARTESIAN_POINT('',(0.00754985664423892,0.0439128644450141,0.0632566420829508));
#770=CARTESIAN_POINT('',(0.00994867684483452,0.0395078918886479,0.0628875944639038));
#771=CARTESIAN_POINT('',(0.00994867684483473,0.0344921046546114,0.0625185468448558));
#772=CARTESIAN_POINT('',(0.00754985664423864,0.0300871320982454,0.0621494992258088));
#773=CARTESIAN_POINT('',(0.00333646534263927,0.0273658354740734,0.0617804516067608));
#774=CARTESIAN_POINT('',(-0.00166529673299489,0.0269910052246643,0.0614114039877128));
#775=CARTESIAN_POINT('',(-0.0062372161507694,0.0290539338260706,0.0610423563686658));
#776=CARTESIAN_POINT('',(-0.0092657706039349,0.033052180879635,0.0606733087496178));
#777=CARTESIAN_POINT('',(-0.0100133348999533,0.0380119459144368,0.0603042611305708));
#778=CARTESIAN_POINT('',(-0.008297834631277,0.0427252441656931,0.0599352135115228));
#779=CARTESIAN_POINT('',(-0.00453709164511089,0.0460441195428543,0.0595661658924748));
#780=CARTESIAN_POINT('',(0.000352939330916638,0.0471602372026982,0.0591971182734278));
#781=CARTESIAN_POINT('',(0.00518125773994254,0.045801759040126,0.0588280706543798));
#782=CARTESIAN_POINT('',(0.00877189354372942,0.0422995517216357,0.0584590230353318));
#783=CARTESIAN_POINT('',(0.0102503227847059,0.0375066018411809,0.0580899754162848));
#784=CARTESIAN_POINT('',(0.00925646388917276,0.0325902651894764,0.0577209277972368));
#785=CARTESIAN_POINT('',(0.00603237800231016,0.0287479492509755,0.0573518801781888));
#786=CARTESIAN_POINT('',(0.0013633133373608,0.0269154764048888,0.0569828325591418));
#787=CARTESIAN_POINT('',(-0.00361354740821489,0.0275391579712924,0.0566137849400938));
#788=CARTESIAN_POINT('',(-0.00768605569211365,0.0304670920304373,0.0562447373210468));
#789=CARTESIAN_POINT('',(-0.0098623242118355,0.0349861601763265,0.0558756897019988));
#790=CARTESIAN_POINT('',(-0.00961230785486935,0.0399957123916821,0.0555066420829508));
#791=CARTESIAN_POINT('',(-0.00699689981838125,0.0442756379026924,0.0551375944639038));
#792=CARTESIAN_POINT('',(-0.00265310065372789,0.0467835315197108,0.0547685468448558));
#793=CARTESIAN_POINT('',(0.00236112758335627,0.0469085785650665,0.0543994992258088));
#794=CARTESIAN_POINT('',(0.00682453524192184,0.0446203229738829,0.0540304516067608));
#795=CARTESIAN_POINT('',(0.0096500287978341,0.0404760850774029,0.0536614039877128));
#796=CARTESIAN_POINT('',(0.0101494399317099,0.0354852224168515,0.0532923563686658));
#797=CARTESIAN_POINT('',(0.00820113363929975,0.0308632937968834,0.0529233087496178));
#798=CARTESIAN_POINT('',(0.00427963327036873,0.0277360016081684,0.0525542611305698));
#799=CARTESIAN_POINT('',(-0.00065995288517017,0.026865019295413,0.0521852135115228));
#800=CARTESIAN_POINT('',(-0.0054145547668694,0.0284624805699564,0.0518161658924748));
#801=CARTESIAN_POINT('',(-0.00882615650192045,0.0321393127905671,0.0514471182734278));
#802=CARTESIAN_POINT('',(-0.0100638391071596,0.0369999982716297,0.0510780706543798));
#803=CARTESIAN_POINT('',(-0.00882615650192055,0.0418606837526923,0.0507090230353318));
#804=CARTESIAN_POINT('',(-0.00541455476686945,0.0455375159733029,0.0503399754162848));
#805=CARTESIAN_POINT('',(-0.00065995288517017,0.0471349772478464,0.0499709277972368));
#806=CARTESIAN_POINT('',(0.00427963327036868,0.0462639949350909,0.0496018801781888));
#807=CARTESIAN_POINT('',(0.00820113363929971,0.043136702746376,0.0492328325591418));
#808=CARTESIAN_POINT('',(0.0101494399317099,0.038514774126408,0.0488637849400938));
#809=CARTESIAN_POINT('',(0.00965002879783413,0.0335239114658567,0.0484947373210468));
#810=CARTESIAN_POINT('',(0.00682453524192191,0.0293796735693765,0.0481256897019988));
#811=CARTESIAN_POINT('',(0.00236112758335631,0.0270914179781931,0.0477566420829508));
#812=CARTESIAN_POINT('',(-0.00265310065372779,0.0272164650235485,0.0473875944639038));
#813=CARTESIAN_POINT('',(-0.00699689981838115,0.0297243586405669,0.0470185468448558));
#814=CARTESIAN_POINT('',(-0.00961230785486935,0.0340042841515771,0.0466494992258088));
#815=CARTESIAN_POINT('',(-0.0098623242118355,0.0390138363669327,0.0462804516067608));
#816=CARTESIAN_POINT('',(-0.00768605569211365,0.043532904512822,0.0459114039877128));
#817=CARTESIAN_POINT('',(-0.00361354740821499,0.046460838571967,0.0455423563686658));
#818=CARTESIAN_POINT('',(0.00136331333736075,0.0470845201383706,0.0451733087496178));
#819=CARTESIAN_POINT('',(0.00603237800231011,0.0452520472922839,0.0448042611305708));
#820=CARTESIAN_POINT('',(0.00925646388917275,0.041409731353783,0.0444352135115228));
#821=CARTESIAN_POINT('',(0.0102503227847059,0.0364933947020785,0.0440661658924748));
#822=CARTESIAN_POINT('',(0.00877189354372947,0.0317004448216238,0.0436971182734278));
#823=CARTESIAN_POINT('',(0.00518125773994261,0.0281982375031335,0.0433280706543798));
#824=CARTESIAN_POINT('',(0.000352939330916669,0.0268397593405612,0.0429590230353318));
#825=CARTESIAN_POINT('',(-0.00453709164511089,0.0279558770004052,0.0425899754162848));
#826=CARTESIAN_POINT('',(-0.008297834631277,0.0312747523775662,0.0422209277972368));
#827=CARTESIAN_POINT('',(-0.0100133348999532,0.0359880506288226,0.0418518801781898));
#828=CARTESIAN_POINT('',(-0.0092657706039349,0.0409478156636243,0.0414828325591418));
#829=CARTESIAN_POINT('',(-0.0062372161507694,0.0449460627171887,0.0411137849400938));
#830=CARTESIAN_POINT('',(-0.00166529673299489,0.047008991318595,0.0407447373210468));
#831=CARTESIAN_POINT('',(0.00333646534263921,0.0466341610691859,0.0403756897019988));
#832=CARTESIAN_POINT('',(0.00754985664423865,0.0439128644450139,0.0400066420829508));
#833=CARTESIAN_POINT('',(0.00994867684483466,0.0395078918886479,0.0396375944639038));
#834=CARTESIAN_POINT('',(0.00994867684483466,0.0344921046546114,0.039268546844856));
#835=CARTESIAN_POINT('',(0.00754985664423869,0.0300871320982456,0.0388994992258085));
#836=CARTESIAN_POINT('',(0.0033364653426393,0.0273658354740734,0.0385304516067609));
#837=CARTESIAN_POINT('',(-0.00166529673299479,0.0269910052246643,0.0381614039877132));
#838=CARTESIAN_POINT('',(-0.0062372161507693,0.0290539338260706,0.0377923563686656));
#839=CARTESIAN_POINT('',(-0.0092657706039349,0.0330521808796348,0.037423308749618));
#840=CARTESIAN_POINT('',(-0.0100133348999532,0.0380119459144368,0.0370542611305703));
#841=CARTESIAN_POINT('',(-0.008297834631277,0.042725244165693,0.0366852135115228));
#842=CARTESIAN_POINT('',(-0.00453709164511089,0.0460441195428542,0.036316165892475));
#843=CARTESIAN_POINT('',(0.000352939330916608,0.0471602372026982,0.0359471182734276));
#844=CARTESIAN_POINT('',(0.00518125773994254,0.0458017590401261,0.0355780706543798));
#845=CARTESIAN_POINT('',(0.00877189354372941,0.0422995517216356,0.0352090230353324));
#846=CARTESIAN_POINT('',(0.0102503227847059,0.037506601841181,0.0348399754162845));
#847=CARTESIAN_POINT('',(0.00925646388917278,0.0325902651894764,0.0344709277972371));
#848=CARTESIAN_POINT('',(0.00603237800231016,0.0287479492509756,0.0341018801781894));
#849=CARTESIAN_POINT('',(0.00136331333736083,0.0269154764048886,0.0337328325591417));
#850=CARTESIAN_POINT('',(-0.00361354740821489,0.0275391579712924,0.0333637849400941));
#851=CARTESIAN_POINT('',(-0.00768605569211365,0.0304670920304372,0.0329947373210466));
#852=CARTESIAN_POINT('',(-0.0098623242118355,0.0349861601763266,0.0326256897019989));
#853=CARTESIAN_POINT('',(-0.00961230785486935,0.0399957123916821,0.0322566420829513));
#854=CARTESIAN_POINT('',(-0.00699689981838125,0.0442756379026924,0.0318875944639038));
#855=CARTESIAN_POINT('',(-0.00265310065372799,0.0467835315197108,0.031518546844856));
#856=CARTESIAN_POINT('',(0.00236112758335621,0.0469085785650663,0.0311494992258084));
#857=CARTESIAN_POINT('',(0.00682453524192182,0.044620322973883,0.0307804516067609));
#858=CARTESIAN_POINT('',(0.0096500287978341,0.0404760850774028,0.0304114039877132));
#859=CARTESIAN_POINT('',(0.0101494399317099,0.0354852224168515,0.0300423563686656));
#860=CARTESIAN_POINT('',(0.00820113363929975,0.0308632937968834,0.0296733087496178));
#861=CARTESIAN_POINT('',(0.00427963327036873,0.0277360016081685,0.0293042611305704));
#862=CARTESIAN_POINT('',(-0.000659952885170071,0.0268650192954129,0.0289352135115227));
#863=CARTESIAN_POINT('',(-0.00541455476686935,0.0284624805699564,0.0285661658924752));
#864=CARTESIAN_POINT('',(-0.00882615650192045,0.0321393127905671,0.0281971182734275));
#865=CARTESIAN_POINT('',(-0.0100638391071596,0.0369999982716297,0.0278280706543799));
#866=CARTESIAN_POINT('',(-0.00882615650192055,0.0418606837526923,0.0274590230353323));
#867=CARTESIAN_POINT('',(-0.00541455476686945,0.0455375159733029,0.0270899754162846));
#868=CARTESIAN_POINT('',(-0.00065995288517017,0.0471349772478465,0.0267209277972371));
#869=CARTESIAN_POINT('',(0.00427963327036861,0.0462639949350909,0.0263518801781895));
#870=CARTESIAN_POINT('',(0.00820113363929964,0.0431367027463761,0.0259828325591418));
#871=CARTESIAN_POINT('',(0.0101494399317099,0.0385147741264081,0.0256137849400942));
#872=CARTESIAN_POINT('',(0.00965002879783415,0.0335239114658567,0.0252447373210466));
#873=CARTESIAN_POINT('',(0.00682453524192188,0.0293796735693764,0.024875689701999));
#874=CARTESIAN_POINT('',(0.00236112758335628,0.0270914179781931,0.0245066420829513));
#875=CARTESIAN_POINT('',(-0.00265310065372779,0.0272164650235486,0.0241375944639037));
#876=CARTESIAN_POINT('',(-0.00699689981838115,0.0297243586405669,0.0237685468448562));
#877=CARTESIAN_POINT('',(-0.00961230785486935,0.034004284151577,0.0233994992258084));
#878=CARTESIAN_POINT('',(-0.0098623242118355,0.0390138363669327,0.0230304516067609));
#879=CARTESIAN_POINT('',(-0.00768605569211365,0.0435329045128221,0.0226614039877132));
#880=CARTESIAN_POINT('',(-0.00361354740821499,0.0464608385719669,0.0222923563686656));
#881=CARTESIAN_POINT('',(0.00136331333736073,0.0470845201383706,0.021923308749618));
#882=CARTESIAN_POINT('',(0.0060323780023101,0.0452520472922837,0.0215542611305703));
#883=CARTESIAN_POINT('',(0.00925646388917275,0.0414097313537831,0.0211852135115228));
#884=CARTESIAN_POINT('',(0.0102503227847059,0.0364933947020784,0.0208161658924751));
#885=CARTESIAN_POINT('',(0.00877189354372946,0.0317004448216239,0.0204471182734275));
#886=CARTESIAN_POINT('',(0.00518125773994267,0.0281982375031335,0.0200780706543799));
#887=CARTESIAN_POINT('',(0.000352939330916728,0.0268397593405612,0.0197090230353323));
#888=CARTESIAN_POINT('',(-0.00453709164511079,0.0279558770004052,0.0193399754162847));
#889=CARTESIAN_POINT('',(-0.008297834631277,0.0312747523775662,0.018970927797237));
#890=CARTESIAN_POINT('',(-0.0100133348999532,0.0359880506288225,0.0186018801781894));
#891=CARTESIAN_POINT('',(-0.009265770603935,0.0409478156636245,0.0182328325591418));
#892=CARTESIAN_POINT('',(-0.0062372161507694,0.0449460627171886,0.0178637849400942));
#893=CARTESIAN_POINT('',(-0.00166529673299499,0.0470089913185952,0.0174947373210465));
#894=CARTESIAN_POINT('',(0.00333646534263921,0.046634161069186,0.017125689701999));
#895=CARTESIAN_POINT('',(0.00754985664423859,0.0439128644450139,0.0167566420829513));
#896=CARTESIAN_POINT('',(0.00994867684483463,0.0395078918886481,0.0163875944639037));
#897=CARTESIAN_POINT('',(0.0099486768448347,0.0344921046546114,0.0160185468448561));
#898=CARTESIAN_POINT('',(0.0075498566442387,0.0300871320982456,0.0156494992258084));
#899=CARTESIAN_POINT('',(0.00333646534263925,0.0273658354740734,0.0152804516067608));
#900=CARTESIAN_POINT('',(-0.00166529673299489,0.0269910052246643,0.0149114039877133));
#901=CARTESIAN_POINT('',(-0.0062372161507694,0.0290539338260706,0.0145423563686656));
#902=CARTESIAN_POINT('',(-0.0092657706039349,0.033052180879635,0.014173308749618));
#903=CARTESIAN_POINT('',(-0.0100133348999533,0.0380119459144366,0.0138042611305704));
#904=CARTESIAN_POINT('',(-0.008297834631277,0.0427252441656931,0.0134352135115228));
#905=CARTESIAN_POINT('',(-0.00453709164511099,0.0460441195428541,0.0130661658924751));
#906=CARTESIAN_POINT('',(0.000352939330916508,0.0471602372026983,0.0126971182734276));
#907=CARTESIAN_POINT('',(0.00518125773994246,0.045801759040126,0.0123280706543799));
#908=CARTESIAN_POINT('',(0.00877189354372941,0.0422995517216357,0.0119590230353322));
#909=CARTESIAN_POINT('',(0.0102503227847059,0.037506601841181,0.0115899754162847));
#910=CARTESIAN_POINT('',(0.00925646388917276,0.0325902651894764,0.011220927797237));
#911=CARTESIAN_POINT('',(0.00603237800231016,0.0287479492509756,0.0108518801781894));
#912=CARTESIAN_POINT('',(0.00136331333736088,0.0269154764048888,0.0104828325591418));
#913=CARTESIAN_POINT('',(-0.00361354740821489,0.0275391579712924,0.0101137849400942));
#914=CARTESIAN_POINT('',(-0.0076860556921135,0.0304670920304372,0.0097447373210466));
#915=CARTESIAN_POINT('',(-0.0098623242118355,0.0349861601763266,0.00937568970199901));
#916=CARTESIAN_POINT('',(-0.00961230785486945,0.0399957123916821,0.00900664208295132));
#917=CARTESIAN_POINT('',(-0.00699689981838125,0.0442756379026923,0.0086375944639037));
#918=CARTESIAN_POINT('',(-0.00265310065372799,0.0467835315197109,0.00826854684485611));
#919=CARTESIAN_POINT('',(0.00236112758335626,0.0469085785650663,0.00789949922580841));
#920=CARTESIAN_POINT('',(0.00682453524192185,0.044620322973883,0.00753045160676091));
#921=CARTESIAN_POINT('',(0.00965002879783408,0.0404760850774028,0.00716140398771322));
#922=CARTESIAN_POINT('',(0.0101494399317099,0.0354852224168517,0.00679235636866572));
#923=CARTESIAN_POINT('',(0.00820113363929979,0.0308632937968834,0.006423308749618));
#924=CARTESIAN_POINT('',(0.00427963327036877,0.0277360016081685,0.0060542611305704));
#925=CARTESIAN_POINT('',(-0.000659952885170071,0.0268650192954129,0.00568521351152281));
#926=CARTESIAN_POINT('',(-0.00541455476686935,0.0284624805699564,0.00531616589247511));
#927=CARTESIAN_POINT('',(-0.00882615650192045,0.0321393127905671,0.0049471182734275));
#928=CARTESIAN_POINT('',(-0.0100638391071596,0.0369999982716296,0.00457807065437991));
#929=CARTESIAN_POINT('',(-0.00882615650192055,0.0418606837526923,0.0042090230353323));
#930=CARTESIAN_POINT('',(-0.00541455476686945,0.0455375159733029,0.0038399754162847));
#931=CARTESIAN_POINT('',(-0.000659952885170271,0.0471349772478464,0.00347092779723702));
#932=CARTESIAN_POINT('',(0.00427963327036858,0.046263994935091,0.00310188017818942));
#933=CARTESIAN_POINT('',(0.00820113363929966,0.0431367027463759,0.0027328325591418));
#934=CARTESIAN_POINT('',(0.0101494399317099,0.0385147741264081,0.0023637849400942));
#935=CARTESIAN_POINT('',(0.00965002879783415,0.0335239114658567,0.00199473732104661));
#936=CARTESIAN_POINT('',(0.00682453524192195,0.0293796735693766,0.001625689701999));
#937=CARTESIAN_POINT('',(0.00236112758335636,0.0270914179781931,0.00125664208295131));
#938=CARTESIAN_POINT('',(-0.00265310065372779,0.0272164650235485,0.000887594463903706));
#939=CARTESIAN_POINT('',(-0.00699689981838115,0.0297243586405669,0.000518546844856103));
#940=CARTESIAN_POINT('',(-0.00961230785486935,0.0340042841515773,0.000149499225808515));
#941=CARTESIAN_POINT('',(-0.0098623242118355,0.0390138363669325,-0.000219548393239198));
#942=CARTESIAN_POINT('',(-0.00768605569211375,0.0435329045128221,-0.000588596012286689));
#943=CARTESIAN_POINT('',(-0.00361354740821499,0.0464608385719668,-0.000957643631334389));
#944=CARTESIAN_POINT('',(0.00136331333736071,0.0470845201383706,-0.00132669125038199));
#945=CARTESIAN_POINT('',(0.00603237800231012,0.0452520472922837,-0.00169573886942969));
#946=CARTESIAN_POINT('',(0.00925646388917275,0.0414097313537831,-0.0020647864884772));
#947=CARTESIAN_POINT('',(0.0102503227847059,0.0364933947020784,-0.0024338341075249));
#948=CARTESIAN_POINT('',(0.00877189354372949,0.031700444821624,-0.00280288172657249));
#949=CARTESIAN_POINT('',(0.00518125773994266,0.0281982375031334,-0.0031719293456201));
#950=CARTESIAN_POINT('',(0.000352939330916718,0.0268397593405612,-0.00354097696466769));
#951=CARTESIAN_POINT('',(-0.00453709164511077,0.0279558770004051,-0.00391002458371531));
#952=CARTESIAN_POINT('',(-0.0082978346312769,0.0312747523775662,-0.00427907220276301));
#953=CARTESIAN_POINT('',(-0.0100133348999532,0.0359880506288224,-0.00464811982181059));
#954=CARTESIAN_POINT('',(-0.009265770603935,0.0409478156636244,-0.00501716744085819));
#955=CARTESIAN_POINT('',(-0.0062372161507694,0.0449460627171886,-0.0053862150599058));
#956=CARTESIAN_POINT('',(-0.00166529673299489,0.0470089913185952,-0.0057552626789534));
#957=CARTESIAN_POINT('',(0.00333646534263919,0.0466341610691859,-0.0061243102980011));
#958=CARTESIAN_POINT('',(0.00754985664423854,0.043912864445014,-0.0064933579170487));
#959=CARTESIAN_POINT('',(0.00994867684483471,0.0395078918886481,-0.00686240553609629));
#960=CARTESIAN_POINT('',(0.00994867684483455,0.0344921046546117,-0.00723145315514389));
#961=CARTESIAN_POINT('',(0.00754985664423902,0.0300871320982452,-0.00760050077419149));
#962=CARTESIAN_POINT('',(0.00333646534263886,0.0273658354740741,-0.00796954839323909));
#963=CARTESIAN_POINT('',(-0.00166529673299359,0.0269910052246631,-0.00833859601228679));
#964=CARTESIAN_POINT('',(-0.0062372161507717,0.0290539338260729,-0.0087076436313344));
#965=CARTESIAN_POINT('',(-0.00926577060393,0.0330521808796302,-0.009076691250382));
#966=CARTESIAN_POINT('',(-0.0100133348999634,0.0380119459144464,-0.00944573886942959));
#967=CARTESIAN_POINT('',(-0.0082978346312563,0.0427252441656732,-0.0098147864884773));
#968=CARTESIAN_POINT('',(-0.00453709164515367,0.0460441195428948,-0.0101838341075248));
#969=CARTESIAN_POINT('',(0.000352939331004408,0.0471602372026146,-0.0105528817265725));
#970=CARTESIAN_POINT('',(0.00518125773976159,0.045801759040298,-0.0109219293456201));
#971=CARTESIAN_POINT('',(0.00877189354410161,0.0422995517212818,-0.0112909769646677));
#972=CARTESIAN_POINT('',(0.0102503227839399,0.0375066018419095,-0.0116600245837154));
#973=CARTESIAN_POINT('',(0.00925646389074918,0.0325902651879775,-0.0120290722027629));
#974=CARTESIAN_POINT('',(0.00603237799906614,0.0287479492540604,-0.0123981198218106));
#975=CARTESIAN_POINT('',(0.00136331334403685,0.0269154763985404,-0.0127671674408582));
#976=CARTESIAN_POINT('',(-0.00361354742195347,0.0275391579843568,-0.0131362150599058));
#977=CARTESIAN_POINT('',(-0.00768605566384065,0.030467092003552,-0.0135052626789534));
#978=CARTESIAN_POINT('',(-0.00986232427001865,0.0349861602316539,-0.0138743102980011));
#979=CARTESIAN_POINT('',(-0.0096123077351335,0.0399957122778228,-0.0142433579170486));
#980=CARTESIAN_POINT('',(-0.00699690006478735,0.0442756381370047,-0.0146124055360963));
#981=CARTESIAN_POINT('',(-0.00265310014664562,0.0467835310375163,-0.0149814531551439));
#982=CARTESIAN_POINT('',(0.00236112653982472,0.0469085795573808,-0.0153505007741915));
#983=CARTESIAN_POINT('',(0.00682453738941913,0.044620320931786,-0.0157195483932393));
#984=CARTESIAN_POINT('',(0.0096500243784719,0.0404760892798612,-0.0160885960122868));
#985=CARTESIAN_POINT('',(0.010149449026413,0.0354852137685505,-0.0164576436313345));
#986=CARTESIAN_POINT('',(0.00820111492344219,0.0308633115943749,-0.016826691250382));
#987=CARTESIAN_POINT('',(0.00427967179640338,0.0277359649806563,-0.0171957388694297));
#988=CARTESIAN_POINT('',(-0.000660032110983651,0.0268650946840896,-0.0175647864884773));
#989=CARTESIAN_POINT('',(-0.00541438893655565,0.0284623249144966,-0.0179338341075249));
#990=CARTESIAN_POINT('',(-0.0088264851720736,0.032139637096835,-0.0183028817265726));
#991=CARTESIAN_POINT('',(-0.0096504367665868,0.035379336458978,-0.0185489134726043));
#992=CARTESIAN_POINT('',(-0.0096504367665868,0.0369999982716297,-0.0186719293456202));
#993=CARTESIAN_POINT('',(-0.00965042345043105,0.0369999982716297,0.074330110492017));
#994=CARTESIAN_POINT('',(-0.00965042345043105,0.0386206658192315,0.0742070946190012));
#995=CARTESIAN_POINT('',(-0.0088264749695068,0.0418603493908436,0.0739610628729692));
#996=CARTESIAN_POINT('',(-0.00541438196674065,0.0455376633012755,0.0735920152539222));
#997=CARTESIAN_POINT('',(-0.000660031335491812,0.0471348886367415,0.0732229676348742));
#998=CARTESIAN_POINT('',(0.00427966680973126,0.0462640208244706,0.072853920015827));
#999=CARTESIAN_POINT('',(0.00820110508973701,0.0431366772984717,0.0724848723967792));
#1000=CARTESIAN_POINT('',(0.0101494368862663,0.0385147810528499,0.0721158247777312));
#1001=CARTESIAN_POINT('',(0.00965001281799342,0.0335239114144887,0.071746777158684));
#1002=CARTESIAN_POINT('',(0.006824529258601,0.0293796848552904,0.0713777295396362));
#1003=CARTESIAN_POINT('',(0.00236112380228774,0.0270914289588732,0.0710086819205882));
#1004=CARTESIAN_POINT('',(-0.00265309681604265,0.0272164773463092,0.070639634301541));
#1005=CARTESIAN_POINT('',(-0.0069968914811779,0.0297243672040587,0.0702705866824932));
#1006=CARTESIAN_POINT('',(-0.0096122959871988,0.0340042878905817,0.0699015390634462));
#1007=CARTESIAN_POINT('',(-0.00986231221997955,0.0390138338749095,0.069532491444398));
#1008=CARTESIAN_POINT('',(-0.0076860462461145,0.0435328966376829,0.0691634438253502));
#1009=CARTESIAN_POINT('',(-0.00361354293051175,0.0464608271146654,0.0687943962063032));
#1010=CARTESIAN_POINT('',(0.00136331181537955,0.0470845079463087,0.0684253485872552));
#1011=CARTESIAN_POINT('',(0.00603237082257285,0.0452520373072735,0.0680563009682082));
#1012=CARTESIAN_POINT('',(0.00925645281432924,0.0414097260211771,0.0676872533491602));
#1013=CARTESIAN_POINT('',(0.010250310505319,0.0364933953141411,0.0673182057301122));
#1014=CARTESIAN_POINT('',(0.00877188305382808,0.0317004512324555,0.0669491581110652));
#1015=CARTESIAN_POINT('',(0.0051812515928105,0.0281982481497904,0.066580110492017));
#1016=CARTESIAN_POINT('',(0.000352939024509238,0.0268397716307265,0.066211062872969));
#1017=CARTESIAN_POINT('',(-0.00453708603654465,0.0279558879403606,0.065842015253922));
#1018=CARTESIAN_POINT('',(-0.00829782447355785,0.0312747593029877,0.0654729676348742));
#1019=CARTESIAN_POINT('',(-0.0100133226671527,0.0359880518528902,0.0651039200158272));
#1020=CARTESIAN_POINT('',(-0.00926575927539195,0.0409478108882498,0.0647348723967792));
#1021=CARTESIAN_POINT('',(-0.00623720848564945,0.044946053105427,0.0643658247777312));
#1022=CARTESIAN_POINT('',(-0.00166529459818016,0.0470089792114664,0.063996777158684));
#1023=CARTESIAN_POINT('',(0.00333646142719508,0.0466341494154598,0.063627729539636));
#1024=CARTESIAN_POINT('',(0.00754984763217123,0.0439128560830373,0.0632586819205882));
#1025=CARTESIAN_POINT('',(0.00994866493109358,0.0395078888550366,0.062889634301541));
#1026=CARTESIAN_POINT('',(0.00994866493109378,0.0344921076882227,0.0625205866824932));
#1027=CARTESIAN_POINT('',(0.00754984763217095,0.0300871404602223,0.0621515390634462));
#1028=CARTESIAN_POINT('',(0.00333646142719568,0.0273658471277991,0.0617824914443982));
#1029=CARTESIAN_POINT('',(-0.00166529459818125,0.0269910173317941,0.0614134438253502));
#1030=CARTESIAN_POINT('',(-0.00623720848564705,0.0290539434378301,0.0610443962063032));
#1031=CARTESIAN_POINT('',(-0.0092657592753969,0.0330521856550142,0.0606753485872552));
#1032=CARTESIAN_POINT('',(-0.0100133226671427,0.0380119446903595,0.060306300968208));
#1033=CARTESIAN_POINT('',(-0.0082978244735787,0.0427252372402917,0.0599372533491602));
#1034=CARTESIAN_POINT('',(-0.00453708603650189,0.0460441086028577,0.0595682057301122));
#1035=CARTESIAN_POINT('',(0.000352939024421158,0.0471602249126176,0.0591991581110652));
#1036=CARTESIAN_POINT('',(0.00518125159299166,0.0458017483932948,0.058830110492017));
#1037=CARTESIAN_POINT('',(0.00877188305345515,0.0422995453111625,0.0584610628729692));
#1038=CARTESIAN_POINT('',(0.0102503105060864,0.0375066012283805,0.0580920152539222));
#1039=CARTESIAN_POINT('',(0.00925645281275002,0.0325902705236006,0.0577229676348742));
#1040=CARTESIAN_POINT('',(0.0060323708258228,0.0287479592328616,0.0573539200158262));
#1041=CARTESIAN_POINT('',(0.00136331180869151,0.0269154886033801,0.0569848723967792));
#1042=CARTESIAN_POINT('',(-0.00361354291674825,0.0275391694153628,0.0566158247777312));
#1043=CARTESIAN_POINT('',(-0.0076860462744385,0.030467099932805,0.0562467771586842));
#1044=CARTESIAN_POINT('',(-0.0098623121616912,0.0349861626123158,0.055877729539636));
#1045=CARTESIAN_POINT('',(-0.00961229610715115,0.039995708767991,0.0555086819205882));
#1046=CARTESIAN_POINT('',(-0.0069968912343264,0.0442756291018958,0.055139634301541));
#1047=CARTESIAN_POINT('',(-0.00265309732404177,0.0467835196853029,0.0547705866824932));
#1048=CARTESIAN_POINT('',(0.00236112484770577,0.0469085665793985,0.054401539063446));
#1049=CARTESIAN_POINT('',(0.00682452710722116,0.0446203137561465,0.0540324914443982));
#1050=CARTESIAN_POINT('',(0.00965001724534535,0.0404760808726408,0.0536634438253502));
#1051=CARTESIAN_POINT('',(0.0101494277751209,0.0354852242491624,0.0532943962063032));
#1052=CARTESIAN_POINT('',(0.00820112383943102,0.0308633012199955,0.0529253485872552));
#1053=CARTESIAN_POINT('',(0.00427962821404549,0.0277360128141318,0.0525563009682072));
#1054=CARTESIAN_POINT('',(-0.000659951966445751,0.0268650315549386,0.05218725334916));
#1055=CARTESIAN_POINT('',(-0.00541454809685895,0.0284624908971526,0.0518182057301122));
#1056=CARTESIAN_POINT('',(-0.0088261457051507,0.0321393186701745,0.051449158111065));
#1057=CARTESIAN_POINT('',(-0.0100638268132578,0.0369999982716297,0.0510801104920172));
#1058=CARTESIAN_POINT('',(-0.0088261457051508,0.0418606778730849,0.0507110628729692));
#1059=CARTESIAN_POINT('',(-0.00541454809685895,0.0455375056461067,0.0503420152539222));
#1060=CARTESIAN_POINT('',(-0.000659951966445751,0.0471349649883209,0.0499729676348742));
#1061=CARTESIAN_POINT('',(0.00427962821404544,0.0462639837291275,0.0496039200158262));
#1062=CARTESIAN_POINT('',(0.00820112383943098,0.0431366953232639,0.0492348723967792));
#1063=CARTESIAN_POINT('',(0.0101494277751209,0.038514772294097,0.0488658247777312));
#1064=CARTESIAN_POINT('',(0.00965001724534537,0.0335239156706188,0.0484967771586842));
#1065=CARTESIAN_POINT('',(0.00682452710722123,0.029379682787113,0.048127729539636));
#1066=CARTESIAN_POINT('',(0.00236112484770581,0.027091429963861,0.0477586819205882));
#1067=CARTESIAN_POINT('',(-0.00265309732404167,0.0272164768579564,0.047389634301541));
#1068=CARTESIAN_POINT('',(-0.0069968912343263,0.0297243674413636,0.0470205866824932));
#1069=CARTESIAN_POINT('',(-0.00961229610715115,0.0340042877752683,0.046651539063446));
#1070=CARTESIAN_POINT('',(-0.0098623121616912,0.0390138339309435,0.0462824914443982));
#1071=CARTESIAN_POINT('',(-0.0076860462744385,0.0435328966104543,0.0459134438253502));
#1072=CARTESIAN_POINT('',(-0.00361354291674835,0.0464608271278966,0.0455443962063032));
#1073=CARTESIAN_POINT('',(0.00136331180869146,0.0470845079398792,0.0451753485872552));
#1074=CARTESIAN_POINT('',(0.00603237082582276,0.0452520373103978,0.044806300968208));
#1075=CARTESIAN_POINT('',(0.00925645281275,0.0414097260196589,0.0444372533491602));
#1076=CARTESIAN_POINT('',(0.0102503105060864,0.0364933953148789,0.0440682057301122));
#1077=CARTESIAN_POINT('',(0.0087718830534552,0.031700451232097,0.043699158111065));
#1078=CARTESIAN_POINT('',(0.00518125159299173,0.0281982481499647,0.043330110492017));
#1079=CARTESIAN_POINT('',(0.000352939024421199,0.0268397716306418,0.0429610628729692));
#1080=CARTESIAN_POINT('',(-0.00453708603650187,0.0279558879404018,0.042592015253922));
#1081=CARTESIAN_POINT('',(-0.0082978244735787,0.0312747593029676,0.0422229676348742));
#1082=CARTESIAN_POINT('',(-0.0100133226671426,0.0359880518528999,0.0418539200158272));
#1083=CARTESIAN_POINT('',(-0.0092657592753969,0.0409478108882451,0.041484872396779));
#1084=CARTESIAN_POINT('',(-0.00623720848564705,0.0449460531054293,0.0411158247777312));
#1085=CARTESIAN_POINT('',(-0.00166529459818125,0.0470089792114653,0.0407467771586842));
#1086=CARTESIAN_POINT('',(0.00333646142719563,0.0466341494154603,0.040377729539636));
#1087=CARTESIAN_POINT('',(0.00754984763217096,0.0439128560830371,0.0400086819205882));
#1088=CARTESIAN_POINT('',(0.00994866493109371,0.0395078888550367,0.039639634301541));
#1089=CARTESIAN_POINT('',(0.00994866493109372,0.0344921076882227,0.0392705866824933));
#1090=CARTESIAN_POINT('',(0.007549847632171,0.0300871404602224,0.0389015390634457));
#1091=CARTESIAN_POINT('',(0.00333646142719571,0.027365847127799,0.0385324914443981));
#1092=CARTESIAN_POINT('',(-0.00166529459818115,0.0269910173317941,0.0381634438253505));
#1093=CARTESIAN_POINT('',(-0.00623720848564695,0.0290539434378301,0.0377943962063029));
#1094=CARTESIAN_POINT('',(-0.0092657592753969,0.0330521856550141,0.0374253485872554));
#1095=CARTESIAN_POINT('',(-0.0100133226671426,0.0380119446903595,0.0370563009682076));
#1096=CARTESIAN_POINT('',(-0.0082978244735787,0.0427252372402916,0.0366872533491601));
#1097=CARTESIAN_POINT('',(-0.00453708603650189,0.0460441086028576,0.0363182057301122));
#1098=CARTESIAN_POINT('',(0.000352939024421139,0.0471602249126176,0.0359491581110648));
#1099=CARTESIAN_POINT('',(0.00518125159299166,0.0458017483932949,0.0355801104920171));
#1100=CARTESIAN_POINT('',(0.00877188305345514,0.0422995453111624,0.0352110628729696));
#1101=CARTESIAN_POINT('',(0.0102503105060864,0.0375066012283807,0.0348420152539218));
#1102=CARTESIAN_POINT('',(0.00925645281275004,0.0325902705236004,0.0344729676348744));
#1103=CARTESIAN_POINT('',(0.0060323708258228,0.0287479592328617,0.0341039200158267));
#1104=CARTESIAN_POINT('',(0.00136331180869154,0.0269154886033801,0.033734872396779));
#1105=CARTESIAN_POINT('',(-0.00361354291674825,0.0275391694153628,0.0333658247777314));
#1106=CARTESIAN_POINT('',(-0.0076860462744385,0.0304670999328049,0.0329967771586838));
#1107=CARTESIAN_POINT('',(-0.0098623121616912,0.0349861626123159,0.0326277295396362));
#1108=CARTESIAN_POINT('',(-0.00961229610715115,0.039995708767991,0.0322586819205886));
#1109=CARTESIAN_POINT('',(-0.0069968912343264,0.0442756291018958,0.0318896343015411));
#1110=CARTESIAN_POINT('',(-0.00265309732404187,0.0467835196853029,0.0315205866824933));
#1111=CARTESIAN_POINT('',(0.00236112484770571,0.0469085665793984,0.0311515390634458));
#1112=CARTESIAN_POINT('',(0.00682452710722114,0.0446203137561466,0.0307824914443982));
#1113=CARTESIAN_POINT('',(0.00965001724534534,0.0404760808726407,0.0304134438253504));
#1114=CARTESIAN_POINT('',(0.0101494277751209,0.0354852242491625,0.0300443962063029));
#1115=CARTESIAN_POINT('',(0.00820112383943102,0.0308633012199955,0.0296753485872552));
#1116=CARTESIAN_POINT('',(0.00427962821404549,0.0277360128141319,0.0293063009682077));
#1117=CARTESIAN_POINT('',(-0.00065995196644565,0.0268650315549385,0.02893725334916));
#1118=CARTESIAN_POINT('',(-0.00541454809685885,0.0284624908971526,0.0285682057301125));
#1119=CARTESIAN_POINT('',(-0.0088261457051507,0.0321393186701745,0.0281991581110648));
#1120=CARTESIAN_POINT('',(-0.0100638268132578,0.0369999982716297,0.0278301104920171));
#1121=CARTESIAN_POINT('',(-0.0088261457051508,0.0418606778730849,0.0274610628729695));
#1122=CARTESIAN_POINT('',(-0.00541454809685895,0.0455375056461067,0.0270920152539219));
#1123=CARTESIAN_POINT('',(-0.000659951966445751,0.047134964988321,0.0267229676348743));
#1124=CARTESIAN_POINT('',(0.00427962821404538,0.0462639837291275,0.0263539200158267));
#1125=CARTESIAN_POINT('',(0.00820112383943091,0.043136695323264,0.0259848723967791));
#1126=CARTESIAN_POINT('',(0.0101494277751209,0.0385147722940971,0.0256158247777315));
#1127=CARTESIAN_POINT('',(0.00965001724534539,0.0335239156706188,0.0252467771586839));
#1128=CARTESIAN_POINT('',(0.0068245271072212,0.0293796827871129,0.0248777295396362));
#1129=CARTESIAN_POINT('',(0.00236112484770578,0.027091429963861,0.0245086819205886));
#1130=CARTESIAN_POINT('',(-0.00265309732404167,0.0272164768579565,0.0241396343015409));
#1131=CARTESIAN_POINT('',(-0.0069968912343263,0.0297243674413636,0.0237705866824934));
#1132=CARTESIAN_POINT('',(-0.00961229610715115,0.0340042877752682,0.0234015390634457));
#1133=CARTESIAN_POINT('',(-0.0098623121616912,0.0390138339309435,0.0230324914443982));
#1134=CARTESIAN_POINT('',(-0.0076860462744385,0.0435328966104544,0.0226634438253504));
#1135=CARTESIAN_POINT('',(-0.00361354291674835,0.0464608271278965,0.0222943962063028));
#1136=CARTESIAN_POINT('',(0.00136331180869144,0.0470845079398793,0.0219253485872552));
#1137=CARTESIAN_POINT('',(0.00603237082582275,0.0452520373103977,0.0215563009682075));
#1138=CARTESIAN_POINT('',(0.00925645281275001,0.041409726019659,0.0211872533491601));
#1139=CARTESIAN_POINT('',(0.0102503105060864,0.0364933953148788,0.0208182057301124));
#1140=CARTESIAN_POINT('',(0.00877188305345519,0.0317004512320971,0.0204491581110648));
#1141=CARTESIAN_POINT('',(0.00518125159299179,0.0281982481499647,0.0200801104920172));
#1142=CARTESIAN_POINT('',(0.000352939024421259,0.0268397716306418,0.0197110628729696));
#1143=CARTESIAN_POINT('',(-0.00453708603650179,0.0279558879404018,0.019342015253922));
#1144=CARTESIAN_POINT('',(-0.0082978244735787,0.0312747593029676,0.0189729676348742));
#1145=CARTESIAN_POINT('',(-0.0100133226671426,0.0359880518528998,0.0186039200158267));
#1146=CARTESIAN_POINT('',(-0.009265759275397,0.0409478108882453,0.018234872396779));
#1147=CARTESIAN_POINT('',(-0.00623720848564705,0.0449460531054292,0.0178658247777315));
#1148=CARTESIAN_POINT('',(-0.00166529459818135,0.0470089792114654,0.0174967771586838));
#1149=CARTESIAN_POINT('',(0.00333646142719563,0.0466341494154604,0.0171277295396362));
#1150=CARTESIAN_POINT('',(0.0075498476321709,0.0439128560830371,0.0167586819205885));
#1151=CARTESIAN_POINT('',(0.00994866493109368,0.0395078888550369,0.0163896343015409));
#1152=CARTESIAN_POINT('',(0.00994866493109375,0.0344921076882227,0.0160205866824933));
#1153=CARTESIAN_POINT('',(0.00754984763217101,0.0300871404602224,0.0156515390634456));
#1154=CARTESIAN_POINT('',(0.00333646142719566,0.027365847127799,0.0152824914443981));
#1155=CARTESIAN_POINT('',(-0.00166529459818125,0.0269910173317941,0.0149134438253506));
#1156=CARTESIAN_POINT('',(-0.00623720848564705,0.0290539434378301,0.0145443962063029));
#1157=CARTESIAN_POINT('',(-0.0092657592753969,0.0330521856550142,0.0141753485872553));
#1158=CARTESIAN_POINT('',(-0.0100133226671427,0.0380119446903593,0.0138063009682077));
#1159=CARTESIAN_POINT('',(-0.0082978244735787,0.0427252372402917,0.01343725334916));
#1160=CARTESIAN_POINT('',(-0.00453708603650199,0.0460441086028575,0.0130682057301123));
#1161=CARTESIAN_POINT('',(0.000352939024421029,0.0471602249126177,0.0126991581110649));
#1162=CARTESIAN_POINT('',(0.00518125159299158,0.0458017483932948,0.0123301104920171));
#1163=CARTESIAN_POINT('',(0.00877188305345514,0.0422995453111625,0.0119610628729695));
#1164=CARTESIAN_POINT('',(0.0102503105060864,0.0375066012283806,0.011592015253922));
#1165=CARTESIAN_POINT('',(0.00925645281275001,0.0325902705236004,0.0112229676348743));
#1166=CARTESIAN_POINT('',(0.0060323708258228,0.0287479592328617,0.0108539200158267));
#1167=CARTESIAN_POINT('',(0.00136331180869158,0.0269154886033801,0.010484872396779));
#1168=CARTESIAN_POINT('',(-0.00361354291674825,0.0275391694153628,0.0101158247777315));
#1169=CARTESIAN_POINT('',(-0.0076860462744384,0.0304670999328049,0.00974677715868381));
#1170=CARTESIAN_POINT('',(-0.0098623121616912,0.0349861626123158,0.0093777295396363));
#1171=CARTESIAN_POINT('',(-0.00961229610715125,0.0399957087679909,0.00900868192058862));
#1172=CARTESIAN_POINT('',(-0.0069968912343264,0.0442756291018956,0.00863963430154102));
#1173=CARTESIAN_POINT('',(-0.00265309732404187,0.046783519685303,0.0082705866824934));
#1174=CARTESIAN_POINT('',(0.00236112484770576,0.0469085665793984,0.00790153906344562));
#1175=CARTESIAN_POINT('',(0.00682452710722117,0.0446203137561466,0.00753249144439811));
#1176=CARTESIAN_POINT('',(0.00965001724534532,0.0404760808726407,0.00716344382535041));
#1177=CARTESIAN_POINT('',(0.0101494277751209,0.0354852242491626,0.00679439620630292));
#1178=CARTESIAN_POINT('',(0.00820112383943106,0.0308633012199955,0.0064253485872553));
#1179=CARTESIAN_POINT('',(0.00427962821404554,0.0277360128141319,0.0060563009682077));
#1180=CARTESIAN_POINT('',(-0.00065995196644565,0.0268650315549385,0.00568725334916011));
#1181=CARTESIAN_POINT('',(-0.00541454809685885,0.0284624908971526,0.00531820573011232));
#1182=CARTESIAN_POINT('',(-0.0088261457051507,0.0321393186701745,0.00494915811106481));
#1183=CARTESIAN_POINT('',(-0.0100638268132578,0.0369999982716296,0.00458011049201721));
#1184=CARTESIAN_POINT('',(-0.0088261457051508,0.0418606778730849,0.00421106287296951));
#1185=CARTESIAN_POINT('',(-0.00541454809685895,0.0455375056461067,0.00384201525392191));
#1186=CARTESIAN_POINT('',(-0.000659951966445851,0.0471349649883209,0.00347296763487431));
#1187=CARTESIAN_POINT('',(0.00427962821404534,0.0462639837291276,0.00310392001582672));
#1188=CARTESIAN_POINT('',(0.00820112383943093,0.0431366953232638,0.00273487239677911));
#1189=CARTESIAN_POINT('',(0.0101494277751209,0.0385147722940971,0.0023658247777314));
#1190=CARTESIAN_POINT('',(0.0096500172453454,0.0335239156706188,0.00199677715868391));
#1191=CARTESIAN_POINT('',(0.00682452710722127,0.029379682787113,0.00162772953963631));
#1192=CARTESIAN_POINT('',(0.00236112484770586,0.027091429963861,0.00125868192058861));
#1193=CARTESIAN_POINT('',(-0.00265309732404167,0.0272164768579564,0.000889634301541008));
#1194=CARTESIAN_POINT('',(-0.0069968912343263,0.0297243674413636,0.000520586682493406));
#1195=CARTESIAN_POINT('',(-0.00961229610715115,0.0340042877752684,0.000151539063445804));
#1196=CARTESIAN_POINT('',(-0.0098623121616912,0.0390138339309433,-0.000217508555601993));
#1197=CARTESIAN_POINT('',(-0.0076860462744386,0.0435328966104544,-0.000586556174649498));
#1198=CARTESIAN_POINT('',(-0.00361354291674835,0.0464608271278964,-0.0009556037936971));
#1199=CARTESIAN_POINT('',(0.00136331180869141,0.0470845079398793,-0.00132465141274469));
#1200=CARTESIAN_POINT('',(0.00603237082582276,0.0452520373103977,-0.00169369903179239));
#1201=CARTESIAN_POINT('',(0.00925645281275,0.041409726019659,-0.00206274665083989));
#1202=CARTESIAN_POINT('',(0.0102503105060864,0.0364933953148789,-0.00243179426988769));
#1203=CARTESIAN_POINT('',(0.00877188305345522,0.0317004512320972,-0.00280084188893529));
#1204=CARTESIAN_POINT('',(0.00518125159299178,0.0281982481499646,-0.0031698895079828));
#1205=CARTESIAN_POINT('',(0.000352939024421248,0.0268397716306418,-0.00353893712703039));
#1206=CARTESIAN_POINT('',(-0.00453708603650179,0.0279558879404017,-0.003907984746078));
#1207=CARTESIAN_POINT('',(-0.0082978244735786,0.0312747593029676,-0.0042770323651257));
#1208=CARTESIAN_POINT('',(-0.0100133226671426,0.0359880518528997,-0.00464607998417329));
#1209=CARTESIAN_POINT('',(-0.009265759275397,0.0409478108882452,-0.00501512760322089));
#1210=CARTESIAN_POINT('',(-0.00623720848564705,0.0449460531054292,-0.00538417522226849));
#1211=CARTESIAN_POINT('',(-0.00166529459818125,0.0470089792114654,-0.00575322284131619));
#1212=CARTESIAN_POINT('',(0.0033364614271956,0.0466341494154603,-0.0061222704603638));
#1213=CARTESIAN_POINT('',(0.00754984763217085,0.0439128560830372,-0.0064913180794114));
#1214=CARTESIAN_POINT('',(0.00994866493109376,0.0395078888550368,-0.006860365698459));
#1215=CARTESIAN_POINT('',(0.0099486649310936,0.0344921076882229,-0.00722941331750659));
#1216=CARTESIAN_POINT('',(0.00754984763217133,0.0300871404602221,-0.00759846093655419));
#1217=CARTESIAN_POINT('',(0.00333646142719527,0.0273658471277997,-0.00796750855560179));
#1218=CARTESIAN_POINT('',(-0.00166529459817995,0.0269910173317929,-0.0083365561746496));
#1219=CARTESIAN_POINT('',(-0.00623720848564935,0.0290539434378323,-0.00870560379369719));
#1220=CARTESIAN_POINT('',(-0.00926575927539195,0.0330521856550094,-0.0090746514127447));
#1221=CARTESIAN_POINT('',(-0.0100133226671528,0.0380119446903692,-0.0094436990317923));
#1222=CARTESIAN_POINT('',(-0.00829782447355795,0.0427252372402716,-0.00981274665084));
#1223=CARTESIAN_POINT('',(-0.00453708603654475,0.0460441086028987,-0.0101817942698875));
#1224=CARTESIAN_POINT('',(0.000352939024509098,0.047160224912533,-0.0105508418889352));
#1225=CARTESIAN_POINT('',(0.00518125159281039,0.045801748393469,-0.0109198895079828));
#1226=CARTESIAN_POINT('',(0.00877188305382802,0.0422995453108041,-0.0112889371270304));
#1227=CARTESIAN_POINT('',(0.010250310505319,0.0375066012291184,-0.0116579847460782));
#1228=CARTESIAN_POINT('',(0.00925645281432928,0.0325902705220824,-0.0120270323651256));
#1229=CARTESIAN_POINT('',(0.00603237082257292,0.0287479592359859,-0.0123960799841733));
#1230=CARTESIAN_POINT('',(0.00136331181537963,0.0269154885969507,-0.0127651276032209));
#1231=CARTESIAN_POINT('',(-0.00361354293051165,0.027539169428594,-0.0131341752222685));
#1232=CARTESIAN_POINT('',(-0.0076860462461144,0.0304670999055763,-0.0135032228413161));
#1233=CARTESIAN_POINT('',(-0.00986231221997955,0.0349861626683498,-0.0138722704603638));
#1234=CARTESIAN_POINT('',(-0.0096122959871988,0.0399957086526775,-0.0142413180794114));
#1235=CARTESIAN_POINT('',(-0.006996891481178,0.0442756293392005,-0.0146103656984591));
#1236=CARTESIAN_POINT('',(-0.00265309681604275,0.0467835191969501,-0.0149794133175066));
#1237=CARTESIAN_POINT('',(0.00236112380228762,0.0469085675843862,-0.0153484609365542));
#1238=CARTESIAN_POINT('',(0.00682452925860091,0.0446203116879688,-0.0157175085556019));
#1239=CARTESIAN_POINT('',(0.00965001281799338,0.0404760851287709,-0.0160865561746494));
#1240=CARTESIAN_POINT('',(0.0101494368862663,0.0354852154904095,-0.0164556037936971));
#1241=CARTESIAN_POINT('',(0.00820110508973706,0.0308633192447878,-0.0168246514127447));
#1242=CARTESIAN_POINT('',(0.00427966680973138,0.0277359757187887,-0.0171936990317925));
#1243=CARTESIAN_POINT('',(-0.000660031335491612,0.0268651079065179,-0.0175627466508399));
#1244=CARTESIAN_POINT('',(-0.00541438196674045,0.0284623332419838,-0.0179317942698877));
#1245=CARTESIAN_POINT('',(-0.0088264749695068,0.0321396471524157,-0.0183008418889353));
#1246=CARTESIAN_POINT('',(-0.00965042345043105,0.0353793307240279,-0.0185468736349669));
#1247=CARTESIAN_POINT('',(-0.00965042345043105,0.0369999982716297,-0.0186698895079828));
#1248=CARTESIAN_POINT('',(-0.00964848053683165,0.0369999982716297,0.0745534712085764));
#1249=CARTESIAN_POINT('',(-0.00964848053683165,0.0386206710072747,0.0744304553355614));
#1250=CARTESIAN_POINT('',(-0.00882477833150375,0.041859239762308,0.0741844235895294));
#1251=CARTESIAN_POINT('',(-0.005413306341213,0.0455360995682916,0.0738153759704814));
#1252=CARTESIAN_POINT('',(-0.000659890782763691,0.0471328945934879,0.0734463283514334));
#1253=CARTESIAN_POINT('',(0.00427886364694291,0.0462622537811211,0.0730772807323864));
#1254=CARTESIAN_POINT('',(0.00819954149011225,0.0431354845924875,0.0727082331133384));
#1255=CARTESIAN_POINT('',(0.0101474996716012,0.0385144935212851,0.0723391854942914));
#1256=CARTESIAN_POINT('',(0.00964817089673719,0.0335245794839816,0.0719701378752434));
#1257=CARTESIAN_POINT('',(0.00682323265903991,0.0293811553389059,0.0716010902561964));
#1258=CARTESIAN_POINT('',(0.00236068763218229,0.0270933390813086,0.0712320426371484));
#1259=CARTESIAN_POINT('',(-0.00265256599017983,0.0272183641334918,0.0708629950181004));
#1260=CARTESIAN_POINT('',(-0.00699552310806685,0.0297257700230209,0.0704939473990534));
#1261=CARTESIAN_POINT('',(-0.00961042326455265,0.0340048656062813,0.0701248997800054));
#1262=CARTESIAN_POINT('',(-0.00986039130059035,0.0390134455226369,0.0697558521609574));
#1263=CARTESIAN_POINT('',(-0.00768454496442505,0.04353163692871,0.0693868045419104));
#1264=CARTESIAN_POINT('',(-0.00361282694302341,0.046459002798803,0.0690177569228624));
#1265=CARTESIAN_POINT('',(0.00136306812940833,0.0470825633778015,0.0686487093038154));
#1266=CARTESIAN_POINT('',(0.0060312268123917,0.0452504460847179,0.0682796616847674));
#1267=CARTESIAN_POINT('',(0.00925468711249724,0.0414088757047241,0.0679106140657194));
#1268=CARTESIAN_POINT('',(0.0102483531601131,0.0364934930007923,0.0675415664466724));
#1269=CARTESIAN_POINT('',(0.00877021079033283,0.0317014731316088,0.0671725188276244));
#1270=CARTESIAN_POINT('',(0.00518027170214135,0.0281999453701012,0.0668034712085764));
#1271=CARTESIAN_POINT('',(0.000352890165812029,0.0268417308029466,0.0664344235895294));
#1272=CARTESIAN_POINT('',(-0.00453619196342753,0.0279576318944796,0.0660653759704814));
#1273=CARTESIAN_POINT('',(-0.0082962052262477,0.0312758632871202,0.0656963283514334));
#1274=CARTESIAN_POINT('',(-0.0100113726244357,0.0359882469840901,0.0653272807323864));
#1275=CARTESIAN_POINT('',(-0.00926395338353275,0.040947049640998,0.0649582331133384));
#1276=CARTESIAN_POINT('',(-0.0062359865819881,0.0449445208866979,0.0645891854942914));
#1277=CARTESIAN_POINT('',(-0.00166495428572665,0.0470070492036374,0.0642201378752434));
#1278=CARTESIAN_POINT('',(0.00333583726300995,0.046632291685162,0.0638510902561954));
#1279=CARTESIAN_POINT('',(0.00754841101081257,0.0439115230932175,0.0634820426371484));
#1280=CARTESIAN_POINT('',(0.00994676575153875,0.0395074052645001,0.0631129950181004));
#1281=CARTESIAN_POINT('',(0.00994676575153897,0.0344925912787592,0.0627439473990534));
#1282=CARTESIAN_POINT('',(0.00754841101081227,0.0300884734500423,0.0623748997800054));
#1283=CARTESIAN_POINT('',(0.0033358372630106,0.0273677048580966,0.0620058521609574));
#1284=CARTESIAN_POINT('',(-0.00166495428572795,0.0269929473396236,0.0616368045419104));
#1285=CARTESIAN_POINT('',(-0.0062359865819855,0.0290554756565581,0.0612677569228624));
#1286=CARTESIAN_POINT('',(-0.00926395338353805,0.0330529469022686,0.0608987093038154));
#1287=CARTESIAN_POINT('',(-0.0100113726244249,0.0380117495591545,0.0605296616847674));
#1288=CARTESIAN_POINT('',(-0.0082962052262701,0.0427241332561695,0.0601606140657194));
#1289=CARTESIAN_POINT('',(-0.00453619196338157,0.0460423646487172,0.0597915664466724));
#1290=CARTESIAN_POINT('',(0.00035289016571741,0.0471582657404415,0.0594225188276244));
#1291=CARTESIAN_POINT('',(0.00518027170233599,0.0458000511728934,0.0590534712085764));
#1292=CARTESIAN_POINT('',(0.00877021078993218,0.0422985234121958,0.0586844235895294));
#1293=CARTESIAN_POINT('',(0.0102483531609376,0.0375065035413454,0.0583153759704814));
#1294=CARTESIAN_POINT('',(0.00925468711080059,0.0325911208408437,0.0579463283514344));
#1295=CARTESIAN_POINT('',(0.00603122681588333,0.0287495504537913,0.0575772807323864));
#1296=CARTESIAN_POINT('',(0.00136306812222297,0.0269174331752336,0.0572082331133384));
#1297=CARTESIAN_POINT('',(-0.00361282692823647,0.0275409937243385,0.0568391854942914));
#1298=CARTESIAN_POINT('',(-0.0076845449948552,0.0304683596559498,0.0564701378752434));
#1299=CARTESIAN_POINT('',(-0.0098603912379677,0.0349865509354242,0.0561010902561954));
#1300=CARTESIAN_POINT('',(-0.00961042339342475,0.0399951311123088,0.0557320426371484));
#1301=CARTESIAN_POINT('',(-0.00699552284285945,0.0442742261594231,0.0553629950181004));
#1302=CARTESIAN_POINT('',(-0.00265256653595389,0.046781633152294,0.0549939473990534));
#1303=CARTESIAN_POINT('',(0.00236068875533801,0.0469066559338961,0.0546248997800054));
#1304=CARTESIAN_POINT('',(0.00682323034768265,0.0446188443489573,0.0542558521609574));
#1305=CARTESIAN_POINT('',(0.0096481756533087,0.0404754105879557,0.0538868045419104));
#1306=CARTESIAN_POINT('',(0.0101474898829476,0.0354855163394103,0.0535177569228624));
#1307=CARTESIAN_POINT('',(0.00819956163404068,0.0308644845445947,0.0531487093038154));
#1308=CARTESIAN_POINT('',(0.00427882218126717,0.0277377991662663,0.0527796616847674));
#1309=CARTESIAN_POINT('',(-0.000659805511804931,0.0268669858563037,0.0524106140657194));
#1310=CARTESIAN_POINT('',(-0.00541348482483045,0.0284641371642579,0.0520415664466724));
#1311=CARTESIAN_POINT('',(-0.008824424582924,0.0321402559433838,0.0516725188276244));
#1312=CARTESIAN_POINT('',(-0.0100618670319464,0.0369999982716297,0.0513034712085764));
#1313=CARTESIAN_POINT('',(-0.0088244245829241,0.0418597405998754,0.0509344235895294));
#1314=CARTESIAN_POINT('',(-0.00541348482483055,0.0455358593790014,0.0505653759704814));
#1315=CARTESIAN_POINT('',(-0.000659805511804931,0.0471330106869556,0.0501963283514344));
#1316=CARTESIAN_POINT('',(0.00427882218126712,0.046262197376993,0.0498272807323864));
#1317=CARTESIAN_POINT('',(0.00819956163404064,0.0431355119986647,0.0494582331133384));
#1318=CARTESIAN_POINT('',(0.0101474898829476,0.0385144802038492,0.0490891854942914));
#1319=CARTESIAN_POINT('',(0.00964817565330873,0.0335245859553037,0.0487201378752434));
#1320=CARTESIAN_POINT('',(0.00682323034768271,0.0293811521943022,0.0483510902561954));
#1321=CARTESIAN_POINT('',(0.00236068875533805,0.0270933406093632,0.0479820426371484));
#1322=CARTESIAN_POINT('',(-0.00265256653595389,0.0272183633909655,0.0476129950181004));
#1323=CARTESIAN_POINT('',(-0.00699552284285935,0.0297257703838362,0.0472439473990534));
#1324=CARTESIAN_POINT('',(-0.00961042339342475,0.0340048654309506,0.0468748997800054));
#1325=CARTESIAN_POINT('',(-0.0098603912379677,0.0390134456078352,0.0465058521609574));
#1326=CARTESIAN_POINT('',(-0.0076845449948552,0.0435316368873096,0.0461368045419104));
#1327=CARTESIAN_POINT('',(-0.00361282692823647,0.0464590028189209,0.0457677569228624));
#1328=CARTESIAN_POINT('',(0.00136306812222291,0.0470825633680258,0.0453987093038154));
#1329=CARTESIAN_POINT('',(0.00603122681588329,0.0452504460894682,0.0450296616847674));
#1330=CARTESIAN_POINT('',(0.00925468711080057,0.0414088757024158,0.0446606140657194));
#1331=CARTESIAN_POINT('',(0.0102483531609376,0.036493493001914,0.0442915664466724));
#1332=CARTESIAN_POINT('',(0.00877021078993222,0.0317014731310636,0.0439225188276244));
#1333=CARTESIAN_POINT('',(0.00518027170233606,0.0281999453703661,0.0435534712085764));
#1334=CARTESIAN_POINT('',(0.00035289016571744,0.0268417308028178,0.0431844235895294));
#1335=CARTESIAN_POINT('',(-0.00453619196338147,0.0279576318945421,0.0428153759704814));
#1336=CARTESIAN_POINT('',(-0.00829620522627,0.0312758632870897,0.0424463283514344));
#1337=CARTESIAN_POINT('',(-0.0100113726244248,0.0359882469841049,0.0420772807323864));
#1338=CARTESIAN_POINT('',(-0.00926395338353805,0.0409470496409907,0.0417082331133384));
#1339=CARTESIAN_POINT('',(-0.0062359865819856,0.0449445208867013,0.0413391854942914));
#1340=CARTESIAN_POINT('',(-0.00166495428572795,0.0470070492036357,0.0409701378752434));
#1341=CARTESIAN_POINT('',(0.00333583726301055,0.0466322916851627,0.0406010902561954));
#1342=CARTESIAN_POINT('',(0.00754841101081228,0.0439115230932171,0.0402320426371484));
#1343=CARTESIAN_POINT('',(0.00994676575153889,0.0395074052645004,0.0398629950181004));
#1344=CARTESIAN_POINT('',(0.0099467657515389,0.0344925912787591,0.0394939473990534));
#1345=CARTESIAN_POINT('',(0.00754841101081231,0.0300884734500423,0.0391248997800054));
#1346=CARTESIAN_POINT('',(0.00333583726301064,0.0273677048580966,0.0387558521609577));
#1347=CARTESIAN_POINT('',(-0.00166495428572785,0.0269929473396236,0.0383868045419102));
#1348=CARTESIAN_POINT('',(-0.0062359865819854,0.0290554756565581,0.0380177569228625));
#1349=CARTESIAN_POINT('',(-0.00926395338353805,0.0330529469022686,0.0376487093038149));
#1350=CARTESIAN_POINT('',(-0.0100113726244248,0.0380117495591544,0.0372796616847673));
#1351=CARTESIAN_POINT('',(-0.0082962052262701,0.0427241332561696,0.0369106140657197));
#1352=CARTESIAN_POINT('',(-0.00453619196338157,0.0460423646487171,0.0365415664466721));
#1353=CARTESIAN_POINT('',(0.00035289016571739,0.0471582657404416,0.0361725188276244));
#1354=CARTESIAN_POINT('',(0.00518027170233598,0.0458000511728934,0.0358034712085768));
#1355=CARTESIAN_POINT('',(0.00877021078993216,0.0422985234121958,0.0354344235895292));
#1356=CARTESIAN_POINT('',(0.0102483531609376,0.0375065035413454,0.0350653759704816));
#1357=CARTESIAN_POINT('',(0.0092546871108006,0.0325911208408437,0.034696328351434));
#1358=CARTESIAN_POINT('',(0.00603122681588333,0.0287495504537913,0.0343272807323863));
#1359=CARTESIAN_POINT('',(0.001363068122223,0.0269174331752336,0.0339582331133387));
#1360=CARTESIAN_POINT('',(-0.00361282692823637,0.0275409937243387,0.0335891854942912));
#1361=CARTESIAN_POINT('',(-0.0076845449948551,0.0304683596559497,0.0332201378752434));
#1362=CARTESIAN_POINT('',(-0.0098603912379677,0.0349865509354242,0.0328510902561959));
#1363=CARTESIAN_POINT('',(-0.00961042339342475,0.0399951311123087,0.0324820426371482));
#1364=CARTESIAN_POINT('',(-0.00699552284285945,0.0442742261594232,0.0321129950181007));
#1365=CARTESIAN_POINT('',(-0.00265256653595399,0.0467816331522938,0.031743947399053));
#1366=CARTESIAN_POINT('',(0.00236068875533795,0.0469066559338962,0.0313748997800054));
#1367=CARTESIAN_POINT('',(0.00682323034768263,0.0446188443489573,0.0310058521609578));
#1368=CARTESIAN_POINT('',(0.0096481756533087,0.0404754105879557,0.0306368045419101));
#1369=CARTESIAN_POINT('',(0.0101474898829476,0.0354855163394103,0.0302677569228626));
#1370=CARTESIAN_POINT('',(0.00819956163404068,0.0308644845445947,0.0298987093038149));
#1371=CARTESIAN_POINT('',(0.00427882218126717,0.0277377991662663,0.0295296616847673));
#1372=CARTESIAN_POINT('',(-0.000659805511804831,0.0268669858563037,0.0291606140657196));
#1373=CARTESIAN_POINT('',(-0.00541348482483045,0.0284641371642579,0.0287915664466721));
#1374=CARTESIAN_POINT('',(-0.008824424582924,0.0321402559433838,0.0284225188276244));
#1375=CARTESIAN_POINT('',(-0.0100618670319464,0.0369999982716296,0.0280534712085769));
#1376=CARTESIAN_POINT('',(-0.0088244245829241,0.0418597405998755,0.0276844235895292));
#1377=CARTESIAN_POINT('',(-0.00541348482483055,0.0455358593790014,0.0273153759704816));
#1378=CARTESIAN_POINT('',(-0.000659805511804931,0.0471330106869556,0.0269463283514339));
#1379=CARTESIAN_POINT('',(0.00427882218126705,0.046262197376993,0.0265772807323863));
#1380=CARTESIAN_POINT('',(0.00819956163404058,0.0431355119986648,0.0262082331133388));
#1381=CARTESIAN_POINT('',(0.0101474898829475,0.0385144802038491,0.0258391854942911));
#1382=CARTESIAN_POINT('',(0.00964817565330875,0.0335245859553039,0.0254701378752435));
#1383=CARTESIAN_POINT('',(0.00682323034768268,0.029381152194302,0.0251010902561959));
#1384=CARTESIAN_POINT('',(0.00236068875533802,0.0270933406093632,0.0247320426371482));
#1385=CARTESIAN_POINT('',(-0.00265256653595389,0.0272183633909655,0.0243629950181006));
#1386=CARTESIAN_POINT('',(-0.00699552284285935,0.0297257703838361,0.023993947399053));
#1387=CARTESIAN_POINT('',(-0.00961042339342475,0.0340048654309505,0.0236248997800054));
#1388=CARTESIAN_POINT('',(-0.0098603912379677,0.0390134456078352,0.0232558521609578));
#1389=CARTESIAN_POINT('',(-0.0076845449948552,0.0435316368873096,0.0228868045419102));
#1390=CARTESIAN_POINT('',(-0.00361282692823647,0.0464590028189208,0.0225177569228625));
#1391=CARTESIAN_POINT('',(0.00136306812222289,0.0470825633680258,0.022148709303815));
#1392=CARTESIAN_POINT('',(0.00603122681588328,0.0452504460894682,0.0217796616847672));
#1393=CARTESIAN_POINT('',(0.00925468711080057,0.0414088757024158,0.0214106140657196));
#1394=CARTESIAN_POINT('',(0.0102483531609376,0.036493493001914,0.0210415664466721));
#1395=CARTESIAN_POINT('',(0.00877021078993222,0.0317014731310637,0.0206725188276244));
#1396=CARTESIAN_POINT('',(0.0051802717023361,0.0281999453703662,0.0203034712085768));
#1397=CARTESIAN_POINT('',(0.00035289016571752,0.0268417308028179,0.0199344235895292));
#1398=CARTESIAN_POINT('',(-0.00453619196338147,0.0279576318945421,0.0195653759704816));
#1399=CARTESIAN_POINT('',(-0.00829620522627,0.0312758632870897,0.0191963283514339));
#1400=CARTESIAN_POINT('',(-0.0100113726244248,0.0359882469841048,0.0188272807323864));
#1401=CARTESIAN_POINT('',(-0.00926395338353805,0.0409470496409908,0.0184582331133387));
#1402=CARTESIAN_POINT('',(-0.0062359865819855,0.0449445208867012,0.0180891854942911));
#1403=CARTESIAN_POINT('',(-0.00166495428572795,0.0470070492036358,0.0177201378752435));
#1404=CARTESIAN_POINT('',(0.00333583726301054,0.0466322916851627,0.0173510902561959));
#1405=CARTESIAN_POINT('',(0.00754841101081222,0.0439115230932171,0.0169820426371483));
#1406=CARTESIAN_POINT('',(0.00994676575153886,0.0395074052645005,0.0166129950181006));
#1407=CARTESIAN_POINT('',(0.00994676575153893,0.0344925912787592,0.016243947399053));
#1408=CARTESIAN_POINT('',(0.00754841101081233,0.0300884734500423,0.0158748997800054));
#1409=CARTESIAN_POINT('',(0.00333583726301059,0.0273677048580965,0.0155058521609578));
#1410=CARTESIAN_POINT('',(-0.00166495428572795,0.0269929473396237,0.0151368045419102));
#1411=CARTESIAN_POINT('',(-0.0062359865819855,0.0290554756565581,0.0147677569228625));
#1412=CARTESIAN_POINT('',(-0.00926395338353805,0.0330529469022686,0.0143987093038149));
#1413=CARTESIAN_POINT('',(-0.0100113726244248,0.0380117495591544,0.0140296616847673));
#1414=CARTESIAN_POINT('',(-0.0082962052262701,0.0427241332561696,0.0136606140657197));
#1415=CARTESIAN_POINT('',(-0.00453619196338157,0.046042364648717,0.013291566446672));
#1416=CARTESIAN_POINT('',(0.00035289016571728,0.0471582657404416,0.0129225188276245));
#1417=CARTESIAN_POINT('',(0.00518027170233591,0.0458000511728933,0.0125534712085767));
#1418=CARTESIAN_POINT('',(0.00877021078993217,0.0422985234121959,0.0121844235895292));
#1419=CARTESIAN_POINT('',(0.0102483531609376,0.0375065035413452,0.0118153759704816));
#1420=CARTESIAN_POINT('',(0.00925468711080058,0.0325911208408437,0.011446328351434));
#1421=CARTESIAN_POINT('',(0.00603122681588334,0.0287495504537911,0.0110772807323863));
#1422=CARTESIAN_POINT('',(0.00136306812222303,0.0269174331752337,0.0107082331133388));
#1423=CARTESIAN_POINT('',(-0.00361282692823637,0.0275409937243387,0.0103391854942911));
#1424=CARTESIAN_POINT('',(-0.0076845449948551,0.0304683596559497,0.00997013787524351));
#1425=CARTESIAN_POINT('',(-0.0098603912379676,0.0349865509354241,0.00960109025619581));
#1426=CARTESIAN_POINT('',(-0.00961042339342485,0.0399951311123086,0.00923204263714831));
#1427=CARTESIAN_POINT('',(-0.00699552284285945,0.0442742261594231,0.0088629950181005));
#1428=CARTESIAN_POINT('',(-0.00265256653595399,0.0467816331522939,0.00849394739905312));
#1429=CARTESIAN_POINT('',(0.00236068875533799,0.0469066559338962,0.00812489978000531));
#1430=CARTESIAN_POINT('',(0.00682323034768265,0.0446188443489573,0.00775585216095782));
#1431=CARTESIAN_POINT('',(0.00964817565330868,0.0404754105879557,0.00738680454191012));
#1432=CARTESIAN_POINT('',(0.0101474898829476,0.0354855163394105,0.00701775692286261));
#1433=CARTESIAN_POINT('',(0.00819956163404072,0.0308644845445947,0.0066487093038149));
#1434=CARTESIAN_POINT('',(0.00427882218126722,0.0277377991662665,0.00627966168476731));
#1435=CARTESIAN_POINT('',(-0.000659805511804831,0.0268669858563037,0.00591061406571971));
#1436=CARTESIAN_POINT('',(-0.00541348482483045,0.0284641371642577,0.005541566446672));
#1437=CARTESIAN_POINT('',(-0.008824424582924,0.0321402559433839,0.00517251882762451));
#1438=CARTESIAN_POINT('',(-0.0100618670319464,0.0369999982716296,0.00480347120857671));
#1439=CARTESIAN_POINT('',(-0.0088244245829241,0.0418597405998754,0.0044344235895293));
#1440=CARTESIAN_POINT('',(-0.00541348482483055,0.0455358593790015,0.00406537597048152));
#1441=CARTESIAN_POINT('',(-0.00065980551180503,0.0471330106869556,0.00369632835143401));
#1442=CARTESIAN_POINT('',(0.00427882218126702,0.0462621973769931,0.00332728073238631));
#1443=CARTESIAN_POINT('',(0.00819956163404059,0.0431355119986648,0.00295823311333881));
#1444=CARTESIAN_POINT('',(0.0101474898829475,0.0385144802038492,0.00258918549429111));
#1445=CARTESIAN_POINT('',(0.00964817565330875,0.0335245859553039,0.0022201378752435));
#1446=CARTESIAN_POINT('',(0.00682323034768275,0.0293811521943022,0.00185109025619592));
#1447=CARTESIAN_POINT('',(0.00236068875533811,0.0270933406093632,0.0014820426371482));
#1448=CARTESIAN_POINT('',(-0.00265256653595389,0.0272183633909655,0.0011129950181006));
#1449=CARTESIAN_POINT('',(-0.00699552284285935,0.0297257703838361,0.000743947399053015));
#1450=CARTESIAN_POINT('',(-0.00961042339342475,0.0340048654309506,0.000374899780005399));
#1451=CARTESIAN_POINT('',(-0.0098603912379677,0.0390134456078351,5.85216095781022E-6));
#1452=CARTESIAN_POINT('',(-0.0076845449948553,0.0435316368873096,-0.000363195458089792));
#1453=CARTESIAN_POINT('',(-0.00361282692823657,0.0464590028189207,-0.000732243077137491));
#1454=CARTESIAN_POINT('',(0.00136306812222285,0.0470825633680258,-0.00110129069618509));
#1455=CARTESIAN_POINT('',(0.0060312268158833,0.0452504460894682,-0.0014703383152327));
#1456=CARTESIAN_POINT('',(0.00925468711080057,0.0414088757024157,-0.0018393859342803));
#1457=CARTESIAN_POINT('',(0.0102483531609376,0.0364934930019141,-0.002208433553328));
#1458=CARTESIAN_POINT('',(0.00877021078993225,0.0317014731310637,-0.00257748117237549));
#1459=CARTESIAN_POINT('',(0.0051802717023361,0.0281999453703661,-0.00294652879142319));
#1460=CARTESIAN_POINT('',(0.000352890165717501,0.0268417308028179,-0.0033155764104708));
#1461=CARTESIAN_POINT('',(-0.00453619196338147,0.0279576318945421,-0.00368462402951849));
#1462=CARTESIAN_POINT('',(-0.00829620522627,0.0312758632870896,-0.004053671648566));
#1463=CARTESIAN_POINT('',(-0.0100113726244248,0.0359882469841048,-0.0044227192676137));
#1464=CARTESIAN_POINT('',(-0.00926395338353805,0.0409470496409907,-0.0047917668866613));
#1465=CARTESIAN_POINT('',(-0.0062359865819856,0.0449445208867013,-0.00516081450570888));
#1466=CARTESIAN_POINT('',(-0.00166495428572795,0.0470070492036358,-0.0055298621247565));
#1467=CARTESIAN_POINT('',(0.00333583726301051,0.0466322916851627,-0.0058989097438042));
#1468=CARTESIAN_POINT('',(0.00754841101081217,0.0439115230932172,-0.00626795736285169));
#1469=CARTESIAN_POINT('',(0.00994676575153895,0.0395074052645003,-0.00663700498189939));
#1470=CARTESIAN_POINT('',(0.00994676575153878,0.0344925912787594,-0.00700605260094699));
#1471=CARTESIAN_POINT('',(0.00754841101081266,0.0300884734500421,-0.00737510021999459));
#1472=CARTESIAN_POINT('',(0.00333583726301014,0.0273677048580976,-0.0077441478390422));
#1473=CARTESIAN_POINT('',(-0.00166495428572655,0.0269929473396219,-0.0081131954580899));
#1474=CARTESIAN_POINT('',(-0.006235986581988,0.0290554756565613,-0.0084822430771375));
#1475=CARTESIAN_POINT('',(-0.00926395338353275,0.0330529469022614,-0.00885129069618509));
#1476=CARTESIAN_POINT('',(-0.0100113726244357,0.0380117495591691,-0.0092203383152327));
#1477=CARTESIAN_POINT('',(-0.0082962052262477,0.0427241332561391,-0.00958938593428029));
#1478=CARTESIAN_POINT('',(-0.00453619196342763,0.0460423646487797,-0.00995843355332789));
#1479=CARTESIAN_POINT('',(0.000352890165811901,0.0471582657403129,-0.0103274811723756));
#1480=CARTESIAN_POINT('',(0.00518027170214124,0.0458000511731582,-0.0106965287914232));
#1481=CARTESIAN_POINT('',(0.00877021079033276,0.0422985234116508,-0.0110655764104708));
#1482=CARTESIAN_POINT('',(0.0102483531601132,0.0375065035424671,-0.0114346240295184));
#1483=CARTESIAN_POINT('',(0.00925468711249728,0.0325911208385355,-0.011803671648566));
#1484=CARTESIAN_POINT('',(0.00603122681239178,0.0287495504585416,-0.0121727192676137));
#1485=CARTESIAN_POINT('',(0.00136306812940841,0.0269174331654578,-0.0125417668866613));
#1486=CARTESIAN_POINT('',(-0.00361282694302331,0.0275409937444562,-0.0129108145057089));
#1487=CARTESIAN_POINT('',(-0.00768454496442495,0.0304683596145493,-0.0132798621247565));
#1488=CARTESIAN_POINT('',(-0.00986039130059035,0.0349865510206224,-0.0136489097438041));
#1489=CARTESIAN_POINT('',(-0.00961042326455275,0.0399951309369781,-0.0140179573628517));
#1490=CARTESIAN_POINT('',(-0.00699552310806695,0.0442742265202384,-0.0143870049818994));
#1491=CARTESIAN_POINT('',(-0.00265256599018003,0.0467816324097675,-0.0147560526009469));
#1492=CARTESIAN_POINT('',(0.00236068763218218,0.0469066574619508,-0.0151251002199947));
#1493=CARTESIAN_POINT('',(0.00682323265903982,0.0446188412043535,-0.0154941478390422));
#1494=CARTESIAN_POINT('',(0.00964817089673715,0.0404754170592779,-0.0158631954580899));
#1495=CARTESIAN_POINT('',(0.0101474996716012,0.0354855030219744,-0.0162322430771375));
#1496=CARTESIAN_POINT('',(0.0081995414901123,0.0308645119507718,-0.0166012906961851));
#1497=CARTESIAN_POINT('',(0.00427886364694303,0.0277377427621383,-0.0169703383152327));
#1498=CARTESIAN_POINT('',(-0.000659890782763491,0.0268671019497715,-0.0173393859342803));
#1499=CARTESIAN_POINT('',(-0.0054133063412128,0.0284638969749676,-0.0177084335533279));
#1500=CARTESIAN_POINT('',(-0.00882477833150365,0.0321407567809513,-0.0180774811723756));
#1501=CARTESIAN_POINT('',(-0.00964848053683165,0.0353793255359846,-0.0183235129184073));
#1502=CARTESIAN_POINT('',(-0.00964848053683165,0.0369999982716297,-0.0184465287914232));
#1503=CARTESIAN_POINT('',(-0.00943317894551395,0.0369999982716297,0.074997395593963));
#1504=CARTESIAN_POINT('',(-0.00943317894551395,0.038584502614947,0.074874379720947));
#1505=CARTESIAN_POINT('',(-0.0086275762246235,0.0417520758073742,0.074628347974915));
#1506=CARTESIAN_POINT('',(-0.0052915192522997,0.0453474091651512,0.074259300355867));
#1507=CARTESIAN_POINT('',(-0.000643104784650671,0.0469090637183781,0.07389025273682));
#1508=CARTESIAN_POINT('',(0.00418652286578908,0.046057591658941,0.073521205117772));
#1509=CARTESIAN_POINT('',(0.00802058216348264,0.0429999379066263,0.073152157498725));
#1510=CARTESIAN_POINT('',(0.00992549981934646,0.038481027096409,0.072783109879677));
#1511=CARTESIAN_POINT('',(0.00943720435594105,0.0336013678630341,0.072414062260629));
#1512=CARTESIAN_POINT('',(0.00667467971051406,0.0295494847346207,0.072045014641582));
#1513=CARTESIAN_POINT('',(0.00231073036854346,0.0273122172802675,0.071675967022534));
#1514=CARTESIAN_POINT('',(-0.00259176062284181,0.0274344791463503,0.071306919403487));
#1515=CARTESIAN_POINT('',(-0.0068387644366268,0.0298864868712376,0.070937871784439));
#1516=CARTESIAN_POINT('',(-0.00939589105293965,0.0340710399615605,0.070568824165391));
#1517=CARTESIAN_POINT('',(-0.00964033628321255,0.0389689604774954,0.070199776546344));
#1518=CARTESIAN_POINT('',(-0.00751256307605885,0.0433873269699978,0.069830728927296));
#1519=CARTESIAN_POINT('',(-0.00353080553799967,0.0462500156792176,0.069461681308248));
#1520=CARTESIAN_POINT('',(0.00133515216935934,0.0468597993069619,0.069092633689201));
#1521=CARTESIAN_POINT('',(0.00590017261377629,0.0450681607960355,0.068723586070153));
#1522=CARTESIAN_POINT('',(0.00905241382202005,0.0413114660211002,0.068354538451105));
#1523=CARTESIAN_POINT('',(0.0100241258246382,0.036504683722332,0.067985490832058));
#1524=CARTESIAN_POINT('',(0.00857864151374508,0.0318185386794032,0.06761644321301));
#1525=CARTESIAN_POINT('',(0.00506801849480172,0.028394373628669,0.067247395593963));
#1526=CARTESIAN_POINT('',(0.000347293065583919,0.0270661674369776,0.066878347974915));
#1527=CARTESIAN_POINT('',(-0.00443376974438413,0.0281574138238607,0.066509300355867));
#1528=CARTESIAN_POINT('',(-0.00811070932132675,0.0314023322536827,0.06614025273682));
#1529=CARTESIAN_POINT('',(-0.00978798183252275,0.0360106006043567,0.065771205117772));
#1530=CARTESIAN_POINT('',(-0.0090570760629578,0.0408598435375314,0.065402157498725));
#1531=CARTESIAN_POINT('',(-0.00609600912195895,0.0447689947036563,0.065033109879677));
#1532=CARTESIAN_POINT('',(-0.00162596915593635,0.0467859535458208,0.064664062260629));
#1533=CARTESIAN_POINT('',(0.00326433496702628,0.0464194759152606,0.064295014641582));
#1534=CARTESIAN_POINT('',(0.0073838361632653,0.0437588199504711,0.063925967022534));
#1535=CARTESIAN_POINT('',(0.00972920168442227,0.0394520066458395,0.063556919403487));
#1536=CARTESIAN_POINT('',(0.00972920168442247,0.0345479898974199,0.063187871784439));
#1537=CARTESIAN_POINT('',(0.00738383616326502,0.0302411765927886,0.062818824165391));
#1538=CARTESIAN_POINT('',(0.00326433496702687,0.0275805206279983,0.062449776546344));
#1539=CARTESIAN_POINT('',(-0.00162596915593755,0.0272140429974395,0.062080728927296));
#1540=CARTESIAN_POINT('',(-0.00609600912195665,0.0292310018396011,0.061711681308248));
#1541=CARTESIAN_POINT('',(-0.0090570760629626,0.0331401530057321,0.061342633689201));
#1542=CARTESIAN_POINT('',(-0.00978798183251295,0.037989395938894,0.060973586070153));
#1543=CARTESIAN_POINT('',(-0.00811070932134695,0.0425976642895946,0.060604538451106));
#1544=CARTESIAN_POINT('',(-0.00443376974434275,0.0458425827193618,0.060235490832058));
#1545=CARTESIAN_POINT('',(0.00034729306549884,0.0469338291063576,0.05986644321301));
#1546=CARTESIAN_POINT('',(0.0050680184949767,0.0456056229144345,0.059497395593963));
#1547=CARTESIAN_POINT('',(0.00857864151338489,0.042181457864177,0.059128347974915));
#1548=CARTESIAN_POINT('',(0.0100241258253794,0.0374953128202672,0.058759300355868));
#1549=CARTESIAN_POINT('',(0.00905241382049476,0.0326885305235177,0.05839025273682));
#1550=CARTESIAN_POINT('',(0.00590017261691525,0.0289318357444282,0.058021205117772));
#1551=CARTESIAN_POINT('',(0.00133515216289973,0.0271401972420507,0.057652157498725));
#1552=CARTESIAN_POINT('',(-0.00353080552470631,0.0277499808522024,0.057283109879677));
#1553=CARTESIAN_POINT('',(-0.0075125631034155,0.0306126695976258,0.056914062260629));
#1554=CARTESIAN_POINT('',(-0.00964033622691505,0.0350310360156243,0.056545014641582));
#1555=CARTESIAN_POINT('',(-0.00939589116879515,0.039928956684882,0.056175967022534));
#1556=CARTESIAN_POINT('',(-0.00683876419820635,0.0441135094596801,0.055806919403486));
#1557=CARTESIAN_POINT('',(-0.00259176111349049,0.0465655178338899,0.055437871784439));
#1558=CARTESIAN_POINT('',(0.00231073137825565,0.0466877783637232,0.055068824165391));
#1559=CARTESIAN_POINT('',(0.00667467763261373,0.0444505136592557,0.054699776546344));
#1560=CARTESIAN_POINT('',(0.00943720863207856,0.0403986248718162,0.054330728927296));
#1561=CARTESIAN_POINT('',(0.00992549101938857,0.0355189772842311,0.053961681308248));
#1562=CARTESIAN_POINT('',(0.00802060027278844,0.0310000425079481,0.053592633689201));
#1563=CARTESIAN_POINT('',(0.00418648558832333,0.027942438077164,0.053223586070153));
#1564=CARTESIAN_POINT('',(-0.000643028126422212,0.0270908645055527,0.052854538451106));
#1565=CARTESIAN_POINT('',(-0.005291679708311,0.0286527283725351,0.052485490832058));
#1566=CARTESIAN_POINT('',(-0.0086272582061582,0.032247627029449,0.05211644321301));
#1567=CARTESIAN_POINT('',(-0.00983736061722785,0.0369999982716297,0.051747395593963));
#1568=CARTESIAN_POINT('',(-0.0086272582061582,0.0417523695138102,0.051378347974915));
#1569=CARTESIAN_POINT('',(-0.005291679708311,0.0453472681707243,0.051009300355868));
#1570=CARTESIAN_POINT('',(-0.000643028126422312,0.0469091320377067,0.05064025273682));
#1571=CARTESIAN_POINT('',(0.00418648558832328,0.0460575584660955,0.050271205117772));
#1572=CARTESIAN_POINT('',(0.0080206002727884,0.0429999540353113,0.049902157498725));
#1573=CARTESIAN_POINT('',(0.00992549101938855,0.0384810192590284,0.049533109879677));
#1574=CARTESIAN_POINT('',(0.00943720863207859,0.0336013716714433,0.049164062260629));
#1575=CARTESIAN_POINT('',(0.00667467763261378,0.0295494828840038,0.048795014641582));
#1576=CARTESIAN_POINT('',(0.00231073137825571,0.0273122181795362,0.048425967022534));
#1577=CARTESIAN_POINT('',(-0.00259176111349037,0.0274344787093695,0.048056919403486));
#1578=CARTESIAN_POINT('',(-0.00683876419820635,0.0298864870835793,0.047687871784439));
#1579=CARTESIAN_POINT('',(-0.00939589116879515,0.0340710398583774,0.047318824165391));
#1580=CARTESIAN_POINT('',(-0.00964033622691505,0.038968960527635,0.046949776546344));
#1581=CARTESIAN_POINT('',(-0.0075125631034155,0.0433873269456334,0.046580728927296));
#1582=CARTESIAN_POINT('',(-0.00353080552470631,0.046250015691057,0.046211681308248));
#1583=CARTESIAN_POINT('',(0.00133515216289968,0.0468597993012088,0.045842633689201));
#1584=CARTESIAN_POINT('',(0.00590017261691521,0.0450681607988313,0.045473586070153));
#1585=CARTESIAN_POINT('',(0.00905241382049474,0.0413114660197417,0.045104538451106));
#1586=CARTESIAN_POINT('',(0.0100241258253794,0.0365046837229923,0.044735490832058));
#1587=CARTESIAN_POINT('',(0.00857864151338494,0.0318185386790824,0.04436644321301));
#1588=CARTESIAN_POINT('',(0.00506801849497677,0.028394373628825,0.043997395593963));
#1589=CARTESIAN_POINT('',(0.000347293065498889,0.0270661674369019,0.043628347974915));
#1590=CARTESIAN_POINT('',(-0.00443376974434275,0.0281574138238976,0.043259300355868));
#1591=CARTESIAN_POINT('',(-0.00811070932134685,0.0314023322536647,0.04289025273682));
#1592=CARTESIAN_POINT('',(-0.00978798183251295,0.0360106006043654,0.042521205117772));
#1593=CARTESIAN_POINT('',(-0.0090570760629626,0.0408598435375272,0.042152157498725));
#1594=CARTESIAN_POINT('',(-0.00609600912195665,0.0447689947036583,0.041783109879677));
#1595=CARTESIAN_POINT('',(-0.00162596915593755,0.0467859535458198,0.041414062260629));
#1596=CARTESIAN_POINT('',(0.00326433496702682,0.0464194759152611,0.041045014641582));
#1597=CARTESIAN_POINT('',(0.00738383616326503,0.0437588199504708,0.040675967022534));
#1598=CARTESIAN_POINT('',(0.0097292016844224,0.0394520066458397,0.040306919403486));
#1599=CARTESIAN_POINT('',(0.00972920168442241,0.0345479898974198,0.039937871784439));
#1600=CARTESIAN_POINT('',(0.00738383616326507,0.0302411765927886,0.039568824165391));
#1601=CARTESIAN_POINT('',(0.0032643349670269,0.0275805206279983,0.0391997765463437));
#1602=CARTESIAN_POINT('',(-0.00162596915593745,0.0272140429974395,0.038830728927296));
#1603=CARTESIAN_POINT('',(-0.00609600912195655,0.029231001839601,0.0384616813082484));
#1604=CARTESIAN_POINT('',(-0.0090570760629625,0.0331401530057321,0.0380926336892008));
#1605=CARTESIAN_POINT('',(-0.00978798183251295,0.0379893959388939,0.0377235860701532));
#1606=CARTESIAN_POINT('',(-0.00811070932134695,0.0425976642895946,0.0373545384511056));
#1607=CARTESIAN_POINT('',(-0.00443376974434285,0.0458425827193618,0.0369854908320579));
#1608=CARTESIAN_POINT('',(0.000347293065498829,0.0469338291063576,0.0366164432130104));
#1609=CARTESIAN_POINT('',(0.00506801849497669,0.0456056229144344,0.0362473955939627));
#1610=CARTESIAN_POINT('',(0.00857864151338488,0.0421814578641771,0.0358783479749151));
#1611=CARTESIAN_POINT('',(0.0100241258253794,0.0374953128202672,0.0355093003558674));
#1612=CARTESIAN_POINT('',(0.00905241382049478,0.0326885305235177,0.0351402527368199));
#1613=CARTESIAN_POINT('',(0.00590017261691525,0.0289318357444283,0.0347712051177723));
#1614=CARTESIAN_POINT('',(0.00133515216289976,0.0271401972420506,0.0344021574987246));
#1615=CARTESIAN_POINT('',(-0.00353080552470631,0.0277499808522024,0.034033109879677));
#1616=CARTESIAN_POINT('',(-0.0075125631034154,0.0306126695976258,0.0336640622606293));
#1617=CARTESIAN_POINT('',(-0.00964033622691505,0.0350310360156242,0.0332950146415818));
#1618=CARTESIAN_POINT('',(-0.00939589116879515,0.039928956684882,0.0329259670225341));
#1619=CARTESIAN_POINT('',(-0.00683876419820645,0.04411350945968,0.0325569194034866));
#1620=CARTESIAN_POINT('',(-0.00259176111349049,0.0465655178338899,0.0321878717844388));
#1621=CARTESIAN_POINT('',(0.0023107313782556,0.0466877783637232,0.0318188241653913));
#1622=CARTESIAN_POINT('',(0.0066746776326137,0.0444505136592557,0.0314497765463437));
#1623=CARTESIAN_POINT('',(0.00943720863207856,0.0403986248718162,0.031080728927296));
#1624=CARTESIAN_POINT('',(0.00992549101938857,0.0355189772842311,0.0307116813082484));
#1625=CARTESIAN_POINT('',(0.00802060027278844,0.0310000425079481,0.0303426336892008));
#1626=CARTESIAN_POINT('',(0.00418648558832333,0.027942438077164,0.0299735860701532));
#1627=CARTESIAN_POINT('',(-0.000643028126422212,0.0270908645055527,0.0296045384511055));
#1628=CARTESIAN_POINT('',(-0.005291679708311,0.0286527283725351,0.029235490832058));
#1629=CARTESIAN_POINT('',(-0.0086272582061582,0.032247627029449,0.0288664432130103));
#1630=CARTESIAN_POINT('',(-0.00983736061722785,0.0369999982716297,0.0284973955939627));
#1631=CARTESIAN_POINT('',(-0.0086272582061582,0.0417523695138102,0.0281283479749151));
#1632=CARTESIAN_POINT('',(-0.0052916797083111,0.0453472681707243,0.0277593003558675));
#1633=CARTESIAN_POINT('',(-0.000643028126422312,0.0469091320377067,0.0273902527368198));
#1634=CARTESIAN_POINT('',(0.00418648558832322,0.0460575584660955,0.0270212051177722));
#1635=CARTESIAN_POINT('',(0.00802060027278833,0.0429999540353115,0.0266521574987246));
#1636=CARTESIAN_POINT('',(0.00992549101938855,0.0384810192590283,0.026283109879677));
#1637=CARTESIAN_POINT('',(0.00943720863207861,0.0336013716714434,0.0259140622606294));
#1638=CARTESIAN_POINT('',(0.00667467763261377,0.0295494828840037,0.0255450146415818));
#1639=CARTESIAN_POINT('',(0.00231073137825566,0.0273122181795362,0.0251759670225341));
#1640=CARTESIAN_POINT('',(-0.00259176111349037,0.0274344787093694,0.0248069194034865));
#1641=CARTESIAN_POINT('',(-0.00683876419820635,0.0298864870835793,0.0244378717844389));
#1642=CARTESIAN_POINT('',(-0.00939589116879505,0.0340710398583772,0.0240688241653913));
#1643=CARTESIAN_POINT('',(-0.00964033622691505,0.038968960527635,0.0236997765463436));
#1644=CARTESIAN_POINT('',(-0.0075125631034155,0.0433873269456334,0.0233307289272961));
#1645=CARTESIAN_POINT('',(-0.00353080552470641,0.046250015691057,0.0229616813082484));
#1646=CARTESIAN_POINT('',(0.00133515216289966,0.0468597993012088,0.0225926336892009));
#1647=CARTESIAN_POINT('',(0.00590017261691519,0.0450681607988312,0.0222235860701531));
#1648=CARTESIAN_POINT('',(0.00905241382049475,0.0413114660197417,0.0218545384511056));
#1649=CARTESIAN_POINT('',(0.0100241258253794,0.0365046837229922,0.0214854908320579));
#1650=CARTESIAN_POINT('',(0.00857864151338493,0.0318185386790824,0.0211164432130104));
#1651=CARTESIAN_POINT('',(0.00506801849497682,0.0283943736288251,0.0207473955939626));
#1652=CARTESIAN_POINT('',(0.000347293065498938,0.0270661674369018,0.0203783479749151));
#1653=CARTESIAN_POINT('',(-0.00443376974434275,0.0281574138238976,0.0200093003558674));
#1654=CARTESIAN_POINT('',(-0.00811070932134685,0.0314023322536647,0.0196402527368199));
#1655=CARTESIAN_POINT('',(-0.00978798183251295,0.0360106006043652,0.0192712051177722));
#1656=CARTESIAN_POINT('',(-0.0090570760629626,0.0408598435375273,0.0189021574987247));
#1657=CARTESIAN_POINT('',(-0.00609600912195665,0.0447689947036582,0.018533109879677));
#1658=CARTESIAN_POINT('',(-0.00162596915593755,0.04678595354582,0.0181640622606294));
#1659=CARTESIAN_POINT('',(0.00326433496702681,0.046419475915261,0.0177950146415818));
#1660=CARTESIAN_POINT('',(0.00738383616326498,0.0437588199504709,0.0174259670225342));
#1661=CARTESIAN_POINT('',(0.00972920168442237,0.0394520066458397,0.0170569194034865));
#1662=CARTESIAN_POINT('',(0.00972920168442244,0.0345479898974199,0.0166878717844389));
#1663=CARTESIAN_POINT('',(0.00738383616326508,0.0302411765927886,0.0163188241653913));
#1664=CARTESIAN_POINT('',(0.00326433496702685,0.0275805206279984,0.0159497765463436));
#1665=CARTESIAN_POINT('',(-0.00162596915593755,0.0272140429974395,0.0155807289272961));
#1666=CARTESIAN_POINT('',(-0.00609600912195665,0.0292310018396011,0.0152116813082484));
#1667=CARTESIAN_POINT('',(-0.0090570760629625,0.0331401530057321,0.0148426336892009));
#1668=CARTESIAN_POINT('',(-0.00978798183251295,0.037989395938894,0.0144735860701532));
#1669=CARTESIAN_POINT('',(-0.00811070932134695,0.0425976642895946,0.0141045384511056));
#1670=CARTESIAN_POINT('',(-0.00443376974434285,0.0458425827193617,0.013735490832058));
#1671=CARTESIAN_POINT('',(0.000347293065498719,0.0469338291063576,0.0133664432130104));
#1672=CARTESIAN_POINT('',(0.00506801849497663,0.0456056229144344,0.0129973955939627));
#1673=CARTESIAN_POINT('',(0.00857864151338489,0.0421814578641771,0.0126283479749151));
#1674=CARTESIAN_POINT('',(0.0100241258253794,0.0374953128202672,0.0122593003558674));
#1675=CARTESIAN_POINT('',(0.00905241382049475,0.0326885305235178,0.0118902527368199));
#1676=CARTESIAN_POINT('',(0.00590017261691526,0.0289318357444282,0.0115212051177722));
#1677=CARTESIAN_POINT('',(0.00133515216289979,0.0271401972420507,0.0111521574987246));
#1678=CARTESIAN_POINT('',(-0.00353080552470621,0.0277499808522024,0.010783109879677));
#1679=CARTESIAN_POINT('',(-0.0075125631034154,0.0306126695976258,0.0104140622606294));
#1680=CARTESIAN_POINT('',(-0.00964033622691495,0.0350310360156241,0.0100450146415818));
#1681=CARTESIAN_POINT('',(-0.00939589116879515,0.0399289566848819,0.00967596702253421));
#1682=CARTESIAN_POINT('',(-0.00683876419820645,0.0441135094596799,0.00930691940348651));
#1683=CARTESIAN_POINT('',(-0.00259176111349049,0.0465655178338899,0.00893787178443902));
#1684=CARTESIAN_POINT('',(0.00231073137825563,0.0466877783637232,0.00856882416539131));
#1685=CARTESIAN_POINT('',(0.00667467763261373,0.0444505136592557,0.00819977654634371));
#1686=CARTESIAN_POINT('',(0.00943720863207854,0.0403986248718161,0.00783072892729601));
#1687=CARTESIAN_POINT('',(0.00992549101938858,0.0355189772842312,0.00746168130824842));
#1688=CARTESIAN_POINT('',(0.00802060027278848,0.0310000425079482,0.0070926336892008));
#1689=CARTESIAN_POINT('',(0.0041864855883234,0.027942438077164,0.0067235860701532));
#1690=CARTESIAN_POINT('',(-0.000643028126422212,0.0270908645055527,0.00635453845110551));
#1691=CARTESIAN_POINT('',(-0.0052916797083109,0.0286527283725351,0.00598549083205801));
#1692=CARTESIAN_POINT('',(-0.0086272582061582,0.032247627029449,0.00561644321301031));
#1693=CARTESIAN_POINT('',(-0.00983736061722785,0.0369999982716296,0.00524739559396272));
#1694=CARTESIAN_POINT('',(-0.0086272582061582,0.0417523695138102,0.00487834797491511));
#1695=CARTESIAN_POINT('',(-0.0052916797083111,0.0453472681707243,0.0045093003558675));
#1696=CARTESIAN_POINT('',(-0.000643028126422312,0.0469091320377067,0.0041402527368199));
#1697=CARTESIAN_POINT('',(0.00418648558832319,0.0460575584660955,0.00377120511777222));
#1698=CARTESIAN_POINT('',(0.00802060027278835,0.0429999540353115,0.00340215749872462));
#1699=CARTESIAN_POINT('',(0.00992549101938854,0.0384810192590284,0.00303310987967701));
#1700=CARTESIAN_POINT('',(0.00943720863207861,0.0336013716714434,0.00266406226062931));
#1701=CARTESIAN_POINT('',(0.00667467763261382,0.0295494828840038,0.00229501464158181));
#1702=CARTESIAN_POINT('',(0.00231073137825575,0.0273122181795362,0.00192596702253411));
#1703=CARTESIAN_POINT('',(-0.00259176111349037,0.0274344787093694,0.0015569194034865));
#1704=CARTESIAN_POINT('',(-0.00683876419820635,0.0298864870835793,0.00118787178443881));
#1705=CARTESIAN_POINT('',(-0.00939589116879505,0.0340710398583772,0.000818824165391301));
#1706=CARTESIAN_POINT('',(-0.00964033622691505,0.038968960527635,0.000449776546343615));
#1707=CARTESIAN_POINT('',(-0.0075125631034156,0.0433873269456333,8.07289272961101E-5));
#1708=CARTESIAN_POINT('',(-0.00353080552470641,0.0462500156910569,-0.000288318691751603));
#1709=CARTESIAN_POINT('',(0.00133515216289963,0.0468597993012088,-0.000657366310799191));
#1710=CARTESIAN_POINT('',(0.00590017261691521,0.0450681607988313,-0.00102641392984679));
#1711=CARTESIAN_POINT('',(0.00905241382049474,0.0413114660197417,-0.0013954615488944));
#1712=CARTESIAN_POINT('',(0.0100241258253794,0.0365046837229922,-0.00176450916794209));
#1713=CARTESIAN_POINT('',(0.00857864151338496,0.0318185386790825,-0.00213355678698969));
#1714=CARTESIAN_POINT('',(0.00506801849497681,0.028394373628825,-0.0025026044060373));
#1715=CARTESIAN_POINT('',(0.000347293065498919,0.0270661674369018,-0.00287165202508489));
#1716=CARTESIAN_POINT('',(-0.00443376974434265,0.0281574138238976,-0.00324069964413249));
#1717=CARTESIAN_POINT('',(-0.00811070932134685,0.0314023322536647,-0.00360974726318009));
#1718=CARTESIAN_POINT('',(-0.00978798183251295,0.0360106006043652,-0.00397879488222779));
#1719=CARTESIAN_POINT('',(-0.0090570760629626,0.0408598435375272,-0.00434784250127539));
#1720=CARTESIAN_POINT('',(-0.00609600912195665,0.0447689947036582,-0.004716890120323));
#1721=CARTESIAN_POINT('',(-0.00162596915593755,0.0467859535458199,-0.0050859377393706));
#1722=CARTESIAN_POINT('',(0.00326433496702678,0.046419475915261,-0.0054549853584183));
#1723=CARTESIAN_POINT('',(0.00738383616326493,0.043758819950471,-0.00582403297746579));
#1724=CARTESIAN_POINT('',(0.00972920168442245,0.0394520066458395,-0.0061930805965135));
#1725=CARTESIAN_POINT('',(0.00972920168442229,0.0345479898974201,-0.00656212821556109));
#1726=CARTESIAN_POINT('',(0.00738383616326539,0.0302411765927885,-0.00693117583460869));
#1727=CARTESIAN_POINT('',(0.00326433496702645,0.0275805206279989,-0.0073002234536563));
#1728=CARTESIAN_POINT('',(-0.00162596915593625,0.0272140429974385,-0.00766927107270399));
#1729=CARTESIAN_POINT('',(-0.00609600912195885,0.0292310018396031,-0.0080383186917516));
#1730=CARTESIAN_POINT('',(-0.0090570760629578,0.0331401530057278,-0.0084073663107992));
#1731=CARTESIAN_POINT('',(-0.00978798183252275,0.0379893959389027,-0.00877641392984679));
#1732=CARTESIAN_POINT('',(-0.00811070932132685,0.0425976642895766,-0.00914546154889439));
#1733=CARTESIAN_POINT('',(-0.00443376974438423,0.0458425827193986,-0.00951450916794199));
#1734=CARTESIAN_POINT('',(0.00034729306558377,0.0469338291062819,-0.00988355678698969));
#1735=CARTESIAN_POINT('',(0.00506801849480162,0.0456056229145904,-0.0102526044060373));
#1736=CARTESIAN_POINT('',(0.00857864151374502,0.0421814578638564,-0.0106216520250849));
#1737=CARTESIAN_POINT('',(0.0100241258246382,0.0374953128209275,-0.0109906996441325));
#1738=CARTESIAN_POINT('',(0.00905241382202009,0.0326885305221594,-0.0113597472631801));
#1739=CARTESIAN_POINT('',(0.00590017261377636,0.0289318357472238,-0.0117287948822278));
#1740=CARTESIAN_POINT('',(0.00133515216935943,0.0271401972362976,-0.0120978425012754));
#1741=CARTESIAN_POINT('',(-0.00353080553799967,0.0277499808640417,-0.012466890120323));
#1742=CARTESIAN_POINT('',(-0.00751256307605875,0.0306126695732614,-0.0128359377393706));
#1743=CARTESIAN_POINT('',(-0.00964033628321245,0.0350310360657638,-0.0132049853584182));
#1744=CARTESIAN_POINT('',(-0.00939589105293975,0.0399289565816988,-0.0135740329774659));
#1745=CARTESIAN_POINT('',(-0.0068387644366269,0.0441135096720217,-0.0139430805965135));
#1746=CARTESIAN_POINT('',(-0.00259176062284201,0.0465655173969091,-0.0143121282155611));
#1747=CARTESIAN_POINT('',(0.00231073036854334,0.0466877792629919,-0.0146811758346088));
#1748=CARTESIAN_POINT('',(0.00667467971051396,0.0444505118086388,-0.0150502234536563));
#1749=CARTESIAN_POINT('',(0.00943720435594101,0.0403986286802253,-0.015419271072704));
#1750=CARTESIAN_POINT('',(0.00992549981934649,0.0355189694468505,-0.0157883186917516));
#1751=CARTESIAN_POINT('',(0.00802058216348269,0.0310000586366332,-0.0161573663107992));
#1752=CARTESIAN_POINT('',(0.00418652286578919,0.0279424048843184,-0.0165264139298468));
#1753=CARTESIAN_POINT('',(-0.000643104784650472,0.0270909328248813,-0.0168954615488944));
#1754=CARTESIAN_POINT('',(-0.0052915192522995,0.028652587378108,-0.0172645091679421));
#1755=CARTESIAN_POINT('',(-0.0086275762246234,0.0322479207358851,-0.0176335567869897));
#1756=CARTESIAN_POINT('',(-0.0094331789455139,0.0354154939283123,-0.0178795885330214));
#1757=CARTESIAN_POINT('',(-0.00943317894551395,0.0369999982716297,-0.0180026044060373));
#1758=CARTESIAN_POINT('',(-0.00870968490759315,0.0369999982716297,0.0751609781439738));
#1759=CARTESIAN_POINT('',(-0.00870968490759315,0.0384642904185404,0.0750379622709578));
#1760=CARTESIAN_POINT('',(-0.00796523522278265,0.0413913941304046,0.0747919305249268));
#1761=CARTESIAN_POINT('',(-0.00488236264704335,0.0447138951981003,0.0744228829058788));
#1762=CARTESIAN_POINT('',(-0.000586741274353451,0.0461570115159533,0.0740538352868308));
#1763=CARTESIAN_POINT('',(0.00387634384729216,0.0453701698616831,0.0736847876677838));
#1764=CARTESIAN_POINT('',(0.00741941731071684,0.0425445722697071,0.0733157400487358));
#1765=CARTESIAN_POINT('',(0.00917976186382143,0.0383686253010203,0.0729466924296888));
#1766=CARTESIAN_POINT('',(0.00872852535971594,0.033859306010751,0.0725776448106408));
#1767=CARTESIAN_POINT('',(0.00617566209853405,0.0301149402830816,0.0722085971915928));
#1768=CARTESIAN_POINT('',(0.00214291388387162,0.0280474696256773,0.0718395495725458));
#1769=CARTESIAN_POINT('',(-0.00238750340894375,0.0281604525555673,0.0714705019534978));
#1770=CARTESIAN_POINT('',(-0.00631218163058785,0.0304263655381374,0.0711014543344508));
#1771=CARTESIAN_POINT('',(-0.00867523557296145,0.0342933327403049,0.0707324067154028));
#1772=CARTESIAN_POINT('',(-0.00890112867773415,0.0388195264367323,0.0703633590963548));
#1773=CARTESIAN_POINT('',(-0.00693484243919255,0.0429025617952712,0.0699943114773078));
#1774=CARTESIAN_POINT('',(-0.00325527968243815,0.0455479872506622,0.0696252638582598));
#1775=CARTESIAN_POINT('',(0.00124137702950937,0.0461114914597256,0.0692562162392118));
#1776=CARTESIAN_POINT('',(0.00545993605830535,0.0444558290345683,0.0688871686201648));
#1777=CARTESIAN_POINT('',(0.0083729384801866,0.0409842479424208,0.0685181210011168));
#1778=CARTESIAN_POINT('',(0.00927090257299518,0.0365422755319913,0.0681490733820698));
#1779=CARTESIAN_POINT('',(0.00793512303705634,0.0322117846345429,0.0677800257630218));
#1780=CARTESIAN_POINT('',(0.00469093812836514,0.0290474959818932,0.0674109781439738));
#1781=CARTESIAN_POINT('',(0.000328491316825559,0.0278200937631438,0.0670419305249268));
#1782=CARTESIAN_POINT('',(-0.00408971358067695,0.0288285201993774,0.0666728829058788));
#1783=CARTESIAN_POINT('',(-0.00748759248174285,0.031827166121527,0.0663038352868318));
#1784=CARTESIAN_POINT('',(-0.00903756869371835,0.0360856907645182,0.0659347876677838));
#1785=CARTESIAN_POINT('',(-0.00836213488766765,0.0405669012668907,0.0655657400487358));
#1786=CARTESIAN_POINT('',(-0.00562579759603575,0.044179368099837,0.0651966924296888));
#1787=CARTESIAN_POINT('',(-0.00149501051900115,0.0460432502090476,0.0648276448106408));
#1788=CARTESIAN_POINT('',(0.00302414484145491,0.045704586333143,0.0644585971915928));
#1789=CARTESIAN_POINT('',(0.00683099722635529,0.0432458603800579,0.0640895495725458));
#1790=CARTESIAN_POINT('',(0.00899836164800686,0.0392659119059499,0.0637205019534978));
#1791=CARTESIAN_POINT('',(0.00899836164800705,0.0347340846373095,0.0633514543344508));
#1792=CARTESIAN_POINT('',(0.00683099722635503,0.0307541361632018,0.0629824067154028));
#1793=CARTESIAN_POINT('',(0.00302414484145545,0.0282954102101159,0.0626133590963548));
#1794=CARTESIAN_POINT('',(-0.00149501051900215,0.0279567463342129,0.0622443114773078));
#1795=CARTESIAN_POINT('',(-0.00562579759603365,0.0298206284434204,0.0618752638582598));
#1796=CARTESIAN_POINT('',(-0.00836213488767205,0.033433095276373,0.0615062162392118));
#1797=CARTESIAN_POINT('',(-0.00903756869370925,0.0379143057787325,0.0611371686201648));
#1798=CARTESIAN_POINT('',(-0.00748759248176165,0.0421728304217504,0.0607681210011168));
#1799=CARTESIAN_POINT('',(-0.00408971358063835,0.0451714763438451,0.0603990733820698));
#1800=CARTESIAN_POINT('',(0.00032849131674604,0.0461799027801917,0.0600300257630218));
#1801=CARTESIAN_POINT('',(0.00469093812852869,0.0449525005612098,0.0596609781439738));
#1802=CARTESIAN_POINT('',(0.00793512303671968,0.0417882119090385,0.0592919305249268));
#1803=CARTESIAN_POINT('',(0.00927090257368795,0.0374577210106055,0.0589228829058788));
#1804=CARTESIAN_POINT('',(0.00837293847876096,0.0330157486022023,0.0585538352868318));
#1805=CARTESIAN_POINT('',(0.00545993606123923,0.0295441675058849,0.0581847876677838));
#1806=CARTESIAN_POINT('',(0.00124137702347177,0.0278885050893085,0.0578157400487358));
#1807=CARTESIAN_POINT('',(-0.00325527967001316,0.0284520092807136,0.0574466924296888));
#1808=CARTESIAN_POINT('',(-0.00693484246476195,0.0310974347724437,0.0570776448106408));
#1809=CARTESIAN_POINT('',(-0.00890112862511465,0.0351804700561999,0.0567085971915928));
#1810=CARTESIAN_POINT('',(-0.00867523568124795,0.0397066639065234,0.0563395495725458));
#1811=CARTESIAN_POINT('',(-0.00631218140774355,0.0435736307919864,0.0559705019534978));
#1812=CARTESIAN_POINT('',(-0.00238750386753785,0.0458395444263066,0.0556014543344508));
#1813=CARTESIAN_POINT('',(0.00214291482761845,0.0459525260149514,0.0552324067154028));
#1814=CARTESIAN_POINT('',(0.00617566015638475,0.0438850581177138,0.0548633590963548));
#1815=CARTESIAN_POINT('',(0.00872852935648967,0.0401406867098606,0.0544943114773078));
#1816=CARTESIAN_POINT('',(0.00917975363877243,0.035631379108923,0.0541252638582598));
#1817=CARTESIAN_POINT('',(0.00741943423692595,0.0314554080845651,0.0537562162392118));
#1818=CARTESIAN_POINT('',(0.00387630900519565,0.0286298599987824,0.0533871686201648));
#1819=CARTESIAN_POINT('',(-0.000586669624273652,0.0278429164520816,0.0530181210011168));
#1820=CARTESIAN_POINT('',(-0.00488251262032405,0.0292862429383901,0.0526490733820698));
#1821=CARTESIAN_POINT('',(-0.00796493798074015,0.0326083074004766,0.0522800257630218));
#1822=CARTESIAN_POINT('',(-0.00908319988433185,0.0369999982716297,0.0519109781439738));
#1823=CARTESIAN_POINT('',(-0.00796493798074015,0.0413916891427829,0.0515419305249268));
#1824=CARTESIAN_POINT('',(-0.00488251262032405,0.0447137536048692,0.0511728829058788));
#1825=CARTESIAN_POINT('',(-0.000586669624273751,0.0461570800911778,0.0508038352868318));
#1826=CARTESIAN_POINT('',(0.0038763090051956,0.0453701365444771,0.0504347876677838));
#1827=CARTESIAN_POINT('',(0.00741943423692591,0.0425445884586945,0.0500657400487358));
#1828=CARTESIAN_POINT('',(0.00917975363877241,0.0383686174343365,0.0496966924296888));
#1829=CARTESIAN_POINT('',(0.0087285293564897,0.0338593098333991,0.0493276448106408));
#1830=CARTESIAN_POINT('',(0.00617566015638481,0.0301149384255456,0.0489585971915928));
#1831=CARTESIAN_POINT('',(0.00214291482761849,0.0280474705283081,0.0485895495725458));
#1832=CARTESIAN_POINT('',(-0.00238750386753775,0.0281604521169528,0.0482205019534978));
#1833=CARTESIAN_POINT('',(-0.00631218140774355,0.030426365751273,0.0478514543344508));
#1834=CARTESIAN_POINT('',(-0.00867523568124795,0.034293332636736,0.0474824067154028));
#1835=CARTESIAN_POINT('',(-0.00890112862511465,0.0388195264870594,0.0471133590963548));
#1836=CARTESIAN_POINT('',(-0.00693484246476195,0.0429025617708158,0.0467443114773078));
#1837=CARTESIAN_POINT('',(-0.00325527967001325,0.0455479872625458,0.0463752638582598));
#1838=CARTESIAN_POINT('',(0.00124137702347172,0.0461114914539511,0.0460062162392118));
#1839=CARTESIAN_POINT('',(0.0054599360612392,0.0444558290373743,0.0456371686201648));
#1840=CARTESIAN_POINT('',(0.00837293847876095,0.0409842479410573,0.0452681210011168));
#1841=CARTESIAN_POINT('',(0.00927090257368794,0.0365422755326539,0.0448990733820698));
#1842=CARTESIAN_POINT('',(0.00793512303671973,0.0322117846342209,0.0445300257630218));
#1843=CARTESIAN_POINT('',(0.00469093812852874,0.0290474959820497,0.0441609781439738));
#1844=CARTESIAN_POINT('',(0.000328491316746088,0.0278200937630678,0.0437919305249268));
#1845=CARTESIAN_POINT('',(-0.00408971358063835,0.0288285201994143,0.0434228829058788));
#1846=CARTESIAN_POINT('',(-0.00748759248176165,0.031827166121509,0.0430538352868308));
#1847=CARTESIAN_POINT('',(-0.00903756869370925,0.0360856907645269,0.0426847876677838));
#1848=CARTESIAN_POINT('',(-0.00836213488767215,0.0405669012668863,0.0423157400487358));
#1849=CARTESIAN_POINT('',(-0.00562579759603365,0.0441793680998391,0.0419466924296888));
#1850=CARTESIAN_POINT('',(-0.00149501051900215,0.0460432502090465,0.0415776448106408));
#1851=CARTESIAN_POINT('',(0.0030241448414554,0.0457045863331435,0.0412085971915938));
#1852=CARTESIAN_POINT('',(0.00683099722635504,0.0432458603800577,0.0408395495725458));
#1853=CARTESIAN_POINT('',(0.00899836164800698,0.03926591190595,0.0404705019534978));
#1854=CARTESIAN_POINT('',(0.00899836164800699,0.0347340846373095,0.0401014543344508));
#1855=CARTESIAN_POINT('',(0.00683099722635508,0.0307541361632018,0.0397324067154028));
#1856=CARTESIAN_POINT('',(0.00302414484145548,0.0282954102101159,0.0393633590963548));
#1857=CARTESIAN_POINT('',(-0.00149501051900205,0.0279567463342129,0.0389943114773074));
#1858=CARTESIAN_POINT('',(-0.00562579759603365,0.0298206284434203,0.0386252638582599));
#1859=CARTESIAN_POINT('',(-0.00836213488767205,0.033433095276373,0.0382562162392122));
#1860=CARTESIAN_POINT('',(-0.00903756869370925,0.0379143057787324,0.0378871686201647));
#1861=CARTESIAN_POINT('',(-0.00748759248176165,0.0421728304217503,0.037518121001117));
#1862=CARTESIAN_POINT('',(-0.00408971358063835,0.0451714763438452,0.0371490733820693));
#1863=CARTESIAN_POINT('',(0.00032849131674604,0.0461799027801916,0.0367800257630218));
#1864=CARTESIAN_POINT('',(0.00469093812852867,0.0449525005612099,0.0364109781439742));
#1865=CARTESIAN_POINT('',(0.00793512303671967,0.0417882119090385,0.0360419305249266));
#1866=CARTESIAN_POINT('',(0.00927090257368794,0.0374577210106057,0.0356728829058789));
#1867=CARTESIAN_POINT('',(0.00837293847876098,0.0330157486022022,0.0353038352868313));
#1868=CARTESIAN_POINT('',(0.00545993606123924,0.0295441675058851,0.0349347876677837));
#1869=CARTESIAN_POINT('',(0.0012413770234718,0.0278885050893083,0.0345657400487361));
#1870=CARTESIAN_POINT('',(-0.00325527967001316,0.0284520092807136,0.0341966924296885));
#1871=CARTESIAN_POINT('',(-0.00693484246476195,0.0310974347724436,0.0338276448106408));
#1872=CARTESIAN_POINT('',(-0.00890112862511465,0.0351804700562,0.0334585971915932));
#1873=CARTESIAN_POINT('',(-0.00867523568124795,0.0397066639065234,0.0330895495725456));
#1874=CARTESIAN_POINT('',(-0.00631218140774365,0.0435736307919864,0.0327205019534979));
#1875=CARTESIAN_POINT('',(-0.00238750386753785,0.0458395444263067,0.0323514543344504));
#1876=CARTESIAN_POINT('',(0.0021429148276184,0.0459525260149514,0.0319824067154027));
#1877=CARTESIAN_POINT('',(0.00617566015638473,0.0438850581177138,0.0316133590963551));
#1878=CARTESIAN_POINT('',(0.00872852935648966,0.0401406867098605,0.0312443114773075));
#1879=CARTESIAN_POINT('',(0.00917975363877243,0.035631379108923,0.0308752638582598));
#1880=CARTESIAN_POINT('',(0.00741943423692595,0.0314554080845649,0.0305062162392122));
#1881=CARTESIAN_POINT('',(0.00387630900519566,0.0286298599987823,0.0301371686201647));
#1882=CARTESIAN_POINT('',(-0.000586669624273652,0.0278429164520816,0.029768121001117));
#1883=CARTESIAN_POINT('',(-0.00488251262032395,0.0292862429383901,0.0293990733820695));
#1884=CARTESIAN_POINT('',(-0.00796493798074015,0.0326083074004765,0.0290300257630217));
#1885=CARTESIAN_POINT('',(-0.00908319988433185,0.0369999982716297,0.0286609781439742));
#1886=CARTESIAN_POINT('',(-0.00796493798074015,0.0413916891427829,0.0282919305249265));
#1887=CARTESIAN_POINT('',(-0.00488251262032405,0.0447137536048692,0.0279228829058789));
#1888=CARTESIAN_POINT('',(-0.000586669624273751,0.0461570800911779,0.0275538352868313));
#1889=CARTESIAN_POINT('',(0.00387630900519555,0.045370136544477,0.0271847876677836));
#1890=CARTESIAN_POINT('',(0.00741943423692585,0.0425445884586946,0.0268157400487362));
#1891=CARTESIAN_POINT('',(0.00917975363877242,0.0383686174343364,0.0264466924296884));
#1892=CARTESIAN_POINT('',(0.00872852935648971,0.0338593098333991,0.0260776448106409));
#1893=CARTESIAN_POINT('',(0.00617566015638479,0.0301149384255456,0.0257085971915932));
#1894=CARTESIAN_POINT('',(0.00214291482761846,0.0280474705283081,0.0253395495725457));
#1895=CARTESIAN_POINT('',(-0.00238750386753775,0.0281604521169528,0.0249705019534979));
#1896=CARTESIAN_POINT('',(-0.00631218140774355,0.030426365751273,0.0246014543344504));
#1897=CARTESIAN_POINT('',(-0.00867523568124795,0.034293332636736,0.0242324067154027));
#1898=CARTESIAN_POINT('',(-0.00890112862511465,0.0388195264870593,0.0238633590963551));
#1899=CARTESIAN_POINT('',(-0.00693484246476195,0.0429025617708158,0.0234943114773075));
#1900=CARTESIAN_POINT('',(-0.00325527967001325,0.0455479872625457,0.0231252638582599));
#1901=CARTESIAN_POINT('',(0.00124137702347171,0.0461114914539512,0.0227562162392123));
#1902=CARTESIAN_POINT('',(0.00545993606123918,0.0444558290373743,0.0223871686201646));
#1903=CARTESIAN_POINT('',(0.00837293847876095,0.0409842479410573,0.0220181210011171));
#1904=CARTESIAN_POINT('',(0.00927090257368794,0.0365422755326539,0.0216490733820694));
#1905=CARTESIAN_POINT('',(0.00793512303671972,0.032211784634221,0.0212800257630218));
#1906=CARTESIAN_POINT('',(0.00469093812852879,0.0290474959820497,0.0209109781439741));
#1907=CARTESIAN_POINT('',(0.000328491316746138,0.0278200937630678,0.0205419305249265));
#1908=CARTESIAN_POINT('',(-0.00408971358063825,0.0288285201994143,0.0201728829058789));
#1909=CARTESIAN_POINT('',(-0.00748759248176165,0.031827166121509,0.0198038352868314));
#1910=CARTESIAN_POINT('',(-0.00903756869370925,0.0360856907645269,0.0194347876677836));
#1911=CARTESIAN_POINT('',(-0.00836213488767215,0.0405669012668863,0.0190657400487361));
#1912=CARTESIAN_POINT('',(-0.00562579759603365,0.044179368099839,0.0186966924296884));
#1913=CARTESIAN_POINT('',(-0.00149501051900215,0.0460432502090466,0.0183276448106408));
#1914=CARTESIAN_POINT('',(0.00302414484145539,0.0457045863331436,0.0179585971915932));
#1915=CARTESIAN_POINT('',(0.00683099722635499,0.0432458603800576,0.0175895495725456));
#1916=CARTESIAN_POINT('',(0.00899836164800695,0.0392659119059502,0.017220501953498));
#1917=CARTESIAN_POINT('',(0.00899836164800701,0.0347340846373095,0.0168514543344503));
#1918=CARTESIAN_POINT('',(0.00683099722635509,0.0307541361632019,0.0164824067154028));
#1919=CARTESIAN_POINT('',(0.00302414484145543,0.0282954102101159,0.0161133590963551));
#1920=CARTESIAN_POINT('',(-0.00149501051900215,0.0279567463342129,0.0157443114773076));
#1921=CARTESIAN_POINT('',(-0.00562579759603365,0.0298206284434204,0.0153752638582598));
#1922=CARTESIAN_POINT('',(-0.00836213488767205,0.033433095276373,0.0150062162392123));
#1923=CARTESIAN_POINT('',(-0.00903756869370925,0.0379143057787324,0.0146371686201646));
#1924=CARTESIAN_POINT('',(-0.00748759248176165,0.0421728304217503,0.014268121001117));
#1925=CARTESIAN_POINT('',(-0.00408971358063845,0.045171476343845,0.0138990733820694));
#1926=CARTESIAN_POINT('',(0.000328491316745929,0.0461799027801917,0.0135300257630218));
#1927=CARTESIAN_POINT('',(0.00469093812852862,0.0449525005612098,0.0131609781439742));
#1928=CARTESIAN_POINT('',(0.00793512303671968,0.0417882119090385,0.0127919305249265));
#1929=CARTESIAN_POINT('',(0.00927090257368795,0.0374577210106055,0.0124228829058789));
#1930=CARTESIAN_POINT('',(0.00837293847876096,0.0330157486022022,0.0120538352868313));
#1931=CARTESIAN_POINT('',(0.00545993606123924,0.0295441675058851,0.0116847876677837));
#1932=CARTESIAN_POINT('',(0.00124137702347183,0.0278885050893083,0.0113157400487361));
#1933=CARTESIAN_POINT('',(-0.00325527967001316,0.0284520092807136,0.0109466924296884));
#1934=CARTESIAN_POINT('',(-0.00693484246476185,0.0310974347724436,0.0105776448106409));
#1935=CARTESIAN_POINT('',(-0.00890112862511455,0.0351804700561999,0.0102085971915932));
#1936=CARTESIAN_POINT('',(-0.00867523568124795,0.0397066639065233,0.00983954957254562));
#1937=CARTESIAN_POINT('',(-0.00631218140774365,0.0435736307919862,0.0094705019534979));
#1938=CARTESIAN_POINT('',(-0.00238750386753795,0.0458395444263066,0.00910145433445041));
#1939=CARTESIAN_POINT('',(0.00214291482761844,0.0459525260149514,0.0087324067154027));
#1940=CARTESIAN_POINT('',(0.00617566015638475,0.0438850581177138,0.00836335909635511));
#1941=CARTESIAN_POINT('',(0.00872852935648965,0.0401406867098606,0.00799431147730751));
#1942=CARTESIAN_POINT('',(0.00917975363877243,0.035631379108923,0.00762526385825991));
#1943=CARTESIAN_POINT('',(0.00741943423692598,0.0314554080845652,0.00725621623921221));
#1944=CARTESIAN_POINT('',(0.0038763090051957,0.0286298599987824,0.00688716862016461));
#1945=CARTESIAN_POINT('',(-0.000586669624273652,0.0278429164520817,0.006518121001117));
#1946=CARTESIAN_POINT('',(-0.00488251262032395,0.0292862429383901,0.00614907338206951));
#1947=CARTESIAN_POINT('',(-0.00796493798074015,0.0326083074004766,0.00578002576302181));
#1948=CARTESIAN_POINT('',(-0.00908319988433185,0.0369999982716296,0.00541097814397421));
#1949=CARTESIAN_POINT('',(-0.00796493798074025,0.0413916891427829,0.0050419305249265));
#1950=CARTESIAN_POINT('',(-0.00488251262032405,0.0447137536048692,0.00467288290587891));
#1951=CARTESIAN_POINT('',(-0.000586669624273851,0.0461570800911778,0.00430383528683131));
#1952=CARTESIAN_POINT('',(0.00387630900519552,0.0453701365444771,0.00393478766778371));
#1953=CARTESIAN_POINT('',(0.00741943423692586,0.0425445884586945,0.00356574004873611));
#1954=CARTESIAN_POINT('',(0.00917975363877241,0.0383686174343365,0.00319669242968842));
#1955=CARTESIAN_POINT('',(0.00872852935648971,0.0338593098333991,0.00282764481064091));
#1956=CARTESIAN_POINT('',(0.00617566015638485,0.0301149384255456,0.00245859719159322));
#1957=CARTESIAN_POINT('',(0.00214291482761853,0.0280474705283081,0.00208954957254561));
#1958=CARTESIAN_POINT('',(-0.00238750386753775,0.0281604521169528,0.00172050195349791));
#1959=CARTESIAN_POINT('',(-0.00631218140774355,0.030426365751273,0.00135145433445041));
#1960=CARTESIAN_POINT('',(-0.00867523568124795,0.034293332636736,0.00098240671540261));
#1961=CARTESIAN_POINT('',(-0.00890112862511465,0.0388195264870593,0.000613359096355202));
#1962=CARTESIAN_POINT('',(-0.00693484246476205,0.0429025617708158,0.000244311477307503));
#1963=CARTESIAN_POINT('',(-0.00325527967001335,0.0455479872625458,-0.000124736141740099));
#1964=CARTESIAN_POINT('',(0.00124137702347168,0.0461114914539511,-0.000493783760787799));
#1965=CARTESIAN_POINT('',(0.0054599360612392,0.0444558290373743,-0.000862831379835387));
#1966=CARTESIAN_POINT('',(0.00837293847876095,0.0409842479410573,-0.001231878998883));
#1967=CARTESIAN_POINT('',(0.00927090257368793,0.0365422755326539,-0.00160092661793059));
#1968=CARTESIAN_POINT('',(0.00793512303671975,0.032211784634221,-0.0019699742369782));
#1969=CARTESIAN_POINT('',(0.00469093812852878,0.0290474959820497,-0.00233902185602589));
#1970=CARTESIAN_POINT('',(0.000328491316746128,0.0278200937630678,-0.0027080694750734));
#1971=CARTESIAN_POINT('',(-0.00408971358063825,0.0288285201994143,-0.00307711709412109));
#1972=CARTESIAN_POINT('',(-0.00748759248176155,0.031827166121509,-0.0034461647131687));
#1973=CARTESIAN_POINT('',(-0.00903756869370925,0.0360856907645268,-0.0038152123322164));
#1974=CARTESIAN_POINT('',(-0.00836213488767215,0.0405669012668864,-0.00418425995126389));
#1975=CARTESIAN_POINT('',(-0.00562579759603365,0.0441793680998389,-0.00455330757031149));
#1976=CARTESIAN_POINT('',(-0.00149501051900215,0.0460432502090467,-0.00492235518935919));
#1977=CARTESIAN_POINT('',(0.00302414484145537,0.0457045863331435,-0.00529140280840679));
#1978=CARTESIAN_POINT('',(0.00683099722635495,0.0432458603800577,-0.0056604504274544));
#1979=CARTESIAN_POINT('',(0.00899836164800703,0.0392659119059501,-0.006029498046502));
#1980=CARTESIAN_POINT('',(0.00899836164800688,0.0347340846373097,-0.00639854566554959));
#1981=CARTESIAN_POINT('',(0.00683099722635538,0.0307541361632016,-0.00676759328459729));
#1982=CARTESIAN_POINT('',(0.00302414484145507,0.0282954102101164,-0.0071366409036449));
#1983=CARTESIAN_POINT('',(-0.00149501051900095,0.0279567463342118,-0.00750568852269249));
#1984=CARTESIAN_POINT('',(-0.00562579759603575,0.0298206284434224,-0.00787473614174009));
#1985=CARTESIAN_POINT('',(-0.00836213488766765,0.0334330952763688,-0.00824378376078779));
#1986=CARTESIAN_POINT('',(-0.00903756869371835,0.0379143057787411,-0.0086128313798353));
#1987=CARTESIAN_POINT('',(-0.00748759248174285,0.0421728304217324,-0.008981878998883));
#1988=CARTESIAN_POINT('',(-0.00408971358067705,0.0451714763438819,-0.0093509266179306));
#1989=CARTESIAN_POINT('',(0.000328491316825448,0.0461799027801157,-0.0097199742369782));
#1990=CARTESIAN_POINT('',(0.00469093812836503,0.0449525005613663,-0.0100890218560259));
#1991=CARTESIAN_POINT('',(0.00793512303705628,0.0417882119087166,-0.0104580694750734));
#1992=CARTESIAN_POINT('',(0.00927090257299518,0.0374577210112682,-0.0108271170941211));
#1993=CARTESIAN_POINT('',(0.00837293848018664,0.0330157486008387,-0.0111961647131687));
#1994=CARTESIAN_POINT('',(0.00545993605830542,0.0295441675086911,-0.0115652123322163));
#1995=CARTESIAN_POINT('',(0.00124137702950945,0.0278885050835338,-0.0119342599512639));
#1996=CARTESIAN_POINT('',(-0.00325527968243805,0.0284520092925973,-0.0123033075703116));
#1997=CARTESIAN_POINT('',(-0.00693484243919245,0.0310974347479881,-0.0126723551893592));
#1998=CARTESIAN_POINT('',(-0.00890112867773415,0.035180470106527,-0.0130414028084068));
#1999=CARTESIAN_POINT('',(-0.00867523557296145,0.0397066638029545,-0.0134104504274544));
#2000=CARTESIAN_POINT('',(-0.00631218163058785,0.0435736310051219,-0.0137794980465021));
#2001=CARTESIAN_POINT('',(-0.00238750340894385,0.045839543987692,-0.0141485456655496));
#2002=CARTESIAN_POINT('',(0.00214291388387151,0.0459525269175822,-0.0145175932845973));
#2003=CARTESIAN_POINT('',(0.00617566209853397,0.0438850562601779,-0.0148866409036449));
#2004=CARTESIAN_POINT('',(0.0087285253597159,0.0401406905325085,-0.0152556885226925));
#2005=CARTESIAN_POINT('',(0.00917976186382145,0.0356313712422392,-0.0156247361417401));
#2006=CARTESIAN_POINT('',(0.00741941731071688,0.0314554242735524,-0.0159937837607877));
#2007=CARTESIAN_POINT('',(0.00387634384729226,0.0286298266815763,-0.0163628313798354));
#2008=CARTESIAN_POINT('',(-0.000586741274353353,0.0278429850273062,-0.016731878998883));
#2009=CARTESIAN_POINT('',(-0.00488236264704325,0.0292861013451589,-0.0171009266179306));
#2010=CARTESIAN_POINT('',(-0.00796523522278265,0.0326086024128549,-0.0174699742369782));
#2011=CARTESIAN_POINT('',(-0.00870968490759315,0.0355357061247189,-0.01771600598301));
#2012=CARTESIAN_POINT('',(-0.00870968490759315,0.0369999982716297,-0.0178390218560258));
#2013=CARTESIAN_POINT('',(-0.00812564625623045,0.0369999982716297,0.0746978272117688));
#2014=CARTESIAN_POINT('',(-0.00812564625623045,0.0383673788811262,0.0745748113387528));
#2015=CARTESIAN_POINT('',(-0.00743059457754565,0.0411001791448446,0.0743287795927218));
#2016=CARTESIAN_POINT('',(-0.00455208119262035,0.0442025469985317,0.0739597319736738));
#2017=CARTESIAN_POINT('',(-0.000541246245042452,0.0455499294490568,0.0735906843546258));
#2018=CARTESIAN_POINT('',(0.00362596441753403,0.0448152816062426,0.0732216367355778));
#2019=CARTESIAN_POINT('',(0.00693414861928458,0.0421769914635935,0.0728525891165308));
#2020=CARTESIAN_POINT('',(0.0085777926903442,0.038277894899059,0.0724835414974828));
#2021=CARTESIAN_POINT('',(0.00815647026523604,0.03406751618655,0.0721144938784358));
#2022=CARTESIAN_POINT('',(0.00577284861192394,0.0305713838299136,0.0717454462593878));
#2023=CARTESIAN_POINT('',(0.00200745018952859,0.028640974738923,0.0713763986403408));
#2024=CARTESIAN_POINT('',(-0.00222262429666645,0.0287464678967421,0.0710073510212928));
#2025=CARTESIAN_POINT('',(-0.00588711710242035,0.0308621626177911,0.0706383034022448));
#2026=CARTESIAN_POINT('',(-0.00809351303066705,0.0344727704054043,0.0702692557831978));
#2027=CARTESIAN_POINT('',(-0.00830443062208055,0.0386989013110241,0.0699002081641498));
#2028=CARTESIAN_POINT('',(-0.00646849877635635,0.0425112530049377,0.0695311605451018));
#2029=CARTESIAN_POINT('',(-0.00303287160485535,0.044981300708965,0.0691621129260548));
#2030=CARTESIAN_POINT('',(0.0011656805090491,0.0455074475693846,0.0687930653070068));
#2031=CARTESIAN_POINT('',(0.00510457134674711,0.0439615468189922,0.0684240176879598));
#2032=CARTESIAN_POINT('',(0.00782445708813617,0.0407201132254533,0.0680549700689118));
#2033=CARTESIAN_POINT('',(0.00866289090251796,0.0365726201327751,0.0676859224498638));
#2034=CARTESIAN_POINT('',(0.00741566649728779,0.0325292179182578,0.0673168748308168));
#2035=CARTESIAN_POINT('',(0.00438655391957093,0.0295747048965169,0.0669478272117688));
#2036=CARTESIAN_POINT('',(0.000313314299064688,0.028428672964576,0.0665787795927218));
#2037=CARTESIAN_POINT('',(-0.00381198694070855,0.0293702460522825,0.0662097319736738));
#2038=CARTESIAN_POINT('',(-0.00698460441054625,0.0321700975818788,0.0658406843546258));
#2039=CARTESIAN_POINT('',(-0.00843182538313935,0.0361463045249317,0.0654716367355788));
#2040=CARTESIAN_POINT('',(-0.00780116927231485,0.0403304344306242,0.0651025891165308));
#2041=CARTESIAN_POINT('',(-0.00524623669597085,0.0437034137854275,0.0647335414974828));
#2042=CARTESIAN_POINT('',(-0.00138929899266435,0.0454437303516099,0.0643644938784358));
#2043=CARTESIAN_POINT('',(0.00283026022735567,0.0451275181026207,0.0639954462593878));
#2044=CARTESIAN_POINT('',(0.00638473839832547,0.0428317926987929,0.0636263986403398));
#2045=CARTESIAN_POINT('',(0.00840841800194072,0.0391156937954279,0.0632573510212928));
#2046=CARTESIAN_POINT('',(0.0084084180019409,0.0348843027478315,0.0628883034022448));
#2047=CARTESIAN_POINT('',(0.00638473839832522,0.0311682038444667,0.0625192557831978));
#2048=CARTESIAN_POINT('',(0.00283026022735621,0.0288724784406383,0.0621502081641498));
#2049=CARTESIAN_POINT('',(-0.00138929899266535,0.0285562661916506,0.0617811605451018));
#2050=CARTESIAN_POINT('',(-0.00524623669596865,0.0302965827578294,0.0614121129260548));
#2051=CARTESIAN_POINT('',(-0.00780116927231915,0.0336695621126405,0.0610430653070068));
#2052=CARTESIAN_POINT('',(-0.00843182538313045,0.0378536920183168,0.0606740176879588));
#2053=CARTESIAN_POINT('',(-0.00698460441056465,0.0418298989614027,0.0603049700689118));
#2054=CARTESIAN_POINT('',(-0.00381198694067085,0.0446297504909314,0.0599359224498638));
#2055=CARTESIAN_POINT('',(0.000313314298987078,0.0455713235787768,0.0595668748308168));
#2056=CARTESIAN_POINT('',(0.00438655391973057,0.0444252916465498,0.0591978272117688));
#2057=CARTESIAN_POINT('',(0.00741566649695916,0.0414707786253982,0.0588287795927208));
#2058=CARTESIAN_POINT('',(0.0086628909031942,0.0374273764096681,0.0584597319736738));
#2059=CARTESIAN_POINT('',(0.00782445708674452,0.0332798833194856,0.0580906843546258));
#2060=CARTESIAN_POINT('',(0.00510457134961103,0.030038449720811,0.0577216367355788));
#2061=CARTESIAN_POINT('',(0.00116568050315547,0.0284925489809873,0.0573525891165308));
#2062=CARTESIAN_POINT('',(-0.00303287159272665,0.0290186958196577,0.0569835414974828));
#2063=CARTESIAN_POINT('',(-0.00646849880131595,0.0314887435684429,0.0566144938784358));
#2064=CARTESIAN_POINT('',(-0.00830443057071565,0.0353010951702483,0.0562454462593878));
#2065=CARTESIAN_POINT('',(-0.00809351313637145,0.039527226265419,0.0558763986403408));
#2066=CARTESIAN_POINT('',(-0.00588711688488985,0.0431378336629528,0.0555073510212928));
#2067=CARTESIAN_POINT('',(-0.00222262474432535,0.0452535291867512,0.0551383034022448));
#2068=CARTESIAN_POINT('',(0.00200745111077182,0.0453590206925819,0.0547692557831978));
#2069=CARTESIAN_POINT('',(0.00577284671608507,0.0434286150012398,0.0544002081641498));
#2070=CARTESIAN_POINT('',(0.00815647416670696,0.039932475648422,0.0540311605451018));
#2071=CARTESIAN_POINT('',(0.00857778466142096,0.0357221113334579,0.0536621129260548));
#2072=CARTESIAN_POINT('',(0.00693416514188932,0.0318229851399765,0.0532930653070068));
#2073=CARTESIAN_POINT('',(0.00362593040624508,0.0291847559741238,0.0529240176879598));
#2074=CARTESIAN_POINT('',(-0.000541176303454252,0.0284499826297125,0.0525549700689118));
#2075=CARTESIAN_POINT('',(-0.00455222758979765,0.0297976241903665,0.0521859224498638));
#2076=CARTESIAN_POINT('',(-0.00743030442322065,0.0328994533182509,0.0518168748308168));
#2077=CARTESIAN_POINT('',(-0.00847443146673555,0.0369999982716297,0.0514478272117688));
#2078=CARTESIAN_POINT('',(-0.00743030442322065,0.0411005432250084,0.0510787795927208));
#2079=CARTESIAN_POINT('',(-0.00455222758979775,0.0442023723528929,0.0507097319736738));
#2080=CARTESIAN_POINT('',(-0.000541176303454351,0.0455500139135468,0.0503406843546258));
#2081=CARTESIAN_POINT('',(0.00362593040624504,0.0448152405691356,0.0499716367355788));
#2082=CARTESIAN_POINT('',(0.00693416514188928,0.0421770114032829,0.0496025891165308));
#2083=CARTESIAN_POINT('',(0.00857778466142095,0.0382778852098014,0.0492335414974828));
#2084=CARTESIAN_POINT('',(0.00815647416670698,0.0340675208948375,0.0488644938784358));
#2085=CARTESIAN_POINT('',(0.00577284671608512,0.0305713815420196,0.0484954462593878));
#2086=CARTESIAN_POINT('',(0.00200745111077187,0.0286409758506774,0.0481263986403408));
#2087=CARTESIAN_POINT('',(-0.00222262474432535,0.0287464673565082,0.0477573510212928));
#2088=CARTESIAN_POINT('',(-0.00588711688488985,0.0308621628803065,0.0473883034022448));
#2089=CARTESIAN_POINT('',(-0.00809351313637145,0.0344727702778404,0.0470192557831968));
#2090=CARTESIAN_POINT('',(-0.00830443057071565,0.0386989013730111,0.0466502081641498));
#2091=CARTESIAN_POINT('',(-0.00646849880131605,0.0425112529748164,0.0462811605451018));
#2092=CARTESIAN_POINT('',(-0.00303287159272665,0.0449813007236017,0.0459121129260548));
#2093=CARTESIAN_POINT('',(0.00116568050315542,0.045507447562272,0.0455430653070068));
#2094=CARTESIAN_POINT('',(0.005104571349611,0.0439615468224485,0.0451740176879598));
#2095=CARTESIAN_POINT('',(0.0078244570867445,0.0407201132237739,0.0448049700689118));
#2096=CARTESIAN_POINT('',(0.0086628909031942,0.0365726201335913,0.0444359224498638));
#2097=CARTESIAN_POINT('',(0.0074156664969592,0.0325292179178612,0.0440668748308168));
#2098=CARTESIAN_POINT('',(0.00438655391973062,0.0295747048967096,0.0436978272117688));
#2099=CARTESIAN_POINT('',(0.000313314298987118,0.0284286729644825,0.0433287795927208));
#2100=CARTESIAN_POINT('',(-0.00381198694067085,0.0293702460523281,0.0429597319736738));
#2101=CARTESIAN_POINT('',(-0.00698460441056465,0.0321700975818566,0.0425906843546258));
#2102=CARTESIAN_POINT('',(-0.00843182538313045,0.0361463045249426,0.0422216367355788));
#2103=CARTESIAN_POINT('',(-0.00780116927231915,0.0403304344306188,0.0418525891165308));
#2104=CARTESIAN_POINT('',(-0.00524623669596875,0.0437034137854301,0.0414835414974828));
#2105=CARTESIAN_POINT('',(-0.00138929899266545,0.0454437303516087,0.0411144938784358));
#2106=CARTESIAN_POINT('',(0.00283026022735616,0.0451275181026211,0.0407454462593878));
#2107=CARTESIAN_POINT('',(0.00638473839832523,0.0428317926987926,0.0403763986403398));
#2108=CARTESIAN_POINT('',(0.00840841800194083,0.0391156937954279,0.0400073510212928));
#2109=CARTESIAN_POINT('',(0.00840841800194084,0.0348843027478315,0.0396383034022448));
#2110=CARTESIAN_POINT('',(0.00638473839832526,0.0311682038444667,0.0392692557831975));
#2111=CARTESIAN_POINT('',(0.00283026022735623,0.0288724784406383,0.0389002081641497));
#2112=CARTESIAN_POINT('',(-0.00138929899266535,0.0285562661916507,0.0385311605451023));
#2113=CARTESIAN_POINT('',(-0.00524623669596865,0.0302965827578292,0.0381621129260545));
#2114=CARTESIAN_POINT('',(-0.00780116927231915,0.0336695621126405,0.037793065307007));
#2115=CARTESIAN_POINT('',(-0.00843182538313045,0.0378536920183167,0.0374240176879593));
#2116=CARTESIAN_POINT('',(-0.00698460441056465,0.0418298989614027,0.0370549700689117));
#2117=CARTESIAN_POINT('',(-0.00381198694067096,0.0446297504909314,0.0366859224498641));
#2118=CARTESIAN_POINT('',(0.000313314298987068,0.0455713235787769,0.0363168748308165));
#2119=CARTESIAN_POINT('',(0.00438655391973056,0.0444252916465498,0.0359478272117688));
#2120=CARTESIAN_POINT('',(0.00741566649695916,0.0414707786253982,0.0355787795927213));
#2121=CARTESIAN_POINT('',(0.0086628909031942,0.0374273764096683,0.0352097319736736));
#2122=CARTESIAN_POINT('',(0.00782445708674454,0.0332798833194855,0.034840684354626));
#2123=CARTESIAN_POINT('',(0.00510457134961104,0.030038449720811,0.0344716367355785));
#2124=CARTESIAN_POINT('',(0.0011656805031555,0.0284925489809873,0.0341025891165307));
#2125=CARTESIAN_POINT('',(-0.00303287159272665,0.0290186958196576,0.0337335414974832));
#2126=CARTESIAN_POINT('',(-0.00646849880131595,0.0314887435684429,0.0333644938784355));
#2127=CARTESIAN_POINT('',(-0.00830443057071565,0.0353010951702483,0.0329954462593879));
#2128=CARTESIAN_POINT('',(-0.00809351313637145,0.039527226265419,0.0326263986403404));
#2129=CARTESIAN_POINT('',(-0.00588711688488995,0.0431378336629528,0.0322573510212926));
#2130=CARTESIAN_POINT('',(-0.00222262474432545,0.0452535291867511,0.0318883034022451));
#2131=CARTESIAN_POINT('',(0.00200745111077177,0.0453590206925819,0.0315192557831975));
#2132=CARTESIAN_POINT('',(0.00577284671608505,0.0434286150012398,0.0311502081641498));
#2133=CARTESIAN_POINT('',(0.00815647416670695,0.039932475648422,0.0307811605451022));
#2134=CARTESIAN_POINT('',(0.00857778466142097,0.0357221113334579,0.0304121129260546));
#2135=CARTESIAN_POINT('',(0.00693416514188932,0.0318229851399766,0.0300430653070069));
#2136=CARTESIAN_POINT('',(0.00362593040624508,0.0291847559741238,0.0296740176879594));
#2137=CARTESIAN_POINT('',(-0.000541176303454252,0.0284499826297126,0.0293049700689116));
#2138=CARTESIAN_POINT('',(-0.00455222758979765,0.0297976241903665,0.0289359224498641));
#2139=CARTESIAN_POINT('',(-0.00743030442322065,0.0328994533182509,0.0285668748308165));
#2140=CARTESIAN_POINT('',(-0.00847443146673555,0.0369999982716297,0.0281978272117689));
#2141=CARTESIAN_POINT('',(-0.00743030442322065,0.0411005432250084,0.0278287795927213));
#2142=CARTESIAN_POINT('',(-0.00455222758979775,0.0442023723528929,0.0274597319736736));
#2143=CARTESIAN_POINT('',(-0.000541176303454351,0.0455500139135468,0.0270906843546261));
#2144=CARTESIAN_POINT('',(0.00362593040624499,0.0448152405691356,0.0267216367355784));
#2145=CARTESIAN_POINT('',(0.00693416514188922,0.042177011403283,0.0263525891165308));
#2146=CARTESIAN_POINT('',(0.00857778466142095,0.0382778852098015,0.0259835414974831));
#2147=CARTESIAN_POINT('',(0.008156474166707,0.0340675208948375,0.0256144938784356));
#2148=CARTESIAN_POINT('',(0.0057728467160851,0.0305713815420196,0.0252454462593879));
#2149=CARTESIAN_POINT('',(0.00200745111077184,0.0286409758506774,0.0248763986403403));
#2150=CARTESIAN_POINT('',(-0.00222262474432535,0.0287464673565082,0.0245073510212927));
#2151=CARTESIAN_POINT('',(-0.00588711688488985,0.0308621628803065,0.0241383034022451));
#2152=CARTESIAN_POINT('',(-0.00809351313637145,0.0344727702778404,0.0237692557831975));
#2153=CARTESIAN_POINT('',(-0.00830443057071565,0.038698901373011,0.0234002081641498));
#2154=CARTESIAN_POINT('',(-0.00646849880131605,0.0425112529748165,0.0230311605451023));
#2155=CARTESIAN_POINT('',(-0.00303287159272676,0.0449813007236016,0.0226621129260545));
#2156=CARTESIAN_POINT('',(0.00116568050315541,0.0455074475622722,0.022293065307007));
#2157=CARTESIAN_POINT('',(0.00510457134961098,0.0439615468224484,0.0219240176879593));
#2158=CARTESIAN_POINT('',(0.00782445708674451,0.0407201132237739,0.0215549700689117));
#2159=CARTESIAN_POINT('',(0.00866289090319419,0.0365726201335913,0.0211859224498641));
#2160=CARTESIAN_POINT('',(0.0074156664969592,0.0325292179178612,0.0208168748308165));
#2161=CARTESIAN_POINT('',(0.00438655391973066,0.0295747048967097,0.0204478272117689));
#2162=CARTESIAN_POINT('',(0.000313314298987168,0.0284286729644825,0.0200787795927212));
#2163=CARTESIAN_POINT('',(-0.00381198694067085,0.029370246052328,0.0197097319736737));
#2164=CARTESIAN_POINT('',(-0.00698460441056455,0.0321700975818566,0.019340684354626));
#2165=CARTESIAN_POINT('',(-0.00843182538313045,0.0361463045249426,0.0189716367355784));
#2166=CARTESIAN_POINT('',(-0.00780116927231915,0.0403304344306188,0.0186025891165308));
#2167=CARTESIAN_POINT('',(-0.00524623669596875,0.04370341378543,0.0182335414974832));
#2168=CARTESIAN_POINT('',(-0.00138929899266545,0.0454437303516088,0.0178644938784355));
#2169=CARTESIAN_POINT('',(0.00283026022735615,0.0451275181026211,0.017495446259388));
#2170=CARTESIAN_POINT('',(0.00638473839832519,0.0428317926987926,0.0171263986403403));
#2171=CARTESIAN_POINT('',(0.00840841800194081,0.039115693795428,0.0167573510212927));
#2172=CARTESIAN_POINT('',(0.00840841800194087,0.0348843027478316,0.016388303402245));
#2173=CARTESIAN_POINT('',(0.00638473839832528,0.0311682038444667,0.0160192557831974));
#2174=CARTESIAN_POINT('',(0.00283026022735618,0.0288724784406383,0.0156502081641498));
#2175=CARTESIAN_POINT('',(-0.00138929899266535,0.0285562661916506,0.0152811605451022));
#2176=CARTESIAN_POINT('',(-0.00524623669596865,0.0302965827578292,0.0149121129260546));
#2177=CARTESIAN_POINT('',(-0.00780116927231915,0.0336695621126405,0.014543065307007));
#2178=CARTESIAN_POINT('',(-0.00843182538313045,0.0378536920183168,0.0141740176879593));
#2179=CARTESIAN_POINT('',(-0.00698460441056465,0.0418298989614027,0.0138049700689118));
#2180=CARTESIAN_POINT('',(-0.00381198694067096,0.0446297504909314,0.0134359224498641));
#2181=CARTESIAN_POINT('',(0.000313314298986979,0.0455713235787769,0.0130668748308165));
#2182=CARTESIAN_POINT('',(0.0043865539197305,0.0444252916465498,0.0126978272117688));
#2183=CARTESIAN_POINT('',(0.00741566649695916,0.0414707786253982,0.0123287795927212));
#2184=CARTESIAN_POINT('',(0.0086628909031942,0.0374273764096682,0.0119597319736737));
#2185=CARTESIAN_POINT('',(0.00782445708674452,0.0332798833194855,0.011590684354626));
#2186=CARTESIAN_POINT('',(0.00510457134961104,0.030038449720811,0.0112216367355784));
#2187=CARTESIAN_POINT('',(0.00116568050315552,0.0284925489809873,0.0108525891165308));
#2188=CARTESIAN_POINT('',(-0.00303287159272665,0.0290186958196576,0.0104835414974832));
#2189=CARTESIAN_POINT('',(-0.00646849880131595,0.0314887435684429,0.0101144938784355));
#2190=CARTESIAN_POINT('',(-0.00830443057071565,0.0353010951702482,0.00974544625938801));
#2191=CARTESIAN_POINT('',(-0.00809351313637155,0.0395272262654189,0.00937639864034031));
#2192=CARTESIAN_POINT('',(-0.00588711688488995,0.0431378336629527,0.00900735102129272));
#2193=CARTESIAN_POINT('',(-0.00222262474432545,0.0452535291867511,0.00863830340224511));
#2194=CARTESIAN_POINT('',(0.0020074511107718,0.045359020692582,0.00826925578319741));
#2195=CARTESIAN_POINT('',(0.00577284671608507,0.0434286150012398,0.00790020816414992));
#2196=CARTESIAN_POINT('',(0.00815647416670694,0.0399324756484221,0.0075311605451022));
#2197=CARTESIAN_POINT('',(0.00857778466142097,0.0357221113334579,0.00716211292605461));
#2198=CARTESIAN_POINT('',(0.00693416514188935,0.0318229851399766,0.0067930653070069));
#2199=CARTESIAN_POINT('',(0.00362593040624512,0.0291847559741239,0.00642401768795941));
#2200=CARTESIAN_POINT('',(-0.000541176303454252,0.0284499826297125,0.00605497006891171));
#2201=CARTESIAN_POINT('',(-0.00455222758979765,0.0297976241903665,0.00568592244986412));
#2202=CARTESIAN_POINT('',(-0.00743030442322065,0.0328994533182509,0.00531687483081652));
#2203=CARTESIAN_POINT('',(-0.00847443146673555,0.0369999982716297,0.0049478272117689));
#2204=CARTESIAN_POINT('',(-0.00743030442322075,0.0411005432250083,0.0045787795927213));
#2205=CARTESIAN_POINT('',(-0.00455222758979775,0.044202372352893,0.00420973197367362));
#2206=CARTESIAN_POINT('',(-0.000541176303454351,0.0455500139135467,0.00384068435462601));
#2207=CARTESIAN_POINT('',(0.00362593040624496,0.0448152405691357,0.00347163673557841));
#2208=CARTESIAN_POINT('',(0.00693416514188924,0.042177011403283,0.00310258911653083));
#2209=CARTESIAN_POINT('',(0.00857778466142094,0.0382778852098015,0.00273354149748311));
#2210=CARTESIAN_POINT('',(0.008156474166707,0.0340675208948374,0.00236449387843561));
#2211=CARTESIAN_POINT('',(0.00577284671608515,0.0305713815420197,0.00199544625938792));
#2212=CARTESIAN_POINT('',(0.0020074511107719,0.0286409758506774,0.00162639864034031));
#2213=CARTESIAN_POINT('',(-0.00222262474432525,0.0287464673565083,0.0012573510212927));
#2214=CARTESIAN_POINT('',(-0.00588711688488985,0.0308621628803064,0.000888303402245112));
#2215=CARTESIAN_POINT('',(-0.00809351313637145,0.0344727702778404,0.00051925578319751));
#2216=CARTESIAN_POINT('',(-0.00830443057071565,0.0386989013730109,0.000150208164149797));
#2217=CARTESIAN_POINT('',(-0.00646849880131605,0.0425112529748165,-0.000218839454897694));
#2218=CARTESIAN_POINT('',(-0.00303287159272676,0.0449813007236016,-0.000587887073945394));
#2219=CARTESIAN_POINT('',(0.00116568050315538,0.0455074475622722,-0.000956934692992996));
#2220=CARTESIAN_POINT('',(0.005104571349611,0.0439615468224484,-0.00132598231204069));
#2221=CARTESIAN_POINT('',(0.00782445708674451,0.0407201132237738,-0.0016950299310883));
#2222=CARTESIAN_POINT('',(0.00866289090319419,0.0365726201335913,-0.0020640775501359));
#2223=CARTESIAN_POINT('',(0.00741566649695922,0.0325292179178613,-0.0024331251691835));
#2224=CARTESIAN_POINT('',(0.00438655391973066,0.0295747048967096,-0.00280217278823109));
#2225=CARTESIAN_POINT('',(0.000313314298987139,0.0284286729644825,-0.00317122040727879));
#2226=CARTESIAN_POINT('',(-0.00381198694067075,0.029370246052328,-0.00354026802632639));
#2227=CARTESIAN_POINT('',(-0.00698460441056455,0.0321700975818566,-0.00390931564537399));
#2228=CARTESIAN_POINT('',(-0.00843182538313045,0.0361463045249424,-0.0042783632644216));
#2229=CARTESIAN_POINT('',(-0.00780116927231925,0.0403304344306188,-0.0046474108834692));
#2230=CARTESIAN_POINT('',(-0.00524623669596875,0.04370341378543,-0.0050164585025169));
#2231=CARTESIAN_POINT('',(-0.00138929899266545,0.0454437303516087,-0.00538550612156439));
#2232=CARTESIAN_POINT('',(0.00283026022735613,0.0451275181026211,-0.0057545537406121));
#2233=CARTESIAN_POINT('',(0.00638473839832514,0.0428317926987928,-0.00612360135965969));
#2234=CARTESIAN_POINT('',(0.00840841800194088,0.0391156937954279,-0.00649264897870729));
#2235=CARTESIAN_POINT('',(0.00840841800194074,0.0348843027478317,-0.0068616965977549));
#2236=CARTESIAN_POINT('',(0.00638473839832555,0.0311682038444665,-0.0072307442168025));
#2237=CARTESIAN_POINT('',(0.00283026022735583,0.0288724784406389,-0.0075997918358502));
#2238=CARTESIAN_POINT('',(-0.00138929899266425,0.0285562661916494,-0.0079688394548978));
#2239=CARTESIAN_POINT('',(-0.00524623669597075,0.0302965827578318,-0.0083378870739454));
#2240=CARTESIAN_POINT('',(-0.00780116927231485,0.0336695621126352,-0.00870693469299299));
#2241=CARTESIAN_POINT('',(-0.00843182538313935,0.0378536920183276,-0.00907598231204059));
#2242=CARTESIAN_POINT('',(-0.00698460441054635,0.0418298989613805,-0.00944502993108829));
#2243=CARTESIAN_POINT('',(-0.00381198694070875,0.0446297504909769,-0.00981407755013589));
#2244=CARTESIAN_POINT('',(0.000313314299064579,0.0455713235786833,-0.0101831251691835));
#2245=CARTESIAN_POINT('',(0.00438655391957082,0.0444252916467425,-0.0105521727882311));
#2246=CARTESIAN_POINT('',(0.00741566649728774,0.0414707786250018,-0.0109212204072787));
#2247=CARTESIAN_POINT('',(0.00866289090251796,0.0374273764104843,-0.0112902680263264));
#2248=CARTESIAN_POINT('',(0.0078244570881362,0.0332798833178062,-0.011659315645374));
#2249=CARTESIAN_POINT('',(0.00510457134674718,0.0300384497242671,-0.0120283632644216));
#2250=CARTESIAN_POINT('',(0.00116568050904917,0.0284925489738749,-0.0123974108834692));
#2251=CARTESIAN_POINT('',(-0.00303287160485525,0.0290186958342944,-0.0127664585025169));
#2252=CARTESIAN_POINT('',(-0.00646849877635625,0.0314887435383216,-0.0131355061215645));
#2253=CARTESIAN_POINT('',(-0.00830443062208045,0.0353010952322352,-0.013504553740612));
#2254=CARTESIAN_POINT('',(-0.00809351303066715,0.039527226137855,-0.0138736013596597));
#2255=CARTESIAN_POINT('',(-0.00588711710242045,0.0431378339254681,-0.0142426489787073));
#2256=CARTESIAN_POINT('',(-0.00222262429666655,0.0452535286465172,-0.0146116965977549));
#2257=CARTESIAN_POINT('',(0.00200745018952848,0.0453590218043364,-0.0149807442168026));
#2258=CARTESIAN_POINT('',(0.00577284861192386,0.0434286127133458,-0.0153497918358502));
#2259=CARTESIAN_POINT('',(0.00815647026523601,0.0399324803567094,-0.0157188394548978));
#2260=CARTESIAN_POINT('',(0.00857779269034422,0.0357221016442005,-0.0160878870739454));
#2261=CARTESIAN_POINT('',(0.00693414861928463,0.0318230050796659,-0.016456934692993));
#2262=CARTESIAN_POINT('',(0.00362596441753412,0.0291847149370168,-0.0168259823120407));
#2263=CARTESIAN_POINT('',(-0.000541246245042351,0.0284500670942026,-0.0171950299310882));
#2264=CARTESIAN_POINT('',(-0.00455208119262025,0.0297974495447276,-0.0175640775501359));
#2265=CARTESIAN_POINT('',(-0.00743059457754565,0.0328998173984147,-0.0179331251691835));
#2266=CARTESIAN_POINT('',(-0.00812564625623035,0.0356326176621331,-0.0181791569152153));
#2267=CARTESIAN_POINT('',(-0.00812564625623045,0.0369999982716297,-0.0183021727882311));
#2268=CARTESIAN_POINT('',(-0.00812803840641415,0.0369999982716297,0.0739530568511028));
#2269=CARTESIAN_POINT('',(-0.00812803840641415,0.0383674167682443,0.0738300409780878));
#2270=CARTESIAN_POINT('',(-0.00743269458399675,0.0411015263030723,0.0735840092320558));
#2271=CARTESIAN_POINT('',(-0.00455340864657845,0.0442044908600557,0.0732149616130078));
#2272=CARTESIAN_POINT('',(-0.000541420755096951,0.0455523880013307,0.0728459139939608));
#2273=CARTESIAN_POINT('',(0.00362695730975776,0.0448174678850821,0.0724768663749128));
#2274=CARTESIAN_POINT('',(0.00693608060872459,0.0421784640155868,0.0721078187558648));
#2275=CARTESIAN_POINT('',(0.0085801866560955,0.038278250845834,0.0717387711368178));
#2276=CARTESIAN_POINT('',(0.00815874633348557,0.0340666903251632,0.0713697235177698));
#2277=CARTESIAN_POINT('',(0.00577445087909523,0.0305695668618018,0.0710006758987228));
#2278=CARTESIAN_POINT('',(0.00200798916641602,0.02863861427356,0.0706316282796748));
#2279=CARTESIAN_POINT('',(-0.00222328024794125,0.0287441363758266,0.0702625806606268));
#2280=CARTESIAN_POINT('',(-0.00588880804240225,0.030860429097433,0.0698935330415798));
#2281=CARTESIAN_POINT('',(-0.00809582720584345,0.0344720565141208,0.0695244854225318));
#2282=CARTESIAN_POINT('',(-0.00830680435719055,0.0386993812048602,0.0691554378034838));
#2283=CARTESIAN_POINT('',(-0.00647035395237305,0.0425128096649768,0.0687863901844368));
#2284=CARTESIAN_POINT('',(-0.00303375637101986,0.0449835550667936,0.0684173425653888));
#2285=CARTESIAN_POINT('',(0.00116598163877627,0.0455098505282403,0.0680482949463418));
#2286=CARTESIAN_POINT('',(0.00510598503250107,0.0439635131375529,0.0676792473272938));
#2287=CARTESIAN_POINT('',(0.00782663901592424,0.0407211639856918,0.0673101997082458));
#2288=CARTESIAN_POINT('',(0.00866530964942749,0.0365724994185595,0.0669411520891988));
#2289=CARTESIAN_POINT('',(0.00741773296066373,0.0325279551285523,0.0665721044701508));
#2290=CARTESIAN_POINT('',(0.00438776479822673,0.0295726075932882,0.0662030568511028));
#2291=CARTESIAN_POINT('',(0.000313374675141788,0.0284262519599715,0.0658340092320558));
#2292=CARTESIAN_POINT('',(-0.00381309177218675,0.0293680909987729,0.0654649616130078));
#2293=CARTESIAN_POINT('',(-0.00698660536031645,0.0321687333574146,0.0650959139939608));
#2294=CARTESIAN_POINT('',(-0.00843423510616465,0.0361460633957797,0.0647268663749128));
#2295=CARTESIAN_POINT('',(-0.00780340086404155,0.0403313751254179,0.0643578187558648));
#2296=CARTESIAN_POINT('',(-0.00524774663693855,0.0437053071915148,0.0639887711368178));
#2297=CARTESIAN_POINT('',(-0.00138971952640325,0.0454461153169567,0.0636197235177698));
#2298=CARTESIAN_POINT('',(0.00283103152472021,0.0451298137525743,0.0632506758987218));
#2299=CARTESIAN_POINT('',(0.0063865136720342,0.0428334399120736,0.0628816282796748));
#2300=CARTESIAN_POINT('',(0.00841076487191555,0.0391162913819526,0.0625125806606268));
#2301=CARTESIAN_POINT('',(0.00841076487191572,0.0348837051613068,0.0621435330415798));
#2302=CARTESIAN_POINT('',(0.00638651367203397,0.0311665566311859,0.0617744854225318));
#2303=CARTESIAN_POINT('',(0.0028310315247207,0.0288701827906848,0.0614054378034838));
#2304=CARTESIAN_POINT('',(-0.00138971952640415,0.0285538812263034,0.0610363901844368));
#2305=CARTESIAN_POINT('',(-0.00524774663693665,0.0302946893517432,0.0606673425653888));
#2306=CARTESIAN_POINT('',(-0.00780340086404555,0.033668621417844,0.0602982949463418));
#2307=CARTESIAN_POINT('',(-0.00843423510615665,0.0378539331474743,0.0599292473272938));
#2308=CARTESIAN_POINT('',(-0.00698660536033305,0.0418312631858555,0.0595601997082458));
#2309=CARTESIAN_POINT('',(-0.00381309177215255,0.0446319055444644,0.0591911520891988));
#2310=CARTESIAN_POINT('',(0.00031337467507135,0.0455737445833334,0.0588221044701508));
#2311=CARTESIAN_POINT('',(0.0043877647983716,0.0444273889498778,0.0584530568511038));
#2312=CARTESIAN_POINT('',(0.0074177329603655,0.0414720414148992,0.0580840092320558));
#2313=CARTESIAN_POINT('',(0.00866530965004119,0.0374274971243045,0.0577149616130078));
#2314=CARTESIAN_POINT('',(0.00782663901466129,0.0332788325583809,0.0573459139939608));
#2315=CARTESIAN_POINT('',(0.00510598503510014,0.030036483404033,0.0569768663749128));
#2316=CARTESIAN_POINT('',(0.00116598163342769,0.0284901460184632,0.0566078187558648));
#2317=CARTESIAN_POINT('',(-0.00303375636001285,0.0290164414693781,0.0562387711368178));
#2318=CARTESIAN_POINT('',(-0.00647035397502455,0.0314871868928684,0.0558697235177698));
#2319=CARTESIAN_POINT('',(-0.00830680431057585,0.0353006153083831,0.0555006758987228));
#2320=CARTESIAN_POINT('',(-0.00809582730177245,0.039527940090909,0.0551316282796748));
#2321=CARTESIAN_POINT('',(-0.00588880784498865,0.0431395673187081,0.0547625806606268));
#2322=CARTESIAN_POINT('',(-0.00222328065420135,0.0452558604290311,0.0543935330415798));
#2323=CARTESIAN_POINT('',(0.00200799000246406,0.0453613817313528,0.0540244854225318));
#2324=CARTESIAN_POINT('',(0.00577444915858072,0.0434304307893281,0.0536554378034838));
#2325=CARTESIAN_POINT('',(0.00815874987415426,0.0399333039381947,0.0532863901844368));
#2326=CARTESIAN_POINT('',(0.00858017936967512,0.0357217503892646,0.0529173425653888));
#2327=CARTESIAN_POINT('',(0.00693609560334347,0.0318215228722488,0.0525482949463418));
#2328=CARTESIAN_POINT('',(0.00362692644378212,0.0291825485281884,0.0521792473272938));
#2329=CARTESIAN_POINT('',(-0.000541357281602551,0.028447567644155,0.0518101997082458));
#2330=CARTESIAN_POINT('',(-0.00455354150516305,0.02979558985147,0.0514411520891988));
#2331=CARTESIAN_POINT('',(-0.00743243126271125,0.0328982951031955,0.0510721044701508));
#2332=CARTESIAN_POINT('',(-0.00847685322401765,0.0369999982716297,0.0507030568511038));
#2333=CARTESIAN_POINT('',(-0.00743243126271125,0.0411017014400638,0.0503340092320558));
#2334=CARTESIAN_POINT('',(-0.00455354150516315,0.0442044066917894,0.0499649616130078));
#2335=CARTESIAN_POINT('',(-0.000541357281602652,0.0455524288991044,0.0495959139939608));
#2336=CARTESIAN_POINT('',(0.00362692644378208,0.0448174480150711,0.0492268663749128));
#2337=CARTESIAN_POINT('',(0.00693609560334343,0.0421784736710105,0.0488578187558648));
#2338=CARTESIAN_POINT('',(0.00858017936967511,0.0382782461539949,0.0484887711368178));
#2339=CARTESIAN_POINT('',(0.00815874987415429,0.0340666926050646,0.0481197235177698));
#2340=CARTESIAN_POINT('',(0.00577444915858077,0.0305695657539315,0.0477506758987218));
#2341=CARTESIAN_POINT('',(0.0020079900024641,0.0286386148119066,0.0473816282796748));
#2342=CARTESIAN_POINT('',(-0.00222328065420135,0.0287441361142283,0.0470125806606268));
#2343=CARTESIAN_POINT('',(-0.00588880784498865,0.0308604292245513,0.0466435330415798));
#2344=CARTESIAN_POINT('',(-0.00809582730177245,0.0344720564523503,0.0462744854225318));
#2345=CARTESIAN_POINT('',(-0.00830680431057585,0.0386993812348763,0.0459054378034848));
#2346=CARTESIAN_POINT('',(-0.00647035397502455,0.042512809650391,0.0455363901844368));
#2347=CARTESIAN_POINT('',(-0.00303375636001295,0.0449835550738812,0.0451673425653888));
#2348=CARTESIAN_POINT('',(0.00116598163342764,0.0455098505247963,0.0447982949463418));
#2349=CARTESIAN_POINT('',(0.0051059850351001,0.0439635131392264,0.0444292473272938));
#2350=CARTESIAN_POINT('',(0.00782663901466128,0.0407211639848786,0.0440601997082458));
#2351=CARTESIAN_POINT('',(0.00866530965004119,0.0365724994189547,0.0436911520891988));
#2352=CARTESIAN_POINT('',(0.00741773296036554,0.0325279551283603,0.0433221044701508));
#2353=CARTESIAN_POINT('',(0.00438776479837165,0.0295726075933815,0.0429530568511028));
#2354=CARTESIAN_POINT('',(0.000313374675071398,0.0284262519599261,0.0425840092320558));
#2355=CARTESIAN_POINT('',(-0.00381309177215255,0.029368090998795,0.0422149616130078));
#2356=CARTESIAN_POINT('',(-0.00698660536033305,0.0321687333574039,0.0418459139939608));
#2357=CARTESIAN_POINT('',(-0.00843423510615665,0.036146063395785,0.0414768663749128));
#2358=CARTESIAN_POINT('',(-0.00780340086404555,0.0403313751254153,0.0411078187558648));
#2359=CARTESIAN_POINT('',(-0.00524774663693675,0.0437053071915161,0.0407387711368178));
#2360=CARTESIAN_POINT('',(-0.00138971952640415,0.0454461153169559,0.0403697235177698));
#2361=CARTESIAN_POINT('',(0.00283103152472065,0.0451298137525747,0.0400006758987228));
#2362=CARTESIAN_POINT('',(0.00638651367203398,0.0428334399120734,0.0396316282796748));
#2363=CARTESIAN_POINT('',(0.00841076487191566,0.0391162913819527,0.0392625806606271));
#2364=CARTESIAN_POINT('',(0.00841076487191567,0.0348837051613068,0.0388935330415794));
#2365=CARTESIAN_POINT('',(0.00638651367203401,0.031166556631186,0.0385244854225319));
#2366=CARTESIAN_POINT('',(0.00283103152472073,0.0288701827906847,0.0381554378034842));
#2367=CARTESIAN_POINT('',(-0.00138971952640415,0.0285538812263034,0.0377863901844367));
#2368=CARTESIAN_POINT('',(-0.00524774663693665,0.0302946893517432,0.037417342565389));
#2369=CARTESIAN_POINT('',(-0.00780340086404545,0.0336686214178441,0.0370482949463414));
#2370=CARTESIAN_POINT('',(-0.00843423510615665,0.0378539331474742,0.0366792473272938));
#2371=CARTESIAN_POINT('',(-0.00698660536033305,0.0418312631858556,0.0363101997082461));
#2372=CARTESIAN_POINT('',(-0.00381309177215255,0.0446319055444643,0.0359411520891986));
#2373=CARTESIAN_POINT('',(0.000313374675071339,0.0455737445833334,0.0355721044701509));
#2374=CARTESIAN_POINT('',(0.00438776479837159,0.0444273889498778,0.0352030568511033));
#2375=CARTESIAN_POINT('',(0.00741773296036548,0.0414720414148992,0.0348340092320557));
#2376=CARTESIAN_POINT('',(0.00866530965004119,0.0374274971243048,0.0344649616130081));
#2377=CARTESIAN_POINT('',(0.00782663901466131,0.0332788325583808,0.0340959139939604));
#2378=CARTESIAN_POINT('',(0.00510598503510014,0.030036483404033,0.0337268663749128));
#2379=CARTESIAN_POINT('',(0.0011659816334277,0.0284901460184632,0.0333578187558652));
#2380=CARTESIAN_POINT('',(-0.00303375636001285,0.0290164414693781,0.0329887711368176));
#2381=CARTESIAN_POINT('',(-0.00647035397502445,0.0314871868928684,0.03261972351777));
#2382=CARTESIAN_POINT('',(-0.00830680431057585,0.0353006153083829,0.0322506758987223));
#2383=CARTESIAN_POINT('',(-0.00809582730177245,0.0395279400909091,0.0318816282796748));
#2384=CARTESIAN_POINT('',(-0.00588880784498875,0.043139567318708,0.031512580660627));
#2385=CARTESIAN_POINT('',(-0.00222328065420145,0.0452558604290312,0.0311435330415796));
#2386=CARTESIAN_POINT('',(0.00200799000246401,0.0453613817313528,0.0307744854225318));
#2387=CARTESIAN_POINT('',(0.0057744491585807,0.0434304307893281,0.0304054378034842));
#2388=CARTESIAN_POINT('',(0.00815874987415426,0.0399333039381948,0.0300363901844366));
#2389=CARTESIAN_POINT('',(0.00858017936967513,0.0357217503892646,0.029667342565389));
#2390=CARTESIAN_POINT('',(0.00693609560334347,0.0318215228722488,0.0292982949463413));
#2391=CARTESIAN_POINT('',(0.00362692644378211,0.0291825485281882,0.0289292473272938));
#2392=CARTESIAN_POINT('',(-0.000541357281602551,0.028447567644155,0.0285601997082461));
#2393=CARTESIAN_POINT('',(-0.00455354150516305,0.0297955898514699,0.0281911520891986));
#2394=CARTESIAN_POINT('',(-0.00743243126271125,0.0328982951031955,0.027822104470151));
#2395=CARTESIAN_POINT('',(-0.00847685322401765,0.0369999982716297,0.0274530568511032));
#2396=CARTESIAN_POINT('',(-0.00743243126271125,0.0411017014400639,0.0270840092320557));
#2397=CARTESIAN_POINT('',(-0.00455354150516315,0.0442044066917893,0.0267149616130081));
#2398=CARTESIAN_POINT('',(-0.000541357281602652,0.0455524288991044,0.0263459139939604));
#2399=CARTESIAN_POINT('',(0.00362692644378203,0.044817448015071,0.0259768663749128));
#2400=CARTESIAN_POINT('',(0.00693609560334337,0.0421784736710107,0.0256078187558652));
#2401=CARTESIAN_POINT('',(0.00858017936967511,0.038278246153995,0.0252387711368176));
#2402=CARTESIAN_POINT('',(0.0081587498741543,0.0340666926050647,0.0248697235177699));
#2403=CARTESIAN_POINT('',(0.00577444915858075,0.0305695657539314,0.0245006758987223));
#2404=CARTESIAN_POINT('',(0.00200799000246407,0.0286386148119066,0.0241316282796747));
#2405=CARTESIAN_POINT('',(-0.00222328065420135,0.0287441361142283,0.0237625806606271));
#2406=CARTESIAN_POINT('',(-0.00588880784498865,0.0308604292245513,0.0233935330415795));
#2407=CARTESIAN_POINT('',(-0.00809582730177245,0.0344720564523503,0.0230244854225319));
#2408=CARTESIAN_POINT('',(-0.00830680431057585,0.0386993812348762,0.0226554378034843));
#2409=CARTESIAN_POINT('',(-0.00647035397502455,0.042512809650391,0.0222863901844367));
#2410=CARTESIAN_POINT('',(-0.00303375636001295,0.0449835550738812,0.021917342565389));
#2411=CARTESIAN_POINT('',(0.00116598163342762,0.0455098505247962,0.0215482949463414));
#2412=CARTESIAN_POINT('',(0.00510598503510009,0.0439635131392264,0.0211792473272938));
#2413=CARTESIAN_POINT('',(0.00782663901466129,0.0407211639848786,0.0208101997082461));
#2414=CARTESIAN_POINT('',(0.00866530965004119,0.0365724994189547,0.0204411520891986));
#2415=CARTESIAN_POINT('',(0.00741773296036553,0.0325279551283603,0.0200721044701509));
#2416=CARTESIAN_POINT('',(0.00438776479837171,0.0295726075933816,0.0197030568511033));
#2417=CARTESIAN_POINT('',(0.00031337467507143,0.0284262519599261,0.0193340092320557));
#2418=CARTESIAN_POINT('',(-0.00381309177215245,0.0293680909987949,0.0189649616130081));
#2419=CARTESIAN_POINT('',(-0.00698660536033305,0.0321687333574039,0.0185959139939605));
#2420=CARTESIAN_POINT('',(-0.00843423510615665,0.0361460633957849,0.0182268663749127));
#2421=CARTESIAN_POINT('',(-0.00780340086404555,0.0403313751254153,0.0178578187558653));
#2422=CARTESIAN_POINT('',(-0.00524774663693665,0.0437053071915161,0.0174887711368176));
#2423=CARTESIAN_POINT('',(-0.00138971952640425,0.045446115316956,0.01711972351777));
#2424=CARTESIAN_POINT('',(0.00283103152472065,0.0451298137525746,0.0167506758987223));
#2425=CARTESIAN_POINT('',(0.00638651367203393,0.0428334399120735,0.0163816282796748));
#2426=CARTESIAN_POINT('',(0.00841076487191563,0.0391162913819528,0.0160125806606271));
#2427=CARTESIAN_POINT('',(0.0084107648719157,0.0348837051613068,0.0156435330415795));
#2428=CARTESIAN_POINT('',(0.00638651367203402,0.031166556631186,0.0152744854225318));
#2429=CARTESIAN_POINT('',(0.00283103152472068,0.0288701827906848,0.0149054378034843));
#2430=CARTESIAN_POINT('',(-0.00138971952640415,0.0285538812263034,0.0145363901844366));
#2431=CARTESIAN_POINT('',(-0.00524774663693665,0.0302946893517432,0.014167342565389));
#2432=CARTESIAN_POINT('',(-0.00780340086404545,0.033668621417844,0.0137982949463414));
#2433=CARTESIAN_POINT('',(-0.00843423510615665,0.0378539331474743,0.0134292473272938));
#2434=CARTESIAN_POINT('',(-0.00698660536033305,0.0418312631858554,0.0130601997082462));
#2435=CARTESIAN_POINT('',(-0.00381309177215255,0.0446319055444644,0.0126911520891986));
#2436=CARTESIAN_POINT('',(0.000313374675071238,0.0455737445833333,0.0123221044701509));
#2437=CARTESIAN_POINT('',(0.00438776479837153,0.0444273889498779,0.0119530568511033));
#2438=CARTESIAN_POINT('',(0.00741773296036549,0.0414720414148992,0.0115840092320557));
#2439=CARTESIAN_POINT('',(0.0086653096500412,0.0374274971243048,0.011214961613008));
#2440=CARTESIAN_POINT('',(0.00782663901466129,0.0332788325583808,0.0108459139939605));
#2441=CARTESIAN_POINT('',(0.00510598503510015,0.0300364834040331,0.0104768663749128));
#2442=CARTESIAN_POINT('',(0.00116598163342772,0.0284901460184631,0.0101078187558652));
#2443=CARTESIAN_POINT('',(-0.00303375636001275,0.0290164414693781,0.00973877113681771));
#2444=CARTESIAN_POINT('',(-0.00647035397502445,0.0314871868928683,0.00936972351776991));
#2445=CARTESIAN_POINT('',(-0.00830680431057575,0.035300615308383,0.00900067589872241));
#2446=CARTESIAN_POINT('',(-0.00809582730177255,0.0395279400909089,0.00863162827967481));
#2447=CARTESIAN_POINT('',(-0.00588880784498875,0.0431395673187079,0.00826258066062711));
#2448=CARTESIAN_POINT('',(-0.00222328065420145,0.0452558604290311,0.00789353304157952));
#2449=CARTESIAN_POINT('',(0.00200799000246404,0.0453613817313528,0.00752448542253181));
#2450=CARTESIAN_POINT('',(0.00577444915858072,0.0434304307893281,0.0071554378034843));
#2451=CARTESIAN_POINT('',(0.00815874987415425,0.0399333039381948,0.00678639018443662));
#2452=CARTESIAN_POINT('',(0.00858017936967513,0.0357217503892646,0.006417342565389));
#2453=CARTESIAN_POINT('',(0.0069360956033435,0.0318215228722489,0.00604829494634141));
#2454=CARTESIAN_POINT('',(0.00362692644378217,0.0291825485281884,0.00567924732729371));
#2455=CARTESIAN_POINT('',(-0.000541357281602551,0.028447567644155,0.00531019970824621));
#2456=CARTESIAN_POINT('',(-0.00455354150516305,0.0297955898514699,0.00494115208919851));
#2457=CARTESIAN_POINT('',(-0.00743243126271125,0.0328982951031956,0.00457210447015092));
#2458=CARTESIAN_POINT('',(-0.00847685322401765,0.0369999982716296,0.00420305685110331));
#2459=CARTESIAN_POINT('',(-0.00743243126271135,0.0411017014400638,0.0038340092320556));
#2460=CARTESIAN_POINT('',(-0.00455354150516315,0.0442044066917895,0.00346496161300811));
#2461=CARTESIAN_POINT('',(-0.000541357281602753,0.0455524288991044,0.00309591399396041));
#2462=CARTESIAN_POINT('',(0.003626926443782,0.0448174480150711,0.00272686637491281));
#2463=CARTESIAN_POINT('',(0.00693609560334339,0.0421784736710106,0.00235781875586521));
#2464=CARTESIAN_POINT('',(0.0085801793696751,0.038278246153995,0.00198877113681762));
#2465=CARTESIAN_POINT('',(0.0081587498741543,0.0340666926050648,0.00161972351777001));
#2466=CARTESIAN_POINT('',(0.0057744491585808,0.0305695657539314,0.0012506758987223));
#2467=CARTESIAN_POINT('',(0.00200799000246413,0.0286386148119066,0.000881628279674813));
#2468=CARTESIAN_POINT('',(-0.00222328065420135,0.0287441361142283,0.0005125806606271));
#2469=CARTESIAN_POINT('',(-0.00588880784498865,0.0308604292245512,0.000143533041579498));
#2470=CARTESIAN_POINT('',(-0.00809582730177245,0.0344720564523504,-0.00022551457746809));
#2471=CARTESIAN_POINT('',(-0.00830680431057585,0.0386993812348761,-0.00059456219651579));
#2472=CARTESIAN_POINT('',(-0.00647035397502455,0.042512809650391,-0.000963609815563295));
#2473=CARTESIAN_POINT('',(-0.00303375636001295,0.0449835550738811,-0.00133265743461099));
#2474=CARTESIAN_POINT('',(0.00116598163342759,0.0455098505247962,-0.00170170505365859));
#2475=CARTESIAN_POINT('',(0.00510598503510011,0.0439635131392264,-0.0020707526727062));
#2476=CARTESIAN_POINT('',(0.00782663901466128,0.0407211639848787,-0.0024398002917538));
#2477=CARTESIAN_POINT('',(0.00866530965004118,0.0365724994189546,-0.00280884791080149));
#2478=CARTESIAN_POINT('',(0.00741773296036555,0.0325279551283604,-0.00317789552984909));
#2479=CARTESIAN_POINT('',(0.0043877647983717,0.0295726075933815,-0.00354694314889669));
#2480=CARTESIAN_POINT('',(0.000313374675071419,0.0284262519599262,-0.0039159907679443));
#2481=CARTESIAN_POINT('',(-0.00381309177215245,0.0293680909987948,-0.00428503838699189));
#2482=CARTESIAN_POINT('',(-0.00698660536033295,0.0321687333574038,-0.00465408600603959));
#2483=CARTESIAN_POINT('',(-0.00843423510615665,0.0361460633957849,-0.00502313362508709));
#2484=CARTESIAN_POINT('',(-0.00780340086404555,0.0403313751254153,-0.0053921812441348));
#2485=CARTESIAN_POINT('',(-0.00524774663693675,0.043705307191516,-0.0057612288631824));
#2486=CARTESIAN_POINT('',(-0.00138971952640415,0.0454461153169561,-0.00613027648222999));
#2487=CARTESIAN_POINT('',(0.00283103152472062,0.0451298137525745,-0.00649932410127769));
#2488=CARTESIAN_POINT('',(0.0063865136720339,0.0428334399120736,-0.00686837172032519));
#2489=CARTESIAN_POINT('',(0.0084107648719157,0.0391162913819527,-0.00723741933937289));
#2490=CARTESIAN_POINT('',(0.00841076487191558,0.0348837051613069,-0.0076064669584205));
#2491=CARTESIAN_POINT('',(0.00638651367203428,0.0311665566311859,-0.0079755145774681));
#2492=CARTESIAN_POINT('',(0.00283103152472037,0.0288701827906852,-0.0083445621965157));
#2493=CARTESIAN_POINT('',(-0.00138971952640305,0.0285538812263027,-0.0087136098155634));
#2494=CARTESIAN_POINT('',(-0.00524774663693855,0.0302946893517446,-0.00908265743461099));
#2495=CARTESIAN_POINT('',(-0.00780340086404155,0.0336686214178414,-0.00945170505365859));
#2496=CARTESIAN_POINT('',(-0.00843423510616475,0.0378539331474796,-0.0098207526727063));
#2497=CARTESIAN_POINT('',(-0.00698660536031645,0.0418312631858447,-0.0101898002917538));
#2498=CARTESIAN_POINT('',(-0.00381309177218685,0.0446319055444865,-0.0105588479108015));
#2499=CARTESIAN_POINT('',(0.000313374675141689,0.0455737445832879,-0.010927895529849));
#2500=CARTESIAN_POINT('',(0.00438776479822662,0.0444273889499712,-0.0112969431488967));
#2501=CARTESIAN_POINT('',(0.00741773296066368,0.0414720414147072,-0.0116659907679443));
#2502=CARTESIAN_POINT('',(0.00866530964942749,0.0374274971246999,-0.012035038386992));
#2503=CARTESIAN_POINT('',(0.00782663901592427,0.0332788325575677,-0.0124040860060395));
#2504=CARTESIAN_POINT('',(0.00510598503250113,0.0300364834057066,-0.0127731336250872));
#2505=CARTESIAN_POINT('',(0.00116598163877635,0.0284901460150191,-0.0131421812441348));
#2506=CARTESIAN_POINT('',(-0.00303375637101986,0.0290164414764658,-0.0135112288631824));
#2507=CARTESIAN_POINT('',(-0.00647035395237295,0.0314871868782826,-0.01388027648223));
#2508=CARTESIAN_POINT('',(-0.00830680435719055,0.035300615338399,-0.0142493241012776));
#2509=CARTESIAN_POINT('',(-0.00809582720584345,0.0395279400291385,-0.0146183717203252));
#2510=CARTESIAN_POINT('',(-0.00588880804240235,0.0431395674458262,-0.0149874193393729));
#2511=CARTESIAN_POINT('',(-0.00222328024794135,0.0452558601674329,-0.0153564669584205));
#2512=CARTESIAN_POINT('',(0.00200798916641591,0.0453613822696993,-0.0157255145774682));
#2513=CARTESIAN_POINT('',(0.00577445087909516,0.0434304296814577,-0.0160945621965157));
#2514=CARTESIAN_POINT('',(0.00815874633348553,0.0399333062180962,-0.0164636098155634));
#2515=CARTESIAN_POINT('',(0.00858018665609552,0.0357217456974254,-0.0168326574346109));
#2516=CARTESIAN_POINT('',(0.00693608060872463,0.0318215325276727,-0.0172017050536586));
#2517=CARTESIAN_POINT('',(0.00362695730975785,0.0291825286581773,-0.0175707526727062));
#2518=CARTESIAN_POINT('',(-0.00054142075509685,0.0284476085419287,-0.0179398002917538));
#2519=CARTESIAN_POINT('',(-0.00455340864657835,0.0297955056832036,-0.0183088479108015));
#2520=CARTESIAN_POINT('',(-0.00743269458399675,0.032898470240187,-0.018677895529849));
#2521=CARTESIAN_POINT('',(-0.00812803840641415,0.0356325797750149,-0.0189239272758808));
#2522=CARTESIAN_POINT('',(-0.00812803840641415,0.0369999982716297,-0.0190469431488967));
#2523=CARTESIAN_POINT('',(-0.00870890949889775,0.0369999982716297,0.0734864076974188));
#2524=CARTESIAN_POINT('',(-0.00870890949889775,0.0384643070860355,0.0733633918244028));
#2525=CARTESIAN_POINT('',(-0.00796456175304335,0.0413909450061727,0.0731173600783718));
#2526=CARTESIAN_POINT('',(-0.00488193439949535,0.0447132772396232,0.0727483124593238));
#2527=CARTESIAN_POINT('',(-0.000586685661368151,0.0461562168391719,0.0723792648402758));
#2528=CARTESIAN_POINT('',(0.00387602463497297,0.0453694681576513,0.0720102172212288));
#2529=CARTESIAN_POINT('',(0.00741879554547991,0.0425440976078811,0.0716411696021808));
#2530=CARTESIAN_POINT('',(0.00917899164144088,0.0383685111855806,0.0712721219831328));
#2531=CARTESIAN_POINT('',(0.00872779298043404,0.0338595715391923,0.0709030743640858));
#2532=CARTESIAN_POINT('',(0.00617514656650622,0.0301155250098158,0.0705340267450378));
#2533=CARTESIAN_POINT('',(0.00214274045521463,0.0280482290831203,0.0701649791259908));
#2534=CARTESIAN_POINT('',(-0.00238729234616605,0.0281612027704517,0.0697959315069428));
#2535=CARTESIAN_POINT('',(-0.00631163755423735,0.0304269233056277,0.0694268838878948));
#2536=CARTESIAN_POINT('',(-0.00867449096153825,0.0342935624479134,0.0690578362688478));
#2537=CARTESIAN_POINT('',(-0.00890036490347245,0.0388193720231083,0.0686887886497998));
#2538=CARTESIAN_POINT('',(-0.00693424551627805,0.0429020609245444,0.0683197410307528));
#2539=CARTESIAN_POINT('',(-0.00325499499955615,0.0455472618862968,0.0679506934117048));
#2540=CARTESIAN_POINT('',(0.00124128013784465,0.0461107182823205,0.0675816457926568));
#2541=CARTESIAN_POINT('',(0.00545948118977399,0.0444551963503958,0.0672125981736098));
#2542=CARTESIAN_POINT('',(0.00837223642159785,0.0409839098491489,0.0668435505545618));
#2543=CARTESIAN_POINT('',(0.00927012431530566,0.0365423143730462,0.0664745029355138));
#2544=CARTESIAN_POINT('',(0.00793445813036881,0.0322121909506519,0.0661054553164668));
#2545=CARTESIAN_POINT('',(0.00469054851520721,0.0290481708116274,0.0657364076974188));
#2546=CARTESIAN_POINT('',(0.0003284718901777,0.0278208727472696,0.0653673600783708));
#2547=CARTESIAN_POINT('',(-0.00408935808933405,0.0288292136108883,0.0649983124593238));
#2548=CARTESIAN_POINT('',(-0.00748694865475595,0.0318276050753384,0.0646292648402758));
#2549=CARTESIAN_POINT('',(-0.00903679333956535,0.0360857683504011,0.0642602172212288));
#2550=CARTESIAN_POINT('',(-0.00836141684916475,0.040566598588281,0.0638911696021808));
#2551=CARTESIAN_POINT('',(-0.00562531175638205,0.0441787588761802,0.0635221219831328));
#2552=CARTESIAN_POINT('',(-0.00149487520777345,0.0460424828209422,0.0631530743640858));
#2553=CARTESIAN_POINT('',(0.00302389666827957,0.0457038476832207,0.0627840267450378));
#2554=CARTESIAN_POINT('',(0.00683042601305466,0.0432453303715694,0.0624149791259908));
#2555=CARTESIAN_POINT('',(0.00899760651749492,0.039265719626095,0.0620459315069428));
#2556=CARTESIAN_POINT('',(0.00899760651749512,0.0347342769171643,0.0616768838878948));
#2557=CARTESIAN_POINT('',(0.00683042601305439,0.0307546661716903,0.0613078362688478));
#2558=CARTESIAN_POINT('',(0.00302389666828014,0.0282961488600381,0.0609387886497998));
#2559=CARTESIAN_POINT('',(-0.00149487520777455,0.0279575137223184,0.0605697410307528));
#2560=CARTESIAN_POINT('',(-0.00562531175637985,0.0298212376670766,0.0602006934117048));
#2561=CARTESIAN_POINT('',(-0.00836141684916935,0.0334333979549837,0.0598316457926568));
#2562=CARTESIAN_POINT('',(-0.00903679333955585,0.0379142281928473,0.0594625981736098));
#2563=CARTESIAN_POINT('',(-0.00748694865477545,0.0421723914679437,0.0590935505545618));
#2564=CARTESIAN_POINT('',(-0.00408935808929395,0.0451707829323245,0.0587245029355138));
#2565=CARTESIAN_POINT('',(0.000328471890095269,0.0461791237960853,0.0583554553164668));
#2566=CARTESIAN_POINT('',(0.00469054851537675,0.0449518257314353,0.0579864076974188));
#2567=CARTESIAN_POINT('',(0.00793445813001985,0.0417878055930122,0.0576173600783718));
#2568=CARTESIAN_POINT('',(0.00927012431602374,0.0374576821693803,0.0572483124593238));
#2569=CARTESIAN_POINT('',(0.00837223642012011,0.0330160866958245,0.0568792648402758));
#2570=CARTESIAN_POINT('',(0.0054594811928151,0.0295448001893363,0.0565102172212288));
#2571=CARTESIAN_POINT('',(0.00124128013158639,0.0278892782681979,0.0561411696021808));
#2572=CARTESIAN_POINT('',(-0.00325499498667705,0.0284527346420241,0.0557721219831328));
#2573=CARTESIAN_POINT('',(-0.00693424554278195,0.0310979356494569,0.0554030743640858));
#2574=CARTESIAN_POINT('',(-0.00890036484892975,0.0351806244568868,0.0550340267450378));
#2575=CARTESIAN_POINT('',(-0.00867449107378235,0.0397064342255383,0.0546649791259908));
#2576=CARTESIAN_POINT('',(-0.00631163732324865,0.0435730729697073,0.0542959315069428));
#2577=CARTESIAN_POINT('',(-0.00238729282152085,0.0458387943241726,0.0539268838878948));
#2578=CARTESIAN_POINT('',(0.00214274143345354,0.0459517663254778,0.0535578362688478));
#2579=CARTESIAN_POINT('',(0.00617514455337519,0.0438844738684783,0.0531887886497998));
#2580=CARTESIAN_POINT('',(0.00872779712328198,0.0401404201987684,0.0528197410307518));
#2581=CARTESIAN_POINT('',(0.00917898311578254,0.0356314952465772,0.0524506934117048));
#2582=CARTESIAN_POINT('',(0.00741881309030864,0.031455878584844,0.0520816457926568));
#2583=CARTESIAN_POINT('',(0.00387598851946644,0.0286305702681186,0.0517125981736098));
#2584=CARTESIAN_POINT('',(-0.000586611392619051,0.0278436934995107,0.0513435505545618));
#2585=CARTESIAN_POINT('',(-0.00488208985400415,0.0292868975086854,0.0509745029355138));
#2586=CARTESIAN_POINT('',(-0.00796425364738955,0.0326086800685567,0.0506054553164668));
#2587=CARTESIAN_POINT('',(-0.00908242065802795,0.0369999982716297,0.0502364076974188));
#2588=CARTESIAN_POINT('',(-0.00796425364738955,0.0413913164747027,0.0498673600783718));
#2589=CARTESIAN_POINT('',(-0.00488208985400415,0.044713099034574,0.0494983124593238));
#2590=CARTESIAN_POINT('',(-0.00058661139261915,0.0461563030437487,0.0491292648402758));
#2591=CARTESIAN_POINT('',(0.0038759885194664,0.0453694262751409,0.0487602172212288));
#2592=CARTESIAN_POINT('',(0.00741881309030859,0.0425441179584154,0.0483911696021808));
#2593=CARTESIAN_POINT('',(0.00917898311578253,0.0383685012966823,0.0480221219831328));
#2594=CARTESIAN_POINT('',(0.00872779712328201,0.0338595763444912,0.0476530743640858));
#2595=CARTESIAN_POINT('',(0.00617514455337525,0.0301155226747811,0.0472840267450378));
#2596=CARTESIAN_POINT('',(0.00214274143345359,0.0280482302177817,0.0469149791259908));
#2597=CARTESIAN_POINT('',(-0.00238729282152085,0.0281612022190866,0.0465459315069428));
#2598=CARTESIAN_POINT('',(-0.00631163732324855,0.0304269235735521,0.0461768838878948));
#2599=CARTESIAN_POINT('',(-0.00867449107378235,0.034293562317721,0.0458078362688478));
#2600=CARTESIAN_POINT('',(-0.00890036484892975,0.0388193720863726,0.0454387886497998));
#2601=CARTESIAN_POINT('',(-0.00693424554278195,0.0429020608938025,0.0450697410307528));
#2602=CARTESIAN_POINT('',(-0.00325499498667715,0.0455472619012352,0.0447006934117048));
#2603=CARTESIAN_POINT('',(0.00124128013158633,0.0461107182750615,0.0443316457926568));
#2604=CARTESIAN_POINT('',(0.00545948119281507,0.0444551963539232,0.0439625981736098));
#2605=CARTESIAN_POINT('',(0.00837223642012009,0.0409839098474349,0.0435935505545618));
#2606=CARTESIAN_POINT('',(0.00927012431602374,0.0365423143738791,0.0432245029355138));
#2607=CARTESIAN_POINT('',(0.00793445813001989,0.0322121909502472,0.0428554553164668));
#2608=CARTESIAN_POINT('',(0.00469054851537681,0.029048170811824,0.0424864076974188));
#2609=CARTESIAN_POINT('',(0.000328471890095309,0.0278208727471741,0.0421173600783718));
#2610=CARTESIAN_POINT('',(-0.00408935808929395,0.0288292136109349,0.0417483124593238));
#2611=CARTESIAN_POINT('',(-0.00748694865477535,0.0318276050753158,0.0413792648402758));
#2612=CARTESIAN_POINT('',(-0.00903679333955595,0.036085768350412,0.0410102172212288));
#2613=CARTESIAN_POINT('',(-0.00836141684916945,0.0405665985882757,0.0406411696021808));
#2614=CARTESIAN_POINT('',(-0.00562531175637985,0.0441787588761826,0.0402721219831338));
#2615=CARTESIAN_POINT('',(-0.00149487520777455,0.0460424828209412,0.0399030743640858));
#2616=CARTESIAN_POINT('',(0.00302389666828009,0.0457038476832211,0.0395340267450378));
#2617=CARTESIAN_POINT('',(0.0068304260130544,0.0432453303715693,0.0391649791259903));
#2618=CARTESIAN_POINT('',(0.00899760651749505,0.039265719626095,0.0387959315069428));
#2619=CARTESIAN_POINT('',(0.00899760651749506,0.0347342769171644,0.0384268838878952));
#2620=CARTESIAN_POINT('',(0.00683042601305443,0.0307546661716903,0.0380578362688476));
#2621=CARTESIAN_POINT('',(0.00302389666828017,0.0282961488600382,0.0376887886497999));
#2622=CARTESIAN_POINT('',(-0.00149487520777445,0.0279575137223183,0.0373197410307523));
#2623=CARTESIAN_POINT('',(-0.00562531175637975,0.0298212376670766,0.0369506934117047));
#2624=CARTESIAN_POINT('',(-0.00836141684916935,0.0334333979549836,0.036581645792657));
#2625=CARTESIAN_POINT('',(-0.00903679333955585,0.0379142281928472,0.0362125981736094));
#2626=CARTESIAN_POINT('',(-0.00748694865477545,0.0421723914679435,0.0358435505545619));
#2627=CARTESIAN_POINT('',(-0.00408935808929405,0.0451707829323245,0.0354745029355142));
#2628=CARTESIAN_POINT('',(0.000328471890095259,0.0461791237960853,0.0351054553164666));
#2629=CARTESIAN_POINT('',(0.00469054851537673,0.0449518257314353,0.034736407697419));
#2630=CARTESIAN_POINT('',(0.00793445813001984,0.0417878055930123,0.0343673600783714));
#2631=CARTESIAN_POINT('',(0.00927012431602374,0.0374576821693803,0.0339983124593237));
#2632=CARTESIAN_POINT('',(0.00837223642012012,0.0330160866958245,0.0336292648402761));
#2633=CARTESIAN_POINT('',(0.0054594811928151,0.0295448001893363,0.0332602172212284));
#2634=CARTESIAN_POINT('',(0.00124128013158642,0.0278892782681977,0.0328911696021809));
#2635=CARTESIAN_POINT('',(-0.00325499498667705,0.0284527346420242,0.0325221219831333));
#2636=CARTESIAN_POINT('',(-0.00693424554278185,0.0310979356494568,0.0321530743640856));
#2637=CARTESIAN_POINT('',(-0.00890036484892975,0.0351806244568868,0.031784026745038));
#2638=CARTESIAN_POINT('',(-0.00867449107378235,0.0397064342255382,0.0314149791259904));
#2639=CARTESIAN_POINT('',(-0.00631163732324865,0.0435730729697073,0.0310459315069428));
#2640=CARTESIAN_POINT('',(-0.00238729282152095,0.0458387943241726,0.0306768838878951));
#2641=CARTESIAN_POINT('',(0.00214274143345351,0.0459517663254778,0.0303078362688476));
#2642=CARTESIAN_POINT('',(0.00617514455337516,0.0438844738684783,0.0299387886497998));
#2643=CARTESIAN_POINT('',(0.00872779712328198,0.0401404201987684,0.0295697410307524));
#2644=CARTESIAN_POINT('',(0.00917898311578254,0.0356314952465771,0.0292006934117047));
#2645=CARTESIAN_POINT('',(0.00741881309030864,0.031455878584844,0.0288316457926571));
#2646=CARTESIAN_POINT('',(0.00387598851946644,0.0286305702681186,0.0284625981736095));
#2647=CARTESIAN_POINT('',(-0.000586611392619051,0.0278436934995107,0.0280935505545618));
#2648=CARTESIAN_POINT('',(-0.00488208985400415,0.0292868975086854,0.0277245029355142));
#2649=CARTESIAN_POINT('',(-0.00796425364738955,0.0326086800685567,0.0273554553164666));
#2650=CARTESIAN_POINT('',(-0.00908242065802795,0.0369999982716297,0.026986407697419));
#2651=CARTESIAN_POINT('',(-0.00796425364738955,0.0413913164747027,0.0266173600783713));
#2652=CARTESIAN_POINT('',(-0.00488208985400415,0.0447130990345739,0.0262483124593238));
#2653=CARTESIAN_POINT('',(-0.00058661139261915,0.0461563030437487,0.025879264840276));
#2654=CARTESIAN_POINT('',(0.00387598851946634,0.0453694262751408,0.0255102172212285));
#2655=CARTESIAN_POINT('',(0.00741881309030853,0.0425441179584156,0.0251411696021808));
#2656=CARTESIAN_POINT('',(0.00917898311578253,0.0383685012966824,0.0247721219831333));
#2657=CARTESIAN_POINT('',(0.00872779712328202,0.0338595763444912,0.0244030743640856));
#2658=CARTESIAN_POINT('',(0.00617514455337523,0.0301155226747811,0.0240340267450381));
#2659=CARTESIAN_POINT('',(0.00214274143345355,0.0280482302177817,0.0236649791259903));
#2660=CARTESIAN_POINT('',(-0.00238729282152085,0.0281612022190866,0.0232959315069428));
#2661=CARTESIAN_POINT('',(-0.00631163732324855,0.030426923573552,0.0229268838878951));
#2662=CARTESIAN_POINT('',(-0.00867449107378235,0.034293562317721,0.0225578362688475));
#2663=CARTESIAN_POINT('',(-0.00890036484892975,0.0388193720863726,0.0221887886497999));
#2664=CARTESIAN_POINT('',(-0.00693424554278195,0.0429020608938025,0.0218197410307523));
#2665=CARTESIAN_POINT('',(-0.00325499498667715,0.0455472619012352,0.0214506934117047));
#2666=CARTESIAN_POINT('',(0.00124128013158633,0.0461107182750616,0.0210816457926571));
#2667=CARTESIAN_POINT('',(0.00545948119281505,0.0444551963539231,0.0207125981736094));
#2668=CARTESIAN_POINT('',(0.0083722364201201,0.0409839098474349,0.0203435505545618));
#2669=CARTESIAN_POINT('',(0.00927012431602374,0.0365423143738792,0.0199745029355142));
#2670=CARTESIAN_POINT('',(0.00793445813001988,0.0322121909502471,0.0196054553164666));
#2671=CARTESIAN_POINT('',(0.00469054851537685,0.0290481708118242,0.0192364076974189));
#2672=CARTESIAN_POINT('',(0.00032847189009537,0.0278208727471741,0.0188673600783714));
#2673=CARTESIAN_POINT('',(-0.00408935808929395,0.0288292136109349,0.0184983124593236));
#2674=CARTESIAN_POINT('',(-0.00748694865477535,0.0318276050753158,0.0181292648402762));
#2675=CARTESIAN_POINT('',(-0.00903679333955595,0.036085768350412,0.0177602172212284));
#2676=CARTESIAN_POINT('',(-0.00836141684916945,0.0405665985882757,0.0173911696021809));
#2677=CARTESIAN_POINT('',(-0.00562531175637985,0.0441787588761827,0.0170221219831332));
#2678=CARTESIAN_POINT('',(-0.00149487520777455,0.046042482820941,0.0166530743640856));
#2679=CARTESIAN_POINT('',(0.00302389666828007,0.0457038476832213,0.016284026745038));
#2680=CARTESIAN_POINT('',(0.00683042601305436,0.0432453303715691,0.0159149791259903));
#2681=CARTESIAN_POINT('',(0.00899760651749502,0.0392657196260951,0.0155459315069428));
#2682=CARTESIAN_POINT('',(0.00899760651749509,0.0347342769171645,0.0151768838878951));
#2683=CARTESIAN_POINT('',(0.00683042601305444,0.0307546661716903,0.0148078362688475));
#2684=CARTESIAN_POINT('',(0.00302389666828012,0.0282961488600382,0.0144387886497999));
#2685=CARTESIAN_POINT('',(-0.00149487520777455,0.0279575137223184,0.0140697410307523));
#2686=CARTESIAN_POINT('',(-0.00562531175637975,0.0298212376670766,0.0137006934117046));
#2687=CARTESIAN_POINT('',(-0.00836141684916935,0.0334333979549836,0.0133316457926571));
#2688=CARTESIAN_POINT('',(-0.00903679333955595,0.0379142281928472,0.0129625981736094));
#2689=CARTESIAN_POINT('',(-0.00748694865477545,0.0421723914679436,0.0125935505545618));
#2690=CARTESIAN_POINT('',(-0.00408935808929405,0.0451707829323245,0.0122245029355142));
#2691=CARTESIAN_POINT('',(0.00032847189009516,0.0461791237960853,0.0118554553164666));
#2692=CARTESIAN_POINT('',(0.00469054851537667,0.0449518257314354,0.011486407697419));
#2693=CARTESIAN_POINT('',(0.00793445813001984,0.0417878055930123,0.0111173600783713));
#2694=CARTESIAN_POINT('',(0.00927012431602375,0.0374576821693803,0.0107483124593238));
#2695=CARTESIAN_POINT('',(0.0083722364201201,0.0330160866958246,0.0103792648402761));
#2696=CARTESIAN_POINT('',(0.00545948119281511,0.0295448001893363,0.0100102172212285));
#2697=CARTESIAN_POINT('',(0.00124128013158645,0.0278892782681979,0.0096411696021809));
#2698=CARTESIAN_POINT('',(-0.00325499498667705,0.0284527346420241,0.00927212198313321));
#2699=CARTESIAN_POINT('',(-0.00693424554278185,0.0310979356494568,0.00890307436408561));
#2700=CARTESIAN_POINT('',(-0.00890036484892975,0.0351806244568867,0.00853402674503801));
#2701=CARTESIAN_POINT('',(-0.00867449107378245,0.0397064342255382,0.00816497912599042));
#2702=CARTESIAN_POINT('',(-0.00631163732324865,0.0435730729697072,0.00779593150694281));
#2703=CARTESIAN_POINT('',(-0.00238729282152095,0.0458387943241725,0.0074268838878952));
#2704=CARTESIAN_POINT('',(0.00214274143345352,0.0459517663254779,0.00705783626884752));
#2705=CARTESIAN_POINT('',(0.00617514455337519,0.0438844738684783,0.0066887886497999));
#2706=CARTESIAN_POINT('',(0.00872779712328196,0.0401404201987683,0.00631974103075231));
#2707=CARTESIAN_POINT('',(0.00917898311578254,0.0356314952465773,0.0059506934117047));
#2708=CARTESIAN_POINT('',(0.00741881309030867,0.031455878584844,0.00558164579265711));
#2709=CARTESIAN_POINT('',(0.00387598851946649,0.0286305702681186,0.00521259817360941));
#2710=CARTESIAN_POINT('',(-0.000586611392619051,0.0278436934995107,0.00484355055456181));
#2711=CARTESIAN_POINT('',(-0.00488208985400405,0.0292868975086854,0.00447450293551422));
#2712=CARTESIAN_POINT('',(-0.00796425364738955,0.0326086800685566,0.0041054553164666));
#2713=CARTESIAN_POINT('',(-0.00908242065802795,0.0369999982716297,0.0037364076974189));
#2714=CARTESIAN_POINT('',(-0.00796425364738965,0.0413913164747027,0.00336736007837142));
#2715=CARTESIAN_POINT('',(-0.00488208985400415,0.0447130990345739,0.00299831245932371));
#2716=CARTESIAN_POINT('',(-0.00058661139261915,0.0461563030437487,0.00262926484027611));
#2717=CARTESIAN_POINT('',(0.00387598851946631,0.0453694262751409,0.00226021722122851));
#2718=CARTESIAN_POINT('',(0.00741881309030855,0.0425441179584155,0.00189116960218091));
#2719=CARTESIAN_POINT('',(0.00917898311578252,0.0383685012966824,0.00152212198313321));
#2720=CARTESIAN_POINT('',(0.00872779712328202,0.0338595763444912,0.0011530743640857));
#2721=CARTESIAN_POINT('',(0.00617514455337529,0.0301155226747811,0.000784026745038004));
#2722=CARTESIAN_POINT('',(0.00214274143345362,0.0280482302177817,0.000414979125990401));
#2723=CARTESIAN_POINT('',(-0.00238729282152075,0.0281612022190866,4.59315069427022E-5));
#2724=CARTESIAN_POINT('',(-0.00631163732324855,0.030426923573552,-0.000323116112104789));
#2725=CARTESIAN_POINT('',(-0.00867449107378235,0.034293562317721,-0.000692163731152502));
#2726=CARTESIAN_POINT('',(-0.00890036484892975,0.0388193720863725,-0.00106121135020009));
#2727=CARTESIAN_POINT('',(-0.00693424554278205,0.0429020608938024,-0.00143025896924769));
#2728=CARTESIAN_POINT('',(-0.00325499498667725,0.0455472619012351,-0.00179930658829529));
#2729=CARTESIAN_POINT('',(0.00124128013158629,0.0461107182750615,-0.00216835420734289));
#2730=CARTESIAN_POINT('',(0.00545948119281507,0.0444551963539232,-0.0025374018263906));
#2731=CARTESIAN_POINT('',(0.0083722364201201,0.0409839098474348,-0.0029064494454382));
#2732=CARTESIAN_POINT('',(0.00927012431602373,0.0365423143738792,-0.0032754970644858));
#2733=CARTESIAN_POINT('',(0.00793445813001992,0.0322121909502472,-0.00364454468353339));
#2734=CARTESIAN_POINT('',(0.00469054851537684,0.0290481708118242,-0.00401359230258109));
#2735=CARTESIAN_POINT('',(0.000328471890095359,0.0278208727471741,-0.00438263992162859));
#2736=CARTESIAN_POINT('',(-0.00408935808929395,0.0288292136109349,-0.00475168754067629));
#2737=CARTESIAN_POINT('',(-0.00748694865477535,0.0318276050753157,-0.0051207351597238));
#2738=CARTESIAN_POINT('',(-0.00903679333955585,0.0360857683504119,-0.00548978277877159));
#2739=CARTESIAN_POINT('',(-0.00836141684916945,0.0405665985882757,-0.00585883039781899));
#2740=CARTESIAN_POINT('',(-0.00562531175637985,0.0441787588761826,-0.00622787801686679));
#2741=CARTESIAN_POINT('',(-0.00149487520777455,0.0460424828209412,-0.00659692563591429));
#2742=CARTESIAN_POINT('',(0.00302389666828005,0.0457038476832212,-0.0069659732549621));
#2743=CARTESIAN_POINT('',(0.00683042601305431,0.0432453303715693,-0.00733502087400949));
#2744=CARTESIAN_POINT('',(0.00899760651749509,0.039265719626095,-0.00770406849305729));
#2745=CARTESIAN_POINT('',(0.00899760651749495,0.0347342769171646,-0.0080731161121048));
#2746=CARTESIAN_POINT('',(0.00683042601305474,0.0307546661716901,-0.0084421637311525));
#2747=CARTESIAN_POINT('',(0.00302389666827974,0.0282961488600389,-0.0088112113502));
#2748=CARTESIAN_POINT('',(-0.00149487520777325,0.0279575137223169,-0.0091802589692477));
#2749=CARTESIAN_POINT('',(-0.00562531175638195,0.0298212376670792,-0.00954930658829529));
#2750=CARTESIAN_POINT('',(-0.00836141684916475,0.0334333979549783,-0.00991835420734289));
#2751=CARTESIAN_POINT('',(-0.00903679333956535,0.0379142281928582,-0.0102874018263906));
#2752=CARTESIAN_POINT('',(-0.00748694865475595,0.0421723914679209,-0.0106564494454382));
#2753=CARTESIAN_POINT('',(-0.00408935808933415,0.0451707829323709,-0.0110254970644858));
#2754=CARTESIAN_POINT('',(0.000328471890177569,0.0461791237959898,-0.0113945446835334));
#2755=CARTESIAN_POINT('',(0.00469054851520711,0.044951825731632,-0.011763592302581));
#2756=CARTESIAN_POINT('',(0.00793445813036875,0.0417878055926076,-0.0121326399216287));
#2757=CARTESIAN_POINT('',(0.00927012431530566,0.0374576821702133,-0.0125016875406763));
#2758=CARTESIAN_POINT('',(0.00837223642159789,0.0330160866941106,-0.0128707351597239));
#2759=CARTESIAN_POINT('',(0.00545948118977406,0.0295448001928637,-0.0132397827787715));
#2760=CARTESIAN_POINT('',(0.00124128013784472,0.0278892782609387,-0.0136088303978191));
#2761=CARTESIAN_POINT('',(-0.00325499499955605,0.0284527346569626,-0.0139778780168668));
#2762=CARTESIAN_POINT('',(-0.00693424551627795,0.0310979356187149,-0.0143469256359143));
#2763=CARTESIAN_POINT('',(-0.00890036490347245,0.0351806245201509,-0.014715973254962));
#2764=CARTESIAN_POINT('',(-0.00867449096153825,0.0397064340953459,-0.0150850208740096));
#2765=CARTESIAN_POINT('',(-0.00631163755423745,0.0435730732376316,-0.0154540684930572));
#2766=CARTESIAN_POINT('',(-0.00238729234616615,0.0458387937728076,-0.0158231161121048));
#2767=CARTESIAN_POINT('',(0.00214274045521451,0.0459517674601391,-0.0161921637311524));
#2768=CARTESIAN_POINT('',(0.00617514656650614,0.0438844715334437,-0.0165612113502001));
#2769=CARTESIAN_POINT('',(0.008727792980434,0.0401404250040672,-0.0169302589692477));
#2770=CARTESIAN_POINT('',(0.00917899164144091,0.0356314853576788,-0.0172993065882953));
#2771=CARTESIAN_POINT('',(0.00741879554547996,0.0314558989353785,-0.0176683542073429));
#2772=CARTESIAN_POINT('',(0.00387602463497307,0.0286305283856079,-0.0180374018263906));
#2773=CARTESIAN_POINT('',(-0.000586685661368051,0.0278437797040876,-0.0184064494454382));
#2774=CARTESIAN_POINT('',(-0.00488193439949525,0.029286719303636,-0.0187754970644858));
#2775=CARTESIAN_POINT('',(-0.00796456175304335,0.0326090515370868,-0.0191445446835334));
#2776=CARTESIAN_POINT('',(-0.00870890949889775,0.0355356894572238,-0.0193905764295652));
#2777=CARTESIAN_POINT('',(-0.00870890949889775,0.0369999982716297,-0.019513592302581));
#2778=CARTESIAN_POINT('',(-0.00943326825401505,0.0369999982716297,0.0736543321159958));
#2779=CARTESIAN_POINT('',(-0.00943326825401505,0.0385844381492822,0.0735313162429798));
#2780=CARTESIAN_POINT('',(-0.00862763814648215,0.0417521544280286,0.0732852844969488));
#2781=CARTESIAN_POINT('',(-0.00529156416230575,0.0453474541123039,0.0729162368779008));
#2782=CARTESIAN_POINT('',(-0.000643109128826451,0.0469091503718793,0.0725471892588528));
#2783=CARTESIAN_POINT('',(0.00418655394713768,0.0460576574146537,0.0721781416398058));
#2784=CARTESIAN_POINT('',(0.00802064408856951,0.0429999868253861,0.0718090940207578));
#2785=CARTESIAN_POINT('',(0.00992557605345029,0.0384810375094347,0.0714400464017108));
#2786=CARTESIAN_POINT('',(0.00943727703741943,0.0336013419737299,0.0710709987826628));
#2787=CARTESIAN_POINT('',(0.00667473079437494,0.0295494265454134,0.0707019511636148));
#2788=CARTESIAN_POINT('',(0.00231074757959687,0.027312142082675,0.0703329035445678));
#2789=CARTESIAN_POINT('',(-0.00259178155743841,0.0274344047114399,0.0699638559255198));
#2790=CARTESIAN_POINT('',(-0.00683881837876205,0.0298864315924008,0.0695948083064718));
#2791=CARTESIAN_POINT('',(-0.0093959648837567,0.0340710171739255,0.0692257606874248));
#2792=CARTESIAN_POINT('',(-0.0096404120114189,0.038968975793546,0.0688567130683768));
#2793=CARTESIAN_POINT('',(-0.00751262226204575,0.0433873766290831,0.0684876654493298));
#2794=CARTESIAN_POINT('',(-0.00353083376442047,0.0462500876012614,0.0681186178302818));
#2795=CARTESIAN_POINT('',(0.00133516177617681,0.0468598759676977,0.0677495702112338));
#2796=CARTESIAN_POINT('',(0.00590021771454381,0.0450682235276949,0.0673805225921868));
#2797=CARTESIAN_POINT('',(0.00905248343188485,0.041311499543267,0.0670114749731388));
#2798=CARTESIAN_POINT('',(0.010024202989763,0.0365046798712743,0.0666424273540908));
#2799=CARTESIAN_POINT('',(0.00857870743997544,0.0318184983926732,0.0662733797350438));
#2800=CARTESIAN_POINT('',(0.00506805712538132,0.02839430671857,0.0659043321159958));
#2801=CARTESIAN_POINT('',(0.000347294991756299,0.0270660901998284,0.0655352844969488));
#2802=CARTESIAN_POINT('',(-0.00443380499174459,0.0281573450713442,0.0651662368779008));
#2803=CARTESIAN_POINT('',(-0.00811077315748725,0.0314022887309232,0.0647971892588528));
#2804=CARTESIAN_POINT('',(-0.0097880587097472,0.0360105929116313,0.0644281416398058));
#2805=CARTESIAN_POINT('',(-0.00905714725727215,0.040859873548451,0.0640590940207578));
#2806=CARTESIAN_POINT('',(-0.0060960572934997,0.0447690551088581,0.0636900464017098));
#2807=CARTESIAN_POINT('',(-0.00162598257219483,0.0467860296332029,0.0633209987826628));
#2808=CARTESIAN_POINT('',(0.00326435957367199,0.0464195491532201,0.0629519511636148));
#2809=CARTESIAN_POINT('',(0.00738389279969787,0.0437588725014007,0.0625829035445678));
#2810=CARTESIAN_POINT('',(0.00972927655645043,0.0394520257106005,0.0622138559255198));
#2811=CARTESIAN_POINT('',(0.00972927655645063,0.0345479708326589,0.0618448083064718));
#2812=CARTESIAN_POINT('',(0.00738389279969761,0.0302411240418589,0.0614757606874248));
#2813=CARTESIAN_POINT('',(0.00326435957367257,0.0275804473900389,0.0611067130683768));
#2814=CARTESIAN_POINT('',(-0.00162598257219593,0.0272139669100575,0.0607376654493298));
#2815=CARTESIAN_POINT('',(-0.0060960572934974,0.0292309414343996,0.0603686178302818));
#2816=CARTESIAN_POINT('',(-0.00905714725727685,0.0331401229948121,0.0599995702112338));
#2817=CARTESIAN_POINT('',(-0.0097880587097376,0.0379894036316207,0.0596305225921868));
#2818=CARTESIAN_POINT('',(-0.00811077315750705,0.0425977078123516,0.0592614749731388));
#2819=CARTESIAN_POINT('',(-0.00443380499170399,0.0458426514718836,0.0588924273540908));
#2820=CARTESIAN_POINT('',(0.000347294991672819,0.0469339063434961,0.0585233797350438));
#2821=CARTESIAN_POINT('',(0.00506805712555303,0.0456056898245554,0.0581543321159958));
#2822=CARTESIAN_POINT('',(0.00857870743962197,0.0421814981508619,0.0577852844969488));
#2823=CARTESIAN_POINT('',(0.0100242029904904,0.0374953166714179,0.0574162368779008));
#2824=CARTESIAN_POINT('',(0.00905248343038801,0.0326884970011599,0.0570471892588528));
#2825=CARTESIAN_POINT('',(0.00590021771762423,0.0289317730131621,0.0566781416398058));
#2826=CARTESIAN_POINT('',(0.00133516176983767,0.0271401205805058,0.0563090940207578));
#2827=CARTESIAN_POINT('',(-0.00353083375137497,0.0277499089318236,0.0559400464017098));
#2828=CARTESIAN_POINT('',(-0.0075126222888921,0.0306126199351142,0.0555709987826628));
#2829=CARTESIAN_POINT('',(-0.00964041195617115,0.0350310207066248,0.0552019511636148));
#2830=CARTESIAN_POINT('',(-0.00939596499745155,0.0399289794580066,0.0548329035445678));
#2831=CARTESIAN_POINT('',(-0.0068388181447878,0.044113564768378,0.0544638559255198));
#2832=CARTESIAN_POINT('',(-0.00259178203893725,0.0465655922073489,0.0540948083064718));
#2833=CARTESIAN_POINT('',(0.0023107485704795,0.0466878536877774,0.0537257606874248));
#2834=CARTESIAN_POINT('',(0.00667472875522425,0.0444505715882157,0.0533567130683768));
#2835=CARTESIAN_POINT('',(0.00943728123381359,0.0403986512966866,0.0529876654493288));
#2836=CARTESIAN_POINT('',(0.00992556741759799,0.0355189657690538,0.0526186178302818));
#2837=CARTESIAN_POINT('',(0.00802066186016477,0.0309999958573234,0.0522495702112338));
#2838=CARTESIAN_POINT('',(0.004186517364839,0.0279423676531711,0.0518805225921868));
#2839=CARTESIAN_POINT('',(-0.000643033900155351,0.0270907874604379,0.0515114749731388));
#2840=CARTESIAN_POINT('',(-0.0052917216260607,0.028652663471164,0.0511424273540918));
#2841=CARTESIAN_POINT('',(-0.0086273260585692,0.0322475900789954,0.0507733797350438));
#2842=CARTESIAN_POINT('',(-0.0098374378783805,0.0369999982716296,0.0504043321159958));
#2843=CARTESIAN_POINT('',(-0.0086273260585692,0.0417524064642641,0.0500352844969488));
#2844=CARTESIAN_POINT('',(-0.0052917216260608,0.0453473330720953,0.0496662368779008));
#2845=CARTESIAN_POINT('',(-0.000643033900155451,0.0469092090828216,0.0492971892588528));
#2846=CARTESIAN_POINT('',(0.00418651736483893,0.0460576288900882,0.0489281416398058));
#2847=CARTESIAN_POINT('',(0.00802066186016474,0.0430000006859361,0.0485590940207578));
#2848=CARTESIAN_POINT('',(0.00992556741759798,0.0384810307742056,0.0481900464017098));
#2849=CARTESIAN_POINT('',(0.00943728123381363,0.0336013452465729,0.0478209987826628));
#2850=CARTESIAN_POINT('',(0.0066747287552243,0.0295494249550438,0.0474519511636148));
#2851=CARTESIAN_POINT('',(0.00231074857047955,0.027312142855482,0.0470829035445678));
#2852=CARTESIAN_POINT('',(-0.00259178203893715,0.0274344043359105,0.0467138559255198));
#2853=CARTESIAN_POINT('',(-0.0068388181447878,0.0298864317748814,0.0463448083064718));
#2854=CARTESIAN_POINT('',(-0.00939596499745155,0.0340710170852528,0.0459757606874248));
#2855=CARTESIAN_POINT('',(-0.00964041195617125,0.0389689758366346,0.0456067130683768));
#2856=CARTESIAN_POINT('',(-0.0075126222888921,0.0433873766081451,0.0452376654493288));
#2857=CARTESIAN_POINT('',(-0.00353083375137507,0.0462500876114358,0.0448686178302818));
#2858=CARTESIAN_POINT('',(0.00133516176983763,0.0468598759627536,0.0444995702112338));
#2859=CARTESIAN_POINT('',(0.00590021771762418,0.0450682235300974,0.0441305225921868));
#2860=CARTESIAN_POINT('',(0.009052483430388,0.0413114995420997,0.0437614749731388));
#2861=CARTESIAN_POINT('',(0.0100242029904904,0.0365046798718416,0.0433924273540918));
#2862=CARTESIAN_POINT('',(0.00857870743962201,0.0318184983923976,0.0430233797350438));
#2863=CARTESIAN_POINT('',(0.0050680571255531,0.0283943067187041,0.0426543321159958));
#2864=CARTESIAN_POINT('',(0.000347294991672879,0.0270660901997632,0.0422852844969488));
#2865=CARTESIAN_POINT('',(-0.00443380499170399,0.028157345071376,0.0419162368779008));
#2866=CARTESIAN_POINT('',(-0.00811077315750695,0.0314022887309077,0.0415471892588528));
#2867=CARTESIAN_POINT('',(-0.0097880587097376,0.0360105929116388,0.0411781416398058));
#2868=CARTESIAN_POINT('',(-0.00905714725727685,0.0408598735484472,0.0408090940207578));
#2869=CARTESIAN_POINT('',(-0.0060960572934974,0.0447690551088599,0.0404400464017108));
#2870=CARTESIAN_POINT('',(-0.00162598257219593,0.0467860296332019,0.0400709987826628));
#2871=CARTESIAN_POINT('',(0.00326435957367252,0.0464195491532206,0.0397019511636148));
#2872=CARTESIAN_POINT('',(0.00738389279969761,0.0437588725014004,0.0393329035445678));
#2873=CARTESIAN_POINT('',(0.00972927655645056,0.0394520257106007,0.0389638559255197));
#2874=CARTESIAN_POINT('',(0.00972927655645056,0.0345479708326588,0.0385948083064721));
#2875=CARTESIAN_POINT('',(0.00738389279969765,0.030241124041859,0.0382257606874246));
#2876=CARTESIAN_POINT('',(0.0032643595736726,0.0275804473900389,0.0378567130683768));
#2877=CARTESIAN_POINT('',(-0.00162598257219583,0.0272139669100574,0.0374876654493293));
#2878=CARTESIAN_POINT('',(-0.0060960572934974,0.0292309414343995,0.0371186178302816));
#2879=CARTESIAN_POINT('',(-0.00905714725727675,0.0331401229948121,0.0367495702112341));
#2880=CARTESIAN_POINT('',(-0.0097880587097376,0.0379894036316205,0.0363805225921864));
#2881=CARTESIAN_POINT('',(-0.00811077315750705,0.0425977078123516,0.0360114749731387));
#2882=CARTESIAN_POINT('',(-0.00443380499170409,0.0458426514718835,0.0356424273540912));
#2883=CARTESIAN_POINT('',(0.000347294991672799,0.0469339063434961,0.0352733797350436));
#2884=CARTESIAN_POINT('',(0.00506805712555303,0.0456056898245554,0.0349043321159958));
#2885=CARTESIAN_POINT('',(0.00857870743962196,0.042181498150862,0.0345352844969484));
#2886=CARTESIAN_POINT('',(0.0100242029904904,0.0374953166714178,0.0341662368779006));
#2887=CARTESIAN_POINT('',(0.00905248343038803,0.0326884970011599,0.0337971892588531));
#2888=CARTESIAN_POINT('',(0.00590021771762423,0.0289317730131621,0.0334281416398055));
#2889=CARTESIAN_POINT('',(0.00133516176983771,0.0271401205805058,0.0330590940207578));
#2890=CARTESIAN_POINT('',(-0.00353083375137497,0.0277499089318236,0.0326900464017102));
#2891=CARTESIAN_POINT('',(-0.0075126222888921,0.0306126199351141,0.0323209987826626));
#2892=CARTESIAN_POINT('',(-0.00964041195617115,0.0350310207066248,0.031951951163615));
#2893=CARTESIAN_POINT('',(-0.00939596499745155,0.0399289794580066,0.0315829035445674));
#2894=CARTESIAN_POINT('',(-0.0068388181447878,0.0441135647683779,0.0312138559255196));
#2895=CARTESIAN_POINT('',(-0.00259178203893725,0.046565592207349,0.0308448083064722));
#2896=CARTESIAN_POINT('',(0.00231074857047945,0.0466878536877773,0.0304757606874245));
#2897=CARTESIAN_POINT('',(0.00667472875522422,0.0444505715882158,0.0301067130683769));
#2898=CARTESIAN_POINT('',(0.00943728123381359,0.0403986512966865,0.0297376654493292));
#2899=CARTESIAN_POINT('',(0.009925567417598,0.0355189657690539,0.0293686178302816));
#2900=CARTESIAN_POINT('',(0.00802066186016478,0.0309999958573234,0.028999570211234));
#2901=CARTESIAN_POINT('',(0.004186517364839,0.0279423676531712,0.0286305225921864));
#2902=CARTESIAN_POINT('',(-0.000643033900155351,0.0270907874604379,0.0282614749731387));
#2903=CARTESIAN_POINT('',(-0.0052917216260607,0.0286526634711641,0.0278924273540912));
#2904=CARTESIAN_POINT('',(-0.0086273260585692,0.0322475900789953,0.0275233797350435));
#2905=CARTESIAN_POINT('',(-0.0098374378783805,0.0369999982716297,0.027154332115996));
#2906=CARTESIAN_POINT('',(-0.0086273260585692,0.041752406464264,0.0267852844969483));
#2907=CARTESIAN_POINT('',(-0.0052917216260608,0.0453473330720954,0.0264162368779007));
#2908=CARTESIAN_POINT('',(-0.000643033900155451,0.0469092090828214,0.0260471892588531));
#2909=CARTESIAN_POINT('',(0.00418651736483888,0.0460576288900883,0.0256781416398055));
#2910=CARTESIAN_POINT('',(0.00802066186016467,0.0430000006859361,0.0253090940207578));
#2911=CARTESIAN_POINT('',(0.00992556741759798,0.0384810307742057,0.0249400464017102));
#2912=CARTESIAN_POINT('',(0.00943728123381364,0.0336013452465729,0.0245709987826627));
#2913=CARTESIAN_POINT('',(0.00667472875522428,0.0295494249550438,0.0242019511636149));
#2914=CARTESIAN_POINT('',(0.00231074857047952,0.027312142855482,0.0238329035445674));
#2915=CARTESIAN_POINT('',(-0.00259178203893715,0.0274344043359105,0.0234638559255196));
#2916=CARTESIAN_POINT('',(-0.0068388181447877,0.0298864317748814,0.0230948083064722));
#2917=CARTESIAN_POINT('',(-0.00939596499745155,0.0340710170852528,0.0227257606874245));
#2918=CARTESIAN_POINT('',(-0.00964041195617125,0.0389689758366344,0.0223567130683769));
#2919=CARTESIAN_POINT('',(-0.0075126222888922,0.0433873766081452,0.0219876654493293));
#2920=CARTESIAN_POINT('',(-0.00353083375137507,0.0462500876114356,0.0216186178302816));
#2921=CARTESIAN_POINT('',(0.00133516176983761,0.0468598759627537,0.021249570211234));
#2922=CARTESIAN_POINT('',(0.00590021771762417,0.0450682235300972,0.0208805225921865));
#2923=CARTESIAN_POINT('',(0.00905248343038801,0.0413114995420997,0.0205114749731387));
#2924=CARTESIAN_POINT('',(0.0100242029904904,0.0365046798718417,0.0201424273540912));
#2925=CARTESIAN_POINT('',(0.00857870743962201,0.0318184983923976,0.0197733797350435));
#2926=CARTESIAN_POINT('',(0.00506805712555314,0.0283943067187041,0.019404332115996));
#2927=CARTESIAN_POINT('',(0.000347294991672929,0.0270660901997632,0.0190352844969483));
#2928=CARTESIAN_POINT('',(-0.00443380499170399,0.0281573450713759,0.0186662368779007));
#2929=CARTESIAN_POINT('',(-0.00811077315750695,0.0314022887309077,0.0182971892588531));
#2930=CARTESIAN_POINT('',(-0.0097880587097376,0.0360105929116388,0.0179281416398054));
#2931=CARTESIAN_POINT('',(-0.00905714725727685,0.0408598735484472,0.0175590940207578));
#2932=CARTESIAN_POINT('',(-0.0060960572934974,0.0447690551088599,0.0171900464017102));
#2933=CARTESIAN_POINT('',(-0.00162598257219593,0.046786029633202,0.0168209987826626));
#2934=CARTESIAN_POINT('',(0.00326435957367252,0.0464195491532206,0.016451951163615));
#2935=CARTESIAN_POINT('',(0.00738389279969757,0.0437588725014005,0.0160829035445673));
#2936=CARTESIAN_POINT('',(0.00972927655645053,0.0394520257106008,0.0157138559255198));
#2937=CARTESIAN_POINT('',(0.0097292765564506,0.0345479708326588,0.0153448083064721));
#2938=CARTESIAN_POINT('',(0.00738389279969766,0.030241124041859,0.0149757606874245));
#2939=CARTESIAN_POINT('',(0.00326435957367256,0.0275804473900389,0.0146067130683769));
#2940=CARTESIAN_POINT('',(-0.00162598257219593,0.0272139669100574,0.0142376654493293));
#2941=CARTESIAN_POINT('',(-0.0060960572934973,0.0292309414343996,0.0138686178302816));
#2942=CARTESIAN_POINT('',(-0.00905714725727685,0.033140122994812,0.013499570211234));
#2943=CARTESIAN_POINT('',(-0.0097880587097376,0.0379894036316206,0.0131305225921864));
#2944=CARTESIAN_POINT('',(-0.00811077315750705,0.0425977078123516,0.0127614749731388));
#2945=CARTESIAN_POINT('',(-0.00443380499170409,0.0458426514718835,0.0123924273540912));
#2946=CARTESIAN_POINT('',(0.000347294991672698,0.0469339063434961,0.0120233797350436));
#2947=CARTESIAN_POINT('',(0.00506805712555296,0.0456056898245555,0.0116543321159959));
#2948=CARTESIAN_POINT('',(0.00857870743962196,0.0421814981508619,0.0112852844969483));
#2949=CARTESIAN_POINT('',(0.0100242029904904,0.0374953166714179,0.0109162368779006));
#2950=CARTESIAN_POINT('',(0.00905248343038801,0.0326884970011599,0.0105471892588531));
#2951=CARTESIAN_POINT('',(0.00590021771762424,0.0289317730131621,0.0101781416398054));
#2952=CARTESIAN_POINT('',(0.00133516176983774,0.0271401205805058,0.00980909402075781));
#2953=CARTESIAN_POINT('',(-0.00353083375137487,0.0277499089318236,0.00944004640171021));
#2954=CARTESIAN_POINT('',(-0.0075126222888921,0.0306126199351142,0.00907099878266251));
#2955=CARTESIAN_POINT('',(-0.00964041195617115,0.0350310207066247,0.008701951163615));
#2956=CARTESIAN_POINT('',(-0.00939596499745155,0.0399289794580065,0.00833290354456742));
#2957=CARTESIAN_POINT('',(-0.0068388181447879,0.0441135647683778,0.00796385592551972));
#2958=CARTESIAN_POINT('',(-0.00259178203893725,0.0465655922073489,0.00759480830647211));
#2959=CARTESIAN_POINT('',(0.00231074857047948,0.0466878536877774,0.00722576068742451));
#2960=CARTESIAN_POINT('',(0.00667472875522424,0.0444505715882157,0.00685671306837691));
#2961=CARTESIAN_POINT('',(0.00943728123381357,0.0403986512966866,0.00648766544932921));
#2962=CARTESIAN_POINT('',(0.009925567417598,0.0355189657690539,0.0061186178302817));
#2963=CARTESIAN_POINT('',(0.00802066186016482,0.0309999958573235,0.00574957021123401));
#2964=CARTESIAN_POINT('',(0.00418651736483904,0.0279423676531711,0.00538052259218642));
#2965=CARTESIAN_POINT('',(-0.000643033900155351,0.0270907874604379,0.0050114749731388));
#2966=CARTESIAN_POINT('',(-0.0052917216260607,0.028652663471164,0.00464242735409112));
#2967=CARTESIAN_POINT('',(-0.0086273260585692,0.0322475900789954,0.00427337973504361));
#2968=CARTESIAN_POINT('',(-0.0098374378783805,0.0369999982716296,0.00390433211599591));
#2969=CARTESIAN_POINT('',(-0.0086273260585693,0.041752406464264,0.00353528449694831));
#2970=CARTESIAN_POINT('',(-0.0052917216260608,0.0453473330720953,0.0031662368779007));
#2971=CARTESIAN_POINT('',(-0.000643033900155451,0.0469092090828215,0.00279718925885311));
#2972=CARTESIAN_POINT('',(0.00418651736483884,0.0460576288900882,0.0024281416398055));
#2973=CARTESIAN_POINT('',(0.00802066186016469,0.0430000006859362,0.0020590940207578));
#2974=CARTESIAN_POINT('',(0.00992556741759796,0.0384810307742057,0.00169004640171022));
#2975=CARTESIAN_POINT('',(0.00943728123381364,0.0336013452465729,0.00132099878266261));
#2976=CARTESIAN_POINT('',(0.00667472875522434,0.0295494249550438,0.000951951163614899));
#2977=CARTESIAN_POINT('',(0.00231074857047959,0.0273121428554821,0.000582903544567408));
#2978=CARTESIAN_POINT('',(-0.00259178203893715,0.0274344043359105,0.000213855925519708));
#2979=CARTESIAN_POINT('',(-0.0068388181447877,0.0298864317748813,-0.000155191693527894));
#2980=CARTESIAN_POINT('',(-0.00939596499745155,0.0340710170852528,-0.000524239312575496));
#2981=CARTESIAN_POINT('',(-0.00964041195617125,0.0389689758366344,-0.000893286931623098));
#2982=CARTESIAN_POINT('',(-0.0075126222888922,0.0433873766081451,-0.0012623345506707));
#2983=CARTESIAN_POINT('',(-0.00353083375137507,0.0462500876114357,-0.0016313821697184));
#2984=CARTESIAN_POINT('',(0.00133516176983757,0.0468598759627536,-0.00200042978876599));
#2985=CARTESIAN_POINT('',(0.00590021771762419,0.0450682235300974,-0.00236947740781359));
#2986=CARTESIAN_POINT('',(0.009052483430388,0.0413114995420996,-0.0027385250268612));
#2987=CARTESIAN_POINT('',(0.0100242029904903,0.0365046798718417,-0.00310757264590889));
#2988=CARTESIAN_POINT('',(0.00857870743962204,0.0318184983923976,-0.0034766202649564));
#2989=CARTESIAN_POINT('',(0.00506805712555314,0.0283943067187041,-0.00384566788400409));
#2990=CARTESIAN_POINT('',(0.000347294991672909,0.0270660901997633,-0.0042147155030517));
#2991=CARTESIAN_POINT('',(-0.00443380499170389,0.0281573450713759,-0.0045837631220993));
#2992=CARTESIAN_POINT('',(-0.00811077315750695,0.0314022887309076,-0.00495281074114689));
#2993=CARTESIAN_POINT('',(-0.0097880587097376,0.0360105929116386,-0.0053218583601946));
#2994=CARTESIAN_POINT('',(-0.00905714725727685,0.0408598735484472,-0.00569090597924219));
#2995=CARTESIAN_POINT('',(-0.0060960572934974,0.0447690551088599,-0.00605995359828979));
#2996=CARTESIAN_POINT('',(-0.00162598257219593,0.046786029633202,-0.0064290012173374));
#2997=CARTESIAN_POINT('',(0.00326435957367249,0.0464195491532206,-0.00679804883638509));
#2998=CARTESIAN_POINT('',(0.00738389279969751,0.0437588725014006,-0.0071670964554326));
#2999=CARTESIAN_POINT('',(0.00972927655645061,0.0394520257106007,-0.0075361440744803));
#3000=CARTESIAN_POINT('',(0.00972927655645046,0.034547970832659,-0.00790519169352789));
#3001=CARTESIAN_POINT('',(0.00738389279969797,0.0302411240418589,-0.00827423931257549));
#3002=CARTESIAN_POINT('',(0.00326435957367218,0.0275804473900394,-0.00864328693162309));
#3003=CARTESIAN_POINT('',(-0.00162598257219463,0.0272139669100564,-0.00901233455067079));
#3004=CARTESIAN_POINT('',(-0.0060960572934996,0.0292309414344012,-0.00938138216971839));
#3005=CARTESIAN_POINT('',(-0.00905714725727215,0.0331401229948085,-0.00975042978876599));
#3006=CARTESIAN_POINT('',(-0.0097880587097471,0.037989403631628,-0.0101194774078136));
#3007=CARTESIAN_POINT('',(-0.00811077315748735,0.0425977078123362,-0.0104885250268612));
#3008=CARTESIAN_POINT('',(-0.00443380499174469,0.0458426514719151,-0.0108575726459088));
#3009=CARTESIAN_POINT('',(0.000347294991756169,0.0469339063434311,-0.0112266202649564));
#3010=CARTESIAN_POINT('',(0.00506805712538121,0.0456056898246893,-0.0115956678840041));
#3011=CARTESIAN_POINT('',(0.00857870743997537,0.0421814981505864,-0.0119647155030517));
#3012=CARTESIAN_POINT('',(0.010024202989763,0.0374953166719852,-0.0123337631220993));
#3013=CARTESIAN_POINT('',(0.00905248343188489,0.0326884969999926,-0.0127028107411469));
#3014=CARTESIAN_POINT('',(0.00590021771454389,0.0289317730155646,-0.0130718583601946));
#3015=CARTESIAN_POINT('',(0.0013351617761769,0.0271401205755618,-0.0134409059792422));
#3016=CARTESIAN_POINT('',(-0.00353083376442037,0.0277499089419981,-0.0138099535982898));
#3017=CARTESIAN_POINT('',(-0.00751262226204565,0.030612619914176,-0.0141790012173374));
#3018=CARTESIAN_POINT('',(-0.00964041201141885,0.0350310207497133,-0.014548048836385));
#3019=CARTESIAN_POINT('',(-0.0093959648837567,0.0399289793693338,-0.0149170964554327));
#3020=CARTESIAN_POINT('',(-0.00683881837876215,0.0441135649508585,-0.0152861440744803));
#3021=CARTESIAN_POINT('',(-0.00259178155743861,0.0465655918318195,-0.0156551916935278));
#3022=CARTESIAN_POINT('',(0.00231074757959676,0.0466878544605843,-0.0160242393125756));
#3023=CARTESIAN_POINT('',(0.00667473079437486,0.0444505699978462,-0.0163932869316231));
#3024=CARTESIAN_POINT('',(0.00943727703741939,0.0403986545695295,-0.0167623345506708));
#3025=CARTESIAN_POINT('',(0.00992557605345031,0.0355189590338249,-0.0171313821697184));
#3026=CARTESIAN_POINT('',(0.00802064408856956,0.0310000097178734,-0.017500429788766));
#3027=CARTESIAN_POINT('',(0.00418655394713779,0.0279423391286057,-0.0178694774078136));
#3028=CARTESIAN_POINT('',(-0.000643109128826352,0.0270908461713801,-0.0182385250268612));
#3029=CARTESIAN_POINT('',(-0.00529156416230565,0.0286525424309553,-0.0186075726459089));
#3030=CARTESIAN_POINT('',(-0.00862763814648215,0.0322478421152308,-0.0189766202649565));
#3031=CARTESIAN_POINT('',(-0.00943326825401505,0.0354155583939771,-0.0192226520109882));
#3032=CARTESIAN_POINT('',(-0.00943326825401505,0.0369999982716297,-0.0193456678840041));
#3033=CARTESIAN_POINT('',(-0.0096484813587745,0.0369999982716297,0.074096565616354));
#3034=CARTESIAN_POINT('',(-0.0096484813587745,0.0386207142556264,0.073973549743338));
#3035=CARTESIAN_POINT('',(-0.0088247898682764,0.0418592216356998,0.073727517997306));
#3036=CARTESIAN_POINT('',(-0.0054133098484303,0.0455361183656982,0.073358470378258));
#3037=CARTESIAN_POINT('',(-0.000659892267480151,0.0471328988075862,0.072989422759211));
#3038=CARTESIAN_POINT('',(0.0042788679173858,0.0462622649452667,0.072620375140163));
#3039=CARTESIAN_POINT('',(0.00819954885040504,0.0431354890738119,0.072251327521116));
#3040=CARTESIAN_POINT('',(0.0101475091190206,0.0385144955309537,0.071882279902068));
#3041=CARTESIAN_POINT('',(0.00964817974649899,0.033524575956002,0.07151323228302));
#3042=CARTESIAN_POINT('',(0.00682323894222468,0.0293811483845479,0.071144184663973));
#3043=CARTESIAN_POINT('',(0.00236068972785136,0.0270933297859682,0.070775137044925));
#3044=CARTESIAN_POINT('',(-0.00265256854840325,0.0272183550567449,0.070406089425877));
#3045=CARTESIAN_POINT('',(-0.0069955297185092,0.0297257632319154,0.07003704180683));
#3046=CARTESIAN_POINT('',(-0.0096104323067968,0.034004862824644,0.069667994187782));
#3047=CARTESIAN_POINT('',(-0.00986040057738865,0.0390134473940336,0.069298946568734));
#3048=CARTESIAN_POINT('',(-0.0076845522138945,0.0435316430138326,0.068929898949687));
#3049=CARTESIAN_POINT('',(-0.00361283040069901,0.0464590116075684,0.068560851330639));
#3050=CARTESIAN_POINT('',(0.00136306930624681,0.0470825727686667,0.068191803711592));
#3051=CARTESIAN_POINT('',(0.00603123233683552,0.0452504537685819,0.067822756092544));
#3052=CARTESIAN_POINT('',(0.00925469563916714,0.0414088798110482,0.067453708473496));
#3053=CARTESIAN_POINT('',(0.0102483626122137,0.0364934925290068,0.067084660854449));
#3054=CARTESIAN_POINT('',(0.00877021886577253,0.031701468196837,0.066715613235401));
#3055=CARTESIAN_POINT('',(0.00518027643407578,0.0281999371741352,0.066346565616353));
#3056=CARTESIAN_POINT('',(0.000352890401753769,0.0268417213420214,0.065977517997306));
#3057=CARTESIAN_POINT('',(-0.00453619628094739,0.0279576234728434,0.065608470378258));
#3058=CARTESIAN_POINT('',(-0.0082962130456659,0.0312758579559324,0.065239422759211));
#3059=CARTESIAN_POINT('',(-0.0100113820412801,0.0359882460417921,0.064870375140163));
#3060=CARTESIAN_POINT('',(-0.00926396210426605,0.0409470533170957,0.064501327521116));
#3061=CARTESIAN_POINT('',(-0.0062359924826161,0.0449445282858511,0.064132279902068));
#3062=CARTESIAN_POINT('',(-0.00166495592911085,0.0470070585237324,0.06376323228302));
#3063=CARTESIAN_POINT('',(0.00333584027712697,0.0466323006562255,0.063394184663973));
#3064=CARTESIAN_POINT('',(0.00754841794832198,0.0439115295302856,0.063025137044925));
#3065=CARTESIAN_POINT('',(0.00994677492276256,0.0395074075997806,0.062656089425878));
#3066=CARTESIAN_POINT('',(0.00994677492276278,0.0344925889434787,0.06228704180683));
#3067=CARTESIAN_POINT('',(0.00754841794832167,0.0300884670129743,0.061917994187782));
#3068=CARTESIAN_POINT('',(0.00333584027712764,0.0273676958870331,0.061548946568734));
#3069=CARTESIAN_POINT('',(-0.00166495592911216,0.0269929380195287,0.061179898949687));
#3070=CARTESIAN_POINT('',(-0.0062359924826135,0.0290554682574046,0.060810851330639));
#3071=CARTESIAN_POINT('',(-0.0092639621042713,0.0330529432261712,0.060441803711592));
#3072=CARTESIAN_POINT('',(-0.0100113820412692,0.0380117505014519,0.060072756092544));
#3073=CARTESIAN_POINT('',(-0.00829621304568845,0.0427241385873587,0.059703708473496));
#3074=CARTESIAN_POINT('',(-0.00453619628090095,0.0460423730703506,0.059334660854449));
#3075=CARTESIAN_POINT('',(0.000352890401658279,0.0471582752013724,0.058965613235401));
#3076=CARTESIAN_POINT('',(0.00518027643427221,0.0458000593688473,0.058596565616354));
#3077=CARTESIAN_POINT('',(0.00877021886536822,0.0422985283469921,0.058227517997306));
#3078=CARTESIAN_POINT('',(0.0102483626130457,0.0375065040130805,0.057858470378258));
#3079=CARTESIAN_POINT('',(0.00925469563745501,0.0325911167346233,0.057489422759211));
#3080=CARTESIAN_POINT('',(0.00603123234035898,0.0287495427697135,0.057120375140163));
#3081=CARTESIAN_POINT('',(0.00136306929899592,0.0269174237848083,0.056751327521116));
#3082=CARTESIAN_POINT('',(-0.00361283038577729,0.0275409849146682,0.056382279902068));
#3083=CARTESIAN_POINT('',(-0.00768455224460205,0.0304683535726897,0.05601323228302));
#3084=CARTESIAN_POINT('',(-0.0098604005141951,0.0349865490601944,0.055644184663973));
#3085=CARTESIAN_POINT('',(-0.00961043243684385,0.0399951339018341,0.055275137044925));
#3086=CARTESIAN_POINT('',(-0.00699552945088355,0.0442742329342957,0.054906089425877));
#3087=CARTESIAN_POINT('',(-0.00265256909915355,0.046781642262447,0.05453704180683));
#3088=CARTESIAN_POINT('',(0.00236069086124775,0.0469066651604896,0.054167994187782));
#3089=CARTESIAN_POINT('',(0.00682323660979301,0.0446188514447909,0.053798946568735));
#3090=CARTESIAN_POINT('',(0.00964818454643979,0.0404754138247908,0.053429898949687));
#3091=CARTESIAN_POINT('',(0.0101474992411164,0.0354855149288933,0.053060851330639));
#3092=CARTESIAN_POINT('',(0.00819956917800105,0.0308644788302668,0.052691803711592));
#3093=CARTESIAN_POINT('',(0.00427882607363584,0.0277377905398914,0.052322756092544));
#3094=CARTESIAN_POINT('',(-0.000659806219040972,0.0268669764188942,0.051953708473497));
#3095=CARTESIAN_POINT('',(-0.00541348995941905,0.0284641292143598,0.051584660854449));
#3096=CARTESIAN_POINT('',(-0.008824432894301,0.0321402514172492,0.051215613235401));
#3097=CARTESIAN_POINT('',(-0.0100618764958189,0.0369999982716297,0.050846565616354));
#3098=CARTESIAN_POINT('',(-0.008824432894301,0.0418597451260099,0.050477517997306));
#3099=CARTESIAN_POINT('',(-0.00541348995941915,0.0455358673288997,0.050108470378258));
#3100=CARTESIAN_POINT('',(-0.000659806219040972,0.0471330201243651,0.049739422759211));
#3101=CARTESIAN_POINT('',(0.00427882607363578,0.0462622060033681,0.049370375140163));
#3102=CARTESIAN_POINT('',(0.008199569178001,0.0431355177129927,0.049001327521116));
#3103=CARTESIAN_POINT('',(0.0101474992411163,0.0385144816143661,0.048632279902068));
#3104=CARTESIAN_POINT('',(0.00964818454643982,0.0335245827184687,0.04826323228302));
#3105=CARTESIAN_POINT('',(0.00682323660979307,0.0293811450984685,0.047894184663973));
#3106=CARTESIAN_POINT('',(0.0023606908612478,0.0270933313827699,0.047525137044925));
#3107=CARTESIAN_POINT('',(-0.00265256909915355,0.0272183542808123,0.047156089425877));
#3108=CARTESIAN_POINT('',(-0.00699552945088355,0.0297257636089636,0.04678704180683));
#3109=CARTESIAN_POINT('',(-0.00961043243684385,0.0340048626414253,0.046417994187782));
#3110=CARTESIAN_POINT('',(-0.0098604005141951,0.039013447483065,0.046048946568735));
#3111=CARTESIAN_POINT('',(-0.00768455224460205,0.0435316429705696,0.045679898949687));
#3112=CARTESIAN_POINT('',(-0.00361283038577729,0.0464590116285911,0.045310851330639));
#3113=CARTESIAN_POINT('',(0.00136306929899587,0.0470825727584512,0.044941803711592));
#3114=CARTESIAN_POINT('',(0.00603123234035893,0.0452504537735459,0.044572756092544));
#3115=CARTESIAN_POINT('',(0.009254695637455,0.0414088798086361,0.044203708473496));
#3116=CARTESIAN_POINT('',(0.0102483626130457,0.036493492530179,0.043834660854449));
#3117=CARTESIAN_POINT('',(0.00877021886536827,0.0317014681962675,0.043465613235401));
#3118=CARTESIAN_POINT('',(0.00518027643427227,0.0281999371744121,0.043096565616354));
#3119=CARTESIAN_POINT('',(0.000352890401658338,0.026841721341887,0.042727517997306));
#3120=CARTESIAN_POINT('',(-0.00453619628090095,0.027957623472909,0.042358470378258));
#3121=CARTESIAN_POINT('',(-0.00829621304568835,0.0312758579559007,0.041989422759211));
#3122=CARTESIAN_POINT('',(-0.0100113820412692,0.0359882460418074,0.041620375140163));
#3123=CARTESIAN_POINT('',(-0.0092639621042713,0.0409470533170881,0.041251327521116));
#3124=CARTESIAN_POINT('',(-0.0062359924826135,0.0449445282858548,0.040882279902068));
#3125=CARTESIAN_POINT('',(-0.00166495592911216,0.0470070585237306,0.04051323228302));
#3126=CARTESIAN_POINT('',(0.00333584027712758,0.0466323006562263,0.040144184663973));
#3127=CARTESIAN_POINT('',(0.00754841794832168,0.0439115295302851,0.039775137044925));
#3128=CARTESIAN_POINT('',(0.0099467749227627,0.0395074075997809,0.039406089425878));
#3129=CARTESIAN_POINT('',(0.00994677492276271,0.0344925889434786,0.0390370418068297));
#3130=CARTESIAN_POINT('',(0.00754841794832172,0.0300884670129743,0.0386679941877823));
#3131=CARTESIAN_POINT('',(0.00333584027712766,0.0273676958870331,0.0382989465687346));
#3132=CARTESIAN_POINT('',(-0.00166495592911205,0.0269929380195287,0.0379298989496871));
#3133=CARTESIAN_POINT('',(-0.0062359924826134,0.0290554682574046,0.0375608513306394));
#3134=CARTESIAN_POINT('',(-0.0092639621042713,0.0330529432261712,0.0371918037115918));
#3135=CARTESIAN_POINT('',(-0.0100113820412692,0.0380117505014518,0.0368227560925442));
#3136=CARTESIAN_POINT('',(-0.00829621304568845,0.0427241385873587,0.0364537084734966));
#3137=CARTESIAN_POINT('',(-0.00453619628090105,0.0460423730703505,0.0360846608544489));
#3138=CARTESIAN_POINT('',(0.000352890401658269,0.0471582752013725,0.0357156132354013));
#3139=CARTESIAN_POINT('',(0.00518027643427219,0.0458000593688473,0.0353465656163537));
#3140=CARTESIAN_POINT('',(0.00877021886536821,0.0422985283469921,0.0349775179973061));
#3141=CARTESIAN_POINT('',(0.0102483626130457,0.0375065040130806,0.0346084703782584));
#3142=CARTESIAN_POINT('',(0.00925469563745503,0.0325911167346233,0.0342394227592108));
#3143=CARTESIAN_POINT('',(0.00603123234035898,0.0287495427697135,0.0338703751401632));
#3144=CARTESIAN_POINT('',(0.00136306929899594,0.0269174237848083,0.0335013275211155));
#3145=CARTESIAN_POINT('',(-0.00361283038577719,0.0275409849146682,0.033132279902068));
#3146=CARTESIAN_POINT('',(-0.00768455224460205,0.0304683535726896,0.0327632322830203));
#3147=CARTESIAN_POINT('',(-0.0098604005141951,0.0349865490601944,0.0323941846639727));
#3148=CARTESIAN_POINT('',(-0.00961043243684385,0.0399951339018341,0.0320251370449252));
#3149=CARTESIAN_POINT('',(-0.00699552945088355,0.0442742329342957,0.0316560894258774));
#3150=CARTESIAN_POINT('',(-0.00265256909915365,0.046781642262447,0.0312870418068299));
#3151=CARTESIAN_POINT('',(0.00236069086124769,0.0469066651604896,0.0309179941877823));
#3152=CARTESIAN_POINT('',(0.00682323660979298,0.0446188514447909,0.0305489465687347));
#3153=CARTESIAN_POINT('',(0.00964818454643978,0.0404754138247908,0.0301798989496869));
#3154=CARTESIAN_POINT('',(0.0101474992411164,0.0354855149288933,0.0298108513306394));
#3155=CARTESIAN_POINT('',(0.00819956917800105,0.0308644788302668,0.0294418037115918));
#3156=CARTESIAN_POINT('',(0.00427882607363583,0.0277377905398914,0.0290727560925442));
#3157=CARTESIAN_POINT('',(-0.000659806219040972,0.0268669764188942,0.0287037084734966));
#3158=CARTESIAN_POINT('',(-0.00541348995941905,0.0284641292143598,0.0283346608544489));
#3159=CARTESIAN_POINT('',(-0.0088244328943009,0.0321402514172492,0.0279656132354014));
#3160=CARTESIAN_POINT('',(-0.0100618764958189,0.0369999982716297,0.0275965656163537));
#3161=CARTESIAN_POINT('',(-0.008824432894301,0.0418597451260101,0.0272275179973061));
#3162=CARTESIAN_POINT('',(-0.00541348995941915,0.0455358673288996,0.0268584703782584));
#3163=CARTESIAN_POINT('',(-0.000659806219041071,0.0471330201243652,0.0264894227592108));
#3164=CARTESIAN_POINT('',(0.00427882607363573,0.046262206003368,0.0261203751401631));
#3165=CARTESIAN_POINT('',(0.00819956917800092,0.0431355177129928,0.0257513275211157));
#3166=CARTESIAN_POINT('',(0.0101474992411163,0.0385144816143661,0.0253822799020679));
#3167=CARTESIAN_POINT('',(0.00964818454643983,0.0335245827184688,0.0250132322830205));
#3168=CARTESIAN_POINT('',(0.00682323660979305,0.0293811450984684,0.0246441846639726));
#3169=CARTESIAN_POINT('',(0.00236069086124776,0.0270933313827699,0.0242751370449252));
#3170=CARTESIAN_POINT('',(-0.00265256909915355,0.0272183542808123,0.0239060894258774));
#3171=CARTESIAN_POINT('',(-0.00699552945088345,0.0297257636089636,0.02353704180683));
#3172=CARTESIAN_POINT('',(-0.00961043243684385,0.0340048626414252,0.0231679941877822));
#3173=CARTESIAN_POINT('',(-0.0098604005141951,0.0390134474830648,0.0227989465687347));
#3174=CARTESIAN_POINT('',(-0.00768455224460215,0.0435316429705697,0.022429898949687));
#3175=CARTESIAN_POINT('',(-0.00361283038577729,0.046459011628591,0.0220608513306395));
#3176=CARTESIAN_POINT('',(0.00136306929899585,0.0470825727584512,0.0216918037115917));
#3177=CARTESIAN_POINT('',(0.00603123234035892,0.0452504537735458,0.0213227560925441));
#3178=CARTESIAN_POINT('',(0.009254695637455,0.0414088798086362,0.0209537084734966));
#3179=CARTESIAN_POINT('',(0.0102483626130457,0.0364934925301789,0.020584660854449));
#3180=CARTESIAN_POINT('',(0.00877021886536827,0.0317014681962675,0.0202156132354013));
#3181=CARTESIAN_POINT('',(0.00518027643427232,0.0281999371744121,0.0198465656163537));
#3182=CARTESIAN_POINT('',(0.000352890401658399,0.026841721341887,0.0194775179973061));
#3183=CARTESIAN_POINT('',(-0.00453619628090095,0.0279576234729089,0.0191084703782585));
#3184=CARTESIAN_POINT('',(-0.00829621304568835,0.0312758579559007,0.0187394227592109));
#3185=CARTESIAN_POINT('',(-0.0100113820412692,0.0359882460418074,0.0183703751401632));
#3186=CARTESIAN_POINT('',(-0.0092639621042713,0.0409470533170881,0.0180013275211156));
#3187=CARTESIAN_POINT('',(-0.0062359924826135,0.0449445282858548,0.0176322799020679));
#3188=CARTESIAN_POINT('',(-0.00166495592911216,0.0470070585237306,0.0172632322830204));
#3189=CARTESIAN_POINT('',(0.00333584027712757,0.0466323006562263,0.0168941846639728));
#3190=CARTESIAN_POINT('',(0.00754841794832163,0.0439115295302852,0.0165251370449251));
#3191=CARTESIAN_POINT('',(0.00994677492276268,0.039507407599781,0.0161560894258775));
#3192=CARTESIAN_POINT('',(0.00994677492276274,0.0344925889434786,0.0157870418068298));
#3193=CARTESIAN_POINT('',(0.00754841794832174,0.0300884670129744,0.0154179941877822));
#3194=CARTESIAN_POINT('',(0.0033358402771276,0.0273676958870331,0.0150489465687346));
#3195=CARTESIAN_POINT('',(-0.00166495592911216,0.0269929380195287,0.014679898949687));
#3196=CARTESIAN_POINT('',(-0.0062359924826135,0.0290554682574046,0.0143108513306394));
#3197=CARTESIAN_POINT('',(-0.0092639621042713,0.0330529432261712,0.0139418037115918));
#3198=CARTESIAN_POINT('',(-0.0100113820412692,0.0380117505014519,0.0135727560925441));
#3199=CARTESIAN_POINT('',(-0.00829621304568845,0.0427241385873587,0.0132037084734966));
#3200=CARTESIAN_POINT('',(-0.00453619628090105,0.0460423730703504,0.0128346608544489));
#3201=CARTESIAN_POINT('',(0.000352890401658158,0.0471582752013724,0.0124656132354013));
#3202=CARTESIAN_POINT('',(0.00518027643427213,0.0458000593688474,0.0120965656163537));
#3203=CARTESIAN_POINT('',(0.00877021886536821,0.042298528346992,0.011727517997306));
#3204=CARTESIAN_POINT('',(0.0102483626130457,0.0375065040130805,0.0113584703782585));
#3205=CARTESIAN_POINT('',(0.009254695637455,0.0325911167346233,0.0109894227592109));
#3206=CARTESIAN_POINT('',(0.00603123234035898,0.0287495427697135,0.0106203751401631));
#3207=CARTESIAN_POINT('',(0.00136306929899599,0.0269174237848083,0.0102513275211156));
#3208=CARTESIAN_POINT('',(-0.00361283038577719,0.0275409849146682,0.00988227990206791));
#3209=CARTESIAN_POINT('',(-0.00768455224460205,0.0304683535726897,0.00951323228302042));
#3210=CARTESIAN_POINT('',(-0.009860400514195,0.0349865490601943,0.0091441846639727));
#3211=CARTESIAN_POINT('',(-0.00961043243684395,0.039995133901834,0.00877513704492521));
#3212=CARTESIAN_POINT('',(-0.00699552945088365,0.0442742329342957,0.00840608942587751));
#3213=CARTESIAN_POINT('',(-0.00265256909915365,0.0467816422624469,0.00803704180682991));
#3214=CARTESIAN_POINT('',(0.00236069086124772,0.0469066651604896,0.00766799418778231));
#3215=CARTESIAN_POINT('',(0.00682323660979302,0.0446188514447909,0.00729894656873472));
#3216=CARTESIAN_POINT('',(0.00964818454643977,0.0404754138247908,0.00692989894968701));
#3217=CARTESIAN_POINT('',(0.0101474992411164,0.0354855149288935,0.00656085133063952));
#3218=CARTESIAN_POINT('',(0.00819956917800108,0.0308644788302668,0.00619180371159171));
#3219=CARTESIAN_POINT('',(0.0042788260736359,0.0277377905398914,0.00582275609254421));
#3220=CARTESIAN_POINT('',(-0.000659806219040871,0.0268669764188943,0.0054537084734965));
#3221=CARTESIAN_POINT('',(-0.00541348995941905,0.0284641292143597,0.00508466085444891));
#3222=CARTESIAN_POINT('',(-0.0088244328943009,0.0321402514172493,0.00471561323540131));
#3223=CARTESIAN_POINT('',(-0.0100618764958189,0.0369999982716296,0.00434656561635361));
#3224=CARTESIAN_POINT('',(-0.008824432894301,0.0418597451260101,0.00397751799730601));
#3225=CARTESIAN_POINT('',(-0.00541348995941915,0.0455358673288996,0.00360847037825852));
#3226=CARTESIAN_POINT('',(-0.000659806219041071,0.0471330201243652,0.0032394227592108));
#3227=CARTESIAN_POINT('',(0.00427882607363569,0.0462622060033681,0.0028703751401632));
#3228=CARTESIAN_POINT('',(0.00819956917800096,0.0431355177129928,0.00250132752111561));
#3229=CARTESIAN_POINT('',(0.0101474992411163,0.0385144816143661,0.00213227990206801));
#3230=CARTESIAN_POINT('',(0.00964818454643984,0.0335245827184689,0.00176323228302031));
#3231=CARTESIAN_POINT('',(0.00682323660979311,0.0293811450984685,0.00139418466397271));
#3232=CARTESIAN_POINT('',(0.00236069086124784,0.0270933313827699,0.0010251370449252));
#3233=CARTESIAN_POINT('',(-0.00265256909915345,0.0272183542808124,0.000656089425877506));
#3234=CARTESIAN_POINT('',(-0.00699552945088345,0.0297257636089635,0.000287041806829903));
#3235=CARTESIAN_POINT('',(-0.00961043243684385,0.0340048626414253,-8.20058122176851E-5));
#3236=CARTESIAN_POINT('',(-0.0098604005141951,0.0390134474830648,-0.000451053431265398));
#3237=CARTESIAN_POINT('',(-0.00768455224460215,0.0435316429705696,-0.000820101050312889));
#3238=CARTESIAN_POINT('',(-0.00361283038577739,0.046459011628591,-0.00118914866936059));
#3239=CARTESIAN_POINT('',(0.00136306929899581,0.0470825727584512,-0.00155819628840819));
#3240=CARTESIAN_POINT('',(0.00603123234035893,0.0452504537735458,-0.00192724390745579));
#3241=CARTESIAN_POINT('',(0.009254695637455,0.0414088798086361,-0.00229629152650349));
#3242=CARTESIAN_POINT('',(0.0102483626130457,0.036493492530179,-0.0026653391455511));
#3243=CARTESIAN_POINT('',(0.00877021886536829,0.0317014681962675,-0.0030343867645987));
#3244=CARTESIAN_POINT('',(0.00518027643427232,0.0281999371744121,-0.0034034343836463));
#3245=CARTESIAN_POINT('',(0.000352890401658388,0.026841721341887,-0.00377248200269389));
#3246=CARTESIAN_POINT('',(-0.00453619628090085,0.0279576234729089,-0.0041415296217416));
#3247=CARTESIAN_POINT('',(-0.00829621304568835,0.0312758579559006,-0.00451057724078919));
#3248=CARTESIAN_POINT('',(-0.0100113820412692,0.0359882460418073,-0.00487962485983679));
#3249=CARTESIAN_POINT('',(-0.0092639621042714,0.040947053317088,-0.00524867247888439));
#3250=CARTESIAN_POINT('',(-0.0062359924826135,0.0449445282858548,-0.005617720097932));
#3251=CARTESIAN_POINT('',(-0.00166495592911216,0.0470070585237306,-0.0059867677169796));
#3252=CARTESIAN_POINT('',(0.00333584027712754,0.0466323006562262,-0.0063558153360273));
#3253=CARTESIAN_POINT('',(0.00754841794832157,0.0439115295302854,-0.0067248629550749));
#3254=CARTESIAN_POINT('',(0.00994677492276276,0.0395074075997808,-0.00709391057412249));
#3255=CARTESIAN_POINT('',(0.00994677492276258,0.0344925889434789,-0.00746295819317009));
#3256=CARTESIAN_POINT('',(0.00754841794832208,0.030088467012974,-0.00783200581221769));
#3257=CARTESIAN_POINT('',(0.00333584027712716,0.027367695887034,-0.00820105343126529));
#3258=CARTESIAN_POINT('',(-0.00166495592911075,0.026992938019527,-0.00857010105031299));
#3259=CARTESIAN_POINT('',(-0.006235992482616,0.0290554682574082,-0.0089391486693606));
#3260=CARTESIAN_POINT('',(-0.00926396210426605,0.0330529432261637,-0.0093081962884082));
#3261=CARTESIAN_POINT('',(-0.0100113820412801,0.0380117505014674,-0.00967724390745579));
#3262=CARTESIAN_POINT('',(-0.0082962130456659,0.0427241385873267,-0.0100462915265034));
#3263=CARTESIAN_POINT('',(-0.00453619628094749,0.0460423730704158,-0.0104153391455511));
#3264=CARTESIAN_POINT('',(0.000352890401753649,0.0471582752012379,-0.0107843867645986));
#3265=CARTESIAN_POINT('',(0.00518027643407567,0.0458000593691241,-0.0111534343836463));
#3266=CARTESIAN_POINT('',(0.00877021886577246,0.0422985283464226,-0.0115224820026939));
#3267=CARTESIAN_POINT('',(0.0102483626122137,0.0375065040142528,-0.0118915296217416));
#3268=CARTESIAN_POINT('',(0.00925469563916718,0.0325911167322112,-0.0122605772407892));
#3269=CARTESIAN_POINT('',(0.0060312323368356,0.0287495427746775,-0.0126296248598368));
#3270=CARTESIAN_POINT('',(0.00136306930624689,0.0269174237745927,-0.0129986724788844));
#3271=CARTESIAN_POINT('',(-0.00361283040069901,0.0275409849356909,-0.013367720097932));
#3272=CARTESIAN_POINT('',(-0.0076845522138944,0.0304683535294267,-0.0137367677169797));
#3273=CARTESIAN_POINT('',(-0.00986040057738865,0.0349865491492256,-0.0141058153360272));
#3274=CARTESIAN_POINT('',(-0.0096104323067968,0.0399951337186153,-0.0144748629550749));
#3275=CARTESIAN_POINT('',(-0.0069955297185093,0.0442742333113439,-0.0148439105741225));
#3276=CARTESIAN_POINT('',(-0.00265256854840335,0.0467816414865145,-0.0152129581931701));
#3277=CARTESIAN_POINT('',(0.00236068972785124,0.0469066667572912,-0.0155820058122177));
#3278=CARTESIAN_POINT('',(0.00682323894222459,0.0446188481587117,-0.0159510534312653));
#3279=CARTESIAN_POINT('',(0.00964817974649895,0.0404754205872574,-0.0163201010503131));
#3280=CARTESIAN_POINT('',(0.0101475091190206,0.0354855010123057,-0.0166891486693606));
#3281=CARTESIAN_POINT('',(0.0081995488504051,0.0308645074694478,-0.0170581962884082));
#3282=CARTESIAN_POINT('',(0.00427886791738591,0.0277377315979926,-0.0174272439074559));
#3283=CARTESIAN_POINT('',(-0.000659892267479952,0.0268670977356733,-0.0177962915265035));
#3284=CARTESIAN_POINT('',(-0.0054133098484301,0.0284638781775611,-0.0181653391455511));
#3285=CARTESIAN_POINT('',(-0.0088247898682763,0.0321407749075595,-0.0185343867645987));
#3286=CARTESIAN_POINT('',(-0.0096484813587745,0.035379282287633,-0.0187804185106305));
#3287=CARTESIAN_POINT('',(-0.0096484813587745,0.0369999982716297,-0.0189034343836464));
#3288=CARTESIAN_POINT('',(-0.0096504234579489,0.0369999982716297,0.0743199109368848));
#3289=CARTESIAN_POINT('',(-0.0096504234579489,0.0386206668083186,0.0741968950638688));
#3290=CARTESIAN_POINT('',(-0.00882647522349445,0.04186034896986,0.0739508633178368));
#3291=CARTESIAN_POINT('',(-0.00541438204070365,0.0455376637220799,0.0735818156987896));
#3292=CARTESIAN_POINT('',(-0.000660031368630191,0.0471348887215386,0.0732127680797416));
#3293=CARTESIAN_POINT('',(0.00427966690273039,0.0462640210695277,0.0728437204606946));
#3294=CARTESIAN_POINT('',(0.00820110524898405,0.0431366773940321,0.0724746728416466));
#3295=CARTESIAN_POINT('',(0.0101494370910754,0.0385147810971404,0.0721056252225986));
#3296=CARTESIAN_POINT('',(0.00965001300968773,0.0335239113376849,0.0717365776035514));
#3297=CARTESIAN_POINT('',(0.00682452939476543,0.0293796847047862,0.0713675299845036));
#3298=CARTESIAN_POINT('',(0.00236112384768197,0.0270914287573849,0.0709984823654556));
#3299=CARTESIAN_POINT('',(-0.00265309687146565,0.0272164771496844,0.0706294347464086));
#3300=CARTESIAN_POINT('',(-0.0069968916244098,0.0297243670568951,0.0702603871273606));
#3301=CARTESIAN_POINT('',(-0.00961229618311625,0.0340042878303216,0.0698913395083136));
#3302=CARTESIAN_POINT('',(-0.00986231242098125,0.0390138339154524,0.0695222918892656));
#3303=CARTESIAN_POINT('',(-0.0076860464031889,0.043532896769532,0.0691532442702176));
#3304=CARTESIAN_POINT('',(-0.00361354300542959,0.0464608273055243,0.0687841966511706));
#3305=CARTESIAN_POINT('',(0.00136331184087827,0.0470845081497817,0.0684151490321226));
#3306=CARTESIAN_POINT('',(0.00603237094227129,0.04525203747376,0.0680461014130756));
#3307=CARTESIAN_POINT('',(0.00925645299907717,0.0414097261101492,0.0676770537940276));
#3308=CARTESIAN_POINT('',(0.0102503107101183,0.0364933953039189,0.0673080061749798));
#3309=CARTESIAN_POINT('',(0.00877188322879915,0.0317004511255335,0.0669389585559326));
#3310=CARTESIAN_POINT('',(0.00518125169533762,0.0281982479722079,0.0665699109368846));
#3311=CARTESIAN_POINT('',(0.00035293902962141,0.0268397714257361,0.0662008633178366));
#3312=CARTESIAN_POINT('',(-0.00453708613009265,0.0279558877578885,0.0658318156987896));
#3313=CARTESIAN_POINT('',(-0.0082978246429817,0.0312747591874765,0.0654627680797416));
#3314=CARTESIAN_POINT('',(-0.0100133228711881,0.0359880518324734,0.0650937204606946));
#3315=CARTESIAN_POINT('',(-0.00926575946434465,0.0409478109679001,0.0647246728416466));
#3316=CARTESIAN_POINT('',(-0.00623720861349875,0.0449460532657448,0.0643556252225986));
#3317=CARTESIAN_POINT('',(-0.00166529463378747,0.0470089794134055,0.0639865776035516));
#3318=CARTESIAN_POINT('',(0.00333646149250214,0.0466341496098364,0.0636175299845036));
#3319=CARTESIAN_POINT('',(0.00754984778248669,0.0439128562225097,0.0632484823654556));
#3320=CARTESIAN_POINT('',(0.00994866512980707,0.0395078889056353,0.0628794347464086));
#3321=CARTESIAN_POINT('',(0.00994866512980728,0.034492107637624,0.0625103871273606));
#3322=CARTESIAN_POINT('',(0.00754984778248641,0.03008714032075,0.0621413395083136));
#3323=CARTESIAN_POINT('',(0.00333646149250275,0.0273658469334225,0.0617722918892656));
#3324=CARTESIAN_POINT('',(-0.00166529463378857,0.026991017129855,0.0614032442702176));
#3325=CARTESIAN_POINT('',(-0.0062372086134963,0.0290539432775122,0.0610341966511706));
#3326=CARTESIAN_POINT('',(-0.00926575946434955,0.033052185575364,0.0606651490321226));
#3327=CARTESIAN_POINT('',(-0.010013322871178,0.0380119447107763,0.0602961014130756));
#3328=CARTESIAN_POINT('',(-0.00829782464300255,0.0427252373558029,0.0599270537940276));
#3329=CARTESIAN_POINT('',(-0.00453708613004985,0.0460441087853298,0.0595580061749796));
#3330=CARTESIAN_POINT('',(0.0003529390295333,0.0471602251176082,0.0591889585559326));
#3331=CARTESIAN_POINT('',(0.00518125169551883,0.0458017485708771,0.0588199109368846));
#3332=CARTESIAN_POINT('',(0.00877188322842614,0.0422995454180851,0.0584508633178366));
#3333=CARTESIAN_POINT('',(0.0102503107108858,0.0375066012386016,0.0580818156987896));
#3334=CARTESIAN_POINT('',(0.00925645299749759,0.0325902704346308,0.0577127680797418));
#3335=CARTESIAN_POINT('',(0.00603237094552197,0.0287479590663702,0.0573437204606936));
#3336=CARTESIAN_POINT('',(0.00136331183418873,0.0269154883999172,0.0569746728416468));
#3337=CARTESIAN_POINT('',(-0.00361354299166301,0.0275391692244831,0.0566056252225986));
#3338=CARTESIAN_POINT('',(-0.00768604643151925,0.0304670998009987,0.0562365776035516));
#3339=CARTESIAN_POINT('',(-0.00986231236267985,0.0349861625716851,0.0558675299845036));
#3340=CARTESIAN_POINT('',(-0.0096122963030955,0.0399957088284318,0.0554984823654556));
#3341=CARTESIAN_POINT('',(-0.0069968913775029,0.0442756292486874,0.0551294347464086));
#3342=CARTESIAN_POINT('',(-0.00265309737957879,0.0467835198826932,0.0547603871273606));
#3343=CARTESIAN_POINT('',(0.00236112489333465,0.0469085667793117,0.0543913395083136));
#3344=CARTESIAN_POINT('',(0.00682452724290271,0.0446203139098923,0.0540222918892656));
#3345=CARTESIAN_POINT('',(0.00965001743803339,0.0404760809427735,0.0536532442702176));
#3346=CARTESIAN_POINT('',(0.0101494279778849,0.0354852242186007,0.0532841966511706));
#3347=CARTESIAN_POINT('',(0.00820112400288649,0.0308633010961829,0.0529151490321226));
#3348=CARTESIAN_POINT('',(0.00427962829838169,0.0277360126272236,0.0525461014130748));
#3349=CARTESIAN_POINT('',(-0.00065995198176947,0.0268650313504576,0.0521770537940276));
#3350=CARTESIAN_POINT('',(-0.0054145482081104,0.0284624907249016,0.0518080061749796));
#3351=CARTESIAN_POINT('',(-0.00882614588523385,0.0321393185721065,0.0514389585559326));
#3352=CARTESIAN_POINT('',(-0.0100638270183121,0.0369999982716297,0.0510699109368848));
#3353=CARTESIAN_POINT('',(-0.00882614588523395,0.0418606779711529,0.0507008633178366));
#3354=CARTESIAN_POINT('',(-0.00541454820811045,0.0455375058183577,0.0503318156987896));
#3355=CARTESIAN_POINT('',(-0.00065995198176947,0.0471349651928019,0.0499627680797416));
#3356=CARTESIAN_POINT('',(0.00427962829838164,0.0462639839160357,0.0495937204606936));
#3357=CARTESIAN_POINT('',(0.00820112400288645,0.0431366954470766,0.0492246728416466));
#3358=CARTESIAN_POINT('',(0.0101494279778849,0.0385147723246588,0.0488556252225986));
#3359=CARTESIAN_POINT('',(0.00965001743803342,0.033523915600486,0.0484865776035516));
#3360=CARTESIAN_POINT('',(0.00682452724290278,0.029379682633367,0.0481175299845036));
#3361=CARTESIAN_POINT('',(0.00236112489333469,0.0270914297639479,0.0477484823654558));
#3362=CARTESIAN_POINT('',(-0.00265309737957869,0.0272164766605662,0.0473794347464086));
#3363=CARTESIAN_POINT('',(-0.0069968913775028,0.0297243672945719,0.0470103871273606));
#3364=CARTESIAN_POINT('',(-0.0096122963030955,0.0340042877148274,0.0466413395083136));
#3365=CARTESIAN_POINT('',(-0.00986231236267985,0.0390138339715743,0.0462722918892656));
#3366=CARTESIAN_POINT('',(-0.00768604643151925,0.0435328967422607,0.0459032442702176));
#3367=CARTESIAN_POINT('',(-0.00361354299166309,0.0464608273187763,0.0455341966511706));
#3368=CARTESIAN_POINT('',(0.00136331183418868,0.0470845081433422,0.0451651490321226));
#3369=CARTESIAN_POINT('',(0.00603237094552192,0.0452520374768892,0.0447961014130756));
#3370=CARTESIAN_POINT('',(0.00925645299749757,0.0414097261086287,0.0444270537940276));
#3371=CARTESIAN_POINT('',(0.0102503107108858,0.0364933953046578,0.0440580061749796));
#3372=CARTESIAN_POINT('',(0.00877188322842619,0.0317004511251744,0.0436889585559326));
#3373=CARTESIAN_POINT('',(0.00518125169551889,0.0281982479723824,0.0433199109368846));
#3374=CARTESIAN_POINT('',(0.000352939029533348,0.0268397714256512,0.0429508633178366));
#3375=CARTESIAN_POINT('',(-0.00453708613004985,0.0279558877579297,0.0425818156987896));
#3376=CARTESIAN_POINT('',(-0.00829782464300255,0.0312747591874564,0.0422127680797416));
#3377=CARTESIAN_POINT('',(-0.0100133228711779,0.0359880518324831,0.0418437204606946));
#3378=CARTESIAN_POINT('',(-0.00926575946434955,0.0409478109678953,0.0414746728416466));
#3379=CARTESIAN_POINT('',(-0.0062372086134963,0.0449460532657472,0.0411056252225986));
#3380=CARTESIAN_POINT('',(-0.00166529463378857,0.0470089794134044,0.0407365776035516));
#3381=CARTESIAN_POINT('',(0.0033364614925027,0.0466341496098369,0.0403675299845036));
#3382=CARTESIAN_POINT('',(0.00754984778248642,0.0439128562225095,0.0399984823654556));
#3383=CARTESIAN_POINT('',(0.0099486651298072,0.0395078889056354,0.0396294347464088));
#3384=CARTESIAN_POINT('',(0.00994866512980721,0.034492107637624,0.0392603871273607));
#3385=CARTESIAN_POINT('',(0.00754984778248646,0.0300871403207501,0.0388913395083132));
#3386=CARTESIAN_POINT('',(0.00333646149250278,0.0273658469334224,0.0385222918892656));
#3387=CARTESIAN_POINT('',(-0.00166529463378847,0.026991017129855,0.0381532442702179));
#3388=CARTESIAN_POINT('',(-0.00623720861349625,0.0290539432775122,0.0377841966511703));
#3389=CARTESIAN_POINT('',(-0.00926575946434955,0.0330521855753639,0.0374151490321228));
#3390=CARTESIAN_POINT('',(-0.0100133228711779,0.0380119447107763,0.037046101413075));
#3391=CARTESIAN_POINT('',(-0.00829782464300255,0.0427252373558028,0.0366770537940275));
#3392=CARTESIAN_POINT('',(-0.00453708613004985,0.0460441087853297,0.0363080061749797));
#3393=CARTESIAN_POINT('',(0.000352939029533279,0.0471602251176082,0.0359389585559323));
#3394=CARTESIAN_POINT('',(0.00518125169551883,0.0458017485708772,0.0355699109368845));
#3395=CARTESIAN_POINT('',(0.00877188322842613,0.042299545418085,0.0352008633178371));
#3396=CARTESIAN_POINT('',(0.0102503107108858,0.0375066012386018,0.0348318156987892));
#3397=CARTESIAN_POINT('',(0.0092564529974976,0.0325902704346307,0.0344627680797418));
#3398=CARTESIAN_POINT('',(0.00603237094552197,0.0287479590663702,0.0340937204606941));
#3399=CARTESIAN_POINT('',(0.00136331183418876,0.0269154883999171,0.0337246728416465));
#3400=CARTESIAN_POINT('',(-0.00361354299166299,0.0275391692244831,0.0333556252225989));
#3401=CARTESIAN_POINT('',(-0.00768604643151925,0.0304670998009986,0.0329865776035513));
#3402=CARTESIAN_POINT('',(-0.00986231236267985,0.0349861625716852,0.0326175299845037));
#3403=CARTESIAN_POINT('',(-0.0096122963030955,0.0399957088284318,0.032248482365456));
#3404=CARTESIAN_POINT('',(-0.0069968913775029,0.0442756292486874,0.0318794347464085));
#3405=CARTESIAN_POINT('',(-0.00265309737957889,0.0467835198826932,0.0315103871273607));
#3406=CARTESIAN_POINT('',(0.00236112489333459,0.0469085667793116,0.0311413395083132));
#3407=CARTESIAN_POINT('',(0.00682452724290269,0.0446203139098924,0.0307722918892656));
#3408=CARTESIAN_POINT('',(0.00965001743803338,0.0404760809427735,0.0304032442702179));
#3409=CARTESIAN_POINT('',(0.0101494279778849,0.0354852242186008,0.0300341966511704));
#3410=CARTESIAN_POINT('',(0.00820112400288649,0.0308633010961829,0.0296651490321226));
#3411=CARTESIAN_POINT('',(0.00427962829838169,0.0277360126272237,0.0292961014130751));
#3412=CARTESIAN_POINT('',(-0.000659951981769371,0.0268650313504575,0.0289270537940274));
#3413=CARTESIAN_POINT('',(-0.0054145482081103,0.0284624907249016,0.0285580061749799));
#3414=CARTESIAN_POINT('',(-0.00882614588523385,0.0321393185721065,0.0281889585559322));
#3415=CARTESIAN_POINT('',(-0.0100638270183121,0.0369999982716297,0.0278199109368846));
#3416=CARTESIAN_POINT('',(-0.00882614588523395,0.0418606779711529,0.027450863317837));
#3417=CARTESIAN_POINT('',(-0.00541454820811045,0.0455375058183577,0.0270818156987893));
#3418=CARTESIAN_POINT('',(-0.00065995198176947,0.047134965192802,0.0267127680797418));
#3419=CARTESIAN_POINT('',(0.00427962829838158,0.0462639839160357,0.0263437204606941));
#3420=CARTESIAN_POINT('',(0.00820112400288638,0.0431366954470767,0.0259746728416465));
#3421=CARTESIAN_POINT('',(0.0101494279778849,0.0385147723246589,0.0256056252225989));
#3422=CARTESIAN_POINT('',(0.00965001743803343,0.033523915600486,0.0252365776035513));
#3423=CARTESIAN_POINT('',(0.00682452724290275,0.0293796826333669,0.0248675299845037));
#3424=CARTESIAN_POINT('',(0.00236112489333466,0.0270914297639479,0.024498482365456));
#3425=CARTESIAN_POINT('',(-0.00265309737957869,0.0272164766605662,0.0241294347464084));
#3426=CARTESIAN_POINT('',(-0.0069968913775028,0.0297243672945719,0.0237603871273609));
#3427=CARTESIAN_POINT('',(-0.0096122963030955,0.0340042877148273,0.0233913395083131));
#3428=CARTESIAN_POINT('',(-0.00986231236267985,0.0390138339715742,0.0230222918892656));
#3429=CARTESIAN_POINT('',(-0.00768604643151925,0.0435328967422608,0.0226532442702179));
#3430=CARTESIAN_POINT('',(-0.00361354299166309,0.0464608273187762,0.0222841966511703));
#3431=CARTESIAN_POINT('',(0.00136331183418866,0.0470845081433423,0.0219151490321227));
#3432=CARTESIAN_POINT('',(0.00603237094552191,0.0452520374768891,0.021546101413075));
#3433=CARTESIAN_POINT('',(0.00925645299749757,0.0414097261086288,0.0211770537940275));
#3434=CARTESIAN_POINT('',(0.0102503107108858,0.0364933953046577,0.0208080061749798));
#3435=CARTESIAN_POINT('',(0.00877188322842618,0.0317004511251745,0.0204389585559322));
#3436=CARTESIAN_POINT('',(0.00518125169551896,0.0281982479723824,0.0200699109368846));
#3437=CARTESIAN_POINT('',(0.000352939029533399,0.0268397714256512,0.019700863317837));
#3438=CARTESIAN_POINT('',(-0.00453708613004975,0.0279558877579297,0.0193318156987894));
#3439=CARTESIAN_POINT('',(-0.00829782464300255,0.0312747591874564,0.0189627680797417));
#3440=CARTESIAN_POINT('',(-0.0100133228711779,0.035988051832483,0.0185937204606941));
#3441=CARTESIAN_POINT('',(-0.00926575946434965,0.0409478109678955,0.0182246728416465));
#3442=CARTESIAN_POINT('',(-0.0062372086134963,0.0449460532657472,0.0178556252225989));
#3443=CARTESIAN_POINT('',(-0.00166529463378867,0.0470089794134045,0.0174865776035512));
#3444=CARTESIAN_POINT('',(0.0033364614925027,0.046634149609837,0.0171175299845037));
#3445=CARTESIAN_POINT('',(0.00754984778248636,0.0439128562225095,0.016748482365456));
#3446=CARTESIAN_POINT('',(0.00994866512980718,0.0395078889056356,0.0163794347464084));
#3447=CARTESIAN_POINT('',(0.00994866512980725,0.034492107637624,0.0160103871273608));
#3448=CARTESIAN_POINT('',(0.00754984778248647,0.0300871403207501,0.0156413395083131));
#3449=CARTESIAN_POINT('',(0.00333646149250273,0.0273658469334224,0.0152722918892655));
#3450=CARTESIAN_POINT('',(-0.00166529463378857,0.026991017129855,0.014903244270218));
#3451=CARTESIAN_POINT('',(-0.0062372086134963,0.0290539432775122,0.0145341966511703));
#3452=CARTESIAN_POINT('',(-0.00926575946434955,0.033052185575364,0.0141651490321227));
#3453=CARTESIAN_POINT('',(-0.010013322871178,0.0380119447107761,0.0137961014130751));
#3454=CARTESIAN_POINT('',(-0.00829782464300255,0.0427252373558029,0.0134270537940275));
#3455=CARTESIAN_POINT('',(-0.00453708613004995,0.0460441087853296,0.0130580061749798));
#3456=CARTESIAN_POINT('',(0.000352939029533178,0.0471602251176083,0.0126889585559323));
#3457=CARTESIAN_POINT('',(0.00518125169551875,0.0458017485708771,0.0123199109368846));
#3458=CARTESIAN_POINT('',(0.00877188322842613,0.0422995454180851,0.0119508633178369));
#3459=CARTESIAN_POINT('',(0.0102503107108858,0.0375066012386017,0.0115818156987894));
#3460=CARTESIAN_POINT('',(0.00925645299749758,0.0325902704346307,0.0112127680797417));
#3461=CARTESIAN_POINT('',(0.00603237094552197,0.0287479590663702,0.0108437204606941));
#3462=CARTESIAN_POINT('',(0.0013633118341888,0.0269154883999172,0.0104746728416465));
#3463=CARTESIAN_POINT('',(-0.00361354299166299,0.0275391692244831,0.0101056252225989));
#3464=CARTESIAN_POINT('',(-0.00768604643151915,0.0304670998009986,0.00973657760355131));
#3465=CARTESIAN_POINT('',(-0.00986231236267985,0.0349861625716851,0.00936752998450371));
#3466=CARTESIAN_POINT('',(-0.0096122963030956,0.0399957088284317,0.00899848236545601));
#3467=CARTESIAN_POINT('',(-0.0069968913775029,0.0442756292486872,0.00862943474640841));
#3468=CARTESIAN_POINT('',(-0.00265309737957889,0.0467835198826932,0.0082603871273608));
#3469=CARTESIAN_POINT('',(0.00236112489333464,0.0469085667793116,0.00789133950831312));
#3470=CARTESIAN_POINT('',(0.00682452724290272,0.0446203139098924,0.00752229188926561));
#3471=CARTESIAN_POINT('',(0.00965001743803337,0.0404760809427735,0.0071532442702179));
#3472=CARTESIAN_POINT('',(0.0101494279778849,0.0354852242186009,0.00678419665117041));
#3473=CARTESIAN_POINT('',(0.00820112400288653,0.0308633010961829,0.00641514903212271));
#3474=CARTESIAN_POINT('',(0.00427962829838174,0.0277360126272237,0.00604610141307511));
#3475=CARTESIAN_POINT('',(-0.000659951981769371,0.0268650313504575,0.00567705379402751));
#3476=CARTESIAN_POINT('',(-0.0054145482081103,0.0284624907249016,0.00530800617497981));
#3477=CARTESIAN_POINT('',(-0.00882614588523385,0.0321393185721065,0.0049389585559322));
#3478=CARTESIAN_POINT('',(-0.0100638270183121,0.0369999982716296,0.0045699109368846));
#3479=CARTESIAN_POINT('',(-0.00882614588523395,0.0418606779711529,0.00420086331783701));
#3480=CARTESIAN_POINT('',(-0.00541454820811045,0.0455375058183577,0.00383181569878941));
#3481=CARTESIAN_POINT('',(-0.000659951981769571,0.0471349651928019,0.00346276807974171));
#3482=CARTESIAN_POINT('',(0.00427962829838154,0.0462639839160358,0.00309372046069411));
#3483=CARTESIAN_POINT('',(0.0082011240028864,0.0431366954470765,0.00272467284164651));
#3484=CARTESIAN_POINT('',(0.0101494279778849,0.0385147723246589,0.00235562522259891));
#3485=CARTESIAN_POINT('',(0.00965001743803344,0.033523915600486,0.00198657760355131));
#3486=CARTESIAN_POINT('',(0.00682452724290282,0.0293796826333672,0.00161752998450371));
#3487=CARTESIAN_POINT('',(0.00236112489333474,0.0270914297639478,0.00124848236545601));
#3488=CARTESIAN_POINT('',(-0.00265309737957869,0.0272164766605662,0.000879434746408399));
#3489=CARTESIAN_POINT('',(-0.0069968913775028,0.0297243672945719,0.00051038712736081));
#3490=CARTESIAN_POINT('',(-0.0096122963030955,0.0340042877148276,0.000141339508313208));
#3491=CARTESIAN_POINT('',(-0.00986231236267985,0.0390138339715741,-0.000227708110734491));
#3492=CARTESIAN_POINT('',(-0.00768604643151935,0.0435328967422608,-0.000596755729781996));
#3493=CARTESIAN_POINT('',(-0.00361354299166309,0.0464608273187761,-0.000965803348829695));
#3494=CARTESIAN_POINT('',(0.00136331183418863,0.0470845081433423,-0.0013348509678773));
#3495=CARTESIAN_POINT('',(0.00603237094552193,0.0452520374768891,-0.001703898586925));
#3496=CARTESIAN_POINT('',(0.00925645299749757,0.0414097261086288,-0.00207294620597249));
#3497=CARTESIAN_POINT('',(0.0102503107108858,0.0364933953046577,-0.00244199382502019));
#3498=CARTESIAN_POINT('',(0.00877188322842621,0.0317004511251746,-0.00281104144406781));
#3499=CARTESIAN_POINT('',(0.00518125169551895,0.0281982479723823,-0.00318008906311539));
#3500=CARTESIAN_POINT('',(0.000352939029533388,0.0268397714256512,-0.00354913668216299));
#3501=CARTESIAN_POINT('',(-0.00453708613004975,0.0279558877579296,-0.00391818430121059));
#3502=CARTESIAN_POINT('',(-0.00829782464300245,0.0312747591874564,-0.00428723192025829));
#3503=CARTESIAN_POINT('',(-0.0100133228711779,0.0359880518324829,-0.0046562795393059));
#3504=CARTESIAN_POINT('',(-0.00926575946434965,0.0409478109678954,-0.0050253271583535));
#3505=CARTESIAN_POINT('',(-0.0062372086134963,0.0449460532657472,-0.0053943747774011));
#3506=CARTESIAN_POINT('',(-0.00166529463378857,0.0470089794134045,-0.00576342239644869));
#3507=CARTESIAN_POINT('',(0.00333646149250266,0.0466341496098369,-0.00613247001549639));
#3508=CARTESIAN_POINT('',(0.00754984778248631,0.0439128562225096,-0.00650151763454399));
#3509=CARTESIAN_POINT('',(0.00994866512980726,0.0395078889056355,-0.00687056525359159));
#3510=CARTESIAN_POINT('',(0.0099486651298071,0.0344921076376242,-0.0072396128726392));
#3511=CARTESIAN_POINT('',(0.00754984778248679,0.0300871403207497,-0.0076086604916868));
#3512=CARTESIAN_POINT('',(0.00333646149250233,0.0273658469334231,-0.00797770811073439));
#3513=CARTESIAN_POINT('',(-0.00166529463378727,0.0269910171298538,-0.00834675572978209));
#3514=CARTESIAN_POINT('',(-0.00623720861349865,0.0290539432775144,-0.0087158033488297));
#3515=CARTESIAN_POINT('',(-0.00926575946434465,0.0330521855753591,-0.00908485096787729));
#3516=CARTESIAN_POINT('',(-0.0100133228711882,0.038011944710786,-0.00945389858692489));
#3517=CARTESIAN_POINT('',(-0.0082978246429818,0.0427252373557827,-0.00982294620597259));
#3518=CARTESIAN_POINT('',(-0.00453708613009275,0.0460441087853708,-0.0101919938250201));
#3519=CARTESIAN_POINT('',(0.000352939029621269,0.0471602251175235,-0.0105610414440678));
#3520=CARTESIAN_POINT('',(0.00518125169533751,0.0458017485710516,-0.0109300890631154));
#3521=CARTESIAN_POINT('',(0.00877188322879909,0.0422995454177261,-0.011299136682163));
#3522=CARTESIAN_POINT('',(0.0102503107101183,0.0375066012393407,-0.0116681843012107));
#3523=CARTESIAN_POINT('',(0.0092564529990772,0.0325902704331103,-0.0120372319202582));
#3524=CARTESIAN_POINT('',(0.00603237094227136,0.0287479590694994,-0.0124062795393059));
#3525=CARTESIAN_POINT('',(0.00136331184087835,0.0269154883934777,-0.0127753271583535));
#3526=CARTESIAN_POINT('',(-0.00361354300542951,0.0275391692377351,-0.0131443747774011));
#3527=CARTESIAN_POINT('',(-0.0076860464031888,0.0304670997737273,-0.0135134223964487));
#3528=CARTESIAN_POINT('',(-0.00986231242098125,0.0349861626278069,-0.0138824700154964));
#3529=CARTESIAN_POINT('',(-0.00961229618311625,0.0399957087129376,-0.0142515176345439));
#3530=CARTESIAN_POINT('',(-0.0069968916244099,0.0442756294863641,-0.0146205652535916));
#3531=CARTESIAN_POINT('',(-0.00265309687146576,0.0467835193935749,-0.0149896128726392));
#3532=CARTESIAN_POINT('',(0.00236112384768185,0.0469085677858746,-0.0153586604916868));
#3533=CARTESIAN_POINT('',(0.00682452939476535,0.0446203118384732,-0.0157277081107345));
#3534=CARTESIAN_POINT('',(0.00965001300968769,0.0404760852055747,-0.016096755729782));
#3535=CARTESIAN_POINT('',(0.0101494370910754,0.0354852154461192,-0.0164658033488297));
#3536=CARTESIAN_POINT('',(0.0082011052489841,0.0308633191492275,-0.0168348509678773));
#3537=CARTESIAN_POINT('',(0.00427966690273051,0.0277359754737317,-0.017203898586925));
#3538=CARTESIAN_POINT('',(-0.000660031368629991,0.0268651078217207,-0.0175729462059725));
#3539=CARTESIAN_POINT('',(-0.00541438204070345,0.0284623328211794,-0.0179419938250202));
#3540=CARTESIAN_POINT('',(-0.00882647522349445,0.0321396475733993,-0.0183110414440678));
#3541=CARTESIAN_POINT('',(-0.0096504234579489,0.0353793297349408,-0.0185570731900995));
#3542=CARTESIAN_POINT('',(-0.0096504234579489,0.0369999982716297,-0.0186800890631154));
#3543=CARTESIAN_POINT('',(-0.0096504367665868,0.0369999982716297,0.074321950668691));
#3544=CARTESIAN_POINT('',(-0.0096504367665868,0.0386206606874916,0.074198934795675));
#3545=CARTESIAN_POINT('',(-0.0088264853229651,0.0418603591870677,0.073952903049643));
#3546=CARTESIAN_POINT('',(-0.0054143889791242,0.0455376718817016,0.073583855430596));
#3547=CARTESIAN_POINT('',(-0.000660032130861731,0.0471349019061781,0.073214807811548));
#3548=CARTESIAN_POINT('',(0.00427967185122381,0.0462640317078822,0.072845760192501));
#3549=CARTESIAN_POINT('',(0.00820111501686975,0.0431366850043479,0.072476712573453));
#3550=CARTESIAN_POINT('',(0.0101494491467451,0.0385147828010412,0.072107664954405));
#3551=CARTESIAN_POINT('',(0.00965002449103084,0.0335239072181358,0.071738617335358));
#3552=CARTESIAN_POINT('',(0.00682453746939987,0.0293796755231578,0.07136956971631));
#3553=CARTESIAN_POINT('',(0.0023611265664794,0.0270914168675076,0.071000522097262));
#3554=CARTESIAN_POINT('',(-0.00265310017919279,0.027216465390283,0.070631474478215));
#3555=CARTESIAN_POINT('',(-0.00699690014890865,0.0297243583198167,0.0702624268591672));
#3556=CARTESIAN_POINT('',(-0.00961230785019515,0.0340042842300499,0.06989337924012));
#3557=CARTESIAN_POINT('',(-0.00986232438806725,0.0390138363354141,0.069524331621072));
#3558=CARTESIAN_POINT('',(-0.0076860557560904,0.0435329046171433,0.069155284002024));
#3559=CARTESIAN_POINT('',(-0.00361354746595291,0.0464608386709937,0.068786236382977));
#3560=CARTESIAN_POINT('',(0.00136331335901221,0.0470845202642189,0.068417188763929));
#3561=CARTESIAN_POINT('',(0.00603237806936496,0.0452520473869764,0.068048141144882));
#3562=CARTESIAN_POINT('',(0.00925646399925162,0.0414097314075353,0.067679093525834));
#3563=CARTESIAN_POINT('',(0.0102503229042185,0.0364933946953464,0.067310045906786));
#3564=CARTESIAN_POINT('',(0.0087718936468622,0.0317004447591825,0.066940998287739));
#3565=CARTESIAN_POINT('',(0.00518125779997589,0.0281982373986671,0.066571950668691));
#3566=CARTESIAN_POINT('',(0.000352939334006928,0.026839759220254,0.066202903049643));
#3567=CARTESIAN_POINT('',(-0.00453709170009433,0.0279558768931986,0.065833855430596));
#3568=CARTESIAN_POINT('',(-0.00829783473075885,0.0312747523097462,0.065464807811548));
#3569=CARTESIAN_POINT('',(-0.0100133350197933,0.0359880506168222,0.065095760192501));
#3570=CARTESIAN_POINT('',(-0.0092657707149019,0.0409478157104076,0.064726712573453));
#3571=CARTESIAN_POINT('',(-0.0062372162258577,0.0449460628113412,0.064357664954405));
#3572=CARTESIAN_POINT('',(-0.00166529675390597,0.047008991437195,0.063988617335358));
#3573=CARTESIAN_POINT('',(0.00333646538099351,0.0466341611833429,0.06361956971631));
#3574=CARTESIAN_POINT('',(0.00754985673251921,0.0439128645269263,0.063250522097262));
#3575=CARTESIAN_POINT('',(0.00994867696153898,0.0395078919183645,0.062881474478215));
#3576=CARTESIAN_POINT('',(0.00994867696153919,0.0344921046248949,0.062512426859167));
#3577=CARTESIAN_POINT('',(0.00754985673251893,0.0300871320163334,0.06214337924012));
#3578=CARTESIAN_POINT('',(0.00333646538099411,0.027365835359916,0.061774331621072));
#3579=CARTESIAN_POINT('',(-0.00166529675390707,0.0269910051060655,0.061405284002024));
#3580=CARTESIAN_POINT('',(-0.0062372162258553,0.0290539337319159,0.061036236382977));
#3581=CARTESIAN_POINT('',(-0.00926577071490685,0.0330521808328564,0.060667188763929));
#3582=CARTESIAN_POINT('',(-0.0100133350197833,0.0380119459264276,0.060298141144882));
#3583=CARTESIAN_POINT('',(-0.00829783473077965,0.0427252442335329,0.059929093525834));
#3584=CARTESIAN_POINT('',(-0.00453709170005161,0.0460441196500202,0.059560045906786));
#3585=CARTESIAN_POINT('',(0.000352939333918998,0.0471602373230892,0.059190998287739));
#3586=CARTESIAN_POINT('',(0.00518125780015675,0.0458017591444201,0.058821950668691));
#3587=CARTESIAN_POINT('',(0.0087718936464899,0.0422995517844314,0.058452903049643));
#3588=CARTESIAN_POINT('',(0.0102503229049846,0.0375066018471838,0.058083855430596));
#3589=CARTESIAN_POINT('',(0.00925646399767503,0.0325902651372246,0.057714807811548));
#3590=CARTESIAN_POINT('',(0.00603237807260949,0.0287479491531951,0.0573457601925));
#3591=CARTESIAN_POINT('',(0.00136331335233532,0.026915476285395,0.056976712573453));
#3592=CARTESIAN_POINT('',(-0.00361354745221235,0.0275391578591886,0.056607664954405));
#3593=CARTESIAN_POINT('',(-0.00768605578436715,0.0304670919530274,0.056238617335358));
#3594=CARTESIAN_POINT('',(-0.00986232432987615,0.034986160152464,0.05586956971631));
#3595=CARTESIAN_POINT('',(-0.0096123079699475,0.0399957124271791,0.055500522097262));
#3596=CARTESIAN_POINT('',(-0.0069968999024688,0.0442756379889033,0.055131474478215));
#3597=CARTESIAN_POINT('',(-0.00265310068634477,0.0467835316356381,0.054762426859167));
#3598=CARTESIAN_POINT('',(0.00236112761015412,0.0469085786824755,0.05439337924012));
#3599=CARTESIAN_POINT('',(0.00682453532160762,0.0446203230641779,0.054024331621072));
#3600=CARTESIAN_POINT('',(0.00965002891099981,0.0404760851185919,0.053655284002024));
#3601=CARTESIAN_POINT('',(0.0101494400507933,0.0354852223989025,0.053286236382977));
#3602=CARTESIAN_POINT('',(0.00820113373529717,0.0308632937241683,0.052917188763929));
#3603=CARTESIAN_POINT('',(0.00427963331989939,0.0277360014983972,0.052548141144881));
#3604=CARTESIAN_POINT('',(-0.00065995289416979,0.0268650191753214,0.052179093525834));
#3605=CARTESIAN_POINT('',(-0.0054145548322074,0.0284624804687934,0.051810045906786));
#3606=CARTESIAN_POINT('',(-0.0088261566076833,0.0321393127329718,0.051440998287739));
#3607=CARTESIAN_POINT('',(-0.010063839227588,0.0369999982716297,0.051071950668691));
#3608=CARTESIAN_POINT('',(-0.0088261566076834,0.0418606838102877,0.050702903049643));
#3609=CARTESIAN_POINT('',(-0.0054145548322074,0.0455375160744659,0.050333855430596));
#3610=CARTESIAN_POINT('',(-0.00065995289416979,0.0471349773679381,0.049964807811548));
#3611=CARTESIAN_POINT('',(0.00427963331989934,0.0462639950448621,0.0495957601925));
#3612=CARTESIAN_POINT('',(0.00820113373529713,0.0431367028190912,0.049226712573453));
#3613=CARTESIAN_POINT('',(0.0101494400507933,0.0385147741443569,0.048857664954405));
#3614=CARTESIAN_POINT('',(0.00965002891099984,0.0335239114246678,0.048488617335358));
#3615=CARTESIAN_POINT('',(0.00682453532160769,0.0293796734790815,0.04811956971631));
#3616=CARTESIAN_POINT('',(0.00236112761015416,0.0270914178607841,0.047750522097262));
#3617=CARTESIAN_POINT('',(-0.00265310068634467,0.0272164649076212,0.047381474478215));
#3618=CARTESIAN_POINT('',(-0.00699689990246875,0.0297243585543561,0.047012426859167));
#3619=CARTESIAN_POINT('',(-0.0096123079699475,0.0340042841160803,0.04664337924012));
#3620=CARTESIAN_POINT('',(-0.00986232432987615,0.0390138363907952,0.046274331621072));
#3621=CARTESIAN_POINT('',(-0.00768605578436715,0.0435329045902319,0.045905284002024));
#3622=CARTESIAN_POINT('',(-0.00361354745221245,0.0464608386840706,0.045536236382977));
#3623=CARTESIAN_POINT('',(0.00136331335233527,0.0470845202578644,0.045167188763929));
#3624=CARTESIAN_POINT('',(0.00603237807260944,0.0452520473900643,0.044798141144882));
#3625=CARTESIAN_POINT('',(0.00925646399767501,0.0414097314060349,0.044429093525834));
#3626=CARTESIAN_POINT('',(0.0102503229049846,0.0364933946960757,0.044060045906786));
#3627=CARTESIAN_POINT('',(0.00877189364648995,0.0317004447588282,0.043690998287739));
#3628=CARTESIAN_POINT('',(0.00518125780015682,0.0281982373988394,0.043321950668691));
#3629=CARTESIAN_POINT('',(0.000352939333919039,0.0268397592201702,0.042952903049643));
#3630=CARTESIAN_POINT('',(-0.00453709170005161,0.0279558768932393,0.042583855430596));
#3631=CARTESIAN_POINT('',(-0.00829783473077965,0.0312747523097264,0.042214807811548));
#3632=CARTESIAN_POINT('',(-0.0100133350197832,0.0359880506168318,0.041845760192501));
#3633=CARTESIAN_POINT('',(-0.00926577071490685,0.0409478157104029,0.041476712573453));
#3634=CARTESIAN_POINT('',(-0.0062372162258553,0.0449460628113435,0.041107664954405));
#3635=CARTESIAN_POINT('',(-0.00166529675390707,0.0470089914371939,0.040738617335358));
#3636=CARTESIAN_POINT('',(0.00333646538099406,0.0466341611833434,0.04036956971631));
#3637=CARTESIAN_POINT('',(0.00754985673251893,0.0439128645269261,0.040000522097262));
#3638=CARTESIAN_POINT('',(0.00994867696153911,0.0395078919183646,0.039631474478215));
#3639=CARTESIAN_POINT('',(0.00994867696153912,0.0344921046248949,0.0392624268591672));
#3640=CARTESIAN_POINT('',(0.00754985673251898,0.0300871320163335,0.0388933792401197));
#3641=CARTESIAN_POINT('',(0.00333646538099414,0.0273658353599159,0.0385243316210721));
#3642=CARTESIAN_POINT('',(-0.00166529675390697,0.0269910051060655,0.0381552840020244));
#3643=CARTESIAN_POINT('',(-0.0062372162258552,0.0290539337319159,0.0377862363829767));
#3644=CARTESIAN_POINT('',(-0.00926577071490685,0.0330521808328562,0.0374171887639293));
#3645=CARTESIAN_POINT('',(-0.0100133350197832,0.0380119459264276,0.0370481411448815));
#3646=CARTESIAN_POINT('',(-0.00829783473077965,0.0427252442335328,0.036679093525834));
#3647=CARTESIAN_POINT('',(-0.00453709170005161,0.0460441196500201,0.0363100459067862));
#3648=CARTESIAN_POINT('',(0.000352939333918978,0.0471602373230892,0.0359409982877388));
#3649=CARTESIAN_POINT('',(0.00518125780015675,0.0458017591444202,0.035571950668691));
#3650=CARTESIAN_POINT('',(0.00877189364648989,0.0422995517844312,0.0352029030496436));
#3651=CARTESIAN_POINT('',(0.0102503229049846,0.0375066018471839,0.0348338554305957));
#3652=CARTESIAN_POINT('',(0.00925646399767504,0.0325902651372245,0.0344648078115483));
#3653=CARTESIAN_POINT('',(0.00603237807260949,0.0287479491531952,0.0340957601925006));
#3654=CARTESIAN_POINT('',(0.00136331335233534,0.026915476285395,0.033726712573453));
#3655=CARTESIAN_POINT('',(-0.00361354745221235,0.0275391578591886,0.0333576649544054));
#3656=CARTESIAN_POINT('',(-0.00768605578436715,0.0304670919530273,0.0329886173353578));
#3657=CARTESIAN_POINT('',(-0.00986232432987615,0.0349861601524641,0.0326195697163101));
#3658=CARTESIAN_POINT('',(-0.0096123079699475,0.0399957124271791,0.0322505220972624));
#3659=CARTESIAN_POINT('',(-0.0069968999024688,0.0442756379889032,0.031881474478215));
#3660=CARTESIAN_POINT('',(-0.00265310068634489,0.0467835316356381,0.0315124268591672));
#3661=CARTESIAN_POINT('',(0.00236112761015406,0.0469085786824754,0.0311433792401197));
#3662=CARTESIAN_POINT('',(0.0068245353216076,0.044620323064178,0.0307743316210721));
#3663=CARTESIAN_POINT('',(0.00965002891099981,0.0404760851185918,0.0304052840020244));
#3664=CARTESIAN_POINT('',(0.0101494400507933,0.0354852223989026,0.0300362363829769));
#3665=CARTESIAN_POINT('',(0.00820113373529717,0.0308632937241683,0.0296671887639291));
#3666=CARTESIAN_POINT('',(0.00427963331989939,0.0277360014983973,0.0292981411448816));
#3667=CARTESIAN_POINT('',(-0.000659952894169692,0.0268650191753213,0.0289290935258339));
#3668=CARTESIAN_POINT('',(-0.00541455483220735,0.0284624804687934,0.0285600459067865));
#3669=CARTESIAN_POINT('',(-0.0088261566076833,0.0321393127329718,0.0281909982877387));
#3670=CARTESIAN_POINT('',(-0.010063839227588,0.0369999982716297,0.0278219506686911));
#3671=CARTESIAN_POINT('',(-0.0088261566076834,0.0418606838102877,0.0274529030496435));
#3672=CARTESIAN_POINT('',(-0.0054145548322074,0.0455375160744659,0.0270838554305958));
#3673=CARTESIAN_POINT('',(-0.00065995289416979,0.0471349773679382,0.0267148078115483));
#3674=CARTESIAN_POINT('',(0.00427963331989927,0.0462639950448621,0.0263457601925006));
#3675=CARTESIAN_POINT('',(0.00820113373529705,0.0431367028190913,0.0259767125734529));
#3676=CARTESIAN_POINT('',(0.0101494400507933,0.038514774144357,0.0256076649544054));
#3677=CARTESIAN_POINT('',(0.00965002891099986,0.0335239114246678,0.0252386173353578));
#3678=CARTESIAN_POINT('',(0.00682453532160766,0.0293796734790814,0.0248695697163102));
#3679=CARTESIAN_POINT('',(0.00236112761015413,0.0270914178607841,0.0245005220972625));
#3680=CARTESIAN_POINT('',(-0.00265310068634467,0.0272164649076213,0.0241314744782149));
#3681=CARTESIAN_POINT('',(-0.00699689990246875,0.0297243585543561,0.0237624268591674));
#3682=CARTESIAN_POINT('',(-0.0096123079699475,0.0340042841160802,0.0233933792401196));
#3683=CARTESIAN_POINT('',(-0.00986232432987615,0.0390138363907952,0.0230243316210721));
#3684=CARTESIAN_POINT('',(-0.00768605578436715,0.043532904590232,0.0226552840020244));
#3685=CARTESIAN_POINT('',(-0.00361354745221245,0.0464608386840706,0.0222862363829768));
#3686=CARTESIAN_POINT('',(0.00136331335233525,0.0470845202578645,0.0219171887639292));
#3687=CARTESIAN_POINT('',(0.00603237807260943,0.0452520473900642,0.0215481411448815));
#3688=CARTESIAN_POINT('',(0.00925646399767502,0.041409731406035,0.021179093525834));
#3689=CARTESIAN_POINT('',(0.0102503229049846,0.0364933946960756,0.0208100459067863));
#3690=CARTESIAN_POINT('',(0.00877189364648994,0.0317004447588283,0.0204409982877386));
#3691=CARTESIAN_POINT('',(0.00518125780015688,0.0281982373988394,0.0200719506686911));
#3692=CARTESIAN_POINT('',(0.000352939333919099,0.0268397592201702,0.0197029030496435));
#3693=CARTESIAN_POINT('',(-0.00453709170005153,0.0279558768932393,0.0193338554305959));
#3694=CARTESIAN_POINT('',(-0.00829783473077965,0.0312747523097264,0.0189648078115482));
#3695=CARTESIAN_POINT('',(-0.0100133350197832,0.0359880506168317,0.0185957601925006));
#3696=CARTESIAN_POINT('',(-0.00926577071490695,0.0409478157104031,0.018226712573453));
#3697=CARTESIAN_POINT('',(-0.0062372162258553,0.0449460628113434,0.0178576649544054));
#3698=CARTESIAN_POINT('',(-0.00166529675390717,0.047008991437194,0.0174886173353577));
#3699=CARTESIAN_POINT('',(0.00333646538099406,0.0466341611833434,0.0171195697163102));
#3700=CARTESIAN_POINT('',(0.00754985673251888,0.0439128645269261,0.0167505220972625));
#3701=CARTESIAN_POINT('',(0.00994867696153909,0.0395078919183647,0.0163814744782149));
#3702=CARTESIAN_POINT('',(0.00994867696153916,0.0344921046248949,0.0160124268591673));
#3703=CARTESIAN_POINT('',(0.00754985673251899,0.0300871320163335,0.0156433792401196));
#3704=CARTESIAN_POINT('',(0.00333646538099409,0.0273658353599159,0.015274331621072));
#3705=CARTESIAN_POINT('',(-0.00166529675390707,0.0269910051060655,0.0149052840020245));
#3706=CARTESIAN_POINT('',(-0.0062372162258553,0.0290539337319159,0.0145362363829768));
#3707=CARTESIAN_POINT('',(-0.00926577071490685,0.0330521808328564,0.0141671887639292));
#3708=CARTESIAN_POINT('',(-0.0100133350197833,0.0380119459264274,0.0137981411448816));
#3709=CARTESIAN_POINT('',(-0.00829783473077965,0.0427252442335329,0.013429093525834));
#3710=CARTESIAN_POINT('',(-0.00453709170005171,0.04604411965002,0.0130600459067863));
#3711=CARTESIAN_POINT('',(0.000352939333918868,0.0471602373230893,0.0126909982877388));
#3712=CARTESIAN_POINT('',(0.00518125780015667,0.0458017591444201,0.0123219506686911));
#3713=CARTESIAN_POINT('',(0.00877189364648989,0.0422995517844314,0.0119529030496434));
#3714=CARTESIAN_POINT('',(0.0102503229049846,0.0375066018471839,0.0115838554305959));
#3715=CARTESIAN_POINT('',(0.00925646399767502,0.0325902651372245,0.0112148078115482));
#3716=CARTESIAN_POINT('',(0.00603237807260949,0.0287479491531952,0.0108457601925006));
#3717=CARTESIAN_POINT('',(0.00136331335233539,0.026915476285395,0.010476712573453));
#3718=CARTESIAN_POINT('',(-0.00361354745221235,0.0275391578591886,0.0101076649544054));
#3719=CARTESIAN_POINT('',(-0.00768605578436705,0.0304670919530273,0.00973861733535781));
#3720=CARTESIAN_POINT('',(-0.00986232432987615,0.034986160152464,0.00936956971631022));
#3721=CARTESIAN_POINT('',(-0.0096123079699476,0.039995712427179,0.00900052209726251));
#3722=CARTESIAN_POINT('',(-0.0069968999024688,0.0442756379889031,0.00863147447821491));
#3723=CARTESIAN_POINT('',(-0.00265310068634489,0.0467835316356382,0.00826242685916732));
#3724=CARTESIAN_POINT('',(0.00236112761015411,0.0469085786824754,0.00789337924011962));
#3725=CARTESIAN_POINT('',(0.00682453532160763,0.044620323064178,0.00752433162107211));
#3726=CARTESIAN_POINT('',(0.00965002891099979,0.0404760851185918,0.0071552840020244));
#3727=CARTESIAN_POINT('',(0.0101494400507933,0.0354852223989027,0.00678623638297691));
#3728=CARTESIAN_POINT('',(0.0082011337352972,0.0308632937241683,0.00641718876392921));
#3729=CARTESIAN_POINT('',(0.00427963331989944,0.0277360014983973,0.00604814114488162));
#3730=CARTESIAN_POINT('',(-0.000659952894169692,0.0268650191753213,0.00567909352583402));
#3731=CARTESIAN_POINT('',(-0.00541455483220735,0.0284624804687934,0.00531004590678631));
#3732=CARTESIAN_POINT('',(-0.0088261566076833,0.0321393127329718,0.0049409982877387));
#3733=CARTESIAN_POINT('',(-0.010063839227588,0.0369999982716296,0.00457195066869112));
#3734=CARTESIAN_POINT('',(-0.0088261566076834,0.0418606838102877,0.00420290304964352));
#3735=CARTESIAN_POINT('',(-0.0054145548322074,0.0455375160744659,0.00383385543059591));
#3736=CARTESIAN_POINT('',(-0.000659952894169891,0.0471349773679381,0.00346480781154821));
#3737=CARTESIAN_POINT('',(0.00427963331989923,0.0462639950448622,0.00309576019250061));
#3738=CARTESIAN_POINT('',(0.00820113373529707,0.0431367028190911,0.002726712573453));
#3739=CARTESIAN_POINT('',(0.0101494400507932,0.038514774144357,0.00235766495440542));
#3740=CARTESIAN_POINT('',(0.00965002891099986,0.0335239114246678,0.00198861733535782));
#3741=CARTESIAN_POINT('',(0.00682453532160773,0.0293796734790816,0.0016195697163102));
#3742=CARTESIAN_POINT('',(0.00236112761015421,0.027091417860784,0.0012505220972625));
#3743=CARTESIAN_POINT('',(-0.00265310068634467,0.0272164649076212,0.000881474478214912));
#3744=CARTESIAN_POINT('',(-0.00699689990246875,0.0297243585543561,0.000512426859167296));
#3745=CARTESIAN_POINT('',(-0.0096123079699475,0.0340042841160804,0.000143379240119597));
#3746=CARTESIAN_POINT('',(-0.00986232432987615,0.039013836390795,-0.000225668378927991));
#3747=CARTESIAN_POINT('',(-0.00768605578436725,0.043532904590232,-0.000594715997975497));
#3748=CARTESIAN_POINT('',(-0.00361354745221245,0.0464608386840705,-0.000963763617023196));
#3749=CARTESIAN_POINT('',(0.00136331335233522,0.0470845202578645,-0.0013328112360708));
#3750=CARTESIAN_POINT('',(0.00603237807260945,0.0452520473900642,-0.0017018588551185));
#3751=CARTESIAN_POINT('',(0.00925646399767501,0.041409731406035,-0.00207090647416599));
#3752=CARTESIAN_POINT('',(0.0102503229049846,0.0364933946960755,-0.00243995409321369));
#3753=CARTESIAN_POINT('',(0.00877189364648997,0.0317004447588284,-0.00280900171226129));
#3754=CARTESIAN_POINT('',(0.00518125780015687,0.0281982373988393,-0.00317804933130889));
#3755=CARTESIAN_POINT('',(0.000352939333919088,0.0268397592201702,-0.0035470969503565));
#3756=CARTESIAN_POINT('',(-0.00453709170005153,0.0279558768932392,-0.00391614456940409));
#3757=CARTESIAN_POINT('',(-0.00829783473077955,0.0312747523097264,-0.0042851921884518));
#3758=CARTESIAN_POINT('',(-0.0100133350197832,0.0359880506168316,-0.0046542398074994));
#3759=CARTESIAN_POINT('',(-0.00926577071490695,0.040947815710403,-0.00502328742654699));
#3760=CARTESIAN_POINT('',(-0.0062372162258553,0.0449460628113434,-0.0053923350455946));
#3761=CARTESIAN_POINT('',(-0.00166529675390707,0.047008991437194,-0.00576138266464219));
#3762=CARTESIAN_POINT('',(0.00333646538099403,0.0466341611833433,-0.00613043028368989));
#3763=CARTESIAN_POINT('',(0.00754985673251882,0.0439128645269261,-0.00649947790273749));
#3764=CARTESIAN_POINT('',(0.00994867696153917,0.0395078919183646,-0.0068685255217851));
#3765=CARTESIAN_POINT('',(0.00994867696153901,0.034492104624895,-0.0072375731408327));
#3766=CARTESIAN_POINT('',(0.00754985673251931,0.0300871320163332,-0.0076066207598803));
#3767=CARTESIAN_POINT('',(0.0033364653809937,0.0273658353599165,-0.0079756683789279));
#3768=CARTESIAN_POINT('',(-0.00166529675390577,0.0269910051060643,-0.00834471599797559));
#3769=CARTESIAN_POINT('',(-0.0062372162258576,0.0290539337319181,-0.00871376361702319));
#3770=CARTESIAN_POINT('',(-0.0092657707149019,0.0330521808328516,-0.00908281123607079));
#3771=CARTESIAN_POINT('',(-0.0100133350197934,0.0380119459264372,-0.00945185885511839));
#3772=CARTESIAN_POINT('',(-0.00829783473075895,0.042725244233513,-0.00982090647416609));
#3773=CARTESIAN_POINT('',(-0.00453709170009443,0.0460441196500607,-0.0101899540932136));
#3774=CARTESIAN_POINT('',(0.000352939334006787,0.0471602373230056,-0.0105590017122613));
#3775=CARTESIAN_POINT('',(0.00518125779997578,0.0458017591445923,-0.0109280493313089));
#3776=CARTESIAN_POINT('',(0.00877189364686214,0.0422995517840771,-0.0112970969503565));
#3777=CARTESIAN_POINT('',(0.0102503229042185,0.0375066018479131,-0.0116661445694042));
#3778=CARTESIAN_POINT('',(0.00925646399925166,0.0325902651357241,-0.0120351921884517));
#3779=CARTESIAN_POINT('',(0.00603237806936503,0.028747949156283,-0.0124042398074994));
#3780=CARTESIAN_POINT('',(0.00136331335901229,0.0269154762790405,-0.012773287426547));
#3781=CARTESIAN_POINT('',(-0.00361354746595281,0.0275391578722658,-0.0131423350455946));
#3782=CARTESIAN_POINT('',(-0.0076860557560903,0.0304670919261161,-0.0135113826646422));
#3783=CARTESIAN_POINT('',(-0.00986232438806725,0.0349861602078452,-0.0138804302836899));
#3784=CARTESIAN_POINT('',(-0.00961230785019515,0.0399957123132094,-0.0142494779027374));
#3785=CARTESIAN_POINT('',(-0.00699690014890875,0.0442756382234426,-0.0146185255217851));
#3786=CARTESIAN_POINT('',(-0.00265310017919289,0.0467835311529763,-0.0149875731408327));
#3787=CARTESIAN_POINT('',(0.00236112656647928,0.0469085796757518,-0.0153566207598803));
#3788=CARTESIAN_POINT('',(0.00682453746939978,0.0446203210201015,-0.0157256683789281));
#3789=CARTESIAN_POINT('',(0.0096500244910308,0.0404760893251238,-0.0160947159979756));
#3790=CARTESIAN_POINT('',(0.0101494491467451,0.0354852137422184,-0.0164637636170233));
#3791=CARTESIAN_POINT('',(0.00820111501686979,0.0308633115389116,-0.0168328112360708));
#3792=CARTESIAN_POINT('',(0.00427967185122392,0.0277359648353773,-0.0172018588551186));
#3793=CARTESIAN_POINT('',(-0.00066003213086153,0.0268650946370813,-0.0175709064741661));
#3794=CARTESIAN_POINT('',(-0.005414388979124,0.0284623246615577,-0.0179399540932138));
#3795=CARTESIAN_POINT('',(-0.0088264853229651,0.0321396373561917,-0.0183090017122614));
#3796=CARTESIAN_POINT('',(-0.0096504367665868,0.0353793358557678,-0.0185550334582931));
#3797=CARTESIAN_POINT('',(-0.0096504367665868,0.0369999982716297,-0.018678049331309));
#3798=CARTESIAN_POINT('',(-0.0096504434303438,0.0369999982716297,0.0743250106348884));
#3799=CARTESIAN_POINT('',(-0.0096504434303438,0.0386206615297792,0.0742019947618724));
#3800=CARTESIAN_POINT('',(-0.00882649135719935,0.041860362623043,0.0739559630158404));
#3801=CARTESIAN_POINT('',(-0.0054143927289737,0.0455376776056047,0.0735869153967934));
#3802=CARTESIAN_POINT('',(-0.000660032641268672,0.0471349088123247,0.0732178677777454));
#3803=CARTESIAN_POINT('',(0.00427967468405701,0.0462640379755886,0.0728488201586984));
#3804=CARTESIAN_POINT('',(0.00820112051287789,0.0431366891741432,0.0724797725396504));
#3805=CARTESIAN_POINT('',(0.0101494559625304,0.0385147838247552,0.0721107249206024));
#3806=CARTESIAN_POINT('',(0.00965003096889781,0.0335239048622704,0.0717416773015554));
#3807=CARTESIAN_POINT('',(0.0068245420304846,0.0293796703538057,0.0713726296825074));
#3808=CARTESIAN_POINT('',(0.00236112810044998,0.027091410147439,0.0710035820634594));
#3809=CARTESIAN_POINT('',(-0.00265310204621339,0.0272164587543997,0.0706345344444124));
#3810=CARTESIAN_POINT('',(-0.0069969049620646,0.0297243533852163,0.0702654868253644));
#3811=CARTESIAN_POINT('',(-0.00961231443727255,0.0340042821981593,0.0698964392063174));
#3812=CARTESIAN_POINT('',(-0.00986233114470755,0.0390138377013227,0.0695273915872694));
#3813=CARTESIAN_POINT('',(-0.00768606103668245,0.0435329090480733,0.0691583439682214));
#3814=CARTESIAN_POINT('',(-0.00361354998436509,0.0464608450878109,0.0687892963491744));
#3815=CARTESIAN_POINT('',(0.0013633142161529,0.0470845271040397,0.0684202487301264));
#3816=CARTESIAN_POINT('',(0.00603238209329776,0.0452520529839272,0.0680512011110794));
#3817=CARTESIAN_POINT('',(0.00925647020991929,0.0414097343984347,0.0676821534920314));
#3818=CARTESIAN_POINT('',(0.0102503297889707,0.036493394351743,0.0673131058729834));
#3819=CARTESIAN_POINT('',(0.00877189952887027,0.0317004411647621,0.0669440582539364));
#3820=CARTESIAN_POINT('',(0.00518126124663648,0.0281982314288759,0.0665750106348884));
#3821=CARTESIAN_POINT('',(0.000352939505862189,0.0268397523290753,0.0662059630158404));
#3822=CARTESIAN_POINT('',(-0.00453709484490089,0.0279558707590265,0.0658369153967934));
#3823=CARTESIAN_POINT('',(-0.00829784042628805,0.0312747484266001,0.0654678677777454));
#3824=CARTESIAN_POINT('',(-0.01001334187886,0.0359880499304691,0.0650988201586984));
#3825=CARTESIAN_POINT('',(-0.0092657770669334,0.0409478183880134,0.0647297725396504));
#3826=CARTESIAN_POINT('',(-0.00623722052377315,0.0449460682007567,0.0643607249206024));
#3827=CARTESIAN_POINT('',(-0.00166529795091863,0.0470089982257912,0.0639916773015554));
#3828=CARTESIAN_POINT('',(0.00333646757642428,0.0466341677177105,0.0636226296825074));
#3829=CARTESIAN_POINT('',(0.00754986178568119,0.0439128692155753,0.0632535820634594));
#3830=CARTESIAN_POINT('',(0.00994868364169994,0.0395078936193424,0.0628845344444124));
#3831=CARTESIAN_POINT('',(0.00994868364170015,0.0344921029239169,0.0625154868253644));
#3832=CARTESIAN_POINT('',(0.00754986178568091,0.0300871273276842,0.0621464392063174));
#3833=CARTESIAN_POINT('',(0.00333646757642488,0.0273658288255484,0.0617773915872694));
#3834=CARTESIAN_POINT('',(-0.00166529795091973,0.0269909983174693,0.0614083439682214));
#3835=CARTESIAN_POINT('',(-0.00623722052377075,0.0290539283425004,0.0610392963491744));
#3836=CARTESIAN_POINT('',(-0.0092657770669383,0.0330521781552506,0.0606702487301264));
#3837=CARTESIAN_POINT('',(-0.01001334187885,0.0380119466127807,0.0603012011110794));
#3838=CARTESIAN_POINT('',(-0.00829784042630885,0.0427252481166789,0.0599321534920314));
#3839=CARTESIAN_POINT('',(-0.00453709484485819,0.0460441257841923,0.0595631058729834));
#3840=CARTESIAN_POINT('',(0.00035293950577426,0.0471602442142678,0.0591940582539364));
#3841=CARTESIAN_POINT('',(0.00518126124681733,0.0458017651142114,0.0588250106348884));
#3842=CARTESIAN_POINT('',(0.00877189952849799,0.0422995553788516,0.0584559630158404));
#3843=CARTESIAN_POINT('',(0.0102503297897368,0.0375066021907875,0.0580869153967934));
#3844=CARTESIAN_POINT('',(0.00925647020834279,0.0325902621463246,0.0577178677777454));
#3845=CARTESIAN_POINT('',(0.0060323820965421,0.0287479435562457,0.0573488201586974));
#3846=CARTESIAN_POINT('',(0.00136331420947641,0.0269154694455715,0.0569797725396504));
#3847=CARTESIAN_POINT('',(-0.00361354997062535,0.027539151442377,0.0566107249206024));
#3848=CARTESIAN_POINT('',(-0.00768606106495755,0.030467087522086,0.0562416773015554));
#3849=CARTESIAN_POINT('',(-0.00986233108651985,0.0349861587865791,0.0558726296825074));
#3850=CARTESIAN_POINT('',(-0.0096123145570177,0.0399957144590212,0.0555035820634594));
#3851=CARTESIAN_POINT('',(-0.00699690471563945,0.0442756429236034,0.0551345344444124));
#3852=CARTESIAN_POINT('',(-0.00265310255333511,0.0467835382713162,0.0547654868253644));
#3853=CARTESIAN_POINT('',(0.00236112914406238,0.0469085854029667,0.0543964392063174));
#3854=CARTESIAN_POINT('',(0.00682453988282061,0.0446203282326605,0.0540273915872694));
#3855=CARTESIAN_POINT('',(0.00965003538860284,0.0404760874762465,0.0536583439682214));
#3856=CARTESIAN_POINT('',(0.0101494468671217,0.0354852213715063,0.0532892963491744));
#3857=CARTESIAN_POINT('',(0.00820113923018754,0.0308632895619505,0.0529202487301264));
#3858=CARTESIAN_POINT('',(0.00427963615503348,0.0277359952150946,0.0525512011110784));
#3859=CARTESIAN_POINT('',(-0.000659953409308332,0.0268650123012753,0.0521821534920314));
#3860=CARTESIAN_POINT('',(-0.00541455857215305,0.0284624746782249,0.0518131058729834));
#3861=CARTESIAN_POINT('',(-0.00882616266154665,0.0321393094362134,0.0514440582539364));
#3862=CARTESIAN_POINT('',(-0.0100638461209091,0.0369999982716297,0.0510750106348884));
#3863=CARTESIAN_POINT('',(-0.00882616266154675,0.041860687107046,0.0507059630158404));
#3864=CARTESIAN_POINT('',(-0.00541455857215305,0.0455375218650344,0.0503369153967934));
#3865=CARTESIAN_POINT('',(-0.000659953409308332,0.0471349842419842,0.0499678677777454));
#3866=CARTESIAN_POINT('',(0.00427963615503343,0.0462640013281647,0.0495988201586974));
#3867=CARTESIAN_POINT('',(0.0082011392301875,0.0431367069813089,0.0492297725396504));
#3868=CARTESIAN_POINT('',(0.0101494468671217,0.0385147751717531,0.0488607249206024));
#3869=CARTESIAN_POINT('',(0.00965003538860287,0.0335239090670131,0.0484916773015554));
#3870=CARTESIAN_POINT('',(0.00682453988282068,0.0293796683105989,0.0481226296825074));
#3871=CARTESIAN_POINT('',(0.00236112914406242,0.0270914111402929,0.0477535820634594));
#3872=CARTESIAN_POINT('',(-0.00265310255333502,0.0272164582719431,0.0473845344444124));
#3873=CARTESIAN_POINT('',(-0.00699690471563935,0.029724353619656,0.0470154868253644));
#3874=CARTESIAN_POINT('',(-0.0096123145570177,0.0340042820842382,0.0466464392063174));
#3875=CARTESIAN_POINT('',(-0.00986233108651985,0.0390138377566802,0.0462773915872694));
#3876=CARTESIAN_POINT('',(-0.00768606106495755,0.0435329090211733,0.0459083439682214));
#3877=CARTESIAN_POINT('',(-0.00361354997062545,0.0464608451008824,0.0455392963491744));
#3878=CARTESIAN_POINT('',(0.00136331420947636,0.0470845270976879,0.0451702487301264));
#3879=CARTESIAN_POINT('',(0.00603238209654205,0.0452520529870137,0.0448012011110794));
#3880=CARTESIAN_POINT('',(0.00925647020834278,0.0414097343969349,0.0444321534920314));
#3881=CARTESIAN_POINT('',(0.0102503297897368,0.036493394352472,0.0440631058729834));
#3882=CARTESIAN_POINT('',(0.00877189952849804,0.0317004411644078,0.0436940582539364));
#3883=CARTESIAN_POINT('',(0.0051812612468174,0.0281982314290481,0.0433250106348884));
#3884=CARTESIAN_POINT('',(0.000352939505774299,0.0268397523289916,0.0429559630158404));
#3885=CARTESIAN_POINT('',(-0.00453709484485819,0.0279558707590671,0.0425869153967934));
#3886=CARTESIAN_POINT('',(-0.00829784042630885,0.0312747484265804,0.0422178677777454));
#3887=CARTESIAN_POINT('',(-0.0100133418788499,0.0359880499304787,0.0418488201586984));
#3888=CARTESIAN_POINT('',(-0.0092657770669383,0.0409478183880087,0.0414797725396504));
#3889=CARTESIAN_POINT('',(-0.00623722052377075,0.044946068200759,0.0411107249206024));
#3890=CARTESIAN_POINT('',(-0.00166529795091973,0.04700899822579,0.0407416773015554));
#3891=CARTESIAN_POINT('',(0.00333646757642483,0.046634167717711,0.0403726296825074));
#3892=CARTESIAN_POINT('',(0.00754986178568092,0.0439128692155752,0.0400035820634594));
#3893=CARTESIAN_POINT('',(0.00994868364170008,0.0395078936193425,0.0396345344444124));
#3894=CARTESIAN_POINT('',(0.00994868364170009,0.0344921029239169,0.0392654868253646));
#3895=CARTESIAN_POINT('',(0.00754986178568096,0.0300871273276844,0.0388964392063171));
#3896=CARTESIAN_POINT('',(0.00333646757642491,0.0273658288255483,0.0385273915872695));
#3897=CARTESIAN_POINT('',(-0.00166529795091963,0.0269909983174693,0.0381583439682218));
#3898=CARTESIAN_POINT('',(-0.00623722052377065,0.0290539283425004,0.0377892963491742));
#3899=CARTESIAN_POINT('',(-0.0092657770669383,0.0330521781552505,0.0374202487301267));
#3900=CARTESIAN_POINT('',(-0.0100133418788499,0.0380119466127807,0.0370512011110789));
#3901=CARTESIAN_POINT('',(-0.00829784042630885,0.0427252481166789,0.0366821534920314));
#3902=CARTESIAN_POINT('',(-0.00453709484485819,0.0460441257841922,0.0363131058729836));
#3903=CARTESIAN_POINT('',(0.000352939505774238,0.0471602442142678,0.0359440582539362));
#3904=CARTESIAN_POINT('',(0.00518126124681733,0.0458017651142115,0.0355750106348884));
#3905=CARTESIAN_POINT('',(0.00877189952849798,0.0422995553788516,0.035205963015841));
#3906=CARTESIAN_POINT('',(0.0102503297897368,0.0375066021907876,0.0348369153967931));
#3907=CARTESIAN_POINT('',(0.00925647020834281,0.0325902621463245,0.0344678677777457));
#3908=CARTESIAN_POINT('',(0.0060323820965421,0.0287479435562458,0.034098820158698));
#3909=CARTESIAN_POINT('',(0.00136331420947644,0.0269154694455714,0.0337297725396504));
#3910=CARTESIAN_POINT('',(-0.00361354997062535,0.027539151442377,0.0333607249206028));
#3911=CARTESIAN_POINT('',(-0.00768606106495755,0.0304670875220859,0.0329916773015552));
#3912=CARTESIAN_POINT('',(-0.00986233108651985,0.0349861587865792,0.0326226296825076));
#3913=CARTESIAN_POINT('',(-0.0096123145570177,0.0399957144590212,0.0322535820634599));
#3914=CARTESIAN_POINT('',(-0.00699690471563945,0.0442756429236033,0.0318845344444124));
#3915=CARTESIAN_POINT('',(-0.00265310255333521,0.0467835382713162,0.0315154868253646));
#3916=CARTESIAN_POINT('',(0.00236112914406232,0.0469085854029666,0.0311464392063171));
#3917=CARTESIAN_POINT('',(0.00682453988282059,0.0446203282326606,0.0307773915872695));
#3918=CARTESIAN_POINT('',(0.00965003538860283,0.0404760874762464,0.0304083439682218));
#3919=CARTESIAN_POINT('',(0.0101494468671217,0.0354852213715064,0.0300392963491742));
#3920=CARTESIAN_POINT('',(0.00820113923018754,0.0308632895619505,0.0296702487301265));
#3921=CARTESIAN_POINT('',(0.00427963615503348,0.0277359952150947,0.029301201111079));
#3922=CARTESIAN_POINT('',(-0.000659953409308231,0.0268650123012752,0.0289321534920313));
#3923=CARTESIAN_POINT('',(-0.00541455857215295,0.0284624746782249,0.0285631058729838));
#3924=CARTESIAN_POINT('',(-0.00882616266154665,0.0321393094362134,0.0281940582539361));
#3925=CARTESIAN_POINT('',(-0.0100638461209091,0.0369999982716297,0.0278250106348885));
#3926=CARTESIAN_POINT('',(-0.00882616266154675,0.041860687107046,0.0274559630158409));
#3927=CARTESIAN_POINT('',(-0.00541455857215305,0.0455375218650344,0.0270869153967932));
#3928=CARTESIAN_POINT('',(-0.000659953409308332,0.0471349842419843,0.0267178677777457));
#3929=CARTESIAN_POINT('',(0.00427963615503337,0.0462640013281647,0.026348820158698));
#3930=CARTESIAN_POINT('',(0.00820113923018744,0.043136706981309,0.0259797725396504));
#3931=CARTESIAN_POINT('',(0.0101494468671217,0.0385147751717532,0.0256107249206028));
#3932=CARTESIAN_POINT('',(0.00965003538860289,0.0335239090670131,0.0252416773015552));
#3933=CARTESIAN_POINT('',(0.00682453988282065,0.0293796683105988,0.0248726296825076));
#3934=CARTESIAN_POINT('',(0.00236112914406239,0.0270914111402929,0.0245035820634599));
#3935=CARTESIAN_POINT('',(-0.00265310255333502,0.0272164582719432,0.0241345344444123));
#3936=CARTESIAN_POINT('',(-0.00699690471563935,0.029724353619656,0.0237654868253648));
#3937=CARTESIAN_POINT('',(-0.0096123145570177,0.0340042820842381,0.023396439206317));
#3938=CARTESIAN_POINT('',(-0.00986233108651985,0.0390138377566802,0.0230273915872695));
#3939=CARTESIAN_POINT('',(-0.00768606106495755,0.0435329090211734,0.0226583439682218));
#3940=CARTESIAN_POINT('',(-0.00361354997062545,0.0464608451008823,0.0222892963491742));
#3941=CARTESIAN_POINT('',(0.00136331420947634,0.047084527097688,0.0219202487301266));
#3942=CARTESIAN_POINT('',(0.00603238209654204,0.0452520529870137,0.0215512011110789));
#3943=CARTESIAN_POINT('',(0.00925647020834278,0.041409734396935,0.0211821534920314));
#3944=CARTESIAN_POINT('',(0.0102503297897368,0.0364933943524719,0.0208131058729837));
#3945=CARTESIAN_POINT('',(0.00877189952849803,0.031700441164408,0.0204440582539361));
#3946=CARTESIAN_POINT('',(0.00518126124681746,0.0281982314290481,0.0200750106348885));
#3947=CARTESIAN_POINT('',(0.000352939505774358,0.0268397523289916,0.0197059630158409));
#3948=CARTESIAN_POINT('',(-0.00453709484485809,0.0279558707590671,0.0193369153967933));
#3949=CARTESIAN_POINT('',(-0.00829784042630885,0.0312747484265804,0.0189678677777456));
#3950=CARTESIAN_POINT('',(-0.0100133418788499,0.0359880499304786,0.018598820158698));
#3951=CARTESIAN_POINT('',(-0.0092657770669384,0.0409478183880089,0.0182297725396504));
#3952=CARTESIAN_POINT('',(-0.00623722052377075,0.0449460682007589,0.0178607249206028));
#3953=CARTESIAN_POINT('',(-0.00166529795091983,0.0470089982257901,0.0174916773015551));
#3954=CARTESIAN_POINT('',(0.00333646757642483,0.0466341677177111,0.0171226296825076));
#3955=CARTESIAN_POINT('',(0.00754986178568086,0.0439128692155752,0.0167535820634599));
#3956=CARTESIAN_POINT('',(0.00994868364170005,0.0395078936193427,0.0163845344444123));
#3957=CARTESIAN_POINT('',(0.00994868364170012,0.0344921029239169,0.0160154868253647));
#3958=CARTESIAN_POINT('',(0.00754986178568096,0.0300871273276844,0.015646439206317));
#3959=CARTESIAN_POINT('',(0.00333646757642486,0.0273658288255483,0.0152773915872694));
#3960=CARTESIAN_POINT('',(-0.00166529795091973,0.0269909983174693,0.0149083439682219));
#3961=CARTESIAN_POINT('',(-0.00623722052377075,0.0290539283425004,0.0145392963491742));
#3962=CARTESIAN_POINT('',(-0.0092657770669383,0.0330521781552506,0.0141702487301266));
#3963=CARTESIAN_POINT('',(-0.01001334187885,0.0380119466127806,0.013801201111079));
#3964=CARTESIAN_POINT('',(-0.00829784042630885,0.0427252481166789,0.0134321534920314));
#3965=CARTESIAN_POINT('',(-0.00453709484485829,0.0460441257841921,0.0130631058729837));
#3966=CARTESIAN_POINT('',(0.000352939505774129,0.0471602442142679,0.0126940582539362));
#3967=CARTESIAN_POINT('',(0.00518126124681725,0.0458017651142114,0.0123250106348885));
#3968=CARTESIAN_POINT('',(0.00877189952849798,0.0422995553788516,0.0119559630158408));
#3969=CARTESIAN_POINT('',(0.0102503297897368,0.0375066021907875,0.0115869153967933));
#3970=CARTESIAN_POINT('',(0.00925647020834279,0.0325902621463245,0.0112178677777456));
#3971=CARTESIAN_POINT('',(0.0060323820965421,0.0287479435562458,0.010848820158698));
#3972=CARTESIAN_POINT('',(0.00136331420947648,0.0269154694455715,0.0104797725396504));
#3973=CARTESIAN_POINT('',(-0.00361354997062535,0.027539151442377,0.0101107249206028));
#3974=CARTESIAN_POINT('',(-0.00768606106495745,0.0304670875220859,0.00974167730155521));
#3975=CARTESIAN_POINT('',(-0.0098623310865199,0.0349861587865791,0.00937262968250762));
#3976=CARTESIAN_POINT('',(-0.0096123145570178,0.039995714459021,0.00900358206345991));
#3977=CARTESIAN_POINT('',(-0.00699690471563945,0.0442756429236032,0.00863453444441231));
#3978=CARTESIAN_POINT('',(-0.00265310255333521,0.0467835382713163,0.0082654868253647));
#3979=CARTESIAN_POINT('',(0.00236112914406237,0.0469085854029666,0.00789643920631702));
#3980=CARTESIAN_POINT('',(0.00682453988282062,0.0446203282326606,0.00752739158726951));
#3981=CARTESIAN_POINT('',(0.00965003538860282,0.0404760874762464,0.00715834396822181));
#3982=CARTESIAN_POINT('',(0.0101494468671217,0.0354852213715065,0.00678929634917431));
#3983=CARTESIAN_POINT('',(0.00820113923018758,0.0308632895619505,0.00642024873012661));
#3984=CARTESIAN_POINT('',(0.00427963615503353,0.0277359952150947,0.00605120111107901));
#3985=CARTESIAN_POINT('',(-0.000659953409308231,0.0268650123012752,0.00568215349203142));
#3986=CARTESIAN_POINT('',(-0.00541455857215295,0.0284624746782249,0.00531310587298371));
#3987=CARTESIAN_POINT('',(-0.00882616266154665,0.0321393094362134,0.0049440582539361));
#3988=CARTESIAN_POINT('',(-0.0100638461209091,0.0369999982716296,0.0045750106348885));
#3989=CARTESIAN_POINT('',(-0.00882616266154675,0.041860687107046,0.00420596301584091));
#3990=CARTESIAN_POINT('',(-0.00541455857215305,0.0455375218650344,0.00383691539679331));
#3991=CARTESIAN_POINT('',(-0.000659953409308431,0.0471349842419842,0.00346786777774561));
#3992=CARTESIAN_POINT('',(0.00427963615503333,0.0462640013281648,0.00309882015869801));
#3993=CARTESIAN_POINT('',(0.00820113923018745,0.0431367069813088,0.00272977253965041));
#3994=CARTESIAN_POINT('',(0.0101494468671217,0.0385147751717532,0.00236072492060281));
#3995=CARTESIAN_POINT('',(0.00965003538860289,0.0335239090670131,0.00199167730155522));
#3996=CARTESIAN_POINT('',(0.00682453988282072,0.029379668310599,0.0016226296825076));
#3997=CARTESIAN_POINT('',(0.00236112914406247,0.0270914111402928,0.0012535820634599));
#3998=CARTESIAN_POINT('',(-0.00265310255333502,0.0272164582719431,0.000884534444412312));
#3999=CARTESIAN_POINT('',(-0.00699690471563935,0.029724353619656,0.00051548682536471));
#4000=CARTESIAN_POINT('',(-0.0096123145570177,0.0340042820842383,0.000146439206317107));
#4001=CARTESIAN_POINT('',(-0.00986233108651985,0.03901383775668,-0.000222608412730592));
#4002=CARTESIAN_POINT('',(-0.00768606106495765,0.0435329090211734,-0.000591656031778097));
#4003=CARTESIAN_POINT('',(-0.00361354997062545,0.0464608451008822,-0.000960703650825796));
#4004=CARTESIAN_POINT('',(0.00136331420947631,0.047084527097688,-0.0013297512698734));
#4005=CARTESIAN_POINT('',(0.00603238209654206,0.0452520529870137,-0.0016987988889211));
#4006=CARTESIAN_POINT('',(0.00925647020834278,0.041409734396935,-0.00206784650796861));
#4007=CARTESIAN_POINT('',(0.0102503297897368,0.0364933943524719,-0.00243689412701629));
#4008=CARTESIAN_POINT('',(0.00877189952849806,0.031700441164408,-0.00280594174606389));
#4009=CARTESIAN_POINT('',(0.00518126124681745,0.028198231429048,-0.00317498936511149));
#4010=CARTESIAN_POINT('',(0.000352939505774348,0.0268397523289916,-0.00354403698415909));
#4011=CARTESIAN_POINT('',(-0.00453709484485809,0.0279558707590671,-0.0039130846032067));
#4012=CARTESIAN_POINT('',(-0.00829784042630875,0.0312747484265804,-0.00428213222225439));
#4013=CARTESIAN_POINT('',(-0.0100133418788499,0.0359880499304784,-0.004651179841302));
#4014=CARTESIAN_POINT('',(-0.0092657770669384,0.0409478183880088,-0.00502022746034959));
#4015=CARTESIAN_POINT('',(-0.00623722052377075,0.0449460682007589,-0.00538927507939719));
#4016=CARTESIAN_POINT('',(-0.00166529795091973,0.0470089982257901,-0.00575832269844479));
#4017=CARTESIAN_POINT('',(0.0033364675764248,0.046634167717711,-0.00612737031749249));
#4018=CARTESIAN_POINT('',(0.0075498617856808,0.0439128692155753,-0.00649641793654009));
#4019=CARTESIAN_POINT('',(0.00994868364170013,0.0395078936193426,-0.0068654655555877));
#4020=CARTESIAN_POINT('',(0.00994868364169997,0.0344921029239171,-0.0072345131746353));
#4021=CARTESIAN_POINT('',(0.00754986178568128,0.030087127327684,-0.0076035607936829));
#4022=CARTESIAN_POINT('',(0.00333646757642447,0.027365828825549,-0.0079726084127305));
#4023=CARTESIAN_POINT('',(-0.00166529795091843,0.0269909983174681,-0.0083416560317782));
#4024=CARTESIAN_POINT('',(-0.00623722052377305,0.0290539283425026,-0.00871070365082579));
#4025=CARTESIAN_POINT('',(-0.0092657770669334,0.0330521781552458,-0.00907975126987339));
#4026=CARTESIAN_POINT('',(-0.0100133418788601,0.0380119466127903,-0.00944879888892099));
#4027=CARTESIAN_POINT('',(-0.00829784042628815,0.042725248116659,-0.00981784650796869));
#4028=CARTESIAN_POINT('',(-0.00453709484490099,0.0460441257842328,-0.0101868941270162));
#4029=CARTESIAN_POINT('',(0.000352939505862049,0.0471602442141842,-0.0105559417460639));
#4030=CARTESIAN_POINT('',(0.00518126124663637,0.0458017651143835,-0.0109249893651115));
#4031=CARTESIAN_POINT('',(0.00877189952887021,0.0422995553784975,-0.0112940369841591));
#4032=CARTESIAN_POINT('',(0.0102503297889708,0.0375066021915165,-0.0116630846032068));
#4033=CARTESIAN_POINT('',(0.00925647020991933,0.0325902621448248,-0.0120321322222543));
#4034=CARTESIAN_POINT('',(0.00603238209329783,0.0287479435593322,-0.012401179841302));
#4035=CARTESIAN_POINT('',(0.00136331421615298,0.0269154694392197,-0.0127702274603496));
#4036=CARTESIAN_POINT('',(-0.00361354998436499,0.0275391514554485,-0.0131392750793972));
#4037=CARTESIAN_POINT('',(-0.00768606103668235,0.030467087495186,-0.0135083226984448));
#4038=CARTESIAN_POINT('',(-0.00986233114470755,0.0349861588419366,-0.0138773703174925));
#4039=CARTESIAN_POINT('',(-0.00961231443727255,0.0399957143450999,-0.01424641793654));
#4040=CARTESIAN_POINT('',(-0.0069969049620647,0.0442756431580429,-0.0146154655555877));
#4041=CARTESIAN_POINT('',(-0.00265310204621349,0.0467835377888597,-0.0149845131746353));
#4042=CARTESIAN_POINT('',(0.00236112810044986,0.0469085863958205,-0.0153535607936829));
#4043=CARTESIAN_POINT('',(0.00682454203048451,0.0446203261894536,-0.0157226084127307));
#4044=CARTESIAN_POINT('',(0.00965003096889777,0.0404760916809893,-0.0160916560317781));
#4045=CARTESIAN_POINT('',(0.0101494559625304,0.0354852127185043,-0.0164607036508258));
#4046=CARTESIAN_POINT('',(0.00820112051287794,0.0308633073691164,-0.0168297512698735));
#4047=CARTESIAN_POINT('',(0.00427967468405713,0.0277359585676708,-0.0171987988889211));
#4048=CARTESIAN_POINT('',(-0.00066003264126847,0.0268650877309347,-0.0175678465079687));
#4049=CARTESIAN_POINT('',(-0.0054143927289735,0.0284623189376546,-0.0179368941270164));
#4050=CARTESIAN_POINT('',(-0.00882649135719935,0.0321396339202163,-0.018305941746064));
#4051=CARTESIAN_POINT('',(-0.0096504434303438,0.0353793350134802,-0.0185519734920956));
#4052=CARTESIAN_POINT('',(-0.0096504434303438,0.0369999982716297,-0.0186749893651116));
#4053=CARTESIAN_POINT('',(-0.0096504367665868,0.0369999982716297,0.0743280706543798));
#4054=CARTESIAN_POINT('',(-0.0096504367665868,0.0386206600842814,0.0742050547813638));
#4055=CARTESIAN_POINT('',(-0.0088264851720736,0.0418603594464243,0.073959023035332));
#4056=CARTESIAN_POINT('',(-0.00541438893655585,0.0455376716287627,0.0735899754162848));
#4057=CARTESIAN_POINT('',(-0.00066003211098385,0.0471349018591698,0.0732209277972368));
#4058=CARTESIAN_POINT('',(0.00427967179640326,0.046264031562603,0.0728518801781898));
#4059=CARTESIAN_POINT('',(0.00820111492344215,0.0431366849488845,0.0724828325591418));
#4060=CARTESIAN_POINT('',(0.010149449026413,0.0385147827747091,0.0721137849400938));
#4061=CARTESIAN_POINT('',(0.00965002437847194,0.0335239072633984,0.0717447373210468));
#4062=CARTESIAN_POINT('',(0.00682453738941922,0.0293796756114733,0.0713756897019988));
#4063=CARTESIAN_POINT('',(0.00236112653982484,0.0270914169858787,0.0710066420829508));
#4064=CARTESIAN_POINT('',(-0.00265310014664551,0.027216465505743,0.0706375944639038));
#4065=CARTESIAN_POINT('',(-0.00699690006478725,0.0297243584062545,0.0702685468448558));
#4066=CARTESIAN_POINT('',(-0.0096123077351335,0.0340042842654364,0.0698994992258088));
#4067=CARTESIAN_POINT('',(-0.00986232427001865,0.0390138363116054,0.0695304516067608));
#4068=CARTESIAN_POINT('',(-0.00768605566384075,0.0435329045397073,0.0691614039877128));
#4069=CARTESIAN_POINT('',(-0.00361354742195357,0.0464608385589026,0.0687923563686658));
#4070=CARTESIAN_POINT('',(0.00136331334403677,0.047084520144719,0.0684233087496178));
#4071=CARTESIAN_POINT('',(0.00603237799906607,0.045252047289199,0.0680542611305708));
#4072=CARTESIAN_POINT('',(0.00925646389074914,0.041409731355282,0.0676852135115228));
#4073=CARTESIAN_POINT('',(0.0102503227839399,0.03649339470135,0.0673161658924748));
#4074=CARTESIAN_POINT('',(0.00877189354410167,0.0317004448219778,0.0669471182734278));
#4075=CARTESIAN_POINT('',(0.0051812577397617,0.0281982375029613,0.0665780706543798));
#4076=CARTESIAN_POINT('',(0.000352939331004559,0.0268397593406448,0.0662090230353318));
#4077=CARTESIAN_POINT('',(-0.00453709164515357,0.0279558770003645,0.0658399754162848));
#4078=CARTESIAN_POINT('',(-0.0082978346312562,0.0312747523775859,0.0654709277972368));
#4079=CARTESIAN_POINT('',(-0.0100133348999633,0.035988050628813,0.0651018801781898));
#4080=CARTESIAN_POINT('',(-0.00926577060393,0.040947815663629,0.0647328325591418));
#4081=CARTESIAN_POINT('',(-0.0062372161507718,0.0449460627171864,0.0643637849400938));
#4082=CARTESIAN_POINT('',(-0.0016652967329938,0.0470089913185962,0.0639947373210468));
#4083=CARTESIAN_POINT('',(0.00333646534263867,0.0466341610691854,0.0636256897019988));
#4084=CARTESIAN_POINT('',(0.00754985664423892,0.0439128644450141,0.0632566420829508));
#4085=CARTESIAN_POINT('',(0.00994867684483452,0.0395078918886479,0.0628875944639038));
#4086=CARTESIAN_POINT('',(0.00994867684483473,0.0344921046546114,0.0625185468448558));
#4087=CARTESIAN_POINT('',(0.00754985664423864,0.0300871320982454,0.0621494992258088));
#4088=CARTESIAN_POINT('',(0.00333646534263927,0.0273658354740734,0.0617804516067608));
#4089=CARTESIAN_POINT('',(-0.00166529673299489,0.0269910052246643,0.0614114039877128));
#4090=CARTESIAN_POINT('',(-0.0062372161507694,0.0290539338260706,0.0610423563686658));
#4091=CARTESIAN_POINT('',(-0.0092657706039349,0.033052180879635,0.0606733087496178));
#4092=CARTESIAN_POINT('',(-0.0100133348999533,0.0380119459144368,0.0603042611305708));
#4093=CARTESIAN_POINT('',(-0.008297834631277,0.0427252441656931,0.0599352135115228));
#4094=CARTESIAN_POINT('',(-0.00453709164511089,0.0460441195428543,0.0595661658924748));
#4095=CARTESIAN_POINT('',(0.000352939330916638,0.0471602372026982,0.0591971182734278));
#4096=CARTESIAN_POINT('',(0.00518125773994254,0.045801759040126,0.0588280706543798));
#4097=CARTESIAN_POINT('',(0.00877189354372942,0.0422995517216357,0.0584590230353318));
#4098=CARTESIAN_POINT('',(0.0102503227847059,0.0375066018411809,0.0580899754162848));
#4099=CARTESIAN_POINT('',(0.00925646388917276,0.0325902651894764,0.0577209277972368));
#4100=CARTESIAN_POINT('',(0.00603237800231016,0.0287479492509755,0.0573518801781888));
#4101=CARTESIAN_POINT('',(0.0013633133373608,0.0269154764048888,0.0569828325591418));
#4102=CARTESIAN_POINT('',(-0.00361354740821489,0.0275391579712924,0.0566137849400938));
#4103=CARTESIAN_POINT('',(-0.00768605569211365,0.0304670920304373,0.0562447373210468));
#4104=CARTESIAN_POINT('',(-0.0098623242118355,0.0349861601763265,0.0558756897019988));
#4105=CARTESIAN_POINT('',(-0.00961230785486935,0.0399957123916821,0.0555066420829508));
#4106=CARTESIAN_POINT('',(-0.00699689981838125,0.0442756379026924,0.0551375944639038));
#4107=CARTESIAN_POINT('',(-0.00265310065372789,0.0467835315197108,0.0547685468448558));
#4108=CARTESIAN_POINT('',(0.00236112758335627,0.0469085785650665,0.0543994992258088));
#4109=CARTESIAN_POINT('',(0.00682453524192184,0.0446203229738829,0.0540304516067608));
#4110=CARTESIAN_POINT('',(0.0096500287978341,0.0404760850774029,0.0536614039877128));
#4111=CARTESIAN_POINT('',(0.0101494399317099,0.0354852224168515,0.0532923563686658));
#4112=CARTESIAN_POINT('',(0.00820113363929975,0.0308632937968834,0.0529233087496178));
#4113=CARTESIAN_POINT('',(0.00427963327036873,0.0277360016081684,0.0525542611305698));
#4114=CARTESIAN_POINT('',(-0.00065995288517017,0.026865019295413,0.0521852135115228));
#4115=CARTESIAN_POINT('',(-0.0054145547668694,0.0284624805699564,0.0518161658924748));
#4116=CARTESIAN_POINT('',(-0.00882615650192045,0.0321393127905671,0.0514471182734278));
#4117=CARTESIAN_POINT('',(-0.0100638391071596,0.0369999982716297,0.0510780706543798));
#4118=CARTESIAN_POINT('',(-0.00882615650192055,0.0418606837526923,0.0507090230353318));
#4119=CARTESIAN_POINT('',(-0.00541455476686945,0.0455375159733029,0.0503399754162848));
#4120=CARTESIAN_POINT('',(-0.00065995288517017,0.0471349772478464,0.0499709277972368));
#4121=CARTESIAN_POINT('',(0.00427963327036868,0.0462639949350909,0.0496018801781888));
#4122=CARTESIAN_POINT('',(0.00820113363929971,0.043136702746376,0.0492328325591418));
#4123=CARTESIAN_POINT('',(0.0101494399317099,0.038514774126408,0.0488637849400938));
#4124=CARTESIAN_POINT('',(0.00965002879783413,0.0335239114658567,0.0484947373210468));
#4125=CARTESIAN_POINT('',(0.00682453524192191,0.0293796735693765,0.0481256897019988));
#4126=CARTESIAN_POINT('',(0.00236112758335631,0.0270914179781931,0.0477566420829508));
#4127=CARTESIAN_POINT('',(-0.00265310065372779,0.0272164650235485,0.0473875944639038));
#4128=CARTESIAN_POINT('',(-0.00699689981838115,0.0297243586405669,0.0470185468448558));
#4129=CARTESIAN_POINT('',(-0.00961230785486935,0.0340042841515771,0.0466494992258088));
#4130=CARTESIAN_POINT('',(-0.0098623242118355,0.0390138363669327,0.0462804516067608));
#4131=CARTESIAN_POINT('',(-0.00768605569211365,0.043532904512822,0.0459114039877128));
#4132=CARTESIAN_POINT('',(-0.00361354740821499,0.046460838571967,0.0455423563686658));
#4133=CARTESIAN_POINT('',(0.00136331333736075,0.0470845201383706,0.0451733087496178));
#4134=CARTESIAN_POINT('',(0.00603237800231011,0.0452520472922839,0.0448042611305708));
#4135=CARTESIAN_POINT('',(0.00925646388917275,0.041409731353783,0.0444352135115228));
#4136=CARTESIAN_POINT('',(0.0102503227847059,0.0364933947020785,0.0440661658924748));
#4137=CARTESIAN_POINT('',(0.00877189354372947,0.0317004448216238,0.0436971182734278));
#4138=CARTESIAN_POINT('',(0.00518125773994261,0.0281982375031335,0.0433280706543798));
#4139=CARTESIAN_POINT('',(0.000352939330916669,0.0268397593405612,0.0429590230353318));
#4140=CARTESIAN_POINT('',(-0.00453709164511089,0.0279558770004052,0.0425899754162848));
#4141=CARTESIAN_POINT('',(-0.008297834631277,0.0312747523775662,0.0422209277972368));
#4142=CARTESIAN_POINT('',(-0.0100133348999532,0.0359880506288226,0.0418518801781898));
#4143=CARTESIAN_POINT('',(-0.0092657706039349,0.0409478156636243,0.0414828325591418));
#4144=CARTESIAN_POINT('',(-0.0062372161507694,0.0449460627171887,0.0411137849400938));
#4145=CARTESIAN_POINT('',(-0.00166529673299489,0.047008991318595,0.0407447373210468));
#4146=CARTESIAN_POINT('',(0.00333646534263921,0.0466341610691859,0.0403756897019988));
#4147=CARTESIAN_POINT('',(0.00754985664423865,0.0439128644450139,0.0400066420829508));
#4148=CARTESIAN_POINT('',(0.00994867684483466,0.0395078918886479,0.0396375944639038));
#4149=CARTESIAN_POINT('',(0.00994867684483466,0.0344921046546114,0.039268546844856));
#4150=CARTESIAN_POINT('',(0.00754985664423869,0.0300871320982456,0.0388994992258085));
#4151=CARTESIAN_POINT('',(0.0033364653426393,0.0273658354740734,0.0385304516067609));
#4152=CARTESIAN_POINT('',(-0.00166529673299479,0.0269910052246643,0.0381614039877132));
#4153=CARTESIAN_POINT('',(-0.0062372161507693,0.0290539338260706,0.0377923563686656));
#4154=CARTESIAN_POINT('',(-0.0092657706039349,0.0330521808796348,0.037423308749618));
#4155=CARTESIAN_POINT('',(-0.0100133348999532,0.0380119459144368,0.0370542611305703));
#4156=CARTESIAN_POINT('',(-0.008297834631277,0.042725244165693,0.0366852135115228));
#4157=CARTESIAN_POINT('',(-0.00453709164511089,0.0460441195428542,0.036316165892475));
#4158=CARTESIAN_POINT('',(0.000352939330916608,0.0471602372026982,0.0359471182734276));
#4159=CARTESIAN_POINT('',(0.00518125773994254,0.0458017590401261,0.0355780706543798));
#4160=CARTESIAN_POINT('',(0.00877189354372941,0.0422995517216356,0.0352090230353324));
#4161=CARTESIAN_POINT('',(0.0102503227847059,0.037506601841181,0.0348399754162845));
#4162=CARTESIAN_POINT('',(0.00925646388917278,0.0325902651894764,0.0344709277972371));
#4163=CARTESIAN_POINT('',(0.00603237800231016,0.0287479492509756,0.0341018801781894));
#4164=CARTESIAN_POINT('',(0.00136331333736083,0.0269154764048886,0.0337328325591417));
#4165=CARTESIAN_POINT('',(-0.00361354740821489,0.0275391579712924,0.0333637849400941));
#4166=CARTESIAN_POINT('',(-0.00768605569211365,0.0304670920304372,0.0329947373210466));
#4167=CARTESIAN_POINT('',(-0.0098623242118355,0.0349861601763266,0.0326256897019989));
#4168=CARTESIAN_POINT('',(-0.00961230785486935,0.0399957123916821,0.0322566420829513));
#4169=CARTESIAN_POINT('',(-0.00699689981838125,0.0442756379026924,0.0318875944639038));
#4170=CARTESIAN_POINT('',(-0.00265310065372799,0.0467835315197108,0.031518546844856));
#4171=CARTESIAN_POINT('',(0.00236112758335621,0.0469085785650663,0.0311494992258084));
#4172=CARTESIAN_POINT('',(0.00682453524192182,0.044620322973883,0.0307804516067609));
#4173=CARTESIAN_POINT('',(0.0096500287978341,0.0404760850774028,0.0304114039877132));
#4174=CARTESIAN_POINT('',(0.0101494399317099,0.0354852224168515,0.0300423563686656));
#4175=CARTESIAN_POINT('',(0.00820113363929975,0.0308632937968834,0.0296733087496178));
#4176=CARTESIAN_POINT('',(0.00427963327036873,0.0277360016081685,0.0293042611305704));
#4177=CARTESIAN_POINT('',(-0.000659952885170071,0.0268650192954129,0.0289352135115227));
#4178=CARTESIAN_POINT('',(-0.00541455476686935,0.0284624805699564,0.0285661658924752));
#4179=CARTESIAN_POINT('',(-0.00882615650192045,0.0321393127905671,0.0281971182734275));
#4180=CARTESIAN_POINT('',(-0.0100638391071596,0.0369999982716297,0.0278280706543799));
#4181=CARTESIAN_POINT('',(-0.00882615650192055,0.0418606837526923,0.0274590230353323));
#4182=CARTESIAN_POINT('',(-0.00541455476686945,0.0455375159733029,0.0270899754162846));
#4183=CARTESIAN_POINT('',(-0.00065995288517017,0.0471349772478465,0.0267209277972371));
#4184=CARTESIAN_POINT('',(0.00427963327036861,0.0462639949350909,0.0263518801781895));
#4185=CARTESIAN_POINT('',(0.00820113363929964,0.0431367027463761,0.0259828325591418));
#4186=CARTESIAN_POINT('',(0.0101494399317099,0.0385147741264081,0.0256137849400942));
#4187=CARTESIAN_POINT('',(0.00965002879783415,0.0335239114658567,0.0252447373210466));
#4188=CARTESIAN_POINT('',(0.00682453524192188,0.0293796735693764,0.024875689701999));
#4189=CARTESIAN_POINT('',(0.00236112758335628,0.0270914179781931,0.0245066420829513));
#4190=CARTESIAN_POINT('',(-0.00265310065372779,0.0272164650235486,0.0241375944639037));
#4191=CARTESIAN_POINT('',(-0.00699689981838115,0.0297243586405669,0.0237685468448562));
#4192=CARTESIAN_POINT('',(-0.00961230785486935,0.034004284151577,0.0233994992258084));
#4193=CARTESIAN_POINT('',(-0.0098623242118355,0.0390138363669327,0.0230304516067609));
#4194=CARTESIAN_POINT('',(-0.00768605569211365,0.0435329045128221,0.0226614039877132));
#4195=CARTESIAN_POINT('',(-0.00361354740821499,0.0464608385719669,0.0222923563686656));
#4196=CARTESIAN_POINT('',(0.00136331333736073,0.0470845201383706,0.021923308749618));
#4197=CARTESIAN_POINT('',(0.0060323780023101,0.0452520472922837,0.0215542611305703));
#4198=CARTESIAN_POINT('',(0.00925646388917275,0.0414097313537831,0.0211852135115228));
#4199=CARTESIAN_POINT('',(0.0102503227847059,0.0364933947020784,0.0208161658924751));
#4200=CARTESIAN_POINT('',(0.00877189354372946,0.0317004448216239,0.0204471182734275));
#4201=CARTESIAN_POINT('',(0.00518125773994267,0.0281982375031335,0.0200780706543799));
#4202=CARTESIAN_POINT('',(0.000352939330916728,0.0268397593405612,0.0197090230353323));
#4203=CARTESIAN_POINT('',(-0.00453709164511079,0.0279558770004052,0.0193399754162847));
#4204=CARTESIAN_POINT('',(-0.008297834631277,0.0312747523775662,0.018970927797237));
#4205=CARTESIAN_POINT('',(-0.0100133348999532,0.0359880506288225,0.0186018801781894));
#4206=CARTESIAN_POINT('',(-0.009265770603935,0.0409478156636245,0.0182328325591418));
#4207=CARTESIAN_POINT('',(-0.0062372161507694,0.0449460627171886,0.0178637849400942));
#4208=CARTESIAN_POINT('',(-0.00166529673299499,0.0470089913185952,0.0174947373210465));
#4209=CARTESIAN_POINT('',(0.00333646534263921,0.046634161069186,0.017125689701999));
#4210=CARTESIAN_POINT('',(0.00754985664423859,0.0439128644450139,0.0167566420829513));
#4211=CARTESIAN_POINT('',(0.00994867684483463,0.0395078918886481,0.0163875944639037));
#4212=CARTESIAN_POINT('',(0.0099486768448347,0.0344921046546114,0.0160185468448561));
#4213=CARTESIAN_POINT('',(0.0075498566442387,0.0300871320982456,0.0156494992258084));
#4214=CARTESIAN_POINT('',(0.00333646534263925,0.0273658354740734,0.0152804516067608));
#4215=CARTESIAN_POINT('',(-0.00166529673299489,0.0269910052246643,0.0149114039877133));
#4216=CARTESIAN_POINT('',(-0.0062372161507694,0.0290539338260706,0.0145423563686656));
#4217=CARTESIAN_POINT('',(-0.0092657706039349,0.033052180879635,0.014173308749618));
#4218=CARTESIAN_POINT('',(-0.0100133348999533,0.0380119459144366,0.0138042611305704));
#4219=CARTESIAN_POINT('',(-0.008297834631277,0.0427252441656931,0.0134352135115228));
#4220=CARTESIAN_POINT('',(-0.00453709164511099,0.0460441195428541,0.0130661658924751));
#4221=CARTESIAN_POINT('',(0.000352939330916508,0.0471602372026983,0.0126971182734276));
#4222=CARTESIAN_POINT('',(0.00518125773994246,0.045801759040126,0.0123280706543799));
#4223=CARTESIAN_POINT('',(0.00877189354372941,0.0422995517216357,0.0119590230353322));
#4224=CARTESIAN_POINT('',(0.0102503227847059,0.037506601841181,0.0115899754162847));
#4225=CARTESIAN_POINT('',(0.00925646388917276,0.0325902651894764,0.011220927797237));
#4226=CARTESIAN_POINT('',(0.00603237800231016,0.0287479492509756,0.0108518801781894));
#4227=CARTESIAN_POINT('',(0.00136331333736088,0.0269154764048888,0.0104828325591418));
#4228=CARTESIAN_POINT('',(-0.00361354740821489,0.0275391579712924,0.0101137849400942));
#4229=CARTESIAN_POINT('',(-0.0076860556921135,0.0304670920304372,0.0097447373210466));
#4230=CARTESIAN_POINT('',(-0.0098623242118355,0.0349861601763266,0.00937568970199901));
#4231=CARTESIAN_POINT('',(-0.00961230785486945,0.0399957123916821,0.00900664208295132));
#4232=CARTESIAN_POINT('',(-0.00699689981838125,0.0442756379026923,0.0086375944639037));
#4233=CARTESIAN_POINT('',(-0.00265310065372799,0.0467835315197109,0.00826854684485611));
#4234=CARTESIAN_POINT('',(0.00236112758335626,0.0469085785650663,0.00789949922580841));
#4235=CARTESIAN_POINT('',(0.00682453524192185,0.044620322973883,0.00753045160676091));
#4236=CARTESIAN_POINT('',(0.00965002879783408,0.0404760850774028,0.00716140398771322));
#4237=CARTESIAN_POINT('',(0.0101494399317099,0.0354852224168517,0.00679235636866572));
#4238=CARTESIAN_POINT('',(0.00820113363929979,0.0308632937968834,0.006423308749618));
#4239=CARTESIAN_POINT('',(0.00427963327036877,0.0277360016081685,0.0060542611305704));
#4240=CARTESIAN_POINT('',(-0.000659952885170071,0.0268650192954129,0.00568521351152281));
#4241=CARTESIAN_POINT('',(-0.00541455476686935,0.0284624805699564,0.00531616589247511));
#4242=CARTESIAN_POINT('',(-0.00882615650192045,0.0321393127905671,0.0049471182734275));
#4243=CARTESIAN_POINT('',(-0.0100638391071596,0.0369999982716296,0.00457807065437991));
#4244=CARTESIAN_POINT('',(-0.00882615650192055,0.0418606837526923,0.0042090230353323));
#4245=CARTESIAN_POINT('',(-0.00541455476686945,0.0455375159733029,0.0038399754162847));
#4246=CARTESIAN_POINT('',(-0.000659952885170271,0.0471349772478464,0.00347092779723702));
#4247=CARTESIAN_POINT('',(0.00427963327036858,0.046263994935091,0.00310188017818942));
#4248=CARTESIAN_POINT('',(0.00820113363929966,0.0431367027463759,0.0027328325591418));
#4249=CARTESIAN_POINT('',(0.0101494399317099,0.0385147741264081,0.0023637849400942));
#4250=CARTESIAN_POINT('',(0.00965002879783415,0.0335239114658567,0.00199473732104661));
#4251=CARTESIAN_POINT('',(0.00682453524192195,0.0293796735693766,0.001625689701999));
#4252=CARTESIAN_POINT('',(0.00236112758335636,0.0270914179781931,0.00125664208295131));
#4253=CARTESIAN_POINT('',(-0.00265310065372779,0.0272164650235485,0.000887594463903706));
#4254=CARTESIAN_POINT('',(-0.00699689981838115,0.0297243586405669,0.000518546844856103));
#4255=CARTESIAN_POINT('',(-0.00961230785486935,0.0340042841515773,0.000149499225808515));
#4256=CARTESIAN_POINT('',(-0.0098623242118355,0.0390138363669325,-0.000219548393239198));
#4257=CARTESIAN_POINT('',(-0.00768605569211375,0.0435329045128221,-0.000588596012286689));
#4258=CARTESIAN_POINT('',(-0.00361354740821499,0.0464608385719668,-0.000957643631334389));
#4259=CARTESIAN_POINT('',(0.00136331333736071,0.0470845201383706,-0.00132669125038199));
#4260=CARTESIAN_POINT('',(0.00603237800231012,0.0452520472922837,-0.00169573886942969));
#4261=CARTESIAN_POINT('',(0.00925646388917275,0.0414097313537831,-0.0020647864884772));
#4262=CARTESIAN_POINT('',(0.0102503227847059,0.0364933947020784,-0.0024338341075249));
#4263=CARTESIAN_POINT('',(0.00877189354372949,0.031700444821624,-0.00280288172657249));
#4264=CARTESIAN_POINT('',(0.00518125773994266,0.0281982375031334,-0.0031719293456201));
#4265=CARTESIAN_POINT('',(0.000352939330916718,0.0268397593405612,-0.00354097696466769));
#4266=CARTESIAN_POINT('',(-0.00453709164511077,0.0279558770004051,-0.00391002458371531));
#4267=CARTESIAN_POINT('',(-0.0082978346312769,0.0312747523775662,-0.00427907220276301));
#4268=CARTESIAN_POINT('',(-0.0100133348999532,0.0359880506288224,-0.00464811982181059));
#4269=CARTESIAN_POINT('',(-0.009265770603935,0.0409478156636244,-0.00501716744085819));
#4270=CARTESIAN_POINT('',(-0.0062372161507694,0.0449460627171886,-0.0053862150599058));
#4271=CARTESIAN_POINT('',(-0.00166529673299489,0.0470089913185952,-0.0057552626789534));
#4272=CARTESIAN_POINT('',(0.00333646534263919,0.0466341610691859,-0.0061243102980011));
#4273=CARTESIAN_POINT('',(0.00754985664423854,0.043912864445014,-0.0064933579170487));
#4274=CARTESIAN_POINT('',(0.00994867684483471,0.0395078918886481,-0.00686240553609629));
#4275=CARTESIAN_POINT('',(0.00994867684483455,0.0344921046546117,-0.00723145315514389));
#4276=CARTESIAN_POINT('',(0.00754985664423902,0.0300871320982452,-0.00760050077419149));
#4277=CARTESIAN_POINT('',(0.00333646534263886,0.0273658354740741,-0.00796954839323909));
#4278=CARTESIAN_POINT('',(-0.00166529673299359,0.0269910052246631,-0.00833859601228679));
#4279=CARTESIAN_POINT('',(-0.0062372161507717,0.0290539338260729,-0.0087076436313344));
#4280=CARTESIAN_POINT('',(-0.00926577060393,0.0330521808796302,-0.009076691250382));
#4281=CARTESIAN_POINT('',(-0.0100133348999634,0.0380119459144464,-0.00944573886942959));
#4282=CARTESIAN_POINT('',(-0.0082978346312563,0.0427252441656732,-0.0098147864884773));
#4283=CARTESIAN_POINT('',(-0.00453709164515367,0.0460441195428948,-0.0101838341075248));
#4284=CARTESIAN_POINT('',(0.000352939331004408,0.0471602372026146,-0.0105528817265725));
#4285=CARTESIAN_POINT('',(0.00518125773976159,0.045801759040298,-0.0109219293456201));
#4286=CARTESIAN_POINT('',(0.00877189354410161,0.0422995517212818,-0.0112909769646677));
#4287=CARTESIAN_POINT('',(0.0102503227839399,0.0375066018419095,-0.0116600245837154));
#4288=CARTESIAN_POINT('',(0.00925646389074918,0.0325902651879775,-0.0120290722027629));
#4289=CARTESIAN_POINT('',(0.00603237799906614,0.0287479492540604,-0.0123981198218106));
#4290=CARTESIAN_POINT('',(0.00136331334403685,0.0269154763985404,-0.0127671674408582));
#4291=CARTESIAN_POINT('',(-0.00361354742195347,0.0275391579843568,-0.0131362150599058));
#4292=CARTESIAN_POINT('',(-0.00768605566384065,0.030467092003552,-0.0135052626789534));
#4293=CARTESIAN_POINT('',(-0.00986232427001865,0.0349861602316539,-0.0138743102980011));
#4294=CARTESIAN_POINT('',(-0.0096123077351335,0.0399957122778228,-0.0142433579170486));
#4295=CARTESIAN_POINT('',(-0.00699690006478735,0.0442756381370047,-0.0146124055360963));
#4296=CARTESIAN_POINT('',(-0.00265310014664562,0.0467835310375163,-0.0149814531551439));
#4297=CARTESIAN_POINT('',(0.00236112653982472,0.0469085795573808,-0.0153505007741915));
#4298=CARTESIAN_POINT('',(0.00682453738941913,0.044620320931786,-0.0157195483932393));
#4299=CARTESIAN_POINT('',(0.0096500243784719,0.0404760892798612,-0.0160885960122868));
#4300=CARTESIAN_POINT('',(0.010149449026413,0.0354852137685505,-0.0164576436313345));
#4301=CARTESIAN_POINT('',(0.00820111492344219,0.0308633115943749,-0.016826691250382));
#4302=CARTESIAN_POINT('',(0.00427967179640338,0.0277359649806563,-0.0171957388694297));
#4303=CARTESIAN_POINT('',(-0.000660032110983651,0.0268650946840896,-0.0175647864884773));
#4304=CARTESIAN_POINT('',(-0.00541438893655565,0.0284623249144966,-0.0179338341075249));
#4305=CARTESIAN_POINT('',(-0.0088264851720736,0.032139637096835,-0.0183028817265726));
#4306=CARTESIAN_POINT('',(-0.0096504367665868,0.035379336458978,-0.0185489134726043));
#4307=CARTESIAN_POINT('',(-0.0096504367665868,0.0369999982716297,-0.0186719293456202));
#4308=CARTESIAN_POINT('',(-0.00890044120909147,0.0369999981820973,0.0735744794004019));
#4309=CARTESIAN_POINT('',(-0.00890044122328353,0.0384266161161423,0.0734571716861256));
#4310=CARTESIAN_POINT('',(-0.00821969805621689,0.0412423254663108,0.0732255532355064));
#4311=CARTESIAN_POINT('',(-0.00537891442339591,0.0445636488143764,0.0728758490459385));
#4312=CARTESIAN_POINT('',(-0.00136187080717039,0.0462232432290642,0.0725283334252658));
#4313=CARTESIAN_POINT('',(0.00299225173266882,0.045881064046096,0.0721789477038391));
#4314=CARTESIAN_POINT('',(0.00670379916605712,0.0436008705076418,0.0718305568403381));
#4315=CARTESIAN_POINT('',(0.0089802570092635,0.0398926221242277,0.071482558251344));
#4316=CARTESIAN_POINT('',(0.00932310763049077,0.0355354471744098,0.0711329291823569));
#4317=CARTESIAN_POINT('',(0.00765999917964586,0.0315191505215304,0.070785293600705));
#4318=CARTESIAN_POINT('',(0.00434481672618973,0.0286801145799442,0.0704361638262477));
#4319=CARTESIAN_POINT('',(0.000105889514073989,0.0276625079135828,0.0700874558779699));
#4320=CARTESIAN_POINT('',(-0.00412488540724115,0.02866986310466,0.0697396892128319));
#4321=CARTESIAN_POINT('',(-0.00745212420025455,0.0315068772684811,0.0693898043407584));
#4322=CARTESIAN_POINT('',(-0.00912106860151837,0.0355139394922771,0.0690428081826289));
#4323=CARTESIAN_POINT('',(-0.00878440021290651,0.0398831324097286,0.0686921295080338));
#4324=CARTESIAN_POINT('',(-0.00651753892390102,0.043589542186271,0.0683448337930554));
#4325=CARTESIAN_POINT('',(-0.00279394314918441,0.0458802679261345,0.0679950176600066));
#4326=CARTESIAN_POINT('',(0.00154052749572269,0.046225843460989,0.0676473302720334));
#4327=CARTESIAN_POINT('',(0.00557441486324611,0.0445676098292705,0.0672984651827647));
#4328=CARTESIAN_POINT('',(0.00841220343776649,0.041253966372035,0.0669495142756291));
#4329=CARTESIAN_POINT('',(0.00943881675265805,0.0370292208518545,0.0666018310930175));
#4330=CARTESIAN_POINT('',(0.00842968200337625,0.0327762169624687,0.0662521773250567));
#4331=CARTESIAN_POINT('',(0.00561124838955748,0.0294627796358889,0.065904282242466));
#4332=CARTESIAN_POINT('',(0.00159161733347132,0.0277794132056995,0.0655557582074395));
#4333=CARTESIAN_POINT('',(-0.00276190751652047,0.0281117510730645,0.065206424005676));
#4334=CARTESIAN_POINT('',(-0.00647629721601317,0.030365690914831,0.0648591340778275));
#4335=CARTESIAN_POINT('',(-0.00839098172662937,0.0334750000229515,0.0645668559509839));
#4336=CARTESIAN_POINT('',(-0.0089517110878523,0.0362393266703715,0.0643365176076726));
#4337=CARTESIAN_POINT('',(-0.00885382769778644,0.039112772568852,0.0641017809822029));
#4338=CARTESIAN_POINT('',(-0.00747101348485861,0.0424636290076297,0.0638118529973744));
#4339=CARTESIAN_POINT('',(-0.00417627676493324,0.04530357763038,0.0634638907225999));
#4340=CARTESIAN_POINT('',(6.90922501530974E-5,0.0463396880833108,0.063114379896946));
#4341=CARTESIAN_POINT('',(0.0043040035966148,0.045337313848062,0.0627662904138285));
#4342=CARTESIAN_POINT('',(0.00762990827855098,0.0425256840414809,0.0624179757161857));
#4343=CARTESIAN_POINT('',(0.00931745058881346,0.0384964889139716,0.0620685368156554));
#4344=CARTESIAN_POINT('',(0.00899649555519689,0.0341620009285554,0.0617209710393702));
#4345=CARTESIAN_POINT('',(0.00673365228919214,0.0304252220368578,0.0613715176878603));
#4346=CARTESIAN_POINT('',(0.00303011132991785,0.0281342849610928,0.0610232429075659));
#4347=CARTESIAN_POINT('',(-0.0013065281866315,0.0277668743445843,0.060675123902059));
#4348=CARTESIAN_POINT('',(-0.0053527044238758,0.0294161716461871,0.0603257178734053));
#4349=CARTESIAN_POINT('',(-0.00819355147490448,0.0327137804236788,0.0599774739946809));
#4350=CARTESIAN_POINT('',(-0.00906649520282477,0.0362214144043573,0.0596884734120683));
#4351=CARTESIAN_POINT('',(-0.00874234205994695,0.0390817333271337,0.0594532969323242));
#4352=CARTESIAN_POINT('',(-0.00777830277079355,0.0417394945943989,0.059222588051582));
#4353=CARTESIAN_POINT('',(-0.00542753013231134,0.0445298364224595,0.0589304920178397));
#4354=CARTESIAN_POINT('',(-0.00142139984674385,0.0462130125262989,0.0585831532580023));
#4355=CARTESIAN_POINT('',(0.00293376732064313,0.0459000819954609,0.0582338066212799));
#4356=CARTESIAN_POINT('',(0.00666131148028352,0.0436431676154436,0.0578852977438536));
#4357=CARTESIAN_POINT('',(0.00896105007746285,0.0399505466905127,0.0575373752473446));
#4358=CARTESIAN_POINT('',(0.00933259045116852,0.0355953392020423,0.0571877132125421));
#4359=CARTESIAN_POINT('',(0.00769497192281834,0.0315680020249092,0.0568400269742015));
#4360=CARTESIAN_POINT('',(0.00439971177925034,0.0287083352429103,0.0564910346573062));
#4361=CARTESIAN_POINT('',(0.000165882540219999,0.027662609975748,0.0561421861419237));
#4362=CARTESIAN_POINT('',(-0.00407048934948317,0.0286426621054794,0.0557944965563701));
#4363=CARTESIAN_POINT('',(-0.00741627020434868,0.0314577498340524,0.0554446157318563));
#4364=CARTESIAN_POINT('',(-0.00911135840073823,0.0354546207001636,0.0550975737595648));
#4365=CARTESIAN_POINT('',(-0.0088027806867345,0.0398256283224589,0.0547469250942811));
#4366=CARTESIAN_POINT('',(-0.00656023850531201,0.0435462953336423,0.0543996670530395));
#4367=CARTESIAN_POINT('',(-0.00285173567193452,0.0458613672325202,0.0540498642322406));
#4368=CARTESIAN_POINT('',(0.00148120627298549,0.0462347801582002,0.0537021079201617));
#4369=CARTESIAN_POINT('',(0.00552426529402775,0.0446036211608358,0.0533533869498539));
#4370=CARTESIAN_POINT('',(0.00838481665731157,0.0413074182456462,0.053004291666352));
#4371=CARTESIAN_POINT('',(0.00943825962865762,0.0370898723030512,0.0526566515344818));
#4372=CARTESIAN_POINT('',(0.00845720518213717,0.0328306492660101,0.0523070171386696));
#4373=CARTESIAN_POINT('',(0.0056594970552391,0.029498393190765,0.0519590279041063));
#4374=CARTESIAN_POINT('',(0.0016522900469148,0.0277894898659234,0.0516106235830863));
#4375=CARTESIAN_POINT('',(-0.00270456985241013,0.028093306743428,0.0512611740583968));
#4376=CARTESIAN_POINT('',(-0.00643310559968247,0.0303234389040244,0.0509139139763905));
#4377=CARTESIAN_POINT('',(-0.00836779356698961,0.0334193308849703,0.0506216402422794));
#4378=CARTESIAN_POINT('',(-0.00894659238844045,0.0361810145973256,0.0503913454255416));
#4379=CARTESIAN_POINT('',(-0.00886749119638248,0.0390534419418731,0.0501566100341509));
#4380=CARTESIAN_POINT('',(-0.00750618686846929,0.0424149682535338,0.0498666039633047));
#4381=CARTESIAN_POINT('',(-0.00422990622120961,0.0452755120534587,0.0495186689239719));
#4382=CARTESIAN_POINT('',(7.92298183582905E-6,0.0463394010676554,0.0491692216571524));
#4383=CARTESIAN_POINT('',(0.00425036460125384,0.0453641209605695,0.0488210410466134));
#4384=CARTESIAN_POINT('',(0.00759341046181536,0.0425749522776643,0.0484728471337458));
#4385=CARTESIAN_POINT('',(0.00930774774833912,0.0385560789696045,0.0481233391755719));
#4386=CARTESIAN_POINT('',(0.00901448011298453,0.0342195688845934,0.0477757743207537));
#4387=CARTESIAN_POINT('',(0.00677677031488602,0.0304689232528184,0.0474264121987575));
#4388=CARTESIAN_POINT('',(0.00308700172248938,0.0281532451757188,0.0470780184283381));
#4389=CARTESIAN_POINT('',(-0.00124608428304277,0.0277579910523067,0.0467299879105157));
#4390=CARTESIAN_POINT('',(-0.00530350202781773,0.0293808188544349,0.0463805317656466));
#4391=CARTESIAN_POINT('',(-0.00816564753835547,0.0326605969670135,0.0460322422925146));
#4392=CARTESIAN_POINT('',(-0.00906121850773841,0.0361609943195152,0.0457433404059659));
#4393=CARTESIAN_POINT('',(-0.00875568363704309,0.0390243601358175,0.0455081088890468));
#4394=CARTESIAN_POINT('',(-0.00780905495682965,0.0416878701153446,0.0452774020491091));
#4395=CARTESIAN_POINT('',(-0.0054763105067878,0.044493986412047,0.0449852760941906));
#4396=CARTESIAN_POINT('',(-0.00148070801239194,0.0462028580158563,0.0446378961178398));
#4397=CARTESIAN_POINT('',(0.00287502195105345,0.0459186138785438,0.0442886665353624));
#4398=CARTESIAN_POINT('',(0.00661857271393491,0.0436852512810705,0.0439400239159002));
#4399=CARTESIAN_POINT('',(0.00894147565271212,0.0400082501145901,0.0435921839216631));
#4400=CARTESIAN_POINT('',(0.00934169855054946,0.0356553860354137,0.0432425113681386));
#4401=CARTESIAN_POINT('',(0.00772959471600672,0.0316170220985265,0.0428947717120859));
#4402=CARTESIAN_POINT('',(0.00445449536485444,0.0287369760823873,0.0425459376162862));
#4403=CARTESIAN_POINT('',(0.00022589145475452,0.027663070995903,0.0421969480772159));
#4404=CARTESIAN_POINT('',(-0.00401598604093777,0.0286158650991775,0.0418493300262018));
#4405=CARTESIAN_POINT('',(-0.00738003928894857,0.0314087845905363,0.0414994665002509));
#4406=CARTESIAN_POINT('',(-0.00910127826931238,0.035395403694779,0.0411523603164004));
#4407=CARTESIAN_POINT('',(-0.00882080670423082,0.0397679663864641,0.0408017404433263));
#4408=CARTESIAN_POINT('',(-0.00660259215188485,0.043502833722879,0.0404544947264605));
#4409=CARTESIAN_POINT('',(-0.00290947977983616,0.0458420486251333,0.0401047074282666));
#4410=CARTESIAN_POINT('',(0.00142183954513692,0.0462433634043017,0.0397568638271664));
#4411=CARTESIAN_POINT('',(0.00547395954651241,0.0446392239062521,0.0394082714903355));
#4412=CARTESIAN_POINT('',(0.00835705073380134,0.0413607622730496,0.0390590444728278));
#4413=CARTESIAN_POINT('',(0.00943731172105622,0.0371504302934416,0.0387114348046564));
#4414=CARTESIAN_POINT('',(0.00848439852105539,0.0328853677149974,0.03836183624025));
#4415=CARTESIAN_POINT('',(0.0057075352489491,0.0295342328426844,0.0380137583012841));
#4416=CARTESIAN_POINT('',(0.00171278432399785,0.0278001851187453,0.0376654479304655));
#4417=CARTESIAN_POINT('',(-0.00264701254580498,0.0280743810425093,0.0373160022141902));
#4418=CARTESIAN_POINT('',(-0.0063897932775616,0.0302846100208587,0.036968414527352));
#4419=CARTESIAN_POINT('',(-0.00873476752572225,0.0339686730652665,0.0366190363491839));
#4420=CARTESIAN_POINT('',(-0.00914834843634582,0.0383081788343294,0.0362705132860038));
#4421=CARTESIAN_POINT('',(-0.00754118057838389,0.0423691077552507,0.0359211123469239));
#4422=CARTESIAN_POINT('',(-0.00428325608172983,0.0452463108826151,0.0355735477631249));
#4423=CARTESIAN_POINT('',(-5.33525782027929E-5,0.0463389179743805,0.0352240836383787));
#4424=CARTESIAN_POINT('',(0.00419657126416666,0.0453905488097137,0.0348758228203013));
#4425=CARTESIAN_POINT('',(0.00755663143906327,0.0426239125296439,0.0345277254136979));
#4426=CARTESIAN_POINT('',(0.009297647102587,0.0386156847401165,0.0341781526219635));
#4427=CARTESIAN_POINT('',(0.00903207014565899,0.0342771808539381,0.0338305609079741));
#4428=CARTESIAN_POINT('',(0.00681966794734348,0.030512998986463,0.0334812956634679));
#4429=CARTESIAN_POINT('',(0.00314378528580902,0.0281725463128672,0.033132766177545));
#4430=CARTESIAN_POINT('',(-0.00118566510622929,0.0277495252551201,0.032784815364744));
#4431=CARTESIAN_POINT('',(-0.00525399540668983,0.0293457544127581,0.0324353176307068));
#4432=CARTESIAN_POINT('',(-0.00813743689919561,0.0326075675523887,0.0320869971109034));
#4433=CARTESIAN_POINT('',(-0.00905552983238708,0.0361007837140705,0.0317981343782526));
#4434=CARTESIAN_POINT('',(-0.00876867495583589,0.0389668037812422,0.0315629755940122));
#4435=CARTESIAN_POINT('',(-0.00783941044505818,0.0416361873472359,0.0313321545691394));
#4436=CARTESIAN_POINT('',(-0.0055249302098013,0.0444577449236754,0.0310400775643809));
#4437=CARTESIAN_POINT('',(-0.0015398712545311,0.0461923440782374,0.0306926340668758));
#4438=CARTESIAN_POINT('',(0.00281605793636114,0.0459367690541763,0.0303435505111617));
#4439=CARTESIAN_POINT('',(0.00657558020521573,0.0437270839419892,0.0299947734167029));
#4440=CARTESIAN_POINT('',(0.00892154568242055,0.0400657293747471,0.0296470147738927));
#4441=CARTESIAN_POINT('',(0.00935041565744692,0.0357155676430604,0.029297348257388));
#4442=CARTESIAN_POINT('',(0.00776390685529451,0.0316662273295626,0.0289495463953937));
#4443=CARTESIAN_POINT('',(0.00450899943028022,0.028765949275721,0.0286008594269253));
#4444=CARTESIAN_POINT('',(0.000285954257974637,0.0276639145592653,0.0282517320741519));
#4445=CARTESIAN_POINT('',(-0.00396139354929936,0.0285894664910203,0.0279041590751171));
#4446=CARTESIAN_POINT('',(-0.00734343151222374,0.0313599923293591,0.0275543161599817));
#4447=CARTESIAN_POINT('',(-0.00909082724174058,0.0353362820692797,0.0272071233276963));
#4448=CARTESIAN_POINT('',(-0.0088384791391679,0.0397101414550418,0.0268565334429246));
#4449=CARTESIAN_POINT('',(-0.00664460513796932,0.0434591536760278,0.0265092846074543));
#4450=CARTESIAN_POINT('',(-0.00296718107534906,0.0458223094742085,0.0261595274726793));
#4451=CARTESIAN_POINT('',(0.00136242738645249,0.0462515926805665,0.025811591907421));
#4452=CARTESIAN_POINT('',(0.00542349226395004,0.0446744249708791,0.0254631261284444));
#4453=CARTESIAN_POINT('',(0.00832890642095831,0.0414139941427422,0.0251137897906187));
#4454=CARTESIAN_POINT('',(0.00943597348705281,0.0372109032695063,0.0247662060854473));
#4455=CARTESIAN_POINT('',(0.00851126271977125,0.0329403416270793,0.0244166695161771));
#4456=CARTESIAN_POINT('',(0.0057553558178255,0.0295704180072058,0.0240684976833917));
#4457=CARTESIAN_POINT('',(0.00177311560197021,0.0278110424786352,0.0237203072390367));
#4458=CARTESIAN_POINT('',(-0.00258928438456804,0.0280566752049774,0.0233707922377892));
#4459=CARTESIAN_POINT('',(-0.00634619197112989,0.0302428624037323,0.0230232174180472));
#4460=CARTESIAN_POINT('',(-0.00871466079976374,0.0339110238551316,0.0226738961438932));
#4461=CARTESIAN_POINT('',(-0.00915681540919551,0.0382474229398859,0.0223254005253464));
#4462=CARTESIAN_POINT('',(-0.00757581985635134,0.042319703575493,0.0219759221527626));
#4463=CARTESIAN_POINT('',(-0.00433636975715204,0.0452176783283557,0.0216283502885061));
#4464=CARTESIAN_POINT('',(-0.000114714474802646,0.0463377805980509,0.0212789658843029));
#4465=CARTESIAN_POINT('',(0.00414261838781706,0.0454167202575679,0.0209305803230636));
#4466=CARTESIAN_POINT('',(0.00751957860202433,0.0426725282133683,0.0205825699649168));
#4467=CARTESIAN_POINT('',(0.00928714710574279,0.03867530859766,0.0202329426258096));
#4468=CARTESIAN_POINT('',(0.00904926357803646,0.0343348483699444,0.0198853088910887));
#4469=CARTESIAN_POINT('',(0.0068623511669933,0.0305573805011992,0.0195361650732518));
#4470=CARTESIAN_POINT('',(0.00320040453583419,0.0281924253775569,0.0191874727255663));
#4471=CARTESIAN_POINT('',(-0.0011250712788755,0.0277405902476456,0.0188396935524993));
#4472=CARTESIAN_POINT('',(-0.00520497262784052,0.0293142900375797,0.0184898341720882));
#4473=CARTESIAN_POINT('',(-0.00762249322795042,0.032004347239594,0.0182006073309866));
#4474=CARTESIAN_POINT('',(-0.00867722422409061,0.0346632070234372,0.017967085965153));
#4475=CARTESIAN_POINT('',(-0.00898133275493099,0.03675333949044,0.017794547058104));
#4476=CARTESIAN_POINT('',(-0.00878159707169355,0.0389102327419625,0.0176177055558779));
#4477=CARTESIAN_POINT('',(-0.0078692114319687,0.0415837663241796,0.0173870127073212));
#4478=CARTESIAN_POINT('',(-0.00557344480227409,0.0444213390817202,0.0170948853681631));
#4479=CARTESIAN_POINT('',(-0.0015988805430956,0.0461814098084661,0.0167474065242107));
#4480=CARTESIAN_POINT('',(0.00275687092161928,0.0459545622733682,0.0163984729666153));
#4481=CARTESIAN_POINT('',(0.00653232927763276,0.0437686648670854,0.0160495521774417));
#4482=CARTESIAN_POINT('',(0.00890125922386496,0.0401229947761434,0.0157018570792931));
#4483=CARTESIAN_POINT('',(0.00935873946307751,0.0357758906202099,0.0153521983291059));
#4484=CARTESIAN_POINT('',(0.00779792141205798,0.0317156301418258,0.0150043135107052));
#4485=CARTESIAN_POINT('',(0.00456320761929316,0.0287952437538598,0.0146557537072072));
#4486=CARTESIAN_POINT('',(0.000346087691993195,0.027665145898439,0.0143064962625565));
#4487=CARTESIAN_POINT('',(-0.00390670506966041,0.0285634591920935,0.0139589501646875));
#4488=CARTESIAN_POINT('',(-0.00730643987363909,0.0313113669090909,0.0136091433085527));
#4489=CARTESIAN_POINT('',(-0.00908000579385213,0.0352772504143411,0.013261855735246));
#4490=CARTESIAN_POINT('',(-0.00885579771455507,0.0396521526181716,0.012911308457054));
#4491=CARTESIAN_POINT('',(-0.00668627806384538,0.0434152562007652,0.0125640527190575));
#4492=CARTESIAN_POINT('',(-0.00302484107226006,0.0458021477083553,0.012214348965569));
#4493=CARTESIAN_POINT('',(0.00130297287605757,0.0462594679236589,0.0118663230107396));
#4494=CARTESIAN_POINT('',(0.00537286425418871,0.0447092254150885,0.0115179860622421));
#4495=CARTESIAN_POINT('',(0.0083003841545165,0.0414671124374132,0.0111685632527668));
#4496=CARTESIAN_POINT('',(0.00943424603895429,0.037271283216768,0.010820998890967));
#4497=CARTESIAN_POINT('',(0.00853779630697848,0.0329955897717066,0.0104715435275584));
#4498=CARTESIAN_POINT('',(0.00580295784419149,0.0296068838412654,0.0101232693426782));
#4499=CARTESIAN_POINT('',(0.00183327945911298,0.0278222951337504,0.00977518678647001));
#4500=CARTESIAN_POINT('',(-0.00253136462160415,0.0280393157705099,0.00942560900687921));
#4501=CARTESIAN_POINT('',(-0.00630237605194803,0.0302014586661061,0.00907801967572801));
#4502=CARTESIAN_POINT('',(-0.00869413195811171,0.0338533787663825,0.00872876174001236));
#4503=CARTESIAN_POINT('',(-0.00916488056379121,0.0381866981501261,0.00838026225775726));
#4504=CARTESIAN_POINT('',(-0.00761017652644199,0.0422700164891423,0.00803071255828853));
#4505=CARTESIAN_POINT('',(-0.00438922929450858,0.0451887420969617,0.00768311550475828));
#4506=CARTESIAN_POINT('',(-0.000176162197680654,0.0463362211961157,0.00733382484082191));
#4507=CARTESIAN_POINT('',(0.00408850698229229,0.0454425730290489,0.00698530957863821));
#4508=CARTESIAN_POINT('',(0.00748225733560873,0.0427208111320052,0.00663738334340883));
#4509=CARTESIAN_POINT('',(0.00927624445084101,0.0387349499442143,0.00628772326816076));
#4510=CARTESIAN_POINT('',(0.00906606957089012,0.0343925354962794,0.00594004488051586));
#4511=CARTESIAN_POINT('',(0.00690478173969178,0.0306021874884136,0.00559104035301019));
#4512=CARTESIAN_POINT('',(0.00325696745027465,0.0282124117335466,0.0052422103098216));
#4513=CARTESIAN_POINT('',(-0.00106472323943415,0.0277329402725155,0.00489451735736564));
#4514=CARTESIAN_POINT('',(-0.00515489227381861,0.0292798783589914,0.00454463963787004));
#4515=CARTESIAN_POINT('',(-0.00759006421672054,0.031954502325267,0.00425544488840763));
#4516=CARTESIAN_POINT('',(-0.00866190674876275,0.0346065618050861,0.0040218195841849));
#4517=CARTESIAN_POINT('',(-0.00897949432709207,0.0366939215248775,0.00384944905814717));
#4518=CARTESIAN_POINT('',(-0.00879389636864552,0.0388523000768685,0.00367247255504284));
#4519=CARTESIAN_POINT('',(-0.00789878226258413,0.0415319580659326,0.00344188803846985));
#4520=CARTESIAN_POINT('',(-0.0056217373661767,0.0443843024834844,0.00314972248332885));
#4521=CARTESIAN_POINT('',(-0.00165780599991847,0.0461701897561616,0.00280218422284734));
#4522=CARTESIAN_POINT('',(0.00269760288912207,0.0459719195035031,0.00245338737934795));
#4523=CARTESIAN_POINT('',(0.0064887766321988,0.0438100169324363,0.00210431888473184));
#4524=CARTESIAN_POINT('',(0.00888062580624723,0.0401800472575445,0.00175666681806722));
#4525=CARTESIAN_POINT('',(0.0093666672165183,0.0358363630892885,0.00140702583931946));
#4526=CARTESIAN_POINT('',(0.00783163924721603,0.0317652308246094,0.00105904924519));
#4527=CARTESIAN_POINT('',(0.00461712794147686,0.0288248617646667,0.000710611156104603));
#4528=CARTESIAN_POINT('',(0.000406290278144174,0.0276667651715678,0.000361243380936229));
#4529=CARTESIAN_POINT('',(-0.00385192147990622,0.0285378430008355,1.37179397696945E-5));
#4530=CARTESIAN_POINT('',(-0.0072690617940683,0.0312629066615896,-0.000336028446548668));
#4531=CARTESIAN_POINT('',(-0.00906881726778524,0.0352183173844575,-0.000683412656392518));
#4532=CARTESIAN_POINT('',(-0.00887275869369776,0.0395940078256806,-0.00103390071325681));
#4533=CARTESIAN_POINT('',(-0.00672760540045294,0.0433711503460687,-0.00138116573151838));
#4534=CARTESIAN_POINT('',(-0.00308244699932297,0.0457815649871871,-0.00173079484994077));
#4535=CARTESIAN_POINT('',(0.00124348045671342,0.0462669890707369,-0.00207891443969189));
#4536=CARTESIAN_POINT('',(0.00532208892290465,0.0447436185930226,-0.00242713002970293));
#4537=CARTESIAN_POINT('',(0.00827148350869592,0.0415201119825496,-0.00277662757458767));
#4538=CARTESIAN_POINT('',(0.00943213202513818,0.0373315656480862,-0.0031241948693384));
#4539=CARTESIAN_POINT('',(0.00856399313807096,0.0330511059532093,-0.00347356518205394));
#4540=CARTESIAN_POINT('',(0.00585034327718829,0.0296436318651608,-0.00382196311618225));
#4541=CARTESIAN_POINT('',(0.0018932694581288,0.0278339394820952,-0.00416995808806002));
#4542=CARTESIAN_POINT('',(-0.00247325220974125,0.0280223055460341,-0.00451959174854664));
#4543=CARTESIAN_POINT('',(-0.00625834758605016,0.0301603959698788,-0.00486721535716595));
#4544=CARTESIAN_POINT('',(-0.0086731807423515,0.0337957496443954,-0.00521639270022377));
#4545=CARTESIAN_POINT('',(-0.00917254557138615,0.0381259902175051,-0.00556491148814362));
#4546=CARTESIAN_POINT('',(-0.0076442529979409,0.0422200431470756,-0.00591451449846629));
#4547=CARTESIAN_POINT('',(-0.00444183985799803,0.0451595003373202,-0.00626214243529293));
#4548=CARTESIAN_POINT('',(-0.000237700647087884,0.0463342382881678,-0.00661131635804929));
#4549=CARTESIAN_POINT('',(0.00403423414388758,0.0454681078394072,-0.00695995935362071));
#4550=CARTESIAN_POINT('',(0.00744466565639415,0.0427687680768429,-0.00730779955273832));
#4551=CARTESIAN_POINT('',(0.00926493773619111,0.038794605892195,-0.00765746896652935));
#4552=CARTESIAN_POINT('',(0.00908248874266312,0.0344502647633526,-0.00800519755233359));
#4553=CARTESIAN_POINT('',(0.00694696676954729,0.0306473527563226,-0.00835404496812644));
#4554=CARTESIAN_POINT('',(0.00331342587222364,0.0282327405048167,-0.00870301794852025));
#4555=CARTESIAN_POINT('',(-0.0010044111694829,0.0277257116734244,-0.00905063633431407));
#4556=CARTESIAN_POINT('',(-0.00510450647889287,0.0292457287785815,-0.00940052596827848));
#4557=CARTESIAN_POINT('',(-0.00755733934338908,0.0319049374744432,-0.00968970634410971));
#4558=CARTESIAN_POINT('',(-0.00864620507229394,0.0345499252166508,-0.00992344585371034));
#4559=CARTESIAN_POINT('',(-0.00897726895465579,0.0366346484934076,-0.0100956671104778));
#4560=CARTESIAN_POINT('',(-0.00880584088426861,0.0387941543540292,-0.0102727342218401));
#4561=CARTESIAN_POINT('',(-0.00792797311643681,0.0414800924328589,-0.0105032792126383));
#4562=CARTESIAN_POINT('',(-0.00566986047761444,0.0443468543868509,-0.0107954498755474));
#4563=CARTESIAN_POINT('',(-0.0017166541046213,0.0461586282634112,-0.0111430704115117));
#4564=CARTESIAN_POINT('',(0.00263830970820929,0.0459888408156844,-0.0114917368926593));
#4565=CARTESIAN_POINT('',(0.00644490453743077,0.0438511415620697,-0.0118409374629558));
#4566=CARTESIAN_POINT('',(0.00885965106484855,0.0402368867228602,-0.012188554949472));
#4567=CARTESIAN_POINT('',(0.00937419649496567,0.0358969873065117,-0.0125381563596989));
#4568=CARTESIAN_POINT('',(0.00786505938602799,0.0318150267938051,-0.0128862244980146));
#4569=CARTESIAN_POINT('',(0.00467075930750798,0.02885479996774,-0.0132345383910609));
#4570=CARTESIAN_POINT('',(0.000466563825482947,0.0276687794725428,-0.0135839934598128));
#4571=CARTESIAN_POINT('',(-0.00379706702002015,0.0285125951135334,-0.0139314992582279));
#4572=CARTESIAN_POINT('',(-0.00723122353360896,0.0312147024068363,-0.0142811746002837));
#4573=CARTESIAN_POINT('',(-0.0090575334877122,0.0351591539781952,-0.014628614615726));
#4574=CARTESIAN_POINT('',(-0.00888835410094522,0.0395369617992295,-0.014979215596994));
#4575=CARTESIAN_POINT('',(-0.00712500672753818,0.0426913054971654,-0.0152680589973672));
#4576=CARTESIAN_POINT('',(-0.00494916538023559,0.044550074049297,-0.0155018647300435));
#4577=CARTESIAN_POINT('',(-0.00370073827945996,0.045189407754786,-0.0156163256804372));
#4578=CARTESIAN_POINT('',(-0.00303208618638442,0.0454375808481854,-0.0156749893562481));
#4579=CARTESIAN_POINT('',(-0.00890044226897965,0.0369999982716297,0.0735744794026082));
#4580=CARTESIAN_POINT('',(-0.0081511121050447,0.0369999982716297,0.0743250123400388));
#4581=CARTESIAN_POINT('',(-0.0081503610979358,0.0369999982716297,0.0746220453855009));
#4582=CARTESIAN_POINT('',(-0.00853797014412771,0.0369999982716297,0.0751929908829737));
#4583=CARTESIAN_POINT('',(-0.00956839564392872,0.0369999982716297,0.074996280855126));
#4584=CARTESIAN_POINT('',(-0.00976838569603715,0.0369999982716297,0.0739630927923612));
#4585=CARTESIAN_POINT('',(-0.00919749038426376,0.0369999982716297,0.0735771612834458));
#4586=CARTESIAN_POINT('',(-0.00890044226897965,0.0369999982716297,0.0735744794026082));
#4587=CARTESIAN_POINT('',(0.00905339865223651,0.036089640244426,-0.0156754390174341));
#4588=CARTESIAN_POINT('',(0.0091989148965213,0.0375208674205624,-0.0155571154991092));
#4589=CARTESIAN_POINT('',(0.00879714568094244,0.040415871660635,-0.015323586684835));
#4590=CARTESIAN_POINT('',(0.00626346393126982,0.0440238535571547,-0.014970945907342));
#4591=CARTESIAN_POINT('',(0.00238113448940922,0.0460616285778333,-0.0146205721675477));
#4592=CARTESIAN_POINT('',(-0.00202699989713367,0.0461005902316155,-0.0142680433410428));
#4593=CARTESIAN_POINT('',(-0.00594765022344879,0.0441230827040113,-0.0139170916091302));
#4594=CARTESIAN_POINT('',(-0.00853589603288537,0.0405706218105086,-0.0135656097597808));
#4595=CARTESIAN_POINT('',(-0.00921474297978198,0.0362258919265047,-0.0132141472537461));
#4596=CARTESIAN_POINT('',(-0.00782115155005009,0.0320401599860865,-0.0128614385776426));
#4597=CARTESIAN_POINT('',(-0.00468244910073601,0.0289731132895754,-0.012510624248167));
#4598=CARTESIAN_POINT('',(-0.000482663137594407,0.0276720120888098,-0.012159128451151));
#4599=CARTESIAN_POINT('',(0.00385353776148605,0.0284432705548274,-0.0118069812490839));
#4600=CARTESIAN_POINT('',(0.00734447505906619,0.0310974605029777,-0.0114564621075653));
#4601=CARTESIAN_POINT('',(0.00924510487170034,0.0350767988208614,-0.0111038309049323));
#4602=CARTESIAN_POINT('',(0.00911251760832603,0.0394630330173545,-0.0107530546560431));
#4603=CARTESIAN_POINT('',(0.00698977273544304,0.043314738614611,-0.0104014516085114));
#4604=CARTESIAN_POINT('',(0.00333257176226405,0.0457665822723976,-0.0100493936066633));
#4605=CARTESIAN_POINT('',(-0.00102313740648885,0.0462778411358903,-0.00969888454137514));
#4606=CARTESIAN_POINT('',(-0.00515376831849961,0.0447280647773494,-0.00934605676284012));
#4607=CARTESIAN_POINT('',(-0.00760671301462581,0.0420259936247988,-0.00905436750433264));
#4608=CARTESIAN_POINT('',(-0.00867592771806732,0.0393471173399995,-0.00881891031576995));
#4609=CARTESIAN_POINT('',(-0.00898299402857176,0.0372386387764906,-0.00864488215434235));
#4610=CARTESIAN_POINT('',(-0.00877746943822483,0.0350640740722118,-0.00846657203603751));
#4611=CARTESIAN_POINT('',(-0.00784694580504296,0.0323710895658285,-0.00823393591092577));
#4612=CARTESIAN_POINT('',(-0.00551119105126409,0.0295244702791871,-0.00793933934462075));
#4613=CARTESIAN_POINT('',(-0.00148389721673678,0.0277918073983275,-0.0075890643968567));
#4614=CARTESIAN_POINT('',(0.00291029643065355,0.0280863672472049,-0.00723687745990273));
#4615=CARTESIAN_POINT('',(0.00667337847893485,0.030360485049997,-0.00688539695387048));
#4616=CARTESIAN_POINT('',(0.00898171348030218,0.0340933177319976,-0.00653456705026084));
#4617=CARTESIAN_POINT('',(0.00932494239181381,0.0384896224337231,-0.00618196882710866));
#4618=CARTESIAN_POINT('',(0.00762903228217286,0.0425334425120108,-0.00583148338663906));
#4619=CARTESIAN_POINT('',(0.00425838491005071,0.0453698304164762,-0.00547926142254608));
#4620=CARTESIAN_POINT('',(-2.80956675685616E-5,0.0463423357650027,-0.00512785542845978));
#4621=CARTESIAN_POINT('',(-0.00428124191672865,0.0452558465574185,-0.00477699107952244));
#4622=CARTESIAN_POINT('',(-0.00757783776051737,0.042325771672966,-0.00442424482431775));
#4623=CARTESIAN_POINT('',(-0.00916237753693803,0.0382448130200557,-0.00407443215916039));
#4624=CARTESIAN_POINT('',(-0.00869939930065348,0.0338483373945637,-0.00372083592717305));
#4625=CARTESIAN_POINT('',(-0.00629025558916731,0.0301815273772996,-0.00337029213196539));
#4626=CARTESIAN_POINT('',(-0.00245413059657436,0.0280109354170616,-0.00301773787476446));
#4627=CARTESIAN_POINT('',(0.00192711578441595,0.0278359120729998,-0.00266732861071199));
#4628=CARTESIAN_POINT('',(0.00592590062904713,0.0296925717952732,-0.00231477519200146));
#4629=CARTESIAN_POINT('',(0.00861776763505437,0.0331610869929407,-0.00196381097031962));
#4630=CARTESIAN_POINT('',(0.00943332056039004,0.0374793434179428,-0.0016124887855289));
#4631=CARTESIAN_POINT('',(0.00817468719623591,0.0417017023115174,-0.00126020423543151));
#4632=CARTESIAN_POINT('',(0.00514131453464877,0.0448679916668106,-0.00090973403063726));
#4633=CARTESIAN_POINT('',(0.000972561985459701,0.0463049725009053,-0.000557169331623998));
#4634=CARTESIAN_POINT('',(-0.00337138136684697,0.0456742486250117,-0.000206250654756689));
#4635=CARTESIAN_POINT('',(-0.00695610424858933,0.0431312328719536,0.000145017203797252));
#4636=CARTESIAN_POINT('',(-0.0086396379776679,0.0398639793616009,0.000438986353003725));
#4637=CARTESIAN_POINT('',(-0.00898558737523239,0.0370336639565978,0.000671794641222146));
#4638=CARTESIAN_POINT('',(-0.00865004307327666,0.0341501462574584,0.000908797922949545));
#4639=CARTESIAN_POINT('',(-0.00698513810166124,0.0309107201170334,0.00119989772872054));
#4640=CARTESIAN_POINT('',(-0.00341114255102608,0.0283374152997105,0.00155208818741462));
#4641=CARTESIAN_POINT('',(0.000941565060683054,0.0276946420094076,0.00190380133817971));
#4642=CARTESIAN_POINT('',(0.00509641949760254,0.0291026257468896,0.00225448435027044));
#4643=CARTESIAN_POINT('',(0.00816149707614411,0.0322737120826929,0.00260713135129706));
#4644=CARTESIAN_POINT('',(0.00942845971129492,0.0364729030017576,0.00295772324459353));
#4645=CARTESIAN_POINT('',(0.00863686391763131,0.0408032858402987,0.00330968955918641));
#4646=CARTESIAN_POINT('',(0.00594934170344773,0.0442856945270664,0.00366137872816352));
#4647=CARTESIAN_POINT('',(0.00197947355608584,0.0461544526183441,0.00401210626919853));
#4648=CARTESIAN_POINT('',(-0.00242773338155988,0.0459968417897314,0.00436475230363188));
#4649=CARTESIAN_POINT('',(-0.00625340836687248,0.0438520043745148,0.00471529498273744));
#4650=CARTESIAN_POINT('',(-0.0086871882301348,0.0401831044560587,0.005067382835649));
#4651=CARTESIAN_POINT('',(-0.00917063790828429,0.0358109927284455,0.00541891132900022));
#4652=CARTESIAN_POINT('',(-0.007593118875176,0.0316951423968991,0.00577138047683437));
#4653=CARTESIAN_POINT('',(-0.00432640625906074,0.0287702606296558,0.00612184497225612));
#4654=CARTESIAN_POINT('',(-6.26438985029683E-5,0.027655424657509,0.00647422344721164));
#4655=CARTESIAN_POINT('',(0.00422409586211839,0.0286163916994199,0.00682541429255698));
#4656=CARTESIAN_POINT('',(0.00760049204914592,0.0314248630928892,0.00717648291092177));
#4657=CARTESIAN_POINT('',(0.00932020594889283,0.0354836584165267,0.00752894619575553));
#4658=CARTESIAN_POINT('',(0.00899678241896883,0.0398562935890557,0.00787938353224402));
#4659=CARTESIAN_POINT('',(0.00669886498587034,0.0436178129366478,0.00823183259376945));
#4660=CARTESIAN_POINT('',(0.00294580949593834,0.0458992290291359,0.00858292151202918));
#4661=CARTESIAN_POINT('',(-0.00143536009008121,0.0462188834726697,0.00893410652825586));
#4662=CARTESIAN_POINT('',(-0.00548897864182016,0.0444897622524812,0.00928643660013573));
#4663=CARTESIAN_POINT('',(-0.00828975436234138,0.041113003898473,0.00963715514200325));
#4664=CARTESIAN_POINT('',(-0.00924484994204973,0.0368216421419089,0.0099886591556965));
#4665=CARTESIAN_POINT('',(-0.00812340442499997,0.0325566366737797,0.0103411369515358));
#4666=CARTESIAN_POINT('',(-0.00517626451403337,0.0292885627213495,0.0106929923799768));
#4667=CARTESIAN_POINT('',(-0.00107676302018754,0.0277291119415672,0.0110435944459827));
#4668=CARTESIAN_POINT('',(0.0033056321172671,0.0282216754300739,0.0113962168833769));
#4669=CARTESIAN_POINT('',(0.00695754361854653,0.0306542086841777,0.0117469680479383));
#4670=CARTESIAN_POINT('',(0.00910339820818557,0.0344937338857985,0.0120986222704562));
#4671=CARTESIAN_POINT('',(0.00924943832347006,0.0388938163670915,0.0124506204180416));
#4672=CARTESIAN_POINT('',(0.00737851998102522,0.0428607828139316,0.0128011969103212));
#4673=CARTESIAN_POINT('',(0.00388037871422578,0.0455464910560595,0.0131538444244255));
#4674=CARTESIAN_POINT('',(-0.00043660167543066,0.0463280795755956,0.0135045300969777));
#4675=CARTESIAN_POINT('',(-0.0046470299937959,0.045051525708098,0.0138562570664036));
#4676=CARTESIAN_POINT('',(-0.00780392009560692,0.0419826302661771,0.0142082945445389));
#4677=CARTESIAN_POINT('',(-0.00920813080349154,0.0378348834234754,0.0145582917680147));
#4678=CARTESIAN_POINT('',(-0.0085535779943749,0.0334651415011461,0.0149115991081825));
#4679=CARTESIAN_POINT('',(-0.0059772407319109,0.0299011981867223,0.0152630107717244));
#4680=CARTESIAN_POINT('',(-0.00205754133403463,0.0279085273883206,0.0156146640577031));
#4681=CARTESIAN_POINT('',(0.00233179715737982,0.0279249328655829,0.0159654677456233));
#4682=CARTESIAN_POINT('',(0.00624391794819956,0.0299591888352101,0.0163180690154501));
#4683=CARTESIAN_POINT('',(0.00877848533733669,0.0335374517935419,0.0166685398736752));
#4684=CARTESIAN_POINT('',(0.00940232056635502,0.0378987257279258,0.0170208042405763));
#4685=CARTESIAN_POINT('',(0.00796030129465377,0.0420503478387796,0.0173721552333797));
#4686=CARTESIAN_POINT('',(0.00478764568329195,0.0450849392743853,0.0177230974257337));
#4687=CARTESIAN_POINT('',(0.000559103571698133,0.0463332454678953,0.0180756659566389));
#4688=CARTESIAN_POINT('',(-0.00374869045935129,0.0455156222903697,0.0184260711853462));
#4689=CARTESIAN_POINT('',(-0.00722387112993744,0.0428041655425723,0.0187786351554087));
#4690=CARTESIAN_POINT('',(-0.00906662109250219,0.038823934749839,0.0191290934378521));
#4691=CARTESIAN_POINT('',(-0.00887973157608351,0.0344096197472821,0.0194824749009839));
#4692=CARTESIAN_POINT('',(-0.0067104933128823,0.0306018564335183,0.0198326592508561));
#4693=CARTESIAN_POINT('',(-0.00301930176059727,0.0281897895798309,0.0201852924794242));
#4694=CARTESIAN_POINT('',(0.00134776725656806,0.02774048453217,0.0205362047202624));
#4695=CARTESIAN_POINT('',(0.00544421618476035,0.029332924206318,0.0208875735861385));
#4696=CARTESIAN_POINT('',(0.00836119223542381,0.032634441621286,0.0212398204499605));
#4697=CARTESIAN_POINT('',(0.00944367425887832,0.0368836953607355,0.0215902969655337));
#4698=CARTESIAN_POINT('',(0.00845756133985981,0.0411816014740618,0.0219428851332903));
#4699=CARTESIAN_POINT('',(0.00562502104188977,0.0445343826709392,0.022293735677288));
#4700=CARTESIAN_POINT('',(0.00156869812232052,0.0462301346314148,0.0226451813835935));
#4701=CARTESIAN_POINT('',(-0.00282141155046189,0.045874908146694,0.0229974123172771));
#4702=CARTESIAN_POINT('',(-0.00654960773145963,0.043569428918122,0.0233476171073687));
#4703=CARTESIAN_POINT('',(-0.00844203616853313,0.0404078054776234,0.0236424014586755));
#4704=CARTESIAN_POINT('',(-0.00896448197254471,0.037612566685756,0.0238746198259793));
#4705=CARTESIAN_POINT('',(-0.00881466361829628,0.0347131853919066,0.0241115868091032));
#4706=CARTESIAN_POINT('',(-0.00735222860350516,0.0313667574939522,0.0244035425960151));
#4707=CARTESIAN_POINT('',(-0.00395874340984863,0.0285807338419282,0.0247546051975404));
#4708=CARTESIAN_POINT('',(0.000353583913986583,0.0276585794858598,0.0251071550807678));
#4709=CARTESIAN_POINT('',(0.00458717681513909,0.0288042860173527,0.0254577528514718));
#4710=CARTESIAN_POINT('',(0.00784359229430094,0.0317673895590833,0.0258097603595353));
#4711=CARTESIAN_POINT('',(0.00937683666417736,0.0358897394637353,0.0261614017003642));
#4712=CARTESIAN_POINT('',(0.00886269305181129,0.0402475548684124,0.0265121568363193));
#4713=CARTESIAN_POINT('',(0.00639739427302317,0.0439040934871455,0.0268647955624585));
#4714=CARTESIAN_POINT('',(0.00255384024033333,0.0460159099499126,0.0272153191367713));
#4715=CARTESIAN_POINT('',(-0.00184829288100785,0.0461407297936392,0.0275674568090522));
#4716=CARTESIAN_POINT('',(-0.00581140778560561,0.0442366926007714,0.0279189122190367));
#4717=CARTESIAN_POINT('',(-0.00846430923820402,0.0407382702926211,0.0282699682491954));
#4718=CARTESIAN_POINT('',(-0.00922816585785207,0.0364048400761987,0.0286217008238375));
#4719=CARTESIAN_POINT('',(-0.00791542426399621,0.0321934636253822,0.0289743250660527));
#4720=CARTESIAN_POINT('',(-0.00483336699115573,0.0290651493735996,0.0293254166712308));
#4721=CARTESIAN_POINT('',(-0.000663284957354882,0.0276851969077961,0.0296765383927185));
#4722=CARTESIAN_POINT('',(0.00369044690265465,0.0283730722811792,0.0300289715195533));
#4723=CARTESIAN_POINT('',(0.00723014449977155,0.0309605598707512,0.0303794111688387));
#4724=CARTESIAN_POINT('',(0.00920666347208552,0.034900814394297,0.0307318841020225));
#4725=CARTESIAN_POINT('',(0.00915730110163103,0.0392921217024115,0.031082942731523));
#4726=CARTESIAN_POINT('',(0.00711090793446689,0.0431797602607517,0.0314341454213474));
#4727=CARTESIAN_POINT('',(0.00349855917891894,0.04570404372975,0.0317865352692395));
#4728=CARTESIAN_POINT('',(-0.000845619726202297,0.0462971850467932,0.0321369286179351));
#4729=CARTESIAN_POINT('',(-0.00500418619835665,0.0448278697368884,0.0324896876178308));
#4730=CARTESIAN_POINT('',(-0.00750983224168396,0.0421716483190313,0.0327814719196762));
#4731=CARTESIAN_POINT('',(-0.00862947156433465,0.0395139955004373,0.033017047068889));
#4732=CARTESIAN_POINT('',(-0.00897663901084681,0.0374133374486941,0.0331908113107268));
#4733=CARTESIAN_POINT('',(-0.00881314768039517,0.0352351665765926,0.0333692448009383));
#4734=CARTESIAN_POINT('',(-0.00793391670716794,0.0325236243800016,0.0336018802809358));
#4735=CARTESIAN_POINT('',(-0.00565379933758218,0.0296333455104299,0.0338964472092153));
#4736=CARTESIAN_POINT('',(-0.00165787013252626,0.0278237893976798,0.0342469421555108));
#4737=CARTESIAN_POINT('',(0.002736153107231,0.0280333026076442,0.0345987070810606));
#4738=CARTESIAN_POINT('',(0.00654686110957618,0.030237037770797,0.0349506402076037));
#4739=CARTESIAN_POINT('',(0.00892381928046194,0.033923360712389,0.0353012399432044));
#4740=CARTESIAN_POINT('',(0.00935224887591073,0.0383127501189951,0.0356538911475749));
#4741=CARTESIAN_POINT('',(0.00773217070385904,0.042389506343106,0.0360045390456578));
#4742=CARTESIAN_POINT('',(0.00442048023700196,0.045287390650977,0.0363563584701909));
#4743=CARTESIAN_POINT('',(0.000148629531080065,0.0463433848923273,0.0367081894247579));
#4744=CARTESIAN_POINT('',(-0.00412149472438808,0.0453382473168068,0.0370587829925435));
#4745=CARTESIAN_POINT('',(-0.00747480456349085,0.0424718205837931,0.0374116184666038));
#4746=CARTESIAN_POINT('',(-0.00913720695314184,0.0384205673682227,0.0377614983890633));
#4747=CARTESIAN_POINT('',(-0.00875735480286737,0.0340161398949993,0.038115100578109));
#4748=CARTESIAN_POINT('',(-0.00642059343898823,0.0303061569357797,0.0384654036114852));
#4749=CARTESIAN_POINT('',(-0.00262503486527073,0.0280608369396723,0.0388181335484919));
#4750=CARTESIAN_POINT('',(0.00175228555666368,0.0278032241409734,0.0391685579966747));
#4751=CARTESIAN_POINT('',(0.00578367371103781,0.0295811067554719,0.039520869414428));
#4752=CARTESIAN_POINT('',(0.00854365997922745,0.0330007252117084,0.0398721741391195));
#4753=CARTESIAN_POINT('',(0.00944061307686602,0.0372987508115835,0.0402231570349186));
#4754=CARTESIAN_POINT('',(0.00826309819932797,0.0415474112031028,0.0405756897983533));
#4755=CARTESIAN_POINT('',(0.00529005067753872,0.0447701041750105,0.0409261517392034));
#4756=CARTESIAN_POINT('',(0.00115210929525257,0.0462867035919122,0.0412785166600428));
#4757=CARTESIAN_POINT('',(-0.00320675150243343,0.0457380660867094,0.0416297933188087));
#4758=CARTESIAN_POINT('',(-0.0068358283745408,0.0432672724078624,0.0419806116021733));
#4759=CARTESIAN_POINT('',(-0.00858383787619217,0.040028038444933,0.0422751267793206));
#4760=CARTESIAN_POINT('',(-0.00898307677322602,0.0372097554377968,0.0425073841995369));
#4761=CARTESIAN_POINT('',(-0.00870336271894129,0.0343173901091686,0.0427447698168968));
#4762=CARTESIAN_POINT('',(-0.00709873592221473,0.0310463912224697,0.043035902137421));
#4763=CARTESIAN_POINT('',(-0.00357904119718621,0.0284073310555425,0.043387721273098));
#4764=CARTESIAN_POINT('',(0.000765138761794548,0.027679937980957,0.0437398203752501));
#4765=CARTESIAN_POINT('',(0.00494399857513744,0.0290087702193196,0.0440903359291789));
#4766=CARTESIAN_POINT('',(0.00806960568283955,0.0321195052715615,0.0444429304062009));
#4767=CARTESIAN_POINT('',(0.00941643739693013,0.036296541379745,0.044793745778864));
#4768=CARTESIAN_POINT('',(0.00870930179970279,0.0406362630299716,0.04514525954552));
#4769=CARTESIAN_POINT('',(0.006086502527082,0.0441739714858318,0.0454973695803046));
#4770=CARTESIAN_POINT('',(0.00215456497417216,0.0461162805895187,0.0458478885954901));
#4771=CARTESIAN_POINT('',(-0.00225478218538967,0.0460440545893624,0.0462005270869252));
#4772=CARTESIAN_POINT('',(-0.00612232147981639,0.0439709432874642,0.0465512472724213));
#4773=CARTESIAN_POINT('',(-0.00862344547469086,0.040352782420033,0.0469029873049309));
#4774=CARTESIAN_POINT('',(-0.00919217026829084,0.035989876501023,0.0472546194852096));
#4775=CARTESIAN_POINT('',(-0.00769326421524165,0.0318427846625753,0.0476072074220347));
#4776=CARTESIAN_POINT('',(-0.00448167406289112,0.0288561742876555,0.047957775761212));
#4777=CARTESIAN_POINT('',(-0.000243913380867613,0.0276601859364432,0.0483098324471123));
#4778=CARTESIAN_POINT('',(0.0040649049552664,0.0285397433636426,0.0486614239521206));
#4779=CARTESIAN_POINT('',(0.00749135939340277,0.0312814943923681,0.0490122085124913));
#4780=CARTESIAN_POINT('',(0.0092900499503579,0.0353078871827055,0.0493648362534858));
#4781=CARTESIAN_POINT('',(0.00904901846784476,0.0396865636880291,0.0497153482169453));
#4782=CARTESIAN_POINT('',(0.00682598337938277,0.0434888259034564,0.0500675111845512));
#4783=CARTESIAN_POINT('',(0.00311360413498031,0.0458439200251885,0.0504189760295439));
#4784=CARTESIAN_POINT('',(-0.00125709156444173,0.0462465007461344,0.0507698481051784));
#4785=CARTESIAN_POINT('',(-0.00534542465828909,0.0445953328579389,0.0511223649912621));
#4786=CARTESIAN_POINT('',(-0.00820972217394583,0.0412715602615366,0.0514731140266443));
#4787=CARTESIAN_POINT('',(-0.00924625349400108,0.0370028022790981,0.0518243353057578));
#4788=CARTESIAN_POINT('',(-0.0082079110857037,0.0327157917364723,0.0521768848899644));
#4789=CARTESIAN_POINT('',(-0.00532202644041444,0.0293901040129185,0.0525289186463401));
#4790=CARTESIAN_POINT('',(-0.00125350900112435,0.0277536419462784,0.0528794604881902));
#4791=CARTESIAN_POINT('',(0.00313604831795078,0.0281612362933029,0.0532319313563362));
#4792=CARTESIAN_POINT('',(0.00683616868140582,0.0305258053771599,0.0535829602619872));
#4793=CARTESIAN_POINT('',(0.00905292385080343,0.0343194256976105,0.0539342077643811));
#4794=CARTESIAN_POINT('',(0.00928416800978104,0.0387199523725714,0.0542865513449275));
#4795=CARTESIAN_POINT('',(0.00748885652150288,0.0427202734952627,0.0546370121245175));
#4796=CARTESIAN_POINT('',(0.0040442774129212,0.0454725145359042,0.0549895640511626));
#4797=CARTESIAN_POINT('',(-0.000260079785700056,0.0463362696519739,0.0553405195177219));
#4798=CARTESIAN_POINT('',(-0.00448957845002537,0.0451422076771994,0.0556918342056402));
#4799=CARTESIAN_POINT('',(-0.00770828876423447,0.0421318488035407,0.0560442648910168));
#4800=CARTESIAN_POINT('',(-0.00919049210385539,0.0380126326164295,0.0563941269508034));
#4801=CARTESIAN_POINT('',(-0.00861866906363806,0.0336299634418978,0.0567475990983882));
#4802=CARTESIAN_POINT('',(-0.00611431403348704,0.0300207944870839,0.0570986093655358));
#4803=CARTESIAN_POINT('',(-0.00222921572585543,0.0279506244654345,0.0574507075089565));
#4804=CARTESIAN_POINT('',(0.00215686151778933,0.027884115045388,0.0578012705087493));
#4805=CARTESIAN_POINT('',(0.00610833328085302,0.0298425082100418,0.0581539375445086));
#4806=CARTESIAN_POINT('',(0.00871086880396405,0.0333737199268623,0.0585045546307112));
#4807=CARTESIAN_POINT('',(0.00941812296189838,0.0377176641797318,0.0588564295921153));
#4808=CARTESIAN_POINT('',(0.00805464901081679,0.0419009311568391,0.0592081944754181));
#4809=CARTESIAN_POINT('',(0.00494216029246241,0.0449928943143431,0.0595588603168029));
#4810=CARTESIAN_POINT('',(0.000737482820926465,0.0463232291538608,0.0599115186888832));
#4811=CARTESIAN_POINT('',(-0.00358624101225104,0.0455866860105897,0.0602620285745989));
#4812=CARTESIAN_POINT('',(-0.00710984705765655,0.0429453807125683,0.060614230527223));
#4813=CARTESIAN_POINT('',(-0.00903082858638929,0.0389968802828922,0.0609650985710581));
#4814=CARTESIAN_POINT('',(-0.00892749627284692,0.0345819623556766,0.0613182628816347));
#4815=CARTESIAN_POINT('',(-0.0068308442740255,0.0307327234666394,0.0616685602887791));
#4816=CARTESIAN_POINT('',(-0.00318902759789554,0.028251538819111,0.0620209386967931));
#4817=CARTESIAN_POINT('',(0.00117246741579604,0.0277185551539807,0.0623721933375613));
#4818=CARTESIAN_POINT('',(0.00529475176825685,0.0292311336452921,0.0627232145255836));
#4819=CARTESIAN_POINT('',(0.00827705865696079,0.0324778602016649,0.0630757269733251));
#4820=CARTESIAN_POINT('',(0.00943929621263702,0.0367056159622236,0.0634261809578133));
#4821=CARTESIAN_POINT('',(0.00853696889042849,0.0410196434919459,0.0637785917086428));
#4822=CARTESIAN_POINT('',(0.00576642598504914,0.0444284809783262,0.0641297664400047));
#4823=CARTESIAN_POINT('',(0.00174721990202569,0.0461997557124703,0.0644808505892345));
#4824=CARTESIAN_POINT('',(-0.00265236470563317,0.0459292708254359,0.0648333885894968));
#4825=CARTESIAN_POINT('',(-0.00642274240816601,0.0436946945215347,0.0651835129771632));
#4826=CARTESIAN_POINT('',(-0.00837506788557584,0.0405719106720773,0.0654782367609955));
#4827=CARTESIAN_POINT('',(-0.00895107504591624,0.0377848324700954,0.0657104651305128));
#4828=CARTESIAN_POINT('',(-0.00885728766055903,0.0348875615177561,0.065947244942558));
#4829=CARTESIAN_POINT('',(-0.00745785933753013,0.0315082752556557,0.0662395750101355));
#4830=CARTESIAN_POINT('',(-0.00411913954604237,0.0286605686024998,0.0665904408643317));
#4831=CARTESIAN_POINT('',(0.000174210122068533,0.0276549458410526,0.0669429558955997));
#4832=CARTESIAN_POINT('',(0.00443111319892893,0.0287212052828607,0.0672937653194979));
#4833=CARTESIAN_POINT('',(0.00774017633544698,0.0316175225507812,0.0676453210876423));
#4834=CARTESIAN_POINT('',(0.0093545800076228,0.0357142934469718,0.0679973897817782));
#4835=CARTESIAN_POINT('',(0.00892294759915594,0.0400786842367207,0.0683479276239384));
#4836=CARTESIAN_POINT('',(0.00652894239819231,0.0437824046693569,0.0687005689122258));
#4837=CARTESIAN_POINT('',(0.00272396973472612,0.0459674181727413,0.0690512840662891));
#4838=CARTESIAN_POINT('',(-0.00166989922302789,0.0461769397621222,0.0694029929623247));
#4839=CARTESIAN_POINT('',(-0.00567364378635973,0.0443476015460459,0.069754885200936));
#4840=CARTESIAN_POINT('',(-0.00839067963615075,0.0409015769581216,0.0701057373008245));
#4841=CARTESIAN_POINT('',(-0.0092377485564346,0.0365847460708996,0.0704574276523464));
#4842=CARTESIAN_POINT('',(-0.00800714922348439,0.032349010741728,0.0708100032039806));
#4843=CARTESIAN_POINT('',(-0.00498262978565293,0.0291599088170158,0.0711614193161264));
#4844=CARTESIAN_POINT('',(-0.000842772768358138,0.0277019050144407,0.0715122676634453));
#4845=CARTESIAN_POINT('',(0.00352540731232353,0.0283057249032327,0.071864874195419));
#4846=CARTESIAN_POINT('',(0.00711368013780223,0.0308263829989988,0.0722153756564825));
#4847=CARTESIAN_POINT('',(0.00916452606689555,0.034724796231409,0.0725675718066475));
#4848=CARTESIAN_POINT('',(0.00919897264955033,0.0391204671273231,0.0729190083528222));
#4849=CARTESIAN_POINT('',(0.00722919016555376,0.0430430110172118,0.0732698420413689));
#4850=CARTESIAN_POINT('',(0.00366228884165989,0.0456381593189149,0.0736226018335984));
#4851=CARTESIAN_POINT('',(5.8537793482472E-5,0.0462004571469704,0.0739140802164736));
#4852=CARTESIAN_POINT('',(-0.00276876172380186,0.0456193238858991,0.0741497982465422));
#4853=CARTESIAN_POINT('',(-0.00405091805620372,0.0450181612625237,0.0742653909655732));
#4854=CARTESIAN_POINT('',(-0.00466133879315059,0.0446376585281546,0.074324558957273));
#4855=CARTESIAN_POINT('',(-0.00890044120909145,0.0369999982716297,0.0743250106437708));
#4856=CARTESIAN_POINT('',(-0.00890044120909145,0.0369999982716297,-0.0156749893562292));
#4857=CARTESIAN_POINT('',(9.95587909085292E-5,0.0369999982716297,-0.0156749893562292));
#4858=MECHANICAL_DESIGN_GEOMETRIC_PRESENTATION_REPRESENTATION('',(#108),
#4859);
#4859=(
GEOMETRIC_REPRESENTATION_CONTEXT(3)
GLOBAL_UNCERTAINTY_ASSIGNED_CONTEXT((#4860))
GLOBAL_UNIT_ASSIGNED_CONTEXT((#4863,#4862,#4861))
REPRESENTATION_CONTEXT('cpap tube','TOP_LEVEL_ASSEMBLY_PART')
);
#4860=UNCERTAINTY_MEASURE_WITH_UNIT(LENGTH_MEASURE(2.E-5),#4863,
'DISTANCE_ACCURACY_VALUE','Maximum Tolerance applied to model');
#4861=(
NAMED_UNIT(*)
SI_UNIT($,.STERADIAN.)
SOLID_ANGLE_UNIT()
);
#4862=(
NAMED_UNIT(*)
PLANE_ANGLE_UNIT()
SI_UNIT($,.RADIAN.)
);
#4863=(
LENGTH_UNIT()
NAMED_UNIT(*)
SI_UNIT($,.METRE.)
);
#4864=PRODUCT_DEFINITION_SHAPE('','',#4865);
#4865=PRODUCT_DEFINITION('','',#4867,#4866);
#4866=PRODUCT_DEFINITION_CONTEXT('',#4873,'design');
#4867=PRODUCT_DEFINITION_FORMATION_WITH_SPECIFIED_SOURCE('','',#4869,
 .NOT_KNOWN.);
#4868=PRODUCT_RELATED_PRODUCT_CATEGORY('','',(#4869));
#4869=PRODUCT('cpap tube','cpap tube','cpap tube',(#4871));
#4870=PRODUCT_CATEGORY('','');
#4871=PRODUCT_CONTEXT('',#4873,'mechanical');
#4872=APPLICATION_PROTOCOL_DEFINITION('international standard',
'ap242_managed_model_based_3d_engineering',2020,#4873);
#4873=APPLICATION_CONTEXT('managed model based 3d engineering');
ENDSEC;
END-ISO-10303-21;
