ISO-10303-21;
HEADER;
/* Generated by software containing ST-Developer
 * from STEP Tools, Inc. (www.steptools.com) 
 */
/* OPTION: using custom renumber hook */

FILE_DESCRIPTION(
/* description */ ('STEP AP242 Edition 2',
'CAx-IF Rec.Pracs.---Representation and Presentation of Product Manufa
cturing Information (PMI)---4.0---2014-10-13',
'CAx-IF Rec.Pracs.---3D Tessellated Geometry---0.4---2014-09-14','2;1',
'CAx-IF Rec.Pracs.---User Defined Attributes---1.5---2016-08-15'),
/* implementation_level */ '2;1');

FILE_NAME(
/* name */ 'toolhead v4 - chassis',
/* time_stamp */ '2026-08-19T20:10:38Z',
/* author */ (''),
/* organization */ (''),
/* preprocessor_version */ 'ST-DEVELOPER v20',
/* originating_system */ 'ONSHAPE BY PTC INC, 1.219',
/* authorisation */ '  ');

FILE_SCHEMA (('AP242_MANAGED_MODEL_BASED_3D_ENGINEERING_MIM_LF { 1 0 10303 442 3 1 4 }'));
ENDSEC;

DATA;
#10=SHAPE_REPRESENTATION_RELATIONSHIP('','',#4792,#11);
#11=ADVANCED_BREP_SHAPE_REPRESENTATION('',(#4790),#7854);
#12=CONICAL_SURFACE('',#5087,0.003,0.785398163397448);
#13=CONICAL_SURFACE('',#5096,0.003,0.785398163397449);
#14=CONICAL_SURFACE('',#5136,0.003,0.785398163397448);
#15=CONICAL_SURFACE('',#5141,0.003,0.785398163397449);
#16=CONICAL_SURFACE('',#5162,0.003,0.785398163397449);
#17=CONICAL_SURFACE('',#5165,0.003,0.785398163397448);
#18=CONICAL_SURFACE('',#5173,0.003,0.785398163397449);
#19=CONICAL_SURFACE('',#5175,0.004,0.785398163397449);
#20=CONICAL_SURFACE('',#5177,0.004,0.785398163397449);
#21=CONICAL_SURFACE('',#5178,0.003,0.785398163397449);
#22=B_SPLINE_CURVE_WITH_KNOTS('',3,(#6597,#6598,#6599,#6600),
 .UNSPECIFIED.,.F.,.F.,(4,4),(0.,0.000667591683531077),.UNSPECIFIED.);
#23=B_SPLINE_CURVE_WITH_KNOTS('',3,(#6624,#6625,#6626,#6627),
 .UNSPECIFIED.,.F.,.F.,(4,4),(0.,0.000667591683531109),.UNSPECIFIED.);
#24=B_SPLINE_CURVE_WITH_KNOTS('',3,(#6916,#6917,#6918,#6919),
 .UNSPECIFIED.,.F.,.F.,(4,4),(0.,0.000667591683531045),.UNSPECIFIED.);
#25=B_SPLINE_CURVE_WITH_KNOTS('',3,(#6924,#6925,#6926,#6927),
 .UNSPECIFIED.,.F.,.F.,(4,4),(0.,0.000667591683531111),.UNSPECIFIED.);
#26=CYLINDRICAL_SURFACE('',#4805,0.00165);
#27=CYLINDRICAL_SURFACE('',#4809,0.00165);
#28=CYLINDRICAL_SURFACE('',#4812,0.00165);
#29=CYLINDRICAL_SURFACE('',#4816,0.00165);
#30=CYLINDRICAL_SURFACE('',#4820,0.00165);
#31=CYLINDRICAL_SURFACE('',#4824,0.00165);
#32=CYLINDRICAL_SURFACE('',#4832,0.00165);
#33=CYLINDRICAL_SURFACE('',#4834,0.00165);
#34=CYLINDRICAL_SURFACE('',#4856,0.00165);
#35=CYLINDRICAL_SURFACE('',#4860,0.00165);
#36=CYLINDRICAL_SURFACE('',#4864,0.00165);
#37=CYLINDRICAL_SURFACE('',#4868,0.00165);
#38=CYLINDRICAL_SURFACE('',#4871,0.00165);
#39=CYLINDRICAL_SURFACE('',#4874,0.00165);
#40=CYLINDRICAL_SURFACE('',#4878,0.00165);
#41=CYLINDRICAL_SURFACE('',#4880,0.00165);
#42=CYLINDRICAL_SURFACE('',#4888,0.003);
#43=CYLINDRICAL_SURFACE('',#4905,0.003);
#44=CYLINDRICAL_SURFACE('',#4918,0.003);
#45=CYLINDRICAL_SURFACE('',#4927,0.003);
#46=CYLINDRICAL_SURFACE('',#4938,0.00235);
#47=CYLINDRICAL_SURFACE('',#4943,0.00235);
#48=CYLINDRICAL_SURFACE('',#4946,0.00235);
#49=CYLINDRICAL_SURFACE('',#4949,0.00235);
#50=CYLINDRICAL_SURFACE('',#4952,0.00235);
#51=CYLINDRICAL_SURFACE('',#4955,0.00235);
#52=CYLINDRICAL_SURFACE('',#4960,0.003);
#53=CYLINDRICAL_SURFACE('',#4968,0.003);
#54=CYLINDRICAL_SURFACE('',#4975,0.003);
#55=CYLINDRICAL_SURFACE('',#4982,0.003);
#56=CYLINDRICAL_SURFACE('',#4989,0.003);
#57=CYLINDRICAL_SURFACE('',#4995,0.003);
#58=CYLINDRICAL_SURFACE('',#5002,0.0016);
#59=CYLINDRICAL_SURFACE('',#5005,0.0016);
#60=CYLINDRICAL_SURFACE('',#5008,0.0016);
#61=CYLINDRICAL_SURFACE('',#5011,0.0016);
#62=CYLINDRICAL_SURFACE('',#5016,0.00235);
#63=CYLINDRICAL_SURFACE('',#5019,0.00235);
#64=CYLINDRICAL_SURFACE('',#5022,0.00235);
#65=CYLINDRICAL_SURFACE('',#5025,0.00235);
#66=CYLINDRICAL_SURFACE('',#5026,0.0016);
#67=CYLINDRICAL_SURFACE('',#5029,0.0016);
#68=CYLINDRICAL_SURFACE('',#5183,0.00235);
#69=CYLINDRICAL_SURFACE('',#5186,0.00235);
#70=CYLINDRICAL_SURFACE('',#5189,0.00235);
#71=CYLINDRICAL_SURFACE('',#5192,0.00235);
#72=CYLINDRICAL_SURFACE('',#5195,0.00235);
#73=CYLINDRICAL_SURFACE('',#5198,0.00235);
#74=ELLIPSE('',#4802,0.00332340187157679,0.00235);
#75=ELLIPSE('',#4804,0.00332340187157679,0.00235);
#76=ELLIPSE('',#4817,0.0023334523779156,0.00165);
#77=ELLIPSE('',#4821,0.0023334523779156,0.00165);
#78=ELLIPSE('',#4865,0.0023334523779156,0.00165);
#79=ELLIPSE('',#4875,0.0023334523779156,0.00165);
#80=ELLIPSE('',#4939,0.00332340187157678,0.00235);
#81=ELLIPSE('',#4940,0.00332340187157678,0.00235);
#82=LINE('',#6534,#593);
#83=LINE('',#6539,#594);
#84=LINE('',#6541,#595);
#85=LINE('',#6543,#596);
#86=LINE('',#6545,#597);
#87=LINE('',#6547,#598);
#88=LINE('',#6549,#599);
#89=LINE('',#6551,#600);
#90=LINE('',#6553,#601);
#91=LINE('',#6555,#602);
#92=LINE('',#6557,#603);
#93=LINE('',#6559,#604);
#94=LINE('',#6561,#605);
#95=LINE('',#6563,#606);
#96=LINE('',#6565,#607);
#97=LINE('',#6567,#608);
#98=LINE('',#6569,#609);
#99=LINE('',#6571,#610);
#100=LINE('',#6573,#611);
#101=LINE('',#6575,#612);
#102=LINE('',#6579,#613);
#103=LINE('',#6581,#614);
#104=LINE('',#6583,#615);
#105=LINE('',#6586,#616);
#106=LINE('',#6588,#617);
#107=LINE('',#6590,#618);
#108=LINE('',#6595,#619);
#109=LINE('',#6602,#620);
#110=LINE('',#6613,#621);
#111=LINE('',#6618,#622);
#112=LINE('',#6622,#623);
#113=LINE('',#6650,#624);
#114=LINE('',#6652,#625);
#115=LINE('',#6653,#626);
#116=LINE('',#6655,#627);
#117=LINE('',#6657,#628);
#118=LINE('',#6659,#629);
#119=LINE('',#6661,#630);
#120=LINE('',#6663,#631);
#121=LINE('',#6667,#632);
#122=LINE('',#6669,#633);
#123=LINE('',#6671,#634);
#124=LINE('',#6675,#635);
#125=LINE('',#6677,#636);
#126=LINE('',#6679,#637);
#127=LINE('',#6681,#638);
#128=LINE('',#6683,#639);
#129=LINE('',#6685,#640);
#130=LINE('',#6686,#641);
#131=LINE('',#6695,#642);
#132=LINE('',#6698,#643);
#133=LINE('',#6700,#644);
#134=LINE('',#6702,#645);
#135=LINE('',#6704,#646);
#136=LINE('',#6706,#647);
#137=LINE('',#6708,#648);
#138=LINE('',#6710,#649);
#139=LINE('',#6712,#650);
#140=LINE('',#6714,#651);
#141=LINE('',#6716,#652);
#142=LINE('',#6718,#653);
#143=LINE('',#6720,#654);
#144=LINE('',#6722,#655);
#145=LINE('',#6724,#656);
#146=LINE('',#6726,#657);
#147=LINE('',#6728,#658);
#148=LINE('',#6730,#659);
#149=LINE('',#6732,#660);
#150=LINE('',#6734,#661);
#151=LINE('',#6736,#662);
#152=LINE('',#6738,#663);
#153=LINE('',#6740,#664);
#154=LINE('',#6742,#665);
#155=LINE('',#6744,#666);
#156=LINE('',#6746,#667);
#157=LINE('',#6748,#668);
#158=LINE('',#6750,#669);
#159=LINE('',#6753,#670);
#160=LINE('',#6755,#671);
#161=LINE('',#6757,#672);
#162=LINE('',#6759,#673);
#163=LINE('',#6761,#674);
#164=LINE('',#6763,#675);
#165=LINE('',#6765,#676);
#166=LINE('',#6767,#677);
#167=LINE('',#6769,#678);
#168=LINE('',#6771,#679);
#169=LINE('',#6773,#680);
#170=LINE('',#6775,#681);
#171=LINE('',#6777,#682);
#172=LINE('',#6779,#683);
#173=LINE('',#6781,#684);
#174=LINE('',#6783,#685);
#175=LINE('',#6785,#686);
#176=LINE('',#6787,#687);
#177=LINE('',#6789,#688);
#178=LINE('',#6791,#689);
#179=LINE('',#6793,#690);
#180=LINE('',#6795,#691);
#181=LINE('',#6797,#692);
#182=LINE('',#6799,#693);
#183=LINE('',#6801,#694);
#184=LINE('',#6803,#695);
#185=LINE('',#6805,#696);
#186=LINE('',#6808,#697);
#187=LINE('',#6812,#698);
#188=LINE('',#6814,#699);
#189=LINE('',#6816,#700);
#190=LINE('',#6820,#701);
#191=LINE('',#6822,#702);
#192=LINE('',#6824,#703);
#193=LINE('',#6828,#704);
#194=LINE('',#6830,#705);
#195=LINE('',#6832,#706);
#196=LINE('',#6836,#707);
#197=LINE('',#6838,#708);
#198=LINE('',#6840,#709);
#199=LINE('',#6844,#710);
#200=LINE('',#6846,#711);
#201=LINE('',#6848,#712);
#202=LINE('',#6852,#713);
#203=LINE('',#6872,#714);
#204=LINE('',#6875,#715);
#205=LINE('',#6877,#716);
#206=LINE('',#6879,#717);
#207=LINE('',#6881,#718);
#208=LINE('',#6883,#719);
#209=LINE('',#6885,#720);
#210=LINE('',#6887,#721);
#211=LINE('',#6889,#722);
#212=LINE('',#6891,#723);
#213=LINE('',#6893,#724);
#214=LINE('',#6895,#725);
#215=LINE('',#6897,#726);
#216=LINE('',#6899,#727);
#217=LINE('',#6901,#728);
#218=LINE('',#6903,#729);
#219=LINE('',#6905,#730);
#220=LINE('',#6909,#731);
#221=LINE('',#6911,#732);
#222=LINE('',#6913,#733);
#223=LINE('',#6963,#734);
#224=LINE('',#6966,#735);
#225=LINE('',#6968,#736);
#226=LINE('',#6970,#737);
#227=LINE('',#6976,#738);
#228=LINE('',#6979,#739);
#229=LINE('',#6981,#740);
#230=LINE('',#6983,#741);
#231=LINE('',#6985,#742);
#232=LINE('',#6987,#743);
#233=LINE('',#6989,#744);
#234=LINE('',#6991,#745);
#235=LINE('',#6993,#746);
#236=LINE('',#6994,#747);
#237=LINE('',#7002,#748);
#238=LINE('',#7004,#749);
#239=LINE('',#7005,#750);
#240=LINE('',#7006,#751);
#241=LINE('',#7008,#752);
#242=LINE('',#7010,#753);
#243=LINE('',#7012,#754);
#244=LINE('',#7014,#755);
#245=LINE('',#7016,#756);
#246=LINE('',#7018,#757);
#247=LINE('',#7020,#758);
#248=LINE('',#7021,#759);
#249=LINE('',#7023,#760);
#250=LINE('',#7025,#761);
#251=LINE('',#7027,#762);
#252=LINE('',#7029,#763);
#253=LINE('',#7031,#764);
#254=LINE('',#7033,#765);
#255=LINE('',#7035,#766);
#256=LINE('',#7037,#767);
#257=LINE('',#7039,#768);
#258=LINE('',#7041,#769);
#259=LINE('',#7043,#770);
#260=LINE('',#7044,#771);
#261=LINE('',#7046,#772);
#262=LINE('',#7048,#773);
#263=LINE('',#7050,#774);
#264=LINE('',#7052,#775);
#265=LINE('',#7054,#776);
#266=LINE('',#7056,#777);
#267=LINE('',#7058,#778);
#268=LINE('',#7059,#779);
#269=LINE('',#7061,#780);
#270=LINE('',#7063,#781);
#271=LINE('',#7065,#782);
#272=LINE('',#7071,#783);
#273=LINE('',#7074,#784);
#274=LINE('',#7076,#785);
#275=LINE('',#7078,#786);
#276=LINE('',#7080,#787);
#277=LINE('',#7082,#788);
#278=LINE('',#7084,#789);
#279=LINE('',#7086,#790);
#280=LINE('',#7088,#791);
#281=LINE('',#7090,#792);
#282=LINE('',#7092,#793);
#283=LINE('',#7094,#794);
#284=LINE('',#7097,#795);
#285=LINE('',#7099,#796);
#286=LINE('',#7101,#797);
#287=LINE('',#7103,#798);
#288=LINE('',#7105,#799);
#289=LINE('',#7107,#800);
#290=LINE('',#7115,#801);
#291=LINE('',#7117,#802);
#292=LINE('',#7118,#803);
#293=LINE('',#7120,#804);
#294=LINE('',#7121,#805);
#295=LINE('',#7123,#806);
#296=LINE('',#7125,#807);
#297=LINE('',#7127,#808);
#298=LINE('',#7129,#809);
#299=LINE('',#7132,#810);
#300=LINE('',#7133,#811);
#301=LINE('',#7135,#812);
#302=LINE('',#7137,#813);
#303=LINE('',#7138,#814);
#304=LINE('',#7140,#815);
#305=LINE('',#7142,#816);
#306=LINE('',#7144,#817);
#307=LINE('',#7146,#818);
#308=LINE('',#7148,#819);
#309=LINE('',#7150,#820);
#310=LINE('',#7152,#821);
#311=LINE('',#7154,#822);
#312=LINE('',#7155,#823);
#313=LINE('',#7157,#824);
#314=LINE('',#7159,#825);
#315=LINE('',#7162,#826);
#316=LINE('',#7163,#827);
#317=LINE('',#7165,#828);
#318=LINE('',#7166,#829);
#319=LINE('',#7168,#830);
#320=LINE('',#7170,#831);
#321=LINE('',#7171,#832);
#322=LINE('',#7173,#833);
#323=LINE('',#7175,#834);
#324=LINE('',#7176,#835);
#325=LINE('',#7178,#836);
#326=LINE('',#7181,#837);
#327=LINE('',#7183,#838);
#328=LINE('',#7185,#839);
#329=LINE('',#7187,#840);
#330=LINE('',#7189,#841);
#331=LINE('',#7191,#842);
#332=LINE('',#7199,#843);
#333=LINE('',#7201,#844);
#334=LINE('',#7203,#845);
#335=LINE('',#7204,#846);
#336=LINE('',#7206,#847);
#337=LINE('',#7208,#848);
#338=LINE('',#7211,#849);
#339=LINE('',#7212,#850);
#340=LINE('',#7214,#851);
#341=LINE('',#7215,#852);
#342=LINE('',#7217,#853);
#343=LINE('',#7219,#854);
#344=LINE('',#7220,#855);
#345=LINE('',#7222,#856);
#346=LINE('',#7224,#857);
#347=LINE('',#7225,#858);
#348=LINE('',#7227,#859);
#349=LINE('',#7230,#860);
#350=LINE('',#7232,#861);
#351=LINE('',#7234,#862);
#352=LINE('',#7242,#863);
#353=LINE('',#7244,#864);
#354=LINE('',#7246,#865);
#355=LINE('',#7248,#866);
#356=LINE('',#7249,#867);
#357=LINE('',#7251,#868);
#358=LINE('',#7253,#869);
#359=LINE('',#7254,#870);
#360=LINE('',#7256,#871);
#361=LINE('',#7258,#872);
#362=LINE('',#7259,#873);
#363=LINE('',#7261,#874);
#364=LINE('',#7263,#875);
#365=LINE('',#7265,#876);
#366=LINE('',#7296,#877);
#367=LINE('',#7299,#878);
#368=LINE('',#7301,#879);
#369=LINE('',#7303,#880);
#370=LINE('',#7305,#881);
#371=LINE('',#7308,#882);
#372=LINE('',#7310,#883);
#373=LINE('',#7312,#884);
#374=LINE('',#7314,#885);
#375=LINE('',#7317,#886);
#376=LINE('',#7318,#887);
#377=LINE('',#7320,#888);
#378=LINE('',#7323,#889);
#379=LINE('',#7325,#890);
#380=LINE('',#7327,#891);
#381=LINE('',#7329,#892);
#382=LINE('',#7334,#893);
#383=LINE('',#7338,#894);
#384=LINE('',#7340,#895);
#385=LINE('',#7342,#896);
#386=LINE('',#7344,#897);
#387=LINE('',#7346,#898);
#388=LINE('',#7348,#899);
#389=LINE('',#7352,#900);
#390=LINE('',#7354,#901);
#391=LINE('',#7357,#902);
#392=LINE('',#7359,#903);
#393=LINE('',#7361,#904);
#394=LINE('',#7365,#905);
#395=LINE('',#7369,#906);
#396=LINE('',#7371,#907);
#397=LINE('',#7373,#908);
#398=LINE('',#7375,#909);
#399=LINE('',#7379,#910);
#400=LINE('',#7382,#911);
#401=LINE('',#7384,#912);
#402=LINE('',#7386,#913);
#403=LINE('',#7390,#914);
#404=LINE('',#7394,#915);
#405=LINE('',#7396,#916);
#406=LINE('',#7398,#917);
#407=LINE('',#7400,#918);
#408=LINE('',#7402,#919);
#409=LINE('',#7406,#920);
#410=LINE('',#7409,#921);
#411=LINE('',#7411,#922);
#412=LINE('',#7413,#923);
#413=LINE('',#7417,#924);
#414=LINE('',#7421,#925);
#415=LINE('',#7423,#926);
#416=LINE('',#7425,#927);
#417=LINE('',#7427,#928);
#418=LINE('',#7429,#929);
#419=LINE('',#7433,#930);
#420=LINE('',#7436,#931);
#421=LINE('',#7438,#932);
#422=LINE('',#7440,#933);
#423=LINE('',#7444,#934);
#424=LINE('',#7448,#935);
#425=LINE('',#7450,#936);
#426=LINE('',#7452,#937);
#427=LINE('',#7454,#938);
#428=LINE('',#7456,#939);
#429=LINE('',#7460,#940);
#430=LINE('',#7465,#941);
#431=LINE('',#7469,#942);
#432=LINE('',#7471,#943);
#433=LINE('',#7473,#944);
#434=LINE('',#7475,#945);
#435=LINE('',#7477,#946);
#436=LINE('',#7479,#947);
#437=LINE('',#7483,#948);
#438=LINE('',#7485,#949);
#439=LINE('',#7527,#950);
#440=LINE('',#7528,#951);
#441=LINE('',#7530,#952);
#442=LINE('',#7531,#953);
#443=LINE('',#7533,#954);
#444=LINE('',#7535,#955);
#445=LINE('',#7537,#956);
#446=LINE('',#7539,#957);
#447=LINE('',#7541,#958);
#448=LINE('',#7543,#959);
#449=LINE('',#7545,#960);
#450=LINE('',#7547,#961);
#451=LINE('',#7549,#962);
#452=LINE('',#7551,#963);
#453=LINE('',#7553,#964);
#454=LINE('',#7555,#965);
#455=LINE('',#7557,#966);
#456=LINE('',#7558,#967);
#457=LINE('',#7560,#968);
#458=LINE('',#7562,#969);
#459=LINE('',#7564,#970);
#460=LINE('',#7566,#971);
#461=LINE('',#7568,#972);
#462=LINE('',#7570,#973);
#463=LINE('',#7572,#974);
#464=LINE('',#7573,#975);
#465=LINE('',#7575,#976);
#466=LINE('',#7577,#977);
#467=LINE('',#7579,#978);
#468=LINE('',#7581,#979);
#469=LINE('',#7583,#980);
#470=LINE('',#7585,#981);
#471=LINE('',#7587,#982);
#472=LINE('',#7589,#983);
#473=LINE('',#7591,#984);
#474=LINE('',#7593,#985);
#475=LINE('',#7595,#986);
#476=LINE('',#7596,#987);
#477=LINE('',#7598,#988);
#478=LINE('',#7600,#989);
#479=LINE('',#7602,#990);
#480=LINE('',#7603,#991);
#481=LINE('',#7605,#992);
#482=LINE('',#7607,#993);
#483=LINE('',#7609,#994);
#484=LINE('',#7610,#995);
#485=LINE('',#7612,#996);
#486=LINE('',#7614,#997);
#487=LINE('',#7616,#998);
#488=LINE('',#7618,#999);
#489=LINE('',#7620,#1000);
#490=LINE('',#7622,#1001);
#491=LINE('',#7624,#1002);
#492=LINE('',#7626,#1003);
#493=LINE('',#7627,#1004);
#494=LINE('',#7629,#1005);
#495=LINE('',#7631,#1006);
#496=LINE('',#7633,#1007);
#497=LINE('',#7635,#1008);
#498=LINE('',#7637,#1009);
#499=LINE('',#7639,#1010);
#500=LINE('',#7641,#1011);
#501=LINE('',#7643,#1012);
#502=LINE('',#7645,#1013);
#503=LINE('',#7647,#1014);
#504=LINE('',#7649,#1015);
#505=LINE('',#7651,#1016);
#506=LINE('',#7652,#1017);
#507=LINE('',#7654,#1018);
#508=LINE('',#7655,#1019);
#509=LINE('',#7657,#1020);
#510=LINE('',#7659,#1021);
#511=LINE('',#7661,#1022);
#512=LINE('',#7663,#1023);
#513=LINE('',#7665,#1024);
#514=LINE('',#7667,#1025);
#515=LINE('',#7669,#1026);
#516=LINE('',#7671,#1027);
#517=LINE('',#7673,#1028);
#518=LINE('',#7675,#1029);
#519=LINE('',#7677,#1030);
#520=LINE('',#7679,#1031);
#521=LINE('',#7681,#1032);
#522=LINE('',#7683,#1033);
#523=LINE('',#7685,#1034);
#524=LINE('',#7687,#1035);
#525=LINE('',#7689,#1036);
#526=LINE('',#7691,#1037);
#527=LINE('',#7693,#1038);
#528=LINE('',#7695,#1039);
#529=LINE('',#7697,#1040);
#530=LINE('',#7699,#1041);
#531=LINE('',#7701,#1042);
#532=LINE('',#7703,#1043);
#533=LINE('',#7705,#1044);
#534=LINE('',#7706,#1045);
#535=LINE('',#7708,#1046);
#536=LINE('',#7710,#1047);
#537=LINE('',#7712,#1048);
#538=LINE('',#7714,#1049);
#539=LINE('',#7715,#1050);
#540=LINE('',#7717,#1051);
#541=LINE('',#7719,#1052);
#542=LINE('',#7721,#1053);
#543=LINE('',#7723,#1054);
#544=LINE('',#7725,#1055);
#545=LINE('',#7727,#1056);
#546=LINE('',#7729,#1057);
#547=LINE('',#7731,#1058);
#548=LINE('',#7733,#1059);
#549=LINE('',#7735,#1060);
#550=LINE('',#7737,#1061);
#551=LINE('',#7738,#1062);
#552=LINE('',#7740,#1063);
#553=LINE('',#7742,#1064);
#554=LINE('',#7744,#1065);
#555=LINE('',#7746,#1066);
#556=LINE('',#7748,#1067);
#557=LINE('',#7750,#1068);
#558=LINE('',#7753,#1069);
#559=LINE('',#7755,#1070);
#560=LINE('',#7757,#1071);
#561=LINE('',#7759,#1072);
#562=LINE('',#7761,#1073);
#563=LINE('',#7763,#1074);
#564=LINE('',#7765,#1075);
#565=LINE('',#7767,#1076);
#566=LINE('',#7769,#1077);
#567=LINE('',#7771,#1078);
#568=LINE('',#7773,#1079);
#569=LINE('',#7775,#1080);
#570=LINE('',#7777,#1081);
#571=LINE('',#7779,#1082);
#572=LINE('',#7780,#1083);
#573=LINE('',#7782,#1084);
#574=LINE('',#7784,#1085);
#575=LINE('',#7785,#1086);
#576=LINE('',#7787,#1087);
#577=LINE('',#7789,#1088);
#578=LINE('',#7791,#1089);
#579=LINE('',#7793,#1090);
#580=LINE('',#7795,#1091);
#581=LINE('',#7797,#1092);
#582=LINE('',#7799,#1093);
#583=LINE('',#7801,#1094);
#584=LINE('',#7803,#1095);
#585=LINE('',#7805,#1096);
#586=LINE('',#7807,#1097);
#587=LINE('',#7809,#1098);
#588=LINE('',#7811,#1099);
#589=LINE('',#7813,#1100);
#590=LINE('',#7815,#1101);
#591=LINE('',#7817,#1102);
#592=LINE('',#7819,#1103);
#593=VECTOR('',#5213,1.);
#594=VECTOR('',#5216,1.);
#595=VECTOR('',#5217,1.);
#596=VECTOR('',#5218,1.);
#597=VECTOR('',#5219,1.);
#598=VECTOR('',#5220,1.);
#599=VECTOR('',#5221,1.);
#600=VECTOR('',#5222,1.);
#601=VECTOR('',#5223,1.);
#602=VECTOR('',#5224,1.);
#603=VECTOR('',#5225,1.);
#604=VECTOR('',#5226,1.);
#605=VECTOR('',#5227,1.);
#606=VECTOR('',#5228,1.);
#607=VECTOR('',#5229,1.);
#608=VECTOR('',#5230,1.);
#609=VECTOR('',#5231,1.);
#610=VECTOR('',#5232,1.);
#611=VECTOR('',#5233,1.);
#612=VECTOR('',#5234,1.);
#613=VECTOR('',#5239,1.);
#614=VECTOR('',#5240,1.);
#615=VECTOR('',#5241,1.);
#616=VECTOR('',#5246,1.);
#617=VECTOR('',#5247,1.);
#618=VECTOR('',#5250,1.);
#619=VECTOR('',#5253,1.);
#620=VECTOR('',#5254,1.);
#621=VECTOR('',#5267,1.);
#622=VECTOR('',#5270,1.);
#623=VECTOR('',#5273,1.);
#624=VECTOR('',#5300,1.);
#625=VECTOR('',#5303,1.);
#626=VECTOR('',#5304,1.);
#627=VECTOR('',#5305,1.);
#628=VECTOR('',#5306,1.);
#629=VECTOR('',#5307,1.);
#630=VECTOR('',#5308,1.);
#631=VECTOR('',#5309,1.);
#632=VECTOR('',#5312,1.);
#633=VECTOR('',#5313,1.);
#634=VECTOR('',#5314,1.);
#635=VECTOR('',#5317,1.);
#636=VECTOR('',#5318,1.);
#637=VECTOR('',#5319,1.);
#638=VECTOR('',#5320,1.);
#639=VECTOR('',#5321,1.);
#640=VECTOR('',#5322,1.);
#641=VECTOR('',#5323,1.);
#642=VECTOR('',#5336,1.);
#643=VECTOR('',#5337,1.);
#644=VECTOR('',#5338,1.);
#645=VECTOR('',#5339,1.);
#646=VECTOR('',#5340,1.);
#647=VECTOR('',#5341,1.);
#648=VECTOR('',#5342,1.);
#649=VECTOR('',#5343,1.);
#650=VECTOR('',#5344,1.);
#651=VECTOR('',#5345,1.);
#652=VECTOR('',#5346,1.);
#653=VECTOR('',#5347,1.);
#654=VECTOR('',#5348,1.);
#655=VECTOR('',#5349,1.);
#656=VECTOR('',#5350,1.);
#657=VECTOR('',#5351,1.);
#658=VECTOR('',#5352,1.);
#659=VECTOR('',#5353,1.);
#660=VECTOR('',#5354,1.);
#661=VECTOR('',#5355,1.);
#662=VECTOR('',#5356,1.);
#663=VECTOR('',#5357,1.);
#664=VECTOR('',#5358,1.);
#665=VECTOR('',#5359,1.);
#666=VECTOR('',#5360,1.);
#667=VECTOR('',#5361,1.);
#668=VECTOR('',#5362,1.);
#669=VECTOR('',#5365,1.);
#670=VECTOR('',#5366,1.);
#671=VECTOR('',#5367,1.);
#672=VECTOR('',#5368,1.);
#673=VECTOR('',#5369,1.);
#674=VECTOR('',#5370,1.);
#675=VECTOR('',#5371,1.);
#676=VECTOR('',#5372,1.);
#677=VECTOR('',#5373,1.);
#678=VECTOR('',#5374,1.);
#679=VECTOR('',#5375,1.);
#680=VECTOR('',#5376,1.);
#681=VECTOR('',#5377,1.);
#682=VECTOR('',#5378,1.);
#683=VECTOR('',#5379,1.);
#684=VECTOR('',#5380,1.);
#685=VECTOR('',#5381,1.);
#686=VECTOR('',#5382,1.);
#687=VECTOR('',#5383,1.);
#688=VECTOR('',#5384,1.);
#689=VECTOR('',#5385,1.);
#690=VECTOR('',#5386,1.);
#691=VECTOR('',#5387,1.);
#692=VECTOR('',#5388,1.);
#693=VECTOR('',#5389,1.);
#694=VECTOR('',#5390,1.);
#695=VECTOR('',#5391,1.);
#696=VECTOR('',#5394,1.);
#697=VECTOR('',#5395,1.);
#698=VECTOR('',#5398,1.);
#699=VECTOR('',#5399,1.);
#700=VECTOR('',#5400,1.);
#701=VECTOR('',#5403,1.);
#702=VECTOR('',#5404,1.);
#703=VECTOR('',#5405,1.);
#704=VECTOR('',#5408,1.);
#705=VECTOR('',#5409,1.);
#706=VECTOR('',#5410,1.);
#707=VECTOR('',#5413,1.);
#708=VECTOR('',#5414,1.);
#709=VECTOR('',#5415,1.);
#710=VECTOR('',#5418,1.);
#711=VECTOR('',#5419,1.);
#712=VECTOR('',#5420,1.);
#713=VECTOR('',#5423,1.);
#714=VECTOR('',#5444,1.);
#715=VECTOR('',#5445,1.);
#716=VECTOR('',#5446,1.);
#717=VECTOR('',#5447,1.);
#718=VECTOR('',#5448,1.);
#719=VECTOR('',#5449,1.);
#720=VECTOR('',#5450,1.);
#721=VECTOR('',#5451,1.);
#722=VECTOR('',#5452,1.);
#723=VECTOR('',#5453,1.);
#724=VECTOR('',#5454,1.);
#725=VECTOR('',#5455,1.);
#726=VECTOR('',#5456,1.);
#727=VECTOR('',#5457,1.);
#728=VECTOR('',#5458,1.);
#729=VECTOR('',#5459,1.);
#730=VECTOR('',#5460,1.);
#731=VECTOR('',#5463,1.);
#732=VECTOR('',#5464,1.);
#733=VECTOR('',#5465,1.);
#734=VECTOR('',#5520,1.);
#735=VECTOR('',#5521,1.);
#736=VECTOR('',#5522,1.);
#737=VECTOR('',#5523,1.);
#738=VECTOR('',#5530,1.);
#739=VECTOR('',#5531,1.);
#740=VECTOR('',#5532,1.);
#741=VECTOR('',#5533,1.);
#742=VECTOR('',#5534,1.);
#743=VECTOR('',#5535,1.);
#744=VECTOR('',#5536,1.);
#745=VECTOR('',#5537,1.);
#746=VECTOR('',#5538,1.);
#747=VECTOR('',#5539,1.);
#748=VECTOR('',#5550,1.);
#749=VECTOR('',#5551,1.);
#750=VECTOR('',#5552,1.);
#751=VECTOR('',#5553,1.);
#752=VECTOR('',#5554,1.);
#753=VECTOR('',#5557,1.);
#754=VECTOR('',#5558,1.);
#755=VECTOR('',#5559,1.);
#756=VECTOR('',#5562,1.);
#757=VECTOR('',#5563,1.);
#758=VECTOR('',#5564,1.);
#759=VECTOR('',#5565,1.);
#760=VECTOR('',#5566,1.);
#761=VECTOR('',#5567,1.);
#762=VECTOR('',#5568,1.);
#763=VECTOR('',#5569,1.);
#764=VECTOR('',#5570,1.);
#765=VECTOR('',#5571,1.);
#766=VECTOR('',#5572,1.);
#767=VECTOR('',#5575,1.);
#768=VECTOR('',#5576,1.);
#769=VECTOR('',#5577,1.);
#770=VECTOR('',#5578,1.);
#771=VECTOR('',#5579,1.);
#772=VECTOR('',#5580,1.);
#773=VECTOR('',#5583,1.);
#774=VECTOR('',#5584,1.);
#775=VECTOR('',#5585,1.);
#776=VECTOR('',#5588,1.);
#777=VECTOR('',#5589,1.);
#778=VECTOR('',#5590,1.);
#779=VECTOR('',#5591,1.);
#780=VECTOR('',#5592,1.);
#781=VECTOR('',#5595,1.);
#782=VECTOR('',#5598,1.);
#783=VECTOR('',#5605,1.);
#784=VECTOR('',#5606,1.);
#785=VECTOR('',#5607,1.);
#786=VECTOR('',#5608,1.);
#787=VECTOR('',#5609,1.);
#788=VECTOR('',#5610,1.);
#789=VECTOR('',#5611,1.);
#790=VECTOR('',#5612,1.);
#791=VECTOR('',#5613,1.);
#792=VECTOR('',#5614,1.);
#793=VECTOR('',#5615,1.);
#794=VECTOR('',#5618,1.);
#795=VECTOR('',#5619,1.);
#796=VECTOR('',#5620,1.);
#797=VECTOR('',#5621,1.);
#798=VECTOR('',#5624,1.);
#799=VECTOR('',#5625,1.);
#800=VECTOR('',#5626,1.);
#801=VECTOR('',#5637,1.);
#802=VECTOR('',#5638,1.);
#803=VECTOR('',#5639,1.);
#804=VECTOR('',#5640,1.);
#805=VECTOR('',#5641,1.);
#806=VECTOR('',#5644,1.);
#807=VECTOR('',#5645,1.);
#808=VECTOR('',#5646,1.);
#809=VECTOR('',#5649,1.);
#810=VECTOR('',#5650,1.);
#811=VECTOR('',#5651,1.);
#812=VECTOR('',#5652,1.);
#813=VECTOR('',#5653,1.);
#814=VECTOR('',#5654,1.);
#815=VECTOR('',#5655,1.);
#816=VECTOR('',#5656,1.);
#817=VECTOR('',#5657,1.);
#818=VECTOR('',#5658,1.);
#819=VECTOR('',#5659,1.);
#820=VECTOR('',#5662,1.);
#821=VECTOR('',#5663,1.);
#822=VECTOR('',#5664,1.);
#823=VECTOR('',#5665,1.);
#824=VECTOR('',#5666,1.);
#825=VECTOR('',#5669,1.);
#826=VECTOR('',#5670,1.);
#827=VECTOR('',#5671,1.);
#828=VECTOR('',#5672,1.);
#829=VECTOR('',#5673,1.);
#830=VECTOR('',#5676,1.);
#831=VECTOR('',#5677,1.);
#832=VECTOR('',#5678,1.);
#833=VECTOR('',#5681,1.);
#834=VECTOR('',#5682,1.);
#835=VECTOR('',#5683,1.);
#836=VECTOR('',#5686,1.);
#837=VECTOR('',#5687,1.);
#838=VECTOR('',#5688,1.);
#839=VECTOR('',#5689,1.);
#840=VECTOR('',#5692,1.);
#841=VECTOR('',#5693,1.);
#842=VECTOR('',#5694,1.);
#843=VECTOR('',#5705,1.);
#844=VECTOR('',#5706,1.);
#845=VECTOR('',#5707,1.);
#846=VECTOR('',#5708,1.);
#847=VECTOR('',#5709,1.);
#848=VECTOR('',#5712,1.);
#849=VECTOR('',#5713,1.);
#850=VECTOR('',#5714,1.);
#851=VECTOR('',#5715,1.);
#852=VECTOR('',#5716,1.);
#853=VECTOR('',#5719,1.);
#854=VECTOR('',#5720,1.);
#855=VECTOR('',#5721,1.);
#856=VECTOR('',#5724,1.);
#857=VECTOR('',#5725,1.);
#858=VECTOR('',#5726,1.);
#859=VECTOR('',#5729,1.);
#860=VECTOR('',#5730,1.);
#861=VECTOR('',#5731,1.);
#862=VECTOR('',#5732,1.);
#863=VECTOR('',#5743,1.);
#864=VECTOR('',#5744,1.);
#865=VECTOR('',#5745,1.);
#866=VECTOR('',#5746,1.);
#867=VECTOR('',#5747,1.);
#868=VECTOR('',#5748,1.);
#869=VECTOR('',#5751,1.);
#870=VECTOR('',#5752,1.);
#871=VECTOR('',#5755,1.);
#872=VECTOR('',#5756,1.);
#873=VECTOR('',#5757,1.);
#874=VECTOR('',#5758,1.);
#875=VECTOR('',#5761,1.);
#876=VECTOR('',#5764,1.);
#877=VECTOR('',#5811,1.);
#878=VECTOR('',#5812,1.);
#879=VECTOR('',#5813,1.);
#880=VECTOR('',#5814,1.);
#881=VECTOR('',#5817,1.);
#882=VECTOR('',#5818,1.);
#883=VECTOR('',#5819,1.);
#884=VECTOR('',#5820,1.);
#885=VECTOR('',#5823,1.);
#886=VECTOR('',#5824,1.);
#887=VECTOR('',#5825,1.);
#888=VECTOR('',#5828,1.);
#889=VECTOR('',#5829,1.);
#890=VECTOR('',#5830,1.);
#891=VECTOR('',#5831,1.);
#892=VECTOR('',#5834,1.);
#893=VECTOR('',#5837,1.);
#894=VECTOR('',#5842,1.);
#895=VECTOR('',#5843,1.);
#896=VECTOR('',#5844,1.);
#897=VECTOR('',#5847,1.);
#898=VECTOR('',#5848,1.);
#899=VECTOR('',#5849,1.);
#900=VECTOR('',#5854,1.);
#901=VECTOR('',#5857,1.);
#902=VECTOR('',#5858,1.);
#903=VECTOR('',#5859,1.);
#904=VECTOR('',#5860,1.);
#905=VECTOR('',#5865,1.);
#906=VECTOR('',#5870,1.);
#907=VECTOR('',#5871,1.);
#908=VECTOR('',#5872,1.);
#909=VECTOR('',#5875,1.);
#910=VECTOR('',#5880,1.);
#911=VECTOR('',#5881,1.);
#912=VECTOR('',#5882,1.);
#913=VECTOR('',#5883,1.);
#914=VECTOR('',#5888,1.);
#915=VECTOR('',#5893,1.);
#916=VECTOR('',#5894,1.);
#917=VECTOR('',#5895,1.);
#918=VECTOR('',#5898,1.);
#919=VECTOR('',#5899,1.);
#920=VECTOR('',#5904,1.);
#921=VECTOR('',#5905,1.);
#922=VECTOR('',#5906,1.);
#923=VECTOR('',#5907,1.);
#924=VECTOR('',#5912,1.);
#925=VECTOR('',#5917,1.);
#926=VECTOR('',#5918,1.);
#927=VECTOR('',#5919,1.);
#928=VECTOR('',#5922,1.);
#929=VECTOR('',#5923,1.);
#930=VECTOR('',#5928,1.);
#931=VECTOR('',#5929,1.);
#932=VECTOR('',#5930,1.);
#933=VECTOR('',#5931,1.);
#934=VECTOR('',#5936,1.);
#935=VECTOR('',#5941,1.);
#936=VECTOR('',#5942,1.);
#937=VECTOR('',#5943,1.);
#938=VECTOR('',#5946,1.);
#939=VECTOR('',#5947,1.);
#940=VECTOR('',#5952,1.);
#941=VECTOR('',#5955,1.);
#942=VECTOR('',#5960,1.);
#943=VECTOR('',#5961,1.);
#944=VECTOR('',#5962,1.);
#945=VECTOR('',#5965,1.);
#946=VECTOR('',#5966,1.);
#947=VECTOR('',#5967,1.);
#948=VECTOR('',#5972,1.);
#949=VECTOR('',#5973,1.);
#950=VECTOR('',#6036,1.);
#951=VECTOR('',#6037,1.);
#952=VECTOR('',#6040,1.);
#953=VECTOR('',#6041,1.);
#954=VECTOR('',#6044,1.);
#955=VECTOR('',#6047,1.);
#956=VECTOR('',#6050,1.);
#957=VECTOR('',#6053,1.);
#958=VECTOR('',#6056,1.);
#959=VECTOR('',#6059,1.);
#960=VECTOR('',#6062,1.);
#961=VECTOR('',#6065,1.);
#962=VECTOR('',#6068,1.);
#963=VECTOR('',#6071,1.);
#964=VECTOR('',#6074,1.);
#965=VECTOR('',#6077,1.);
#966=VECTOR('',#6080,1.);
#967=VECTOR('',#6081,1.);
#968=VECTOR('',#6084,1.);
#969=VECTOR('',#6087,1.);
#970=VECTOR('',#6090,1.);
#971=VECTOR('',#6093,1.);
#972=VECTOR('',#6096,1.);
#973=VECTOR('',#6099,1.);
#974=VECTOR('',#6102,1.);
#975=VECTOR('',#6103,1.);
#976=VECTOR('',#6106,1.);
#977=VECTOR('',#6109,1.);
#978=VECTOR('',#6112,1.);
#979=VECTOR('',#6115,1.);
#980=VECTOR('',#6118,1.);
#981=VECTOR('',#6121,1.);
#982=VECTOR('',#6124,1.);
#983=VECTOR('',#6127,1.);
#984=VECTOR('',#6130,1.);
#985=VECTOR('',#6133,1.);
#986=VECTOR('',#6136,1.);
#987=VECTOR('',#6137,1.);
#988=VECTOR('',#6140,1.);
#989=VECTOR('',#6143,1.);
#990=VECTOR('',#6146,1.);
#991=VECTOR('',#6147,1.);
#992=VECTOR('',#6150,1.);
#993=VECTOR('',#6153,1.);
#994=VECTOR('',#6156,1.);
#995=VECTOR('',#6157,1.);
#996=VECTOR('',#6160,1.);
#997=VECTOR('',#6163,1.);
#998=VECTOR('',#6166,1.);
#999=VECTOR('',#6169,1.);
#1000=VECTOR('',#6172,1.);
#1001=VECTOR('',#6175,1.);
#1002=VECTOR('',#6178,1.);
#1003=VECTOR('',#6181,1.);
#1004=VECTOR('',#6182,1.);
#1005=VECTOR('',#6185,1.);
#1006=VECTOR('',#6188,1.);
#1007=VECTOR('',#6191,1.);
#1008=VECTOR('',#6194,1.);
#1009=VECTOR('',#6197,1.);
#1010=VECTOR('',#6200,1.);
#1011=VECTOR('',#6203,1.);
#1012=VECTOR('',#6206,1.);
#1013=VECTOR('',#6209,1.);
#1014=VECTOR('',#6212,1.);
#1015=VECTOR('',#6215,1.);
#1016=VECTOR('',#6218,1.);
#1017=VECTOR('',#6219,1.);
#1018=VECTOR('',#6222,1.);
#1019=VECTOR('',#6223,1.);
#1020=VECTOR('',#6226,1.);
#1021=VECTOR('',#6229,1.);
#1022=VECTOR('',#6232,1.);
#1023=VECTOR('',#6235,1.);
#1024=VECTOR('',#6238,1.);
#1025=VECTOR('',#6241,1.);
#1026=VECTOR('',#6244,1.);
#1027=VECTOR('',#6247,1.);
#1028=VECTOR('',#6250,1.);
#1029=VECTOR('',#6253,1.);
#1030=VECTOR('',#6256,1.);
#1031=VECTOR('',#6259,1.);
#1032=VECTOR('',#6262,1.);
#1033=VECTOR('',#6265,1.);
#1034=VECTOR('',#6268,1.);
#1035=VECTOR('',#6271,1.);
#1036=VECTOR('',#6274,1.);
#1037=VECTOR('',#6277,1.);
#1038=VECTOR('',#6280,1.);
#1039=VECTOR('',#6283,1.);
#1040=VECTOR('',#6286,1.);
#1041=VECTOR('',#6289,1.);
#1042=VECTOR('',#6292,1.);
#1043=VECTOR('',#6295,1.);
#1044=VECTOR('',#6298,1.);
#1045=VECTOR('',#6299,1.);
#1046=VECTOR('',#6302,1.);
#1047=VECTOR('',#6305,1.);
#1048=VECTOR('',#6308,1.);
#1049=VECTOR('',#6311,1.);
#1050=VECTOR('',#6312,1.);
#1051=VECTOR('',#6315,1.);
#1052=VECTOR('',#6318,1.);
#1053=VECTOR('',#6321,1.);
#1054=VECTOR('',#6324,1.);
#1055=VECTOR('',#6327,1.);
#1056=VECTOR('',#6330,1.);
#1057=VECTOR('',#6333,1.);
#1058=VECTOR('',#6336,1.);
#1059=VECTOR('',#6339,1.);
#1060=VECTOR('',#6342,1.);
#1061=VECTOR('',#6345,1.);
#1062=VECTOR('',#6346,1.);
#1063=VECTOR('',#6349,1.);
#1064=VECTOR('',#6352,1.);
#1065=VECTOR('',#6355,1.);
#1066=VECTOR('',#6358,1.);
#1067=VECTOR('',#6361,1.);
#1068=VECTOR('',#6364,1.);
#1069=VECTOR('',#6369,1.);
#1070=VECTOR('',#6372,1.);
#1071=VECTOR('',#6375,1.);
#1072=VECTOR('',#6378,1.);
#1073=VECTOR('',#6381,1.);
#1074=VECTOR('',#6384,1.);
#1075=VECTOR('',#6387,1.);
#1076=VECTOR('',#6390,1.);
#1077=VECTOR('',#6393,1.);
#1078=VECTOR('',#6396,1.);
#1079=VECTOR('',#6399,1.);
#1080=VECTOR('',#6402,1.);
#1081=VECTOR('',#6405,1.);
#1082=VECTOR('',#6408,1.);
#1083=VECTOR('',#6409,1.);
#1084=VECTOR('',#6412,1.);
#1085=VECTOR('',#6415,1.);
#1086=VECTOR('',#6416,1.);
#1087=VECTOR('',#6419,1.);
#1088=VECTOR('',#6422,1.);
#1089=VECTOR('',#6425,1.);
#1090=VECTOR('',#6428,1.);
#1091=VECTOR('',#6431,1.);
#1092=VECTOR('',#6434,1.);
#1093=VECTOR('',#6437,1.);
#1094=VECTOR('',#6440,1.);
#1095=VECTOR('',#6443,1.);
#1096=VECTOR('',#6446,1.);
#1097=VECTOR('',#6449,1.);
#1098=VECTOR('',#6452,1.);
#1099=VECTOR('',#6455,1.);
#1100=VECTOR('',#6458,1.);
#1101=VECTOR('',#6461,1.);
#1102=VECTOR('',#6464,1.);
#1103=VECTOR('',#6467,1.);
#1104=ORIENTED_EDGE('',*,*,#2370,.T.);
#1105=ORIENTED_EDGE('',*,*,#2371,.T.);
#1106=ORIENTED_EDGE('',*,*,#2372,.T.);
#1107=ORIENTED_EDGE('',*,*,#2373,.T.);
#1108=ORIENTED_EDGE('',*,*,#2374,.T.);
#1109=ORIENTED_EDGE('',*,*,#2375,.T.);
#1110=ORIENTED_EDGE('',*,*,#2376,.T.);
#1111=ORIENTED_EDGE('',*,*,#2377,.T.);
#1112=ORIENTED_EDGE('',*,*,#2378,.F.);
#1113=ORIENTED_EDGE('',*,*,#2379,.T.);
#1114=ORIENTED_EDGE('',*,*,#2380,.T.);
#1115=ORIENTED_EDGE('',*,*,#2381,.T.);
#1116=ORIENTED_EDGE('',*,*,#2382,.T.);
#1117=ORIENTED_EDGE('',*,*,#2383,.T.);
#1118=ORIENTED_EDGE('',*,*,#2384,.T.);
#1119=ORIENTED_EDGE('',*,*,#2385,.T.);
#1120=ORIENTED_EDGE('',*,*,#2386,.T.);
#1121=ORIENTED_EDGE('',*,*,#2387,.T.);
#1122=ORIENTED_EDGE('',*,*,#2388,.T.);
#1123=ORIENTED_EDGE('',*,*,#2389,.T.);
#1124=ORIENTED_EDGE('',*,*,#2390,.T.);
#1125=ORIENTED_EDGE('',*,*,#2391,.T.);
#1126=ORIENTED_EDGE('',*,*,#2392,.T.);
#1127=ORIENTED_EDGE('',*,*,#2393,.T.);
#1128=ORIENTED_EDGE('',*,*,#2394,.T.);
#1129=ORIENTED_EDGE('',*,*,#2395,.T.);
#1130=ORIENTED_EDGE('',*,*,#2377,.F.);
#1131=ORIENTED_EDGE('',*,*,#2396,.T.);
#1132=ORIENTED_EDGE('',*,*,#2397,.F.);
#1133=ORIENTED_EDGE('',*,*,#2398,.F.);
#1134=ORIENTED_EDGE('',*,*,#2399,.T.);
#1135=ORIENTED_EDGE('',*,*,#2397,.T.);
#1136=ORIENTED_EDGE('',*,*,#2400,.T.);
#1137=ORIENTED_EDGE('',*,*,#2375,.F.);
#1138=ORIENTED_EDGE('',*,*,#2401,.F.);
#1139=ORIENTED_EDGE('',*,*,#2402,.F.);
#1140=ORIENTED_EDGE('',*,*,#2403,.T.);
#1141=ORIENTED_EDGE('',*,*,#2404,.T.);
#1142=ORIENTED_EDGE('',*,*,#2405,.T.);
#1143=ORIENTED_EDGE('',*,*,#2406,.F.);
#1144=ORIENTED_EDGE('',*,*,#2407,.T.);
#1145=ORIENTED_EDGE('',*,*,#2408,.F.);
#1146=ORIENTED_EDGE('',*,*,#2409,.T.);
#1147=ORIENTED_EDGE('',*,*,#2410,.T.);
#1148=ORIENTED_EDGE('',*,*,#2411,.T.);
#1149=ORIENTED_EDGE('',*,*,#2412,.T.);
#1150=ORIENTED_EDGE('',*,*,#2413,.T.);
#1151=ORIENTED_EDGE('',*,*,#2414,.T.);
#1152=ORIENTED_EDGE('',*,*,#2415,.F.);
#1153=ORIENTED_EDGE('',*,*,#2416,.T.);
#1154=ORIENTED_EDGE('',*,*,#2417,.F.);
#1155=ORIENTED_EDGE('',*,*,#2418,.T.);
#1156=ORIENTED_EDGE('',*,*,#2419,.T.);
#1157=ORIENTED_EDGE('',*,*,#2420,.F.);
#1158=ORIENTED_EDGE('',*,*,#2421,.T.);
#1159=ORIENTED_EDGE('',*,*,#2422,.T.);
#1160=ORIENTED_EDGE('',*,*,#2423,.F.);
#1161=ORIENTED_EDGE('',*,*,#2424,.T.);
#1162=ORIENTED_EDGE('',*,*,#2425,.T.);
#1163=ORIENTED_EDGE('',*,*,#2426,.T.);
#1164=ORIENTED_EDGE('',*,*,#2416,.F.);
#1165=ORIENTED_EDGE('',*,*,#2427,.T.);
#1166=ORIENTED_EDGE('',*,*,#2407,.F.);
#1167=ORIENTED_EDGE('',*,*,#2428,.T.);
#1168=ORIENTED_EDGE('',*,*,#2405,.F.);
#1169=ORIENTED_EDGE('',*,*,#2429,.F.);
#1170=ORIENTED_EDGE('',*,*,#2403,.F.);
#1171=ORIENTED_EDGE('',*,*,#2430,.T.);
#1172=ORIENTED_EDGE('',*,*,#2431,.T.);
#1173=ORIENTED_EDGE('',*,*,#2432,.F.);
#1174=ORIENTED_EDGE('',*,*,#2433,.F.);
#1175=ORIENTED_EDGE('',*,*,#2434,.F.);
#1176=ORIENTED_EDGE('',*,*,#2435,.F.);
#1177=ORIENTED_EDGE('',*,*,#2436,.F.);
#1178=ORIENTED_EDGE('',*,*,#2437,.F.);
#1179=ORIENTED_EDGE('',*,*,#2438,.F.);
#1180=ORIENTED_EDGE('',*,*,#2439,.F.);
#1181=ORIENTED_EDGE('',*,*,#2440,.T.);
#1182=ORIENTED_EDGE('',*,*,#2441,.F.);
#1183=ORIENTED_EDGE('',*,*,#2442,.F.);
#1184=ORIENTED_EDGE('',*,*,#2443,.F.);
#1185=ORIENTED_EDGE('',*,*,#2444,.F.);
#1186=ORIENTED_EDGE('',*,*,#2445,.T.);
#1187=ORIENTED_EDGE('',*,*,#2446,.T.);
#1188=ORIENTED_EDGE('',*,*,#2414,.F.);
#1189=ORIENTED_EDGE('',*,*,#2447,.F.);
#1190=ORIENTED_EDGE('',*,*,#2412,.F.);
#1191=ORIENTED_EDGE('',*,*,#2448,.F.);
#1192=ORIENTED_EDGE('',*,*,#2449,.F.);
#1193=ORIENTED_EDGE('',*,*,#2448,.T.);
#1194=ORIENTED_EDGE('',*,*,#2417,.T.);
#1195=ORIENTED_EDGE('',*,*,#2450,.T.);
#1196=ORIENTED_EDGE('',*,*,#2428,.F.);
#1197=ORIENTED_EDGE('',*,*,#2406,.T.);
#1198=ORIENTED_EDGE('',*,*,#2451,.T.);
#1199=ORIENTED_EDGE('',*,*,#2452,.T.);
#1200=ORIENTED_EDGE('',*,*,#2453,.T.);
#1201=ORIENTED_EDGE('',*,*,#2454,.T.);
#1202=ORIENTED_EDGE('',*,*,#2455,.T.);
#1203=ORIENTED_EDGE('',*,*,#2456,.T.);
#1204=ORIENTED_EDGE('',*,*,#2457,.T.);
#1205=ORIENTED_EDGE('',*,*,#2458,.T.);
#1206=ORIENTED_EDGE('',*,*,#2459,.T.);
#1207=ORIENTED_EDGE('',*,*,#2460,.T.);
#1208=ORIENTED_EDGE('',*,*,#2461,.T.);
#1209=ORIENTED_EDGE('',*,*,#2462,.T.);
#1210=ORIENTED_EDGE('',*,*,#2463,.T.);
#1211=ORIENTED_EDGE('',*,*,#2464,.T.);
#1212=ORIENTED_EDGE('',*,*,#2465,.T.);
#1213=ORIENTED_EDGE('',*,*,#2466,.T.);
#1214=ORIENTED_EDGE('',*,*,#2467,.T.);
#1215=ORIENTED_EDGE('',*,*,#2468,.T.);
#1216=ORIENTED_EDGE('',*,*,#2469,.T.);
#1217=ORIENTED_EDGE('',*,*,#2470,.T.);
#1218=ORIENTED_EDGE('',*,*,#2471,.T.);
#1219=ORIENTED_EDGE('',*,*,#2472,.T.);
#1220=ORIENTED_EDGE('',*,*,#2473,.T.);
#1221=ORIENTED_EDGE('',*,*,#2474,.T.);
#1222=ORIENTED_EDGE('',*,*,#2475,.T.);
#1223=ORIENTED_EDGE('',*,*,#2476,.T.);
#1224=ORIENTED_EDGE('',*,*,#2477,.T.);
#1225=ORIENTED_EDGE('',*,*,#2478,.T.);
#1226=ORIENTED_EDGE('',*,*,#2479,.T.);
#1227=ORIENTED_EDGE('',*,*,#2480,.T.);
#1228=ORIENTED_EDGE('',*,*,#2481,.T.);
#1229=ORIENTED_EDGE('',*,*,#2482,.T.);
#1230=ORIENTED_EDGE('',*,*,#2483,.T.);
#1231=ORIENTED_EDGE('',*,*,#2484,.T.);
#1232=ORIENTED_EDGE('',*,*,#2485,.T.);
#1233=ORIENTED_EDGE('',*,*,#2486,.T.);
#1234=ORIENTED_EDGE('',*,*,#2487,.T.);
#1235=ORIENTED_EDGE('',*,*,#2488,.T.);
#1236=ORIENTED_EDGE('',*,*,#2489,.T.);
#1237=ORIENTED_EDGE('',*,*,#2490,.T.);
#1238=ORIENTED_EDGE('',*,*,#2491,.T.);
#1239=ORIENTED_EDGE('',*,*,#2492,.T.);
#1240=ORIENTED_EDGE('',*,*,#2493,.T.);
#1241=ORIENTED_EDGE('',*,*,#2494,.T.);
#1242=ORIENTED_EDGE('',*,*,#2495,.T.);
#1243=ORIENTED_EDGE('',*,*,#2496,.T.);
#1244=ORIENTED_EDGE('',*,*,#2497,.T.);
#1245=ORIENTED_EDGE('',*,*,#2498,.T.);
#1246=ORIENTED_EDGE('',*,*,#2499,.T.);
#1247=ORIENTED_EDGE('',*,*,#2500,.T.);
#1248=ORIENTED_EDGE('',*,*,#2501,.T.);
#1249=ORIENTED_EDGE('',*,*,#2502,.T.);
#1250=ORIENTED_EDGE('',*,*,#2503,.T.);
#1251=ORIENTED_EDGE('',*,*,#2504,.T.);
#1252=ORIENTED_EDGE('',*,*,#2505,.T.);
#1253=ORIENTED_EDGE('',*,*,#2506,.T.);
#1254=ORIENTED_EDGE('',*,*,#2507,.T.);
#1255=ORIENTED_EDGE('',*,*,#2508,.T.);
#1256=ORIENTED_EDGE('',*,*,#2509,.T.);
#1257=ORIENTED_EDGE('',*,*,#2510,.T.);
#1258=ORIENTED_EDGE('',*,*,#2511,.T.);
#1259=ORIENTED_EDGE('',*,*,#2512,.T.);
#1260=ORIENTED_EDGE('',*,*,#2513,.T.);
#1261=ORIENTED_EDGE('',*,*,#2514,.T.);
#1262=ORIENTED_EDGE('',*,*,#2515,.T.);
#1263=ORIENTED_EDGE('',*,*,#2516,.T.);
#1264=ORIENTED_EDGE('',*,*,#2517,.T.);
#1265=ORIENTED_EDGE('',*,*,#2518,.T.);
#1266=ORIENTED_EDGE('',*,*,#2519,.T.);
#1267=ORIENTED_EDGE('',*,*,#2520,.T.);
#1268=ORIENTED_EDGE('',*,*,#2521,.T.);
#1269=ORIENTED_EDGE('',*,*,#2522,.T.);
#1270=ORIENTED_EDGE('',*,*,#2523,.T.);
#1271=ORIENTED_EDGE('',*,*,#2524,.T.);
#1272=ORIENTED_EDGE('',*,*,#2525,.T.);
#1273=ORIENTED_EDGE('',*,*,#2526,.T.);
#1274=ORIENTED_EDGE('',*,*,#2527,.T.);
#1275=ORIENTED_EDGE('',*,*,#2528,.T.);
#1276=ORIENTED_EDGE('',*,*,#2529,.T.);
#1277=ORIENTED_EDGE('',*,*,#2530,.T.);
#1278=ORIENTED_EDGE('',*,*,#2531,.T.);
#1279=ORIENTED_EDGE('',*,*,#2532,.T.);
#1280=ORIENTED_EDGE('',*,*,#2533,.T.);
#1281=ORIENTED_EDGE('',*,*,#2534,.T.);
#1282=ORIENTED_EDGE('',*,*,#2535,.T.);
#1283=ORIENTED_EDGE('',*,*,#2536,.T.);
#1284=ORIENTED_EDGE('',*,*,#2537,.T.);
#1285=ORIENTED_EDGE('',*,*,#2538,.T.);
#1286=ORIENTED_EDGE('',*,*,#2539,.T.);
#1287=ORIENTED_EDGE('',*,*,#2540,.T.);
#1288=ORIENTED_EDGE('',*,*,#2541,.T.);
#1289=ORIENTED_EDGE('',*,*,#2542,.T.);
#1290=ORIENTED_EDGE('',*,*,#2543,.T.);
#1291=ORIENTED_EDGE('',*,*,#2544,.T.);
#1292=ORIENTED_EDGE('',*,*,#2545,.T.);
#1293=ORIENTED_EDGE('',*,*,#2546,.T.);
#1294=ORIENTED_EDGE('',*,*,#2547,.T.);
#1295=ORIENTED_EDGE('',*,*,#2548,.T.);
#1296=ORIENTED_EDGE('',*,*,#2549,.T.);
#1297=ORIENTED_EDGE('',*,*,#2550,.T.);
#1298=ORIENTED_EDGE('',*,*,#2551,.T.);
#1299=ORIENTED_EDGE('',*,*,#2552,.T.);
#1300=ORIENTED_EDGE('',*,*,#2553,.T.);
#1301=ORIENTED_EDGE('',*,*,#2554,.T.);
#1302=ORIENTED_EDGE('',*,*,#2555,.T.);
#1303=ORIENTED_EDGE('',*,*,#2556,.T.);
#1304=ORIENTED_EDGE('',*,*,#2557,.F.);
#1305=ORIENTED_EDGE('',*,*,#2558,.T.);
#1306=ORIENTED_EDGE('',*,*,#2433,.T.);
#1307=ORIENTED_EDGE('',*,*,#2559,.F.);
#1308=ORIENTED_EDGE('',*,*,#2437,.T.);
#1309=ORIENTED_EDGE('',*,*,#2560,.F.);
#1310=ORIENTED_EDGE('',*,*,#2435,.T.);
#1311=ORIENTED_EDGE('',*,*,#2561,.T.);
#1312=ORIENTED_EDGE('',*,*,#2562,.T.);
#1313=ORIENTED_EDGE('',*,*,#2441,.T.);
#1314=ORIENTED_EDGE('',*,*,#2563,.F.);
#1315=ORIENTED_EDGE('',*,*,#2439,.T.);
#1316=ORIENTED_EDGE('',*,*,#2564,.F.);
#1317=ORIENTED_EDGE('',*,*,#2443,.T.);
#1318=ORIENTED_EDGE('',*,*,#2565,.T.);
#1319=ORIENTED_EDGE('',*,*,#2566,.T.);
#1320=ORIENTED_EDGE('',*,*,#2567,.T.);
#1321=ORIENTED_EDGE('',*,*,#2568,.F.);
#1322=ORIENTED_EDGE('',*,*,#2569,.T.);
#1323=ORIENTED_EDGE('',*,*,#2570,.T.);
#1324=ORIENTED_EDGE('',*,*,#2571,.T.);
#1325=ORIENTED_EDGE('',*,*,#2572,.T.);
#1326=ORIENTED_EDGE('',*,*,#2573,.T.);
#1327=ORIENTED_EDGE('',*,*,#2574,.T.);
#1328=ORIENTED_EDGE('',*,*,#2575,.F.);
#1329=ORIENTED_EDGE('',*,*,#2576,.T.);
#1330=ORIENTED_EDGE('',*,*,#2577,.T.);
#1331=ORIENTED_EDGE('',*,*,#2440,.F.);
#1332=ORIENTED_EDGE('',*,*,#2563,.T.);
#1333=ORIENTED_EDGE('',*,*,#2578,.F.);
#1334=ORIENTED_EDGE('',*,*,#2436,.T.);
#1335=ORIENTED_EDGE('',*,*,#2560,.T.);
#1336=ORIENTED_EDGE('',*,*,#2579,.F.);
#1337=ORIENTED_EDGE('',*,*,#2580,.T.);
#1338=ORIENTED_EDGE('',*,*,#2581,.T.);
#1339=ORIENTED_EDGE('',*,*,#2582,.F.);
#1340=ORIENTED_EDGE('',*,*,#2583,.T.);
#1341=ORIENTED_EDGE('',*,*,#2584,.T.);
#1342=ORIENTED_EDGE('',*,*,#2585,.T.);
#1343=ORIENTED_EDGE('',*,*,#2586,.T.);
#1344=ORIENTED_EDGE('',*,*,#2587,.T.);
#1345=ORIENTED_EDGE('',*,*,#2588,.F.);
#1346=ORIENTED_EDGE('',*,*,#2589,.F.);
#1347=ORIENTED_EDGE('',*,*,#2590,.T.);
#1348=ORIENTED_EDGE('',*,*,#2591,.T.);
#1349=ORIENTED_EDGE('',*,*,#2592,.T.);
#1350=ORIENTED_EDGE('',*,*,#2593,.T.);
#1351=ORIENTED_EDGE('',*,*,#2540,.F.);
#1352=ORIENTED_EDGE('',*,*,#2594,.T.);
#1353=ORIENTED_EDGE('',*,*,#2577,.F.);
#1354=ORIENTED_EDGE('',*,*,#2595,.T.);
#1355=ORIENTED_EDGE('',*,*,#2596,.T.);
#1356=ORIENTED_EDGE('',*,*,#2595,.F.);
#1357=ORIENTED_EDGE('',*,*,#2432,.T.);
#1358=ORIENTED_EDGE('',*,*,#2597,.T.);
#1359=ORIENTED_EDGE('',*,*,#2598,.F.);
#1360=ORIENTED_EDGE('',*,*,#2568,.T.);
#1361=ORIENTED_EDGE('',*,*,#2599,.F.);
#1362=ORIENTED_EDGE('',*,*,#2575,.T.);
#1363=ORIENTED_EDGE('',*,*,#2600,.F.);
#1364=ORIENTED_EDGE('',*,*,#2601,.T.);
#1365=ORIENTED_EDGE('',*,*,#2444,.T.);
#1366=ORIENTED_EDGE('',*,*,#2564,.T.);
#1367=ORIENTED_EDGE('',*,*,#2438,.T.);
#1368=ORIENTED_EDGE('',*,*,#2559,.T.);
#1369=ORIENTED_EDGE('',*,*,#2598,.T.);
#1370=ORIENTED_EDGE('',*,*,#2602,.T.);
#1371=ORIENTED_EDGE('',*,*,#2603,.F.);
#1372=ORIENTED_EDGE('',*,*,#2604,.T.);
#1373=ORIENTED_EDGE('',*,*,#2600,.T.);
#1374=ORIENTED_EDGE('',*,*,#2574,.F.);
#1375=ORIENTED_EDGE('',*,*,#2599,.T.);
#1376=ORIENTED_EDGE('',*,*,#2567,.F.);
#1377=ORIENTED_EDGE('',*,*,#2603,.T.);
#1378=ORIENTED_EDGE('',*,*,#2605,.T.);
#1379=ORIENTED_EDGE('',*,*,#2606,.T.);
#1380=ORIENTED_EDGE('',*,*,#2607,.T.);
#1381=ORIENTED_EDGE('',*,*,#2587,.F.);
#1382=ORIENTED_EDGE('',*,*,#2608,.T.);
#1383=ORIENTED_EDGE('',*,*,#2609,.T.);
#1384=ORIENTED_EDGE('',*,*,#2610,.T.);
#1385=ORIENTED_EDGE('',*,*,#2611,.T.);
#1386=ORIENTED_EDGE('',*,*,#2612,.F.);
#1387=ORIENTED_EDGE('',*,*,#2613,.F.);
#1388=ORIENTED_EDGE('',*,*,#2614,.T.);
#1389=ORIENTED_EDGE('',*,*,#2615,.T.);
#1390=ORIENTED_EDGE('',*,*,#2570,.F.);
#1391=ORIENTED_EDGE('',*,*,#2572,.F.);
#1392=ORIENTED_EDGE('',*,*,#2616,.F.);
#1393=ORIENTED_EDGE('',*,*,#2617,.T.);
#1394=ORIENTED_EDGE('',*,*,#2618,.T.);
#1395=ORIENTED_EDGE('',*,*,#2619,.T.);
#1396=ORIENTED_EDGE('',*,*,#2610,.F.);
#1397=ORIENTED_EDGE('',*,*,#2620,.T.);
#1398=ORIENTED_EDGE('',*,*,#2621,.T.);
#1399=ORIENTED_EDGE('',*,*,#2582,.T.);
#1400=ORIENTED_EDGE('',*,*,#2612,.T.);
#1401=ORIENTED_EDGE('',*,*,#2622,.T.);
#1402=ORIENTED_EDGE('',*,*,#2623,.T.);
#1403=ORIENTED_EDGE('',*,*,#2624,.F.);
#1404=ORIENTED_EDGE('',*,*,#2625,.T.);
#1405=ORIENTED_EDGE('',*,*,#2626,.T.);
#1406=ORIENTED_EDGE('',*,*,#2627,.T.);
#1407=ORIENTED_EDGE('',*,*,#2580,.F.);
#1408=ORIENTED_EDGE('',*,*,#2628,.F.);
#1409=ORIENTED_EDGE('',*,*,#2629,.T.);
#1410=ORIENTED_EDGE('',*,*,#2613,.T.);
#1411=ORIENTED_EDGE('',*,*,#2624,.T.);
#1412=ORIENTED_EDGE('',*,*,#2627,.F.);
#1413=ORIENTED_EDGE('',*,*,#2630,.T.);
#1414=ORIENTED_EDGE('',*,*,#2616,.T.);
#1415=ORIENTED_EDGE('',*,*,#2581,.F.);
#1416=ORIENTED_EDGE('',*,*,#2621,.F.);
#1417=ORIENTED_EDGE('',*,*,#2631,.T.);
#1418=ORIENTED_EDGE('',*,*,#2628,.T.);
#1419=ORIENTED_EDGE('',*,*,#2579,.T.);
#1420=ORIENTED_EDGE('',*,*,#2632,.T.);
#1421=ORIENTED_EDGE('',*,*,#2633,.T.);
#1422=ORIENTED_EDGE('',*,*,#2634,.T.);
#1423=ORIENTED_EDGE('',*,*,#2635,.T.);
#1424=ORIENTED_EDGE('',*,*,#2636,.T.);
#1425=ORIENTED_EDGE('',*,*,#2637,.T.);
#1426=ORIENTED_EDGE('',*,*,#2638,.T.);
#1427=ORIENTED_EDGE('',*,*,#2639,.T.);
#1428=ORIENTED_EDGE('',*,*,#2640,.T.);
#1429=ORIENTED_EDGE('',*,*,#2641,.F.);
#1430=ORIENTED_EDGE('',*,*,#2642,.F.);
#1431=ORIENTED_EDGE('',*,*,#2643,.F.);
#1432=ORIENTED_EDGE('',*,*,#2644,.T.);
#1433=ORIENTED_EDGE('',*,*,#2645,.T.);
#1434=ORIENTED_EDGE('',*,*,#2646,.F.);
#1435=ORIENTED_EDGE('',*,*,#2647,.F.);
#1436=ORIENTED_EDGE('',*,*,#2648,.T.);
#1437=ORIENTED_EDGE('',*,*,#2649,.T.);
#1438=ORIENTED_EDGE('',*,*,#2650,.T.);
#1439=ORIENTED_EDGE('',*,*,#2651,.F.);
#1440=ORIENTED_EDGE('',*,*,#2645,.F.);
#1441=ORIENTED_EDGE('',*,*,#2449,.T.);
#1442=ORIENTED_EDGE('',*,*,#2652,.F.);
#1443=ORIENTED_EDGE('',*,*,#2653,.T.);
#1444=ORIENTED_EDGE('',*,*,#2652,.T.);
#1445=ORIENTED_EDGE('',*,*,#2654,.T.);
#1446=ORIENTED_EDGE('',*,*,#2423,.T.);
#1447=ORIENTED_EDGE('',*,*,#2655,.T.);
#1448=ORIENTED_EDGE('',*,*,#2420,.T.);
#1449=ORIENTED_EDGE('',*,*,#2656,.T.);
#1450=ORIENTED_EDGE('',*,*,#2657,.T.);
#1451=ORIENTED_EDGE('',*,*,#2430,.F.);
#1452=ORIENTED_EDGE('',*,*,#2408,.T.);
#1453=ORIENTED_EDGE('',*,*,#2427,.F.);
#1454=ORIENTED_EDGE('',*,*,#2415,.T.);
#1455=ORIENTED_EDGE('',*,*,#2446,.F.);
#1456=ORIENTED_EDGE('',*,*,#2658,.T.);
#1457=ORIENTED_EDGE('',*,*,#2422,.F.);
#1458=ORIENTED_EDGE('',*,*,#2654,.F.);
#1459=ORIENTED_EDGE('',*,*,#2659,.T.);
#1460=ORIENTED_EDGE('',*,*,#2660,.T.);
#1461=ORIENTED_EDGE('',*,*,#2661,.T.);
#1462=ORIENTED_EDGE('',*,*,#2656,.F.);
#1463=ORIENTED_EDGE('',*,*,#2419,.F.);
#1464=ORIENTED_EDGE('',*,*,#2655,.F.);
#1465=ORIENTED_EDGE('',*,*,#2425,.F.);
#1466=ORIENTED_EDGE('',*,*,#2410,.F.);
#1467=ORIENTED_EDGE('',*,*,#2662,.T.);
#1468=ORIENTED_EDGE('',*,*,#2663,.T.);
#1469=ORIENTED_EDGE('',*,*,#2660,.F.);
#1470=ORIENTED_EDGE('',*,*,#2664,.T.);
#1471=ORIENTED_EDGE('',*,*,#2665,.T.);
#1472=ORIENTED_EDGE('',*,*,#2666,.T.);
#1473=ORIENTED_EDGE('',*,*,#2641,.T.);
#1474=ORIENTED_EDGE('',*,*,#2667,.T.);
#1475=ORIENTED_EDGE('',*,*,#2668,.T.);
#1476=ORIENTED_EDGE('',*,*,#2669,.T.);
#1477=ORIENTED_EDGE('',*,*,#2670,.T.);
#1478=ORIENTED_EDGE('',*,*,#2671,.F.);
#1479=ORIENTED_EDGE('',*,*,#2672,.F.);
#1480=ORIENTED_EDGE('',*,*,#2673,.F.);
#1481=ORIENTED_EDGE('',*,*,#2674,.T.);
#1482=ORIENTED_EDGE('',*,*,#2675,.T.);
#1483=ORIENTED_EDGE('',*,*,#2642,.T.);
#1484=ORIENTED_EDGE('',*,*,#2666,.F.);
#1485=ORIENTED_EDGE('',*,*,#2676,.T.);
#1486=ORIENTED_EDGE('',*,*,#2677,.T.);
#1487=ORIENTED_EDGE('',*,*,#2637,.F.);
#1488=ORIENTED_EDGE('',*,*,#2678,.T.);
#1489=ORIENTED_EDGE('',*,*,#2679,.T.);
#1490=ORIENTED_EDGE('',*,*,#2676,.F.);
#1491=ORIENTED_EDGE('',*,*,#2665,.F.);
#1492=ORIENTED_EDGE('',*,*,#2680,.T.);
#1493=ORIENTED_EDGE('',*,*,#2681,.T.);
#1494=ORIENTED_EDGE('',*,*,#2647,.T.);
#1495=ORIENTED_EDGE('',*,*,#2682,.F.);
#1496=ORIENTED_EDGE('',*,*,#2636,.F.);
#1497=ORIENTED_EDGE('',*,*,#2683,.T.);
#1498=ORIENTED_EDGE('',*,*,#2684,.T.);
#1499=ORIENTED_EDGE('',*,*,#2682,.T.);
#1500=ORIENTED_EDGE('',*,*,#2646,.T.);
#1501=ORIENTED_EDGE('',*,*,#2651,.T.);
#1502=ORIENTED_EDGE('',*,*,#2685,.T.);
#1503=ORIENTED_EDGE('',*,*,#2673,.T.);
#1504=ORIENTED_EDGE('',*,*,#2686,.T.);
#1505=ORIENTED_EDGE('',*,*,#2687,.T.);
#1506=ORIENTED_EDGE('',*,*,#2643,.T.);
#1507=ORIENTED_EDGE('',*,*,#2675,.F.);
#1508=ORIENTED_EDGE('',*,*,#2688,.T.);
#1509=ORIENTED_EDGE('',*,*,#2649,.F.);
#1510=ORIENTED_EDGE('',*,*,#2648,.F.);
#1511=ORIENTED_EDGE('',*,*,#2681,.F.);
#1512=ORIENTED_EDGE('',*,*,#2689,.T.);
#1513=ORIENTED_EDGE('',*,*,#2690,.F.);
#1514=ORIENTED_EDGE('',*,*,#2691,.F.);
#1515=ORIENTED_EDGE('',*,*,#2692,.T.);
#1516=ORIENTED_EDGE('',*,*,#2693,.T.);
#1517=ORIENTED_EDGE('',*,*,#2694,.T.);
#1518=ORIENTED_EDGE('',*,*,#2695,.F.);
#1519=ORIENTED_EDGE('',*,*,#2689,.F.);
#1520=ORIENTED_EDGE('',*,*,#2578,.T.);
#1521=ORIENTED_EDGE('',*,*,#2696,.F.);
#1522=ORIENTED_EDGE('',*,*,#2697,.T.);
#1523=ORIENTED_EDGE('',*,*,#2696,.T.);
#1524=ORIENTED_EDGE('',*,*,#2698,.F.);
#1525=ORIENTED_EDGE('',*,*,#2699,.T.);
#1526=ORIENTED_EDGE('',*,*,#2700,.T.);
#1527=ORIENTED_EDGE('',*,*,#2588,.T.);
#1528=ORIENTED_EDGE('',*,*,#2607,.F.);
#1529=ORIENTED_EDGE('',*,*,#2701,.T.);
#1530=ORIENTED_EDGE('',*,*,#2702,.T.);
#1531=ORIENTED_EDGE('',*,*,#2592,.F.);
#1532=ORIENTED_EDGE('',*,*,#2703,.T.);
#1533=ORIENTED_EDGE('',*,*,#2704,.T.);
#1534=ORIENTED_EDGE('',*,*,#2701,.F.);
#1535=ORIENTED_EDGE('',*,*,#2606,.F.);
#1536=ORIENTED_EDGE('',*,*,#2705,.T.);
#1537=ORIENTED_EDGE('',*,*,#2706,.T.);
#1538=ORIENTED_EDGE('',*,*,#2691,.T.);
#1539=ORIENTED_EDGE('',*,*,#2707,.F.);
#1540=ORIENTED_EDGE('',*,*,#2708,.T.);
#1541=ORIENTED_EDGE('',*,*,#2709,.T.);
#1542=ORIENTED_EDGE('',*,*,#2707,.T.);
#1543=ORIENTED_EDGE('',*,*,#2690,.T.);
#1544=ORIENTED_EDGE('',*,*,#2695,.T.);
#1545=ORIENTED_EDGE('',*,*,#2710,.T.);
#1546=ORIENTED_EDGE('',*,*,#2698,.T.);
#1547=ORIENTED_EDGE('',*,*,#2591,.F.);
#1548=ORIENTED_EDGE('',*,*,#2706,.F.);
#1549=ORIENTED_EDGE('',*,*,#2711,.T.);
#1550=ORIENTED_EDGE('',*,*,#2712,.T.);
#1551=ORIENTED_EDGE('',*,*,#2589,.T.);
#1552=ORIENTED_EDGE('',*,*,#2700,.F.);
#1553=ORIENTED_EDGE('',*,*,#2713,.T.);
#1554=ORIENTED_EDGE('',*,*,#2693,.F.);
#1555=ORIENTED_EDGE('',*,*,#2692,.F.);
#1556=ORIENTED_EDGE('',*,*,#2714,.F.);
#1557=ORIENTED_EDGE('',*,*,#2715,.T.);
#1558=ORIENTED_EDGE('',*,*,#2716,.T.);
#1559=ORIENTED_EDGE('',*,*,#2717,.F.);
#1560=ORIENTED_EDGE('',*,*,#2450,.F.);
#1561=ORIENTED_EDGE('',*,*,#2718,.T.);
#1562=ORIENTED_EDGE('',*,*,#2719,.T.);
#1563=ORIENTED_EDGE('',*,*,#2718,.F.);
#1564=ORIENTED_EDGE('',*,*,#2720,.F.);
#1565=ORIENTED_EDGE('',*,*,#2721,.T.);
#1566=ORIENTED_EDGE('',*,*,#2722,.T.);
#1567=ORIENTED_EDGE('',*,*,#2723,.T.);
#1568=ORIENTED_EDGE('',*,*,#2669,.F.);
#1569=ORIENTED_EDGE('',*,*,#2724,.T.);
#1570=ORIENTED_EDGE('',*,*,#2725,.T.);
#1571=ORIENTED_EDGE('',*,*,#2717,.T.);
#1572=ORIENTED_EDGE('',*,*,#2671,.T.);
#1573=ORIENTED_EDGE('',*,*,#2726,.T.);
#1574=ORIENTED_EDGE('',*,*,#2398,.T.);
#1575=ORIENTED_EDGE('',*,*,#2727,.F.);
#1576=ORIENTED_EDGE('',*,*,#2402,.T.);
#1577=ORIENTED_EDGE('',*,*,#2728,.T.);
#1578=ORIENTED_EDGE('',*,*,#2729,.T.);
#1579=ORIENTED_EDGE('',*,*,#2715,.F.);
#1580=ORIENTED_EDGE('',*,*,#2730,.F.);
#1581=ORIENTED_EDGE('',*,*,#2731,.T.);
#1582=ORIENTED_EDGE('',*,*,#2672,.T.);
#1583=ORIENTED_EDGE('',*,*,#2727,.T.);
#1584=ORIENTED_EDGE('',*,*,#2729,.F.);
#1585=ORIENTED_EDGE('',*,*,#2732,.T.);
#1586=ORIENTED_EDGE('',*,*,#2720,.T.);
#1587=ORIENTED_EDGE('',*,*,#2716,.F.);
#1588=ORIENTED_EDGE('',*,*,#2725,.F.);
#1589=ORIENTED_EDGE('',*,*,#2733,.T.);
#1590=ORIENTED_EDGE('',*,*,#2730,.T.);
#1591=ORIENTED_EDGE('',*,*,#2714,.T.);
#1592=ORIENTED_EDGE('',*,*,#2434,.T.);
#1593=ORIENTED_EDGE('',*,*,#2561,.F.);
#1594=ORIENTED_EDGE('',*,*,#2442,.T.);
#1595=ORIENTED_EDGE('',*,*,#2565,.F.);
#1596=ORIENTED_EDGE('',*,*,#2576,.F.);
#1597=ORIENTED_EDGE('',*,*,#2734,.F.);
#1598=ORIENTED_EDGE('',*,*,#2734,.T.);
#1599=ORIENTED_EDGE('',*,*,#2735,.T.);
#1600=ORIENTED_EDGE('',*,*,#2736,.T.);
#1601=ORIENTED_EDGE('',*,*,#2555,.F.);
#1602=ORIENTED_EDGE('',*,*,#2573,.F.);
#1603=ORIENTED_EDGE('',*,*,#2737,.F.);
#1604=ORIENTED_EDGE('',*,*,#2737,.T.);
#1605=ORIENTED_EDGE('',*,*,#2534,.F.);
#1606=ORIENTED_EDGE('',*,*,#2571,.F.);
#1607=ORIENTED_EDGE('',*,*,#2738,.F.);
#1608=ORIENTED_EDGE('',*,*,#2738,.T.);
#1609=ORIENTED_EDGE('',*,*,#2537,.F.);
#1610=ORIENTED_EDGE('',*,*,#2569,.F.);
#1611=ORIENTED_EDGE('',*,*,#2739,.F.);
#1612=ORIENTED_EDGE('',*,*,#2739,.T.);
#1613=ORIENTED_EDGE('',*,*,#2536,.F.);
#1614=ORIENTED_EDGE('',*,*,#2566,.F.);
#1615=ORIENTED_EDGE('',*,*,#2740,.F.);
#1616=ORIENTED_EDGE('',*,*,#2740,.T.);
#1617=ORIENTED_EDGE('',*,*,#2533,.F.);
#1618=ORIENTED_EDGE('',*,*,#2562,.F.);
#1619=ORIENTED_EDGE('',*,*,#2741,.F.);
#1620=ORIENTED_EDGE('',*,*,#2741,.T.);
#1621=ORIENTED_EDGE('',*,*,#2535,.F.);
#1622=ORIENTED_EDGE('',*,*,#2742,.T.);
#1623=ORIENTED_EDGE('',*,*,#2743,.T.);
#1624=ORIENTED_EDGE('',*,*,#2744,.T.);
#1625=ORIENTED_EDGE('',*,*,#2745,.T.);
#1626=ORIENTED_EDGE('',*,*,#2746,.T.);
#1627=ORIENTED_EDGE('',*,*,#2747,.T.);
#1628=ORIENTED_EDGE('',*,*,#2748,.T.);
#1629=ORIENTED_EDGE('',*,*,#2749,.T.);
#1630=ORIENTED_EDGE('',*,*,#2750,.T.);
#1631=ORIENTED_EDGE('',*,*,#2751,.T.);
#1632=ORIENTED_EDGE('',*,*,#2708,.F.);
#1633=ORIENTED_EDGE('',*,*,#2590,.F.);
#1634=ORIENTED_EDGE('',*,*,#2712,.F.);
#1635=ORIENTED_EDGE('',*,*,#2752,.T.);
#1636=ORIENTED_EDGE('',*,*,#2753,.T.);
#1637=ORIENTED_EDGE('',*,*,#2754,.T.);
#1638=ORIENTED_EDGE('',*,*,#2755,.T.);
#1639=ORIENTED_EDGE('',*,*,#2756,.T.);
#1640=ORIENTED_EDGE('',*,*,#2757,.T.);
#1641=ORIENTED_EDGE('',*,*,#2758,.T.);
#1642=ORIENTED_EDGE('',*,*,#2759,.F.);
#1643=ORIENTED_EDGE('',*,*,#2760,.F.);
#1644=ORIENTED_EDGE('',*,*,#2761,.T.);
#1645=ORIENTED_EDGE('',*,*,#2762,.T.);
#1646=ORIENTED_EDGE('',*,*,#2763,.T.);
#1647=ORIENTED_EDGE('',*,*,#2759,.T.);
#1648=ORIENTED_EDGE('',*,*,#2764,.F.);
#1649=ORIENTED_EDGE('',*,*,#2765,.T.);
#1650=ORIENTED_EDGE('',*,*,#2766,.T.);
#1651=ORIENTED_EDGE('',*,*,#2757,.F.);
#1652=ORIENTED_EDGE('',*,*,#2767,.F.);
#1653=ORIENTED_EDGE('',*,*,#2763,.F.);
#1654=ORIENTED_EDGE('',*,*,#2768,.T.);
#1655=ORIENTED_EDGE('',*,*,#2764,.T.);
#1656=ORIENTED_EDGE('',*,*,#2760,.T.);
#1657=ORIENTED_EDGE('',*,*,#2769,.F.);
#1658=ORIENTED_EDGE('',*,*,#2770,.T.);
#1659=ORIENTED_EDGE('',*,*,#2771,.T.);
#1660=ORIENTED_EDGE('',*,*,#2772,.F.);
#1661=ORIENTED_EDGE('',*,*,#2772,.T.);
#1662=ORIENTED_EDGE('',*,*,#2773,.T.);
#1663=ORIENTED_EDGE('',*,*,#2774,.F.);
#1664=ORIENTED_EDGE('',*,*,#2775,.F.);
#1665=ORIENTED_EDGE('',*,*,#2776,.T.);
#1666=ORIENTED_EDGE('',*,*,#2777,.T.);
#1667=ORIENTED_EDGE('',*,*,#2778,.T.);
#1668=ORIENTED_EDGE('',*,*,#2774,.T.);
#1669=ORIENTED_EDGE('',*,*,#2778,.F.);
#1670=ORIENTED_EDGE('',*,*,#2779,.T.);
#1671=ORIENTED_EDGE('',*,*,#2769,.T.);
#1672=ORIENTED_EDGE('',*,*,#2775,.T.);
#1673=ORIENTED_EDGE('',*,*,#2780,.F.);
#1674=ORIENTED_EDGE('',*,*,#2781,.F.);
#1675=ORIENTED_EDGE('',*,*,#2782,.T.);
#1676=ORIENTED_EDGE('',*,*,#2783,.T.);
#1677=ORIENTED_EDGE('',*,*,#2784,.F.);
#1678=ORIENTED_EDGE('',*,*,#2784,.T.);
#1679=ORIENTED_EDGE('',*,*,#2785,.T.);
#1680=ORIENTED_EDGE('',*,*,#2786,.F.);
#1681=ORIENTED_EDGE('',*,*,#2787,.F.);
#1682=ORIENTED_EDGE('',*,*,#2788,.T.);
#1683=ORIENTED_EDGE('',*,*,#2789,.T.);
#1684=ORIENTED_EDGE('',*,*,#2790,.T.);
#1685=ORIENTED_EDGE('',*,*,#2786,.T.);
#1686=ORIENTED_EDGE('',*,*,#2790,.F.);
#1687=ORIENTED_EDGE('',*,*,#2791,.T.);
#1688=ORIENTED_EDGE('',*,*,#2792,.T.);
#1689=ORIENTED_EDGE('',*,*,#2781,.T.);
#1690=ORIENTED_EDGE('',*,*,#2787,.T.);
#1691=ORIENTED_EDGE('',*,*,#2793,.F.);
#1692=ORIENTED_EDGE('',*,*,#2794,.F.);
#1693=ORIENTED_EDGE('',*,*,#2795,.T.);
#1694=ORIENTED_EDGE('',*,*,#2796,.T.);
#1695=ORIENTED_EDGE('',*,*,#2797,.F.);
#1696=ORIENTED_EDGE('',*,*,#2797,.T.);
#1697=ORIENTED_EDGE('',*,*,#2798,.T.);
#1698=ORIENTED_EDGE('',*,*,#2799,.F.);
#1699=ORIENTED_EDGE('',*,*,#2800,.F.);
#1700=ORIENTED_EDGE('',*,*,#2801,.T.);
#1701=ORIENTED_EDGE('',*,*,#2802,.T.);
#1702=ORIENTED_EDGE('',*,*,#2803,.T.);
#1703=ORIENTED_EDGE('',*,*,#2799,.T.);
#1704=ORIENTED_EDGE('',*,*,#2804,.T.);
#1705=ORIENTED_EDGE('',*,*,#2805,.T.);
#1706=ORIENTED_EDGE('',*,*,#2794,.T.);
#1707=ORIENTED_EDGE('',*,*,#2800,.T.);
#1708=ORIENTED_EDGE('',*,*,#2803,.F.);
#1709=ORIENTED_EDGE('',*,*,#2806,.F.);
#1710=ORIENTED_EDGE('',*,*,#2807,.F.);
#1711=ORIENTED_EDGE('',*,*,#2808,.T.);
#1712=ORIENTED_EDGE('',*,*,#2809,.T.);
#1713=ORIENTED_EDGE('',*,*,#2810,.F.);
#1714=ORIENTED_EDGE('',*,*,#2810,.T.);
#1715=ORIENTED_EDGE('',*,*,#2811,.T.);
#1716=ORIENTED_EDGE('',*,*,#2812,.F.);
#1717=ORIENTED_EDGE('',*,*,#2813,.F.);
#1718=ORIENTED_EDGE('',*,*,#2814,.T.);
#1719=ORIENTED_EDGE('',*,*,#2815,.T.);
#1720=ORIENTED_EDGE('',*,*,#2816,.T.);
#1721=ORIENTED_EDGE('',*,*,#2812,.T.);
#1722=ORIENTED_EDGE('',*,*,#2816,.F.);
#1723=ORIENTED_EDGE('',*,*,#2817,.T.);
#1724=ORIENTED_EDGE('',*,*,#2818,.T.);
#1725=ORIENTED_EDGE('',*,*,#2807,.T.);
#1726=ORIENTED_EDGE('',*,*,#2813,.T.);
#1727=ORIENTED_EDGE('',*,*,#2819,.F.);
#1728=ORIENTED_EDGE('',*,*,#2820,.T.);
#1729=ORIENTED_EDGE('',*,*,#2821,.T.);
#1730=ORIENTED_EDGE('',*,*,#2822,.F.);
#1731=ORIENTED_EDGE('',*,*,#2823,.F.);
#1732=ORIENTED_EDGE('',*,*,#2824,.T.);
#1733=ORIENTED_EDGE('',*,*,#2825,.T.);
#1734=ORIENTED_EDGE('',*,*,#2826,.T.);
#1735=ORIENTED_EDGE('',*,*,#2822,.T.);
#1736=ORIENTED_EDGE('',*,*,#2827,.F.);
#1737=ORIENTED_EDGE('',*,*,#2828,.T.);
#1738=ORIENTED_EDGE('',*,*,#2829,.T.);
#1739=ORIENTED_EDGE('',*,*,#2820,.F.);
#1740=ORIENTED_EDGE('',*,*,#2830,.F.);
#1741=ORIENTED_EDGE('',*,*,#2831,.T.);
#1742=ORIENTED_EDGE('',*,*,#2832,.T.);
#1743=ORIENTED_EDGE('',*,*,#2827,.T.);
#1744=ORIENTED_EDGE('',*,*,#2823,.T.);
#1745=ORIENTED_EDGE('',*,*,#2826,.F.);
#1746=ORIENTED_EDGE('',*,*,#2830,.T.);
#1747=ORIENTED_EDGE('',*,*,#2833,.F.);
#1748=ORIENTED_EDGE('',*,*,#2833,.T.);
#1749=ORIENTED_EDGE('',*,*,#2806,.T.);
#1750=ORIENTED_EDGE('',*,*,#2834,.F.);
#1751=ORIENTED_EDGE('',*,*,#2834,.T.);
#1752=ORIENTED_EDGE('',*,*,#2780,.T.);
#1753=ORIENTED_EDGE('',*,*,#2835,.F.);
#1754=ORIENTED_EDGE('',*,*,#2835,.T.);
#1755=ORIENTED_EDGE('',*,*,#2767,.T.);
#1756=ORIENTED_EDGE('',*,*,#2836,.F.);
#1757=ORIENTED_EDGE('',*,*,#2836,.T.);
#1758=ORIENTED_EDGE('',*,*,#2837,.F.);
#1759=ORIENTED_EDGE('',*,*,#2837,.T.);
#1760=ORIENTED_EDGE('',*,*,#2633,.F.);
#1761=ORIENTED_EDGE('',*,*,#2838,.F.);
#1762=ORIENTED_EDGE('',*,*,#2838,.T.);
#1763=ORIENTED_EDGE('',*,*,#2632,.F.);
#1764=ORIENTED_EDGE('',*,*,#2839,.F.);
#1765=ORIENTED_EDGE('',*,*,#2839,.T.);
#1766=ORIENTED_EDGE('',*,*,#2584,.F.);
#1767=ORIENTED_EDGE('',*,*,#2840,.F.);
#1768=ORIENTED_EDGE('',*,*,#2840,.T.);
#1769=ORIENTED_EDGE('',*,*,#2583,.F.);
#1770=ORIENTED_EDGE('',*,*,#2819,.T.);
#1771=ORIENTED_EDGE('',*,*,#2841,.F.);
#1772=ORIENTED_EDGE('',*,*,#2841,.T.);
#1773=ORIENTED_EDGE('',*,*,#2793,.T.);
#1774=ORIENTED_EDGE('',*,*,#2842,.F.);
#1775=ORIENTED_EDGE('',*,*,#2842,.T.);
#1776=ORIENTED_EDGE('',*,*,#2843,.F.);
#1777=ORIENTED_EDGE('',*,*,#2620,.F.);
#1778=ORIENTED_EDGE('',*,*,#2844,.F.);
#1779=ORIENTED_EDGE('',*,*,#2468,.F.);
#1780=ORIENTED_EDGE('',*,*,#2608,.F.);
#1781=ORIENTED_EDGE('',*,*,#2586,.F.);
#1782=ORIENTED_EDGE('',*,*,#2845,.F.);
#1783=ORIENTED_EDGE('',*,*,#2747,.F.);
#1784=ORIENTED_EDGE('',*,*,#2846,.F.);
#1785=ORIENTED_EDGE('',*,*,#2844,.T.);
#1786=ORIENTED_EDGE('',*,*,#2609,.F.);
#1787=ORIENTED_EDGE('',*,*,#2847,.F.);
#1788=ORIENTED_EDGE('',*,*,#2469,.F.);
#1789=ORIENTED_EDGE('',*,*,#2843,.T.);
#1790=ORIENTED_EDGE('',*,*,#2467,.F.);
#1791=ORIENTED_EDGE('',*,*,#2848,.F.);
#1792=ORIENTED_EDGE('',*,*,#2631,.F.);
#1793=ORIENTED_EDGE('',*,*,#2845,.T.);
#1794=ORIENTED_EDGE('',*,*,#2585,.F.);
#1795=ORIENTED_EDGE('',*,*,#2849,.F.);
#1796=ORIENTED_EDGE('',*,*,#2748,.F.);
#1797=ORIENTED_EDGE('',*,*,#2847,.T.);
#1798=ORIENTED_EDGE('',*,*,#2846,.T.);
#1799=ORIENTED_EDGE('',*,*,#2850,.F.);
#1800=ORIENTED_EDGE('',*,*,#2848,.T.);
#1801=ORIENTED_EDGE('',*,*,#2466,.F.);
#1802=ORIENTED_EDGE('',*,*,#2851,.F.);
#1803=ORIENTED_EDGE('',*,*,#2614,.F.);
#1804=ORIENTED_EDGE('',*,*,#2629,.F.);
#1805=ORIENTED_EDGE('',*,*,#2594,.F.);
#1806=ORIENTED_EDGE('',*,*,#2539,.F.);
#1807=ORIENTED_EDGE('',*,*,#2852,.F.);
#1808=ORIENTED_EDGE('',*,*,#2749,.F.);
#1809=ORIENTED_EDGE('',*,*,#2849,.T.);
#1810=ORIENTED_EDGE('',*,*,#2850,.T.);
#1811=ORIENTED_EDGE('',*,*,#2746,.F.);
#1812=ORIENTED_EDGE('',*,*,#2853,.F.);
#1813=ORIENTED_EDGE('',*,*,#2470,.F.);
#1814=ORIENTED_EDGE('',*,*,#2851,.T.);
#1815=ORIENTED_EDGE('',*,*,#2465,.F.);
#1816=ORIENTED_EDGE('',*,*,#2854,.F.);
#1817=ORIENTED_EDGE('',*,*,#2604,.F.);
#1818=ORIENTED_EDGE('',*,*,#2615,.F.);
#1819=ORIENTED_EDGE('',*,*,#2853,.T.);
#1820=ORIENTED_EDGE('',*,*,#2852,.T.);
#1821=ORIENTED_EDGE('',*,*,#2855,.F.);
#1822=ORIENTED_EDGE('',*,*,#2854,.T.);
#1823=ORIENTED_EDGE('',*,*,#2464,.F.);
#1824=ORIENTED_EDGE('',*,*,#2856,.F.);
#1825=ORIENTED_EDGE('',*,*,#2601,.F.);
#1826=ORIENTED_EDGE('',*,*,#2855,.T.);
#1827=ORIENTED_EDGE('',*,*,#2538,.F.);
#1828=ORIENTED_EDGE('',*,*,#2857,.F.);
#1829=ORIENTED_EDGE('',*,*,#2471,.F.);
#1830=ORIENTED_EDGE('',*,*,#2856,.T.);
#1831=ORIENTED_EDGE('',*,*,#2463,.F.);
#1832=ORIENTED_EDGE('',*,*,#2858,.F.);
#1833=ORIENTED_EDGE('',*,*,#2445,.F.);
#1834=ORIENTED_EDGE('',*,*,#2859,.F.);
#1835=ORIENTED_EDGE('',*,*,#2618,.F.);
#1836=ORIENTED_EDGE('',*,*,#2860,.F.);
#1837=ORIENTED_EDGE('',*,*,#2558,.F.);
#1838=ORIENTED_EDGE('',*,*,#2611,.F.);
#1839=ORIENTED_EDGE('',*,*,#2619,.F.);
#1840=ORIENTED_EDGE('',*,*,#2861,.F.);
#1841=ORIENTED_EDGE('',*,*,#2622,.F.);
#1842=ORIENTED_EDGE('',*,*,#2857,.T.);
#1843=ORIENTED_EDGE('',*,*,#2860,.T.);
#1844=ORIENTED_EDGE('',*,*,#2862,.F.);
#1845=ORIENTED_EDGE('',*,*,#2858,.T.);
#1846=ORIENTED_EDGE('',*,*,#2462,.F.);
#1847=ORIENTED_EDGE('',*,*,#2863,.F.);
#1848=ORIENTED_EDGE('',*,*,#2658,.F.);
#1849=ORIENTED_EDGE('',*,*,#2859,.T.);
#1850=ORIENTED_EDGE('',*,*,#2557,.T.);
#1851=ORIENTED_EDGE('',*,*,#2864,.F.);
#1852=ORIENTED_EDGE('',*,*,#2861,.T.);
#1853=ORIENTED_EDGE('',*,*,#2862,.T.);
#1854=ORIENTED_EDGE('',*,*,#2617,.F.);
#1855=ORIENTED_EDGE('',*,*,#2865,.F.);
#1856=ORIENTED_EDGE('',*,*,#2472,.F.);
#1857=ORIENTED_EDGE('',*,*,#2863,.T.);
#1858=ORIENTED_EDGE('',*,*,#2461,.F.);
#1859=ORIENTED_EDGE('',*,*,#2866,.F.);
#1860=ORIENTED_EDGE('',*,*,#2659,.F.);
#1861=ORIENTED_EDGE('',*,*,#2867,.F.);
#1862=ORIENTED_EDGE('',*,*,#2431,.F.);
#1863=ORIENTED_EDGE('',*,*,#2868,.F.);
#1864=ORIENTED_EDGE('',*,*,#2493,.F.);
#1865=ORIENTED_EDGE('',*,*,#2556,.F.);
#1866=ORIENTED_EDGE('',*,*,#2736,.F.);
#1867=ORIENTED_EDGE('',*,*,#2869,.F.);
#1868=ORIENTED_EDGE('',*,*,#2623,.F.);
#1869=ORIENTED_EDGE('',*,*,#2864,.T.);
#1870=ORIENTED_EDGE('',*,*,#2865,.T.);
#1871=ORIENTED_EDGE('',*,*,#2630,.F.);
#1872=ORIENTED_EDGE('',*,*,#2870,.F.);
#1873=ORIENTED_EDGE('',*,*,#2473,.F.);
#1874=ORIENTED_EDGE('',*,*,#2866,.T.);
#1875=ORIENTED_EDGE('',*,*,#2460,.F.);
#1876=ORIENTED_EDGE('',*,*,#2871,.F.);
#1877=ORIENTED_EDGE('',*,*,#2664,.F.);
#1878=ORIENTED_EDGE('',*,*,#2868,.T.);
#1879=ORIENTED_EDGE('',*,*,#2657,.F.);
#1880=ORIENTED_EDGE('',*,*,#2872,.F.);
#1881=ORIENTED_EDGE('',*,*,#2494,.F.);
#1882=ORIENTED_EDGE('',*,*,#2867,.T.);
#1883=ORIENTED_EDGE('',*,*,#2492,.F.);
#1884=ORIENTED_EDGE('',*,*,#2873,.F.);
#1885=ORIENTED_EDGE('',*,*,#2597,.F.);
#1886=ORIENTED_EDGE('',*,*,#2735,.F.);
#1887=ORIENTED_EDGE('',*,*,#2554,.F.);
#1888=ORIENTED_EDGE('',*,*,#2874,.F.);
#1889=ORIENTED_EDGE('',*,*,#2625,.F.);
#1890=ORIENTED_EDGE('',*,*,#2869,.T.);
#1891=ORIENTED_EDGE('',*,*,#2870,.T.);
#1892=ORIENTED_EDGE('',*,*,#2626,.F.);
#1893=ORIENTED_EDGE('',*,*,#2875,.F.);
#1894=ORIENTED_EDGE('',*,*,#2474,.F.);
#1895=ORIENTED_EDGE('',*,*,#2871,.T.);
#1896=ORIENTED_EDGE('',*,*,#2459,.F.);
#1897=ORIENTED_EDGE('',*,*,#2876,.F.);
#1898=ORIENTED_EDGE('',*,*,#2680,.F.);
#1899=ORIENTED_EDGE('',*,*,#2661,.F.);
#1900=ORIENTED_EDGE('',*,*,#2663,.F.);
#1901=ORIENTED_EDGE('',*,*,#2877,.F.);
#1902=ORIENTED_EDGE('',*,*,#2495,.F.);
#1903=ORIENTED_EDGE('',*,*,#2872,.T.);
#1904=ORIENTED_EDGE('',*,*,#2873,.T.);
#1905=ORIENTED_EDGE('',*,*,#2491,.F.);
#1906=ORIENTED_EDGE('',*,*,#2878,.F.);
#1907=ORIENTED_EDGE('',*,*,#2602,.F.);
#1908=ORIENTED_EDGE('',*,*,#2879,.F.);
#1909=ORIENTED_EDGE('',*,*,#2551,.F.);
#1910=ORIENTED_EDGE('',*,*,#2880,.F.);
#1911=ORIENTED_EDGE('',*,*,#2795,.F.);
#1912=ORIENTED_EDGE('',*,*,#2875,.T.);
#1913=ORIENTED_EDGE('',*,*,#2874,.T.);
#1914=ORIENTED_EDGE('',*,*,#2881,.F.);
#1915=ORIENTED_EDGE('',*,*,#2876,.T.);
#1916=ORIENTED_EDGE('',*,*,#2458,.F.);
#1917=ORIENTED_EDGE('',*,*,#2882,.F.);
#1918=ORIENTED_EDGE('',*,*,#2686,.F.);
#1919=ORIENTED_EDGE('',*,*,#2644,.F.);
#1920=ORIENTED_EDGE('',*,*,#2687,.F.);
#1921=ORIENTED_EDGE('',*,*,#2883,.F.);
#1922=ORIENTED_EDGE('',*,*,#2753,.F.);
#1923=ORIENTED_EDGE('',*,*,#2884,.F.);
#1924=ORIENTED_EDGE('',*,*,#2662,.F.);
#1925=ORIENTED_EDGE('',*,*,#2731,.F.);
#1926=ORIENTED_EDGE('',*,*,#2885,.F.);
#1927=ORIENTED_EDGE('',*,*,#2496,.F.);
#1928=ORIENTED_EDGE('',*,*,#2877,.T.);
#1929=ORIENTED_EDGE('',*,*,#2878,.T.);
#1930=ORIENTED_EDGE('',*,*,#2490,.F.);
#1931=ORIENTED_EDGE('',*,*,#2886,.F.);
#1932=ORIENTED_EDGE('',*,*,#2605,.F.);
#1933=ORIENTED_EDGE('',*,*,#2887,.F.);
#1934=ORIENTED_EDGE('',*,*,#2550,.F.);
#1935=ORIENTED_EDGE('',*,*,#2888,.F.);
#1936=ORIENTED_EDGE('',*,*,#2505,.F.);
#1937=ORIENTED_EDGE('',*,*,#2880,.T.);
#1938=ORIENTED_EDGE('',*,*,#2887,.T.);
#1939=ORIENTED_EDGE('',*,*,#2889,.F.);
#1940=ORIENTED_EDGE('',*,*,#2879,.T.);
#1941=ORIENTED_EDGE('',*,*,#2805,.F.);
#1942=ORIENTED_EDGE('',*,*,#2890,.F.);
#1943=ORIENTED_EDGE('',*,*,#2552,.F.);
#1944=ORIENTED_EDGE('',*,*,#2881,.T.);
#1945=ORIENTED_EDGE('',*,*,#2553,.F.);
#1946=ORIENTED_EDGE('',*,*,#2891,.F.);
#1947=ORIENTED_EDGE('',*,*,#2475,.F.);
#1948=ORIENTED_EDGE('',*,*,#2883,.T.);
#1949=ORIENTED_EDGE('',*,*,#2882,.T.);
#1950=ORIENTED_EDGE('',*,*,#2892,.F.);
#1951=ORIENTED_EDGE('',*,*,#2884,.T.);
#1952=ORIENTED_EDGE('',*,*,#2756,.F.);
#1953=ORIENTED_EDGE('',*,*,#2893,.F.);
#1954=ORIENTED_EDGE('',*,*,#2634,.F.);
#1955=ORIENTED_EDGE('',*,*,#2885,.T.);
#1956=ORIENTED_EDGE('',*,*,#2733,.F.);
#1957=ORIENTED_EDGE('',*,*,#2894,.F.);
#1958=ORIENTED_EDGE('',*,*,#2497,.F.);
#1959=ORIENTED_EDGE('',*,*,#2886,.T.);
#1960=ORIENTED_EDGE('',*,*,#2489,.F.);
#1961=ORIENTED_EDGE('',*,*,#2895,.F.);
#1962=ORIENTED_EDGE('',*,*,#2705,.F.);
#1963=ORIENTED_EDGE('',*,*,#2896,.F.);
#1964=ORIENTED_EDGE('',*,*,#2888,.T.);
#1965=ORIENTED_EDGE('',*,*,#2897,.F.);
#1966=ORIENTED_EDGE('',*,*,#2889,.T.);
#1967=ORIENTED_EDGE('',*,*,#2528,.F.);
#1968=ORIENTED_EDGE('',*,*,#2898,.F.);
#1969=ORIENTED_EDGE('',*,*,#2796,.F.);
#1970=ORIENTED_EDGE('',*,*,#2891,.T.);
#1971=ORIENTED_EDGE('',*,*,#2890,.T.);
#1972=ORIENTED_EDGE('',*,*,#2899,.F.);
#1973=ORIENTED_EDGE('',*,*,#2892,.T.);
#1974=ORIENTED_EDGE('',*,*,#2457,.F.);
#1975=ORIENTED_EDGE('',*,*,#2900,.F.);
#1976=ORIENTED_EDGE('',*,*,#2754,.F.);
#1977=ORIENTED_EDGE('',*,*,#2893,.T.);
#1978=ORIENTED_EDGE('',*,*,#2755,.F.);
#1979=ORIENTED_EDGE('',*,*,#2901,.F.);
#1980=ORIENTED_EDGE('',*,*,#2683,.F.);
#1981=ORIENTED_EDGE('',*,*,#2635,.F.);
#1982=ORIENTED_EDGE('',*,*,#2894,.T.);
#1983=ORIENTED_EDGE('',*,*,#2724,.F.);
#1984=ORIENTED_EDGE('',*,*,#2902,.F.);
#1985=ORIENTED_EDGE('',*,*,#2498,.F.);
#1986=ORIENTED_EDGE('',*,*,#2895,.T.);
#1987=ORIENTED_EDGE('',*,*,#2488,.F.);
#1988=ORIENTED_EDGE('',*,*,#2903,.F.);
#1989=ORIENTED_EDGE('',*,*,#2752,.F.);
#1990=ORIENTED_EDGE('',*,*,#2711,.F.);
#1991=ORIENTED_EDGE('',*,*,#2897,.T.);
#1992=ORIENTED_EDGE('',*,*,#2549,.F.);
#1993=ORIENTED_EDGE('',*,*,#2904,.F.);
#1994=ORIENTED_EDGE('',*,*,#2777,.F.);
#1995=ORIENTED_EDGE('',*,*,#2896,.T.);
#1996=ORIENTED_EDGE('',*,*,#2776,.F.);
#1997=ORIENTED_EDGE('',*,*,#2905,.F.);
#1998=ORIENTED_EDGE('',*,*,#2506,.F.);
#1999=ORIENTED_EDGE('',*,*,#2898,.T.);
#2000=ORIENTED_EDGE('',*,*,#2527,.F.);
#2001=ORIENTED_EDGE('',*,*,#2906,.F.);
#2002=ORIENTED_EDGE('',*,*,#2798,.F.);
#2003=ORIENTED_EDGE('',*,*,#2899,.T.);
#2004=ORIENTED_EDGE('',*,*,#2804,.F.);
#2005=ORIENTED_EDGE('',*,*,#2907,.F.);
#2006=ORIENTED_EDGE('',*,*,#2476,.F.);
#2007=ORIENTED_EDGE('',*,*,#2901,.T.);
#2008=ORIENTED_EDGE('',*,*,#2900,.T.);
#2009=ORIENTED_EDGE('',*,*,#2908,.F.);
#2010=ORIENTED_EDGE('',*,*,#2909,.F.);
#2011=ORIENTED_EDGE('',*,*,#2638,.F.);
#2012=ORIENTED_EDGE('',*,*,#2910,.F.);
#2013=ORIENTED_EDGE('',*,*,#2382,.F.);
#2014=ORIENTED_EDGE('',*,*,#2911,.F.);
#2015=ORIENTED_EDGE('',*,*,#2744,.F.);
#2016=ORIENTED_EDGE('',*,*,#2912,.F.);
#2017=ORIENTED_EDGE('',*,*,#2639,.F.);
#2018=ORIENTED_EDGE('',*,*,#2912,.T.);
#2019=ORIENTED_EDGE('',*,*,#2743,.F.);
#2020=ORIENTED_EDGE('',*,*,#2913,.F.);
#2021=ORIENTED_EDGE('',*,*,#2667,.F.);
#2022=ORIENTED_EDGE('',*,*,#2640,.F.);
#2023=ORIENTED_EDGE('',*,*,#2902,.T.);
#2024=ORIENTED_EDGE('',*,*,#2668,.F.);
#2025=ORIENTED_EDGE('',*,*,#2914,.F.);
#2026=ORIENTED_EDGE('',*,*,#2499,.F.);
#2027=ORIENTED_EDGE('',*,*,#2903,.T.);
#2028=ORIENTED_EDGE('',*,*,#2487,.F.);
#2029=ORIENTED_EDGE('',*,*,#2915,.F.);
#2030=ORIENTED_EDGE('',*,*,#2750,.F.);
#2031=ORIENTED_EDGE('',*,*,#2904,.T.);
#2032=ORIENTED_EDGE('',*,*,#2548,.F.);
#2033=ORIENTED_EDGE('',*,*,#2916,.F.);
#2034=ORIENTED_EDGE('',*,*,#2779,.F.);
#2035=ORIENTED_EDGE('',*,*,#2905,.T.);
#2036=ORIENTED_EDGE('',*,*,#2773,.F.);
#2037=ORIENTED_EDGE('',*,*,#2917,.F.);
#2038=ORIENTED_EDGE('',*,*,#2507,.F.);
#2039=ORIENTED_EDGE('',*,*,#2906,.T.);
#2040=ORIENTED_EDGE('',*,*,#2526,.F.);
#2041=ORIENTED_EDGE('',*,*,#2918,.F.);
#2042=ORIENTED_EDGE('',*,*,#2801,.F.);
#2043=ORIENTED_EDGE('',*,*,#2907,.T.);
#2044=ORIENTED_EDGE('',*,*,#2802,.F.);
#2045=ORIENTED_EDGE('',*,*,#2919,.F.);
#2046=ORIENTED_EDGE('',*,*,#2477,.F.);
#2047=ORIENTED_EDGE('',*,*,#2908,.T.);
#2048=ORIENTED_EDGE('',*,*,#2456,.F.);
#2049=ORIENTED_EDGE('',*,*,#2920,.F.);
#2050=ORIENTED_EDGE('',*,*,#2684,.F.);
#2051=ORIENTED_EDGE('',*,*,#2910,.T.);
#2052=ORIENTED_EDGE('',*,*,#2677,.F.);
#2053=ORIENTED_EDGE('',*,*,#2921,.F.);
#2054=ORIENTED_EDGE('',*,*,#2383,.F.);
#2055=ORIENTED_EDGE('',*,*,#2911,.T.);
#2056=ORIENTED_EDGE('',*,*,#2909,.T.);
#2057=ORIENTED_EDGE('',*,*,#2922,.F.);
#2058=ORIENTED_EDGE('',*,*,#2914,.T.);
#2059=ORIENTED_EDGE('',*,*,#2913,.T.);
#2060=ORIENTED_EDGE('',*,*,#2923,.F.);
#2061=ORIENTED_EDGE('',*,*,#2915,.T.);
#2062=ORIENTED_EDGE('',*,*,#2486,.F.);
#2063=ORIENTED_EDGE('',*,*,#2924,.F.);
#2064=ORIENTED_EDGE('',*,*,#2709,.F.);
#2065=ORIENTED_EDGE('',*,*,#2751,.F.);
#2066=ORIENTED_EDGE('',*,*,#2593,.F.);
#2067=ORIENTED_EDGE('',*,*,#2702,.F.);
#2068=ORIENTED_EDGE('',*,*,#2925,.F.);
#2069=ORIENTED_EDGE('',*,*,#2541,.F.);
#2070=ORIENTED_EDGE('',*,*,#2916,.T.);
#2071=ORIENTED_EDGE('',*,*,#2547,.F.);
#2072=ORIENTED_EDGE('',*,*,#2926,.F.);
#2073=ORIENTED_EDGE('',*,*,#2770,.F.);
#2074=ORIENTED_EDGE('',*,*,#2917,.T.);
#2075=ORIENTED_EDGE('',*,*,#2771,.F.);
#2076=ORIENTED_EDGE('',*,*,#2927,.F.);
#2077=ORIENTED_EDGE('',*,*,#2508,.F.);
#2078=ORIENTED_EDGE('',*,*,#2919,.T.);
#2079=ORIENTED_EDGE('',*,*,#2918,.T.);
#2080=ORIENTED_EDGE('',*,*,#2928,.F.);
#2081=ORIENTED_EDGE('',*,*,#2920,.T.);
#2082=ORIENTED_EDGE('',*,*,#2455,.F.);
#2083=ORIENTED_EDGE('',*,*,#2929,.F.);
#2084=ORIENTED_EDGE('',*,*,#2678,.F.);
#2085=ORIENTED_EDGE('',*,*,#2921,.T.);
#2086=ORIENTED_EDGE('',*,*,#2679,.F.);
#2087=ORIENTED_EDGE('',*,*,#2930,.F.);
#2088=ORIENTED_EDGE('',*,*,#2384,.F.);
#2089=ORIENTED_EDGE('',*,*,#2922,.T.);
#2090=ORIENTED_EDGE('',*,*,#2381,.F.);
#2091=ORIENTED_EDGE('',*,*,#2931,.F.);
#2092=ORIENTED_EDGE('',*,*,#2745,.F.);
#2093=ORIENTED_EDGE('',*,*,#2923,.T.);
#2094=ORIENTED_EDGE('',*,*,#2742,.F.);
#2095=ORIENTED_EDGE('',*,*,#2932,.F.);
#2096=ORIENTED_EDGE('',*,*,#2500,.F.);
#2097=ORIENTED_EDGE('',*,*,#2924,.T.);
#2098=ORIENTED_EDGE('',*,*,#2485,.F.);
#2099=ORIENTED_EDGE('',*,*,#2933,.F.);
#2100=ORIENTED_EDGE('',*,*,#2703,.F.);
#2101=ORIENTED_EDGE('',*,*,#2925,.T.);
#2102=ORIENTED_EDGE('',*,*,#2704,.F.);
#2103=ORIENTED_EDGE('',*,*,#2934,.F.);
#2104=ORIENTED_EDGE('',*,*,#2542,.F.);
#2105=ORIENTED_EDGE('',*,*,#2927,.T.);
#2106=ORIENTED_EDGE('',*,*,#2926,.T.);
#2107=ORIENTED_EDGE('',*,*,#2935,.F.);
#2108=ORIENTED_EDGE('',*,*,#2928,.T.);
#2109=ORIENTED_EDGE('',*,*,#2525,.F.);
#2110=ORIENTED_EDGE('',*,*,#2936,.F.);
#2111=ORIENTED_EDGE('',*,*,#2451,.F.);
#2112=ORIENTED_EDGE('',*,*,#2937,.F.);
#2113=ORIENTED_EDGE('',*,*,#2452,.F.);
#2114=ORIENTED_EDGE('',*,*,#2938,.F.);
#2115=ORIENTED_EDGE('',*,*,#2782,.F.);
#2116=ORIENTED_EDGE('',*,*,#2930,.T.);
#2117=ORIENTED_EDGE('',*,*,#2929,.T.);
#2118=ORIENTED_EDGE('',*,*,#2939,.F.);
#2119=ORIENTED_EDGE('',*,*,#2932,.T.);
#2120=ORIENTED_EDGE('',*,*,#2931,.T.);
#2121=ORIENTED_EDGE('',*,*,#2940,.F.);
#2122=ORIENTED_EDGE('',*,*,#2934,.T.);
#2123=ORIENTED_EDGE('',*,*,#2933,.T.);
#2124=ORIENTED_EDGE('',*,*,#2941,.F.);
#2125=ORIENTED_EDGE('',*,*,#2942,.F.);
#2126=ORIENTED_EDGE('',*,*,#2545,.F.);
#2127=ORIENTED_EDGE('',*,*,#2943,.F.);
#2128=ORIENTED_EDGE('',*,*,#2815,.F.);
#2129=ORIENTED_EDGE('',*,*,#2935,.T.);
#2130=ORIENTED_EDGE('',*,*,#2546,.F.);
#2131=ORIENTED_EDGE('',*,*,#2944,.F.);
#2132=ORIENTED_EDGE('',*,*,#2509,.F.);
#2133=ORIENTED_EDGE('',*,*,#2938,.T.);
#2134=ORIENTED_EDGE('',*,*,#2936,.T.);
#2135=ORIENTED_EDGE('',*,*,#2945,.F.);
#2136=ORIENTED_EDGE('',*,*,#2937,.T.);
#2137=ORIENTED_EDGE('',*,*,#2792,.F.);
#2138=ORIENTED_EDGE('',*,*,#2946,.F.);
#2139=ORIENTED_EDGE('',*,*,#2453,.F.);
#2140=ORIENTED_EDGE('',*,*,#2939,.T.);
#2141=ORIENTED_EDGE('',*,*,#2454,.F.);
#2142=ORIENTED_EDGE('',*,*,#2947,.F.);
#2143=ORIENTED_EDGE('',*,*,#2385,.F.);
#2144=ORIENTED_EDGE('',*,*,#2940,.T.);
#2145=ORIENTED_EDGE('',*,*,#2380,.F.);
#2146=ORIENTED_EDGE('',*,*,#2948,.F.);
#2147=ORIENTED_EDGE('',*,*,#2501,.F.);
#2148=ORIENTED_EDGE('',*,*,#2941,.T.);
#2149=ORIENTED_EDGE('',*,*,#2484,.F.);
#2150=ORIENTED_EDGE('',*,*,#2949,.F.);
#2151=ORIENTED_EDGE('',*,*,#2543,.F.);
#2152=ORIENTED_EDGE('',*,*,#2943,.T.);
#2153=ORIENTED_EDGE('',*,*,#2544,.F.);
#2154=ORIENTED_EDGE('',*,*,#2950,.F.);
#2155=ORIENTED_EDGE('',*,*,#2817,.F.);
#2156=ORIENTED_EDGE('',*,*,#2944,.T.);
#2157=ORIENTED_EDGE('',*,*,#2942,.T.);
#2158=ORIENTED_EDGE('',*,*,#2951,.F.);
#2159=ORIENTED_EDGE('',*,*,#2945,.T.);
#2160=ORIENTED_EDGE('',*,*,#2524,.F.);
#2161=ORIENTED_EDGE('',*,*,#2952,.F.);
#2162=ORIENTED_EDGE('',*,*,#2783,.F.);
#2163=ORIENTED_EDGE('',*,*,#2947,.T.);
#2164=ORIENTED_EDGE('',*,*,#2946,.T.);
#2165=ORIENTED_EDGE('',*,*,#2953,.F.);
#2166=ORIENTED_EDGE('',*,*,#2954,.F.);
#2167=ORIENTED_EDGE('',*,*,#2722,.F.);
#2168=ORIENTED_EDGE('',*,*,#2955,.F.);
#2169=ORIENTED_EDGE('',*,*,#2379,.F.);
#2170=ORIENTED_EDGE('',*,*,#2670,.F.);
#2171=ORIENTED_EDGE('',*,*,#2723,.F.);
#2172=ORIENTED_EDGE('',*,*,#2956,.F.);
#2173=ORIENTED_EDGE('',*,*,#2726,.F.);
#2174=ORIENTED_EDGE('',*,*,#2948,.T.);
#2175=ORIENTED_EDGE('',*,*,#2955,.T.);
#2176=ORIENTED_EDGE('',*,*,#2957,.F.);
#2177=ORIENTED_EDGE('',*,*,#2950,.T.);
#2178=ORIENTED_EDGE('',*,*,#2949,.T.);
#2179=ORIENTED_EDGE('',*,*,#2958,.F.);
#2180=ORIENTED_EDGE('',*,*,#2951,.T.);
#2181=ORIENTED_EDGE('',*,*,#2814,.F.);
#2182=ORIENTED_EDGE('',*,*,#2959,.F.);
#2183=ORIENTED_EDGE('',*,*,#2510,.F.);
#2184=ORIENTED_EDGE('',*,*,#2952,.T.);
#2185=ORIENTED_EDGE('',*,*,#2523,.F.);
#2186=ORIENTED_EDGE('',*,*,#2960,.F.);
#2187=ORIENTED_EDGE('',*,*,#2785,.F.);
#2188=ORIENTED_EDGE('',*,*,#2953,.T.);
#2189=ORIENTED_EDGE('',*,*,#2791,.F.);
#2190=ORIENTED_EDGE('',*,*,#2961,.F.);
#2191=ORIENTED_EDGE('',*,*,#2386,.F.);
#2192=ORIENTED_EDGE('',*,*,#2378,.T.);
#2193=ORIENTED_EDGE('',*,*,#2399,.F.);
#2194=ORIENTED_EDGE('',*,*,#2956,.T.);
#2195=ORIENTED_EDGE('',*,*,#2954,.T.);
#2196=ORIENTED_EDGE('',*,*,#2957,.T.);
#2197=ORIENTED_EDGE('',*,*,#2721,.F.);
#2198=ORIENTED_EDGE('',*,*,#2962,.F.);
#2199=ORIENTED_EDGE('',*,*,#2502,.F.);
#2200=ORIENTED_EDGE('',*,*,#2958,.T.);
#2201=ORIENTED_EDGE('',*,*,#2483,.F.);
#2202=ORIENTED_EDGE('',*,*,#2963,.F.);
#2203=ORIENTED_EDGE('',*,*,#2818,.F.);
#2204=ORIENTED_EDGE('',*,*,#2959,.T.);
#2205=ORIENTED_EDGE('',*,*,#2811,.F.);
#2206=ORIENTED_EDGE('',*,*,#2964,.F.);
#2207=ORIENTED_EDGE('',*,*,#2511,.F.);
#2208=ORIENTED_EDGE('',*,*,#2960,.T.);
#2209=ORIENTED_EDGE('',*,*,#2522,.F.);
#2210=ORIENTED_EDGE('',*,*,#2965,.F.);
#2211=ORIENTED_EDGE('',*,*,#2788,.F.);
#2212=ORIENTED_EDGE('',*,*,#2961,.T.);
#2213=ORIENTED_EDGE('',*,*,#2789,.F.);
#2214=ORIENTED_EDGE('',*,*,#2966,.F.);
#2215=ORIENTED_EDGE('',*,*,#2387,.F.);
#2216=ORIENTED_EDGE('',*,*,#2962,.T.);
#2217=ORIENTED_EDGE('',*,*,#2732,.F.);
#2218=ORIENTED_EDGE('',*,*,#2967,.F.);
#2219=ORIENTED_EDGE('',*,*,#2503,.F.);
#2220=ORIENTED_EDGE('',*,*,#2963,.T.);
#2221=ORIENTED_EDGE('',*,*,#2482,.F.);
#2222=ORIENTED_EDGE('',*,*,#2968,.F.);
#2223=ORIENTED_EDGE('',*,*,#2808,.F.);
#2224=ORIENTED_EDGE('',*,*,#2964,.T.);
#2225=ORIENTED_EDGE('',*,*,#2809,.F.);
#2226=ORIENTED_EDGE('',*,*,#2969,.F.);
#2227=ORIENTED_EDGE('',*,*,#2512,.F.);
#2228=ORIENTED_EDGE('',*,*,#2966,.T.);
#2229=ORIENTED_EDGE('',*,*,#2965,.T.);
#2230=ORIENTED_EDGE('',*,*,#2970,.F.);
#2231=ORIENTED_EDGE('',*,*,#2967,.T.);
#2232=ORIENTED_EDGE('',*,*,#2728,.F.);
#2233=ORIENTED_EDGE('',*,*,#2971,.F.);
#2234=ORIENTED_EDGE('',*,*,#2504,.F.);
#2235=ORIENTED_EDGE('',*,*,#2969,.T.);
#2236=ORIENTED_EDGE('',*,*,#2968,.T.);
#2237=ORIENTED_EDGE('',*,*,#2972,.F.);
#2238=ORIENTED_EDGE('',*,*,#2970,.T.);
#2239=ORIENTED_EDGE('',*,*,#2521,.F.);
#2240=ORIENTED_EDGE('',*,*,#2973,.F.);
#2241=ORIENTED_EDGE('',*,*,#2388,.F.);
#2242=ORIENTED_EDGE('',*,*,#2971,.T.);
#2243=ORIENTED_EDGE('',*,*,#2401,.T.);
#2244=ORIENTED_EDGE('',*,*,#2974,.F.);
#2245=ORIENTED_EDGE('',*,*,#2975,.F.);
#2246=ORIENTED_EDGE('',*,*,#2480,.F.);
#2247=ORIENTED_EDGE('',*,*,#2976,.F.);
#2248=ORIENTED_EDGE('',*,*,#2825,.F.);
#2249=ORIENTED_EDGE('',*,*,#2972,.T.);
#2250=ORIENTED_EDGE('',*,*,#2481,.F.);
#2251=ORIENTED_EDGE('',*,*,#2977,.F.);
#2252=ORIENTED_EDGE('',*,*,#2513,.F.);
#2253=ORIENTED_EDGE('',*,*,#2978,.F.);
#2254=ORIENTED_EDGE('',*,*,#2973,.T.);
#2255=ORIENTED_EDGE('',*,*,#2979,.F.);
#2256=ORIENTED_EDGE('',*,*,#2974,.T.);
#2257=ORIENTED_EDGE('',*,*,#2395,.F.);
#2258=ORIENTED_EDGE('',*,*,#2980,.F.);
#2259=ORIENTED_EDGE('',*,*,#2478,.F.);
#2260=ORIENTED_EDGE('',*,*,#2976,.T.);
#2261=ORIENTED_EDGE('',*,*,#2479,.F.);
#2262=ORIENTED_EDGE('',*,*,#2981,.F.);
#2263=ORIENTED_EDGE('',*,*,#2831,.F.);
#2264=ORIENTED_EDGE('',*,*,#2977,.T.);
#2265=ORIENTED_EDGE('',*,*,#2975,.T.);
#2266=ORIENTED_EDGE('',*,*,#2982,.F.);
#2267=ORIENTED_EDGE('',*,*,#2979,.T.);
#2268=ORIENTED_EDGE('',*,*,#2520,.F.);
#2269=ORIENTED_EDGE('',*,*,#2983,.F.);
#2270=ORIENTED_EDGE('',*,*,#2766,.F.);
#2271=ORIENTED_EDGE('',*,*,#2978,.T.);
#2272=ORIENTED_EDGE('',*,*,#2765,.F.);
#2273=ORIENTED_EDGE('',*,*,#2984,.F.);
#2274=ORIENTED_EDGE('',*,*,#2389,.F.);
#2275=ORIENTED_EDGE('',*,*,#2981,.T.);
#2276=ORIENTED_EDGE('',*,*,#2980,.T.);
#2277=ORIENTED_EDGE('',*,*,#2985,.F.);
#2278=ORIENTED_EDGE('',*,*,#2982,.T.);
#2279=ORIENTED_EDGE('',*,*,#2824,.F.);
#2280=ORIENTED_EDGE('',*,*,#2986,.F.);
#2281=ORIENTED_EDGE('',*,*,#2514,.F.);
#2282=ORIENTED_EDGE('',*,*,#2983,.T.);
#2283=ORIENTED_EDGE('',*,*,#2519,.F.);
#2284=ORIENTED_EDGE('',*,*,#2987,.F.);
#2285=ORIENTED_EDGE('',*,*,#2758,.F.);
#2286=ORIENTED_EDGE('',*,*,#2984,.T.);
#2287=ORIENTED_EDGE('',*,*,#2768,.F.);
#2288=ORIENTED_EDGE('',*,*,#2988,.F.);
#2289=ORIENTED_EDGE('',*,*,#2390,.F.);
#2290=ORIENTED_EDGE('',*,*,#2985,.T.);
#2291=ORIENTED_EDGE('',*,*,#2394,.F.);
#2292=ORIENTED_EDGE('',*,*,#2989,.F.);
#2293=ORIENTED_EDGE('',*,*,#2832,.F.);
#2294=ORIENTED_EDGE('',*,*,#2986,.T.);
#2295=ORIENTED_EDGE('',*,*,#2821,.F.);
#2296=ORIENTED_EDGE('',*,*,#2990,.F.);
#2297=ORIENTED_EDGE('',*,*,#2515,.F.);
#2298=ORIENTED_EDGE('',*,*,#2987,.T.);
#2299=ORIENTED_EDGE('',*,*,#2518,.F.);
#2300=ORIENTED_EDGE('',*,*,#2991,.F.);
#2301=ORIENTED_EDGE('',*,*,#2761,.F.);
#2302=ORIENTED_EDGE('',*,*,#2988,.T.);
#2303=ORIENTED_EDGE('',*,*,#2762,.F.);
#2304=ORIENTED_EDGE('',*,*,#2992,.F.);
#2305=ORIENTED_EDGE('',*,*,#2391,.F.);
#2306=ORIENTED_EDGE('',*,*,#2989,.T.);
#2307=ORIENTED_EDGE('',*,*,#2393,.F.);
#2308=ORIENTED_EDGE('',*,*,#2993,.F.);
#2309=ORIENTED_EDGE('',*,*,#2828,.F.);
#2310=ORIENTED_EDGE('',*,*,#2990,.T.);
#2311=ORIENTED_EDGE('',*,*,#2829,.F.);
#2312=ORIENTED_EDGE('',*,*,#2994,.F.);
#2313=ORIENTED_EDGE('',*,*,#2516,.F.);
#2314=ORIENTED_EDGE('',*,*,#2992,.T.);
#2315=ORIENTED_EDGE('',*,*,#2991,.T.);
#2316=ORIENTED_EDGE('',*,*,#2995,.F.);
#2317=ORIENTED_EDGE('',*,*,#2994,.T.);
#2318=ORIENTED_EDGE('',*,*,#2993,.T.);
#2319=ORIENTED_EDGE('',*,*,#2996,.F.);
#2320=ORIENTED_EDGE('',*,*,#2995,.T.);
#2321=ORIENTED_EDGE('',*,*,#2517,.F.);
#2322=ORIENTED_EDGE('',*,*,#2996,.T.);
#2323=ORIENTED_EDGE('',*,*,#2392,.F.);
#2324=ORIENTED_EDGE('',*,*,#2529,.F.);
#2325=ORIENTED_EDGE('',*,*,#2719,.F.);
#2326=ORIENTED_EDGE('',*,*,#2713,.F.);
#2327=ORIENTED_EDGE('',*,*,#2699,.F.);
#2328=ORIENTED_EDGE('',*,*,#2710,.F.);
#2329=ORIENTED_EDGE('',*,*,#2694,.F.);
#2330=ORIENTED_EDGE('',*,*,#2697,.F.);
#2331=ORIENTED_EDGE('',*,*,#2530,.F.);
#2332=ORIENTED_EDGE('',*,*,#2688,.F.);
#2333=ORIENTED_EDGE('',*,*,#2674,.F.);
#2334=ORIENTED_EDGE('',*,*,#2685,.F.);
#2335=ORIENTED_EDGE('',*,*,#2650,.F.);
#2336=ORIENTED_EDGE('',*,*,#2653,.F.);
#2337=ORIENTED_EDGE('',*,*,#2531,.F.);
#2338=ORIENTED_EDGE('',*,*,#2532,.F.);
#2339=ORIENTED_EDGE('',*,*,#2596,.F.);
#2340=ORIENTED_EDGE('',*,*,#2429,.T.);
#2341=ORIENTED_EDGE('',*,*,#2404,.F.);
#2342=ORIENTED_EDGE('',*,*,#2447,.T.);
#2343=ORIENTED_EDGE('',*,*,#2413,.F.);
#2344=ORIENTED_EDGE('',*,*,#2426,.F.);
#2345=ORIENTED_EDGE('',*,*,#2997,.F.);
#2346=ORIENTED_EDGE('',*,*,#2997,.T.);
#2347=ORIENTED_EDGE('',*,*,#2372,.F.);
#2348=ORIENTED_EDGE('',*,*,#2424,.F.);
#2349=ORIENTED_EDGE('',*,*,#2998,.F.);
#2350=ORIENTED_EDGE('',*,*,#2998,.T.);
#2351=ORIENTED_EDGE('',*,*,#2373,.F.);
#2352=ORIENTED_EDGE('',*,*,#2421,.F.);
#2353=ORIENTED_EDGE('',*,*,#2999,.F.);
#2354=ORIENTED_EDGE('',*,*,#2999,.T.);
#2355=ORIENTED_EDGE('',*,*,#2376,.F.);
#2356=ORIENTED_EDGE('',*,*,#2400,.F.);
#2357=ORIENTED_EDGE('',*,*,#2396,.F.);
#2358=ORIENTED_EDGE('',*,*,#2418,.F.);
#2359=ORIENTED_EDGE('',*,*,#3000,.F.);
#2360=ORIENTED_EDGE('',*,*,#3000,.T.);
#2361=ORIENTED_EDGE('',*,*,#2374,.F.);
#2362=ORIENTED_EDGE('',*,*,#2411,.F.);
#2363=ORIENTED_EDGE('',*,*,#3001,.F.);
#2364=ORIENTED_EDGE('',*,*,#3001,.T.);
#2365=ORIENTED_EDGE('',*,*,#2371,.F.);
#2366=ORIENTED_EDGE('',*,*,#2409,.F.);
#2367=ORIENTED_EDGE('',*,*,#3002,.F.);
#2368=ORIENTED_EDGE('',*,*,#3002,.T.);
#2369=ORIENTED_EDGE('',*,*,#2370,.F.);
#2370=EDGE_CURVE('',#3003,#3003,#3401,.T.);
#2371=EDGE_CURVE('',#3004,#3004,#3402,.T.);
#2372=EDGE_CURVE('',#3005,#3005,#3403,.T.);
#2373=EDGE_CURVE('',#3006,#3006,#3404,.T.);
#2374=EDGE_CURVE('',#3007,#3007,#3405,.T.);
#2375=EDGE_CURVE('',#3008,#3009,#82,.T.);
#2376=EDGE_CURVE('',#3009,#3010,#3406,.T.);
#2377=EDGE_CURVE('',#3010,#3011,#83,.T.);
#2378=EDGE_CURVE('',#3012,#3011,#84,.T.);
#2379=EDGE_CURVE('',#3012,#3013,#85,.T.);
#2380=EDGE_CURVE('',#3013,#3014,#86,.T.);
#2381=EDGE_CURVE('',#3014,#3015,#87,.T.);
#2382=EDGE_CURVE('',#3015,#3016,#88,.T.);
#2383=EDGE_CURVE('',#3016,#3017,#89,.T.);
#2384=EDGE_CURVE('',#3017,#3018,#90,.T.);
#2385=EDGE_CURVE('',#3018,#3019,#91,.T.);
#2386=EDGE_CURVE('',#3019,#3020,#92,.T.);
#2387=EDGE_CURVE('',#3020,#3021,#93,.T.);
#2388=EDGE_CURVE('',#3021,#3022,#94,.T.);
#2389=EDGE_CURVE('',#3022,#3023,#95,.T.);
#2390=EDGE_CURVE('',#3023,#3024,#96,.T.);
#2391=EDGE_CURVE('',#3024,#3025,#97,.T.);
#2392=EDGE_CURVE('',#3025,#3026,#98,.T.);
#2393=EDGE_CURVE('',#3026,#3027,#99,.T.);
#2394=EDGE_CURVE('',#3027,#3028,#100,.T.);
#2395=EDGE_CURVE('',#3028,#3008,#101,.T.);
#2396=EDGE_CURVE('',#3010,#3029,#74,.F.);
#2397=EDGE_CURVE('',#3030,#3029,#102,.T.);
#2398=EDGE_CURVE('',#3031,#3030,#103,.T.);
#2399=EDGE_CURVE('',#3031,#3011,#104,.F.);
#2400=EDGE_CURVE('',#3029,#3009,#75,.F.);
#2401=EDGE_CURVE('',#3032,#3008,#105,.T.);
#2402=EDGE_CURVE('',#3030,#3032,#106,.T.);
#2403=EDGE_CURVE('',#3033,#3034,#107,.T.);
#2404=EDGE_CURVE('',#3034,#3035,#3407,.T.);
#2405=EDGE_CURVE('',#3035,#3036,#108,.F.);
#2406=EDGE_CURVE('',#3037,#3036,#22,.T.);
#2407=EDGE_CURVE('',#3037,#3038,#109,.F.);
#2408=EDGE_CURVE('',#3033,#3038,#3408,.F.);
#2409=EDGE_CURVE('',#3039,#3039,#3409,.T.);
#2410=EDGE_CURVE('',#3040,#3040,#3410,.F.);
#2411=EDGE_CURVE('',#3041,#3041,#3411,.T.);
#2412=EDGE_CURVE('',#3042,#3043,#110,.T.);
#2413=EDGE_CURVE('',#3043,#3044,#3412,.T.);
#2414=EDGE_CURVE('',#3044,#3045,#111,.F.);
#2415=EDGE_CURVE('',#3046,#3045,#3413,.F.);
#2416=EDGE_CURVE('',#3046,#3047,#112,.T.);
#2417=EDGE_CURVE('',#3042,#3047,#23,.T.);
#2418=EDGE_CURVE('',#3048,#3048,#3414,.T.);
#2419=EDGE_CURVE('',#3049,#3050,#76,.F.);
#2420=EDGE_CURVE('',#3049,#3050,#3415,.F.);
#2421=EDGE_CURVE('',#3051,#3051,#3416,.T.);
#2422=EDGE_CURVE('',#3052,#3053,#77,.F.);
#2423=EDGE_CURVE('',#3052,#3053,#3417,.F.);
#2424=EDGE_CURVE('',#3054,#3054,#3418,.T.);
#2425=EDGE_CURVE('',#3055,#3055,#3419,.F.);
#2426=EDGE_CURVE('',#3056,#3056,#3420,.T.);
#2427=EDGE_CURVE('',#3046,#3038,#113,.T.);
#2428=EDGE_CURVE('',#3037,#3036,#3421,.T.);
#2429=EDGE_CURVE('',#3034,#3035,#114,.T.);
#2430=EDGE_CURVE('',#3033,#3057,#115,.T.);
#2431=EDGE_CURVE('',#3057,#3058,#116,.T.);
#2432=EDGE_CURVE('',#3059,#3058,#117,.T.);
#2433=EDGE_CURVE('',#3060,#3059,#118,.F.);
#2434=EDGE_CURVE('',#3061,#3060,#119,.T.);
#2435=EDGE_CURVE('',#3062,#3061,#120,.T.);
#2436=EDGE_CURVE('',#3063,#3062,#3422,.T.);
#2437=EDGE_CURVE('',#3064,#3063,#121,.T.);
#2438=EDGE_CURVE('',#3065,#3064,#122,.T.);
#2439=EDGE_CURVE('',#3066,#3065,#123,.F.);
#2440=EDGE_CURVE('',#3066,#3067,#3423,.T.);
#2441=EDGE_CURVE('',#3068,#3067,#124,.F.);
#2442=EDGE_CURVE('',#3069,#3068,#125,.T.);
#2443=EDGE_CURVE('',#3070,#3069,#126,.T.);
#2444=EDGE_CURVE('',#3071,#3070,#127,.T.);
#2445=EDGE_CURVE('',#3071,#3072,#128,.T.);
#2446=EDGE_CURVE('',#3072,#3045,#129,.T.);
#2447=EDGE_CURVE('',#3043,#3044,#130,.T.);
#2448=EDGE_CURVE('',#3047,#3042,#3424,.T.);
#2449=EDGE_CURVE('',#3073,#3073,#3425,.T.);
#2450=EDGE_CURVE('',#3074,#3074,#3426,.T.);
#2451=EDGE_CURVE('',#3075,#3076,#131,.T.);
#2452=EDGE_CURVE('',#3076,#3077,#132,.T.);
#2453=EDGE_CURVE('',#3077,#3078,#133,.T.);
#2454=EDGE_CURVE('',#3078,#3079,#134,.T.);
#2455=EDGE_CURVE('',#3079,#3080,#135,.T.);
#2456=EDGE_CURVE('',#3080,#3081,#136,.T.);
#2457=EDGE_CURVE('',#3081,#3082,#137,.T.);
#2458=EDGE_CURVE('',#3082,#3083,#138,.T.);
#2459=EDGE_CURVE('',#3083,#3084,#139,.T.);
#2460=EDGE_CURVE('',#3084,#3085,#140,.T.);
#2461=EDGE_CURVE('',#3085,#3086,#141,.T.);
#2462=EDGE_CURVE('',#3086,#3087,#142,.T.);
#2463=EDGE_CURVE('',#3087,#3088,#143,.T.);
#2464=EDGE_CURVE('',#3088,#3089,#144,.T.);
#2465=EDGE_CURVE('',#3089,#3090,#145,.T.);
#2466=EDGE_CURVE('',#3090,#3091,#146,.T.);
#2467=EDGE_CURVE('',#3091,#3092,#147,.T.);
#2468=EDGE_CURVE('',#3092,#3093,#148,.T.);
#2469=EDGE_CURVE('',#3093,#3094,#149,.T.);
#2470=EDGE_CURVE('',#3094,#3095,#150,.T.);
#2471=EDGE_CURVE('',#3095,#3096,#151,.T.);
#2472=EDGE_CURVE('',#3096,#3097,#152,.T.);
#2473=EDGE_CURVE('',#3097,#3098,#153,.T.);
#2474=EDGE_CURVE('',#3098,#3099,#154,.T.);
#2475=EDGE_CURVE('',#3099,#3100,#155,.T.);
#2476=EDGE_CURVE('',#3100,#3101,#156,.T.);
#2477=EDGE_CURVE('',#3101,#3075,#157,.T.);
#2478=EDGE_CURVE('',#3102,#3103,#158,.T.);
#2479=EDGE_CURVE('',#3103,#3104,#159,.T.);
#2480=EDGE_CURVE('',#3104,#3105,#160,.T.);
#2481=EDGE_CURVE('',#3105,#3106,#161,.T.);
#2482=EDGE_CURVE('',#3106,#3107,#162,.T.);
#2483=EDGE_CURVE('',#3107,#3108,#163,.T.);
#2484=EDGE_CURVE('',#3108,#3109,#164,.T.);
#2485=EDGE_CURVE('',#3109,#3110,#165,.T.);
#2486=EDGE_CURVE('',#3110,#3111,#166,.T.);
#2487=EDGE_CURVE('',#3111,#3112,#167,.T.);
#2488=EDGE_CURVE('',#3112,#3113,#168,.T.);
#2489=EDGE_CURVE('',#3113,#3114,#169,.T.);
#2490=EDGE_CURVE('',#3114,#3115,#170,.T.);
#2491=EDGE_CURVE('',#3115,#3116,#171,.T.);
#2492=EDGE_CURVE('',#3116,#3117,#172,.T.);
#2493=EDGE_CURVE('',#3117,#3118,#173,.T.);
#2494=EDGE_CURVE('',#3118,#3119,#174,.T.);
#2495=EDGE_CURVE('',#3119,#3120,#175,.T.);
#2496=EDGE_CURVE('',#3120,#3121,#176,.T.);
#2497=EDGE_CURVE('',#3121,#3122,#177,.T.);
#2498=EDGE_CURVE('',#3122,#3123,#178,.T.);
#2499=EDGE_CURVE('',#3123,#3124,#179,.T.);
#2500=EDGE_CURVE('',#3124,#3125,#180,.T.);
#2501=EDGE_CURVE('',#3125,#3126,#181,.T.);
#2502=EDGE_CURVE('',#3126,#3127,#182,.T.);
#2503=EDGE_CURVE('',#3127,#3128,#183,.T.);
#2504=EDGE_CURVE('',#3128,#3102,#184,.T.);
#2505=EDGE_CURVE('',#3129,#3130,#185,.T.);
#2506=EDGE_CURVE('',#3130,#3131,#186,.T.);
#2507=EDGE_CURVE('',#3131,#3132,#3427,.F.);
#2508=EDGE_CURVE('',#3132,#3133,#187,.T.);
#2509=EDGE_CURVE('',#3133,#3134,#188,.T.);
#2510=EDGE_CURVE('',#3134,#3135,#189,.T.);
#2511=EDGE_CURVE('',#3135,#3136,#3428,.F.);
#2512=EDGE_CURVE('',#3136,#3137,#190,.T.);
#2513=EDGE_CURVE('',#3137,#3138,#191,.T.);
#2514=EDGE_CURVE('',#3138,#3139,#192,.T.);
#2515=EDGE_CURVE('',#3139,#3140,#3429,.F.);
#2516=EDGE_CURVE('',#3140,#3141,#193,.T.);
#2517=EDGE_CURVE('',#3141,#3142,#194,.T.);
#2518=EDGE_CURVE('',#3142,#3143,#195,.T.);
#2519=EDGE_CURVE('',#3143,#3144,#3430,.F.);
#2520=EDGE_CURVE('',#3144,#3145,#196,.T.);
#2521=EDGE_CURVE('',#3145,#3146,#197,.T.);
#2522=EDGE_CURVE('',#3146,#3147,#198,.T.);
#2523=EDGE_CURVE('',#3147,#3148,#3431,.F.);
#2524=EDGE_CURVE('',#3148,#3149,#199,.T.);
#2525=EDGE_CURVE('',#3149,#3150,#200,.T.);
#2526=EDGE_CURVE('',#3150,#3151,#201,.T.);
#2527=EDGE_CURVE('',#3151,#3152,#3432,.F.);
#2528=EDGE_CURVE('',#3152,#3129,#202,.T.);
#2529=EDGE_CURVE('',#3153,#3153,#3433,.F.);
#2530=EDGE_CURVE('',#3154,#3154,#3434,.F.);
#2531=EDGE_CURVE('',#3155,#3155,#3435,.F.);
#2532=EDGE_CURVE('',#3156,#3156,#3436,.F.);
#2533=EDGE_CURVE('',#3157,#3157,#3437,.T.);
#2534=EDGE_CURVE('',#3158,#3158,#3438,.T.);
#2535=EDGE_CURVE('',#3159,#3159,#3439,.T.);
#2536=EDGE_CURVE('',#3160,#3160,#3440,.T.);
#2537=EDGE_CURVE('',#3161,#3161,#3441,.T.);
#2538=EDGE_CURVE('',#3162,#3163,#203,.T.);
#2539=EDGE_CURVE('',#3163,#3164,#204,.T.);
#2540=EDGE_CURVE('',#3164,#3165,#205,.T.);
#2541=EDGE_CURVE('',#3165,#3166,#206,.T.);
#2542=EDGE_CURVE('',#3166,#3167,#207,.T.);
#2543=EDGE_CURVE('',#3167,#3168,#208,.T.);
#2544=EDGE_CURVE('',#3168,#3169,#209,.T.);
#2545=EDGE_CURVE('',#3169,#3170,#210,.T.);
#2546=EDGE_CURVE('',#3170,#3171,#211,.T.);
#2547=EDGE_CURVE('',#3171,#3172,#212,.T.);
#2548=EDGE_CURVE('',#3172,#3173,#213,.T.);
#2549=EDGE_CURVE('',#3173,#3174,#214,.T.);
#2550=EDGE_CURVE('',#3174,#3175,#215,.T.);
#2551=EDGE_CURVE('',#3175,#3176,#216,.T.);
#2552=EDGE_CURVE('',#3176,#3177,#217,.T.);
#2553=EDGE_CURVE('',#3177,#3178,#218,.T.);
#2554=EDGE_CURVE('',#3178,#3179,#219,.T.);
#2555=EDGE_CURVE('',#3179,#3180,#3442,.T.);
#2556=EDGE_CURVE('',#3180,#3181,#220,.T.);
#2557=EDGE_CURVE('',#3182,#3181,#221,.T.);
#2558=EDGE_CURVE('',#3182,#3162,#222,.T.);
#2559=EDGE_CURVE('',#3064,#3059,#3443,.F.);
#2560=EDGE_CURVE('',#3062,#3063,#24,.T.);
#2561=EDGE_CURVE('',#3061,#3060,#3444,.T.);
#2562=EDGE_CURVE('',#3183,#3183,#3445,.T.);
#2563=EDGE_CURVE('',#3066,#3067,#25,.T.);
#2564=EDGE_CURVE('',#3070,#3065,#3446,.F.);
#2565=EDGE_CURVE('',#3069,#3068,#3447,.T.);
#2566=EDGE_CURVE('',#3184,#3184,#3448,.T.);
#2567=EDGE_CURVE('',#3185,#3186,#78,.F.);
#2568=EDGE_CURVE('',#3185,#3186,#3449,.F.);
#2569=EDGE_CURVE('',#3187,#3187,#3450,.T.);
#2570=EDGE_CURVE('',#3188,#3188,#3451,.F.);
#2571=EDGE_CURVE('',#3189,#3189,#3452,.T.);
#2572=EDGE_CURVE('',#3190,#3190,#3453,.F.);
#2573=EDGE_CURVE('',#3191,#3191,#3454,.T.);
#2574=EDGE_CURVE('',#3192,#3193,#79,.F.);
#2575=EDGE_CURVE('',#3192,#3193,#3455,.F.);
#2576=EDGE_CURVE('',#3194,#3194,#3456,.T.);
#2577=EDGE_CURVE('',#3195,#3195,#3457,.T.);
#2578=EDGE_CURVE('',#3196,#3196,#3458,.T.);
#2579=EDGE_CURVE('',#3197,#3198,#223,.T.);
#2580=EDGE_CURVE('',#3197,#3199,#224,.T.);
#2581=EDGE_CURVE('',#3199,#3200,#225,.T.);
#2582=EDGE_CURVE('',#3198,#3200,#226,.T.);
#2583=EDGE_CURVE('',#3201,#3201,#3459,.T.);
#2584=EDGE_CURVE('',#3202,#3202,#3460,.T.);
#2585=EDGE_CURVE('',#3203,#3204,#227,.T.);
#2586=EDGE_CURVE('',#3204,#3205,#228,.T.);
#2587=EDGE_CURVE('',#3205,#3206,#229,.T.);
#2588=EDGE_CURVE('',#3207,#3206,#230,.T.);
#2589=EDGE_CURVE('',#3208,#3207,#231,.T.);
#2590=EDGE_CURVE('',#3208,#3209,#232,.T.);
#2591=EDGE_CURVE('',#3209,#3210,#233,.T.);
#2592=EDGE_CURVE('',#3210,#3211,#234,.T.);
#2593=EDGE_CURVE('',#3211,#3165,#235,.T.);
#2594=EDGE_CURVE('',#3164,#3203,#236,.T.);
#2595=EDGE_CURVE('',#3212,#3212,#3461,.T.);
#2596=EDGE_CURVE('',#3213,#3213,#3462,.T.);
#2597=EDGE_CURVE('',#3058,#3214,#237,.T.);
#2598=EDGE_CURVE('',#3185,#3214,#238,.T.);
#2599=EDGE_CURVE('',#3192,#3186,#239,.T.);
#2600=EDGE_CURVE('',#3215,#3193,#240,.T.);
#2601=EDGE_CURVE('',#3215,#3071,#241,.T.);
#2602=EDGE_CURVE('',#3214,#3216,#242,.T.);
#2603=EDGE_CURVE('',#3217,#3216,#243,.T.);
#2604=EDGE_CURVE('',#3217,#3215,#244,.T.);
#2605=EDGE_CURVE('',#3216,#3218,#245,.T.);
#2606=EDGE_CURVE('',#3218,#3219,#246,.T.);
#2607=EDGE_CURVE('',#3219,#3206,#247,.T.);
#2608=EDGE_CURVE('',#3205,#3220,#248,.T.);
#2609=EDGE_CURVE('',#3220,#3221,#249,.T.);
#2610=EDGE_CURVE('',#3221,#3222,#250,.T.);
#2611=EDGE_CURVE('',#3222,#3223,#251,.T.);
#2612=EDGE_CURVE('',#3224,#3223,#252,.T.);
#2613=EDGE_CURVE('',#3225,#3224,#253,.T.);
#2614=EDGE_CURVE('',#3225,#3226,#254,.F.);
#2615=EDGE_CURVE('',#3226,#3217,#255,.T.);
#2616=EDGE_CURVE('',#3227,#3200,#256,.T.);
#2617=EDGE_CURVE('',#3227,#3228,#257,.T.);
#2618=EDGE_CURVE('',#3228,#3229,#258,.T.);
#2619=EDGE_CURVE('',#3229,#3222,#259,.T.);
#2620=EDGE_CURVE('',#3221,#3230,#260,.T.);
#2621=EDGE_CURVE('',#3230,#3198,#261,.T.);
#2622=EDGE_CURVE('',#3223,#3231,#262,.T.);
#2623=EDGE_CURVE('',#3231,#3232,#263,.T.);
#2624=EDGE_CURVE('',#3224,#3232,#264,.T.);
#2625=EDGE_CURVE('',#3232,#3233,#265,.T.);
#2626=EDGE_CURVE('',#3233,#3234,#266,.T.);
#2627=EDGE_CURVE('',#3234,#3199,#267,.T.);
#2628=EDGE_CURVE('',#3235,#3197,#268,.T.);
#2629=EDGE_CURVE('',#3235,#3225,#269,.T.);
#2630=EDGE_CURVE('',#3234,#3227,#270,.T.);
#2631=EDGE_CURVE('',#3230,#3235,#271,.T.);
#2632=EDGE_CURVE('',#3236,#3236,#3463,.T.);
#2633=EDGE_CURVE('',#3237,#3237,#3464,.T.);
#2634=EDGE_CURVE('',#3238,#3239,#272,.T.);
#2635=EDGE_CURVE('',#3239,#3240,#273,.F.);
#2636=EDGE_CURVE('',#3240,#3241,#274,.T.);
#2637=EDGE_CURVE('',#3241,#3242,#275,.T.);
#2638=EDGE_CURVE('',#3242,#3243,#276,.T.);
#2639=EDGE_CURVE('',#3243,#3244,#277,.T.);
#2640=EDGE_CURVE('',#3244,#3245,#278,.T.);
#2641=EDGE_CURVE('',#3246,#3245,#279,.T.);
#2642=EDGE_CURVE('',#3247,#3246,#280,.T.);
#2643=EDGE_CURVE('',#3248,#3247,#281,.T.);
#2644=EDGE_CURVE('',#3248,#3238,#282,.T.);
#2645=EDGE_CURVE('',#3249,#3250,#283,.T.);
#2646=EDGE_CURVE('',#3251,#3250,#284,.T.);
#2647=EDGE_CURVE('',#3252,#3251,#285,.T.);
#2648=EDGE_CURVE('',#3252,#3249,#286,.T.);
#2649=EDGE_CURVE('',#3249,#3253,#287,.T.);
#2650=EDGE_CURVE('',#3253,#3254,#288,.T.);
#2651=EDGE_CURVE('',#3250,#3254,#289,.T.);
#2652=EDGE_CURVE('',#3255,#3255,#3465,.T.);
#2653=EDGE_CURVE('',#3256,#3256,#3466,.T.);
#2654=EDGE_CURVE('',#3257,#3052,#290,.T.);
#2655=EDGE_CURVE('',#3053,#3049,#291,.T.);
#2656=EDGE_CURVE('',#3050,#3258,#292,.T.);
#2657=EDGE_CURVE('',#3258,#3057,#293,.T.);
#2658=EDGE_CURVE('',#3072,#3257,#294,.T.);
#2659=EDGE_CURVE('',#3257,#3259,#295,.T.);
#2660=EDGE_CURVE('',#3259,#3260,#296,.T.);
#2661=EDGE_CURVE('',#3260,#3258,#297,.T.);
#2662=EDGE_CURVE('',#3261,#3262,#298,.F.);
#2663=EDGE_CURVE('',#3262,#3260,#299,.T.);
#2664=EDGE_CURVE('',#3259,#3263,#300,.T.);
#2665=EDGE_CURVE('',#3263,#3264,#301,.T.);
#2666=EDGE_CURVE('',#3264,#3246,#302,.T.);
#2667=EDGE_CURVE('',#3245,#3265,#303,.T.);
#2668=EDGE_CURVE('',#3265,#3266,#304,.T.);
#2669=EDGE_CURVE('',#3266,#3267,#305,.T.);
#2670=EDGE_CURVE('',#3267,#3268,#306,.T.);
#2671=EDGE_CURVE('',#3269,#3268,#307,.T.);
#2672=EDGE_CURVE('',#3261,#3269,#308,.T.);
#2673=EDGE_CURVE('',#3270,#3241,#309,.T.);
#2674=EDGE_CURVE('',#3270,#3271,#310,.T.);
#2675=EDGE_CURVE('',#3271,#3247,#311,.T.);
#2676=EDGE_CURVE('',#3264,#3272,#312,.T.);
#2677=EDGE_CURVE('',#3272,#3242,#313,.T.);
#2678=EDGE_CURVE('',#3273,#3274,#314,.T.);
#2679=EDGE_CURVE('',#3274,#3272,#315,.T.);
#2680=EDGE_CURVE('',#3263,#3275,#316,.T.);
#2681=EDGE_CURVE('',#3275,#3252,#317,.T.);
#2682=EDGE_CURVE('',#3273,#3251,#318,.T.);
#2683=EDGE_CURVE('',#3240,#3276,#319,.T.);
#2684=EDGE_CURVE('',#3276,#3273,#320,.T.);
#2685=EDGE_CURVE('',#3254,#3270,#321,.T.);
#2686=EDGE_CURVE('',#3275,#3277,#322,.T.);
#2687=EDGE_CURVE('',#3277,#3248,#323,.T.);
#2688=EDGE_CURVE('',#3271,#3253,#324,.T.);
#2689=EDGE_CURVE('',#3278,#3279,#325,.T.);
#2690=EDGE_CURVE('',#3280,#3279,#326,.T.);
#2691=EDGE_CURVE('',#3281,#3280,#327,.T.);
#2692=EDGE_CURVE('',#3281,#3278,#328,.T.);
#2693=EDGE_CURVE('',#3278,#3282,#329,.T.);
#2694=EDGE_CURVE('',#3282,#3283,#330,.T.);
#2695=EDGE_CURVE('',#3279,#3283,#331,.T.);
#2696=EDGE_CURVE('',#3284,#3284,#3467,.T.);
#2697=EDGE_CURVE('',#3285,#3285,#3468,.T.);
#2698=EDGE_CURVE('',#3286,#3210,#332,.T.);
#2699=EDGE_CURVE('',#3286,#3287,#333,.T.);
#2700=EDGE_CURVE('',#3287,#3207,#334,.T.);
#2701=EDGE_CURVE('',#3219,#3288,#335,.T.);
#2702=EDGE_CURVE('',#3288,#3211,#336,.T.);
#2703=EDGE_CURVE('',#3289,#3290,#337,.T.);
#2704=EDGE_CURVE('',#3290,#3288,#338,.T.);
#2705=EDGE_CURVE('',#3218,#3291,#339,.T.);
#2706=EDGE_CURVE('',#3291,#3281,#340,.T.);
#2707=EDGE_CURVE('',#3289,#3280,#341,.T.);
#2708=EDGE_CURVE('',#3209,#3292,#342,.T.);
#2709=EDGE_CURVE('',#3292,#3289,#343,.T.);
#2710=EDGE_CURVE('',#3283,#3286,#344,.T.);
#2711=EDGE_CURVE('',#3291,#3293,#345,.T.);
#2712=EDGE_CURVE('',#3293,#3208,#346,.T.);
#2713=EDGE_CURVE('',#3287,#3282,#347,.T.);
#2714=EDGE_CURVE('',#3294,#3295,#348,.T.);
#2715=EDGE_CURVE('',#3294,#3296,#349,.T.);
#2716=EDGE_CURVE('',#3296,#3297,#350,.T.);
#2717=EDGE_CURVE('',#3295,#3297,#351,.T.);
#2718=EDGE_CURVE('',#3298,#3298,#3469,.T.);
#2719=EDGE_CURVE('',#3299,#3299,#3470,.T.);
#2720=EDGE_CURVE('',#3300,#3297,#352,.T.);
#2721=EDGE_CURVE('',#3300,#3301,#353,.T.);
#2722=EDGE_CURVE('',#3301,#3302,#354,.T.);
#2723=EDGE_CURVE('',#3302,#3267,#355,.T.);
#2724=EDGE_CURVE('',#3266,#3303,#356,.T.);
#2725=EDGE_CURVE('',#3303,#3295,#357,.T.);
#2726=EDGE_CURVE('',#3268,#3031,#358,.T.);
#2727=EDGE_CURVE('',#3269,#3030,#359,.T.);
#2728=EDGE_CURVE('',#3032,#3304,#360,.T.);
#2729=EDGE_CURVE('',#3304,#3296,#361,.T.);
#2730=EDGE_CURVE('',#3305,#3294,#362,.T.);
#2731=EDGE_CURVE('',#3305,#3261,#363,.T.);
#2732=EDGE_CURVE('',#3304,#3300,#364,.T.);
#2733=EDGE_CURVE('',#3303,#3305,#365,.T.);
#2734=EDGE_CURVE('',#3306,#3306,#3471,.T.);
#2735=EDGE_CURVE('',#3179,#3307,#80,.T.);
#2736=EDGE_CURVE('',#3307,#3180,#81,.T.);
#2737=EDGE_CURVE('',#3308,#3308,#3472,.T.);
#2738=EDGE_CURVE('',#3309,#3309,#3473,.T.);
#2739=EDGE_CURVE('',#3310,#3310,#3474,.T.);
#2740=EDGE_CURVE('',#3311,#3311,#3475,.T.);
#2741=EDGE_CURVE('',#3312,#3312,#3476,.T.);
#2742=EDGE_CURVE('',#3313,#3314,#366,.T.);
#2743=EDGE_CURVE('',#3314,#3315,#367,.T.);
#2744=EDGE_CURVE('',#3315,#3316,#368,.T.);
#2745=EDGE_CURVE('',#3316,#3313,#369,.T.);
#2746=EDGE_CURVE('',#3317,#3318,#370,.T.);
#2747=EDGE_CURVE('',#3318,#3319,#371,.T.);
#2748=EDGE_CURVE('',#3319,#3320,#372,.T.);
#2749=EDGE_CURVE('',#3320,#3317,#373,.T.);
#2750=EDGE_CURVE('',#3321,#3322,#374,.T.);
#2751=EDGE_CURVE('',#3322,#3292,#375,.F.);
#2752=EDGE_CURVE('',#3293,#3321,#376,.T.);
#2753=EDGE_CURVE('',#3323,#3324,#377,.T.);
#2754=EDGE_CURVE('',#3324,#3325,#378,.T.);
#2755=EDGE_CURVE('',#3325,#3326,#379,.T.);
#2756=EDGE_CURVE('',#3326,#3323,#380,.T.);
#2757=EDGE_CURVE('',#3327,#3328,#381,.T.);
#2758=EDGE_CURVE('',#3328,#3329,#3477,.T.);
#2759=EDGE_CURVE('',#3330,#3329,#382,.T.);
#2760=EDGE_CURVE('',#3327,#3330,#3478,.T.);
#2761=EDGE_CURVE('',#3329,#3331,#383,.T.);
#2762=EDGE_CURVE('',#3331,#3332,#384,.T.);
#2763=EDGE_CURVE('',#3332,#3330,#385,.T.);
#2764=EDGE_CURVE('',#3333,#3327,#386,.T.);
#2765=EDGE_CURVE('',#3333,#3334,#387,.T.);
#2766=EDGE_CURVE('',#3334,#3328,#388,.T.);
#2767=EDGE_CURVE('',#3335,#3335,#3479,.T.);
#2768=EDGE_CURVE('',#3332,#3333,#389,.T.);
#2769=EDGE_CURVE('',#3336,#3337,#390,.T.);
#2770=EDGE_CURVE('',#3336,#3338,#391,.T.);
#2771=EDGE_CURVE('',#3338,#3339,#392,.T.);
#2772=EDGE_CURVE('',#3337,#3339,#393,.T.);
#2773=EDGE_CURVE('',#3339,#3340,#3480,.T.);
#2774=EDGE_CURVE('',#3341,#3340,#394,.T.);
#2775=EDGE_CURVE('',#3337,#3341,#3481,.T.);
#2776=EDGE_CURVE('',#3340,#3342,#395,.T.);
#2777=EDGE_CURVE('',#3342,#3343,#396,.T.);
#2778=EDGE_CURVE('',#3343,#3341,#397,.T.);
#2779=EDGE_CURVE('',#3343,#3336,#398,.T.);
#2780=EDGE_CURVE('',#3344,#3344,#3482,.T.);
#2781=EDGE_CURVE('',#3345,#3346,#399,.T.);
#2782=EDGE_CURVE('',#3345,#3347,#400,.T.);
#2783=EDGE_CURVE('',#3347,#3348,#401,.T.);
#2784=EDGE_CURVE('',#3346,#3348,#402,.T.);
#2785=EDGE_CURVE('',#3348,#3349,#3483,.T.);
#2786=EDGE_CURVE('',#3350,#3349,#403,.T.);
#2787=EDGE_CURVE('',#3346,#3350,#3484,.T.);
#2788=EDGE_CURVE('',#3349,#3351,#404,.T.);
#2789=EDGE_CURVE('',#3351,#3352,#405,.T.);
#2790=EDGE_CURVE('',#3352,#3350,#406,.T.);
#2791=EDGE_CURVE('',#3352,#3353,#407,.T.);
#2792=EDGE_CURVE('',#3353,#3345,#408,.T.);
#2793=EDGE_CURVE('',#3354,#3354,#3485,.T.);
#2794=EDGE_CURVE('',#3355,#3356,#409,.T.);
#2795=EDGE_CURVE('',#3355,#3357,#410,.T.);
#2796=EDGE_CURVE('',#3357,#3358,#411,.T.);
#2797=EDGE_CURVE('',#3356,#3358,#412,.T.);
#2798=EDGE_CURVE('',#3358,#3359,#3486,.T.);
#2799=EDGE_CURVE('',#3360,#3359,#413,.T.);
#2800=EDGE_CURVE('',#3356,#3360,#3487,.T.);
#2801=EDGE_CURVE('',#3359,#3361,#414,.T.);
#2802=EDGE_CURVE('',#3361,#3362,#415,.T.);
#2803=EDGE_CURVE('',#3362,#3360,#416,.T.);
#2804=EDGE_CURVE('',#3362,#3363,#417,.T.);
#2805=EDGE_CURVE('',#3363,#3355,#418,.T.);
#2806=EDGE_CURVE('',#3364,#3364,#3488,.T.);
#2807=EDGE_CURVE('',#3365,#3366,#419,.T.);
#2808=EDGE_CURVE('',#3365,#3367,#420,.T.);
#2809=EDGE_CURVE('',#3367,#3368,#421,.T.);
#2810=EDGE_CURVE('',#3366,#3368,#422,.T.);
#2811=EDGE_CURVE('',#3368,#3369,#3489,.T.);
#2812=EDGE_CURVE('',#3370,#3369,#423,.T.);
#2813=EDGE_CURVE('',#3366,#3370,#3490,.T.);
#2814=EDGE_CURVE('',#3369,#3371,#424,.T.);
#2815=EDGE_CURVE('',#3371,#3372,#425,.T.);
#2816=EDGE_CURVE('',#3372,#3370,#426,.T.);
#2817=EDGE_CURVE('',#3372,#3373,#427,.T.);
#2818=EDGE_CURVE('',#3373,#3365,#428,.T.);
#2819=EDGE_CURVE('',#3374,#3374,#3491,.T.);
#2820=EDGE_CURVE('',#3375,#3376,#429,.T.);
#2821=EDGE_CURVE('',#3376,#3377,#3492,.T.);
#2822=EDGE_CURVE('',#3378,#3377,#430,.T.);
#2823=EDGE_CURVE('',#3375,#3378,#3493,.T.);
#2824=EDGE_CURVE('',#3377,#3379,#431,.T.);
#2825=EDGE_CURVE('',#3379,#3380,#432,.T.);
#2826=EDGE_CURVE('',#3380,#3378,#433,.T.);
#2827=EDGE_CURVE('',#3381,#3375,#434,.T.);
#2828=EDGE_CURVE('',#3381,#3382,#435,.T.);
#2829=EDGE_CURVE('',#3382,#3376,#436,.T.);
#2830=EDGE_CURVE('',#3383,#3383,#3494,.T.);
#2831=EDGE_CURVE('',#3380,#3384,#437,.T.);
#2832=EDGE_CURVE('',#3384,#3381,#438,.T.);
#2833=EDGE_CURVE('',#3385,#3385,#3495,.T.);
#2834=EDGE_CURVE('',#3386,#3386,#3496,.T.);
#2835=EDGE_CURVE('',#3387,#3387,#3497,.T.);
#2836=EDGE_CURVE('',#3388,#3388,#3498,.T.);
#2837=EDGE_CURVE('',#3389,#3389,#3499,.T.);
#2838=EDGE_CURVE('',#3390,#3390,#3500,.T.);
#2839=EDGE_CURVE('',#3391,#3391,#3501,.T.);
#2840=EDGE_CURVE('',#3392,#3392,#3502,.T.);
#2841=EDGE_CURVE('',#3393,#3393,#3503,.T.);
#2842=EDGE_CURVE('',#3394,#3394,#3504,.T.);
#2843=EDGE_CURVE('',#3230,#3092,#439,.T.);
#2844=EDGE_CURVE('',#3093,#3221,#440,.F.);
#2845=EDGE_CURVE('',#3319,#3204,#441,.T.);
#2846=EDGE_CURVE('',#3220,#3318,#442,.T.);
#2847=EDGE_CURVE('',#3094,#3220,#443,.T.);
#2848=EDGE_CURVE('',#3235,#3091,#444,.F.);
#2849=EDGE_CURVE('',#3320,#3203,#445,.T.);
#2850=EDGE_CURVE('',#3094,#3318,#446,.T.);
#2851=EDGE_CURVE('',#3226,#3090,#447,.F.);
#2852=EDGE_CURVE('',#3317,#3163,#448,.T.);
#2853=EDGE_CURVE('',#3095,#3317,#449,.F.);
#2854=EDGE_CURVE('',#3215,#3089,#450,.F.);
#2855=EDGE_CURVE('',#3095,#3163,#451,.F.);
#2856=EDGE_CURVE('',#3071,#3088,#452,.F.);
#2857=EDGE_CURVE('',#3096,#3162,#453,.T.);
#2858=EDGE_CURVE('',#3072,#3087,#454,.F.);
#2859=EDGE_CURVE('',#3229,#3182,#455,.T.);
#2860=EDGE_CURVE('',#3162,#3228,#456,.F.);
#2861=EDGE_CURVE('',#3231,#3229,#457,.T.);
#2862=EDGE_CURVE('',#3096,#3228,#458,.F.);
#2863=EDGE_CURVE('',#3257,#3086,#459,.F.);
#2864=EDGE_CURVE('',#3231,#3181,#460,.F.);
#2865=EDGE_CURVE('',#3097,#3227,#461,.T.);
#2866=EDGE_CURVE('',#3259,#3085,#462,.T.);
#2867=EDGE_CURVE('',#3058,#3117,#463,.T.);
#2868=EDGE_CURVE('',#3118,#3057,#464,.F.);
#2869=EDGE_CURVE('',#3232,#3307,#465,.F.);
#2870=EDGE_CURVE('',#3098,#3234,#466,.F.);
#2871=EDGE_CURVE('',#3263,#3084,#467,.F.);
#2872=EDGE_CURVE('',#3119,#3258,#468,.F.);
#2873=EDGE_CURVE('',#3214,#3116,#469,.T.);
#2874=EDGE_CURVE('',#3233,#3178,#470,.T.);
#2875=EDGE_CURVE('',#3099,#3233,#471,.F.);
#2876=EDGE_CURVE('',#3275,#3083,#472,.F.);
#2877=EDGE_CURVE('',#3120,#3262,#473,.F.);
#2878=EDGE_CURVE('',#3216,#3115,#474,.F.);
#2879=EDGE_CURVE('',#3176,#3355,#475,.F.);
#2880=EDGE_CURVE('',#3357,#3175,#476,.F.);
#2881=EDGE_CURVE('',#3099,#3178,#477,.F.);
#2882=EDGE_CURVE('',#3277,#3082,#478,.T.);
#2883=EDGE_CURVE('',#3324,#3277,#479,.T.);
#2884=EDGE_CURVE('',#3238,#3323,#480,.F.);
#2885=EDGE_CURVE('',#3121,#3305,#481,.F.);
#2886=EDGE_CURVE('',#3218,#3114,#482,.T.);
#2887=EDGE_CURVE('',#3175,#3129,#483,.T.);
#2888=EDGE_CURVE('',#3130,#3174,#484,.T.);
#2889=EDGE_CURVE('',#3357,#3129,#485,.F.);
#2890=EDGE_CURVE('',#3177,#3363,#486,.T.);
#2891=EDGE_CURVE('',#3100,#3177,#487,.T.);
#2892=EDGE_CURVE('',#3324,#3082,#488,.T.);
#2893=EDGE_CURVE('',#3239,#3326,#489,.T.);
#2894=EDGE_CURVE('',#3122,#3303,#490,.T.);
#2895=EDGE_CURVE('',#3291,#3113,#491,.T.);
#2896=EDGE_CURVE('',#3130,#3342,#492,.T.);
#2897=EDGE_CURVE('',#3342,#3174,#493,.F.);
#2898=EDGE_CURVE('',#3358,#3152,#494,.T.);
#2899=EDGE_CURVE('',#3100,#3363,#495,.T.);
#2900=EDGE_CURVE('',#3325,#3081,#496,.F.);
#2901=EDGE_CURVE('',#3276,#3325,#497,.F.);
#2902=EDGE_CURVE('',#3123,#3266,#498,.T.);
#2903=EDGE_CURVE('',#3321,#3112,#499,.T.);
#2904=EDGE_CURVE('',#3343,#3173,#500,.F.);
#2905=EDGE_CURVE('',#3131,#3340,#501,.T.);
#2906=EDGE_CURVE('',#3359,#3151,#502,.T.);
#2907=EDGE_CURVE('',#3101,#3362,#503,.F.);
#2908=EDGE_CURVE('',#3276,#3081,#504,.T.);
#2909=EDGE_CURVE('',#3243,#3015,#505,.F.);
#2910=EDGE_CURVE('',#3016,#3242,#506,.F.);
#2911=EDGE_CURVE('',#3316,#3243,#507,.T.);
#2912=EDGE_CURVE('',#3244,#3315,#508,.F.);
#2913=EDGE_CURVE('',#3265,#3314,#509,.T.);
#2914=EDGE_CURVE('',#3124,#3265,#510,.T.);
#2915=EDGE_CURVE('',#3322,#3111,#511,.F.);
#2916=EDGE_CURVE('',#3336,#3172,#512,.T.);
#2917=EDGE_CURVE('',#3132,#3339,#513,.T.);
#2918=EDGE_CURVE('',#3361,#3150,#514,.F.);
#2919=EDGE_CURVE('',#3075,#3361,#515,.F.);
#2920=EDGE_CURVE('',#3273,#3080,#516,.F.);
#2921=EDGE_CURVE('',#3017,#3272,#517,.T.);
#2922=EDGE_CURVE('',#3316,#3015,#518,.F.);
#2923=EDGE_CURVE('',#3124,#3314,#519,.T.);
#2924=EDGE_CURVE('',#3289,#3110,#520,.F.);
#2925=EDGE_CURVE('',#3166,#3288,#521,.T.);
#2926=EDGE_CURVE('',#3338,#3171,#522,.F.);
#2927=EDGE_CURVE('',#3133,#3338,#523,.T.);
#2928=EDGE_CURVE('',#3075,#3150,#524,.T.);
#2929=EDGE_CURVE('',#3274,#3079,#525,.F.);
#2930=EDGE_CURVE('',#3018,#3274,#526,.T.);
#2931=EDGE_CURVE('',#3313,#3014,#527,.T.);
#2932=EDGE_CURVE('',#3125,#3313,#528,.F.);
#2933=EDGE_CURVE('',#3290,#3109,#529,.F.);
#2934=EDGE_CURVE('',#3167,#3290,#530,.T.);
#2935=EDGE_CURVE('',#3133,#3171,#531,.F.);
#2936=EDGE_CURVE('',#3076,#3149,#532,.F.);
#2937=EDGE_CURVE('',#3077,#3345,#533,.T.);
#2938=EDGE_CURVE('',#3347,#3076,#534,.T.);
#2939=EDGE_CURVE('',#3018,#3079,#535,.F.);
#2940=EDGE_CURVE('',#3125,#3014,#536,.F.);
#2941=EDGE_CURVE('',#3167,#3109,#537,.F.);
#2942=EDGE_CURVE('',#3170,#3371,#538,.T.);
#2943=EDGE_CURVE('',#3372,#3169,#539,.F.);
#2944=EDGE_CURVE('',#3134,#3170,#540,.T.);
#2945=EDGE_CURVE('',#3347,#3149,#541,.F.);
#2946=EDGE_CURVE('',#3078,#3353,#542,.F.);
#2947=EDGE_CURVE('',#3019,#3078,#543,.T.);
#2948=EDGE_CURVE('',#3126,#3013,#544,.T.);
#2949=EDGE_CURVE('',#3168,#3108,#545,.T.);
#2950=EDGE_CURVE('',#3373,#3168,#546,.T.);
#2951=EDGE_CURVE('',#3134,#3371,#547,.T.);
#2952=EDGE_CURVE('',#3348,#3148,#548,.T.);
#2953=EDGE_CURVE('',#3019,#3353,#549,.F.);
#2954=EDGE_CURVE('',#3302,#3012,#550,.T.);
#2955=EDGE_CURVE('',#3013,#3301,#551,.F.);
#2956=EDGE_CURVE('',#3031,#3302,#552,.T.);
#2957=EDGE_CURVE('',#3126,#3301,#553,.F.);
#2958=EDGE_CURVE('',#3373,#3108,#554,.T.);
#2959=EDGE_CURVE('',#3135,#3369,#555,.T.);
#2960=EDGE_CURVE('',#3349,#3147,#556,.T.);
#2961=EDGE_CURVE('',#3020,#3352,#557,.F.);
#2962=EDGE_CURVE('',#3127,#3300,#558,.T.);
#2963=EDGE_CURVE('',#3365,#3107,#559,.T.);
#2964=EDGE_CURVE('',#3136,#3368,#560,.T.);
#2965=EDGE_CURVE('',#3351,#3146,#561,.F.);
#2966=EDGE_CURVE('',#3021,#3351,#562,.T.);
#2967=EDGE_CURVE('',#3128,#3304,#563,.F.);
#2968=EDGE_CURVE('',#3367,#3106,#564,.T.);
#2969=EDGE_CURVE('',#3137,#3367,#565,.T.);
#2970=EDGE_CURVE('',#3021,#3146,#566,.F.);
#2971=EDGE_CURVE('',#3102,#3032,#567,.F.);
#2972=EDGE_CURVE('',#3137,#3106,#568,.T.);
#2973=EDGE_CURVE('',#3022,#3145,#569,.T.);
#2974=EDGE_CURVE('',#3102,#3008,#570,.F.);
#2975=EDGE_CURVE('',#3105,#3379,#571,.F.);
#2976=EDGE_CURVE('',#3380,#3104,#572,.F.);
#2977=EDGE_CURVE('',#3138,#3105,#573,.F.);
#2978=EDGE_CURVE('',#3022,#3334,#574,.T.);
#2979=EDGE_CURVE('',#3334,#3145,#575,.F.);
#2980=EDGE_CURVE('',#3103,#3028,#576,.T.);
#2981=EDGE_CURVE('',#3384,#3103,#577,.F.);
#2982=EDGE_CURVE('',#3138,#3379,#578,.T.);
#2983=EDGE_CURVE('',#3328,#3144,#579,.T.);
#2984=EDGE_CURVE('',#3023,#3333,#580,.T.);
#2985=EDGE_CURVE('',#3384,#3028,#581,.F.);
#2986=EDGE_CURVE('',#3139,#3377,#582,.T.);
#2987=EDGE_CURVE('',#3329,#3143,#583,.T.);
#2988=EDGE_CURVE('',#3024,#3332,#584,.F.);
#2989=EDGE_CURVE('',#3381,#3027,#585,.F.);
#2990=EDGE_CURVE('',#3140,#3376,#586,.T.);
#2991=EDGE_CURVE('',#3331,#3142,#587,.F.);
#2992=EDGE_CURVE('',#3025,#3331,#588,.T.);
#2993=EDGE_CURVE('',#3382,#3026,#589,.F.);
#2994=EDGE_CURVE('',#3141,#3382,#590,.T.);
#2995=EDGE_CURVE('',#3025,#3142,#591,.F.);
#2996=EDGE_CURVE('',#3141,#3026,#592,.F.);
#2997=EDGE_CURVE('',#3395,#3395,#3505,.T.);
#2998=EDGE_CURVE('',#3396,#3396,#3506,.T.);
#2999=EDGE_CURVE('',#3397,#3397,#3507,.T.);
#3000=EDGE_CURVE('',#3398,#3398,#3508,.T.);
#3001=EDGE_CURVE('',#3399,#3399,#3509,.T.);
#3002=EDGE_CURVE('',#3400,#3400,#3510,.T.);
#3003=VERTEX_POINT('',#6525);
#3004=VERTEX_POINT('',#6527);
#3005=VERTEX_POINT('',#6529);
#3006=VERTEX_POINT('',#6531);
#3007=VERTEX_POINT('',#6533);
#3008=VERTEX_POINT('',#6535);
#3009=VERTEX_POINT('',#6536);
#3010=VERTEX_POINT('',#6538);
#3011=VERTEX_POINT('',#6540);
#3012=VERTEX_POINT('',#6542);
#3013=VERTEX_POINT('',#6544);
#3014=VERTEX_POINT('',#6546);
#3015=VERTEX_POINT('',#6548);
#3016=VERTEX_POINT('',#6550);
#3017=VERTEX_POINT('',#6552);
#3018=VERTEX_POINT('',#6554);
#3019=VERTEX_POINT('',#6556);
#3020=VERTEX_POINT('',#6558);
#3021=VERTEX_POINT('',#6560);
#3022=VERTEX_POINT('',#6562);
#3023=VERTEX_POINT('',#6564);
#3024=VERTEX_POINT('',#6566);
#3025=VERTEX_POINT('',#6568);
#3026=VERTEX_POINT('',#6570);
#3027=VERTEX_POINT('',#6572);
#3028=VERTEX_POINT('',#6574);
#3029=VERTEX_POINT('',#6578);
#3030=VERTEX_POINT('',#6580);
#3031=VERTEX_POINT('',#6582);
#3032=VERTEX_POINT('',#6587);
#3033=VERTEX_POINT('',#6591);
#3034=VERTEX_POINT('',#6592);
#3035=VERTEX_POINT('',#6594);
#3036=VERTEX_POINT('',#6596);
#3037=VERTEX_POINT('',#6601);
#3038=VERTEX_POINT('',#6603);
#3039=VERTEX_POINT('',#6606);
#3040=VERTEX_POINT('',#6609);
#3041=VERTEX_POINT('',#6611);
#3042=VERTEX_POINT('',#6614);
#3043=VERTEX_POINT('',#6615);
#3044=VERTEX_POINT('',#6617);
#3045=VERTEX_POINT('',#6619);
#3046=VERTEX_POINT('',#6621);
#3047=VERTEX_POINT('',#6623);
#3048=VERTEX_POINT('',#6629);
#3049=VERTEX_POINT('',#6632);
#3050=VERTEX_POINT('',#6633);
#3051=VERTEX_POINT('',#6636);
#3052=VERTEX_POINT('',#6639);
#3053=VERTEX_POINT('',#6640);
#3054=VERTEX_POINT('',#6643);
#3055=VERTEX_POINT('',#6646);
#3056=VERTEX_POINT('',#6648);
#3057=VERTEX_POINT('',#6654);
#3058=VERTEX_POINT('',#6656);
#3059=VERTEX_POINT('',#6658);
#3060=VERTEX_POINT('',#6660);
#3061=VERTEX_POINT('',#6662);
#3062=VERTEX_POINT('',#6664);
#3063=VERTEX_POINT('',#6666);
#3064=VERTEX_POINT('',#6668);
#3065=VERTEX_POINT('',#6670);
#3066=VERTEX_POINT('',#6672);
#3067=VERTEX_POINT('',#6674);
#3068=VERTEX_POINT('',#6676);
#3069=VERTEX_POINT('',#6678);
#3070=VERTEX_POINT('',#6680);
#3071=VERTEX_POINT('',#6682);
#3072=VERTEX_POINT('',#6684);
#3073=VERTEX_POINT('',#6690);
#3074=VERTEX_POINT('',#6693);
#3075=VERTEX_POINT('',#6696);
#3076=VERTEX_POINT('',#6697);
#3077=VERTEX_POINT('',#6699);
#3078=VERTEX_POINT('',#6701);
#3079=VERTEX_POINT('',#6703);
#3080=VERTEX_POINT('',#6705);
#3081=VERTEX_POINT('',#6707);
#3082=VERTEX_POINT('',#6709);
#3083=VERTEX_POINT('',#6711);
#3084=VERTEX_POINT('',#6713);
#3085=VERTEX_POINT('',#6715);
#3086=VERTEX_POINT('',#6717);
#3087=VERTEX_POINT('',#6719);
#3088=VERTEX_POINT('',#6721);
#3089=VERTEX_POINT('',#6723);
#3090=VERTEX_POINT('',#6725);
#3091=VERTEX_POINT('',#6727);
#3092=VERTEX_POINT('',#6729);
#3093=VERTEX_POINT('',#6731);
#3094=VERTEX_POINT('',#6733);
#3095=VERTEX_POINT('',#6735);
#3096=VERTEX_POINT('',#6737);
#3097=VERTEX_POINT('',#6739);
#3098=VERTEX_POINT('',#6741);
#3099=VERTEX_POINT('',#6743);
#3100=VERTEX_POINT('',#6745);
#3101=VERTEX_POINT('',#6747);
#3102=VERTEX_POINT('',#6751);
#3103=VERTEX_POINT('',#6752);
#3104=VERTEX_POINT('',#6754);
#3105=VERTEX_POINT('',#6756);
#3106=VERTEX_POINT('',#6758);
#3107=VERTEX_POINT('',#6760);
#3108=VERTEX_POINT('',#6762);
#3109=VERTEX_POINT('',#6764);
#3110=VERTEX_POINT('',#6766);
#3111=VERTEX_POINT('',#6768);
#3112=VERTEX_POINT('',#6770);
#3113=VERTEX_POINT('',#6772);
#3114=VERTEX_POINT('',#6774);
#3115=VERTEX_POINT('',#6776);
#3116=VERTEX_POINT('',#6778);
#3117=VERTEX_POINT('',#6780);
#3118=VERTEX_POINT('',#6782);
#3119=VERTEX_POINT('',#6784);
#3120=VERTEX_POINT('',#6786);
#3121=VERTEX_POINT('',#6788);
#3122=VERTEX_POINT('',#6790);
#3123=VERTEX_POINT('',#6792);
#3124=VERTEX_POINT('',#6794);
#3125=VERTEX_POINT('',#6796);
#3126=VERTEX_POINT('',#6798);
#3127=VERTEX_POINT('',#6800);
#3128=VERTEX_POINT('',#6802);
#3129=VERTEX_POINT('',#6806);
#3130=VERTEX_POINT('',#6807);
#3131=VERTEX_POINT('',#6809);
#3132=VERTEX_POINT('',#6811);
#3133=VERTEX_POINT('',#6813);
#3134=VERTEX_POINT('',#6815);
#3135=VERTEX_POINT('',#6817);
#3136=VERTEX_POINT('',#6819);
#3137=VERTEX_POINT('',#6821);
#3138=VERTEX_POINT('',#6823);
#3139=VERTEX_POINT('',#6825);
#3140=VERTEX_POINT('',#6827);
#3141=VERTEX_POINT('',#6829);
#3142=VERTEX_POINT('',#6831);
#3143=VERTEX_POINT('',#6833);
#3144=VERTEX_POINT('',#6835);
#3145=VERTEX_POINT('',#6837);
#3146=VERTEX_POINT('',#6839);
#3147=VERTEX_POINT('',#6841);
#3148=VERTEX_POINT('',#6843);
#3149=VERTEX_POINT('',#6845);
#3150=VERTEX_POINT('',#6847);
#3151=VERTEX_POINT('',#6849);
#3152=VERTEX_POINT('',#6851);
#3153=VERTEX_POINT('',#6854);
#3154=VERTEX_POINT('',#6856);
#3155=VERTEX_POINT('',#6858);
#3156=VERTEX_POINT('',#6860);
#3157=VERTEX_POINT('',#6863);
#3158=VERTEX_POINT('',#6865);
#3159=VERTEX_POINT('',#6867);
#3160=VERTEX_POINT('',#6869);
#3161=VERTEX_POINT('',#6871);
#3162=VERTEX_POINT('',#6873);
#3163=VERTEX_POINT('',#6874);
#3164=VERTEX_POINT('',#6876);
#3165=VERTEX_POINT('',#6878);
#3166=VERTEX_POINT('',#6880);
#3167=VERTEX_POINT('',#6882);
#3168=VERTEX_POINT('',#6884);
#3169=VERTEX_POINT('',#6886);
#3170=VERTEX_POINT('',#6888);
#3171=VERTEX_POINT('',#6890);
#3172=VERTEX_POINT('',#6892);
#3173=VERTEX_POINT('',#6894);
#3174=VERTEX_POINT('',#6896);
#3175=VERTEX_POINT('',#6898);
#3176=VERTEX_POINT('',#6900);
#3177=VERTEX_POINT('',#6902);
#3178=VERTEX_POINT('',#6904);
#3179=VERTEX_POINT('',#6906);
#3180=VERTEX_POINT('',#6908);
#3181=VERTEX_POINT('',#6910);
#3182=VERTEX_POINT('',#6912);
#3183=VERTEX_POINT('',#6922);
#3184=VERTEX_POINT('',#6931);
#3185=VERTEX_POINT('',#6934);
#3186=VERTEX_POINT('',#6935);
#3187=VERTEX_POINT('',#6938);
#3188=VERTEX_POINT('',#6941);
#3189=VERTEX_POINT('',#6943);
#3190=VERTEX_POINT('',#6946);
#3191=VERTEX_POINT('',#6948);
#3192=VERTEX_POINT('',#6951);
#3193=VERTEX_POINT('',#6952);
#3194=VERTEX_POINT('',#6955);
#3195=VERTEX_POINT('',#6958);
#3196=VERTEX_POINT('',#6961);
#3197=VERTEX_POINT('',#6964);
#3198=VERTEX_POINT('',#6965);
#3199=VERTEX_POINT('',#6967);
#3200=VERTEX_POINT('',#6969);
#3201=VERTEX_POINT('',#6973);
#3202=VERTEX_POINT('',#6975);
#3203=VERTEX_POINT('',#6977);
#3204=VERTEX_POINT('',#6978);
#3205=VERTEX_POINT('',#6980);
#3206=VERTEX_POINT('',#6982);
#3207=VERTEX_POINT('',#6984);
#3208=VERTEX_POINT('',#6986);
#3209=VERTEX_POINT('',#6988);
#3210=VERTEX_POINT('',#6990);
#3211=VERTEX_POINT('',#6992);
#3212=VERTEX_POINT('',#6997);
#3213=VERTEX_POINT('',#7000);
#3214=VERTEX_POINT('',#7003);
#3215=VERTEX_POINT('',#7007);
#3216=VERTEX_POINT('',#7011);
#3217=VERTEX_POINT('',#7013);
#3218=VERTEX_POINT('',#7017);
#3219=VERTEX_POINT('',#7019);
#3220=VERTEX_POINT('',#7022);
#3221=VERTEX_POINT('',#7024);
#3222=VERTEX_POINT('',#7026);
#3223=VERTEX_POINT('',#7028);
#3224=VERTEX_POINT('',#7030);
#3225=VERTEX_POINT('',#7032);
#3226=VERTEX_POINT('',#7034);
#3227=VERTEX_POINT('',#7038);
#3228=VERTEX_POINT('',#7040);
#3229=VERTEX_POINT('',#7042);
#3230=VERTEX_POINT('',#7045);
#3231=VERTEX_POINT('',#7049);
#3232=VERTEX_POINT('',#7051);
#3233=VERTEX_POINT('',#7055);
#3234=VERTEX_POINT('',#7057);
#3235=VERTEX_POINT('',#7060);
#3236=VERTEX_POINT('',#7068);
#3237=VERTEX_POINT('',#7070);
#3238=VERTEX_POINT('',#7072);
#3239=VERTEX_POINT('',#7073);
#3240=VERTEX_POINT('',#7075);
#3241=VERTEX_POINT('',#7077);
#3242=VERTEX_POINT('',#7079);
#3243=VERTEX_POINT('',#7081);
#3244=VERTEX_POINT('',#7083);
#3245=VERTEX_POINT('',#7085);
#3246=VERTEX_POINT('',#7087);
#3247=VERTEX_POINT('',#7089);
#3248=VERTEX_POINT('',#7091);
#3249=VERTEX_POINT('',#7095);
#3250=VERTEX_POINT('',#7096);
#3251=VERTEX_POINT('',#7098);
#3252=VERTEX_POINT('',#7100);
#3253=VERTEX_POINT('',#7104);
#3254=VERTEX_POINT('',#7106);
#3255=VERTEX_POINT('',#7110);
#3256=VERTEX_POINT('',#7113);
#3257=VERTEX_POINT('',#7116);
#3258=VERTEX_POINT('',#7119);
#3259=VERTEX_POINT('',#7124);
#3260=VERTEX_POINT('',#7126);
#3261=VERTEX_POINT('',#7130);
#3262=VERTEX_POINT('',#7131);
#3263=VERTEX_POINT('',#7134);
#3264=VERTEX_POINT('',#7136);
#3265=VERTEX_POINT('',#7139);
#3266=VERTEX_POINT('',#7141);
#3267=VERTEX_POINT('',#7143);
#3268=VERTEX_POINT('',#7145);
#3269=VERTEX_POINT('',#7147);
#3270=VERTEX_POINT('',#7151);
#3271=VERTEX_POINT('',#7153);
#3272=VERTEX_POINT('',#7156);
#3273=VERTEX_POINT('',#7160);
#3274=VERTEX_POINT('',#7161);
#3275=VERTEX_POINT('',#7164);
#3276=VERTEX_POINT('',#7169);
#3277=VERTEX_POINT('',#7174);
#3278=VERTEX_POINT('',#7179);
#3279=VERTEX_POINT('',#7180);
#3280=VERTEX_POINT('',#7182);
#3281=VERTEX_POINT('',#7184);
#3282=VERTEX_POINT('',#7188);
#3283=VERTEX_POINT('',#7190);
#3284=VERTEX_POINT('',#7194);
#3285=VERTEX_POINT('',#7197);
#3286=VERTEX_POINT('',#7200);
#3287=VERTEX_POINT('',#7202);
#3288=VERTEX_POINT('',#7205);
#3289=VERTEX_POINT('',#7209);
#3290=VERTEX_POINT('',#7210);
#3291=VERTEX_POINT('',#7213);
#3292=VERTEX_POINT('',#7218);
#3293=VERTEX_POINT('',#7223);
#3294=VERTEX_POINT('',#7228);
#3295=VERTEX_POINT('',#7229);
#3296=VERTEX_POINT('',#7231);
#3297=VERTEX_POINT('',#7233);
#3298=VERTEX_POINT('',#7237);
#3299=VERTEX_POINT('',#7240);
#3300=VERTEX_POINT('',#7243);
#3301=VERTEX_POINT('',#7245);
#3302=VERTEX_POINT('',#7247);
#3303=VERTEX_POINT('',#7250);
#3304=VERTEX_POINT('',#7257);
#3305=VERTEX_POINT('',#7260);
#3306=VERTEX_POINT('',#7270);
#3307=VERTEX_POINT('',#7273);
#3308=VERTEX_POINT('',#7277);
#3309=VERTEX_POINT('',#7281);
#3310=VERTEX_POINT('',#7285);
#3311=VERTEX_POINT('',#7289);
#3312=VERTEX_POINT('',#7293);
#3313=VERTEX_POINT('',#7297);
#3314=VERTEX_POINT('',#7298);
#3315=VERTEX_POINT('',#7300);
#3316=VERTEX_POINT('',#7302);
#3317=VERTEX_POINT('',#7306);
#3318=VERTEX_POINT('',#7307);
#3319=VERTEX_POINT('',#7309);
#3320=VERTEX_POINT('',#7311);
#3321=VERTEX_POINT('',#7315);
#3322=VERTEX_POINT('',#7316);
#3323=VERTEX_POINT('',#7321);
#3324=VERTEX_POINT('',#7322);
#3325=VERTEX_POINT('',#7324);
#3326=VERTEX_POINT('',#7326);
#3327=VERTEX_POINT('',#7330);
#3328=VERTEX_POINT('',#7331);
#3329=VERTEX_POINT('',#7333);
#3330=VERTEX_POINT('',#7335);
#3331=VERTEX_POINT('',#7339);
#3332=VERTEX_POINT('',#7341);
#3333=VERTEX_POINT('',#7345);
#3334=VERTEX_POINT('',#7347);
#3335=VERTEX_POINT('',#7351);
#3336=VERTEX_POINT('',#7355);
#3337=VERTEX_POINT('',#7356);
#3338=VERTEX_POINT('',#7358);
#3339=VERTEX_POINT('',#7360);
#3340=VERTEX_POINT('',#7364);
#3341=VERTEX_POINT('',#7366);
#3342=VERTEX_POINT('',#7370);
#3343=VERTEX_POINT('',#7372);
#3344=VERTEX_POINT('',#7377);
#3345=VERTEX_POINT('',#7380);
#3346=VERTEX_POINT('',#7381);
#3347=VERTEX_POINT('',#7383);
#3348=VERTEX_POINT('',#7385);
#3349=VERTEX_POINT('',#7389);
#3350=VERTEX_POINT('',#7391);
#3351=VERTEX_POINT('',#7395);
#3352=VERTEX_POINT('',#7397);
#3353=VERTEX_POINT('',#7401);
#3354=VERTEX_POINT('',#7404);
#3355=VERTEX_POINT('',#7407);
#3356=VERTEX_POINT('',#7408);
#3357=VERTEX_POINT('',#7410);
#3358=VERTEX_POINT('',#7412);
#3359=VERTEX_POINT('',#7416);
#3360=VERTEX_POINT('',#7418);
#3361=VERTEX_POINT('',#7422);
#3362=VERTEX_POINT('',#7424);
#3363=VERTEX_POINT('',#7428);
#3364=VERTEX_POINT('',#7431);
#3365=VERTEX_POINT('',#7434);
#3366=VERTEX_POINT('',#7435);
#3367=VERTEX_POINT('',#7437);
#3368=VERTEX_POINT('',#7439);
#3369=VERTEX_POINT('',#7443);
#3370=VERTEX_POINT('',#7445);
#3371=VERTEX_POINT('',#7449);
#3372=VERTEX_POINT('',#7451);
#3373=VERTEX_POINT('',#7455);
#3374=VERTEX_POINT('',#7458);
#3375=VERTEX_POINT('',#7461);
#3376=VERTEX_POINT('',#7462);
#3377=VERTEX_POINT('',#7464);
#3378=VERTEX_POINT('',#7466);
#3379=VERTEX_POINT('',#7470);
#3380=VERTEX_POINT('',#7472);
#3381=VERTEX_POINT('',#7476);
#3382=VERTEX_POINT('',#7478);
#3383=VERTEX_POINT('',#7482);
#3384=VERTEX_POINT('',#7484);
#3385=VERTEX_POINT('',#7488);
#3386=VERTEX_POINT('',#7492);
#3387=VERTEX_POINT('',#7496);
#3388=VERTEX_POINT('',#7500);
#3389=VERTEX_POINT('',#7504);
#3390=VERTEX_POINT('',#7508);
#3391=VERTEX_POINT('',#7512);
#3392=VERTEX_POINT('',#7516);
#3393=VERTEX_POINT('',#7520);
#3394=VERTEX_POINT('',#7524);
#3395=VERTEX_POINT('',#7831);
#3396=VERTEX_POINT('',#7835);
#3397=VERTEX_POINT('',#7839);
#3398=VERTEX_POINT('',#7843);
#3399=VERTEX_POINT('',#7847);
#3400=VERTEX_POINT('',#7851);
#3401=CIRCLE('',#4795,0.00235);
#3402=CIRCLE('',#4796,0.00235);
#3403=CIRCLE('',#4797,0.00235);
#3404=CIRCLE('',#4798,0.00235);
#3405=CIRCLE('',#4799,0.00235);
#3406=CIRCLE('',#4800,0.00235);
#3407=CIRCLE('',#4806,0.00165);
#3408=CIRCLE('',#4807,0.00165);
#3409=CIRCLE('',#4808,0.00165);
#3410=CIRCLE('',#4810,0.00165);
#3411=CIRCLE('',#4811,0.00165);
#3412=CIRCLE('',#4813,0.00165);
#3413=CIRCLE('',#4814,0.00165);
#3414=CIRCLE('',#4815,0.00165);
#3415=CIRCLE('',#4818,0.00165);
#3416=CIRCLE('',#4819,0.00165);
#3417=CIRCLE('',#4822,0.00165);
#3418=CIRCLE('',#4823,0.00165);
#3419=CIRCLE('',#4825,0.00165);
#3420=CIRCLE('',#4826,0.00165);
#3421=CIRCLE('',#4828,0.00165);
#3422=CIRCLE('',#4829,0.00165);
#3423=CIRCLE('',#4830,0.00165);
#3424=CIRCLE('',#4831,0.00165);
#3425=CIRCLE('',#4833,0.00165);
#3426=CIRCLE('',#4835,0.00165);
#3427=CIRCLE('',#4839,0.004);
#3428=CIRCLE('',#4840,0.004);
#3429=CIRCLE('',#4841,0.004);
#3430=CIRCLE('',#4842,0.004);
#3431=CIRCLE('',#4843,0.004);
#3432=CIRCLE('',#4844,0.004);
#3433=CIRCLE('',#4845,0.004);
#3434=CIRCLE('',#4846,0.004);
#3435=CIRCLE('',#4847,0.004);
#3436=CIRCLE('',#4848,0.004);
#3437=CIRCLE('',#4850,0.00235);
#3438=CIRCLE('',#4851,0.00235);
#3439=CIRCLE('',#4852,0.00235);
#3440=CIRCLE('',#4853,0.00235);
#3441=CIRCLE('',#4854,0.00235);
#3442=CIRCLE('',#4855,0.00235);
#3443=CIRCLE('',#4857,0.00165);
#3444=CIRCLE('',#4858,0.00165);
#3445=CIRCLE('',#4859,0.00165);
#3446=CIRCLE('',#4861,0.00165);
#3447=CIRCLE('',#4862,0.00165);
#3448=CIRCLE('',#4863,0.00165);
#3449=CIRCLE('',#4866,0.00165);
#3450=CIRCLE('',#4867,0.00165);
#3451=CIRCLE('',#4869,0.00165);
#3452=CIRCLE('',#4870,0.00165);
#3453=CIRCLE('',#4872,0.00165);
#3454=CIRCLE('',#4873,0.00165);
#3455=CIRCLE('',#4876,0.00165);
#3456=CIRCLE('',#4877,0.00165);
#3457=CIRCLE('',#4879,0.00165);
#3458=CIRCLE('',#4881,0.00165);
#3459=CIRCLE('',#4884,0.00235);
#3460=CIRCLE('',#4885,0.00235);
#3461=CIRCLE('',#4887,0.003);
#3462=CIRCLE('',#4889,0.003);
#3463=CIRCLE('',#4899,0.00235);
#3464=CIRCLE('',#4900,0.00235);
#3465=CIRCLE('',#4904,0.003);
#3466=CIRCLE('',#4906,0.003);
#3467=CIRCLE('',#4917,0.003);
#3468=CIRCLE('',#4919,0.003);
#3469=CIRCLE('',#4926,0.003);
#3470=CIRCLE('',#4928,0.003);
#3471=CIRCLE('',#4937,0.00235);
#3472=CIRCLE('',#4942,0.00235);
#3473=CIRCLE('',#4945,0.00235);
#3474=CIRCLE('',#4948,0.00235);
#3475=CIRCLE('',#4951,0.00235);
#3476=CIRCLE('',#4954,0.00235);
#3477=CIRCLE('',#4961,0.003);
#3478=CIRCLE('',#4962,0.003);
#3479=CIRCLE('',#4966,0.0016);
#3480=CIRCLE('',#4969,0.003);
#3481=CIRCLE('',#4970,0.003);
#3482=CIRCLE('',#4973,0.0016);
#3483=CIRCLE('',#4976,0.003);
#3484=CIRCLE('',#4977,0.003);
#3485=CIRCLE('',#4980,0.0016);
#3486=CIRCLE('',#4983,0.003);
#3487=CIRCLE('',#4984,0.003);
#3488=CIRCLE('',#4987,0.0016);
#3489=CIRCLE('',#4990,0.003);
#3490=CIRCLE('',#4991,0.003);
#3491=CIRCLE('',#4994,0.0016);
#3492=CIRCLE('',#4996,0.003);
#3493=CIRCLE('',#4997,0.003);
#3494=CIRCLE('',#5001,0.0016);
#3495=CIRCLE('',#5003,0.0016);
#3496=CIRCLE('',#5006,0.0016);
#3497=CIRCLE('',#5009,0.0016);
#3498=CIRCLE('',#5012,0.0016);
#3499=CIRCLE('',#5015,0.00235);
#3500=CIRCLE('',#5018,0.00235);
#3501=CIRCLE('',#5021,0.00235);
#3502=CIRCLE('',#5024,0.00235);
#3503=CIRCLE('',#5027,0.0016);
#3504=CIRCLE('',#5030,0.0016);
#3505=CIRCLE('',#5182,0.00235);
#3506=CIRCLE('',#5185,0.00235);
#3507=CIRCLE('',#5188,0.00235);
#3508=CIRCLE('',#5191,0.00235);
#3509=CIRCLE('',#5194,0.00235);
#3510=CIRCLE('',#5197,0.00235);
#3511=EDGE_LOOP('',(#1104));
#3512=EDGE_LOOP('',(#1105));
#3513=EDGE_LOOP('',(#1106));
#3514=EDGE_LOOP('',(#1107));
#3515=EDGE_LOOP('',(#1108));
#3516=EDGE_LOOP('',(#1109,#1110,#1111,#1112,#1113,#1114,#1115,#1116,#1117,
#1118,#1119,#1120,#1121,#1122,#1123,#1124,#1125,#1126,#1127,#1128,#1129));
#3517=EDGE_LOOP('',(#1130,#1131,#1132,#1133,#1134));
#3518=EDGE_LOOP('',(#1135,#1136,#1137,#1138,#1139));
#3519=EDGE_LOOP('',(#1140,#1141,#1142,#1143,#1144,#1145));
#3520=EDGE_LOOP('',(#1146));
#3521=EDGE_LOOP('',(#1147));
#3522=EDGE_LOOP('',(#1148));
#3523=EDGE_LOOP('',(#1149,#1150,#1151,#1152,#1153,#1154));
#3524=EDGE_LOOP('',(#1155));
#3525=EDGE_LOOP('',(#1156,#1157));
#3526=EDGE_LOOP('',(#1158));
#3527=EDGE_LOOP('',(#1159,#1160));
#3528=EDGE_LOOP('',(#1161));
#3529=EDGE_LOOP('',(#1162));
#3530=EDGE_LOOP('',(#1163));
#3531=EDGE_LOOP('',(#1164,#1165,#1166,#1167,#1168,#1169,#1170,#1171,#1172,
#1173,#1174,#1175,#1176,#1177,#1178,#1179,#1180,#1181,#1182,#1183,#1184,
#1185,#1186,#1187,#1188,#1189,#1190,#1191));
#3532=EDGE_LOOP('',(#1192));
#3533=EDGE_LOOP('',(#1193,#1194));
#3534=EDGE_LOOP('',(#1195));
#3535=EDGE_LOOP('',(#1196,#1197));
#3536=EDGE_LOOP('',(#1198,#1199,#1200,#1201,#1202,#1203,#1204,#1205,#1206,
#1207,#1208,#1209,#1210,#1211,#1212,#1213,#1214,#1215,#1216,#1217,#1218,
#1219,#1220,#1221,#1222,#1223,#1224));
#3537=EDGE_LOOP('',(#1225,#1226,#1227,#1228,#1229,#1230,#1231,#1232,#1233,
#1234,#1235,#1236,#1237,#1238,#1239,#1240,#1241,#1242,#1243,#1244,#1245,
#1246,#1247,#1248,#1249,#1250,#1251));
#3538=EDGE_LOOP('',(#1252,#1253,#1254,#1255,#1256,#1257,#1258,#1259,#1260,
#1261,#1262,#1263,#1264,#1265,#1266,#1267,#1268,#1269,#1270,#1271,#1272,
#1273,#1274,#1275));
#3539=EDGE_LOOP('',(#1276));
#3540=EDGE_LOOP('',(#1277));
#3541=EDGE_LOOP('',(#1278));
#3542=EDGE_LOOP('',(#1279));
#3543=EDGE_LOOP('',(#1280));
#3544=EDGE_LOOP('',(#1281));
#3545=EDGE_LOOP('',(#1282));
#3546=EDGE_LOOP('',(#1283));
#3547=EDGE_LOOP('',(#1284));
#3548=EDGE_LOOP('',(#1285,#1286,#1287,#1288,#1289,#1290,#1291,#1292,#1293,
#1294,#1295,#1296,#1297,#1298,#1299,#1300,#1301,#1302,#1303,#1304,#1305));
#3549=EDGE_LOOP('',(#1306,#1307,#1308,#1309,#1310,#1311));
#3550=EDGE_LOOP('',(#1312));
#3551=EDGE_LOOP('',(#1313,#1314,#1315,#1316,#1317,#1318));
#3552=EDGE_LOOP('',(#1319));
#3553=EDGE_LOOP('',(#1320,#1321));
#3554=EDGE_LOOP('',(#1322));
#3555=EDGE_LOOP('',(#1323));
#3556=EDGE_LOOP('',(#1324));
#3557=EDGE_LOOP('',(#1325));
#3558=EDGE_LOOP('',(#1326));
#3559=EDGE_LOOP('',(#1327,#1328));
#3560=EDGE_LOOP('',(#1329));
#3561=EDGE_LOOP('',(#1330));
#3562=EDGE_LOOP('',(#1331,#1332));
#3563=EDGE_LOOP('',(#1333));
#3564=EDGE_LOOP('',(#1334,#1335));
#3565=EDGE_LOOP('',(#1336,#1337,#1338,#1339));
#3566=EDGE_LOOP('',(#1340));
#3567=EDGE_LOOP('',(#1341));
#3568=EDGE_LOOP('',(#1342,#1343,#1344,#1345,#1346,#1347,#1348,#1349,#1350,
#1351,#1352));
#3569=EDGE_LOOP('',(#1353));
#3570=EDGE_LOOP('',(#1354));
#3571=EDGE_LOOP('',(#1355));
#3572=EDGE_LOOP('',(#1356));
#3573=EDGE_LOOP('',(#1357,#1358,#1359,#1360,#1361,#1362,#1363,#1364,#1365,
#1366,#1367,#1368));
#3574=EDGE_LOOP('',(#1369,#1370,#1371,#1372,#1373,#1374,#1375,#1376));
#3575=EDGE_LOOP('',(#1377,#1378,#1379,#1380,#1381,#1382,#1383,#1384,#1385,
#1386,#1387,#1388,#1389));
#3576=EDGE_LOOP('',(#1390));
#3577=EDGE_LOOP('',(#1391));
#3578=EDGE_LOOP('',(#1392,#1393,#1394,#1395,#1396,#1397,#1398,#1399));
#3579=EDGE_LOOP('',(#1400,#1401,#1402,#1403));
#3580=EDGE_LOOP('',(#1404,#1405,#1406,#1407,#1408,#1409,#1410,#1411));
#3581=EDGE_LOOP('',(#1412,#1413,#1414,#1415));
#3582=EDGE_LOOP('',(#1416,#1417,#1418,#1419));
#3583=EDGE_LOOP('',(#1420));
#3584=EDGE_LOOP('',(#1421));
#3585=EDGE_LOOP('',(#1422,#1423,#1424,#1425,#1426,#1427,#1428,#1429,#1430,
#1431,#1432));
#3586=EDGE_LOOP('',(#1433,#1434,#1435,#1436));
#3587=EDGE_LOOP('',(#1437,#1438,#1439,#1440));
#3588=EDGE_LOOP('',(#1441));
#3589=EDGE_LOOP('',(#1442));
#3590=EDGE_LOOP('',(#1443));
#3591=EDGE_LOOP('',(#1444));
#3592=EDGE_LOOP('',(#1445,#1446,#1447,#1448,#1449,#1450,#1451,#1452,#1453,
#1454,#1455,#1456));
#3593=EDGE_LOOP('',(#1457,#1458,#1459,#1460,#1461,#1462,#1463,#1464));
#3594=EDGE_LOOP('',(#1465));
#3595=EDGE_LOOP('',(#1466));
#3596=EDGE_LOOP('',(#1467,#1468,#1469,#1470,#1471,#1472,#1473,#1474,#1475,
#1476,#1477,#1478,#1479));
#3597=EDGE_LOOP('',(#1480,#1481,#1482,#1483,#1484,#1485,#1486,#1487));
#3598=EDGE_LOOP('',(#1488,#1489,#1490,#1491,#1492,#1493,#1494,#1495));
#3599=EDGE_LOOP('',(#1496,#1497,#1498,#1499,#1500,#1501,#1502,#1503));
#3600=EDGE_LOOP('',(#1504,#1505,#1506,#1507,#1508,#1509,#1510,#1511));
#3601=EDGE_LOOP('',(#1512,#1513,#1514,#1515));
#3602=EDGE_LOOP('',(#1516,#1517,#1518,#1519));
#3603=EDGE_LOOP('',(#1520));
#3604=EDGE_LOOP('',(#1521));
#3605=EDGE_LOOP('',(#1522));
#3606=EDGE_LOOP('',(#1523));
#3607=EDGE_LOOP('',(#1524,#1525,#1526,#1527,#1528,#1529,#1530,#1531));
#3608=EDGE_LOOP('',(#1532,#1533,#1534,#1535,#1536,#1537,#1538,#1539));
#3609=EDGE_LOOP('',(#1540,#1541,#1542,#1543,#1544,#1545,#1546,#1547));
#3610=EDGE_LOOP('',(#1548,#1549,#1550,#1551,#1552,#1553,#1554,#1555));
#3611=EDGE_LOOP('',(#1556,#1557,#1558,#1559));
#3612=EDGE_LOOP('',(#1560));
#3613=EDGE_LOOP('',(#1561));
#3614=EDGE_LOOP('',(#1562));
#3615=EDGE_LOOP('',(#1563));
#3616=EDGE_LOOP('',(#1564,#1565,#1566,#1567,#1568,#1569,#1570,#1571));
#3617=EDGE_LOOP('',(#1572,#1573,#1574,#1575));
#3618=EDGE_LOOP('',(#1576,#1577,#1578,#1579,#1580,#1581,#1582,#1583));
#3619=EDGE_LOOP('',(#1584,#1585,#1586,#1587));
#3620=EDGE_LOOP('',(#1588,#1589,#1590,#1591));
#3621=EDGE_LOOP('',(#1592,#1593));
#3622=EDGE_LOOP('',(#1594,#1595));
#3623=EDGE_LOOP('',(#1596));
#3624=EDGE_LOOP('',(#1597));
#3625=EDGE_LOOP('',(#1598));
#3626=EDGE_LOOP('',(#1599,#1600,#1601));
#3627=EDGE_LOOP('',(#1602));
#3628=EDGE_LOOP('',(#1603));
#3629=EDGE_LOOP('',(#1604));
#3630=EDGE_LOOP('',(#1605));
#3631=EDGE_LOOP('',(#1606));
#3632=EDGE_LOOP('',(#1607));
#3633=EDGE_LOOP('',(#1608));
#3634=EDGE_LOOP('',(#1609));
#3635=EDGE_LOOP('',(#1610));
#3636=EDGE_LOOP('',(#1611));
#3637=EDGE_LOOP('',(#1612));
#3638=EDGE_LOOP('',(#1613));
#3639=EDGE_LOOP('',(#1614));
#3640=EDGE_LOOP('',(#1615));
#3641=EDGE_LOOP('',(#1616));
#3642=EDGE_LOOP('',(#1617));
#3643=EDGE_LOOP('',(#1618));
#3644=EDGE_LOOP('',(#1619));
#3645=EDGE_LOOP('',(#1620));
#3646=EDGE_LOOP('',(#1621));
#3647=EDGE_LOOP('',(#1622,#1623,#1624,#1625));
#3648=EDGE_LOOP('',(#1626,#1627,#1628,#1629));
#3649=EDGE_LOOP('',(#1630,#1631,#1632,#1633,#1634,#1635));
#3650=EDGE_LOOP('',(#1636,#1637,#1638,#1639));
#3651=EDGE_LOOP('',(#1640,#1641,#1642,#1643));
#3652=EDGE_LOOP('',(#1644,#1645,#1646,#1647));
#3653=EDGE_LOOP('',(#1648,#1649,#1650,#1651));
#3654=EDGE_LOOP('',(#1652));
#3655=EDGE_LOOP('',(#1653,#1654,#1655,#1656));
#3656=EDGE_LOOP('',(#1657,#1658,#1659,#1660));
#3657=EDGE_LOOP('',(#1661,#1662,#1663,#1664));
#3658=EDGE_LOOP('',(#1665,#1666,#1667,#1668));
#3659=EDGE_LOOP('',(#1669,#1670,#1671,#1672));
#3660=EDGE_LOOP('',(#1673));
#3661=EDGE_LOOP('',(#1674,#1675,#1676,#1677));
#3662=EDGE_LOOP('',(#1678,#1679,#1680,#1681));
#3663=EDGE_LOOP('',(#1682,#1683,#1684,#1685));
#3664=EDGE_LOOP('',(#1686,#1687,#1688,#1689,#1690));
#3665=EDGE_LOOP('',(#1691));
#3666=EDGE_LOOP('',(#1692,#1693,#1694,#1695));
#3667=EDGE_LOOP('',(#1696,#1697,#1698,#1699));
#3668=EDGE_LOOP('',(#1700,#1701,#1702,#1703));
#3669=EDGE_LOOP('',(#1704,#1705,#1706,#1707,#1708));
#3670=EDGE_LOOP('',(#1709));
#3671=EDGE_LOOP('',(#1710,#1711,#1712,#1713));
#3672=EDGE_LOOP('',(#1714,#1715,#1716,#1717));
#3673=EDGE_LOOP('',(#1718,#1719,#1720,#1721));
#3674=EDGE_LOOP('',(#1722,#1723,#1724,#1725,#1726));
#3675=EDGE_LOOP('',(#1727));
#3676=EDGE_LOOP('',(#1728,#1729,#1730,#1731));
#3677=EDGE_LOOP('',(#1732,#1733,#1734,#1735));
#3678=EDGE_LOOP('',(#1736,#1737,#1738,#1739));
#3679=EDGE_LOOP('',(#1740));
#3680=EDGE_LOOP('',(#1741,#1742,#1743,#1744,#1745));
#3681=EDGE_LOOP('',(#1746));
#3682=EDGE_LOOP('',(#1747));
#3683=EDGE_LOOP('',(#1748));
#3684=EDGE_LOOP('',(#1749));
#3685=EDGE_LOOP('',(#1750));
#3686=EDGE_LOOP('',(#1751));
#3687=EDGE_LOOP('',(#1752));
#3688=EDGE_LOOP('',(#1753));
#3689=EDGE_LOOP('',(#1754));
#3690=EDGE_LOOP('',(#1755));
#3691=EDGE_LOOP('',(#1756));
#3692=EDGE_LOOP('',(#1757));
#3693=EDGE_LOOP('',(#1758));
#3694=EDGE_LOOP('',(#1759));
#3695=EDGE_LOOP('',(#1760));
#3696=EDGE_LOOP('',(#1761));
#3697=EDGE_LOOP('',(#1762));
#3698=EDGE_LOOP('',(#1763));
#3699=EDGE_LOOP('',(#1764));
#3700=EDGE_LOOP('',(#1765));
#3701=EDGE_LOOP('',(#1766));
#3702=EDGE_LOOP('',(#1767));
#3703=EDGE_LOOP('',(#1768));
#3704=EDGE_LOOP('',(#1769));
#3705=EDGE_LOOP('',(#1770));
#3706=EDGE_LOOP('',(#1771));
#3707=EDGE_LOOP('',(#1772));
#3708=EDGE_LOOP('',(#1773));
#3709=EDGE_LOOP('',(#1774));
#3710=EDGE_LOOP('',(#1775));
#3711=EDGE_LOOP('',(#1776,#1777,#1778,#1779));
#3712=EDGE_LOOP('',(#1780,#1781,#1782,#1783,#1784));
#3713=EDGE_LOOP('',(#1785,#1786,#1787,#1788));
#3714=EDGE_LOOP('',(#1789,#1790,#1791,#1792));
#3715=EDGE_LOOP('',(#1793,#1794,#1795,#1796));
#3716=EDGE_LOOP('',(#1797,#1798,#1799));
#3717=EDGE_LOOP('',(#1800,#1801,#1802,#1803,#1804));
#3718=EDGE_LOOP('',(#1805,#1806,#1807,#1808,#1809));
#3719=EDGE_LOOP('',(#1810,#1811,#1812,#1813));
#3720=EDGE_LOOP('',(#1814,#1815,#1816,#1817,#1818));
#3721=EDGE_LOOP('',(#1819,#1820,#1821));
#3722=EDGE_LOOP('',(#1822,#1823,#1824,#1825));
#3723=EDGE_LOOP('',(#1826,#1827,#1828,#1829));
#3724=EDGE_LOOP('',(#1830,#1831,#1832,#1833));
#3725=EDGE_LOOP('',(#1834,#1835,#1836,#1837));
#3726=EDGE_LOOP('',(#1838,#1839,#1840,#1841));
#3727=EDGE_LOOP('',(#1842,#1843,#1844));
#3728=EDGE_LOOP('',(#1845,#1846,#1847,#1848));
#3729=EDGE_LOOP('',(#1849,#1850,#1851,#1852));
#3730=EDGE_LOOP('',(#1853,#1854,#1855,#1856));
#3731=EDGE_LOOP('',(#1857,#1858,#1859,#1860));
#3732=EDGE_LOOP('',(#1861,#1862,#1863,#1864));
#3733=EDGE_LOOP('',(#1865,#1866,#1867,#1868,#1869));
#3734=EDGE_LOOP('',(#1870,#1871,#1872,#1873));
#3735=EDGE_LOOP('',(#1874,#1875,#1876,#1877));
#3736=EDGE_LOOP('',(#1878,#1879,#1880,#1881));
#3737=EDGE_LOOP('',(#1882,#1883,#1884,#1885));
#3738=EDGE_LOOP('',(#1886,#1887,#1888,#1889,#1890));
#3739=EDGE_LOOP('',(#1891,#1892,#1893,#1894));
#3740=EDGE_LOOP('',(#1895,#1896,#1897,#1898));
#3741=EDGE_LOOP('',(#1899,#1900,#1901,#1902,#1903));
#3742=EDGE_LOOP('',(#1904,#1905,#1906,#1907));
#3743=EDGE_LOOP('',(#1908,#1909,#1910,#1911));
#3744=EDGE_LOOP('',(#1912,#1913,#1914));
#3745=EDGE_LOOP('',(#1915,#1916,#1917,#1918));
#3746=EDGE_LOOP('',(#1919,#1920,#1921,#1922,#1923));
#3747=EDGE_LOOP('',(#1924,#1925,#1926,#1927,#1928));
#3748=EDGE_LOOP('',(#1929,#1930,#1931,#1932));
#3749=EDGE_LOOP('',(#1933,#1934,#1935,#1936));
#3750=EDGE_LOOP('',(#1937,#1938,#1939));
#3751=EDGE_LOOP('',(#1940,#1941,#1942,#1943));
#3752=EDGE_LOOP('',(#1944,#1945,#1946,#1947));
#3753=EDGE_LOOP('',(#1948,#1949,#1950));
#3754=EDGE_LOOP('',(#1951,#1952,#1953,#1954));
#3755=EDGE_LOOP('',(#1955,#1956,#1957,#1958));
#3756=EDGE_LOOP('',(#1959,#1960,#1961,#1962));
#3757=EDGE_LOOP('',(#1963,#1964,#1965));
#3758=EDGE_LOOP('',(#1966,#1967,#1968,#1969));
#3759=EDGE_LOOP('',(#1970,#1971,#1972));
#3760=EDGE_LOOP('',(#1973,#1974,#1975,#1976));
#3761=EDGE_LOOP('',(#1977,#1978,#1979,#1980,#1981));
#3762=EDGE_LOOP('',(#1982,#1983,#1984,#1985));
#3763=EDGE_LOOP('',(#1986,#1987,#1988,#1989,#1990));
#3764=EDGE_LOOP('',(#1991,#1992,#1993,#1994));
#3765=EDGE_LOOP('',(#1995,#1996,#1997,#1998));
#3766=EDGE_LOOP('',(#1999,#2000,#2001,#2002));
#3767=EDGE_LOOP('',(#2003,#2004,#2005,#2006));
#3768=EDGE_LOOP('',(#2007,#2008,#2009));
#3769=EDGE_LOOP('',(#2010,#2011,#2012,#2013));
#3770=EDGE_LOOP('',(#2014,#2015,#2016,#2017));
#3771=EDGE_LOOP('',(#2018,#2019,#2020,#2021,#2022));
#3772=EDGE_LOOP('',(#2023,#2024,#2025,#2026));
#3773=EDGE_LOOP('',(#2027,#2028,#2029,#2030));
#3774=EDGE_LOOP('',(#2031,#2032,#2033,#2034));
#3775=EDGE_LOOP('',(#2035,#2036,#2037,#2038));
#3776=EDGE_LOOP('',(#2039,#2040,#2041,#2042));
#3777=EDGE_LOOP('',(#2043,#2044,#2045,#2046));
#3778=EDGE_LOOP('',(#2047,#2048,#2049,#2050));
#3779=EDGE_LOOP('',(#2051,#2052,#2053,#2054));
#3780=EDGE_LOOP('',(#2055,#2056,#2057));
#3781=EDGE_LOOP('',(#2058,#2059,#2060));
#3782=EDGE_LOOP('',(#2061,#2062,#2063,#2064,#2065));
#3783=EDGE_LOOP('',(#2066,#2067,#2068,#2069));
#3784=EDGE_LOOP('',(#2070,#2071,#2072,#2073));
#3785=EDGE_LOOP('',(#2074,#2075,#2076,#2077));
#3786=EDGE_LOOP('',(#2078,#2079,#2080));
#3787=EDGE_LOOP('',(#2081,#2082,#2083,#2084));
#3788=EDGE_LOOP('',(#2085,#2086,#2087,#2088));
#3789=EDGE_LOOP('',(#2089,#2090,#2091,#2092));
#3790=EDGE_LOOP('',(#2093,#2094,#2095,#2096));
#3791=EDGE_LOOP('',(#2097,#2098,#2099,#2100));
#3792=EDGE_LOOP('',(#2101,#2102,#2103,#2104));
#3793=EDGE_LOOP('',(#2105,#2106,#2107));
#3794=EDGE_LOOP('',(#2108,#2109,#2110,#2111));
#3795=EDGE_LOOP('',(#2112,#2113,#2114,#2115));
#3796=EDGE_LOOP('',(#2116,#2117,#2118));
#3797=EDGE_LOOP('',(#2119,#2120,#2121));
#3798=EDGE_LOOP('',(#2122,#2123,#2124));
#3799=EDGE_LOOP('',(#2125,#2126,#2127,#2128));
#3800=EDGE_LOOP('',(#2129,#2130,#2131,#2132));
#3801=EDGE_LOOP('',(#2133,#2134,#2135));
#3802=EDGE_LOOP('',(#2136,#2137,#2138,#2139));
#3803=EDGE_LOOP('',(#2140,#2141,#2142,#2143));
#3804=EDGE_LOOP('',(#2144,#2145,#2146,#2147));
#3805=EDGE_LOOP('',(#2148,#2149,#2150,#2151));
#3806=EDGE_LOOP('',(#2152,#2153,#2154,#2155));
#3807=EDGE_LOOP('',(#2156,#2157,#2158));
#3808=EDGE_LOOP('',(#2159,#2160,#2161,#2162));
#3809=EDGE_LOOP('',(#2163,#2164,#2165));
#3810=EDGE_LOOP('',(#2166,#2167,#2168,#2169));
#3811=EDGE_LOOP('',(#2170,#2171,#2172,#2173));
#3812=EDGE_LOOP('',(#2174,#2175,#2176));
#3813=EDGE_LOOP('',(#2177,#2178,#2179));
#3814=EDGE_LOOP('',(#2180,#2181,#2182,#2183));
#3815=EDGE_LOOP('',(#2184,#2185,#2186,#2187));
#3816=EDGE_LOOP('',(#2188,#2189,#2190,#2191));
#3817=EDGE_LOOP('',(#2192,#2193,#2194,#2195));
#3818=EDGE_LOOP('',(#2196,#2197,#2198,#2199));
#3819=EDGE_LOOP('',(#2200,#2201,#2202,#2203));
#3820=EDGE_LOOP('',(#2204,#2205,#2206,#2207));
#3821=EDGE_LOOP('',(#2208,#2209,#2210,#2211));
#3822=EDGE_LOOP('',(#2212,#2213,#2214,#2215));
#3823=EDGE_LOOP('',(#2216,#2217,#2218,#2219));
#3824=EDGE_LOOP('',(#2220,#2221,#2222,#2223));
#3825=EDGE_LOOP('',(#2224,#2225,#2226,#2227));
#3826=EDGE_LOOP('',(#2228,#2229,#2230));
#3827=EDGE_LOOP('',(#2231,#2232,#2233,#2234));
#3828=EDGE_LOOP('',(#2235,#2236,#2237));
#3829=EDGE_LOOP('',(#2238,#2239,#2240,#2241));
#3830=EDGE_LOOP('',(#2242,#2243,#2244));
#3831=EDGE_LOOP('',(#2245,#2246,#2247,#2248));
#3832=EDGE_LOOP('',(#2249,#2250,#2251,#2252));
#3833=EDGE_LOOP('',(#2253,#2254,#2255));
#3834=EDGE_LOOP('',(#2256,#2257,#2258,#2259));
#3835=EDGE_LOOP('',(#2260,#2261,#2262,#2263));
#3836=EDGE_LOOP('',(#2264,#2265,#2266));
#3837=EDGE_LOOP('',(#2267,#2268,#2269,#2270));
#3838=EDGE_LOOP('',(#2271,#2272,#2273,#2274));
#3839=EDGE_LOOP('',(#2275,#2276,#2277));
#3840=EDGE_LOOP('',(#2278,#2279,#2280,#2281));
#3841=EDGE_LOOP('',(#2282,#2283,#2284,#2285));
#3842=EDGE_LOOP('',(#2286,#2287,#2288,#2289));
#3843=EDGE_LOOP('',(#2290,#2291,#2292,#2293));
#3844=EDGE_LOOP('',(#2294,#2295,#2296,#2297));
#3845=EDGE_LOOP('',(#2298,#2299,#2300,#2301));
#3846=EDGE_LOOP('',(#2302,#2303,#2304,#2305));
#3847=EDGE_LOOP('',(#2306,#2307,#2308,#2309));
#3848=EDGE_LOOP('',(#2310,#2311,#2312,#2313));
#3849=EDGE_LOOP('',(#2314,#2315,#2316));
#3850=EDGE_LOOP('',(#2317,#2318,#2319));
#3851=EDGE_LOOP('',(#2320,#2321,#2322,#2323));
#3852=EDGE_LOOP('',(#2324));
#3853=EDGE_LOOP('',(#2325));
#3854=EDGE_LOOP('',(#2326,#2327,#2328,#2329));
#3855=EDGE_LOOP('',(#2330));
#3856=EDGE_LOOP('',(#2331));
#3857=EDGE_LOOP('',(#2332,#2333,#2334,#2335));
#3858=EDGE_LOOP('',(#2336));
#3859=EDGE_LOOP('',(#2337));
#3860=EDGE_LOOP('',(#2338));
#3861=EDGE_LOOP('',(#2339));
#3862=EDGE_LOOP('',(#2340,#2341));
#3863=EDGE_LOOP('',(#2342,#2343));
#3864=EDGE_LOOP('',(#2344));
#3865=EDGE_LOOP('',(#2345));
#3866=EDGE_LOOP('',(#2346));
#3867=EDGE_LOOP('',(#2347));
#3868=EDGE_LOOP('',(#2348));
#3869=EDGE_LOOP('',(#2349));
#3870=EDGE_LOOP('',(#2350));
#3871=EDGE_LOOP('',(#2351));
#3872=EDGE_LOOP('',(#2352));
#3873=EDGE_LOOP('',(#2353));
#3874=EDGE_LOOP('',(#2354));
#3875=EDGE_LOOP('',(#2355,#2356,#2357));
#3876=EDGE_LOOP('',(#2358));
#3877=EDGE_LOOP('',(#2359));
#3878=EDGE_LOOP('',(#2360));
#3879=EDGE_LOOP('',(#2361));
#3880=EDGE_LOOP('',(#2362));
#3881=EDGE_LOOP('',(#2363));
#3882=EDGE_LOOP('',(#2364));
#3883=EDGE_LOOP('',(#2365));
#3884=EDGE_LOOP('',(#2366));
#3885=EDGE_LOOP('',(#2367));
#3886=EDGE_LOOP('',(#2368));
#3887=EDGE_LOOP('',(#2369));
#3888=FACE_BOUND('',#3511,.T.);
#3889=FACE_BOUND('',#3512,.T.);
#3890=FACE_BOUND('',#3513,.T.);
#3891=FACE_BOUND('',#3514,.T.);
#3892=FACE_BOUND('',#3515,.T.);
#3893=FACE_BOUND('',#3516,.T.);
#3894=FACE_BOUND('',#3517,.T.);
#3895=FACE_BOUND('',#3518,.T.);
#3896=FACE_BOUND('',#3519,.T.);
#3897=FACE_BOUND('',#3520,.T.);
#3898=FACE_BOUND('',#3521,.T.);
#3899=FACE_BOUND('',#3522,.T.);
#3900=FACE_BOUND('',#3523,.T.);
#3901=FACE_BOUND('',#3524,.T.);
#3902=FACE_BOUND('',#3525,.T.);
#3903=FACE_BOUND('',#3526,.T.);
#3904=FACE_BOUND('',#3527,.T.);
#3905=FACE_BOUND('',#3528,.T.);
#3906=FACE_BOUND('',#3529,.T.);
#3907=FACE_BOUND('',#3530,.T.);
#3908=FACE_BOUND('',#3531,.T.);
#3909=FACE_BOUND('',#3532,.T.);
#3910=FACE_BOUND('',#3533,.T.);
#3911=FACE_BOUND('',#3534,.T.);
#3912=FACE_BOUND('',#3535,.T.);
#3913=FACE_BOUND('',#3536,.T.);
#3914=FACE_BOUND('',#3537,.T.);
#3915=FACE_BOUND('',#3538,.T.);
#3916=FACE_BOUND('',#3539,.T.);
#3917=FACE_BOUND('',#3540,.T.);
#3918=FACE_BOUND('',#3541,.T.);
#3919=FACE_BOUND('',#3542,.T.);
#3920=FACE_BOUND('',#3543,.T.);
#3921=FACE_BOUND('',#3544,.T.);
#3922=FACE_BOUND('',#3545,.T.);
#3923=FACE_BOUND('',#3546,.T.);
#3924=FACE_BOUND('',#3547,.T.);
#3925=FACE_BOUND('',#3548,.T.);
#3926=FACE_BOUND('',#3549,.T.);
#3927=FACE_BOUND('',#3550,.T.);
#3928=FACE_BOUND('',#3551,.T.);
#3929=FACE_BOUND('',#3552,.T.);
#3930=FACE_BOUND('',#3553,.T.);
#3931=FACE_BOUND('',#3554,.T.);
#3932=FACE_BOUND('',#3555,.T.);
#3933=FACE_BOUND('',#3556,.T.);
#3934=FACE_BOUND('',#3557,.T.);
#3935=FACE_BOUND('',#3558,.T.);
#3936=FACE_BOUND('',#3559,.T.);
#3937=FACE_BOUND('',#3560,.T.);
#3938=FACE_BOUND('',#3561,.T.);
#3939=FACE_BOUND('',#3562,.T.);
#3940=FACE_BOUND('',#3563,.T.);
#3941=FACE_BOUND('',#3564,.T.);
#3942=FACE_BOUND('',#3565,.T.);
#3943=FACE_BOUND('',#3566,.T.);
#3944=FACE_BOUND('',#3567,.T.);
#3945=FACE_BOUND('',#3568,.T.);
#3946=FACE_BOUND('',#3569,.T.);
#3947=FACE_BOUND('',#3570,.T.);
#3948=FACE_BOUND('',#3571,.T.);
#3949=FACE_BOUND('',#3572,.T.);
#3950=FACE_BOUND('',#3573,.T.);
#3951=FACE_BOUND('',#3574,.T.);
#3952=FACE_BOUND('',#3575,.T.);
#3953=FACE_BOUND('',#3576,.T.);
#3954=FACE_BOUND('',#3577,.T.);
#3955=FACE_BOUND('',#3578,.T.);
#3956=FACE_BOUND('',#3579,.T.);
#3957=FACE_BOUND('',#3580,.T.);
#3958=FACE_BOUND('',#3581,.T.);
#3959=FACE_BOUND('',#3582,.T.);
#3960=FACE_BOUND('',#3583,.T.);
#3961=FACE_BOUND('',#3584,.T.);
#3962=FACE_BOUND('',#3585,.T.);
#3963=FACE_BOUND('',#3586,.T.);
#3964=FACE_BOUND('',#3587,.T.);
#3965=FACE_BOUND('',#3588,.T.);
#3966=FACE_BOUND('',#3589,.T.);
#3967=FACE_BOUND('',#3590,.T.);
#3968=FACE_BOUND('',#3591,.T.);
#3969=FACE_BOUND('',#3592,.T.);
#3970=FACE_BOUND('',#3593,.T.);
#3971=FACE_BOUND('',#3594,.T.);
#3972=FACE_BOUND('',#3595,.T.);
#3973=FACE_BOUND('',#3596,.T.);
#3974=FACE_BOUND('',#3597,.T.);
#3975=FACE_BOUND('',#3598,.T.);
#3976=FACE_BOUND('',#3599,.T.);
#3977=FACE_BOUND('',#3600,.T.);
#3978=FACE_BOUND('',#3601,.T.);
#3979=FACE_BOUND('',#3602,.T.);
#3980=FACE_BOUND('',#3603,.T.);
#3981=FACE_BOUND('',#3604,.T.);
#3982=FACE_BOUND('',#3605,.T.);
#3983=FACE_BOUND('',#3606,.T.);
#3984=FACE_BOUND('',#3607,.T.);
#3985=FACE_BOUND('',#3608,.T.);
#3986=FACE_BOUND('',#3609,.T.);
#3987=FACE_BOUND('',#3610,.T.);
#3988=FACE_BOUND('',#3611,.T.);
#3989=FACE_BOUND('',#3612,.T.);
#3990=FACE_BOUND('',#3613,.T.);
#3991=FACE_BOUND('',#3614,.T.);
#3992=FACE_BOUND('',#3615,.T.);
#3993=FACE_BOUND('',#3616,.T.);
#3994=FACE_BOUND('',#3617,.T.);
#3995=FACE_BOUND('',#3618,.T.);
#3996=FACE_BOUND('',#3619,.T.);
#3997=FACE_BOUND('',#3620,.T.);
#3998=FACE_BOUND('',#3621,.T.);
#3999=FACE_BOUND('',#3622,.T.);
#4000=FACE_BOUND('',#3623,.T.);
#4001=FACE_BOUND('',#3624,.T.);
#4002=FACE_BOUND('',#3625,.T.);
#4003=FACE_BOUND('',#3626,.T.);
#4004=FACE_BOUND('',#3627,.T.);
#4005=FACE_BOUND('',#3628,.T.);
#4006=FACE_BOUND('',#3629,.T.);
#4007=FACE_BOUND('',#3630,.T.);
#4008=FACE_BOUND('',#3631,.T.);
#4009=FACE_BOUND('',#3632,.T.);
#4010=FACE_BOUND('',#3633,.T.);
#4011=FACE_BOUND('',#3634,.T.);
#4012=FACE_BOUND('',#3635,.T.);
#4013=FACE_BOUND('',#3636,.T.);
#4014=FACE_BOUND('',#3637,.T.);
#4015=FACE_BOUND('',#3638,.T.);
#4016=FACE_BOUND('',#3639,.T.);
#4017=FACE_BOUND('',#3640,.T.);
#4018=FACE_BOUND('',#3641,.T.);
#4019=FACE_BOUND('',#3642,.T.);
#4020=FACE_BOUND('',#3643,.T.);
#4021=FACE_BOUND('',#3644,.T.);
#4022=FACE_BOUND('',#3645,.T.);
#4023=FACE_BOUND('',#3646,.T.);
#4024=FACE_BOUND('',#3647,.T.);
#4025=FACE_BOUND('',#3648,.T.);
#4026=FACE_BOUND('',#3649,.T.);
#4027=FACE_BOUND('',#3650,.T.);
#4028=FACE_BOUND('',#3651,.T.);
#4029=FACE_BOUND('',#3652,.T.);
#4030=FACE_BOUND('',#3653,.T.);
#4031=FACE_BOUND('',#3654,.T.);
#4032=FACE_BOUND('',#3655,.T.);
#4033=FACE_BOUND('',#3656,.T.);
#4034=FACE_BOUND('',#3657,.T.);
#4035=FACE_BOUND('',#3658,.T.);
#4036=FACE_BOUND('',#3659,.T.);
#4037=FACE_BOUND('',#3660,.T.);
#4038=FACE_BOUND('',#3661,.T.);
#4039=FACE_BOUND('',#3662,.T.);
#4040=FACE_BOUND('',#3663,.T.);
#4041=FACE_BOUND('',#3664,.T.);
#4042=FACE_BOUND('',#3665,.T.);
#4043=FACE_BOUND('',#3666,.T.);
#4044=FACE_BOUND('',#3667,.T.);
#4045=FACE_BOUND('',#3668,.T.);
#4046=FACE_BOUND('',#3669,.T.);
#4047=FACE_BOUND('',#3670,.T.);
#4048=FACE_BOUND('',#3671,.T.);
#4049=FACE_BOUND('',#3672,.T.);
#4050=FACE_BOUND('',#3673,.T.);
#4051=FACE_BOUND('',#3674,.T.);
#4052=FACE_BOUND('',#3675,.T.);
#4053=FACE_BOUND('',#3676,.T.);
#4054=FACE_BOUND('',#3677,.T.);
#4055=FACE_BOUND('',#3678,.T.);
#4056=FACE_BOUND('',#3679,.T.);
#4057=FACE_BOUND('',#3680,.T.);
#4058=FACE_BOUND('',#3681,.T.);
#4059=FACE_BOUND('',#3682,.T.);
#4060=FACE_BOUND('',#3683,.T.);
#4061=FACE_BOUND('',#3684,.T.);
#4062=FACE_BOUND('',#3685,.T.);
#4063=FACE_BOUND('',#3686,.T.);
#4064=FACE_BOUND('',#3687,.T.);
#4065=FACE_BOUND('',#3688,.T.);
#4066=FACE_BOUND('',#3689,.T.);
#4067=FACE_BOUND('',#3690,.T.);
#4068=FACE_BOUND('',#3691,.T.);
#4069=FACE_BOUND('',#3692,.T.);
#4070=FACE_BOUND('',#3693,.T.);
#4071=FACE_BOUND('',#3694,.T.);
#4072=FACE_BOUND('',#3695,.T.);
#4073=FACE_BOUND('',#3696,.T.);
#4074=FACE_BOUND('',#3697,.T.);
#4075=FACE_BOUND('',#3698,.T.);
#4076=FACE_BOUND('',#3699,.T.);
#4077=FACE_BOUND('',#3700,.T.);
#4078=FACE_BOUND('',#3701,.T.);
#4079=FACE_BOUND('',#3702,.T.);
#4080=FACE_BOUND('',#3703,.T.);
#4081=FACE_BOUND('',#3704,.T.);
#4082=FACE_BOUND('',#3705,.T.);
#4083=FACE_BOUND('',#3706,.T.);
#4084=FACE_BOUND('',#3707,.T.);
#4085=FACE_BOUND('',#3708,.T.);
#4086=FACE_BOUND('',#3709,.T.);
#4087=FACE_BOUND('',#3710,.T.);
#4088=FACE_BOUND('',#3711,.T.);
#4089=FACE_BOUND('',#3712,.T.);
#4090=FACE_BOUND('',#3713,.T.);
#4091=FACE_BOUND('',#3714,.T.);
#4092=FACE_BOUND('',#3715,.T.);
#4093=FACE_BOUND('',#3716,.T.);
#4094=FACE_BOUND('',#3717,.T.);
#4095=FACE_BOUND('',#3718,.T.);
#4096=FACE_BOUND('',#3719,.T.);
#4097=FACE_BOUND('',#3720,.T.);
#4098=FACE_BOUND('',#3721,.T.);
#4099=FACE_BOUND('',#3722,.T.);
#4100=FACE_BOUND('',#3723,.T.);
#4101=FACE_BOUND('',#3724,.T.);
#4102=FACE_BOUND('',#3725,.T.);
#4103=FACE_BOUND('',#3726,.T.);
#4104=FACE_BOUND('',#3727,.T.);
#4105=FACE_BOUND('',#3728,.T.);
#4106=FACE_BOUND('',#3729,.T.);
#4107=FACE_BOUND('',#3730,.T.);
#4108=FACE_BOUND('',#3731,.T.);
#4109=FACE_BOUND('',#3732,.T.);
#4110=FACE_BOUND('',#3733,.T.);
#4111=FACE_BOUND('',#3734,.T.);
#4112=FACE_BOUND('',#3735,.T.);
#4113=FACE_BOUND('',#3736,.T.);
#4114=FACE_BOUND('',#3737,.T.);
#4115=FACE_BOUND('',#3738,.T.);
#4116=FACE_BOUND('',#3739,.T.);
#4117=FACE_BOUND('',#3740,.T.);
#4118=FACE_BOUND('',#3741,.T.);
#4119=FACE_BOUND('',#3742,.T.);
#4120=FACE_BOUND('',#3743,.T.);
#4121=FACE_BOUND('',#3744,.T.);
#4122=FACE_BOUND('',#3745,.T.);
#4123=FACE_BOUND('',#3746,.T.);
#4124=FACE_BOUND('',#3747,.T.);
#4125=FACE_BOUND('',#3748,.T.);
#4126=FACE_BOUND('',#3749,.T.);
#4127=FACE_BOUND('',#3750,.T.);
#4128=FACE_BOUND('',#3751,.T.);
#4129=FACE_BOUND('',#3752,.T.);
#4130=FACE_BOUND('',#3753,.T.);
#4131=FACE_BOUND('',#3754,.T.);
#4132=FACE_BOUND('',#3755,.T.);
#4133=FACE_BOUND('',#3756,.T.);
#4134=FACE_BOUND('',#3757,.T.);
#4135=FACE_BOUND('',#3758,.T.);
#4136=FACE_BOUND('',#3759,.T.);
#4137=FACE_BOUND('',#3760,.T.);
#4138=FACE_BOUND('',#3761,.T.);
#4139=FACE_BOUND('',#3762,.T.);
#4140=FACE_BOUND('',#3763,.T.);
#4141=FACE_BOUND('',#3764,.T.);
#4142=FACE_BOUND('',#3765,.T.);
#4143=FACE_BOUND('',#3766,.T.);
#4144=FACE_BOUND('',#3767,.T.);
#4145=FACE_BOUND('',#3768,.T.);
#4146=FACE_BOUND('',#3769,.T.);
#4147=FACE_BOUND('',#3770,.T.);
#4148=FACE_BOUND('',#3771,.T.);
#4149=FACE_BOUND('',#3772,.T.);
#4150=FACE_BOUND('',#3773,.T.);
#4151=FACE_BOUND('',#3774,.T.);
#4152=FACE_BOUND('',#3775,.T.);
#4153=FACE_BOUND('',#3776,.T.);
#4154=FACE_BOUND('',#3777,.T.);
#4155=FACE_BOUND('',#3778,.T.);
#4156=FACE_BOUND('',#3779,.T.);
#4157=FACE_BOUND('',#3780,.T.);
#4158=FACE_BOUND('',#3781,.T.);
#4159=FACE_BOUND('',#3782,.T.);
#4160=FACE_BOUND('',#3783,.T.);
#4161=FACE_BOUND('',#3784,.T.);
#4162=FACE_BOUND('',#3785,.T.);
#4163=FACE_BOUND('',#3786,.T.);
#4164=FACE_BOUND('',#3787,.T.);
#4165=FACE_BOUND('',#3788,.T.);
#4166=FACE_BOUND('',#3789,.T.);
#4167=FACE_BOUND('',#3790,.T.);
#4168=FACE_BOUND('',#3791,.T.);
#4169=FACE_BOUND('',#3792,.T.);
#4170=FACE_BOUND('',#3793,.T.);
#4171=FACE_BOUND('',#3794,.T.);
#4172=FACE_BOUND('',#3795,.T.);
#4173=FACE_BOUND('',#3796,.T.);
#4174=FACE_BOUND('',#3797,.T.);
#4175=FACE_BOUND('',#3798,.T.);
#4176=FACE_BOUND('',#3799,.T.);
#4177=FACE_BOUND('',#3800,.T.);
#4178=FACE_BOUND('',#3801,.T.);
#4179=FACE_BOUND('',#3802,.T.);
#4180=FACE_BOUND('',#3803,.T.);
#4181=FACE_BOUND('',#3804,.T.);
#4182=FACE_BOUND('',#3805,.T.);
#4183=FACE_BOUND('',#3806,.T.);
#4184=FACE_BOUND('',#3807,.T.);
#4185=FACE_BOUND('',#3808,.T.);
#4186=FACE_BOUND('',#3809,.T.);
#4187=FACE_BOUND('',#3810,.T.);
#4188=FACE_BOUND('',#3811,.T.);
#4189=FACE_BOUND('',#3812,.T.);
#4190=FACE_BOUND('',#3813,.T.);
#4191=FACE_BOUND('',#3814,.T.);
#4192=FACE_BOUND('',#3815,.T.);
#4193=FACE_BOUND('',#3816,.T.);
#4194=FACE_BOUND('',#3817,.T.);
#4195=FACE_BOUND('',#3818,.T.);
#4196=FACE_BOUND('',#3819,.T.);
#4197=FACE_BOUND('',#3820,.T.);
#4198=FACE_BOUND('',#3821,.T.);
#4199=FACE_BOUND('',#3822,.T.);
#4200=FACE_BOUND('',#3823,.T.);
#4201=FACE_BOUND('',#3824,.T.);
#4202=FACE_BOUND('',#3825,.T.);
#4203=FACE_BOUND('',#3826,.T.);
#4204=FACE_BOUND('',#3827,.T.);
#4205=FACE_BOUND('',#3828,.T.);
#4206=FACE_BOUND('',#3829,.T.);
#4207=FACE_BOUND('',#3830,.T.);
#4208=FACE_BOUND('',#3831,.T.);
#4209=FACE_BOUND('',#3832,.T.);
#4210=FACE_BOUND('',#3833,.T.);
#4211=FACE_BOUND('',#3834,.T.);
#4212=FACE_BOUND('',#3835,.T.);
#4213=FACE_BOUND('',#3836,.T.);
#4214=FACE_BOUND('',#3837,.T.);
#4215=FACE_BOUND('',#3838,.T.);
#4216=FACE_BOUND('',#3839,.T.);
#4217=FACE_BOUND('',#3840,.T.);
#4218=FACE_BOUND('',#3841,.T.);
#4219=FACE_BOUND('',#3842,.T.);
#4220=FACE_BOUND('',#3843,.T.);
#4221=FACE_BOUND('',#3844,.T.);
#4222=FACE_BOUND('',#3845,.T.);
#4223=FACE_BOUND('',#3846,.T.);
#4224=FACE_BOUND('',#3847,.T.);
#4225=FACE_BOUND('',#3848,.T.);
#4226=FACE_BOUND('',#3849,.T.);
#4227=FACE_BOUND('',#3850,.T.);
#4228=FACE_BOUND('',#3851,.T.);
#4229=FACE_BOUND('',#3852,.T.);
#4230=FACE_BOUND('',#3853,.T.);
#4231=FACE_BOUND('',#3854,.T.);
#4232=FACE_BOUND('',#3855,.T.);
#4233=FACE_BOUND('',#3856,.T.);
#4234=FACE_BOUND('',#3857,.T.);
#4235=FACE_BOUND('',#3858,.T.);
#4236=FACE_BOUND('',#3859,.T.);
#4237=FACE_BOUND('',#3860,.T.);
#4238=FACE_BOUND('',#3861,.T.);
#4239=FACE_BOUND('',#3862,.T.);
#4240=FACE_BOUND('',#3863,.T.);
#4241=FACE_BOUND('',#3864,.T.);
#4242=FACE_BOUND('',#3865,.T.);
#4243=FACE_BOUND('',#3866,.T.);
#4244=FACE_BOUND('',#3867,.T.);
#4245=FACE_BOUND('',#3868,.T.);
#4246=FACE_BOUND('',#3869,.T.);
#4247=FACE_BOUND('',#3870,.T.);
#4248=FACE_BOUND('',#3871,.T.);
#4249=FACE_BOUND('',#3872,.T.);
#4250=FACE_BOUND('',#3873,.T.);
#4251=FACE_BOUND('',#3874,.T.);
#4252=FACE_BOUND('',#3875,.T.);
#4253=FACE_BOUND('',#3876,.T.);
#4254=FACE_BOUND('',#3877,.T.);
#4255=FACE_BOUND('',#3878,.T.);
#4256=FACE_BOUND('',#3879,.T.);
#4257=FACE_BOUND('',#3880,.T.);
#4258=FACE_BOUND('',#3881,.T.);
#4259=FACE_BOUND('',#3882,.T.);
#4260=FACE_BOUND('',#3883,.T.);
#4261=FACE_BOUND('',#3884,.T.);
#4262=FACE_BOUND('',#3885,.T.);
#4263=FACE_BOUND('',#3886,.T.);
#4264=FACE_BOUND('',#3887,.T.);
#4265=PLANE('',#4794);
#4266=PLANE('',#4801);
#4267=PLANE('',#4803);
#4268=PLANE('',#4827);
#4269=PLANE('',#4836);
#4270=PLANE('',#4837);
#4271=PLANE('',#4838);
#4272=PLANE('',#4849);
#4273=PLANE('',#4882);
#4274=PLANE('',#4883);
#4275=PLANE('',#4886);
#4276=PLANE('',#4890);
#4277=PLANE('',#4891);
#4278=PLANE('',#4892);
#4279=PLANE('',#4893);
#4280=PLANE('',#4894);
#4281=PLANE('',#4895);
#4282=PLANE('',#4896);
#4283=PLANE('',#4897);
#4284=PLANE('',#4898);
#4285=PLANE('',#4901);
#4286=PLANE('',#4902);
#4287=PLANE('',#4903);
#4288=PLANE('',#4907);
#4289=PLANE('',#4908);
#4290=PLANE('',#4909);
#4291=PLANE('',#4910);
#4292=PLANE('',#4911);
#4293=PLANE('',#4912);
#4294=PLANE('',#4913);
#4295=PLANE('',#4914);
#4296=PLANE('',#4915);
#4297=PLANE('',#4916);
#4298=PLANE('',#4920);
#4299=PLANE('',#4921);
#4300=PLANE('',#4922);
#4301=PLANE('',#4923);
#4302=PLANE('',#4924);
#4303=PLANE('',#4925);
#4304=PLANE('',#4929);
#4305=PLANE('',#4930);
#4306=PLANE('',#4931);
#4307=PLANE('',#4932);
#4308=PLANE('',#4933);
#4309=PLANE('',#4934);
#4310=PLANE('',#4935);
#4311=PLANE('',#4936);
#4312=PLANE('',#4941);
#4313=PLANE('',#4944);
#4314=PLANE('',#4947);
#4315=PLANE('',#4950);
#4316=PLANE('',#4953);
#4317=PLANE('',#4956);
#4318=PLANE('',#4957);
#4319=PLANE('',#4958);
#4320=PLANE('',#4959);
#4321=PLANE('',#4963);
#4322=PLANE('',#4964);
#4323=PLANE('',#4965);
#4324=PLANE('',#4967);
#4325=PLANE('',#4971);
#4326=PLANE('',#4972);
#4327=PLANE('',#4974);
#4328=PLANE('',#4978);
#4329=PLANE('',#4979);
#4330=PLANE('',#4981);
#4331=PLANE('',#4985);
#4332=PLANE('',#4986);
#4333=PLANE('',#4988);
#4334=PLANE('',#4992);
#4335=PLANE('',#4993);
#4336=PLANE('',#4998);
#4337=PLANE('',#4999);
#4338=PLANE('',#5000);
#4339=PLANE('',#5004);
#4340=PLANE('',#5007);
#4341=PLANE('',#5010);
#4342=PLANE('',#5013);
#4343=PLANE('',#5014);
#4344=PLANE('',#5017);
#4345=PLANE('',#5020);
#4346=PLANE('',#5023);
#4347=PLANE('',#5028);
#4348=PLANE('',#5031);
#4349=PLANE('',#5032);
#4350=PLANE('',#5033);
#4351=PLANE('',#5034);
#4352=PLANE('',#5035);
#4353=PLANE('',#5036);
#4354=PLANE('',#5037);
#4355=PLANE('',#5038);
#4356=PLANE('',#5039);
#4357=PLANE('',#5040);
#4358=PLANE('',#5041);
#4359=PLANE('',#5042);
#4360=PLANE('',#5043);
#4361=PLANE('',#5044);
#4362=PLANE('',#5045);
#4363=PLANE('',#5046);
#4364=PLANE('',#5047);
#4365=PLANE('',#5048);
#4366=PLANE('',#5049);
#4367=PLANE('',#5050);
#4368=PLANE('',#5051);
#4369=PLANE('',#5052);
#4370=PLANE('',#5053);
#4371=PLANE('',#5054);
#4372=PLANE('',#5055);
#4373=PLANE('',#5056);
#4374=PLANE('',#5057);
#4375=PLANE('',#5058);
#4376=PLANE('',#5059);
#4377=PLANE('',#5060);
#4378=PLANE('',#5061);
#4379=PLANE('',#5062);
#4380=PLANE('',#5063);
#4381=PLANE('',#5064);
#4382=PLANE('',#5065);
#4383=PLANE('',#5066);
#4384=PLANE('',#5067);
#4385=PLANE('',#5068);
#4386=PLANE('',#5069);
#4387=PLANE('',#5070);
#4388=PLANE('',#5071);
#4389=PLANE('',#5072);
#4390=PLANE('',#5073);
#4391=PLANE('',#5074);
#4392=PLANE('',#5075);
#4393=PLANE('',#5076);
#4394=PLANE('',#5077);
#4395=PLANE('',#5078);
#4396=PLANE('',#5079);
#4397=PLANE('',#5080);
#4398=PLANE('',#5081);
#4399=PLANE('',#5082);
#4400=PLANE('',#5083);
#4401=PLANE('',#5084);
#4402=PLANE('',#5085);
#4403=PLANE('',#5086);
#4404=PLANE('',#5088);
#4405=PLANE('',#5089);
#4406=PLANE('',#5090);
#4407=PLANE('',#5091);
#4408=PLANE('',#5092);
#4409=PLANE('',#5093);
#4410=PLANE('',#5094);
#4411=PLANE('',#5095);
#4412=PLANE('',#5097);
#4413=PLANE('',#5098);
#4414=PLANE('',#5099);
#4415=PLANE('',#5100);
#4416=PLANE('',#5101);
#4417=PLANE('',#5102);
#4418=PLANE('',#5103);
#4419=PLANE('',#5104);
#4420=PLANE('',#5105);
#4421=PLANE('',#5106);
#4422=PLANE('',#5107);
#4423=PLANE('',#5108);
#4424=PLANE('',#5109);
#4425=PLANE('',#5110);
#4426=PLANE('',#5111);
#4427=PLANE('',#5112);
#4428=PLANE('',#5113);
#4429=PLANE('',#5114);
#4430=PLANE('',#5115);
#4431=PLANE('',#5116);
#4432=PLANE('',#5117);
#4433=PLANE('',#5118);
#4434=PLANE('',#5119);
#4435=PLANE('',#5120);
#4436=PLANE('',#5121);
#4437=PLANE('',#5122);
#4438=PLANE('',#5123);
#4439=PLANE('',#5124);
#4440=PLANE('',#5125);
#4441=PLANE('',#5126);
#4442=PLANE('',#5127);
#4443=PLANE('',#5128);
#4444=PLANE('',#5129);
#4445=PLANE('',#5130);
#4446=PLANE('',#5131);
#4447=PLANE('',#5132);
#4448=PLANE('',#5133);
#4449=PLANE('',#5134);
#4450=PLANE('',#5135);
#4451=PLANE('',#5137);
#4452=PLANE('',#5138);
#4453=PLANE('',#5139);
#4454=PLANE('',#5140);
#4455=PLANE('',#5142);
#4456=PLANE('',#5143);
#4457=PLANE('',#5144);
#4458=PLANE('',#5145);
#4459=PLANE('',#5146);
#4460=PLANE('',#5147);
#4461=PLANE('',#5148);
#4462=PLANE('',#5149);
#4463=PLANE('',#5150);
#4464=PLANE('',#5151);
#4465=PLANE('',#5152);
#4466=PLANE('',#5153);
#4467=PLANE('',#5154);
#4468=PLANE('',#5155);
#4469=PLANE('',#5156);
#4470=PLANE('',#5157);
#4471=PLANE('',#5158);
#4472=PLANE('',#5159);
#4473=PLANE('',#5160);
#4474=PLANE('',#5161);
#4475=PLANE('',#5163);
#4476=PLANE('',#5164);
#4477=PLANE('',#5166);
#4478=PLANE('',#5167);
#4479=PLANE('',#5168);
#4480=PLANE('',#5169);
#4481=PLANE('',#5170);
#4482=PLANE('',#5171);
#4483=PLANE('',#5172);
#4484=PLANE('',#5174);
#4485=PLANE('',#5176);
#4486=PLANE('',#5179);
#4487=PLANE('',#5180);
#4488=PLANE('',#5181);
#4489=PLANE('',#5184);
#4490=PLANE('',#5187);
#4491=PLANE('',#5190);
#4492=PLANE('',#5193);
#4493=PLANE('',#5196);
#4494=ADVANCED_FACE('',(#3888,#3889,#3890,#3891,#3892,#3893),#4265,.F.);
#4495=ADVANCED_FACE('',(#3894),#4266,.T.);
#4496=ADVANCED_FACE('',(#3895),#4267,.T.);
#4497=ADVANCED_FACE('',(#3896,#3897),#26,.F.);
#4498=ADVANCED_FACE('',(#3898,#3899),#27,.F.);
#4499=ADVANCED_FACE('',(#3900,#3901),#28,.F.);
#4500=ADVANCED_FACE('',(#3902,#3903),#29,.F.);
#4501=ADVANCED_FACE('',(#3904,#3905),#30,.F.);
#4502=ADVANCED_FACE('',(#3906,#3907),#31,.F.);
#4503=ADVANCED_FACE('',(#3908),#4268,.F.);
#4504=ADVANCED_FACE('',(#3909,#3910),#32,.F.);
#4505=ADVANCED_FACE('',(#3911,#3912),#33,.F.);
#4506=ADVANCED_FACE('',(#3913),#4269,.T.);
#4507=ADVANCED_FACE('',(#3914),#4270,.T.);
#4508=ADVANCED_FACE('',(#3915,#3916,#3917,#3918,#3919),#4271,.T.);
#4509=ADVANCED_FACE('',(#3920,#3921,#3922,#3923,#3924,#3925),#4272,.F.);
#4510=ADVANCED_FACE('',(#3926,#3927),#34,.F.);
#4511=ADVANCED_FACE('',(#3928,#3929),#35,.F.);
#4512=ADVANCED_FACE('',(#3930,#3931),#36,.F.);
#4513=ADVANCED_FACE('',(#3932,#3933),#37,.F.);
#4514=ADVANCED_FACE('',(#3934,#3935),#38,.F.);
#4515=ADVANCED_FACE('',(#3936,#3937),#39,.F.);
#4516=ADVANCED_FACE('',(#3938,#3939),#40,.F.);
#4517=ADVANCED_FACE('',(#3940,#3941),#41,.F.);
#4518=ADVANCED_FACE('',(#3942),#4273,.F.);
#4519=ADVANCED_FACE('',(#3943,#3944,#3945),#4274,.F.);
#4520=ADVANCED_FACE('',(#3946,#3947),#4275,.T.);
#4521=ADVANCED_FACE('',(#3948,#3949),#42,.F.);
#4522=ADVANCED_FACE('',(#3950),#4276,.T.);
#4523=ADVANCED_FACE('',(#3951),#4277,.F.);
#4524=ADVANCED_FACE('',(#3952,#3953,#3954),#4278,.F.);
#4525=ADVANCED_FACE('',(#3955),#4279,.F.);
#4526=ADVANCED_FACE('',(#3956),#4280,.T.);
#4527=ADVANCED_FACE('',(#3957),#4281,.T.);
#4528=ADVANCED_FACE('',(#3958),#4282,.T.);
#4529=ADVANCED_FACE('',(#3959),#4283,.F.);
#4530=ADVANCED_FACE('',(#3960,#3961,#3962),#4284,.F.);
#4531=ADVANCED_FACE('',(#3963),#4285,.F.);
#4532=ADVANCED_FACE('',(#3964),#4286,.F.);
#4533=ADVANCED_FACE('',(#3965,#3966),#4287,.T.);
#4534=ADVANCED_FACE('',(#3967,#3968),#43,.F.);
#4535=ADVANCED_FACE('',(#3969),#4288,.T.);
#4536=ADVANCED_FACE('',(#3970),#4289,.F.);
#4537=ADVANCED_FACE('',(#3971,#3972,#3973),#4290,.F.);
#4538=ADVANCED_FACE('',(#3974),#4291,.T.);
#4539=ADVANCED_FACE('',(#3975),#4292,.T.);
#4540=ADVANCED_FACE('',(#3976),#4293,.T.);
#4541=ADVANCED_FACE('',(#3977),#4294,.F.);
#4542=ADVANCED_FACE('',(#3978),#4295,.F.);
#4543=ADVANCED_FACE('',(#3979),#4296,.F.);
#4544=ADVANCED_FACE('',(#3980,#3981),#4297,.T.);
#4545=ADVANCED_FACE('',(#3982,#3983),#44,.F.);
#4546=ADVANCED_FACE('',(#3984),#4298,.T.);
#4547=ADVANCED_FACE('',(#3985),#4299,.T.);
#4548=ADVANCED_FACE('',(#3986),#4300,.T.);
#4549=ADVANCED_FACE('',(#3987),#4301,.F.);
#4550=ADVANCED_FACE('',(#3988),#4302,.F.);
#4551=ADVANCED_FACE('',(#3989,#3990),#4303,.T.);
#4552=ADVANCED_FACE('',(#3991,#3992),#45,.F.);
#4553=ADVANCED_FACE('',(#3993),#4304,.F.);
#4554=ADVANCED_FACE('',(#3994),#4305,.T.);
#4555=ADVANCED_FACE('',(#3995),#4306,.T.);
#4556=ADVANCED_FACE('',(#3996),#4307,.T.);
#4557=ADVANCED_FACE('',(#3997),#4308,.F.);
#4558=ADVANCED_FACE('',(#3998),#4309,.T.);
#4559=ADVANCED_FACE('',(#3999),#4310,.T.);
#4560=ADVANCED_FACE('',(#4000,#4001),#4311,.T.);
#4561=ADVANCED_FACE('',(#4002,#4003),#46,.F.);
#4562=ADVANCED_FACE('',(#4004,#4005),#4312,.T.);
#4563=ADVANCED_FACE('',(#4006,#4007),#47,.F.);
#4564=ADVANCED_FACE('',(#4008,#4009),#4313,.T.);
#4565=ADVANCED_FACE('',(#4010,#4011),#48,.F.);
#4566=ADVANCED_FACE('',(#4012,#4013),#4314,.T.);
#4567=ADVANCED_FACE('',(#4014,#4015),#49,.F.);
#4568=ADVANCED_FACE('',(#4016,#4017),#4315,.T.);
#4569=ADVANCED_FACE('',(#4018,#4019),#50,.F.);
#4570=ADVANCED_FACE('',(#4020,#4021),#4316,.T.);
#4571=ADVANCED_FACE('',(#4022,#4023),#51,.F.);
#4572=ADVANCED_FACE('',(#4024),#4317,.T.);
#4573=ADVANCED_FACE('',(#4025),#4318,.T.);
#4574=ADVANCED_FACE('',(#4026),#4319,.T.);
#4575=ADVANCED_FACE('',(#4027),#4320,.T.);
#4576=ADVANCED_FACE('',(#4028),#52,.F.);
#4577=ADVANCED_FACE('',(#4029),#4321,.T.);
#4578=ADVANCED_FACE('',(#4030),#4322,.F.);
#4579=ADVANCED_FACE('',(#4031,#4032),#4323,.T.);
#4580=ADVANCED_FACE('',(#4033),#4324,.F.);
#4581=ADVANCED_FACE('',(#4034),#53,.F.);
#4582=ADVANCED_FACE('',(#4035),#4325,.T.);
#4583=ADVANCED_FACE('',(#4036,#4037),#4326,.T.);
#4584=ADVANCED_FACE('',(#4038),#4327,.F.);
#4585=ADVANCED_FACE('',(#4039),#54,.F.);
#4586=ADVANCED_FACE('',(#4040),#4328,.T.);
#4587=ADVANCED_FACE('',(#4041,#4042),#4329,.T.);
#4588=ADVANCED_FACE('',(#4043),#4330,.F.);
#4589=ADVANCED_FACE('',(#4044),#55,.F.);
#4590=ADVANCED_FACE('',(#4045),#4331,.T.);
#4591=ADVANCED_FACE('',(#4046,#4047),#4332,.T.);
#4592=ADVANCED_FACE('',(#4048),#4333,.F.);
#4593=ADVANCED_FACE('',(#4049),#56,.F.);
#4594=ADVANCED_FACE('',(#4050),#4334,.T.);
#4595=ADVANCED_FACE('',(#4051,#4052),#4335,.T.);
#4596=ADVANCED_FACE('',(#4053),#57,.F.);
#4597=ADVANCED_FACE('',(#4054),#4336,.T.);
#4598=ADVANCED_FACE('',(#4055),#4337,.F.);
#4599=ADVANCED_FACE('',(#4056,#4057),#4338,.T.);
#4600=ADVANCED_FACE('',(#4058,#4059),#58,.F.);
#4601=ADVANCED_FACE('',(#4060),#4339,.T.);
#4602=ADVANCED_FACE('',(#4061,#4062),#59,.F.);
#4603=ADVANCED_FACE('',(#4063),#4340,.T.);
#4604=ADVANCED_FACE('',(#4064,#4065),#60,.F.);
#4605=ADVANCED_FACE('',(#4066),#4341,.T.);
#4606=ADVANCED_FACE('',(#4067,#4068),#61,.F.);
#4607=ADVANCED_FACE('',(#4069),#4342,.T.);
#4608=ADVANCED_FACE('',(#4070),#4343,.T.);
#4609=ADVANCED_FACE('',(#4071,#4072),#62,.F.);
#4610=ADVANCED_FACE('',(#4073),#4344,.T.);
#4611=ADVANCED_FACE('',(#4074,#4075),#63,.F.);
#4612=ADVANCED_FACE('',(#4076),#4345,.T.);
#4613=ADVANCED_FACE('',(#4077,#4078),#64,.F.);
#4614=ADVANCED_FACE('',(#4079),#4346,.T.);
#4615=ADVANCED_FACE('',(#4080,#4081),#65,.F.);
#4616=ADVANCED_FACE('',(#4082,#4083),#66,.F.);
#4617=ADVANCED_FACE('',(#4084),#4347,.T.);
#4618=ADVANCED_FACE('',(#4085,#4086),#67,.F.);
#4619=ADVANCED_FACE('',(#4087),#4348,.T.);
#4620=ADVANCED_FACE('',(#4088),#4349,.T.);
#4621=ADVANCED_FACE('',(#4089),#4350,.T.);
#4622=ADVANCED_FACE('',(#4090),#4351,.T.);
#4623=ADVANCED_FACE('',(#4091),#4352,.T.);
#4624=ADVANCED_FACE('',(#4092),#4353,.T.);
#4625=ADVANCED_FACE('',(#4093),#4354,.T.);
#4626=ADVANCED_FACE('',(#4094),#4355,.F.);
#4627=ADVANCED_FACE('',(#4095),#4356,.T.);
#4628=ADVANCED_FACE('',(#4096),#4357,.F.);
#4629=ADVANCED_FACE('',(#4097),#4358,.T.);
#4630=ADVANCED_FACE('',(#4098),#4359,.T.);
#4631=ADVANCED_FACE('',(#4099),#4360,.F.);
#4632=ADVANCED_FACE('',(#4100),#4361,.T.);
#4633=ADVANCED_FACE('',(#4101),#4362,.T.);
#4634=ADVANCED_FACE('',(#4102),#4363,.F.);
#4635=ADVANCED_FACE('',(#4103),#4364,.F.);
#4636=ADVANCED_FACE('',(#4104),#4365,.T.);
#4637=ADVANCED_FACE('',(#4105),#4366,.F.);
#4638=ADVANCED_FACE('',(#4106),#4367,.T.);
#4639=ADVANCED_FACE('',(#4107),#4368,.T.);
#4640=ADVANCED_FACE('',(#4108),#4369,.T.);
#4641=ADVANCED_FACE('',(#4109),#4370,.T.);
#4642=ADVANCED_FACE('',(#4110),#4371,.T.);
#4643=ADVANCED_FACE('',(#4111),#4372,.F.);
#4644=ADVANCED_FACE('',(#4112),#4373,.T.);
#4645=ADVANCED_FACE('',(#4113),#4374,.F.);
#4646=ADVANCED_FACE('',(#4114),#4375,.F.);
#4647=ADVANCED_FACE('',(#4115),#4376,.T.);
#4648=ADVANCED_FACE('',(#4116),#4377,.F.);
#4649=ADVANCED_FACE('',(#4117),#4378,.F.);
#4650=ADVANCED_FACE('',(#4118),#4379,.T.);
#4651=ADVANCED_FACE('',(#4119),#4380,.T.);
#4652=ADVANCED_FACE('',(#4120),#4381,.F.);
#4653=ADVANCED_FACE('',(#4121),#4382,.T.);
#4654=ADVANCED_FACE('',(#4122),#4383,.T.);
#4655=ADVANCED_FACE('',(#4123),#4384,.T.);
#4656=ADVANCED_FACE('',(#4124),#4385,.F.);
#4657=ADVANCED_FACE('',(#4125),#4386,.T.);
#4658=ADVANCED_FACE('',(#4126),#4387,.T.);
#4659=ADVANCED_FACE('',(#4127),#4388,.T.);
#4660=ADVANCED_FACE('',(#4128),#4389,.T.);
#4661=ADVANCED_FACE('',(#4129),#4390,.T.);
#4662=ADVANCED_FACE('',(#4130),#4391,.T.);
#4663=ADVANCED_FACE('',(#4131),#4392,.T.);
#4664=ADVANCED_FACE('',(#4132),#4393,.T.);
#4665=ADVANCED_FACE('',(#4133),#4394,.F.);
#4666=ADVANCED_FACE('',(#4134),#4395,.T.);
#4667=ADVANCED_FACE('',(#4135),#4396,.T.);
#4668=ADVANCED_FACE('',(#4136),#4397,.T.);
#4669=ADVANCED_FACE('',(#4137),#4398,.F.);
#4670=ADVANCED_FACE('',(#4138),#4399,.F.);
#4671=ADVANCED_FACE('',(#4139),#4400,.T.);
#4672=ADVANCED_FACE('',(#4140),#4401,.T.);
#4673=ADVANCED_FACE('',(#4141),#4402,.T.);
#4674=ADVANCED_FACE('',(#4142),#4403,.F.);
#4675=ADVANCED_FACE('',(#4143),#12,.F.);
#4676=ADVANCED_FACE('',(#4144),#4404,.F.);
#4677=ADVANCED_FACE('',(#4145),#4405,.T.);
#4678=ADVANCED_FACE('',(#4146),#4406,.F.);
#4679=ADVANCED_FACE('',(#4147),#4407,.T.);
#4680=ADVANCED_FACE('',(#4148),#4408,.T.);
#4681=ADVANCED_FACE('',(#4149),#4409,.T.);
#4682=ADVANCED_FACE('',(#4150),#4410,.F.);
#4683=ADVANCED_FACE('',(#4151),#4411,.T.);
#4684=ADVANCED_FACE('',(#4152),#13,.F.);
#4685=ADVANCED_FACE('',(#4153),#4412,.F.);
#4686=ADVANCED_FACE('',(#4154),#4413,.F.);
#4687=ADVANCED_FACE('',(#4155),#4414,.F.);
#4688=ADVANCED_FACE('',(#4156),#4415,.T.);
#4689=ADVANCED_FACE('',(#4157),#4416,.T.);
#4690=ADVANCED_FACE('',(#4158),#4417,.T.);
#4691=ADVANCED_FACE('',(#4159),#4418,.F.);
#4692=ADVANCED_FACE('',(#4160),#4419,.T.);
#4693=ADVANCED_FACE('',(#4161),#4420,.F.);
#4694=ADVANCED_FACE('',(#4162),#4421,.T.);
#4695=ADVANCED_FACE('',(#4163),#4422,.T.);
#4696=ADVANCED_FACE('',(#4164),#4423,.F.);
#4697=ADVANCED_FACE('',(#4165),#4424,.T.);
#4698=ADVANCED_FACE('',(#4166),#4425,.T.);
#4699=ADVANCED_FACE('',(#4167),#4426,.F.);
#4700=ADVANCED_FACE('',(#4168),#4427,.F.);
#4701=ADVANCED_FACE('',(#4169),#4428,.T.);
#4702=ADVANCED_FACE('',(#4170),#4429,.T.);
#4703=ADVANCED_FACE('',(#4171),#4430,.F.);
#4704=ADVANCED_FACE('',(#4172),#4431,.T.);
#4705=ADVANCED_FACE('',(#4173),#4432,.T.);
#4706=ADVANCED_FACE('',(#4174),#4433,.T.);
#4707=ADVANCED_FACE('',(#4175),#4434,.T.);
#4708=ADVANCED_FACE('',(#4176),#4435,.T.);
#4709=ADVANCED_FACE('',(#4177),#4436,.T.);
#4710=ADVANCED_FACE('',(#4178),#4437,.T.);
#4711=ADVANCED_FACE('',(#4179),#4438,.F.);
#4712=ADVANCED_FACE('',(#4180),#4439,.T.);
#4713=ADVANCED_FACE('',(#4181),#4440,.T.);
#4714=ADVANCED_FACE('',(#4182),#4441,.T.);
#4715=ADVANCED_FACE('',(#4183),#4442,.T.);
#4716=ADVANCED_FACE('',(#4184),#4443,.T.);
#4717=ADVANCED_FACE('',(#4185),#4444,.T.);
#4718=ADVANCED_FACE('',(#4186),#4445,.T.);
#4719=ADVANCED_FACE('',(#4187),#4446,.F.);
#4720=ADVANCED_FACE('',(#4188),#4447,.F.);
#4721=ADVANCED_FACE('',(#4189),#4448,.T.);
#4722=ADVANCED_FACE('',(#4190),#4449,.T.);
#4723=ADVANCED_FACE('',(#4191),#4450,.F.);
#4724=ADVANCED_FACE('',(#4192),#14,.F.);
#4725=ADVANCED_FACE('',(#4193),#4451,.T.);
#4726=ADVANCED_FACE('',(#4194),#4452,.T.);
#4727=ADVANCED_FACE('',(#4195),#4453,.T.);
#4728=ADVANCED_FACE('',(#4196),#4454,.F.);
#4729=ADVANCED_FACE('',(#4197),#15,.F.);
#4730=ADVANCED_FACE('',(#4198),#4455,.F.);
#4731=ADVANCED_FACE('',(#4199),#4456,.T.);
#4732=ADVANCED_FACE('',(#4200),#4457,.F.);
#4733=ADVANCED_FACE('',(#4201),#4458,.T.);
#4734=ADVANCED_FACE('',(#4202),#4459,.T.);
#4735=ADVANCED_FACE('',(#4203),#4460,.T.);
#4736=ADVANCED_FACE('',(#4204),#4461,.F.);
#4737=ADVANCED_FACE('',(#4205),#4462,.T.);
#4738=ADVANCED_FACE('',(#4206),#4463,.T.);
#4739=ADVANCED_FACE('',(#4207),#4464,.T.);
#4740=ADVANCED_FACE('',(#4208),#4465,.F.);
#4741=ADVANCED_FACE('',(#4209),#4466,.F.);
#4742=ADVANCED_FACE('',(#4210),#4467,.T.);
#4743=ADVANCED_FACE('',(#4211),#4468,.T.);
#4744=ADVANCED_FACE('',(#4212),#4469,.F.);
#4745=ADVANCED_FACE('',(#4213),#4470,.T.);
#4746=ADVANCED_FACE('',(#4214),#4471,.T.);
#4747=ADVANCED_FACE('',(#4215),#4472,.F.);
#4748=ADVANCED_FACE('',(#4216),#4473,.T.);
#4749=ADVANCED_FACE('',(#4217),#4474,.F.);
#4750=ADVANCED_FACE('',(#4218),#16,.F.);
#4751=ADVANCED_FACE('',(#4219),#4475,.T.);
#4752=ADVANCED_FACE('',(#4220),#4476,.T.);
#4753=ADVANCED_FACE('',(#4221),#17,.F.);
#4754=ADVANCED_FACE('',(#4222),#4477,.F.);
#4755=ADVANCED_FACE('',(#4223),#4478,.T.);
#4756=ADVANCED_FACE('',(#4224),#4479,.F.);
#4757=ADVANCED_FACE('',(#4225),#4480,.T.);
#4758=ADVANCED_FACE('',(#4226),#4481,.T.);
#4759=ADVANCED_FACE('',(#4227),#4482,.T.);
#4760=ADVANCED_FACE('',(#4228),#4483,.T.);
#4761=ADVANCED_FACE('',(#4229,#4230),#18,.F.);
#4762=ADVANCED_FACE('',(#4231),#4484,.F.);
#4763=ADVANCED_FACE('',(#4232,#4233),#19,.F.);
#4764=ADVANCED_FACE('',(#4234),#4485,.F.);
#4765=ADVANCED_FACE('',(#4235,#4236),#20,.F.);
#4766=ADVANCED_FACE('',(#4237,#4238),#21,.F.);
#4767=ADVANCED_FACE('',(#4239),#4486,.T.);
#4768=ADVANCED_FACE('',(#4240),#4487,.T.);
#4769=ADVANCED_FACE('',(#4241,#4242),#4488,.T.);
#4770=ADVANCED_FACE('',(#4243,#4244),#68,.F.);
#4771=ADVANCED_FACE('',(#4245,#4246),#4489,.T.);
#4772=ADVANCED_FACE('',(#4247,#4248),#69,.F.);
#4773=ADVANCED_FACE('',(#4249,#4250),#4490,.T.);
#4774=ADVANCED_FACE('',(#4251,#4252),#70,.F.);
#4775=ADVANCED_FACE('',(#4253,#4254),#4491,.T.);
#4776=ADVANCED_FACE('',(#4255,#4256),#71,.F.);
#4777=ADVANCED_FACE('',(#4257,#4258),#4492,.T.);
#4778=ADVANCED_FACE('',(#4259,#4260),#72,.F.);
#4779=ADVANCED_FACE('',(#4261,#4262),#4493,.T.);
#4780=ADVANCED_FACE('',(#4263,#4264),#73,.F.);
#4781=CLOSED_SHELL('',(#4494,#4495,#4496,#4497,#4498,#4499,#4500,#4501,
#4502,#4503,#4504,#4505,#4506,#4507,#4508,#4509,#4510,#4511,#4512,#4513,
#4514,#4515,#4516,#4517,#4518,#4519,#4520,#4521,#4522,#4523,#4524,#4525,
#4526,#4527,#4528,#4529,#4530,#4531,#4532,#4533,#4534,#4535,#4536,#4537,
#4538,#4539,#4540,#4541,#4542,#4543,#4544,#4545,#4546,#4547,#4548,#4549,
#4550,#4551,#4552,#4553,#4554,#4555,#4556,#4557,#4558,#4559,#4560,#4561,
#4562,#4563,#4564,#4565,#4566,#4567,#4568,#4569,#4570,#4571,#4572,#4573,
#4574,#4575,#4576,#4577,#4578,#4579,#4580,#4581,#4582,#4583,#4584,#4585,
#4586,#4587,#4588,#4589,#4590,#4591,#4592,#4593,#4594,#4595,#4596,#4597,
#4598,#4599,#4600,#4601,#4602,#4603,#4604,#4605,#4606,#4607,#4608,#4609,
#4610,#4611,#4612,#4613,#4614,#4615,#4616,#4617,#4618,#4619,#4620,#4621,
#4622,#4623,#4624,#4625,#4626,#4627,#4628,#4629,#4630,#4631,#4632,#4633,
#4634,#4635,#4636,#4637,#4638,#4639,#4640,#4641,#4642,#4643,#4644,#4645,
#4646,#4647,#4648,#4649,#4650,#4651,#4652,#4653,#4654,#4655,#4656,#4657,
#4658,#4659,#4660,#4661,#4662,#4663,#4664,#4665,#4666,#4667,#4668,#4669,
#4670,#4671,#4672,#4673,#4674,#4675,#4676,#4677,#4678,#4679,#4680,#4681,
#4682,#4683,#4684,#4685,#4686,#4687,#4688,#4689,#4690,#4691,#4692,#4693,
#4694,#4695,#4696,#4697,#4698,#4699,#4700,#4701,#4702,#4703,#4704,#4705,
#4706,#4707,#4708,#4709,#4710,#4711,#4712,#4713,#4714,#4715,#4716,#4717,
#4718,#4719,#4720,#4721,#4722,#4723,#4724,#4725,#4726,#4727,#4728,#4729,
#4730,#4731,#4732,#4733,#4734,#4735,#4736,#4737,#4738,#4739,#4740,#4741,
#4742,#4743,#4744,#4745,#4746,#4747,#4748,#4749,#4750,#4751,#4752,#4753,
#4754,#4755,#4756,#4757,#4758,#4759,#4760,#4761,#4762,#4763,#4764,#4765,
#4766,#4767,#4768,#4769,#4770,#4771,#4772,#4773,#4774,#4775,#4776,#4777,
#4778,#4779,#4780));
#4782=STYLED_ITEM('',(#4783),#4790);
#4783=PRESENTATION_STYLE_ASSIGNMENT((#4784));
#4784=SURFACE_STYLE_USAGE(.BOTH.,#4785);
#4785=SURFACE_SIDE_STYLE('',(#4786));
#4786=SURFACE_STYLE_FILL_AREA(#4787);
#4787=FILL_AREA_STYLE('',(#4788));
#4788=FILL_AREA_STYLE_COLOUR('',#4789);
#4789=COLOUR_RGB('',0.615686274509804,0.811764705882353,0.929411764705882);
#4790=MANIFOLD_SOLID_BREP('chassis',#4781);
#4791=SHAPE_DEFINITION_REPRESENTATION(#7859,#4792);
#4792=SHAPE_REPRESENTATION('chassis',(#4793),#7854);
#4793=AXIS2_PLACEMENT_3D('',#6522,#5199,#5200);
#4794=AXIS2_PLACEMENT_3D('',#6523,#5201,#5202);
#4795=AXIS2_PLACEMENT_3D('',#6524,#5203,#5204);
#4796=AXIS2_PLACEMENT_3D('',#6526,#5205,#5206);
#4797=AXIS2_PLACEMENT_3D('',#6528,#5207,#5208);
#4798=AXIS2_PLACEMENT_3D('',#6530,#5209,#5210);
#4799=AXIS2_PLACEMENT_3D('',#6532,#5211,#5212);
#4800=AXIS2_PLACEMENT_3D('',#6537,#5214,#5215);
#4801=AXIS2_PLACEMENT_3D('',#6576,#5235,#5236);
#4802=AXIS2_PLACEMENT_3D('',#6577,#5237,#5238);
#4803=AXIS2_PLACEMENT_3D('',#6584,#5242,#5243);
#4804=AXIS2_PLACEMENT_3D('',#6585,#5244,#5245);
#4805=AXIS2_PLACEMENT_3D('',#6589,#5248,#5249);
#4806=AXIS2_PLACEMENT_3D('',#6593,#5251,#5252);
#4807=AXIS2_PLACEMENT_3D('',#6604,#5255,#5256);
#4808=AXIS2_PLACEMENT_3D('',#6605,#5257,#5258);
#4809=AXIS2_PLACEMENT_3D('',#6607,#5259,#5260);
#4810=AXIS2_PLACEMENT_3D('',#6608,#5261,#5262);
#4811=AXIS2_PLACEMENT_3D('',#6610,#5263,#5264);
#4812=AXIS2_PLACEMENT_3D('',#6612,#5265,#5266);
#4813=AXIS2_PLACEMENT_3D('',#6616,#5268,#5269);
#4814=AXIS2_PLACEMENT_3D('',#6620,#5271,#5272);
#4815=AXIS2_PLACEMENT_3D('',#6628,#5274,#5275);
#4816=AXIS2_PLACEMENT_3D('',#6630,#5276,#5277);
#4817=AXIS2_PLACEMENT_3D('',#6631,#5278,#5279);
#4818=AXIS2_PLACEMENT_3D('',#6634,#5280,#5281);
#4819=AXIS2_PLACEMENT_3D('',#6635,#5282,#5283);
#4820=AXIS2_PLACEMENT_3D('',#6637,#5284,#5285);
#4821=AXIS2_PLACEMENT_3D('',#6638,#5286,#5287);
#4822=AXIS2_PLACEMENT_3D('',#6641,#5288,#5289);
#4823=AXIS2_PLACEMENT_3D('',#6642,#5290,#5291);
#4824=AXIS2_PLACEMENT_3D('',#6644,#5292,#5293);
#4825=AXIS2_PLACEMENT_3D('',#6645,#5294,#5295);
#4826=AXIS2_PLACEMENT_3D('',#6647,#5296,#5297);
#4827=AXIS2_PLACEMENT_3D('',#6649,#5298,#5299);
#4828=AXIS2_PLACEMENT_3D('',#6651,#5301,#5302);
#4829=AXIS2_PLACEMENT_3D('',#6665,#5310,#5311);
#4830=AXIS2_PLACEMENT_3D('',#6673,#5315,#5316);
#4831=AXIS2_PLACEMENT_3D('',#6687,#5324,#5325);
#4832=AXIS2_PLACEMENT_3D('',#6688,#5326,#5327);
#4833=AXIS2_PLACEMENT_3D('',#6689,#5328,#5329);
#4834=AXIS2_PLACEMENT_3D('',#6691,#5330,#5331);
#4835=AXIS2_PLACEMENT_3D('',#6692,#5332,#5333);
#4836=AXIS2_PLACEMENT_3D('',#6694,#5334,#5335);
#4837=AXIS2_PLACEMENT_3D('',#6749,#5363,#5364);
#4838=AXIS2_PLACEMENT_3D('',#6804,#5392,#5393);
#4839=AXIS2_PLACEMENT_3D('',#6810,#5396,#5397);
#4840=AXIS2_PLACEMENT_3D('',#6818,#5401,#5402);
#4841=AXIS2_PLACEMENT_3D('',#6826,#5406,#5407);
#4842=AXIS2_PLACEMENT_3D('',#6834,#5411,#5412);
#4843=AXIS2_PLACEMENT_3D('',#6842,#5416,#5417);
#4844=AXIS2_PLACEMENT_3D('',#6850,#5421,#5422);
#4845=AXIS2_PLACEMENT_3D('',#6853,#5424,#5425);
#4846=AXIS2_PLACEMENT_3D('',#6855,#5426,#5427);
#4847=AXIS2_PLACEMENT_3D('',#6857,#5428,#5429);
#4848=AXIS2_PLACEMENT_3D('',#6859,#5430,#5431);
#4849=AXIS2_PLACEMENT_3D('',#6861,#5432,#5433);
#4850=AXIS2_PLACEMENT_3D('',#6862,#5434,#5435);
#4851=AXIS2_PLACEMENT_3D('',#6864,#5436,#5437);
#4852=AXIS2_PLACEMENT_3D('',#6866,#5438,#5439);
#4853=AXIS2_PLACEMENT_3D('',#6868,#5440,#5441);
#4854=AXIS2_PLACEMENT_3D('',#6870,#5442,#5443);
#4855=AXIS2_PLACEMENT_3D('',#6907,#5461,#5462);
#4856=AXIS2_PLACEMENT_3D('',#6914,#5466,#5467);
#4857=AXIS2_PLACEMENT_3D('',#6915,#5468,#5469);
#4858=AXIS2_PLACEMENT_3D('',#6920,#5470,#5471);
#4859=AXIS2_PLACEMENT_3D('',#6921,#5472,#5473);
#4860=AXIS2_PLACEMENT_3D('',#6923,#5474,#5475);
#4861=AXIS2_PLACEMENT_3D('',#6928,#5476,#5477);
#4862=AXIS2_PLACEMENT_3D('',#6929,#5478,#5479);
#4863=AXIS2_PLACEMENT_3D('',#6930,#5480,#5481);
#4864=AXIS2_PLACEMENT_3D('',#6932,#5482,#5483);
#4865=AXIS2_PLACEMENT_3D('',#6933,#5484,#5485);
#4866=AXIS2_PLACEMENT_3D('',#6936,#5486,#5487);
#4867=AXIS2_PLACEMENT_3D('',#6937,#5488,#5489);
#4868=AXIS2_PLACEMENT_3D('',#6939,#5490,#5491);
#4869=AXIS2_PLACEMENT_3D('',#6940,#5492,#5493);
#4870=AXIS2_PLACEMENT_3D('',#6942,#5494,#5495);
#4871=AXIS2_PLACEMENT_3D('',#6944,#5496,#5497);
#4872=AXIS2_PLACEMENT_3D('',#6945,#5498,#5499);
#4873=AXIS2_PLACEMENT_3D('',#6947,#5500,#5501);
#4874=AXIS2_PLACEMENT_3D('',#6949,#5502,#5503);
#4875=AXIS2_PLACEMENT_3D('',#6950,#5504,#5505);
#4876=AXIS2_PLACEMENT_3D('',#6953,#5506,#5507);
#4877=AXIS2_PLACEMENT_3D('',#6954,#5508,#5509);
#4878=AXIS2_PLACEMENT_3D('',#6956,#5510,#5511);
#4879=AXIS2_PLACEMENT_3D('',#6957,#5512,#5513);
#4880=AXIS2_PLACEMENT_3D('',#6959,#5514,#5515);
#4881=AXIS2_PLACEMENT_3D('',#6960,#5516,#5517);
#4882=AXIS2_PLACEMENT_3D('',#6962,#5518,#5519);
#4883=AXIS2_PLACEMENT_3D('',#6971,#5524,#5525);
#4884=AXIS2_PLACEMENT_3D('',#6972,#5526,#5527);
#4885=AXIS2_PLACEMENT_3D('',#6974,#5528,#5529);
#4886=AXIS2_PLACEMENT_3D('',#6995,#5540,#5541);
#4887=AXIS2_PLACEMENT_3D('',#6996,#5542,#5543);
#4888=AXIS2_PLACEMENT_3D('',#6998,#5544,#5545);
#4889=AXIS2_PLACEMENT_3D('',#6999,#5546,#5547);
#4890=AXIS2_PLACEMENT_3D('',#7001,#5548,#5549);
#4891=AXIS2_PLACEMENT_3D('',#7009,#5555,#5556);
#4892=AXIS2_PLACEMENT_3D('',#7015,#5560,#5561);
#4893=AXIS2_PLACEMENT_3D('',#7036,#5573,#5574);
#4894=AXIS2_PLACEMENT_3D('',#7047,#5581,#5582);
#4895=AXIS2_PLACEMENT_3D('',#7053,#5586,#5587);
#4896=AXIS2_PLACEMENT_3D('',#7062,#5593,#5594);
#4897=AXIS2_PLACEMENT_3D('',#7064,#5596,#5597);
#4898=AXIS2_PLACEMENT_3D('',#7066,#5599,#5600);
#4899=AXIS2_PLACEMENT_3D('',#7067,#5601,#5602);
#4900=AXIS2_PLACEMENT_3D('',#7069,#5603,#5604);
#4901=AXIS2_PLACEMENT_3D('',#7093,#5616,#5617);
#4902=AXIS2_PLACEMENT_3D('',#7102,#5622,#5623);
#4903=AXIS2_PLACEMENT_3D('',#7108,#5627,#5628);
#4904=AXIS2_PLACEMENT_3D('',#7109,#5629,#5630);
#4905=AXIS2_PLACEMENT_3D('',#7111,#5631,#5632);
#4906=AXIS2_PLACEMENT_3D('',#7112,#5633,#5634);
#4907=AXIS2_PLACEMENT_3D('',#7114,#5635,#5636);
#4908=AXIS2_PLACEMENT_3D('',#7122,#5642,#5643);
#4909=AXIS2_PLACEMENT_3D('',#7128,#5647,#5648);
#4910=AXIS2_PLACEMENT_3D('',#7149,#5660,#5661);
#4911=AXIS2_PLACEMENT_3D('',#7158,#5667,#5668);
#4912=AXIS2_PLACEMENT_3D('',#7167,#5674,#5675);
#4913=AXIS2_PLACEMENT_3D('',#7172,#5679,#5680);
#4914=AXIS2_PLACEMENT_3D('',#7177,#5684,#5685);
#4915=AXIS2_PLACEMENT_3D('',#7186,#5690,#5691);
#4916=AXIS2_PLACEMENT_3D('',#7192,#5695,#5696);
#4917=AXIS2_PLACEMENT_3D('',#7193,#5697,#5698);
#4918=AXIS2_PLACEMENT_3D('',#7195,#5699,#5700);
#4919=AXIS2_PLACEMENT_3D('',#7196,#5701,#5702);
#4920=AXIS2_PLACEMENT_3D('',#7198,#5703,#5704);
#4921=AXIS2_PLACEMENT_3D('',#7207,#5710,#5711);
#4922=AXIS2_PLACEMENT_3D('',#7216,#5717,#5718);
#4923=AXIS2_PLACEMENT_3D('',#7221,#5722,#5723);
#4924=AXIS2_PLACEMENT_3D('',#7226,#5727,#5728);
#4925=AXIS2_PLACEMENT_3D('',#7235,#5733,#5734);
#4926=AXIS2_PLACEMENT_3D('',#7236,#5735,#5736);
#4927=AXIS2_PLACEMENT_3D('',#7238,#5737,#5738);
#4928=AXIS2_PLACEMENT_3D('',#7239,#5739,#5740);
#4929=AXIS2_PLACEMENT_3D('',#7241,#5741,#5742);
#4930=AXIS2_PLACEMENT_3D('',#7252,#5749,#5750);
#4931=AXIS2_PLACEMENT_3D('',#7255,#5753,#5754);
#4932=AXIS2_PLACEMENT_3D('',#7262,#5759,#5760);
#4933=AXIS2_PLACEMENT_3D('',#7264,#5762,#5763);
#4934=AXIS2_PLACEMENT_3D('',#7266,#5765,#5766);
#4935=AXIS2_PLACEMENT_3D('',#7267,#5767,#5768);
#4936=AXIS2_PLACEMENT_3D('',#7268,#5769,#5770);
#4937=AXIS2_PLACEMENT_3D('',#7269,#5771,#5772);
#4938=AXIS2_PLACEMENT_3D('',#7271,#5773,#5774);
#4939=AXIS2_PLACEMENT_3D('',#7272,#5775,#5776);
#4940=AXIS2_PLACEMENT_3D('',#7274,#5777,#5778);
#4941=AXIS2_PLACEMENT_3D('',#7275,#5779,#5780);
#4942=AXIS2_PLACEMENT_3D('',#7276,#5781,#5782);
#4943=AXIS2_PLACEMENT_3D('',#7278,#5783,#5784);
#4944=AXIS2_PLACEMENT_3D('',#7279,#5785,#5786);
#4945=AXIS2_PLACEMENT_3D('',#7280,#5787,#5788);
#4946=AXIS2_PLACEMENT_3D('',#7282,#5789,#5790);
#4947=AXIS2_PLACEMENT_3D('',#7283,#5791,#5792);
#4948=AXIS2_PLACEMENT_3D('',#7284,#5793,#5794);
#4949=AXIS2_PLACEMENT_3D('',#7286,#5795,#5796);
#4950=AXIS2_PLACEMENT_3D('',#7287,#5797,#5798);
#4951=AXIS2_PLACEMENT_3D('',#7288,#5799,#5800);
#4952=AXIS2_PLACEMENT_3D('',#7290,#5801,#5802);
#4953=AXIS2_PLACEMENT_3D('',#7291,#5803,#5804);
#4954=AXIS2_PLACEMENT_3D('',#7292,#5805,#5806);
#4955=AXIS2_PLACEMENT_3D('',#7294,#5807,#5808);
#4956=AXIS2_PLACEMENT_3D('',#7295,#5809,#5810);
#4957=AXIS2_PLACEMENT_3D('',#7304,#5815,#5816);
#4958=AXIS2_PLACEMENT_3D('',#7313,#5821,#5822);
#4959=AXIS2_PLACEMENT_3D('',#7319,#5826,#5827);
#4960=AXIS2_PLACEMENT_3D('',#7328,#5832,#5833);
#4961=AXIS2_PLACEMENT_3D('',#7332,#5835,#5836);
#4962=AXIS2_PLACEMENT_3D('',#7336,#5838,#5839);
#4963=AXIS2_PLACEMENT_3D('',#7337,#5840,#5841);
#4964=AXIS2_PLACEMENT_3D('',#7343,#5845,#5846);
#4965=AXIS2_PLACEMENT_3D('',#7349,#5850,#5851);
#4966=AXIS2_PLACEMENT_3D('',#7350,#5852,#5853);
#4967=AXIS2_PLACEMENT_3D('',#7353,#5855,#5856);
#4968=AXIS2_PLACEMENT_3D('',#7362,#5861,#5862);
#4969=AXIS2_PLACEMENT_3D('',#7363,#5863,#5864);
#4970=AXIS2_PLACEMENT_3D('',#7367,#5866,#5867);
#4971=AXIS2_PLACEMENT_3D('',#7368,#5868,#5869);
#4972=AXIS2_PLACEMENT_3D('',#7374,#5873,#5874);
#4973=AXIS2_PLACEMENT_3D('',#7376,#5876,#5877);
#4974=AXIS2_PLACEMENT_3D('',#7378,#5878,#5879);
#4975=AXIS2_PLACEMENT_3D('',#7387,#5884,#5885);
#4976=AXIS2_PLACEMENT_3D('',#7388,#5886,#5887);
#4977=AXIS2_PLACEMENT_3D('',#7392,#5889,#5890);
#4978=AXIS2_PLACEMENT_3D('',#7393,#5891,#5892);
#4979=AXIS2_PLACEMENT_3D('',#7399,#5896,#5897);
#4980=AXIS2_PLACEMENT_3D('',#7403,#5900,#5901);
#4981=AXIS2_PLACEMENT_3D('',#7405,#5902,#5903);
#4982=AXIS2_PLACEMENT_3D('',#7414,#5908,#5909);
#4983=AXIS2_PLACEMENT_3D('',#7415,#5910,#5911);
#4984=AXIS2_PLACEMENT_3D('',#7419,#5913,#5914);
#4985=AXIS2_PLACEMENT_3D('',#7420,#5915,#5916);
#4986=AXIS2_PLACEMENT_3D('',#7426,#5920,#5921);
#4987=AXIS2_PLACEMENT_3D('',#7430,#5924,#5925);
#4988=AXIS2_PLACEMENT_3D('',#7432,#5926,#5927);
#4989=AXIS2_PLACEMENT_3D('',#7441,#5932,#5933);
#4990=AXIS2_PLACEMENT_3D('',#7442,#5934,#5935);
#4991=AXIS2_PLACEMENT_3D('',#7446,#5937,#5938);
#4992=AXIS2_PLACEMENT_3D('',#7447,#5939,#5940);
#4993=AXIS2_PLACEMENT_3D('',#7453,#5944,#5945);
#4994=AXIS2_PLACEMENT_3D('',#7457,#5948,#5949);
#4995=AXIS2_PLACEMENT_3D('',#7459,#5950,#5951);
#4996=AXIS2_PLACEMENT_3D('',#7463,#5953,#5954);
#4997=AXIS2_PLACEMENT_3D('',#7467,#5956,#5957);
#4998=AXIS2_PLACEMENT_3D('',#7468,#5958,#5959);
#4999=AXIS2_PLACEMENT_3D('',#7474,#5963,#5964);
#5000=AXIS2_PLACEMENT_3D('',#7480,#5968,#5969);
#5001=AXIS2_PLACEMENT_3D('',#7481,#5970,#5971);
#5002=AXIS2_PLACEMENT_3D('',#7486,#5974,#5975);
#5003=AXIS2_PLACEMENT_3D('',#7487,#5976,#5977);
#5004=AXIS2_PLACEMENT_3D('',#7489,#5978,#5979);
#5005=AXIS2_PLACEMENT_3D('',#7490,#5980,#5981);
#5006=AXIS2_PLACEMENT_3D('',#7491,#5982,#5983);
#5007=AXIS2_PLACEMENT_3D('',#7493,#5984,#5985);
#5008=AXIS2_PLACEMENT_3D('',#7494,#5986,#5987);
#5009=AXIS2_PLACEMENT_3D('',#7495,#5988,#5989);
#5010=AXIS2_PLACEMENT_3D('',#7497,#5990,#5991);
#5011=AXIS2_PLACEMENT_3D('',#7498,#5992,#5993);
#5012=AXIS2_PLACEMENT_3D('',#7499,#5994,#5995);
#5013=AXIS2_PLACEMENT_3D('',#7501,#5996,#5997);
#5014=AXIS2_PLACEMENT_3D('',#7502,#5998,#5999);
#5015=AXIS2_PLACEMENT_3D('',#7503,#6000,#6001);
#5016=AXIS2_PLACEMENT_3D('',#7505,#6002,#6003);
#5017=AXIS2_PLACEMENT_3D('',#7506,#6004,#6005);
#5018=AXIS2_PLACEMENT_3D('',#7507,#6006,#6007);
#5019=AXIS2_PLACEMENT_3D('',#7509,#6008,#6009);
#5020=AXIS2_PLACEMENT_3D('',#7510,#6010,#6011);
#5021=AXIS2_PLACEMENT_3D('',#7511,#6012,#6013);
#5022=AXIS2_PLACEMENT_3D('',#7513,#6014,#6015);
#5023=AXIS2_PLACEMENT_3D('',#7514,#6016,#6017);
#5024=AXIS2_PLACEMENT_3D('',#7515,#6018,#6019);
#5025=AXIS2_PLACEMENT_3D('',#7517,#6020,#6021);
#5026=AXIS2_PLACEMENT_3D('',#7518,#6022,#6023);
#5027=AXIS2_PLACEMENT_3D('',#7519,#6024,#6025);
#5028=AXIS2_PLACEMENT_3D('',#7521,#6026,#6027);
#5029=AXIS2_PLACEMENT_3D('',#7522,#6028,#6029);
#5030=AXIS2_PLACEMENT_3D('',#7523,#6030,#6031);
#5031=AXIS2_PLACEMENT_3D('',#7525,#6032,#6033);
#5032=AXIS2_PLACEMENT_3D('',#7526,#6034,#6035);
#5033=AXIS2_PLACEMENT_3D('',#7529,#6038,#6039);
#5034=AXIS2_PLACEMENT_3D('',#7532,#6042,#6043);
#5035=AXIS2_PLACEMENT_3D('',#7534,#6045,#6046);
#5036=AXIS2_PLACEMENT_3D('',#7536,#6048,#6049);
#5037=AXIS2_PLACEMENT_3D('',#7538,#6051,#6052);
#5038=AXIS2_PLACEMENT_3D('',#7540,#6054,#6055);
#5039=AXIS2_PLACEMENT_3D('',#7542,#6057,#6058);
#5040=AXIS2_PLACEMENT_3D('',#7544,#6060,#6061);
#5041=AXIS2_PLACEMENT_3D('',#7546,#6063,#6064);
#5042=AXIS2_PLACEMENT_3D('',#7548,#6066,#6067);
#5043=AXIS2_PLACEMENT_3D('',#7550,#6069,#6070);
#5044=AXIS2_PLACEMENT_3D('',#7552,#6072,#6073);
#5045=AXIS2_PLACEMENT_3D('',#7554,#6075,#6076);
#5046=AXIS2_PLACEMENT_3D('',#7556,#6078,#6079);
#5047=AXIS2_PLACEMENT_3D('',#7559,#6082,#6083);
#5048=AXIS2_PLACEMENT_3D('',#7561,#6085,#6086);
#5049=AXIS2_PLACEMENT_3D('',#7563,#6088,#6089);
#5050=AXIS2_PLACEMENT_3D('',#7565,#6091,#6092);
#5051=AXIS2_PLACEMENT_3D('',#7567,#6094,#6095);
#5052=AXIS2_PLACEMENT_3D('',#7569,#6097,#6098);
#5053=AXIS2_PLACEMENT_3D('',#7571,#6100,#6101);
#5054=AXIS2_PLACEMENT_3D('',#7574,#6104,#6105);
#5055=AXIS2_PLACEMENT_3D('',#7576,#6107,#6108);
#5056=AXIS2_PLACEMENT_3D('',#7578,#6110,#6111);
#5057=AXIS2_PLACEMENT_3D('',#7580,#6113,#6114);
#5058=AXIS2_PLACEMENT_3D('',#7582,#6116,#6117);
#5059=AXIS2_PLACEMENT_3D('',#7584,#6119,#6120);
#5060=AXIS2_PLACEMENT_3D('',#7586,#6122,#6123);
#5061=AXIS2_PLACEMENT_3D('',#7588,#6125,#6126);
#5062=AXIS2_PLACEMENT_3D('',#7590,#6128,#6129);
#5063=AXIS2_PLACEMENT_3D('',#7592,#6131,#6132);
#5064=AXIS2_PLACEMENT_3D('',#7594,#6134,#6135);
#5065=AXIS2_PLACEMENT_3D('',#7597,#6138,#6139);
#5066=AXIS2_PLACEMENT_3D('',#7599,#6141,#6142);
#5067=AXIS2_PLACEMENT_3D('',#7601,#6144,#6145);
#5068=AXIS2_PLACEMENT_3D('',#7604,#6148,#6149);
#5069=AXIS2_PLACEMENT_3D('',#7606,#6151,#6152);
#5070=AXIS2_PLACEMENT_3D('',#7608,#6154,#6155);
#5071=AXIS2_PLACEMENT_3D('',#7611,#6158,#6159);
#5072=AXIS2_PLACEMENT_3D('',#7613,#6161,#6162);
#5073=AXIS2_PLACEMENT_3D('',#7615,#6164,#6165);
#5074=AXIS2_PLACEMENT_3D('',#7617,#6167,#6168);
#5075=AXIS2_PLACEMENT_3D('',#7619,#6170,#6171);
#5076=AXIS2_PLACEMENT_3D('',#7621,#6173,#6174);
#5077=AXIS2_PLACEMENT_3D('',#7623,#6176,#6177);
#5078=AXIS2_PLACEMENT_3D('',#7625,#6179,#6180);
#5079=AXIS2_PLACEMENT_3D('',#7628,#6183,#6184);
#5080=AXIS2_PLACEMENT_3D('',#7630,#6186,#6187);
#5081=AXIS2_PLACEMENT_3D('',#7632,#6189,#6190);
#5082=AXIS2_PLACEMENT_3D('',#7634,#6192,#6193);
#5083=AXIS2_PLACEMENT_3D('',#7636,#6195,#6196);
#5084=AXIS2_PLACEMENT_3D('',#7638,#6198,#6199);
#5085=AXIS2_PLACEMENT_3D('',#7640,#6201,#6202);
#5086=AXIS2_PLACEMENT_3D('',#7642,#6204,#6205);
#5087=AXIS2_PLACEMENT_3D('',#7644,#6207,#6208);
#5088=AXIS2_PLACEMENT_3D('',#7646,#6210,#6211);
#5089=AXIS2_PLACEMENT_3D('',#7648,#6213,#6214);
#5090=AXIS2_PLACEMENT_3D('',#7650,#6216,#6217);
#5091=AXIS2_PLACEMENT_3D('',#7653,#6220,#6221);
#5092=AXIS2_PLACEMENT_3D('',#7656,#6224,#6225);
#5093=AXIS2_PLACEMENT_3D('',#7658,#6227,#6228);
#5094=AXIS2_PLACEMENT_3D('',#7660,#6230,#6231);
#5095=AXIS2_PLACEMENT_3D('',#7662,#6233,#6234);
#5096=AXIS2_PLACEMENT_3D('',#7664,#6236,#6237);
#5097=AXIS2_PLACEMENT_3D('',#7666,#6239,#6240);
#5098=AXIS2_PLACEMENT_3D('',#7668,#6242,#6243);
#5099=AXIS2_PLACEMENT_3D('',#7670,#6245,#6246);
#5100=AXIS2_PLACEMENT_3D('',#7672,#6248,#6249);
#5101=AXIS2_PLACEMENT_3D('',#7674,#6251,#6252);
#5102=AXIS2_PLACEMENT_3D('',#7676,#6254,#6255);
#5103=AXIS2_PLACEMENT_3D('',#7678,#6257,#6258);
#5104=AXIS2_PLACEMENT_3D('',#7680,#6260,#6261);
#5105=AXIS2_PLACEMENT_3D('',#7682,#6263,#6264);
#5106=AXIS2_PLACEMENT_3D('',#7684,#6266,#6267);
#5107=AXIS2_PLACEMENT_3D('',#7686,#6269,#6270);
#5108=AXIS2_PLACEMENT_3D('',#7688,#6272,#6273);
#5109=AXIS2_PLACEMENT_3D('',#7690,#6275,#6276);
#5110=AXIS2_PLACEMENT_3D('',#7692,#6278,#6279);
#5111=AXIS2_PLACEMENT_3D('',#7694,#6281,#6282);
#5112=AXIS2_PLACEMENT_3D('',#7696,#6284,#6285);
#5113=AXIS2_PLACEMENT_3D('',#7698,#6287,#6288);
#5114=AXIS2_PLACEMENT_3D('',#7700,#6290,#6291);
#5115=AXIS2_PLACEMENT_3D('',#7702,#6293,#6294);
#5116=AXIS2_PLACEMENT_3D('',#7704,#6296,#6297);
#5117=AXIS2_PLACEMENT_3D('',#7707,#6300,#6301);
#5118=AXIS2_PLACEMENT_3D('',#7709,#6303,#6304);
#5119=AXIS2_PLACEMENT_3D('',#7711,#6306,#6307);
#5120=AXIS2_PLACEMENT_3D('',#7713,#6309,#6310);
#5121=AXIS2_PLACEMENT_3D('',#7716,#6313,#6314);
#5122=AXIS2_PLACEMENT_3D('',#7718,#6316,#6317);
#5123=AXIS2_PLACEMENT_3D('',#7720,#6319,#6320);
#5124=AXIS2_PLACEMENT_3D('',#7722,#6322,#6323);
#5125=AXIS2_PLACEMENT_3D('',#7724,#6325,#6326);
#5126=AXIS2_PLACEMENT_3D('',#7726,#6328,#6329);
#5127=AXIS2_PLACEMENT_3D('',#7728,#6331,#6332);
#5128=AXIS2_PLACEMENT_3D('',#7730,#6334,#6335);
#5129=AXIS2_PLACEMENT_3D('',#7732,#6337,#6338);
#5130=AXIS2_PLACEMENT_3D('',#7734,#6340,#6341);
#5131=AXIS2_PLACEMENT_3D('',#7736,#6343,#6344);
#5132=AXIS2_PLACEMENT_3D('',#7739,#6347,#6348);
#5133=AXIS2_PLACEMENT_3D('',#7741,#6350,#6351);
#5134=AXIS2_PLACEMENT_3D('',#7743,#6353,#6354);
#5135=AXIS2_PLACEMENT_3D('',#7745,#6356,#6357);
#5136=AXIS2_PLACEMENT_3D('',#7747,#6359,#6360);
#5137=AXIS2_PLACEMENT_3D('',#7749,#6362,#6363);
#5138=AXIS2_PLACEMENT_3D('',#7751,#6365,#6366);
#5139=AXIS2_PLACEMENT_3D('',#7752,#6367,#6368);
#5140=AXIS2_PLACEMENT_3D('',#7754,#6370,#6371);
#5141=AXIS2_PLACEMENT_3D('',#7756,#6373,#6374);
#5142=AXIS2_PLACEMENT_3D('',#7758,#6376,#6377);
#5143=AXIS2_PLACEMENT_3D('',#7760,#6379,#6380);
#5144=AXIS2_PLACEMENT_3D('',#7762,#6382,#6383);
#5145=AXIS2_PLACEMENT_3D('',#7764,#6385,#6386);
#5146=AXIS2_PLACEMENT_3D('',#7766,#6388,#6389);
#5147=AXIS2_PLACEMENT_3D('',#7768,#6391,#6392);
#5148=AXIS2_PLACEMENT_3D('',#7770,#6394,#6395);
#5149=AXIS2_PLACEMENT_3D('',#7772,#6397,#6398);
#5150=AXIS2_PLACEMENT_3D('',#7774,#6400,#6401);
#5151=AXIS2_PLACEMENT_3D('',#7776,#6403,#6404);
#5152=AXIS2_PLACEMENT_3D('',#7778,#6406,#6407);
#5153=AXIS2_PLACEMENT_3D('',#7781,#6410,#6411);
#5154=AXIS2_PLACEMENT_3D('',#7783,#6413,#6414);
#5155=AXIS2_PLACEMENT_3D('',#7786,#6417,#6418);
#5156=AXIS2_PLACEMENT_3D('',#7788,#6420,#6421);
#5157=AXIS2_PLACEMENT_3D('',#7790,#6423,#6424);
#5158=AXIS2_PLACEMENT_3D('',#7792,#6426,#6427);
#5159=AXIS2_PLACEMENT_3D('',#7794,#6429,#6430);
#5160=AXIS2_PLACEMENT_3D('',#7796,#6432,#6433);
#5161=AXIS2_PLACEMENT_3D('',#7798,#6435,#6436);
#5162=AXIS2_PLACEMENT_3D('',#7800,#6438,#6439);
#5163=AXIS2_PLACEMENT_3D('',#7802,#6441,#6442);
#5164=AXIS2_PLACEMENT_3D('',#7804,#6444,#6445);
#5165=AXIS2_PLACEMENT_3D('',#7806,#6447,#6448);
#5166=AXIS2_PLACEMENT_3D('',#7808,#6450,#6451);
#5167=AXIS2_PLACEMENT_3D('',#7810,#6453,#6454);
#5168=AXIS2_PLACEMENT_3D('',#7812,#6456,#6457);
#5169=AXIS2_PLACEMENT_3D('',#7814,#6459,#6460);
#5170=AXIS2_PLACEMENT_3D('',#7816,#6462,#6463);
#5171=AXIS2_PLACEMENT_3D('',#7818,#6465,#6466);
#5172=AXIS2_PLACEMENT_3D('',#7820,#6468,#6469);
#5173=AXIS2_PLACEMENT_3D('',#7821,#6470,#6471);
#5174=AXIS2_PLACEMENT_3D('',#7822,#6472,#6473);
#5175=AXIS2_PLACEMENT_3D('',#7823,#6474,#6475);
#5176=AXIS2_PLACEMENT_3D('',#7824,#6476,#6477);
#5177=AXIS2_PLACEMENT_3D('',#7825,#6478,#6479);
#5178=AXIS2_PLACEMENT_3D('',#7826,#6480,#6481);
#5179=AXIS2_PLACEMENT_3D('',#7827,#6482,#6483);
#5180=AXIS2_PLACEMENT_3D('',#7828,#6484,#6485);
#5181=AXIS2_PLACEMENT_3D('',#7829,#6486,#6487);
#5182=AXIS2_PLACEMENT_3D('',#7830,#6488,#6489);
#5183=AXIS2_PLACEMENT_3D('',#7832,#6490,#6491);
#5184=AXIS2_PLACEMENT_3D('',#7833,#6492,#6493);
#5185=AXIS2_PLACEMENT_3D('',#7834,#6494,#6495);
#5186=AXIS2_PLACEMENT_3D('',#7836,#6496,#6497);
#5187=AXIS2_PLACEMENT_3D('',#7837,#6498,#6499);
#5188=AXIS2_PLACEMENT_3D('',#7838,#6500,#6501);
#5189=AXIS2_PLACEMENT_3D('',#7840,#6502,#6503);
#5190=AXIS2_PLACEMENT_3D('',#7841,#6504,#6505);
#5191=AXIS2_PLACEMENT_3D('',#7842,#6506,#6507);
#5192=AXIS2_PLACEMENT_3D('',#7844,#6508,#6509);
#5193=AXIS2_PLACEMENT_3D('',#7845,#6510,#6511);
#5194=AXIS2_PLACEMENT_3D('',#7846,#6512,#6513);
#5195=AXIS2_PLACEMENT_3D('',#7848,#6514,#6515);
#5196=AXIS2_PLACEMENT_3D('',#7849,#6516,#6517);
#5197=AXIS2_PLACEMENT_3D('',#7850,#6518,#6519);
#5198=AXIS2_PLACEMENT_3D('',#7852,#6520,#6521);
#5199=DIRECTION('',(0.,0.,1.));
#5200=DIRECTION('',(1.,0.,0.));
#5201=DIRECTION('',(1.22464679914735E-16,-1.,0.));
#5202=DIRECTION('',(0.,0.,-1.));
#5203=DIRECTION('',(1.22464679914735E-16,-1.,0.));
#5204=DIRECTION('',(1.,1.22464679914735E-16,0.));
#5205=DIRECTION('',(1.22464679914735E-16,-1.,0.));
#5206=DIRECTION('',(1.,1.22464679914735E-16,0.));
#5207=DIRECTION('',(1.22464679914735E-16,-1.,0.));
#5208=DIRECTION('',(1.,1.22464679914735E-16,0.));
#5209=DIRECTION('',(1.22464679914735E-16,-1.,0.));
#5210=DIRECTION('',(1.,1.22464679914735E-16,0.));
#5211=DIRECTION('',(1.22464679914735E-16,-1.,0.));
#5212=DIRECTION('',(1.,1.22464679914735E-16,0.));
#5213=DIRECTION('',(-1.,-1.22464679914735E-16,0.));
#5214=DIRECTION('',(1.22464679914735E-16,-1.,0.));
#5215=DIRECTION('',(1.,1.22464679914735E-16,0.));
#5216=DIRECTION('',(0.,0.,-1.));
#5217=DIRECTION('',(-0.707106781186548,-8.65956056235494E-17,0.707106781186548));
#5218=DIRECTION('',(1.,1.22464679914735E-16,0.));
#5219=DIRECTION('',(0.,0.,-1.));
#5220=DIRECTION('',(-0.707106781186547,-8.65956056235493E-17,-0.707106781186548));
#5221=DIRECTION('',(-1.,-1.22464679914735E-16,0.));
#5222=DIRECTION('',(0.,0.,1.));
#5223=DIRECTION('',(-1.,-1.22464679914735E-16,0.));
#5224=DIRECTION('',(0.,0.,1.));
#5225=DIRECTION('',(1.,1.22464679914735E-16,0.));
#5226=DIRECTION('',(0.,0.,1.));
#5227=DIRECTION('',(1.,1.22464679914735E-16,0.));
#5228=DIRECTION('',(0.,0.,-1.));
#5229=DIRECTION('',(1.,1.22464679914735E-16,0.));
#5230=DIRECTION('',(0.,0.,1.));
#5231=DIRECTION('',(1.,1.22464679914735E-16,0.));
#5232=DIRECTION('',(0.,0.,-1.));
#5233=DIRECTION('',(1.,1.22464679914735E-16,0.));
#5234=DIRECTION('',(0.,0.,-1.));
#5235=DIRECTION('',(0.70710678118655,0.707106781186545,0.));
#5236=DIRECTION('',(0.,0.,1.));
#5237=DIRECTION('',(0.70710678118655,0.707106781186545,0.));
#5238=DIRECTION('',(0.707106781186545,-0.70710678118655,0.));
#5239=DIRECTION('',(-0.577350269189624,0.577350269189628,0.577350269189624));
#5240=DIRECTION('',(0.,0.,1.));
#5241=DIRECTION('',(0.707106781186545,-0.70710678118655,0.));
#5242=DIRECTION('',(-8.6595605623549E-17,0.707106781186545,-0.70710678118655));
#5243=DIRECTION('',(1.,1.22464679914735E-16,0.));
#5244=DIRECTION('',(-8.6595605623549E-17,0.707106781186545,-0.70710678118655));
#5245=DIRECTION('',(8.65956056235497E-17,-0.70710678118655,-0.707106781186545));
#5246=DIRECTION('',(-2.59599962661781E-15,0.70710678118655,0.707106781186545));
#5247=DIRECTION('',(1.,1.22464679914735E-16,0.));
#5248=DIRECTION('',(1.22464679914735E-16,-1.,0.));
#5249=DIRECTION('',(1.,1.22464679914735E-16,0.));
#5250=DIRECTION('',(1.22464679914735E-16,-1.,0.));
#5251=DIRECTION('',(1.22464679914735E-16,-1.,0.));
#5252=DIRECTION('',(1.,1.22464679914735E-16,0.));
#5253=DIRECTION('',(1.22464679914735E-16,-1.,0.));
#5254=DIRECTION('',(1.22464679914735E-16,-1.,0.));
#5255=DIRECTION('',(1.22464679914735E-16,-1.,0.));
#5256=DIRECTION('',(1.,1.22464679914735E-16,0.));
#5257=DIRECTION('',(-1.22464679914735E-16,1.,0.));
#5258=DIRECTION('',(-1.,-1.22464679914735E-16,0.));
#5259=DIRECTION('',(1.22464679914735E-16,-1.,0.));
#5260=DIRECTION('',(1.,1.22464679914735E-16,0.));
#5261=DIRECTION('',(-1.22464679914735E-16,1.,0.));
#5262=DIRECTION('',(-1.,-1.22464679914735E-16,0.));
#5263=DIRECTION('',(-1.22464679914735E-16,1.,0.));
#5264=DIRECTION('',(-1.,-1.22464679914735E-16,0.));
#5265=DIRECTION('',(1.22464679914735E-16,-1.,0.));
#5266=DIRECTION('',(1.,1.22464679914735E-16,0.));
#5267=DIRECTION('',(1.22464679914735E-16,-1.,0.));
#5268=DIRECTION('',(1.22464679914735E-16,-1.,0.));
#5269=DIRECTION('',(1.,1.22464679914735E-16,0.));
#5270=DIRECTION('',(1.22464679914735E-16,-1.,0.));
#5271=DIRECTION('',(1.22464679914735E-16,-1.,0.));
#5272=DIRECTION('',(1.,1.22464679914735E-16,0.));
#5273=DIRECTION('',(1.22464679914735E-16,-1.,0.));
#5274=DIRECTION('',(-1.22464679914735E-16,1.,0.));
#5275=DIRECTION('',(-1.,-1.22464679914735E-16,0.));
#5276=DIRECTION('',(1.22464679914735E-16,-1.,0.));
#5277=DIRECTION('',(1.,1.22464679914735E-16,0.));
#5278=DIRECTION('',(-8.65956056235494E-17,0.707106781186548,-0.707106781186547));
#5279=DIRECTION('',(8.65956056235493E-17,-0.707106781186547,-0.707106781186548));
#5280=DIRECTION('',(1.22464679914735E-16,-1.,0.));
#5281=DIRECTION('',(1.,1.22464679914735E-16,0.));
#5282=DIRECTION('',(-1.22464679914735E-16,1.,0.));
#5283=DIRECTION('',(-1.,-1.22464679914735E-16,0.));
#5284=DIRECTION('',(1.22464679914735E-16,-1.,0.));
#5285=DIRECTION('',(1.,1.22464679914735E-16,0.));
#5286=DIRECTION('',(-8.65956056235494E-17,0.707106781186548,-0.707106781186547));
#5287=DIRECTION('',(8.65956056235493E-17,-0.707106781186547,-0.707106781186548));
#5288=DIRECTION('',(1.22464679914735E-16,-1.,0.));
#5289=DIRECTION('',(1.,1.22464679914735E-16,0.));
#5290=DIRECTION('',(-1.22464679914735E-16,1.,0.));
#5291=DIRECTION('',(-1.,-1.22464679914735E-16,0.));
#5292=DIRECTION('',(1.22464679914735E-16,-1.,0.));
#5293=DIRECTION('',(1.,1.22464679914735E-16,0.));
#5294=DIRECTION('',(-1.22464679914735E-16,1.,0.));
#5295=DIRECTION('',(-1.,-1.22464679914735E-16,0.));
#5296=DIRECTION('',(-1.22464679914735E-16,1.,0.));
#5297=DIRECTION('',(-1.,-1.22464679914735E-16,0.));
#5298=DIRECTION('',(0.,0.,1.));
#5299=DIRECTION('',(-1.,-1.22464679914735E-16,0.));
#5300=DIRECTION('',(1.,2.21591735684839E-16,0.));
#5301=DIRECTION('',(0.,0.,1.));
#5302=DIRECTION('',(1.,1.22464679914735E-16,0.));
#5303=DIRECTION('',(-1.,-1.22464679914735E-16,0.));
#5304=DIRECTION('',(1.,2.21591735684839E-16,0.));
#5305=DIRECTION('',(3.79460750429818E-16,-1.,0.));
#5306=DIRECTION('',(1.,2.3337624144632E-17,0.));
#5307=DIRECTION('',(-1.22464679914735E-16,1.,0.));
#5308=DIRECTION('',(1.,1.22464679914735E-16,0.));
#5309=DIRECTION('',(-1.22464679914735E-16,1.,0.));
#5310=DIRECTION('',(0.,0.,-1.));
#5311=DIRECTION('',(1.,1.22464679914735E-16,0.));
#5312=DIRECTION('',(-1.22464679914735E-16,1.,0.));
#5313=DIRECTION('',(1.,2.3337624144632E-17,0.));
#5314=DIRECTION('',(-1.22464679914735E-16,1.,0.));
#5315=DIRECTION('',(0.,0.,1.));
#5316=DIRECTION('',(-1.,-1.22464679914735E-16,0.));
#5317=DIRECTION('',(-1.22464679914735E-16,1.,0.));
#5318=DIRECTION('',(1.,1.22464679914735E-16,0.));
#5319=DIRECTION('',(-1.22464679914735E-16,1.,0.));
#5320=DIRECTION('',(1.,2.3337624144632E-17,0.));
#5321=DIRECTION('',(1.34531390600347E-16,1.,0.));
#5322=DIRECTION('',(1.,2.21591735684839E-16,0.));
#5323=DIRECTION('',(-1.,-1.22464679914735E-16,0.));
#5324=DIRECTION('',(0.,0.,-1.));
#5325=DIRECTION('',(-1.,-1.22464679914735E-16,0.));
#5326=DIRECTION('',(0.,0.,-1.));
#5327=DIRECTION('',(1.,1.22464679914735E-16,0.));
#5328=DIRECTION('',(0.,0.,-1.));
#5329=DIRECTION('',(-1.,-1.22464679914735E-16,0.));
#5330=DIRECTION('',(0.,0.,-1.));
#5331=DIRECTION('',(-1.,-1.22464679914735E-16,0.));
#5332=DIRECTION('',(0.,0.,1.));
#5333=DIRECTION('',(1.,1.22464679914735E-16,0.));
#5334=DIRECTION('',(-1.,1.34531390600347E-16,0.));
#5335=DIRECTION('',(-1.34531390600347E-16,-1.,0.));
#5336=DIRECTION('',(1.34531390600347E-16,1.,0.));
#5337=DIRECTION('',(0.,0.,-1.));
#5338=DIRECTION('',(1.34531390600347E-16,1.,0.));
#5339=DIRECTION('',(0.,0.,-1.));
#5340=DIRECTION('',(-1.34531390600347E-16,-1.,0.));
#5341=DIRECTION('',(0.,0.,-1.));
#5342=DIRECTION('',(-1.34531390600347E-16,-1.,0.));
#5343=DIRECTION('',(0.,0.,1.));
#5344=DIRECTION('',(-1.34531390600347E-16,-1.,0.));
#5345=DIRECTION('',(0.,0.,1.));
#5346=DIRECTION('',(9.51280585759616E-17,0.707106781186547,0.707106781186548));
#5347=DIRECTION('',(0.,0.,1.));
#5348=DIRECTION('',(-1.34531390600347E-16,-1.,0.));
#5349=DIRECTION('',(0.,0.,-1.));
#5350=DIRECTION('',(9.51280585759616E-17,0.707106781186547,-0.707106781186548));
#5351=DIRECTION('',(-1.34531390600347E-16,-1.,0.));
#5352=DIRECTION('',(0.,0.,-1.));
#5353=DIRECTION('',(1.34531390600347E-16,1.,0.));
#5354=DIRECTION('',(0.,0.,-1.));
#5355=DIRECTION('',(-1.34531390600347E-16,-1.,-3.4863055968421E-32));
#5356=DIRECTION('',(0.,0.,1.));
#5357=DIRECTION('',(1.34531390600347E-16,1.,0.));
#5358=DIRECTION('',(0.,0.,1.));
#5359=DIRECTION('',(-1.34531390600347E-16,-1.,0.));
#5360=DIRECTION('',(0.,0.,1.));
#5361=DIRECTION('',(1.34531390600347E-16,1.,0.));
#5362=DIRECTION('',(0.,0.,1.));
#5363=DIRECTION('',(1.,3.79460750429818E-16,0.));
#5364=DIRECTION('',(3.79460750429818E-16,-1.,0.));
#5365=DIRECTION('',(0.,0.,1.));
#5366=DIRECTION('',(3.79460750429818E-16,-1.,0.));
#5367=DIRECTION('',(0.,0.,1.));
#5368=DIRECTION('',(3.79460750429818E-16,-1.,0.));
#5369=DIRECTION('',(0.,0.,-1.));
#5370=DIRECTION('',(3.79460750429818E-16,-1.,0.));
#5371=DIRECTION('',(0.,0.,-1.));
#5372=DIRECTION('',(-3.79460750429818E-16,1.,0.));
#5373=DIRECTION('',(0.,0.,-1.));
#5374=DIRECTION('',(-3.79460750429818E-16,1.,6.9726111936842E-32));
#5375=DIRECTION('',(0.,0.,1.));
#5376=DIRECTION('',(-3.79460750429818E-16,1.,0.));
#5377=DIRECTION('',(0.,0.,1.));
#5378=DIRECTION('',(2.6831926982306E-16,-0.707106781186547,0.707106781186548));
#5379=DIRECTION('',(0.,0.,1.));
#5380=DIRECTION('',(-3.79460750429818E-16,1.,0.));
#5381=DIRECTION('',(0.,0.,-1.));
#5382=DIRECTION('',(2.6831926982306E-16,-0.707106781186547,-0.707106781186548));
#5383=DIRECTION('',(-3.79460750429818E-16,1.,0.));
#5384=DIRECTION('',(0.,0.,-1.));
#5385=DIRECTION('',(3.79460750429818E-16,-1.,0.));
#5386=DIRECTION('',(0.,0.,-1.));
#5387=DIRECTION('',(-3.79460750429818E-16,1.,6.9726111936842E-32));
#5388=DIRECTION('',(0.,0.,1.));
#5389=DIRECTION('',(3.79460750429818E-16,-1.,0.));
#5390=DIRECTION('',(0.,0.,1.));
#5391=DIRECTION('',(-3.79460750429818E-16,1.,0.));
#5392=DIRECTION('',(0.,0.,1.));
#5393=DIRECTION('',(-1.,-1.22464679914735E-16,0.));
#5394=DIRECTION('',(1.,1.22464679914735E-16,0.));
#5395=DIRECTION('',(1.44560289664734E-16,1.,0.));
#5396=DIRECTION('',(0.,0.,1.));
#5397=DIRECTION('',(1.,0.,0.));
#5398=DIRECTION('',(-1.44560289664734E-16,-1.,0.));
#5399=DIRECTION('',(1.,1.22464679914735E-16,0.));
#5400=DIRECTION('',(0.,1.,0.));
#5401=DIRECTION('',(0.,0.,1.));
#5402=DIRECTION('',(1.,0.,0.));
#5403=DIRECTION('',(1.,0.,0.));
#5404=DIRECTION('',(-3.79460750429818E-16,1.,0.));
#5405=DIRECTION('',(-1.,0.,0.));
#5406=DIRECTION('',(0.,0.,1.));
#5407=DIRECTION('',(1.,0.,0.));
#5408=DIRECTION('',(0.,1.,0.));
#5409=DIRECTION('',(-1.,-1.22464679914735E-16,0.));
#5410=DIRECTION('',(-1.44560289664734E-16,-1.,0.));
#5411=DIRECTION('',(0.,0.,1.));
#5412=DIRECTION('',(1.,0.,0.));
#5413=DIRECTION('',(1.44560289664734E-16,1.,0.));
#5414=DIRECTION('',(-1.,-1.22464679914735E-16,0.));
#5415=DIRECTION('',(0.,-1.,0.));
#5416=DIRECTION('',(0.,0.,1.));
#5417=DIRECTION('',(1.,0.,0.));
#5418=DIRECTION('',(-1.,0.,0.));
#5419=DIRECTION('',(-1.34531390600347E-16,-1.,0.));
#5420=DIRECTION('',(1.,0.,0.));
#5421=DIRECTION('',(0.,0.,1.));
#5422=DIRECTION('',(1.,0.,0.));
#5423=DIRECTION('',(0.,-1.,0.));
#5424=DIRECTION('',(0.,0.,1.));
#5425=DIRECTION('',(1.,0.,0.));
#5426=DIRECTION('',(0.,0.,1.));
#5427=DIRECTION('',(1.,0.,0.));
#5428=DIRECTION('',(0.,0.,1.));
#5429=DIRECTION('',(1.,0.,0.));
#5430=DIRECTION('',(0.,0.,1.));
#5431=DIRECTION('',(1.,0.,0.));
#5432=DIRECTION('',(-1.22464679914735E-16,1.,0.));
#5433=DIRECTION('',(0.,0.,-1.));
#5434=DIRECTION('',(-1.22464679914735E-16,1.,0.));
#5435=DIRECTION('',(0.,0.,-1.));
#5436=DIRECTION('',(-1.22464679914735E-16,1.,0.));
#5437=DIRECTION('',(0.,0.,-1.));
#5438=DIRECTION('',(-1.22464679914735E-16,1.,0.));
#5439=DIRECTION('',(0.,0.,-1.));
#5440=DIRECTION('',(-1.22464679914735E-16,1.,0.));
#5441=DIRECTION('',(0.,0.,-1.));
#5442=DIRECTION('',(-1.22464679914735E-16,1.,0.));
#5443=DIRECTION('',(0.,0.,-1.));
#5444=DIRECTION('',(0.,0.,-1.));
#5445=DIRECTION('',(0.707106781186548,8.65956056235494E-17,-0.707106781186547));
#5446=DIRECTION('',(1.,1.22464679914735E-16,0.));
#5447=DIRECTION('',(0.,0.,1.));
#5448=DIRECTION('',(1.,1.22464679914735E-16,0.));
#5449=DIRECTION('',(0.,0.,1.));
#5450=DIRECTION('',(-1.,-1.22464679914735E-16,0.));
#5451=DIRECTION('',(0.,0.,1.));
#5452=DIRECTION('',(-1.,-1.22464679914735E-16,0.));
#5453=DIRECTION('',(0.,0.,-1.));
#5454=DIRECTION('',(-1.,-1.22464679914735E-16,0.));
#5455=DIRECTION('',(0.,0.,1.));
#5456=DIRECTION('',(-1.,-1.22464679914735E-16,0.));
#5457=DIRECTION('',(0.,0.,-1.));
#5458=DIRECTION('',(-1.,-1.22464679914735E-16,0.));
#5459=DIRECTION('',(0.,0.,-1.));
#5460=DIRECTION('',(1.,1.22464679914735E-16,0.));
#5461=DIRECTION('',(-1.22464679914735E-16,1.,0.));
#5462=DIRECTION('',(0.,0.,-1.));
#5463=DIRECTION('',(0.,0.,-1.));
#5464=DIRECTION('',(0.707106781186548,8.65956056235494E-17,0.707106781186548));
#5465=DIRECTION('',(-1.,-1.22464679914735E-16,0.));
#5466=DIRECTION('',(-1.22464679914735E-16,1.,0.));
#5467=DIRECTION('',(0.,0.,-1.));
#5468=DIRECTION('',(-1.22464679914735E-16,1.,0.));
#5469=DIRECTION('',(0.,0.,-1.));
#5470=DIRECTION('',(-1.22464679914735E-16,1.,0.));
#5471=DIRECTION('',(0.,0.,-1.));
#5472=DIRECTION('',(1.22464679914735E-16,-1.,0.));
#5473=DIRECTION('',(0.,0.,1.));
#5474=DIRECTION('',(-1.22464679914735E-16,1.,0.));
#5475=DIRECTION('',(0.,0.,-1.));
#5476=DIRECTION('',(-1.22464679914735E-16,1.,0.));
#5477=DIRECTION('',(0.,0.,-1.));
#5478=DIRECTION('',(-1.22464679914735E-16,1.,0.));
#5479=DIRECTION('',(0.,0.,-1.));
#5480=DIRECTION('',(1.22464679914735E-16,-1.,0.));
#5481=DIRECTION('',(0.,0.,1.));
#5482=DIRECTION('',(-1.22464679914735E-16,1.,0.));
#5483=DIRECTION('',(0.,0.,-1.));
#5484=DIRECTION('',(8.65956056235494E-17,-0.707106781186548,-0.707106781186547));
#5485=DIRECTION('',(-8.65956056235493E-17,0.707106781186547,-0.707106781186548));
#5486=DIRECTION('',(-1.22464679914735E-16,1.,0.));
#5487=DIRECTION('',(0.,0.,-1.));
#5488=DIRECTION('',(1.22464679914735E-16,-1.,0.));
#5489=DIRECTION('',(0.,0.,1.));
#5490=DIRECTION('',(-1.22464679914735E-16,1.,0.));
#5491=DIRECTION('',(0.,0.,-1.));
#5492=DIRECTION('',(1.22464679914735E-16,-1.,0.));
#5493=DIRECTION('',(0.,0.,1.));
#5494=DIRECTION('',(1.22464679914735E-16,-1.,0.));
#5495=DIRECTION('',(0.,0.,1.));
#5496=DIRECTION('',(-1.22464679914735E-16,1.,0.));
#5497=DIRECTION('',(0.,0.,-1.));
#5498=DIRECTION('',(1.22464679914735E-16,-1.,0.));
#5499=DIRECTION('',(0.,0.,1.));
#5500=DIRECTION('',(1.22464679914735E-16,-1.,0.));
#5501=DIRECTION('',(0.,0.,1.));
#5502=DIRECTION('',(-1.22464679914735E-16,1.,0.));
#5503=DIRECTION('',(0.,0.,-1.));
#5504=DIRECTION('',(8.65956056235494E-17,-0.707106781186548,-0.707106781186547));
#5505=DIRECTION('',(-8.65956056235493E-17,0.707106781186547,-0.707106781186548));
#5506=DIRECTION('',(-1.22464679914735E-16,1.,0.));
#5507=DIRECTION('',(0.,0.,-1.));
#5508=DIRECTION('',(1.22464679914735E-16,-1.,0.));
#5509=DIRECTION('',(0.,0.,1.));
#5510=DIRECTION('',(0.,0.,-1.));
#5511=DIRECTION('',(1.,1.22464679914735E-16,0.));
#5512=DIRECTION('',(0.,0.,1.));
#5513=DIRECTION('',(-1.,-1.22464679914735E-16,0.));
#5514=DIRECTION('',(0.,0.,-1.));
#5515=DIRECTION('',(-1.,-1.22464679914735E-16,0.));
#5516=DIRECTION('',(0.,0.,-1.));
#5517=DIRECTION('',(1.,1.22464679914735E-16,0.));
#5518=DIRECTION('',(-1.,-1.22464679914735E-16,0.));
#5519=DIRECTION('',(0.,0.,-1.));
#5520=DIRECTION('',(0.,0.,-1.));
#5521=DIRECTION('',(1.22464679914735E-16,-1.,0.));
#5522=DIRECTION('',(0.,0.,-1.));
#5523=DIRECTION('',(1.22464679914735E-16,-1.,0.));
#5524=DIRECTION('',(0.,0.,1.));
#5525=DIRECTION('',(-1.,-1.22464679914735E-16,0.));
#5526=DIRECTION('',(0.,0.,1.));
#5527=DIRECTION('',(1.,0.,0.));
#5528=DIRECTION('',(0.,0.,1.));
#5529=DIRECTION('',(1.,0.,0.));
#5530=DIRECTION('',(1.34531390600347E-16,1.,0.));
#5531=DIRECTION('',(0.816496580927725,0.577350269189627,0.));
#5532=DIRECTION('',(1.,1.22464679914735E-16,0.));
#5533=DIRECTION('',(-1.22464679914735E-16,1.,0.));
#5534=DIRECTION('',(-1.,-1.22464679914735E-16,0.));
#5535=DIRECTION('',(3.79460750429818E-16,-1.,0.));
#5536=DIRECTION('',(-1.,-1.22464679914735E-16,0.));
#5537=DIRECTION('',(1.22464679914735E-16,-1.,0.));
#5538=DIRECTION('',(-0.707106781186547,-0.707106781186548,0.));
#5539=DIRECTION('',(-0.816496580927725,0.577350269189628,0.));
#5540=DIRECTION('',(0.,0.,1.));
#5541=DIRECTION('',(-1.,-1.22464679914735E-16,0.));
#5542=DIRECTION('',(0.,0.,1.));
#5543=DIRECTION('',(-1.,-1.22464679914735E-16,0.));
#5544=DIRECTION('',(0.,0.,-1.));
#5545=DIRECTION('',(1.,1.22464679914735E-16,0.));
#5546=DIRECTION('',(0.,0.,1.));
#5547=DIRECTION('',(1.,0.,0.));
#5548=DIRECTION('',(-1.22464679914735E-16,1.,0.));
#5549=DIRECTION('',(0.,0.,-1.));
#5550=DIRECTION('',(0.,0.,-1.));
#5551=DIRECTION('',(1.,1.22464679914735E-16,0.));
#5552=DIRECTION('',(1.,1.22464679914735E-16,0.));
#5553=DIRECTION('',(1.,1.22464679914735E-16,0.));
#5554=DIRECTION('',(0.,0.,1.));
#5555=DIRECTION('',(8.65956056235494E-17,-0.707106781186548,-0.707106781186547));
#5556=DIRECTION('',(8.65956056235493E-17,-0.707106781186547,0.707106781186548));
#5557=DIRECTION('',(-2.6831926982306E-16,0.707106781186547,-0.707106781186548));
#5558=DIRECTION('',(1.,1.22464679914735E-16,0.));
#5559=DIRECTION('',(-9.51280585759616E-17,-0.707106781186547,0.707106781186548));
#5560=DIRECTION('',(1.22464679914735E-16,-1.,0.));
#5561=DIRECTION('',(0.,0.,1.));
#5562=DIRECTION('',(0.,0.,-1.));
#5563=DIRECTION('',(-1.,-1.22464679914735E-16,0.));
#5564=DIRECTION('',(0.,0.,-1.));
#5565=DIRECTION('',(-0.707106781186548,-8.65956056235494E-17,0.707106781186547));
#5566=DIRECTION('',(0.,0.,1.));
#5567=DIRECTION('',(1.,1.22464679914735E-16,0.));
#5568=DIRECTION('',(0.707106781186548,8.65956056235494E-17,0.707106781186548));
#5569=DIRECTION('',(0.,0.,-1.));
#5570=DIRECTION('',(1.,1.22464679914735E-16,0.));
#5571=DIRECTION('',(0.707106781186547,8.65956056235493E-17,-0.707106781186548));
#5572=DIRECTION('',(0.577350269189627,7.0705015914994E-17,0.816496580927725));
#5573=DIRECTION('',(0.,0.,-1.));
#5574=DIRECTION('',(1.,1.22464679914735E-16,0.));
#5575=DIRECTION('',(1.,1.22464679914735E-16,0.));
#5576=DIRECTION('',(-1.34531390600347E-16,-1.,0.));
#5577=DIRECTION('',(1.,1.22464679914735E-16,0.));
#5578=DIRECTION('',(-1.22464679914735E-16,1.,0.));
#5579=DIRECTION('',(-1.34531390600347E-16,-1.,0.));
#5580=DIRECTION('',(1.,1.22464679914735E-16,0.));
#5581=DIRECTION('',(-1.,-1.22464679914735E-16,0.));
#5582=DIRECTION('',(0.,0.,-1.));
#5583=DIRECTION('',(1.22464679914735E-16,-1.,0.));
#5584=DIRECTION('',(0.,0.,1.));
#5585=DIRECTION('',(1.22464679914735E-16,-1.,0.));
#5586=DIRECTION('',(0.,0.,-1.));
#5587=DIRECTION('',(1.,1.22464679914735E-16,0.));
#5588=DIRECTION('',(-1.,-1.22464679914735E-16,0.));
#5589=DIRECTION('',(1.34531390600347E-16,1.,0.));
#5590=DIRECTION('',(1.,1.22464679914735E-16,0.));
#5591=DIRECTION('',(1.,1.22464679914735E-16,0.));
#5592=DIRECTION('',(1.34531390600347E-16,1.,0.));
#5593=DIRECTION('',(1.22464679914735E-16,-1.,0.));
#5594=DIRECTION('',(1.,1.22464679914735E-16,0.));
#5595=DIRECTION('',(0.,0.,-1.));
#5596=DIRECTION('',(1.22464679914735E-16,-1.,0.));
#5597=DIRECTION('',(1.,1.22464679914735E-16,0.));
#5598=DIRECTION('',(0.,0.,1.));
#5599=DIRECTION('',(0.,0.,1.));
#5600=DIRECTION('',(-1.,-1.22464679914735E-16,0.));
#5601=DIRECTION('',(0.,0.,1.));
#5602=DIRECTION('',(1.,0.,0.));
#5603=DIRECTION('',(0.,0.,1.));
#5604=DIRECTION('',(1.,0.,0.));
#5605=DIRECTION('',(1.34531390600347E-16,1.,0.));
#5606=DIRECTION('',(-0.816496580927726,-0.577350269189626,0.));
#5607=DIRECTION('',(1.,1.22464679914735E-16,0.));
#5608=DIRECTION('',(-1.22464679914735E-16,1.,0.));
#5609=DIRECTION('',(1.,1.22464679914735E-16,0.));
#5610=DIRECTION('',(3.79460750429818E-16,-1.,0.));
#5611=DIRECTION('',(-0.816496580927726,-0.577350269189627,0.));
#5612=DIRECTION('',(1.,1.22464679914735E-16,0.));
#5613=DIRECTION('',(1.22464679914735E-16,-1.,0.));
#5614=DIRECTION('',(1.,1.22464679914735E-16,0.));
#5615=DIRECTION('',(-0.816496580927727,0.577350269189625,0.));
#5616=DIRECTION('',(-1.,-1.22464679914735E-16,0.));
#5617=DIRECTION('',(0.,0.,-1.));
#5618=DIRECTION('',(-1.22464679914735E-16,1.,0.));
#5619=DIRECTION('',(0.,0.,-1.));
#5620=DIRECTION('',(-1.22464679914735E-16,1.,0.));
#5621=DIRECTION('',(0.,0.,-1.));
#5622=DIRECTION('',(0.,0.,-1.));
#5623=DIRECTION('',(1.,1.22464679914735E-16,0.));
#5624=DIRECTION('',(1.,1.22464679914735E-16,0.));
#5625=DIRECTION('',(-1.22464679914735E-16,1.,0.));
#5626=DIRECTION('',(1.,1.22464679914735E-16,0.));
#5627=DIRECTION('',(0.,0.,1.));
#5628=DIRECTION('',(-1.,-1.22464679914735E-16,0.));
#5629=DIRECTION('',(0.,0.,-1.));
#5630=DIRECTION('',(-1.,-1.22464679914735E-16,0.));
#5631=DIRECTION('',(0.,0.,-1.));
#5632=DIRECTION('',(1.,1.22464679914735E-16,0.));
#5633=DIRECTION('',(0.,0.,1.));
#5634=DIRECTION('',(1.,0.,0.));
#5635=DIRECTION('',(1.22464679914735E-16,-1.,0.));
#5636=DIRECTION('',(0.,0.,-1.));
#5637=DIRECTION('',(1.,1.22464679914735E-16,0.));
#5638=DIRECTION('',(1.,1.22464679914735E-16,0.));
#5639=DIRECTION('',(1.,1.22464679914735E-16,0.));
#5640=DIRECTION('',(0.,0.,1.));
#5641=DIRECTION('',(0.,0.,-1.));
#5642=DIRECTION('',(-8.65956056235494E-17,0.707106781186548,-0.707106781186547));
#5643=DIRECTION('',(-8.65956056235493E-17,0.707106781186547,0.707106781186548));
#5644=DIRECTION('',(-9.51280585759616E-17,-0.707106781186547,-0.707106781186548));
#5645=DIRECTION('',(1.,1.22464679914735E-16,0.));
#5646=DIRECTION('',(-2.6831926982306E-16,0.707106781186547,0.707106781186548));
#5647=DIRECTION('',(-1.22464679914735E-16,1.,0.));
#5648=DIRECTION('',(0.,0.,1.));
#5649=DIRECTION('',(-0.707106781186548,-8.65956056235494E-17,-0.707106781186547));
#5650=DIRECTION('',(-0.577350269189625,-7.07050159149937E-17,0.816496580927726));
#5651=DIRECTION('',(0.,0.,-1.));
#5652=DIRECTION('',(1.,1.22464679914735E-16,0.));
#5653=DIRECTION('',(0.,0.,-1.));
#5654=DIRECTION('',(0.707106781186547,8.65956056235493E-17,0.707106781186548));
#5655=DIRECTION('',(0.,0.,1.));
#5656=DIRECTION('',(-1.,-1.22464679914735E-16,0.));
#5657=DIRECTION('',(-0.707106781186548,-8.65956056235494E-17,0.707106781186548));
#5658=DIRECTION('',(0.,0.,-1.));
#5659=DIRECTION('',(-1.,-1.22464679914735E-16,0.));
#5660=DIRECTION('',(-1.,-1.22464679914735E-16,0.));
#5661=DIRECTION('',(0.,0.,-1.));
#5662=DIRECTION('',(0.,0.,-1.));
#5663=DIRECTION('',(1.22464679914735E-16,-1.,0.));
#5664=DIRECTION('',(0.,0.,-1.));
#5665=DIRECTION('',(-1.22464679914735E-16,1.,0.));
#5666=DIRECTION('',(0.,0.,-1.));
#5667=DIRECTION('',(0.,0.,-1.));
#5668=DIRECTION('',(1.,1.22464679914735E-16,0.));
#5669=DIRECTION('',(1.34531390600347E-16,1.,0.));
#5670=DIRECTION('',(1.,1.22464679914735E-16,0.));
#5671=DIRECTION('',(1.34531390600347E-16,1.,0.));
#5672=DIRECTION('',(1.,1.22464679914735E-16,3.1540426835942E-16));
#5673=DIRECTION('',(1.,1.22464679914735E-16,3.1540426835942E-16));
#5674=DIRECTION('',(-1.22464679914735E-16,1.,0.));
#5675=DIRECTION('',(1.,1.22464679914735E-16,0.));
#5676=DIRECTION('',(-0.707106781186547,-8.65956056235493E-17,0.707106781186548));
#5677=DIRECTION('',(0.,0.,1.));
#5678=DIRECTION('',(0.707106781186547,8.65956056235493E-17,0.707106781186548));
#5679=DIRECTION('',(-1.22464679914735E-16,1.,0.));
#5680=DIRECTION('',(1.,1.22464679914735E-16,0.));
#5681=DIRECTION('',(0.,0.,-1.));
#5682=DIRECTION('',(0.707106781186547,8.65956056235493E-17,-0.707106781186548));
#5683=DIRECTION('',(-0.707106781186547,-8.65956056235493E-17,-0.707106781186548));
#5684=DIRECTION('',(1.,1.22464679914735E-16,0.));
#5685=DIRECTION('',(0.,0.,-1.));
#5686=DIRECTION('',(1.22464679914735E-16,-1.,0.));
#5687=DIRECTION('',(0.,0.,-1.));
#5688=DIRECTION('',(1.22464679914735E-16,-1.,0.));
#5689=DIRECTION('',(0.,0.,-1.));
#5690=DIRECTION('',(0.,0.,-1.));
#5691=DIRECTION('',(-1.,-1.22464679914735E-16,0.));
#5692=DIRECTION('',(-1.,-1.22464679914735E-16,0.));
#5693=DIRECTION('',(1.22464679914735E-16,-1.,0.));
#5694=DIRECTION('',(-1.,-1.22464679914735E-16,0.));
#5695=DIRECTION('',(0.,0.,1.));
#5696=DIRECTION('',(1.,1.22464679914735E-16,0.));
#5697=DIRECTION('',(0.,0.,-1.));
#5698=DIRECTION('',(1.,1.22464679914735E-16,0.));
#5699=DIRECTION('',(0.,0.,-1.));
#5700=DIRECTION('',(-1.,-1.22464679914735E-16,0.));
#5701=DIRECTION('',(0.,0.,1.));
#5702=DIRECTION('',(1.,0.,0.));
#5703=DIRECTION('',(1.,1.22464679914735E-16,0.));
#5704=DIRECTION('',(0.,0.,-1.));
#5705=DIRECTION('',(0.,0.,-1.));
#5706=DIRECTION('',(-1.22464679914735E-16,1.,0.));
#5707=DIRECTION('',(0.,0.,-1.));
#5708=DIRECTION('',(1.22464679914735E-16,-1.,0.));
#5709=DIRECTION('',(0.,0.,-1.));
#5710=DIRECTION('',(0.,0.,-1.));
#5711=DIRECTION('',(-1.,-1.22464679914735E-16,0.));
#5712=DIRECTION('',(3.79460750429818E-16,-1.,0.));
#5713=DIRECTION('',(-1.,-1.22464679914735E-16,0.));
#5714=DIRECTION('',(3.79460750429818E-16,-1.,0.));
#5715=DIRECTION('',(-1.,-1.22464679914735E-16,3.1540426835942E-16));
#5716=DIRECTION('',(-1.,-1.22464679914735E-16,3.1540426835942E-16));
#5717=DIRECTION('',(1.22464679914735E-16,-1.,0.));
#5718=DIRECTION('',(-1.,-1.22464679914735E-16,0.));
#5719=DIRECTION('',(0.707106781186548,8.65956056235494E-17,0.707106781186547));
#5720=DIRECTION('',(0.,0.,1.));
#5721=DIRECTION('',(-0.707106781186547,-8.65956056235493E-17,0.707106781186548));
#5722=DIRECTION('',(1.22464679914735E-16,-1.,0.));
#5723=DIRECTION('',(-1.,-1.22464679914735E-16,0.));
#5724=DIRECTION('',(0.,0.,-1.));
#5725=DIRECTION('',(-0.707106781186548,-8.65956056235494E-17,-0.707106781186547));
#5726=DIRECTION('',(0.707106781186547,8.65956056235493E-17,-0.707106781186548));
#5727=DIRECTION('',(1.,1.22464679914735E-16,0.));
#5728=DIRECTION('',(0.,0.,-1.));
#5729=DIRECTION('',(0.,0.,-1.));
#5730=DIRECTION('',(-1.22464679914735E-16,1.,0.));
#5731=DIRECTION('',(0.,0.,-1.));
#5732=DIRECTION('',(-1.22464679914735E-16,1.,0.));
#5733=DIRECTION('',(0.,0.,1.));
#5734=DIRECTION('',(1.,1.22464679914735E-16,0.));
#5735=DIRECTION('',(0.,0.,1.));
#5736=DIRECTION('',(1.,1.22464679914735E-16,0.));
#5737=DIRECTION('',(0.,0.,-1.));
#5738=DIRECTION('',(-1.,-1.22464679914735E-16,0.));
#5739=DIRECTION('',(0.,0.,1.));
#5740=DIRECTION('',(1.,0.,0.));
#5741=DIRECTION('',(0.,0.,-1.));
#5742=DIRECTION('',(-1.,-1.22464679914735E-16,0.));
#5743=DIRECTION('',(-1.,-1.22464679914735E-16,0.));
#5744=DIRECTION('',(-3.79460750429818E-16,1.,0.));
#5745=DIRECTION('',(-1.,-1.22464679914735E-16,0.));
#5746=DIRECTION('',(1.22464679914735E-16,-1.,0.));
#5747=DIRECTION('',(-3.79460750429818E-16,1.,0.));
#5748=DIRECTION('',(-1.,-1.22464679914735E-16,0.));
#5749=DIRECTION('',(1.,1.22464679914735E-16,0.));
#5750=DIRECTION('',(0.,0.,-1.));
#5751=DIRECTION('',(-1.22464679914735E-16,1.,0.));
#5752=DIRECTION('',(-1.22464679914735E-16,1.,0.));
#5753=DIRECTION('',(0.,0.,-1.));
#5754=DIRECTION('',(-1.,-1.22464679914735E-16,0.));
#5755=DIRECTION('',(3.79460750429818E-16,-1.,0.));
#5756=DIRECTION('',(-1.,-1.22464679914735E-16,0.));
#5757=DIRECTION('',(-1.,-1.22464679914735E-16,0.));
#5758=DIRECTION('',(3.79460750429818E-16,-1.,0.));
#5759=DIRECTION('',(-1.22464679914735E-16,1.,0.));
#5760=DIRECTION('',(-1.,-1.22464679914735E-16,0.));
#5761=DIRECTION('',(0.,0.,-1.));
#5762=DIRECTION('',(-1.22464679914735E-16,1.,0.));
#5763=DIRECTION('',(-1.,-1.22464679914735E-16,0.));
#5764=DIRECTION('',(0.,0.,1.));
#5765=DIRECTION('',(1.22464679914735E-16,-1.,0.));
#5766=DIRECTION('',(0.,0.,1.));
#5767=DIRECTION('',(1.22464679914735E-16,-1.,0.));
#5768=DIRECTION('',(0.,0.,1.));
#5769=DIRECTION('',(1.22464679914735E-16,-1.,0.));
#5770=DIRECTION('',(0.,0.,1.));
#5771=DIRECTION('',(-1.22464679914735E-16,1.,0.));
#5772=DIRECTION('',(0.,0.,-1.));
#5773=DIRECTION('',(-1.22464679914735E-16,1.,0.));
#5774=DIRECTION('',(0.,0.,-1.));
#5775=DIRECTION('',(8.65956056235492E-17,-0.707106781186547,-0.707106781186549));
#5776=DIRECTION('',(-8.65956056235495E-17,0.707106781186549,-0.707106781186547));
#5777=DIRECTION('',(-0.707106781186549,-0.707106781186546,0.));
#5778=DIRECTION('',(-0.707106781186546,0.707106781186549,0.));
#5779=DIRECTION('',(1.22464679914735E-16,-1.,0.));
#5780=DIRECTION('',(0.,0.,1.));
#5781=DIRECTION('',(-1.22464679914735E-16,1.,0.));
#5782=DIRECTION('',(0.,0.,-1.));
#5783=DIRECTION('',(-1.22464679914735E-16,1.,0.));
#5784=DIRECTION('',(0.,0.,-1.));
#5785=DIRECTION('',(1.22464679914735E-16,-1.,0.));
#5786=DIRECTION('',(0.,0.,1.));
#5787=DIRECTION('',(-1.22464679914735E-16,1.,0.));
#5788=DIRECTION('',(0.,0.,-1.));
#5789=DIRECTION('',(-1.22464679914735E-16,1.,0.));
#5790=DIRECTION('',(0.,0.,-1.));
#5791=DIRECTION('',(1.22464679914735E-16,-1.,0.));
#5792=DIRECTION('',(0.,0.,1.));
#5793=DIRECTION('',(-1.22464679914735E-16,1.,0.));
#5794=DIRECTION('',(0.,0.,-1.));
#5795=DIRECTION('',(-1.22464679914735E-16,1.,0.));
#5796=DIRECTION('',(0.,0.,-1.));
#5797=DIRECTION('',(1.22464679914735E-16,-1.,0.));
#5798=DIRECTION('',(0.,0.,1.));
#5799=DIRECTION('',(-1.22464679914735E-16,1.,0.));
#5800=DIRECTION('',(0.,0.,-1.));
#5801=DIRECTION('',(-1.22464679914735E-16,1.,0.));
#5802=DIRECTION('',(0.,0.,-1.));
#5803=DIRECTION('',(1.22464679914735E-16,-1.,0.));
#5804=DIRECTION('',(0.,0.,1.));
#5805=DIRECTION('',(-1.22464679914735E-16,1.,0.));
#5806=DIRECTION('',(0.,0.,-1.));
#5807=DIRECTION('',(-1.22464679914735E-16,1.,0.));
#5808=DIRECTION('',(0.,0.,-1.));
#5809=DIRECTION('',(0.707106781186548,2.6831926982306E-16,-0.707106781186547));
#5810=DIRECTION('',(3.79460750429818E-16,-1.,0.));
#5811=DIRECTION('',(3.79460750429818E-16,-1.,-7.07835114187489E-32));
#5812=DIRECTION('',(-0.707106781186547,-8.65956056235493E-17,-0.707106781186548));
#5813=DIRECTION('',(-3.79460750429818E-16,1.,-6.16297582203916E-33));
#5814=DIRECTION('',(0.707106781186547,8.65956056235493E-17,0.707106781186548));
#5815=DIRECTION('',(-0.707106781186547,9.51280585759616E-17,-0.707106781186548));
#5816=DIRECTION('',(1.34531390600347E-16,1.,0.));
#5817=DIRECTION('',(1.34531390600347E-16,1.,2.35945038062496E-32));
#5818=DIRECTION('',(0.707106781186548,8.65956056235494E-17,-0.707106781186547));
#5819=DIRECTION('',(-1.34531390600347E-16,-1.,0.));
#5820=DIRECTION('',(-0.707106781186548,-8.65956056235494E-17,0.707106781186547));
#5821=DIRECTION('',(0.707106781186547,2.6831926982306E-16,-0.707106781186548));
#5822=DIRECTION('',(-3.79460750429818E-16,1.,0.));
#5823=DIRECTION('',(3.79460750429818E-16,-1.,-7.0783511418749E-32));
#5824=DIRECTION('',(0.577350269189626,0.577350269189624,0.577350269189626));
#5825=DIRECTION('',(0.577350269189627,-0.577350269189625,0.577350269189626));
#5826=DIRECTION('',(-0.707106781186548,9.51280585759617E-17,-0.707106781186547));
#5827=DIRECTION('',(-1.34531390600347E-16,-1.,0.));
#5828=DIRECTION('',(-0.707106781186547,-8.65956056235493E-17,0.707106781186548));
#5829=DIRECTION('',(1.34531390600347E-16,1.,-4.35788199605263E-33));
#5830=DIRECTION('',(0.707106781186547,8.65956056235493E-17,-0.707106781186548));
#5831=DIRECTION('',(-1.34531390600347E-16,-1.,4.35788199605262E-33));
#5832=DIRECTION('',(0.,0.,1.));
#5833=DIRECTION('',(1.,0.,0.));
#5834=DIRECTION('',(0.,0.,1.));
#5835=DIRECTION('',(0.,0.,1.));
#5836=DIRECTION('',(1.,0.,0.));
#5837=DIRECTION('',(0.,0.,1.));
#5838=DIRECTION('',(0.,0.,1.));
#5839=DIRECTION('',(1.,0.,0.));
#5840=DIRECTION('',(-1.,1.44560289664734E-16,0.));
#5841=DIRECTION('',(-1.44560289664734E-16,-1.,0.));
#5842=DIRECTION('',(1.44560289664734E-16,1.,0.));
#5843=DIRECTION('',(0.,0.,-1.));
#5844=DIRECTION('',(-1.44560289664734E-16,-1.,0.));
#5845=DIRECTION('',(-1.,1.44560289664734E-16,0.));
#5846=DIRECTION('',(-1.44560289664734E-16,-1.,0.));
#5847=DIRECTION('',(-1.44560289664734E-16,-1.,0.));
#5848=DIRECTION('',(0.,0.,1.));
#5849=DIRECTION('',(-1.44560289664734E-16,-1.,0.));
#5850=DIRECTION('',(0.,0.,1.));
#5851=DIRECTION('',(1.,0.,0.));
#5852=DIRECTION('',(0.,0.,1.));
#5853=DIRECTION('',(1.,0.,0.));
#5854=DIRECTION('',(-1.,-1.22464679914735E-16,0.));
#5855=DIRECTION('',(1.,-1.44560289664734E-16,0.));
#5856=DIRECTION('',(1.44560289664734E-16,1.,0.));
#5857=DIRECTION('',(1.44560289664734E-16,1.,0.));
#5858=DIRECTION('',(0.,0.,1.));
#5859=DIRECTION('',(1.44560289664734E-16,1.,0.));
#5860=DIRECTION('',(0.,0.,1.));
#5861=DIRECTION('',(0.,0.,1.));
#5862=DIRECTION('',(1.,0.,0.));
#5863=DIRECTION('',(0.,0.,1.));
#5864=DIRECTION('',(1.,0.,0.));
#5865=DIRECTION('',(0.,0.,1.));
#5866=DIRECTION('',(0.,0.,1.));
#5867=DIRECTION('',(1.,0.,0.));
#5868=DIRECTION('',(1.,-1.44560289664734E-16,0.));
#5869=DIRECTION('',(1.44560289664734E-16,1.,0.));
#5870=DIRECTION('',(-1.44560289664734E-16,-1.,0.));
#5871=DIRECTION('',(0.,0.,-1.));
#5872=DIRECTION('',(1.44560289664734E-16,1.,0.));
#5873=DIRECTION('',(0.,0.,1.));
#5874=DIRECTION('',(1.,0.,0.));
#5875=DIRECTION('',(1.,1.22464679914735E-16,0.));
#5876=DIRECTION('',(0.,0.,1.));
#5877=DIRECTION('',(1.,0.,0.));
#5878=DIRECTION('',(0.,-1.,0.));
#5879=DIRECTION('',(0.,0.,-1.));
#5880=DIRECTION('',(1.,0.,0.));
#5881=DIRECTION('',(0.,0.,1.));
#5882=DIRECTION('',(1.,0.,0.));
#5883=DIRECTION('',(0.,0.,1.));
#5884=DIRECTION('',(0.,0.,1.));
#5885=DIRECTION('',(1.,0.,0.));
#5886=DIRECTION('',(0.,0.,1.));
#5887=DIRECTION('',(1.,0.,0.));
#5888=DIRECTION('',(0.,0.,1.));
#5889=DIRECTION('',(0.,0.,1.));
#5890=DIRECTION('',(1.,0.,0.));
#5891=DIRECTION('',(-1.,0.,0.));
#5892=DIRECTION('',(0.,0.,1.));
#5893=DIRECTION('',(0.,1.,0.));
#5894=DIRECTION('',(0.,0.,-1.));
#5895=DIRECTION('',(0.,-1.,0.));
#5896=DIRECTION('',(0.,0.,1.));
#5897=DIRECTION('',(1.,0.,0.));
#5898=DIRECTION('',(-1.,-1.22464679914735E-16,0.));
#5899=DIRECTION('',(-1.34531390600347E-16,-1.,0.));
#5900=DIRECTION('',(0.,0.,1.));
#5901=DIRECTION('',(1.,0.,0.));
#5902=DIRECTION('',(1.,0.,0.));
#5903=DIRECTION('',(0.,0.,-1.));
#5904=DIRECTION('',(0.,1.,0.));
#5905=DIRECTION('',(0.,0.,1.));
#5906=DIRECTION('',(0.,1.,0.));
#5907=DIRECTION('',(0.,0.,1.));
#5908=DIRECTION('',(0.,0.,1.));
#5909=DIRECTION('',(1.,0.,0.));
#5910=DIRECTION('',(0.,0.,1.));
#5911=DIRECTION('',(1.,0.,0.));
#5912=DIRECTION('',(0.,0.,1.));
#5913=DIRECTION('',(0.,0.,1.));
#5914=DIRECTION('',(1.,0.,0.));
#5915=DIRECTION('',(0.,-1.,0.));
#5916=DIRECTION('',(0.,0.,-1.));
#5917=DIRECTION('',(-1.,0.,0.));
#5918=DIRECTION('',(0.,0.,-1.));
#5919=DIRECTION('',(1.,0.,0.));
#5920=DIRECTION('',(0.,0.,1.));
#5921=DIRECTION('',(1.,0.,0.));
#5922=DIRECTION('',(-1.34531390600347E-16,-1.,0.));
#5923=DIRECTION('',(1.,1.22464679914735E-16,0.));
#5924=DIRECTION('',(0.,0.,1.));
#5925=DIRECTION('',(1.,0.,0.));
#5926=DIRECTION('',(0.,1.,0.));
#5927=DIRECTION('',(0.,0.,1.));
#5928=DIRECTION('',(-1.,0.,0.));
#5929=DIRECTION('',(0.,0.,1.));
#5930=DIRECTION('',(-1.,0.,0.));
#5931=DIRECTION('',(0.,0.,1.));
#5932=DIRECTION('',(0.,0.,1.));
#5933=DIRECTION('',(1.,0.,0.));
#5934=DIRECTION('',(0.,0.,1.));
#5935=DIRECTION('',(1.,0.,0.));
#5936=DIRECTION('',(0.,0.,1.));
#5937=DIRECTION('',(0.,0.,1.));
#5938=DIRECTION('',(1.,0.,0.));
#5939=DIRECTION('',(1.,0.,0.));
#5940=DIRECTION('',(0.,0.,-1.));
#5941=DIRECTION('',(0.,-1.,0.));
#5942=DIRECTION('',(0.,0.,-1.));
#5943=DIRECTION('',(0.,1.,0.));
#5944=DIRECTION('',(0.,0.,1.));
#5945=DIRECTION('',(1.,0.,0.));
#5946=DIRECTION('',(1.,1.22464679914735E-16,0.));
#5947=DIRECTION('',(-3.79460750429818E-16,1.,0.));
#5948=DIRECTION('',(0.,0.,1.));
#5949=DIRECTION('',(1.,0.,0.));
#5950=DIRECTION('',(0.,0.,1.));
#5951=DIRECTION('',(1.,0.,0.));
#5952=DIRECTION('',(0.,0.,1.));
#5953=DIRECTION('',(0.,0.,1.));
#5954=DIRECTION('',(1.,0.,0.));
#5955=DIRECTION('',(0.,0.,1.));
#5956=DIRECTION('',(0.,0.,1.));
#5957=DIRECTION('',(1.,0.,0.));
#5958=DIRECTION('',(0.,1.,0.));
#5959=DIRECTION('',(0.,0.,1.));
#5960=DIRECTION('',(1.,0.,0.));
#5961=DIRECTION('',(0.,0.,-1.));
#5962=DIRECTION('',(-1.,0.,0.));
#5963=DIRECTION('',(-1.,0.,0.));
#5964=DIRECTION('',(0.,0.,1.));
#5965=DIRECTION('',(0.,-1.,0.));
#5966=DIRECTION('',(0.,0.,1.));
#5967=DIRECTION('',(0.,-1.,0.));
#5968=DIRECTION('',(0.,0.,1.));
#5969=DIRECTION('',(1.,0.,0.));
#5970=DIRECTION('',(0.,0.,1.));
#5971=DIRECTION('',(1.,0.,0.));
#5972=DIRECTION('',(-3.79460750429818E-16,1.,0.));
#5973=DIRECTION('',(-1.,-1.22464679914735E-16,0.));
#5974=DIRECTION('',(0.,0.,1.));
#5975=DIRECTION('',(1.,0.,0.));
#5976=DIRECTION('',(0.,0.,1.));
#5977=DIRECTION('',(1.,0.,0.));
#5978=DIRECTION('',(0.,0.,1.));
#5979=DIRECTION('',(-1.,-1.22464679914735E-16,0.));
#5980=DIRECTION('',(0.,0.,1.));
#5981=DIRECTION('',(1.,0.,0.));
#5982=DIRECTION('',(0.,0.,1.));
#5983=DIRECTION('',(1.,0.,0.));
#5984=DIRECTION('',(0.,0.,1.));
#5985=DIRECTION('',(-1.,-1.22464679914735E-16,0.));
#5986=DIRECTION('',(0.,0.,1.));
#5987=DIRECTION('',(1.,0.,0.));
#5988=DIRECTION('',(0.,0.,1.));
#5989=DIRECTION('',(1.,0.,0.));
#5990=DIRECTION('',(0.,0.,1.));
#5991=DIRECTION('',(-1.,-1.22464679914735E-16,0.));
#5992=DIRECTION('',(0.,0.,1.));
#5993=DIRECTION('',(1.,0.,0.));
#5994=DIRECTION('',(0.,0.,1.));
#5995=DIRECTION('',(1.,0.,0.));
#5996=DIRECTION('',(0.,0.,1.));
#5997=DIRECTION('',(-1.,-1.22464679914735E-16,0.));
#5998=DIRECTION('',(0.,0.,-1.));
#5999=DIRECTION('',(-1.,0.,0.));
#6000=DIRECTION('',(0.,0.,1.));
#6001=DIRECTION('',(1.,0.,0.));
#6002=DIRECTION('',(0.,0.,1.));
#6003=DIRECTION('',(1.,0.,0.));
#6004=DIRECTION('',(0.,0.,-1.));
#6005=DIRECTION('',(-1.,0.,0.));
#6006=DIRECTION('',(0.,0.,1.));
#6007=DIRECTION('',(1.,0.,0.));
#6008=DIRECTION('',(0.,0.,1.));
#6009=DIRECTION('',(1.,0.,0.));
#6010=DIRECTION('',(0.,0.,-1.));
#6011=DIRECTION('',(-1.,0.,0.));
#6012=DIRECTION('',(0.,0.,1.));
#6013=DIRECTION('',(1.,0.,0.));
#6014=DIRECTION('',(0.,0.,1.));
#6015=DIRECTION('',(1.,0.,0.));
#6016=DIRECTION('',(0.,0.,-1.));
#6017=DIRECTION('',(-1.,0.,0.));
#6018=DIRECTION('',(0.,0.,1.));
#6019=DIRECTION('',(1.,0.,0.));
#6020=DIRECTION('',(0.,0.,1.));
#6021=DIRECTION('',(1.,0.,0.));
#6022=DIRECTION('',(0.,0.,1.));
#6023=DIRECTION('',(1.,0.,0.));
#6024=DIRECTION('',(0.,0.,1.));
#6025=DIRECTION('',(1.,0.,0.));
#6026=DIRECTION('',(0.,0.,1.));
#6027=DIRECTION('',(-1.,-1.22464679914735E-16,0.));
#6028=DIRECTION('',(0.,0.,1.));
#6029=DIRECTION('',(1.,0.,0.));
#6030=DIRECTION('',(0.,0.,1.));
#6031=DIRECTION('',(1.,0.,0.));
#6032=DIRECTION('',(0.,0.,1.));
#6033=DIRECTION('',(-1.,-1.22464679914735E-16,0.));
#6034=DIRECTION('',(-0.707106781186548,9.51280585759617E-17,0.707106781186547));
#6035=DIRECTION('',(-1.34531390600347E-16,-1.,0.));
#6036=DIRECTION('',(-0.577350269189626,-0.577350269189626,-0.577350269189626));
#6037=DIRECTION('',(-0.577350269189626,-0.577350269189626,-0.577350269189626));
#6038=DIRECTION('',(-0.5,0.707106781186546,-0.5));
#6039=DIRECTION('',(0.707106781186548,8.65956056235494E-17,-0.707106781186547));
#6040=DIRECTION('',(0.862856209461016,0.35740674433659,-0.357406744336598));
#6041=DIRECTION('',(-0.19134171618254,-0.653281482438188,-0.732537816328743));
#6042=DIRECTION('',(-0.707106781186548,0.707106781186548,0.));
#6043=DIRECTION('',(0.,0.,1.));
#6044=DIRECTION('',(0.653281482438187,0.653281482438187,-0.382683432365093));
#6045=DIRECTION('',(-0.707106781186548,0.707106781186548,0.));
#6046=DIRECTION('',(0.,0.,-1.));
#6047=DIRECTION('',(0.577350269189626,0.577350269189626,-0.577350269189626));
#6048=DIRECTION('',(-0.382683432365095,5.14829343157901E-17,-0.923879532511285));
#6049=DIRECTION('',(-1.34531390600347E-16,-1.,0.));
#6050=DIRECTION('',(0.862856209461016,-0.35740674433659,-0.357406744336598));
#6051=DIRECTION('',(-0.75697515895776,0.573302186256016,-0.313549377219836));
#6052=DIRECTION('',(-0.60374805522039,-0.797175191421307,0.));
#6053=DIRECTION('',(0.382683432365093,9.26954472150702E-16,-0.923879532511286));
#6054=DIRECTION('',(0.707106781186548,-9.51280585759617E-17,0.707106781186547));
#6055=DIRECTION('',(1.34531390600347E-16,1.,0.));
#6056=DIRECTION('',(0.357406744336594,0.862856209461016,-0.357406744336594));
#6057=DIRECTION('',(-0.5,-0.707106781186546,-0.5));
#6058=DIRECTION('',(-0.707106781186548,-8.65956056235494E-17,0.707106781186547));
#6059=DIRECTION('',(0.191341716182542,-0.653281482438189,0.732537816328742));
#6060=DIRECTION('',(0.923879532511286,-1.24290798255942E-16,0.382683432365093));
#6061=DIRECTION('',(-1.34531390600347E-16,-1.,-2.97574796282888E-32));
#6062=DIRECTION('',(-0.382683432365093,-2.32384885578518E-15,0.923879532511286));
#6063=DIRECTION('',(-0.707106781186546,0.5,0.5));
#6064=DIRECTION('',(-9.51280585759616E-17,-0.707106781186547,0.707106781186548));
#6065=DIRECTION('',(0.678598344545849,0.678598344545846,0.281084637714819));
#6066=DIRECTION('',(-0.756975158957758,-0.573302186256017,-0.313549377219837));
#6067=DIRECTION('',(0.603748055220392,-0.797175191421305,0.));
#6068=DIRECTION('',(-0.653281482438189,0.653281482438185,0.382683432365094));
#6069=DIRECTION('',(0.707106781186546,-0.707106781186549,0.));
#6070=DIRECTION('',(0.,0.,1.));
#6071=DIRECTION('',(0.577350269189627,0.577350269189625,-0.577350269189626));
#6072=DIRECTION('',(-0.707106781186545,-0.70710678118655,0.));
#6073=DIRECTION('',(0.,0.,-1.));
#6074=DIRECTION('',(0.70710678118655,-0.707106781186545,1.83708663656828E-16));
#6075=DIRECTION('',(-0.707106781186547,9.51280585759616E-17,-0.707106781186548));
#6076=DIRECTION('',(-1.34531390600347E-16,-1.,0.));
#6077=DIRECTION('',(0.577350269189625,-0.577350269189627,-0.577350269189625));
#6078=DIRECTION('',(-8.65956056235494E-17,0.707106781186548,-0.707106781186547));
#6079=DIRECTION('',(1.,1.22464679914735E-16,0.));
#6080=DIRECTION('',(0.,-0.707106781186548,-0.707106781186548));
#6081=DIRECTION('',(-2.60688827341907E-16,-0.707106781186548,-0.707106781186548));
#6082=DIRECTION('',(0.707106781186548,8.65956056235493E-17,-0.707106781186548));
#6083=DIRECTION('',(1.22464679914735E-16,-1.,0.));
#6084=DIRECTION('',(-0.707106781186548,-8.65956056235494E-17,-0.707106781186548));
#6085=DIRECTION('',(-0.577350269189623,-0.577350269189627,0.577350269189627));
#6086=DIRECTION('',(0.,-0.707106781186548,-0.707106781186548));
#6087=DIRECTION('',(-0.70710678118655,-2.88444402957534E-16,-0.707106781186545));
#6088=DIRECTION('',(0.707106781186549,0.707106781186546,0.));
#6089=DIRECTION('',(0.,0.,1.));
#6090=DIRECTION('',(0.678598344545846,-0.678598344545848,0.281084637714822));
#6091=DIRECTION('',(-0.577350269189626,-0.577350269189624,0.577350269189626));
#6092=DIRECTION('',(0.707106781186548,0.,0.707106781186548));
#6093=DIRECTION('',(-0.707106781186546,0.707106781186549,0.));
#6094=DIRECTION('',(-0.707106781186545,9.51280585759613E-17,0.70710678118655));
#6095=DIRECTION('',(1.34531390600347E-16,1.,0.));
#6096=DIRECTION('',(0.577350269189628,-0.577350269189624,0.577350269189625));
#6097=DIRECTION('',(-0.707106781186549,-0.5,0.5));
#6098=DIRECTION('',(9.51280585759616E-17,0.707106781186547,0.707106781186548));
#6099=DIRECTION('',(-0.678598344545846,0.678598344545846,-0.281084637714825));
#6100=DIRECTION('',(0.707106781186546,2.6831926982306E-16,-0.707106781186549));
#6101=DIRECTION('',(3.79460750429818E-16,-1.,0.));
#6102=DIRECTION('',(0.577350269189626,-0.577350269189627,0.577350269189624));
#6103=DIRECTION('',(0.577350269189628,0.577350269189623,0.577350269189626));
#6104=DIRECTION('',(-0.707106781186549,-0.707106781186546,0.));
#6105=DIRECTION('',(0.,0.,1.));
#6106=DIRECTION('',(-0.577350269189625,0.577350269189627,-0.577350269189625));
#6107=DIRECTION('',(0.707106781186545,0.70710678118655,0.));
#6108=DIRECTION('',(0.,0.,1.));
#6109=DIRECTION('',(-0.577350269189628,0.577350269189624,0.577350269189625));
#6110=DIRECTION('',(-0.707106781186548,-0.707106781186548,0.));
#6111=DIRECTION('',(0.,0.,1.));
#6112=DIRECTION('',(0.577350269189626,-0.577350269189626,-0.577350269189626));
#6113=DIRECTION('',(-0.707106781186545,0.707106781186551,0.));
#6114=DIRECTION('',(0.,0.,1.));
#6115=DIRECTION('',(0.678598344545849,0.678598344545843,-0.281084637714828));
#6116=DIRECTION('',(-0.707106781186548,-0.707106781186547,0.));
#6117=DIRECTION('',(0.,0.,1.));
#6118=DIRECTION('',(0.678598344545847,-0.678598344545848,-0.281084637714816));
#6119=DIRECTION('',(8.65956056235492E-17,-0.707106781186547,-0.707106781186549));
#6120=DIRECTION('',(-1.,-1.22464679914735E-16,0.));
#6121=DIRECTION('',(-1.92296268638357E-16,-0.707106781186549,0.707106781186547));
#6122=DIRECTION('',(0.707106781186545,-9.51280585759613E-17,0.70710678118655));
#6123=DIRECTION('',(-1.34531390600347E-16,-1.,0.));
#6124=DIRECTION('',(-0.70710678118655,-4.12348112892342E-16,0.707106781186545));
#6125=DIRECTION('',(0.707106781186547,-9.51280585759616E-17,0.707106781186548));
#6126=DIRECTION('',(-1.34531390600347E-16,-1.,0.));
#6127=DIRECTION('',(0.577350269189626,-0.577350269189626,-0.577350269189626));
#6128=DIRECTION('',(0.707106781186548,-0.5,0.5));
#6129=DIRECTION('',(-2.6831926982306E-16,0.707106781186547,0.707106781186548));
#6130=DIRECTION('',(0.357406744336593,0.862856209461017,0.357406744336593));
#6131=DIRECTION('',(0.707106781186547,0.5,0.5));
#6132=DIRECTION('',(2.6831926982306E-16,-0.707106781186547,0.707106781186548));
#6133=DIRECTION('',(-0.678598344545847,0.67859834454585,0.281084637714814));
#6134=DIRECTION('',(0.707106781186548,0.707106781186548,0.));
#6135=DIRECTION('',(0.,0.,1.));
#6136=DIRECTION('',(0.577350269189626,-0.577350269189626,-0.577350269189625));
#6137=DIRECTION('',(-0.707106781186548,0.707106781186548,-4.87027234757699E-16));
#6138=DIRECTION('',(-0.577350269189624,-0.577350269189626,-0.577350269189628));
#6139=DIRECTION('',(0.,0.707106781186549,-0.707106781186546));
#6140=DIRECTION('',(-0.70710678118655,0.707106781186545,2.31552626634445E-15));
#6141=DIRECTION('',(-0.707106781186548,-0.707106781186548,0.));
#6142=DIRECTION('',(0.,0.,-1.));
#6143=DIRECTION('',(-0.65328148243819,0.65328148243819,0.382683432365086));
#6144=DIRECTION('',(-0.5,-0.707106781186548,-0.5));
#6145=DIRECTION('',(-0.707106781186547,-8.65956056235493E-17,0.707106781186548));
#6146=DIRECTION('',(0.191341716182542,-0.653281482438187,0.732537816328744));
#6147=DIRECTION('',(0.862856209461017,-0.35740674433659,-0.357406744336597));
#6148=DIRECTION('',(-0.707106781186547,-2.6831926982306E-16,0.707106781186548));
#6149=DIRECTION('',(3.79460750429818E-16,-1.,0.));
#6150=DIRECTION('',(0.577350269189627,0.577350269189625,0.577350269189626));
#6151=DIRECTION('',(0.707106781186549,0.707106781186546,0.));
#6152=DIRECTION('',(0.,0.,1.));
#6153=DIRECTION('',(0.577350269189626,-0.577350269189629,0.577350269189623));
#6154=DIRECTION('',(8.65956056235492E-17,-0.707106781186546,0.707106781186549));
#6155=DIRECTION('',(-1.,-1.22464679914735E-16,0.));
#6156=DIRECTION('',(1.44222201478767E-15,0.707106781186549,0.707106781186546));
#6157=DIRECTION('',(3.39294027678687E-15,-0.707106781186549,-0.707106781186546));
#6158=DIRECTION('',(-0.577350269189625,-0.577350269189625,0.577350269189628));
#6159=DIRECTION('',(0.707106781186549,0.,0.707106781186546));
#6160=DIRECTION('',(-0.707106781186548,-2.59599962661781E-15,-0.707106781186547));
#6161=DIRECTION('',(8.65956056235493E-17,-0.707106781186547,0.707106781186548));
#6162=DIRECTION('',(-1.,-1.22464679914735E-16,0.));
#6163=DIRECTION('',(-3.4335772598748E-15,0.707106781186548,0.707106781186547));
#6164=DIRECTION('',(-0.707106781186545,-0.70710678118655,0.));
#6165=DIRECTION('',(0.,0.,-1.));
#6166=DIRECTION('',(0.70710678118655,-0.707106781186545,-5.78881566586115E-16));
#6167=DIRECTION('',(-0.756975158957758,-0.573302186256019,-0.313549377219835));
#6168=DIRECTION('',(0.603748055220393,-0.797175191421305,0.));
#6169=DIRECTION('',(-0.382683432365091,-1.28650703916593E-15,0.923879532511286));
#6170=DIRECTION('',(-0.382683432365093,5.14829343157899E-17,-0.923879532511285));
#6171=DIRECTION('',(-1.34531390600347E-16,-1.,0.));
#6172=DIRECTION('',(-0.862856209461017,-0.35740674433659,0.357406744336597));
#6173=DIRECTION('',(0.707106781186546,-0.707106781186549,0.));
#6174=DIRECTION('',(0.,0.,-1.));
#6175=DIRECTION('',(-0.577350269189627,-0.577350269189625,0.577350269189626));
#6176=DIRECTION('',(-0.707106781186546,-2.6831926982306E-16,0.707106781186549));
#6177=DIRECTION('',(-3.79460750429818E-16,1.,0.));
#6178=DIRECTION('',(0.577350269189627,-0.577350269189625,0.577350269189625));
#6179=DIRECTION('',(0.577350269189626,-0.577350269189624,0.577350269189628));
#6180=DIRECTION('',(0.707106781186549,0.,-0.707106781186546));
#6181=DIRECTION('',(0.707106781186548,-2.40370335797947E-15,-0.707106781186547));
#6182=DIRECTION('',(0.707106781186547,0.707106781186548,-2.01220769524358E-15));
#6183=DIRECTION('',(-0.707106781186547,0.,0.707106781186548));
#6184=DIRECTION('',(0.,-1.,0.));
#6185=DIRECTION('',(0.707106781186548,0.,0.707106781186547));
#6186=DIRECTION('',(-0.577350269189623,-0.577350269189628,0.577350269189626));
#6187=DIRECTION('',(0.,-0.707106781186546,-0.707106781186549));
#6188=DIRECTION('',(0.707106781186548,2.40370335797944E-15,0.707106781186547));
#6189=DIRECTION('',(0.923879532511286,-1.24290798255942E-16,0.382683432365091));
#6190=DIRECTION('',(-1.34531390600347E-16,-1.,0.));
#6191=DIRECTION('',(0.382683432365091,-3.87308142630863E-16,-0.923879532511286));
#6192=DIRECTION('',(0.5,-0.707106781186548,0.5));
#6193=DIRECTION('',(-0.707106781186547,-8.65956056235493E-17,0.707106781186548));
#6194=DIRECTION('',(0.191341716182541,0.653281482438187,0.732537816328744));
#6195=DIRECTION('',(0.707106781186547,2.6831926982306E-16,0.707106781186548));
#6196=DIRECTION('',(-3.79460750429818E-16,1.,0.));
#6197=DIRECTION('',(-0.577350269189627,-0.577350269189624,0.577350269189626));
#6198=DIRECTION('',(0.707106781186546,0.707106781186549,0.));
#6199=DIRECTION('',(0.,0.,-1.));
#6200=DIRECTION('',(0.357406744336598,-0.357406744336597,0.862856209461013));
#6201=DIRECTION('',(0.707106781186548,-0.707106781186547,0.));
#6202=DIRECTION('',(0.,0.,-1.));
#6203=DIRECTION('',(0.577350269189626,0.577350269189626,0.577350269189625));
#6204=DIRECTION('',(-0.707106781186547,1.02219561112225E-16,-0.707106781186548));
#6205=DIRECTION('',(1.44560289664734E-16,1.,0.));
#6206=DIRECTION('',(0.707106781186548,0.,-0.707106781186547));
#6207=DIRECTION('',(0.,0.,1.));
#6208=DIRECTION('',(1.,0.,0.));
#6209=DIRECTION('',(0.,0.707106781186548,0.707106781186547));
#6210=DIRECTION('',(0.707106781186547,-9.51280585759616E-17,-0.707106781186548));
#6211=DIRECTION('',(1.34531390600347E-16,1.,0.));
#6212=DIRECTION('',(-0.577350269189625,0.577350269189627,-0.577350269189625));
#6213=DIRECTION('',(-0.756975158957759,0.573302186256018,-0.313549377219835));
#6214=DIRECTION('',(-0.603748055220392,-0.797175191421306,0.));
#6215=DIRECTION('',(-0.653281482438189,-0.653281482438193,0.382683432365081));
#6216=DIRECTION('',(8.65956056235495E-17,-0.707106781186549,0.707106781186546));
#6217=DIRECTION('',(1.,1.22464679914735E-16,0.));
#6218=DIRECTION('',(7.13736306100504E-15,-0.707106781186546,-0.707106781186549));
#6219=DIRECTION('',(0.577350269189626,0.577350269189625,0.577350269189627));
#6220=DIRECTION('',(0.382683432365096,1.45213342422318E-16,-0.923879532511284));
#6221=DIRECTION('',(-3.79460750429818E-16,1.,0.));
#6222=DIRECTION('',(-0.923879532511284,-5.18571549548562E-16,-0.382683432365096));
#6223=DIRECTION('',(-0.862856209461016,-0.357406744336589,-0.3574067443366));
#6224=DIRECTION('',(0.5,-0.707106781186547,-0.5));
#6225=DIRECTION('',(-0.707106781186547,-8.65956056235493E-17,-0.707106781186548));
#6226=DIRECTION('',(0.191341716182551,0.653281482438191,-0.732537816328738));
#6227=DIRECTION('',(0.707106781186546,-0.707106781186549,0.));
#6228=DIRECTION('',(0.,0.,1.));
#6229=DIRECTION('',(-0.65328148243819,-0.653281482438186,-0.382683432365092));
#6230=DIRECTION('',(-0.923879532511284,-3.50576020713481E-16,0.382683432365095));
#6231=DIRECTION('',(-3.79460750429818E-16,1.,5.95149592565776E-32));
#6232=DIRECTION('',(-0.357406744336598,-0.357406744336597,-0.862856209461013));
#6233=DIRECTION('',(8.65956056235492E-17,-0.707106781186547,0.707106781186548));
#6234=DIRECTION('',(-1.,-1.22464679914735E-16,0.));
#6235=DIRECTION('',(0.577350269189627,-0.577350269189626,-0.577350269189625));
#6236=DIRECTION('',(0.,0.,1.));
#6237=DIRECTION('',(1.,0.,0.));
#6238=DIRECTION('',(-0.707106781186548,0.,-0.707106781186547));
#6239=DIRECTION('',(0.,0.707106781186547,-0.707106781186548));
#6240=DIRECTION('',(1.,0.,0.));
#6241=DIRECTION('',(-1.23903709934807E-16,-0.707106781186548,-0.707106781186547));
#6242=DIRECTION('',(0.707106781186549,0.707106781186546,0.));
#6243=DIRECTION('',(0.,0.,1.));
#6244=DIRECTION('',(-0.707106781186546,0.707106781186549,-1.27737304061628E-15));
#6245=DIRECTION('',(0.70710678118655,-0.707106781186545,0.));
#6246=DIRECTION('',(0.,0.,1.));
#6247=DIRECTION('',(0.577350269189623,0.577350269189627,-0.577350269189627));
#6248=DIRECTION('',(-0.707106781186547,0.707106781186548,0.));
#6249=DIRECTION('',(0.,0.,1.));
#6250=DIRECTION('',(-0.577350269189626,-0.577350269189625,-0.577350269189626));
#6251=DIRECTION('',(0.281084637714824,0.678598344545849,-0.678598344545844));
#6252=DIRECTION('',(0.,0.707106781186545,0.70710678118655));
#6253=DIRECTION('',(0.5,-0.707106781186546,-0.5));
#6254=DIRECTION('',(0.756975158957758,-0.57330218625602,-0.313549377219833));
#6255=DIRECTION('',(0.603748055220394,0.797175191421304,0.));
#6256=DIRECTION('',(-0.382683432365089,8.71443320919438E-16,-0.923879532511287));
#6257=DIRECTION('',(-0.707106781186546,0.707106781186549,0.));
#6258=DIRECTION('',(0.,0.,1.));
#6259=DIRECTION('',(-0.577350269189627,-0.577350269189625,-0.577350269189625));
#6260=DIRECTION('',(0.707106781186548,-0.707106781186547,0.));
#6261=DIRECTION('',(0.,0.,1.));
#6262=DIRECTION('',(0.577350269189625,0.577350269189626,-0.577350269189626));
#6263=DIRECTION('',(0.707106781186547,0.707106781186548,0.));
#6264=DIRECTION('',(0.,0.,1.));
#6265=DIRECTION('',(-0.707106781186548,0.707106781186547,2.77555756156289E-17));
#6266=DIRECTION('',(-0.707106781186547,1.02219561112225E-16,0.707106781186548));
#6267=DIRECTION('',(-1.44560289664734E-16,-1.,0.));
#6268=DIRECTION('',(-0.707106781186548,-9.61481343191782E-17,-0.707106781186547));
#6269=DIRECTION('',(-0.577350269189628,-0.577350269189625,0.577350269189625));
#6270=DIRECTION('',(0.707106781186546,0.,0.707106781186549));
#6271=DIRECTION('',(0.707106781186548,-3.68138467974441E-15,0.707106781186547));
#6272=DIRECTION('',(0.70710678118655,-9.5128058575962E-17,0.707106781186545));
#6273=DIRECTION('',(1.34531390600347E-16,1.,0.));
#6274=DIRECTION('',(0.707106781186545,2.82893287834409E-15,-0.70710678118655));
#6275=DIRECTION('',(-8.65956056235494E-17,0.707106781186548,-0.707106781186547));
#6276=DIRECTION('',(-1.,-1.22464679914735E-16,0.));
#6277=DIRECTION('',(-1.15377761183013E-15,-0.707106781186547,-0.707106781186548));
#6278=DIRECTION('',(0.5,0.707106781186549,-0.5));
#6279=DIRECTION('',(0.707106781186547,8.65956056235493E-17,0.707106781186548));
#6280=DIRECTION('',(-0.191341716182545,0.653281482438186,0.732537816328744));
#6281=DIRECTION('',(-0.923879532511287,-3.50576020713482E-16,0.382683432365089));
#6282=DIRECTION('',(-3.79460750429818E-16,1.,8.41668625447343E-32));
#6283=DIRECTION('',(0.382683432365089,0.,0.923879532511287));
#6284=DIRECTION('',(-0.707106781186546,-2.6831926982306E-16,0.707106781186549));
#6285=DIRECTION('',(3.79460750429818E-16,-1.,0.));
#6286=DIRECTION('',(-0.707106781186549,-3.29679214246769E-15,-0.707106781186546));
#6287=DIRECTION('',(8.65956056235493E-17,-0.707106781186547,-0.707106781186548));
#6288=DIRECTION('',(1.,1.22464679914735E-16,0.));
#6289=DIRECTION('',(3.84592537276713E-16,0.707106781186548,-0.707106781186547));
#6290=DIRECTION('',(-0.577350269189625,-0.577350269189626,0.577350269189626));
#6291=DIRECTION('',(0.,-0.707106781186548,-0.707106781186548));
#6292=DIRECTION('',(-2.2114070893411E-15,0.707106781186549,0.707106781186546));
#6293=DIRECTION('',(0.707106781186547,-9.51280585759616E-17,-0.707106781186548));
#6294=DIRECTION('',(1.34531390600347E-16,1.,0.));
#6295=DIRECTION('',(-0.707106781186548,1.22217017053368E-15,-0.707106781186547));
#6296=DIRECTION('',(-0.707106781186546,0.707106781186549,0.));
#6297=DIRECTION('',(0.,0.,-1.));
#6298=DIRECTION('',(0.577350269189627,0.577350269189625,0.577350269189626));
#6299=DIRECTION('',(-0.707106781186549,-0.707106781186546,1.40557055304184E-15));
#6300=DIRECTION('',(-0.577350269189629,0.577350269189625,-0.577350269189623));
#6301=DIRECTION('',(-0.707106781186545,-0.70710678118655,0.));
#6302=DIRECTION('',(0.707106781186545,0.70710678118655,2.77555756156289E-17));
#6303=DIRECTION('',(0.756975158957759,0.573302186256019,-0.313549377219833));
#6304=DIRECTION('',(-0.603748055220393,0.797175191421305,0.));
#6305=DIRECTION('',(0.653281482438189,-0.653281482438189,0.382683432365089));
#6306=DIRECTION('',(0.577350269189626,-0.577350269189626,-0.577350269189626));
#6307=DIRECTION('',(-0.707106781186548,0.,-0.707106781186548));
#6308=DIRECTION('',(-0.707106781186548,-0.707106781186548,0.));
#6309=DIRECTION('',(0.707106781186548,-0.707106781186548,0.));
#6310=DIRECTION('',(0.,0.,-1.));
#6311=DIRECTION('',(0.707106781186548,0.707106781186548,-6.98491474030158E-16));
#6312=DIRECTION('',(0.577350269189626,0.577350269189626,0.577350269189625));
#6313=DIRECTION('',(8.65956056235492E-17,-0.707106781186546,0.707106781186549));
#6314=DIRECTION('',(-1.,-1.22464679914735E-16,0.));
#6315=DIRECTION('',(-8.65333208872604E-16,-0.707106781186549,-0.707106781186547));
#6316=DIRECTION('',(-0.577350269189624,0.577350269189627,0.577350269189626));
#6317=DIRECTION('',(0.,-0.707106781186547,0.707106781186549));
#6318=DIRECTION('',(2.62375520223345E-15,0.707106781186548,-0.707106781186547));
#6319=DIRECTION('',(0.707106781186547,-9.51280585759616E-17,-0.707106781186548));
#6320=DIRECTION('',(1.34531390600347E-16,1.,0.));
#6321=DIRECTION('',(-0.707106781186548,2.88444402957536E-16,-0.707106781186547));
#6322=DIRECTION('',(-0.70710678118655,0.707106781186545,0.));
#6323=DIRECTION('',(0.,0.,-1.));
#6324=DIRECTION('',(-0.707106781186545,-0.70710678118655,-3.67417327313656E-16));
#6325=DIRECTION('',(0.707106781186548,0.707106781186548,0.));
#6326=DIRECTION('',(0.,0.,-1.));
#6327=DIRECTION('',(-0.707106781186548,0.707106781186548,0.));
#6328=DIRECTION('',(0.707106781186548,-0.707106781186548,0.));
#6329=DIRECTION('',(0.,0.,-1.));
#6330=DIRECTION('',(0.707106781186548,0.707106781186548,4.87027234757701E-16));
#6331=DIRECTION('',(8.65956056235493E-17,-0.707106781186547,0.707106781186548));
#6332=DIRECTION('',(-1.,-1.22464679914735E-16,0.));
#6333=DIRECTION('',(-9.33725767576154E-16,-0.707106781186548,-0.707106781186547));
#6334=DIRECTION('',(0.577350269189626,-0.577350269189625,0.577350269189626));
#6335=DIRECTION('',(0.707106781186548,0.,-0.707106781186547));
#6336=DIRECTION('',(0.707106781186548,-1.92296268638356E-16,-0.707106781186547));
#6337=DIRECTION('',(0.,0.707106781186547,0.707106781186548));
#6338=DIRECTION('',(-1.,0.,0.));
#6339=DIRECTION('',(0.,-0.707106781186548,0.707106781186547));
#6340=DIRECTION('',(-0.577350269189627,0.577350269189623,0.577350269189628));
#6341=DIRECTION('',(0.707106781186548,0.,0.707106781186547));
#6342=DIRECTION('',(-5.86503619346986E-15,0.707106781186548,-0.707106781186547));
#6343=DIRECTION('',(8.65956056235492E-17,-0.707106781186546,-0.707106781186549));
#6344=DIRECTION('',(-1.,-1.22464679914735E-16,0.));
#6345=DIRECTION('',(0.,0.707106781186549,-0.707106781186546));
#6346=DIRECTION('',(-1.92296268638356E-16,0.707106781186549,-0.707106781186546));
#6347=DIRECTION('',(-0.707106781186548,-8.65956056235493E-17,-0.707106781186548));
#6348=DIRECTION('',(-1.22464679914735E-16,1.,0.));
#6349=DIRECTION('',(0.707106781186548,8.65956056235494E-17,-0.707106781186548));
#6350=DIRECTION('',(0.577350269189625,0.577350269189625,0.577350269189627));
#6351=DIRECTION('',(0.707106781186549,0.,-0.707106781186546));
#6352=DIRECTION('',(0.707106781186546,5.89279176908551E-15,-0.707106781186549));
#6353=DIRECTION('',(0.577350269189625,-0.577350269189626,0.577350269189626));
#6354=DIRECTION('',(0.,-0.707106781186548,-0.707106781186548));
#6355=DIRECTION('',(0.707106781186548,2.77555756156289E-17,-0.707106781186547));
#6356=DIRECTION('',(-0.707106781186547,0.,-0.707106781186548));
#6357=DIRECTION('',(0.,1.,0.));
#6358=DIRECTION('',(0.707106781186548,0.,-0.707106781186547));
#6359=DIRECTION('',(0.,0.,1.));
#6360=DIRECTION('',(1.,0.,0.));
#6361=DIRECTION('',(0.707106781186547,0.,0.707106781186548));
#6362=DIRECTION('',(-8.65956056235493E-17,0.707106781186548,0.707106781186548));
#6363=DIRECTION('',(-1.,-1.22464679914735E-16,0.));
#6364=DIRECTION('',(0.577350269189625,0.577350269189626,-0.577350269189626));
#6365=DIRECTION('',(0.577350269189627,0.577350269189623,0.577350269189627));
#6366=DIRECTION('',(0.707106781186548,0.,-0.707106781186548));
#6367=DIRECTION('',(0.707106781186549,2.68319269823061E-16,0.707106781186546));
#6368=DIRECTION('',(3.79460750429818E-16,-1.,0.));
#6369=DIRECTION('',(-0.577350269189624,0.577350269189626,0.577350269189627));
#6370=DIRECTION('',(-0.707106781186547,-2.6831926982306E-16,-0.707106781186548));
#6371=DIRECTION('',(-3.79460750429818E-16,1.,0.));
#6372=DIRECTION('',(0.577350269189626,0.577350269189626,-0.577350269189626));
#6373=DIRECTION('',(0.,0.,1.));
#6374=DIRECTION('',(1.,0.,0.));
#6375=DIRECTION('',(0.,-0.707106781186548,-0.707106781186547));
#6376=DIRECTION('',(0.707106781186547,0.,-0.707106781186548));
#6377=DIRECTION('',(0.,-1.,0.));
#6378=DIRECTION('',(-0.707106781186548,-2.30755522366028E-15,-0.707106781186547));
#6379=DIRECTION('',(-0.707106781186548,0.707106781186547,0.));
#6380=DIRECTION('',(0.,0.,-1.));
#6381=DIRECTION('',(-0.707106781186547,-0.707106781186548,-5.51125990970487E-16));
#6382=DIRECTION('',(-0.707106781186549,-0.707106781186546,0.));
#6383=DIRECTION('',(0.,0.,1.));
#6384=DIRECTION('',(0.577350269189624,-0.577350269189626,0.577350269189627));
#6385=DIRECTION('',(0.707106781186548,-0.707106781186548,0.));
#6386=DIRECTION('',(0.,0.,-1.));
#6387=DIRECTION('',(0.707106781186548,0.707106781186548,-1.18551870878786E-15));
#6388=DIRECTION('',(0.,-0.707106781186547,0.707106781186548));
#6389=DIRECTION('',(1.,0.,0.));
#6390=DIRECTION('',(-2.43145893359508E-15,-0.707106781186548,-0.707106781186547));
#6391=DIRECTION('',(-0.577350269189627,0.577350269189625,0.577350269189625));
#6392=DIRECTION('',(0.707106781186547,0.,0.707106781186548));
#6393=DIRECTION('',(2.60688827341905E-16,0.707106781186548,-0.707106781186547));
#6394=DIRECTION('',(-0.707106781186549,-2.68319269823061E-16,0.707106781186546));
#6395=DIRECTION('',(-3.79460750429818E-16,1.,0.));
#6396=DIRECTION('',(0.707106781186546,3.55748096980961E-15,0.707106781186549));
#6397=DIRECTION('',(0.577350269189627,-0.577350269189626,0.577350269189624));
#6398=DIRECTION('',(0.707106781186547,0.707106781186548,0.));
#6399=DIRECTION('',(0.707106781186548,3.6813846797444E-15,-0.707106781186547));
#6400=DIRECTION('',(-8.65956056235493E-17,0.707106781186548,0.707106781186548));
#6401=DIRECTION('',(-1.,-1.22464679914735E-16,0.));
#6402=DIRECTION('',(7.96940650169053E-16,-0.707106781186548,0.707106781186548));
#6403=DIRECTION('',(0.577350269189626,0.577350269189624,-0.577350269189627));
#6404=DIRECTION('',(-0.707106781186548,0.,-0.707106781186548));
#6405=DIRECTION('',(0.707106781186548,-0.707106781186548,2.47147935438566E-15));
#6406=DIRECTION('',(-0.707106781186548,-0.707106781186548,0.));
#6407=DIRECTION('',(0.,0.,1.));
#6408=DIRECTION('',(0.707106781186548,-0.707106781186548,1.22186188938501E-15));
#6409=DIRECTION('',(-0.577350269189626,0.577350269189626,0.577350269189625));
#6410=DIRECTION('',(-0.707106781186547,-2.6831926982306E-16,-0.707106781186548));
#6411=DIRECTION('',(-3.79460750429818E-16,1.,0.));
#6412=DIRECTION('',(-0.707106781186548,-1.34607388046849E-15,0.707106781186547));
#6413=DIRECTION('',(0.577350269189627,0.577350269189626,0.577350269189625));
#6414=DIRECTION('',(-0.707106781186547,0.707106781186548,0.));
#6415=DIRECTION('',(0.707106781186547,-0.707106781186548,6.42980322798902E-16));
#6416=DIRECTION('',(0.707106781186548,-2.30755522366028E-15,-0.707106781186547));
#6417=DIRECTION('',(0.707106781186548,0.707106781186548,0.));
#6418=DIRECTION('',(0.,0.,-1.));
#6419=DIRECTION('',(-0.707106781186548,0.707106781186548,5.51125990970484E-16));
#6420=DIRECTION('',(-0.707106781186547,-2.6831926982306E-16,-0.707106781186548));
#6421=DIRECTION('',(-3.79460750429818E-16,1.,0.));
#6422=DIRECTION('',(-0.707106781186548,-2.40370335797946E-15,0.707106781186547));
#6423=DIRECTION('',(0.577350269189625,0.577350269189626,0.577350269189627));
#6424=DIRECTION('',(0.,-0.707106781186548,0.707106781186547));
#6425=DIRECTION('',(1.23903709934807E-16,0.707106781186548,-0.707106781186547));
#6426=DIRECTION('',(0.707106781186547,-1.02219561112225E-16,0.707106781186548));
#6427=DIRECTION('',(1.44560289664734E-16,1.,0.));
#6428=DIRECTION('',(-0.707106781186548,0.,0.707106781186547));
#6429=DIRECTION('',(-0.707106781186549,-0.707106781186547,0.));
#6430=DIRECTION('',(0.,0.,1.));
#6431=DIRECTION('',(0.577350269189625,-0.577350269189626,0.577350269189626));
#6432=DIRECTION('',(0.577350269189625,0.577350269189625,0.577350269189628));
#6433=DIRECTION('',(0.707106781186549,0.,-0.707106781186546));
#6434=DIRECTION('',(-3.33742912555561E-15,-0.707106781186548,0.707106781186548));
#6435=DIRECTION('',(0.,-0.707106781186547,-0.707106781186548));
#6436=DIRECTION('',(-1.,0.,0.));
#6437=DIRECTION('',(0.,0.707106781186548,-0.707106781186547));
#6438=DIRECTION('',(0.,0.,1.));
#6439=DIRECTION('',(1.,0.,0.));
#6440=DIRECTION('',(0.707106781186548,0.,0.707106781186547));
#6441=DIRECTION('',(-8.65956056235493E-17,0.707106781186548,0.707106781186548));
#6442=DIRECTION('',(-1.,-1.22464679914735E-16,0.));
#6443=DIRECTION('',(0.577350269189625,0.577350269189626,-0.577350269189626));
#6444=DIRECTION('',(-8.65956056235493E-17,0.707106781186548,0.707106781186548));
#6445=DIRECTION('',(-1.,-1.22464679914735E-16,0.));
#6446=DIRECTION('',(0.577350269189626,-0.577350269189626,0.577350269189626));
#6447=DIRECTION('',(0.,0.,1.));
#6448=DIRECTION('',(1.,0.,0.));
#6449=DIRECTION('',(0.707106781186547,0.,-0.707106781186548));
#6450=DIRECTION('',(0.707106781186547,-1.02219561112225E-16,-0.707106781186548));
#6451=DIRECTION('',(-1.44560289664734E-16,-1.,0.));
#6452=DIRECTION('',(-0.707106781186548,-2.77555756156289E-17,-0.707106781186547));
#6453=DIRECTION('',(-0.707106781186549,0.707106781186547,0.));
#6454=DIRECTION('',(0.,0.,-1.));
#6455=DIRECTION('',(-0.707106781186547,-0.707106781186549,-1.24961746500064E-15));
#6456=DIRECTION('',(-0.707106781186548,-0.707106781186548,0.));
#6457=DIRECTION('',(0.,0.,1.));
#6458=DIRECTION('',(0.707106781186548,-0.707106781186548,-6.98491474030158E-16));
#6459=DIRECTION('',(0.707106781186547,0.,0.707106781186548));
#6460=DIRECTION('',(0.,1.,0.));
#6461=DIRECTION('',(0.707106781186548,1.92296268638356E-16,-0.707106781186547));
#6462=DIRECTION('',(-0.577350269189627,0.577350269189624,0.577350269189627));
#6463=DIRECTION('',(0.707106781186548,0.,0.707106781186547));
#6464=DIRECTION('',(-3.42069585240249E-15,0.707106781186548,-0.707106781186547));
#6465=DIRECTION('',(0.577350269189626,0.577350269189625,0.577350269189626));
#6466=DIRECTION('',(0.707106781186548,0.,-0.707106781186547));
#6467=DIRECTION('',(-1.15377761183014E-15,-0.707106781186548,0.707106781186547));
#6468=DIRECTION('',(-8.65956056235493E-17,0.707106781186548,0.707106781186548));
#6469=DIRECTION('',(-1.,-1.22464679914735E-16,0.));
#6470=DIRECTION('',(0.,0.,1.));
#6471=DIRECTION('',(1.,0.,0.));
#6472=DIRECTION('',(-0.707106781186548,-8.65956056235494E-17,-0.707106781186547));
#6473=DIRECTION('',(1.22464679914735E-16,-1.,0.));
#6474=DIRECTION('',(0.,0.,1.));
#6475=DIRECTION('',(1.,0.,0.));
#6476=DIRECTION('',(0.707106781186548,8.65956056235494E-17,-0.707106781186547));
#6477=DIRECTION('',(-1.22464679914735E-16,1.,0.));
#6478=DIRECTION('',(0.,0.,1.));
#6479=DIRECTION('',(1.,0.,0.));
#6480=DIRECTION('',(0.,0.,1.));
#6481=DIRECTION('',(1.,0.,0.));
#6482=DIRECTION('',(-1.22464679914735E-16,1.,0.));
#6483=DIRECTION('',(-1.,-1.22464679914735E-16,0.));
#6484=DIRECTION('',(-1.22464679914735E-16,1.,0.));
#6485=DIRECTION('',(-1.,-1.22464679914735E-16,0.));
#6486=DIRECTION('',(-1.22464679914735E-16,1.,0.));
#6487=DIRECTION('',(-1.,-1.22464679914735E-16,0.));
#6488=DIRECTION('',(1.22464679914735E-16,-1.,0.));
#6489=DIRECTION('',(1.,1.22464679914735E-16,0.));
#6490=DIRECTION('',(1.22464679914735E-16,-1.,0.));
#6491=DIRECTION('',(1.,1.22464679914735E-16,0.));
#6492=DIRECTION('',(-1.22464679914735E-16,1.,0.));
#6493=DIRECTION('',(-1.,-1.22464679914735E-16,0.));
#6494=DIRECTION('',(1.22464679914735E-16,-1.,0.));
#6495=DIRECTION('',(1.,1.22464679914735E-16,0.));
#6496=DIRECTION('',(1.22464679914735E-16,-1.,0.));
#6497=DIRECTION('',(1.,1.22464679914735E-16,0.));
#6498=DIRECTION('',(-1.22464679914735E-16,1.,0.));
#6499=DIRECTION('',(-1.,-1.22464679914735E-16,0.));
#6500=DIRECTION('',(1.22464679914735E-16,-1.,0.));
#6501=DIRECTION('',(1.,1.22464679914735E-16,0.));
#6502=DIRECTION('',(1.22464679914735E-16,-1.,0.));
#6503=DIRECTION('',(1.,1.22464679914735E-16,0.));
#6504=DIRECTION('',(-1.22464679914735E-16,1.,0.));
#6505=DIRECTION('',(-1.,-1.22464679914735E-16,0.));
#6506=DIRECTION('',(1.22464679914735E-16,-1.,0.));
#6507=DIRECTION('',(1.,1.22464679914735E-16,0.));
#6508=DIRECTION('',(1.22464679914735E-16,-1.,0.));
#6509=DIRECTION('',(1.,1.22464679914735E-16,0.));
#6510=DIRECTION('',(-1.22464679914735E-16,1.,0.));
#6511=DIRECTION('',(-1.,-1.22464679914735E-16,0.));
#6512=DIRECTION('',(1.22464679914735E-16,-1.,0.));
#6513=DIRECTION('',(1.,1.22464679914735E-16,0.));
#6514=DIRECTION('',(1.22464679914735E-16,-1.,0.));
#6515=DIRECTION('',(1.,1.22464679914735E-16,0.));
#6516=DIRECTION('',(-1.22464679914735E-16,1.,0.));
#6517=DIRECTION('',(-1.,-1.22464679914735E-16,0.));
#6518=DIRECTION('',(1.22464679914735E-16,-1.,0.));
#6519=DIRECTION('',(1.,1.22464679914735E-16,0.));
#6520=DIRECTION('',(1.22464679914735E-16,-1.,0.));
#6521=DIRECTION('',(1.,1.22464679914735E-16,0.));
#6522=CARTESIAN_POINT('',(0.,0.,0.));
#6523=CARTESIAN_POINT('',(-0.0175,0.0195,0.0031));
#6524=CARTESIAN_POINT('',(0.0105,0.0195,-0.0009));
#6525=CARTESIAN_POINT('',(0.01285,0.0195,-0.0009));
#6526=CARTESIAN_POINT('',(-0.007,0.0195,-0.0174));
#6527=CARTESIAN_POINT('',(-0.00465,0.0195,-0.0174));
#6528=CARTESIAN_POINT('',(0.007,0.0195,-0.0174));
#6529=CARTESIAN_POINT('',(0.00935,0.0195,-0.0174));
#6530=CARTESIAN_POINT('',(-0.0105,0.0195,-0.0099));
#6531=CARTESIAN_POINT('',(-0.00815,0.0195,-0.0099));
#6532=CARTESIAN_POINT('',(-0.0105,0.0195,-0.0009));
#6533=CARTESIAN_POINT('',(-0.00815,0.0195,-0.0009));
#6534=CARTESIAN_POINT('',(0.0121,0.0195,-0.012));
#6535=CARTESIAN_POINT('',(0.0165,0.0195,-0.012));
#6536=CARTESIAN_POINT('',(0.0115547511554865,0.0195,-0.012));
#6537=CARTESIAN_POINT('',(0.0105,0.0195,-0.0099));
#6538=CARTESIAN_POINT('',(0.0111,0.0195,-0.0121721135535003));
#6539=CARTESIAN_POINT('',(0.0111,0.0195,-0.022));
#6540=CARTESIAN_POINT('',(0.0111,0.0195,-0.021));
#6541=CARTESIAN_POINT('',(0.0111,0.0195,-0.021));
#6542=CARTESIAN_POINT('',(0.0131,0.0195,-0.023));
#6543=CARTESIAN_POINT('',(-0.0175,0.0195,-0.023));
#6544=CARTESIAN_POINT('',(0.0165,0.0195,-0.023));
#6545=CARTESIAN_POINT('',(0.0165,0.0195,-0.026));
#6546=CARTESIAN_POINT('',(0.0165,0.0195,-0.0255857864376269));
#6547=CARTESIAN_POINT('',(0.00879289321881345,0.0195,-0.0332928932188135));
#6548=CARTESIAN_POINT('',(0.0090857864376269,0.0195,-0.033));
#6549=CARTESIAN_POINT('',(-0.0175,0.0195,-0.033));
#6550=CARTESIAN_POINT('',(-0.0031,0.0195,-0.033));
#6551=CARTESIAN_POINT('',(-0.0031,0.0195,-0.024));
#6552=CARTESIAN_POINT('',(-0.0031,0.0195,-0.023));
#6553=CARTESIAN_POINT('',(-0.0175,0.0195,-0.023));
#6554=CARTESIAN_POINT('',(-0.0165,0.0195,-0.023));
#6555=CARTESIAN_POINT('',(-0.0165,0.0195,0.0032));
#6556=CARTESIAN_POINT('',(-0.0165,0.0195,0.0022));
#6557=CARTESIAN_POINT('',(-0.0115,0.0195,0.0022));
#6558=CARTESIAN_POINT('',(-0.0105,0.0195,0.0022));
#6559=CARTESIAN_POINT('',(-0.0105,0.0195,0.0062));
#6560=CARTESIAN_POINT('',(-0.0105,0.0195,0.0052));
#6561=CARTESIAN_POINT('',(-0.003,0.0195,0.0052));
#6562=CARTESIAN_POINT('',(-0.004,0.0195,0.0052));
#6563=CARTESIAN_POINT('',(-0.004,0.0195,0.0031));
#6564=CARTESIAN_POINT('',(-0.004,0.0195,0.0022));
#6565=CARTESIAN_POINT('',(0.003,0.0195,0.0022));
#6566=CARTESIAN_POINT('',(0.004,0.0195,0.0022));
#6567=CARTESIAN_POINT('',(0.004,0.0195,0.0062));
#6568=CARTESIAN_POINT('',(0.004,0.0195,0.0052));
#6569=CARTESIAN_POINT('',(0.0115,0.0195,0.0052));
#6570=CARTESIAN_POINT('',(0.0105,0.0195,0.0052));
#6571=CARTESIAN_POINT('',(0.0105,0.0195,0.0031));
#6572=CARTESIAN_POINT('',(0.0105,0.0195,0.0022));
#6573=CARTESIAN_POINT('',(0.0175,0.0195,0.0022));
#6574=CARTESIAN_POINT('',(0.0165,0.0195,0.0022));
#6575=CARTESIAN_POINT('',(0.0165,0.0195,-0.013));
#6576=CARTESIAN_POINT('',(0.0111,0.0195,0.0031));
#6577=CARTESIAN_POINT('',(0.0105,0.0201,-0.0099));
#6578=CARTESIAN_POINT('',(0.0112328182626337,0.0193671817373662,-0.0121328182626337));
#6579=CARTESIAN_POINT('',(0.00606666666666671,0.0245333333333334,-0.00696666666666667));
#6580=CARTESIAN_POINT('',(0.0121,0.0185,-0.013));
#6581=CARTESIAN_POINT('',(0.0121,0.0185,-0.013));
#6582=CARTESIAN_POINT('',(0.0121,0.0185,-0.021));
#6583=CARTESIAN_POINT('',(0.0111,0.0195,-0.021));
#6584=CARTESIAN_POINT('',(-0.0175,0.0195,-0.012));
#6585=CARTESIAN_POINT('',(0.0105,0.0216,-0.0099));
#6586=CARTESIAN_POINT('',(0.0165,0.0195,-0.012));
#6587=CARTESIAN_POINT('',(0.0165,0.0185,-0.013));
#6588=CARTESIAN_POINT('',(0.0175,0.0185,-0.013));
#6589=CARTESIAN_POINT('',(0.0105,0.0195,-0.0009));
#6590=CARTESIAN_POINT('',(0.0118829316685939,0.0195,0.));
#6591=CARTESIAN_POINT('',(0.0118829316685939,0.0135,0.));
#6592=CARTESIAN_POINT('',(0.0118829316685939,0.0085,1.40946282423116E-18));
#6593=CARTESIAN_POINT('',(0.0105,0.0085,-0.0009));
#6594=CARTESIAN_POINT('',(0.00911706833140606,0.0085,-2.16840434497101E-19));
#6595=CARTESIAN_POINT('',(0.00911706833140606,0.0195,0.));
#6596=CARTESIAN_POINT('',(0.00911706833140607,0.00967199083615913,0.));
#6597=CARTESIAN_POINT('',(0.00911706833140606,0.0103280091638409,0.));
#6598=CARTESIAN_POINT('',(0.00915999149691957,0.0101164001623642,6.59553387832529E-5));
#6599=CARTESIAN_POINT('',(0.00915999386201711,0.00988361149744527,6.59589729717102E-5));
#6600=CARTESIAN_POINT('',(0.00911706833140607,0.00967199083615913,1.59543621718232E-15));
#6601=CARTESIAN_POINT('',(0.00911706833140606,0.0103280091638409,0.));
#6602=CARTESIAN_POINT('',(0.00911706833140606,0.0195,0.));
#6603=CARTESIAN_POINT('',(0.00911706833140606,0.0135,0.));
#6604=CARTESIAN_POINT('',(0.0105,0.0135,-0.0009));
#6605=CARTESIAN_POINT('',(0.0105,0.0145,-0.0009));
#6606=CARTESIAN_POINT('',(0.00885,0.0145,-0.0009));
#6607=CARTESIAN_POINT('',(-0.007,0.0195,-0.0174));
#6608=CARTESIAN_POINT('',(-0.007,0.011,-0.0174));
#6609=CARTESIAN_POINT('',(-0.00865,0.011,-0.0174));
#6610=CARTESIAN_POINT('',(-0.007,0.0145,-0.0174));
#6611=CARTESIAN_POINT('',(-0.00865,0.0145,-0.0174));
#6612=CARTESIAN_POINT('',(-0.0105,0.0195,-0.0009));
#6613=CARTESIAN_POINT('',(-0.00911706833140607,0.0195,0.));
#6614=CARTESIAN_POINT('',(-0.00911706833140606,0.0096719908361591,0.));
#6615=CARTESIAN_POINT('',(-0.00911706833140607,0.0085,1.40946282423116E-18));
#6616=CARTESIAN_POINT('',(-0.0105,0.0085,-0.0009));
#6617=CARTESIAN_POINT('',(-0.0118829316685939,0.0085,-2.16840434497101E-19));
#6618=CARTESIAN_POINT('',(-0.0118829316685939,0.0195,0.));
#6619=CARTESIAN_POINT('',(-0.0118829316685939,0.0135,0.));
#6620=CARTESIAN_POINT('',(-0.0105,0.0135,-0.0009));
#6621=CARTESIAN_POINT('',(-0.00911706833140607,0.0135,0.));
#6622=CARTESIAN_POINT('',(-0.00911706833140607,0.0195,0.));
#6623=CARTESIAN_POINT('',(-0.00911706833140607,0.0103280091638409,0.));
#6624=CARTESIAN_POINT('',(-0.00911706833140606,0.0096719908361591,0.));
#6625=CARTESIAN_POINT('',(-0.00915999149691957,0.00988359983763585,6.59553387832562E-5));
#6626=CARTESIAN_POINT('',(-0.00915999386201712,0.0101163885025547,6.59589729717138E-5));
#6627=CARTESIAN_POINT('',(-0.00911706833140607,0.0103280091638409,1.59403021114587E-15));
#6628=CARTESIAN_POINT('',(-0.0105,0.0145,-0.0009));
#6629=CARTESIAN_POINT('',(-0.01215,0.0145,-0.0009));
#6630=CARTESIAN_POINT('',(0.0105,0.0195,-0.0099));
#6631=CARTESIAN_POINT('',(0.0105,0.0132,-0.0099));
#6632=CARTESIAN_POINT('',(0.00887750192604121,0.0135,-0.0096));
#6633=CARTESIAN_POINT('',(0.0121224980739588,0.0135,-0.0096));
#6634=CARTESIAN_POINT('',(0.0105,0.0135,-0.0099));
#6635=CARTESIAN_POINT('',(0.0105,0.0145,-0.0099));
#6636=CARTESIAN_POINT('',(0.00885,0.0145,-0.0099));
#6637=CARTESIAN_POINT('',(-0.0105,0.0195,-0.0099));
#6638=CARTESIAN_POINT('',(-0.0105,0.0132,-0.0099));
#6639=CARTESIAN_POINT('',(-0.0121224980739588,0.0135,-0.0096));
#6640=CARTESIAN_POINT('',(-0.0088775019260412,0.0135,-0.0096));
#6641=CARTESIAN_POINT('',(-0.0105,0.0135,-0.0099));
#6642=CARTESIAN_POINT('',(-0.0105,0.0145,-0.0099));
#6643=CARTESIAN_POINT('',(-0.01215,0.0145,-0.0099));
#6644=CARTESIAN_POINT('',(0.007,0.0195,-0.0174));
#6645=CARTESIAN_POINT('',(0.007,0.011,-0.0174));
#6646=CARTESIAN_POINT('',(0.00535,0.011,-0.0174));
#6647=CARTESIAN_POINT('',(0.007,0.0145,-0.0174));
#6648=CARTESIAN_POINT('',(0.00535,0.0145,-0.0174));
#6649=CARTESIAN_POINT('',(0.,0.,0.));
#6650=CARTESIAN_POINT('',(-5.12272013080254E-18,0.0135,0.));
#6651=CARTESIAN_POINT('',(0.0075,0.01,0.));
#6652=CARTESIAN_POINT('',(-1.04094977927525E-18,0.0085,0.));
#6653=CARTESIAN_POINT('',(-5.12272013080254E-18,0.0135,0.));
#6654=CARTESIAN_POINT('',(0.0165,0.0135,0.));
#6655=CARTESIAN_POINT('',(0.0165,-0.0135,0.));
#6656=CARTESIAN_POINT('',(0.0165,-0.0135,0.));
#6657=CARTESIAN_POINT('',(-1.81617377310469E-18,-0.0135,0.));
#6658=CARTESIAN_POINT('',(0.0118829316685939,-0.0135,0.));
#6659=CARTESIAN_POINT('',(0.0118829316685939,-0.0195,0.));
#6660=CARTESIAN_POINT('',(0.0118829316685939,-0.0085,4.33680868994202E-19));
#6661=CARTESIAN_POINT('',(1.04094977927525E-18,-0.0085,0.));
#6662=CARTESIAN_POINT('',(0.00911706833140607,-0.0085,4.33680868994202E-19));
#6663=CARTESIAN_POINT('',(0.00911706833140607,-0.0195,0.));
#6664=CARTESIAN_POINT('',(0.00911706833140607,-0.00967199083615912,0.));
#6665=CARTESIAN_POINT('',(0.0075,-0.01,0.));
#6666=CARTESIAN_POINT('',(0.00911706833140608,-0.0103280091638409,0.));
#6667=CARTESIAN_POINT('',(0.00911706833140607,-0.0195,0.));
#6668=CARTESIAN_POINT('',(0.00911706833140607,-0.0135,0.));
#6669=CARTESIAN_POINT('',(-1.81617377310469E-18,-0.0135,0.));
#6670=CARTESIAN_POINT('',(-0.00911706833140606,-0.0135,0.));
#6671=CARTESIAN_POINT('',(-0.00911706833140606,-0.0195,0.));
#6672=CARTESIAN_POINT('',(-0.00911706833140606,-0.0103280091638409,0.));
#6673=CARTESIAN_POINT('',(-0.0075,-0.01,0.));
#6674=CARTESIAN_POINT('',(-0.00911706833140606,-0.0096719908361591,0.));
#6675=CARTESIAN_POINT('',(-0.00911706833140606,-0.0195,0.));
#6676=CARTESIAN_POINT('',(-0.00911706833140606,-0.0085,4.33680868994202E-19));
#6677=CARTESIAN_POINT('',(1.04094977927525E-18,-0.0085,0.));
#6678=CARTESIAN_POINT('',(-0.0118829316685939,-0.0085,4.33680868994202E-19));
#6679=CARTESIAN_POINT('',(-0.0118829316685939,-0.0195,0.));
#6680=CARTESIAN_POINT('',(-0.0118829316685939,-0.0135,0.));
#6681=CARTESIAN_POINT('',(-1.81617377310469E-18,-0.0135,0.));
#6682=CARTESIAN_POINT('',(-0.0165,-0.0135,0.));
#6683=CARTESIAN_POINT('',(-0.0165,0.0135,0.));
#6684=CARTESIAN_POINT('',(-0.0165,0.0135,0.));
#6685=CARTESIAN_POINT('',(-5.12272013080254E-18,0.0135,0.));
#6686=CARTESIAN_POINT('',(-1.04094977927525E-18,0.0085,0.));
#6687=CARTESIAN_POINT('',(-0.0075,0.01,0.));
#6688=CARTESIAN_POINT('',(-0.0075,0.01,0.0032));
#6689=CARTESIAN_POINT('',(-0.0075,0.01,0.0032));
#6690=CARTESIAN_POINT('',(-0.00915,0.01,0.0032));
#6691=CARTESIAN_POINT('',(0.0075,0.01,0.0032));
#6692=CARTESIAN_POINT('',(0.0075,0.01,0.0032));
#6693=CARTESIAN_POINT('',(0.00915,0.01,0.0032));
#6694=CARTESIAN_POINT('',(-0.0175,1.32631505344575E-18,0.0032));
#6695=CARTESIAN_POINT('',(-0.0175,1.32631505344575E-18,0.0052));
#6696=CARTESIAN_POINT('',(-0.0175,-0.0125,0.0052));
#6697=CARTESIAN_POINT('',(-0.0175,0.0125,0.0052));
#6698=CARTESIAN_POINT('',(-0.0175,0.0125,0.0032));
#6699=CARTESIAN_POINT('',(-0.0175,0.0125,0.0022));
#6700=CARTESIAN_POINT('',(-0.0175,1.32631505344575E-18,0.0022));
#6701=CARTESIAN_POINT('',(-0.0175,0.0185,0.0022));
#6702=CARTESIAN_POINT('',(-0.0175,0.0185,-0.024));
#6703=CARTESIAN_POINT('',(-0.0175,0.0185,-0.023));
#6704=CARTESIAN_POINT('',(-0.0175,1.32631505344575E-18,-0.023));
#6705=CARTESIAN_POINT('',(-0.0175,0.0161,-0.023));
#6706=CARTESIAN_POINT('',(-0.0175,0.0161,0.0032));
#6707=CARTESIAN_POINT('',(-0.0175,0.0161,-0.025));
#6708=CARTESIAN_POINT('',(-0.0175,1.32631505344575E-18,-0.025));
#6709=CARTESIAN_POINT('',(-0.0175,0.01425,-0.025));
#6710=CARTESIAN_POINT('',(-0.0175,0.01425,-0.024));
#6711=CARTESIAN_POINT('',(-0.0175,0.01425,-0.023));
#6712=CARTESIAN_POINT('',(-0.0175,1.32631505344575E-18,-0.023));
#6713=CARTESIAN_POINT('',(-0.0175,0.012,-0.023));
#6714=CARTESIAN_POINT('',(-0.0175,0.012,-0.0121));
#6715=CARTESIAN_POINT('',(-0.0175,0.012,-0.0125142135623731));
#6716=CARTESIAN_POINT('',(-0.0175,0.0142071067811865,-0.0103071067811866));
#6717=CARTESIAN_POINT('',(-0.0175,0.0145,-0.0100142135623731));
#6718=CARTESIAN_POINT('',(-0.0175,0.0145,0.0032));
#6719=CARTESIAN_POINT('',(-0.0175,0.0145,0.001));
#6720=CARTESIAN_POINT('',(-0.0175,-0.0135,0.001));
#6721=CARTESIAN_POINT('',(-0.0175,-0.0145,0.001));
#6722=CARTESIAN_POINT('',(-0.0175,-0.0145,0.0032));
#6723=CARTESIAN_POINT('',(-0.0175,-0.0145,-0.0100142135623731));
#6724=CARTESIAN_POINT('',(-0.0175,-0.0117071067811865,-0.0128071067811865));
#6725=CARTESIAN_POINT('',(-0.0175,-0.0125142135623731,-0.012));
#6726=CARTESIAN_POINT('',(-0.0175,1.32631505344575E-18,-0.012));
#6727=CARTESIAN_POINT('',(-0.0175,-0.01425,-0.012));
#6728=CARTESIAN_POINT('',(-0.0175,-0.01425,-0.022));
#6729=CARTESIAN_POINT('',(-0.0175,-0.01425,-0.023));
#6730=CARTESIAN_POINT('',(-0.0175,-0.011,-0.023));
#6731=CARTESIAN_POINT('',(-0.0175,-0.012,-0.023));
#6732=CARTESIAN_POINT('',(-0.0175,-0.012,-0.026));
#6733=CARTESIAN_POINT('',(-0.0175,-0.012,-0.025));
#6734=CARTESIAN_POINT('',(-0.0175,1.32631505344575E-18,-0.025));
#6735=CARTESIAN_POINT('',(-0.0175,-0.0185,-0.025));
#6736=CARTESIAN_POINT('',(-0.0175,-0.0185,-0.022));
#6737=CARTESIAN_POINT('',(-0.0175,-0.0185,-0.023));
#6738=CARTESIAN_POINT('',(-0.0175,-0.0171,-0.023));
#6739=CARTESIAN_POINT('',(-0.0175,-0.0161,-0.023));
#6740=CARTESIAN_POINT('',(-0.0175,-0.0161,0.0032));
#6741=CARTESIAN_POINT('',(-0.0175,-0.0161,-0.012));
#6742=CARTESIAN_POINT('',(-0.0175,1.32631505344575E-18,-0.012));
#6743=CARTESIAN_POINT('',(-0.0175,-0.0185,-0.012));
#6744=CARTESIAN_POINT('',(-0.0175,-0.0185,0.0032));
#6745=CARTESIAN_POINT('',(-0.0175,-0.0185,0.0022));
#6746=CARTESIAN_POINT('',(-0.0175,1.32631505344575E-18,0.0022));
#6747=CARTESIAN_POINT('',(-0.0175,-0.0125,0.0022));
#6748=CARTESIAN_POINT('',(-0.0175,-0.0125,0.0032));
#6749=CARTESIAN_POINT('',(0.0175,5.61257885046148E-18,0.0032));
#6750=CARTESIAN_POINT('',(0.0175,0.0185,0.0032));
#6751=CARTESIAN_POINT('',(0.0175,0.0185,-0.012));
#6752=CARTESIAN_POINT('',(0.0175,0.0185,0.0022));
#6753=CARTESIAN_POINT('',(0.0175,5.61257885046148E-18,0.0022));
#6754=CARTESIAN_POINT('',(0.0175,0.0125,0.0022));
#6755=CARTESIAN_POINT('',(0.0175,0.0125,0.0032));
#6756=CARTESIAN_POINT('',(0.0175,0.0125,0.0052));
#6757=CARTESIAN_POINT('',(0.0175,5.61257885046148E-18,0.0052));
#6758=CARTESIAN_POINT('',(0.0175,-0.0125,0.0052));
#6759=CARTESIAN_POINT('',(0.0175,-0.0125,0.0032));
#6760=CARTESIAN_POINT('',(0.0175,-0.0125,0.0022));
#6761=CARTESIAN_POINT('',(0.0175,5.61257885046148E-18,0.0022));
#6762=CARTESIAN_POINT('',(0.0175,-0.0185,0.0022));
#6763=CARTESIAN_POINT('',(0.0175,-0.0185,-0.024));
#6764=CARTESIAN_POINT('',(0.0175,-0.0185,-0.023));
#6765=CARTESIAN_POINT('',(0.0175,5.61257885046148E-18,-0.023));
#6766=CARTESIAN_POINT('',(0.0175,-0.0161,-0.023));
#6767=CARTESIAN_POINT('',(0.0175,-0.0161,0.0032));
#6768=CARTESIAN_POINT('',(0.0175,-0.0161,-0.025585786437627));
#6769=CARTESIAN_POINT('',(0.0175,5.61257885046148E-18,-0.025585786437627));
#6770=CARTESIAN_POINT('',(0.0175,-0.01425,-0.025585786437627));
#6771=CARTESIAN_POINT('',(0.0175,-0.01425,-0.024));
#6772=CARTESIAN_POINT('',(0.0175,-0.01425,-0.023));
#6773=CARTESIAN_POINT('',(0.0175,5.61257885046148E-18,-0.023));
#6774=CARTESIAN_POINT('',(0.0175,-0.012,-0.023));
#6775=CARTESIAN_POINT('',(0.0175,-0.012,-0.0121));
#6776=CARTESIAN_POINT('',(0.0175,-0.012,-0.0125142135623731));
#6777=CARTESIAN_POINT('',(0.0175,-0.0142071067811865,-0.0103071067811865));
#6778=CARTESIAN_POINT('',(0.0175,-0.0145,-0.0100142135623731));
#6779=CARTESIAN_POINT('',(0.0175,-0.0145,0.0032));
#6780=CARTESIAN_POINT('',(0.0175,-0.0145,0.001));
#6781=CARTESIAN_POINT('',(0.0175,0.0135,0.001));
#6782=CARTESIAN_POINT('',(0.0175,0.0145,0.001));
#6783=CARTESIAN_POINT('',(0.0175,0.0145,0.0032));
#6784=CARTESIAN_POINT('',(0.0175,0.0145,-0.0100142135623731));
#6785=CARTESIAN_POINT('',(0.0175,0.0117071067811865,-0.0128071067811866));
#6786=CARTESIAN_POINT('',(0.0175,0.0125142135623731,-0.012));
#6787=CARTESIAN_POINT('',(0.0175,5.61257885046148E-18,-0.012));
#6788=CARTESIAN_POINT('',(0.0175,0.01425,-0.012));
#6789=CARTESIAN_POINT('',(0.0175,0.01425,-0.022));
#6790=CARTESIAN_POINT('',(0.0175,0.01425,-0.023));
#6791=CARTESIAN_POINT('',(0.0175,0.011,-0.023));
#6792=CARTESIAN_POINT('',(0.0175,0.012,-0.023));
#6793=CARTESIAN_POINT('',(0.0175,0.012,-0.026));
#6794=CARTESIAN_POINT('',(0.0175,0.012,-0.025));
#6795=CARTESIAN_POINT('',(0.0175,5.61257885046148E-18,-0.025));
#6796=CARTESIAN_POINT('',(0.0175,0.0185,-0.025));
#6797=CARTESIAN_POINT('',(0.0175,0.0185,-0.022));
#6798=CARTESIAN_POINT('',(0.0175,0.0185,-0.023));
#6799=CARTESIAN_POINT('',(0.0175,0.0171,-0.023));
#6800=CARTESIAN_POINT('',(0.0175,0.0161,-0.023));
#6801=CARTESIAN_POINT('',(0.0175,0.0161,0.0032));
#6802=CARTESIAN_POINT('',(0.0175,0.0161,-0.012));
#6803=CARTESIAN_POINT('',(0.0175,5.61257885046148E-18,-0.012));
#6804=CARTESIAN_POINT('',(0.,0.,0.0062));
#6805=CARTESIAN_POINT('',(-0.003,-0.0185,0.0062));
#6806=CARTESIAN_POINT('',(-0.0105,-0.0185,0.0062));
#6807=CARTESIAN_POINT('',(-0.004,-0.0185,0.0062));
#6808=CARTESIAN_POINT('',(-0.004,5.78241158658932E-19,0.0062));
#6809=CARTESIAN_POINT('',(-0.004,-0.0165,0.0062));
#6810=CARTESIAN_POINT('',(9.18485099360519E-20,-0.0165,0.0062));
#6811=CARTESIAN_POINT('',(0.004,-0.0165,0.0062));
#6812=CARTESIAN_POINT('',(0.004,-0.0195,0.0062));
#6813=CARTESIAN_POINT('',(0.004,-0.0185,0.0062));
#6814=CARTESIAN_POINT('',(0.0115,-0.0185,0.0062));
#6815=CARTESIAN_POINT('',(0.0105,-0.0185,0.0062));
#6816=CARTESIAN_POINT('',(0.0105,0.,0.0062));
#6817=CARTESIAN_POINT('',(0.0105,-0.0165,0.0062));
#6818=CARTESIAN_POINT('',(0.0145,-0.0165,0.0062));
#6819=CARTESIAN_POINT('',(0.0145,-0.0125,0.0062));
#6820=CARTESIAN_POINT('',(0.0175,-0.0125,0.0062));
#6821=CARTESIAN_POINT('',(0.0165,-0.0125,0.0062));
#6822=CARTESIAN_POINT('',(0.0165,6.26110238209199E-18,0.0062));
#6823=CARTESIAN_POINT('',(0.0165,0.0125,0.0062));
#6824=CARTESIAN_POINT('',(0.,0.0125,0.0062));
#6825=CARTESIAN_POINT('',(0.0145,0.0125,0.0062));
#6826=CARTESIAN_POINT('',(0.0145,0.0165,0.0062));
#6827=CARTESIAN_POINT('',(0.0105,0.0165,0.0062));
#6828=CARTESIAN_POINT('',(0.0105,0.0195,0.0062));
#6829=CARTESIAN_POINT('',(0.0105,0.0185,0.0062));
#6830=CARTESIAN_POINT('',(0.003,0.0185,0.0062));
#6831=CARTESIAN_POINT('',(0.004,0.0185,0.0062));
#6832=CARTESIAN_POINT('',(0.004,-5.78241158658932E-19,0.0062));
#6833=CARTESIAN_POINT('',(0.004,0.0165,0.0062));
#6834=CARTESIAN_POINT('',(-4.92385964305256E-19,0.0165,0.0062));
#6835=CARTESIAN_POINT('',(-0.004,0.0165,0.0062));
#6836=CARTESIAN_POINT('',(-0.004,0.0195,0.0062));
#6837=CARTESIAN_POINT('',(-0.004,0.0185,0.0062));
#6838=CARTESIAN_POINT('',(-0.0115,0.0185,0.0062));
#6839=CARTESIAN_POINT('',(-0.0105,0.0185,0.0062));
#6840=CARTESIAN_POINT('',(-0.0105,0.,0.0062));
#6841=CARTESIAN_POINT('',(-0.0105,0.0165,0.0062));
#6842=CARTESIAN_POINT('',(-0.0145,0.0165,0.0062));
#6843=CARTESIAN_POINT('',(-0.0145,0.0125,0.0062));
#6844=CARTESIAN_POINT('',(-0.0175,0.0125,0.0062));
#6845=CARTESIAN_POINT('',(-0.0165,0.0125,0.0062));
#6846=CARTESIAN_POINT('',(-0.0165,2.21976794490573E-18,0.0062));
#6847=CARTESIAN_POINT('',(-0.0165,-0.0125,0.0062));
#6848=CARTESIAN_POINT('',(0.,-0.0125,0.0062));
#6849=CARTESIAN_POINT('',(-0.0145,-0.0125,0.0062));
#6850=CARTESIAN_POINT('',(-0.0145,-0.0165,0.0062));
#6851=CARTESIAN_POINT('',(-0.0105,-0.0165,0.0062));
#6852=CARTESIAN_POINT('',(-0.0105,-0.0195,0.0062));
#6853=CARTESIAN_POINT('',(0.0075,0.01,0.0062));
#6854=CARTESIAN_POINT('',(0.0115,0.01,0.0062));
#6855=CARTESIAN_POINT('',(0.0075,-0.01,0.0062));
#6856=CARTESIAN_POINT('',(0.0115,-0.01,0.0062));
#6857=CARTESIAN_POINT('',(-0.0075,0.01,0.0062));
#6858=CARTESIAN_POINT('',(-0.0035,0.01,0.0062));
#6859=CARTESIAN_POINT('',(-0.0075,-0.01,0.0062));
#6860=CARTESIAN_POINT('',(-0.0035,-0.01,0.0062));
#6861=CARTESIAN_POINT('',(-0.0175,-0.0195,0.0031));
#6862=CARTESIAN_POINT('',(-0.0105,-0.0195,-0.0009));
#6863=CARTESIAN_POINT('',(-0.0105,-0.0195,-0.00325));
#6864=CARTESIAN_POINT('',(0.007,-0.0195,-0.0174));
#6865=CARTESIAN_POINT('',(0.007,-0.0195,-0.01975));
#6866=CARTESIAN_POINT('',(0.0105,-0.0195,-0.0009));
#6867=CARTESIAN_POINT('',(0.0105,-0.0195,-0.00325));
#6868=CARTESIAN_POINT('',(0.0105,-0.0195,-0.0099));
#6869=CARTESIAN_POINT('',(0.0105,-0.0195,-0.01225));
#6870=CARTESIAN_POINT('',(-0.007,-0.0195,-0.0174));
#6871=CARTESIAN_POINT('',(-0.007,-0.0195,-0.01975));
#6872=CARTESIAN_POINT('',(-0.0165,-0.0195,-0.026));
#6873=CARTESIAN_POINT('',(-0.0165,-0.0195,-0.023));
#6874=CARTESIAN_POINT('',(-0.0165,-0.0195,-0.025585786437627));
#6875=CARTESIAN_POINT('',(-0.00879289321881346,-0.0195,-0.0332928932188135));
#6876=CARTESIAN_POINT('',(-0.00808578643762691,-0.0195,-0.034));
#6877=CARTESIAN_POINT('',(-0.0175,-0.0195,-0.034));
#6878=CARTESIAN_POINT('',(0.0031,-0.0195,-0.034));
#6879=CARTESIAN_POINT('',(0.0031,-0.0195,-0.024));
#6880=CARTESIAN_POINT('',(0.0031,-0.0195,-0.023));
#6881=CARTESIAN_POINT('',(0.0175,-0.0195,-0.023));
#6882=CARTESIAN_POINT('',(0.0165,-0.0195,-0.023));
#6883=CARTESIAN_POINT('',(0.0165,-0.0195,0.0032));
#6884=CARTESIAN_POINT('',(0.0165,-0.0195,0.0022));
#6885=CARTESIAN_POINT('',(0.0115,-0.0195,0.0022));
#6886=CARTESIAN_POINT('',(0.0105,-0.0195,0.0022));
#6887=CARTESIAN_POINT('',(0.0105,-0.0195,0.0062));
#6888=CARTESIAN_POINT('',(0.0105,-0.0195,0.0052));
#6889=CARTESIAN_POINT('',(0.003,-0.0195,0.0052));
#6890=CARTESIAN_POINT('',(0.004,-0.0195,0.0052));
#6891=CARTESIAN_POINT('',(0.004,-0.0195,0.0031));
#6892=CARTESIAN_POINT('',(0.004,-0.0195,0.0022));
#6893=CARTESIAN_POINT('',(-0.003,-0.0195,0.0022));
#6894=CARTESIAN_POINT('',(-0.004,-0.0195,0.0022));
#6895=CARTESIAN_POINT('',(-0.004,-0.0195,0.0062));
#6896=CARTESIAN_POINT('',(-0.004,-0.0195,0.0052));
#6897=CARTESIAN_POINT('',(-0.0115,-0.0195,0.0052));
#6898=CARTESIAN_POINT('',(-0.0105,-0.0195,0.0052));
#6899=CARTESIAN_POINT('',(-0.0105,-0.0195,0.0031));
#6900=CARTESIAN_POINT('',(-0.0105,-0.0195,0.0022));
#6901=CARTESIAN_POINT('',(-0.0175,-0.0195,0.0022));
#6902=CARTESIAN_POINT('',(-0.0165,-0.0195,0.0022));
#6903=CARTESIAN_POINT('',(-0.0165,-0.0195,-0.013));
#6904=CARTESIAN_POINT('',(-0.0165,-0.0195,-0.012));
#6905=CARTESIAN_POINT('',(-0.0121,-0.0195,-0.012));
#6906=CARTESIAN_POINT('',(-0.0115547511554865,-0.0195,-0.012));
#6907=CARTESIAN_POINT('',(-0.0105,-0.0195,-0.0099));
#6908=CARTESIAN_POINT('',(-0.0111,-0.0195,-0.0121721135535003));
#6909=CARTESIAN_POINT('',(-0.0111,-0.0195,-0.022));
#6910=CARTESIAN_POINT('',(-0.0111,-0.0195,-0.021));
#6911=CARTESIAN_POINT('',(-0.0111,-0.0195,-0.021));
#6912=CARTESIAN_POINT('',(-0.0131,-0.0195,-0.023));
#6913=CARTESIAN_POINT('',(-0.0175,-0.0195,-0.023));
#6914=CARTESIAN_POINT('',(0.0105,-0.0195,-0.0009));
#6915=CARTESIAN_POINT('',(0.0105,-0.0135,-0.0009));
#6916=CARTESIAN_POINT('',(0.00911706833140607,-0.00967199083615912,0.));
#6917=CARTESIAN_POINT('',(0.00915999149691957,-0.00988359983763585,6.59553387832453E-5));
#6918=CARTESIAN_POINT('',(0.00915999386201712,-0.0101163885025547,6.59589729717064E-5));
#6919=CARTESIAN_POINT('',(0.00911706833140608,-0.0103280091638409,1.59760043103031E-15));
#6920=CARTESIAN_POINT('',(0.0105,-0.0085,-0.0009));
#6921=CARTESIAN_POINT('',(0.0105,-0.0145,-0.0009));
#6922=CARTESIAN_POINT('',(0.0105,-0.0145,0.00075));
#6923=CARTESIAN_POINT('',(-0.0105,-0.0195,-0.0009));
#6924=CARTESIAN_POINT('',(-0.00911706833140606,-0.0103280091638409,0.));
#6925=CARTESIAN_POINT('',(-0.00915999149691957,-0.0101164001623642,6.5955338783256E-5));
#6926=CARTESIAN_POINT('',(-0.00915999386201712,-0.00988361149744528,6.59589729717155E-5));
#6927=CARTESIAN_POINT('',(-0.00911706833140607,-0.00967199083615913,1.59760507854458E-15));
#6928=CARTESIAN_POINT('',(-0.0105,-0.0135,-0.0009));
#6929=CARTESIAN_POINT('',(-0.0105,-0.0085,-0.0009));
#6930=CARTESIAN_POINT('',(-0.0105,-0.0145,-0.0009));
#6931=CARTESIAN_POINT('',(-0.0105,-0.0145,0.00075));
#6932=CARTESIAN_POINT('',(0.0105,-0.0195,-0.0099));
#6933=CARTESIAN_POINT('',(0.0105,-0.0132,-0.0099));
#6934=CARTESIAN_POINT('',(0.0121224980739588,-0.0135,-0.0096));
#6935=CARTESIAN_POINT('',(0.00887750192604121,-0.0135,-0.0096));
#6936=CARTESIAN_POINT('',(0.0105,-0.0135,-0.0099));
#6937=CARTESIAN_POINT('',(0.0105,-0.0145,-0.0099));
#6938=CARTESIAN_POINT('',(0.0105,-0.0145,-0.00825));
#6939=CARTESIAN_POINT('',(-0.007,-0.0195,-0.0174));
#6940=CARTESIAN_POINT('',(-0.007,-0.011,-0.0174));
#6941=CARTESIAN_POINT('',(-0.007,-0.011,-0.01575));
#6942=CARTESIAN_POINT('',(-0.007,-0.0145,-0.0174));
#6943=CARTESIAN_POINT('',(-0.007,-0.0145,-0.01575));
#6944=CARTESIAN_POINT('',(0.007,-0.0195,-0.0174));
#6945=CARTESIAN_POINT('',(0.007,-0.011,-0.0174));
#6946=CARTESIAN_POINT('',(0.007,-0.011,-0.01575));
#6947=CARTESIAN_POINT('',(0.007,-0.0145,-0.0174));
#6948=CARTESIAN_POINT('',(0.007,-0.0145,-0.01575));
#6949=CARTESIAN_POINT('',(-0.0105,-0.0195,-0.0099));
#6950=CARTESIAN_POINT('',(-0.0105,-0.0132,-0.0099));
#6951=CARTESIAN_POINT('',(-0.0088775019260412,-0.0135,-0.0096));
#6952=CARTESIAN_POINT('',(-0.0121224980739588,-0.0135,-0.0096));
#6953=CARTESIAN_POINT('',(-0.0105,-0.0135,-0.0099));
#6954=CARTESIAN_POINT('',(-0.0105,-0.0145,-0.0099));
#6955=CARTESIAN_POINT('',(-0.0105,-0.0145,-0.00825));
#6956=CARTESIAN_POINT('',(-0.0075,-0.01,0.0032));
#6957=CARTESIAN_POINT('',(-0.0075,-0.01,0.0032));
#6958=CARTESIAN_POINT('',(-0.00915,-0.01,0.0032));
#6959=CARTESIAN_POINT('',(0.0075,-0.01,0.0032));
#6960=CARTESIAN_POINT('',(0.0075,-0.01,0.0032));
#6961=CARTESIAN_POINT('',(0.00915,-0.01,0.0032));
#6962=CARTESIAN_POINT('',(-0.0145,0.0055,-0.0175));
#6963=CARTESIAN_POINT('',(-0.0145,-0.01325,-0.0175));
#6964=CARTESIAN_POINT('',(-0.0145,-0.01325,-0.013));
#6965=CARTESIAN_POINT('',(-0.0145,-0.01325,-0.022));
#6966=CARTESIAN_POINT('',(-0.0145,0.0055,-0.013));
#6967=CARTESIAN_POINT('',(-0.0145,-0.0171,-0.013));
#6968=CARTESIAN_POINT('',(-0.0145,-0.0171,-0.0175));
#6969=CARTESIAN_POINT('',(-0.0145,-0.0171,-0.022));
#6970=CARTESIAN_POINT('',(-0.0145,0.0055,-0.022));
#6971=CARTESIAN_POINT('',(-0.0175,-0.0165,-0.034));
#6972=CARTESIAN_POINT('',(-0.0065,-0.01525,-0.034));
#6973=CARTESIAN_POINT('',(-0.00415,-0.01525,-0.034));
#6974=CARTESIAN_POINT('',(0.0011,-0.01525,-0.034));
#6975=CARTESIAN_POINT('',(0.00345,-0.01525,-0.034));
#6976=CARTESIAN_POINT('',(-0.00908578643762691,-0.011,-0.034));
#6977=CARTESIAN_POINT('',(-0.00908578643762691,-0.0187928932188135,-0.034));
#6978=CARTESIAN_POINT('',(-0.00908578643762691,-0.0117071067811865,-0.034));
#6979=CARTESIAN_POINT('',(-0.0148738576250846,-0.0157998911678283,-0.034));
#6980=CARTESIAN_POINT('',(-0.00808578643762691,-0.011,-0.034));
#6981=CARTESIAN_POINT('',(-0.0175,-0.011,-0.034));
#6982=CARTESIAN_POINT('',(0.0041,-0.011,-0.034));
#6983=CARTESIAN_POINT('',(0.0041,-0.01325,-0.034));
#6984=CARTESIAN_POINT('',(0.0041,-0.01325,-0.034));
#6985=CARTESIAN_POINT('',(0.0175,-0.01325,-0.034));
#6986=CARTESIAN_POINT('',(0.0095,-0.01325,-0.034));
#6987=CARTESIAN_POINT('',(0.0095,-0.0171,-0.034));
#6988=CARTESIAN_POINT('',(0.0095,-0.0171,-0.034));
#6989=CARTESIAN_POINT('',(0.0175,-0.0171,-0.034));
#6990=CARTESIAN_POINT('',(0.0041,-0.0171,-0.034));
#6991=CARTESIAN_POINT('',(0.0041,-0.0171,-0.034));
#6992=CARTESIAN_POINT('',(0.0041,-0.0185,-0.034));
#6993=CARTESIAN_POINT('',(0.0041,-0.0185,-0.034));
#6994=CARTESIAN_POINT('',(-0.0235905242917512,-0.00853649472282888,-0.034));
#6995=CARTESIAN_POINT('',(0.,0.,0.0032));
#6996=CARTESIAN_POINT('',(-0.0075,-0.01,0.0032));
#6997=CARTESIAN_POINT('',(-0.0105,-0.01,0.0032));
#6998=CARTESIAN_POINT('',(-0.0075,-0.01,0.0062));
#6999=CARTESIAN_POINT('',(-0.0075,-0.01,0.0052));
#7000=CARTESIAN_POINT('',(-0.0045,-0.01,0.0052));
#7001=CARTESIAN_POINT('',(-0.0175,-0.0135,0.0031));
#7002=CARTESIAN_POINT('',(0.0165,-0.0135,0.0031));
#7003=CARTESIAN_POINT('',(0.0165,-0.0135,-0.0096));
#7004=CARTESIAN_POINT('',(-0.0175,-0.0135,-0.0096));
#7005=CARTESIAN_POINT('',(-0.0175,-0.0135,-0.0096));
#7006=CARTESIAN_POINT('',(-0.0175,-0.0135,-0.0096));
#7007=CARTESIAN_POINT('',(-0.0165,-0.0135,-0.0096));
#7008=CARTESIAN_POINT('',(-0.0165,-0.0135,0.0031));
#7009=CARTESIAN_POINT('',(-0.0175,-0.01225,-0.01085));
#7010=CARTESIAN_POINT('',(0.0165,-0.011,-0.0121));
#7011=CARTESIAN_POINT('',(0.0165,-0.011,-0.0121));
#7012=CARTESIAN_POINT('',(-0.0175,-0.011,-0.0121));
#7013=CARTESIAN_POINT('',(-0.0165,-0.011,-0.0121));
#7014=CARTESIAN_POINT('',(-0.0165,-0.0135,-0.0096));
#7015=CARTESIAN_POINT('',(-0.0175,-0.011,-0.02305));
#7016=CARTESIAN_POINT('',(0.0165,-0.011,-0.024));
#7017=CARTESIAN_POINT('',(0.0165,-0.011,-0.024));
#7018=CARTESIAN_POINT('',(0.0175,-0.011,-0.024));
#7019=CARTESIAN_POINT('',(0.0041,-0.011,-0.024));
#7020=CARTESIAN_POINT('',(0.0041,-0.011,-0.02305));
#7021=CARTESIAN_POINT('',(-0.0167928932188134,-0.011,-0.0252928932188135));
#7022=CARTESIAN_POINT('',(-0.0165,-0.011,-0.0255857864376269));
#7023=CARTESIAN_POINT('',(-0.0165,-0.011,-0.022));
#7024=CARTESIAN_POINT('',(-0.0165,-0.011,-0.022));
#7025=CARTESIAN_POINT('',(-0.0175,-0.011,-0.022));
#7026=CARTESIAN_POINT('',(-0.0131,-0.011,-0.022));
#7027=CARTESIAN_POINT('',(-0.015825,-0.011,-0.024725));
#7028=CARTESIAN_POINT('',(-0.0121,-0.011,-0.021));
#7029=CARTESIAN_POINT('',(-0.0121,-0.011,-0.02305));
#7030=CARTESIAN_POINT('',(-0.0121,-0.011,-0.013));
#7031=CARTESIAN_POINT('',(-0.0175,-0.011,-0.013));
#7032=CARTESIAN_POINT('',(-0.0165,-0.011,-0.013));
#7033=CARTESIAN_POINT('',(-0.0165,-0.011,-0.013));
#7034=CARTESIAN_POINT('',(-0.0168727922061358,-0.011,-0.0126272077938642));
#7035=CARTESIAN_POINT('',(-0.016153146946966,-0.011,-0.0116094757082487));
#7036=CARTESIAN_POINT('',(-0.0133,0.0055,-0.022));
#7037=CARTESIAN_POINT('',(-0.016,-0.0171,-0.022));
#7038=CARTESIAN_POINT('',(-0.0165,-0.0171,-0.022));
#7039=CARTESIAN_POINT('',(-0.0165,-0.0195,-0.022));
#7040=CARTESIAN_POINT('',(-0.0165,-0.0185,-0.022));
#7041=CARTESIAN_POINT('',(-0.0133,-0.0185,-0.022));
#7042=CARTESIAN_POINT('',(-0.0131,-0.0185,-0.022));
#7043=CARTESIAN_POINT('',(-0.0131,0.0055,-0.022));
#7044=CARTESIAN_POINT('',(-0.0165,-0.01325,-0.022));
#7045=CARTESIAN_POINT('',(-0.0165,-0.01325,-0.022));
#7046=CARTESIAN_POINT('',(-0.016,-0.01325,-0.022));
#7047=CARTESIAN_POINT('',(-0.0121,0.0055,-0.0175));
#7048=CARTESIAN_POINT('',(-0.0121,0.0055,-0.021));
#7049=CARTESIAN_POINT('',(-0.0121,-0.0185,-0.021));
#7050=CARTESIAN_POINT('',(-0.0121,-0.0185,-0.013));
#7051=CARTESIAN_POINT('',(-0.0121,-0.0185,-0.013));
#7052=CARTESIAN_POINT('',(-0.0121,0.0055,-0.013));
#7053=CARTESIAN_POINT('',(-0.0133,0.0055,-0.013));
#7054=CARTESIAN_POINT('',(-0.0175,-0.0185,-0.013));
#7055=CARTESIAN_POINT('',(-0.0165,-0.0185,-0.013));
#7056=CARTESIAN_POINT('',(-0.0165,0.0055,-0.013));
#7057=CARTESIAN_POINT('',(-0.0165,-0.0171,-0.013));
#7058=CARTESIAN_POINT('',(-0.016,-0.0171,-0.013));
#7059=CARTESIAN_POINT('',(-0.016,-0.01325,-0.013));
#7060=CARTESIAN_POINT('',(-0.0165,-0.01325,-0.013));
#7061=CARTESIAN_POINT('',(-0.0165,0.0055,-0.013));
#7062=CARTESIAN_POINT('',(2.09414602654198E-18,-0.0171,-0.0139));
#7063=CARTESIAN_POINT('',(-0.0165,-0.0171,-0.0139));
#7064=CARTESIAN_POINT('',(1.62265700887024E-18,-0.01325,-0.0139));
#7065=CARTESIAN_POINT('',(-0.0165,-0.01325,-0.013));
#7066=CARTESIAN_POINT('',(-0.0175,0.0165,-0.034));
#7067=CARTESIAN_POINT('',(0.0065,0.01525,-0.034));
#7068=CARTESIAN_POINT('',(0.00885,0.01525,-0.034));
#7069=CARTESIAN_POINT('',(-0.0011,0.01525,-0.034));
#7070=CARTESIAN_POINT('',(0.00125,0.01525,-0.034));
#7071=CARTESIAN_POINT('',(-0.00908578643762691,0.0171,-0.034));
#7072=CARTESIAN_POINT('',(-0.00908578643762691,0.0139571067811865,-0.034));
#7073=CARTESIAN_POINT('',(-0.00908578643762691,0.0163928932188134,-0.034));
#7074=CARTESIAN_POINT('',(-0.0120905242917513,0.0142682227064742,-0.034));
#7075=CARTESIAN_POINT('',(-0.0080857864376269,0.0171,-0.034));
#7076=CARTESIAN_POINT('',(-0.0175,0.0171,-0.034));
#7077=CARTESIAN_POINT('',(-0.0041,0.0171,-0.034));
#7078=CARTESIAN_POINT('',(-0.0041,0.0171,-0.034));
#7079=CARTESIAN_POINT('',(-0.0041,0.0185,-0.034));
#7080=CARTESIAN_POINT('',(-0.0175,0.0185,-0.034));
#7081=CARTESIAN_POINT('',(0.00908578643762691,0.0185,-0.034));
#7082=CARTESIAN_POINT('',(0.00908578643762691,0.011,-0.034));
#7083=CARTESIAN_POINT('',(0.00908578643762691,0.0117071067811865,-0.034));
#7084=CARTESIAN_POINT('',(0.00320719095841795,0.0075503120539853,-0.034));
#7085=CARTESIAN_POINT('',(0.00808578643762691,0.011,-0.034));
#7086=CARTESIAN_POINT('',(-0.0175,0.011,-0.034));
#7087=CARTESIAN_POINT('',(-0.0041,0.011,-0.034));
#7088=CARTESIAN_POINT('',(-0.0041,0.01325,-0.034));
#7089=CARTESIAN_POINT('',(-0.0041,0.01325,-0.034));
#7090=CARTESIAN_POINT('',(-0.0175,0.01325,-0.034));
#7091=CARTESIAN_POINT('',(-0.0080857864376269,0.01325,-0.034));
#7092=CARTESIAN_POINT('',(-0.0120905242917513,0.0160817772935258,-0.034));
#7093=CARTESIAN_POINT('',(-0.0065,-0.0055,-0.0285));
#7094=CARTESIAN_POINT('',(-0.0065,-0.0055,-0.033));
#7095=CARTESIAN_POINT('',(-0.0065,0.01325,-0.033));
#7096=CARTESIAN_POINT('',(-0.0065,0.0171,-0.033));
#7097=CARTESIAN_POINT('',(-0.0065,0.0171,-0.0285));
#7098=CARTESIAN_POINT('',(-0.0065,0.0171,-0.024));
#7099=CARTESIAN_POINT('',(-0.0065,-0.0055,-0.024));
#7100=CARTESIAN_POINT('',(-0.0065,0.01325,-0.024));
#7101=CARTESIAN_POINT('',(-0.0065,0.01325,-0.0285));
#7102=CARTESIAN_POINT('',(-0.0053,-0.0055,-0.033));
#7103=CARTESIAN_POINT('',(-0.0053,0.01325,-0.033));
#7104=CARTESIAN_POINT('',(-0.0051,0.01325,-0.033));
#7105=CARTESIAN_POINT('',(-0.0051,-0.0055,-0.033));
#7106=CARTESIAN_POINT('',(-0.0051,0.0171,-0.033));
#7107=CARTESIAN_POINT('',(-0.0053,0.0171,-0.033));
#7108=CARTESIAN_POINT('',(0.,0.,0.0032));
#7109=CARTESIAN_POINT('',(-0.0075,0.01,0.0032));
#7110=CARTESIAN_POINT('',(-0.0105,0.01,0.0032));
#7111=CARTESIAN_POINT('',(-0.0075,0.01,0.0062));
#7112=CARTESIAN_POINT('',(-0.0075,0.01,0.0052));
#7113=CARTESIAN_POINT('',(-0.0045,0.01,0.0052));
#7114=CARTESIAN_POINT('',(-0.0175,0.0135,0.0031));
#7115=CARTESIAN_POINT('',(-0.0175,0.0135,-0.0096));
#7116=CARTESIAN_POINT('',(-0.0165,0.0135,-0.0096));
#7117=CARTESIAN_POINT('',(-0.0175,0.0135,-0.0096));
#7118=CARTESIAN_POINT('',(-0.0175,0.0135,-0.0096));
#7119=CARTESIAN_POINT('',(0.0165,0.0135,-0.0096));
#7120=CARTESIAN_POINT('',(0.0165,0.0135,0.0031));
#7121=CARTESIAN_POINT('',(-0.0165,0.0135,0.0031));
#7122=CARTESIAN_POINT('',(-0.0175,0.01225,-0.01085));
#7123=CARTESIAN_POINT('',(-0.0165,0.011,-0.0121));
#7124=CARTESIAN_POINT('',(-0.0165,0.011,-0.0121));
#7125=CARTESIAN_POINT('',(-0.0175,0.011,-0.0121));
#7126=CARTESIAN_POINT('',(0.0165,0.011,-0.0121));
#7127=CARTESIAN_POINT('',(0.0165,0.0135,-0.0096));
#7128=CARTESIAN_POINT('',(-0.0175,0.011,-0.02305));
#7129=CARTESIAN_POINT('',(0.0165,0.011,-0.013));
#7130=CARTESIAN_POINT('',(0.0165,0.011,-0.013));
#7131=CARTESIAN_POINT('',(0.0168727922061358,0.011,-0.0126272077938642));
#7132=CARTESIAN_POINT('',(0.016153146946966,0.011,-0.0116094757082487));
#7133=CARTESIAN_POINT('',(-0.0165,0.011,-0.024));
#7134=CARTESIAN_POINT('',(-0.0165,0.011,-0.024));
#7135=CARTESIAN_POINT('',(-0.0175,0.011,-0.024));
#7136=CARTESIAN_POINT('',(-0.0041,0.011,-0.024));
#7137=CARTESIAN_POINT('',(-0.0041,0.011,-0.02305));
#7138=CARTESIAN_POINT('',(0.0167928932188134,0.011,-0.0252928932188135));
#7139=CARTESIAN_POINT('',(0.0165,0.011,-0.0255857864376269));
#7140=CARTESIAN_POINT('',(0.0165,0.011,-0.022));
#7141=CARTESIAN_POINT('',(0.0165,0.011,-0.022));
#7142=CARTESIAN_POINT('',(0.0175,0.011,-0.022));
#7143=CARTESIAN_POINT('',(0.0131,0.011,-0.022));
#7144=CARTESIAN_POINT('',(-0.001675,0.011,-0.007225));
#7145=CARTESIAN_POINT('',(0.0121,0.011,-0.021));
#7146=CARTESIAN_POINT('',(0.0121,0.011,-0.02305));
#7147=CARTESIAN_POINT('',(0.0121,0.011,-0.013));
#7148=CARTESIAN_POINT('',(0.0175,0.011,-0.013));
#7149=CARTESIAN_POINT('',(-0.0041,-0.0055,-0.0285));
#7150=CARTESIAN_POINT('',(-0.0041,0.0171,-0.0335));
#7151=CARTESIAN_POINT('',(-0.0041,0.0171,-0.032));
#7152=CARTESIAN_POINT('',(-0.0041,-0.0055,-0.032));
#7153=CARTESIAN_POINT('',(-0.0041,0.01325,-0.032));
#7154=CARTESIAN_POINT('',(-0.0041,0.01325,-0.0335));
#7155=CARTESIAN_POINT('',(-0.0041,-0.0055,-0.024));
#7156=CARTESIAN_POINT('',(-0.0041,0.0185,-0.024));
#7157=CARTESIAN_POINT('',(-0.0041,0.0185,-0.034));
#7158=CARTESIAN_POINT('',(-0.0053,-0.0055,-0.024));
#7159=CARTESIAN_POINT('',(-0.0165,-0.0055,-0.024));
#7160=CARTESIAN_POINT('',(-0.0165,0.0171,-0.024));
#7161=CARTESIAN_POINT('',(-0.0165,0.0185,-0.024));
#7162=CARTESIAN_POINT('',(-0.0041,0.0185,-0.024));
#7163=CARTESIAN_POINT('',(-0.0165,-0.0055,-0.024));
#7164=CARTESIAN_POINT('',(-0.0165,0.01325,-0.024));
#7165=CARTESIAN_POINT('',(-0.012,0.01325,-0.024));
#7166=CARTESIAN_POINT('',(-0.012,0.0171,-0.024));
#7167=CARTESIAN_POINT('',(-2.09414602654198E-18,0.0171,-0.0139));
#7168=CARTESIAN_POINT('',(-0.0140928932188135,0.0171,-0.0279928932188135));
#7169=CARTESIAN_POINT('',(-0.0165,0.0171,-0.0255857864376269));
#7170=CARTESIAN_POINT('',(-0.0165,0.0171,-0.0139));
#7171=CARTESIAN_POINT('',(-0.0051,0.0171,-0.033));
#7172=CARTESIAN_POINT('',(-1.62265700887024E-18,0.01325,-0.0139));
#7173=CARTESIAN_POINT('',(-0.0165,0.01325,-0.026));
#7174=CARTESIAN_POINT('',(-0.0165,0.01325,-0.0255857864376269));
#7175=CARTESIAN_POINT('',(-0.00879289321881345,0.01325,-0.0332928932188135));
#7176=CARTESIAN_POINT('',(0.007,0.01325,-0.0209));
#7177=CARTESIAN_POINT('',(0.0065,0.0055,-0.0285));
#7178=CARTESIAN_POINT('',(0.0065,0.0055,-0.033));
#7179=CARTESIAN_POINT('',(0.0065,-0.01325,-0.033));
#7180=CARTESIAN_POINT('',(0.0065,-0.0171,-0.033));
#7181=CARTESIAN_POINT('',(0.0065,-0.0171,-0.0285));
#7182=CARTESIAN_POINT('',(0.0065,-0.0171,-0.024));
#7183=CARTESIAN_POINT('',(0.0065,0.0055,-0.024));
#7184=CARTESIAN_POINT('',(0.0065,-0.01325,-0.024));
#7185=CARTESIAN_POINT('',(0.0065,-0.01325,-0.0285));
#7186=CARTESIAN_POINT('',(0.0053,0.0055,-0.033));
#7187=CARTESIAN_POINT('',(0.0053,-0.01325,-0.033));
#7188=CARTESIAN_POINT('',(0.0051,-0.01325,-0.033));
#7189=CARTESIAN_POINT('',(0.0051,0.0055,-0.033));
#7190=CARTESIAN_POINT('',(0.0051,-0.0171,-0.033));
#7191=CARTESIAN_POINT('',(0.0053,-0.0171,-0.033));
#7192=CARTESIAN_POINT('',(0.,0.,0.0032));
#7193=CARTESIAN_POINT('',(0.0075,-0.01,0.0032));
#7194=CARTESIAN_POINT('',(0.0105,-0.01,0.0032));
#7195=CARTESIAN_POINT('',(0.0075,-0.01,0.0062));
#7196=CARTESIAN_POINT('',(0.0075,-0.01,0.0052));
#7197=CARTESIAN_POINT('',(0.0105,-0.01,0.0052));
#7198=CARTESIAN_POINT('',(0.0041,0.0055,-0.0285));
#7199=CARTESIAN_POINT('',(0.0041,-0.0171,-0.0335));
#7200=CARTESIAN_POINT('',(0.0041,-0.0171,-0.032));
#7201=CARTESIAN_POINT('',(0.0041,0.0055,-0.032));
#7202=CARTESIAN_POINT('',(0.0041,-0.01325,-0.032));
#7203=CARTESIAN_POINT('',(0.0041,-0.01325,-0.0335));
#7204=CARTESIAN_POINT('',(0.0041,0.0055,-0.024));
#7205=CARTESIAN_POINT('',(0.0041,-0.0185,-0.024));
#7206=CARTESIAN_POINT('',(0.0041,-0.0185,-0.034));
#7207=CARTESIAN_POINT('',(0.0053,0.0055,-0.024));
#7208=CARTESIAN_POINT('',(0.0165,0.0055,-0.024));
#7209=CARTESIAN_POINT('',(0.0165,-0.0171,-0.024));
#7210=CARTESIAN_POINT('',(0.0165,-0.0185,-0.024));
#7211=CARTESIAN_POINT('',(0.0041,-0.0185,-0.024));
#7212=CARTESIAN_POINT('',(0.0165,0.0055,-0.024));
#7213=CARTESIAN_POINT('',(0.0165,-0.01325,-0.024));
#7214=CARTESIAN_POINT('',(0.012,-0.01325,-0.024));
#7215=CARTESIAN_POINT('',(0.012,-0.0171,-0.024));
#7216=CARTESIAN_POINT('',(2.09414602654198E-18,-0.0171,-0.0139));
#7217=CARTESIAN_POINT('',(0.0148,-0.0171,-0.0287));
#7218=CARTESIAN_POINT('',(0.0165,-0.0171,-0.027));
#7219=CARTESIAN_POINT('',(0.0165,-0.0171,-0.0139));
#7220=CARTESIAN_POINT('',(0.0051,-0.0171,-0.033));
#7221=CARTESIAN_POINT('',(1.62265700887024E-18,-0.01325,-0.0139));
#7222=CARTESIAN_POINT('',(0.0165,-0.01325,-0.026));
#7223=CARTESIAN_POINT('',(0.0165,-0.01325,-0.027));
#7224=CARTESIAN_POINT('',(0.0095,-0.01325,-0.034));
#7225=CARTESIAN_POINT('',(-0.007,-0.01325,-0.0209));
#7226=CARTESIAN_POINT('',(0.0145,-0.0055,-0.0175));
#7227=CARTESIAN_POINT('',(0.0145,0.01325,-0.0175));
#7228=CARTESIAN_POINT('',(0.0145,0.01325,-0.013));
#7229=CARTESIAN_POINT('',(0.0145,0.01325,-0.022));
#7230=CARTESIAN_POINT('',(0.0145,-0.0055,-0.013));
#7231=CARTESIAN_POINT('',(0.0145,0.0171,-0.013));
#7232=CARTESIAN_POINT('',(0.0145,0.0171,-0.0175));
#7233=CARTESIAN_POINT('',(0.0145,0.0171,-0.022));
#7234=CARTESIAN_POINT('',(0.0145,-0.0055,-0.022));
#7235=CARTESIAN_POINT('',(0.,0.,0.0032));
#7236=CARTESIAN_POINT('',(0.0075,0.01,0.0032));
#7237=CARTESIAN_POINT('',(0.0105,0.01,0.0032));
#7238=CARTESIAN_POINT('',(0.0075,0.01,0.0062));
#7239=CARTESIAN_POINT('',(0.0075,0.01,0.0052));
#7240=CARTESIAN_POINT('',(0.0105,0.01,0.0052));
#7241=CARTESIAN_POINT('',(0.0133,-0.0055,-0.022));
#7242=CARTESIAN_POINT('',(0.016,0.0171,-0.022));
#7243=CARTESIAN_POINT('',(0.0165,0.0171,-0.022));
#7244=CARTESIAN_POINT('',(0.0165,0.0195,-0.022));
#7245=CARTESIAN_POINT('',(0.0165,0.0185,-0.022));
#7246=CARTESIAN_POINT('',(0.0133,0.0185,-0.022));
#7247=CARTESIAN_POINT('',(0.0131,0.0185,-0.022));
#7248=CARTESIAN_POINT('',(0.0131,-0.0055,-0.022));
#7249=CARTESIAN_POINT('',(0.0165,0.01325,-0.022));
#7250=CARTESIAN_POINT('',(0.0165,0.01325,-0.022));
#7251=CARTESIAN_POINT('',(0.016,0.01325,-0.022));
#7252=CARTESIAN_POINT('',(0.0121,-0.0055,-0.0175));
#7253=CARTESIAN_POINT('',(0.0121,-0.0055,-0.021));
#7254=CARTESIAN_POINT('',(0.0121,-0.0055,-0.013));
#7255=CARTESIAN_POINT('',(0.0133,-0.0055,-0.013));
#7256=CARTESIAN_POINT('',(0.0165,-0.0055,-0.013));
#7257=CARTESIAN_POINT('',(0.0165,0.0171,-0.013));
#7258=CARTESIAN_POINT('',(0.016,0.0171,-0.013));
#7259=CARTESIAN_POINT('',(0.016,0.01325,-0.013));
#7260=CARTESIAN_POINT('',(0.0165,0.01325,-0.013));
#7261=CARTESIAN_POINT('',(0.0165,-0.0055,-0.013));
#7262=CARTESIAN_POINT('',(-2.09414602654198E-18,0.0171,-0.0139));
#7263=CARTESIAN_POINT('',(0.0165,0.0171,-0.0139));
#7264=CARTESIAN_POINT('',(-1.62265700887024E-18,0.01325,-0.0139));
#7265=CARTESIAN_POINT('',(0.0165,0.01325,-0.013));
#7266=CARTESIAN_POINT('',(0.00885,-0.0085,-0.0009));
#7267=CARTESIAN_POINT('',(-0.01215,-0.0085,-0.0009));
#7268=CARTESIAN_POINT('',(-0.01285,-0.0145,-0.0099));
#7269=CARTESIAN_POINT('',(-0.0105,-0.0145,-0.0099));
#7270=CARTESIAN_POINT('',(-0.0105,-0.0145,-0.01225));
#7271=CARTESIAN_POINT('',(-0.0105,-0.0195,-0.0099));
#7272=CARTESIAN_POINT('',(-0.0105,-0.0216,-0.0099));
#7273=CARTESIAN_POINT('',(-0.0112328182626337,-0.0193671817373663,-0.0121328182626337));
#7274=CARTESIAN_POINT('',(-0.0105,-0.0201,-0.0099));
#7275=CARTESIAN_POINT('',(0.00465,-0.0145,-0.0174));
#7276=CARTESIAN_POINT('',(0.007,-0.0145,-0.0174));
#7277=CARTESIAN_POINT('',(0.007,-0.0145,-0.01975));
#7278=CARTESIAN_POINT('',(0.007,-0.0195,-0.0174));
#7279=CARTESIAN_POINT('',(-0.00935,-0.0145,-0.0174));
#7280=CARTESIAN_POINT('',(-0.007,-0.0145,-0.0174));
#7281=CARTESIAN_POINT('',(-0.007,-0.0145,-0.01975));
#7282=CARTESIAN_POINT('',(-0.007,-0.0195,-0.0174));
#7283=CARTESIAN_POINT('',(0.00815,-0.0145,-0.0099));
#7284=CARTESIAN_POINT('',(0.0105,-0.0145,-0.0099));
#7285=CARTESIAN_POINT('',(0.0105,-0.0145,-0.01225));
#7286=CARTESIAN_POINT('',(0.0105,-0.0195,-0.0099));
#7287=CARTESIAN_POINT('',(-0.01285,-0.0145,-0.0009));
#7288=CARTESIAN_POINT('',(-0.0105,-0.0145,-0.0009));
#7289=CARTESIAN_POINT('',(-0.0105,-0.0145,-0.00325));
#7290=CARTESIAN_POINT('',(-0.0105,-0.0195,-0.0009));
#7291=CARTESIAN_POINT('',(0.00815,-0.0145,-0.0009));
#7292=CARTESIAN_POINT('',(0.0105,-0.0145,-0.0009));
#7293=CARTESIAN_POINT('',(0.0105,-0.0145,-0.00325));
#7294=CARTESIAN_POINT('',(0.0105,-0.0195,-0.0009));
#7295=CARTESIAN_POINT('',(0.0175,5.61257885046148E-18,-0.026));
#7296=CARTESIAN_POINT('',(0.0167928932188134,5.34425958063842E-18,-0.0267071067811866));
#7297=CARTESIAN_POINT('',(0.0167928932188134,0.0185,-0.0267071067811866));
#7298=CARTESIAN_POINT('',(0.0167928932188134,0.012,-0.0267071067811866));
#7299=CARTESIAN_POINT('',(0.0095,0.012,-0.034));
#7300=CARTESIAN_POINT('',(0.00979289321881346,0.012,-0.0337071067811866));
#7301=CARTESIAN_POINT('',(0.00979289321881345,0.0195,-0.0337071067811866));
#7302=CARTESIAN_POINT('',(0.00979289321881345,0.0185,-0.0337071067811866));
#7303=CARTESIAN_POINT('',(0.0175,0.0185,-0.026));
#7304=CARTESIAN_POINT('',(-0.0175,1.32631505344575E-18,-0.026));
#7305=CARTESIAN_POINT('',(-0.0167928932188134,1.23118699486978E-18,-0.0267071067811866));
#7306=CARTESIAN_POINT('',(-0.0167928932188134,-0.0185,-0.0267071067811866));
#7307=CARTESIAN_POINT('',(-0.0167928932188134,-0.012,-0.0267071067811866));
#7308=CARTESIAN_POINT('',(-0.0095,-0.012,-0.034));
#7309=CARTESIAN_POINT('',(-0.00979289321881346,-0.012,-0.0337071067811866));
#7310=CARTESIAN_POINT('',(-0.00979289321881346,-0.0195,-0.0337071067811866));
#7311=CARTESIAN_POINT('',(-0.00979289321881346,-0.0185,-0.0337071067811866));
#7312=CARTESIAN_POINT('',(-0.0175,-0.0185,-0.026));
#7313=CARTESIAN_POINT('',(0.0095,-0.0165,-0.034));
#7314=CARTESIAN_POINT('',(0.0172071067811865,-0.0165,-0.0262928932188135));
#7315=CARTESIAN_POINT('',(0.0172071067811865,-0.0139571067811865,-0.0262928932188135));
#7316=CARTESIAN_POINT('',(0.0172071067811865,-0.0163928932188134,-0.0262928932188135));
#7317=CARTESIAN_POINT('',(0.0120333333333333,-0.0215666666666667,-0.0314666666666667));
#7318=CARTESIAN_POINT('',(0.0129166666666667,-0.00966666666666666,-0.0305833333333334));
#7319=CARTESIAN_POINT('',(-0.0095,0.0165,-0.034));
#7320=CARTESIAN_POINT('',(-0.0175,0.01425,-0.026));
#7321=CARTESIAN_POINT('',(-0.00979289321881346,0.01425,-0.0337071067811866));
#7322=CARTESIAN_POINT('',(-0.0167928932188134,0.01425,-0.0267071067811866));
#7323=CARTESIAN_POINT('',(-0.0167928932188134,0.0165,-0.0267071067811866));
#7324=CARTESIAN_POINT('',(-0.0167928932188134,0.0161,-0.0267071067811866));
#7325=CARTESIAN_POINT('',(-0.0095,0.0161,-0.034));
#7326=CARTESIAN_POINT('',(-0.00979289321881346,0.0161,-0.0337071067811866));
#7327=CARTESIAN_POINT('',(-0.00979289321881346,0.01325,-0.0337071067811866));
#7328=CARTESIAN_POINT('',(-4.92385964305256E-19,0.0165,0.0032));
#7329=CARTESIAN_POINT('',(-0.003,0.0165,0.0032));
#7330=CARTESIAN_POINT('',(-0.003,0.0165,0.0032));
#7331=CARTESIAN_POINT('',(-0.003,0.0165,0.0052));
#7332=CARTESIAN_POINT('',(-4.92385964305256E-19,0.0165,0.0052));
#7333=CARTESIAN_POINT('',(0.003,0.0165,0.0052));
#7334=CARTESIAN_POINT('',(0.003,0.0165,0.0032));
#7335=CARTESIAN_POINT('',(0.003,0.0165,0.0032));
#7336=CARTESIAN_POINT('',(-4.92385964305256E-19,0.0165,0.0032));
#7337=CARTESIAN_POINT('',(0.003,0.018,0.0032));
#7338=CARTESIAN_POINT('',(0.003,0.018,0.0052));
#7339=CARTESIAN_POINT('',(0.003,0.0185,0.0052));
#7340=CARTESIAN_POINT('',(0.003,0.0185,0.0032));
#7341=CARTESIAN_POINT('',(0.003,0.0185,0.0032));
#7342=CARTESIAN_POINT('',(0.003,0.018,0.0032));
#7343=CARTESIAN_POINT('',(-0.003,0.018,0.0032));
#7344=CARTESIAN_POINT('',(-0.003,0.018,0.0032));
#7345=CARTESIAN_POINT('',(-0.003,0.0185,0.0032));
#7346=CARTESIAN_POINT('',(-0.003,0.0185,0.0032));
#7347=CARTESIAN_POINT('',(-0.003,0.0185,0.0052));
#7348=CARTESIAN_POINT('',(-0.003,0.0165,0.0052));
#7349=CARTESIAN_POINT('',(0.,0.,0.0032));
#7350=CARTESIAN_POINT('',(0.,0.0165,0.0032));
#7351=CARTESIAN_POINT('',(0.0016,0.0165,0.0032));
#7352=CARTESIAN_POINT('',(-0.003,0.0185,0.0032));
#7353=CARTESIAN_POINT('',(0.003,-0.018,0.0032));
#7354=CARTESIAN_POINT('',(0.003,-0.018,0.0032));
#7355=CARTESIAN_POINT('',(0.003,-0.0185,0.0032));
#7356=CARTESIAN_POINT('',(0.003,-0.0165,0.0032));
#7357=CARTESIAN_POINT('',(0.003,-0.0185,0.0032));
#7358=CARTESIAN_POINT('',(0.003,-0.0185,0.0052));
#7359=CARTESIAN_POINT('',(0.003,-0.0165,0.0052));
#7360=CARTESIAN_POINT('',(0.003,-0.0165,0.0052));
#7361=CARTESIAN_POINT('',(0.003,-0.0165,0.0032));
#7362=CARTESIAN_POINT('',(9.18485099360519E-20,-0.0165,0.0032));
#7363=CARTESIAN_POINT('',(9.18485099360519E-20,-0.0165,0.0052));
#7364=CARTESIAN_POINT('',(-0.003,-0.0165,0.0052));
#7365=CARTESIAN_POINT('',(-0.003,-0.0165,0.0032));
#7366=CARTESIAN_POINT('',(-0.003,-0.0165,0.0032));
#7367=CARTESIAN_POINT('',(9.18485099360519E-20,-0.0165,0.0032));
#7368=CARTESIAN_POINT('',(-0.003,-0.018,0.0032));
#7369=CARTESIAN_POINT('',(-0.003,-0.018,0.0052));
#7370=CARTESIAN_POINT('',(-0.003,-0.0185,0.0052));
#7371=CARTESIAN_POINT('',(-0.003,-0.0185,0.0032));
#7372=CARTESIAN_POINT('',(-0.003,-0.0185,0.0032));
#7373=CARTESIAN_POINT('',(-0.003,-0.018,0.0032));
#7374=CARTESIAN_POINT('',(0.,0.,0.0032));
#7375=CARTESIAN_POINT('',(0.003,-0.0185,0.0032));
#7376=CARTESIAN_POINT('',(0.,-0.0165,0.0032));
#7377=CARTESIAN_POINT('',(0.0016,-0.0165,0.0032));
#7378=CARTESIAN_POINT('',(-0.016,0.0135,0.0032));
#7379=CARTESIAN_POINT('',(-0.016,0.0135,0.0032));
#7380=CARTESIAN_POINT('',(-0.0165,0.0135,0.0032));
#7381=CARTESIAN_POINT('',(-0.0145,0.0135,0.0032));
#7382=CARTESIAN_POINT('',(-0.0165,0.0135,0.0062));
#7383=CARTESIAN_POINT('',(-0.0165,0.0135,0.0052));
#7384=CARTESIAN_POINT('',(-0.0145,0.0135,0.0052));
#7385=CARTESIAN_POINT('',(-0.0145,0.0135,0.0052));
#7386=CARTESIAN_POINT('',(-0.0145,0.0135,0.0032));
#7387=CARTESIAN_POINT('',(-0.0145,0.0165,0.0032));
#7388=CARTESIAN_POINT('',(-0.0145,0.0165,0.0052));
#7389=CARTESIAN_POINT('',(-0.0115,0.0165,0.0052));
#7390=CARTESIAN_POINT('',(-0.0115,0.0165,0.0032));
#7391=CARTESIAN_POINT('',(-0.0115,0.0165,0.0032));
#7392=CARTESIAN_POINT('',(-0.0145,0.0165,0.0032));
#7393=CARTESIAN_POINT('',(-0.0115,0.018,0.0032));
#7394=CARTESIAN_POINT('',(-0.0115,0.018,0.0052));
#7395=CARTESIAN_POINT('',(-0.0115,0.0185,0.0052));
#7396=CARTESIAN_POINT('',(-0.0115,0.0185,0.0032));
#7397=CARTESIAN_POINT('',(-0.0115,0.0185,0.0032));
#7398=CARTESIAN_POINT('',(-0.0115,0.018,0.0032));
#7399=CARTESIAN_POINT('',(0.,0.,0.0032));
#7400=CARTESIAN_POINT('',(-0.0175,0.0185,0.0032));
#7401=CARTESIAN_POINT('',(-0.0165,0.0185,0.0032));
#7402=CARTESIAN_POINT('',(-0.0165,2.21976794490573E-18,0.0032));
#7403=CARTESIAN_POINT('',(-0.0145,0.0165,0.0032));
#7404=CARTESIAN_POINT('',(-0.0129,0.0165,0.0032));
#7405=CARTESIAN_POINT('',(-0.0115,-0.018,0.0032));
#7406=CARTESIAN_POINT('',(-0.0115,-0.018,0.0032));
#7407=CARTESIAN_POINT('',(-0.0115,-0.0185,0.0032));
#7408=CARTESIAN_POINT('',(-0.0115,-0.0165,0.0032));
#7409=CARTESIAN_POINT('',(-0.0115,-0.0185,0.0032));
#7410=CARTESIAN_POINT('',(-0.0115,-0.0185,0.0052));
#7411=CARTESIAN_POINT('',(-0.0115,-0.0165,0.0052));
#7412=CARTESIAN_POINT('',(-0.0115,-0.0165,0.0052));
#7413=CARTESIAN_POINT('',(-0.0115,-0.0165,0.0032));
#7414=CARTESIAN_POINT('',(-0.0145,-0.0165,0.0032));
#7415=CARTESIAN_POINT('',(-0.0145,-0.0165,0.0052));
#7416=CARTESIAN_POINT('',(-0.0145,-0.0135,0.0052));
#7417=CARTESIAN_POINT('',(-0.0145,-0.0135,0.0032));
#7418=CARTESIAN_POINT('',(-0.0145,-0.0135,0.0032));
#7419=CARTESIAN_POINT('',(-0.0145,-0.0165,0.0032));
#7420=CARTESIAN_POINT('',(-0.016,-0.0135,0.0032));
#7421=CARTESIAN_POINT('',(-0.016,-0.0135,0.0052));
#7422=CARTESIAN_POINT('',(-0.0165,-0.0135,0.0052));
#7423=CARTESIAN_POINT('',(-0.0165,-0.0135,0.0032));
#7424=CARTESIAN_POINT('',(-0.0165,-0.0135,0.0032));
#7425=CARTESIAN_POINT('',(-0.016,-0.0135,0.0032));
#7426=CARTESIAN_POINT('',(0.,0.,0.0032));
#7427=CARTESIAN_POINT('',(-0.0165,2.21976794490573E-18,0.0032));
#7428=CARTESIAN_POINT('',(-0.0165,-0.0185,0.0032));
#7429=CARTESIAN_POINT('',(-0.0115,-0.0185,0.0032));
#7430=CARTESIAN_POINT('',(-0.0145,-0.0165,0.0032));
#7431=CARTESIAN_POINT('',(-0.0129,-0.0165,0.0032));
#7432=CARTESIAN_POINT('',(0.016,-0.0135,0.0032));
#7433=CARTESIAN_POINT('',(0.016,-0.0135,0.0032));
#7434=CARTESIAN_POINT('',(0.0165,-0.0135,0.0032));
#7435=CARTESIAN_POINT('',(0.0145,-0.0135,0.0032));
#7436=CARTESIAN_POINT('',(0.0165,-0.0135,0.0062));
#7437=CARTESIAN_POINT('',(0.0165,-0.0135,0.0052));
#7438=CARTESIAN_POINT('',(0.0145,-0.0135,0.0052));
#7439=CARTESIAN_POINT('',(0.0145,-0.0135,0.0052));
#7440=CARTESIAN_POINT('',(0.0145,-0.0135,0.0032));
#7441=CARTESIAN_POINT('',(0.0145,-0.0165,0.0032));
#7442=CARTESIAN_POINT('',(0.0145,-0.0165,0.0052));
#7443=CARTESIAN_POINT('',(0.0115,-0.0165,0.0052));
#7444=CARTESIAN_POINT('',(0.0115,-0.0165,0.0032));
#7445=CARTESIAN_POINT('',(0.0115,-0.0165,0.0032));
#7446=CARTESIAN_POINT('',(0.0145,-0.0165,0.0032));
#7447=CARTESIAN_POINT('',(0.0115,-0.018,0.0032));
#7448=CARTESIAN_POINT('',(0.0115,-0.018,0.0052));
#7449=CARTESIAN_POINT('',(0.0115,-0.0185,0.0052));
#7450=CARTESIAN_POINT('',(0.0115,-0.0185,0.0032));
#7451=CARTESIAN_POINT('',(0.0115,-0.0185,0.0032));
#7452=CARTESIAN_POINT('',(0.0115,-0.018,0.0032));
#7453=CARTESIAN_POINT('',(0.,0.,0.0032));
#7454=CARTESIAN_POINT('',(0.0175,-0.0185,0.0032));
#7455=CARTESIAN_POINT('',(0.0165,-0.0185,0.0032));
#7456=CARTESIAN_POINT('',(0.0165,6.26110238209199E-18,0.0032));
#7457=CARTESIAN_POINT('',(0.0145,-0.0165,0.0032));
#7458=CARTESIAN_POINT('',(0.0161,-0.0165,0.0032));
#7459=CARTESIAN_POINT('',(0.0145,0.0165,0.0032));
#7460=CARTESIAN_POINT('',(0.0115,0.0165,0.0032));
#7461=CARTESIAN_POINT('',(0.0115,0.0165,0.0032));
#7462=CARTESIAN_POINT('',(0.0115,0.0165,0.0052));
#7463=CARTESIAN_POINT('',(0.0145,0.0165,0.0052));
#7464=CARTESIAN_POINT('',(0.0145,0.0135,0.0052));
#7465=CARTESIAN_POINT('',(0.0145,0.0135,0.0032));
#7466=CARTESIAN_POINT('',(0.0145,0.0135,0.0032));
#7467=CARTESIAN_POINT('',(0.0145,0.0165,0.0032));
#7468=CARTESIAN_POINT('',(0.016,0.0135,0.0032));
#7469=CARTESIAN_POINT('',(0.016,0.0135,0.0052));
#7470=CARTESIAN_POINT('',(0.0165,0.0135,0.0052));
#7471=CARTESIAN_POINT('',(0.0165,0.0135,0.0032));
#7472=CARTESIAN_POINT('',(0.0165,0.0135,0.0032));
#7473=CARTESIAN_POINT('',(0.016,0.0135,0.0032));
#7474=CARTESIAN_POINT('',(0.0115,0.018,0.0032));
#7475=CARTESIAN_POINT('',(0.0115,0.018,0.0032));
#7476=CARTESIAN_POINT('',(0.0115,0.0185,0.0032));
#7477=CARTESIAN_POINT('',(0.0115,0.0185,0.0032));
#7478=CARTESIAN_POINT('',(0.0115,0.0185,0.0052));
#7479=CARTESIAN_POINT('',(0.0115,0.0165,0.0052));
#7480=CARTESIAN_POINT('',(0.,0.,0.0032));
#7481=CARTESIAN_POINT('',(0.0145,0.0165,0.0032));
#7482=CARTESIAN_POINT('',(0.0161,0.0165,0.0032));
#7483=CARTESIAN_POINT('',(0.0165,6.26110238209199E-18,0.0032));
#7484=CARTESIAN_POINT('',(0.0165,0.0185,0.0032));
#7485=CARTESIAN_POINT('',(0.0115,0.0185,0.0032));
#7486=CARTESIAN_POINT('',(0.0145,0.0165,-0.0088));
#7487=CARTESIAN_POINT('',(0.0145,0.0165,-0.0088));
#7488=CARTESIAN_POINT('',(0.0161,0.0165,-0.0088));
#7489=CARTESIAN_POINT('',(0.,0.,-0.0088));
#7490=CARTESIAN_POINT('',(-0.0145,-0.0165,-0.0088));
#7491=CARTESIAN_POINT('',(-0.0145,-0.0165,-0.0088));
#7492=CARTESIAN_POINT('',(-0.0129,-0.0165,-0.0088));
#7493=CARTESIAN_POINT('',(0.,0.,-0.0088));
#7494=CARTESIAN_POINT('',(0.,-0.0165,-0.0288));
#7495=CARTESIAN_POINT('',(0.,-0.0165,-0.0288));
#7496=CARTESIAN_POINT('',(0.0016,-0.0165,-0.0288));
#7497=CARTESIAN_POINT('',(0.,0.,-0.0288));
#7498=CARTESIAN_POINT('',(0.,0.0165,-0.0288));
#7499=CARTESIAN_POINT('',(0.,0.0165,-0.0288));
#7500=CARTESIAN_POINT('',(0.0016,0.0165,-0.0288));
#7501=CARTESIAN_POINT('',(0.,0.,-0.0288));
#7502=CARTESIAN_POINT('',(0.00125,0.01525,-0.029));
#7503=CARTESIAN_POINT('',(-0.0011,0.01525,-0.029));
#7504=CARTESIAN_POINT('',(0.00125,0.01525,-0.029));
#7505=CARTESIAN_POINT('',(-0.0011,0.01525,-0.034));
#7506=CARTESIAN_POINT('',(0.00885,0.01525,-0.029));
#7507=CARTESIAN_POINT('',(0.0065,0.01525,-0.029));
#7508=CARTESIAN_POINT('',(0.00885,0.01525,-0.029));
#7509=CARTESIAN_POINT('',(0.0065,0.01525,-0.034));
#7510=CARTESIAN_POINT('',(0.00345,-0.01525,-0.029));
#7511=CARTESIAN_POINT('',(0.0011,-0.01525,-0.029));
#7512=CARTESIAN_POINT('',(0.00345,-0.01525,-0.029));
#7513=CARTESIAN_POINT('',(0.0011,-0.01525,-0.034));
#7514=CARTESIAN_POINT('',(-0.00415,-0.01525,-0.029));
#7515=CARTESIAN_POINT('',(-0.0065,-0.01525,-0.029));
#7516=CARTESIAN_POINT('',(-0.00415,-0.01525,-0.029));
#7517=CARTESIAN_POINT('',(-0.0065,-0.01525,-0.034));
#7518=CARTESIAN_POINT('',(0.0145,-0.0165,-0.0238));
#7519=CARTESIAN_POINT('',(0.0145,-0.0165,-0.0238));
#7520=CARTESIAN_POINT('',(0.0161,-0.0165,-0.0238));
#7521=CARTESIAN_POINT('',(0.,0.,-0.0238));
#7522=CARTESIAN_POINT('',(-0.0145,0.0165,-0.0238));
#7523=CARTESIAN_POINT('',(-0.0145,0.0165,-0.0238));
#7524=CARTESIAN_POINT('',(-0.0129,0.0165,-0.0238));
#7525=CARTESIAN_POINT('',(0.,0.,-0.0238));
#7526=CARTESIAN_POINT('',(-0.0175,1.32631505344575E-18,-0.023));
#7527=CARTESIAN_POINT('',(-0.01275,-0.0095,-0.01825));
#7528=CARTESIAN_POINT('',(-0.0135,-0.008,-0.019));
#7529=CARTESIAN_POINT('',(-0.0182678932188135,-0.011,-0.0238178932188134));
#7530=CARTESIAN_POINT('',(-0.0105638697904486,-0.0123193489522432,-0.0333877578289433));
#7531=CARTESIAN_POINT('',(-0.0165,-0.011,-0.0255857864376269));
#7532=CARTESIAN_POINT('',(-0.0175,-0.012,0.0032));
#7533=CARTESIAN_POINT('',(-0.0165,-0.011,-0.0255857864376269));
#7534=CARTESIAN_POINT('',(-0.0165,-0.01325,-0.0139));
#7535=CARTESIAN_POINT('',(-0.0162,-0.01295,-0.0133));
#7536=CARTESIAN_POINT('',(-0.00908578643762691,-0.0165,-0.034));
#7537=CARTESIAN_POINT('',(-0.0326108749105333,-0.00904848251730874,-0.0242555892984951));
#7538=CARTESIAN_POINT('',(-0.0165,-0.011,-0.0255857864376269));
#7539=CARTESIAN_POINT('',(-0.0171464466094067,-0.012,-0.0258535533905933));
#7540=CARTESIAN_POINT('',(-0.0165,0.0055,-0.013));
#7541=CARTESIAN_POINT('',(-0.0180856763009262,-0.0139281612312297,-0.0114143236990738));
#7542=CARTESIAN_POINT('',(-0.0313428932188135,-0.0195,-0.0107428932188135));
#7543=CARTESIAN_POINT('',(-0.0165,-0.0195,-0.025585786437627));
#7544=CARTESIAN_POINT('',(-0.0175,1.32631505344575E-18,-0.025));
#7545=CARTESIAN_POINT('',(-0.0171464466094067,-0.0185,-0.0258535533905933));
#7546=CARTESIAN_POINT('',(-0.0175,-0.0138571067811866,-0.0106571067811865));
#7547=CARTESIAN_POINT('',(-0.0173265781762543,-0.0143265781762543,-0.00994237989096615));
#7548=CARTESIAN_POINT('',(-0.0165,-0.0195,-0.025585786437627));
#7549=CARTESIAN_POINT('',(-0.0165,-0.0195,-0.025585786437627));
#7550=CARTESIAN_POINT('',(-0.0165,-0.0135,0.0031));
#7551=CARTESIAN_POINT('',(-0.0175333333333334,-0.0145333333333333,0.00103333333333333));
#7552=CARTESIAN_POINT('',(-0.0175,-0.0185,0.0032));
#7553=CARTESIAN_POINT('',(-0.0175,-0.0185,-0.023));
#7554=CARTESIAN_POINT('',(-0.0165,2.21976794490573E-18,0.));
#7555=CARTESIAN_POINT('',(-0.012,0.009,-0.0045));
#7556=CARTESIAN_POINT('',(-0.0133,-0.0185,-0.022));
#7557=CARTESIAN_POINT('',(-0.0131,-0.0185,-0.022));
#7558=CARTESIAN_POINT('',(-0.0165,-0.019,-0.0225));
#7559=CARTESIAN_POINT('',(-0.0121,0.0055,-0.021));
#7560=CARTESIAN_POINT('',(-0.0121,-0.0185,-0.021));
#7561=CARTESIAN_POINT('',(-0.0175,-0.0185,-0.023));
#7562=CARTESIAN_POINT('',(-0.0175,-0.0185,-0.023));
#7563=CARTESIAN_POINT('',(-0.0175,0.0145,0.0032));
#7564=CARTESIAN_POINT('',(-0.0149794737326097,0.0119794737326097,-0.00897017739810241));
#7565=CARTESIAN_POINT('',(-0.0121,-0.0185,-0.021));
#7566=CARTESIAN_POINT('',(-0.0111,-0.0195,-0.021));
#7567=CARTESIAN_POINT('',(-0.0165,0.0055,-0.022));
#7568=CARTESIAN_POINT('',(-0.00876666666666666,-0.0248333333333333,-0.0142666666666667));
#7569=CARTESIAN_POINT('',(-0.0165,0.01225,-0.01085));
#7570=CARTESIAN_POINT('',(-0.0185886420896445,0.0130886420896445,-0.0129651438804741));
#7571=CARTESIAN_POINT('',(0.0175,5.61257885046148E-18,0.001));
#7572=CARTESIAN_POINT('',(0.0182333333333334,-0.0152333333333333,0.00173333333333333));
#7573=CARTESIAN_POINT('',(0.0126666666666667,0.00966666666666672,-0.00383333333333331));
#7574=CARTESIAN_POINT('',(-0.0111,-0.0195,0.0031));
#7575=CARTESIAN_POINT('',(-0.0132333333333333,-0.0173666666666666,-0.0141333333333333));
#7576=CARTESIAN_POINT('',(-0.0175,-0.0161,0.0032));
#7577=CARTESIAN_POINT('',(-0.0228666666666667,-0.0107333333333334,-0.00663333333333332));
#7578=CARTESIAN_POINT('',(-0.0165,0.011,-0.02305));
#7579=CARTESIAN_POINT('',(-0.0135,0.008,-0.027));
#7580=CARTESIAN_POINT('',(0.0165,0.0135,0.0031));
#7581=CARTESIAN_POINT('',(0.014077556663152,0.011077556663152,-0.00859659111579719));
#7582=CARTESIAN_POINT('',(0.0175,-0.0145,0.0032));
#7583=CARTESIAN_POINT('',(0.0161628098207627,-0.0131628098207627,-0.0094603312546609));
#7584=CARTESIAN_POINT('',(-0.0175,-0.0195,-0.012));
#7585=CARTESIAN_POINT('',(-0.0165,-0.0195,-0.012));
#7586=CARTESIAN_POINT('',(-0.0175,1.32631505344575E-18,-0.012));
#7587=CARTESIAN_POINT('',(-0.017,-0.0185,-0.0125));
#7588=CARTESIAN_POINT('',(-0.0175,1.32631505344575E-18,-0.023));
#7589=CARTESIAN_POINT('',(-0.01275,0.0095,-0.02775));
#7590=CARTESIAN_POINT('',(0.0175,0.0138571067811866,-0.0106571067811865));
#7591=CARTESIAN_POINT('',(0.0116891061929964,-0.00151452507600477,-0.0178108938070036));
#7592=CARTESIAN_POINT('',(0.0165,-0.01225,-0.01085));
#7593=CARTESIAN_POINT('',(0.0168371901792373,-0.0113371901792373,-0.0122396687453391));
#7594=CARTESIAN_POINT('',(-0.0115,-0.0185,0.0032));
#7595=CARTESIAN_POINT('',(-0.0115,-0.0185,0.0032));
#7596=CARTESIAN_POINT('',(-0.0105,-0.0195,0.0052));
#7597=CARTESIAN_POINT('',(-0.0165,-0.0195,-0.012));
#7598=CARTESIAN_POINT('',(-0.0165,-0.0195,-0.012));
#7599=CARTESIAN_POINT('',(-0.0175,0.01425,0.0032));
#7600=CARTESIAN_POINT('',(-0.0175,0.01425,-0.025));
#7601=CARTESIAN_POINT('',(-0.0140928932188135,0.01325,-0.0279928932188135));
#7602=CARTESIAN_POINT('',(-0.0165795048711652,0.0135214466094067,-0.0258901650429449));
#7603=CARTESIAN_POINT('',(-0.0144481521072066,0.0161782713679304,-0.0317788354132562));
#7604=CARTESIAN_POINT('',(0.0165,-0.0055,-0.013));
#7605=CARTESIAN_POINT('',(0.01025,0.007,-0.01925));
#7606=CARTESIAN_POINT('',(0.0165,-0.011,-0.02305));
#7607=CARTESIAN_POINT('',(0.0168166666666666,-0.0113166666666666,-0.0236833333333333));
#7608=CARTESIAN_POINT('',(2.2655965784226E-18,-0.0185,0.0062));
#7609=CARTESIAN_POINT('',(-0.0105,-0.0195,0.0052));
#7610=CARTESIAN_POINT('',(-0.004,-0.0185,0.0062));
#7611=CARTESIAN_POINT('',(-0.0105,-0.0195,0.0052));
#7612=CARTESIAN_POINT('',(-0.011,-0.0185,0.0057));
#7613=CARTESIAN_POINT('',(2.2655965784226E-18,-0.0185,0.0032));
#7614=CARTESIAN_POINT('',(-0.0165,-0.019,0.0027));
#7615=CARTESIAN_POINT('',(-0.0175,-0.0185,0.0032));
#7616=CARTESIAN_POINT('',(-0.0175,-0.0185,0.0022));
#7617=CARTESIAN_POINT('',(-0.0175,0.01425,-0.025));
#7618=CARTESIAN_POINT('',(-0.0175,0.01425,-0.025));
#7619=CARTESIAN_POINT('',(-0.00908578643762691,0.0165,-0.034));
#7620=CARTESIAN_POINT('',(-0.00905275571004368,0.0164065749941534,-0.03401368177534));
#7621=CARTESIAN_POINT('',(0.0165,0.01325,-0.0139));
#7622=CARTESIAN_POINT('',(0.0138,0.01055,-0.0193));
#7623=CARTESIAN_POINT('',(0.0175,5.61257885046148E-18,-0.023));
#7624=CARTESIAN_POINT('',(0.0262333333333334,-0.0229833333333333,-0.0142666666666667));
#7625=CARTESIAN_POINT('',(-0.004,-0.0185,0.0062));
#7626=CARTESIAN_POINT('',(-0.004,-0.0185,0.0062));
#7627=CARTESIAN_POINT('',(-0.0035,-0.019,0.0052));
#7628=CARTESIAN_POINT('',(-0.0115,-0.018,0.0052));
#7629=CARTESIAN_POINT('',(-0.0115,-0.0165,0.0052));
#7630=CARTESIAN_POINT('',(-0.0175,-0.0185,0.0022));
#7631=CARTESIAN_POINT('',(-0.0175,-0.0185,0.0022));
#7632=CARTESIAN_POINT('',(-0.0175,1.32631505344575E-18,-0.025));
#7633=CARTESIAN_POINT('',(-0.0167928932188134,0.0161,-0.0267071067811866));
#7634=CARTESIAN_POINT('',(-0.0140928932188135,0.0171,-0.0279928932188135));
#7635=CARTESIAN_POINT('',(-0.0167928932188134,0.0161,-0.0267071067811866));
#7636=CARTESIAN_POINT('',(0.0175,5.61257885046148E-18,-0.023));
#7637=CARTESIAN_POINT('',(0.00876666666666665,0.0032666666666667,-0.0142666666666666));
#7638=CARTESIAN_POINT('',(0.0175,-0.01425,0.0032));
#7639=CARTESIAN_POINT('',(0.0263772667758018,-0.0231272667758018,-0.00415416859068249));
#7640=CARTESIAN_POINT('',(-0.004,-0.0195,0.0031));
#7641=CARTESIAN_POINT('',(-0.002,-0.0175,0.0042));
#7642=CARTESIAN_POINT('',(-0.004,5.78241158658932E-19,0.0062));
#7643=CARTESIAN_POINT('',(-0.004,-0.0165,0.0062));
#7644=CARTESIAN_POINT('',(-0.0145,-0.0165,0.0052));
#7645=CARTESIAN_POINT('',(-0.0145,-0.0135,0.0052));
#7646=CARTESIAN_POINT('',(-0.0175,1.32631505344575E-18,0.0022));
#7647=CARTESIAN_POINT('',(-0.0171666666666666,-0.0128333333333333,0.00253333333333333));
#7648=CARTESIAN_POINT('',(-0.0167928932188134,0.0161,-0.0267071067811866));
#7649=CARTESIAN_POINT('',(-0.0167714466094067,0.0168285533905933,-0.0254267766952966));
#7650=CARTESIAN_POINT('',(-0.0175,0.0185,-0.034));
#7651=CARTESIAN_POINT('',(0.00908578643762691,0.0186464466094067,-0.0338535533905933));
#7652=CARTESIAN_POINT('',(-0.00226666666666666,0.0203333333333334,-0.0321666666666666));
#7653=CARTESIAN_POINT('',(0.00908578643762691,0.0165,-0.034));
#7654=CARTESIAN_POINT('',(0.00979289321881345,0.0185,-0.0337071067811866));
#7655=CARTESIAN_POINT('',(0.0105638697904486,0.0123193489522432,-0.0333877578289433));
#7656=CARTESIAN_POINT('',(0.000767893218813463,0.011,-0.0413178932188134));
#7657=CARTESIAN_POINT('',(0.0165,0.011,-0.025585786437627));
#7658=CARTESIAN_POINT('',(0.0175,0.012,0.0032));
#7659=CARTESIAN_POINT('',(0.0165,0.011,-0.0255857864376269));
#7660=CARTESIAN_POINT('',(0.0175,5.61257885046148E-18,-0.025585786437627));
#7661=CARTESIAN_POINT('',(0.0195566072524463,-0.0140433927475537,-0.0206206973162963));
#7662=CARTESIAN_POINT('',(2.2655965784226E-18,-0.0185,0.0032));
#7663=CARTESIAN_POINT('',(0.003,-0.0185,0.0032));
#7664=CARTESIAN_POINT('',(9.18485099360519E-20,-0.0165,0.0052));
#7665=CARTESIAN_POINT('',(0.004,-0.0165,0.0062));
#7666=CARTESIAN_POINT('',(0.,-0.0125,0.0062));
#7667=CARTESIAN_POINT('',(-0.0165,-0.0125,0.0062));
#7668=CARTESIAN_POINT('',(-0.0175,-0.0125,0.0032));
#7669=CARTESIAN_POINT('',(-0.017,-0.013,0.0052));
#7670=CARTESIAN_POINT('',(-0.0165,0.0171,-0.0139));
#7671=CARTESIAN_POINT('',(-0.0240333333333334,0.00956666666666662,-0.0164666666666666));
#7672=CARTESIAN_POINT('',(-0.0041,0.0185,-0.0285));
#7673=CARTESIAN_POINT('',(-0.0056,0.017,-0.0255));
#7674=CARTESIAN_POINT('',(0.00979289321881345,0.0185,-0.0337071067811866));
#7675=CARTESIAN_POINT('',(0.00979289321881345,0.0185,-0.0337071067811866));
#7676=CARTESIAN_POINT('',(0.0165,0.011,-0.0255857864376269));
#7677=CARTESIAN_POINT('',(0.0171464466094067,0.012,-0.0258535533905933));
#7678=CARTESIAN_POINT('',(0.0165,-0.0171,-0.0139));
#7679=CARTESIAN_POINT('',(0.0240333333333334,-0.00956666666666667,-0.0164666666666667));
#7680=CARTESIAN_POINT('',(0.0041,-0.0185,-0.0285));
#7681=CARTESIAN_POINT('',(0.0056,-0.017,-0.0255));
#7682=CARTESIAN_POINT('',(0.003,-0.0185,0.0032));
#7683=CARTESIAN_POINT('',(0.004,-0.0195,0.0052));
#7684=CARTESIAN_POINT('',(0.003,-0.018,0.0052));
#7685=CARTESIAN_POINT('',(0.0035,-0.0185,0.0057));
#7686=CARTESIAN_POINT('',(-0.0165,-0.0125,0.0062));
#7687=CARTESIAN_POINT('',(-0.0165,-0.0125,0.0062));
#7688=CARTESIAN_POINT('',(-0.0165,-0.0055,-0.024));
#7689=CARTESIAN_POINT('',(-0.0175,0.0185,-0.023));
#7690=CARTESIAN_POINT('',(-0.0053,0.0185,-0.024));
#7691=CARTESIAN_POINT('',(-0.0165,0.019,-0.0235));
#7692=CARTESIAN_POINT('',(0.0138428932188135,0.0195,-0.0282428932188135));
#7693=CARTESIAN_POINT('',(0.0165,0.0195,-0.0255857864376269));
#7694=CARTESIAN_POINT('',(0.0175,5.61257885046148E-18,-0.025));
#7695=CARTESIAN_POINT('',(0.0171464466094067,0.0185,-0.0258535533905933));
#7696=CARTESIAN_POINT('',(0.0165,0.0055,-0.024));
#7697=CARTESIAN_POINT('',(0.0175,-0.0185,-0.023));
#7698=CARTESIAN_POINT('',(0.0053,-0.0185,-0.024));
#7699=CARTESIAN_POINT('',(0.0165,-0.019,-0.0235));
#7700=CARTESIAN_POINT('',(0.004,-0.0195,0.0052));
#7701=CARTESIAN_POINT('',(0.004,-0.0195,0.0052));
#7702=CARTESIAN_POINT('',(-0.0175,1.32631505344575E-18,0.0052));
#7703=CARTESIAN_POINT('',(-0.0175,0.0125,0.0052));
#7704=CARTESIAN_POINT('',(-0.0165,0.0135,0.0032));
#7705=CARTESIAN_POINT('',(-0.0216666666666667,0.00833333333333334,-0.00196666666666666));
#7706=CARTESIAN_POINT('',(-0.0175,0.0125,0.0052));
#7707=CARTESIAN_POINT('',(-0.0175,0.0185,-0.023));
#7708=CARTESIAN_POINT('',(-0.0175,0.0185,-0.023));
#7709=CARTESIAN_POINT('',(0.0165,0.0195,-0.0255857864376269));
#7710=CARTESIAN_POINT('',(0.0165,0.0195,-0.0255857864376269));
#7711=CARTESIAN_POINT('',(0.0175,-0.0185,-0.023));
#7712=CARTESIAN_POINT('',(0.0175,-0.0185,-0.023));
#7713=CARTESIAN_POINT('',(0.0105,-0.0195,0.0031));
#7714=CARTESIAN_POINT('',(0.011,-0.019,0.0052));
#7715=CARTESIAN_POINT('',(0.00766666666666667,-0.0223333333333334,-0.000633333333333336));
#7716=CARTESIAN_POINT('',(2.2655965784226E-18,-0.0185,0.0062));
#7717=CARTESIAN_POINT('',(0.0105,-0.0185,0.0062));
#7718=CARTESIAN_POINT('',(-0.0175,0.0125,0.0052));
#7719=CARTESIAN_POINT('',(-0.0165,0.013,0.0057));
#7720=CARTESIAN_POINT('',(-0.0175,1.32631505344575E-18,0.0022));
#7721=CARTESIAN_POINT('',(-0.017,0.0185,0.0027));
#7722=CARTESIAN_POINT('',(-0.0165,0.0195,0.0031));
#7723=CARTESIAN_POINT('',(-0.0165,0.0195,0.0022));
#7724=CARTESIAN_POINT('',(0.0175,0.0185,0.0032));
#7725=CARTESIAN_POINT('',(0.0175,0.0185,-0.023));
#7726=CARTESIAN_POINT('',(0.0165,-0.0195,0.0031));
#7727=CARTESIAN_POINT('',(0.0165,-0.0195,0.0022));
#7728=CARTESIAN_POINT('',(2.2655965784226E-18,-0.0185,0.0032));
#7729=CARTESIAN_POINT('',(0.0165,-0.0195,0.0022));
#7730=CARTESIAN_POINT('',(0.0105,-0.0185,0.0062));
#7731=CARTESIAN_POINT('',(0.0105,-0.0185,0.0062));
#7732=CARTESIAN_POINT('',(-0.016,0.0135,0.0052));
#7733=CARTESIAN_POINT('',(-0.0145,0.0135,0.0052));
#7734=CARTESIAN_POINT('',(-0.0165,0.0195,0.0022));
#7735=CARTESIAN_POINT('',(-0.0165,0.0195,0.0022));
#7736=CARTESIAN_POINT('',(0.0133,0.0185,-0.022));
#7737=CARTESIAN_POINT('',(0.0131,0.0185,-0.022));
#7738=CARTESIAN_POINT('',(0.0165,0.019,-0.0225));
#7739=CARTESIAN_POINT('',(0.0121,-0.0055,-0.021));
#7740=CARTESIAN_POINT('',(0.0121,0.0185,-0.021));
#7741=CARTESIAN_POINT('',(0.0175,0.0185,-0.023));
#7742=CARTESIAN_POINT('',(0.0175,0.0185,-0.023));
#7743=CARTESIAN_POINT('',(0.0165,-0.0195,0.0022));
#7744=CARTESIAN_POINT('',(0.017,-0.0185,0.0027));
#7745=CARTESIAN_POINT('',(0.0105,0.,0.0062));
#7746=CARTESIAN_POINT('',(0.0105,-0.0165,0.0062));
#7747=CARTESIAN_POINT('',(-0.0145,0.0165,0.0052));
#7748=CARTESIAN_POINT('',(-0.0115,0.0165,0.0052));
#7749=CARTESIAN_POINT('',(-0.0175,0.0195,0.0022));
#7750=CARTESIAN_POINT('',(-0.0108,0.0192,0.0025));
#7751=CARTESIAN_POINT('',(0.0121,0.0185,-0.021));
#7752=CARTESIAN_POINT('',(0.0165,-0.0055,-0.022));
#7753=CARTESIAN_POINT('',(0.00876666666666668,0.0248333333333333,-0.0142666666666666));
#7754=CARTESIAN_POINT('',(0.0165,6.26110238209199E-18,0.0032));
#7755=CARTESIAN_POINT('',(0.0165,-0.0135,0.0032));
#7756=CARTESIAN_POINT('',(0.0145,-0.0165,0.0052));
#7757=CARTESIAN_POINT('',(0.0145,-0.0125,0.0062));
#7758=CARTESIAN_POINT('',(-0.0105,0.,0.0062));
#7759=CARTESIAN_POINT('',(-0.0105,0.0185,0.0062));
#7760=CARTESIAN_POINT('',(-0.0105,0.0195,0.0031));
#7761=CARTESIAN_POINT('',(-0.011,0.019,0.0052));
#7762=CARTESIAN_POINT('',(0.0175,0.0161,0.0032));
#7763=CARTESIAN_POINT('',(0.0228666666666666,0.0107333333333333,-0.00663333333333328));
#7764=CARTESIAN_POINT('',(0.0165,-0.0135,0.0032));
#7765=CARTESIAN_POINT('',(0.0175,-0.0125,0.0052));
#7766=CARTESIAN_POINT('',(0.016,-0.0135,0.0052));
#7767=CARTESIAN_POINT('',(0.0165,-0.013,0.0057));
#7768=CARTESIAN_POINT('',(-0.0105,0.0185,0.0062));
#7769=CARTESIAN_POINT('',(-0.0105,0.0185,0.0062));
#7770=CARTESIAN_POINT('',(0.0175,5.61257885046148E-18,-0.012));
#7771=CARTESIAN_POINT('',(0.017,0.0185,-0.0125));
#7772=CARTESIAN_POINT('',(0.0175,-0.0125,0.0052));
#7773=CARTESIAN_POINT('',(0.0175,-0.0125,0.0052));
#7774=CARTESIAN_POINT('',(-0.0175,0.0195,0.0052));
#7775=CARTESIAN_POINT('',(-0.004,0.0195,0.0052));
#7776=CARTESIAN_POINT('',(0.0165,0.0195,-0.012));
#7777=CARTESIAN_POINT('',(0.0165,0.0195,-0.012));
#7778=CARTESIAN_POINT('',(0.0175,0.0125,0.0032));
#7779=CARTESIAN_POINT('',(0.017,0.013,0.0052));
#7780=CARTESIAN_POINT('',(0.021,0.009,-0.0013));
#7781=CARTESIAN_POINT('',(0.0165,6.26110238209199E-18,0.0062));
#7782=CARTESIAN_POINT('',(0.0165,0.0125,0.0062));
#7783=CARTESIAN_POINT('',(-0.004,0.0195,0.0052));
#7784=CARTESIAN_POINT('',(-0.004,0.0195,0.0052));
#7785=CARTESIAN_POINT('',(-0.0035,0.0185,0.0057));
#7786=CARTESIAN_POINT('',(0.0175,0.0185,0.0032));
#7787=CARTESIAN_POINT('',(0.0175,0.0185,0.0022));
#7788=CARTESIAN_POINT('',(0.0165,6.26110238209199E-18,0.0032));
#7789=CARTESIAN_POINT('',(0.0175,0.0185,0.0022));
#7790=CARTESIAN_POINT('',(0.0165,0.0125,0.0062));
#7791=CARTESIAN_POINT('',(0.0165,0.0125,0.0062));
#7792=CARTESIAN_POINT('',(-0.003,0.018,0.0052));
#7793=CARTESIAN_POINT('',(-0.003,0.0165,0.0052));
#7794=CARTESIAN_POINT('',(-0.003,0.0185,0.0032));
#7795=CARTESIAN_POINT('',(-0.0085,0.024,-0.0023));
#7796=CARTESIAN_POINT('',(0.0175,0.0185,0.0022));
#7797=CARTESIAN_POINT('',(0.0165,0.019,0.0027));
#7798=CARTESIAN_POINT('',(0.,0.0125,0.0062));
#7799=CARTESIAN_POINT('',(0.0145,0.0125,0.0062));
#7800=CARTESIAN_POINT('',(-4.92385964305256E-19,0.0165,0.0052));
#7801=CARTESIAN_POINT('',(0.003,0.0165,0.0052));
#7802=CARTESIAN_POINT('',(-0.0175,0.0195,0.0022));
#7803=CARTESIAN_POINT('',(0.0037,0.0192,0.0025));
#7804=CARTESIAN_POINT('',(-0.0175,0.0195,0.0022));
#7805=CARTESIAN_POINT('',(0.00116666666666666,0.0288333333333333,-0.00713333333333333));
#7806=CARTESIAN_POINT('',(0.0145,0.0165,0.0052));
#7807=CARTESIAN_POINT('',(0.0105,0.0165,0.0062));
#7808=CARTESIAN_POINT('',(0.004,-5.78241158658932E-19,0.0062));
#7809=CARTESIAN_POINT('',(0.004,0.0185,0.0062));
#7810=CARTESIAN_POINT('',(0.004,0.0195,0.0031));
#7811=CARTESIAN_POINT('',(0.0035,0.019,0.0052));
#7812=CARTESIAN_POINT('',(0.0115,0.0185,0.0032));
#7813=CARTESIAN_POINT('',(0.0105,0.0195,0.0052));
#7814=CARTESIAN_POINT('',(0.0115,0.018,0.0052));
#7815=CARTESIAN_POINT('',(0.011,0.0185,0.0057));
#7816=CARTESIAN_POINT('',(0.004,0.0185,0.0062));
#7817=CARTESIAN_POINT('',(0.004,0.0185,0.0062));
#7818=CARTESIAN_POINT('',(0.0105,0.0195,0.0052));
#7819=CARTESIAN_POINT('',(0.0105,0.0195,0.0052));
#7820=CARTESIAN_POINT('',(-0.0175,0.0195,0.0052));
#7821=CARTESIAN_POINT('',(0.0075,0.01,0.0052));
#7822=CARTESIAN_POINT('',(0.0051,0.0055,-0.033));
#7823=CARTESIAN_POINT('',(0.0075,-0.01,0.0062));
#7824=CARTESIAN_POINT('',(-0.0051,-0.0055,-0.033));
#7825=CARTESIAN_POINT('',(-0.0075,0.01,0.0062));
#7826=CARTESIAN_POINT('',(-0.0075,-0.01,0.0052));
#7827=CARTESIAN_POINT('',(0.01215,0.0085,-0.0009));
#7828=CARTESIAN_POINT('',(-0.00885,0.0085,-0.0009));
#7829=CARTESIAN_POINT('',(0.00935,0.0145,-0.0174));
#7830=CARTESIAN_POINT('',(0.007,0.0145,-0.0174));
#7831=CARTESIAN_POINT('',(0.00935,0.0145,-0.0174));
#7832=CARTESIAN_POINT('',(0.007,0.0195,-0.0174));
#7833=CARTESIAN_POINT('',(-0.00815,0.0145,-0.0099));
#7834=CARTESIAN_POINT('',(-0.0105,0.0145,-0.0099));
#7835=CARTESIAN_POINT('',(-0.00815,0.0145,-0.0099));
#7836=CARTESIAN_POINT('',(-0.0105,0.0195,-0.0099));
#7837=CARTESIAN_POINT('',(0.01285,0.0145,-0.0099));
#7838=CARTESIAN_POINT('',(0.0105,0.0145,-0.0099));
#7839=CARTESIAN_POINT('',(0.01285,0.0145,-0.0099));
#7840=CARTESIAN_POINT('',(0.0105,0.0195,-0.0099));
#7841=CARTESIAN_POINT('',(-0.00815,0.0145,-0.0009));
#7842=CARTESIAN_POINT('',(-0.0105,0.0145,-0.0009));
#7843=CARTESIAN_POINT('',(-0.00815,0.0145,-0.0009));
#7844=CARTESIAN_POINT('',(-0.0105,0.0195,-0.0009));
#7845=CARTESIAN_POINT('',(-0.00465,0.0145,-0.0174));
#7846=CARTESIAN_POINT('',(-0.007,0.0145,-0.0174));
#7847=CARTESIAN_POINT('',(-0.00465,0.0145,-0.0174));
#7848=CARTESIAN_POINT('',(-0.007,0.0195,-0.0174));
#7849=CARTESIAN_POINT('',(0.01285,0.0145,-0.0009));
#7850=CARTESIAN_POINT('',(0.0105,0.0145,-0.0009));
#7851=CARTESIAN_POINT('',(0.01285,0.0145,-0.0009));
#7852=CARTESIAN_POINT('',(0.0105,0.0195,-0.0009));
#7853=MECHANICAL_DESIGN_GEOMETRIC_PRESENTATION_REPRESENTATION('',(#4782),
#7854);
#7854=(
GEOMETRIC_REPRESENTATION_CONTEXT(3)
GLOBAL_UNCERTAINTY_ASSIGNED_CONTEXT((#7855))
GLOBAL_UNIT_ASSIGNED_CONTEXT((#7858,#7857,#7856))
REPRESENTATION_CONTEXT('chassis','TOP_LEVEL_ASSEMBLY_PART')
);
#7855=UNCERTAINTY_MEASURE_WITH_UNIT(LENGTH_MEASURE(2.E-5),#7858,
'DISTANCE_ACCURACY_VALUE','Maximum Tolerance applied to model');
#7856=(
NAMED_UNIT(*)
SI_UNIT($,.STERADIAN.)
SOLID_ANGLE_UNIT()
);
#7857=(
NAMED_UNIT(*)
PLANE_ANGLE_UNIT()
SI_UNIT($,.RADIAN.)
);
#7858=(
LENGTH_UNIT()
NAMED_UNIT(*)
SI_UNIT($,.METRE.)
);
#7859=PRODUCT_DEFINITION_SHAPE('','',#7860);
#7860=PRODUCT_DEFINITION('','',#7862,#7861);
#7861=PRODUCT_DEFINITION_CONTEXT('',#7868,'design');
#7862=PRODUCT_DEFINITION_FORMATION_WITH_SPECIFIED_SOURCE('','',#7864,
 .NOT_KNOWN.);
#7863=PRODUCT_RELATED_PRODUCT_CATEGORY('','',(#7864));
#7864=PRODUCT('chassis','chassis','chassis',(#7866));
#7865=PRODUCT_CATEGORY('','');
#7866=PRODUCT_CONTEXT('',#7868,'mechanical');
#7867=APPLICATION_PROTOCOL_DEFINITION('international standard',
'ap242_managed_model_based_3d_engineering',2020,#7868);
#7868=APPLICATION_CONTEXT('managed model based 3d engineering');
ENDSEC;
END-ISO-10303-21;
