ISO-10303-21;
HEADER;
/* Generated by software containing ST-Developer
 * from STEP Tools, Inc. (www.steptools.com) 
 */
/* OPTION: using custom renumber hook */

FILE_DESCRIPTION(
/* description */ ('STEP AP242 Edition 2',
'CAx-IF Rec.Pracs.---Representation and Presentation of Product Manufa
cturing Information (PMI)---4.0---2014-10-13',
'CAx-IF Rec.Pracs.---3D Tessellated Geometry---0.4---2014-09-14','2;1',
'CAx-IF Rec.Pracs.---User Defined Attributes---1.5---2016-08-15'),
/* implementation_level */ '2;1');

FILE_NAME(
/* name */ 'toolhead v4 - Lever',
/* time_stamp */ '2026-08-19T20:10:40Z',
/* author */ (''),
/* organization */ (''),
/* preprocessor_version */ 'ST-DEVELOPER v20',
/* originating_system */ 'ONSHAPE BY PTC INC, 1.219',
/* authorisation */ '  ');

FILE_SCHEMA (('AP242_MANAGED_MODEL_BASED_3D_ENGINEERING_MIM_LF { 1 0 10303 442 3 1 4 }'));
ENDSEC;

DATA;
#10=SHAPE_REPRESENTATION_RELATIONSHIP('','',#1832,#11);
#11=ADVANCED_BREP_SHAPE_REPRESENTATION('',(#1830),#5522);
#12=VERTEX_LOOP('',#1424);
#13=B_SPLINE_SURFACE_WITH_KNOTS('',3,3,((#4391,#4392,#4393,#4394,#4395,
#4396,#4397,#4398,#4399,#4400,#4401,#4402,#4403,#4404,#4405,#4406,#4407,
#4408,#4409,#4410,#4411,#4412,#4413,#4414,#4415,#4416,#4417,#4418,#4419,
#4420,#4421,#4422,#4423,#4424,#4425,#4426,#4427,#4428,#4429,#4430,#4431,
#4432,#4433,#4434,#4435,#4436,#4437,#4438,#4439,#4440,#4441,#4442,#4443,
#4444,#4445,#4446,#4447,#4448,#4449,#4450,#4451,#4452,#4453,#4454,#4455,
#4456,#4457,#4458,#4459,#4460,#4461,#4462,#4463,#4464,#4465,#4466,#4467,
#4468,#4469,#4470,#4471,#4472,#4473,#4474,#4475,#4476,#4477,#4478,#4479,
#4480,#4481,#4482,#4483,#4484,#4485,#4486,#4487,#4488,#4489,#4490,#4491,
#4492,#4493,#4494,#4495,#4496,#4497,#4498,#4499,#4500,#4501,#4502,#4503,
#4504,#4505,#4506,#4507,#4508,#4509,#4510,#4511,#4512,#4513,#4514,#4515,
#4516,#4517,#4518,#4519,#4520,#4521,#4522,#4523,#4524,#4525,#4526,#4527,
#4528,#4529,#4530,#4531,#4532,#4533,#4534,#4535,#4536,#4537,#4538,#4539,
#4540,#4541,#4542,#4543,#4544,#4545,#4546,#4547,#4548,#4549,#4550,#4551,
#4552,#4553,#4554,#4555,#4556,#4557,#4558,#4559,#4560,#4561,#4562,#4563,
#4564,#4565,#4566,#4567,#4568,#4569,#4570,#4571,#4572,#4573,#4574,#4575,
#4576,#4577,#4578,#4579,#4580,#4581,#4582,#4583,#4584,#4585,#4586,#4587,
#4588,#4589,#4590,#4591,#4592,#4593,#4594,#4595,#4596,#4597,#4598,#4599,
#4600,#4601,#4602,#4603,#4604,#4605,#4606,#4607,#4608,#4609,#4610,#4611,
#4612,#4613,#4614,#4615,#4616,#4617,#4618,#4619,#4620,#4621,#4622),(#4623,
#4624,#4625,#4626,#4627,#4628,#4629,#4630,#4631,#4632,#4633,#4634,#4635,
#4636,#4637,#4638,#4639,#4640,#4641,#4642,#4643,#4644,#4645,#4646,#4647,
#4648,#4649,#4650,#4651,#4652,#4653,#4654,#4655,#4656,#4657,#4658,#4659,
#4660,#4661,#4662,#4663,#4664,#4665,#4666,#4667,#4668,#4669,#4670,#4671,
#4672,#4673,#4674,#4675,#4676,#4677,#4678,#4679,#4680,#4681,#4682,#4683,
#4684,#4685,#4686,#4687,#4688,#4689,#4690,#4691,#4692,#4693,#4694,#4695,
#4696,#4697,#4698,#4699,#4700,#4701,#4702,#4703,#4704,#4705,#4706,#4707,
#4708,#4709,#4710,#4711,#4712,#4713,#4714,#4715,#4716,#4717,#4718,#4719,
#4720,#4721,#4722,#4723,#4724,#4725,#4726,#4727,#4728,#4729,#4730,#4731,
#4732,#4733,#4734,#4735,#4736,#4737,#4738,#4739,#4740,#4741,#4742,#4743,
#4744,#4745,#4746,#4747,#4748,#4749,#4750,#4751,#4752,#4753,#4754,#4755,
#4756,#4757,#4758,#4759,#4760,#4761,#4762,#4763,#4764,#4765,#4766,#4767,
#4768,#4769,#4770,#4771,#4772,#4773,#4774,#4775,#4776,#4777,#4778,#4779,
#4780,#4781,#4782,#4783,#4784,#4785,#4786,#4787,#4788,#4789,#4790,#4791,
#4792,#4793,#4794,#4795,#4796,#4797,#4798,#4799,#4800,#4801,#4802,#4803,
#4804,#4805,#4806,#4807,#4808,#4809,#4810,#4811,#4812,#4813,#4814,#4815,
#4816,#4817,#4818,#4819,#4820,#4821,#4822,#4823,#4824,#4825,#4826,#4827,
#4828,#4829,#4830,#4831,#4832,#4833,#4834,#4835,#4836,#4837,#4838,#4839,
#4840,#4841,#4842,#4843,#4844,#4845,#4846,#4847,#4848,#4849,#4850,#4851,
#4852,#4853,#4854),(#4855,#4856,#4857,#4858,#4859,#4860,#4861,#4862,#4863,
#4864,#4865,#4866,#4867,#4868,#4869,#4870,#4871,#4872,#4873,#4874,#4875,
#4876,#4877,#4878,#4879,#4880,#4881,#4882,#4883,#4884,#4885,#4886,#4887,
#4888,#4889,#4890,#4891,#4892,#4893,#4894,#4895,#4896,#4897,#4898,#4899,
#4900,#4901,#4902,#4903,#4904,#4905,#4906,#4907,#4908,#4909,#4910,#4911,
#4912,#4913,#4914,#4915,#4916,#4917,#4918,#4919,#4920,#4921,#4922,#4923,
#4924,#4925,#4926,#4927,#4928,#4929,#4930,#4931,#4932,#4933,#4934,#4935,
#4936,#4937,#4938,#4939,#4940,#4941,#4942,#4943,#4944,#4945,#4946,#4947,
#4948,#4949,#4950,#4951,#4952,#4953,#4954,#4955,#4956,#4957,#4958,#4959,
#4960,#4961,#4962,#4963,#4964,#4965,#4966,#4967,#4968,#4969,#4970,#4971,
#4972,#4973,#4974,#4975,#4976,#4977,#4978,#4979,#4980,#4981,#4982,#4983,
#4984,#4985,#4986,#4987,#4988,#4989,#4990,#4991,#4992,#4993,#4994,#4995,
#4996,#4997,#4998,#4999,#5000,#5001,#5002,#5003,#5004,#5005,#5006,#5007,
#5008,#5009,#5010,#5011,#5012,#5013,#5014,#5015,#5016,#5017,#5018,#5019,
#5020,#5021,#5022,#5023,#5024,#5025,#5026,#5027,#5028,#5029,#5030,#5031,
#5032,#5033,#5034,#5035,#5036,#5037,#5038,#5039,#5040,#5041,#5042,#5043,
#5044,#5045,#5046,#5047,#5048,#5049,#5050,#5051,#5052,#5053,#5054,#5055,
#5056,#5057,#5058,#5059,#5060,#5061,#5062,#5063,#5064,#5065,#5066,#5067,
#5068,#5069,#5070,#5071,#5072,#5073,#5074,#5075,#5076,#5077,#5078,#5079,
#5080,#5081,#5082,#5083,#5084,#5085,#5086),(#5087,#5088,#5089,#5090,#5091,
#5092,#5093,#5094,#5095,#5096,#5097,#5098,#5099,#5100,#5101,#5102,#5103,
#5104,#5105,#5106,#5107,#5108,#5109,#5110,#5111,#5112,#5113,#5114,#5115,
#5116,#5117,#5118,#5119,#5120,#5121,#5122,#5123,#5124,#5125,#5126,#5127,
#5128,#5129,#5130,#5131,#5132,#5133,#5134,#5135,#5136,#5137,#5138,#5139,
#5140,#5141,#5142,#5143,#5144,#5145,#5146,#5147,#5148,#5149,#5150,#5151,
#5152,#5153,#5154,#5155,#5156,#5157,#5158,#5159,#5160,#5161,#5162,#5163,
#5164,#5165,#5166,#5167,#5168,#5169,#5170,#5171,#5172,#5173,#5174,#5175,
#5176,#5177,#5178,#5179,#5180,#5181,#5182,#5183,#5184,#5185,#5186,#5187,
#5188,#5189,#5190,#5191,#5192,#5193,#5194,#5195,#5196,#5197,#5198,#5199,
#5200,#5201,#5202,#5203,#5204,#5205,#5206,#5207,#5208,#5209,#5210,#5211,
#5212,#5213,#5214,#5215,#5216,#5217,#5218,#5219,#5220,#5221,#5222,#5223,
#5224,#5225,#5226,#5227,#5228,#5229,#5230,#5231,#5232,#5233,#5234,#5235,
#5236,#5237,#5238,#5239,#5240,#5241,#5242,#5243,#5244,#5245,#5246,#5247,
#5248,#5249,#5250,#5251,#5252,#5253,#5254,#5255,#5256,#5257,#5258,#5259,
#5260,#5261,#5262,#5263,#5264,#5265,#5266,#5267,#5268,#5269,#5270,#5271,
#5272,#5273,#5274,#5275,#5276,#5277,#5278,#5279,#5280,#5281,#5282,#5283,
#5284,#5285,#5286,#5287,#5288,#5289,#5290,#5291,#5292,#5293,#5294,#5295,
#5296,#5297,#5298,#5299,#5300,#5301,#5302,#5303,#5304,#5305,#5306,#5307,
#5308,#5309,#5310,#5311,#5312,#5313,#5314,#5315,#5316,#5317,#5318)),
 .UNSPECIFIED.,.F.,.F.,.F.,(4,4),(4,2,2,2,2,2,2,2,2,2,2,2,2,2,2,2,2,2,2,
2,2,2,2,2,2,2,2,2,2,2,2,2,2,2,2,2,2,2,2,2,2,2,2,2,2,2,2,2,2,2,2,2,2,2,2,
2,2,2,2,2,2,2,2,2,2,2,2,2,2,2,2,2,2,2,2,2,2,2,2,2,2,2,2,2,2,2,2,2,2,2,2,
2,2,2,2,2,2,2,2,2,2,2,2,2,2,2,2,2,2,2,2,2,2,2,2,4),(-0.00601920044424214,
1.),(0.0135240267035982,0.0211963871610743,0.0288687476185504,0.0365411080760265,
0.0442134685335026,0.0518858289909787,0.0595581894484548,0.0672305499059309,
0.0749029103634069,0.0902476312783591,0.105592352193311,0.113264712650787,
0.120937073108264,0.12860943356574,0.136281794023216,0.143954154480692,
0.151626514938168,0.159298875395644,0.16697123585312,0.174643596310596,
0.182315956768072,0.189988317225548,0.197660677683024,0.205333038140501,
0.213005398597977,0.220677759055453,0.228350119512929,0.243694840427881,
0.251367200885357,0.259039561342833,0.266711921800309,0.274384282257785,
0.282056642715261,0.289729003172738,0.297401363630214,0.30507372408769,
0.312746084545166,0.320418445002642,0.328090805460118,0.335763165917594,
0.34343552637507,0.351107886832546,0.358780247290022,0.366452607747498,
0.381797328662451,0.397142049577403,0.404814410034879,0.412486770492355,
0.420159130949831,0.427831491407307,0.435503851864783,0.443176212322259,
0.450848572779735,0.458520933237212,0.466193293694688,0.473865654152164,
0.48153801460964,0.489210375067116,0.496882735524592,0.504555095982068,
0.512227456439544,0.51989981689702,0.535244537811973,0.550589258726925,
0.558261619184401,0.565933979641877,0.573606340099353,0.581278700556829,
0.588951061014305,0.596623421471781,0.604295781929257,0.611968142386733,
0.619640502844209,0.627312863301686,0.634985223759162,0.642657584216638,
0.650329944674114,0.65800230513159,0.673347026046542,0.688691746961494,
0.69636410741897,0.704036467876447,0.711708828333923,0.719381188791399,
0.727053549248875,0.734725909706351,0.742398270163827,0.750070630621303,
0.757742991078779,0.765415351536255,0.773087711993731,0.780760072451207,
0.788432432908683,0.79610479336616,0.803777153823636,0.811449514281112,
0.826794235196064,0.842138956111016,0.849811316568492,0.857483677025968,
0.865156037483444,0.872828397940921,0.880500758398397,0.888173118855873,
0.895845479313349,0.903517839770825,0.911190200228301,0.918862560685777,
0.926534921143253,0.934207281600729,0.941879642058205,0.949552002515681,
0.964896723430634,0.980241444345586,0.987913804803062,0.995586165260538),
 .UNSPECIFIED.);
#14=(
BOUNDED_CURVE()
B_SPLINE_CURVE(2,(#2943,#2944,#2945,#2946,#2947,#2948,#2949,#2950,#2951,
#2952,#2953,#2954,#2955,#2956,#2957,#2958,#2959,#2960,#2961,#2962,#2963,
#2964,#2965,#2966,#2967,#2968,#2969,#2970,#2971,#2972,#2973,#2974,#2975,
#2976,#2977,#2978,#2979,#2980,#2981,#2982,#2983,#2984,#2985,#2986,#2987,
#2988,#2989,#2990,#2991,#2992,#2993,#2994,#2995,#2996,#2997,#2998,#2999,
#3000,#3001,#3002,#3003,#3004,#3005,#3006,#3007,#3008,#3009,#3010,#3011,
#3012,#3013,#3014,#3015,#3016,#3017,#3018,#3019,#3020,#3021,#3022,#3023,
#3024,#3025,#3026,#3027,#3028,#3029,#3030,#3031,#3032,#3033,#3034,#3035,
#3036,#3037,#3038,#3039,#3040,#3041,#3042,#3043,#3044,#3045,#3046,#3047,
#3048,#3049,#3050,#3051,#3052,#3053,#3054,#3055,#3056,#3057,#3058,#3059,
#3060,#3061,#3062,#3063,#3064,#3065,#3066,#3067,#3068,#3069,#3070,#3071,
#3072,#3073,#3074,#3075,#3076,#3077,#3078,#3079,#3080,#3081,#3082,#3083),
 .UNSPECIFIED.,.F.,.F.)
B_SPLINE_CURVE_WITH_KNOTS((3,2,2,2,2,2,2,2,2,2,2,2,2,2,2,2,2,2,2,2,2,2,
2,2,2,2,2,2,2,2,2,2,2,2,2,2,2,2,2,2,2,2,2,2,2,2,2,2,2,2,2,2,2,2,2,2,2,2,
2,2,2,2,2,2,2,2,2,2,2,2,3),(0.0363484131514292,0.0416666666666667,0.0555555555555556,
0.0694444444444445,0.0833333333333333,0.0972222222222222,0.111111111111111,
0.125,0.138888888888889,0.152777777777778,0.166666666666667,0.180555555555555,
0.194444444444445,0.208333333333334,0.222222222222222,0.236111111111111,
0.25,0.263888888888889,0.277777777777778,0.291666666666667,0.305555555555555,
0.319444444444444,0.333333333333334,0.347222222222222,0.361111111111111,
0.375,0.388888888888889,0.402777777777778,0.416666666666667,0.430555555555555,
0.444444444444444,0.458333333333333,0.472222222222222,0.486111111111111,
0.5,0.513888888888889,0.527777777777778,0.541666666666667,0.555555555555556,
0.569444444444444,0.583333333333333,0.597222222222222,0.611111111111111,
0.625,0.638888888888889,0.652777777777778,0.666666666666667,0.680555555555556,
0.694444444444444,0.708333333333333,0.722222222222222,0.736111111111111,
0.75,0.763888888888889,0.777777777777778,0.791666666666667,0.805555555555556,
0.819444444444444,0.833333333333333,0.847222222222222,0.861111111111111,
0.875,0.888888888888889,0.902777777777778,0.916666666666667,0.930555555555556,
0.944444444444444,0.958333333333333,0.972222222222222,0.986111111111111,
1.),.UNSPECIFIED.)
CURVE()
GEOMETRIC_REPRESENTATION_ITEM()
RATIONAL_B_SPLINE_CURVE((0.936686036697846,0.948699217556133,1.,0.866025403784439,
1.,0.866025403784439,1.,0.866025403784439,1.,0.866025403784439,1.,0.866025403784439,
1.,0.866025403784439,1.,0.866025403784439,1.,0.866025403784439,1.,0.866025403784439,
1.,0.866025403784439,1.,0.866025403784439,1.,0.866025403784439,1.,0.866025403784439,
1.,0.866025403784439,1.,0.866025403784439,1.,0.866025403784439,1.,0.866025403784439,
1.,0.866025403784439,1.,0.866025403784439,1.,0.866025403784439,1.,0.866025403784439,
1.,0.866025403784439,1.,0.866025403784439,1.,0.866025403784439,1.,0.866025403784439,
1.,0.866025403784439,1.,0.866025403784439,1.,0.866025403784439,1.,0.866025403784439,
1.,0.866025403784439,1.,0.866025403784439,1.,0.866025403784439,1.,0.866025403784439,
1.,0.866025403784439,1.,0.866025403784439,1.,0.866025403784439,1.,0.866025403784439,
1.,0.866025403784439,1.,0.866025403784439,1.,0.866025403784439,1.,0.866025403784439,
1.,0.866025403784439,1.,0.866025403784439,1.,0.866025403784439,1.,0.866025403784439,
1.,0.866025403784439,1.,0.866025403784439,1.,0.866025403784439,1.,0.866025403784439,
1.,0.866025403784439,1.,0.866025403784439,1.,0.866025403784439,1.,0.866025403784439,
1.,0.866025403784439,1.,0.866025403784439,1.,0.866025403784439,1.,0.866025403784439,
1.,0.866025403784439,1.,0.866025403784439,1.,0.866025403784439,1.,0.866025403784439,
1.,0.866025403784439,1.,0.866025403784439,1.,0.866025403784439,1.,0.866025403784439,
1.,0.866025403784439,1.,0.866025403784439,1.,0.866025403784439,1.,0.866025403784439,
1.))
REPRESENTATION_ITEM('')
);
#15=(
BOUNDED_CURVE()
B_SPLINE_CURVE(2,(#3085,#3086,#3087,#3088,#3089,#3090,#3091),
 .UNSPECIFIED.,.F.,.F.)
B_SPLINE_CURVE_WITH_KNOTS((3,2,2,3),(0.958333333333333,0.972222222222222,
0.986111111111111,1.),.UNSPECIFIED.)
CURVE()
GEOMETRIC_REPRESENTATION_ITEM()
RATIONAL_B_SPLINE_CURVE((1.,0.866025403784438,1.,0.866025403784439,1.,0.866025403784439,
1.))
REPRESENTATION_ITEM('')
);
#16=(
BOUNDED_CURVE()
B_SPLINE_CURVE(2,(#3093,#3094,#3095,#3096,#3097,#3098,#3099),
 .UNSPECIFIED.,.F.,.F.)
B_SPLINE_CURVE_WITH_KNOTS((3,2,2,3),(0.916666666666667,0.930555555555556,
0.944444444444444,0.958333333333333),.UNSPECIFIED.)
CURVE()
GEOMETRIC_REPRESENTATION_ITEM()
RATIONAL_B_SPLINE_CURVE((1.,0.866025403784439,1.,0.866025403784439,1.,0.86602540378444,
1.))
REPRESENTATION_ITEM('')
);
#17=(
BOUNDED_CURVE()
B_SPLINE_CURVE(2,(#3101,#3102,#3103,#3104,#3105,#3106,#3107),
 .UNSPECIFIED.,.F.,.F.)
B_SPLINE_CURVE_WITH_KNOTS((3,2,2,3),(0.875,0.888888888888889,0.902777777777778,
0.916666666666667),.UNSPECIFIED.)
CURVE()
GEOMETRIC_REPRESENTATION_ITEM()
RATIONAL_B_SPLINE_CURVE((1.,0.866025403784437,1.,0.866025403784439,1.,0.866025403784439,
1.))
REPRESENTATION_ITEM('')
);
#18=(
BOUNDED_CURVE()
B_SPLINE_CURVE(2,(#3109,#3110,#3111,#3112,#3113,#3114,#3115),
 .UNSPECIFIED.,.F.,.F.)
B_SPLINE_CURVE_WITH_KNOTS((3,2,2,3),(0.833333333333333,0.847222222222222,
0.861111111111111,0.875),.UNSPECIFIED.)
CURVE()
GEOMETRIC_REPRESENTATION_ITEM()
RATIONAL_B_SPLINE_CURVE((1.,0.866025403784438,1.,0.866025403784439,1.,0.866025403784441,
1.))
REPRESENTATION_ITEM('')
);
#19=(
BOUNDED_CURVE()
B_SPLINE_CURVE(2,(#3117,#3118,#3119,#3120,#3121,#3122,#3123),
 .UNSPECIFIED.,.F.,.F.)
B_SPLINE_CURVE_WITH_KNOTS((3,2,2,3),(0.791666666666667,0.805555555555556,
0.819444444444444,0.833333333333333),.UNSPECIFIED.)
CURVE()
GEOMETRIC_REPRESENTATION_ITEM()
RATIONAL_B_SPLINE_CURVE((1.,0.866025403784439,1.,0.866025403784439,1.,0.86602540378444,
1.))
REPRESENTATION_ITEM('')
);
#20=(
BOUNDED_CURVE()
B_SPLINE_CURVE(2,(#3125,#3126,#3127,#3128,#3129,#3130,#3131),
 .UNSPECIFIED.,.F.,.F.)
B_SPLINE_CURVE_WITH_KNOTS((3,2,2,3),(0.75,0.763888888888889,0.777777777777778,
0.791666666666667),.UNSPECIFIED.)
CURVE()
GEOMETRIC_REPRESENTATION_ITEM()
RATIONAL_B_SPLINE_CURVE((1.,0.866025403784439,1.,0.866025403784439,1.,0.866025403784439,
1.))
REPRESENTATION_ITEM('')
);
#21=(
BOUNDED_CURVE()
B_SPLINE_CURVE(2,(#3133,#3134,#3135,#3136,#3137,#3138,#3139),
 .UNSPECIFIED.,.F.,.F.)
B_SPLINE_CURVE_WITH_KNOTS((3,2,2,3),(0.708333333333333,0.722222222222222,
0.736111111111111,0.75),.UNSPECIFIED.)
CURVE()
GEOMETRIC_REPRESENTATION_ITEM()
RATIONAL_B_SPLINE_CURVE((1.,0.866025403784437,1.,0.866025403784439,1.,0.866025403784439,
1.))
REPRESENTATION_ITEM('')
);
#22=(
BOUNDED_CURVE()
B_SPLINE_CURVE(2,(#3141,#3142,#3143,#3144,#3145,#3146,#3147),
 .UNSPECIFIED.,.F.,.F.)
B_SPLINE_CURVE_WITH_KNOTS((3,2,2,3),(0.666666666666667,0.680555555555556,
0.694444444444444,0.708333333333333),.UNSPECIFIED.)
CURVE()
GEOMETRIC_REPRESENTATION_ITEM()
RATIONAL_B_SPLINE_CURVE((1.,0.866025403784439,1.,0.866025403784439,1.,0.866025403784441,
1.))
REPRESENTATION_ITEM('')
);
#23=(
BOUNDED_CURVE()
B_SPLINE_CURVE(2,(#3149,#3150,#3151,#3152,#3153,#3154,#3155),
 .UNSPECIFIED.,.F.,.F.)
B_SPLINE_CURVE_WITH_KNOTS((3,2,2,3),(0.625,0.638888888888889,0.652777777777778,
0.666666666666667),.UNSPECIFIED.)
CURVE()
GEOMETRIC_REPRESENTATION_ITEM()
RATIONAL_B_SPLINE_CURVE((1.,0.866025403784439,1.,0.866025403784439,1.,0.866025403784439,
1.))
REPRESENTATION_ITEM('')
);
#24=(
BOUNDED_CURVE()
B_SPLINE_CURVE(2,(#3157,#3158,#3159,#3160,#3161,#3162,#3163),
 .UNSPECIFIED.,.F.,.F.)
B_SPLINE_CURVE_WITH_KNOTS((3,2,2,3),(0.583333333333333,0.597222222222222,
0.611111111111111,0.625),.UNSPECIFIED.)
CURVE()
GEOMETRIC_REPRESENTATION_ITEM()
RATIONAL_B_SPLINE_CURVE((1.,0.866025403784438,1.,0.866025403784439,1.,0.866025403784439,
1.))
REPRESENTATION_ITEM('')
);
#25=(
BOUNDED_CURVE()
B_SPLINE_CURVE(2,(#3165,#3166,#3167,#3168,#3169,#3170,#3171),
 .UNSPECIFIED.,.F.,.F.)
B_SPLINE_CURVE_WITH_KNOTS((3,2,2,3),(0.541666666666667,0.555555555555556,
0.569444444444444,0.583333333333333),.UNSPECIFIED.)
CURVE()
GEOMETRIC_REPRESENTATION_ITEM()
RATIONAL_B_SPLINE_CURVE((1.,0.866025403784439,1.,0.866025403784439,1.,0.86602540378444,
1.))
REPRESENTATION_ITEM('')
);
#26=(
BOUNDED_CURVE()
B_SPLINE_CURVE(2,(#3173,#3174,#3175,#3176,#3177,#3178,#3179),
 .UNSPECIFIED.,.F.,.F.)
B_SPLINE_CURVE_WITH_KNOTS((3,2,2,3),(0.5,0.513888888888889,0.527777777777778,
0.541666666666667),.UNSPECIFIED.)
CURVE()
GEOMETRIC_REPRESENTATION_ITEM()
RATIONAL_B_SPLINE_CURVE((1.,0.866025403784439,1.,0.866025403784439,1.,0.866025403784439,
1.))
REPRESENTATION_ITEM('')
);
#27=(
BOUNDED_CURVE()
B_SPLINE_CURVE(2,(#3181,#3182,#3183,#3184,#3185,#3186,#3187),
 .UNSPECIFIED.,.F.,.F.)
B_SPLINE_CURVE_WITH_KNOTS((3,2,2,3),(0.458333333333333,0.472222222222222,
0.486111111111111,0.5),.UNSPECIFIED.)
CURVE()
GEOMETRIC_REPRESENTATION_ITEM()
RATIONAL_B_SPLINE_CURVE((1.,0.866025403784439,1.,0.866025403784439,1.,0.866025403784439,
1.))
REPRESENTATION_ITEM('')
);
#28=(
BOUNDED_CURVE()
B_SPLINE_CURVE(2,(#3189,#3190,#3191,#3192,#3193,#3194,#3195),
 .UNSPECIFIED.,.F.,.F.)
B_SPLINE_CURVE_WITH_KNOTS((3,2,2,3),(0.416666666666667,0.430555555555555,
0.444444444444444,0.458333333333333),.UNSPECIFIED.)
CURVE()
GEOMETRIC_REPRESENTATION_ITEM()
RATIONAL_B_SPLINE_CURVE((1.,0.866025403784438,1.,0.866025403784439,1.,0.866025403784439,
1.))
REPRESENTATION_ITEM('')
);
#29=(
BOUNDED_CURVE()
B_SPLINE_CURVE(2,(#3197,#3198,#3199,#3200,#3201,#3202,#3203),
 .UNSPECIFIED.,.F.,.F.)
B_SPLINE_CURVE_WITH_KNOTS((3,2,2,3),(0.375,0.388888888888889,0.402777777777778,
0.416666666666667),.UNSPECIFIED.)
CURVE()
GEOMETRIC_REPRESENTATION_ITEM()
RATIONAL_B_SPLINE_CURVE((1.,0.866025403784439,1.,0.866025403784439,1.,0.866025403784439,
1.))
REPRESENTATION_ITEM('')
);
#30=(
BOUNDED_CURVE()
B_SPLINE_CURVE(2,(#3205,#3206,#3207,#3208,#3209,#3210,#3211),
 .UNSPECIFIED.,.F.,.F.)
B_SPLINE_CURVE_WITH_KNOTS((3,2,2,3),(0.333333333333334,0.347222222222222,
0.361111111111111,0.375),.UNSPECIFIED.)
CURVE()
GEOMETRIC_REPRESENTATION_ITEM()
RATIONAL_B_SPLINE_CURVE((1.,0.866025403784439,1.,0.866025403784439,1.,0.866025403784439,
1.))
REPRESENTATION_ITEM('')
);
#31=(
BOUNDED_CURVE()
B_SPLINE_CURVE(2,(#3213,#3214,#3215,#3216,#3217,#3218,#3219),
 .UNSPECIFIED.,.F.,.F.)
B_SPLINE_CURVE_WITH_KNOTS((3,2,2,3),(0.291666666666667,0.305555555555555,
0.319444444444444,0.333333333333334),.UNSPECIFIED.)
CURVE()
GEOMETRIC_REPRESENTATION_ITEM()
RATIONAL_B_SPLINE_CURVE((1.,0.866025403784438,1.,0.866025403784439,1.,0.866025403784439,
1.))
REPRESENTATION_ITEM('')
);
#32=(
BOUNDED_CURVE()
B_SPLINE_CURVE(2,(#3221,#3222,#3223,#3224,#3225,#3226,#3227),
 .UNSPECIFIED.,.F.,.F.)
B_SPLINE_CURVE_WITH_KNOTS((3,2,2,3),(0.25,0.263888888888889,0.277777777777778,
0.291666666666667),.UNSPECIFIED.)
CURVE()
GEOMETRIC_REPRESENTATION_ITEM()
RATIONAL_B_SPLINE_CURVE((1.,0.866025403784439,1.,0.866025403784439,1.,0.866025403784439,
1.))
REPRESENTATION_ITEM('')
);
#33=(
BOUNDED_CURVE()
B_SPLINE_CURVE(2,(#3229,#3230,#3231,#3232,#3233,#3234,#3235),
 .UNSPECIFIED.,.F.,.F.)
B_SPLINE_CURVE_WITH_KNOTS((3,2,2,3),(0.208333333333334,0.222222222222222,
0.236111111111111,0.25),.UNSPECIFIED.)
CURVE()
GEOMETRIC_REPRESENTATION_ITEM()
RATIONAL_B_SPLINE_CURVE((1.,0.866025403784439,1.,0.866025403784439,1.,0.866025403784439,
1.))
REPRESENTATION_ITEM('')
);
#34=(
BOUNDED_CURVE()
B_SPLINE_CURVE(2,(#3237,#3238,#3239,#3240,#3241,#3242,#3243),
 .UNSPECIFIED.,.F.,.F.)
B_SPLINE_CURVE_WITH_KNOTS((3,2,2,3),(0.166666666666667,0.180555555555555,
0.194444444444445,0.208333333333334),.UNSPECIFIED.)
CURVE()
GEOMETRIC_REPRESENTATION_ITEM()
RATIONAL_B_SPLINE_CURVE((1.,0.866025403784439,1.,0.866025403784439,1.,0.866025403784439,
1.))
REPRESENTATION_ITEM('')
);
#35=(
BOUNDED_CURVE()
B_SPLINE_CURVE(2,(#3245,#3246,#3247,#3248,#3249,#3250,#3251),
 .UNSPECIFIED.,.F.,.F.)
B_SPLINE_CURVE_WITH_KNOTS((3,2,2,3),(0.125,0.138888888888889,0.152777777777778,
0.166666666666667),.UNSPECIFIED.)
CURVE()
GEOMETRIC_REPRESENTATION_ITEM()
RATIONAL_B_SPLINE_CURVE((1.,0.866025403784438,1.,0.866025403784439,1.,0.866025403784439,
1.))
REPRESENTATION_ITEM('')
);
#36=(
BOUNDED_CURVE()
B_SPLINE_CURVE(2,(#3253,#3254,#3255,#3256,#3257,#3258,#3259),
 .UNSPECIFIED.,.F.,.F.)
B_SPLINE_CURVE_WITH_KNOTS((3,2,2,3),(0.0956869744621635,0.0972222222222222,
0.111111111111111,0.125),.UNSPECIFIED.)
CURVE()
GEOMETRIC_REPRESENTATION_ITEM()
RATIONAL_B_SPLINE_CURVE((0.973655443078372,0.98519073769038,1.,0.866025403784439,
1.,0.866025403784439,1.))
REPRESENTATION_ITEM('')
);
#37=(
BOUNDED_CURVE()
B_SPLINE_CURVE(2,(#3278,#3279,#3280,#3281,#3282,#3283,#3284,#3285,#3286,
#3287,#3288,#3289,#3290,#3291,#3292,#3293,#3294,#3295,#3296,#3297,#3298,
#3299,#3300,#3301,#3302,#3303,#3304,#3305,#3306,#3307,#3308,#3309,#3310,
#3311,#3312,#3313,#3314,#3315,#3316,#3317,#3318,#3319,#3320,#3321,#3322,
#3323,#3324,#3325,#3326,#3327,#3328,#3329,#3330,#3331,#3332,#3333,#3334,
#3335,#3336,#3337,#3338,#3339,#3340,#3341,#3342,#3343,#3344,#3345,#3346,
#3347,#3348,#3349,#3350,#3351,#3352,#3353,#3354,#3355,#3356,#3357,#3358,
#3359,#3360,#3361,#3362,#3363,#3364,#3365,#3366,#3367,#3368,#3369,#3370,
#3371,#3372,#3373,#3374,#3375,#3376,#3377,#3378,#3379,#3380,#3381,#3382,
#3383,#3384,#3385,#3386,#3387,#3388,#3389,#3390,#3391,#3392,#3393,#3394,
#3395,#3396,#3397,#3398,#3399,#3400,#3401,#3402,#3403,#3404,#3405,#3406,
#3407,#3408,#3409,#3410,#3411,#3412,#3413,#3414,#3415,#3416,#3417,#3418,
#3419,#3420),.UNSPECIFIED.,.F.,.F.)
B_SPLINE_CURVE_WITH_KNOTS((3,2,2,2,2,2,2,2,2,2,2,2,2,2,2,2,2,2,2,2,2,2,
2,2,2,2,2,2,2,2,2,2,2,2,2,2,2,2,2,2,2,2,2,2,2,2,2,2,2,2,2,2,2,2,2,2,2,2,
2,2,2,2,2,2,2,2,2,2,2,2,2,3),(0.0258767982785694,0.0277777777777778,0.0416666666666667,
0.0555555555555556,0.0694444444444445,0.0833333333333333,0.0972222222222222,
0.111111111111111,0.125,0.138888888888889,0.152777777777778,0.166666666666667,
0.180555555555555,0.194444444444445,0.208333333333334,0.222222222222222,
0.236111111111111,0.25,0.263888888888889,0.277777777777778,0.291666666666667,
0.305555555555555,0.319444444444444,0.333333333333334,0.347222222222222,
0.361111111111111,0.375,0.388888888888889,0.402777777777778,0.416666666666667,
0.430555555555555,0.444444444444444,0.458333333333333,0.472222222222222,
0.486111111111111,0.5,0.513888888888889,0.527777777777778,0.541666666666667,
0.555555555555556,0.569444444444444,0.583333333333333,0.597222222222222,
0.611111111111111,0.625,0.638888888888889,0.652777777777778,0.666666666666667,
0.680555555555556,0.694444444444444,0.708333333333333,0.722222222222222,
0.736111111111111,0.75,0.763888888888889,0.777777777777778,0.791666666666667,
0.805555555555556,0.819444444444444,0.833333333333333,0.847222222222222,
0.861111111111111,0.875,0.888888888888889,0.902777777777778,0.916666666666667,
0.930555555555556,0.944444444444444,0.958333333333333,0.972222222222222,
0.986111111111111,0.989763662462769),.UNSPECIFIED.)
CURVE()
GEOMETRIC_REPRESENTATION_ITEM()
RATIONAL_B_SPLINE_CURVE((0.968345290643156,0.981662826820924,1.,0.866025403784439,
1.,0.866025403784439,1.,0.866025403784439,1.,0.866025403784439,1.,0.866025403784439,
1.,0.866025403784439,1.,0.866025403784439,1.,0.866025403784439,1.,0.866025403784439,
1.,0.866025403784439,1.,0.866025403784439,1.,0.866025403784439,1.,0.866025403784439,
1.,0.866025403784439,1.,0.866025403784439,1.,0.866025403784439,1.,0.866025403784439,
1.,0.866025403784439,1.,0.866025403784439,1.,0.866025403784439,1.,0.866025403784439,
1.,0.866025403784439,1.,0.866025403784439,1.,0.866025403784439,1.,0.866025403784439,
1.,0.866025403784439,1.,0.866025403784439,1.,0.866025403784439,1.,0.866025403784439,
1.,0.866025403784439,1.,0.866025403784439,1.,0.866025403784439,1.,0.866025403784439,
1.,0.866025403784439,1.,0.866025403784439,1.,0.866025403784439,1.,0.866025403784439,
1.,0.866025403784439,1.,0.866025403784439,1.,0.866025403784439,1.,0.866025403784439,
1.,0.866025403784439,1.,0.866025403784439,1.,0.866025403784439,1.,0.866025403784439,
1.,0.866025403784439,1.,0.866025403784439,1.,0.866025403784439,1.,0.866025403784439,
1.,0.866025403784439,1.,0.866025403784439,1.,0.866025403784439,1.,0.866025403784439,
1.,0.866025403784439,1.,0.866025403784439,1.,0.866025403784439,1.,0.866025403784439,
1.,0.866025403784439,1.,0.866025403784439,1.,0.866025403784439,1.,0.866025403784439,
1.,0.866025403784439,1.,0.866025403784439,1.,0.866025403784439,1.,0.866025403784439,
1.,0.866025403784439,1.,0.866025403784439,1.,0.866025403784439,1.,0.866025403784439,
1.,0.964766865340364,0.948065210722612))
REPRESENTATION_ITEM('')
);
#38=(
BOUNDED_CURVE()
B_SPLINE_CURVE(2,(#3764,#3765,#3766,#3767,#3768,#3769,#3770,#3771,#3772,
#3773,#3774,#3775,#3776,#3777,#3778,#3779,#3780,#3781,#3782,#3783,#3784,
#3785,#3786,#3787,#3788,#3789,#3790,#3791,#3792,#3793,#3794,#3795,#3796,
#3797,#3798,#3799,#3800,#3801,#3802,#3803,#3804,#3805,#3806,#3807,#3808,
#3809,#3810,#3811,#3812,#3813,#3814,#3815,#3816,#3817,#3818,#3819,#3820,
#3821,#3822,#3823,#3824,#3825,#3826,#3827,#3828,#3829,#3830,#3831,#3832,
#3833,#3834),.UNSPECIFIED.,.F.,.F.)
B_SPLINE_CURVE_WITH_KNOTS((3,2,2,2,2,2,2,2,2,2,2,2,2,2,2,2,2,2,2,2,2,2,
2,2,2,2,2,2,2,2,2,2,2,2,2,3),(0.0272613098636218,0.03125,0.0416666666666667,
0.0520833333333333,0.0625,0.0729166666666667,0.0833333333333333,0.09375,
0.104166666666667,0.114583333333333,0.125,0.135416666666667,0.145833333333333,
0.15625,0.166666666666667,0.177083333333334,0.1875,0.197916666666667,0.208333333333334,
0.21875,0.229166666666666,0.239583333333334,0.25,0.260416666666667,0.270833333333334,
0.28125,0.291666666666667,0.302083333333334,0.3125,0.322916666666667,0.333333333333334,
0.34375,0.354166666666667,0.364583333333334,0.375,0.379941939687494),
 .UNSPECIFIED.)
CURVE()
GEOMETRIC_REPRESENTATION_ITEM()
RATIONAL_B_SPLINE_CURVE((0.936686036698147,0.948699217556775,1.,0.866025403784439,
1.,0.866025403784439,1.,0.866025403784439,1.,0.866025403784439,1.,0.866025403784439,
1.,0.866025403784439,1.,0.866025403784439,1.,0.866025403784439,1.,0.866025403784439,
1.,0.866025403784439,1.,0.866025403784439,1.,0.866025403784439,1.,0.866025403784439,
1.,0.866025403784439,1.,0.866025403784439,1.,0.866025403784439,1.,0.866025403784439,
1.,0.866025403784439,1.,0.866025403784439,1.,0.866025403784439,1.,0.866025403784439,
1.,0.866025403784439,1.,0.866025403784439,1.,0.866025403784439,1.,0.866025403784439,
1.,0.866025403784439,1.,0.866025403784439,1.,0.866025403784439,1.,0.866025403784439,
1.,0.866025403784439,1.,0.866025403784439,1.,0.866025403784439,1.,0.866025403784439,
1.,0.936438940081248,0.933187945684096))
REPRESENTATION_ITEM('')
);
#39=(
BOUNDED_CURVE()
B_SPLINE_CURVE(2,(#3843,#3844,#3845,#3846,#3847),.UNSPECIFIED.,.F.,.F.)
B_SPLINE_CURVE_WITH_KNOTS((3,2,3),(0.359375,0.364583333333334,0.365734768790697),
 .UNSPECIFIED.)
CURVE()
GEOMETRIC_REPRESENTATION_ITEM()
RATIONAL_B_SPLINE_CURVE((0.933012701892219,0.933012701892219,1.,0.985190742355017,
0.97365545034517))
REPRESENTATION_ITEM('')
);
#40=(
BOUNDED_CURVE()
B_SPLINE_CURVE(2,(#3849,#3850,#3851,#3852,#3853,#3854,#3855,#3856,#3857),
 .UNSPECIFIED.,.F.,.F.)
B_SPLINE_CURVE_WITH_KNOTS((3,2,2,2,3),(0.328125,0.333333333333334,0.34375,
0.354166666666667,0.359375),.UNSPECIFIED.)
CURVE()
GEOMETRIC_REPRESENTATION_ITEM()
RATIONAL_B_SPLINE_CURVE((0.933012701892219,0.933012701892219,1.,0.866025403784439,
1.,0.866025403784439,1.,0.933012701892219,0.933012701892219))
REPRESENTATION_ITEM('')
);
#41=(
BOUNDED_CURVE()
B_SPLINE_CURVE(2,(#3859,#3860,#3861,#3862,#3863,#3864,#3865,#3866,#3867),
 .UNSPECIFIED.,.F.,.F.)
B_SPLINE_CURVE_WITH_KNOTS((3,2,2,2,3),(0.296875,0.302083333333334,0.3125,
0.322916666666667,0.328125),.UNSPECIFIED.)
CURVE()
GEOMETRIC_REPRESENTATION_ITEM()
RATIONAL_B_SPLINE_CURVE((0.933012701892219,0.933012701892219,1.,0.866025403784439,
1.,0.866025403784439,1.,0.933012701892219,0.933012701892219))
REPRESENTATION_ITEM('')
);
#42=(
BOUNDED_CURVE()
B_SPLINE_CURVE(2,(#3869,#3870,#3871,#3872,#3873,#3874,#3875,#3876,#3877),
 .UNSPECIFIED.,.F.,.F.)
B_SPLINE_CURVE_WITH_KNOTS((3,2,2,2,3),(0.265625,0.270833333333334,0.28125,
0.291666666666667,0.296875),.UNSPECIFIED.)
CURVE()
GEOMETRIC_REPRESENTATION_ITEM()
RATIONAL_B_SPLINE_CURVE((0.933012701892219,0.933012701892219,1.,0.866025403784439,
1.,0.866025403784439,1.,0.933012701892219,0.933012701892219))
REPRESENTATION_ITEM('')
);
#43=(
BOUNDED_CURVE()
B_SPLINE_CURVE(2,(#3879,#3880,#3881,#3882,#3883,#3884,#3885,#3886,#3887),
 .UNSPECIFIED.,.F.,.F.)
B_SPLINE_CURVE_WITH_KNOTS((3,2,2,2,3),(0.234375,0.239583333333334,0.25,
0.260416666666667,0.265625),.UNSPECIFIED.)
CURVE()
GEOMETRIC_REPRESENTATION_ITEM()
RATIONAL_B_SPLINE_CURVE((0.933012701892219,0.933012701892219,1.,0.866025403784439,
1.,0.866025403784439,1.,0.933012701892219,0.933012701892219))
REPRESENTATION_ITEM('')
);
#44=(
BOUNDED_CURVE()
B_SPLINE_CURVE(2,(#3889,#3890,#3891,#3892,#3893,#3894,#3895,#3896,#3897),
 .UNSPECIFIED.,.F.,.F.)
B_SPLINE_CURVE_WITH_KNOTS((3,2,2,2,3),(0.203125,0.208333333333334,0.21875,
0.229166666666666,0.234375),.UNSPECIFIED.)
CURVE()
GEOMETRIC_REPRESENTATION_ITEM()
RATIONAL_B_SPLINE_CURVE((0.933012701892219,0.933012701892219,1.,0.866025403784439,
1.,0.866025403784439,1.,0.93301270189222,0.933012701892219))
REPRESENTATION_ITEM('')
);
#45=(
BOUNDED_CURVE()
B_SPLINE_CURVE(2,(#3899,#3900,#3901,#3902,#3903,#3904,#3905,#3906,#3907),
 .UNSPECIFIED.,.F.,.F.)
B_SPLINE_CURVE_WITH_KNOTS((3,2,2,2,3),(0.171875,0.177083333333334,0.1875,
0.197916666666667,0.203125),.UNSPECIFIED.)
CURVE()
GEOMETRIC_REPRESENTATION_ITEM()
RATIONAL_B_SPLINE_CURVE((0.933012701892219,0.933012701892219,1.,0.866025403784439,
1.,0.866025403784439,1.,0.93301270189222,0.933012701892219))
REPRESENTATION_ITEM('')
);
#46=(
BOUNDED_CURVE()
B_SPLINE_CURVE(2,(#3909,#3910,#3911,#3912,#3913,#3914,#3915,#3916,#3917),
 .UNSPECIFIED.,.F.,.F.)
B_SPLINE_CURVE_WITH_KNOTS((3,2,2,2,3),(0.140625,0.145833333333333,0.15625,
0.166666666666667,0.171875),.UNSPECIFIED.)
CURVE()
GEOMETRIC_REPRESENTATION_ITEM()
RATIONAL_B_SPLINE_CURVE((0.933012701892219,0.933012701892219,1.,0.866025403784439,
1.,0.866025403784439,1.,0.93301270189222,0.933012701892219))
REPRESENTATION_ITEM('')
);
#47=(
BOUNDED_CURVE()
B_SPLINE_CURVE(2,(#3919,#3920,#3921,#3922,#3923,#3924,#3925,#3926,#3927),
 .UNSPECIFIED.,.F.,.F.)
B_SPLINE_CURVE_WITH_KNOTS((3,2,2,2,3),(0.109375,0.114583333333333,0.125,
0.135416666666667,0.140625),.UNSPECIFIED.)
CURVE()
GEOMETRIC_REPRESENTATION_ITEM()
RATIONAL_B_SPLINE_CURVE((0.933012701892219,0.933012701892219,1.,0.866025403784439,
1.,0.866025403784439,1.,0.93301270189222,0.933012701892219))
REPRESENTATION_ITEM('')
);
#48=(
BOUNDED_CURVE()
B_SPLINE_CURVE(2,(#3929,#3930,#3931,#3932,#3933,#3934,#3935,#3936,#3937),
 .UNSPECIFIED.,.F.,.F.)
B_SPLINE_CURVE_WITH_KNOTS((3,2,2,2,3),(0.078125,0.0833333333333333,0.09375,
0.104166666666667,0.109375),.UNSPECIFIED.)
CURVE()
GEOMETRIC_REPRESENTATION_ITEM()
RATIONAL_B_SPLINE_CURVE((0.933012701892219,0.933012701892219,1.,0.866025403784439,
1.,0.866025403784439,1.,0.93301270189222,0.933012701892219))
REPRESENTATION_ITEM('')
);
#49=(
BOUNDED_CURVE()
B_SPLINE_CURVE(2,(#3939,#3940,#3941,#3942,#3943,#3944,#3945,#3946,#3947),
 .UNSPECIFIED.,.F.,.F.)
B_SPLINE_CURVE_WITH_KNOTS((3,2,2,2,3),(0.0468749998437374,0.0520833333333333,
0.0625,0.0729166666666667,0.078125),.UNSPECIFIED.)
CURVE()
GEOMETRIC_REPRESENTATION_ITEM()
RATIONAL_B_SPLINE_CURVE((0.933012701892219,0.933012699882438,1.,0.866025403784439,
1.,0.866025403784439,1.,0.93301270189222,0.933012701892219))
REPRESENTATION_ITEM('')
);
#50=(
BOUNDED_CURVE()
B_SPLINE_CURVE(2,(#4100,#4101,#4102,#4103,#4104),.UNSPECIFIED.,.F.,.F.)
B_SPLINE_CURVE_WITH_KNOTS((3,2,3),(0.,0.0104166666666667,0.015625),
 .UNSPECIFIED.)
CURVE()
GEOMETRIC_REPRESENTATION_ITEM()
RATIONAL_B_SPLINE_CURVE((1.,0.866025403784439,1.,0.933012701892219,0.933012701892219))
REPRESENTATION_ITEM('')
);
#51=(
BOUNDED_CURVE()
B_SPLINE_CURVE(2,(#4107,#4108,#4109,#4110,#4111,#4112,#4113,#4114,#4115),
 .UNSPECIFIED.,.F.,.F.)
B_SPLINE_CURVE_WITH_KNOTS((3,2,2,2,3),(0.015625,0.0208333333333333,0.03125,
0.0416666666666667,0.046875),.UNSPECIFIED.)
CURVE()
GEOMETRIC_REPRESENTATION_ITEM()
RATIONAL_B_SPLINE_CURVE((0.933012701892219,0.933012701892219,1.,0.866025403784439,
1.,0.866025403784439,1.,0.933012701892219,0.933012701892219))
REPRESENTATION_ITEM('')
);
#52=(
BOUNDED_CURVE()
B_SPLINE_CURVE(2,(#4117,#4118,#4119,#4120,#4121,#4122,#4123,#4124,#4125),
 .UNSPECIFIED.,.F.,.F.)
B_SPLINE_CURVE_WITH_KNOTS((3,2,2,2,3),(0.046875,0.0520833333333333,0.0625,
0.0729166666666667,0.078125),.UNSPECIFIED.)
CURVE()
GEOMETRIC_REPRESENTATION_ITEM()
RATIONAL_B_SPLINE_CURVE((0.933012701892219,0.933012701892219,1.,0.866025403784439,
1.,0.866025403784439,1.,0.933012701892219,0.933012701892219))
REPRESENTATION_ITEM('')
);
#53=(
BOUNDED_CURVE()
B_SPLINE_CURVE(2,(#4127,#4128,#4129,#4130,#4131,#4132,#4133,#4134,#4135),
 .UNSPECIFIED.,.F.,.F.)
B_SPLINE_CURVE_WITH_KNOTS((3,2,2,2,3),(0.078125,0.0833333333333333,0.09375,
0.104166666666667,0.109375),.UNSPECIFIED.)
CURVE()
GEOMETRIC_REPRESENTATION_ITEM()
RATIONAL_B_SPLINE_CURVE((0.933012701892219,0.933012701892219,1.,0.866025403784439,
1.,0.866025403784439,1.,0.933012701892219,0.933012701892219))
REPRESENTATION_ITEM('')
);
#54=(
BOUNDED_CURVE()
B_SPLINE_CURVE(2,(#4137,#4138,#4139,#4140,#4141,#4142,#4143,#4144,#4145),
 .UNSPECIFIED.,.F.,.F.)
B_SPLINE_CURVE_WITH_KNOTS((3,2,2,2,3),(0.109375,0.114583333333333,0.125,
0.135416666666667,0.140625),.UNSPECIFIED.)
CURVE()
GEOMETRIC_REPRESENTATION_ITEM()
RATIONAL_B_SPLINE_CURVE((0.933012701892219,0.933012701892219,1.,0.866025403784439,
1.,0.866025403784439,1.,0.933012701892219,0.933012701892219))
REPRESENTATION_ITEM('')
);
#55=(
BOUNDED_CURVE()
B_SPLINE_CURVE(2,(#4147,#4148,#4149,#4150,#4151,#4152,#4153,#4154,#4155),
 .UNSPECIFIED.,.F.,.F.)
B_SPLINE_CURVE_WITH_KNOTS((3,2,2,2,3),(0.140625,0.145833333333333,0.15625,
0.166666666666667,0.171875),.UNSPECIFIED.)
CURVE()
GEOMETRIC_REPRESENTATION_ITEM()
RATIONAL_B_SPLINE_CURVE((0.933012701892219,0.933012701892219,1.,0.866025403784439,
1.,0.866025403784439,1.,0.933012701892219,0.933012701892219))
REPRESENTATION_ITEM('')
);
#56=(
BOUNDED_CURVE()
B_SPLINE_CURVE(2,(#4157,#4158,#4159,#4160,#4161,#4162,#4163,#4164,#4165),
 .UNSPECIFIED.,.F.,.F.)
B_SPLINE_CURVE_WITH_KNOTS((3,2,2,2,3),(0.171875,0.177083333333334,0.1875,
0.197916666666667,0.203125),.UNSPECIFIED.)
CURVE()
GEOMETRIC_REPRESENTATION_ITEM()
RATIONAL_B_SPLINE_CURVE((0.933012701892219,0.933012701892219,1.,0.866025403784439,
1.,0.866025403784439,1.,0.933012701892219,0.933012701892219))
REPRESENTATION_ITEM('')
);
#57=(
BOUNDED_CURVE()
B_SPLINE_CURVE(2,(#4167,#4168,#4169,#4170,#4171,#4172,#4173,#4174,#4175),
 .UNSPECIFIED.,.F.,.F.)
B_SPLINE_CURVE_WITH_KNOTS((3,2,2,2,3),(0.203125,0.208333333333334,0.21875,
0.229166666666666,0.234375),.UNSPECIFIED.)
CURVE()
GEOMETRIC_REPRESENTATION_ITEM()
RATIONAL_B_SPLINE_CURVE((0.933012701892219,0.933012701892219,1.,0.866025403784439,
1.,0.866025403784439,1.,0.933012701892219,0.933012701892219))
REPRESENTATION_ITEM('')
);
#58=(
BOUNDED_CURVE()
B_SPLINE_CURVE(2,(#4177,#4178,#4179,#4180,#4181,#4182,#4183,#4184,#4185),
 .UNSPECIFIED.,.F.,.F.)
B_SPLINE_CURVE_WITH_KNOTS((3,2,2,2,3),(0.234375,0.239583333333334,0.25,
0.260416666666667,0.265625),.UNSPECIFIED.)
CURVE()
GEOMETRIC_REPRESENTATION_ITEM()
RATIONAL_B_SPLINE_CURVE((0.933012701892219,0.933012701892219,1.,0.866025403784439,
1.,0.866025403784439,1.,0.933012701892219,0.933012701892219))
REPRESENTATION_ITEM('')
);
#59=(
BOUNDED_CURVE()
B_SPLINE_CURVE(2,(#4187,#4188,#4189,#4190,#4191,#4192,#4193,#4194,#4195),
 .UNSPECIFIED.,.F.,.F.)
B_SPLINE_CURVE_WITH_KNOTS((3,2,2,2,3),(0.265625,0.270833333333334,0.28125,
0.291666666666667,0.296875),.UNSPECIFIED.)
CURVE()
GEOMETRIC_REPRESENTATION_ITEM()
RATIONAL_B_SPLINE_CURVE((0.933012701892219,0.933012701892219,1.,0.866025403784439,
1.,0.866025403784439,1.,0.933012701892219,0.933012701892219))
REPRESENTATION_ITEM('')
);
#60=(
BOUNDED_CURVE()
B_SPLINE_CURVE(2,(#4197,#4198,#4199,#4200,#4201,#4202,#4203),
 .UNSPECIFIED.,.F.,.F.)
B_SPLINE_CURVE_WITH_KNOTS((3,2,2,3),(0.296875,0.302083333333334,0.3125,
0.318682663510106),.UNSPECIFIED.)
CURVE()
GEOMETRIC_REPRESENTATION_ITEM()
RATIONAL_B_SPLINE_CURVE((0.933012701892219,0.933012701892219,1.,0.866025403784439,
1.,0.920481294658898,0.935356969711391))
REPRESENTATION_ITEM('')
);
#61=(
BOUNDED_CURVE()
B_SPLINE_CURVE(2,(#4217,#4218,#4219,#4220,#4221,#4222,#4223,#4224,#4225,
#4226,#4227,#4228,#4229,#4230,#4231,#4232,#4233,#4234,#4235,#4236,#4237,
#4238,#4239,#4240,#4241,#4242,#4243,#4244,#4245,#4246,#4247,#4248,#4249,
#4250,#4251,#4252,#4253,#4254,#4255,#4256,#4257,#4258,#4259,#4260,#4261,
#4262,#4263,#4264,#4265,#4266,#4267,#4268,#4269,#4270,#4271,#4272,#4273,
#4274,#4275,#4276,#4277,#4278,#4279,#4280,#4281,#4282,#4283,#4284,#4285,
#4286,#4287),.UNSPECIFIED.,.F.,.F.)
B_SPLINE_CURVE_WITH_KNOTS((3,2,2,2,2,2,2,2,2,2,2,2,2,2,2,2,2,2,2,2,2,2,
2,2,2,2,2,2,2,2,2,2,2,2,2,3),(0.0194075987089271,0.0208333333333333,0.03125,
0.0416666666666667,0.0520833333333333,0.0625,0.0729166666666667,0.0833333333333333,
0.09375,0.104166666666667,0.114583333333333,0.125,0.135416666666667,0.145833333333333,
0.15625,0.166666666666667,0.177083333333334,0.1875,0.197916666666667,0.208333333333334,
0.21875,0.229166666666666,0.239583333333334,0.25,0.260416666666667,0.270833333333334,
0.28125,0.291666666666667,0.302083333333334,0.3125,0.322916666666667,0.333333333333334,
0.34375,0.354166666666667,0.364583333333334,0.371982526927364),
 .UNSPECIFIED.)
CURVE()
GEOMETRIC_REPRESENTATION_ITEM()
RATIONAL_B_SPLINE_CURVE((0.968345290643156,0.981662826820924,1.,0.866025403784439,
1.,0.866025403784439,1.,0.866025403784439,1.,0.866025403784439,1.,0.866025403784439,
1.,0.866025403784439,1.,0.866025403784439,1.,0.866025403784439,1.,0.866025403784439,
1.,0.866025403784439,1.,0.866025403784439,1.,0.866025403784439,1.,0.866025403784439,
1.,0.866025403784439,1.,0.866025403784439,1.,0.866025403784439,1.,0.866025403784439,
1.,0.866025403784439,1.,0.866025403784439,1.,0.866025403784439,1.,0.866025403784439,
1.,0.866025403784439,1.,0.866025403784439,1.,0.866025403784439,1.,0.866025403784439,
1.,0.866025403784439,1.,0.866025403784439,1.,0.866025403784439,1.,0.866025403784439,
1.,0.866025403784439,1.,0.866025403784439,1.,0.866025403784439,1.,0.866025403784439,
1.,0.904834818488216,0.944865592448457))
REPRESENTATION_ITEM('')
);
#62=(
BOUNDED_CURVE()
B_SPLINE_CURVE(2,(#5321,#5322,#5323,#5324,#5325,#5326,#5327),
 .UNSPECIFIED.,.F.,.F.)
B_SPLINE_CURVE_WITH_KNOTS((3,2,2,3),(0.0416666666666667,0.0555555555555556,
0.0694444444444445,0.0833333333333334),.UNSPECIFIED.)
CURVE()
GEOMETRIC_REPRESENTATION_ITEM()
RATIONAL_B_SPLINE_CURVE((1.,0.866025403784439,1.,0.866025403784439,1.,0.866025403784438,
1.))
REPRESENTATION_ITEM('')
);
#63=(
BOUNDED_CURVE()
B_SPLINE_CURVE(2,(#5329,#5330,#5331,#5332,#5333,#5334,#5335),
 .UNSPECIFIED.,.F.,.F.)
B_SPLINE_CURVE_WITH_KNOTS((3,2,2,3),(0.0833333333333334,0.0972222222222223,
0.111111111111111,0.125),.UNSPECIFIED.)
CURVE()
GEOMETRIC_REPRESENTATION_ITEM()
RATIONAL_B_SPLINE_CURVE((1.,0.866025403784439,1.,0.866025403784439,1.,0.866025403784439,
1.))
REPRESENTATION_ITEM('')
);
#64=(
BOUNDED_CURVE()
B_SPLINE_CURVE(2,(#5337,#5338,#5339,#5340,#5341,#5342,#5343),
 .UNSPECIFIED.,.F.,.F.)
B_SPLINE_CURVE_WITH_KNOTS((3,2,2,3),(0.125,0.138888888888889,0.152777777777778,
0.166666666666667),.UNSPECIFIED.)
CURVE()
GEOMETRIC_REPRESENTATION_ITEM()
RATIONAL_B_SPLINE_CURVE((1.,0.866025403784438,1.,0.866025403784439,1.,0.866025403784439,
1.))
REPRESENTATION_ITEM('')
);
#65=(
BOUNDED_CURVE()
B_SPLINE_CURVE(2,(#5345,#5346,#5347,#5348,#5349,#5350,#5351),
 .UNSPECIFIED.,.F.,.F.)
B_SPLINE_CURVE_WITH_KNOTS((3,2,2,3),(0.166666666666667,0.180555555555555,
0.194444444444445,0.208333333333334),.UNSPECIFIED.)
CURVE()
GEOMETRIC_REPRESENTATION_ITEM()
RATIONAL_B_SPLINE_CURVE((1.,0.866025403784439,1.,0.866025403784439,1.,0.866025403784439,
1.))
REPRESENTATION_ITEM('')
);
#66=(
BOUNDED_CURVE()
B_SPLINE_CURVE(2,(#5353,#5354,#5355,#5356,#5357,#5358,#5359),
 .UNSPECIFIED.,.F.,.F.)
B_SPLINE_CURVE_WITH_KNOTS((3,2,2,3),(0.208333333333334,0.222222222222222,
0.236111111111111,0.25),.UNSPECIFIED.)
CURVE()
GEOMETRIC_REPRESENTATION_ITEM()
RATIONAL_B_SPLINE_CURVE((1.,0.866025403784439,1.,0.866025403784439,1.,0.866025403784439,
1.))
REPRESENTATION_ITEM('')
);
#67=(
BOUNDED_CURVE()
B_SPLINE_CURVE(2,(#5361,#5362,#5363,#5364,#5365,#5366,#5367),
 .UNSPECIFIED.,.F.,.F.)
B_SPLINE_CURVE_WITH_KNOTS((3,2,2,3),(0.25,0.263888888888889,0.277777777777778,
0.291666666666667),.UNSPECIFIED.)
CURVE()
GEOMETRIC_REPRESENTATION_ITEM()
RATIONAL_B_SPLINE_CURVE((1.,0.866025403784439,1.,0.866025403784439,1.,0.866025403784439,
1.))
REPRESENTATION_ITEM('')
);
#68=(
BOUNDED_CURVE()
B_SPLINE_CURVE(2,(#5369,#5370,#5371,#5372,#5373,#5374,#5375),
 .UNSPECIFIED.,.F.,.F.)
B_SPLINE_CURVE_WITH_KNOTS((3,2,2,3),(0.291666666666667,0.305555555555555,
0.319444444444444,0.333333333333334),.UNSPECIFIED.)
CURVE()
GEOMETRIC_REPRESENTATION_ITEM()
RATIONAL_B_SPLINE_CURVE((1.,0.866025403784438,1.,0.866025403784439,1.,0.866025403784439,
1.))
REPRESENTATION_ITEM('')
);
#69=(
BOUNDED_CURVE()
B_SPLINE_CURVE(2,(#5377,#5378,#5379,#5380,#5381,#5382,#5383),
 .UNSPECIFIED.,.F.,.F.)
B_SPLINE_CURVE_WITH_KNOTS((3,2,2,3),(0.333333333333334,0.347222222222222,
0.361111111111111,0.375),.UNSPECIFIED.)
CURVE()
GEOMETRIC_REPRESENTATION_ITEM()
RATIONAL_B_SPLINE_CURVE((1.,0.866025403784439,1.,0.866025403784439,1.,0.866025403784439,
1.))
REPRESENTATION_ITEM('')
);
#70=(
BOUNDED_CURVE()
B_SPLINE_CURVE(2,(#5385,#5386,#5387,#5388,#5389,#5390,#5391),
 .UNSPECIFIED.,.F.,.F.)
B_SPLINE_CURVE_WITH_KNOTS((3,2,2,3),(0.375,0.388888888888889,0.402777777777778,
0.416666666666667),.UNSPECIFIED.)
CURVE()
GEOMETRIC_REPRESENTATION_ITEM()
RATIONAL_B_SPLINE_CURVE((1.,0.866025403784439,1.,0.866025403784439,1.,0.866025403784439,
1.))
REPRESENTATION_ITEM('')
);
#71=(
BOUNDED_CURVE()
B_SPLINE_CURVE(2,(#5393,#5394,#5395,#5396,#5397,#5398,#5399),
 .UNSPECIFIED.,.F.,.F.)
B_SPLINE_CURVE_WITH_KNOTS((3,2,2,3),(0.416666666666667,0.430555555555555,
0.444444444444444,0.458333333333333),.UNSPECIFIED.)
CURVE()
GEOMETRIC_REPRESENTATION_ITEM()
RATIONAL_B_SPLINE_CURVE((1.,0.866025403784438,1.,0.866025403784439,1.,0.866025403784439,
1.))
REPRESENTATION_ITEM('')
);
#72=(
BOUNDED_CURVE()
B_SPLINE_CURVE(2,(#5401,#5402,#5403,#5404,#5405,#5406,#5407),
 .UNSPECIFIED.,.F.,.F.)
B_SPLINE_CURVE_WITH_KNOTS((3,2,2,3),(0.458333333333333,0.472222222222222,
0.486111111111111,0.5),.UNSPECIFIED.)
CURVE()
GEOMETRIC_REPRESENTATION_ITEM()
RATIONAL_B_SPLINE_CURVE((1.,0.866025403784439,1.,0.866025403784439,1.,0.866025403784439,
1.))
REPRESENTATION_ITEM('')
);
#73=(
BOUNDED_CURVE()
B_SPLINE_CURVE(2,(#5409,#5410,#5411,#5412,#5413,#5414,#5415),
 .UNSPECIFIED.,.F.,.F.)
B_SPLINE_CURVE_WITH_KNOTS((3,2,2,3),(0.5,0.513888888888889,0.527777777777778,
0.541666666666667),.UNSPECIFIED.)
CURVE()
GEOMETRIC_REPRESENTATION_ITEM()
RATIONAL_B_SPLINE_CURVE((1.,0.866025403784439,1.,0.866025403784439,1.,0.866025403784439,
1.))
REPRESENTATION_ITEM('')
);
#74=(
BOUNDED_CURVE()
B_SPLINE_CURVE(2,(#5417,#5418,#5419,#5420,#5421,#5422,#5423),
 .UNSPECIFIED.,.F.,.F.)
B_SPLINE_CURVE_WITH_KNOTS((3,2,2,3),(0.541666666666667,0.555555555555556,
0.569444444444444,0.583333333333333),.UNSPECIFIED.)
CURVE()
GEOMETRIC_REPRESENTATION_ITEM()
RATIONAL_B_SPLINE_CURVE((1.,0.866025403784439,1.,0.866025403784439,1.,0.86602540378444,
1.))
REPRESENTATION_ITEM('')
);
#75=(
BOUNDED_CURVE()
B_SPLINE_CURVE(2,(#5425,#5426,#5427,#5428,#5429,#5430,#5431),
 .UNSPECIFIED.,.F.,.F.)
B_SPLINE_CURVE_WITH_KNOTS((3,2,2,3),(0.583333333333333,0.597222222222222,
0.611111111111111,0.625),.UNSPECIFIED.)
CURVE()
GEOMETRIC_REPRESENTATION_ITEM()
RATIONAL_B_SPLINE_CURVE((1.,0.866025403784438,1.,0.866025403784439,1.,0.866025403784439,
1.))
REPRESENTATION_ITEM('')
);
#76=(
BOUNDED_CURVE()
B_SPLINE_CURVE(2,(#5433,#5434,#5435,#5436,#5437,#5438,#5439),
 .UNSPECIFIED.,.F.,.F.)
B_SPLINE_CURVE_WITH_KNOTS((3,2,2,3),(0.625,0.638888888888889,0.652777777777778,
0.666666666666667),.UNSPECIFIED.)
CURVE()
GEOMETRIC_REPRESENTATION_ITEM()
RATIONAL_B_SPLINE_CURVE((1.,0.866025403784439,1.,0.866025403784439,1.,0.866025403784439,
1.))
REPRESENTATION_ITEM('')
);
#77=(
BOUNDED_CURVE()
B_SPLINE_CURVE(2,(#5441,#5442,#5443,#5444,#5445,#5446,#5447),
 .UNSPECIFIED.,.F.,.F.)
B_SPLINE_CURVE_WITH_KNOTS((3,2,2,3),(0.666666666666667,0.680555555555556,
0.694444444444444,0.708333333333333),.UNSPECIFIED.)
CURVE()
GEOMETRIC_REPRESENTATION_ITEM()
RATIONAL_B_SPLINE_CURVE((1.,0.866025403784439,1.,0.866025403784439,1.,0.866025403784441,
1.))
REPRESENTATION_ITEM('')
);
#78=(
BOUNDED_CURVE()
B_SPLINE_CURVE(2,(#5449,#5450,#5451,#5452,#5453,#5454,#5455),
 .UNSPECIFIED.,.F.,.F.)
B_SPLINE_CURVE_WITH_KNOTS((3,2,2,3),(0.708333333333333,0.722222222222222,
0.736111111111111,0.75),.UNSPECIFIED.)
CURVE()
GEOMETRIC_REPRESENTATION_ITEM()
RATIONAL_B_SPLINE_CURVE((1.,0.866025403784437,1.,0.866025403784439,1.,0.866025403784439,
1.))
REPRESENTATION_ITEM('')
);
#79=(
BOUNDED_CURVE()
B_SPLINE_CURVE(2,(#5457,#5458,#5459,#5460,#5461,#5462,#5463),
 .UNSPECIFIED.,.F.,.F.)
B_SPLINE_CURVE_WITH_KNOTS((3,2,2,3),(0.75,0.763888888888889,0.777777777777778,
0.791666666666667),.UNSPECIFIED.)
CURVE()
GEOMETRIC_REPRESENTATION_ITEM()
RATIONAL_B_SPLINE_CURVE((1.,0.866025403784439,1.,0.866025403784439,1.,0.866025403784439,
1.))
REPRESENTATION_ITEM('')
);
#80=(
BOUNDED_CURVE()
B_SPLINE_CURVE(2,(#5465,#5466,#5467,#5468,#5469,#5470,#5471),
 .UNSPECIFIED.,.F.,.F.)
B_SPLINE_CURVE_WITH_KNOTS((3,2,2,3),(0.791666666666667,0.805555555555556,
0.819444444444444,0.833333333333333),.UNSPECIFIED.)
CURVE()
GEOMETRIC_REPRESENTATION_ITEM()
RATIONAL_B_SPLINE_CURVE((1.,0.866025403784439,1.,0.866025403784439,1.,0.86602540378444,
1.))
REPRESENTATION_ITEM('')
);
#81=(
BOUNDED_CURVE()
B_SPLINE_CURVE(2,(#5473,#5474,#5475,#5476,#5477,#5478,#5479),
 .UNSPECIFIED.,.F.,.F.)
B_SPLINE_CURVE_WITH_KNOTS((3,2,2,3),(0.833333333333333,0.847222222222222,
0.861111111111111,0.875),.UNSPECIFIED.)
CURVE()
GEOMETRIC_REPRESENTATION_ITEM()
RATIONAL_B_SPLINE_CURVE((1.,0.866025403784438,1.,0.866025403784439,1.,0.866025403784441,
1.))
REPRESENTATION_ITEM('')
);
#82=(
BOUNDED_CURVE()
B_SPLINE_CURVE(2,(#5481,#5482,#5483,#5484,#5485,#5486,#5487),
 .UNSPECIFIED.,.F.,.F.)
B_SPLINE_CURVE_WITH_KNOTS((3,2,2,3),(0.875,0.888888888888889,0.902777777777778,
0.916666666666667),.UNSPECIFIED.)
CURVE()
GEOMETRIC_REPRESENTATION_ITEM()
RATIONAL_B_SPLINE_CURVE((1.,0.866025403784437,1.,0.866025403784439,1.,0.866025403784439,
1.))
REPRESENTATION_ITEM('')
);
#83=(
BOUNDED_CURVE()
B_SPLINE_CURVE(2,(#5489,#5490,#5491,#5492,#5493),.UNSPECIFIED.,.F.,.F.)
B_SPLINE_CURVE_WITH_KNOTS((3,2,3),(0.916666666666667,0.930555555555556,
0.937500000212353),.UNSPECIFIED.)
CURVE()
GEOMETRIC_REPRESENTATION_ITEM()
RATIONAL_B_SPLINE_CURVE((1.,0.866025403784439,1.,0.933012699843828,0.933012701892219))
REPRESENTATION_ITEM('')
);
#84=(
BOUNDED_SURFACE()
B_SPLINE_SURFACE(1,2,((#2520,#2521,#2522,#2523,#2524,#2525,#2526,#2527,
#2528,#2529,#2530,#2531,#2532,#2533,#2534,#2535,#2536,#2537,#2538,#2539,
#2540,#2541,#2542,#2543,#2544,#2545,#2546,#2547,#2548,#2549,#2550,#2551,
#2552,#2553,#2554,#2555,#2556,#2557,#2558,#2559,#2560,#2561,#2562,#2563,
#2564,#2565,#2566,#2567,#2568,#2569,#2570,#2571,#2572,#2573,#2574,#2575,
#2576,#2577,#2578,#2579,#2580,#2581,#2582,#2583,#2584,#2585,#2586,#2587,
#2588,#2589,#2590,#2591,#2592,#2593,#2594,#2595,#2596,#2597,#2598,#2599,
#2600,#2601,#2602,#2603,#2604,#2605,#2606,#2607,#2608,#2609,#2610,#2611,
#2612,#2613,#2614,#2615,#2616,#2617,#2618,#2619,#2620,#2621,#2622,#2623,
#2624,#2625,#2626,#2627,#2628,#2629,#2630,#2631,#2632,#2633,#2634,#2635,
#2636,#2637,#2638,#2639,#2640,#2641,#2642,#2643,#2644,#2645,#2646,#2647,
#2648,#2649,#2650,#2651,#2652,#2653,#2654,#2655,#2656,#2657,#2658,#2659,
#2660),(#2661,#2662,#2663,#2664,#2665,#2666,#2667,#2668,#2669,#2670,#2671,
#2672,#2673,#2674,#2675,#2676,#2677,#2678,#2679,#2680,#2681,#2682,#2683,
#2684,#2685,#2686,#2687,#2688,#2689,#2690,#2691,#2692,#2693,#2694,#2695,
#2696,#2697,#2698,#2699,#2700,#2701,#2702,#2703,#2704,#2705,#2706,#2707,
#2708,#2709,#2710,#2711,#2712,#2713,#2714,#2715,#2716,#2717,#2718,#2719,
#2720,#2721,#2722,#2723,#2724,#2725,#2726,#2727,#2728,#2729,#2730,#2731,
#2732,#2733,#2734,#2735,#2736,#2737,#2738,#2739,#2740,#2741,#2742,#2743,
#2744,#2745,#2746,#2747,#2748,#2749,#2750,#2751,#2752,#2753,#2754,#2755,
#2756,#2757,#2758,#2759,#2760,#2761,#2762,#2763,#2764,#2765,#2766,#2767,
#2768,#2769,#2770,#2771,#2772,#2773,#2774,#2775,#2776,#2777,#2778,#2779,
#2780,#2781,#2782,#2783,#2784,#2785,#2786,#2787,#2788,#2789,#2790,#2791,
#2792,#2793,#2794,#2795,#2796,#2797,#2798,#2799,#2800,#2801),(#2802,#2803,
#2804,#2805,#2806,#2807,#2808,#2809,#2810,#2811,#2812,#2813,#2814,#2815,
#2816,#2817,#2818,#2819,#2820,#2821,#2822,#2823,#2824,#2825,#2826,#2827,
#2828,#2829,#2830,#2831,#2832,#2833,#2834,#2835,#2836,#2837,#2838,#2839,
#2840,#2841,#2842,#2843,#2844,#2845,#2846,#2847,#2848,#2849,#2850,#2851,
#2852,#2853,#2854,#2855,#2856,#2857,#2858,#2859,#2860,#2861,#2862,#2863,
#2864,#2865,#2866,#2867,#2868,#2869,#2870,#2871,#2872,#2873,#2874,#2875,
#2876,#2877,#2878,#2879,#2880,#2881,#2882,#2883,#2884,#2885,#2886,#2887,
#2888,#2889,#2890,#2891,#2892,#2893,#2894,#2895,#2896,#2897,#2898,#2899,
#2900,#2901,#2902,#2903,#2904,#2905,#2906,#2907,#2908,#2909,#2910,#2911,
#2912,#2913,#2914,#2915,#2916,#2917,#2918,#2919,#2920,#2921,#2922,#2923,
#2924,#2925,#2926,#2927,#2928,#2929,#2930,#2931,#2932,#2933,#2934,#2935,
#2936,#2937,#2938,#2939,#2940,#2941,#2942)),.RULED_SURF.,.F.,.F.,.F.)
B_SPLINE_SURFACE_WITH_KNOTS((2,1,2),(3,2,2,2,2,2,2,2,2,2,2,2,2,2,2,2,2,
2,2,2,2,2,2,2,2,2,2,2,2,2,2,2,2,2,2,2,2,2,2,2,2,2,2,2,2,2,2,2,2,2,2,2,2,
2,2,2,2,2,2,2,2,2,2,2,2,2,2,2,2,2,3),(-0.00600019600331787,0.,1.),(0.0305664999949075,
0.0416666666666667,0.0555555555555556,0.0694444444444445,0.0833333333333333,
0.0972222222222222,0.111111111111111,0.125,0.138888888888889,0.152777777777778,
0.166666666666667,0.180555555555555,0.194444444444445,0.208333333333334,
0.222222222222222,0.236111111111111,0.25,0.263888888888889,0.277777777777778,
0.291666666666667,0.305555555555555,0.319444444444444,0.333333333333334,
0.347222222222222,0.361111111111111,0.375,0.388888888888889,0.402777777777778,
0.416666666666667,0.430555555555555,0.444444444444444,0.458333333333333,
0.472222222222222,0.486111111111111,0.5,0.513888888888889,0.527777777777778,
0.541666666666667,0.555555555555556,0.569444444444444,0.583333333333333,
0.597222222222222,0.611111111111111,0.625,0.638888888888889,0.652777777777778,
0.666666666666667,0.680555555555556,0.694444444444444,0.708333333333333,
0.722222222222222,0.736111111111111,0.75,0.763888888888889,0.777777777777778,
0.791666666666667,0.805555555555556,0.819444444444444,0.833333333333333,
0.847222222222222,0.861111111111111,0.875,0.888888888888889,0.902777777777778,
0.916666666666667,0.930555555555556,0.944444444444444,0.958333333333333,
0.972222222222222,0.986111111111111,1.),.PIECEWISE_BEZIER_KNOTS.)
GEOMETRIC_REPRESENTATION_ITEM()
RATIONAL_B_SPLINE_SURFACE(((0.957001609273075,0.892925894960246,1.,0.866025403784439,
1.,0.866025403784439,1.,0.866025403784439,1.,0.866025403784439,1.,0.866025403784439,
1.,0.866025403784439,1.,0.866025403784439,1.,0.866025403784439,1.,0.866025403784439,
1.,0.866025403784439,1.,0.866025403784439,1.,0.866025403784439,1.,0.866025403784439,
1.,0.866025403784439,1.,0.866025403784439,1.,0.866025403784439,1.,0.866025403784439,
1.,0.866025403784439,1.,0.866025403784439,1.,0.866025403784439,1.,0.866025403784439,
1.,0.866025403784439,1.,0.866025403784439,1.,0.866025403784439,1.,0.866025403784439,
1.,0.866025403784439,1.,0.866025403784439,1.,0.866025403784439,1.,0.866025403784439,
1.,0.866025403784439,1.,0.866025403784439,1.,0.866025403784439,1.,0.866025403784439,
1.,0.866025403784439,1.,0.866025403784439,1.,0.866025403784439,1.,0.866025403784439,
1.,0.866025403784439,1.,0.866025403784439,1.,0.866025403784439,1.,0.866025403784439,
1.,0.866025403784439,1.,0.866025403784439,1.,0.866025403784439,1.,0.866025403784439,
1.,0.866025403784439,1.,0.866025403784439,1.,0.866025403784439,1.,0.866025403784439,
1.,0.866025403784439,1.,0.866025403784439,1.,0.866025403784439,1.,0.866025403784439,
1.,0.866025403784439,1.,0.866025403784439,1.,0.866025403784439,1.,0.866025403784439,
1.,0.866025403784439,1.,0.866025403784439,1.,0.866025403784439,1.,0.866025403784439,
1.,0.866025403784439,1.,0.866025403784439,1.,0.866025403784439,1.,0.866025403784439,
1.,0.866025403784439,1.,0.866025403784439,1.,0.866025403784439,1.,0.866025403784439,
1.),(0.957001609273075,0.892925894960246,1.,0.866025403784439,1.,0.866025403784439,
1.,0.866025403784439,1.,0.866025403784439,1.,0.866025403784439,1.,0.866025403784439,
1.,0.866025403784439,1.,0.866025403784439,1.,0.866025403784439,1.,0.866025403784439,
1.,0.866025403784439,1.,0.866025403784439,1.,0.866025403784439,1.,0.866025403784439,
1.,0.866025403784439,1.,0.866025403784439,1.,0.866025403784439,1.,0.866025403784439,
1.,0.866025403784439,1.,0.866025403784439,1.,0.866025403784439,1.,0.866025403784439,
1.,0.866025403784439,1.,0.866025403784439,1.,0.866025403784439,1.,0.866025403784439,
1.,0.866025403784439,1.,0.866025403784439,1.,0.866025403784439,1.,0.866025403784439,
1.,0.866025403784439,1.,0.866025403784439,1.,0.866025403784439,1.,0.866025403784439,
1.,0.866025403784439,1.,0.866025403784439,1.,0.866025403784439,1.,0.866025403784439,
1.,0.866025403784439,1.,0.866025403784439,1.,0.866025403784439,1.,0.866025403784439,
1.,0.866025403784439,1.,0.866025403784439,1.,0.866025403784439,1.,0.866025403784439,
1.,0.866025403784439,1.,0.866025403784439,1.,0.866025403784439,1.,0.866025403784439,
1.,0.866025403784439,1.,0.866025403784439,1.,0.866025403784439,1.,0.866025403784439,
1.,0.866025403784439,1.,0.866025403784439,1.,0.866025403784439,1.,0.866025403784439,
1.,0.866025403784439,1.,0.866025403784439,1.,0.866025403784439,1.,0.866025403784439,
1.,0.866025403784439,1.,0.866025403784439,1.,0.866025403784439,1.,0.866025403784439,
1.,0.866025403784439,1.,0.866025403784439,1.,0.866025403784439,1.),(0.957001609273075,
0.892925894960246,1.,0.866025403784439,1.,0.866025403784439,1.,0.866025403784439,
1.,0.866025403784439,1.,0.866025403784439,1.,0.866025403784439,1.,0.866025403784439,
1.,0.866025403784439,1.,0.866025403784439,1.,0.866025403784439,1.,0.866025403784439,
1.,0.866025403784439,1.,0.866025403784439,1.,0.866025403784439,1.,0.866025403784439,
1.,0.866025403784439,1.,0.866025403784439,1.,0.866025403784439,1.,0.866025403784439,
1.,0.866025403784439,1.,0.866025403784439,1.,0.866025403784439,1.,0.866025403784439,
1.,0.866025403784439,1.,0.866025403784439,1.,0.866025403784439,1.,0.866025403784439,
1.,0.866025403784439,1.,0.866025403784439,1.,0.866025403784439,1.,0.866025403784439,
1.,0.866025403784439,1.,0.866025403784439,1.,0.866025403784439,1.,0.866025403784439,
1.,0.866025403784439,1.,0.866025403784439,1.,0.866025403784439,1.,0.866025403784439,
1.,0.866025403784439,1.,0.866025403784439,1.,0.866025403784439,1.,0.866025403784439,
1.,0.866025403784439,1.,0.866025403784439,1.,0.866025403784439,1.,0.866025403784439,
1.,0.866025403784439,1.,0.866025403784439,1.,0.866025403784439,1.,0.866025403784439,
1.,0.866025403784439,1.,0.866025403784439,1.,0.866025403784439,1.,0.866025403784439,
1.,0.866025403784439,1.,0.866025403784439,1.,0.866025403784439,1.,0.866025403784439,
1.,0.866025403784439,1.,0.866025403784439,1.,0.866025403784439,1.,0.866025403784439,
1.,0.866025403784439,1.,0.866025403784439,1.,0.866025403784439,1.,0.866025403784439,
1.,0.866025403784439,1.,0.866025403784439,1.)))
REPRESENTATION_ITEM('')
SURFACE()
);
#85=(
BOUNDED_SURFACE()
B_SPLINE_SURFACE(1,2,((#3622,#3623,#3624,#3625,#3626,#3627,#3628,#3629,
#3630,#3631,#3632,#3633,#3634,#3635,#3636,#3637,#3638,#3639,#3640,#3641,
#3642,#3643,#3644,#3645,#3646,#3647,#3648,#3649,#3650,#3651,#3652,#3653,
#3654,#3655,#3656,#3657,#3658,#3659,#3660,#3661,#3662,#3663,#3664,#3665,
#3666,#3667,#3668,#3669,#3670,#3671,#3672,#3673,#3674,#3675,#3676,#3677,
#3678,#3679,#3680,#3681,#3682,#3683,#3684,#3685,#3686,#3687,#3688,#3689,
#3690,#3691,#3692),(#3693,#3694,#3695,#3696,#3697,#3698,#3699,#3700,#3701,
#3702,#3703,#3704,#3705,#3706,#3707,#3708,#3709,#3710,#3711,#3712,#3713,
#3714,#3715,#3716,#3717,#3718,#3719,#3720,#3721,#3722,#3723,#3724,#3725,
#3726,#3727,#3728,#3729,#3730,#3731,#3732,#3733,#3734,#3735,#3736,#3737,
#3738,#3739,#3740,#3741,#3742,#3743,#3744,#3745,#3746,#3747,#3748,#3749,
#3750,#3751,#3752,#3753,#3754,#3755,#3756,#3757,#3758,#3759,#3760,#3761,
#3762,#3763)),.RULED_SURF.,.F.,.F.,.F.)
B_SPLINE_SURFACE_WITH_KNOTS((2,2),(3,2,2,2,2,2,2,2,2,2,2,2,2,2,2,2,2,2,
2,2,2,2,2,2,2,2,2,2,2,2,2,2,2,2,2,3),(0.,1.),(0.0251452260846786,0.03125,
0.0416666666666667,0.0520833333333333,0.0625,0.0729166666666667,0.0833333333333333,
0.09375,0.104166666666667,0.114583333333333,0.125,0.135416666666667,0.145833333333333,
0.15625,0.166666666666667,0.177083333333334,0.1875,0.197916666666667,0.208333333333334,
0.21875,0.229166666666666,0.239583333333334,0.25,0.260416666666667,0.270833333333334,
0.28125,0.291666666666667,0.302083333333334,0.3125,0.322916666666667,0.333333333333334,
0.34375,0.354166666666667,0.364583333333334,0.375,0.382058023466437),
 .PIECEWISE_BEZIER_KNOTS.)
GEOMETRIC_REPRESENTATION_ITEM()
RATIONAL_B_SPLINE_SURFACE(((0.934997141727062,0.921483076451922,1.,0.866025403784439,
1.,0.866025403784439,1.,0.866025403784439,1.,0.866025403784439,1.,0.866025403784439,
1.,0.866025403784439,1.,0.866025403784439,1.,0.866025403784439,1.,0.866025403784439,
1.,0.866025403784439,1.,0.866025403784439,1.,0.866025403784439,1.,0.866025403784439,
1.,0.866025403784439,1.,0.866025403784439,1.,0.866025403784439,1.,0.866025403784439,
1.,0.866025403784439,1.,0.866025403784439,1.,0.866025403784439,1.,0.866025403784439,
1.,0.866025403784439,1.,0.866025403784439,1.,0.866025403784439,1.,0.866025403784439,
1.,0.866025403784439,1.,0.866025403784439,1.,0.866025403784439,1.,0.866025403784439,
1.,0.866025403784439,1.,0.866025403784439,1.,0.866025403784439,1.,0.866025403784439,
1.,0.909222798976394,0.941461460040873),(0.934997141727062,0.921483076451922,
1.,0.866025403784439,1.,0.866025403784439,1.,0.866025403784439,1.,0.866025403784439,
1.,0.866025403784439,1.,0.866025403784439,1.,0.866025403784439,1.,0.866025403784439,
1.,0.866025403784439,1.,0.866025403784439,1.,0.866025403784439,1.,0.866025403784439,
1.,0.866025403784439,1.,0.866025403784439,1.,0.866025403784439,1.,0.866025403784439,
1.,0.866025403784439,1.,0.866025403784439,1.,0.866025403784439,1.,0.866025403784439,
1.,0.866025403784439,1.,0.866025403784439,1.,0.866025403784439,1.,0.866025403784439,
1.,0.866025403784439,1.,0.866025403784439,1.,0.866025403784439,1.,0.866025403784439,
1.,0.866025403784439,1.,0.866025403784439,1.,0.866025403784439,1.,0.866025403784439,
1.,0.866025403784439,1.,0.909222798976394,0.941461460040873)))
REPRESENTATION_ITEM('')
SURFACE()
);
#86=(
BOUNDED_SURFACE()
B_SPLINE_SURFACE(1,2,((#3954,#3955,#3956,#3957,#3958,#3959,#3960,#3961,
#3962,#3963,#3964,#3965,#3966,#3967,#3968,#3969,#3970,#3971,#3972,#3973,
#3974,#3975,#3976,#3977,#3978,#3979,#3980,#3981,#3982,#3983,#3984,#3985,
#3986,#3987,#3988,#3989,#3990,#3991,#3992,#3993,#3994,#3995,#3996,#3997,
#3998,#3999,#4000,#4001,#4002,#4003,#4004,#4005,#4006,#4007,#4008,#4009,
#4010,#4011,#4012,#4013,#4014,#4015,#4016,#4017,#4018,#4019,#4020,#4021,
#4022,#4023,#4024,#4025,#4026),(#4027,#4028,#4029,#4030,#4031,#4032,#4033,
#4034,#4035,#4036,#4037,#4038,#4039,#4040,#4041,#4042,#4043,#4044,#4045,
#4046,#4047,#4048,#4049,#4050,#4051,#4052,#4053,#4054,#4055,#4056,#4057,
#4058,#4059,#4060,#4061,#4062,#4063,#4064,#4065,#4066,#4067,#4068,#4069,
#4070,#4071,#4072,#4073,#4074,#4075,#4076,#4077,#4078,#4079,#4080,#4081,
#4082,#4083,#4084,#4085,#4086,#4087,#4088,#4089,#4090,#4091,#4092,#4093,
#4094,#4095,#4096,#4097,#4098,#4099)),.RULED_SURF.,.F.,.F.,.F.)
B_SPLINE_SURFACE_WITH_KNOTS((2,2),(3,2,2,2,2,2,2,2,2,2,2,2,2,2,2,2,2,2,
2,2,2,2,2,2,2,2,2,2,2,2,2,2,2,2,2,2,3),(0.,1.),(0.,0.0104166666666667,0.0208333333333333,
0.03125,0.0416666666666667,0.0520833333333333,0.0625,0.0729166666666667,
0.0833333333333333,0.09375,0.104166666666667,0.114583333333333,0.125,0.135416666666667,
0.145833333333333,0.15625,0.166666666666667,0.177083333333334,0.1875,0.197916666666667,
0.208333333333334,0.21875,0.229166666666666,0.239583333333334,0.25,0.260416666666667,
0.270833333333334,0.28125,0.291666666666667,0.302083333333334,0.3125,0.322916666666667,
0.333333333333334,0.34375,0.354166666666667,0.364583333333334,0.374214422088929),
 .PIECEWISE_BEZIER_KNOTS.)
GEOMETRIC_REPRESENTATION_ITEM()
RATIONAL_B_SPLINE_SURFACE(((1.,0.866025403784439,1.,0.866025403784439,1.,
0.866025403784439,1.,0.866025403784439,1.,0.866025403784439,1.,0.866025403784439,
1.,0.866025403784439,1.,0.866025403784439,1.,0.866025403784439,1.,0.866025403784439,
1.,0.866025403784439,1.,0.866025403784439,1.,0.866025403784439,1.,0.866025403784439,
1.,0.866025403784439,1.,0.866025403784439,1.,0.866025403784439,1.,0.866025403784439,
1.,0.866025403784439,1.,0.866025403784439,1.,0.866025403784439,1.,0.866025403784439,
1.,0.866025403784439,1.,0.866025403784439,1.,0.866025403784439,1.,0.866025403784439,
1.,0.866025403784439,1.,0.866025403784439,1.,0.866025403784439,1.,0.866025403784439,
1.,0.866025403784439,1.,0.866025403784439,1.,0.866025403784439,1.,0.866025403784439,
1.,0.866025403784439,1.,0.876129162193877,0.981316442750773),(1.,0.866025403784439,
1.,0.866025403784439,1.,0.866025403784439,1.,0.866025403784439,1.,0.866025403784439,
1.,0.866025403784439,1.,0.866025403784439,1.,0.866025403784439,1.,0.866025403784439,
1.,0.866025403784439,1.,0.866025403784439,1.,0.866025403784439,1.,0.866025403784439,
1.,0.866025403784439,1.,0.866025403784439,1.,0.866025403784439,1.,0.866025403784439,
1.,0.866025403784439,1.,0.866025403784439,1.,0.866025403784439,1.,0.866025403784439,
1.,0.866025403784439,1.,0.866025403784439,1.,0.866025403784439,1.,0.866025403784439,
1.,0.866025403784439,1.,0.866025403784439,1.,0.866025403784439,1.,0.866025403784439,
1.,0.866025403784439,1.,0.866025403784439,1.,0.866025403784439,1.,0.866025403784439,
1.,0.866025403784439,1.,0.866025403784439,1.,0.876129162193877,0.981316442750773)))
REPRESENTATION_ITEM('')
SURFACE()
);
#87=LINE('',#2441,#209);
#88=LINE('',#2445,#210);
#89=LINE('',#2449,#211);
#90=LINE('',#2452,#212);
#91=LINE('',#2453,#213);
#92=LINE('',#2457,#214);
#93=LINE('',#2463,#215);
#94=LINE('',#2465,#216);
#95=LINE('',#2467,#217);
#96=LINE('',#2469,#218);
#97=LINE('',#2471,#219);
#98=LINE('',#2478,#220);
#99=LINE('',#2479,#221);
#100=LINE('',#2481,#222);
#101=LINE('',#2482,#223);
#102=LINE('',#2484,#224);
#103=LINE('',#2486,#225);
#104=LINE('',#2488,#226);
#105=LINE('',#2490,#227);
#106=LINE('',#2492,#228);
#107=LINE('',#2494,#229);
#108=LINE('',#2496,#230);
#109=LINE('',#2498,#231);
#110=LINE('',#2500,#232);
#111=LINE('',#2502,#233);
#112=LINE('',#2504,#234);
#113=LINE('',#2517,#235);
#114=LINE('',#3274,#236);
#115=LINE('',#3435,#237);
#116=LINE('',#3439,#238);
#117=LINE('',#3445,#239);
#118=LINE('',#3450,#240);
#119=LINE('',#3454,#241);
#120=LINE('',#3459,#242);
#121=LINE('',#3463,#243);
#122=LINE('',#3468,#244);
#123=LINE('',#3472,#245);
#124=LINE('',#3477,#246);
#125=LINE('',#3481,#247);
#126=LINE('',#3486,#248);
#127=LINE('',#3490,#249);
#128=LINE('',#3495,#250);
#129=LINE('',#3499,#251);
#130=LINE('',#3504,#252);
#131=LINE('',#3508,#253);
#132=LINE('',#3513,#254);
#133=LINE('',#3517,#255);
#134=LINE('',#3522,#256);
#135=LINE('',#3526,#257);
#136=LINE('',#3531,#258);
#137=LINE('',#3535,#259);
#138=LINE('',#3540,#260);
#139=LINE('',#3544,#261);
#140=LINE('',#3549,#262);
#141=LINE('',#3553,#263);
#142=LINE('',#3558,#264);
#143=LINE('',#3562,#265);
#144=LINE('',#3567,#266);
#145=LINE('',#3571,#267);
#146=LINE('',#3573,#268);
#147=LINE('',#3574,#269);
#148=LINE('',#3576,#270);
#149=LINE('',#3577,#271);
#150=LINE('',#3579,#272);
#151=LINE('',#3580,#273);
#152=LINE('',#3582,#274);
#153=LINE('',#3583,#275);
#154=LINE('',#3585,#276);
#155=LINE('',#3586,#277);
#156=LINE('',#3588,#278);
#157=LINE('',#3589,#279);
#158=LINE('',#3591,#280);
#159=LINE('',#3592,#281);
#160=LINE('',#3594,#282);
#161=LINE('',#3595,#283);
#162=LINE('',#3597,#284);
#163=LINE('',#3598,#285);
#164=LINE('',#3600,#286);
#165=LINE('',#3601,#287);
#166=LINE('',#3603,#288);
#167=LINE('',#3604,#289);
#168=LINE('',#3606,#290);
#169=LINE('',#3607,#291);
#170=LINE('',#3609,#292);
#171=LINE('',#3610,#293);
#172=LINE('',#3612,#294);
#173=LINE('',#3613,#295);
#174=LINE('',#3615,#296);
#175=LINE('',#3618,#297);
#176=LINE('',#3620,#298);
#177=LINE('',#3621,#299);
#178=LINE('',#4300,#300);
#179=LINE('',#4306,#301);
#180=LINE('',#4310,#302);
#181=LINE('',#4312,#303);
#182=LINE('',#4314,#304);
#183=LINE('',#4318,#305);
#184=LINE('',#4322,#306);
#185=LINE('',#4324,#307);
#186=LINE('',#4328,#308);
#187=LINE('',#4332,#309);
#188=LINE('',#4333,#310);
#189=LINE('',#4335,#311);
#190=LINE('',#4339,#312);
#191=LINE('',#4341,#313);
#192=LINE('',#4345,#314);
#193=LINE('',#4347,#315);
#194=LINE('',#4349,#316);
#195=LINE('',#4353,#317);
#196=LINE('',#4355,#318);
#197=LINE('',#4357,#319);
#198=LINE('',#4363,#320);
#199=LINE('',#4365,#321);
#200=LINE('',#4367,#322);
#201=LINE('',#4369,#323);
#202=LINE('',#4374,#324);
#203=LINE('',#4376,#325);
#204=LINE('',#4378,#326);
#205=LINE('',#4382,#327);
#206=LINE('',#4384,#328);
#207=LINE('',#4385,#329);
#208=LINE('',#4387,#330);
#209=VECTOR('',#2005,1.);
#210=VECTOR('',#2008,1.);
#211=VECTOR('',#2013,1.);
#212=VECTOR('',#2014,1.);
#213=VECTOR('',#2015,1.);
#214=VECTOR('',#2018,1.);
#215=VECTOR('',#2025,1.);
#216=VECTOR('',#2026,1.);
#217=VECTOR('',#2027,1.);
#218=VECTOR('',#2028,1.);
#219=VECTOR('',#2029,1.);
#220=VECTOR('',#2036,1.);
#221=VECTOR('',#2037,1.);
#222=VECTOR('',#2040,1.);
#223=VECTOR('',#2041,1.);
#224=VECTOR('',#2042,1.);
#225=VECTOR('',#2043,1.);
#226=VECTOR('',#2046,1.);
#227=VECTOR('',#2047,1.);
#228=VECTOR('',#2050,1.);
#229=VECTOR('',#2051,1.);
#230=VECTOR('',#2054,1.);
#231=VECTOR('',#2055,1.);
#232=VECTOR('',#2058,1.);
#233=VECTOR('',#2059,1.);
#234=VECTOR('',#2062,1.);
#235=VECTOR('',#2067,1.);
#236=VECTOR('',#2072,1.);
#237=VECTOR('',#2087,1.);
#238=VECTOR('',#2090,1.);
#239=VECTOR('',#2097,1.);
#240=VECTOR('',#2102,1.);
#241=VECTOR('',#2105,1.);
#242=VECTOR('',#2110,1.);
#243=VECTOR('',#2113,1.);
#244=VECTOR('',#2118,1.);
#245=VECTOR('',#2121,1.);
#246=VECTOR('',#2126,1.);
#247=VECTOR('',#2129,1.);
#248=VECTOR('',#2134,1.);
#249=VECTOR('',#2137,1.);
#250=VECTOR('',#2142,1.);
#251=VECTOR('',#2145,1.);
#252=VECTOR('',#2150,1.);
#253=VECTOR('',#2153,1.);
#254=VECTOR('',#2158,1.);
#255=VECTOR('',#2161,1.);
#256=VECTOR('',#2166,1.);
#257=VECTOR('',#2169,1.);
#258=VECTOR('',#2174,1.);
#259=VECTOR('',#2177,1.);
#260=VECTOR('',#2182,1.);
#261=VECTOR('',#2185,1.);
#262=VECTOR('',#2190,1.);
#263=VECTOR('',#2193,1.);
#264=VECTOR('',#2198,1.);
#265=VECTOR('',#2201,1.);
#266=VECTOR('',#2206,1.);
#267=VECTOR('',#2209,1.);
#268=VECTOR('',#2212,1.);
#269=VECTOR('',#2213,1.);
#270=VECTOR('',#2216,1.);
#271=VECTOR('',#2217,1.);
#272=VECTOR('',#2220,1.);
#273=VECTOR('',#2221,1.);
#274=VECTOR('',#2224,1.);
#275=VECTOR('',#2225,1.);
#276=VECTOR('',#2228,1.);
#277=VECTOR('',#2229,1.);
#278=VECTOR('',#2232,1.);
#279=VECTOR('',#2233,1.);
#280=VECTOR('',#2236,1.);
#281=VECTOR('',#2237,1.);
#282=VECTOR('',#2240,1.);
#283=VECTOR('',#2241,1.);
#284=VECTOR('',#2244,1.);
#285=VECTOR('',#2245,1.);
#286=VECTOR('',#2248,1.);
#287=VECTOR('',#2249,1.);
#288=VECTOR('',#2252,1.);
#289=VECTOR('',#2253,1.);
#290=VECTOR('',#2256,1.);
#291=VECTOR('',#2257,1.);
#292=VECTOR('',#2260,1.);
#293=VECTOR('',#2261,1.);
#294=VECTOR('',#2264,1.);
#295=VECTOR('',#2265,1.);
#296=VECTOR('',#2268,1.);
#297=VECTOR('',#2269,1.);
#298=VECTOR('',#2270,1.);
#299=VECTOR('',#2271,1.);
#300=VECTOR('',#2282,1.);
#301=VECTOR('',#2287,1.);
#302=VECTOR('',#2290,1.);
#303=VECTOR('',#2291,1.);
#304=VECTOR('',#2292,1.);
#305=VECTOR('',#2295,1.);
#306=VECTOR('',#2298,1.);
#307=VECTOR('',#2299,1.);
#308=VECTOR('',#2302,1.);
#309=VECTOR('',#2307,1.);
#310=VECTOR('',#2308,1.);
#311=VECTOR('',#2309,1.);
#312=VECTOR('',#2314,1.);
#313=VECTOR('',#2317,1.);
#314=VECTOR('',#2320,1.);
#315=VECTOR('',#2323,1.);
#316=VECTOR('',#2324,1.);
#317=VECTOR('',#2329,1.);
#318=VECTOR('',#2332,1.);
#319=VECTOR('',#2333,1.);
#320=VECTOR('',#2336,1.);
#321=VECTOR('',#2337,1.);
#322=VECTOR('',#2340,1.);
#323=VECTOR('',#2341,1.);
#324=VECTOR('',#2348,1.);
#325=VECTOR('',#2351,1.);
#326=VECTOR('',#2352,1.);
#327=VECTOR('',#2357,1.);
#328=VECTOR('',#2360,1.);
#329=VECTOR('',#2361,1.);
#330=VECTOR('',#2364,1.);
#331=CYLINDRICAL_SURFACE('',#1840,0.002);
#332=CYLINDRICAL_SURFACE('',#1850,0.005);
#333=CYLINDRICAL_SURFACE('',#1861,0.0015206329375);
#334=CYLINDRICAL_SURFACE('',#1867,0.002);
#335=CYLINDRICAL_SURFACE('',#1870,0.00043);
#336=CYLINDRICAL_SURFACE('',#1873,0.00043);
#337=CYLINDRICAL_SURFACE('',#1876,0.00043);
#338=CYLINDRICAL_SURFACE('',#1879,0.00043);
#339=CYLINDRICAL_SURFACE('',#1882,0.00043);
#340=CYLINDRICAL_SURFACE('',#1885,0.00043);
#341=CYLINDRICAL_SURFACE('',#1888,0.00043);
#342=CYLINDRICAL_SURFACE('',#1891,0.00043);
#343=CYLINDRICAL_SURFACE('',#1894,0.00043);
#344=CYLINDRICAL_SURFACE('',#1897,0.00043);
#345=CYLINDRICAL_SURFACE('',#1900,0.00043);
#346=CYLINDRICAL_SURFACE('',#1903,0.00043);
#347=CYLINDRICAL_SURFACE('',#1906,0.00043);
#348=CYLINDRICAL_SURFACE('',#1909,0.00043);
#349=CYLINDRICAL_SURFACE('',#1912,0.00043);
#350=CYLINDRICAL_SURFACE('',#1930,0.0015206329375);
#351=CYLINDRICAL_SURFACE('',#1945,0.0035);
#352=CYLINDRICAL_SURFACE('',#1948,0.004);
#353=CYLINDRICAL_SURFACE('',#1953,0.005);
#354=CYLINDRICAL_SURFACE('',#1957,0.002);
#355=CYLINDRICAL_SURFACE('',#1961,0.005);
#356=CYLINDRICAL_SURFACE('',#1967,0.00125);
#357=CYLINDRICAL_SURFACE('',#1968,0.00125);
#358=CYLINDRICAL_SURFACE('',#1971,0.001);
#359=CYLINDRICAL_SURFACE('',#1972,0.0015206329375);
#360=CYLINDRICAL_SURFACE('',#1978,0.00125);
#361=CYLINDRICAL_SURFACE('',#1979,0.0015);
#362=CYLINDRICAL_SURFACE('',#1980,0.0015);
#363=CYLINDRICAL_SURFACE('',#1985,0.0026);
#364=CYLINDRICAL_SURFACE('',#1986,0.0041);
#365=B_SPLINE_CURVE_WITH_KNOTS('',3,(#2427,#2428,#2429,#2430),
 .UNSPECIFIED.,.F.,.F.,(4,4),(0.,0.00175450847658092),.UNSPECIFIED.);
#366=B_SPLINE_CURVE_WITH_KNOTS('',3,(#2433,#2434,#2435,#2436),
 .UNSPECIFIED.,.F.,.F.,(4,4),(0.,0.00174568769099151),.UNSPECIFIED.);
#367=B_SPLINE_CURVE_WITH_KNOTS('',3,(#2506,#2507,#2508,#2509,#2510,#2511,
#2512),.UNSPECIFIED.,.F.,.F.,(4,1,1,1,4),(0.,0.00135824120370781,0.00271648240741562,
0.00407472361112343,0.00543296481483124),.UNSPECIFIED.);
#368=B_SPLINE_CURVE_WITH_KNOTS('',3,(#3261,#3262,#3263,#3264,#3265,#3266,
#3267),.UNSPECIFIED.,.F.,.F.,(4,1,1,1,4),(0.,0.00133429093095411,0.00266858186190821,
0.00400287279286232,0.00533716372381642),.UNSPECIFIED.);
#369=B_SPLINE_CURVE_WITH_KNOTS('',3,(#3269,#3270,#3271,#3272),
 .UNSPECIFIED.,.F.,.F.,(4,4),(4.1825216050737E-10,0.000778501899040651),
 .UNSPECIFIED.);
#370=B_SPLINE_CURVE_WITH_KNOTS('',3,(#3423,#3424,#3425,#3426),
 .UNSPECIFIED.,.F.,.F.,(4,4),(1.68490925607143E-13,0.00145416846885568),
 .UNSPECIFIED.);
#371=B_SPLINE_CURVE_WITH_KNOTS('',3,(#3837,#3838,#3839,#3840,#3841),
 .UNSPECIFIED.,.F.,.F.,(4,1,4),(0.,0.00100517908796858,0.00201035817593716),
 .UNSPECIFIED.);
#372=B_SPLINE_CURVE_WITH_KNOTS('',3,(#3949,#3950,#3951,#3952,#3953),
 .UNSPECIFIED.,.F.,.F.,(4,1,4),(0.,0.00136364412022134,0.00272728824044268),
 .UNSPECIFIED.);
#373=B_SPLINE_CURVE_WITH_KNOTS('',3,(#4205,#4206,#4207,#4208,#4209,#4210,
#4211,#4212,#4213,#4214,#4215),.UNSPECIFIED.,.F.,.F.,(4,1,1,1,1,1,1,1,4),
(0.,0.000929373776578364,0.00185874755315673,0.00278812132973509,0.00371749510631346,
0.00464686888289182,0.00557624265947018,0.00650561643604855,0.00743499021262691),
 .UNSPECIFIED.);
#374=B_SPLINE_CURVE_WITH_KNOTS('',3,(#4289,#4290,#4291,#4292,#4293),
 .UNSPECIFIED.,.F.,.F.,(4,1,4),(0.,0.00135366134620178,0.00270732269240357),
 .UNSPECIFIED.);
#375=B_SPLINE_CURVE_WITH_KNOTS('',3,(#4358,#4359,#4360,#4361),
 .UNSPECIFIED.,.F.,.F.,(4,4),(7.81953818294256E-14,0.00073945325931786),
 .UNSPECIFIED.);
#376=CONICAL_SURFACE('',#1837,0.0015,0.785398163397448);
#377=CONICAL_SURFACE('',#1858,0.00125,1.0471975511966);
#378=CONICAL_SURFACE('',#1864,0.00125,0.785398163397448);
#379=CONICAL_SURFACE('',#1970,0.00125,0.785398163397465);
#380=CONICAL_SURFACE('',#1974,0.0015206329375,1.0471975511966);
#381=CONICAL_SURFACE('',#1976,0.00125,1.02974425867665);
#382=CONICAL_SURFACE('',#1982,0.0025,0.785398163397448);
#383=CONICAL_SURFACE('',#1983,0.0026,0.785398163397449);
#384=ORIENTED_EDGE('',*,*,#940,.T.);
#385=ORIENTED_EDGE('',*,*,#941,.F.);
#386=ORIENTED_EDGE('',*,*,#942,.F.);
#387=ORIENTED_EDGE('',*,*,#943,.F.);
#388=ORIENTED_EDGE('',*,*,#944,.T.);
#389=ORIENTED_EDGE('',*,*,#945,.F.);
#390=ORIENTED_EDGE('',*,*,#946,.T.);
#391=ORIENTED_EDGE('',*,*,#947,.F.);
#392=ORIENTED_EDGE('',*,*,#948,.F.);
#393=ORIENTED_EDGE('',*,*,#949,.T.);
#394=ORIENTED_EDGE('',*,*,#950,.F.);
#395=ORIENTED_EDGE('',*,*,#951,.T.);
#396=ORIENTED_EDGE('',*,*,#952,.T.);
#397=ORIENTED_EDGE('',*,*,#948,.T.);
#398=ORIENTED_EDGE('',*,*,#953,.T.);
#399=ORIENTED_EDGE('',*,*,#954,.T.);
#400=ORIENTED_EDGE('',*,*,#955,.T.);
#401=ORIENTED_EDGE('',*,*,#956,.T.);
#402=ORIENTED_EDGE('',*,*,#957,.F.);
#403=ORIENTED_EDGE('',*,*,#958,.F.);
#404=ORIENTED_EDGE('',*,*,#959,.T.);
#405=ORIENTED_EDGE('',*,*,#960,.T.);
#406=ORIENTED_EDGE('',*,*,#961,.T.);
#407=ORIENTED_EDGE('',*,*,#962,.F.);
#408=ORIENTED_EDGE('',*,*,#946,.F.);
#409=ORIENTED_EDGE('',*,*,#963,.T.);
#410=ORIENTED_EDGE('',*,*,#964,.T.);
#411=ORIENTED_EDGE('',*,*,#965,.F.);
#412=ORIENTED_EDGE('',*,*,#954,.F.);
#413=ORIENTED_EDGE('',*,*,#966,.T.);
#414=ORIENTED_EDGE('',*,*,#967,.T.);
#415=ORIENTED_EDGE('',*,*,#945,.T.);
#416=ORIENTED_EDGE('',*,*,#943,.T.);
#417=ORIENTED_EDGE('',*,*,#968,.T.);
#418=ORIENTED_EDGE('',*,*,#969,.T.);
#419=ORIENTED_EDGE('',*,*,#970,.F.);
#420=ORIENTED_EDGE('',*,*,#966,.F.);
#421=ORIENTED_EDGE('',*,*,#953,.F.);
#422=ORIENTED_EDGE('',*,*,#947,.T.);
#423=ORIENTED_EDGE('',*,*,#962,.T.);
#424=ORIENTED_EDGE('',*,*,#968,.F.);
#425=ORIENTED_EDGE('',*,*,#942,.T.);
#426=ORIENTED_EDGE('',*,*,#967,.F.);
#427=ORIENTED_EDGE('',*,*,#961,.F.);
#428=ORIENTED_EDGE('',*,*,#971,.T.);
#429=ORIENTED_EDGE('',*,*,#972,.T.);
#430=ORIENTED_EDGE('',*,*,#973,.T.);
#431=ORIENTED_EDGE('',*,*,#971,.F.);
#432=ORIENTED_EDGE('',*,*,#960,.F.);
#433=ORIENTED_EDGE('',*,*,#974,.T.);
#434=ORIENTED_EDGE('',*,*,#975,.T.);
#435=ORIENTED_EDGE('',*,*,#974,.F.);
#436=ORIENTED_EDGE('',*,*,#959,.F.);
#437=ORIENTED_EDGE('',*,*,#976,.T.);
#438=ORIENTED_EDGE('',*,*,#977,.T.);
#439=ORIENTED_EDGE('',*,*,#976,.F.);
#440=ORIENTED_EDGE('',*,*,#958,.T.);
#441=ORIENTED_EDGE('',*,*,#949,.F.);
#442=ORIENTED_EDGE('',*,*,#952,.F.);
#443=ORIENTED_EDGE('',*,*,#978,.T.);
#444=ORIENTED_EDGE('',*,*,#977,.F.);
#445=ORIENTED_EDGE('',*,*,#979,.T.);
#446=ORIENTED_EDGE('',*,*,#969,.F.);
#447=ORIENTED_EDGE('',*,*,#972,.F.);
#448=ORIENTED_EDGE('',*,*,#973,.F.);
#449=ORIENTED_EDGE('',*,*,#975,.F.);
#450=ORIENTED_EDGE('',*,*,#980,.T.);
#451=ORIENTED_EDGE('',*,*,#981,.F.);
#452=ORIENTED_EDGE('',*,*,#982,.T.);
#453=ORIENTED_EDGE('',*,*,#983,.T.);
#454=ORIENTED_EDGE('',*,*,#984,.T.);
#455=ORIENTED_EDGE('',*,*,#982,.F.);
#456=ORIENTED_EDGE('',*,*,#985,.F.);
#457=ORIENTED_EDGE('',*,*,#986,.F.);
#458=ORIENTED_EDGE('',*,*,#987,.F.);
#459=ORIENTED_EDGE('',*,*,#988,.F.);
#460=ORIENTED_EDGE('',*,*,#989,.F.);
#461=ORIENTED_EDGE('',*,*,#990,.F.);
#462=ORIENTED_EDGE('',*,*,#991,.F.);
#463=ORIENTED_EDGE('',*,*,#992,.F.);
#464=ORIENTED_EDGE('',*,*,#993,.F.);
#465=ORIENTED_EDGE('',*,*,#994,.F.);
#466=ORIENTED_EDGE('',*,*,#995,.F.);
#467=ORIENTED_EDGE('',*,*,#996,.F.);
#468=ORIENTED_EDGE('',*,*,#997,.F.);
#469=ORIENTED_EDGE('',*,*,#998,.F.);
#470=ORIENTED_EDGE('',*,*,#999,.F.);
#471=ORIENTED_EDGE('',*,*,#1000,.F.);
#472=ORIENTED_EDGE('',*,*,#1001,.F.);
#473=ORIENTED_EDGE('',*,*,#1002,.F.);
#474=ORIENTED_EDGE('',*,*,#1003,.F.);
#475=ORIENTED_EDGE('',*,*,#1004,.F.);
#476=ORIENTED_EDGE('',*,*,#1005,.F.);
#477=ORIENTED_EDGE('',*,*,#1006,.F.);
#478=ORIENTED_EDGE('',*,*,#1007,.T.);
#479=ORIENTED_EDGE('',*,*,#1008,.F.);
#480=ORIENTED_EDGE('',*,*,#1009,.F.);
#481=ORIENTED_EDGE('',*,*,#984,.F.);
#482=ORIENTED_EDGE('',*,*,#1010,.F.);
#483=ORIENTED_EDGE('',*,*,#1011,.T.);
#484=ORIENTED_EDGE('',*,*,#1012,.F.);
#485=ORIENTED_EDGE('',*,*,#1013,.F.);
#486=ORIENTED_EDGE('',*,*,#1014,.F.);
#487=ORIENTED_EDGE('',*,*,#1007,.F.);
#488=ORIENTED_EDGE('',*,*,#1015,.F.);
#489=ORIENTED_EDGE('',*,*,#1016,.F.);
#490=ORIENTED_EDGE('',*,*,#1017,.F.);
#491=ORIENTED_EDGE('',*,*,#1018,.F.);
#492=ORIENTED_EDGE('',*,*,#1019,.F.);
#493=ORIENTED_EDGE('',*,*,#1020,.F.);
#494=ORIENTED_EDGE('',*,*,#1017,.T.);
#495=ORIENTED_EDGE('',*,*,#1021,.F.);
#496=ORIENTED_EDGE('',*,*,#1022,.F.);
#497=ORIENTED_EDGE('',*,*,#1023,.F.);
#498=ORIENTED_EDGE('',*,*,#1024,.F.);
#499=ORIENTED_EDGE('',*,*,#1025,.F.);
#500=ORIENTED_EDGE('',*,*,#1026,.F.);
#501=ORIENTED_EDGE('',*,*,#1027,.F.);
#502=ORIENTED_EDGE('',*,*,#1028,.F.);
#503=ORIENTED_EDGE('',*,*,#1029,.F.);
#504=ORIENTED_EDGE('',*,*,#1030,.F.);
#505=ORIENTED_EDGE('',*,*,#1031,.F.);
#506=ORIENTED_EDGE('',*,*,#1032,.F.);
#507=ORIENTED_EDGE('',*,*,#1033,.F.);
#508=ORIENTED_EDGE('',*,*,#1034,.F.);
#509=ORIENTED_EDGE('',*,*,#1035,.F.);
#510=ORIENTED_EDGE('',*,*,#1036,.F.);
#511=ORIENTED_EDGE('',*,*,#1037,.F.);
#512=ORIENTED_EDGE('',*,*,#1038,.F.);
#513=ORIENTED_EDGE('',*,*,#1039,.F.);
#514=ORIENTED_EDGE('',*,*,#1040,.F.);
#515=ORIENTED_EDGE('',*,*,#1041,.F.);
#516=ORIENTED_EDGE('',*,*,#1042,.F.);
#517=ORIENTED_EDGE('',*,*,#1043,.F.);
#518=ORIENTED_EDGE('',*,*,#1044,.F.);
#519=ORIENTED_EDGE('',*,*,#1045,.F.);
#520=ORIENTED_EDGE('',*,*,#1046,.F.);
#521=ORIENTED_EDGE('',*,*,#1047,.F.);
#522=ORIENTED_EDGE('',*,*,#1048,.F.);
#523=ORIENTED_EDGE('',*,*,#1049,.F.);
#524=ORIENTED_EDGE('',*,*,#1050,.F.);
#525=ORIENTED_EDGE('',*,*,#1051,.F.);
#526=ORIENTED_EDGE('',*,*,#1052,.F.);
#527=ORIENTED_EDGE('',*,*,#1053,.F.);
#528=ORIENTED_EDGE('',*,*,#1054,.F.);
#529=ORIENTED_EDGE('',*,*,#1055,.F.);
#530=ORIENTED_EDGE('',*,*,#1056,.F.);
#531=ORIENTED_EDGE('',*,*,#1057,.F.);
#532=ORIENTED_EDGE('',*,*,#1058,.F.);
#533=ORIENTED_EDGE('',*,*,#1059,.F.);
#534=ORIENTED_EDGE('',*,*,#1060,.F.);
#535=ORIENTED_EDGE('',*,*,#1061,.F.);
#536=ORIENTED_EDGE('',*,*,#1062,.F.);
#537=ORIENTED_EDGE('',*,*,#1063,.F.);
#538=ORIENTED_EDGE('',*,*,#1064,.T.);
#539=ORIENTED_EDGE('',*,*,#1065,.F.);
#540=ORIENTED_EDGE('',*,*,#1066,.F.);
#541=ORIENTED_EDGE('',*,*,#1067,.F.);
#542=ORIENTED_EDGE('',*,*,#1068,.F.);
#543=ORIENTED_EDGE('',*,*,#1069,.F.);
#544=ORIENTED_EDGE('',*,*,#1070,.F.);
#545=ORIENTED_EDGE('',*,*,#1071,.F.);
#546=ORIENTED_EDGE('',*,*,#1072,.F.);
#547=ORIENTED_EDGE('',*,*,#1073,.F.);
#548=ORIENTED_EDGE('',*,*,#1074,.F.);
#549=ORIENTED_EDGE('',*,*,#1075,.F.);
#550=ORIENTED_EDGE('',*,*,#1076,.F.);
#551=ORIENTED_EDGE('',*,*,#1077,.F.);
#552=ORIENTED_EDGE('',*,*,#1078,.F.);
#553=ORIENTED_EDGE('',*,*,#1079,.T.);
#554=ORIENTED_EDGE('',*,*,#1070,.T.);
#555=ORIENTED_EDGE('',*,*,#1080,.T.);
#556=ORIENTED_EDGE('',*,*,#1066,.T.);
#557=ORIENTED_EDGE('',*,*,#1081,.T.);
#558=ORIENTED_EDGE('',*,*,#1076,.T.);
#559=ORIENTED_EDGE('',*,*,#1082,.T.);
#560=ORIENTED_EDGE('',*,*,#1062,.T.);
#561=ORIENTED_EDGE('',*,*,#1083,.T.);
#562=ORIENTED_EDGE('',*,*,#1060,.T.);
#563=ORIENTED_EDGE('',*,*,#1084,.T.);
#564=ORIENTED_EDGE('',*,*,#1058,.T.);
#565=ORIENTED_EDGE('',*,*,#1085,.T.);
#566=ORIENTED_EDGE('',*,*,#1048,.T.);
#567=ORIENTED_EDGE('',*,*,#1086,.T.);
#568=ORIENTED_EDGE('',*,*,#1046,.T.);
#569=ORIENTED_EDGE('',*,*,#1087,.T.);
#570=ORIENTED_EDGE('',*,*,#1044,.T.);
#571=ORIENTED_EDGE('',*,*,#1088,.T.);
#572=ORIENTED_EDGE('',*,*,#1042,.T.);
#573=ORIENTED_EDGE('',*,*,#1089,.T.);
#574=ORIENTED_EDGE('',*,*,#1032,.T.);
#575=ORIENTED_EDGE('',*,*,#1090,.T.);
#576=ORIENTED_EDGE('',*,*,#1030,.T.);
#577=ORIENTED_EDGE('',*,*,#1091,.T.);
#578=ORIENTED_EDGE('',*,*,#1028,.T.);
#579=ORIENTED_EDGE('',*,*,#1092,.T.);
#580=ORIENTED_EDGE('',*,*,#1026,.T.);
#581=ORIENTED_EDGE('',*,*,#1093,.T.);
#582=ORIENTED_EDGE('',*,*,#1024,.T.);
#583=ORIENTED_EDGE('',*,*,#1094,.T.);
#584=ORIENTED_EDGE('',*,*,#1022,.T.);
#585=ORIENTED_EDGE('',*,*,#1095,.T.);
#586=ORIENTED_EDGE('',*,*,#1040,.T.);
#587=ORIENTED_EDGE('',*,*,#1096,.T.);
#588=ORIENTED_EDGE('',*,*,#1038,.T.);
#589=ORIENTED_EDGE('',*,*,#1097,.T.);
#590=ORIENTED_EDGE('',*,*,#1036,.T.);
#591=ORIENTED_EDGE('',*,*,#1098,.T.);
#592=ORIENTED_EDGE('',*,*,#1034,.T.);
#593=ORIENTED_EDGE('',*,*,#1099,.T.);
#594=ORIENTED_EDGE('',*,*,#1056,.T.);
#595=ORIENTED_EDGE('',*,*,#1100,.T.);
#596=ORIENTED_EDGE('',*,*,#1054,.T.);
#597=ORIENTED_EDGE('',*,*,#1101,.T.);
#598=ORIENTED_EDGE('',*,*,#1052,.T.);
#599=ORIENTED_EDGE('',*,*,#1102,.T.);
#600=ORIENTED_EDGE('',*,*,#1050,.T.);
#601=ORIENTED_EDGE('',*,*,#1103,.T.);
#602=ORIENTED_EDGE('',*,*,#1074,.T.);
#603=ORIENTED_EDGE('',*,*,#1104,.T.);
#604=ORIENTED_EDGE('',*,*,#1068,.T.);
#605=ORIENTED_EDGE('',*,*,#1105,.T.);
#606=ORIENTED_EDGE('',*,*,#1078,.T.);
#607=ORIENTED_EDGE('',*,*,#1106,.T.);
#608=ORIENTED_EDGE('',*,*,#1072,.T.);
#609=ORIENTED_EDGE('',*,*,#1107,.T.);
#610=ORIENTED_EDGE('',*,*,#1108,.F.);
#611=ORIENTED_EDGE('',*,*,#1109,.F.);
#612=ORIENTED_EDGE('',*,*,#979,.F.);
#613=ORIENTED_EDGE('',*,*,#1110,.T.);
#614=ORIENTED_EDGE('',*,*,#1111,.T.);
#615=ORIENTED_EDGE('',*,*,#1112,.T.);
#616=ORIENTED_EDGE('',*,*,#1113,.F.);
#617=ORIENTED_EDGE('',*,*,#1114,.F.);
#618=ORIENTED_EDGE('',*,*,#1115,.F.);
#619=ORIENTED_EDGE('',*,*,#1116,.F.);
#620=ORIENTED_EDGE('',*,*,#1117,.F.);
#621=ORIENTED_EDGE('',*,*,#1118,.F.);
#622=ORIENTED_EDGE('',*,*,#1119,.F.);
#623=ORIENTED_EDGE('',*,*,#1120,.F.);
#624=ORIENTED_EDGE('',*,*,#1121,.F.);
#625=ORIENTED_EDGE('',*,*,#1122,.F.);
#626=ORIENTED_EDGE('',*,*,#1123,.F.);
#627=ORIENTED_EDGE('',*,*,#1124,.F.);
#628=ORIENTED_EDGE('',*,*,#1125,.T.);
#629=ORIENTED_EDGE('',*,*,#1126,.T.);
#630=ORIENTED_EDGE('',*,*,#1127,.T.);
#631=ORIENTED_EDGE('',*,*,#1128,.T.);
#632=ORIENTED_EDGE('',*,*,#1129,.T.);
#633=ORIENTED_EDGE('',*,*,#1130,.T.);
#634=ORIENTED_EDGE('',*,*,#1131,.T.);
#635=ORIENTED_EDGE('',*,*,#1132,.T.);
#636=ORIENTED_EDGE('',*,*,#1133,.T.);
#637=ORIENTED_EDGE('',*,*,#1134,.T.);
#638=ORIENTED_EDGE('',*,*,#1135,.T.);
#639=ORIENTED_EDGE('',*,*,#1136,.T.);
#640=ORIENTED_EDGE('',*,*,#1137,.F.);
#641=ORIENTED_EDGE('',*,*,#1138,.F.);
#642=ORIENTED_EDGE('',*,*,#1137,.T.);
#643=ORIENTED_EDGE('',*,*,#1139,.T.);
#644=ORIENTED_EDGE('',*,*,#1111,.F.);
#645=ORIENTED_EDGE('',*,*,#1140,.F.);
#646=ORIENTED_EDGE('',*,*,#1141,.T.);
#647=ORIENTED_EDGE('',*,*,#1142,.F.);
#648=ORIENTED_EDGE('',*,*,#1018,.T.);
#649=ORIENTED_EDGE('',*,*,#1020,.T.);
#650=ORIENTED_EDGE('',*,*,#1094,.F.);
#651=ORIENTED_EDGE('',*,*,#1023,.T.);
#652=ORIENTED_EDGE('',*,*,#1092,.F.);
#653=ORIENTED_EDGE('',*,*,#1027,.T.);
#654=ORIENTED_EDGE('',*,*,#1090,.F.);
#655=ORIENTED_EDGE('',*,*,#1031,.T.);
#656=ORIENTED_EDGE('',*,*,#1098,.F.);
#657=ORIENTED_EDGE('',*,*,#1035,.T.);
#658=ORIENTED_EDGE('',*,*,#1096,.F.);
#659=ORIENTED_EDGE('',*,*,#1039,.T.);
#660=ORIENTED_EDGE('',*,*,#1088,.F.);
#661=ORIENTED_EDGE('',*,*,#1043,.T.);
#662=ORIENTED_EDGE('',*,*,#1086,.F.);
#663=ORIENTED_EDGE('',*,*,#1047,.T.);
#664=ORIENTED_EDGE('',*,*,#1102,.F.);
#665=ORIENTED_EDGE('',*,*,#1051,.T.);
#666=ORIENTED_EDGE('',*,*,#1100,.F.);
#667=ORIENTED_EDGE('',*,*,#1055,.T.);
#668=ORIENTED_EDGE('',*,*,#1084,.F.);
#669=ORIENTED_EDGE('',*,*,#1059,.T.);
#670=ORIENTED_EDGE('',*,*,#1082,.F.);
#671=ORIENTED_EDGE('',*,*,#1075,.T.);
#672=ORIENTED_EDGE('',*,*,#1105,.F.);
#673=ORIENTED_EDGE('',*,*,#1071,.T.);
#674=ORIENTED_EDGE('',*,*,#1103,.F.);
#675=ORIENTED_EDGE('',*,*,#1067,.T.);
#676=ORIENTED_EDGE('',*,*,#1079,.F.);
#677=ORIENTED_EDGE('',*,*,#1065,.T.);
#678=ORIENTED_EDGE('',*,*,#1143,.T.);
#679=ORIENTED_EDGE('',*,*,#1144,.F.);
#680=ORIENTED_EDGE('',*,*,#1145,.F.);
#681=ORIENTED_EDGE('',*,*,#1146,.F.);
#682=ORIENTED_EDGE('',*,*,#1147,.F.);
#683=ORIENTED_EDGE('',*,*,#1148,.F.);
#684=ORIENTED_EDGE('',*,*,#1149,.F.);
#685=ORIENTED_EDGE('',*,*,#1150,.F.);
#686=ORIENTED_EDGE('',*,*,#1151,.F.);
#687=ORIENTED_EDGE('',*,*,#1152,.F.);
#688=ORIENTED_EDGE('',*,*,#1153,.F.);
#689=ORIENTED_EDGE('',*,*,#1154,.F.);
#690=ORIENTED_EDGE('',*,*,#1155,.F.);
#691=ORIENTED_EDGE('',*,*,#1156,.F.);
#692=ORIENTED_EDGE('',*,*,#1157,.T.);
#693=ORIENTED_EDGE('',*,*,#1156,.T.);
#694=ORIENTED_EDGE('',*,*,#1158,.F.);
#695=ORIENTED_EDGE('',*,*,#955,.F.);
#696=ORIENTED_EDGE('',*,*,#965,.T.);
#697=ORIENTED_EDGE('',*,*,#1159,.F.);
#698=ORIENTED_EDGE('',*,*,#1160,.T.);
#699=ORIENTED_EDGE('',*,*,#1161,.F.);
#700=ORIENTED_EDGE('',*,*,#1162,.F.);
#701=ORIENTED_EDGE('',*,*,#1019,.T.);
#702=ORIENTED_EDGE('',*,*,#1142,.T.);
#703=ORIENTED_EDGE('',*,*,#1160,.F.);
#704=ORIENTED_EDGE('',*,*,#1144,.T.);
#705=ORIENTED_EDGE('',*,*,#1163,.T.);
#706=ORIENTED_EDGE('',*,*,#1164,.F.);
#707=ORIENTED_EDGE('',*,*,#1165,.T.);
#708=ORIENTED_EDGE('',*,*,#1145,.T.);
#709=ORIENTED_EDGE('',*,*,#1165,.F.);
#710=ORIENTED_EDGE('',*,*,#1166,.F.);
#711=ORIENTED_EDGE('',*,*,#1167,.T.);
#712=ORIENTED_EDGE('',*,*,#1146,.T.);
#713=ORIENTED_EDGE('',*,*,#1167,.F.);
#714=ORIENTED_EDGE('',*,*,#1168,.F.);
#715=ORIENTED_EDGE('',*,*,#1169,.T.);
#716=ORIENTED_EDGE('',*,*,#1147,.T.);
#717=ORIENTED_EDGE('',*,*,#1169,.F.);
#718=ORIENTED_EDGE('',*,*,#1170,.F.);
#719=ORIENTED_EDGE('',*,*,#1171,.T.);
#720=ORIENTED_EDGE('',*,*,#1014,.T.);
#721=ORIENTED_EDGE('',*,*,#1172,.T.);
#722=ORIENTED_EDGE('',*,*,#1010,.T.);
#723=ORIENTED_EDGE('',*,*,#1008,.T.);
#724=ORIENTED_EDGE('',*,*,#1148,.T.);
#725=ORIENTED_EDGE('',*,*,#1171,.F.);
#726=ORIENTED_EDGE('',*,*,#1173,.F.);
#727=ORIENTED_EDGE('',*,*,#1174,.T.);
#728=ORIENTED_EDGE('',*,*,#1149,.T.);
#729=ORIENTED_EDGE('',*,*,#1174,.F.);
#730=ORIENTED_EDGE('',*,*,#1175,.F.);
#731=ORIENTED_EDGE('',*,*,#1176,.T.);
#732=ORIENTED_EDGE('',*,*,#1150,.T.);
#733=ORIENTED_EDGE('',*,*,#1176,.F.);
#734=ORIENTED_EDGE('',*,*,#1177,.F.);
#735=ORIENTED_EDGE('',*,*,#1108,.T.);
#736=ORIENTED_EDGE('',*,*,#1178,.F.);
#737=ORIENTED_EDGE('',*,*,#1179,.T.);
#738=ORIENTED_EDGE('',*,*,#1151,.T.);
#739=ORIENTED_EDGE('',*,*,#1179,.F.);
#740=ORIENTED_EDGE('',*,*,#1180,.F.);
#741=ORIENTED_EDGE('',*,*,#1181,.T.);
#742=ORIENTED_EDGE('',*,*,#1152,.T.);
#743=ORIENTED_EDGE('',*,*,#1181,.F.);
#744=ORIENTED_EDGE('',*,*,#1182,.F.);
#745=ORIENTED_EDGE('',*,*,#1183,.T.);
#746=ORIENTED_EDGE('',*,*,#1153,.T.);
#747=ORIENTED_EDGE('',*,*,#1183,.F.);
#748=ORIENTED_EDGE('',*,*,#1184,.F.);
#749=ORIENTED_EDGE('',*,*,#1185,.T.);
#750=ORIENTED_EDGE('',*,*,#1154,.T.);
#751=ORIENTED_EDGE('',*,*,#1185,.F.);
#752=ORIENTED_EDGE('',*,*,#1110,.F.);
#753=ORIENTED_EDGE('',*,*,#978,.F.);
#754=ORIENTED_EDGE('',*,*,#951,.F.);
#755=ORIENTED_EDGE('',*,*,#1186,.T.);
#756=ORIENTED_EDGE('',*,*,#1155,.T.);
#757=ORIENTED_EDGE('',*,*,#1186,.F.);
#758=ORIENTED_EDGE('',*,*,#956,.F.);
#759=ORIENTED_EDGE('',*,*,#1158,.T.);
#760=ORIENTED_EDGE('',*,*,#1107,.F.);
#761=ORIENTED_EDGE('',*,*,#1184,.T.);
#762=ORIENTED_EDGE('',*,*,#1182,.T.);
#763=ORIENTED_EDGE('',*,*,#1180,.T.);
#764=ORIENTED_EDGE('',*,*,#1178,.T.);
#765=ORIENTED_EDGE('',*,*,#1187,.F.);
#766=ORIENTED_EDGE('',*,*,#1138,.T.);
#767=ORIENTED_EDGE('',*,*,#1140,.T.);
#768=ORIENTED_EDGE('',*,*,#1124,.T.);
#769=ORIENTED_EDGE('',*,*,#980,.F.);
#770=ORIENTED_EDGE('',*,*,#1011,.F.);
#771=ORIENTED_EDGE('',*,*,#1172,.F.);
#772=ORIENTED_EDGE('',*,*,#1013,.T.);
#773=ORIENTED_EDGE('',*,*,#1188,.T.);
#774=ORIENTED_EDGE('',*,*,#1189,.T.);
#775=ORIENTED_EDGE('',*,*,#1190,.T.);
#776=ORIENTED_EDGE('',*,*,#1191,.T.);
#777=ORIENTED_EDGE('',*,*,#1192,.T.);
#778=ORIENTED_EDGE('',*,*,#1193,.T.);
#779=ORIENTED_EDGE('',*,*,#1194,.T.);
#780=ORIENTED_EDGE('',*,*,#1195,.T.);
#781=ORIENTED_EDGE('',*,*,#1196,.T.);
#782=ORIENTED_EDGE('',*,*,#1197,.T.);
#783=ORIENTED_EDGE('',*,*,#1198,.T.);
#784=ORIENTED_EDGE('',*,*,#1199,.T.);
#785=ORIENTED_EDGE('',*,*,#1200,.T.);
#786=ORIENTED_EDGE('',*,*,#1201,.T.);
#787=ORIENTED_EDGE('',*,*,#1202,.T.);
#788=ORIENTED_EDGE('',*,*,#1203,.T.);
#789=ORIENTED_EDGE('',*,*,#1204,.T.);
#790=ORIENTED_EDGE('',*,*,#1205,.T.);
#791=ORIENTED_EDGE('',*,*,#1206,.T.);
#792=ORIENTED_EDGE('',*,*,#1207,.T.);
#793=ORIENTED_EDGE('',*,*,#1208,.T.);
#794=ORIENTED_EDGE('',*,*,#1209,.T.);
#795=ORIENTED_EDGE('',*,*,#1210,.T.);
#796=ORIENTED_EDGE('',*,*,#964,.F.);
#797=ORIENTED_EDGE('',*,*,#970,.T.);
#798=ORIENTED_EDGE('',*,*,#1109,.T.);
#799=ORIENTED_EDGE('',*,*,#1177,.T.);
#800=ORIENTED_EDGE('',*,*,#1175,.T.);
#801=ORIENTED_EDGE('',*,*,#1173,.T.);
#802=ORIENTED_EDGE('',*,*,#1170,.T.);
#803=ORIENTED_EDGE('',*,*,#1168,.T.);
#804=ORIENTED_EDGE('',*,*,#1166,.T.);
#805=ORIENTED_EDGE('',*,*,#1164,.T.);
#806=ORIENTED_EDGE('',*,*,#1211,.T.);
#807=ORIENTED_EDGE('',*,*,#1063,.T.);
#808=ORIENTED_EDGE('',*,*,#1080,.F.);
#809=ORIENTED_EDGE('',*,*,#1069,.T.);
#810=ORIENTED_EDGE('',*,*,#1104,.F.);
#811=ORIENTED_EDGE('',*,*,#1073,.T.);
#812=ORIENTED_EDGE('',*,*,#1106,.F.);
#813=ORIENTED_EDGE('',*,*,#1077,.T.);
#814=ORIENTED_EDGE('',*,*,#1081,.F.);
#815=ORIENTED_EDGE('',*,*,#1061,.T.);
#816=ORIENTED_EDGE('',*,*,#1083,.F.);
#817=ORIENTED_EDGE('',*,*,#1057,.T.);
#818=ORIENTED_EDGE('',*,*,#1099,.F.);
#819=ORIENTED_EDGE('',*,*,#1053,.T.);
#820=ORIENTED_EDGE('',*,*,#1101,.F.);
#821=ORIENTED_EDGE('',*,*,#1049,.T.);
#822=ORIENTED_EDGE('',*,*,#1085,.F.);
#823=ORIENTED_EDGE('',*,*,#1045,.T.);
#824=ORIENTED_EDGE('',*,*,#1087,.F.);
#825=ORIENTED_EDGE('',*,*,#1041,.T.);
#826=ORIENTED_EDGE('',*,*,#1095,.F.);
#827=ORIENTED_EDGE('',*,*,#1037,.T.);
#828=ORIENTED_EDGE('',*,*,#1097,.F.);
#829=ORIENTED_EDGE('',*,*,#1033,.T.);
#830=ORIENTED_EDGE('',*,*,#1089,.F.);
#831=ORIENTED_EDGE('',*,*,#1029,.T.);
#832=ORIENTED_EDGE('',*,*,#1091,.F.);
#833=ORIENTED_EDGE('',*,*,#1025,.T.);
#834=ORIENTED_EDGE('',*,*,#1093,.F.);
#835=ORIENTED_EDGE('',*,*,#1021,.T.);
#836=ORIENTED_EDGE('',*,*,#1016,.T.);
#837=ORIENTED_EDGE('',*,*,#1162,.T.);
#838=ORIENTED_EDGE('',*,*,#1159,.T.);
#839=ORIENTED_EDGE('',*,*,#985,.T.);
#840=ORIENTED_EDGE('',*,*,#981,.T.);
#841=ORIENTED_EDGE('',*,*,#1210,.F.);
#842=ORIENTED_EDGE('',*,*,#1209,.F.);
#843=ORIENTED_EDGE('',*,*,#1208,.F.);
#844=ORIENTED_EDGE('',*,*,#1207,.F.);
#845=ORIENTED_EDGE('',*,*,#1206,.F.);
#846=ORIENTED_EDGE('',*,*,#1205,.F.);
#847=ORIENTED_EDGE('',*,*,#1204,.F.);
#848=ORIENTED_EDGE('',*,*,#1203,.F.);
#849=ORIENTED_EDGE('',*,*,#1202,.F.);
#850=ORIENTED_EDGE('',*,*,#1201,.F.);
#851=ORIENTED_EDGE('',*,*,#1200,.F.);
#852=ORIENTED_EDGE('',*,*,#1199,.F.);
#853=ORIENTED_EDGE('',*,*,#1198,.F.);
#854=ORIENTED_EDGE('',*,*,#1197,.F.);
#855=ORIENTED_EDGE('',*,*,#1196,.F.);
#856=ORIENTED_EDGE('',*,*,#1195,.F.);
#857=ORIENTED_EDGE('',*,*,#1194,.F.);
#858=ORIENTED_EDGE('',*,*,#1193,.F.);
#859=ORIENTED_EDGE('',*,*,#1192,.F.);
#860=ORIENTED_EDGE('',*,*,#1191,.F.);
#861=ORIENTED_EDGE('',*,*,#1190,.F.);
#862=ORIENTED_EDGE('',*,*,#1189,.F.);
#863=ORIENTED_EDGE('',*,*,#1188,.F.);
#864=ORIENTED_EDGE('',*,*,#1015,.T.);
#865=ORIENTED_EDGE('',*,*,#1006,.T.);
#866=ORIENTED_EDGE('',*,*,#1005,.T.);
#867=ORIENTED_EDGE('',*,*,#1004,.T.);
#868=ORIENTED_EDGE('',*,*,#1003,.T.);
#869=ORIENTED_EDGE('',*,*,#1002,.T.);
#870=ORIENTED_EDGE('',*,*,#1001,.T.);
#871=ORIENTED_EDGE('',*,*,#1000,.T.);
#872=ORIENTED_EDGE('',*,*,#999,.T.);
#873=ORIENTED_EDGE('',*,*,#998,.T.);
#874=ORIENTED_EDGE('',*,*,#997,.T.);
#875=ORIENTED_EDGE('',*,*,#996,.T.);
#876=ORIENTED_EDGE('',*,*,#995,.T.);
#877=ORIENTED_EDGE('',*,*,#994,.T.);
#878=ORIENTED_EDGE('',*,*,#993,.T.);
#879=ORIENTED_EDGE('',*,*,#992,.T.);
#880=ORIENTED_EDGE('',*,*,#991,.T.);
#881=ORIENTED_EDGE('',*,*,#990,.T.);
#882=ORIENTED_EDGE('',*,*,#989,.T.);
#883=ORIENTED_EDGE('',*,*,#988,.T.);
#884=ORIENTED_EDGE('',*,*,#987,.T.);
#885=ORIENTED_EDGE('',*,*,#986,.T.);
#886=ORIENTED_EDGE('',*,*,#1115,.T.);
#887=ORIENTED_EDGE('',*,*,#1114,.T.);
#888=ORIENTED_EDGE('',*,*,#1113,.T.);
#889=ORIENTED_EDGE('',*,*,#1212,.T.);
#890=ORIENTED_EDGE('',*,*,#1135,.F.);
#891=ORIENTED_EDGE('',*,*,#1134,.F.);
#892=ORIENTED_EDGE('',*,*,#1133,.F.);
#893=ORIENTED_EDGE('',*,*,#1132,.F.);
#894=ORIENTED_EDGE('',*,*,#1131,.F.);
#895=ORIENTED_EDGE('',*,*,#1130,.F.);
#896=ORIENTED_EDGE('',*,*,#1129,.F.);
#897=ORIENTED_EDGE('',*,*,#1128,.F.);
#898=ORIENTED_EDGE('',*,*,#1127,.F.);
#899=ORIENTED_EDGE('',*,*,#1126,.F.);
#900=ORIENTED_EDGE('',*,*,#1125,.F.);
#901=ORIENTED_EDGE('',*,*,#1187,.T.);
#902=ORIENTED_EDGE('',*,*,#1123,.T.);
#903=ORIENTED_EDGE('',*,*,#1122,.T.);
#904=ORIENTED_EDGE('',*,*,#1121,.T.);
#905=ORIENTED_EDGE('',*,*,#1120,.T.);
#906=ORIENTED_EDGE('',*,*,#1119,.T.);
#907=ORIENTED_EDGE('',*,*,#1118,.T.);
#908=ORIENTED_EDGE('',*,*,#1117,.T.);
#909=ORIENTED_EDGE('',*,*,#1116,.T.);
#910=ORIENTED_EDGE('',*,*,#1141,.F.);
#911=ORIENTED_EDGE('',*,*,#1136,.F.);
#912=ORIENTED_EDGE('',*,*,#1212,.F.);
#913=ORIENTED_EDGE('',*,*,#1112,.F.);
#914=ORIENTED_EDGE('',*,*,#1139,.F.);
#915=ORIENTED_EDGE('',*,*,#1211,.F.);
#916=ORIENTED_EDGE('',*,*,#1163,.F.);
#917=ORIENTED_EDGE('',*,*,#1143,.F.);
#918=ORIENTED_EDGE('',*,*,#1064,.F.);
#919=ORIENTED_EDGE('',*,*,#983,.F.);
#920=ORIENTED_EDGE('',*,*,#1009,.T.);
#921=ORIENTED_EDGE('',*,*,#1213,.T.);
#922=ORIENTED_EDGE('',*,*,#1012,.T.);
#923=ORIENTED_EDGE('',*,*,#1213,.F.);
#924=ORIENTED_EDGE('',*,*,#1214,.T.);
#925=ORIENTED_EDGE('',*,*,#1215,.T.);
#926=ORIENTED_EDGE('',*,*,#1214,.F.);
#927=ORIENTED_EDGE('',*,*,#1215,.F.);
#928=ORIENTED_EDGE('',*,*,#963,.F.);
#929=ORIENTED_EDGE('',*,*,#950,.T.);
#930=ORIENTED_EDGE('',*,*,#1216,.T.);
#931=ORIENTED_EDGE('',*,*,#944,.F.);
#932=ORIENTED_EDGE('',*,*,#1161,.T.);
#933=ORIENTED_EDGE('',*,*,#1216,.F.);
#934=ORIENTED_EDGE('',*,*,#1157,.F.);
#935=ORIENTED_EDGE('',*,*,#1217,.T.);
#936=ORIENTED_EDGE('',*,*,#941,.T.);
#937=ORIENTED_EDGE('',*,*,#1217,.F.);
#938=ORIENTED_EDGE('',*,*,#957,.T.);
#939=ORIENTED_EDGE('',*,*,#940,.F.);
#940=EDGE_CURVE('',#1218,#1218,#1427,.T.);
#941=EDGE_CURVE('',#1219,#1219,#1428,.T.);
#942=EDGE_CURVE('',#1220,#1221,#1429,.T.);
#943=EDGE_CURVE('',#1222,#1220,#365,.T.);
#944=EDGE_CURVE('',#1222,#1222,#1430,.T.);
#945=EDGE_CURVE('',#1221,#1222,#366,.T.);
#946=EDGE_CURVE('',#1223,#1224,#1431,.T.);
#947=EDGE_CURVE('',#1225,#1224,#87,.T.);
#948=EDGE_CURVE('',#1226,#1225,#1432,.T.);
#949=EDGE_CURVE('',#1226,#1223,#88,.T.);
#950=EDGE_CURVE('',#1227,#1227,#1433,.T.);
#951=EDGE_CURVE('',#1228,#1229,#89,.T.);
#952=EDGE_CURVE('',#1229,#1226,#90,.T.);
#953=EDGE_CURVE('',#1225,#1230,#91,.T.);
#954=EDGE_CURVE('',#1230,#1231,#1434,.T.);
#955=EDGE_CURVE('',#1231,#1232,#92,.T.);
#956=EDGE_CURVE('',#1232,#1228,#1435,.T.);
#957=EDGE_CURVE('',#1233,#1233,#1436,.T.);
#958=EDGE_CURVE('',#1234,#1223,#93,.T.);
#959=EDGE_CURVE('',#1234,#1235,#94,.T.);
#960=EDGE_CURVE('',#1235,#1236,#95,.T.);
#961=EDGE_CURVE('',#1236,#1237,#96,.T.);
#962=EDGE_CURVE('',#1224,#1237,#97,.T.);
#963=EDGE_CURVE('',#1238,#1238,#1437,.T.);
#964=EDGE_CURVE('',#1239,#1240,#1438,.T.);
#965=EDGE_CURVE('',#1231,#1240,#98,.T.);
#966=EDGE_CURVE('',#1230,#1239,#99,.T.);
#967=EDGE_CURVE('',#1237,#1221,#100,.T.);
#968=EDGE_CURVE('',#1220,#1241,#101,.T.);
#969=EDGE_CURVE('',#1241,#1242,#102,.T.);
#970=EDGE_CURVE('',#1239,#1242,#103,.T.);
#971=EDGE_CURVE('',#1236,#1243,#104,.T.);
#972=EDGE_CURVE('',#1243,#1241,#105,.T.);
#973=EDGE_CURVE('',#1244,#1243,#106,.T.);
#974=EDGE_CURVE('',#1235,#1244,#107,.T.);
#975=EDGE_CURVE('',#1245,#1244,#108,.T.);
#976=EDGE_CURVE('',#1234,#1245,#109,.T.);
#977=EDGE_CURVE('',#1246,#1245,#110,.T.);
#978=EDGE_CURVE('',#1229,#1246,#111,.T.);
#979=EDGE_CURVE('',#1246,#1242,#112,.T.);
#980=EDGE_CURVE('',#1247,#1248,#367,.T.);
#981=EDGE_CURVE('',#1249,#1248,#1439,.T.);
#982=EDGE_CURVE('',#1249,#1250,#113,.T.);
#983=EDGE_CURVE('',#1250,#1247,#1440,.T.);
#984=EDGE_CURVE('',#1251,#1250,#14,.T.);
#985=EDGE_CURVE('',#1252,#1249,#15,.T.);
#986=EDGE_CURVE('',#1253,#1252,#16,.T.);
#987=EDGE_CURVE('',#1254,#1253,#17,.T.);
#988=EDGE_CURVE('',#1255,#1254,#18,.T.);
#989=EDGE_CURVE('',#1256,#1255,#19,.T.);
#990=EDGE_CURVE('',#1257,#1256,#20,.T.);
#991=EDGE_CURVE('',#1258,#1257,#21,.T.);
#992=EDGE_CURVE('',#1259,#1258,#22,.T.);
#993=EDGE_CURVE('',#1260,#1259,#23,.T.);
#994=EDGE_CURVE('',#1261,#1260,#24,.T.);
#995=EDGE_CURVE('',#1262,#1261,#25,.T.);
#996=EDGE_CURVE('',#1263,#1262,#26,.T.);
#997=EDGE_CURVE('',#1264,#1263,#27,.T.);
#998=EDGE_CURVE('',#1265,#1264,#28,.T.);
#999=EDGE_CURVE('',#1266,#1265,#29,.T.);
#1000=EDGE_CURVE('',#1267,#1266,#30,.T.);
#1001=EDGE_CURVE('',#1268,#1267,#31,.T.);
#1002=EDGE_CURVE('',#1269,#1268,#32,.T.);
#1003=EDGE_CURVE('',#1270,#1269,#33,.T.);
#1004=EDGE_CURVE('',#1271,#1270,#34,.T.);
#1005=EDGE_CURVE('',#1272,#1271,#35,.T.);
#1006=EDGE_CURVE('',#1273,#1272,#36,.T.);
#1007=EDGE_CURVE('',#1273,#1274,#368,.T.);
#1008=EDGE_CURVE('',#1251,#1274,#369,.T.);
#1009=EDGE_CURVE('',#1250,#1275,#114,.T.);
#1010=EDGE_CURVE('',#1276,#1251,#1441,.T.);
#1011=EDGE_CURVE('',#1276,#1247,#37,.T.);
#1012=EDGE_CURVE('',#1275,#1247,#1442,.T.);
#1013=EDGE_CURVE('',#1277,#1278,#370,.T.);
#1014=EDGE_CURVE('',#1274,#1277,#1443,.T.);
#1015=EDGE_CURVE('',#1278,#1273,#1444,.T.);
#1016=EDGE_CURVE('',#1279,#1280,#1445,.T.);
#1017=EDGE_CURVE('',#1281,#1279,#115,.T.);
#1018=EDGE_CURVE('',#1282,#1281,#1446,.T.);
#1019=EDGE_CURVE('',#1280,#1282,#116,.T.);
#1020=EDGE_CURVE('',#1281,#1283,#1447,.T.);
#1021=EDGE_CURVE('',#1284,#1279,#1448,.T.);
#1022=EDGE_CURVE('',#1283,#1284,#117,.T.);
#1023=EDGE_CURVE('',#1285,#1286,#1449,.T.);
#1024=EDGE_CURVE('',#1287,#1285,#118,.T.);
#1025=EDGE_CURVE('',#1288,#1287,#1450,.T.);
#1026=EDGE_CURVE('',#1286,#1288,#119,.T.);
#1027=EDGE_CURVE('',#1289,#1290,#1451,.T.);
#1028=EDGE_CURVE('',#1291,#1289,#120,.T.);
#1029=EDGE_CURVE('',#1292,#1291,#1452,.T.);
#1030=EDGE_CURVE('',#1290,#1292,#121,.T.);
#1031=EDGE_CURVE('',#1293,#1294,#1453,.T.);
#1032=EDGE_CURVE('',#1295,#1293,#122,.T.);
#1033=EDGE_CURVE('',#1296,#1295,#1454,.T.);
#1034=EDGE_CURVE('',#1294,#1296,#123,.T.);
#1035=EDGE_CURVE('',#1297,#1298,#1455,.T.);
#1036=EDGE_CURVE('',#1299,#1297,#124,.T.);
#1037=EDGE_CURVE('',#1300,#1299,#1456,.T.);
#1038=EDGE_CURVE('',#1298,#1300,#125,.T.);
#1039=EDGE_CURVE('',#1301,#1302,#1457,.T.);
#1040=EDGE_CURVE('',#1303,#1301,#126,.T.);
#1041=EDGE_CURVE('',#1304,#1303,#1458,.T.);
#1042=EDGE_CURVE('',#1302,#1304,#127,.T.);
#1043=EDGE_CURVE('',#1305,#1306,#1459,.T.);
#1044=EDGE_CURVE('',#1307,#1305,#128,.T.);
#1045=EDGE_CURVE('',#1308,#1307,#1460,.T.);
#1046=EDGE_CURVE('',#1306,#1308,#129,.T.);
#1047=EDGE_CURVE('',#1309,#1310,#1461,.T.);
#1048=EDGE_CURVE('',#1311,#1309,#130,.T.);
#1049=EDGE_CURVE('',#1312,#1311,#1462,.T.);
#1050=EDGE_CURVE('',#1310,#1312,#131,.T.);
#1051=EDGE_CURVE('',#1313,#1314,#1463,.T.);
#1052=EDGE_CURVE('',#1315,#1313,#132,.T.);
#1053=EDGE_CURVE('',#1316,#1315,#1464,.T.);
#1054=EDGE_CURVE('',#1314,#1316,#133,.T.);
#1055=EDGE_CURVE('',#1317,#1318,#1465,.T.);
#1056=EDGE_CURVE('',#1319,#1317,#134,.T.);
#1057=EDGE_CURVE('',#1320,#1319,#1466,.T.);
#1058=EDGE_CURVE('',#1318,#1320,#135,.T.);
#1059=EDGE_CURVE('',#1321,#1322,#1467,.T.);
#1060=EDGE_CURVE('',#1323,#1321,#136,.T.);
#1061=EDGE_CURVE('',#1324,#1323,#1468,.T.);
#1062=EDGE_CURVE('',#1322,#1324,#137,.T.);
#1063=EDGE_CURVE('',#1325,#1326,#1469,.T.);
#1064=EDGE_CURVE('',#1325,#1327,#138,.T.);
#1065=EDGE_CURVE('',#1328,#1327,#1470,.T.);
#1066=EDGE_CURVE('',#1326,#1328,#139,.T.);
#1067=EDGE_CURVE('',#1329,#1330,#1471,.T.);
#1068=EDGE_CURVE('',#1331,#1329,#140,.T.);
#1069=EDGE_CURVE('',#1332,#1331,#1472,.T.);
#1070=EDGE_CURVE('',#1330,#1332,#141,.T.);
#1071=EDGE_CURVE('',#1333,#1334,#1473,.T.);
#1072=EDGE_CURVE('',#1335,#1333,#142,.T.);
#1073=EDGE_CURVE('',#1336,#1335,#1474,.T.);
#1074=EDGE_CURVE('',#1334,#1336,#143,.T.);
#1075=EDGE_CURVE('',#1337,#1338,#1475,.T.);
#1076=EDGE_CURVE('',#1339,#1337,#144,.T.);
#1077=EDGE_CURVE('',#1340,#1339,#1476,.T.);
#1078=EDGE_CURVE('',#1338,#1340,#145,.T.);
#1079=EDGE_CURVE('',#1328,#1330,#146,.T.);
#1080=EDGE_CURVE('',#1332,#1326,#147,.T.);
#1081=EDGE_CURVE('',#1324,#1339,#148,.T.);
#1082=EDGE_CURVE('',#1337,#1322,#149,.T.);
#1083=EDGE_CURVE('',#1320,#1323,#150,.T.);
#1084=EDGE_CURVE('',#1321,#1318,#151,.T.);
#1085=EDGE_CURVE('',#1308,#1311,#152,.T.);
#1086=EDGE_CURVE('',#1309,#1306,#153,.T.);
#1087=EDGE_CURVE('',#1304,#1307,#154,.T.);
#1088=EDGE_CURVE('',#1305,#1302,#155,.T.);
#1089=EDGE_CURVE('',#1292,#1295,#156,.T.);
#1090=EDGE_CURVE('',#1293,#1290,#157,.T.);
#1091=EDGE_CURVE('',#1288,#1291,#158,.T.);
#1092=EDGE_CURVE('',#1289,#1286,#159,.T.);
#1093=EDGE_CURVE('',#1284,#1287,#160,.T.);
#1094=EDGE_CURVE('',#1285,#1283,#161,.T.);
#1095=EDGE_CURVE('',#1300,#1303,#162,.T.);
#1096=EDGE_CURVE('',#1301,#1298,#163,.T.);
#1097=EDGE_CURVE('',#1296,#1299,#164,.T.);
#1098=EDGE_CURVE('',#1297,#1294,#165,.T.);
#1099=EDGE_CURVE('',#1316,#1319,#166,.T.);
#1100=EDGE_CURVE('',#1317,#1314,#167,.T.);
#1101=EDGE_CURVE('',#1312,#1315,#168,.T.);
#1102=EDGE_CURVE('',#1313,#1310,#169,.T.);
#1103=EDGE_CURVE('',#1329,#1334,#170,.T.);
#1104=EDGE_CURVE('',#1336,#1331,#171,.T.);
#1105=EDGE_CURVE('',#1333,#1338,#172,.T.);
#1106=EDGE_CURVE('',#1340,#1335,#173,.T.);
#1107=EDGE_CURVE('',#1341,#1342,#174,.T.);
#1108=EDGE_CURVE('',#1343,#1342,#175,.T.);
#1109=EDGE_CURVE('',#1242,#1343,#176,.T.);
#1110=EDGE_CURVE('',#1246,#1341,#177,.T.);
#1111=EDGE_CURVE('',#1344,#1345,#38,.T.);
#1112=EDGE_CURVE('',#1345,#1346,#371,.T.);
#1113=EDGE_CURVE('',#1347,#1346,#39,.T.);
#1114=EDGE_CURVE('',#1348,#1347,#40,.T.);
#1115=EDGE_CURVE('',#1349,#1348,#41,.T.);
#1116=EDGE_CURVE('',#1350,#1349,#42,.T.);
#1117=EDGE_CURVE('',#1351,#1350,#43,.T.);
#1118=EDGE_CURVE('',#1352,#1351,#44,.T.);
#1119=EDGE_CURVE('',#1353,#1352,#45,.T.);
#1120=EDGE_CURVE('',#1354,#1353,#46,.T.);
#1121=EDGE_CURVE('',#1355,#1354,#47,.T.);
#1122=EDGE_CURVE('',#1356,#1355,#48,.T.);
#1123=EDGE_CURVE('',#1357,#1356,#49,.T.);
#1124=EDGE_CURVE('',#1344,#1357,#372,.T.);
#1125=EDGE_CURVE('',#1358,#1359,#50,.T.);
#1126=EDGE_CURVE('',#1359,#1360,#51,.T.);
#1127=EDGE_CURVE('',#1360,#1361,#52,.T.);
#1128=EDGE_CURVE('',#1361,#1362,#53,.T.);
#1129=EDGE_CURVE('',#1362,#1363,#54,.T.);
#1130=EDGE_CURVE('',#1363,#1364,#55,.T.);
#1131=EDGE_CURVE('',#1364,#1365,#56,.T.);
#1132=EDGE_CURVE('',#1365,#1366,#57,.T.);
#1133=EDGE_CURVE('',#1366,#1367,#58,.T.);
#1134=EDGE_CURVE('',#1367,#1368,#59,.T.);
#1135=EDGE_CURVE('',#1368,#1369,#60,.T.);
#1136=EDGE_CURVE('',#1369,#1370,#373,.T.);
#1137=EDGE_CURVE('',#1371,#1370,#61,.T.);
#1138=EDGE_CURVE('',#1358,#1371,#374,.T.);
#1139=EDGE_CURVE('',#1370,#1345,#1477,.T.);
#1140=EDGE_CURVE('',#1371,#1344,#1478,.T.);
#1141=EDGE_CURVE('',#1372,#1372,#1479,.T.);
#1142=EDGE_CURVE('',#1282,#1373,#178,.T.);
#1143=EDGE_CURVE('',#1327,#1374,#1480,.T.);
#1144=EDGE_CURVE('',#1375,#1374,#1481,.T.);
#1145=EDGE_CURVE('',#1376,#1375,#179,.T.);
#1146=EDGE_CURVE('',#1377,#1376,#1482,.T.);
#1147=EDGE_CURVE('',#1378,#1377,#180,.T.);
#1148=EDGE_CURVE('',#1379,#1378,#181,.T.);
#1149=EDGE_CURVE('',#1380,#1379,#182,.T.);
#1150=EDGE_CURVE('',#1381,#1380,#1483,.T.);
#1151=EDGE_CURVE('',#1382,#1381,#183,.T.);
#1152=EDGE_CURVE('',#1383,#1382,#1484,.T.);
#1153=EDGE_CURVE('',#1384,#1383,#184,.T.);
#1154=EDGE_CURVE('',#1385,#1384,#185,.T.);
#1155=EDGE_CURVE('',#1386,#1385,#1485,.T.);
#1156=EDGE_CURVE('',#1373,#1386,#186,.T.);
#1157=EDGE_CURVE('',#1387,#1387,#1486,.T.);
#1158=EDGE_CURVE('',#1232,#1386,#187,.T.);
#1159=EDGE_CURVE('',#1388,#1240,#188,.T.);
#1160=EDGE_CURVE('',#1388,#1373,#189,.T.);
#1161=EDGE_CURVE('',#1389,#1389,#1487,.T.);
#1162=EDGE_CURVE('',#1280,#1388,#190,.T.);
#1163=EDGE_CURVE('',#1374,#1390,#191,.T.);
#1164=EDGE_CURVE('',#1391,#1390,#1488,.T.);
#1165=EDGE_CURVE('',#1391,#1375,#192,.T.);
#1166=EDGE_CURVE('',#1392,#1391,#193,.T.);
#1167=EDGE_CURVE('',#1392,#1376,#194,.T.);
#1168=EDGE_CURVE('',#1393,#1392,#1489,.T.);
#1169=EDGE_CURVE('',#1393,#1377,#195,.T.);
#1170=EDGE_CURVE('',#1394,#1393,#196,.T.);
#1171=EDGE_CURVE('',#1394,#1378,#197,.T.);
#1172=EDGE_CURVE('',#1277,#1276,#375,.T.);
#1173=EDGE_CURVE('',#1395,#1394,#198,.T.);
#1174=EDGE_CURVE('',#1395,#1379,#199,.T.);
#1175=EDGE_CURVE('',#1396,#1395,#200,.T.);
#1176=EDGE_CURVE('',#1396,#1380,#201,.T.);
#1177=EDGE_CURVE('',#1343,#1396,#1490,.T.);
#1178=EDGE_CURVE('',#1397,#1342,#1491,.T.);
#1179=EDGE_CURVE('',#1397,#1381,#202,.T.);
#1180=EDGE_CURVE('',#1398,#1397,#203,.T.);
#1181=EDGE_CURVE('',#1398,#1382,#204,.T.);
#1182=EDGE_CURVE('',#1399,#1398,#1492,.T.);
#1183=EDGE_CURVE('',#1399,#1383,#205,.T.);
#1184=EDGE_CURVE('',#1341,#1399,#206,.T.);
#1185=EDGE_CURVE('',#1341,#1384,#207,.T.);
#1186=EDGE_CURVE('',#1228,#1385,#208,.T.);
#1187=EDGE_CURVE('',#1358,#1357,#1493,.T.);
#1188=EDGE_CURVE('',#1278,#1400,#1494,.T.);
#1189=EDGE_CURVE('',#1400,#1401,#62,.T.);
#1190=EDGE_CURVE('',#1401,#1402,#63,.T.);
#1191=EDGE_CURVE('',#1402,#1403,#64,.T.);
#1192=EDGE_CURVE('',#1403,#1404,#65,.T.);
#1193=EDGE_CURVE('',#1404,#1405,#66,.T.);
#1194=EDGE_CURVE('',#1405,#1406,#67,.T.);
#1195=EDGE_CURVE('',#1406,#1407,#68,.T.);
#1196=EDGE_CURVE('',#1407,#1408,#69,.T.);
#1197=EDGE_CURVE('',#1408,#1409,#70,.T.);
#1198=EDGE_CURVE('',#1409,#1410,#71,.T.);
#1199=EDGE_CURVE('',#1410,#1411,#72,.T.);
#1200=EDGE_CURVE('',#1411,#1412,#73,.T.);
#1201=EDGE_CURVE('',#1412,#1413,#74,.T.);
#1202=EDGE_CURVE('',#1413,#1414,#75,.T.);
#1203=EDGE_CURVE('',#1414,#1415,#76,.T.);
#1204=EDGE_CURVE('',#1415,#1416,#77,.T.);
#1205=EDGE_CURVE('',#1416,#1417,#78,.T.);
#1206=EDGE_CURVE('',#1417,#1418,#79,.T.);
#1207=EDGE_CURVE('',#1418,#1419,#80,.T.);
#1208=EDGE_CURVE('',#1419,#1420,#81,.T.);
#1209=EDGE_CURVE('',#1420,#1421,#82,.T.);
#1210=EDGE_CURVE('',#1421,#1248,#83,.T.);
#1211=EDGE_CURVE('',#1390,#1325,#1495,.T.);
#1212=EDGE_CURVE('',#1346,#1369,#1496,.T.);
#1213=EDGE_CURVE('',#1275,#1275,#1497,.T.);
#1214=EDGE_CURVE('',#1422,#1422,#1498,.T.);
#1215=EDGE_CURVE('',#1423,#1423,#1499,.T.);
#1216=EDGE_CURVE('',#1425,#1425,#1500,.T.);
#1217=EDGE_CURVE('',#1426,#1426,#1501,.T.);
#1218=VERTEX_POINT('',#2420);
#1219=VERTEX_POINT('',#2422);
#1220=VERTEX_POINT('',#2425);
#1221=VERTEX_POINT('',#2426);
#1222=VERTEX_POINT('',#2431);
#1223=VERTEX_POINT('',#2439);
#1224=VERTEX_POINT('',#2440);
#1225=VERTEX_POINT('',#2442);
#1226=VERTEX_POINT('',#2444);
#1227=VERTEX_POINT('',#2448);
#1228=VERTEX_POINT('',#2450);
#1229=VERTEX_POINT('',#2451);
#1230=VERTEX_POINT('',#2454);
#1231=VERTEX_POINT('',#2456);
#1232=VERTEX_POINT('',#2458);
#1233=VERTEX_POINT('',#2461);
#1234=VERTEX_POINT('',#2464);
#1235=VERTEX_POINT('',#2466);
#1236=VERTEX_POINT('',#2468);
#1237=VERTEX_POINT('',#2470);
#1238=VERTEX_POINT('',#2473);
#1239=VERTEX_POINT('',#2476);
#1240=VERTEX_POINT('',#2477);
#1241=VERTEX_POINT('',#2483);
#1242=VERTEX_POINT('',#2485);
#1243=VERTEX_POINT('',#2489);
#1244=VERTEX_POINT('',#2493);
#1245=VERTEX_POINT('',#2497);
#1246=VERTEX_POINT('',#2501);
#1247=VERTEX_POINT('',#2513);
#1248=VERTEX_POINT('',#2514);
#1249=VERTEX_POINT('',#2516);
#1250=VERTEX_POINT('',#2518);
#1251=VERTEX_POINT('',#3084);
#1252=VERTEX_POINT('',#3092);
#1253=VERTEX_POINT('',#3100);
#1254=VERTEX_POINT('',#3108);
#1255=VERTEX_POINT('',#3116);
#1256=VERTEX_POINT('',#3124);
#1257=VERTEX_POINT('',#3132);
#1258=VERTEX_POINT('',#3140);
#1259=VERTEX_POINT('',#3148);
#1260=VERTEX_POINT('',#3156);
#1261=VERTEX_POINT('',#3164);
#1262=VERTEX_POINT('',#3172);
#1263=VERTEX_POINT('',#3180);
#1264=VERTEX_POINT('',#3188);
#1265=VERTEX_POINT('',#3196);
#1266=VERTEX_POINT('',#3204);
#1267=VERTEX_POINT('',#3212);
#1268=VERTEX_POINT('',#3220);
#1269=VERTEX_POINT('',#3228);
#1270=VERTEX_POINT('',#3236);
#1271=VERTEX_POINT('',#3244);
#1272=VERTEX_POINT('',#3252);
#1273=VERTEX_POINT('',#3260);
#1274=VERTEX_POINT('',#3268);
#1275=VERTEX_POINT('',#3275);
#1276=VERTEX_POINT('',#3277);
#1277=VERTEX_POINT('',#3427);
#1278=VERTEX_POINT('',#3428);
#1279=VERTEX_POINT('',#3433);
#1280=VERTEX_POINT('',#3434);
#1281=VERTEX_POINT('',#3436);
#1282=VERTEX_POINT('',#3438);
#1283=VERTEX_POINT('',#3442);
#1284=VERTEX_POINT('',#3444);
#1285=VERTEX_POINT('',#3448);
#1286=VERTEX_POINT('',#3449);
#1287=VERTEX_POINT('',#3451);
#1288=VERTEX_POINT('',#3453);
#1289=VERTEX_POINT('',#3457);
#1290=VERTEX_POINT('',#3458);
#1291=VERTEX_POINT('',#3460);
#1292=VERTEX_POINT('',#3462);
#1293=VERTEX_POINT('',#3466);
#1294=VERTEX_POINT('',#3467);
#1295=VERTEX_POINT('',#3469);
#1296=VERTEX_POINT('',#3471);
#1297=VERTEX_POINT('',#3475);
#1298=VERTEX_POINT('',#3476);
#1299=VERTEX_POINT('',#3478);
#1300=VERTEX_POINT('',#3480);
#1301=VERTEX_POINT('',#3484);
#1302=VERTEX_POINT('',#3485);
#1303=VERTEX_POINT('',#3487);
#1304=VERTEX_POINT('',#3489);
#1305=VERTEX_POINT('',#3493);
#1306=VERTEX_POINT('',#3494);
#1307=VERTEX_POINT('',#3496);
#1308=VERTEX_POINT('',#3498);
#1309=VERTEX_POINT('',#3502);
#1310=VERTEX_POINT('',#3503);
#1311=VERTEX_POINT('',#3505);
#1312=VERTEX_POINT('',#3507);
#1313=VERTEX_POINT('',#3511);
#1314=VERTEX_POINT('',#3512);
#1315=VERTEX_POINT('',#3514);
#1316=VERTEX_POINT('',#3516);
#1317=VERTEX_POINT('',#3520);
#1318=VERTEX_POINT('',#3521);
#1319=VERTEX_POINT('',#3523);
#1320=VERTEX_POINT('',#3525);
#1321=VERTEX_POINT('',#3529);
#1322=VERTEX_POINT('',#3530);
#1323=VERTEX_POINT('',#3532);
#1324=VERTEX_POINT('',#3534);
#1325=VERTEX_POINT('',#3538);
#1326=VERTEX_POINT('',#3539);
#1327=VERTEX_POINT('',#3541);
#1328=VERTEX_POINT('',#3543);
#1329=VERTEX_POINT('',#3547);
#1330=VERTEX_POINT('',#3548);
#1331=VERTEX_POINT('',#3550);
#1332=VERTEX_POINT('',#3552);
#1333=VERTEX_POINT('',#3556);
#1334=VERTEX_POINT('',#3557);
#1335=VERTEX_POINT('',#3559);
#1336=VERTEX_POINT('',#3561);
#1337=VERTEX_POINT('',#3565);
#1338=VERTEX_POINT('',#3566);
#1339=VERTEX_POINT('',#3568);
#1340=VERTEX_POINT('',#3570);
#1341=VERTEX_POINT('',#3616);
#1342=VERTEX_POINT('',#3617);
#1343=VERTEX_POINT('',#3619);
#1344=VERTEX_POINT('',#3835);
#1345=VERTEX_POINT('',#3836);
#1346=VERTEX_POINT('',#3842);
#1347=VERTEX_POINT('',#3848);
#1348=VERTEX_POINT('',#3858);
#1349=VERTEX_POINT('',#3868);
#1350=VERTEX_POINT('',#3878);
#1351=VERTEX_POINT('',#3888);
#1352=VERTEX_POINT('',#3898);
#1353=VERTEX_POINT('',#3908);
#1354=VERTEX_POINT('',#3918);
#1355=VERTEX_POINT('',#3928);
#1356=VERTEX_POINT('',#3938);
#1357=VERTEX_POINT('',#3948);
#1358=VERTEX_POINT('',#4105);
#1359=VERTEX_POINT('',#4106);
#1360=VERTEX_POINT('',#4116);
#1361=VERTEX_POINT('',#4126);
#1362=VERTEX_POINT('',#4136);
#1363=VERTEX_POINT('',#4146);
#1364=VERTEX_POINT('',#4156);
#1365=VERTEX_POINT('',#4166);
#1366=VERTEX_POINT('',#4176);
#1367=VERTEX_POINT('',#4186);
#1368=VERTEX_POINT('',#4196);
#1369=VERTEX_POINT('',#4204);
#1370=VERTEX_POINT('',#4216);
#1371=VERTEX_POINT('',#4288);
#1372=VERTEX_POINT('',#4299);
#1373=VERTEX_POINT('',#4301);
#1374=VERTEX_POINT('',#4303);
#1375=VERTEX_POINT('',#4305);
#1376=VERTEX_POINT('',#4307);
#1377=VERTEX_POINT('',#4309);
#1378=VERTEX_POINT('',#4311);
#1379=VERTEX_POINT('',#4313);
#1380=VERTEX_POINT('',#4315);
#1381=VERTEX_POINT('',#4317);
#1382=VERTEX_POINT('',#4319);
#1383=VERTEX_POINT('',#4321);
#1384=VERTEX_POINT('',#4323);
#1385=VERTEX_POINT('',#4325);
#1386=VERTEX_POINT('',#4327);
#1387=VERTEX_POINT('',#4330);
#1388=VERTEX_POINT('',#4334);
#1389=VERTEX_POINT('',#4337);
#1390=VERTEX_POINT('',#4342);
#1391=VERTEX_POINT('',#4344);
#1392=VERTEX_POINT('',#4348);
#1393=VERTEX_POINT('',#4352);
#1394=VERTEX_POINT('',#4356);
#1395=VERTEX_POINT('',#4364);
#1396=VERTEX_POINT('',#4368);
#1397=VERTEX_POINT('',#4373);
#1398=VERTEX_POINT('',#4377);
#1399=VERTEX_POINT('',#4381);
#1400=VERTEX_POINT('',#5320);
#1401=VERTEX_POINT('',#5328);
#1402=VERTEX_POINT('',#5336);
#1403=VERTEX_POINT('',#5344);
#1404=VERTEX_POINT('',#5352);
#1405=VERTEX_POINT('',#5360);
#1406=VERTEX_POINT('',#5368);
#1407=VERTEX_POINT('',#5376);
#1408=VERTEX_POINT('',#5384);
#1409=VERTEX_POINT('',#5392);
#1410=VERTEX_POINT('',#5400);
#1411=VERTEX_POINT('',#5408);
#1412=VERTEX_POINT('',#5416);
#1413=VERTEX_POINT('',#5424);
#1414=VERTEX_POINT('',#5432);
#1415=VERTEX_POINT('',#5440);
#1416=VERTEX_POINT('',#5448);
#1417=VERTEX_POINT('',#5456);
#1418=VERTEX_POINT('',#5464);
#1419=VERTEX_POINT('',#5472);
#1420=VERTEX_POINT('',#5480);
#1421=VERTEX_POINT('',#5488);
#1422=VERTEX_POINT('',#5505);
#1423=VERTEX_POINT('',#5508);
#1424=VERTEX_POINT('',#5509);
#1425=VERTEX_POINT('',#5514);
#1426=VERTEX_POINT('',#5518);
#1427=CIRCLE('',#1835,0.0041);
#1428=CIRCLE('',#1836,0.0026);
#1429=CIRCLE('',#1838,0.002);
#1430=CIRCLE('',#1839,0.0015);
#1431=CIRCLE('',#1841,0.002);
#1432=CIRCLE('',#1842,0.002);
#1433=CIRCLE('',#1844,0.0015);
#1434=CIRCLE('',#1845,0.005);
#1435=CIRCLE('',#1846,0.005);
#1436=CIRCLE('',#1847,0.0041);
#1437=CIRCLE('',#1849,0.0015);
#1438=CIRCLE('',#1851,0.005);
#1439=CIRCLE('',#1859,0.00125);
#1440=CIRCLE('',#1860,0.0015206329375);
#1441=CIRCLE('',#1862,0.0015206329375);
#1442=CIRCLE('',#1863,0.00152488845499252);
#1443=CIRCLE('',#1865,0.00144999999999998);
#1444=CIRCLE('',#1866,0.00125);
#1445=CIRCLE('',#1868,0.002);
#1446=CIRCLE('',#1869,0.002);
#1447=CIRCLE('',#1871,0.00043);
#1448=CIRCLE('',#1872,0.00043);
#1449=CIRCLE('',#1874,0.00043);
#1450=CIRCLE('',#1875,0.00043);
#1451=CIRCLE('',#1877,0.00043);
#1452=CIRCLE('',#1878,0.00043);
#1453=CIRCLE('',#1880,0.00043);
#1454=CIRCLE('',#1881,0.00043);
#1455=CIRCLE('',#1883,0.00043);
#1456=CIRCLE('',#1884,0.00043);
#1457=CIRCLE('',#1886,0.00043);
#1458=CIRCLE('',#1887,0.00043);
#1459=CIRCLE('',#1889,0.00043);
#1460=CIRCLE('',#1890,0.00043);
#1461=CIRCLE('',#1892,0.00043);
#1462=CIRCLE('',#1893,0.00043);
#1463=CIRCLE('',#1895,0.00043);
#1464=CIRCLE('',#1896,0.00043);
#1465=CIRCLE('',#1898,0.00043);
#1466=CIRCLE('',#1899,0.00043);
#1467=CIRCLE('',#1901,0.00043);
#1468=CIRCLE('',#1902,0.00043);
#1469=CIRCLE('',#1904,0.00043);
#1470=CIRCLE('',#1905,0.00043);
#1471=CIRCLE('',#1907,0.00043);
#1472=CIRCLE('',#1908,0.00043);
#1473=CIRCLE('',#1910,0.00043);
#1474=CIRCLE('',#1911,0.00043);
#1475=CIRCLE('',#1913,0.00043);
#1476=CIRCLE('',#1914,0.00043);
#1477=CIRCLE('',#1931,0.0015206329375);
#1478=CIRCLE('',#1932,0.0015206329375);
#1479=CIRCLE('',#1934,0.00155);
#1480=CIRCLE('',#1935,0.001);
#1481=CIRCLE('',#1936,0.0035);
#1482=CIRCLE('',#1937,0.004);
#1483=CIRCLE('',#1938,0.005);
#1484=CIRCLE('',#1939,0.002);
#1485=CIRCLE('',#1940,0.005);
#1486=CIRCLE('',#1941,0.00315);
#1487=CIRCLE('',#1943,0.0025);
#1488=CIRCLE('',#1946,0.0035);
#1489=CIRCLE('',#1949,0.004);
#1490=CIRCLE('',#1954,0.005);
#1491=CIRCLE('',#1955,0.005);
#1492=CIRCLE('',#1958,0.002);
#1493=CIRCLE('',#1963,0.00125);
#1494=CIRCLE('',#1964,0.00125504706482037);
#1495=CIRCLE('',#1966,0.001);
#1496=CIRCLE('',#1969,0.00125);
#1497=CIRCLE('',#1973,0.0015206329375);
#1498=CIRCLE('',#1975,0.00125);
#1499=CIRCLE('',#1977,0.00125);
#1500=CIRCLE('',#1981,0.0015);
#1501=CIRCLE('',#1984,0.0026);
#1502=EDGE_LOOP('',(#384));
#1503=EDGE_LOOP('',(#385));
#1504=EDGE_LOOP('',(#386,#387,#388,#389));
#1505=EDGE_LOOP('',(#390,#391,#392,#393));
#1506=EDGE_LOOP('',(#394));
#1507=EDGE_LOOP('',(#395,#396,#397,#398,#399,#400,#401));
#1508=EDGE_LOOP('',(#402));
#1509=EDGE_LOOP('',(#403,#404,#405,#406,#407,#408));
#1510=EDGE_LOOP('',(#409));
#1511=EDGE_LOOP('',(#410,#411,#412,#413));
#1512=EDGE_LOOP('',(#414,#415,#416,#417,#418,#419,#420,#421,#422,#423));
#1513=EDGE_LOOP('',(#424,#425,#426,#427,#428,#429));
#1514=EDGE_LOOP('',(#430,#431,#432,#433));
#1515=EDGE_LOOP('',(#434,#435,#436,#437));
#1516=EDGE_LOOP('',(#438,#439,#440,#441,#442,#443));
#1517=EDGE_LOOP('',(#444,#445,#446,#447,#448,#449));
#1518=EDGE_LOOP('',(#450,#451,#452,#453));
#1519=EDGE_LOOP('',(#454,#455,#456,#457,#458,#459,#460,#461,#462,#463,#464,
#465,#466,#467,#468,#469,#470,#471,#472,#473,#474,#475,#476,#477,#478,#479));
#1520=EDGE_LOOP('',(#480,#481,#482,#483,#484));
#1521=EDGE_LOOP('',(#485,#486,#487,#488));
#1522=EDGE_LOOP('',(#489,#490,#491,#492));
#1523=EDGE_LOOP('',(#493,#494,#495,#496));
#1524=EDGE_LOOP('',(#497,#498,#499,#500));
#1525=EDGE_LOOP('',(#501,#502,#503,#504));
#1526=EDGE_LOOP('',(#505,#506,#507,#508));
#1527=EDGE_LOOP('',(#509,#510,#511,#512));
#1528=EDGE_LOOP('',(#513,#514,#515,#516));
#1529=EDGE_LOOP('',(#517,#518,#519,#520));
#1530=EDGE_LOOP('',(#521,#522,#523,#524));
#1531=EDGE_LOOP('',(#525,#526,#527,#528));
#1532=EDGE_LOOP('',(#529,#530,#531,#532));
#1533=EDGE_LOOP('',(#533,#534,#535,#536));
#1534=EDGE_LOOP('',(#537,#538,#539,#540));
#1535=EDGE_LOOP('',(#541,#542,#543,#544));
#1536=EDGE_LOOP('',(#545,#546,#547,#548));
#1537=EDGE_LOOP('',(#549,#550,#551,#552));
#1538=EDGE_LOOP('',(#553,#554,#555,#556));
#1539=EDGE_LOOP('',(#557,#558,#559,#560));
#1540=EDGE_LOOP('',(#561,#562,#563,#564));
#1541=EDGE_LOOP('',(#565,#566,#567,#568));
#1542=EDGE_LOOP('',(#569,#570,#571,#572));
#1543=EDGE_LOOP('',(#573,#574,#575,#576));
#1544=EDGE_LOOP('',(#577,#578,#579,#580));
#1545=EDGE_LOOP('',(#581,#582,#583,#584));
#1546=EDGE_LOOP('',(#585,#586,#587,#588));
#1547=EDGE_LOOP('',(#589,#590,#591,#592));
#1548=EDGE_LOOP('',(#593,#594,#595,#596));
#1549=EDGE_LOOP('',(#597,#598,#599,#600));
#1550=EDGE_LOOP('',(#601,#602,#603,#604));
#1551=EDGE_LOOP('',(#605,#606,#607,#608));
#1552=EDGE_LOOP('',(#609,#610,#611,#612,#613));
#1553=EDGE_LOOP('',(#614,#615,#616,#617,#618,#619,#620,#621,#622,#623,#624,
#625,#626,#627));
#1554=EDGE_LOOP('',(#628,#629,#630,#631,#632,#633,#634,#635,#636,#637,#638,
#639,#640,#641));
#1555=EDGE_LOOP('',(#642,#643,#644,#645));
#1556=EDGE_LOOP('',(#646));
#1557=EDGE_LOOP('',(#647,#648,#649,#650,#651,#652,#653,#654,#655,#656,#657,
#658,#659,#660,#661,#662,#663,#664,#665,#666,#667,#668,#669,#670,#671,#672,
#673,#674,#675,#676,#677,#678,#679,#680,#681,#682,#683,#684,#685,#686,#687,
#688,#689,#690,#691));
#1558=EDGE_LOOP('',(#692));
#1559=EDGE_LOOP('',(#693,#694,#695,#696,#697,#698));
#1560=EDGE_LOOP('',(#699));
#1561=EDGE_LOOP('',(#700,#701,#702,#703));
#1562=EDGE_LOOP('',(#704,#705,#706,#707));
#1563=EDGE_LOOP('',(#708,#709,#710,#711));
#1564=EDGE_LOOP('',(#712,#713,#714,#715));
#1565=EDGE_LOOP('',(#716,#717,#718,#719));
#1566=EDGE_LOOP('',(#720,#721,#722,#723));
#1567=EDGE_LOOP('',(#724,#725,#726,#727));
#1568=EDGE_LOOP('',(#728,#729,#730,#731));
#1569=EDGE_LOOP('',(#732,#733,#734,#735,#736,#737));
#1570=EDGE_LOOP('',(#738,#739,#740,#741));
#1571=EDGE_LOOP('',(#742,#743,#744,#745));
#1572=EDGE_LOOP('',(#746,#747,#748,#749));
#1573=EDGE_LOOP('',(#750,#751,#752,#753,#754,#755));
#1574=EDGE_LOOP('',(#756,#757,#758,#759));
#1575=EDGE_LOOP('',(#760,#761,#762,#763,#764));
#1576=EDGE_LOOP('',(#765,#766,#767,#768));
#1577=EDGE_LOOP('',(#769,#770,#771,#772,#773,#774,#775,#776,#777,#778,#779,
#780,#781,#782,#783,#784,#785,#786,#787,#788,#789,#790,#791,#792,#793,#794,
#795));
#1578=EDGE_LOOP('',(#796,#797,#798,#799,#800,#801,#802,#803,#804,#805,#806,
#807,#808,#809,#810,#811,#812,#813,#814,#815,#816,#817,#818,#819,#820,#821,
#822,#823,#824,#825,#826,#827,#828,#829,#830,#831,#832,#833,#834,#835,#836,
#837,#838));
#1579=EDGE_LOOP('',(#839,#840,#841,#842,#843,#844,#845,#846,#847,#848,#849,
#850,#851,#852,#853,#854,#855,#856,#857,#858,#859,#860,#861,#862,#863,#864,
#865,#866,#867,#868,#869,#870,#871,#872,#873,#874,#875,#876,#877,#878,#879,
#880,#881,#882,#883,#884,#885));
#1580=EDGE_LOOP('',(#886,#887,#888,#889,#890,#891,#892,#893,#894,#895,#896,
#897,#898,#899,#900,#901,#902,#903,#904,#905,#906,#907,#908,#909));
#1581=EDGE_LOOP('',(#910));
#1582=EDGE_LOOP('',(#911,#912,#913,#914));
#1583=EDGE_LOOP('',(#915,#916,#917,#918));
#1584=EDGE_LOOP('',(#919,#920,#921,#922));
#1585=EDGE_LOOP('',(#923));
#1586=EDGE_LOOP('',(#924));
#1587=EDGE_LOOP('',(#925));
#1588=EDGE_LOOP('',(#926));
#1589=EDGE_LOOP('',(#927));
#1590=EDGE_LOOP('',(#928));
#1591=EDGE_LOOP('',(#929));
#1592=EDGE_LOOP('',(#930));
#1593=EDGE_LOOP('',(#931));
#1594=EDGE_LOOP('',(#932));
#1595=EDGE_LOOP('',(#933));
#1596=EDGE_LOOP('',(#934));
#1597=EDGE_LOOP('',(#935));
#1598=EDGE_LOOP('',(#936));
#1599=EDGE_LOOP('',(#937));
#1600=EDGE_LOOP('',(#938));
#1601=EDGE_LOOP('',(#939));
#1602=FACE_BOUND('',#1502,.T.);
#1603=FACE_BOUND('',#1503,.T.);
#1604=FACE_BOUND('',#1504,.T.);
#1605=FACE_BOUND('',#1505,.T.);
#1606=FACE_BOUND('',#1506,.T.);
#1607=FACE_BOUND('',#1507,.T.);
#1608=FACE_BOUND('',#1508,.T.);
#1609=FACE_BOUND('',#1509,.T.);
#1610=FACE_BOUND('',#1510,.T.);
#1611=FACE_BOUND('',#1511,.T.);
#1612=FACE_BOUND('',#1512,.T.);
#1613=FACE_BOUND('',#1513,.T.);
#1614=FACE_BOUND('',#1514,.T.);
#1615=FACE_BOUND('',#1515,.T.);
#1616=FACE_BOUND('',#1516,.T.);
#1617=FACE_BOUND('',#1517,.T.);
#1618=FACE_BOUND('',#1518,.T.);
#1619=FACE_BOUND('',#1519,.T.);
#1620=FACE_BOUND('',#1520,.T.);
#1621=FACE_BOUND('',#1521,.T.);
#1622=FACE_BOUND('',#1522,.T.);
#1623=FACE_BOUND('',#1523,.T.);
#1624=FACE_BOUND('',#1524,.T.);
#1625=FACE_BOUND('',#1525,.T.);
#1626=FACE_BOUND('',#1526,.T.);
#1627=FACE_BOUND('',#1527,.T.);
#1628=FACE_BOUND('',#1528,.T.);
#1629=FACE_BOUND('',#1529,.T.);
#1630=FACE_BOUND('',#1530,.T.);
#1631=FACE_BOUND('',#1531,.T.);
#1632=FACE_BOUND('',#1532,.T.);
#1633=FACE_BOUND('',#1533,.T.);
#1634=FACE_BOUND('',#1534,.T.);
#1635=FACE_BOUND('',#1535,.T.);
#1636=FACE_BOUND('',#1536,.T.);
#1637=FACE_BOUND('',#1537,.T.);
#1638=FACE_BOUND('',#1538,.T.);
#1639=FACE_BOUND('',#1539,.T.);
#1640=FACE_BOUND('',#1540,.T.);
#1641=FACE_BOUND('',#1541,.T.);
#1642=FACE_BOUND('',#1542,.T.);
#1643=FACE_BOUND('',#1543,.T.);
#1644=FACE_BOUND('',#1544,.T.);
#1645=FACE_BOUND('',#1545,.T.);
#1646=FACE_BOUND('',#1546,.T.);
#1647=FACE_BOUND('',#1547,.T.);
#1648=FACE_BOUND('',#1548,.T.);
#1649=FACE_BOUND('',#1549,.T.);
#1650=FACE_BOUND('',#1550,.T.);
#1651=FACE_BOUND('',#1551,.T.);
#1652=FACE_BOUND('',#1552,.T.);
#1653=FACE_BOUND('',#1553,.T.);
#1654=FACE_BOUND('',#1554,.T.);
#1655=FACE_BOUND('',#1555,.T.);
#1656=FACE_BOUND('',#1556,.T.);
#1657=FACE_BOUND('',#1557,.T.);
#1658=FACE_BOUND('',#1558,.T.);
#1659=FACE_BOUND('',#1559,.T.);
#1660=FACE_BOUND('',#1560,.T.);
#1661=FACE_BOUND('',#1561,.T.);
#1662=FACE_BOUND('',#1562,.T.);
#1663=FACE_BOUND('',#1563,.T.);
#1664=FACE_BOUND('',#1564,.T.);
#1665=FACE_BOUND('',#1565,.T.);
#1666=FACE_BOUND('',#1566,.T.);
#1667=FACE_BOUND('',#1567,.T.);
#1668=FACE_BOUND('',#1568,.T.);
#1669=FACE_BOUND('',#1569,.T.);
#1670=FACE_BOUND('',#1570,.T.);
#1671=FACE_BOUND('',#1571,.T.);
#1672=FACE_BOUND('',#1572,.T.);
#1673=FACE_BOUND('',#1573,.T.);
#1674=FACE_BOUND('',#1574,.T.);
#1675=FACE_BOUND('',#1575,.T.);
#1676=FACE_BOUND('',#1576,.T.);
#1677=FACE_BOUND('',#1577,.T.);
#1678=FACE_BOUND('',#1578,.T.);
#1679=FACE_BOUND('',#1579,.T.);
#1680=FACE_BOUND('',#1580,.T.);
#1681=FACE_BOUND('',#1581,.T.);
#1682=FACE_BOUND('',#1582,.T.);
#1683=FACE_BOUND('',#1583,.T.);
#1684=FACE_BOUND('',#1584,.T.);
#1685=FACE_BOUND('',#1585,.T.);
#1686=FACE_BOUND('',#1586,.T.);
#1687=FACE_BOUND('',#1587,.T.);
#1688=FACE_BOUND('',#12,.T.);
#1689=FACE_BOUND('',#1588,.T.);
#1690=FACE_BOUND('',#1589,.T.);
#1691=FACE_BOUND('',#1590,.T.);
#1692=FACE_BOUND('',#1591,.T.);
#1693=FACE_BOUND('',#1592,.T.);
#1694=FACE_BOUND('',#1593,.T.);
#1695=FACE_BOUND('',#1594,.T.);
#1696=FACE_BOUND('',#1595,.T.);
#1697=FACE_BOUND('',#1596,.T.);
#1698=FACE_BOUND('',#1597,.T.);
#1699=FACE_BOUND('',#1598,.T.);
#1700=FACE_BOUND('',#1599,.T.);
#1701=FACE_BOUND('',#1600,.T.);
#1702=FACE_BOUND('',#1601,.T.);
#1703=PLANE('',#1834);
#1704=PLANE('',#1843);
#1705=PLANE('',#1848);
#1706=PLANE('',#1852);
#1707=PLANE('',#1853);
#1708=PLANE('',#1854);
#1709=PLANE('',#1855);
#1710=PLANE('',#1856);
#1711=PLANE('',#1857);
#1712=PLANE('',#1915);
#1713=PLANE('',#1916);
#1714=PLANE('',#1917);
#1715=PLANE('',#1918);
#1716=PLANE('',#1919);
#1717=PLANE('',#1920);
#1718=PLANE('',#1921);
#1719=PLANE('',#1922);
#1720=PLANE('',#1923);
#1721=PLANE('',#1924);
#1722=PLANE('',#1925);
#1723=PLANE('',#1926);
#1724=PLANE('',#1927);
#1725=PLANE('',#1928);
#1726=PLANE('',#1929);
#1727=PLANE('',#1933);
#1728=PLANE('',#1942);
#1729=PLANE('',#1944);
#1730=PLANE('',#1947);
#1731=PLANE('',#1950);
#1732=PLANE('',#1951);
#1733=PLANE('',#1952);
#1734=PLANE('',#1956);
#1735=PLANE('',#1959);
#1736=PLANE('',#1960);
#1737=PLANE('',#1962);
#1738=PLANE('',#1965);
#1739=ADVANCED_FACE('',(#1602,#1603),#1703,.F.);
#1740=ADVANCED_FACE('',(#1604),#376,.F.);
#1741=ADVANCED_FACE('',(#1605),#331,.T.);
#1742=ADVANCED_FACE('',(#1606,#1607,#1608),#1704,.T.);
#1743=ADVANCED_FACE('',(#1609,#1610),#1705,.F.);
#1744=ADVANCED_FACE('',(#1611),#332,.T.);
#1745=ADVANCED_FACE('',(#1612),#1706,.F.);
#1746=ADVANCED_FACE('',(#1613),#1707,.F.);
#1747=ADVANCED_FACE('',(#1614),#1708,.F.);
#1748=ADVANCED_FACE('',(#1615),#1709,.F.);
#1749=ADVANCED_FACE('',(#1616),#1710,.F.);
#1750=ADVANCED_FACE('',(#1617),#1711,.F.);
#1751=ADVANCED_FACE('',(#1618),#377,.F.);
#1752=ADVANCED_FACE('',(#1619),#84,.F.);
#1753=ADVANCED_FACE('',(#1620),#333,.F.);
#1754=ADVANCED_FACE('',(#1621),#378,.F.);
#1755=ADVANCED_FACE('',(#1622),#334,.T.);
#1756=ADVANCED_FACE('',(#1623),#335,.F.);
#1757=ADVANCED_FACE('',(#1624),#336,.T.);
#1758=ADVANCED_FACE('',(#1625),#337,.F.);
#1759=ADVANCED_FACE('',(#1626),#338,.T.);
#1760=ADVANCED_FACE('',(#1627),#339,.F.);
#1761=ADVANCED_FACE('',(#1628),#340,.T.);
#1762=ADVANCED_FACE('',(#1629),#341,.F.);
#1763=ADVANCED_FACE('',(#1630),#342,.T.);
#1764=ADVANCED_FACE('',(#1631),#343,.F.);
#1765=ADVANCED_FACE('',(#1632),#344,.T.);
#1766=ADVANCED_FACE('',(#1633),#345,.F.);
#1767=ADVANCED_FACE('',(#1634),#346,.F.);
#1768=ADVANCED_FACE('',(#1635),#347,.T.);
#1769=ADVANCED_FACE('',(#1636),#348,.F.);
#1770=ADVANCED_FACE('',(#1637),#349,.T.);
#1771=ADVANCED_FACE('',(#1638),#1712,.F.);
#1772=ADVANCED_FACE('',(#1639),#1713,.F.);
#1773=ADVANCED_FACE('',(#1640),#1714,.F.);
#1774=ADVANCED_FACE('',(#1641),#1715,.F.);
#1775=ADVANCED_FACE('',(#1642),#1716,.F.);
#1776=ADVANCED_FACE('',(#1643),#1717,.F.);
#1777=ADVANCED_FACE('',(#1644),#1718,.F.);
#1778=ADVANCED_FACE('',(#1645),#1719,.F.);
#1779=ADVANCED_FACE('',(#1646),#1720,.F.);
#1780=ADVANCED_FACE('',(#1647),#1721,.F.);
#1781=ADVANCED_FACE('',(#1648),#1722,.F.);
#1782=ADVANCED_FACE('',(#1649),#1723,.F.);
#1783=ADVANCED_FACE('',(#1650),#1724,.F.);
#1784=ADVANCED_FACE('',(#1651),#1725,.F.);
#1785=ADVANCED_FACE('',(#1652),#1726,.F.);
#1786=ADVANCED_FACE('',(#1653),#85,.F.);
#1787=ADVANCED_FACE('',(#1654),#86,.F.);
#1788=ADVANCED_FACE('',(#1655),#350,.F.);
#1789=ADVANCED_FACE('',(#1656,#1657,#1658),#1727,.T.);
#1790=ADVANCED_FACE('',(#1659,#1660),#1728,.F.);
#1791=ADVANCED_FACE('',(#1661),#1729,.F.);
#1792=ADVANCED_FACE('',(#1662),#351,.T.);
#1793=ADVANCED_FACE('',(#1663),#1730,.F.);
#1794=ADVANCED_FACE('',(#1664),#352,.T.);
#1795=ADVANCED_FACE('',(#1665,#1666),#1731,.F.);
#1796=ADVANCED_FACE('',(#1667),#1732,.F.);
#1797=ADVANCED_FACE('',(#1668),#1733,.F.);
#1798=ADVANCED_FACE('',(#1669),#353,.F.);
#1799=ADVANCED_FACE('',(#1670),#1734,.F.);
#1800=ADVANCED_FACE('',(#1671),#354,.T.);
#1801=ADVANCED_FACE('',(#1672),#1735,.F.);
#1802=ADVANCED_FACE('',(#1673),#1736,.F.);
#1803=ADVANCED_FACE('',(#1674),#355,.T.);
#1804=ADVANCED_FACE('',(#1675,#1676),#1737,.F.);
#1805=ADVANCED_FACE('',(#1677),#13,.F.);
#1806=ADVANCED_FACE('',(#1678),#1738,.T.);
#1807=ADVANCED_FACE('',(#1679),#356,.F.);
#1808=ADVANCED_FACE('',(#1680),#357,.F.);
#1809=ADVANCED_FACE('',(#1681,#1682),#379,.F.);
#1810=ADVANCED_FACE('',(#1683),#358,.T.);
#1811=ADVANCED_FACE('',(#1684),#359,.F.);
#1812=ADVANCED_FACE('',(#1685,#1686),#380,.F.);
#1813=ADVANCED_FACE('',(#1687,#1688),#381,.F.);
#1814=ADVANCED_FACE('',(#1689,#1690),#360,.F.);
#1815=ADVANCED_FACE('',(#1691,#1692),#361,.F.);
#1816=ADVANCED_FACE('',(#1693,#1694),#362,.F.);
#1817=ADVANCED_FACE('',(#1695,#1696),#382,.F.);
#1818=ADVANCED_FACE('',(#1697,#1698),#383,.F.);
#1819=ADVANCED_FACE('',(#1699,#1700),#363,.F.);
#1820=ADVANCED_FACE('',(#1701,#1702),#364,.F.);
#1821=CLOSED_SHELL('',(#1739,#1740,#1741,#1742,#1743,#1744,#1745,#1746,
#1747,#1748,#1749,#1750,#1751,#1752,#1753,#1754,#1755,#1756,#1757,#1758,
#1759,#1760,#1761,#1762,#1763,#1764,#1765,#1766,#1767,#1768,#1769,#1770,
#1771,#1772,#1773,#1774,#1775,#1776,#1777,#1778,#1779,#1780,#1781,#1782,
#1783,#1784,#1785,#1786,#1787,#1788,#1789,#1790,#1791,#1792,#1793,#1794,
#1795,#1796,#1797,#1798,#1799,#1800,#1801,#1802,#1803,#1804,#1805,#1806,
#1807,#1808,#1809,#1810,#1811,#1812,#1813,#1814,#1815,#1816,#1817,#1818,
#1819,#1820));
#1822=STYLED_ITEM('',(#1823),#1830);
#1823=PRESENTATION_STYLE_ASSIGNMENT((#1824));
#1824=SURFACE_STYLE_USAGE(.BOTH.,#1825);
#1825=SURFACE_SIDE_STYLE('',(#1826));
#1826=SURFACE_STYLE_FILL_AREA(#1827);
#1827=FILL_AREA_STYLE('',(#1828));
#1828=FILL_AREA_STYLE_COLOUR('',#1829);
#1829=DRAUGHTING_PRE_DEFINED_COLOUR('red');
#1830=MANIFOLD_SOLID_BREP('Lever',#1821);
#1831=SHAPE_DEFINITION_REPRESENTATION(#5527,#1832);
#1832=SHAPE_REPRESENTATION('Lever',(#1833),#5522);
#1833=AXIS2_PLACEMENT_3D('',#2417,#1987,#1988);
#1834=AXIS2_PLACEMENT_3D('',#2418,#1989,#1990);
#1835=AXIS2_PLACEMENT_3D('',#2419,#1991,#1992);
#1836=AXIS2_PLACEMENT_3D('',#2421,#1993,#1994);
#1837=AXIS2_PLACEMENT_3D('',#2423,#1995,#1996);
#1838=AXIS2_PLACEMENT_3D('',#2424,#1997,#1998);
#1839=AXIS2_PLACEMENT_3D('',#2432,#1999,#2000);
#1840=AXIS2_PLACEMENT_3D('',#2437,#2001,#2002);
#1841=AXIS2_PLACEMENT_3D('',#2438,#2003,#2004);
#1842=AXIS2_PLACEMENT_3D('',#2443,#2006,#2007);
#1843=AXIS2_PLACEMENT_3D('',#2446,#2009,#2010);
#1844=AXIS2_PLACEMENT_3D('',#2447,#2011,#2012);
#1845=AXIS2_PLACEMENT_3D('',#2455,#2016,#2017);
#1846=AXIS2_PLACEMENT_3D('',#2459,#2019,#2020);
#1847=AXIS2_PLACEMENT_3D('',#2460,#2021,#2022);
#1848=AXIS2_PLACEMENT_3D('',#2462,#2023,#2024);
#1849=AXIS2_PLACEMENT_3D('',#2472,#2030,#2031);
#1850=AXIS2_PLACEMENT_3D('',#2474,#2032,#2033);
#1851=AXIS2_PLACEMENT_3D('',#2475,#2034,#2035);
#1852=AXIS2_PLACEMENT_3D('',#2480,#2038,#2039);
#1853=AXIS2_PLACEMENT_3D('',#2487,#2044,#2045);
#1854=AXIS2_PLACEMENT_3D('',#2491,#2048,#2049);
#1855=AXIS2_PLACEMENT_3D('',#2495,#2052,#2053);
#1856=AXIS2_PLACEMENT_3D('',#2499,#2056,#2057);
#1857=AXIS2_PLACEMENT_3D('',#2503,#2060,#2061);
#1858=AXIS2_PLACEMENT_3D('',#2505,#2063,#2064);
#1859=AXIS2_PLACEMENT_3D('',#2515,#2065,#2066);
#1860=AXIS2_PLACEMENT_3D('',#2519,#2068,#2069);
#1861=AXIS2_PLACEMENT_3D('',#3273,#2070,#2071);
#1862=AXIS2_PLACEMENT_3D('',#3276,#2073,#2074);
#1863=AXIS2_PLACEMENT_3D('',#3421,#2075,#2076);
#1864=AXIS2_PLACEMENT_3D('',#3422,#2077,#2078);
#1865=AXIS2_PLACEMENT_3D('',#3429,#2079,#2080);
#1866=AXIS2_PLACEMENT_3D('',#3430,#2081,#2082);
#1867=AXIS2_PLACEMENT_3D('',#3431,#2083,#2084);
#1868=AXIS2_PLACEMENT_3D('',#3432,#2085,#2086);
#1869=AXIS2_PLACEMENT_3D('',#3437,#2088,#2089);
#1870=AXIS2_PLACEMENT_3D('',#3440,#2091,#2092);
#1871=AXIS2_PLACEMENT_3D('',#3441,#2093,#2094);
#1872=AXIS2_PLACEMENT_3D('',#3443,#2095,#2096);
#1873=AXIS2_PLACEMENT_3D('',#3446,#2098,#2099);
#1874=AXIS2_PLACEMENT_3D('',#3447,#2100,#2101);
#1875=AXIS2_PLACEMENT_3D('',#3452,#2103,#2104);
#1876=AXIS2_PLACEMENT_3D('',#3455,#2106,#2107);
#1877=AXIS2_PLACEMENT_3D('',#3456,#2108,#2109);
#1878=AXIS2_PLACEMENT_3D('',#3461,#2111,#2112);
#1879=AXIS2_PLACEMENT_3D('',#3464,#2114,#2115);
#1880=AXIS2_PLACEMENT_3D('',#3465,#2116,#2117);
#1881=AXIS2_PLACEMENT_3D('',#3470,#2119,#2120);
#1882=AXIS2_PLACEMENT_3D('',#3473,#2122,#2123);
#1883=AXIS2_PLACEMENT_3D('',#3474,#2124,#2125);
#1884=AXIS2_PLACEMENT_3D('',#3479,#2127,#2128);
#1885=AXIS2_PLACEMENT_3D('',#3482,#2130,#2131);
#1886=AXIS2_PLACEMENT_3D('',#3483,#2132,#2133);
#1887=AXIS2_PLACEMENT_3D('',#3488,#2135,#2136);
#1888=AXIS2_PLACEMENT_3D('',#3491,#2138,#2139);
#1889=AXIS2_PLACEMENT_3D('',#3492,#2140,#2141);
#1890=AXIS2_PLACEMENT_3D('',#3497,#2143,#2144);
#1891=AXIS2_PLACEMENT_3D('',#3500,#2146,#2147);
#1892=AXIS2_PLACEMENT_3D('',#3501,#2148,#2149);
#1893=AXIS2_PLACEMENT_3D('',#3506,#2151,#2152);
#1894=AXIS2_PLACEMENT_3D('',#3509,#2154,#2155);
#1895=AXIS2_PLACEMENT_3D('',#3510,#2156,#2157);
#1896=AXIS2_PLACEMENT_3D('',#3515,#2159,#2160);
#1897=AXIS2_PLACEMENT_3D('',#3518,#2162,#2163);
#1898=AXIS2_PLACEMENT_3D('',#3519,#2164,#2165);
#1899=AXIS2_PLACEMENT_3D('',#3524,#2167,#2168);
#1900=AXIS2_PLACEMENT_3D('',#3527,#2170,#2171);
#1901=AXIS2_PLACEMENT_3D('',#3528,#2172,#2173);
#1902=AXIS2_PLACEMENT_3D('',#3533,#2175,#2176);
#1903=AXIS2_PLACEMENT_3D('',#3536,#2178,#2179);
#1904=AXIS2_PLACEMENT_3D('',#3537,#2180,#2181);
#1905=AXIS2_PLACEMENT_3D('',#3542,#2183,#2184);
#1906=AXIS2_PLACEMENT_3D('',#3545,#2186,#2187);
#1907=AXIS2_PLACEMENT_3D('',#3546,#2188,#2189);
#1908=AXIS2_PLACEMENT_3D('',#3551,#2191,#2192);
#1909=AXIS2_PLACEMENT_3D('',#3554,#2194,#2195);
#1910=AXIS2_PLACEMENT_3D('',#3555,#2196,#2197);
#1911=AXIS2_PLACEMENT_3D('',#3560,#2199,#2200);
#1912=AXIS2_PLACEMENT_3D('',#3563,#2202,#2203);
#1913=AXIS2_PLACEMENT_3D('',#3564,#2204,#2205);
#1914=AXIS2_PLACEMENT_3D('',#3569,#2207,#2208);
#1915=AXIS2_PLACEMENT_3D('',#3572,#2210,#2211);
#1916=AXIS2_PLACEMENT_3D('',#3575,#2214,#2215);
#1917=AXIS2_PLACEMENT_3D('',#3578,#2218,#2219);
#1918=AXIS2_PLACEMENT_3D('',#3581,#2222,#2223);
#1919=AXIS2_PLACEMENT_3D('',#3584,#2226,#2227);
#1920=AXIS2_PLACEMENT_3D('',#3587,#2230,#2231);
#1921=AXIS2_PLACEMENT_3D('',#3590,#2234,#2235);
#1922=AXIS2_PLACEMENT_3D('',#3593,#2238,#2239);
#1923=AXIS2_PLACEMENT_3D('',#3596,#2242,#2243);
#1924=AXIS2_PLACEMENT_3D('',#3599,#2246,#2247);
#1925=AXIS2_PLACEMENT_3D('',#3602,#2250,#2251);
#1926=AXIS2_PLACEMENT_3D('',#3605,#2254,#2255);
#1927=AXIS2_PLACEMENT_3D('',#3608,#2258,#2259);
#1928=AXIS2_PLACEMENT_3D('',#3611,#2262,#2263);
#1929=AXIS2_PLACEMENT_3D('',#3614,#2266,#2267);
#1930=AXIS2_PLACEMENT_3D('',#4294,#2272,#2273);
#1931=AXIS2_PLACEMENT_3D('',#4295,#2274,#2275);
#1932=AXIS2_PLACEMENT_3D('',#4296,#2276,#2277);
#1933=AXIS2_PLACEMENT_3D('',#4297,#2278,#2279);
#1934=AXIS2_PLACEMENT_3D('',#4298,#2280,#2281);
#1935=AXIS2_PLACEMENT_3D('',#4302,#2283,#2284);
#1936=AXIS2_PLACEMENT_3D('',#4304,#2285,#2286);
#1937=AXIS2_PLACEMENT_3D('',#4308,#2288,#2289);
#1938=AXIS2_PLACEMENT_3D('',#4316,#2293,#2294);
#1939=AXIS2_PLACEMENT_3D('',#4320,#2296,#2297);
#1940=AXIS2_PLACEMENT_3D('',#4326,#2300,#2301);
#1941=AXIS2_PLACEMENT_3D('',#4329,#2303,#2304);
#1942=AXIS2_PLACEMENT_3D('',#4331,#2305,#2306);
#1943=AXIS2_PLACEMENT_3D('',#4336,#2310,#2311);
#1944=AXIS2_PLACEMENT_3D('',#4338,#2312,#2313);
#1945=AXIS2_PLACEMENT_3D('',#4340,#2315,#2316);
#1946=AXIS2_PLACEMENT_3D('',#4343,#2318,#2319);
#1947=AXIS2_PLACEMENT_3D('',#4346,#2321,#2322);
#1948=AXIS2_PLACEMENT_3D('',#4350,#2325,#2326);
#1949=AXIS2_PLACEMENT_3D('',#4351,#2327,#2328);
#1950=AXIS2_PLACEMENT_3D('',#4354,#2330,#2331);
#1951=AXIS2_PLACEMENT_3D('',#4362,#2334,#2335);
#1952=AXIS2_PLACEMENT_3D('',#4366,#2338,#2339);
#1953=AXIS2_PLACEMENT_3D('',#4370,#2342,#2343);
#1954=AXIS2_PLACEMENT_3D('',#4371,#2344,#2345);
#1955=AXIS2_PLACEMENT_3D('',#4372,#2346,#2347);
#1956=AXIS2_PLACEMENT_3D('',#4375,#2349,#2350);
#1957=AXIS2_PLACEMENT_3D('',#4379,#2353,#2354);
#1958=AXIS2_PLACEMENT_3D('',#4380,#2355,#2356);
#1959=AXIS2_PLACEMENT_3D('',#4383,#2358,#2359);
#1960=AXIS2_PLACEMENT_3D('',#4386,#2362,#2363);
#1961=AXIS2_PLACEMENT_3D('',#4388,#2365,#2366);
#1962=AXIS2_PLACEMENT_3D('',#4389,#2367,#2368);
#1963=AXIS2_PLACEMENT_3D('',#4390,#2369,#2370);
#1964=AXIS2_PLACEMENT_3D('',#5319,#2371,#2372);
#1965=AXIS2_PLACEMENT_3D('',#5494,#2373,#2374);
#1966=AXIS2_PLACEMENT_3D('',#5495,#2375,#2376);
#1967=AXIS2_PLACEMENT_3D('',#5496,#2377,#2378);
#1968=AXIS2_PLACEMENT_3D('',#5497,#2379,#2380);
#1969=AXIS2_PLACEMENT_3D('',#5498,#2381,#2382);
#1970=AXIS2_PLACEMENT_3D('',#5499,#2383,#2384);
#1971=AXIS2_PLACEMENT_3D('',#5500,#2385,#2386);
#1972=AXIS2_PLACEMENT_3D('',#5501,#2387,#2388);
#1973=AXIS2_PLACEMENT_3D('',#5502,#2389,#2390);
#1974=AXIS2_PLACEMENT_3D('',#5503,#2391,#2392);
#1975=AXIS2_PLACEMENT_3D('',#5504,#2393,#2394);
#1976=AXIS2_PLACEMENT_3D('',#5506,#2395,#2396);
#1977=AXIS2_PLACEMENT_3D('',#5507,#2397,#2398);
#1978=AXIS2_PLACEMENT_3D('',#5510,#2399,#2400);
#1979=AXIS2_PLACEMENT_3D('',#5511,#2401,#2402);
#1980=AXIS2_PLACEMENT_3D('',#5512,#2403,#2404);
#1981=AXIS2_PLACEMENT_3D('',#5513,#2405,#2406);
#1982=AXIS2_PLACEMENT_3D('',#5515,#2407,#2408);
#1983=AXIS2_PLACEMENT_3D('',#5516,#2409,#2410);
#1984=AXIS2_PLACEMENT_3D('',#5517,#2411,#2412);
#1985=AXIS2_PLACEMENT_3D('',#5519,#2413,#2414);
#1986=AXIS2_PLACEMENT_3D('',#5520,#2415,#2416);
#1987=DIRECTION('',(0.,0.,1.));
#1988=DIRECTION('',(1.,0.,0.));
#1989=DIRECTION('',(0.,-1.,0.));
#1990=DIRECTION('',(0.,0.,1.));
#1991=DIRECTION('',(0.,1.,0.));
#1992=DIRECTION('',(0.,0.,-1.));
#1993=DIRECTION('',(0.,1.,0.));
#1994=DIRECTION('',(0.,0.,-1.));
#1995=DIRECTION('',(0.,0.,-1.));
#1996=DIRECTION('',(-1.,0.,0.));
#1997=DIRECTION('',(0.,0.,1.));
#1998=DIRECTION('',(1.,0.,0.));
#1999=DIRECTION('',(0.,0.,1.));
#2000=DIRECTION('',(1.,0.,0.));
#2001=DIRECTION('',(0.,-1.,0.));
#2002=DIRECTION('',(0.,0.,1.));
#2003=DIRECTION('',(0.,1.,0.));
#2004=DIRECTION('',(0.,0.,-1.));
#2005=DIRECTION('',(0.,-1.,0.));
#2006=DIRECTION('',(0.,1.,0.));
#2007=DIRECTION('',(0.,0.,-1.));
#2008=DIRECTION('',(0.,-1.,0.));
#2009=DIRECTION('',(0.,1.,0.));
#2010=DIRECTION('',(0.,0.,-1.));
#2011=DIRECTION('',(0.,1.,0.));
#2012=DIRECTION('',(0.,0.,-1.));
#2013=DIRECTION('',(0.,0.,-1.));
#2014=DIRECTION('',(-0.554699215611407,0.,-0.832050948079557));
#2015=DIRECTION('',(-0.554699215611407,0.,0.832050948079557));
#2016=DIRECTION('',(0.,1.,0.));
#2017=DIRECTION('',(0.,0.,-1.));
#2018=DIRECTION('',(1.,0.,-6.20693382531351E-17));
#2019=DIRECTION('',(0.,1.,0.));
#2020=DIRECTION('',(0.,0.,-1.));
#2021=DIRECTION('',(0.,1.,0.));
#2022=DIRECTION('',(0.,0.,-1.));
#2023=DIRECTION('',(0.,1.,0.));
#2024=DIRECTION('',(0.,0.,-1.));
#2025=DIRECTION('',(-0.554699215611407,0.,-0.832050948079557));
#2026=DIRECTION('',(-1.,0.,0.));
#2027=DIRECTION('',(-6.93889390390723E-16,0.,-1.));
#2028=DIRECTION('',(-1.,0.,0.));
#2029=DIRECTION('',(-0.554699215611407,0.,0.832050948079557));
#2030=DIRECTION('',(0.,1.,0.));
#2031=DIRECTION('',(0.,0.,-1.));
#2032=DIRECTION('',(0.,-1.,0.));
#2033=DIRECTION('',(0.,0.,1.));
#2034=DIRECTION('',(0.,1.,0.));
#2035=DIRECTION('',(0.,0.,-1.));
#2036=DIRECTION('',(0.,-1.,0.));
#2037=DIRECTION('',(0.,-1.,0.));
#2038=DIRECTION('',(0.832050948079557,0.,0.554699215611407));
#2039=DIRECTION('',(0.554699215611407,0.,-0.832050948079557));
#2040=DIRECTION('',(0.,-1.,0.));
#2041=DIRECTION('',(0.,-1.,0.));
#2042=DIRECTION('',(-0.554699215611407,0.,0.832050948079557));
#2043=DIRECTION('',(0.554699215611407,0.,-0.832050948079557));
#2044=DIRECTION('',(0.,0.,1.));
#2045=DIRECTION('',(1.,0.,0.));
#2046=DIRECTION('',(0.,-1.,0.));
#2047=DIRECTION('',(-1.,0.,0.));
#2048=DIRECTION('',(-1.,0.,0.));
#2049=DIRECTION('',(0.,0.,1.));
#2050=DIRECTION('',(-6.93889390390723E-16,0.,-1.));
#2051=DIRECTION('',(0.,-1.,0.));
#2052=DIRECTION('',(0.,0.,1.));
#2053=DIRECTION('',(1.,0.,0.));
#2054=DIRECTION('',(-1.,0.,0.));
#2055=DIRECTION('',(0.,-1.,0.));
#2056=DIRECTION('',(-0.832050948079557,0.,0.554699215611407));
#2057=DIRECTION('',(0.554699215611407,0.,0.832050948079557));
#2058=DIRECTION('',(-0.554699215611407,0.,-0.832050948079557));
#2059=DIRECTION('',(0.,-1.,0.));
#2060=DIRECTION('',(0.,1.,0.));
#2061=DIRECTION('',(0.,0.,-1.));
#2062=DIRECTION('',(-1.,0.,3.94388216544853E-17));
#2063=DIRECTION('',(0.,0.,1.));
#2064=DIRECTION('',(1.,0.,0.));
#2065=DIRECTION('',(0.,0.,1.));
#2066=DIRECTION('',(1.,0.,0.));
#2067=DIRECTION('',(0.866025403784442,-2.77555757369178E-15,0.5));
#2068=DIRECTION('',(0.,0.,1.));
#2069=DIRECTION('',(1.,0.,0.));
#2070=DIRECTION('',(6.49756992795182E-16,8.60231279230981E-15,1.));
#2071=DIRECTION('',(0.,1.,-8.60231279230981E-15));
#2072=DIRECTION('',(0.,-1.38777878078144E-14,1.));
#2073=DIRECTION('',(3.94388216544853E-17,0.,1.));
#2074=DIRECTION('',(1.,0.,-3.94388216544853E-17));
#2075=DIRECTION('',(0.0273598176830651,0.0473885943128913,-0.998501758388736));
#2076=DIRECTION('',(0.999625645904421,-0.00138875603851082,0.0273247032341535));
#2077=DIRECTION('',(0.,0.,-1.));
#2078=DIRECTION('',(-1.,0.,0.));
#2079=DIRECTION('',(-9.90850864248426E-17,0.,1.));
#2080=DIRECTION('',(1.,0.,0.));
#2081=DIRECTION('',(0.,0.,-1.));
#2082=DIRECTION('',(1.,-9.02056207507944E-15,0.));
#2083=DIRECTION('',(0.,-1.,0.));
#2084=DIRECTION('',(0.,0.,1.));
#2085=DIRECTION('',(0.,1.,0.));
#2086=DIRECTION('',(0.,0.,-1.));
#2087=DIRECTION('',(0.,1.,0.));
#2088=DIRECTION('',(0.,-1.,0.));
#2089=DIRECTION('',(0.,0.,1.));
#2090=DIRECTION('',(0.,-1.,0.));
#2091=DIRECTION('',(0.,-1.,0.));
#2092=DIRECTION('',(0.,0.,1.));
#2093=DIRECTION('',(0.,1.,0.));
#2094=DIRECTION('',(0.,0.,1.));
#2095=DIRECTION('',(0.,-1.,0.));
#2096=DIRECTION('',(1.61369625672261E-14,0.,-1.));
#2097=DIRECTION('',(0.,1.,0.));
#2098=DIRECTION('',(0.,1.,0.));
#2099=DIRECTION('',(0.,0.,-1.));
#2100=DIRECTION('',(0.,-1.,0.));
#2101=DIRECTION('',(0.,0.,1.));
#2102=DIRECTION('',(0.,-1.,0.));
#2103=DIRECTION('',(0.,1.,0.));
#2104=DIRECTION('',(0.,0.,-1.));
#2105=DIRECTION('',(0.,1.,0.));
#2106=DIRECTION('',(0.,-1.,0.));
#2107=DIRECTION('',(0.,0.,1.));
#2108=DIRECTION('',(0.,1.,0.));
#2109=DIRECTION('',(0.,0.,1.));
#2110=DIRECTION('',(0.,-1.,0.));
#2111=DIRECTION('',(0.,-1.,0.));
#2112=DIRECTION('',(-1.61369625672261E-14,0.,-1.));
#2113=DIRECTION('',(0.,1.,0.));
#2114=DIRECTION('',(0.,1.,0.));
#2115=DIRECTION('',(0.,0.,-1.));
#2116=DIRECTION('',(0.,-1.,0.));
#2117=DIRECTION('',(0.,0.,1.));
#2118=DIRECTION('',(0.,-1.,0.));
#2119=DIRECTION('',(0.,1.,0.));
#2120=DIRECTION('',(0.,0.,-1.));
#2121=DIRECTION('',(0.,1.,0.));
#2122=DIRECTION('',(0.,-1.,0.));
#2123=DIRECTION('',(0.,0.,1.));
#2124=DIRECTION('',(0.,1.,0.));
#2125=DIRECTION('',(0.,0.,1.));
#2126=DIRECTION('',(0.,-1.,0.));
#2127=DIRECTION('',(0.,-1.,0.));
#2128=DIRECTION('',(-3.22739251344523E-14,0.,-1.));
#2129=DIRECTION('',(0.,1.,0.));
#2130=DIRECTION('',(0.,1.,0.));
#2131=DIRECTION('',(0.,0.,-1.));
#2132=DIRECTION('',(0.,-1.,0.));
#2133=DIRECTION('',(0.,0.,1.));
#2134=DIRECTION('',(0.,-1.,0.));
#2135=DIRECTION('',(0.,1.,0.));
#2136=DIRECTION('',(0.,0.,-1.));
#2137=DIRECTION('',(0.,1.,0.));
#2138=DIRECTION('',(0.,-1.,0.));
#2139=DIRECTION('',(0.,0.,1.));
#2140=DIRECTION('',(0.,1.,0.));
#2141=DIRECTION('',(0.,0.,1.));
#2142=DIRECTION('',(0.,-1.,0.));
#2143=DIRECTION('',(0.,-1.,0.));
#2144=DIRECTION('',(0.,0.,-1.));
#2145=DIRECTION('',(0.,1.,0.));
#2146=DIRECTION('',(0.,1.,0.));
#2147=DIRECTION('',(0.,0.,-1.));
#2148=DIRECTION('',(0.,-1.,0.));
#2149=DIRECTION('',(0.,0.,1.));
#2150=DIRECTION('',(0.,-1.,0.));
#2151=DIRECTION('',(0.,1.,0.));
#2152=DIRECTION('',(0.,0.,-1.));
#2153=DIRECTION('',(0.,1.,0.));
#2154=DIRECTION('',(0.,-1.,0.));
#2155=DIRECTION('',(0.,0.,1.));
#2156=DIRECTION('',(0.,1.,0.));
#2157=DIRECTION('',(1.61369625672261E-14,0.,1.));
#2158=DIRECTION('',(0.,-1.,0.));
#2159=DIRECTION('',(0.,-1.,0.));
#2160=DIRECTION('',(-1.61369625672261E-14,0.,-1.));
#2161=DIRECTION('',(0.,1.,0.));
#2162=DIRECTION('',(0.,1.,0.));
#2163=DIRECTION('',(0.,0.,-1.));
#2164=DIRECTION('',(0.,-1.,0.));
#2165=DIRECTION('',(0.,0.,1.));
#2166=DIRECTION('',(0.,-1.,0.));
#2167=DIRECTION('',(0.,1.,0.));
#2168=DIRECTION('',(0.,0.,-1.));
#2169=DIRECTION('',(0.,1.,0.));
#2170=DIRECTION('',(0.,-1.,0.));
#2171=DIRECTION('',(0.,0.,1.));
#2172=DIRECTION('',(0.,1.,0.));
#2173=DIRECTION('',(0.,0.,1.));
#2174=DIRECTION('',(0.,-1.,0.));
#2175=DIRECTION('',(0.,-1.,0.));
#2176=DIRECTION('',(-1.61369625672261E-14,0.,-1.));
#2177=DIRECTION('',(0.,1.,0.));
#2178=DIRECTION('',(0.,-1.,0.));
#2179=DIRECTION('',(0.,0.,1.));
#2180=DIRECTION('',(0.,-1.,0.));
#2181=DIRECTION('',(0.,0.,-1.));
#2182=DIRECTION('',(0.,-1.,0.));
#2183=DIRECTION('',(0.,1.,0.));
#2184=DIRECTION('',(-1.61369625672261E-14,0.,1.));
#2185=DIRECTION('',(0.,-1.,0.));
#2186=DIRECTION('',(0.,1.,0.));
#2187=DIRECTION('',(0.,0.,-1.));
#2188=DIRECTION('',(0.,-1.,0.));
#2189=DIRECTION('',(0.,0.,1.));
#2190=DIRECTION('',(0.,-1.,0.));
#2191=DIRECTION('',(0.,1.,0.));
#2192=DIRECTION('',(0.,0.,-1.));
#2193=DIRECTION('',(0.,1.,0.));
#2194=DIRECTION('',(0.,-1.,0.));
#2195=DIRECTION('',(0.,0.,1.));
#2196=DIRECTION('',(0.,1.,0.));
#2197=DIRECTION('',(0.,0.,1.));
#2198=DIRECTION('',(0.,-1.,0.));
#2199=DIRECTION('',(0.,-1.,0.));
#2200=DIRECTION('',(1.61369625672261E-14,0.,-1.));
#2201=DIRECTION('',(0.,1.,0.));
#2202=DIRECTION('',(0.,1.,0.));
#2203=DIRECTION('',(0.,0.,-1.));
#2204=DIRECTION('',(0.,-1.,0.));
#2205=DIRECTION('',(0.,0.,1.));
#2206=DIRECTION('',(0.,-1.,0.));
#2207=DIRECTION('',(0.,1.,0.));
#2208=DIRECTION('',(0.,0.,-1.));
#2209=DIRECTION('',(0.,1.,0.));
#2210=DIRECTION('',(0.866025403784439,0.,-0.5));
#2211=DIRECTION('',(-0.5,0.,-0.866025403784439));
#2212=DIRECTION('',(0.5,0.,0.866025403784439));
#2213=DIRECTION('',(-0.5,0.,-0.866025403784439));
#2214=DIRECTION('',(-0.866025403784439,0.,-0.5));
#2215=DIRECTION('',(-0.5,0.,0.866025403784439));
#2216=DIRECTION('',(-0.5,0.,0.866025403784439));
#2217=DIRECTION('',(0.5,0.,-0.866025403784439));
#2218=DIRECTION('',(0.866025403784439,0.,-0.5));
#2219=DIRECTION('',(-0.5,0.,-0.866025403784439));
#2220=DIRECTION('',(-0.5,0.,-0.866025403784439));
#2221=DIRECTION('',(0.5,0.,0.866025403784439));
#2222=DIRECTION('',(-0.866025403784439,0.,-0.5));
#2223=DIRECTION('',(-0.5,0.,0.866025403784439));
#2224=DIRECTION('',(-0.5,0.,0.866025403784439));
#2225=DIRECTION('',(0.5,0.,-0.866025403784439));
#2226=DIRECTION('',(0.866025403784439,0.,-0.5));
#2227=DIRECTION('',(-0.5,0.,-0.866025403784439));
#2228=DIRECTION('',(-0.5,0.,-0.866025403784439));
#2229=DIRECTION('',(0.5,0.,0.866025403784439));
#2230=DIRECTION('',(-0.866025403784439,0.,-0.5));
#2231=DIRECTION('',(-0.5,0.,0.866025403784439));
#2232=DIRECTION('',(-0.5,0.,0.866025403784439));
#2233=DIRECTION('',(0.5,0.,-0.866025403784439));
#2234=DIRECTION('',(0.866025403784439,0.,-0.5));
#2235=DIRECTION('',(-0.5,0.,-0.866025403784439));
#2236=DIRECTION('',(-0.5,0.,-0.866025403784439));
#2237=DIRECTION('',(0.5,0.,0.866025403784439));
#2238=DIRECTION('',(-0.866025403784439,0.,-0.5));
#2239=DIRECTION('',(-0.5,0.,0.866025403784439));
#2240=DIRECTION('',(-0.5,0.,0.866025403784439));
#2241=DIRECTION('',(0.5,0.,-0.866025403784439));
#2242=DIRECTION('',(-0.866025403784439,0.,-0.5));
#2243=DIRECTION('',(-0.5,0.,0.866025403784439));
#2244=DIRECTION('',(-0.5,0.,0.866025403784439));
#2245=DIRECTION('',(0.5,0.,-0.866025403784439));
#2246=DIRECTION('',(0.866025403784439,0.,-0.5));
#2247=DIRECTION('',(-0.5,0.,-0.866025403784439));
#2248=DIRECTION('',(-0.5,0.,-0.866025403784439));
#2249=DIRECTION('',(0.5,0.,0.866025403784439));
#2250=DIRECTION('',(-0.866025403784439,0.,-0.5));
#2251=DIRECTION('',(-0.5,0.,0.866025403784439));
#2252=DIRECTION('',(-0.5,0.,0.866025403784439));
#2253=DIRECTION('',(0.5,0.,-0.866025403784439));
#2254=DIRECTION('',(0.866025403784439,0.,-0.5));
#2255=DIRECTION('',(-0.5,0.,-0.866025403784439));
#2256=DIRECTION('',(-0.5,0.,-0.866025403784439));
#2257=DIRECTION('',(0.5,0.,0.866025403784439));
#2258=DIRECTION('',(-0.866025403784439,0.,-0.5));
#2259=DIRECTION('',(-0.5,0.,0.866025403784439));
#2260=DIRECTION('',(0.5,0.,-0.866025403784439));
#2261=DIRECTION('',(-0.5,0.,0.866025403784439));
#2262=DIRECTION('',(0.866025403784439,0.,-0.5));
#2263=DIRECTION('',(-0.5,0.,-0.866025403784439));
#2264=DIRECTION('',(0.5,0.,0.866025403784439));
#2265=DIRECTION('',(-0.5,0.,-0.866025403784439));
#2266=DIRECTION('',(3.94388216544853E-17,0.,1.));
#2267=DIRECTION('',(1.,0.,-3.94388216544853E-17));
#2268=DIRECTION('',(-1.,0.,3.94388216544853E-17));
#2269=DIRECTION('',(0.,-1.,0.));
#2270=DIRECTION('',(-1.,0.,3.94388216544853E-17));
#2271=DIRECTION('',(0.,-1.,0.));
#2272=DIRECTION('',(0.,-1.,0.));
#2273=DIRECTION('',(0.,0.,1.));
#2274=DIRECTION('',(0.,-1.,0.));
#2275=DIRECTION('',(0.,0.,1.));
#2276=DIRECTION('',(0.,-1.,0.));
#2277=DIRECTION('',(0.,0.,1.));
#2278=DIRECTION('',(0.,-1.,0.));
#2279=DIRECTION('',(0.,0.,1.));
#2280=DIRECTION('',(0.,1.,0.));
#2281=DIRECTION('',(0.,0.,1.));
#2282=DIRECTION('',(0.970142500145332,0.,0.242535625036333));
#2283=DIRECTION('',(0.,-1.,0.));
#2284=DIRECTION('',(0.,0.,1.));
#2285=DIRECTION('',(0.,1.,0.));
#2286=DIRECTION('',(0.,0.,1.));
#2287=DIRECTION('',(0.,0.,1.));
#2288=DIRECTION('',(0.,1.,0.));
#2289=DIRECTION('',(0.,0.,1.));
#2290=DIRECTION('',(-1.,0.,-9.90850864248426E-17));
#2291=DIRECTION('',(-0.928476690885259,0.,-0.371390676354104));
#2292=DIRECTION('',(-1.,0.,0.));
#2293=DIRECTION('',(0.,-1.,0.));
#2294=DIRECTION('',(0.,0.,1.));
#2295=DIRECTION('',(-0.554699215611407,0.,0.832050948079557));
#2296=DIRECTION('',(0.,1.,0.));
#2297=DIRECTION('',(0.,0.,-1.));
#2298=DIRECTION('',(-0.554699215611407,0.,-0.832050948079557));
#2299=DIRECTION('',(0.,0.,-1.));
#2300=DIRECTION('',(0.,1.,0.));
#2301=DIRECTION('',(0.,0.,1.));
#2302=DIRECTION('',(1.,0.,0.));
#2303=DIRECTION('',(0.,1.,0.));
#2304=DIRECTION('',(0.,0.,-1.));
#2305=DIRECTION('',(0.,0.,-1.));
#2306=DIRECTION('',(-1.,0.,0.));
#2307=DIRECTION('',(0.,-1.,0.));
#2308=DIRECTION('',(1.,0.,0.));
#2309=DIRECTION('',(0.,-1.,0.));
#2310=DIRECTION('',(0.,0.,1.));
#2311=DIRECTION('',(1.,0.,0.));
#2312=DIRECTION('',(0.242535625036333,0.,-0.970142500145332));
#2313=DIRECTION('',(-0.970142500145332,0.,-0.242535625036333));
#2314=DIRECTION('',(0.970142500145332,0.,0.242535625036333));
#2315=DIRECTION('',(0.,-1.,0.));
#2316=DIRECTION('',(0.,0.,1.));
#2317=DIRECTION('',(0.,1.,0.));
#2318=DIRECTION('',(0.,1.,0.));
#2319=DIRECTION('',(0.,0.,-1.));
#2320=DIRECTION('',(0.,-1.,0.));
#2321=DIRECTION('',(1.,0.,0.));
#2322=DIRECTION('',(0.,0.,-1.));
#2323=DIRECTION('',(0.,0.,1.));
#2324=DIRECTION('',(0.,-1.,0.));
#2325=DIRECTION('',(0.,-1.,0.));
#2326=DIRECTION('',(0.,0.,1.));
#2327=DIRECTION('',(0.,1.,0.));
#2328=DIRECTION('',(0.,0.,-1.));
#2329=DIRECTION('',(0.,-1.,0.));
#2330=DIRECTION('',(3.94388216544853E-17,0.,1.));
#2331=DIRECTION('',(1.,0.,-3.94388216544853E-17));
#2332=DIRECTION('',(-1.,0.,-9.90850864248426E-17));
#2333=DIRECTION('',(0.,-1.,0.));
#2334=DIRECTION('',(-0.371390676354104,0.,0.928476690885259));
#2335=DIRECTION('',(0.928476690885259,0.,0.371390676354104));
#2336=DIRECTION('',(-0.928476690885259,0.,-0.371390676354104));
#2337=DIRECTION('',(0.,-1.,0.));
#2338=DIRECTION('',(0.,0.,1.));
#2339=DIRECTION('',(1.,0.,0.));
#2340=DIRECTION('',(-1.,0.,2.47817639425258E-16));
#2341=DIRECTION('',(0.,-1.,0.));
#2342=DIRECTION('',(0.,-1.,0.));
#2343=DIRECTION('',(0.,0.,1.));
#2344=DIRECTION('',(0.,-1.,0.));
#2345=DIRECTION('',(0.,0.,-1.));
#2346=DIRECTION('',(0.,-1.,0.));
#2347=DIRECTION('',(0.,0.,1.));
#2348=DIRECTION('',(0.,-1.,0.));
#2349=DIRECTION('',(0.832050948079557,0.,0.554699215611407));
#2350=DIRECTION('',(0.554699215611407,0.,-0.832050948079557));
#2351=DIRECTION('',(-0.554699215611407,0.,0.832050948079557));
#2352=DIRECTION('',(0.,-1.,0.));
#2353=DIRECTION('',(0.,-1.,0.));
#2354=DIRECTION('',(0.,0.,1.));
#2355=DIRECTION('',(0.,1.,0.));
#2356=DIRECTION('',(0.,0.,-1.));
#2357=DIRECTION('',(0.,-1.,0.));
#2358=DIRECTION('',(-0.832050948079557,0.,0.554699215611407));
#2359=DIRECTION('',(0.554699215611407,0.,0.832050948079557));
#2360=DIRECTION('',(-0.554699215611407,0.,-0.832050948079557));
#2361=DIRECTION('',(0.,-1.,0.));
#2362=DIRECTION('',(-1.,0.,0.));
#2363=DIRECTION('',(0.,0.,1.));
#2364=DIRECTION('',(0.,-1.,0.));
#2365=DIRECTION('',(0.,-1.,0.));
#2366=DIRECTION('',(0.,0.,1.));
#2367=DIRECTION('',(0.,-1.,0.));
#2368=DIRECTION('',(0.,0.,1.));
#2369=DIRECTION('',(0.,1.,0.));
#2370=DIRECTION('',(0.,0.,-1.));
#2371=DIRECTION('',(0.0332595052619043,0.0576071529481864,0.997785157856609));
#2372=DIRECTION('',(-0.811888435628625,0.583774837689186,-0.00664130811429315));
#2373=DIRECTION('',(0.,1.,0.));
#2374=DIRECTION('',(0.,0.,-1.));
#2375=DIRECTION('',(0.,1.,0.));
#2376=DIRECTION('',(0.,0.,-1.));
#2377=DIRECTION('',(0.,0.,-1.));
#2378=DIRECTION('',(-1.,0.,0.));
#2379=DIRECTION('',(0.,1.,0.));
#2380=DIRECTION('',(0.,0.,-1.));
#2381=DIRECTION('',(0.,-1.,0.));
#2382=DIRECTION('',(0.,0.,1.));
#2383=DIRECTION('',(0.,-1.,0.));
#2384=DIRECTION('',(0.,0.,1.));
#2385=DIRECTION('',(0.,-1.,0.));
#2386=DIRECTION('',(0.,0.,1.));
#2387=DIRECTION('',(0.,0.,1.));
#2388=DIRECTION('',(1.,0.,0.));
#2389=DIRECTION('',(0.,0.,1.));
#2390=DIRECTION('',(1.,0.,0.));
#2391=DIRECTION('',(0.,0.,-1.));
#2392=DIRECTION('',(-1.,0.,0.));
#2393=DIRECTION('',(0.,0.,1.));
#2394=DIRECTION('',(1.,0.,0.));
#2395=DIRECTION('',(0.,0.,-1.));
#2396=DIRECTION('',(-1.,0.,0.));
#2397=DIRECTION('',(0.,0.,-1.));
#2398=DIRECTION('',(-1.,0.,0.));
#2399=DIRECTION('',(0.,0.,-1.));
#2400=DIRECTION('',(-1.,0.,0.));
#2401=DIRECTION('',(0.,-1.,0.));
#2402=DIRECTION('',(0.,0.,1.));
#2403=DIRECTION('',(0.,0.,1.));
#2404=DIRECTION('',(1.,0.,0.));
#2405=DIRECTION('',(0.,0.,1.));
#2406=DIRECTION('',(1.,0.,0.));
#2407=DIRECTION('',(0.,0.,1.));
#2408=DIRECTION('',(1.,0.,0.));
#2409=DIRECTION('',(0.,-1.,0.));
#2410=DIRECTION('',(0.,0.,1.));
#2411=DIRECTION('',(0.,1.,0.));
#2412=DIRECTION('',(0.,0.,-1.));
#2413=DIRECTION('',(0.,1.,0.));
#2414=DIRECTION('',(0.,0.,-1.));
#2415=DIRECTION('',(0.,1.,0.));
#2416=DIRECTION('',(0.,0.,-1.));
#2417=CARTESIAN_POINT('',(0.,0.,0.));
#2418=CARTESIAN_POINT('',(0.00791666879460391,-0.02905,0.0476));
#2419=CARTESIAN_POINT('',(0.0105166687946039,-0.02905,0.0476));
#2420=CARTESIAN_POINT('',(0.0105166687946039,-0.02905,0.0435));
#2421=CARTESIAN_POINT('',(0.0105166687946039,-0.02905,0.0476));
#2422=CARTESIAN_POINT('',(0.0105166687946039,-0.02905,0.045));
#2423=CARTESIAN_POINT('',(1.96724667981613E-16,-0.0295,0.0372));
#2424=CARTESIAN_POINT('',(1.96724667981613E-16,-0.0295,0.0367));
#2425=CARTESIAN_POINT('',(-0.00116667517841466,-0.0311244596110925,0.0367));
#2426=CARTESIAN_POINT('',(-0.00116667517841466,-0.0278755403889075,0.0367));
#2427=CARTESIAN_POINT('',(-0.00150000459634853,-0.0295,0.0371999954036513));
#2428=CARTESIAN_POINT('',(-0.00150000459634853,-0.0300930971195166,0.0371999954036513));
#2429=CARTESIAN_POINT('',(-0.001354551727723,-0.0306425627461229,0.0369818155435854));
#2430=CARTESIAN_POINT('',(-0.00116667517841466,-0.0311244596110925,0.0367));
#2431=CARTESIAN_POINT('',(-0.00150000766057319,-0.0295,0.0372));
#2432=CARTESIAN_POINT('',(1.96724667981613E-16,-0.0295,0.0372));
#2433=CARTESIAN_POINT('',(-0.00116667517841466,-0.0278755403889075,0.0367));
#2434=CARTESIAN_POINT('',(-0.00135448302183938,-0.0283572610256567,0.0369817124844968));
#2435=CARTESIAN_POINT('',(-0.00150000459634853,-0.028905902783348,0.0371999954036513));
#2436=CARTESIAN_POINT('',(-0.00150000459634853,-0.0295,0.0371999954036513));
#2437=CARTESIAN_POINT('',(0.00549166879460392,-0.02335,0.0303180161865059));
#2438=CARTESIAN_POINT('',(0.00549166879460392,-0.02635,0.0303180161865059));
#2439=CARTESIAN_POINT('',(0.00715577069076303,-0.02635,0.029208617755283));
#2440=CARTESIAN_POINT('',(0.0038275668984448,-0.02635,0.0292086177552831));
#2441=CARTESIAN_POINT('',(0.0038275668984448,-0.02335,0.0292086177552831));
#2442=CARTESIAN_POINT('',(0.0038275668984448,-0.02335,0.0292086177552831));
#2443=CARTESIAN_POINT('',(0.00549166879460392,-0.02335,0.0303180161865059));
#2444=CARTESIAN_POINT('',(0.00715577069076303,-0.02335,0.029208617755283));
#2445=CARTESIAN_POINT('',(0.00715577069076303,-0.02335,0.029208617755283));
#2446=CARTESIAN_POINT('',(0.00549166879460392,-0.02335,0.0303180161865059));
#2447=CARTESIAN_POINT('',(0.00549166879460392,-0.02335,0.0321207950112384));
#2448=CARTESIAN_POINT('',(0.00549166879460392,-0.02335,0.0306207950112384));
#2449=CARTESIAN_POINT('',(0.0163166687946039,-0.02335,0.04795));
#2450=CARTESIAN_POINT('',(0.0163166687946039,-0.02335,0.04795));
#2451=CARTESIAN_POINT('',(0.0163166687946039,-0.02335,0.04295));
#2452=CARTESIAN_POINT('',(0.0163166687946039,-0.02335,0.04295));
#2453=CARTESIAN_POINT('',(0.0038275668984448,-0.02335,0.0292086177552831));
#2454=CARTESIAN_POINT('',(-0.00681766336306994,-0.02335,0.045176503921943));
#2455=CARTESIAN_POINT('',(-0.00265740862267213,-0.02335,0.04795));
#2456=CARTESIAN_POINT('',(-0.00265740862267213,-0.02335,0.05295));
#2457=CARTESIAN_POINT('',(-0.00265740862267213,-0.02335,0.05295));
#2458=CARTESIAN_POINT('',(0.0113166687946039,-0.02335,0.05295));
#2459=CARTESIAN_POINT('',(0.0113166687946039,-0.02335,0.04795));
#2460=CARTESIAN_POINT('',(0.0105166687946039,-0.02335,0.0476));
#2461=CARTESIAN_POINT('',(0.0105166687946039,-0.02335,0.0435));
#2462=CARTESIAN_POINT('',(0.00549166879460392,-0.02635,0.0303180161865059));
#2463=CARTESIAN_POINT('',(0.0163166687946039,-0.02635,0.04295));
#2464=CARTESIAN_POINT('',(0.0154833375892076,-0.02635,0.0417));
#2465=CARTESIAN_POINT('',(0.0154833375892076,-0.02635,0.0417));
#2466=CARTESIAN_POINT('',(0.00230000000000021,-0.02635,0.0417));
#2467=CARTESIAN_POINT('',(0.00230000000000021,-0.02635,0.0417));
#2468=CARTESIAN_POINT('',(0.0023000000000002,-0.02635,0.0367));
#2469=CARTESIAN_POINT('',(0.0023000000000002,-0.02635,0.0367));
#2470=CARTESIAN_POINT('',(-0.00116667517841466,-0.02635,0.0367));
#2471=CARTESIAN_POINT('',(0.0038275668984448,-0.02635,0.0292086177552831));
#2472=CARTESIAN_POINT('',(0.00549166879460392,-0.02635,0.0321207950112384));
#2473=CARTESIAN_POINT('',(0.00549166879460392,-0.02635,0.0306207950112384));
#2474=CARTESIAN_POINT('',(-0.00265740862267213,-0.02635,0.04795));
#2475=CARTESIAN_POINT('',(-0.00265740862267213,-0.03235,0.04795));
#2476=CARTESIAN_POINT('',(-0.00681766336306994,-0.03235,0.045176503921943));
#2477=CARTESIAN_POINT('',(-0.00265740862267213,-0.03235,0.05295));
#2478=CARTESIAN_POINT('',(-0.00265740862267213,-0.02635,0.05295));
#2479=CARTESIAN_POINT('',(-0.00681766336306994,-0.02635,0.045176503921943));
#2480=CARTESIAN_POINT('',(-0.00116667517841466,-0.02635,0.0367));
#2481=CARTESIAN_POINT('',(-0.00116667517841466,-0.02635,0.0367));
#2482=CARTESIAN_POINT('',(-0.00116667517841466,-0.02635,0.0367));
#2483=CARTESIAN_POINT('',(-0.00116667517841466,-0.03235,0.0367));
#2484=CARTESIAN_POINT('',(-0.00116667517841466,-0.03235,0.0367));
#2485=CARTESIAN_POINT('',(-0.00533333120539608,-0.03235,0.04295));
#2486=CARTESIAN_POINT('',(-0.00451566401203929,-0.03235,0.041723496078057));
#2487=CARTESIAN_POINT('',(0.0023000000000002,-0.02635,0.0367));
#2488=CARTESIAN_POINT('',(0.0023000000000002,-0.02635,0.0367));
#2489=CARTESIAN_POINT('',(0.0023000000000002,-0.03235,0.0367));
#2490=CARTESIAN_POINT('',(0.0023000000000002,-0.03235,0.0367));
#2491=CARTESIAN_POINT('',(0.00230000000000021,-0.02635,0.0417));
#2492=CARTESIAN_POINT('',(0.00230000000000021,-0.03235,0.0417));
#2493=CARTESIAN_POINT('',(0.00230000000000021,-0.03235,0.0417));
#2494=CARTESIAN_POINT('',(0.00230000000000021,-0.02635,0.0417));
#2495=CARTESIAN_POINT('',(0.0154833375892076,-0.02635,0.0417));
#2496=CARTESIAN_POINT('',(0.0154833375892076,-0.03235,0.0417));
#2497=CARTESIAN_POINT('',(0.0154833375892076,-0.03235,0.0417));
#2498=CARTESIAN_POINT('',(0.0154833375892076,-0.02635,0.0417));
#2499=CARTESIAN_POINT('',(0.0163166687946039,-0.02635,0.04295));
#2500=CARTESIAN_POINT('',(0.0163166687946039,-0.03235,0.04295));
#2501=CARTESIAN_POINT('',(0.0163166687946039,-0.03235,0.04295));
#2502=CARTESIAN_POINT('',(0.0163166687946039,-0.02635,0.04295));
#2503=CARTESIAN_POINT('',(-0.00867591875243709,-0.03235,0.03895));
#2504=CARTESIAN_POINT('',(-0.00567591875243709,-0.03235,0.04295));
#2505=CARTESIAN_POINT('',(-0.0203333312053961,-0.03735,0.0485750000013656));
#2506=CARTESIAN_POINT('',(-0.0192483208411804,-0.0384153999437555,0.0487312500006828));
#2507=CARTESIAN_POINT('',(-0.01958470305625,-0.0387278920075021,0.0487190816514589));
#2508=CARTESIAN_POINT('',(-0.0205407678436618,-0.0390214398769397,0.0486954177791257));
#2509=CARTESIAN_POINT('',(-0.0217775135189148,-0.0381173985466299,0.0486574837531374));
#2510=CARTESIAN_POINT('',(-0.0217034513288062,-0.036570164538123,0.0486172655140678));
#2511=CARTESIAN_POINT('',(-0.0207921889147722,-0.0360735078465242,0.0485902952576475));
#2512=CARTESIAN_POINT('',(-0.02033333122588,-0.0361,0.0485750000013656));
#2513=CARTESIAN_POINT('',(-0.0192483208411804,-0.0384153999437555,0.0487312500006828));
#2514=CARTESIAN_POINT('',(-0.02033333122588,-0.0361,0.0485750000013656));
#2515=CARTESIAN_POINT('',(-0.0203333312053961,-0.03735,0.0485750000013656));
#2516=CARTESIAN_POINT('',(-0.0190833312053961,-0.03735,0.0485750000013656));
#2517=CARTESIAN_POINT('',(-0.0189480147366461,-0.03735,0.0486531250010242));
#2518=CARTESIAN_POINT('',(-0.0188126982678961,-0.03735,0.0487312500006828));
#2519=CARTESIAN_POINT('',(-0.0203333312053961,-0.03735,0.0487312500006828));
#2520=CARTESIAN_POINT('',(-0.0213475815180403,-0.0362148515372733,0.0429144662236398));
#2521=CARTESIAN_POINT('',(-0.0218555879935661,-0.0366687531576743,0.0429498902498224));
#2522=CARTESIAN_POINT('',(-0.0218555879935661,-0.03735,0.0429821875313042));
#2523=CARTESIAN_POINT('',(-0.0218555879935661,-0.0382288753664256,0.0430238541979709));
#2524=CARTESIAN_POINT('',(-0.0210944595994811,-0.0386683130496385,0.0430655208646375));
#2525=CARTESIAN_POINT('',(-0.0203333312053961,-0.0391077507328513,0.0431071875313042));
#2526=CARTESIAN_POINT('',(-0.0195722028113111,-0.0386683130496385,0.0431488541979709));
#2527=CARTESIAN_POINT('',(-0.0188110744172261,-0.0382288753664256,0.0431905208646376));
#2528=CARTESIAN_POINT('',(-0.0188110744172261,-0.03735,0.0432321875313042));
#2529=CARTESIAN_POINT('',(-0.0188110744172261,-0.0364711246335743,0.0432738541979709));
#2530=CARTESIAN_POINT('',(-0.0195722028113111,-0.0360316869503615,0.0433155208646375));
#2531=CARTESIAN_POINT('',(-0.0203333312053961,-0.0355922492671486,0.0433571875313042));
#2532=CARTESIAN_POINT('',(-0.0210944595994811,-0.0360316869503615,0.0433988541979709));
#2533=CARTESIAN_POINT('',(-0.0218555879935661,-0.0364711246335743,0.0434405208646376));
#2534=CARTESIAN_POINT('',(-0.0218555879935661,-0.03735,0.0434821875313042));
#2535=CARTESIAN_POINT('',(-0.0218555879935661,-0.0382288753664256,0.0435238541979709));
#2536=CARTESIAN_POINT('',(-0.0210944595994811,-0.0386683130496385,0.0435655208646375));
#2537=CARTESIAN_POINT('',(-0.0203333312053961,-0.0391077507328513,0.0436071875313042));
#2538=CARTESIAN_POINT('',(-0.0195722028113111,-0.0386683130496385,0.0436488541979709));
#2539=CARTESIAN_POINT('',(-0.0188110744172261,-0.0382288753664256,0.0436905208646375));
#2540=CARTESIAN_POINT('',(-0.0188110744172261,-0.03735,0.0437321875313042));
#2541=CARTESIAN_POINT('',(-0.0188110744172261,-0.0364711246335743,0.0437738541979709));
#2542=CARTESIAN_POINT('',(-0.0195722028113111,-0.0360316869503615,0.0438155208646375));
#2543=CARTESIAN_POINT('',(-0.0203333312053961,-0.0355922492671486,0.0438571875313042));
#2544=CARTESIAN_POINT('',(-0.0210944595994811,-0.0360316869503615,0.0438988541979709));
#2545=CARTESIAN_POINT('',(-0.0218555879935661,-0.0364711246335743,0.0439405208646375));
#2546=CARTESIAN_POINT('',(-0.0218555879935661,-0.03735,0.0439821875313042));
#2547=CARTESIAN_POINT('',(-0.0218555879935661,-0.0382288753664256,0.0440238541979709));
#2548=CARTESIAN_POINT('',(-0.0210944595994811,-0.0386683130496385,0.0440655208646375));
#2549=CARTESIAN_POINT('',(-0.0203333312053961,-0.0391077507328513,0.0441071875313042));
#2550=CARTESIAN_POINT('',(-0.0195722028113111,-0.0386683130496385,0.0441488541979709));
#2551=CARTESIAN_POINT('',(-0.0188110744172261,-0.0382288753664256,0.0441905208646375));
#2552=CARTESIAN_POINT('',(-0.0188110744172261,-0.03735,0.0442321875313042));
#2553=CARTESIAN_POINT('',(-0.0188110744172261,-0.0364711246335743,0.0442738541979709));
#2554=CARTESIAN_POINT('',(-0.0195722028113111,-0.0360316869503615,0.0443155208646375));
#2555=CARTESIAN_POINT('',(-0.0203333312053961,-0.0355922492671486,0.0443571875313042));
#2556=CARTESIAN_POINT('',(-0.0210944595994811,-0.0360316869503615,0.0443988541979709));
#2557=CARTESIAN_POINT('',(-0.0218555879935661,-0.0364711246335743,0.0444405208646376));
#2558=CARTESIAN_POINT('',(-0.0218555879935661,-0.03735,0.0444821875313042));
#2559=CARTESIAN_POINT('',(-0.0218555879935661,-0.0382288753664256,0.0445238541979709));
#2560=CARTESIAN_POINT('',(-0.0210944595994811,-0.0386683130496385,0.0445655208646375));
#2561=CARTESIAN_POINT('',(-0.0203333312053961,-0.0391077507328513,0.0446071875313042));
#2562=CARTESIAN_POINT('',(-0.0195722028113111,-0.0386683130496385,0.0446488541979709));
#2563=CARTESIAN_POINT('',(-0.0188110744172261,-0.0382288753664256,0.0446905208646375));
#2564=CARTESIAN_POINT('',(-0.0188110744172261,-0.03735,0.0447321875313042));
#2565=CARTESIAN_POINT('',(-0.0188110744172261,-0.0364711246335743,0.0447738541979709));
#2566=CARTESIAN_POINT('',(-0.0195722028113111,-0.0360316869503615,0.0448155208646375));
#2567=CARTESIAN_POINT('',(-0.0203333312053961,-0.0355922492671486,0.0448571875313042));
#2568=CARTESIAN_POINT('',(-0.0210944595994811,-0.0360316869503615,0.0448988541979709));
#2569=CARTESIAN_POINT('',(-0.0218555879935661,-0.0364711246335743,0.0449405208646375));
#2570=CARTESIAN_POINT('',(-0.0218555879935661,-0.03735,0.0449821875313042));
#2571=CARTESIAN_POINT('',(-0.0218555879935661,-0.0382288753664256,0.0450238541979709));
#2572=CARTESIAN_POINT('',(-0.0210944595994811,-0.0386683130496385,0.0450655208646375));
#2573=CARTESIAN_POINT('',(-0.0203333312053961,-0.0391077507328513,0.0451071875313042));
#2574=CARTESIAN_POINT('',(-0.0195722028113111,-0.0386683130496385,0.0451488541979708));
#2575=CARTESIAN_POINT('',(-0.0188110744172261,-0.0382288753664256,0.0451905208646375));
#2576=CARTESIAN_POINT('',(-0.0188110744172261,-0.03735,0.0452321875313042));
#2577=CARTESIAN_POINT('',(-0.0188110744172261,-0.0364711246335743,0.0452738541979709));
#2578=CARTESIAN_POINT('',(-0.0195722028113111,-0.0360316869503615,0.0453155208646375));
#2579=CARTESIAN_POINT('',(-0.0203333312053961,-0.0355922492671486,0.0453571875313042));
#2580=CARTESIAN_POINT('',(-0.0210944595994811,-0.0360316869503615,0.0453988541979708));
#2581=CARTESIAN_POINT('',(-0.0218555879935661,-0.0364711246335743,0.0454405208646376));
#2582=CARTESIAN_POINT('',(-0.0218555879935661,-0.03735,0.0454821875313042));
#2583=CARTESIAN_POINT('',(-0.0218555879935661,-0.0382288753664256,0.0455238541979709));
#2584=CARTESIAN_POINT('',(-0.0210944595994811,-0.0386683130496385,0.0455655208646375));
#2585=CARTESIAN_POINT('',(-0.0203333312053961,-0.0391077507328513,0.0456071875313042));
#2586=CARTESIAN_POINT('',(-0.0195722028113111,-0.0386683130496385,0.0456488541979708));
#2587=CARTESIAN_POINT('',(-0.0188110744172261,-0.0382288753664256,0.0456905208646376));
#2588=CARTESIAN_POINT('',(-0.0188110744172261,-0.03735,0.0457321875313042));
#2589=CARTESIAN_POINT('',(-0.0188110744172261,-0.0364711246335743,0.0457738541979709));
#2590=CARTESIAN_POINT('',(-0.0195722028113111,-0.0360316869503615,0.0458155208646375));
#2591=CARTESIAN_POINT('',(-0.0203333312053961,-0.0355922492671486,0.0458571875313042));
#2592=CARTESIAN_POINT('',(-0.0210944595994811,-0.0360316869503615,0.0458988541979708));
#2593=CARTESIAN_POINT('',(-0.0218555879935661,-0.0364711246335743,0.0459405208646375));
#2594=CARTESIAN_POINT('',(-0.0218555879935661,-0.03735,0.0459821875313042));
#2595=CARTESIAN_POINT('',(-0.0218555879935661,-0.0382288753664256,0.0460238541979709));
#2596=CARTESIAN_POINT('',(-0.0210944595994811,-0.0386683130496385,0.0460655208646375));
#2597=CARTESIAN_POINT('',(-0.0203333312053961,-0.0391077507328513,0.0461071875313042));
#2598=CARTESIAN_POINT('',(-0.0195722028113111,-0.0386683130496385,0.0461488541979708));
#2599=CARTESIAN_POINT('',(-0.0188110744172261,-0.0382288753664256,0.0461905208646375));
#2600=CARTESIAN_POINT('',(-0.0188110744172261,-0.03735,0.0462321875313042));
#2601=CARTESIAN_POINT('',(-0.0188110744172261,-0.0364711246335743,0.0462738541979709));
#2602=CARTESIAN_POINT('',(-0.0195722028113111,-0.0360316869503615,0.0463155208646375));
#2603=CARTESIAN_POINT('',(-0.0203333312053961,-0.0355922492671486,0.0463571875313042));
#2604=CARTESIAN_POINT('',(-0.0210944595994811,-0.0360316869503615,0.0463988541979708));
#2605=CARTESIAN_POINT('',(-0.0218555879935661,-0.0364711246335743,0.0464405208646375));
#2606=CARTESIAN_POINT('',(-0.0218555879935661,-0.03735,0.0464821875313042));
#2607=CARTESIAN_POINT('',(-0.0218555879935661,-0.0382288753664256,0.0465238541979709));
#2608=CARTESIAN_POINT('',(-0.0210944595994811,-0.0386683130496385,0.0465655208646375));
#2609=CARTESIAN_POINT('',(-0.0203333312053961,-0.0391077507328513,0.0466071875313042));
#2610=CARTESIAN_POINT('',(-0.0195722028113111,-0.0386683130496385,0.0466488541979708));
#2611=CARTESIAN_POINT('',(-0.0188110744172261,-0.0382288753664256,0.0466905208646375));
#2612=CARTESIAN_POINT('',(-0.0188110744172261,-0.03735,0.0467321875313042));
#2613=CARTESIAN_POINT('',(-0.0188110744172261,-0.0364711246335743,0.0467738541979709));
#2614=CARTESIAN_POINT('',(-0.0195722028113111,-0.0360316869503615,0.0468155208646375));
#2615=CARTESIAN_POINT('',(-0.0203333312053961,-0.0355922492671486,0.0468571875313042));
#2616=CARTESIAN_POINT('',(-0.0210944595994811,-0.0360316869503615,0.0468988541979708));
#2617=CARTESIAN_POINT('',(-0.0218555879935661,-0.0364711246335743,0.0469405208646376));
#2618=CARTESIAN_POINT('',(-0.0218555879935661,-0.03735,0.0469821875313042));
#2619=CARTESIAN_POINT('',(-0.0218555879935661,-0.0382288753664256,0.0470238541979709));
#2620=CARTESIAN_POINT('',(-0.0210944595994811,-0.0386683130496385,0.0470655208646375));
#2621=CARTESIAN_POINT('',(-0.0203333312053961,-0.0391077507328513,0.0471071875313042));
#2622=CARTESIAN_POINT('',(-0.0195722028113111,-0.0386683130496385,0.0471488541979708));
#2623=CARTESIAN_POINT('',(-0.0188110744172261,-0.0382288753664256,0.0471905208646376));
#2624=CARTESIAN_POINT('',(-0.0188110744172261,-0.03735,0.0472321875313042));
#2625=CARTESIAN_POINT('',(-0.0188110744172261,-0.0364711246335743,0.0472738541979709));
#2626=CARTESIAN_POINT('',(-0.0195722028113111,-0.0360316869503615,0.0473155208646375));
#2627=CARTESIAN_POINT('',(-0.0203333312053961,-0.0355922492671486,0.0473571875313042));
#2628=CARTESIAN_POINT('',(-0.0210944595994811,-0.0360316869503615,0.0473988541979708));
#2629=CARTESIAN_POINT('',(-0.0218555879935661,-0.0364711246335743,0.0474405208646375));
#2630=CARTESIAN_POINT('',(-0.0218555879935661,-0.03735,0.0474821875313042));
#2631=CARTESIAN_POINT('',(-0.0218555879935661,-0.0382288753664256,0.0475238541979709));
#2632=CARTESIAN_POINT('',(-0.0210944595994811,-0.0386683130496385,0.0475655208646375));
#2633=CARTESIAN_POINT('',(-0.0203333312053961,-0.0391077507328513,0.0476071875313042));
#2634=CARTESIAN_POINT('',(-0.0195722028113111,-0.0386683130496385,0.0476488541979709));
#2635=CARTESIAN_POINT('',(-0.0188110744172261,-0.0382288753664256,0.0476905208646375));
#2636=CARTESIAN_POINT('',(-0.0188110744172261,-0.03735,0.0477321875313042));
#2637=CARTESIAN_POINT('',(-0.0188110744172261,-0.0364711246335743,0.0477738541979709));
#2638=CARTESIAN_POINT('',(-0.0195722028113111,-0.0360316869503615,0.0478155208646375));
#2639=CARTESIAN_POINT('',(-0.0203333312053961,-0.0355922492671486,0.0478571875313042));
#2640=CARTESIAN_POINT('',(-0.0210944595994811,-0.0360316869503615,0.0478988541979709));
#2641=CARTESIAN_POINT('',(-0.0218555879935661,-0.0364711246335743,0.0479405208646375));
#2642=CARTESIAN_POINT('',(-0.0218555879935661,-0.03735,0.0479821875313042));
#2643=CARTESIAN_POINT('',(-0.0218555879935661,-0.0382288753664256,0.0480238541979709));
#2644=CARTESIAN_POINT('',(-0.0210944595994811,-0.0386683130496385,0.0480655208646375));
#2645=CARTESIAN_POINT('',(-0.0203333312053961,-0.0391077507328513,0.0481071875313042));
#2646=CARTESIAN_POINT('',(-0.0195722028113111,-0.0386683130496385,0.0481488541979709));
#2647=CARTESIAN_POINT('',(-0.0188110744172261,-0.0382288753664256,0.0481905208646376));
#2648=CARTESIAN_POINT('',(-0.0188110744172261,-0.03735,0.0482321875313042));
#2649=CARTESIAN_POINT('',(-0.0188110744172261,-0.0364711246335743,0.0482738541979709));
#2650=CARTESIAN_POINT('',(-0.0195722028113111,-0.0360316869503615,0.0483155208646375));
#2651=CARTESIAN_POINT('',(-0.0203333312053961,-0.0355922492671486,0.0483571875313042));
#2652=CARTESIAN_POINT('',(-0.0210944595994811,-0.0360316869503615,0.0483988541979709));
#2653=CARTESIAN_POINT('',(-0.0218555879935661,-0.0364711246335743,0.0484405208646376));
#2654=CARTESIAN_POINT('',(-0.0218555879935661,-0.03735,0.0484821875313042));
#2655=CARTESIAN_POINT('',(-0.0218555879935661,-0.0382288753664256,0.0485238541979709));
#2656=CARTESIAN_POINT('',(-0.0210944595994811,-0.0386683130496385,0.0485655208646375));
#2657=CARTESIAN_POINT('',(-0.0203333312053961,-0.0391077507328513,0.0486071875313042));
#2658=CARTESIAN_POINT('',(-0.0195722028113111,-0.0386683130496385,0.0486488541979709));
#2659=CARTESIAN_POINT('',(-0.0188110744172261,-0.0382288753664256,0.0486905208646375));
#2660=CARTESIAN_POINT('',(-0.0188110744172261,-0.03735,0.0487321875313042));
#2661=CARTESIAN_POINT('',(-0.0213464995776853,-0.0362160624443989,0.0429135286930184));
#2662=CARTESIAN_POINT('',(-0.0218539641428961,-0.0366694798702433,0.042948952719201));
#2663=CARTESIAN_POINT('',(-0.0218539641428961,-0.03735,0.0429812500006828));
#2664=CARTESIAN_POINT('',(-0.0218539641428961,-0.0382279378358042,0.0430229166673495));
#2665=CARTESIAN_POINT('',(-0.0210936476741461,-0.0386669067537063,0.0430645833340161));
#2666=CARTESIAN_POINT('',(-0.0203333312053961,-0.0391058756716084,0.0431062500006828));
#2667=CARTESIAN_POINT('',(-0.0195730147366461,-0.0386669067537063,0.0431479166673495));
#2668=CARTESIAN_POINT('',(-0.0188126982678961,-0.0382279378358042,0.0431895833340161));
#2669=CARTESIAN_POINT('',(-0.0188126982678961,-0.03735,0.0432312500006828));
#2670=CARTESIAN_POINT('',(-0.0188126982678961,-0.0364720621641957,0.0432729166673495));
#2671=CARTESIAN_POINT('',(-0.0195730147366461,-0.0360330932462936,0.0433145833340161));
#2672=CARTESIAN_POINT('',(-0.0203333312053961,-0.0355941243283915,0.0433562500006828));
#2673=CARTESIAN_POINT('',(-0.0210936476741461,-0.0360330932462936,0.0433979166673495));
#2674=CARTESIAN_POINT('',(-0.0218539641428961,-0.0364720621641957,0.0434395833340161));
#2675=CARTESIAN_POINT('',(-0.0218539641428961,-0.03735,0.0434812500006828));
#2676=CARTESIAN_POINT('',(-0.0218539641428961,-0.0382279378358042,0.0435229166673495));
#2677=CARTESIAN_POINT('',(-0.0210936476741461,-0.0386669067537063,0.0435645833340161));
#2678=CARTESIAN_POINT('',(-0.0203333312053961,-0.0391058756716084,0.0436062500006828));
#2679=CARTESIAN_POINT('',(-0.0195730147366461,-0.0386669067537063,0.0436479166673495));
#2680=CARTESIAN_POINT('',(-0.0188126982678961,-0.0382279378358042,0.0436895833340161));
#2681=CARTESIAN_POINT('',(-0.0188126982678961,-0.03735,0.0437312500006828));
#2682=CARTESIAN_POINT('',(-0.0188126982678961,-0.0364720621641957,0.0437729166673494));
#2683=CARTESIAN_POINT('',(-0.0195730147366461,-0.0360330932462936,0.0438145833340161));
#2684=CARTESIAN_POINT('',(-0.0203333312053961,-0.0355941243283915,0.0438562500006828));
#2685=CARTESIAN_POINT('',(-0.0210936476741461,-0.0360330932462936,0.0438979166673495));
#2686=CARTESIAN_POINT('',(-0.0218539641428961,-0.0364720621641957,0.0439395833340161));
#2687=CARTESIAN_POINT('',(-0.0218539641428961,-0.03735,0.0439812500006828));
#2688=CARTESIAN_POINT('',(-0.0218539641428961,-0.0382279378358042,0.0440229166673495));
#2689=CARTESIAN_POINT('',(-0.0210936476741461,-0.0386669067537063,0.0440645833340161));
#2690=CARTESIAN_POINT('',(-0.0203333312053961,-0.0391058756716084,0.0441062500006828));
#2691=CARTESIAN_POINT('',(-0.0195730147366461,-0.0386669067537063,0.0441479166673495));
#2692=CARTESIAN_POINT('',(-0.0188126982678961,-0.0382279378358042,0.0441895833340162));
#2693=CARTESIAN_POINT('',(-0.0188126982678961,-0.03735,0.0442312500006828));
#2694=CARTESIAN_POINT('',(-0.0188126982678961,-0.0364720621641957,0.0442729166673495));
#2695=CARTESIAN_POINT('',(-0.0195730147366461,-0.0360330932462936,0.0443145833340161));
#2696=CARTESIAN_POINT('',(-0.0203333312053961,-0.0355941243283915,0.0443562500006828));
#2697=CARTESIAN_POINT('',(-0.0210936476741461,-0.0360330932462936,0.0443979166673494));
#2698=CARTESIAN_POINT('',(-0.0218539641428961,-0.0364720621641957,0.0444395833340161));
#2699=CARTESIAN_POINT('',(-0.0218539641428961,-0.03735,0.0444812500006828));
#2700=CARTESIAN_POINT('',(-0.0218539641428961,-0.0382279378358042,0.0445229166673495));
#2701=CARTESIAN_POINT('',(-0.0210936476741461,-0.0386669067537063,0.0445645833340161));
#2702=CARTESIAN_POINT('',(-0.0203333312053961,-0.0391058756716084,0.0446062500006828));
#2703=CARTESIAN_POINT('',(-0.0195730147366461,-0.0386669067537063,0.0446479166673494));
#2704=CARTESIAN_POINT('',(-0.0188126982678961,-0.0382279378358042,0.0446895833340161));
#2705=CARTESIAN_POINT('',(-0.0188126982678961,-0.03735,0.0447312500006828));
#2706=CARTESIAN_POINT('',(-0.0188126982678961,-0.0364720621641957,0.0447729166673495));
#2707=CARTESIAN_POINT('',(-0.0195730147366461,-0.0360330932462936,0.0448145833340161));
#2708=CARTESIAN_POINT('',(-0.0203333312053961,-0.0355941243283915,0.0448562500006828));
#2709=CARTESIAN_POINT('',(-0.0210936476741461,-0.0360330932462936,0.0448979166673494));
#2710=CARTESIAN_POINT('',(-0.0218539641428961,-0.0364720621641957,0.0449395833340161));
#2711=CARTESIAN_POINT('',(-0.0218539641428961,-0.03735,0.0449812500006828));
#2712=CARTESIAN_POINT('',(-0.0218539641428961,-0.0382279378358042,0.0450229166673494));
#2713=CARTESIAN_POINT('',(-0.0210936476741461,-0.0386669067537063,0.0450645833340161));
#2714=CARTESIAN_POINT('',(-0.0203333312053961,-0.0391058756716084,0.0451062500006828));
#2715=CARTESIAN_POINT('',(-0.0195730147366461,-0.0386669067537063,0.0451479166673494));
#2716=CARTESIAN_POINT('',(-0.0188126982678961,-0.0382279378358042,0.0451895833340161));
#2717=CARTESIAN_POINT('',(-0.0188126982678961,-0.03735,0.0452312500006828));
#2718=CARTESIAN_POINT('',(-0.0188126982678961,-0.0364720621641957,0.0452729166673494));
#2719=CARTESIAN_POINT('',(-0.0195730147366461,-0.0360330932462936,0.0453145833340161));
#2720=CARTESIAN_POINT('',(-0.0203333312053961,-0.0355941243283915,0.0453562500006828));
#2721=CARTESIAN_POINT('',(-0.0210936476741461,-0.0360330932462936,0.0453979166673494));
#2722=CARTESIAN_POINT('',(-0.0218539641428961,-0.0364720621641957,0.0454395833340162));
#2723=CARTESIAN_POINT('',(-0.0218539641428961,-0.03735,0.0454812500006828));
#2724=CARTESIAN_POINT('',(-0.0218539641428961,-0.0382279378358042,0.0455229166673495));
#2725=CARTESIAN_POINT('',(-0.0210936476741461,-0.0386669067537063,0.0455645833340161));
#2726=CARTESIAN_POINT('',(-0.0203333312053961,-0.0391058756716084,0.0456062500006828));
#2727=CARTESIAN_POINT('',(-0.0195730147366461,-0.0386669067537063,0.0456479166673494));
#2728=CARTESIAN_POINT('',(-0.0188126982678961,-0.0382279378358042,0.0456895833340161));
#2729=CARTESIAN_POINT('',(-0.0188126982678961,-0.03735,0.0457312500006828));
#2730=CARTESIAN_POINT('',(-0.0188126982678961,-0.0364720621641957,0.0457729166673495));
#2731=CARTESIAN_POINT('',(-0.0195730147366461,-0.0360330932462936,0.0458145833340161));
#2732=CARTESIAN_POINT('',(-0.0203333312053961,-0.0355941243283915,0.0458562500006828));
#2733=CARTESIAN_POINT('',(-0.0210936476741461,-0.0360330932462936,0.0458979166673494));
#2734=CARTESIAN_POINT('',(-0.0218539641428961,-0.0364720621641957,0.0459395833340161));
#2735=CARTESIAN_POINT('',(-0.0218539641428961,-0.03735,0.0459812500006828));
#2736=CARTESIAN_POINT('',(-0.0218539641428961,-0.0382279378358042,0.0460229166673495));
#2737=CARTESIAN_POINT('',(-0.0210936476741461,-0.0386669067537063,0.0460645833340161));
#2738=CARTESIAN_POINT('',(-0.0203333312053961,-0.0391058756716084,0.0461062500006828));
#2739=CARTESIAN_POINT('',(-0.0195730147366461,-0.0386669067537063,0.0461479166673494));
#2740=CARTESIAN_POINT('',(-0.0188126982678961,-0.0382279378358042,0.0461895833340161));
#2741=CARTESIAN_POINT('',(-0.0188126982678961,-0.03735,0.0462312500006828));
#2742=CARTESIAN_POINT('',(-0.0188126982678961,-0.0364720621641957,0.0462729166673494));
#2743=CARTESIAN_POINT('',(-0.0195730147366461,-0.0360330932462936,0.0463145833340161));
#2744=CARTESIAN_POINT('',(-0.0203333312053961,-0.0355941243283915,0.0463562500006828));
#2745=CARTESIAN_POINT('',(-0.0210936476741461,-0.0360330932462936,0.0463979166673494));
#2746=CARTESIAN_POINT('',(-0.0218539641428961,-0.0364720621641957,0.0464395833340161));
#2747=CARTESIAN_POINT('',(-0.0218539641428961,-0.03735,0.0464812500006828));
#2748=CARTESIAN_POINT('',(-0.0218539641428961,-0.0382279378358042,0.0465229166673494));
#2749=CARTESIAN_POINT('',(-0.0210936476741461,-0.0386669067537063,0.0465645833340161));
#2750=CARTESIAN_POINT('',(-0.0203333312053961,-0.0391058756716084,0.0466062500006828));
#2751=CARTESIAN_POINT('',(-0.0195730147366461,-0.0386669067537063,0.0466479166673494));
#2752=CARTESIAN_POINT('',(-0.0188126982678961,-0.0382279378358042,0.0466895833340161));
#2753=CARTESIAN_POINT('',(-0.0188126982678961,-0.03735,0.0467312500006828));
#2754=CARTESIAN_POINT('',(-0.0188126982678961,-0.0364720621641957,0.0467729166673495));
#2755=CARTESIAN_POINT('',(-0.0195730147366461,-0.0360330932462936,0.0468145833340161));
#2756=CARTESIAN_POINT('',(-0.0203333312053961,-0.0355941243283915,0.0468562500006828));
#2757=CARTESIAN_POINT('',(-0.0210936476741461,-0.0360330932462936,0.0468979166673494));
#2758=CARTESIAN_POINT('',(-0.0218539641428961,-0.0364720621641957,0.0469395833340161));
#2759=CARTESIAN_POINT('',(-0.0218539641428961,-0.03735,0.0469812500006828));
#2760=CARTESIAN_POINT('',(-0.0218539641428961,-0.0382279378358042,0.0470229166673495));
#2761=CARTESIAN_POINT('',(-0.0210936476741461,-0.0386669067537063,0.0470645833340161));
#2762=CARTESIAN_POINT('',(-0.0203333312053961,-0.0391058756716084,0.0471062500006828));
#2763=CARTESIAN_POINT('',(-0.0195730147366461,-0.0386669067537063,0.0471479166673494));
#2764=CARTESIAN_POINT('',(-0.0188126982678961,-0.0382279378358042,0.0471895833340161));
#2765=CARTESIAN_POINT('',(-0.0188126982678961,-0.03735,0.0472312500006828));
#2766=CARTESIAN_POINT('',(-0.0188126982678961,-0.0364720621641957,0.0472729166673495));
#2767=CARTESIAN_POINT('',(-0.0195730147366461,-0.0360330932462936,0.0473145833340161));
#2768=CARTESIAN_POINT('',(-0.0203333312053961,-0.0355941243283915,0.0473562500006828));
#2769=CARTESIAN_POINT('',(-0.0210936476741461,-0.0360330932462936,0.0473979166673494));
#2770=CARTESIAN_POINT('',(-0.0218539641428961,-0.0364720621641957,0.0474395833340161));
#2771=CARTESIAN_POINT('',(-0.0218539641428961,-0.03735,0.0474812500006828));
#2772=CARTESIAN_POINT('',(-0.0218539641428961,-0.0382279378358042,0.0475229166673495));
#2773=CARTESIAN_POINT('',(-0.0210936476741461,-0.0386669067537063,0.0475645833340161));
#2774=CARTESIAN_POINT('',(-0.0203333312053961,-0.0391058756716084,0.0476062500006828));
#2775=CARTESIAN_POINT('',(-0.0195730147366461,-0.0386669067537063,0.0476479166673495));
#2776=CARTESIAN_POINT('',(-0.0188126982678961,-0.0382279378358042,0.0476895833340161));
#2777=CARTESIAN_POINT('',(-0.0188126982678961,-0.03735,0.0477312500006828));
#2778=CARTESIAN_POINT('',(-0.0188126982678961,-0.0364720621641957,0.0477729166673494));
#2779=CARTESIAN_POINT('',(-0.0195730147366461,-0.0360330932462936,0.0478145833340161));
#2780=CARTESIAN_POINT('',(-0.0203333312053961,-0.0355941243283915,0.0478562500006828));
#2781=CARTESIAN_POINT('',(-0.0210936476741461,-0.0360330932462936,0.0478979166673495));
#2782=CARTESIAN_POINT('',(-0.0218539641428961,-0.0364720621641957,0.0479395833340161));
#2783=CARTESIAN_POINT('',(-0.0218539641428961,-0.03735,0.0479812500006828));
#2784=CARTESIAN_POINT('',(-0.0218539641428961,-0.0382279378358042,0.0480229166673494));
#2785=CARTESIAN_POINT('',(-0.0210936476741461,-0.0386669067537063,0.0480645833340161));
#2786=CARTESIAN_POINT('',(-0.0203333312053961,-0.0391058756716084,0.0481062500006828));
#2787=CARTESIAN_POINT('',(-0.0195730147366461,-0.0386669067537063,0.0481479166673495));
#2788=CARTESIAN_POINT('',(-0.0188126982678961,-0.0382279378358042,0.0481895833340161));
#2789=CARTESIAN_POINT('',(-0.0188126982678961,-0.03735,0.0482312500006828));
#2790=CARTESIAN_POINT('',(-0.0188126982678961,-0.0364720621641957,0.0482729166673495));
#2791=CARTESIAN_POINT('',(-0.0195730147366461,-0.0360330932462936,0.0483145833340161));
#2792=CARTESIAN_POINT('',(-0.0203333312053961,-0.0355941243283915,0.0483562500006828));
#2793=CARTESIAN_POINT('',(-0.0210936476741461,-0.0360330932462936,0.0483979166673495));
#2794=CARTESIAN_POINT('',(-0.0218539641428961,-0.0364720621641957,0.0484395833340161));
#2795=CARTESIAN_POINT('',(-0.0218539641428961,-0.03735,0.0484812500006828));
#2796=CARTESIAN_POINT('',(-0.0218539641428961,-0.0382279378358042,0.0485229166673495));
#2797=CARTESIAN_POINT('',(-0.0210936476741461,-0.0386669067537063,0.0485645833340161));
#2798=CARTESIAN_POINT('',(-0.0203333312053961,-0.0391058756716084,0.0486062500006828));
#2799=CARTESIAN_POINT('',(-0.0195730147366461,-0.0386669067537063,0.0486479166673495));
#2800=CARTESIAN_POINT('',(-0.0188126982678961,-0.0382279378358042,0.0486895833340161));
#2801=CARTESIAN_POINT('',(-0.0188126982678961,-0.03735,0.0487312500006828));
#2802=CARTESIAN_POINT('',(-0.0211661820756684,-0.0364178737060426,0.0427572786937012));
#2803=CARTESIAN_POINT('',(-0.0215833312053961,-0.036790594675271,0.0427927027198838));
#2804=CARTESIAN_POINT('',(-0.0215833312053961,-0.03735,0.0428250000013655));
#2805=CARTESIAN_POINT('',(-0.0215833312053961,-0.038071687836487,0.0428666666680323));
#2806=CARTESIAN_POINT('',(-0.0209583312053961,-0.0384325317547305,0.0429083333346989));
#2807=CARTESIAN_POINT('',(-0.0203333312053961,-0.038793375672974,0.0429500000013656));
#2808=CARTESIAN_POINT('',(-0.0197083312053961,-0.0384325317547305,0.0429916666680323));
#2809=CARTESIAN_POINT('',(-0.0190833312053961,-0.038071687836487,0.0430333333346989));
#2810=CARTESIAN_POINT('',(-0.0190833312053961,-0.03735,0.0430750000013655));
#2811=CARTESIAN_POINT('',(-0.0190833312053961,-0.0366283121635129,0.0431166666680323));
#2812=CARTESIAN_POINT('',(-0.0197083312053961,-0.0362674682452694,0.0431583333346989));
#2813=CARTESIAN_POINT('',(-0.0203333312053961,-0.0359066243270259,0.0432000000013656));
#2814=CARTESIAN_POINT('',(-0.0209583312053961,-0.0362674682452694,0.0432416666680323));
#2815=CARTESIAN_POINT('',(-0.0215833312053961,-0.0366283121635129,0.0432833333346989));
#2816=CARTESIAN_POINT('',(-0.0215833312053961,-0.03735,0.0433250000013655));
#2817=CARTESIAN_POINT('',(-0.0215833312053961,-0.038071687836487,0.0433666666680323));
#2818=CARTESIAN_POINT('',(-0.0209583312053961,-0.0384325317547305,0.0434083333346989));
#2819=CARTESIAN_POINT('',(-0.0203333312053961,-0.038793375672974,0.0434500000013656));
#2820=CARTESIAN_POINT('',(-0.0197083312053961,-0.0384325317547305,0.0434916666680323));
#2821=CARTESIAN_POINT('',(-0.0190833312053961,-0.038071687836487,0.0435333333346989));
#2822=CARTESIAN_POINT('',(-0.0190833312053961,-0.03735,0.0435750000013656));
#2823=CARTESIAN_POINT('',(-0.0190833312053961,-0.0366283121635129,0.0436166666680322));
#2824=CARTESIAN_POINT('',(-0.0197083312053961,-0.0362674682452694,0.0436583333346989));
#2825=CARTESIAN_POINT('',(-0.0203333312053961,-0.0359066243270259,0.0437000000013656));
#2826=CARTESIAN_POINT('',(-0.0209583312053961,-0.0362674682452694,0.0437416666680323));
#2827=CARTESIAN_POINT('',(-0.0215833312053961,-0.0366283121635129,0.0437833333346989));
#2828=CARTESIAN_POINT('',(-0.0215833312053961,-0.03735,0.0438250000013656));
#2829=CARTESIAN_POINT('',(-0.0215833312053961,-0.038071687836487,0.0438666666680322));
#2830=CARTESIAN_POINT('',(-0.0209583312053961,-0.0384325317547305,0.0439083333346989));
#2831=CARTESIAN_POINT('',(-0.0203333312053961,-0.038793375672974,0.0439500000013656));
#2832=CARTESIAN_POINT('',(-0.0197083312053961,-0.0384325317547305,0.0439916666680323));
#2833=CARTESIAN_POINT('',(-0.0190833312053961,-0.038071687836487,0.0440333333346989));
#2834=CARTESIAN_POINT('',(-0.0190833312053961,-0.03735,0.0440750000013656));
#2835=CARTESIAN_POINT('',(-0.0190833312053961,-0.0366283121635129,0.0441166666680323));
#2836=CARTESIAN_POINT('',(-0.0197083312053961,-0.0362674682452694,0.0441583333346989));
#2837=CARTESIAN_POINT('',(-0.0203333312053961,-0.0359066243270259,0.0442000000013656));
#2838=CARTESIAN_POINT('',(-0.0209583312053961,-0.0362674682452694,0.0442416666680323));
#2839=CARTESIAN_POINT('',(-0.0215833312053961,-0.0366283121635129,0.0442833333346989));
#2840=CARTESIAN_POINT('',(-0.0215833312053961,-0.03735,0.0443250000013656));
#2841=CARTESIAN_POINT('',(-0.0215833312053961,-0.038071687836487,0.0443666666680323));
#2842=CARTESIAN_POINT('',(-0.0209583312053961,-0.0384325317547305,0.0444083333346989));
#2843=CARTESIAN_POINT('',(-0.0203333312053961,-0.038793375672974,0.0444500000013656));
#2844=CARTESIAN_POINT('',(-0.0197083312053961,-0.0384325317547305,0.0444916666680323));
#2845=CARTESIAN_POINT('',(-0.0190833312053961,-0.038071687836487,0.0445333333346989));
#2846=CARTESIAN_POINT('',(-0.0190833312053961,-0.03735,0.0445750000013656));
#2847=CARTESIAN_POINT('',(-0.0190833312053961,-0.0366283121635129,0.0446166666680322));
#2848=CARTESIAN_POINT('',(-0.0197083312053961,-0.0362674682452694,0.0446583333346989));
#2849=CARTESIAN_POINT('',(-0.0203333312053961,-0.0359066243270259,0.0447000000013656));
#2850=CARTESIAN_POINT('',(-0.0209583312053961,-0.0362674682452694,0.0447416666680323));
#2851=CARTESIAN_POINT('',(-0.0215833312053961,-0.0366283121635129,0.0447833333346989));
#2852=CARTESIAN_POINT('',(-0.0215833312053961,-0.03735,0.0448250000013656));
#2853=CARTESIAN_POINT('',(-0.0215833312053961,-0.038071687836487,0.0448666666680322));
#2854=CARTESIAN_POINT('',(-0.0209583312053961,-0.0384325317547305,0.0449083333346989));
#2855=CARTESIAN_POINT('',(-0.0203333312053961,-0.038793375672974,0.0449500000013656));
#2856=CARTESIAN_POINT('',(-0.0197083312053961,-0.0384325317547305,0.0449916666680323));
#2857=CARTESIAN_POINT('',(-0.0190833312053961,-0.038071687836487,0.0450333333346989));
#2858=CARTESIAN_POINT('',(-0.0190833312053961,-0.03735,0.0450750000013656));
#2859=CARTESIAN_POINT('',(-0.0190833312053961,-0.0366283121635129,0.0451166666680323));
#2860=CARTESIAN_POINT('',(-0.0197083312053961,-0.0362674682452694,0.0451583333346989));
#2861=CARTESIAN_POINT('',(-0.0203333312053961,-0.0359066243270259,0.0452000000013656));
#2862=CARTESIAN_POINT('',(-0.0209583312053961,-0.0362674682452694,0.0452416666680323));
#2863=CARTESIAN_POINT('',(-0.0215833312053961,-0.0366283121635129,0.0452833333346989));
#2864=CARTESIAN_POINT('',(-0.0215833312053961,-0.03735,0.0453250000013656));
#2865=CARTESIAN_POINT('',(-0.0215833312053961,-0.038071687836487,0.0453666666680323));
#2866=CARTESIAN_POINT('',(-0.0209583312053961,-0.0384325317547305,0.0454083333346989));
#2867=CARTESIAN_POINT('',(-0.0203333312053961,-0.038793375672974,0.0454500000013656));
#2868=CARTESIAN_POINT('',(-0.0197083312053961,-0.0384325317547305,0.0454916666680323));
#2869=CARTESIAN_POINT('',(-0.0190833312053961,-0.038071687836487,0.0455333333346989));
#2870=CARTESIAN_POINT('',(-0.0190833312053961,-0.03735,0.0455750000013656));
#2871=CARTESIAN_POINT('',(-0.0190833312053961,-0.0366283121635129,0.0456166666680323));
#2872=CARTESIAN_POINT('',(-0.0197083312053961,-0.0362674682452694,0.0456583333346989));
#2873=CARTESIAN_POINT('',(-0.0203333312053961,-0.0359066243270259,0.0457000000013656));
#2874=CARTESIAN_POINT('',(-0.0209583312053961,-0.0362674682452694,0.0457416666680323));
#2875=CARTESIAN_POINT('',(-0.0215833312053961,-0.0366283121635129,0.0457833333346989));
#2876=CARTESIAN_POINT('',(-0.0215833312053961,-0.03735,0.0458250000013656));
#2877=CARTESIAN_POINT('',(-0.0215833312053961,-0.038071687836487,0.0458666666680323));
#2878=CARTESIAN_POINT('',(-0.0209583312053961,-0.0384325317547305,0.0459083333346989));
#2879=CARTESIAN_POINT('',(-0.0203333312053961,-0.038793375672974,0.0459500000013656));
#2880=CARTESIAN_POINT('',(-0.0197083312053961,-0.0384325317547305,0.0459916666680323));
#2881=CARTESIAN_POINT('',(-0.0190833312053961,-0.038071687836487,0.0460333333346989));
#2882=CARTESIAN_POINT('',(-0.0190833312053961,-0.03735,0.0460750000013656));
#2883=CARTESIAN_POINT('',(-0.0190833312053961,-0.0366283121635129,0.0461166666680322));
#2884=CARTESIAN_POINT('',(-0.0197083312053961,-0.0362674682452694,0.0461583333346989));
#2885=CARTESIAN_POINT('',(-0.0203333312053961,-0.0359066243270259,0.0462000000013656));
#2886=CARTESIAN_POINT('',(-0.0209583312053961,-0.0362674682452694,0.0462416666680323));
#2887=CARTESIAN_POINT('',(-0.0215833312053961,-0.0366283121635129,0.0462833333346989));
#2888=CARTESIAN_POINT('',(-0.0215833312053961,-0.03735,0.0463250000013656));
#2889=CARTESIAN_POINT('',(-0.0215833312053961,-0.038071687836487,0.0463666666680322));
#2890=CARTESIAN_POINT('',(-0.0209583312053961,-0.0384325317547305,0.0464083333346989));
#2891=CARTESIAN_POINT('',(-0.0203333312053961,-0.038793375672974,0.0464500000013656));
#2892=CARTESIAN_POINT('',(-0.0197083312053961,-0.0384325317547305,0.0464916666680323));
#2893=CARTESIAN_POINT('',(-0.0190833312053961,-0.038071687836487,0.0465333333346989));
#2894=CARTESIAN_POINT('',(-0.0190833312053961,-0.03735,0.0465750000013656));
#2895=CARTESIAN_POINT('',(-0.0190833312053961,-0.0366283121635129,0.0466166666680323));
#2896=CARTESIAN_POINT('',(-0.0197083312053961,-0.0362674682452694,0.0466583333346989));
#2897=CARTESIAN_POINT('',(-0.0203333312053961,-0.0359066243270259,0.0467000000013656));
#2898=CARTESIAN_POINT('',(-0.0209583312053961,-0.0362674682452694,0.0467416666680323));
#2899=CARTESIAN_POINT('',(-0.0215833312053961,-0.0366283121635129,0.0467833333346989));
#2900=CARTESIAN_POINT('',(-0.0215833312053961,-0.03735,0.0468250000013656));
#2901=CARTESIAN_POINT('',(-0.0215833312053961,-0.038071687836487,0.0468666666680323));
#2902=CARTESIAN_POINT('',(-0.0209583312053961,-0.0384325317547305,0.0469083333346989));
#2903=CARTESIAN_POINT('',(-0.0203333312053961,-0.038793375672974,0.0469500000013656));
#2904=CARTESIAN_POINT('',(-0.0197083312053961,-0.0384325317547305,0.0469916666680323));
#2905=CARTESIAN_POINT('',(-0.0190833312053961,-0.038071687836487,0.0470333333346989));
#2906=CARTESIAN_POINT('',(-0.0190833312053961,-0.03735,0.0470750000013656));
#2907=CARTESIAN_POINT('',(-0.0190833312053961,-0.0366283121635129,0.0471166666680323));
#2908=CARTESIAN_POINT('',(-0.0197083312053961,-0.0362674682452694,0.0471583333346989));
#2909=CARTESIAN_POINT('',(-0.0203333312053961,-0.0359066243270259,0.0472000000013656));
#2910=CARTESIAN_POINT('',(-0.0209583312053961,-0.0362674682452694,0.0472416666680323));
#2911=CARTESIAN_POINT('',(-0.0215833312053961,-0.0366283121635129,0.0472833333346989));
#2912=CARTESIAN_POINT('',(-0.0215833312053961,-0.03735,0.0473250000013656));
#2913=CARTESIAN_POINT('',(-0.0215833312053961,-0.038071687836487,0.0473666666680322));
#2914=CARTESIAN_POINT('',(-0.0209583312053961,-0.0384325317547305,0.0474083333346989));
#2915=CARTESIAN_POINT('',(-0.0203333312053961,-0.038793375672974,0.0474500000013656));
#2916=CARTESIAN_POINT('',(-0.0197083312053961,-0.0384325317547305,0.0474916666680323));
#2917=CARTESIAN_POINT('',(-0.0190833312053961,-0.038071687836487,0.0475333333346989));
#2918=CARTESIAN_POINT('',(-0.0190833312053961,-0.03735,0.0475750000013656));
#2919=CARTESIAN_POINT('',(-0.0190833312053961,-0.0366283121635129,0.0476166666680322));
#2920=CARTESIAN_POINT('',(-0.0197083312053961,-0.0362674682452694,0.0476583333346989));
#2921=CARTESIAN_POINT('',(-0.0203333312053961,-0.0359066243270259,0.0477000000013656));
#2922=CARTESIAN_POINT('',(-0.0209583312053961,-0.0362674682452694,0.0477416666680323));
#2923=CARTESIAN_POINT('',(-0.0215833312053961,-0.0366283121635129,0.047783333334699));
#2924=CARTESIAN_POINT('',(-0.0215833312053961,-0.03735,0.0478250000013656));
#2925=CARTESIAN_POINT('',(-0.0215833312053961,-0.038071687836487,0.0478666666680323));
#2926=CARTESIAN_POINT('',(-0.0209583312053961,-0.0384325317547305,0.0479083333346989));
#2927=CARTESIAN_POINT('',(-0.0203333312053961,-0.038793375672974,0.0479500000013656));
#2928=CARTESIAN_POINT('',(-0.0197083312053961,-0.0384325317547305,0.0479916666680323));
#2929=CARTESIAN_POINT('',(-0.0190833312053961,-0.038071687836487,0.0480333333346989));
#2930=CARTESIAN_POINT('',(-0.0190833312053961,-0.03735,0.0480750000013656));
#2931=CARTESIAN_POINT('',(-0.0190833312053961,-0.0366283121635129,0.0481166666680323));
#2932=CARTESIAN_POINT('',(-0.0197083312053961,-0.0362674682452694,0.0481583333346989));
#2933=CARTESIAN_POINT('',(-0.0203333312053961,-0.0359066243270259,0.0482000000013656));
#2934=CARTESIAN_POINT('',(-0.0209583312053961,-0.0362674682452694,0.0482416666680323));
#2935=CARTESIAN_POINT('',(-0.0215833312053961,-0.0366283121635129,0.0482833333346989));
#2936=CARTESIAN_POINT('',(-0.0215833312053961,-0.03735,0.0483250000013656));
#2937=CARTESIAN_POINT('',(-0.0215833312053961,-0.038071687836487,0.0483666666680323));
#2938=CARTESIAN_POINT('',(-0.0209583312053961,-0.0384325317547305,0.0484083333346989));
#2939=CARTESIAN_POINT('',(-0.0203333312053961,-0.038793375672974,0.0484500000013656));
#2940=CARTESIAN_POINT('',(-0.0197083312053961,-0.0384325317547305,0.0484916666680323));
#2941=CARTESIAN_POINT('',(-0.0190833312053961,-0.038071687836487,0.0485333333346989));
#2942=CARTESIAN_POINT('',(-0.0190833312053961,-0.03735,0.0485750000013656));
#2943=CARTESIAN_POINT('',(-0.0217349486729297,-0.0367602602223738,0.0429499999999996));
#2944=CARTESIAN_POINT('',(-0.0218539641428961,-0.0370431208465642,0.0429666856079984));
#2945=CARTESIAN_POINT('',(-0.0218539641428961,-0.03735,0.0429812500006828));
#2946=CARTESIAN_POINT('',(-0.0218539641428961,-0.0382279378358042,0.0430229166673495));
#2947=CARTESIAN_POINT('',(-0.0210936476741461,-0.0386669067537063,0.0430645833340161));
#2948=CARTESIAN_POINT('',(-0.0203333312053961,-0.0391058756716084,0.0431062500006828));
#2949=CARTESIAN_POINT('',(-0.0195730147366461,-0.0386669067537063,0.0431479166673495));
#2950=CARTESIAN_POINT('',(-0.0188126982678961,-0.0382279378358042,0.0431895833340161));
#2951=CARTESIAN_POINT('',(-0.0188126982678961,-0.03735,0.0432312500006828));
#2952=CARTESIAN_POINT('',(-0.0188126982678961,-0.0364720621641957,0.0432729166673495));
#2953=CARTESIAN_POINT('',(-0.0195730147366461,-0.0360330932462936,0.0433145833340161));
#2954=CARTESIAN_POINT('',(-0.0203333312053961,-0.0355941243283915,0.0433562500006828));
#2955=CARTESIAN_POINT('',(-0.0210936476741461,-0.0360330932462936,0.0433979166673495));
#2956=CARTESIAN_POINT('',(-0.0218539641428961,-0.0364720621641957,0.0434395833340161));
#2957=CARTESIAN_POINT('',(-0.0218539641428961,-0.03735,0.0434812500006828));
#2958=CARTESIAN_POINT('',(-0.0218539641428961,-0.0382279378358042,0.0435229166673495));
#2959=CARTESIAN_POINT('',(-0.0210936476741461,-0.0386669067537063,0.0435645833340161));
#2960=CARTESIAN_POINT('',(-0.0203333312053961,-0.0391058756716084,0.0436062500006828));
#2961=CARTESIAN_POINT('',(-0.0195730147366461,-0.0386669067537063,0.0436479166673495));
#2962=CARTESIAN_POINT('',(-0.0188126982678961,-0.0382279378358042,0.0436895833340161));
#2963=CARTESIAN_POINT('',(-0.0188126982678961,-0.03735,0.0437312500006828));
#2964=CARTESIAN_POINT('',(-0.0188126982678961,-0.0364720621641957,0.0437729166673494));
#2965=CARTESIAN_POINT('',(-0.0195730147366461,-0.0360330932462936,0.0438145833340161));
#2966=CARTESIAN_POINT('',(-0.0203333312053961,-0.0355941243283915,0.0438562500006828));
#2967=CARTESIAN_POINT('',(-0.0210936476741461,-0.0360330932462936,0.0438979166673495));
#2968=CARTESIAN_POINT('',(-0.0218539641428961,-0.0364720621641957,0.0439395833340161));
#2969=CARTESIAN_POINT('',(-0.0218539641428961,-0.03735,0.0439812500006828));
#2970=CARTESIAN_POINT('',(-0.0218539641428961,-0.0382279378358042,0.0440229166673495));
#2971=CARTESIAN_POINT('',(-0.0210936476741461,-0.0386669067537063,0.0440645833340161));
#2972=CARTESIAN_POINT('',(-0.0203333312053961,-0.0391058756716084,0.0441062500006828));
#2973=CARTESIAN_POINT('',(-0.0195730147366461,-0.0386669067537063,0.0441479166673495));
#2974=CARTESIAN_POINT('',(-0.0188126982678961,-0.0382279378358042,0.0441895833340162));
#2975=CARTESIAN_POINT('',(-0.0188126982678961,-0.03735,0.0442312500006828));
#2976=CARTESIAN_POINT('',(-0.0188126982678961,-0.0364720621641957,0.0442729166673495));
#2977=CARTESIAN_POINT('',(-0.0195730147366461,-0.0360330932462936,0.0443145833340161));
#2978=CARTESIAN_POINT('',(-0.0203333312053961,-0.0355941243283915,0.0443562500006828));
#2979=CARTESIAN_POINT('',(-0.0210936476741461,-0.0360330932462936,0.0443979166673494));
#2980=CARTESIAN_POINT('',(-0.0218539641428961,-0.0364720621641957,0.0444395833340161));
#2981=CARTESIAN_POINT('',(-0.0218539641428961,-0.03735,0.0444812500006828));
#2982=CARTESIAN_POINT('',(-0.0218539641428961,-0.0382279378358042,0.0445229166673495));
#2983=CARTESIAN_POINT('',(-0.0210936476741461,-0.0386669067537063,0.0445645833340161));
#2984=CARTESIAN_POINT('',(-0.0203333312053961,-0.0391058756716084,0.0446062500006828));
#2985=CARTESIAN_POINT('',(-0.0195730147366461,-0.0386669067537063,0.0446479166673494));
#2986=CARTESIAN_POINT('',(-0.0188126982678961,-0.0382279378358042,0.0446895833340161));
#2987=CARTESIAN_POINT('',(-0.0188126982678961,-0.03735,0.0447312500006828));
#2988=CARTESIAN_POINT('',(-0.0188126982678961,-0.0364720621641957,0.0447729166673495));
#2989=CARTESIAN_POINT('',(-0.0195730147366461,-0.0360330932462936,0.0448145833340161));
#2990=CARTESIAN_POINT('',(-0.0203333312053961,-0.0355941243283915,0.0448562500006828));
#2991=CARTESIAN_POINT('',(-0.0210936476741461,-0.0360330932462936,0.0448979166673494));
#2992=CARTESIAN_POINT('',(-0.0218539641428961,-0.0364720621641957,0.0449395833340161));
#2993=CARTESIAN_POINT('',(-0.0218539641428961,-0.03735,0.0449812500006828));
#2994=CARTESIAN_POINT('',(-0.0218539641428961,-0.0382279378358042,0.0450229166673494));
#2995=CARTESIAN_POINT('',(-0.0210936476741461,-0.0386669067537063,0.0450645833340161));
#2996=CARTESIAN_POINT('',(-0.0203333312053961,-0.0391058756716084,0.0451062500006828));
#2997=CARTESIAN_POINT('',(-0.0195730147366461,-0.0386669067537063,0.0451479166673494));
#2998=CARTESIAN_POINT('',(-0.0188126982678961,-0.0382279378358042,0.0451895833340161));
#2999=CARTESIAN_POINT('',(-0.0188126982678961,-0.03735,0.0452312500006828));
#3000=CARTESIAN_POINT('',(-0.0188126982678961,-0.0364720621641957,0.0452729166673494));
#3001=CARTESIAN_POINT('',(-0.0195730147366461,-0.0360330932462936,0.0453145833340161));
#3002=CARTESIAN_POINT('',(-0.0203333312053961,-0.0355941243283915,0.0453562500006828));
#3003=CARTESIAN_POINT('',(-0.0210936476741461,-0.0360330932462936,0.0453979166673494));
#3004=CARTESIAN_POINT('',(-0.0218539641428961,-0.0364720621641957,0.0454395833340162));
#3005=CARTESIAN_POINT('',(-0.0218539641428961,-0.03735,0.0454812500006828));
#3006=CARTESIAN_POINT('',(-0.0218539641428961,-0.0382279378358042,0.0455229166673495));
#3007=CARTESIAN_POINT('',(-0.0210936476741461,-0.0386669067537063,0.0455645833340161));
#3008=CARTESIAN_POINT('',(-0.0203333312053961,-0.0391058756716084,0.0456062500006828));
#3009=CARTESIAN_POINT('',(-0.0195730147366461,-0.0386669067537063,0.0456479166673494));
#3010=CARTESIAN_POINT('',(-0.0188126982678961,-0.0382279378358042,0.0456895833340161));
#3011=CARTESIAN_POINT('',(-0.0188126982678961,-0.03735,0.0457312500006828));
#3012=CARTESIAN_POINT('',(-0.0188126982678961,-0.0364720621641957,0.0457729166673495));
#3013=CARTESIAN_POINT('',(-0.0195730147366461,-0.0360330932462936,0.0458145833340161));
#3014=CARTESIAN_POINT('',(-0.0203333312053961,-0.0355941243283915,0.0458562500006828));
#3015=CARTESIAN_POINT('',(-0.0210936476741461,-0.0360330932462936,0.0458979166673494));
#3016=CARTESIAN_POINT('',(-0.0218539641428961,-0.0364720621641957,0.0459395833340161));
#3017=CARTESIAN_POINT('',(-0.0218539641428961,-0.03735,0.0459812500006828));
#3018=CARTESIAN_POINT('',(-0.0218539641428961,-0.0382279378358042,0.0460229166673495));
#3019=CARTESIAN_POINT('',(-0.0210936476741461,-0.0386669067537063,0.0460645833340161));
#3020=CARTESIAN_POINT('',(-0.0203333312053961,-0.0391058756716084,0.0461062500006828));
#3021=CARTESIAN_POINT('',(-0.0195730147366461,-0.0386669067537063,0.0461479166673494));
#3022=CARTESIAN_POINT('',(-0.0188126982678961,-0.0382279378358042,0.0461895833340161));
#3023=CARTESIAN_POINT('',(-0.0188126982678961,-0.03735,0.0462312500006828));
#3024=CARTESIAN_POINT('',(-0.0188126982678961,-0.0364720621641957,0.0462729166673494));
#3025=CARTESIAN_POINT('',(-0.0195730147366461,-0.0360330932462936,0.0463145833340161));
#3026=CARTESIAN_POINT('',(-0.0203333312053961,-0.0355941243283915,0.0463562500006828));
#3027=CARTESIAN_POINT('',(-0.0210936476741461,-0.0360330932462936,0.0463979166673494));
#3028=CARTESIAN_POINT('',(-0.0218539641428961,-0.0364720621641957,0.0464395833340161));
#3029=CARTESIAN_POINT('',(-0.0218539641428961,-0.03735,0.0464812500006828));
#3030=CARTESIAN_POINT('',(-0.0218539641428961,-0.0382279378358042,0.0465229166673494));
#3031=CARTESIAN_POINT('',(-0.0210936476741461,-0.0386669067537063,0.0465645833340161));
#3032=CARTESIAN_POINT('',(-0.0203333312053961,-0.0391058756716084,0.0466062500006828));
#3033=CARTESIAN_POINT('',(-0.0195730147366461,-0.0386669067537063,0.0466479166673494));
#3034=CARTESIAN_POINT('',(-0.0188126982678961,-0.0382279378358042,0.0466895833340161));
#3035=CARTESIAN_POINT('',(-0.0188126982678961,-0.03735,0.0467312500006828));
#3036=CARTESIAN_POINT('',(-0.0188126982678961,-0.0364720621641957,0.0467729166673495));
#3037=CARTESIAN_POINT('',(-0.0195730147366461,-0.0360330932462936,0.0468145833340161));
#3038=CARTESIAN_POINT('',(-0.0203333312053961,-0.0355941243283915,0.0468562500006828));
#3039=CARTESIAN_POINT('',(-0.0210936476741461,-0.0360330932462936,0.0468979166673494));
#3040=CARTESIAN_POINT('',(-0.0218539641428961,-0.0364720621641957,0.0469395833340161));
#3041=CARTESIAN_POINT('',(-0.0218539641428961,-0.03735,0.0469812500006828));
#3042=CARTESIAN_POINT('',(-0.0218539641428961,-0.0382279378358042,0.0470229166673495));
#3043=CARTESIAN_POINT('',(-0.0210936476741461,-0.0386669067537063,0.0470645833340161));
#3044=CARTESIAN_POINT('',(-0.0203333312053961,-0.0391058756716084,0.0471062500006828));
#3045=CARTESIAN_POINT('',(-0.0195730147366461,-0.0386669067537063,0.0471479166673494));
#3046=CARTESIAN_POINT('',(-0.0188126982678961,-0.0382279378358042,0.0471895833340161));
#3047=CARTESIAN_POINT('',(-0.0188126982678961,-0.03735,0.0472312500006828));
#3048=CARTESIAN_POINT('',(-0.0188126982678961,-0.0364720621641957,0.0472729166673495));
#3049=CARTESIAN_POINT('',(-0.0195730147366461,-0.0360330932462936,0.0473145833340161));
#3050=CARTESIAN_POINT('',(-0.0203333312053961,-0.0355941243283915,0.0473562500006828));
#3051=CARTESIAN_POINT('',(-0.0210936476741461,-0.0360330932462936,0.0473979166673494));
#3052=CARTESIAN_POINT('',(-0.0218539641428961,-0.0364720621641957,0.0474395833340161));
#3053=CARTESIAN_POINT('',(-0.0218539641428961,-0.03735,0.0474812500006828));
#3054=CARTESIAN_POINT('',(-0.0218539641428961,-0.0382279378358042,0.0475229166673495));
#3055=CARTESIAN_POINT('',(-0.0210936476741461,-0.0386669067537063,0.0475645833340161));
#3056=CARTESIAN_POINT('',(-0.0203333312053961,-0.0391058756716084,0.0476062500006828));
#3057=CARTESIAN_POINT('',(-0.0195730147366461,-0.0386669067537063,0.0476479166673495));
#3058=CARTESIAN_POINT('',(-0.0188126982678961,-0.0382279378358042,0.0476895833340161));
#3059=CARTESIAN_POINT('',(-0.0188126982678961,-0.03735,0.0477312500006828));
#3060=CARTESIAN_POINT('',(-0.0188126982678961,-0.0364720621641957,0.0477729166673494));
#3061=CARTESIAN_POINT('',(-0.0195730147366461,-0.0360330932462936,0.0478145833340161));
#3062=CARTESIAN_POINT('',(-0.0203333312053961,-0.0355941243283915,0.0478562500006828));
#3063=CARTESIAN_POINT('',(-0.0210936476741461,-0.0360330932462936,0.0478979166673495));
#3064=CARTESIAN_POINT('',(-0.0218539641428961,-0.0364720621641957,0.0479395833340161));
#3065=CARTESIAN_POINT('',(-0.0218539641428961,-0.03735,0.0479812500006828));
#3066=CARTESIAN_POINT('',(-0.0218539641428961,-0.0382279378358042,0.0480229166673494));
#3067=CARTESIAN_POINT('',(-0.0210936476741461,-0.0386669067537063,0.0480645833340161));
#3068=CARTESIAN_POINT('',(-0.0203333312053961,-0.0391058756716084,0.0481062500006828));
#3069=CARTESIAN_POINT('',(-0.0195730147366461,-0.0386669067537063,0.0481479166673495));
#3070=CARTESIAN_POINT('',(-0.0188126982678961,-0.0382279378358042,0.0481895833340161));
#3071=CARTESIAN_POINT('',(-0.0188126982678961,-0.03735,0.0482312500006828));
#3072=CARTESIAN_POINT('',(-0.0188126982678961,-0.0364720621641957,0.0482729166673495));
#3073=CARTESIAN_POINT('',(-0.0195730147366461,-0.0360330932462936,0.0483145833340161));
#3074=CARTESIAN_POINT('',(-0.0203333312053961,-0.0355941243283915,0.0483562500006828));
#3075=CARTESIAN_POINT('',(-0.0210936476741461,-0.0360330932462936,0.0483979166673495));
#3076=CARTESIAN_POINT('',(-0.0218539641428961,-0.0364720621641957,0.0484395833340161));
#3077=CARTESIAN_POINT('',(-0.0218539641428961,-0.03735,0.0484812500006828));
#3078=CARTESIAN_POINT('',(-0.0218539641428961,-0.0382279378358042,0.0485229166673495));
#3079=CARTESIAN_POINT('',(-0.0210936476741461,-0.0386669067537063,0.0485645833340161));
#3080=CARTESIAN_POINT('',(-0.0203333312053961,-0.0391058756716084,0.0486062500006828));
#3081=CARTESIAN_POINT('',(-0.0195730147366461,-0.0386669067537063,0.0486479166673495));
#3082=CARTESIAN_POINT('',(-0.0188126982678961,-0.0382279378358042,0.0486895833340161));
#3083=CARTESIAN_POINT('',(-0.0188126982678961,-0.03735,0.0487312500006828));
#3084=CARTESIAN_POINT('',(-0.0217349485457773,-0.0367602598176018,0.04295));
#3085=CARTESIAN_POINT('',(-0.0215833312053961,-0.03735,0.0483250000013656));
#3086=CARTESIAN_POINT('',(-0.0215833312053961,-0.038071687836487,0.0483666666680323));
#3087=CARTESIAN_POINT('',(-0.0209583312053961,-0.0384325317547305,0.0484083333346989));
#3088=CARTESIAN_POINT('',(-0.0203333312053961,-0.038793375672974,0.0484500000013656));
#3089=CARTESIAN_POINT('',(-0.0197083312053961,-0.0384325317547305,0.0484916666680323));
#3090=CARTESIAN_POINT('',(-0.0190833312053961,-0.038071687836487,0.0485333333346989));
#3091=CARTESIAN_POINT('',(-0.0190833312053961,-0.03735,0.0485750000013656));
#3092=CARTESIAN_POINT('',(-0.0215833312053961,-0.03735,0.0483250000013656));
#3093=CARTESIAN_POINT('',(-0.0190833312053961,-0.03735,0.0480750000013656));
#3094=CARTESIAN_POINT('',(-0.0190833312053961,-0.0366283121635129,0.0481166666680323));
#3095=CARTESIAN_POINT('',(-0.0197083312053961,-0.0362674682452694,0.0481583333346989));
#3096=CARTESIAN_POINT('',(-0.0203333312053961,-0.0359066243270259,0.0482000000013656));
#3097=CARTESIAN_POINT('',(-0.0209583312053961,-0.0362674682452694,0.0482416666680323));
#3098=CARTESIAN_POINT('',(-0.021583331205396,-0.0366283121635129,0.0482833333346989));
#3099=CARTESIAN_POINT('',(-0.0215833312053961,-0.03735,0.0483250000013656));
#3100=CARTESIAN_POINT('',(-0.0190833312053961,-0.03735,0.0480750000013656));
#3101=CARTESIAN_POINT('',(-0.0215833312053961,-0.03735,0.0478250000013656));
#3102=CARTESIAN_POINT('',(-0.0215833312053961,-0.038071687836487,0.0478666666680323));
#3103=CARTESIAN_POINT('',(-0.0209583312053961,-0.0384325317547305,0.0479083333346989));
#3104=CARTESIAN_POINT('',(-0.0203333312053961,-0.038793375672974,0.0479500000013656));
#3105=CARTESIAN_POINT('',(-0.0197083312053961,-0.0384325317547305,0.0479916666680323));
#3106=CARTESIAN_POINT('',(-0.0190833312053961,-0.038071687836487,0.0480333333346989));
#3107=CARTESIAN_POINT('',(-0.0190833312053961,-0.03735,0.0480750000013656));
#3108=CARTESIAN_POINT('',(-0.0215833312053961,-0.03735,0.0478250000013656));
#3109=CARTESIAN_POINT('',(-0.0190833312053961,-0.03735,0.0475750000013656));
#3110=CARTESIAN_POINT('',(-0.0190833312053961,-0.036628312163513,0.0476166666680322));
#3111=CARTESIAN_POINT('',(-0.0197083312053961,-0.0362674682452694,0.0476583333346989));
#3112=CARTESIAN_POINT('',(-0.0203333312053961,-0.0359066243270259,0.0477000000013656));
#3113=CARTESIAN_POINT('',(-0.0209583312053961,-0.0362674682452694,0.0477416666680323));
#3114=CARTESIAN_POINT('',(-0.0215833312053961,-0.0366283121635129,0.0477833333346989));
#3115=CARTESIAN_POINT('',(-0.0215833312053961,-0.03735,0.0478250000013656));
#3116=CARTESIAN_POINT('',(-0.0190833312053961,-0.03735,0.0475750000013656));
#3117=CARTESIAN_POINT('',(-0.0215833312053961,-0.03735,0.0473250000013656));
#3118=CARTESIAN_POINT('',(-0.0215833312053961,-0.038071687836487,0.0473666666680322));
#3119=CARTESIAN_POINT('',(-0.0209583312053961,-0.0384325317547305,0.0474083333346989));
#3120=CARTESIAN_POINT('',(-0.0203333312053961,-0.038793375672974,0.0474500000013656));
#3121=CARTESIAN_POINT('',(-0.0197083312053961,-0.0384325317547305,0.0474916666680323));
#3122=CARTESIAN_POINT('',(-0.0190833312053961,-0.038071687836487,0.0475333333346989));
#3123=CARTESIAN_POINT('',(-0.0190833312053961,-0.03735,0.0475750000013656));
#3124=CARTESIAN_POINT('',(-0.0215833312053961,-0.03735,0.0473250000013656));
#3125=CARTESIAN_POINT('',(-0.0190833312053961,-0.03735,0.0470750000013656));
#3126=CARTESIAN_POINT('',(-0.0190833312053961,-0.0366283121635129,0.0471166666680323));
#3127=CARTESIAN_POINT('',(-0.0197083312053961,-0.0362674682452694,0.0471583333346989));
#3128=CARTESIAN_POINT('',(-0.0203333312053961,-0.0359066243270259,0.0472000000013656));
#3129=CARTESIAN_POINT('',(-0.0209583312053961,-0.0362674682452694,0.0472416666680323));
#3130=CARTESIAN_POINT('',(-0.0215833312053961,-0.0366283121635129,0.0472833333346989));
#3131=CARTESIAN_POINT('',(-0.0215833312053961,-0.03735,0.0473250000013656));
#3132=CARTESIAN_POINT('',(-0.0190833312053961,-0.03735,0.0470750000013656));
#3133=CARTESIAN_POINT('',(-0.0215833312053961,-0.03735,0.0468250000013656));
#3134=CARTESIAN_POINT('',(-0.0215833312053961,-0.038071687836487,0.0468666666680323));
#3135=CARTESIAN_POINT('',(-0.0209583312053961,-0.0384325317547305,0.0469083333346989));
#3136=CARTESIAN_POINT('',(-0.0203333312053961,-0.038793375672974,0.0469500000013656));
#3137=CARTESIAN_POINT('',(-0.0197083312053961,-0.0384325317547305,0.0469916666680323));
#3138=CARTESIAN_POINT('',(-0.0190833312053961,-0.038071687836487,0.0470333333346989));
#3139=CARTESIAN_POINT('',(-0.0190833312053961,-0.03735,0.0470750000013656));
#3140=CARTESIAN_POINT('',(-0.0215833312053961,-0.03735,0.0468250000013656));
#3141=CARTESIAN_POINT('',(-0.0190833312053961,-0.03735,0.0465750000013656));
#3142=CARTESIAN_POINT('',(-0.0190833312053961,-0.0366283121635129,0.0466166666680323));
#3143=CARTESIAN_POINT('',(-0.0197083312053961,-0.0362674682452694,0.0466583333346989));
#3144=CARTESIAN_POINT('',(-0.0203333312053961,-0.0359066243270259,0.0467000000013656));
#3145=CARTESIAN_POINT('',(-0.0209583312053961,-0.0362674682452694,0.0467416666680323));
#3146=CARTESIAN_POINT('',(-0.0215833312053961,-0.0366283121635129,0.0467833333346989));
#3147=CARTESIAN_POINT('',(-0.0215833312053961,-0.03735,0.0468250000013656));
#3148=CARTESIAN_POINT('',(-0.0190833312053961,-0.03735,0.0465750000013656));
#3149=CARTESIAN_POINT('',(-0.0215833312053961,-0.03735,0.0463250000013656));
#3150=CARTESIAN_POINT('',(-0.0215833312053961,-0.038071687836487,0.0463666666680322));
#3151=CARTESIAN_POINT('',(-0.0209583312053961,-0.0384325317547305,0.0464083333346989));
#3152=CARTESIAN_POINT('',(-0.0203333312053961,-0.038793375672974,0.0464500000013656));
#3153=CARTESIAN_POINT('',(-0.0197083312053961,-0.0384325317547305,0.0464916666680323));
#3154=CARTESIAN_POINT('',(-0.0190833312053961,-0.038071687836487,0.0465333333346989));
#3155=CARTESIAN_POINT('',(-0.0190833312053961,-0.03735,0.0465750000013656));
#3156=CARTESIAN_POINT('',(-0.0215833312053961,-0.03735,0.0463250000013656));
#3157=CARTESIAN_POINT('',(-0.0190833312053961,-0.03735,0.0460750000013656));
#3158=CARTESIAN_POINT('',(-0.0190833312053961,-0.036628312163513,0.0461166666680322));
#3159=CARTESIAN_POINT('',(-0.0197083312053961,-0.0362674682452694,0.0461583333346989));
#3160=CARTESIAN_POINT('',(-0.0203333312053961,-0.0359066243270259,0.0462000000013656));
#3161=CARTESIAN_POINT('',(-0.0209583312053961,-0.0362674682452694,0.0462416666680323));
#3162=CARTESIAN_POINT('',(-0.0215833312053961,-0.0366283121635129,0.0462833333346989));
#3163=CARTESIAN_POINT('',(-0.0215833312053961,-0.03735,0.0463250000013656));
#3164=CARTESIAN_POINT('',(-0.0190833312053961,-0.03735,0.0460750000013656));
#3165=CARTESIAN_POINT('',(-0.0215833312053961,-0.03735,0.0458250000013656));
#3166=CARTESIAN_POINT('',(-0.0215833312053961,-0.038071687836487,0.0458666666680323));
#3167=CARTESIAN_POINT('',(-0.0209583312053961,-0.0384325317547305,0.0459083333346989));
#3168=CARTESIAN_POINT('',(-0.0203333312053961,-0.038793375672974,0.0459500000013656));
#3169=CARTESIAN_POINT('',(-0.0197083312053961,-0.0384325317547305,0.0459916666680323));
#3170=CARTESIAN_POINT('',(-0.0190833312053961,-0.038071687836487,0.0460333333346989));
#3171=CARTESIAN_POINT('',(-0.0190833312053961,-0.03735,0.0460750000013656));
#3172=CARTESIAN_POINT('',(-0.0215833312053961,-0.03735,0.0458250000013656));
#3173=CARTESIAN_POINT('',(-0.0190833312053961,-0.03735,0.0455750000013656));
#3174=CARTESIAN_POINT('',(-0.0190833312053961,-0.0366283121635129,0.0456166666680323));
#3175=CARTESIAN_POINT('',(-0.0197083312053961,-0.0362674682452694,0.0456583333346989));
#3176=CARTESIAN_POINT('',(-0.0203333312053961,-0.0359066243270259,0.0457000000013656));
#3177=CARTESIAN_POINT('',(-0.0209583312053961,-0.0362674682452694,0.0457416666680323));
#3178=CARTESIAN_POINT('',(-0.0215833312053961,-0.0366283121635129,0.0457833333346989));
#3179=CARTESIAN_POINT('',(-0.0215833312053961,-0.03735,0.0458250000013656));
#3180=CARTESIAN_POINT('',(-0.0190833312053961,-0.03735,0.0455750000013656));
#3181=CARTESIAN_POINT('',(-0.0215833312053961,-0.03735,0.0453250000013656));
#3182=CARTESIAN_POINT('',(-0.0215833312053961,-0.038071687836487,0.0453666666680323));
#3183=CARTESIAN_POINT('',(-0.0209583312053961,-0.0384325317547305,0.0454083333346989));
#3184=CARTESIAN_POINT('',(-0.0203333312053961,-0.038793375672974,0.0454500000013656));
#3185=CARTESIAN_POINT('',(-0.0197083312053961,-0.0384325317547305,0.0454916666680323));
#3186=CARTESIAN_POINT('',(-0.0190833312053961,-0.038071687836487,0.0455333333346989));
#3187=CARTESIAN_POINT('',(-0.0190833312053961,-0.03735,0.0455750000013656));
#3188=CARTESIAN_POINT('',(-0.0215833312053961,-0.03735,0.0453250000013656));
#3189=CARTESIAN_POINT('',(-0.0190833312053961,-0.03735,0.0450750000013656));
#3190=CARTESIAN_POINT('',(-0.0190833312053961,-0.036628312163513,0.0451166666680322));
#3191=CARTESIAN_POINT('',(-0.0197083312053961,-0.0362674682452694,0.0451583333346989));
#3192=CARTESIAN_POINT('',(-0.0203333312053961,-0.0359066243270259,0.0452000000013656));
#3193=CARTESIAN_POINT('',(-0.0209583312053961,-0.0362674682452694,0.0452416666680323));
#3194=CARTESIAN_POINT('',(-0.0215833312053961,-0.0366283121635129,0.0452833333346989));
#3195=CARTESIAN_POINT('',(-0.0215833312053961,-0.03735,0.0453250000013656));
#3196=CARTESIAN_POINT('',(-0.0190833312053961,-0.03735,0.0450750000013656));
#3197=CARTESIAN_POINT('',(-0.0215833312053961,-0.03735,0.0448250000013656));
#3198=CARTESIAN_POINT('',(-0.0215833312053961,-0.038071687836487,0.0448666666680322));
#3199=CARTESIAN_POINT('',(-0.0209583312053961,-0.0384325317547305,0.0449083333346989));
#3200=CARTESIAN_POINT('',(-0.0203333312053961,-0.038793375672974,0.0449500000013656));
#3201=CARTESIAN_POINT('',(-0.0197083312053961,-0.0384325317547305,0.0449916666680323));
#3202=CARTESIAN_POINT('',(-0.0190833312053961,-0.038071687836487,0.0450333333346989));
#3203=CARTESIAN_POINT('',(-0.0190833312053961,-0.03735,0.0450750000013656));
#3204=CARTESIAN_POINT('',(-0.0215833312053961,-0.03735,0.0448250000013656));
#3205=CARTESIAN_POINT('',(-0.0190833312053961,-0.03735,0.0445750000013656));
#3206=CARTESIAN_POINT('',(-0.0190833312053961,-0.0366283121635129,0.0446166666680322));
#3207=CARTESIAN_POINT('',(-0.0197083312053961,-0.0362674682452694,0.0446583333346989));
#3208=CARTESIAN_POINT('',(-0.0203333312053961,-0.0359066243270259,0.0447000000013656));
#3209=CARTESIAN_POINT('',(-0.0209583312053961,-0.0362674682452694,0.0447416666680323));
#3210=CARTESIAN_POINT('',(-0.0215833312053961,-0.0366283121635129,0.0447833333346989));
#3211=CARTESIAN_POINT('',(-0.0215833312053961,-0.03735,0.0448250000013656));
#3212=CARTESIAN_POINT('',(-0.0190833312053961,-0.03735,0.0445750000013656));
#3213=CARTESIAN_POINT('',(-0.0215833312053961,-0.03735,0.0443250000013655));
#3214=CARTESIAN_POINT('',(-0.0215833312053961,-0.038071687836487,0.0443666666680323));
#3215=CARTESIAN_POINT('',(-0.0209583312053961,-0.0384325317547305,0.0444083333346989));
#3216=CARTESIAN_POINT('',(-0.0203333312053961,-0.038793375672974,0.0444500000013656));
#3217=CARTESIAN_POINT('',(-0.0197083312053961,-0.0384325317547305,0.0444916666680323));
#3218=CARTESIAN_POINT('',(-0.0190833312053961,-0.038071687836487,0.0445333333346989));
#3219=CARTESIAN_POINT('',(-0.0190833312053961,-0.03735,0.0445750000013656));
#3220=CARTESIAN_POINT('',(-0.0215833312053961,-0.03735,0.0443250000013656));
#3221=CARTESIAN_POINT('',(-0.0190833312053961,-0.03735,0.0440750000013656));
#3222=CARTESIAN_POINT('',(-0.0190833312053961,-0.0366283121635129,0.0441166666680323));
#3223=CARTESIAN_POINT('',(-0.0197083312053961,-0.0362674682452694,0.0441583333346989));
#3224=CARTESIAN_POINT('',(-0.0203333312053961,-0.0359066243270259,0.0442000000013656));
#3225=CARTESIAN_POINT('',(-0.0209583312053961,-0.0362674682452694,0.0442416666680323));
#3226=CARTESIAN_POINT('',(-0.0215833312053961,-0.0366283121635129,0.0442833333346989));
#3227=CARTESIAN_POINT('',(-0.0215833312053961,-0.03735,0.0443250000013656));
#3228=CARTESIAN_POINT('',(-0.0190833312053961,-0.03735,0.0440750000013656));
#3229=CARTESIAN_POINT('',(-0.0215833312053961,-0.03735,0.0438250000013656));
#3230=CARTESIAN_POINT('',(-0.0215833312053961,-0.038071687836487,0.0438666666680322));
#3231=CARTESIAN_POINT('',(-0.0209583312053961,-0.0384325317547305,0.0439083333346989));
#3232=CARTESIAN_POINT('',(-0.0203333312053961,-0.038793375672974,0.0439500000013656));
#3233=CARTESIAN_POINT('',(-0.0197083312053961,-0.0384325317547305,0.0439916666680323));
#3234=CARTESIAN_POINT('',(-0.0190833312053961,-0.038071687836487,0.0440333333346989));
#3235=CARTESIAN_POINT('',(-0.0190833312053961,-0.03735,0.0440750000013656));
#3236=CARTESIAN_POINT('',(-0.0215833312053961,-0.03735,0.0438250000013656));
#3237=CARTESIAN_POINT('',(-0.0190833312053961,-0.03735,0.0435750000013656));
#3238=CARTESIAN_POINT('',(-0.0190833312053961,-0.0366283121635129,0.0436166666680322));
#3239=CARTESIAN_POINT('',(-0.0197083312053961,-0.0362674682452694,0.0436583333346989));
#3240=CARTESIAN_POINT('',(-0.0203333312053961,-0.0359066243270259,0.0437000000013656));
#3241=CARTESIAN_POINT('',(-0.0209583312053961,-0.0362674682452694,0.0437416666680323));
#3242=CARTESIAN_POINT('',(-0.0215833312053961,-0.0366283121635129,0.0437833333346989));
#3243=CARTESIAN_POINT('',(-0.0215833312053961,-0.03735,0.0438250000013655));
#3244=CARTESIAN_POINT('',(-0.0190833312053961,-0.03735,0.0435750000013656));
#3245=CARTESIAN_POINT('',(-0.0215833312053961,-0.03735,0.0433250000013655));
#3246=CARTESIAN_POINT('',(-0.0215833312053961,-0.038071687836487,0.0433666666680322));
#3247=CARTESIAN_POINT('',(-0.0209583312053961,-0.0384325317547305,0.0434083333346989));
#3248=CARTESIAN_POINT('',(-0.0203333312053961,-0.038793375672974,0.0434500000013656));
#3249=CARTESIAN_POINT('',(-0.0197083312053961,-0.0384325317547305,0.0434916666680323));
#3250=CARTESIAN_POINT('',(-0.0190833312053961,-0.038071687836487,0.0435333333346989));
#3251=CARTESIAN_POINT('',(-0.0190833312053961,-0.03735,0.0435750000013656));
#3252=CARTESIAN_POINT('',(-0.0215833312053961,-0.03735,0.0433250000013655));
#3253=CARTESIAN_POINT('',(-0.0195911744457625,-0.036344165349508,0.0431499999999999));
#3254=CARTESIAN_POINT('',(-0.0196476014827442,-0.0363025305669903,0.0431542846865221));
#3255=CARTESIAN_POINT('',(-0.0197083312053961,-0.0362674682452694,0.0431583333346989));
#3256=CARTESIAN_POINT('',(-0.0203333312053961,-0.0359066243270259,0.0432000000013656));
#3257=CARTESIAN_POINT('',(-0.0209583312053961,-0.0362674682452694,0.0432416666680323));
#3258=CARTESIAN_POINT('',(-0.0215833312053961,-0.0366283121635129,0.0432833333346989));
#3259=CARTESIAN_POINT('',(-0.0215833312053961,-0.03735,0.0433250000013655));
#3260=CARTESIAN_POINT('',(-0.0195911744457626,-0.0363441653495081,0.04315));
#3261=CARTESIAN_POINT('',(-0.0195911744457626,-0.0363441653495081,0.04315));
#3262=CARTESIAN_POINT('',(-0.0192200247212672,-0.0365964315334437,0.0431326294336636));
#3263=CARTESIAN_POINT('',(-0.0187934414681049,-0.037510189323242,0.0430966995356571));
#3264=CARTESIAN_POINT('',(-0.0196235763127109,-0.0387751863685978,0.0430463204815867));
#3265=CARTESIAN_POINT('',(-0.0211226599150562,-0.0387732870547452,0.0429973672792068));
#3266=CARTESIAN_POINT('',(-0.0216994874777492,-0.0379773808990247,0.0429650702652856));
#3267=CARTESIAN_POINT('',(-0.0217715250890617,-0.0375346573906985,0.0429500000003611));
#3268=CARTESIAN_POINT('',(-0.0217715250887608,-0.0375346573906171,0.0429500000001806));
#3269=CARTESIAN_POINT('',(-0.0217349484186247,-0.0367602594128296,0.04295));
#3270=CARTESIAN_POINT('',(-0.0218138392507482,-0.0370113962960072,0.04295));
#3271=CARTESIAN_POINT('',(-0.0218288060520736,-0.0372776386052776,0.04295));
#3272=CARTESIAN_POINT('',(-0.0217715250884599,-0.0375346573905357,0.04295));
#3273=CARTESIAN_POINT('',(-0.0203333312053961,-0.03735,0.0439811772713297));
#3274=CARTESIAN_POINT('',(-0.0188126982678961,-0.03735,0.0487625000006828));
#3275=CARTESIAN_POINT('',(-0.0188126982678961,-0.03735,0.0487937500006828));
#3276=CARTESIAN_POINT('',(-0.0203333312053961,-0.03735,0.04295));
#3277=CARTESIAN_POINT('',(-0.0209035681408036,-0.035940335410257,0.04295));
#3278=CARTESIAN_POINT('',(-0.0209035685444992,-0.0359403355336455,0.04295));
#3279=CARTESIAN_POINT('',(-0.0210018413469433,-0.0359800888385698,0.0429553855207274));
#3280=CARTESIAN_POINT('',(-0.0210936476741461,-0.0360330932462936,0.0429604166673495));
#3281=CARTESIAN_POINT('',(-0.0218539641428961,-0.0364720621641957,0.0430020833340161));
#3282=CARTESIAN_POINT('',(-0.0218539641428961,-0.03735,0.0430437500006828));
#3283=CARTESIAN_POINT('',(-0.0218539641428961,-0.0382279378358042,0.0430854166673495));
#3284=CARTESIAN_POINT('',(-0.0210936476741461,-0.0386669067537063,0.0431270833340161));
#3285=CARTESIAN_POINT('',(-0.0203333312053961,-0.0391058756716084,0.0431687500006828));
#3286=CARTESIAN_POINT('',(-0.0195730147366461,-0.0386669067537063,0.0432104166673495));
#3287=CARTESIAN_POINT('',(-0.0188126982678961,-0.0382279378358042,0.0432520833340161));
#3288=CARTESIAN_POINT('',(-0.0188126982678961,-0.03735,0.0432937500006828));
#3289=CARTESIAN_POINT('',(-0.0188126982678961,-0.0364720621641957,0.0433354166673495));
#3290=CARTESIAN_POINT('',(-0.0195730147366461,-0.0360330932462936,0.0433770833340161));
#3291=CARTESIAN_POINT('',(-0.0203333312053961,-0.0355941243283915,0.0434187500006828));
#3292=CARTESIAN_POINT('',(-0.0210936476741461,-0.0360330932462936,0.0434604166673495));
#3293=CARTESIAN_POINT('',(-0.0218539641428961,-0.0364720621641957,0.0435020833340161));
#3294=CARTESIAN_POINT('',(-0.0218539641428961,-0.03735,0.0435437500006828));
#3295=CARTESIAN_POINT('',(-0.0218539641428961,-0.0382279378358042,0.0435854166673495));
#3296=CARTESIAN_POINT('',(-0.0210936476741461,-0.0386669067537063,0.0436270833340161));
#3297=CARTESIAN_POINT('',(-0.0203333312053961,-0.0391058756716084,0.0436687500006828));
#3298=CARTESIAN_POINT('',(-0.0195730147366461,-0.0386669067537063,0.0437104166673495));
#3299=CARTESIAN_POINT('',(-0.0188126982678961,-0.0382279378358042,0.0437520833340161));
#3300=CARTESIAN_POINT('',(-0.0188126982678961,-0.03735,0.0437937500006828));
#3301=CARTESIAN_POINT('',(-0.0188126982678961,-0.0364720621641957,0.0438354166673495));
#3302=CARTESIAN_POINT('',(-0.0195730147366461,-0.0360330932462936,0.0438770833340161));
#3303=CARTESIAN_POINT('',(-0.0203333312053961,-0.0355941243283915,0.0439187500006828));
#3304=CARTESIAN_POINT('',(-0.0210936476741461,-0.0360330932462936,0.0439604166673495));
#3305=CARTESIAN_POINT('',(-0.0218539641428961,-0.0364720621641957,0.0440020833340161));
#3306=CARTESIAN_POINT('',(-0.0218539641428961,-0.03735,0.0440437500006828));
#3307=CARTESIAN_POINT('',(-0.0218539641428961,-0.0382279378358042,0.0440854166673495));
#3308=CARTESIAN_POINT('',(-0.0210936476741461,-0.0386669067537063,0.0441270833340161));
#3309=CARTESIAN_POINT('',(-0.0203333312053961,-0.0391058756716084,0.0441687500006828));
#3310=CARTESIAN_POINT('',(-0.0195730147366461,-0.0386669067537063,0.0442104166673495));
#3311=CARTESIAN_POINT('',(-0.0188126982678961,-0.0382279378358042,0.0442520833340161));
#3312=CARTESIAN_POINT('',(-0.0188126982678961,-0.03735,0.0442937500006828));
#3313=CARTESIAN_POINT('',(-0.0188126982678961,-0.0364720621641957,0.0443354166673494));
#3314=CARTESIAN_POINT('',(-0.0195730147366461,-0.0360330932462936,0.0443770833340161));
#3315=CARTESIAN_POINT('',(-0.0203333312053961,-0.0355941243283915,0.0444187500006828));
#3316=CARTESIAN_POINT('',(-0.0210936476741461,-0.0360330932462936,0.0444604166673494));
#3317=CARTESIAN_POINT('',(-0.0218539641428961,-0.0364720621641957,0.0445020833340161));
#3318=CARTESIAN_POINT('',(-0.0218539641428961,-0.03735,0.0445437500006828));
#3319=CARTESIAN_POINT('',(-0.0218539641428961,-0.0382279378358042,0.0445854166673494));
#3320=CARTESIAN_POINT('',(-0.0210936476741461,-0.0386669067537063,0.0446270833340161));
#3321=CARTESIAN_POINT('',(-0.0203333312053961,-0.0391058756716084,0.0446687500006828));
#3322=CARTESIAN_POINT('',(-0.0195730147366461,-0.0386669067537063,0.0447104166673494));
#3323=CARTESIAN_POINT('',(-0.0188126982678961,-0.0382279378358042,0.0447520833340162));
#3324=CARTESIAN_POINT('',(-0.0188126982678961,-0.03735,0.0447937500006828));
#3325=CARTESIAN_POINT('',(-0.0188126982678961,-0.0364720621641957,0.0448354166673495));
#3326=CARTESIAN_POINT('',(-0.0195730147366461,-0.0360330932462936,0.0448770833340161));
#3327=CARTESIAN_POINT('',(-0.0203333312053961,-0.0355941243283915,0.0449187500006828));
#3328=CARTESIAN_POINT('',(-0.0210936476741461,-0.0360330932462936,0.0449604166673494));
#3329=CARTESIAN_POINT('',(-0.0218539641428961,-0.0364720621641957,0.0450020833340161));
#3330=CARTESIAN_POINT('',(-0.0218539641428961,-0.03735,0.0450437500006828));
#3331=CARTESIAN_POINT('',(-0.0218539641428961,-0.0382279378358042,0.0450854166673495));
#3332=CARTESIAN_POINT('',(-0.0210936476741461,-0.0386669067537063,0.0451270833340161));
#3333=CARTESIAN_POINT('',(-0.0203333312053961,-0.0391058756716084,0.0451687500006828));
#3334=CARTESIAN_POINT('',(-0.0195730147366461,-0.0386669067537063,0.0452104166673495));
#3335=CARTESIAN_POINT('',(-0.0188126982678961,-0.0382279378358042,0.0452520833340161));
#3336=CARTESIAN_POINT('',(-0.0188126982678961,-0.03735,0.0452937500006828));
#3337=CARTESIAN_POINT('',(-0.0188126982678961,-0.0364720621641957,0.0453354166673495));
#3338=CARTESIAN_POINT('',(-0.0195730147366461,-0.0360330932462936,0.0453770833340161));
#3339=CARTESIAN_POINT('',(-0.0203333312053961,-0.0355941243283915,0.0454187500006828));
#3340=CARTESIAN_POINT('',(-0.0210936476741461,-0.0360330932462936,0.0454604166673495));
#3341=CARTESIAN_POINT('',(-0.0218539641428961,-0.0364720621641957,0.0455020833340161));
#3342=CARTESIAN_POINT('',(-0.0218539641428961,-0.03735,0.0455437500006828));
#3343=CARTESIAN_POINT('',(-0.0218539641428961,-0.0382279378358042,0.0455854166673495));
#3344=CARTESIAN_POINT('',(-0.0210936476741461,-0.0386669067537063,0.0456270833340161));
#3345=CARTESIAN_POINT('',(-0.0203333312053961,-0.0391058756716084,0.0456687500006828));
#3346=CARTESIAN_POINT('',(-0.0195730147366461,-0.0386669067537063,0.0457104166673495));
#3347=CARTESIAN_POINT('',(-0.0188126982678961,-0.0382279378358042,0.0457520833340161));
#3348=CARTESIAN_POINT('',(-0.0188126982678961,-0.03735,0.0457937500006828));
#3349=CARTESIAN_POINT('',(-0.0188126982678961,-0.0364720621641957,0.0458354166673494));
#3350=CARTESIAN_POINT('',(-0.0195730147366461,-0.0360330932462936,0.0458770833340161));
#3351=CARTESIAN_POINT('',(-0.0203333312053961,-0.0355941243283915,0.0459187500006828));
#3352=CARTESIAN_POINT('',(-0.0210936476741461,-0.0360330932462936,0.0459604166673495));
#3353=CARTESIAN_POINT('',(-0.0218539641428961,-0.0364720621641957,0.0460020833340162));
#3354=CARTESIAN_POINT('',(-0.0218539641428961,-0.03735,0.0460437500006828));
#3355=CARTESIAN_POINT('',(-0.0218539641428961,-0.0382279378358042,0.0460854166673495));
#3356=CARTESIAN_POINT('',(-0.0210936476741461,-0.0386669067537063,0.0461270833340161));
#3357=CARTESIAN_POINT('',(-0.0203333312053961,-0.0391058756716084,0.0461687500006828));
#3358=CARTESIAN_POINT('',(-0.0195730147366461,-0.0386669067537063,0.0462104166673495));
#3359=CARTESIAN_POINT('',(-0.0188126982678961,-0.0382279378358042,0.0462520833340161));
#3360=CARTESIAN_POINT('',(-0.0188126982678961,-0.03735,0.0462937500006828));
#3361=CARTESIAN_POINT('',(-0.0188126982678961,-0.0364720621641957,0.0463354166673495));
#3362=CARTESIAN_POINT('',(-0.0195730147366461,-0.0360330932462936,0.0463770833340161));
#3363=CARTESIAN_POINT('',(-0.0203333312053961,-0.0355941243283915,0.0464187500006828));
#3364=CARTESIAN_POINT('',(-0.0210936476741461,-0.0360330932462936,0.0464604166673495));
#3365=CARTESIAN_POINT('',(-0.0218539641428961,-0.0364720621641957,0.0465020833340161));
#3366=CARTESIAN_POINT('',(-0.0218539641428961,-0.03735,0.0465437500006828));
#3367=CARTESIAN_POINT('',(-0.0218539641428961,-0.0382279378358042,0.0465854166673495));
#3368=CARTESIAN_POINT('',(-0.0210936476741461,-0.0386669067537063,0.0466270833340161));
#3369=CARTESIAN_POINT('',(-0.0203333312053961,-0.0391058756716084,0.0466687500006828));
#3370=CARTESIAN_POINT('',(-0.0195730147366461,-0.0386669067537063,0.0467104166673495));
#3371=CARTESIAN_POINT('',(-0.0188126982678961,-0.0382279378358042,0.0467520833340161));
#3372=CARTESIAN_POINT('',(-0.0188126982678961,-0.03735,0.0467937500006828));
#3373=CARTESIAN_POINT('',(-0.0188126982678961,-0.0364720621641957,0.0468354166673494));
#3374=CARTESIAN_POINT('',(-0.0195730147366461,-0.0360330932462936,0.0468770833340161));
#3375=CARTESIAN_POINT('',(-0.0203333312053961,-0.0355941243283915,0.0469187500006828));
#3376=CARTESIAN_POINT('',(-0.0210936476741461,-0.0360330932462936,0.0469604166673495));
#3377=CARTESIAN_POINT('',(-0.0218539641428961,-0.0364720621641957,0.0470020833340161));
#3378=CARTESIAN_POINT('',(-0.0218539641428961,-0.03735,0.0470437500006828));
#3379=CARTESIAN_POINT('',(-0.0218539641428961,-0.0382279378358042,0.0470854166673494));
#3380=CARTESIAN_POINT('',(-0.0210936476741461,-0.0386669067537063,0.0471270833340161));
#3381=CARTESIAN_POINT('',(-0.0203333312053961,-0.0391058756716084,0.0471687500006828));
#3382=CARTESIAN_POINT('',(-0.0195730147366461,-0.0386669067537063,0.0472104166673495));
#3383=CARTESIAN_POINT('',(-0.0188126982678961,-0.0382279378358042,0.0472520833340161));
#3384=CARTESIAN_POINT('',(-0.0188126982678961,-0.03735,0.0472937500006828));
#3385=CARTESIAN_POINT('',(-0.0188126982678961,-0.0364720621641957,0.0473354166673495));
#3386=CARTESIAN_POINT('',(-0.0195730147366461,-0.0360330932462936,0.0473770833340161));
#3387=CARTESIAN_POINT('',(-0.0203333312053961,-0.0355941243283915,0.0474187500006828));
#3388=CARTESIAN_POINT('',(-0.0210936476741461,-0.0360330932462936,0.0474604166673495));
#3389=CARTESIAN_POINT('',(-0.0218539641428961,-0.0364720621641957,0.0475020833340161));
#3390=CARTESIAN_POINT('',(-0.0218539641428961,-0.03735,0.0475437500006828));
#3391=CARTESIAN_POINT('',(-0.0218539641428961,-0.0382279378358042,0.0475854166673495));
#3392=CARTESIAN_POINT('',(-0.0210936476741461,-0.0386669067537063,0.0476270833340161));
#3393=CARTESIAN_POINT('',(-0.0203333312053961,-0.0391058756716084,0.0476687500006828));
#3394=CARTESIAN_POINT('',(-0.0195730147366461,-0.0386669067537063,0.0477104166673495));
#3395=CARTESIAN_POINT('',(-0.0188126982678961,-0.0382279378358042,0.0477520833340161));
#3396=CARTESIAN_POINT('',(-0.0188126982678961,-0.03735,0.0477937500006828));
#3397=CARTESIAN_POINT('',(-0.0188126982678961,-0.0364720621641957,0.0478354166673495));
#3398=CARTESIAN_POINT('',(-0.0195730147366461,-0.0360330932462936,0.0478770833340161));
#3399=CARTESIAN_POINT('',(-0.0203333312053961,-0.0355941243283915,0.0479187500006828));
#3400=CARTESIAN_POINT('',(-0.0210936476741461,-0.0360330932462936,0.0479604166673495));
#3401=CARTESIAN_POINT('',(-0.0218539641428961,-0.0364720621641957,0.0480020833340161));
#3402=CARTESIAN_POINT('',(-0.0218539641428961,-0.03735,0.0480437500006828));
#3403=CARTESIAN_POINT('',(-0.0218539641428961,-0.0382279378358042,0.0480854166673495));
#3404=CARTESIAN_POINT('',(-0.0210936476741461,-0.0386669067537063,0.0481270833340161));
#3405=CARTESIAN_POINT('',(-0.0203333312053961,-0.0391058756716084,0.0481687500006828));
#3406=CARTESIAN_POINT('',(-0.0195730147366461,-0.0386669067537063,0.0482104166673495));
#3407=CARTESIAN_POINT('',(-0.0188126982678961,-0.0382279378358042,0.0482520833340161));
#3408=CARTESIAN_POINT('',(-0.0188126982678961,-0.03735,0.0482937500006828));
#3409=CARTESIAN_POINT('',(-0.0188126982678961,-0.0364720621641957,0.0483354166673494));
#3410=CARTESIAN_POINT('',(-0.0195730147366461,-0.0360330932462936,0.0483770833340161));
#3411=CARTESIAN_POINT('',(-0.0203333312053961,-0.0355941243283915,0.0484187500006828));
#3412=CARTESIAN_POINT('',(-0.0210936476741461,-0.0360330932462936,0.0484604166673495));
#3413=CARTESIAN_POINT('',(-0.0218539641428961,-0.0364720621641957,0.0485020833340161));
#3414=CARTESIAN_POINT('',(-0.0218539641428961,-0.03735,0.0485437500006828));
#3415=CARTESIAN_POINT('',(-0.0218539641428961,-0.0382279378358042,0.0485854166673494));
#3416=CARTESIAN_POINT('',(-0.0210936476741461,-0.0386669067537063,0.0486270833340161));
#3417=CARTESIAN_POINT('',(-0.0203333312053961,-0.0391058756716084,0.0486687500006828));
#3418=CARTESIAN_POINT('',(-0.0195730147366461,-0.0386669067537063,0.0487104166673495));
#3419=CARTESIAN_POINT('',(-0.0193935283656085,-0.0385632802490719,0.0487202528330786));
#3420=CARTESIAN_POINT('',(-0.0192483208411804,-0.0384153999437555,0.0487312500006828));
#3421=CARTESIAN_POINT('',(-0.0203370158746502,-0.0373478823019501,0.0487520828761849));
#3422=CARTESIAN_POINT('',(-0.0203333312053961,-0.03735,0.04315));
#3423=CARTESIAN_POINT('',(-0.0201675101530281,-0.0359095127996481,0.0429500000014531));
#3424=CARTESIAN_POINT('',(-0.0206547700750547,-0.0359190952543187,0.0430152423162414));
#3425=CARTESIAN_POINT('',(-0.0211284710537431,-0.0361857820814972,0.0430745820609004));
#3426=CARTESIAN_POINT('',(-0.021347936701622,-0.0366198796763353,0.04315));
#3427=CARTESIAN_POINT('',(-0.0201675101530988,-0.0359095127989087,0.0429500000007266));
#3428=CARTESIAN_POINT('',(-0.0213479367016219,-0.0366198796763352,0.04315));
#3429=CARTESIAN_POINT('',(-0.0203333312053961,-0.03735,0.04295));
#3430=CARTESIAN_POINT('',(-0.0203333312053961,-0.03735,0.04315));
#3431=CARTESIAN_POINT('',(-0.0233778769448771,-0.0438443890252963,0.0492148107523209));
#3432=CARTESIAN_POINT('',(-0.0233778769448771,-0.03235,0.0492148107523209));
#3433=CARTESIAN_POINT('',(-0.0250696088465388,-0.03235,0.0502816018156974));
#3434=CARTESIAN_POINT('',(-0.0238629481949497,-0.03235,0.0511550957526116));
#3435=CARTESIAN_POINT('',(-0.0250696088465388,-0.0438443890252963,0.0502816018156974));
#3436=CARTESIAN_POINT('',(-0.0250696088465388,-0.0437,0.0502816018156974));
#3437=CARTESIAN_POINT('',(-0.0233778769448771,-0.0437,0.0492148107523209));
#3438=CARTESIAN_POINT('',(-0.0238629481949497,-0.0437,0.0511550957526116));
#3439=CARTESIAN_POINT('',(-0.0238629481949497,-0.04085,0.0511550957526116));
#3440=CARTESIAN_POINT('',(-0.0254333312053961,-0.0438443890252963,0.0505109618943233));
#3441=CARTESIAN_POINT('',(-0.0254333312053961,-0.0437,0.0505109618943233));
#3442=CARTESIAN_POINT('',(-0.0258057221290234,-0.0437,0.0502959618943233));
#3443=CARTESIAN_POINT('',(-0.0254333312053961,-0.03235,0.0505109618943233));
#3444=CARTESIAN_POINT('',(-0.0258057221290234,-0.03235,0.0502959618943233));
#3445=CARTESIAN_POINT('',(-0.0258057221290234,-0.03235,0.0502959618943233));
#3446=CARTESIAN_POINT('',(-0.0261833312053961,-0.0438443890252963,0.05009));
#3447=CARTESIAN_POINT('',(-0.0261833312053961,-0.0437,0.05009));
#3448=CARTESIAN_POINT('',(-0.0258109402817688,-0.0437,0.050305));
#3449=CARTESIAN_POINT('',(-0.0265557221290235,-0.0437,0.050305));
#3450=CARTESIAN_POINT('',(-0.0258109402817688,-0.0438443890252963,0.050305));
#3451=CARTESIAN_POINT('',(-0.0258109402817688,-0.03235,0.050305));
#3452=CARTESIAN_POINT('',(-0.0261833312053961,-0.03235,0.05009));
#3453=CARTESIAN_POINT('',(-0.0265557221290234,-0.03235,0.050305));
#3454=CARTESIAN_POINT('',(-0.0265557221290234,-0.0438443890252963,0.050305));
#3455=CARTESIAN_POINT('',(-0.0269333312053961,-0.0438443890252963,0.0505109618943233));
#3456=CARTESIAN_POINT('',(-0.0269333312053961,-0.0437,0.0505109618943233));
#3457=CARTESIAN_POINT('',(-0.0265609402817688,-0.0437,0.0502959618943233));
#3458=CARTESIAN_POINT('',(-0.0273057221290234,-0.0437,0.0502959618943233));
#3459=CARTESIAN_POINT('',(-0.0265609402817688,-0.0437,0.0502959618943233));
#3460=CARTESIAN_POINT('',(-0.0265609402817688,-0.03235,0.0502959618943233));
#3461=CARTESIAN_POINT('',(-0.0269333312053961,-0.03235,0.0505109618943233));
#3462=CARTESIAN_POINT('',(-0.0273057221290234,-0.03235,0.0502959618943233));
#3463=CARTESIAN_POINT('',(-0.0273057221290234,-0.03235,0.0502959618943233));
#3464=CARTESIAN_POINT('',(-0.0276833312053961,-0.0438443890252963,0.05009));
#3465=CARTESIAN_POINT('',(-0.0276833312053961,-0.0437,0.05009));
#3466=CARTESIAN_POINT('',(-0.0273109402817688,-0.0437,0.050305));
#3467=CARTESIAN_POINT('',(-0.0280557221290234,-0.0437,0.050305));
#3468=CARTESIAN_POINT('',(-0.0273109402817688,-0.0438443890252963,0.050305));
#3469=CARTESIAN_POINT('',(-0.0273109402817688,-0.03235,0.050305));
#3470=CARTESIAN_POINT('',(-0.0276833312053961,-0.03235,0.05009));
#3471=CARTESIAN_POINT('',(-0.0280557221290234,-0.03235,0.050305));
#3472=CARTESIAN_POINT('',(-0.0280557221290234,-0.0438443890252963,0.050305));
#3473=CARTESIAN_POINT('',(-0.0284333312053961,-0.0438443890252963,0.0505109618943233));
#3474=CARTESIAN_POINT('',(-0.0284333312053961,-0.0437,0.0505109618943233));
#3475=CARTESIAN_POINT('',(-0.0280609402817688,-0.0437,0.0502959618943233));
#3476=CARTESIAN_POINT('',(-0.0288057221290235,-0.0437,0.0502959618943233));
#3477=CARTESIAN_POINT('',(-0.0280609402817688,-0.0437,0.0502959618943233));
#3478=CARTESIAN_POINT('',(-0.0280609402817688,-0.03235,0.0502959618943233));
#3479=CARTESIAN_POINT('',(-0.0284333312053961,-0.03235,0.0505109618943233));
#3480=CARTESIAN_POINT('',(-0.0288057221290234,-0.03235,0.0502959618943233));
#3481=CARTESIAN_POINT('',(-0.0288057221290234,-0.03235,0.0502959618943233));
#3482=CARTESIAN_POINT('',(-0.0291833312053961,-0.0438443890252963,0.05009));
#3483=CARTESIAN_POINT('',(-0.0291833312053961,-0.0437,0.05009));
#3484=CARTESIAN_POINT('',(-0.0288109402817688,-0.0437,0.050305));
#3485=CARTESIAN_POINT('',(-0.0295557221290234,-0.0437,0.050305));
#3486=CARTESIAN_POINT('',(-0.0288109402817688,-0.0438443890252963,0.050305));
#3487=CARTESIAN_POINT('',(-0.0288109402817688,-0.03235,0.050305));
#3488=CARTESIAN_POINT('',(-0.0291833312053961,-0.03235,0.05009));
#3489=CARTESIAN_POINT('',(-0.0295557221290234,-0.03235,0.050305));
#3490=CARTESIAN_POINT('',(-0.0295557221290234,-0.0438443890252963,0.050305));
#3491=CARTESIAN_POINT('',(-0.0299333312053961,-0.0438443890252963,0.0505109618943233));
#3492=CARTESIAN_POINT('',(-0.0299333312053961,-0.0437,0.0505109618943233));
#3493=CARTESIAN_POINT('',(-0.0295609402817688,-0.0437,0.0502959618943233));
#3494=CARTESIAN_POINT('',(-0.0303057221290235,-0.0437,0.0502959618943233));
#3495=CARTESIAN_POINT('',(-0.0295609402817688,-0.0437,0.0502959618943233));
#3496=CARTESIAN_POINT('',(-0.0295609402817688,-0.03235,0.0502959618943233));
#3497=CARTESIAN_POINT('',(-0.0299333312053961,-0.03235,0.0505109618943233));
#3498=CARTESIAN_POINT('',(-0.0303057221290234,-0.03235,0.0502959618943233));
#3499=CARTESIAN_POINT('',(-0.0303057221290234,-0.03235,0.0502959618943233));
#3500=CARTESIAN_POINT('',(-0.0306833312053961,-0.0438443890252963,0.05009));
#3501=CARTESIAN_POINT('',(-0.0306833312053961,-0.0437,0.05009));
#3502=CARTESIAN_POINT('',(-0.0303109402817688,-0.0437,0.050305));
#3503=CARTESIAN_POINT('',(-0.0310557221290234,-0.0437,0.050305));
#3504=CARTESIAN_POINT('',(-0.0303109402817688,-0.0438443890252963,0.050305));
#3505=CARTESIAN_POINT('',(-0.0303109402817688,-0.03235,0.050305));
#3506=CARTESIAN_POINT('',(-0.0306833312053961,-0.03235,0.05009));
#3507=CARTESIAN_POINT('',(-0.0310557221290234,-0.03235,0.050305));
#3508=CARTESIAN_POINT('',(-0.0310557221290234,-0.0438443890252963,0.050305));
#3509=CARTESIAN_POINT('',(-0.0314333312053961,-0.0438443890252963,0.0505109618943233));
#3510=CARTESIAN_POINT('',(-0.0314333312053961,-0.0437,0.0505109618943233));
#3511=CARTESIAN_POINT('',(-0.0310609402817688,-0.0437,0.0502959618943233));
#3512=CARTESIAN_POINT('',(-0.0318057221290235,-0.0437,0.0502959618943233));
#3513=CARTESIAN_POINT('',(-0.0310609402817688,-0.0437,0.0502959618943233));
#3514=CARTESIAN_POINT('',(-0.0310609402817688,-0.03235,0.0502959618943233));
#3515=CARTESIAN_POINT('',(-0.0314333312053961,-0.03235,0.0505109618943233));
#3516=CARTESIAN_POINT('',(-0.0318057221290235,-0.03235,0.0502959618943233));
#3517=CARTESIAN_POINT('',(-0.0318057221290235,-0.03235,0.0502959618943233));
#3518=CARTESIAN_POINT('',(-0.0321833312053961,-0.0438443890252963,0.05009));
#3519=CARTESIAN_POINT('',(-0.0321833312053961,-0.0437,0.05009));
#3520=CARTESIAN_POINT('',(-0.0318109402817688,-0.0437,0.050305));
#3521=CARTESIAN_POINT('',(-0.0325557221290234,-0.0437,0.050305));
#3522=CARTESIAN_POINT('',(-0.0318109402817688,-0.0438443890252963,0.050305));
#3523=CARTESIAN_POINT('',(-0.0318109402817688,-0.03235,0.050305));
#3524=CARTESIAN_POINT('',(-0.0321833312053961,-0.03235,0.05009));
#3525=CARTESIAN_POINT('',(-0.0325557221290234,-0.03235,0.050305));
#3526=CARTESIAN_POINT('',(-0.0325557221290234,-0.0438443890252963,0.050305));
#3527=CARTESIAN_POINT('',(-0.0329333312053961,-0.0438443890252963,0.0505109618943233));
#3528=CARTESIAN_POINT('',(-0.0329333312053961,-0.0437,0.0505109618943233));
#3529=CARTESIAN_POINT('',(-0.0325609402817688,-0.0437,0.0502959618943233));
#3530=CARTESIAN_POINT('',(-0.0333057221290234,-0.0437,0.0502959618943233));
#3531=CARTESIAN_POINT('',(-0.0325609402817688,-0.0437,0.0502959618943233));
#3532=CARTESIAN_POINT('',(-0.0325609402817688,-0.03235,0.0502959618943233));
#3533=CARTESIAN_POINT('',(-0.0329333312053961,-0.03235,0.0505109618943233));
#3534=CARTESIAN_POINT('',(-0.0333057221290234,-0.03235,0.0502959618943233));
#3535=CARTESIAN_POINT('',(-0.0333057221290234,-0.03235,0.0502959618943233));
#3536=CARTESIAN_POINT('',(-0.0359333312053961,-0.0438443890252963,0.0505109618943233));
#3537=CARTESIAN_POINT('',(-0.0359333312053961,-0.03235,0.0505109618943233));
#3538=CARTESIAN_POINT('',(-0.0362985905173452,-0.03235,0.0502840574319731));
#3539=CARTESIAN_POINT('',(-0.0355609402817688,-0.03235,0.0502959618943233));
#3540=CARTESIAN_POINT('',(-0.0362985905173452,-0.0438443890252963,0.0502840574319731));
#3541=CARTESIAN_POINT('',(-0.0362985905173452,-0.0437,0.0502840574319731));
#3542=CARTESIAN_POINT('',(-0.0359333312053961,-0.0437,0.0505109618943233));
#3543=CARTESIAN_POINT('',(-0.0355609402817688,-0.0437,0.0502959618943233));
#3544=CARTESIAN_POINT('',(-0.0355609402817688,-0.0437,0.0502959618943233));
#3545=CARTESIAN_POINT('',(-0.0351833312053961,-0.0438443890252963,0.05009));
#3546=CARTESIAN_POINT('',(-0.0351833312053961,-0.0437,0.05009));
#3547=CARTESIAN_POINT('',(-0.0348109402817688,-0.0437,0.050305));
#3548=CARTESIAN_POINT('',(-0.0355557221290234,-0.0437,0.050305));
#3549=CARTESIAN_POINT('',(-0.0348109402817688,-0.0438443890252963,0.050305));
#3550=CARTESIAN_POINT('',(-0.0348109402817688,-0.03235,0.050305));
#3551=CARTESIAN_POINT('',(-0.0351833312053961,-0.03235,0.05009));
#3552=CARTESIAN_POINT('',(-0.0355557221290234,-0.03235,0.050305));
#3553=CARTESIAN_POINT('',(-0.0355557221290234,-0.0438443890252963,0.050305));
#3554=CARTESIAN_POINT('',(-0.0344333312053961,-0.0438443890252963,0.0505109618943233));
#3555=CARTESIAN_POINT('',(-0.0344333312053961,-0.0437,0.0505109618943233));
#3556=CARTESIAN_POINT('',(-0.0340609402817688,-0.0437,0.0502959618943233));
#3557=CARTESIAN_POINT('',(-0.0348057221290234,-0.0437,0.0502959618943233));
#3558=CARTESIAN_POINT('',(-0.0340609402817688,-0.0437,0.0502959618943233));
#3559=CARTESIAN_POINT('',(-0.0340609402817688,-0.03235,0.0502959618943233));
#3560=CARTESIAN_POINT('',(-0.0344333312053961,-0.03235,0.0505109618943233));
#3561=CARTESIAN_POINT('',(-0.0348057221290234,-0.03235,0.0502959618943233));
#3562=CARTESIAN_POINT('',(-0.0348057221290234,-0.03235,0.0502959618943233));
#3563=CARTESIAN_POINT('',(-0.0336833312053961,-0.0438443890252963,0.05009));
#3564=CARTESIAN_POINT('',(-0.0336833312053961,-0.0437,0.05009));
#3565=CARTESIAN_POINT('',(-0.0333109402817688,-0.0437,0.050305));
#3566=CARTESIAN_POINT('',(-0.0340557221290234,-0.0437,0.050305));
#3567=CARTESIAN_POINT('',(-0.0333109402817688,-0.0438443890252963,0.050305));
#3568=CARTESIAN_POINT('',(-0.0333109402817688,-0.03235,0.050305));
#3569=CARTESIAN_POINT('',(-0.0336833312053961,-0.03235,0.05009));
#3570=CARTESIAN_POINT('',(-0.0340557221290234,-0.03235,0.050305));
#3571=CARTESIAN_POINT('',(-0.0340557221290234,-0.0438443890252963,0.050305));
#3572=CARTESIAN_POINT('',(-0.0248573693110728,-0.0438443890252963,0.0688350906379882));
#3573=CARTESIAN_POINT('',(-0.0248573693110728,-0.0437,0.0688350906379882));
#3574=CARTESIAN_POINT('',(-0.0248573693110728,-0.03235,0.0688350906379882));
#3575=CARTESIAN_POINT('',(-0.0211342930997195,-0.0438443890252963,0.0292144284148501));
#3576=CARTESIAN_POINT('',(-0.0211342930997195,-0.03235,0.0292144284148501));
#3577=CARTESIAN_POINT('',(-0.0211342930997195,-0.0437,0.0292144284148501));
#3578=CARTESIAN_POINT('',(-0.0226073693110727,-0.0438443890252963,0.0675360525323115));
#3579=CARTESIAN_POINT('',(-0.0226073693110727,-0.03235,0.0675360525323115));
#3580=CARTESIAN_POINT('',(-0.0226073693110727,-0.0437,0.0675360525323115));
#3581=CARTESIAN_POINT('',(-0.0188842930997195,-0.0438443890252963,0.0305134665205268));
#3582=CARTESIAN_POINT('',(-0.0188842930997195,-0.03235,0.0305134665205268));
#3583=CARTESIAN_POINT('',(-0.0188842930997195,-0.0437,0.0305134665205268));
#3584=CARTESIAN_POINT('',(-0.0203573693110728,-0.0438443890252963,0.0662370144266349));
#3585=CARTESIAN_POINT('',(-0.0203573693110728,-0.03235,0.0662370144266349));
#3586=CARTESIAN_POINT('',(-0.0203573693110728,-0.0437,0.0662370144266349));
#3587=CARTESIAN_POINT('',(-0.0166342930997194,-0.0438443890252963,0.0318125046262034));
#3588=CARTESIAN_POINT('',(-0.0166342930997194,-0.03235,0.0318125046262034));
#3589=CARTESIAN_POINT('',(-0.0166342930997194,-0.0437,0.0318125046262034));
#3590=CARTESIAN_POINT('',(-0.0181073693110728,-0.0438443890252963,0.0649379763209582));
#3591=CARTESIAN_POINT('',(-0.0181073693110728,-0.03235,0.0649379763209582));
#3592=CARTESIAN_POINT('',(-0.0181073693110728,-0.0437,0.0649379763209582));
#3593=CARTESIAN_POINT('',(-0.0155092930997194,-0.0438443890252963,0.0324620236790418));
#3594=CARTESIAN_POINT('',(-0.0155092930997194,-0.03235,0.0324620236790418));
#3595=CARTESIAN_POINT('',(-0.0155092930997194,-0.0437,0.0324620236790418));
#3596=CARTESIAN_POINT('',(-0.0177592930997195,-0.0438443890252963,0.0311629855733651));
#3597=CARTESIAN_POINT('',(-0.0177592930997195,-0.03235,0.0311629855733651));
#3598=CARTESIAN_POINT('',(-0.0177592930997195,-0.0437,0.0311629855733651));
#3599=CARTESIAN_POINT('',(-0.0192323693110728,-0.0438443890252963,0.0655874953737965));
#3600=CARTESIAN_POINT('',(-0.0192323693110728,-0.03235,0.0655874953737965));
#3601=CARTESIAN_POINT('',(-0.0192323693110728,-0.0437,0.0655874953737965));
#3602=CARTESIAN_POINT('',(-0.0200092930997195,-0.0438443890252963,0.0298639474676884));
#3603=CARTESIAN_POINT('',(-0.0200092930997195,-0.03235,0.0298639474676884));
#3604=CARTESIAN_POINT('',(-0.0200092930997195,-0.0437,0.0298639474676884));
#3605=CARTESIAN_POINT('',(-0.0214823693110727,-0.0438443890252963,0.0668865334794732));
#3606=CARTESIAN_POINT('',(-0.0214823693110727,-0.03235,0.0668865334794732));
#3607=CARTESIAN_POINT('',(-0.0214823693110727,-0.0437,0.0668865334794732));
#3608=CARTESIAN_POINT('',(-0.0222592930997195,-0.0438443890252963,0.0285649093620118));
#3609=CARTESIAN_POINT('',(-0.0222592930997195,-0.0437,0.0285649093620118));
#3610=CARTESIAN_POINT('',(-0.0222592930997195,-0.03235,0.0285649093620118));
#3611=CARTESIAN_POINT('',(-0.0237323693110728,-0.0438443890252963,0.0681855715851499));
#3612=CARTESIAN_POINT('',(-0.0237323693110728,-0.0437,0.0681855715851499));
#3613=CARTESIAN_POINT('',(-0.0237323693110728,-0.03235,0.0681855715851499));
#3614=CARTESIAN_POINT('',(-0.00567591875243709,-0.03235,0.04295));
#3615=CARTESIAN_POINT('',(-0.00567591875243709,-0.04085,0.04295));
#3616=CARTESIAN_POINT('',(0.0163166687946039,-0.04085,0.04295));
#3617=CARTESIAN_POINT('',(-0.00567591875243709,-0.04085,0.04295));
#3618=CARTESIAN_POINT('',(-0.00567591875243709,-0.03235,0.04295));
#3619=CARTESIAN_POINT('',(-0.00567591875243709,-0.03235,0.04295));
#3620=CARTESIAN_POINT('',(-0.00567591875243709,-0.03235,0.04295));
#3621=CARTESIAN_POINT('',(0.0163166687946039,-0.03235,0.04295));
#3622=CARTESIAN_POINT('',(0.00425033252225146,-0.0408319132307229,0.0329990938154912));
#3623=CARTESIAN_POINT('',(0.00397103585710392,-0.0408583005209576,0.0326043522087442));
#3624=CARTESIAN_POINT('',(0.00397103585710391,-0.0408812500006828,0.0321207950112384));
#3625=CARTESIAN_POINT('',(0.00397103585710392,-0.0409229166673495,0.0312428571754341));
#3626=CARTESIAN_POINT('',(0.00473135232585392,-0.0409645833340161,0.030803888257532));
#3627=CARTESIAN_POINT('',(0.00549166879460392,-0.0410062500006828,0.0303649193396299));
#3628=CARTESIAN_POINT('',(0.00625198526335391,-0.0410479166673495,0.030803888257532));
#3629=CARTESIAN_POINT('',(0.00701230173210391,-0.0410895833340161,0.0312428571754341));
#3630=CARTESIAN_POINT('',(0.00701230173210391,-0.0411312500006828,0.0321207950112384));
#3631=CARTESIAN_POINT('',(0.00701230173210392,-0.0411729166673494,0.0329987328470426));
#3632=CARTESIAN_POINT('',(0.00625198526335391,-0.0412145833340161,0.0334377017649448));
#3633=CARTESIAN_POINT('',(0.00549166879460392,-0.0412562500006828,0.0338766706828468));
#3634=CARTESIAN_POINT('',(0.00473135232585392,-0.0412979166673495,0.0334377017649448));
#3635=CARTESIAN_POINT('',(0.00397103585710392,-0.0413395833340161,0.0329987328470426));
#3636=CARTESIAN_POINT('',(0.00397103585710391,-0.0413812500006828,0.0321207950112384));
#3637=CARTESIAN_POINT('',(0.00397103585710392,-0.0414229166673494,0.0312428571754341));
#3638=CARTESIAN_POINT('',(0.00473135232585392,-0.0414645833340161,0.030803888257532));
#3639=CARTESIAN_POINT('',(0.00549166879460392,-0.0415062500006828,0.0303649193396299));
#3640=CARTESIAN_POINT('',(0.00625198526335391,-0.0415479166673495,0.030803888257532));
#3641=CARTESIAN_POINT('',(0.00701230173210391,-0.0415895833340161,0.0312428571754341));
#3642=CARTESIAN_POINT('',(0.00701230173210391,-0.0416312500006828,0.0321207950112384));
#3643=CARTESIAN_POINT('',(0.00701230173210392,-0.0416729166673494,0.0329987328470426));
#3644=CARTESIAN_POINT('',(0.00625198526335391,-0.0417145833340161,0.0334377017649448));
#3645=CARTESIAN_POINT('',(0.00549166879460392,-0.0417562500006827,0.0338766706828468));
#3646=CARTESIAN_POINT('',(0.00473135232585392,-0.0417979166673495,0.0334377017649448));
#3647=CARTESIAN_POINT('',(0.00397103585710392,-0.0418395833340161,0.0329987328470426));
#3648=CARTESIAN_POINT('',(0.00397103585710391,-0.0418812500006828,0.0321207950112384));
#3649=CARTESIAN_POINT('',(0.00397103585710392,-0.0419229166673495,0.0312428571754341));
#3650=CARTESIAN_POINT('',(0.00473135232585392,-0.0419645833340161,0.030803888257532));
#3651=CARTESIAN_POINT('',(0.00549166879460392,-0.0420062500006828,0.0303649193396299));
#3652=CARTESIAN_POINT('',(0.00625198526335391,-0.0420479166673495,0.030803888257532));
#3653=CARTESIAN_POINT('',(0.00701230173210391,-0.0420895833340161,0.0312428571754341));
#3654=CARTESIAN_POINT('',(0.00701230173210391,-0.0421312500006828,0.0321207950112384));
#3655=CARTESIAN_POINT('',(0.00701230173210392,-0.0421729166673494,0.0329987328470426));
#3656=CARTESIAN_POINT('',(0.00625198526335391,-0.0422145833340161,0.0334377017649448));
#3657=CARTESIAN_POINT('',(0.00549166879460392,-0.0422562500006828,0.0338766706828468));
#3658=CARTESIAN_POINT('',(0.00473135232585392,-0.0422979166673495,0.0334377017649448));
#3659=CARTESIAN_POINT('',(0.00397103585710392,-0.0423395833340161,0.0329987328470426));
#3660=CARTESIAN_POINT('',(0.00397103585710391,-0.0423812500006828,0.0321207950112384));
#3661=CARTESIAN_POINT('',(0.00397103585710392,-0.0424229166673494,0.0312428571754341));
#3662=CARTESIAN_POINT('',(0.00473135232585392,-0.0424645833340161,0.030803888257532));
#3663=CARTESIAN_POINT('',(0.00549166879460392,-0.0425062500006828,0.0303649193396299));
#3664=CARTESIAN_POINT('',(0.00625198526335391,-0.0425479166673495,0.030803888257532));
#3665=CARTESIAN_POINT('',(0.00701230173210391,-0.0425895833340161,0.0312428571754341));
#3666=CARTESIAN_POINT('',(0.00701230173210391,-0.0426312500006828,0.0321207950112384));
#3667=CARTESIAN_POINT('',(0.00701230173210392,-0.0426729166673494,0.0329987328470426));
#3668=CARTESIAN_POINT('',(0.00625198526335391,-0.0427145833340161,0.0334377017649448));
#3669=CARTESIAN_POINT('',(0.00549166879460392,-0.0427562500006828,0.0338766706828468));
#3670=CARTESIAN_POINT('',(0.00473135232585392,-0.0427979166673495,0.0334377017649448));
#3671=CARTESIAN_POINT('',(0.00397103585710392,-0.0428395833340161,0.0329987328470426));
#3672=CARTESIAN_POINT('',(0.00397103585710391,-0.0428812500006828,0.0321207950112384));
#3673=CARTESIAN_POINT('',(0.00397103585710392,-0.0429229166673494,0.0312428571754341));
#3674=CARTESIAN_POINT('',(0.00473135232585392,-0.0429645833340161,0.030803888257532));
#3675=CARTESIAN_POINT('',(0.00549166879460392,-0.0430062500006827,0.0303649193396299));
#3676=CARTESIAN_POINT('',(0.00625198526335391,-0.0430479166673495,0.030803888257532));
#3677=CARTESIAN_POINT('',(0.00701230173210391,-0.0430895833340161,0.0312428571754341));
#3678=CARTESIAN_POINT('',(0.00701230173210391,-0.0431312500006828,0.0321207950112384));
#3679=CARTESIAN_POINT('',(0.00701230173210392,-0.0431729166673494,0.0329987328470426));
#3680=CARTESIAN_POINT('',(0.00625198526335391,-0.0432145833340161,0.0334377017649448));
#3681=CARTESIAN_POINT('',(0.00549166879460392,-0.0432562500006828,0.0338766706828468));
#3682=CARTESIAN_POINT('',(0.00473135232585392,-0.0432979166673495,0.0334377017649448));
#3683=CARTESIAN_POINT('',(0.00397103585710392,-0.0433395833340161,0.0329987328470426));
#3684=CARTESIAN_POINT('',(0.00397103585710391,-0.0433812500006828,0.0321207950112384));
#3685=CARTESIAN_POINT('',(0.00397103585710392,-0.0434229166673495,0.0312428571754341));
#3686=CARTESIAN_POINT('',(0.00473135232585392,-0.0434645833340161,0.030803888257532));
#3687=CARTESIAN_POINT('',(0.00549166879460392,-0.0435062500006828,0.0303649193396299));
#3688=CARTESIAN_POINT('',(0.00625198526335391,-0.0435479166673495,0.030803888257532));
#3689=CARTESIAN_POINT('',(0.00701230173210391,-0.0435895833340161,0.0312428571754341));
#3690=CARTESIAN_POINT('',(0.00701230173210391,-0.0436312500006828,0.0321207950112384));
#3691=CARTESIAN_POINT('',(0.00701230173210392,-0.0436581407809374,0.0326873974133143));
#3692=CARTESIAN_POINT('',(0.0066415352099058,-0.0436886342741691,0.0331158486568127));
#3693=CARTESIAN_POINT('',(0.00447125794976743,-0.0406756632314057,0.0328427795732202));
#3694=CARTESIAN_POINT('',(0.00424166879460392,-0.0407020505216404,0.032518291660151));
#3695=CARTESIAN_POINT('',(0.00424166879460392,-0.0407250000013655,0.0321207950112384));
#3696=CARTESIAN_POINT('',(0.00424166879460393,-0.0407666666680322,0.0313991071747513));
#3697=CARTESIAN_POINT('',(0.00486666879460392,-0.0408083333346989,0.0310382632565078));
#3698=CARTESIAN_POINT('',(0.00549166879460393,-0.0408500000013656,0.0306774193382643));
#3699=CARTESIAN_POINT('',(0.00611666879460392,-0.0408916666680323,0.0310382632565078));
#3700=CARTESIAN_POINT('',(0.00674166879460392,-0.0409333333346989,0.0313991071747513));
#3701=CARTESIAN_POINT('',(0.00674166879460391,-0.0409750000013655,0.0321207950112384));
#3702=CARTESIAN_POINT('',(0.00674166879460392,-0.0410166666680322,0.0328424828477254));
#3703=CARTESIAN_POINT('',(0.00611666879460392,-0.0410583333346989,0.033203326765969));
#3704=CARTESIAN_POINT('',(0.00549166879460392,-0.0411000000013656,0.0335641706842124));
#3705=CARTESIAN_POINT('',(0.00486666879460392,-0.0411416666680323,0.033203326765969));
#3706=CARTESIAN_POINT('',(0.00424166879460393,-0.0411833333346989,0.0328424828477254));
#3707=CARTESIAN_POINT('',(0.00424166879460392,-0.0412250000013655,0.0321207950112384));
#3708=CARTESIAN_POINT('',(0.00424166879460393,-0.0412666666680322,0.0313991071747513));
#3709=CARTESIAN_POINT('',(0.00486666879460392,-0.0413083333346989,0.0310382632565078));
#3710=CARTESIAN_POINT('',(0.00549166879460393,-0.0413500000013656,0.0306774193382643));
#3711=CARTESIAN_POINT('',(0.00611666879460392,-0.0413916666680323,0.0310382632565078));
#3712=CARTESIAN_POINT('',(0.00674166879460392,-0.0414333333346989,0.0313991071747513));
#3713=CARTESIAN_POINT('',(0.00674166879460391,-0.0414750000013655,0.0321207950112384));
#3714=CARTESIAN_POINT('',(0.00674166879460392,-0.0415166666680322,0.0328424828477254));
#3715=CARTESIAN_POINT('',(0.00611666879460392,-0.0415583333346989,0.033203326765969));
#3716=CARTESIAN_POINT('',(0.00549166879460392,-0.0416000000013655,0.0335641706842124));
#3717=CARTESIAN_POINT('',(0.00486666879460392,-0.0416416666680323,0.033203326765969));
#3718=CARTESIAN_POINT('',(0.00424166879460393,-0.0416833333346989,0.0328424828477254));
#3719=CARTESIAN_POINT('',(0.00424166879460392,-0.0417250000013656,0.0321207950112384));
#3720=CARTESIAN_POINT('',(0.00424166879460393,-0.0417666666680323,0.0313991071747513));
#3721=CARTESIAN_POINT('',(0.00486666879460392,-0.0418083333346989,0.0310382632565078));
#3722=CARTESIAN_POINT('',(0.00549166879460393,-0.0418500000013656,0.0306774193382643));
#3723=CARTESIAN_POINT('',(0.00611666879460392,-0.0418916666680323,0.0310382632565078));
#3724=CARTESIAN_POINT('',(0.00674166879460392,-0.0419333333346989,0.0313991071747513));
#3725=CARTESIAN_POINT('',(0.00674166879460391,-0.0419750000013656,0.0321207950112384));
#3726=CARTESIAN_POINT('',(0.00674166879460392,-0.0420166666680322,0.0328424828477254));
#3727=CARTESIAN_POINT('',(0.00611666879460392,-0.0420583333346989,0.033203326765969));
#3728=CARTESIAN_POINT('',(0.00549166879460392,-0.0421000000013656,0.0335641706842124));
#3729=CARTESIAN_POINT('',(0.00486666879460392,-0.0421416666680323,0.033203326765969));
#3730=CARTESIAN_POINT('',(0.00424166879460393,-0.0421833333346989,0.0328424828477254));
#3731=CARTESIAN_POINT('',(0.00424166879460392,-0.0422250000013655,0.0321207950112384));
#3732=CARTESIAN_POINT('',(0.00424166879460393,-0.0422666666680322,0.0313991071747513));
#3733=CARTESIAN_POINT('',(0.00486666879460392,-0.0423083333346989,0.0310382632565078));
#3734=CARTESIAN_POINT('',(0.00549166879460393,-0.0423500000013656,0.0306774193382643));
#3735=CARTESIAN_POINT('',(0.00611666879460392,-0.0423916666680323,0.0310382632565078));
#3736=CARTESIAN_POINT('',(0.00674166879460392,-0.0424333333346989,0.0313991071747513));
#3737=CARTESIAN_POINT('',(0.00674166879460391,-0.0424750000013655,0.0321207950112384));
#3738=CARTESIAN_POINT('',(0.00674166879460392,-0.0425166666680322,0.0328424828477254));
#3739=CARTESIAN_POINT('',(0.00611666879460392,-0.0425583333346989,0.033203326765969));
#3740=CARTESIAN_POINT('',(0.00549166879460392,-0.0426000000013655,0.0335641706842124));
#3741=CARTESIAN_POINT('',(0.00486666879460392,-0.0426416666680323,0.033203326765969));
#3742=CARTESIAN_POINT('',(0.00424166879460393,-0.0426833333346989,0.0328424828477254));
#3743=CARTESIAN_POINT('',(0.00424166879460392,-0.0427250000013655,0.0321207950112384));
#3744=CARTESIAN_POINT('',(0.00424166879460393,-0.0427666666680322,0.0313991071747513));
#3745=CARTESIAN_POINT('',(0.00486666879460392,-0.0428083333346989,0.0310382632565078));
#3746=CARTESIAN_POINT('',(0.00549166879460393,-0.0428500000013655,0.0306774193382643));
#3747=CARTESIAN_POINT('',(0.00611666879460392,-0.0428916666680323,0.0310382632565078));
#3748=CARTESIAN_POINT('',(0.00674166879460392,-0.0429333333346989,0.0313991071747513));
#3749=CARTESIAN_POINT('',(0.00674166879460391,-0.0429750000013655,0.0321207950112384));
#3750=CARTESIAN_POINT('',(0.00674166879460392,-0.0430166666680322,0.0328424828477254));
#3751=CARTESIAN_POINT('',(0.00611666879460392,-0.0430583333346989,0.033203326765969));
#3752=CARTESIAN_POINT('',(0.00549166879460392,-0.0431000000013656,0.0335641706842124));
#3753=CARTESIAN_POINT('',(0.00486666879460392,-0.0431416666680323,0.033203326765969));
#3754=CARTESIAN_POINT('',(0.00424166879460393,-0.0431833333346989,0.0328424828477254));
#3755=CARTESIAN_POINT('',(0.00424166879460392,-0.0432250000013655,0.0321207950112384));
#3756=CARTESIAN_POINT('',(0.00424166879460393,-0.0432666666680322,0.0313991071747513));
#3757=CARTESIAN_POINT('',(0.00486666879460392,-0.0433083333346989,0.0310382632565078));
#3758=CARTESIAN_POINT('',(0.00549166879460393,-0.0433500000013656,0.0306774193382643));
#3759=CARTESIAN_POINT('',(0.00611666879460392,-0.0433916666680323,0.0310382632565078));
#3760=CARTESIAN_POINT('',(0.00674166879460392,-0.0434333333346989,0.0313991071747513));
#3761=CARTESIAN_POINT('',(0.00674166879460391,-0.0434750000013655,0.0321207950112384));
#3762=CARTESIAN_POINT('',(0.00674166879460391,-0.0435018907816202,0.0325865569878001));
#3763=CARTESIAN_POINT('',(0.00643688902736463,-0.0435323842748519,0.0329387551029175));
#3764=CARTESIAN_POINT('',(0.00409005132706729,-0.04085,0.0327105347888574));
#3765=CARTESIAN_POINT('',(0.00397103585710392,-0.0408666856079986,0.0324276741646701));
#3766=CARTESIAN_POINT('',(0.00397103585710391,-0.0408812500006828,0.0321207950112384));
#3767=CARTESIAN_POINT('',(0.00397103585710392,-0.0409229166673495,0.0312428571754341));
#3768=CARTESIAN_POINT('',(0.00473135232585392,-0.0409645833340161,0.030803888257532));
#3769=CARTESIAN_POINT('',(0.00549166879460392,-0.0410062500006828,0.0303649193396299));
#3770=CARTESIAN_POINT('',(0.00625198526335391,-0.0410479166673495,0.030803888257532));
#3771=CARTESIAN_POINT('',(0.00701230173210391,-0.0410895833340161,0.0312428571754341));
#3772=CARTESIAN_POINT('',(0.00701230173210391,-0.0411312500006828,0.0321207950112384));
#3773=CARTESIAN_POINT('',(0.00701230173210392,-0.0411729166673494,0.0329987328470426));
#3774=CARTESIAN_POINT('',(0.00625198526335391,-0.0412145833340161,0.0334377017649448));
#3775=CARTESIAN_POINT('',(0.00549166879460392,-0.0412562500006828,0.0338766706828468));
#3776=CARTESIAN_POINT('',(0.00473135232585392,-0.0412979166673495,0.0334377017649448));
#3777=CARTESIAN_POINT('',(0.00397103585710392,-0.0413395833340161,0.0329987328470426));
#3778=CARTESIAN_POINT('',(0.00397103585710391,-0.0413812500006828,0.0321207950112384));
#3779=CARTESIAN_POINT('',(0.00397103585710392,-0.0414229166673494,0.0312428571754341));
#3780=CARTESIAN_POINT('',(0.00473135232585392,-0.0414645833340161,0.030803888257532));
#3781=CARTESIAN_POINT('',(0.00549166879460392,-0.0415062500006828,0.0303649193396299));
#3782=CARTESIAN_POINT('',(0.00625198526335391,-0.0415479166673495,0.030803888257532));
#3783=CARTESIAN_POINT('',(0.00701230173210391,-0.0415895833340161,0.0312428571754341));
#3784=CARTESIAN_POINT('',(0.00701230173210391,-0.0416312500006828,0.0321207950112384));
#3785=CARTESIAN_POINT('',(0.00701230173210392,-0.0416729166673494,0.0329987328470426));
#3786=CARTESIAN_POINT('',(0.00625198526335391,-0.0417145833340161,0.0334377017649448));
#3787=CARTESIAN_POINT('',(0.00549166879460392,-0.0417562500006827,0.0338766706828468));
#3788=CARTESIAN_POINT('',(0.00473135232585392,-0.0417979166673495,0.0334377017649448));
#3789=CARTESIAN_POINT('',(0.00397103585710392,-0.0418395833340161,0.0329987328470426));
#3790=CARTESIAN_POINT('',(0.00397103585710391,-0.0418812500006828,0.0321207950112384));
#3791=CARTESIAN_POINT('',(0.00397103585710392,-0.0419229166673495,0.0312428571754341));
#3792=CARTESIAN_POINT('',(0.00473135232585392,-0.0419645833340161,0.030803888257532));
#3793=CARTESIAN_POINT('',(0.00549166879460392,-0.0420062500006828,0.0303649193396299));
#3794=CARTESIAN_POINT('',(0.00625198526335391,-0.0420479166673495,0.030803888257532));
#3795=CARTESIAN_POINT('',(0.00701230173210391,-0.0420895833340161,0.0312428571754341));
#3796=CARTESIAN_POINT('',(0.00701230173210391,-0.0421312500006828,0.0321207950112384));
#3797=CARTESIAN_POINT('',(0.00701230173210392,-0.0421729166673494,0.0329987328470426));
#3798=CARTESIAN_POINT('',(0.00625198526335391,-0.0422145833340161,0.0334377017649448));
#3799=CARTESIAN_POINT('',(0.00549166879460392,-0.0422562500006828,0.0338766706828468));
#3800=CARTESIAN_POINT('',(0.00473135232585392,-0.0422979166673495,0.0334377017649448));
#3801=CARTESIAN_POINT('',(0.00397103585710392,-0.0423395833340161,0.0329987328470426));
#3802=CARTESIAN_POINT('',(0.00397103585710391,-0.0423812500006828,0.0321207950112384));
#3803=CARTESIAN_POINT('',(0.00397103585710392,-0.0424229166673494,0.0312428571754341));
#3804=CARTESIAN_POINT('',(0.00473135232585392,-0.0424645833340161,0.030803888257532));
#3805=CARTESIAN_POINT('',(0.00549166879460392,-0.0425062500006828,0.0303649193396299));
#3806=CARTESIAN_POINT('',(0.00625198526335391,-0.0425479166673495,0.030803888257532));
#3807=CARTESIAN_POINT('',(0.00701230173210391,-0.0425895833340161,0.0312428571754341));
#3808=CARTESIAN_POINT('',(0.00701230173210391,-0.0426312500006828,0.0321207950112384));
#3809=CARTESIAN_POINT('',(0.00701230173210392,-0.0426729166673494,0.0329987328470426));
#3810=CARTESIAN_POINT('',(0.00625198526335391,-0.0427145833340161,0.0334377017649448));
#3811=CARTESIAN_POINT('',(0.00549166879460392,-0.0427562500006828,0.0338766706828468));
#3812=CARTESIAN_POINT('',(0.00473135232585392,-0.0427979166673495,0.0334377017649448));
#3813=CARTESIAN_POINT('',(0.00397103585710392,-0.0428395833340161,0.0329987328470426));
#3814=CARTESIAN_POINT('',(0.00397103585710391,-0.0428812500006828,0.0321207950112384));
#3815=CARTESIAN_POINT('',(0.00397103585710392,-0.0429229166673494,0.0312428571754341));
#3816=CARTESIAN_POINT('',(0.00473135232585392,-0.0429645833340161,0.030803888257532));
#3817=CARTESIAN_POINT('',(0.00549166879460392,-0.0430062500006827,0.0303649193396299));
#3818=CARTESIAN_POINT('',(0.00625198526335391,-0.0430479166673495,0.030803888257532));
#3819=CARTESIAN_POINT('',(0.00701230173210391,-0.0430895833340161,0.0312428571754341));
#3820=CARTESIAN_POINT('',(0.00701230173210391,-0.0431312500006828,0.0321207950112384));
#3821=CARTESIAN_POINT('',(0.00701230173210392,-0.0431729166673494,0.0329987328470426));
#3822=CARTESIAN_POINT('',(0.00625198526335391,-0.0432145833340161,0.0334377017649448));
#3823=CARTESIAN_POINT('',(0.00549166879460392,-0.0432562500006828,0.0338766706828468));
#3824=CARTESIAN_POINT('',(0.00473135232585392,-0.0432979166673495,0.0334377017649448));
#3825=CARTESIAN_POINT('',(0.00397103585710392,-0.0433395833340161,0.0329987328470426));
#3826=CARTESIAN_POINT('',(0.00397103585710391,-0.0433812500006828,0.0321207950112384));
#3827=CARTESIAN_POINT('',(0.00397103585710392,-0.0434229166673495,0.0312428571754341));
#3828=CARTESIAN_POINT('',(0.00473135232585392,-0.0434645833340161,0.030803888257532));
#3829=CARTESIAN_POINT('',(0.00549166879460392,-0.0435062500006828,0.0303649193396299));
#3830=CARTESIAN_POINT('',(0.00625198526335391,-0.0435479166673495,0.030803888257532));
#3831=CARTESIAN_POINT('',(0.00701230173210391,-0.0435895833340161,0.0312428571754341));
#3832=CARTESIAN_POINT('',(0.00701230173210391,-0.0436312500006828,0.0321207950112384));
#3833=CARTESIAN_POINT('',(0.00701230173210391,-0.0436495313648173,0.0325059926415696));
#3834=CARTESIAN_POINT('',(0.00682891723224163,-0.0436706329374999,0.0328447364084836));
#3835=CARTESIAN_POINT('',(0.00409005132706728,-0.04085,0.0327105347888574));
#3836=CARTESIAN_POINT('',(0.00682891723224162,-0.0436706329375,0.0328447364084836));
#3837=CARTESIAN_POINT('',(0.00682891723224162,-0.0436706329375,0.0328447364084836));
#3838=CARTESIAN_POINT('',(0.00694997109592059,-0.0436273013096645,0.0325301106784679));
#3839=CARTESIAN_POINT('',(0.00698302684014132,-0.043550545614551,0.0318235419597691));
#3840=CARTESIAN_POINT('',(0.00653102739025925,-0.0434482486454421,0.0312742902563508));
#3841=CARTESIAN_POINT('',(0.00623382551826946,-0.0434,0.0311149603342073));
#3842=CARTESIAN_POINT('',(0.00623382551826944,-0.0434,0.0311149603342073));
#3843=CARTESIAN_POINT('',(0.00549166879460391,-0.0433500000013656,0.0308707950112384));
#3844=CARTESIAN_POINT('',(0.00582660528514281,-0.0433723291007348,0.0308707950112384));
#3845=CARTESIAN_POINT('',(0.00611666879460392,-0.0433916666680323,0.0310382632565078));
#3846=CARTESIAN_POINT('',(0.00617739849783955,-0.0433957153149146,0.0310733255670187));
#3847=CARTESIAN_POINT('',(0.00623382551826944,-0.0434,0.0311149603342074));
#3848=CARTESIAN_POINT('',(0.00549166879460392,-0.0433500000013655,0.0308707950112384));
#3849=CARTESIAN_POINT('',(0.00549166879460391,-0.0431000000013655,0.0333707950112384));
#3850=CARTESIAN_POINT('',(0.00515673230406501,-0.0431223291007348,0.0333707950112384));
#3851=CARTESIAN_POINT('',(0.00486666879460392,-0.0431416666680323,0.033203326765969));
#3852=CARTESIAN_POINT('',(0.00424166879460393,-0.0431833333346989,0.0328424828477254));
#3853=CARTESIAN_POINT('',(0.00424166879460392,-0.0432250000013655,0.0321207950112384));
#3854=CARTESIAN_POINT('',(0.00424166879460393,-0.0432666666680322,0.0313991071747513));
#3855=CARTESIAN_POINT('',(0.00486666879460392,-0.0433083333346989,0.0310382632565078));
#3856=CARTESIAN_POINT('',(0.00515673230406501,-0.0433276709019963,0.0308707950112384));
#3857=CARTESIAN_POINT('',(0.00549166879460391,-0.0433500000013656,0.0308707950112384));
#3858=CARTESIAN_POINT('',(0.00549166879460392,-0.0431000000013655,0.0333707950112384));
#3859=CARTESIAN_POINT('',(0.00549166879460391,-0.0428500000013655,0.0308707950112384));
#3860=CARTESIAN_POINT('',(0.00582660528514281,-0.0428723291007348,0.0308707950112384));
#3861=CARTESIAN_POINT('',(0.00611666879460392,-0.0428916666680323,0.0310382632565078));
#3862=CARTESIAN_POINT('',(0.00674166879460392,-0.0429333333346989,0.0313991071747513));
#3863=CARTESIAN_POINT('',(0.00674166879460391,-0.0429750000013655,0.0321207950112384));
#3864=CARTESIAN_POINT('',(0.00674166879460392,-0.0430166666680322,0.0328424828477254));
#3865=CARTESIAN_POINT('',(0.00611666879460392,-0.0430583333346989,0.033203326765969));
#3866=CARTESIAN_POINT('',(0.00582660528514281,-0.0430776709019963,0.0333707950112384));
#3867=CARTESIAN_POINT('',(0.00549166879460391,-0.0431000000013655,0.0333707950112384));
#3868=CARTESIAN_POINT('',(0.00549166879460392,-0.0428500000013655,0.0308707950112384));
#3869=CARTESIAN_POINT('',(0.00549166879460391,-0.0426000000013655,0.0333707950112384));
#3870=CARTESIAN_POINT('',(0.00515673230406501,-0.0426223291007348,0.0333707950112384));
#3871=CARTESIAN_POINT('',(0.00486666879460392,-0.0426416666680323,0.033203326765969));
#3872=CARTESIAN_POINT('',(0.00424166879460393,-0.0426833333346989,0.0328424828477254));
#3873=CARTESIAN_POINT('',(0.00424166879460392,-0.0427250000013655,0.0321207950112384));
#3874=CARTESIAN_POINT('',(0.00424166879460393,-0.0427666666680322,0.0313991071747513));
#3875=CARTESIAN_POINT('',(0.00486666879460392,-0.0428083333346989,0.0310382632565078));
#3876=CARTESIAN_POINT('',(0.00515673230406501,-0.0428276709019963,0.0308707950112384));
#3877=CARTESIAN_POINT('',(0.00549166879460391,-0.0428500000013655,0.0308707950112384));
#3878=CARTESIAN_POINT('',(0.00549166879460392,-0.0426000000013655,0.0333707950112384));
#3879=CARTESIAN_POINT('',(0.00549166879460391,-0.0423500000013656,0.0308707950112384));
#3880=CARTESIAN_POINT('',(0.00582660528514281,-0.0423723291007348,0.0308707950112384));
#3881=CARTESIAN_POINT('',(0.00611666879460392,-0.0423916666680323,0.0310382632565078));
#3882=CARTESIAN_POINT('',(0.00674166879460392,-0.0424333333346989,0.0313991071747513));
#3883=CARTESIAN_POINT('',(0.00674166879460391,-0.0424750000013655,0.0321207950112384));
#3884=CARTESIAN_POINT('',(0.00674166879460392,-0.0425166666680322,0.0328424828477254));
#3885=CARTESIAN_POINT('',(0.00611666879460392,-0.0425583333346989,0.033203326765969));
#3886=CARTESIAN_POINT('',(0.00582660528514281,-0.0425776709019963,0.0333707950112384));
#3887=CARTESIAN_POINT('',(0.00549166879460391,-0.0426000000013655,0.0333707950112384));
#3888=CARTESIAN_POINT('',(0.00549166879460392,-0.0423500000013655,0.0308707950112384));
#3889=CARTESIAN_POINT('',(0.00549166879460391,-0.0421000000013656,0.0333707950112384));
#3890=CARTESIAN_POINT('',(0.00515673230406501,-0.0421223291007348,0.0333707950112384));
#3891=CARTESIAN_POINT('',(0.00486666879460392,-0.0421416666680323,0.033203326765969));
#3892=CARTESIAN_POINT('',(0.00424166879460393,-0.0421833333346989,0.0328424828477254));
#3893=CARTESIAN_POINT('',(0.00424166879460392,-0.0422250000013655,0.0321207950112384));
#3894=CARTESIAN_POINT('',(0.00424166879460393,-0.0422666666680322,0.0313991071747513));
#3895=CARTESIAN_POINT('',(0.00486666879460392,-0.0423083333346989,0.0310382632565078));
#3896=CARTESIAN_POINT('',(0.00515673230406501,-0.0423276709019963,0.0308707950112384));
#3897=CARTESIAN_POINT('',(0.00549166879460391,-0.0423500000013656,0.0308707950112384));
#3898=CARTESIAN_POINT('',(0.00549166879460392,-0.0421000000013655,0.0333707950112384));
#3899=CARTESIAN_POINT('',(0.00549166879460391,-0.0418500000013656,0.0308707950112384));
#3900=CARTESIAN_POINT('',(0.00582660528514281,-0.0418723291007348,0.0308707950112384));
#3901=CARTESIAN_POINT('',(0.00611666879460392,-0.0418916666680323,0.0310382632565078));
#3902=CARTESIAN_POINT('',(0.00674166879460392,-0.0419333333346989,0.0313991071747513));
#3903=CARTESIAN_POINT('',(0.00674166879460391,-0.0419750000013656,0.0321207950112384));
#3904=CARTESIAN_POINT('',(0.00674166879460392,-0.0420166666680322,0.0328424828477254));
#3905=CARTESIAN_POINT('',(0.00611666879460392,-0.0420583333346989,0.033203326765969));
#3906=CARTESIAN_POINT('',(0.00582660528514282,-0.0420776709019963,0.0333707950112384));
#3907=CARTESIAN_POINT('',(0.00549166879460391,-0.0421000000013656,0.0333707950112384));
#3908=CARTESIAN_POINT('',(0.00549166879460392,-0.0418500000013655,0.0308707950112384));
#3909=CARTESIAN_POINT('',(0.00549166879460391,-0.0416000000013656,0.0333707950112384));
#3910=CARTESIAN_POINT('',(0.00515673230406501,-0.0416223291007348,0.0333707950112384));
#3911=CARTESIAN_POINT('',(0.00486666879460392,-0.0416416666680323,0.033203326765969));
#3912=CARTESIAN_POINT('',(0.00424166879460393,-0.0416833333346989,0.0328424828477254));
#3913=CARTESIAN_POINT('',(0.00424166879460392,-0.0417250000013656,0.0321207950112384));
#3914=CARTESIAN_POINT('',(0.00424166879460393,-0.0417666666680323,0.0313991071747513));
#3915=CARTESIAN_POINT('',(0.00486666879460392,-0.0418083333346989,0.0310382632565078));
#3916=CARTESIAN_POINT('',(0.00515673230406501,-0.0418276709019963,0.0308707950112384));
#3917=CARTESIAN_POINT('',(0.00549166879460391,-0.0418500000013656,0.0308707950112384));
#3918=CARTESIAN_POINT('',(0.00549166879460392,-0.0416000000013655,0.0333707950112384));
#3919=CARTESIAN_POINT('',(0.00549166879460391,-0.0413500000013656,0.0308707950112384));
#3920=CARTESIAN_POINT('',(0.00582660528514281,-0.0413723291007349,0.0308707950112384));
#3921=CARTESIAN_POINT('',(0.00611666879460392,-0.0413916666680323,0.0310382632565078));
#3922=CARTESIAN_POINT('',(0.00674166879460392,-0.0414333333346989,0.0313991071747513));
#3923=CARTESIAN_POINT('',(0.00674166879460391,-0.0414750000013655,0.0321207950112384));
#3924=CARTESIAN_POINT('',(0.00674166879460392,-0.0415166666680322,0.0328424828477254));
#3925=CARTESIAN_POINT('',(0.00611666879460392,-0.0415583333346989,0.033203326765969));
#3926=CARTESIAN_POINT('',(0.00582660528514282,-0.0415776709019963,0.0333707950112384));
#3927=CARTESIAN_POINT('',(0.00549166879460391,-0.0416000000013656,0.0333707950112384));
#3928=CARTESIAN_POINT('',(0.00549166879460392,-0.0413500000013655,0.0308707950112384));
#3929=CARTESIAN_POINT('',(0.00549166879460391,-0.0411000000013656,0.0333707950112384));
#3930=CARTESIAN_POINT('',(0.00515673230406501,-0.0411223291007349,0.0333707950112384));
#3931=CARTESIAN_POINT('',(0.00486666879460392,-0.0411416666680323,0.033203326765969));
#3932=CARTESIAN_POINT('',(0.00424166879460393,-0.0411833333346989,0.0328424828477254));
#3933=CARTESIAN_POINT('',(0.00424166879460392,-0.0412250000013655,0.0321207950112384));
#3934=CARTESIAN_POINT('',(0.00424166879460393,-0.0412666666680322,0.0313991071747513));
#3935=CARTESIAN_POINT('',(0.00486666879460392,-0.0413083333346989,0.0310382632565078));
#3936=CARTESIAN_POINT('',(0.00515673230406501,-0.0413276709019963,0.0308707950112384));
#3937=CARTESIAN_POINT('',(0.00549166879460391,-0.0413500000013656,0.0308707950112384));
#3938=CARTESIAN_POINT('',(0.00549166879460392,-0.0411000000013655,0.0333707950112384));
#3939=CARTESIAN_POINT('',(0.00549166877450609,-0.0408500000000257,0.0308707950112384));
#3940=CARTESIAN_POINT('',(0.00582660527581539,-0.040872329100113,0.0308707950058532));
#3941=CARTESIAN_POINT('',(0.00611666879460392,-0.0408916666680323,0.0310382632565078));
#3942=CARTESIAN_POINT('',(0.00674166879460392,-0.0409333333346989,0.0313991071747513));
#3943=CARTESIAN_POINT('',(0.00674166879460391,-0.0409750000013655,0.0321207950112384));
#3944=CARTESIAN_POINT('',(0.00674166879460392,-0.0410166666680322,0.0328424828477254));
#3945=CARTESIAN_POINT('',(0.00611666879460392,-0.0410583333346989,0.033203326765969));
#3946=CARTESIAN_POINT('',(0.00582660528514282,-0.0410776709019963,0.0333707950112384));
#3947=CARTESIAN_POINT('',(0.00549166879460391,-0.0411000000013656,0.0333707950112384));
#3948=CARTESIAN_POINT('',(0.00549166877450357,-0.04085,0.0308707950112604));
#3949=CARTESIAN_POINT('',(0.00409005132706728,-0.04085,0.0327105347888574));
#3950=CARTESIAN_POINT('',(0.00395186426856637,-0.04085,0.0322706365970656));
#3951=CARTESIAN_POINT('',(0.00409882152271176,-0.04085,0.0312719516916494));
#3952=CARTESIAN_POINT('',(0.00503271941663406,-0.04085,0.0308178001116964));
#3953=CARTESIAN_POINT('',(0.00549166877450561,-0.04085,0.0308707950112829));
#3954=CARTESIAN_POINT('',(0.00674166879460391,-0.04085,0.0321207950112384));
#3955=CARTESIAN_POINT('',(0.00674166879460392,-0.0408916666666666,0.0328424828477254));
#3956=CARTESIAN_POINT('',(0.00611666879460392,-0.0409333333333333,0.033203326765969));
#3957=CARTESIAN_POINT('',(0.00549166879460392,-0.040975,0.0335641706842124));
#3958=CARTESIAN_POINT('',(0.00486666879460392,-0.0410166666666667,0.033203326765969));
#3959=CARTESIAN_POINT('',(0.00424166879460393,-0.0410583333333333,0.0328424828477254));
#3960=CARTESIAN_POINT('',(0.00424166879460392,-0.0411,0.0321207950112384));
#3961=CARTESIAN_POINT('',(0.00424166879460393,-0.0411416666666666,0.0313991071747513));
#3962=CARTESIAN_POINT('',(0.00486666879460392,-0.0411833333333333,0.0310382632565078));
#3963=CARTESIAN_POINT('',(0.00549166879460392,-0.0412249999999999,0.0306774193382643));
#3964=CARTESIAN_POINT('',(0.00611666879460392,-0.0412666666666667,0.0310382632565078));
#3965=CARTESIAN_POINT('',(0.00674166879460392,-0.0413083333333333,0.0313991071747513));
#3966=CARTESIAN_POINT('',(0.00674166879460391,-0.04135,0.0321207950112384));
#3967=CARTESIAN_POINT('',(0.00674166879460392,-0.0413916666666666,0.0328424828477254));
#3968=CARTESIAN_POINT('',(0.00611666879460392,-0.0414333333333333,0.033203326765969));
#3969=CARTESIAN_POINT('',(0.00549166879460392,-0.041475,0.0335641706842124));
#3970=CARTESIAN_POINT('',(0.00486666879460392,-0.0415166666666667,0.033203326765969));
#3971=CARTESIAN_POINT('',(0.00424166879460393,-0.0415583333333333,0.0328424828477254));
#3972=CARTESIAN_POINT('',(0.00424166879460392,-0.0416,0.0321207950112384));
#3973=CARTESIAN_POINT('',(0.00424166879460393,-0.0416416666666666,0.0313991071747513));
#3974=CARTESIAN_POINT('',(0.00486666879460392,-0.0416833333333333,0.0310382632565078));
#3975=CARTESIAN_POINT('',(0.00549166879460392,-0.041725,0.0306774193382643));
#3976=CARTESIAN_POINT('',(0.00611666879460392,-0.0417666666666667,0.0310382632565078));
#3977=CARTESIAN_POINT('',(0.00674166879460392,-0.0418083333333333,0.0313991071747513));
#3978=CARTESIAN_POINT('',(0.00674166879460391,-0.04185,0.0321207950112384));
#3979=CARTESIAN_POINT('',(0.00674166879460392,-0.0418916666666666,0.0328424828477254));
#3980=CARTESIAN_POINT('',(0.00611666879460392,-0.0419333333333333,0.033203326765969));
#3981=CARTESIAN_POINT('',(0.00549166879460392,-0.041975,0.0335641706842124));
#3982=CARTESIAN_POINT('',(0.00486666879460392,-0.0420166666666667,0.033203326765969));
#3983=CARTESIAN_POINT('',(0.00424166879460393,-0.0420583333333333,0.0328424828477254));
#3984=CARTESIAN_POINT('',(0.00424166879460392,-0.0421,0.0321207950112384));
#3985=CARTESIAN_POINT('',(0.00424166879460393,-0.0421416666666666,0.0313991071747513));
#3986=CARTESIAN_POINT('',(0.00486666879460392,-0.0421833333333333,0.0310382632565078));
#3987=CARTESIAN_POINT('',(0.00549166879460392,-0.042225,0.0306774193382643));
#3988=CARTESIAN_POINT('',(0.00611666879460392,-0.0422666666666667,0.0310382632565078));
#3989=CARTESIAN_POINT('',(0.00674166879460392,-0.0423083333333333,0.0313991071747513));
#3990=CARTESIAN_POINT('',(0.00674166879460391,-0.04235,0.0321207950112384));
#3991=CARTESIAN_POINT('',(0.00674166879460392,-0.0423916666666666,0.0328424828477254));
#3992=CARTESIAN_POINT('',(0.00611666879460392,-0.0424333333333333,0.033203326765969));
#3993=CARTESIAN_POINT('',(0.00549166879460392,-0.042475,0.0335641706842124));
#3994=CARTESIAN_POINT('',(0.00486666879460392,-0.0425166666666667,0.033203326765969));
#3995=CARTESIAN_POINT('',(0.00424166879460393,-0.0425583333333333,0.0328424828477254));
#3996=CARTESIAN_POINT('',(0.00424166879460392,-0.0426,0.0321207950112384));
#3997=CARTESIAN_POINT('',(0.00424166879460393,-0.0426416666666667,0.0313991071747513));
#3998=CARTESIAN_POINT('',(0.00486666879460392,-0.0426833333333333,0.0310382632565078));
#3999=CARTESIAN_POINT('',(0.00549166879460392,-0.0427249999999999,0.0306774193382643));
#4000=CARTESIAN_POINT('',(0.00611666879460392,-0.0427666666666667,0.0310382632565078));
#4001=CARTESIAN_POINT('',(0.00674166879460392,-0.0428083333333333,0.0313991071747513));
#4002=CARTESIAN_POINT('',(0.00674166879460391,-0.04285,0.0321207950112384));
#4003=CARTESIAN_POINT('',(0.00674166879460392,-0.0428916666666667,0.0328424828477254));
#4004=CARTESIAN_POINT('',(0.00611666879460392,-0.0429333333333333,0.033203326765969));
#4005=CARTESIAN_POINT('',(0.00549166879460392,-0.042975,0.0335641706842124));
#4006=CARTESIAN_POINT('',(0.00486666879460392,-0.0430166666666667,0.033203326765969));
#4007=CARTESIAN_POINT('',(0.00424166879460393,-0.0430583333333333,0.0328424828477254));
#4008=CARTESIAN_POINT('',(0.00424166879460392,-0.0431,0.0321207950112384));
#4009=CARTESIAN_POINT('',(0.00424166879460393,-0.0431416666666666,0.0313991071747513));
#4010=CARTESIAN_POINT('',(0.00486666879460392,-0.0431833333333333,0.0310382632565078));
#4011=CARTESIAN_POINT('',(0.00549166879460392,-0.043225,0.0306774193382643));
#4012=CARTESIAN_POINT('',(0.00611666879460392,-0.0432666666666667,0.0310382632565078));
#4013=CARTESIAN_POINT('',(0.00674166879460392,-0.0433083333333333,0.0313991071747513));
#4014=CARTESIAN_POINT('',(0.00674166879460391,-0.04335,0.0321207950112384));
#4015=CARTESIAN_POINT('',(0.00674166879460392,-0.0433916666666666,0.0328424828477254));
#4016=CARTESIAN_POINT('',(0.00611666879460392,-0.0434333333333333,0.033203326765969));
#4017=CARTESIAN_POINT('',(0.00549166879460392,-0.043475,0.0335641706842124));
#4018=CARTESIAN_POINT('',(0.00486666879460392,-0.0435166666666666,0.033203326765969));
#4019=CARTESIAN_POINT('',(0.00424166879460393,-0.0435583333333333,0.0328424828477254));
#4020=CARTESIAN_POINT('',(0.00424166879460392,-0.0436,0.0321207950112384));
#4021=CARTESIAN_POINT('',(0.00424166879460393,-0.0436416666666666,0.0313991071747513));
#4022=CARTESIAN_POINT('',(0.00486666879460392,-0.0436833333333333,0.0310382632565078));
#4023=CARTESIAN_POINT('',(0.00549166879460392,-0.043725,0.0306774193382643));
#4024=CARTESIAN_POINT('',(0.00611666879460392,-0.0437666666666666,0.0310382632565078));
#4025=CARTESIAN_POINT('',(0.00668787002074933,-0.0438047467484097,0.0313680464381843));
#4026=CARTESIAN_POINT('',(0.0067380464318937,-0.0438443890252964,0.0320257014506577));
#4027=CARTESIAN_POINT('',(0.00701230173210391,-0.0406937500006828,0.0321207950112384));
#4028=CARTESIAN_POINT('',(0.00701230173210392,-0.0407354166673494,0.0329987328470426));
#4029=CARTESIAN_POINT('',(0.00625198526335391,-0.0407770833340161,0.0334377017649448));
#4030=CARTESIAN_POINT('',(0.00549166879460392,-0.0408187500006828,0.0338766706828468));
#4031=CARTESIAN_POINT('',(0.00473135232585392,-0.0408604166673495,0.0334377017649448));
#4032=CARTESIAN_POINT('',(0.00397103585710392,-0.0409020833340161,0.0329987328470426));
#4033=CARTESIAN_POINT('',(0.00397103585710391,-0.0409437500006828,0.0321207950112384));
#4034=CARTESIAN_POINT('',(0.00397103585710392,-0.0409854166673494,0.0312428571754341));
#4035=CARTESIAN_POINT('',(0.00473135232585392,-0.0410270833340161,0.030803888257532));
#4036=CARTESIAN_POINT('',(0.00549166879460392,-0.0410687500006827,0.0303649193396299));
#4037=CARTESIAN_POINT('',(0.00625198526335391,-0.0411104166673495,0.030803888257532));
#4038=CARTESIAN_POINT('',(0.00701230173210391,-0.0411520833340161,0.0312428571754341));
#4039=CARTESIAN_POINT('',(0.00701230173210391,-0.0411937500006828,0.0321207950112384));
#4040=CARTESIAN_POINT('',(0.00701230173210392,-0.0412354166673494,0.0329987328470426));
#4041=CARTESIAN_POINT('',(0.00625198526335391,-0.0412770833340161,0.0334377017649448));
#4042=CARTESIAN_POINT('',(0.00549166879460392,-0.0413187500006828,0.0338766706828468));
#4043=CARTESIAN_POINT('',(0.00473135232585392,-0.0413604166673495,0.0334377017649448));
#4044=CARTESIAN_POINT('',(0.00397103585710392,-0.0414020833340161,0.0329987328470426));
#4045=CARTESIAN_POINT('',(0.00397103585710391,-0.0414437500006828,0.0321207950112384));
#4046=CARTESIAN_POINT('',(0.00397103585710392,-0.0414854166673495,0.0312428571754341));
#4047=CARTESIAN_POINT('',(0.00473135232585392,-0.0415270833340161,0.030803888257532));
#4048=CARTESIAN_POINT('',(0.00549166879460392,-0.0415687500006828,0.0303649193396299));
#4049=CARTESIAN_POINT('',(0.00625198526335391,-0.0416104166673495,0.030803888257532));
#4050=CARTESIAN_POINT('',(0.00701230173210391,-0.0416520833340161,0.0312428571754341));
#4051=CARTESIAN_POINT('',(0.00701230173210391,-0.0416937500006828,0.0321207950112384));
#4052=CARTESIAN_POINT('',(0.00701230173210392,-0.0417354166673494,0.0329987328470426));
#4053=CARTESIAN_POINT('',(0.00625198526335391,-0.0417770833340161,0.0334377017649448));
#4054=CARTESIAN_POINT('',(0.00549166879460392,-0.0418187500006828,0.0338766706828468));
#4055=CARTESIAN_POINT('',(0.00473135232585392,-0.0418604166673495,0.0334377017649448));
#4056=CARTESIAN_POINT('',(0.00397103585710392,-0.0419020833340161,0.0329987328470426));
#4057=CARTESIAN_POINT('',(0.00397103585710391,-0.0419437500006828,0.0321207950112384));
#4058=CARTESIAN_POINT('',(0.00397103585710392,-0.0419854166673494,0.0312428571754341));
#4059=CARTESIAN_POINT('',(0.00473135232585392,-0.0420270833340161,0.030803888257532));
#4060=CARTESIAN_POINT('',(0.00549166879460392,-0.0420687500006828,0.0303649193396299));
#4061=CARTESIAN_POINT('',(0.00625198526335391,-0.0421104166673495,0.030803888257532));
#4062=CARTESIAN_POINT('',(0.00701230173210391,-0.0421520833340161,0.0312428571754341));
#4063=CARTESIAN_POINT('',(0.00701230173210391,-0.0421937500006828,0.0321207950112384));
#4064=CARTESIAN_POINT('',(0.00701230173210392,-0.0422354166673494,0.0329987328470426));
#4065=CARTESIAN_POINT('',(0.00625198526335391,-0.0422770833340161,0.0334377017649448));
#4066=CARTESIAN_POINT('',(0.00549166879460392,-0.0423187500006827,0.0338766706828468));
#4067=CARTESIAN_POINT('',(0.00473135232585392,-0.0423604166673495,0.0334377017649448));
#4068=CARTESIAN_POINT('',(0.00397103585710392,-0.0424020833340161,0.0329987328470426));
#4069=CARTESIAN_POINT('',(0.00397103585710391,-0.0424437500006828,0.0321207950112384));
#4070=CARTESIAN_POINT('',(0.00397103585710392,-0.0424854166673495,0.0312428571754341));
#4071=CARTESIAN_POINT('',(0.00473135232585392,-0.0425270833340161,0.030803888257532));
#4072=CARTESIAN_POINT('',(0.00549166879460392,-0.0425687500006827,0.0303649193396299));
#4073=CARTESIAN_POINT('',(0.00625198526335391,-0.0426104166673495,0.030803888257532));
#4074=CARTESIAN_POINT('',(0.00701230173210391,-0.0426520833340161,0.0312428571754341));
#4075=CARTESIAN_POINT('',(0.00701230173210391,-0.0426937500006828,0.0321207950112384));
#4076=CARTESIAN_POINT('',(0.00701230173210392,-0.0427354166673495,0.0329987328470426));
#4077=CARTESIAN_POINT('',(0.00625198526335391,-0.0427770833340161,0.0334377017649448));
#4078=CARTESIAN_POINT('',(0.00549166879460392,-0.0428187500006828,0.0338766706828468));
#4079=CARTESIAN_POINT('',(0.00473135232585392,-0.0428604166673495,0.0334377017649448));
#4080=CARTESIAN_POINT('',(0.00397103585710392,-0.0429020833340161,0.0329987328470426));
#4081=CARTESIAN_POINT('',(0.00397103585710391,-0.0429437500006828,0.0321207950112384));
#4082=CARTESIAN_POINT('',(0.00397103585710392,-0.0429854166673494,0.0312428571754341));
#4083=CARTESIAN_POINT('',(0.00473135232585392,-0.0430270833340161,0.030803888257532));
#4084=CARTESIAN_POINT('',(0.00549166879460392,-0.0430687500006828,0.0303649193396299));
#4085=CARTESIAN_POINT('',(0.00625198526335391,-0.0431104166673495,0.030803888257532));
#4086=CARTESIAN_POINT('',(0.00701230173210391,-0.0431520833340161,0.0312428571754341));
#4087=CARTESIAN_POINT('',(0.00701230173210391,-0.0431937500006828,0.0321207950112384));
#4088=CARTESIAN_POINT('',(0.00701230173210392,-0.0432354166673494,0.0329987328470426));
#4089=CARTESIAN_POINT('',(0.00625198526335391,-0.0432770833340161,0.0334377017649448));
#4090=CARTESIAN_POINT('',(0.00549166879460392,-0.0433187500006828,0.0338766706828468));
#4091=CARTESIAN_POINT('',(0.00473135232585392,-0.0433604166673495,0.0334377017649448));
#4092=CARTESIAN_POINT('',(0.00397103585710392,-0.0434020833340161,0.0329987328470426));
#4093=CARTESIAN_POINT('',(0.00397103585710391,-0.0434437500006828,0.0321207950112384));
#4094=CARTESIAN_POINT('',(0.00397103585710392,-0.0434854166673494,0.0312428571754341));
#4095=CARTESIAN_POINT('',(0.00473135232585392,-0.0435270833340161,0.030803888257532));
#4096=CARTESIAN_POINT('',(0.00549166879460392,-0.0435687500006827,0.0303649193396299));
#4097=CARTESIAN_POINT('',(0.00625198526335391,-0.0436104166673495,0.030803888257532));
#4098=CARTESIAN_POINT('',(0.00694685518208759,-0.0436484967490924,0.0312050715921647));
#4099=CARTESIAN_POINT('',(0.00700789510486494,-0.0436881390259791,0.0320051130909479));
#4100=CARTESIAN_POINT('',(0.00674166879460391,-0.04085,0.0321207950112384));
#4101=CARTESIAN_POINT('',(0.00674166879460392,-0.0408916666666666,0.0328424828477254));
#4102=CARTESIAN_POINT('',(0.00611666879460392,-0.0409333333333333,0.033203326765969));
#4103=CARTESIAN_POINT('',(0.00582660528514281,-0.0409526709006307,0.0333707950112384));
#4104=CARTESIAN_POINT('',(0.00549166879460391,-0.040975,0.0333707950112384));
#4105=CARTESIAN_POINT('',(0.00674166879460391,-0.04085,0.0321207950112384));
#4106=CARTESIAN_POINT('',(0.00549166879460392,-0.040975,0.0333707950112384));
#4107=CARTESIAN_POINT('',(0.00549166879460391,-0.040975,0.0333707950112384));
#4108=CARTESIAN_POINT('',(0.00515673230406501,-0.0409973290993692,0.0333707950112384));
#4109=CARTESIAN_POINT('',(0.00486666879460392,-0.0410166666666667,0.033203326765969));
#4110=CARTESIAN_POINT('',(0.00424166879460393,-0.0410583333333333,0.0328424828477254));
#4111=CARTESIAN_POINT('',(0.00424166879460392,-0.0411,0.0321207950112384));
#4112=CARTESIAN_POINT('',(0.00424166879460393,-0.0411416666666666,0.0313991071747513));
#4113=CARTESIAN_POINT('',(0.00486666879460392,-0.0411833333333333,0.0310382632565078));
#4114=CARTESIAN_POINT('',(0.00515673230406501,-0.0412026709006307,0.0308707950112384));
#4115=CARTESIAN_POINT('',(0.00549166879460391,-0.041225,0.0308707950112384));
#4116=CARTESIAN_POINT('',(0.00549166879460392,-0.041225,0.0308707950112384));
#4117=CARTESIAN_POINT('',(0.00549166879460391,-0.041225,0.0308707950112384));
#4118=CARTESIAN_POINT('',(0.00582660528514281,-0.0412473290993692,0.0308707950112384));
#4119=CARTESIAN_POINT('',(0.00611666879460392,-0.0412666666666667,0.0310382632565078));
#4120=CARTESIAN_POINT('',(0.00674166879460392,-0.0413083333333333,0.0313991071747513));
#4121=CARTESIAN_POINT('',(0.00674166879460391,-0.04135,0.0321207950112384));
#4122=CARTESIAN_POINT('',(0.00674166879460392,-0.0413916666666666,0.0328424828477254));
#4123=CARTESIAN_POINT('',(0.00611666879460392,-0.0414333333333333,0.033203326765969));
#4124=CARTESIAN_POINT('',(0.00582660528514281,-0.0414526709006307,0.0333707950112384));
#4125=CARTESIAN_POINT('',(0.00549166879460391,-0.041475,0.0333707950112384));
#4126=CARTESIAN_POINT('',(0.00549166879460392,-0.041475,0.0333707950112384));
#4127=CARTESIAN_POINT('',(0.00549166879460391,-0.041475,0.0333707950112384));
#4128=CARTESIAN_POINT('',(0.00515673230406501,-0.0414973290993692,0.0333707950112384));
#4129=CARTESIAN_POINT('',(0.00486666879460392,-0.0415166666666667,0.033203326765969));
#4130=CARTESIAN_POINT('',(0.00424166879460393,-0.0415583333333333,0.0328424828477254));
#4131=CARTESIAN_POINT('',(0.00424166879460392,-0.0416,0.0321207950112384));
#4132=CARTESIAN_POINT('',(0.00424166879460393,-0.0416416666666666,0.0313991071747513));
#4133=CARTESIAN_POINT('',(0.00486666879460392,-0.0416833333333333,0.0310382632565078));
#4134=CARTESIAN_POINT('',(0.00515673230406501,-0.0417026709006307,0.0308707950112384));
#4135=CARTESIAN_POINT('',(0.00549166879460391,-0.041725,0.0308707950112384));
#4136=CARTESIAN_POINT('',(0.00549166879460392,-0.041725,0.0308707950112384));
#4137=CARTESIAN_POINT('',(0.00549166879460391,-0.041725,0.0308707950112384));
#4138=CARTESIAN_POINT('',(0.00582660528514281,-0.0417473290993692,0.0308707950112384));
#4139=CARTESIAN_POINT('',(0.00611666879460392,-0.0417666666666667,0.0310382632565078));
#4140=CARTESIAN_POINT('',(0.00674166879460392,-0.0418083333333333,0.0313991071747513));
#4141=CARTESIAN_POINT('',(0.00674166879460391,-0.04185,0.0321207950112384));
#4142=CARTESIAN_POINT('',(0.00674166879460392,-0.0418916666666666,0.0328424828477254));
#4143=CARTESIAN_POINT('',(0.00611666879460392,-0.0419333333333333,0.033203326765969));
#4144=CARTESIAN_POINT('',(0.00582660528514281,-0.0419526709006307,0.0333707950112384));
#4145=CARTESIAN_POINT('',(0.00549166879460391,-0.041975,0.0333707950112384));
#4146=CARTESIAN_POINT('',(0.00549166879460392,-0.041975,0.0333707950112384));
#4147=CARTESIAN_POINT('',(0.00549166879460391,-0.041975,0.0333707950112384));
#4148=CARTESIAN_POINT('',(0.00515673230406501,-0.0419973290993692,0.0333707950112384));
#4149=CARTESIAN_POINT('',(0.00486666879460392,-0.0420166666666667,0.033203326765969));
#4150=CARTESIAN_POINT('',(0.00424166879460393,-0.0420583333333333,0.0328424828477254));
#4151=CARTESIAN_POINT('',(0.00424166879460392,-0.0421,0.0321207950112384));
#4152=CARTESIAN_POINT('',(0.00424166879460393,-0.0421416666666666,0.0313991071747513));
#4153=CARTESIAN_POINT('',(0.00486666879460392,-0.0421833333333333,0.0310382632565078));
#4154=CARTESIAN_POINT('',(0.00515673230406501,-0.0422026709006307,0.0308707950112384));
#4155=CARTESIAN_POINT('',(0.00549166879460391,-0.042225,0.0308707950112384));
#4156=CARTESIAN_POINT('',(0.00549166879460392,-0.042225,0.0308707950112384));
#4157=CARTESIAN_POINT('',(0.00549166879460391,-0.042225,0.0308707950112384));
#4158=CARTESIAN_POINT('',(0.00582660528514281,-0.0422473290993692,0.0308707950112384));
#4159=CARTESIAN_POINT('',(0.00611666879460392,-0.0422666666666667,0.0310382632565078));
#4160=CARTESIAN_POINT('',(0.00674166879460392,-0.0423083333333333,0.0313991071747513));
#4161=CARTESIAN_POINT('',(0.00674166879460391,-0.04235,0.0321207950112384));
#4162=CARTESIAN_POINT('',(0.00674166879460392,-0.0423916666666666,0.0328424828477254));
#4163=CARTESIAN_POINT('',(0.00611666879460392,-0.0424333333333333,0.033203326765969));
#4164=CARTESIAN_POINT('',(0.00582660528514281,-0.0424526709006307,0.0333707950112384));
#4165=CARTESIAN_POINT('',(0.00549166879460391,-0.0424749999999999,0.0333707950112384));
#4166=CARTESIAN_POINT('',(0.00549166879460392,-0.042475,0.0333707950112384));
#4167=CARTESIAN_POINT('',(0.00549166879460391,-0.0424749999999999,0.0333707950112384));
#4168=CARTESIAN_POINT('',(0.00515673230406501,-0.0424973290993692,0.0333707950112384));
#4169=CARTESIAN_POINT('',(0.00486666879460392,-0.0425166666666667,0.033203326765969));
#4170=CARTESIAN_POINT('',(0.00424166879460393,-0.0425583333333333,0.0328424828477254));
#4171=CARTESIAN_POINT('',(0.00424166879460392,-0.0426,0.0321207950112384));
#4172=CARTESIAN_POINT('',(0.00424166879460393,-0.0426416666666667,0.0313991071747513));
#4173=CARTESIAN_POINT('',(0.00486666879460392,-0.0426833333333333,0.0310382632565078));
#4174=CARTESIAN_POINT('',(0.00515673230406501,-0.0427026709006307,0.0308707950112384));
#4175=CARTESIAN_POINT('',(0.00549166879460391,-0.042725,0.0308707950112384));
#4176=CARTESIAN_POINT('',(0.00549166879460392,-0.042725,0.0308707950112384));
#4177=CARTESIAN_POINT('',(0.00549166879460391,-0.042725,0.0308707950112384));
#4178=CARTESIAN_POINT('',(0.00582660528514281,-0.0427473290993692,0.0308707950112384));
#4179=CARTESIAN_POINT('',(0.00611666879460392,-0.0427666666666667,0.0310382632565078));
#4180=CARTESIAN_POINT('',(0.00674166879460392,-0.0428083333333333,0.0313991071747513));
#4181=CARTESIAN_POINT('',(0.00674166879460391,-0.04285,0.0321207950112384));
#4182=CARTESIAN_POINT('',(0.00674166879460392,-0.0428916666666667,0.0328424828477254));
#4183=CARTESIAN_POINT('',(0.00611666879460392,-0.0429333333333333,0.033203326765969));
#4184=CARTESIAN_POINT('',(0.00582660528514281,-0.0429526709006307,0.0333707950112384));
#4185=CARTESIAN_POINT('',(0.00549166879460391,-0.042975,0.0333707950112384));
#4186=CARTESIAN_POINT('',(0.00549166879460392,-0.042975,0.0333707950112384));
#4187=CARTESIAN_POINT('',(0.00549166879460391,-0.042975,0.0333707950112384));
#4188=CARTESIAN_POINT('',(0.00515673230406501,-0.0429973290993692,0.0333707950112384));
#4189=CARTESIAN_POINT('',(0.00486666879460392,-0.0430166666666667,0.033203326765969));
#4190=CARTESIAN_POINT('',(0.00424166879460393,-0.0430583333333333,0.0328424828477254));
#4191=CARTESIAN_POINT('',(0.00424166879460392,-0.0431,0.0321207950112384));
#4192=CARTESIAN_POINT('',(0.00424166879460393,-0.0431416666666666,0.0313991071747513));
#4193=CARTESIAN_POINT('',(0.00486666879460392,-0.0431833333333333,0.0310382632565078));
#4194=CARTESIAN_POINT('',(0.00515673230406501,-0.0432026709006307,0.0308707950112384));
#4195=CARTESIAN_POINT('',(0.00549166879460391,-0.043225,0.0308707950112384));
#4196=CARTESIAN_POINT('',(0.00549166879460392,-0.043225,0.0308707950112384));
#4197=CARTESIAN_POINT('',(0.00549166879460391,-0.043225,0.0308707950112384));
#4198=CARTESIAN_POINT('',(0.00582660528514281,-0.0432473290993692,0.0308707950112384));
#4199=CARTESIAN_POINT('',(0.00611666879460392,-0.0432666666666667,0.0310382632565078));
#4200=CARTESIAN_POINT('',(0.00674166879460392,-0.0433083333333333,0.0313991071747513));
#4201=CARTESIAN_POINT('',(0.00674166879460391,-0.04335,0.0321207950112384));
#4202=CARTESIAN_POINT('',(0.00674166879460391,-0.0433732675827042,0.0325238013653695));
#4203=CARTESIAN_POINT('',(0.00650627429082968,-0.0434,0.0328509153349032));
#4204=CARTESIAN_POINT('',(0.00650627429082969,-0.0434,0.0328509153349032));
#4205=CARTESIAN_POINT('',(0.00650627429082969,-0.0434,0.0328509153349032));
#4206=CARTESIAN_POINT('',(0.00633446891161495,-0.0434131371740284,0.0331121546722915));
#4207=CARTESIAN_POINT('',(0.00579332279658826,-0.0434357692673644,0.0334895158731619));
#4208=CARTESIAN_POINT('',(0.00481044247723671,-0.0434730843089871,0.0333852289383474));
#4209=CARTESIAN_POINT('',(0.00413006255919398,-0.0435083517325993,0.0326701697901277));
#4210=CARTESIAN_POINT('',(0.00405718911360798,-0.0435407414285976,0.0316906231386649));
#4211=CARTESIAN_POINT('',(0.00460131992679655,-0.0435756715302607,0.0308767110240145));
#4212=CARTESIAN_POINT('',(0.00552796937035638,-0.0436075364003488,0.0305615577545103));
#4213=CARTESIAN_POINT('',(0.00645611268928529,-0.0436383831109503,0.0308603781133806));
#4214=CARTESIAN_POINT('',(0.00684272954094316,-0.0436600641315412,0.0313776324794774));
#4215=CARTESIAN_POINT('',(0.00694477843571107,-0.0436706329375001,0.0316726913384892));
#4216=CARTESIAN_POINT('',(0.00694477843571111,-0.0436706329375001,0.0316726913384893));
#4217=CARTESIAN_POINT('',(0.0049214314555008,-0.04085,0.0335304594775928));
#4218=CARTESIAN_POINT('',(0.0048231586530567,-0.0408553855207274,0.0334907061726686));
#4219=CARTESIAN_POINT('',(0.00473135232585392,-0.0408604166673495,0.0334377017649448));
#4220=CARTESIAN_POINT('',(0.00397103585710392,-0.0409020833340161,0.0329987328470426));
#4221=CARTESIAN_POINT('',(0.00397103585710391,-0.0409437500006828,0.0321207950112384));
#4222=CARTESIAN_POINT('',(0.00397103585710392,-0.0409854166673494,0.0312428571754341));
#4223=CARTESIAN_POINT('',(0.00473135232585392,-0.0410270833340161,0.030803888257532));
#4224=CARTESIAN_POINT('',(0.00549166879460392,-0.0410687500006827,0.0303649193396299));
#4225=CARTESIAN_POINT('',(0.00625198526335391,-0.0411104166673495,0.030803888257532));
#4226=CARTESIAN_POINT('',(0.00701230173210391,-0.0411520833340161,0.0312428571754341));
#4227=CARTESIAN_POINT('',(0.00701230173210391,-0.0411937500006828,0.0321207950112384));
#4228=CARTESIAN_POINT('',(0.00701230173210392,-0.0412354166673494,0.0329987328470426));
#4229=CARTESIAN_POINT('',(0.00625198526335391,-0.0412770833340161,0.0334377017649448));
#4230=CARTESIAN_POINT('',(0.00549166879460392,-0.0413187500006828,0.0338766706828468));
#4231=CARTESIAN_POINT('',(0.00473135232585392,-0.0413604166673495,0.0334377017649448));
#4232=CARTESIAN_POINT('',(0.00397103585710392,-0.0414020833340161,0.0329987328470426));
#4233=CARTESIAN_POINT('',(0.00397103585710391,-0.0414437500006828,0.0321207950112384));
#4234=CARTESIAN_POINT('',(0.00397103585710392,-0.0414854166673495,0.0312428571754341));
#4235=CARTESIAN_POINT('',(0.00473135232585392,-0.0415270833340161,0.030803888257532));
#4236=CARTESIAN_POINT('',(0.00549166879460392,-0.0415687500006828,0.0303649193396299));
#4237=CARTESIAN_POINT('',(0.00625198526335391,-0.0416104166673495,0.030803888257532));
#4238=CARTESIAN_POINT('',(0.00701230173210391,-0.0416520833340161,0.0312428571754341));
#4239=CARTESIAN_POINT('',(0.00701230173210391,-0.0416937500006828,0.0321207950112384));
#4240=CARTESIAN_POINT('',(0.00701230173210392,-0.0417354166673494,0.0329987328470426));
#4241=CARTESIAN_POINT('',(0.00625198526335391,-0.0417770833340161,0.0334377017649448));
#4242=CARTESIAN_POINT('',(0.00549166879460392,-0.0418187500006828,0.0338766706828468));
#4243=CARTESIAN_POINT('',(0.00473135232585392,-0.0418604166673495,0.0334377017649448));
#4244=CARTESIAN_POINT('',(0.00397103585710392,-0.0419020833340161,0.0329987328470426));
#4245=CARTESIAN_POINT('',(0.00397103585710391,-0.0419437500006828,0.0321207950112384));
#4246=CARTESIAN_POINT('',(0.00397103585710392,-0.0419854166673494,0.0312428571754341));
#4247=CARTESIAN_POINT('',(0.00473135232585392,-0.0420270833340161,0.030803888257532));
#4248=CARTESIAN_POINT('',(0.00549166879460392,-0.0420687500006828,0.0303649193396299));
#4249=CARTESIAN_POINT('',(0.00625198526335391,-0.0421104166673495,0.030803888257532));
#4250=CARTESIAN_POINT('',(0.00701230173210391,-0.0421520833340161,0.0312428571754341));
#4251=CARTESIAN_POINT('',(0.00701230173210391,-0.0421937500006828,0.0321207950112384));
#4252=CARTESIAN_POINT('',(0.00701230173210392,-0.0422354166673494,0.0329987328470426));
#4253=CARTESIAN_POINT('',(0.00625198526335391,-0.0422770833340161,0.0334377017649448));
#4254=CARTESIAN_POINT('',(0.00549166879460392,-0.0423187500006827,0.0338766706828468));
#4255=CARTESIAN_POINT('',(0.00473135232585392,-0.0423604166673495,0.0334377017649448));
#4256=CARTESIAN_POINT('',(0.00397103585710392,-0.0424020833340161,0.0329987328470426));
#4257=CARTESIAN_POINT('',(0.00397103585710391,-0.0424437500006828,0.0321207950112384));
#4258=CARTESIAN_POINT('',(0.00397103585710392,-0.0424854166673495,0.0312428571754341));
#4259=CARTESIAN_POINT('',(0.00473135232585392,-0.0425270833340161,0.030803888257532));
#4260=CARTESIAN_POINT('',(0.00549166879460392,-0.0425687500006827,0.0303649193396299));
#4261=CARTESIAN_POINT('',(0.00625198526335391,-0.0426104166673495,0.030803888257532));
#4262=CARTESIAN_POINT('',(0.00701230173210391,-0.0426520833340161,0.0312428571754341));
#4263=CARTESIAN_POINT('',(0.00701230173210391,-0.0426937500006828,0.0321207950112384));
#4264=CARTESIAN_POINT('',(0.00701230173210392,-0.0427354166673495,0.0329987328470426));
#4265=CARTESIAN_POINT('',(0.00625198526335391,-0.0427770833340161,0.0334377017649448));
#4266=CARTESIAN_POINT('',(0.00549166879460392,-0.0428187500006828,0.0338766706828468));
#4267=CARTESIAN_POINT('',(0.00473135232585392,-0.0428604166673495,0.0334377017649448));
#4268=CARTESIAN_POINT('',(0.00397103585710392,-0.0429020833340161,0.0329987328470426));
#4269=CARTESIAN_POINT('',(0.00397103585710391,-0.0429437500006828,0.0321207950112384));
#4270=CARTESIAN_POINT('',(0.00397103585710392,-0.0429854166673494,0.0312428571754341));
#4271=CARTESIAN_POINT('',(0.00473135232585392,-0.0430270833340161,0.030803888257532));
#4272=CARTESIAN_POINT('',(0.00549166879460392,-0.0430687500006828,0.0303649193396299));
#4273=CARTESIAN_POINT('',(0.00625198526335391,-0.0431104166673495,0.030803888257532));
#4274=CARTESIAN_POINT('',(0.00701230173210391,-0.0431520833340161,0.0312428571754341));
#4275=CARTESIAN_POINT('',(0.00701230173210391,-0.0431937500006828,0.0321207950112384));
#4276=CARTESIAN_POINT('',(0.00701230173210392,-0.0432354166673494,0.0329987328470426));
#4277=CARTESIAN_POINT('',(0.00625198526335391,-0.0432770833340161,0.0334377017649448));
#4278=CARTESIAN_POINT('',(0.00549166879460392,-0.0433187500006828,0.0338766706828468));
#4279=CARTESIAN_POINT('',(0.00473135232585392,-0.0433604166673495,0.0334377017649448));
#4280=CARTESIAN_POINT('',(0.00397103585710392,-0.0434020833340161,0.0329987328470426));
#4281=CARTESIAN_POINT('',(0.00397103585710391,-0.0434437500006828,0.0321207950112384));
#4282=CARTESIAN_POINT('',(0.00397103585710392,-0.0434854166673494,0.0312428571754341));
#4283=CARTESIAN_POINT('',(0.00473135232585392,-0.0435270833340161,0.030803888257532));
#4284=CARTESIAN_POINT('',(0.00549166879460392,-0.0435687500006827,0.0303649193396299));
#4285=CARTESIAN_POINT('',(0.00625198526335391,-0.0436104166673495,0.030803888257532));
#4286=CARTESIAN_POINT('',(0.00676889099599089,-0.0436387440017491,0.0311023239214156));
#4287=CARTESIAN_POINT('',(0.0069447784357111,-0.0436706329375001,0.0316726913384893));
#4288=CARTESIAN_POINT('',(0.0049214314555008,-0.04085,0.0335304594775928));
#4289=CARTESIAN_POINT('',(0.00674166879460391,-0.04085,0.0321207950112384));
#4290=CARTESIAN_POINT('',(0.00678721301919774,-0.04085,0.0325762372571771));
#4291=CARTESIAN_POINT('',(0.00635611114819479,-0.04085,0.0334993034972454));
#4292=CARTESIAN_POINT('',(0.0053588871764248,-0.04085,0.0336641668574546));
#4293=CARTESIAN_POINT('',(0.0049214314555008,-0.04085,0.0335304594775928));
#4294=CARTESIAN_POINT('',(0.00549166879460392,-0.042280130195782,0.0321207950112384));
#4295=CARTESIAN_POINT('',(0.00549166879460392,-0.0436706329375,0.0321207950112384));
#4296=CARTESIAN_POINT('',(0.00549166879460392,-0.04085,0.0321207950112384));
#4297=CARTESIAN_POINT('',(0.0113166687946039,-0.0437,0.04795));
#4298=CARTESIAN_POINT('',(0.00549166879460392,-0.0437,0.0321207950112384));
#4299=CARTESIAN_POINT('',(0.00549166879460392,-0.0437,0.0336707950112384));
#4300=CARTESIAN_POINT('',(-0.0166833312053961,-0.0437,0.05295));
#4301=CARTESIAN_POINT('',(-0.0166833312053961,-0.0437,0.05295));
#4302=CARTESIAN_POINT('',(-0.0371480307776921,-0.0437,0.0497563726358097));
#4303=CARTESIAN_POINT('',(-0.0375339106066104,-0.0437,0.0506789216901336));
#4304=CARTESIAN_POINT('',(-0.0361833312053961,-0.0437,0.04745));
#4305=CARTESIAN_POINT('',(-0.0396833312053961,-0.0437,0.04745));
#4306=CARTESIAN_POINT('',(-0.0396833312053961,-0.0437,0.04745));
#4307=CARTESIAN_POINT('',(-0.0396833312053961,-0.0437,0.04695));
#4308=CARTESIAN_POINT('',(-0.0356833312053961,-0.0437,0.04695));
#4309=CARTESIAN_POINT('',(-0.0356833312053961,-0.0437,0.04295));
#4310=CARTESIAN_POINT('',(-0.0356833312053961,-0.0437,0.04295));
#4311=CARTESIAN_POINT('',(-0.0181759187524371,-0.0437,0.04295));
#4312=CARTESIAN_POINT('',(-0.0156759187524371,-0.0437,0.04395));
#4313=CARTESIAN_POINT('',(-0.0156759187524371,-0.0437,0.04395));
#4314=CARTESIAN_POINT('',(-0.00867591875243709,-0.0437,0.04395));
#4315=CARTESIAN_POINT('',(-0.00867591875243709,-0.0437,0.04395));
#4316=CARTESIAN_POINT('',(-0.00867591875243709,-0.0437,0.03895));
#4317=CARTESIAN_POINT('',(-0.00451566401203929,-0.0437,0.041723496078057));
#4318=CARTESIAN_POINT('',(0.0038275668984448,-0.0437,0.0292086177552831));
#4319=CARTESIAN_POINT('',(0.0038275668984448,-0.0437,0.0292086177552831));
#4320=CARTESIAN_POINT('',(0.00549166879460392,-0.0437,0.0303180161865059));
#4321=CARTESIAN_POINT('',(0.00715577069076303,-0.0437,0.029208617755283));
#4322=CARTESIAN_POINT('',(0.0163166687946039,-0.0437,0.04295));
#4323=CARTESIAN_POINT('',(0.0163166687946039,-0.0437,0.04295));
#4324=CARTESIAN_POINT('',(0.0163166687946039,-0.0437,0.04795));
#4325=CARTESIAN_POINT('',(0.0163166687946039,-0.0437,0.04795));
#4326=CARTESIAN_POINT('',(0.0113166687946039,-0.0437,0.04795));
#4327=CARTESIAN_POINT('',(0.0113166687946039,-0.0437,0.05295));
#4328=CARTESIAN_POINT('',(0.0113166687946039,-0.0437,0.05295));
#4329=CARTESIAN_POINT('',(0.0105166687946039,-0.0437,0.0476));
#4330=CARTESIAN_POINT('',(0.0105166687946039,-0.0437,0.04445));
#4331=CARTESIAN_POINT('',(0.0113166687946039,-0.04085,0.05295));
#4332=CARTESIAN_POINT('',(0.0113166687946039,-0.04085,0.05295));
#4333=CARTESIAN_POINT('',(-0.0166833312053961,-0.03235,0.05295));
#4334=CARTESIAN_POINT('',(-0.0166833312053961,-0.03235,0.05295));
#4335=CARTESIAN_POINT('',(-0.0166833312053961,-0.04085,0.05295));
#4336=CARTESIAN_POINT('',(1.96724667981613E-16,-0.0295,0.05295));
#4337=CARTESIAN_POINT('',(0.0025000000000002,-0.0295,0.05295));
#4338=CARTESIAN_POINT('',(-0.0166833312053961,-0.04085,0.05295));
#4339=CARTESIAN_POINT('',(-0.0246833312053961,-0.03235,0.05095));
#4340=CARTESIAN_POINT('',(-0.0361833312053961,-0.04085,0.04745));
#4341=CARTESIAN_POINT('',(-0.0375339106066104,-0.04085,0.0506789216901336));
#4342=CARTESIAN_POINT('',(-0.0375339106066104,-0.03235,0.0506789216901336));
#4343=CARTESIAN_POINT('',(-0.0361833312053961,-0.03235,0.04745));
#4344=CARTESIAN_POINT('',(-0.0396833312053961,-0.03235,0.04745));
#4345=CARTESIAN_POINT('',(-0.0396833312053961,-0.04085,0.04745));
#4346=CARTESIAN_POINT('',(-0.0396833312053961,-0.04085,0.04745));
#4347=CARTESIAN_POINT('',(-0.0396833312053961,-0.03235,0.04695));
#4348=CARTESIAN_POINT('',(-0.0396833312053961,-0.03235,0.04695));
#4349=CARTESIAN_POINT('',(-0.0396833312053961,-0.04085,0.04695));
#4350=CARTESIAN_POINT('',(-0.0356833312053961,-0.04085,0.04695));
#4351=CARTESIAN_POINT('',(-0.0356833312053961,-0.03235,0.04695));
#4352=CARTESIAN_POINT('',(-0.0356833312053961,-0.03235,0.04295));
#4353=CARTESIAN_POINT('',(-0.0356833312053961,-0.04085,0.04295));
#4354=CARTESIAN_POINT('',(-0.00567591875243709,-0.03235,0.04295));
#4355=CARTESIAN_POINT('',(-0.0181759187524371,-0.03235,0.04295));
#4356=CARTESIAN_POINT('',(-0.0181759187524371,-0.03235,0.04295));
#4357=CARTESIAN_POINT('',(-0.0181759187524371,-0.04085,0.04295));
#4358=CARTESIAN_POINT('',(-0.0201675101529402,-0.0359095127971045,0.04295));
#4359=CARTESIAN_POINT('',(-0.0204118834743032,-0.0358566135809477,0.04295));
#4360=CARTESIAN_POINT('',(-0.0206644581316073,-0.0358672521121684,0.04295));
#4361=CARTESIAN_POINT('',(-0.0209035677371081,-0.0359403352868684,0.04295));
#4362=CARTESIAN_POINT('',(-0.0156759187524371,-0.04085,0.04395));
#4363=CARTESIAN_POINT('',(-0.0156759187524371,-0.03235,0.04395));
#4364=CARTESIAN_POINT('',(-0.0156759187524371,-0.03235,0.04395));
#4365=CARTESIAN_POINT('',(-0.0156759187524371,-0.04085,0.04395));
#4366=CARTESIAN_POINT('',(-0.00867591875243709,-0.04085,0.04395));
#4367=CARTESIAN_POINT('',(-0.00867591875243709,-0.03235,0.04395));
#4368=CARTESIAN_POINT('',(-0.00867591875243709,-0.03235,0.04395));
#4369=CARTESIAN_POINT('',(-0.00867591875243709,-0.04085,0.04395));
#4370=CARTESIAN_POINT('',(-0.00867591875243709,-0.04085,0.03895));
#4371=CARTESIAN_POINT('',(-0.00867591875243709,-0.03235,0.03895));
#4372=CARTESIAN_POINT('',(-0.00867591875243709,-0.04085,0.03895));
#4373=CARTESIAN_POINT('',(-0.00451566401203929,-0.04085,0.041723496078057));
#4374=CARTESIAN_POINT('',(-0.00451566401203929,-0.04085,0.041723496078057));
#4375=CARTESIAN_POINT('',(-0.00116667517841466,-0.02635,0.0367));
#4376=CARTESIAN_POINT('',(0.0038275668984448,-0.04085,0.0292086177552831));
#4377=CARTESIAN_POINT('',(0.0038275668984448,-0.04085,0.029208617755283));
#4378=CARTESIAN_POINT('',(0.0038275668984448,-0.04085,0.0292086177552831));
#4379=CARTESIAN_POINT('',(0.00549166879460392,-0.02335,0.0303180161865059));
#4380=CARTESIAN_POINT('',(0.00549166879460392,-0.04085,0.0303180161865059));
#4381=CARTESIAN_POINT('',(0.00715577069076303,-0.04085,0.029208617755283));
#4382=CARTESIAN_POINT('',(0.00715577069076303,-0.04085,0.029208617755283));
#4383=CARTESIAN_POINT('',(0.0163166687946039,-0.02635,0.04295));
#4384=CARTESIAN_POINT('',(0.0163166687946039,-0.04085,0.04295));
#4385=CARTESIAN_POINT('',(0.0163166687946039,-0.04085,0.04295));
#4386=CARTESIAN_POINT('',(0.0163166687946039,-0.04085,0.04795));
#4387=CARTESIAN_POINT('',(0.0163166687946039,-0.04085,0.04795));
#4388=CARTESIAN_POINT('',(0.0113166687946039,-0.04085,0.04795));
#4389=CARTESIAN_POINT('',(0.0113166687946039,-0.04085,0.04795));
#4390=CARTESIAN_POINT('',(0.00549166879460392,-0.04085,0.0321207950112384));
#4391=CARTESIAN_POINT('',(-0.0196808660766561,-0.0362857070776072,0.0430323571115653));
#4392=CARTESIAN_POINT('',(-0.019878193921695,-0.036164735176819,0.0430459367192268));
#4393=CARTESIAN_POINT('',(-0.0201220696493073,-0.0360952189552475,0.0430618380180403));
#4394=CARTESIAN_POINT('',(-0.0206145293453361,-0.0361090187263921,0.04309471150501));
#4395=CARTESIAN_POINT('',(-0.020848160508468,-0.0361888228537473,0.0431093291286757));
#4396=CARTESIAN_POINT('',(-0.0212343255877609,-0.036454684022689,0.0431375876260669));
#4397=CARTESIAN_POINT('',(-0.0213993109891235,-0.0366555763017545,0.0431547079717362));
#4398=CARTESIAN_POINT('',(-0.0215827634199226,-0.0371102995342017,0.0431871187483948));
#4399=CARTESIAN_POINT('',(-0.0216044620585256,-0.0373473383034034,0.0432000269748715));
#4400=CARTESIAN_POINT('',(-0.021515211918225,-0.0378179088704539,0.0432302097179075));
#4401=CARTESIAN_POINT('',(-0.0213948949074847,-0.0380502288747999,0.043247656022576));
#4402=CARTESIAN_POINT('',(-0.0210555369462572,-0.0383967362793765,0.0432790144350778));
#4403=CARTESIAN_POINT('',(-0.0208501811300828,-0.0385120939902383,0.0432914388760715));
#4404=CARTESIAN_POINT('',(-0.0203760758494859,-0.0386211290973769,0.0433230871386393));
#4405=CARTESIAN_POINT('',(-0.0201153586044733,-0.0386021052590944,0.0433404909688934));
#4406=CARTESIAN_POINT('',(-0.0196692459463075,-0.0384336375792977,0.043370270621469));
#4407=CARTESIAN_POINT('',(-0.019476923459953,-0.0382909034849136,0.0433834640350138));
#4408=CARTESIAN_POINT('',(-0.019038064639444,-0.037699182465204,0.0434323193593858));
#4409=CARTESIAN_POINT('',(-0.0190053799353936,-0.0371556364596882,0.0434595205903657));
#4410=CARTESIAN_POINT('',(-0.0194961421279674,-0.0363010261157026,0.0435253060125744));
#4411=CARTESIAN_POINT('',(-0.0199819628086508,-0.0360552761516284,0.0435524853736761));
#4412=CARTESIAN_POINT('',(-0.0207144111273732,-0.0361361041567881,0.0436013789794993));
#4413=CARTESIAN_POINT('',(-0.020934865932213,-0.0362304725631396,0.043614630865758));
#4414=CARTESIAN_POINT('',(-0.0213048695477763,-0.0365306716416875,0.0436443350318154));
#4415=CARTESIAN_POINT('',(-0.0214527342199245,-0.0367461835603201,0.0436617291085198));
#4416=CARTESIAN_POINT('',(-0.0215975699726897,-0.0372108679007752,0.0436934268381768));
#4417=CARTESIAN_POINT('',(-0.0216013509245626,-0.0374464123275242,0.0437058583201672));
#4418=CARTESIAN_POINT('',(-0.0214731606579315,-0.0379138777919253,0.0437371612540565));
#4419=CARTESIAN_POINT('',(-0.0213331924839291,-0.0381349494708886,0.0437546131824604));
#4420=CARTESIAN_POINT('',(-0.0209714336827395,-0.0384494059653131,0.0437848663891684));
#4421=CARTESIAN_POINT('',(-0.0207559398198757,-0.0385499580998131,0.0437977298284238));
#4422=CARTESIAN_POINT('',(-0.0202708941971508,-0.0386206687618498,0.043830108398867));
#4423=CARTESIAN_POINT('',(-0.0200141151279068,-0.0385794682409684,0.043847249341476));
#4424=CARTESIAN_POINT('',(-0.0195894793654514,-0.0383796482408515,0.0438755953326637));
#4425=CARTESIAN_POINT('',(-0.0194032290200288,-0.0382183364995325,0.0438901188457159));
#4426=CARTESIAN_POINT('',(-0.0191431176046703,-0.037799988817964,0.0439229853723818));
#4427=CARTESIAN_POINT('',(-0.0190801777976258,-0.0375536908005245,0.0439390054391118));
#4428=CARTESIAN_POINT('',(-0.0190903463878578,-0.0370914035015824,0.0439660698319529));
#4429=CARTESIAN_POINT('',(-0.0191657414671558,-0.0368443591003786,0.0439828680077171));
#4430=CARTESIAN_POINT('',(-0.0194448392272177,-0.0364392198284292,0.0440156046553972));
#4431=CARTESIAN_POINT('',(-0.0196344643481609,-0.0362888047767663,0.0440292885796947));
#4432=CARTESIAN_POINT('',(-0.0200718033422486,-0.0361065558465482,0.044058482558084));
#4433=CARTESIAN_POINT('',(-0.0203311913473314,-0.0360779849252458,0.0440757976567082));
#4434=CARTESIAN_POINT('',(-0.0208105210660687,-0.0361708830565776,0.0441077946696418));
#4435=CARTESIAN_POINT('',(-0.0210199567625093,-0.036279841245208,0.0441203249494582));
#4436=CARTESIAN_POINT('',(-0.021369394448055,-0.036612933263978,0.0441512442428521));
#4437=CARTESIAN_POINT('',(-0.0214982767039922,-0.0368407693804276,0.0441687172130558));
#4438=CARTESIAN_POINT('',(-0.0216041030301042,-0.0373105943133874,0.0441994101112462));
#4439=CARTESIAN_POINT('',(-0.0215901129571492,-0.037546742795844,0.0442120335488982));
#4440=CARTESIAN_POINT('',(-0.0214230419808895,-0.0380063067309037,0.0442441774073212));
#4441=CARTESIAN_POINT('',(-0.0212651110757141,-0.0382136961495099,0.0442614378982805));
#4442=CARTESIAN_POINT('',(-0.0208852993470405,-0.0384943408303551,0.0442903389811897));
#4443=CARTESIAN_POINT('',(-0.0206575584537032,-0.0385804011923338,0.044304297144663));
#4444=CARTESIAN_POINT('',(-0.0199206313508218,-0.0386268828975157,0.04435348972572));
#4445=CARTESIAN_POINT('',(-0.019447649681206,-0.0383582189561836,0.044380549568975));
#4446=CARTESIAN_POINT('',(-0.019110301132433,-0.0377010760227651,0.044429798866996));
#4447=CARTESIAN_POINT('',(-0.0190677251436331,-0.0374600806603241,0.0444440014453807));
#4448=CARTESIAN_POINT('',(-0.0191145868053345,-0.0369914772773351,0.0444726556717498));
#4449=CARTESIAN_POINT('',(-0.0192116623046591,-0.0367498300572253,0.0444898654581949));
#4450=CARTESIAN_POINT('',(-0.0195213599206391,-0.0363706901839455,0.04452212039733));
#4451=CARTESIAN_POINT('',(-0.0197176394583779,-0.0362377513727244,0.0445348408226985));
#4452=CARTESIAN_POINT('',(-0.020174528100741,-0.0360886693890281,0.0445653398116562));
#4453=CARTESIAN_POINT('',(-0.0204361893194898,-0.0360825874554098,0.0445828066556119));
#4454=CARTESIAN_POINT('',(-0.0209020347354249,-0.0362126826982973,0.0446139035419848));
#4455=CARTESIAN_POINT('',(-0.0211024454829319,-0.0363369206135867,0.0446263779405706));
#4456=CARTESIAN_POINT('',(-0.0214270890680291,-0.0367007232077045,0.0446582450750658));
#4457=CARTESIAN_POINT('',(-0.0215355526521947,-0.0369382899633363,0.0446755990665398));
#4458=CARTESIAN_POINT('',(-0.0216027465019037,-0.0374085351725425,0.0447050268314617));
#4459=CARTESIAN_POINT('',(-0.021570448455857,-0.0376473348143938,0.044718505148931));
#4460=CARTESIAN_POINT('',(-0.0213653430831936,-0.0380941898731663,0.0447511837701531));
#4461=CARTESIAN_POINT('',(-0.0211915210350003,-0.0382858109905434,0.0447680630858381));
#4462=CARTESIAN_POINT('',(-0.0207980939575974,-0.0385316207419575,0.0447954047859364));
#4463=CARTESIAN_POINT('',(-0.0205559347556549,-0.0386028237892834,0.044811080898421));
#4464=CARTESIAN_POINT('',(-0.0200633183275085,-0.0385934680668828,0.0448439648478331));
#4465=CARTESIAN_POINT('',(-0.019828103859557,-0.0385152949094407,0.0448587705963896));
#4466=CARTESIAN_POINT('',(-0.0194404314275995,-0.0382532701056511,0.044886857622764));
#4467=CARTESIAN_POINT('',(-0.0192736909882818,-0.0380541116342285,0.0449039363139837));
#4468=CARTESIAN_POINT('',(-0.0190860458554711,-0.0376007784660702,0.0449364066696199));
#4469=CARTESIAN_POINT('',(-0.0190623366482711,-0.0373634507889625,0.0449494078026312));
#4470=CARTESIAN_POINT('',(-0.0191473295856606,-0.0368928258034951,0.0449794515996786));
#4471=CARTESIAN_POINT('',(-0.0192653992433292,-0.0366594283617362,0.0449968851818762));
#4472=CARTESIAN_POINT('',(-0.0196020347073392,-0.0363095321748809,0.0450283486327924));
#4473=CARTESIAN_POINT('',(-0.019806394871698,-0.0361924973014082,0.0450407655713567));
#4474=CARTESIAN_POINT('',(-0.0202790225857456,-0.0360793604087507,0.0450723152009498));
#4475=CARTESIAN_POINT('',(-0.0205399963419801,-0.0360959072500755,0.0450897361542668));
#4476=CARTESIAN_POINT('',(-0.0209882706469363,-0.0362607280266124,0.0451196601046766));
#4477=CARTESIAN_POINT('',(-0.0211813208139191,-0.0364015367127946,0.0451327460293596));
#4478=CARTESIAN_POINT('',(-0.0216252460295123,-0.0369889715884376,0.0451815226703849));
#4479=CARTESIAN_POINT('',(-0.0216629752882696,-0.0375323825237475,0.0452087714626967));
#4480=CARTESIAN_POINT('',(-0.0211799618835108,-0.038391361256704,0.0452745507930942));
#4481=CARTESIAN_POINT('',(-0.0206965716562439,-0.038641532143141,0.0453016928706164));
#4482=CARTESIAN_POINT('',(-0.0199630772408304,-0.0385672651123957,0.0453506563072223));
#4483=CARTESIAN_POINT('',(-0.0197412789856579,-0.0384744887519352,0.0453640275542969));
#4484=CARTESIAN_POINT('',(-0.019369278930744,-0.0381780120747089,0.0453935831617912));
#4485=CARTESIAN_POINT('',(-0.0192194314704504,-0.0379640032523756,0.0454109565231323));
#4486=CARTESIAN_POINT('',(-0.0190703114505647,-0.0375001789344267,0.045442747529829));
#4487=CARTESIAN_POINT('',(-0.019064577858258,-0.0372645720092071,0.0454551988254744));
#4488=CARTESIAN_POINT('',(-0.0191884706661015,-0.0367965315338241,0.0454863915654076));
#4489=CARTESIAN_POINT('',(-0.0193263507480091,-0.0365740969777616,0.0455038525883397));
#4490=CARTESIAN_POINT('',(-0.0196858536687012,-0.0362560128058549,0.0455342402182679));
#4491=CARTESIAN_POINT('',(-0.0199001311124077,-0.0361538584558935,0.0455470228084715));
#4492=CARTESIAN_POINT('',(-0.0203841975200524,-0.0360788471641318,0.0455793360127246));
#4493=CARTESIAN_POINT('',(-0.0206415496007899,-0.0361176434936482,0.0455965152059478));
#4494=CARTESIAN_POINT('',(-0.0210687016447614,-0.0363141759536897,0.0456250291681356));
#4495=CARTESIAN_POINT('',(-0.0212555824934575,-0.0364733412511195,0.045639375695379));
#4496=CARTESIAN_POINT('',(-0.0215194138872796,-0.0368892550900382,0.0456722256818009));
#4497=CARTESIAN_POINT('',(-0.0215847094659522,-0.0371362183862128,0.0456884813342994));
#4498=CARTESIAN_POINT('',(-0.0215784663828229,-0.0375975651819627,0.0457153603353249));
#4499=CARTESIAN_POINT('',(-0.0215054778052592,-0.0378450271433002,0.045732102328994));
#4500=CARTESIAN_POINT('',(-0.0212299498187475,-0.0382528037363493,0.0457648722934453));
#4501=CARTESIAN_POINT('',(-0.0210409921105367,-0.0384052581173004,0.0457787015448134));
#4502=CARTESIAN_POINT('',(-0.0206060135964098,-0.0385909665444418,0.0458077379525266));
#4503=CARTESIAN_POINT('',(-0.0203470540159083,-0.0386219821885878,0.0458250244522421));
#4504=CARTESIAN_POINT('',(-0.0198665093089731,-0.0385333022946961,0.0458571025700844));
#4505=CARTESIAN_POINT('',(-0.0196559627986208,-0.0384259722032857,0.0458696798975465));
#4506=CARTESIAN_POINT('',(-0.0193040497162546,-0.0380964072325824,0.0459004779119024));
#4507=CARTESIAN_POINT('',(-0.0191729993510769,-0.0378698052698392,0.045917951899843));
#4508=CARTESIAN_POINT('',(-0.0190628839433825,-0.0374003118787437,0.0459487687874234));
#4509=CARTESIAN_POINT('',(-0.0190749038048953,-0.0371643326138787,0.0459613383488802));
#4510=CARTESIAN_POINT('',(-0.0192377220327284,-0.0367036622853595,0.0459934042250524));
#4511=CARTESIAN_POINT('',(-0.0193937709100205,-0.0364946576329765,0.0460106952771416));
#4512=CARTESIAN_POINT('',(-0.0197718124590429,-0.0362102277372363,0.0460397561017209));
#4513=CARTESIAN_POINT('',(-0.0199980985198365,-0.0361225666706613,0.0460535624914497));
#4514=CARTESIAN_POINT('',(-0.0207343524326969,-0.0360694588665808,0.0461027101346091));
#4515=CARTESIAN_POINT('',(-0.0212098344863465,-0.0363337434849538,0.0461297785740997));
#4516=CARTESIAN_POINT('',(-0.0216676115859525,-0.0372060167650277,0.0461954841592567));
#4517=CARTESIAN_POINT('',(-0.0216136970003036,-0.037748862632208,0.0462229310098376));
#4518=CARTESIAN_POINT('',(-0.02115394712096,-0.0383221209481418,0.0462714162758797));
#4519=CARTESIAN_POINT('',(-0.0209584611527636,-0.0384568975820537,0.0462842107882841));
#4520=CARTESIAN_POINT('',(-0.0205035476593093,-0.0386097761972149,0.0463145779288237));
#4521=CARTESIAN_POINT('',(-0.0202419922693827,-0.0386183498939958,0.0463320377083182));
#4522=CARTESIAN_POINT('',(-0.0197744536049583,-0.038492239065415,0.0463632476252245));
#4523=CARTESIAN_POINT('',(-0.0195731382661086,-0.0383697361755297,0.0463756953431726));
#4524=CARTESIAN_POINT('',(-0.0192455672328015,-0.0380091848849538,0.0464074722275638));
#4525=CARTESIAN_POINT('',(-0.0191348001871199,-0.0377725551700233,0.0464248489306158));
#4526=CARTESIAN_POINT('',(-0.0190633949582534,-0.0373021314124205,0.0464544275799713));
#4527=CARTESIAN_POINT('',(-0.0190936309788687,-0.0370637183336046,0.0464677799508569));
#4528=CARTESIAN_POINT('',(-0.0192946156370166,-0.0366152321372213,0.0465004153323527));
#4529=CARTESIAN_POINT('',(-0.0194667998477729,-0.0364217855484486,0.046517345513384));
#4530=CARTESIAN_POINT('',(-0.019858945066508,-0.0361721135653026,0.0465448677061302));
#4531=CARTESIAN_POINT('',(-0.0200994128471696,-0.036099236265325,0.0465603255935803));
#4532=CARTESIAN_POINT('',(-0.0205921258423097,-0.0361041456528958,0.0465932159891927));
#4533=CARTESIAN_POINT('',(-0.0208289496182788,-0.0361806789782157,0.0466082171296447));
#4534=CARTESIAN_POINT('',(-0.02121807564284,-0.0364388597563562,0.0466361304478059));
#4535=CARTESIAN_POINT('',(-0.0213865438622575,-0.0366362617164119,0.0466531652622846));
#4536=CARTESIAN_POINT('',(-0.0215783662730348,-0.0370881471436434,0.0466856913477851));
#4537=CARTESIAN_POINT('',(-0.021604096910488,-0.0373257874858917,0.0466987933017268));
#4538=CARTESIAN_POINT('',(-0.0215233517890256,-0.0377964109470153,0.0467286952320218));
#4539=CARTESIAN_POINT('',(-0.0214075438670155,-0.0380308528452487,0.0467461137050632));
#4540=CARTESIAN_POINT('',(-0.0210736803702487,-0.0383841066450654,0.0467776787413316));
#4541=CARTESIAN_POINT('',(-0.0208702934467588,-0.038502831169404,0.0467900963053282));
#4542=CARTESIAN_POINT('',(-0.0203991955264853,-0.0386200433240666,0.0468215438155883));
#4543=CARTESIAN_POINT('',(-0.0201380009239288,-0.0386059780973422,0.0468389795112055));
#4544=CARTESIAN_POINT('',(-0.0196876080743306,-0.0384448408733092,0.0468690448822234));
#4545=CARTESIAN_POINT('',(-0.0194938156835923,-0.0383059358155894,0.0468820312016149));
#4546=CARTESIAN_POINT('',(-0.0190448865194106,-0.0377228513967107,0.0469307233570868));
#4547=CARTESIAN_POINT('',(-0.0190021121590232,-0.0371795950204425,0.0469580264692052));
#4548=CARTESIAN_POINT('',(-0.0194773189438194,-0.0363163535350448,0.0470237916706515));
#4549=CARTESIAN_POINT('',(-0.0199582621203265,-0.036061771736279,0.0470509032659928));
#4550=CARTESIAN_POINT('',(-0.0206927145861104,-0.0361294597786921,0.047099930655967));
#4551=CARTESIAN_POINT('',(-0.020915882695358,-0.0362206435040207,0.0471134290439952));
#4552=CARTESIAN_POINT('',(-0.0212898255508331,-0.0365133812692662,0.0471428333481466));
#4553=CARTESIAN_POINT('',(-0.0214416326468444,-0.0367258595653307,0.0471601836356332));
#4554=CARTESIAN_POINT('',(-0.0215950311421931,-0.0371887652742373,0.0471920643391534));
#4555=CARTESIAN_POINT('',(-0.0216027200827872,-0.0374244602382216,0.0472045435637087));
#4556=CARTESIAN_POINT('',(-0.0214831243820372,-0.0378930175872565,0.0472356227604842));
#4557=CARTESIAN_POINT('',(-0.021347352349702,-0.0381167850352167,0.0472530904783716));
#4558=CARTESIAN_POINT('',(-0.0209901579131456,-0.0384384745506067,0.0472836094846407));
#4559=CARTESIAN_POINT('',(-0.0207770713744245,-0.0385422358498242,0.0472963192198222));
#4560=CARTESIAN_POINT('',(-0.0202940409021792,-0.0386215297602842,0.0473285632715961));
#4561=CARTESIAN_POINT('',(-0.0200361497918494,-0.0385851482934392,0.0473457784470174));
#4562=CARTESIAN_POINT('',(-0.0196065171405139,-0.0383919450150717,0.047374457998825));
#4563=CARTESIAN_POINT('',(-0.0194189983342727,-0.0382349000641667,0.0473886349702785));
#4564=CARTESIAN_POINT('',(-0.0191514812805136,-0.0378214694877021,0.047421464414036));
#4565=CARTESIAN_POINT('',(-0.0190838049997051,-0.0375738271759386,0.0474379624124038));
#4566=CARTESIAN_POINT('',(-0.0190861477272586,-0.0371134673061544,0.0474646541773745));
#4567=CARTESIAN_POINT('',(-0.0191567283332527,-0.0368656227470488,0.0474813379187029));
#4568=CARTESIAN_POINT('',(-0.0194286494875397,-0.0364552561085489,0.0475141372300019));
#4569=CARTESIAN_POINT('',(-0.0196169498597574,-0.0363007376097774,0.0475281194234958));
#4570=CARTESIAN_POINT('',(-0.0200495295201949,-0.036111609754806,0.0475569956989462));
#4571=CARTESIAN_POINT('',(-0.0203080259508397,-0.0360781579741145,0.0475742512817138));
#4572=CARTESIAN_POINT('',(-0.0207897303230644,-0.03616259849246,0.0476064068114582));
#4573=CARTESIAN_POINT('',(-0.0210014122995801,-0.0362683080462604,0.0476190392556323));
#4574=CARTESIAN_POINT('',(-0.0213557490683165,-0.0365943204748226,0.0476497127911976));
#4575=CARTESIAN_POINT('',(-0.0214889494771788,-0.0368196571008768,0.0476671853912044));
#4576=CARTESIAN_POINT('',(-0.0216033575882096,-0.0372887613872949,0.0476981230613303));
#4577=CARTESIAN_POINT('',(-0.0215933022984215,-0.0375245965891365,0.0477106468185018));
#4578=CARTESIAN_POINT('',(-0.0214347460108647,-0.0379863148202678,0.0477426310242511));
#4579=CARTESIAN_POINT('',(-0.0212806038878113,-0.0381969088483375,0.0477599503173173));
#4580=CARTESIAN_POINT('',(-0.0209043864001002,-0.03848511060996,0.0477891683134563));
#4581=CARTESIAN_POINT('',(-0.0206795286641892,-0.0385743688544413,0.0478028305527085));
#4582=CARTESIAN_POINT('',(-0.0199440371038639,-0.0386340898273424,0.0478519273060461));
#4583=CARTESIAN_POINT('',(-0.01946607131612,-0.0383741942981776,0.0478790111728475));
#4584=CARTESIAN_POINT('',(-0.0190003667660662,-0.0375059470405265,0.0479447486053432));
#4585=CARTESIAN_POINT('',(-0.0190492348094371,-0.0369629033820834,0.047972126296619));
#4586=CARTESIAN_POINT('',(-0.0195041223594203,-0.0363851569283854,0.0480207087344041));
#4587=CARTESIAN_POINT('',(-0.019698831513151,-0.0362485226439865,0.048033585323523));
#4588=CARTESIAN_POINT('',(-0.0201517243274033,-0.0360918818946,0.0480638175763307));
#4589=CARTESIAN_POINT('',(-0.0204131379505792,-0.0360808188327878,0.0480812678923758));
#4590=CARTESIAN_POINT('',(-0.0208823195927072,-0.0362029160002945,0.0481125874840567));
#4591=CARTESIAN_POINT('',(-0.0210845603683788,-0.0363236988633097,0.0481250166379344));
#4592=CARTESIAN_POINT('',(-0.0214150109283285,-0.036680964682932,0.0481566996975211));
#4593=CARTESIAN_POINT('',(-0.0215280691546072,-0.0369166236235157,0.0481740967520986));
#4594=CARTESIAN_POINT('',(-0.0216036981428626,-0.0373871711604834,0.0482038235328828));
#4595=CARTESIAN_POINT('',(-0.0215755105632891,-0.0376252203081329,0.0482170577441515));
#4596=CARTESIAN_POINT('',(-0.0213786654078735,-0.0380752807596477,0.0482496459704327));
#4597=CARTESIAN_POINT('',(-0.0212081474672726,-0.0382705319626205,0.0482666248620543));
#4598=CARTESIAN_POINT('',(-0.0208173375062531,-0.0385240615345799,0.0482943254967487));
#4599=CARTESIAN_POINT('',(-0.0205785357893525,-0.0385986013841833,0.0483095721967085));
#4600=CARTESIAN_POINT('',(-0.0200857864316716,-0.0385981395312942,0.0483424650196535));
#4601=CARTESIAN_POINT('',(-0.0198473275182576,-0.0385232557932387,0.0483576687500051));
#4602=CARTESIAN_POINT('',(-0.0194568015702254,-0.0382689257526852,0.0483854061806279));
#4603=CARTESIAN_POINT('',(-0.0192866332110223,-0.038073302440424,0.0484023949161046));
#4604=CARTESIAN_POINT('',(-0.0190906499995905,-0.0376229222095893,0.0484349728599874));
#4605=CARTESIAN_POINT('',(-0.0190628862098837,-0.0373849457690853,0.0484481835126069));
#4606=CARTESIAN_POINT('',(-0.0191393938483633,-0.0369143794301446,0.0484779407068991));
#4607=CARTESIAN_POINT('',(-0.0192529263015678,-0.0366789263087695,0.0484953416911844));
#4608=CARTESIAN_POINT('',(-0.0195839688194247,-0.0363223470090691,0.0485270048204821));
#4609=CARTESIAN_POINT('',(-0.0197864044499071,-0.0362019195476121,0.048539431137543));
#4610=CARTESIAN_POINT('',(-0.0202559209400509,-0.0360806595209149,0.0485707730815544));
#4611=CARTESIAN_POINT('',(-0.02051730062045,-0.0360922392044933,0.0485882211317949));
#4612=CARTESIAN_POINT('',(-0.020969768142577,-0.0362496568765241,0.0486184249947968));
#4613=CARTESIAN_POINT('',(-0.0211643180085451,-0.0363866794993159,0.0486313196286819));
#4614=CARTESIAN_POINT('',(-0.0216181876019648,-0.0369653503545438,0.0486799215302939));
#4615=CARTESIAN_POINT('',(-0.0216660076777216,-0.0375084326271362,0.0487072856988826));
#4616=CARTESIAN_POINT('',(-0.0211986634208214,-0.0383758302170331,0.0487730287399916));
#4617=CARTESIAN_POINT('',(-0.0207201839015376,-0.0386348129970206,0.0488001166668291));
#4618=CARTESIAN_POINT('',(-0.0199848618186462,-0.038573720382527,0.0488492021069278));
#4619=CARTESIAN_POINT('',(-0.019760297390222,-0.0384841307969057,0.0488628353701035));
#4620=CARTESIAN_POINT('',(-0.019384465472726,-0.0381951474659415,0.04889208567994));
#4621=CARTESIAN_POINT('',(-0.0192307223978157,-0.0379842266486,0.0489094105458514));
#4622=CARTESIAN_POINT('',(-0.0191518873372445,-0.0377532623901183,0.0489253939383636));
#4623=CARTESIAN_POINT('',(-0.0196334332180876,-0.036208335194514,0.0429799602784378));
#4624=CARTESIAN_POINT('',(-0.0198451063872719,-0.0360785688880049,0.0429935398860993));
#4625=CARTESIAN_POINT('',(-0.0201067113733329,-0.0360039989816298,0.0430094411849128));
#4626=CARTESIAN_POINT('',(-0.0206349718655781,-0.0360188019674508,0.0430423146718825));
#4627=CARTESIAN_POINT('',(-0.0208855875286164,-0.0361044076889744,0.0430569322955482));
#4628=CARTESIAN_POINT('',(-0.0212998260064457,-0.0363895964122478,0.0430851907929394));
#4629=CARTESIAN_POINT('',(-0.0214768055035293,-0.036605093142403,0.0431023111386087));
#4630=CARTESIAN_POINT('',(-0.0216735945447016,-0.0370928738086078,0.0431347219152673));
#4631=CARTESIAN_POINT('',(-0.0216968706292257,-0.0373471448035937,0.043147630141744));
#4632=CARTESIAN_POINT('',(-0.0216011321892512,-0.0378519248726854,0.04317781288478));
#4633=CARTESIAN_POINT('',(-0.0214720683819352,-0.0381011340584196,0.0431952591894484));
#4634=CARTESIAN_POINT('',(-0.0211080398023559,-0.0384728318310177,0.0432266176019503));
#4635=CARTESIAN_POINT('',(-0.0208877550452224,-0.0385965758076631,0.043239042042944));
#4636=CARTESIAN_POINT('',(-0.0203791832962572,-0.0387135375404375,0.0432706903055118));
#4637=CARTESIAN_POINT('',(-0.0200995124494897,-0.038693130708657,0.0432880941357659));
#4638=CARTESIAN_POINT('',(-0.0196209683284177,-0.0385124157787358,0.0433178737883415));
#4639=CARTESIAN_POINT('',(-0.0194146643970894,-0.038359305212394,0.0433310672018863));
#4640=CARTESIAN_POINT('',(-0.0189439014525931,-0.0377245673045725,0.0433799225262583));
#4641=CARTESIAN_POINT('',(-0.0189088406385004,-0.0371415066343345,0.0434071237572382));
#4642=CARTESIAN_POINT('',(-0.0194352802223182,-0.0362247678948349,0.0434729091794469));
#4643=CARTESIAN_POINT('',(-0.0199564190566032,-0.0359611524192173,0.0435000885405486));
#4644=CARTESIAN_POINT('',(-0.0207421148455433,-0.0360478564523336,0.0435489821463718));
#4645=CARTESIAN_POINT('',(-0.0209785962564316,-0.0361490852456616,0.0435622340326305));
#4646=CARTESIAN_POINT('',(-0.0213754983657132,-0.0364711081731907,0.0435919381986879));
#4647=CARTESIAN_POINT('',(-0.0215341124921577,-0.0367022873603194,0.0436093322753923));
#4648=CARTESIAN_POINT('',(-0.0216894775030763,-0.0372007532863779,0.0436410300050493));
#4649=CARTESIAN_POINT('',(-0.0216935333222908,-0.0374534213033211,0.0436534614870397));
#4650=CARTESIAN_POINT('',(-0.021556023889747,-0.0379548705352555,0.043684764420929));
#4651=CARTESIAN_POINT('',(-0.0214058803204489,-0.0381920136657338,0.0437022163493329));
#4652=CARTESIAN_POINT('',(-0.0210178224064074,-0.0385293304936366,0.0437324695560409));
#4653=CARTESIAN_POINT('',(-0.0207866625876643,-0.0386371925592952,0.0437453329952963));
#4654=CARTESIAN_POINT('',(-0.0202663551564403,-0.0387130437394744,0.0437777115657395));
#4655=CARTESIAN_POINT('',(-0.0199909087826334,-0.0386688480263692,0.0437948525083485));
#4656=CARTESIAN_POINT('',(-0.0195354028829456,-0.0384545015276132,0.0438231984995362));
#4657=CARTESIAN_POINT('',(-0.0193356125245726,-0.0382814627580219,0.0438377220125884));
#4658=CARTESIAN_POINT('',(-0.0190565915500157,-0.0378327020696302,0.0438705885392543));
#4659=CARTESIAN_POINT('',(-0.0189890761498332,-0.037568498698307,0.0438866086059843));
#4660=CARTESIAN_POINT('',(-0.0189999839754375,-0.0370726040736966,0.0439136729988253));
#4661=CARTESIAN_POINT('',(-0.0190808601202754,-0.0368076000580609,0.0439304711745896));
#4662=CARTESIAN_POINT('',(-0.0193802477073283,-0.036373008003211,0.0439632078222697));
#4663=CARTESIAN_POINT('',(-0.0195836581803869,-0.0362116580899626,0.0439768917465672));
#4664=CARTESIAN_POINT('',(-0.0200527908102404,-0.0360161600413619,0.0440060857249565));
#4665=CARTESIAN_POINT('',(-0.0203310357840982,-0.0359855120734716,0.0440234008235807));
#4666=CARTESIAN_POINT('',(-0.0208452117769965,-0.0360851637058422,0.0440553978365142));
#4667=CARTESIAN_POINT('',(-0.0210698730132106,-0.0362020429282927,0.0440679281163307));
#4668=CARTESIAN_POINT('',(-0.0214447140921132,-0.036559350044423,0.0440988474097246));
#4669=CARTESIAN_POINT('',(-0.0215829658201471,-0.0368037493729315,0.0441163203799283));
#4670=CARTESIAN_POINT('',(-0.0216964855001844,-0.037307729601884,0.0441470132781187));
#4671=CARTESIAN_POINT('',(-0.021681478378007,-0.0375610455881291,0.0441596367157707));
#4672=CARTESIAN_POINT('',(-0.0215022616890667,-0.0380540188659639,0.0441917805741937));
#4673=CARTESIAN_POINT('',(-0.0213328495353788,-0.0382764850641987,0.044209041065153));
#4674=CARTESIAN_POINT('',(-0.0209254262835521,-0.0385775320299602,0.0442379421480622));
#4675=CARTESIAN_POINT('',(-0.0206811291006782,-0.0386698488013595,0.0442519003115355));
#4676=CARTESIAN_POINT('',(-0.0198906289292808,-0.0387197096298858,0.0443010928925925));
#4677=CARTESIAN_POINT('',(-0.0193832624754794,-0.0384315143784955,0.0443281527358475));
#4678=CARTESIAN_POINT('',(-0.019021389388463,-0.0377265985198321,0.0443774020338685));
#4679=CARTESIAN_POINT('',(-0.0189757182137809,-0.0374680832955031,0.0443916046122532));
#4680=CARTESIAN_POINT('',(-0.0190259866208758,-0.0369654134206649,0.0444202588386223));
#4681=CARTESIAN_POINT('',(-0.0191301193072087,-0.0367061989499696,0.0444374686250674));
#4682=CARTESIAN_POINT('',(-0.0194623312960965,-0.0362994963960271,0.0444697235642025));
#4683=CARTESIAN_POINT('',(-0.0196728799482191,-0.0361568932095725,0.044482443989571));
#4684=CARTESIAN_POINT('',(-0.0201629834451395,-0.0359969732755609,0.0445129429785287));
#4685=CARTESIAN_POINT('',(-0.0204436668905714,-0.0359904491980112,0.0445304098224844));
#4686=CARTESIAN_POINT('',(-0.0209433782998838,-0.0361300020946253,0.0445615067088573));
#4687=CARTESIAN_POINT('',(-0.0211583584921372,-0.0362632718481007,0.0445739811074431));
#4688=CARTESIAN_POINT('',(-0.0215066029910285,-0.0366535221345679,0.0446058482419383));
#4689=CARTESIAN_POINT('',(-0.0216229516522978,-0.0369083594994999,0.0446232022334123));
#4690=CARTESIAN_POINT('',(-0.0216950303552036,-0.0374127905579083,0.0446526299983342));
#4691=CARTESIAN_POINT('',(-0.0216603843083478,-0.0376689504373251,0.0446661083158035));
#4692=CARTESIAN_POINT('',(-0.021440368201448,-0.0381482909299848,0.0446987869370256));
#4693=CARTESIAN_POINT('',(-0.021253909651678,-0.0383538425042689,0.0447156662527106));
#4694=CARTESIAN_POINT('',(-0.0208318812435719,-0.0386175221136417,0.0447430079528089));
#4695=CARTESIAN_POINT('',(-0.0205721175710288,-0.0386939014744971,0.0447586840652935));
#4696=CARTESIAN_POINT('',(-0.0200436889525666,-0.0386838656105259,0.0447915680147056));
#4697=CARTESIAN_POINT('',(-0.0197913748817396,-0.0386000094270378,0.0448063737632621));
#4698=CARTESIAN_POINT('',(-0.0193755194698404,-0.0383189359646883,0.0448344607896365));
#4699=CARTESIAN_POINT('',(-0.0191966573471906,-0.0381052990863875,0.0448515394808562));
#4700=CARTESIAN_POINT('',(-0.0189953708032859,-0.0376190095392558,0.0448840098364924));
#4701=CARTESIAN_POINT('',(-0.0189699379860072,-0.0373644286333596,0.0448970109695037));
#4702=CARTESIAN_POINT('',(-0.0190611097332686,-0.0368595901897453,0.0449270547665511));
#4703=CARTESIAN_POINT('',(-0.0191877628096162,-0.036609225239138,0.0449444883487487));
#4704=CARTESIAN_POINT('',(-0.0195488709720896,-0.0362338923268338,0.0449759517996649));
#4705=CARTESIAN_POINT('',(-0.0197680876955901,-0.0361083492613421,0.0449883687382292));
#4706=CARTESIAN_POINT('',(-0.0202750744619893,-0.0359869875517681,0.0450199183678223));
#4707=CARTESIAN_POINT('',(-0.0205550204678112,-0.0360047373140609,0.0450373393211393));
#4708=CARTESIAN_POINT('',(-0.021035883382902,-0.0361815402184363,0.0450672632715491));
#4709=CARTESIAN_POINT('',(-0.0212429678957276,-0.0363325854034024,0.0450803491962321));
#4710=CARTESIAN_POINT('',(-0.0217191655516992,-0.0369627255733932,0.0451291258372574));
#4711=CARTESIAN_POINT('',(-0.0217596376491397,-0.0375456413541022,0.0451563746295692));
#4712=CARTESIAN_POINT('',(-0.0212415101739034,-0.0384670660553701,0.0452221539599667));
#4713=CARTESIAN_POINT('',(-0.0207229784819461,-0.0387354238452164,0.0452492960374889));
#4714=CARTESIAN_POINT('',(-0.01993616054726,-0.0386557577557161,0.0452982594740948));
#4715=CARTESIAN_POINT('',(-0.0196982380199925,-0.0385562367467061,0.0453116307211694));
#4716=CARTESIAN_POINT('',(-0.0192991943343694,-0.0382382068313368,0.0453411863286637));
#4717=CARTESIAN_POINT('',(-0.0191384532752031,-0.0380086400124838,0.0453585596900048));
#4718=CARTESIAN_POINT('',(-0.0189784925398502,-0.0375110966307799,0.0453903506967015));
#4719=CARTESIAN_POINT('',(-0.0189723421273013,-0.0372583615718571,0.0454028019923469));
#4720=CARTESIAN_POINT('',(-0.0191052416847368,-0.0367562955268379,0.0454339947322801));
#4721=CARTESIAN_POINT('',(-0.0192531453619853,-0.0365176904409284,0.0454514557552122));
#4722=CARTESIAN_POINT('',(-0.0196387833977066,-0.0361764822109313,0.0454818433851404));
#4723=CARTESIAN_POINT('',(-0.0198686383661482,-0.0360669014520778,0.045494625975344));
#4724=CARTESIAN_POINT('',(-0.0203878953953912,-0.0359864369953323,0.0455269391795971));
#4725=CARTESIAN_POINT('',(-0.0206639564374359,-0.0360280537373579,0.0455441183728203));
#4726=CARTESIAN_POINT('',(-0.0211221615470756,-0.0362388736987089,0.0455726323350081));
#4727=CARTESIAN_POINT('',(-0.0213226282449993,-0.0364096099824021,0.0455869788622515));
#4728=CARTESIAN_POINT('',(-0.0216056396327213,-0.0368557598928426,0.0456198288486734));
#4729=CARTESIAN_POINT('',(-0.0216756820642323,-0.0371206769072821,0.0456360845011719));
#4730=CARTESIAN_POINT('',(-0.0216689851219371,-0.0376155626560732,0.0456629635021974));
#4731=CARTESIAN_POINT('',(-0.0215906904265072,-0.0378810145875963,0.0456797054958665));
#4732=CARTESIAN_POINT('',(-0.021295132128121,-0.0383184356913076,0.0457124754603178));
#4733=CARTESIAN_POINT('',(-0.021092437587313,-0.0384819731888443,0.0457263047116859));
#4734=CARTESIAN_POINT('',(-0.0206258370394067,-0.0386811822326034,0.0457553411193991));
#4735=CARTESIAN_POINT('',(-0.0203480516357067,-0.038714452649606,0.0457726276191146));
#4736=CARTESIAN_POINT('',(-0.0198325723274941,-0.0386193259117689,0.0458047057369569));
#4737=CARTESIAN_POINT('',(-0.0196067195235061,-0.0385041931458219,0.045817283064419));
#4738=CARTESIAN_POINT('',(-0.0192292230915798,-0.0381506694868211,0.0458480810787749));
#4739=CARTESIAN_POINT('',(-0.0190886456372704,-0.0379075940324281,0.0458655550667155));
#4740=CARTESIAN_POINT('',(-0.0189705250683355,-0.0374039694477441,0.0458963719542959));
#4741=CARTESIAN_POINT('',(-0.0189834187487944,-0.0371508349808578,0.0459089415157527));
#4742=CARTESIAN_POINT('',(-0.0191580735233378,-0.0366566748770589,0.0459410073919249));
#4743=CARTESIAN_POINT('',(-0.0193254668296275,-0.0364324760209094,0.0459582984440141));
#4744=CARTESIAN_POINT('',(-0.019730991213422,-0.0361273686629984,0.0459873592685934));
#4745=CARTESIAN_POINT('',(-0.0199737278004505,-0.036033334819106,0.0460011656583222));
#4746=CARTESIAN_POINT('',(-0.0207635058423117,-0.0359763661880649,0.0460503133014816));
#4747=CARTESIAN_POINT('',(-0.0212735544528686,-0.0362598637488205,0.0460773817409722));
#4748=CARTESIAN_POINT('',(-0.0217646109960264,-0.0371955494831457,0.0461430873261292));
#4749=CARTESIAN_POINT('',(-0.0217067769320741,-0.0377778591164466,0.0461705341767101));
#4750=CARTESIAN_POINT('',(-0.0212136041921925,-0.0383927921203066,0.0462190194427522));
#4751=CARTESIAN_POINT('',(-0.0210039068004685,-0.0385373667353412,0.0462318139551566));
#4752=CARTESIAN_POINT('',(-0.0205159220416768,-0.0387013593080332,0.0462621810956962));
#4753=CARTESIAN_POINT('',(-0.0202353521186024,-0.0387105562947477,0.0462796408751907));
#4754=CARTESIAN_POINT('',(-0.0197338243651553,-0.0385752774710779,0.046310850792097));
#4755=CARTESIAN_POINT('',(-0.0195178738196491,-0.0384438688757469,0.0463232985100451));
#4756=CARTESIAN_POINT('',(-0.0191664890531482,-0.0380571062558306,0.0463550753944363));
#4757=CARTESIAN_POINT('',(-0.019047669473499,-0.037803274052511,0.0463724520974883));
#4758=CARTESIAN_POINT('',(-0.0189710732329253,-0.0372986514656087,0.0464020307468438));
#4759=CARTESIAN_POINT('',(-0.0190035073493871,-0.0370429062515565,0.0464153831177294));
#4760=CARTESIAN_POINT('',(-0.019219103174392,-0.0365618160409724,0.0464480184992252));
#4761=CARTESIAN_POINT('',(-0.0194038048193479,-0.0363543062873167,0.0464649486802565));
#4762=CARTESIAN_POINT('',(-0.0198244581803258,-0.0360864836699937,0.0464924708730027));
#4763=CARTESIAN_POINT('',(-0.0200824074687768,-0.036008308341799,0.0465079287604528));
#4764=CARTESIAN_POINT('',(-0.0206109396744523,-0.036013574631641,0.0465408191560652));
#4765=CARTESIAN_POINT('',(-0.0208649800466446,-0.0360956717706205,0.0465558202965172));
#4766=CARTESIAN_POINT('',(-0.0212823947243081,-0.0363726217546468,0.0465837336146784));
#4767=CARTESIAN_POINT('',(-0.0214631102330793,-0.0365843744268556,0.0466007684291571));
#4768=CARTESIAN_POINT('',(-0.0216688777343755,-0.0370691109853045,0.0466332945146576));
#4769=CARTESIAN_POINT('',(-0.0216964789356848,-0.037324027286447,0.0466463964685993));
#4770=CARTESIAN_POINT('',(-0.0216098638117384,-0.0378288640949009,0.0466762983988943));
#4771=CARTESIAN_POINT('',(-0.0214856368945301,-0.0380803494317973,0.0466937168719357));
#4772=CARTESIAN_POINT('',(-0.0211275022155565,-0.0384592840485458,0.0467252819082041));
#4773=CARTESIAN_POINT('',(-0.0209093294855129,-0.0385866395990089,0.0467376994722007));
#4774=CARTESIAN_POINT('',(-0.0204039837257152,-0.0387123728336645,0.0467691469824608));
#4775=CARTESIAN_POINT('',(-0.0201238008185027,-0.0386972850941949,0.046786582678078));
#4776=CARTESIAN_POINT('',(-0.0196406653449783,-0.0385244335289335,0.0468166480490959));
#4777=CARTESIAN_POINT('',(-0.019432784650273,-0.0383754303622619,0.0468296343684874));
#4778=CARTESIAN_POINT('',(-0.0189512192690524,-0.0377499569181987,0.0468783265239593));
#4779=CARTESIAN_POINT('',(-0.0189053353015807,-0.0371672069326526,0.0469056296360777));
#4780=CARTESIAN_POINT('',(-0.0194150886318107,-0.0362412095857019,0.046971394837524));
#4781=CARTESIAN_POINT('',(-0.0199309953775048,-0.0359681202193696,0.0469985064328653));
#4782=CARTESIAN_POINT('',(-0.0207188410108317,-0.0360407290417618,0.0470475338228395));
#4783=CARTESIAN_POINT('',(-0.020958232977718,-0.0361385416343765,0.0470610322108677));
#4784=CARTESIAN_POINT('',(-0.0213593607014645,-0.0364525608266362,0.0470904365150191));
#4785=CARTESIAN_POINT('',(-0.0215222038577917,-0.0366804858531421,0.0471077868025057));
#4786=CARTESIAN_POINT('',(-0.0216867541048801,-0.0371770438448358,0.0471396675060259));
#4787=CARTESIAN_POINT('',(-0.0216950020154722,-0.0374298733427585,0.0471521467305812));
#4788=CARTESIAN_POINT('',(-0.0215667119558834,-0.0379324938370697,0.0471832259273567));
#4789=CARTESIAN_POINT('',(-0.0214210695790292,-0.0381725287133472,0.0472006936452441));
#4790=CARTESIAN_POINT('',(-0.0210379078494416,-0.0385176043878044,0.0472312126515132));
#4791=CARTESIAN_POINT('',(-0.0208093303623023,-0.0386289089177844,0.0472439223866947));
#4792=CARTESIAN_POINT('',(-0.0202911845788088,-0.0387139673307053,0.0472761664384686));
#4793=CARTESIAN_POINT('',(-0.0200145453208409,-0.0386749410068474,0.0472933816138899));
#4794=CARTESIAN_POINT('',(-0.0195536792688383,-0.0384676922517577,0.0473220611656975));
#4795=CARTESIAN_POINT('',(-0.0193525282351821,-0.038299230459374,0.047336238137151));
#4796=CARTESIAN_POINT('',(-0.0190655632477071,-0.037855744339406,0.0473690675809085));
#4797=CARTESIAN_POINT('',(-0.0189929670419638,-0.0375900989463557,0.0473855655792763));
#4798=CARTESIAN_POINT('',(-0.0189954800809405,-0.0370962718709965,0.047412257344247));
#4799=CARTESIAN_POINT('',(-0.0190711917502732,-0.0368304095276429,0.0474289410855754));
#4800=CARTESIAN_POINT('',(-0.0193628810072295,-0.0363902100875605,0.0474617403968744));
#4801=CARTESIAN_POINT('',(-0.0195648704250842,-0.0362244584151287,0.0474757225903683));
#4802=CARTESIAN_POINT('',(-0.0200288977276245,-0.0360215813582443,0.0475045988658187));
#4803=CARTESIAN_POINT('',(-0.0203061863114359,-0.0359856977026333,0.0475218544485863));
#4804=CARTESIAN_POINT('',(-0.0208229095901939,-0.0360762768711345,0.0475540099783307));
#4805=CARTESIAN_POINT('',(-0.0210499804063751,-0.0361896712897559,0.0475666424225048));
#4806=CARTESIAN_POINT('',(-0.0214300767216325,-0.0365393841441867,0.0475973159580701));
#4807=CARTESIAN_POINT('',(-0.0215729605233331,-0.0367811022745437,0.0476147885580769));
#4808=CARTESIAN_POINT('',(-0.0216956858662136,-0.0372843094674491,0.0476457262282028));
#4809=CARTESIAN_POINT('',(-0.0216848995777601,-0.0375372893982297,0.0476582499853743));
#4810=CARTESIAN_POINT('',(-0.0215148165776916,-0.0380325735849823,0.0476902341911236));
#4811=CARTESIAN_POINT('',(-0.0213494686427103,-0.0382584773611271,0.0477075534841898));
#4812=CARTESIAN_POINT('',(-0.0209459009256926,-0.0385676307917294,0.0477367714803288));
#4813=CARTESIAN_POINT('',(-0.0207046964997967,-0.0386633779250418,0.047750433719581));
#4814=CARTESIAN_POINT('',(-0.0199157362319152,-0.0387274404885298,0.0477995304729186));
#4815=CARTESIAN_POINT('',(-0.0194030233249582,-0.0384486510946442,0.04782661433972));
#4816=CARTESIAN_POINT('',(-0.0189034630221839,-0.0375172840662029,0.0478923517722157));
#4817=CARTESIAN_POINT('',(-0.018955883670725,-0.0369347622626255,0.0479197294634915));
#4818=CARTESIAN_POINT('',(-0.0194438406000092,-0.0363150148427155,0.0479683119012766));
#4819=CARTESIAN_POINT('',(-0.0196527047044706,-0.036168447529865,0.0479811884903955));
#4820=CARTESIAN_POINT('',(-0.0201385218848827,-0.03600041932361,0.0480114207432032));
#4821=CARTESIAN_POINT('',(-0.0204189397350583,-0.035988552000201,0.0480288710592483));
#4822=CARTESIAN_POINT('',(-0.0209222299072728,-0.0361195253779799,0.0480601906509292));
#4823=CARTESIAN_POINT('',(-0.0211391731669342,-0.0362490889040628,0.0480726198048069));
#4824=CARTESIAN_POINT('',(-0.0214936467956787,-0.0366323272061168,0.0481043028643936));
#4825=CARTESIAN_POINT('',(-0.0216149241199917,-0.0368851180618125,0.0481216999189711));
#4826=CARTESIAN_POINT('',(-0.021696051178482,-0.0373898734265822,0.0481514266997553));
#4827=CARTESIAN_POINT('',(-0.0216658144204675,-0.0376452282524288,0.048164660911024));
#4828=CARTESIAN_POINT('',(-0.0214546590314387,-0.03812800716322,0.0481972491373052));
#4829=CARTESIAN_POINT('',(-0.0212717447910148,-0.0383374527227767,0.0482142280289268));
#4830=CARTESIAN_POINT('',(-0.0208525237582129,-0.0386094133676012,0.0482419286636212));
#4831=CARTESIAN_POINT('',(-0.020596361652895,-0.0386893721093234,0.048257175363581));
#4832=CARTESIAN_POINT('',(-0.0200677904411975,-0.0386888766806894,0.048290068186526));
#4833=CARTESIAN_POINT('',(-0.0198119960604671,-0.0386085490505394,0.0483052719168776));
#4834=CARTESIAN_POINT('',(-0.0193930796878063,-0.0383357297447181,0.0483330093475004));
#4835=CARTESIAN_POINT('',(-0.0192105404426212,-0.0381258850243012,0.0483499980829771));
#4836=CARTESIAN_POINT('',(-0.0190003096591121,-0.0376427630868982,0.0483825760268599));
#4837=CARTESIAN_POINT('',(-0.0189705274996066,-0.0373874862538554,0.0483957866794794));
#4838=CARTESIAN_POINT('',(-0.019052597084366,-0.0368827107202484,0.0484255438737715));
#4839=CARTESIAN_POINT('',(-0.0191743831109164,-0.0366301406463899,0.0484429448580569));
#4840=CARTESIAN_POINT('',(-0.0195294917316775,-0.036247638772829,0.0484746079873546));
#4841=CARTESIAN_POINT('',(-0.0197466440116895,-0.0361184564852588,0.0484870343044155));
#4842=CARTESIAN_POINT('',(-0.0202502933746744,-0.0359883811066861,0.0485183762484269));
#4843=CARTESIAN_POINT('',(-0.0205306748145039,-0.0360008026091898,0.0485358242986674));
#4844=CARTESIAN_POINT('',(-0.0210160357849373,-0.0361696642187503,0.0485660281616693));
#4845=CARTESIAN_POINT('',(-0.0212247290217469,-0.0363166481013877,0.0485789227955544));
#4846=CARTESIAN_POINT('',(-0.0217115939911414,-0.0369373871248972,0.0486275246971664));
#4847=CARTESIAN_POINT('',(-0.0217628904870013,-0.0375199503497922,0.048654888865755));
#4848=CARTESIAN_POINT('',(-0.0212615712741013,-0.0384504059413998,0.0487206319068641));
#4849=CARTESIAN_POINT('',(-0.0207483072883895,-0.0387282162311403,0.0487477198337016));
#4850=CARTESIAN_POINT('',(-0.019959528818599,-0.0386626823105673,0.0487968052738003));
#4851=CARTESIAN_POINT('',(-0.0197186390230344,-0.0385665797483028,0.048810438536976));
#4852=CARTESIAN_POINT('',(-0.019315484906385,-0.0382565879298923,0.0488396888468125));
#4853=CARTESIAN_POINT('',(-0.0191505650295172,-0.038030333607575,0.0488570137127238));
#4854=CARTESIAN_POINT('',(-0.0190659988239183,-0.0377825787276112,0.0488729971052361));
#4855=CARTESIAN_POINT('',(-0.0195860003595192,-0.0361309633114207,0.0429275634453103));
#4856=CARTESIAN_POINT('',(-0.0198120188528488,-0.0359924025991908,0.0429411430529718));
#4857=CARTESIAN_POINT('',(-0.0200913530973584,-0.035912779008012,0.0429570443517853));
#4858=CARTESIAN_POINT('',(-0.0206554143858201,-0.0359285852085094,0.042989917838755));
#4859=CARTESIAN_POINT('',(-0.0209230145487649,-0.0360199925242014,0.0430045354624207));
#4860=CARTESIAN_POINT('',(-0.0213653264251305,-0.0363245088018067,0.0430327939598119));
#4861=CARTESIAN_POINT('',(-0.021554300017935,-0.0365546099830515,0.0430499143054812));
#4862=CARTESIAN_POINT('',(-0.0217644256694806,-0.0370754480830139,0.0430823250821398));
#4863=CARTESIAN_POINT('',(-0.0217892791999258,-0.0373469513037841,0.0430952333086165));
#4864=CARTESIAN_POINT('',(-0.0216870524602773,-0.0378859408749169,0.0431254160516525));
#4865=CARTESIAN_POINT('',(-0.0215492418563856,-0.0381520392420393,0.043142862356321));
#4866=CARTESIAN_POINT('',(-0.0211605426584545,-0.038548927382659,0.0431742207688228));
#4867=CARTESIAN_POINT('',(-0.0209253289603619,-0.0386810576250879,0.0431866452098165));
#4868=CARTESIAN_POINT('',(-0.0203822907430285,-0.038805945983498,0.0432182934723843));
#4869=CARTESIAN_POINT('',(-0.0200836662945062,-0.0387841561582196,0.0432356973026384));
#4870=CARTESIAN_POINT('',(-0.0195726907105278,-0.038591193978174,0.043265476955214));
#4871=CARTESIAN_POINT('',(-0.0193524053342258,-0.0384277069398743,0.0432786703687588));
#4872=CARTESIAN_POINT('',(-0.0188497382657421,-0.037749952143941,0.0433275256931308));
#4873=CARTESIAN_POINT('',(-0.0188123013416073,-0.0371273768089808,0.0433547269241107));
#4874=CARTESIAN_POINT('',(-0.019374418316669,-0.0361485096739673,0.0434205123463195));
#4875=CARTESIAN_POINT('',(-0.0199308753045556,-0.0358670286868063,0.0434476917074211));
#4876=CARTESIAN_POINT('',(-0.0207698185637134,-0.035959608747879,0.0434965853132443));
#4877=CARTESIAN_POINT('',(-0.0210223265806502,-0.0360676979281835,0.043509837199503));
#4878=CARTESIAN_POINT('',(-0.0214461271836502,-0.0364115447046939,0.0435395413655604));
#4879=CARTESIAN_POINT('',(-0.0216154907643908,-0.0366583911603187,0.0435569354422648));
#4880=CARTESIAN_POINT('',(-0.0217813850334628,-0.0371906386719806,0.0435886331719218));
#4881=CARTESIAN_POINT('',(-0.021785715720019,-0.0374604302791181,0.0436010646539122));
#4882=CARTESIAN_POINT('',(-0.0216388871215625,-0.0379958632785856,0.0436323675878015));
#4883=CARTESIAN_POINT('',(-0.0214785681569688,-0.0382490778605789,0.0436498195162054));
#4884=CARTESIAN_POINT('',(-0.0210642111300753,-0.03860925502196,0.0436800727229134));
#4885=CARTESIAN_POINT('',(-0.0208173853554529,-0.0387244270187773,0.0436929361621687));
#4886=CARTESIAN_POINT('',(-0.0202618161157298,-0.0388054187170991,0.043725314732612));
#4887=CARTESIAN_POINT('',(-0.0199677024373601,-0.0387582278117701,0.043742455675221));
#4888=CARTESIAN_POINT('',(-0.0194813264004397,-0.038529354814375,0.0437708016664087));
#4889=CARTESIAN_POINT('',(-0.0192679960291165,-0.0383445890165114,0.0437853251794609));
#4890=CARTESIAN_POINT('',(-0.0189700654953612,-0.0378654153212964,0.0438181917061268));
#4891=CARTESIAN_POINT('',(-0.0188979745020407,-0.0375833065960894,0.0438342117728568));
#4892=CARTESIAN_POINT('',(-0.0189096215630172,-0.0370538046458108,0.0438612761656978));
#4893=CARTESIAN_POINT('',(-0.018995978773395,-0.0367708410157432,0.0438780743414621));
#4894=CARTESIAN_POINT('',(-0.0193156561874389,-0.0363067961779928,0.0439108109891422));
#4895=CARTESIAN_POINT('',(-0.019532852012613,-0.036134511403159,0.0439244949134397));
#4896=CARTESIAN_POINT('',(-0.0200337782782322,-0.0359257642361755,0.043953688891829));
#4897=CARTESIAN_POINT('',(-0.0203308802208651,-0.0358930392216974,0.0439710039904532));
#4898=CARTESIAN_POINT('',(-0.0208799024879243,-0.0359994443551069,0.0440030010033867));
#4899=CARTESIAN_POINT('',(-0.0211197892639119,-0.0361242446113774,0.0440155312832032));
#4900=CARTESIAN_POINT('',(-0.0215200337361713,-0.036505766824868,0.0440464505765971));
#4901=CARTESIAN_POINT('',(-0.021667654936302,-0.0367667293654354,0.0440639235468008));
#4902=CARTESIAN_POINT('',(-0.0217888679702646,-0.0373048648903806,0.0440946164449912));
#4903=CARTESIAN_POINT('',(-0.0217728437988648,-0.0375753483804141,0.0441072398826432));
#4904=CARTESIAN_POINT('',(-0.0215814813972438,-0.0381017310010241,0.0441393837410662));
#4905=CARTESIAN_POINT('',(-0.0214005879950435,-0.0383392739788874,0.0441566442320255));
#4906=CARTESIAN_POINT('',(-0.0209655532200636,-0.0386607232295653,0.0441855453149347));
#4907=CARTESIAN_POINT('',(-0.0207046997476531,-0.0387592964103852,0.044199503478408));
#4908=CARTESIAN_POINT('',(-0.0198606265077398,-0.0388125363622559,0.044248696059465));
#4909=CARTESIAN_POINT('',(-0.0193188752697528,-0.0385048098008073,0.04427575590272));
#4910=CARTESIAN_POINT('',(-0.018932477644493,-0.0377521210168991,0.044325005200741));
#4911=CARTESIAN_POINT('',(-0.0188837112839286,-0.037476085930682,0.0443392077791257));
#4912=CARTESIAN_POINT('',(-0.018937386436417,-0.0369393495639947,0.0443678620054948));
#4913=CARTESIAN_POINT('',(-0.0190485763097583,-0.0366625678427139,0.0443850717919399));
#4914=CARTESIAN_POINT('',(-0.0194033026715538,-0.0362283026081088,0.044417326731075));
#4915=CARTESIAN_POINT('',(-0.0196281204380603,-0.0360760350464207,0.0444300471564435));
#4916=CARTESIAN_POINT('',(-0.0201514387895379,-0.0359052771620937,0.0444605461454012));
#4917=CARTESIAN_POINT('',(-0.020451144461653,-0.0358983109406125,0.0444780129893569));
#4918=CARTESIAN_POINT('',(-0.0209847218643427,-0.0360473214909533,0.0445091098757298));
#4919=CARTESIAN_POINT('',(-0.0212142715013425,-0.0361896230826146,0.0445215842743156));
#4920=CARTESIAN_POINT('',(-0.021586116914028,-0.0366063210614313,0.0445534514088108));
#4921=CARTESIAN_POINT('',(-0.0217103506524008,-0.0368784290356634,0.0445708054002848));
#4922=CARTESIAN_POINT('',(-0.0217873142085034,-0.037417045943274,0.0446002331652067));
#4923=CARTESIAN_POINT('',(-0.0217503201608386,-0.0376905660602563,0.044613711482676));
#4924=CARTESIAN_POINT('',(-0.0215153933197023,-0.0382023919868032,0.0446463901038981));
#4925=CARTESIAN_POINT('',(-0.0213162982683557,-0.0384218740179944,0.0446632694195831));
#4926=CARTESIAN_POINT('',(-0.0208656685295463,-0.0387034234853258,0.0446906111196814));
#4927=CARTESIAN_POINT('',(-0.0205883003864026,-0.0387849791597109,0.044706287232166));
#4928=CARTESIAN_POINT('',(-0.0200240595776248,-0.038774263154169,0.0447391711815781));
#4929=CARTESIAN_POINT('',(-0.0197546459039222,-0.0386847239446348,0.0447539769301346));
#4930=CARTESIAN_POINT('',(-0.0193106075120813,-0.0383846018237254,0.044782063956509));
#4931=CARTESIAN_POINT('',(-0.0191196237060994,-0.0381564865385465,0.0447991426477287));
#4932=CARTESIAN_POINT('',(-0.0189046957511007,-0.0376372406124414,0.0448316130033649));
#4933=CARTESIAN_POINT('',(-0.0188775393237433,-0.0373654064777568,0.0448446141363762));
#4934=CARTESIAN_POINT('',(-0.0189748898808766,-0.0368263545759956,0.0448746579334236));
#4935=CARTESIAN_POINT('',(-0.0191101263759032,-0.0365590221165398,0.0448920915156212));
#4936=CARTESIAN_POINT('',(-0.0194957072368399,-0.0361582524787867,0.0449235549665374));
#4937=CARTESIAN_POINT('',(-0.0197297805194822,-0.036024201221276,0.0449359719051017));
#4938=CARTESIAN_POINT('',(-0.020271126338233,-0.0358946146947854,0.0449675215346948));
#4939=CARTESIAN_POINT('',(-0.0205700445936424,-0.0359135673780464,0.0449849424880118));
#4940=CARTESIAN_POINT('',(-0.0210834961188676,-0.0361023524102601,0.0450148664384216));
#4941=CARTESIAN_POINT('',(-0.0213046149775361,-0.0362636340940101,0.0450279523631046));
#4942=CARTESIAN_POINT('',(-0.021813085073886,-0.0369364795583488,0.0450767290041299));
#4943=CARTESIAN_POINT('',(-0.0218563000100097,-0.0375589001844568,0.0451039777964417));
#4944=CARTESIAN_POINT('',(-0.021303058464296,-0.0385427708540363,0.0451697571268392));
#4945=CARTESIAN_POINT('',(-0.0207493853076483,-0.0388293155472918,0.0451968992043614));
#4946=CARTESIAN_POINT('',(-0.0199092438536896,-0.0387442503990366,0.0452458626409673));
#4947=CARTESIAN_POINT('',(-0.019655197054327,-0.0386379847414769,0.0452592338880419));
#4948=CARTESIAN_POINT('',(-0.0192291097379949,-0.0382984015879646,0.0452887894955362));
#4949=CARTESIAN_POINT('',(-0.0190574750799559,-0.038053276772592,0.0453061628568773));
#4950=CARTESIAN_POINT('',(-0.0188866736291357,-0.0375220143271331,0.045337953863574));
#4951=CARTESIAN_POINT('',(-0.0188801063963446,-0.0372521511345072,0.0453504051592194));
#4952=CARTESIAN_POINT('',(-0.0190220127033721,-0.0367160595198517,0.0453815978991526));
#4953=CARTESIAN_POINT('',(-0.0191799399759615,-0.0364612839040951,0.0453990589220847));
#4954=CARTESIAN_POINT('',(-0.019591713126712,-0.0360969516160076,0.0454294465520129));
#4955=CARTESIAN_POINT('',(-0.0198371456198888,-0.035979944448262,0.0454422291422165));
#4956=CARTESIAN_POINT('',(-0.02039159327073,-0.0358940268265327,0.0454745423464696));
#4957=CARTESIAN_POINT('',(-0.020686363274082,-0.0359384639810676,0.0454917215396928));
#4958=CARTESIAN_POINT('',(-0.0211756214493897,-0.0361635714437281,0.0455202355018806));
#4959=CARTESIAN_POINT('',(-0.0213896739965412,-0.0363458787136847,0.045534582029124));
#4960=CARTESIAN_POINT('',(-0.0216918653781629,-0.0368222646956471,0.0455674320155459));
#4961=CARTESIAN_POINT('',(-0.0217666546625124,-0.0371051354283515,0.0455836876680444));
#4962=CARTESIAN_POINT('',(-0.0217595038610513,-0.0376335601301837,0.0456105666690699));
#4963=CARTESIAN_POINT('',(-0.0216759030477551,-0.0379170020318925,0.045627308662739));
#4964=CARTESIAN_POINT('',(-0.0213603144374946,-0.038384067646266,0.0456600786271903));
#4965=CARTESIAN_POINT('',(-0.0211438830640894,-0.0385586882603881,0.0456739078785584));
#4966=CARTESIAN_POINT('',(-0.0206456604824036,-0.038771397920765,0.0457029442862716));
#4967=CARTESIAN_POINT('',(-0.0203490492555051,-0.0388069231106243,0.0457202307859871));
#4968=CARTESIAN_POINT('',(-0.0197986353460152,-0.0387053495288417,0.0457523089038294));
#4969=CARTESIAN_POINT('',(-0.0195574762483913,-0.0385824140883582,0.0457648862312915));
#4970=CARTESIAN_POINT('',(-0.019154396466905,-0.0382049317410598,0.0457956842456474));
#4971=CARTESIAN_POINT('',(-0.0190042919234639,-0.0379453827950169,0.045813158233588));
#4972=CARTESIAN_POINT('',(-0.0188781661932885,-0.0374076270167446,0.0458439751211684));
#4973=CARTESIAN_POINT('',(-0.0188919336926936,-0.0371373373478369,0.0458565446826252));
#4974=CARTESIAN_POINT('',(-0.0190784250139472,-0.0366096874687583,0.0458886105587974));
#4975=CARTESIAN_POINT('',(-0.0192571627492344,-0.0363702944088422,0.0459059016108866));
#4976=CARTESIAN_POINT('',(-0.0196901699678012,-0.0360445095887604,0.0459349624354659));
#4977=CARTESIAN_POINT('',(-0.0199493570810645,-0.0359441029675506,0.0459487688251947));
#4978=CARTESIAN_POINT('',(-0.0207926592519265,-0.0358832735095491,0.0459979164683541));
#4979=CARTESIAN_POINT('',(-0.0213372744193907,-0.0361859840126872,0.0460249849078447));
#4980=CARTESIAN_POINT('',(-0.0218616104061004,-0.0371850822012638,0.0460906904930017));
#4981=CARTESIAN_POINT('',(-0.0217998568638446,-0.0378068556006853,0.0461181373435826));
#4982=CARTESIAN_POINT('',(-0.0212732612634251,-0.0384634632924713,0.0461666226096247));
#4983=CARTESIAN_POINT('',(-0.0210493524481733,-0.0386178358886288,0.0461794171220291));
#4984=CARTESIAN_POINT('',(-0.0205282964240443,-0.0387929424188514,0.0462097842625687));
#4985=CARTESIAN_POINT('',(-0.0202287119678221,-0.0388027626954996,0.0462272440420632));
#4986=CARTESIAN_POINT('',(-0.0196931951253524,-0.0386583158767409,0.0462584539589695));
#4987=CARTESIAN_POINT('',(-0.0194626093731895,-0.0385180015759641,0.0462709016769176));
#4988=CARTESIAN_POINT('',(-0.019087410873495,-0.0381050276267073,0.0463026785613088));
#4989=CARTESIAN_POINT('',(-0.0189605387598782,-0.0378339929349987,0.0463200552643608));
#4990=CARTESIAN_POINT('',(-0.0188787515075972,-0.037295171518797,0.0463496339137163));
#4991=CARTESIAN_POINT('',(-0.0189133837199055,-0.0370220941695083,0.0463629862846019));
#4992=CARTESIAN_POINT('',(-0.0191435907117674,-0.0365083999447235,0.0463956216660977));
#4993=CARTESIAN_POINT('',(-0.0193408097909229,-0.0362868270261849,0.046412551847129));
#4994=CARTESIAN_POINT('',(-0.0197899712941435,-0.0360008537746848,0.0464400740398752));
#4995=CARTESIAN_POINT('',(-0.0200654020903839,-0.035917380418273,0.0464555319273253));
#4996=CARTESIAN_POINT('',(-0.0206297535065949,-0.0359230036103862,0.0464884223229376));
#4997=CARTESIAN_POINT('',(-0.0209010104750103,-0.0360106645630253,0.0465034234633897));
#4998=CARTESIAN_POINT('',(-0.0213467138057762,-0.0363063837529374,0.0465313367815509));
#4999=CARTESIAN_POINT('',(-0.0215396766039012,-0.0365324871372992,0.0465483715960296));
#5000=CARTESIAN_POINT('',(-0.0217593891957162,-0.0370500748269655,0.0465808976815301));
#5001=CARTESIAN_POINT('',(-0.0217888609608816,-0.0373222670870023,0.0465939996354718));
#5002=CARTESIAN_POINT('',(-0.0216963758344513,-0.0378613172427865,0.0466239015657668));
#5003=CARTESIAN_POINT('',(-0.0215637299220448,-0.038129846018346,0.0466413200388082));
#5004=CARTESIAN_POINT('',(-0.0211813240608643,-0.0385344614520261,0.0466728850750766));
#5005=CARTESIAN_POINT('',(-0.020948365524267,-0.0386704480286138,0.0466853026390732));
#5006=CARTESIAN_POINT('',(-0.020408771924945,-0.0388047023432624,0.0467167501493333));
#5007=CARTESIAN_POINT('',(-0.0201096007130765,-0.0387885920910476,0.0467341858449504));
#5008=CARTESIAN_POINT('',(-0.0195937226156261,-0.0386040261845578,0.0467642512159684));
#5009=CARTESIAN_POINT('',(-0.0193717536169538,-0.0384449249089344,0.0467772375353598));
#5010=CARTESIAN_POINT('',(-0.0188575520186942,-0.0377770624396867,0.0468259296908318));
#5011=CARTESIAN_POINT('',(-0.0188085584441381,-0.0371548188448626,0.0468532328029502));
#5012=CARTESIAN_POINT('',(-0.0193528583198021,-0.036166065636359,0.0469189980043965));
#5013=CARTESIAN_POINT('',(-0.019903728634683,-0.0358744687024602,0.0469461095997378));
#5014=CARTESIAN_POINT('',(-0.020744967435553,-0.0359519983048315,0.046995136989712));
#5015=CARTESIAN_POINT('',(-0.0210005832600781,-0.0360564397647323,0.0470086353777402));
#5016=CARTESIAN_POINT('',(-0.0214288958520959,-0.0363917403840061,0.0470380396818916));
#5017=CARTESIAN_POINT('',(-0.0216027750687389,-0.0366351121409535,0.0470553899693782));
#5018=CARTESIAN_POINT('',(-0.0217784770675671,-0.0371653224154344,0.0470872706728984));
#5019=CARTESIAN_POINT('',(-0.0217872839481572,-0.0374352864472954,0.0470997498974537));
#5020=CARTESIAN_POINT('',(-0.0216502995297296,-0.0379719700868829,0.0471308290942292));
#5021=CARTESIAN_POINT('',(-0.0214947868083563,-0.0382282723914777,0.0471482968121166));
#5022=CARTESIAN_POINT('',(-0.0210856577857376,-0.038596734225002,0.0471788158183857));
#5023=CARTESIAN_POINT('',(-0.02084158935018,-0.0387155819857447,0.0471915255535672));
#5024=CARTESIAN_POINT('',(-0.0202883282554384,-0.0388064049011263,0.0472237696053411));
#5025=CARTESIAN_POINT('',(-0.0199929408498323,-0.0387647337202556,0.0472409847807624));
#5026=CARTESIAN_POINT('',(-0.0195008413971628,-0.0385434394884437,0.04726966433257));
#5027=CARTESIAN_POINT('',(-0.0192860581360915,-0.0383635608545814,0.0472838413040235));
#5028=CARTESIAN_POINT('',(-0.0189796452149007,-0.0378900191911099,0.0473166707477809));
#5029=CARTESIAN_POINT('',(-0.0189021290842225,-0.0376063707167729,0.0473331687461489));
#5030=CARTESIAN_POINT('',(-0.0189048124346225,-0.0370790764358387,0.0473598605111195));
#5031=CARTESIAN_POINT('',(-0.0189856551672938,-0.036795196308237,0.0473765442524479));
#5032=CARTESIAN_POINT('',(-0.0192971125269194,-0.0363251640665722,0.0474093435637469));
#5033=CARTESIAN_POINT('',(-0.0195127909904109,-0.03614817922048,0.0474233257572408));
#5034=CARTESIAN_POINT('',(-0.020008265935054,-0.0359315529616826,0.0474522020326912));
#5035=CARTESIAN_POINT('',(-0.0203043466720321,-0.0358932374311522,0.0474694576154588));
#5036=CARTESIAN_POINT('',(-0.0208560888573234,-0.035989955249809,0.0475016131452032));
#5037=CARTESIAN_POINT('',(-0.0210985485131702,-0.0361110345332515,0.0475142455893773));
#5038=CARTESIAN_POINT('',(-0.0215044043749486,-0.0364844478135509,0.0475449191249426));
#5039=CARTESIAN_POINT('',(-0.0216569715694873,-0.0367425474482107,0.0475623917249494));
#5040=CARTESIAN_POINT('',(-0.0217880141442177,-0.0372798575476032,0.0475933293950753));
#5041=CARTESIAN_POINT('',(-0.0217764968570986,-0.0375499822073228,0.0476058531522468));
#5042=CARTESIAN_POINT('',(-0.0215948871445185,-0.0380788323496967,0.0476378373579961));
#5043=CARTESIAN_POINT('',(-0.0214183333976092,-0.0383200458739167,0.0476551566510623));
#5044=CARTESIAN_POINT('',(-0.0209874154512849,-0.0386501509734989,0.0476843746472013));
#5045=CARTESIAN_POINT('',(-0.0207298643354041,-0.0387523869956423,0.0476980368864535));
#5046=CARTESIAN_POINT('',(-0.0198874353599664,-0.0388207911497171,0.0477471336397912));
#5047=CARTESIAN_POINT('',(-0.0193399753337965,-0.0385231078911107,0.0477742175065925));
#5048=CARTESIAN_POINT('',(-0.0188065592783016,-0.0375286210918792,0.0478399549390882));
#5049=CARTESIAN_POINT('',(-0.0188625325320129,-0.0369066211431676,0.047867332630364));
#5050=CARTESIAN_POINT('',(-0.0193835588405979,-0.0362448727570457,0.0479159150681491));
#5051=CARTESIAN_POINT('',(-0.0196065778957903,-0.0360883724157435,0.047928791657268));
#5052=CARTESIAN_POINT('',(-0.0201253194423621,-0.03590895675262,0.0479590239100757));
#5053=CARTESIAN_POINT('',(-0.0204247415195374,-0.0358962851676142,0.0479764742261208));
#5054=CARTESIAN_POINT('',(-0.0209621402218383,-0.0360361347556653,0.0480077938178017));
#5055=CARTESIAN_POINT('',(-0.0211937859654895,-0.036174478944816,0.0480202229716794));
#5056=CARTESIAN_POINT('',(-0.021572282663029,-0.0365836897293016,0.0480519060312661));
#5057=CARTESIAN_POINT('',(-0.0217017790853763,-0.0368536125001093,0.0480693030858436));
#5058=CARTESIAN_POINT('',(-0.0217884042141014,-0.037392575692681,0.0480990298666279));
#5059=CARTESIAN_POINT('',(-0.0217561182776459,-0.0376652361967247,0.0481122640778965));
#5060=CARTESIAN_POINT('',(-0.0215306526550039,-0.0381807335667923,0.0481448523041777));
#5061=CARTESIAN_POINT('',(-0.0213353421147571,-0.038404373482933,0.0481618311957993));
#5062=CARTESIAN_POINT('',(-0.0208877100101726,-0.0386947652006225,0.0481895318304937));
#5063=CARTESIAN_POINT('',(-0.0206141875164375,-0.0387801428344636,0.0482047785304535));
#5064=CARTESIAN_POINT('',(-0.0200497944507235,-0.0387796138300846,0.0482376713533985));
#5065=CARTESIAN_POINT('',(-0.0197766646026767,-0.0386938423078401,0.0482528750837501));
#5066=CARTESIAN_POINT('',(-0.0193293578053872,-0.0384025337367509,0.0482806125143729));
#5067=CARTESIAN_POINT('',(-0.01913444767422,-0.0381784676081783,0.0482976012498496));
#5068=CARTESIAN_POINT('',(-0.0189099693186336,-0.037662603964207,0.0483301791937324));
#5069=CARTESIAN_POINT('',(-0.0188781687893296,-0.0373900267386256,0.0483433898463519));
#5070=CARTESIAN_POINT('',(-0.0189658003203686,-0.0368510420103522,0.0483731470406441));
#5071=CARTESIAN_POINT('',(-0.0190958399202651,-0.0365813549840103,0.0483905480249294));
#5072=CARTESIAN_POINT('',(-0.0194750146439304,-0.036172930536589,0.0484222111542271));
#5073=CARTESIAN_POINT('',(-0.0197068835734718,-0.0360349934229056,0.048434637471288));
#5074=CARTESIAN_POINT('',(-0.0202446658092979,-0.0358961026924573,0.0484659794152994));
#5075=CARTESIAN_POINT('',(-0.0205440490085578,-0.0359093660138863,0.0484834274655399));
#5076=CARTESIAN_POINT('',(-0.0210623034272975,-0.0360896715609765,0.0485136313285419));
#5077=CARTESIAN_POINT('',(-0.0212851400349488,-0.0362466167034595,0.0485265259624269));
#5078=CARTESIAN_POINT('',(-0.021805000380318,-0.0369094238952506,0.0485751278640389));
#5079=CARTESIAN_POINT('',(-0.021859773296281,-0.0375314680724483,0.0486024920326275));
#5080=CARTESIAN_POINT('',(-0.0213244791273812,-0.0385249816657666,0.0486682350737366));
#5081=CARTESIAN_POINT('',(-0.0207764306752414,-0.03882161946526,0.0486953230005741));
#5082=CARTESIAN_POINT('',(-0.0199341958185518,-0.0387516442386076,0.0487444084406728));
#5083=CARTESIAN_POINT('',(-0.0196769806558469,-0.0386490286996999,0.0487580417038485));
#5084=CARTESIAN_POINT('',(-0.019246504340044,-0.0383180283938432,0.048787292013685));
#5085=CARTESIAN_POINT('',(-0.0190704076612187,-0.03807644056655,0.0488046168795964));
#5086=CARTESIAN_POINT('',(-0.0189801103105922,-0.0378118950651041,0.0488206002721086));
#5087=CARTESIAN_POINT('',(-0.0195385675009507,-0.0360535914283275,0.0428751666121828));
#5088=CARTESIAN_POINT('',(-0.0197789313184258,-0.0359062363103767,0.0428887462198443));
#5089=CARTESIAN_POINT('',(-0.0200759948213839,-0.0358215590343943,0.0429046475186578));
#5090=CARTESIAN_POINT('',(-0.0206758569060622,-0.035838368449568,0.0429375210056275));
#5091=CARTESIAN_POINT('',(-0.0209604415689134,-0.0359355773594285,0.0429521386292932));
#5092=CARTESIAN_POINT('',(-0.0214308268438153,-0.0362594211913655,0.0429803971266844));
#5093=CARTESIAN_POINT('',(-0.0216317945323408,-0.0365041268237,0.0429975174723537));
#5094=CARTESIAN_POINT('',(-0.0218552567942596,-0.03705802235742,0.0430299282490123));
#5095=CARTESIAN_POINT('',(-0.021881687770626,-0.0373467578039744,0.043042836475489));
#5096=CARTESIAN_POINT('',(-0.0217729727313034,-0.0379199568771484,0.043073019218525));
#5097=CARTESIAN_POINT('',(-0.021626415330836,-0.038202944425659,0.0430904655231935));
#5098=CARTESIAN_POINT('',(-0.0212130455145531,-0.0386250229343003,0.0431218239356953));
#5099=CARTESIAN_POINT('',(-0.0209629028755015,-0.0387655394425127,0.043134248376689));
#5100=CARTESIAN_POINT('',(-0.0203853981897998,-0.0388983544265586,0.0431658966392568));
#5101=CARTESIAN_POINT('',(-0.0200678201395226,-0.0388751816077822,0.0431833004695109));
#5102=CARTESIAN_POINT('',(-0.019524413092638,-0.0386699721776122,0.0432130801220865));
#5103=CARTESIAN_POINT('',(-0.0192901462713621,-0.0384961086673547,0.0432262735356313));
#5104=CARTESIAN_POINT('',(-0.0187555750788911,-0.0377753369833095,0.0432751288600033));
#5105=CARTESIAN_POINT('',(-0.0187157620447141,-0.0371132469836271,0.0433023300909832));
#5106=CARTESIAN_POINT('',(-0.0193135564110199,-0.0360722514530996,0.043368115513192));
#5107=CARTESIAN_POINT('',(-0.019905331552508,-0.0357729049543952,0.0433952948742936));
#5108=CARTESIAN_POINT('',(-0.0207975222818835,-0.0358713610434245,0.0434441884801168));
#5109=CARTESIAN_POINT('',(-0.0210660569048688,-0.0359863106107054,0.0434574403663755));
#5110=CARTESIAN_POINT('',(-0.0215167560015871,-0.0363519812361971,0.0434871445324328));
#5111=CARTESIAN_POINT('',(-0.021696869036624,-0.036614494960318,0.0435045386091372));
#5112=CARTESIAN_POINT('',(-0.0218732925638494,-0.0371805240575834,0.0435362363387943));
#5113=CARTESIAN_POINT('',(-0.0218778981177471,-0.0374674392549151,0.0435486678207847));
#5114=CARTESIAN_POINT('',(-0.021721750353378,-0.0380368560219157,0.043579970754674));
#5115=CARTESIAN_POINT('',(-0.0215512559934886,-0.038306142055424,0.0435974226830779));
#5116=CARTESIAN_POINT('',(-0.0211105998537431,-0.0386891795502835,0.0436276758897859));
#5117=CARTESIAN_POINT('',(-0.0208481081232415,-0.0388116614782594,0.0436405393290412));
#5118=CARTESIAN_POINT('',(-0.0202572770750193,-0.0388977936947237,0.0436729178994845));
#5119=CARTESIAN_POINT('',(-0.0199444960920868,-0.0388476075971709,0.0436900588420935));
#5120=CARTESIAN_POINT('',(-0.0194272499179338,-0.0386042081011367,0.0437184048332812));
#5121=CARTESIAN_POINT('',(-0.0192003795336603,-0.0384077152750008,0.0437329283463334));
#5122=CARTESIAN_POINT('',(-0.0188835394407067,-0.0378981285729626,0.0437657948729993));
#5123=CARTESIAN_POINT('',(-0.0188068728542482,-0.0375981144938718,0.0437818149397293));
#5124=CARTESIAN_POINT('',(-0.0188192591505969,-0.037035005217925,0.0438088793325703));
#5125=CARTESIAN_POINT('',(-0.0189110974265146,-0.0367340819734255,0.0438256775083346));
#5126=CARTESIAN_POINT('',(-0.0192510646675495,-0.0362405843527746,0.0438584141560147));
#5127=CARTESIAN_POINT('',(-0.019482045844839,-0.0360573647163554,0.0438720980803122));
#5128=CARTESIAN_POINT('',(-0.020014765746224,-0.0358353684309891,0.0439012920587015));
#5129=CARTESIAN_POINT('',(-0.020330724657632,-0.0358005663699232,0.0439186071573257));
#5130=CARTESIAN_POINT('',(-0.0209145931988521,-0.0359137250043715,0.0439506041702592));
#5131=CARTESIAN_POINT('',(-0.0211697055146133,-0.0360464462944622,0.0439631344500757));
#5132=CARTESIAN_POINT('',(-0.0215953533802294,-0.0364521836053129,0.0439940537434696));
#5133=CARTESIAN_POINT('',(-0.021752344052457,-0.0367297093579393,0.0440115267136733));
#5134=CARTESIAN_POINT('',(-0.0218812504403448,-0.0373020001788772,0.0440422196118637));
#5135=CARTESIAN_POINT('',(-0.0218642092197225,-0.0375896511726992,0.0440548430495157));
#5136=CARTESIAN_POINT('',(-0.0216607011054209,-0.0381494431360843,0.0440869869079387));
#5137=CARTESIAN_POINT('',(-0.0214683264547081,-0.0384020628935762,0.044104247398898));
#5138=CARTESIAN_POINT('',(-0.0210056801565751,-0.0387439144291704,0.0441331484818072));
#5139=CARTESIAN_POINT('',(-0.0207282703946281,-0.038848744019411,0.0441471066452805));
#5140=CARTESIAN_POINT('',(-0.0198306240861988,-0.0389053630946261,0.0441962992263375));
#5141=CARTESIAN_POINT('',(-0.0192544880640261,-0.0385781052231191,0.0442233590695925));
#5142=CARTESIAN_POINT('',(-0.0188435659005231,-0.0377776435139661,0.0442726083676135));
#5143=CARTESIAN_POINT('',(-0.0187917043540764,-0.0374840885658609,0.0442868109459982));
#5144=CARTESIAN_POINT('',(-0.0188487862519583,-0.0369132857073246,0.0443154651723673));
#5145=CARTESIAN_POINT('',(-0.0189670333123079,-0.0366189367354581,0.0443326749588124));
#5146=CARTESIAN_POINT('',(-0.0193442740470112,-0.0361571088201904,0.0443649298979475));
#5147=CARTESIAN_POINT('',(-0.0195833609279015,-0.0359951768832688,0.044377650323316));
#5148=CARTESIAN_POINT('',(-0.0201398941339363,-0.0358135810486265,0.0444081493122737));
#5149=CARTESIAN_POINT('',(-0.0204586220327346,-0.0358061726832139,0.0444256161562294));
#5150=CARTESIAN_POINT('',(-0.0210260654288016,-0.0359646408872813,0.0444567130426023));
#5151=CARTESIAN_POINT('',(-0.0212701845105477,-0.0361159743171286,0.0444691874411881));
#5152=CARTESIAN_POINT('',(-0.0216656308370274,-0.0365591199882947,0.0445010545756833));
#5153=CARTESIAN_POINT('',(-0.0217977496525039,-0.036848498571827,0.0445184085671573));
#5154=CARTESIAN_POINT('',(-0.0218795980618033,-0.0374213013286398,0.0445478363320792));
#5155=CARTESIAN_POINT('',(-0.0218402560133294,-0.0377121816831876,0.0445613146495485));
#5156=CARTESIAN_POINT('',(-0.0215904184379567,-0.0382564930436216,0.0445939932707706));
#5157=CARTESIAN_POINT('',(-0.0213786868850334,-0.0384899055317199,0.0446108725864556));
#5158=CARTESIAN_POINT('',(-0.0208994558155207,-0.03878932485701,0.0446382142865539));
#5159=CARTESIAN_POINT('',(-0.0206044832017765,-0.0388760568449246,0.0446538903990386));
#5160=CARTESIAN_POINT('',(-0.0200044302026829,-0.0388646606978121,0.0446867743484507));
#5161=CARTESIAN_POINT('',(-0.0197179169261048,-0.0387694384622318,0.0447015800970071));
#5162=CARTESIAN_POINT('',(-0.0192456955543222,-0.0384502676827625,0.0447296671233816));
#5163=CARTESIAN_POINT('',(-0.0190425900650083,-0.0382076739907054,0.0447467458146012));
#5164=CARTESIAN_POINT('',(-0.0188140206989155,-0.0376554716856271,0.0447792161702374));
#5165=CARTESIAN_POINT('',(-0.0187851406614794,-0.037366384322154,0.0447922173032487));
#5166=CARTESIAN_POINT('',(-0.0188886700284845,-0.0367931189622459,0.0448222611002961));
#5167=CARTESIAN_POINT('',(-0.0190324899421902,-0.0365088189939416,0.0448396946824937));
#5168=CARTESIAN_POINT('',(-0.0194425435015903,-0.0360826126307396,0.0448711581334099));
#5169=CARTESIAN_POINT('',(-0.0196914733433743,-0.0359400531812099,0.0448835750719742));
#5170=CARTESIAN_POINT('',(-0.0202671782144767,-0.0358022418378028,0.0449151247015673));
#5171=CARTESIAN_POINT('',(-0.0205850687194735,-0.0358223974420318,0.0449325456548843));
#5172=CARTESIAN_POINT('',(-0.0211311088548333,-0.0360231646020839,0.0449624696052941));
#5173=CARTESIAN_POINT('',(-0.0213662620593446,-0.0361946827846178,0.0449755555299771));
#5174=CARTESIAN_POINT('',(-0.0219070045960728,-0.0369102335433045,0.0450243321710024));
#5175=CARTESIAN_POINT('',(-0.0219529623708797,-0.0375721590148114,0.0450515809633142));
#5176=CARTESIAN_POINT('',(-0.0213646067546887,-0.0386184756527024,0.0451173602937117));
#5177=CARTESIAN_POINT('',(-0.0207757921333505,-0.0389232072493673,0.0451445023712339));
#5178=CARTESIAN_POINT('',(-0.0198823271601192,-0.038832743042357,0.0451934658078398));
#5179=CARTESIAN_POINT('',(-0.0196121560886616,-0.0387197327362478,0.0452068370549144));
#5180=CARTESIAN_POINT('',(-0.0191590251416204,-0.0383585963445925,0.0452363926624087));
#5181=CARTESIAN_POINT('',(-0.0189764968847086,-0.0380979135327002,0.0452537660237498));
#5182=CARTESIAN_POINT('',(-0.0187948547184211,-0.0375329320234863,0.0452855570304465));
#5183=CARTESIAN_POINT('',(-0.0187878706653879,-0.0372459406971572,0.0452980083260919));
#5184=CARTESIAN_POINT('',(-0.0189387837220075,-0.0366758235128655,0.0453292010660251));
#5185=CARTESIAN_POINT('',(-0.0191067345899378,-0.0364048773672618,0.0453466620889572));
#5186=CARTESIAN_POINT('',(-0.0195446428557174,-0.036017421021084,0.0453770497188854));
#5187=CARTESIAN_POINT('',(-0.0198056528736293,-0.0358929874444463,0.045389832309089));
#5188=CARTESIAN_POINT('',(-0.0203952911460688,-0.0358016166577332,0.0454221455133421));
#5189=CARTESIAN_POINT('',(-0.020708770110728,-0.0358488742247772,0.0454393247065653));
#5190=CARTESIAN_POINT('',(-0.0212290813517039,-0.0360882691887473,0.0454678386687531));
#5191=CARTESIAN_POINT('',(-0.021456719748083,-0.0362821474449672,0.0454821851959965));
#5192=CARTESIAN_POINT('',(-0.0217780911236046,-0.0367887694984515,0.0455150351824184));
#5193=CARTESIAN_POINT('',(-0.0218576272607925,-0.0370895939494208,0.0455312908349169));
#5194=CARTESIAN_POINT('',(-0.0218500226001655,-0.0376515576042942,0.0455581698359424));
#5195=CARTESIAN_POINT('',(-0.0217611156690031,-0.0379529894761887,0.0455749118296115));
#5196=CARTESIAN_POINT('',(-0.0214254967468681,-0.0384496996012243,0.0456076817940628));
#5197=CARTESIAN_POINT('',(-0.0211953285408657,-0.038635403331932,0.0456215110454309));
#5198=CARTESIAN_POINT('',(-0.0206654839254006,-0.0388616136089266,0.0456505474531441));
#5199=CARTESIAN_POINT('',(-0.0203500468753035,-0.0388993935716425,0.0456678339528596));
#5200=CARTESIAN_POINT('',(-0.0197646983645362,-0.0387913731459145,0.0456999120707019));
#5201=CARTESIAN_POINT('',(-0.0195082329732766,-0.0386606350308944,0.045712489398164));
#5202=CARTESIAN_POINT('',(-0.0190795698422302,-0.0382591939952985,0.0457432874125199));
#5203=CARTESIAN_POINT('',(-0.0189199382096575,-0.0379831715576057,0.0457607614004605));
#5204=CARTESIAN_POINT('',(-0.0187858073182415,-0.0374112845857451,0.0457915782880409));
#5205=CARTESIAN_POINT('',(-0.0188004486365927,-0.0371238397148159,0.0458041478494977));
#5206=CARTESIAN_POINT('',(-0.0189987765045567,-0.0365627000604577,0.0458362137256699));
#5207=CARTESIAN_POINT('',(-0.0191888586688414,-0.0363081127967751,0.0458535047777591));
#5208=CARTESIAN_POINT('',(-0.0196493487221804,-0.0359616505145224,0.0458825656023384));
#5209=CARTESIAN_POINT('',(-0.0199249863616785,-0.0358548711159953,0.0458963719920672));
#5210=CARTESIAN_POINT('',(-0.0208218126615413,-0.0357901808310332,0.0459455196352266));
#5211=CARTESIAN_POINT('',(-0.0214009943859127,-0.0361121042765539,0.0459725880747172));
#5212=CARTESIAN_POINT('',(-0.0219586098161744,-0.0371746149193818,0.0460382936598742));
#5213=CARTESIAN_POINT('',(-0.0218929367956152,-0.0378358520849239,0.0460657405104551));
#5214=CARTESIAN_POINT('',(-0.0213329183346576,-0.038534134464636,0.0461142257764972));
#5215=CARTESIAN_POINT('',(-0.0210947980958781,-0.0386983050419163,0.0461270202889016));
#5216=CARTESIAN_POINT('',(-0.0205406708064118,-0.0388845255296697,0.0461573874294412));
#5217=CARTESIAN_POINT('',(-0.0202220718170418,-0.0388949690962516,0.0461748472089357));
#5218=CARTESIAN_POINT('',(-0.0196525658855494,-0.0387413542824038,0.046206057125842));
#5219=CARTESIAN_POINT('',(-0.01940734492673,-0.0385921342761813,0.0462185048437901));
#5220=CARTESIAN_POINT('',(-0.0190083326938418,-0.0381529489975841,0.0462502817281813));
#5221=CARTESIAN_POINT('',(-0.0188734080462573,-0.0378647118174864,0.0462676584312333));
#5222=CARTESIAN_POINT('',(-0.018786429782269,-0.0372916915719852,0.0462972370805888));
#5223=CARTESIAN_POINT('',(-0.018823260090424,-0.0370012820874602,0.0463105894514744));
#5224=CARTESIAN_POINT('',(-0.0190680782491428,-0.0364549838484745,0.0463432248329702));
#5225=CARTESIAN_POINT('',(-0.0192778147624979,-0.0362193477650531,0.0463601550140015));
#5226=CARTESIAN_POINT('',(-0.0197554844079613,-0.0359152238793758,0.0463876772067477));
#5227=CARTESIAN_POINT('',(-0.0200483967119911,-0.035826452494747,0.0464031350941978));
#5228=CARTESIAN_POINT('',(-0.0206485673387374,-0.0358324325891314,0.0464360254898101));
#5229=CARTESIAN_POINT('',(-0.020937040903376,-0.03592565735543,0.0464510266302622));
#5230=CARTESIAN_POINT('',(-0.0214110328872443,-0.036240145751228,0.0464789399484234));
#5231=CARTESIAN_POINT('',(-0.0216162429747231,-0.0364805998477429,0.0464959747629021));
#5232=CARTESIAN_POINT('',(-0.0218499006570569,-0.0370310386686266,0.0465285008484026));
#5233=CARTESIAN_POINT('',(-0.0218812429860784,-0.0373205068875576,0.0465416028023443));
#5234=CARTESIAN_POINT('',(-0.0217828878571641,-0.0378937703906721,0.0465715047326393));
#5235=CARTESIAN_POINT('',(-0.0216418229495595,-0.0381793426048946,0.0465889232056807));
#5236=CARTESIAN_POINT('',(-0.021235145906172,-0.0386096388555064,0.0466204882419491));
#5237=CARTESIAN_POINT('',(-0.020987401563021,-0.0387542564582188,0.0466329058059457));
#5238=CARTESIAN_POINT('',(-0.0204135601241748,-0.0388970318528603,0.0466643533162058));
#5239=CARTESIAN_POINT('',(-0.0200954006076504,-0.0388798990879003,0.0466817890118229));
#5240=CARTESIAN_POINT('',(-0.0195467798862738,-0.0386836188401821,0.0467118543828409));
#5241=CARTESIAN_POINT('',(-0.0193107225836346,-0.0385144194556069,0.0467248407022323));
#5242=CARTESIAN_POINT('',(-0.018763884768336,-0.0378041679611747,0.0467735328577043));
#5243=CARTESIAN_POINT('',(-0.0187117815866956,-0.0371424307570727,0.0468008359698227));
#5244=CARTESIAN_POINT('',(-0.0192906280077934,-0.0360909216870161,0.046866601171269));
#5245=CARTESIAN_POINT('',(-0.0198764618918613,-0.0357808171855507,0.0468937127666103));
#5246=CARTESIAN_POINT('',(-0.0207710938602742,-0.0358632675679011,0.0469427401565845));
#5247=CARTESIAN_POINT('',(-0.0210429335424381,-0.0359743378950881,0.0469562385446127));
#5248=CARTESIAN_POINT('',(-0.0214984310027273,-0.0363309199413761,0.0469856428487641));
#5249=CARTESIAN_POINT('',(-0.0216833462796862,-0.0365897384287649,0.0470029931362507));
#5250=CARTESIAN_POINT('',(-0.021870200030254,-0.0371536009860329,0.0470348738397709));
#5251=CARTESIAN_POINT('',(-0.0218795658808422,-0.0374406995518322,0.0470473530643262));
#5252=CARTESIAN_POINT('',(-0.0217338871035757,-0.0380114463366961,0.0470784322611017));
#5253=CARTESIAN_POINT('',(-0.0215685040376835,-0.0382840160696082,0.0470958999789891));
#5254=CARTESIAN_POINT('',(-0.0211334077220336,-0.0386758640621996,0.0471264189852582));
#5255=CARTESIAN_POINT('',(-0.0208738483380578,-0.038802255053705,0.0471391287204397));
#5256=CARTESIAN_POINT('',(-0.0202854719320679,-0.0388988424715474,0.0471713727722136));
#5257=CARTESIAN_POINT('',(-0.0199713363788238,-0.0388545264336638,0.0471885879476349));
#5258=CARTESIAN_POINT('',(-0.0194480035254872,-0.0386191867251297,0.0472172674994425));
#5259=CARTESIAN_POINT('',(-0.0192195880370009,-0.0384278912497888,0.047231444470896));
#5260=CARTESIAN_POINT('',(-0.0188937271820943,-0.0379242940428138,0.0472642739146534));
#5261=CARTESIAN_POINT('',(-0.0188112911264812,-0.0376226424871901,0.0472807719130214));
#5262=CARTESIAN_POINT('',(-0.0188141447883045,-0.0370618810006808,0.047307463677992));
#5263=CARTESIAN_POINT('',(-0.0189001185843144,-0.0367599830888311,0.0473241474193204));
#5264=CARTESIAN_POINT('',(-0.0192313440466093,-0.0362601180455838,0.0473569467306194));
#5265=CARTESIAN_POINT('',(-0.0194607115557377,-0.0360719000258313,0.0473709289241133));
#5266=CARTESIAN_POINT('',(-0.0199876341424835,-0.0358415245651209,0.0473998051995637));
#5267=CARTESIAN_POINT('',(-0.0203025070326284,-0.035800777159671,0.0474170607823313));
#5268=CARTESIAN_POINT('',(-0.0208892681244528,-0.0359036336284836,0.0474492163120757));
#5269=CARTESIAN_POINT('',(-0.0211471166199653,-0.036032397776747,0.0474618487562498));
#5270=CARTESIAN_POINT('',(-0.0215787320282646,-0.036429511482915,0.0474925222918151));
#5271=CARTESIAN_POINT('',(-0.0217409826156416,-0.0367039926218777,0.0475099948918219));
#5272=CARTESIAN_POINT('',(-0.0218803424222217,-0.0372754056277573,0.0475409325619478));
#5273=CARTESIAN_POINT('',(-0.0218680941364371,-0.037562675016416,0.0475534563191193));
#5274=CARTESIAN_POINT('',(-0.0216749577113455,-0.0381250911144112,0.0475854405248686));
#5275=CARTESIAN_POINT('',(-0.0214871981525082,-0.0383816143867063,0.0476027598179348));
#5276=CARTESIAN_POINT('',(-0.0210289299768773,-0.0387326711552683,0.0476319778140738));
#5277=CARTESIAN_POINT('',(-0.0207550321710115,-0.0388413960662428,0.047645640053326));
#5278=CARTESIAN_POINT('',(-0.0198591344880176,-0.0389141418109045,0.0476947368066637));
#5279=CARTESIAN_POINT('',(-0.0192769273426347,-0.0385975646875773,0.047721820673465));
#5280=CARTESIAN_POINT('',(-0.0187096555344193,-0.0375399581175556,0.0477875581059607));
#5281=CARTESIAN_POINT('',(-0.0187691813933008,-0.0368784800237098,0.0478149357972365));
#5282=CARTESIAN_POINT('',(-0.0193232770811867,-0.0361747306713758,0.0478635182350216));
#5283=CARTESIAN_POINT('',(-0.0195604510871099,-0.036008297301622,0.0478763948241405));
#5284=CARTESIAN_POINT('',(-0.0201121169998415,-0.03581749418163,0.0479066270769482));
#5285=CARTESIAN_POINT('',(-0.0204305433040165,-0.0358040183350275,0.0479240773929933));
#5286=CARTESIAN_POINT('',(-0.0210020505364039,-0.0359527441333507,0.0479553969846742));
#5287=CARTESIAN_POINT('',(-0.0212483987640449,-0.0360998689855691,0.0479678261385519));
#5288=CARTESIAN_POINT('',(-0.0216509185303792,-0.0365350522524864,0.0479995091981386));
#5289=CARTESIAN_POINT('',(-0.0217886340507608,-0.0368221069384061,0.0480169062527161));
#5290=CARTESIAN_POINT('',(-0.0218807572497208,-0.0373952779587798,0.0480466330335004));
#5291=CARTESIAN_POINT('',(-0.0218464221348243,-0.0376852441410206,0.048059867244769));
#5292=CARTESIAN_POINT('',(-0.0216066462785691,-0.0382334599703646,0.0480924554710502));
#5293=CARTESIAN_POINT('',(-0.0213989394384993,-0.0384712942430893,0.0481094343626718));
#5294=CARTESIAN_POINT('',(-0.0209228962621324,-0.0387801170336438,0.0481371349973662));
#5295=CARTESIAN_POINT('',(-0.02063201337998,-0.0388709135596037,0.048152381697326));
#5296=CARTESIAN_POINT('',(-0.0200317984602495,-0.0388703509794797,0.048185274520271));
#5297=CARTESIAN_POINT('',(-0.0197413331448863,-0.0387791355651408,0.0482004782506226));
#5298=CARTESIAN_POINT('',(-0.0192656359229681,-0.0384693377287838,0.0482282156812454));
#5299=CARTESIAN_POINT('',(-0.0190583549058188,-0.0382310501920554,0.0482452044167221));
#5300=CARTESIAN_POINT('',(-0.0188196289781552,-0.0376824448415159,0.0482777823606049));
#5301=CARTESIAN_POINT('',(-0.0187858100790525,-0.0373925672233957,0.0482909930132244));
#5302=CARTESIAN_POINT('',(-0.0188790035563712,-0.036819373300456,0.0483207502075166));
#5303=CARTESIAN_POINT('',(-0.0190172967296137,-0.0365325693216307,0.0483381511918019));
#5304=CARTESIAN_POINT('',(-0.0194205375561832,-0.0360982223003489,0.0483698143210996));
#5305=CARTESIAN_POINT('',(-0.0196671231352542,-0.0359515303605523,0.0483822406381605));
#5306=CARTESIAN_POINT('',(-0.0202390382439214,-0.0358038242782285,0.0484135825821719));
#5307=CARTESIAN_POINT('',(-0.0205574232026117,-0.0358179294185827,0.0484310306324124));
#5308=CARTESIAN_POINT('',(-0.0211085710696577,-0.0360096789032027,0.0484612344954144));
#5309=CARTESIAN_POINT('',(-0.0213455510481506,-0.0361765853055313,0.0484741291292994));
#5310=CARTESIAN_POINT('',(-0.0218984067694947,-0.036881460665604,0.0485227310309114));
#5311=CARTESIAN_POINT('',(-0.0219566561055607,-0.0375429857951044,0.0485500951995));
#5312=CARTESIAN_POINT('',(-0.0213873869806611,-0.0385995573901333,0.048615838240609));
#5313=CARTESIAN_POINT('',(-0.0208045540620933,-0.0389150226993797,0.0486429261674466));
#5314=CARTESIAN_POINT('',(-0.0199088628185046,-0.038840606166648,0.0486920116075453));
#5315=CARTESIAN_POINT('',(-0.0196353222886593,-0.038731477651097,0.048705644870721));
#5316=CARTESIAN_POINT('',(-0.0191775237737031,-0.038379468857794,0.0487348951805575));
#5317=CARTESIAN_POINT('',(-0.0189902502929203,-0.0381225475255249,0.0487522200464689));
#5318=CARTESIAN_POINT('',(-0.018894221797266,-0.0378412114025969,0.0487682034389811));
#5319=CARTESIAN_POINT('',(-0.0203289785035247,-0.0373525445728931,0.0431583351542554));
#5320=CARTESIAN_POINT('',(-0.0215833312053961,-0.03735,0.0432));
#5321=CARTESIAN_POINT('',(-0.0215833312053961,-0.03735,0.0432));
#5322=CARTESIAN_POINT('',(-0.0215833312053961,-0.038071687836487,0.0432416666666667));
#5323=CARTESIAN_POINT('',(-0.0209583312053961,-0.0384325317547305,0.0432833333333333));
#5324=CARTESIAN_POINT('',(-0.0203333312053961,-0.038793375672974,0.043325));
#5325=CARTESIAN_POINT('',(-0.0197083312053961,-0.0384325317547305,0.0433666666666667));
#5326=CARTESIAN_POINT('',(-0.0190833312053961,-0.038071687836487,0.0434083333333333));
#5327=CARTESIAN_POINT('',(-0.0190833312053961,-0.03735,0.04345));
#5328=CARTESIAN_POINT('',(-0.0190833312053961,-0.03735,0.04345));
#5329=CARTESIAN_POINT('',(-0.0190833312053961,-0.03735,0.04345));
#5330=CARTESIAN_POINT('',(-0.0190833312053961,-0.0366283121635129,0.0434916666666666));
#5331=CARTESIAN_POINT('',(-0.0197083312053961,-0.0362674682452694,0.0435333333333333));
#5332=CARTESIAN_POINT('',(-0.0203333312053961,-0.0359066243270259,0.043575));
#5333=CARTESIAN_POINT('',(-0.0209583312053961,-0.0362674682452694,0.0436166666666667));
#5334=CARTESIAN_POINT('',(-0.0215833312053961,-0.0366283121635129,0.0436583333333334));
#5335=CARTESIAN_POINT('',(-0.0215833312053961,-0.03735,0.0437));
#5336=CARTESIAN_POINT('',(-0.0215833312053961,-0.03735,0.0437));
#5337=CARTESIAN_POINT('',(-0.0215833312053961,-0.03735,0.0437));
#5338=CARTESIAN_POINT('',(-0.0215833312053961,-0.038071687836487,0.0437416666666666));
#5339=CARTESIAN_POINT('',(-0.0209583312053961,-0.0384325317547305,0.0437833333333333));
#5340=CARTESIAN_POINT('',(-0.0203333312053961,-0.038793375672974,0.043825));
#5341=CARTESIAN_POINT('',(-0.0197083312053961,-0.0384325317547305,0.0438666666666667));
#5342=CARTESIAN_POINT('',(-0.0190833312053961,-0.038071687836487,0.0439083333333333));
#5343=CARTESIAN_POINT('',(-0.0190833312053961,-0.03735,0.04395));
#5344=CARTESIAN_POINT('',(-0.0190833312053961,-0.03735,0.04395));
#5345=CARTESIAN_POINT('',(-0.0190833312053961,-0.03735,0.04395));
#5346=CARTESIAN_POINT('',(-0.0190833312053961,-0.0366283121635129,0.0439916666666667));
#5347=CARTESIAN_POINT('',(-0.0197083312053961,-0.0362674682452694,0.0440333333333333));
#5348=CARTESIAN_POINT('',(-0.0203333312053961,-0.0359066243270259,0.044075));
#5349=CARTESIAN_POINT('',(-0.0209583312053961,-0.0362674682452694,0.0441166666666667));
#5350=CARTESIAN_POINT('',(-0.0215833312053961,-0.0366283121635129,0.0441583333333333));
#5351=CARTESIAN_POINT('',(-0.0215833312053961,-0.03735,0.0442));
#5352=CARTESIAN_POINT('',(-0.0215833312053961,-0.03735,0.0442));
#5353=CARTESIAN_POINT('',(-0.0215833312053961,-0.03735,0.0442));
#5354=CARTESIAN_POINT('',(-0.0215833312053961,-0.038071687836487,0.0442416666666667));
#5355=CARTESIAN_POINT('',(-0.0209583312053961,-0.0384325317547305,0.0442833333333333));
#5356=CARTESIAN_POINT('',(-0.0203333312053961,-0.038793375672974,0.044325));
#5357=CARTESIAN_POINT('',(-0.0197083312053961,-0.0384325317547305,0.0443666666666667));
#5358=CARTESIAN_POINT('',(-0.0190833312053961,-0.038071687836487,0.0444083333333333));
#5359=CARTESIAN_POINT('',(-0.0190833312053961,-0.03735,0.04445));
#5360=CARTESIAN_POINT('',(-0.0190833312053961,-0.03735,0.04445));
#5361=CARTESIAN_POINT('',(-0.0190833312053961,-0.03735,0.04445));
#5362=CARTESIAN_POINT('',(-0.0190833312053961,-0.0366283121635129,0.0444916666666667));
#5363=CARTESIAN_POINT('',(-0.0197083312053961,-0.0362674682452694,0.0445333333333333));
#5364=CARTESIAN_POINT('',(-0.0203333312053961,-0.0359066243270259,0.044575));
#5365=CARTESIAN_POINT('',(-0.0209583312053961,-0.0362674682452694,0.0446166666666667));
#5366=CARTESIAN_POINT('',(-0.0215833312053961,-0.0366283121635129,0.0446583333333333));
#5367=CARTESIAN_POINT('',(-0.0215833312053961,-0.03735,0.0447));
#5368=CARTESIAN_POINT('',(-0.0215833312053961,-0.03735,0.0447));
#5369=CARTESIAN_POINT('',(-0.0215833312053961,-0.03735,0.0447));
#5370=CARTESIAN_POINT('',(-0.0215833312053961,-0.038071687836487,0.0447416666666666));
#5371=CARTESIAN_POINT('',(-0.0209583312053961,-0.0384325317547305,0.0447833333333333));
#5372=CARTESIAN_POINT('',(-0.0203333312053961,-0.038793375672974,0.044825));
#5373=CARTESIAN_POINT('',(-0.0197083312053961,-0.0384325317547305,0.0448666666666667));
#5374=CARTESIAN_POINT('',(-0.0190833312053961,-0.038071687836487,0.0449083333333333));
#5375=CARTESIAN_POINT('',(-0.0190833312053961,-0.03735,0.04495));
#5376=CARTESIAN_POINT('',(-0.0190833312053961,-0.03735,0.04495));
#5377=CARTESIAN_POINT('',(-0.0190833312053961,-0.03735,0.04495));
#5378=CARTESIAN_POINT('',(-0.0190833312053961,-0.0366283121635129,0.0449916666666667));
#5379=CARTESIAN_POINT('',(-0.0197083312053961,-0.0362674682452694,0.0450333333333333));
#5380=CARTESIAN_POINT('',(-0.0203333312053961,-0.0359066243270259,0.045075));
#5381=CARTESIAN_POINT('',(-0.0209583312053961,-0.0362674682452694,0.0451166666666667));
#5382=CARTESIAN_POINT('',(-0.0215833312053961,-0.0366283121635129,0.0451583333333333));
#5383=CARTESIAN_POINT('',(-0.0215833312053961,-0.03735,0.0452));
#5384=CARTESIAN_POINT('',(-0.0215833312053961,-0.03735,0.0452));
#5385=CARTESIAN_POINT('',(-0.0215833312053961,-0.03735,0.0452));
#5386=CARTESIAN_POINT('',(-0.0215833312053961,-0.038071687836487,0.0452416666666667));
#5387=CARTESIAN_POINT('',(-0.0209583312053961,-0.0384325317547305,0.0452833333333333));
#5388=CARTESIAN_POINT('',(-0.0203333312053961,-0.038793375672974,0.045325));
#5389=CARTESIAN_POINT('',(-0.0197083312053961,-0.0384325317547305,0.0453666666666667));
#5390=CARTESIAN_POINT('',(-0.0190833312053961,-0.038071687836487,0.0454083333333333));
#5391=CARTESIAN_POINT('',(-0.0190833312053961,-0.03735,0.04545));
#5392=CARTESIAN_POINT('',(-0.0190833312053961,-0.03735,0.04545));
#5393=CARTESIAN_POINT('',(-0.0190833312053961,-0.03735,0.04545));
#5394=CARTESIAN_POINT('',(-0.0190833312053961,-0.036628312163513,0.0454916666666667));
#5395=CARTESIAN_POINT('',(-0.0197083312053961,-0.0362674682452694,0.0455333333333333));
#5396=CARTESIAN_POINT('',(-0.0203333312053961,-0.0359066243270259,0.045575));
#5397=CARTESIAN_POINT('',(-0.0209583312053961,-0.0362674682452694,0.0456166666666667));
#5398=CARTESIAN_POINT('',(-0.0215833312053961,-0.0366283121635129,0.0456583333333333));
#5399=CARTESIAN_POINT('',(-0.0215833312053961,-0.03735,0.0457));
#5400=CARTESIAN_POINT('',(-0.0215833312053961,-0.03735,0.0457));
#5401=CARTESIAN_POINT('',(-0.0215833312053961,-0.03735,0.0457));
#5402=CARTESIAN_POINT('',(-0.0215833312053961,-0.038071687836487,0.0457416666666667));
#5403=CARTESIAN_POINT('',(-0.0209583312053961,-0.0384325317547305,0.0457833333333333));
#5404=CARTESIAN_POINT('',(-0.0203333312053961,-0.038793375672974,0.045825));
#5405=CARTESIAN_POINT('',(-0.0197083312053961,-0.0384325317547305,0.0458666666666667));
#5406=CARTESIAN_POINT('',(-0.0190833312053961,-0.038071687836487,0.0459083333333333));
#5407=CARTESIAN_POINT('',(-0.0190833312053961,-0.03735,0.04595));
#5408=CARTESIAN_POINT('',(-0.0190833312053961,-0.03735,0.04595));
#5409=CARTESIAN_POINT('',(-0.0190833312053961,-0.03735,0.04595));
#5410=CARTESIAN_POINT('',(-0.0190833312053961,-0.0366283121635129,0.0459916666666666));
#5411=CARTESIAN_POINT('',(-0.0197083312053961,-0.0362674682452694,0.0460333333333333));
#5412=CARTESIAN_POINT('',(-0.0203333312053961,-0.0359066243270259,0.046075));
#5413=CARTESIAN_POINT('',(-0.0209583312053961,-0.0362674682452694,0.0461166666666667));
#5414=CARTESIAN_POINT('',(-0.0215833312053961,-0.0366283121635129,0.0461583333333334));
#5415=CARTESIAN_POINT('',(-0.0215833312053961,-0.03735,0.0462));
#5416=CARTESIAN_POINT('',(-0.0215833312053961,-0.03735,0.0462));
#5417=CARTESIAN_POINT('',(-0.0215833312053961,-0.03735,0.0462));
#5418=CARTESIAN_POINT('',(-0.0215833312053961,-0.038071687836487,0.0462416666666666));
#5419=CARTESIAN_POINT('',(-0.0209583312053961,-0.0384325317547305,0.0462833333333333));
#5420=CARTESIAN_POINT('',(-0.0203333312053961,-0.038793375672974,0.046325));
#5421=CARTESIAN_POINT('',(-0.0197083312053961,-0.0384325317547305,0.0463666666666667));
#5422=CARTESIAN_POINT('',(-0.0190833312053961,-0.038071687836487,0.0464083333333333));
#5423=CARTESIAN_POINT('',(-0.0190833312053961,-0.03735,0.04645));
#5424=CARTESIAN_POINT('',(-0.0190833312053961,-0.03735,0.04645));
#5425=CARTESIAN_POINT('',(-0.0190833312053961,-0.03735,0.04645));
#5426=CARTESIAN_POINT('',(-0.0190833312053961,-0.036628312163513,0.0464916666666667));
#5427=CARTESIAN_POINT('',(-0.0197083312053961,-0.0362674682452694,0.0465333333333333));
#5428=CARTESIAN_POINT('',(-0.0203333312053961,-0.0359066243270259,0.046575));
#5429=CARTESIAN_POINT('',(-0.0209583312053961,-0.0362674682452694,0.0466166666666667));
#5430=CARTESIAN_POINT('',(-0.0215833312053961,-0.0366283121635129,0.0466583333333333));
#5431=CARTESIAN_POINT('',(-0.0215833312053961,-0.03735,0.0467));
#5432=CARTESIAN_POINT('',(-0.0215833312053961,-0.03735,0.0467));
#5433=CARTESIAN_POINT('',(-0.0215833312053961,-0.03735,0.0467));
#5434=CARTESIAN_POINT('',(-0.0215833312053961,-0.038071687836487,0.0467416666666667));
#5435=CARTESIAN_POINT('',(-0.0209583312053961,-0.0384325317547305,0.0467833333333333));
#5436=CARTESIAN_POINT('',(-0.0203333312053961,-0.038793375672974,0.046825));
#5437=CARTESIAN_POINT('',(-0.0197083312053961,-0.0384325317547305,0.0468666666666667));
#5438=CARTESIAN_POINT('',(-0.0190833312053961,-0.038071687836487,0.0469083333333333));
#5439=CARTESIAN_POINT('',(-0.0190833312053961,-0.03735,0.04695));
#5440=CARTESIAN_POINT('',(-0.0190833312053961,-0.03735,0.04695));
#5441=CARTESIAN_POINT('',(-0.0190833312053961,-0.03735,0.04695));
#5442=CARTESIAN_POINT('',(-0.0190833312053961,-0.0366283121635129,0.0469916666666667));
#5443=CARTESIAN_POINT('',(-0.0197083312053961,-0.0362674682452694,0.0470333333333333));
#5444=CARTESIAN_POINT('',(-0.0203333312053961,-0.0359066243270259,0.047075));
#5445=CARTESIAN_POINT('',(-0.0209583312053961,-0.0362674682452694,0.0471166666666667));
#5446=CARTESIAN_POINT('',(-0.0215833312053961,-0.0366283121635129,0.0471583333333333));
#5447=CARTESIAN_POINT('',(-0.0215833312053961,-0.03735,0.0472));
#5448=CARTESIAN_POINT('',(-0.0215833312053961,-0.03735,0.0472));
#5449=CARTESIAN_POINT('',(-0.0215833312053961,-0.03735,0.0472));
#5450=CARTESIAN_POINT('',(-0.0215833312053961,-0.038071687836487,0.0472416666666666));
#5451=CARTESIAN_POINT('',(-0.0209583312053961,-0.0384325317547305,0.0472833333333333));
#5452=CARTESIAN_POINT('',(-0.0203333312053961,-0.038793375672974,0.047325));
#5453=CARTESIAN_POINT('',(-0.0197083312053961,-0.0384325317547305,0.0473666666666667));
#5454=CARTESIAN_POINT('',(-0.0190833312053961,-0.038071687836487,0.0474083333333334));
#5455=CARTESIAN_POINT('',(-0.0190833312053961,-0.03735,0.04745));
#5456=CARTESIAN_POINT('',(-0.0190833312053961,-0.03735,0.04745));
#5457=CARTESIAN_POINT('',(-0.0190833312053961,-0.03735,0.04745));
#5458=CARTESIAN_POINT('',(-0.0190833312053961,-0.0366283121635129,0.0474916666666667));
#5459=CARTESIAN_POINT('',(-0.0197083312053961,-0.0362674682452694,0.0475333333333333));
#5460=CARTESIAN_POINT('',(-0.0203333312053961,-0.0359066243270259,0.047575));
#5461=CARTESIAN_POINT('',(-0.0209583312053961,-0.0362674682452694,0.0476166666666667));
#5462=CARTESIAN_POINT('',(-0.0215833312053961,-0.0366283121635129,0.0476583333333334));
#5463=CARTESIAN_POINT('',(-0.0215833312053961,-0.03735,0.0477));
#5464=CARTESIAN_POINT('',(-0.0215833312053961,-0.03735,0.0477));
#5465=CARTESIAN_POINT('',(-0.0215833312053961,-0.03735,0.0477));
#5466=CARTESIAN_POINT('',(-0.0215833312053961,-0.038071687836487,0.0477416666666667));
#5467=CARTESIAN_POINT('',(-0.0209583312053961,-0.0384325317547305,0.0477833333333333));
#5468=CARTESIAN_POINT('',(-0.0203333312053961,-0.038793375672974,0.047825));
#5469=CARTESIAN_POINT('',(-0.0197083312053961,-0.0384325317547305,0.0478666666666667));
#5470=CARTESIAN_POINT('',(-0.0190833312053961,-0.038071687836487,0.0479083333333333));
#5471=CARTESIAN_POINT('',(-0.0190833312053961,-0.03735,0.04795));
#5472=CARTESIAN_POINT('',(-0.0190833312053961,-0.03735,0.04795));
#5473=CARTESIAN_POINT('',(-0.0190833312053961,-0.03735,0.04795));
#5474=CARTESIAN_POINT('',(-0.0190833312053961,-0.036628312163513,0.0479916666666667));
#5475=CARTESIAN_POINT('',(-0.0197083312053961,-0.0362674682452694,0.0480333333333333));
#5476=CARTESIAN_POINT('',(-0.0203333312053961,-0.0359066243270259,0.048075));
#5477=CARTESIAN_POINT('',(-0.0209583312053961,-0.0362674682452694,0.0481166666666667));
#5478=CARTESIAN_POINT('',(-0.0215833312053961,-0.0366283121635129,0.0481583333333333));
#5479=CARTESIAN_POINT('',(-0.0215833312053961,-0.03735,0.0482));
#5480=CARTESIAN_POINT('',(-0.0215833312053961,-0.03735,0.0482));
#5481=CARTESIAN_POINT('',(-0.0215833312053961,-0.03735,0.0482));
#5482=CARTESIAN_POINT('',(-0.0215833312053961,-0.038071687836487,0.0482416666666667));
#5483=CARTESIAN_POINT('',(-0.0209583312053961,-0.0384325317547305,0.0482833333333333));
#5484=CARTESIAN_POINT('',(-0.0203333312053961,-0.038793375672974,0.048325));
#5485=CARTESIAN_POINT('',(-0.0197083312053961,-0.0384325317547305,0.0483666666666667));
#5486=CARTESIAN_POINT('',(-0.0190833312053961,-0.038071687836487,0.0484083333333333));
#5487=CARTESIAN_POINT('',(-0.0190833312053961,-0.03735,0.04845));
#5488=CARTESIAN_POINT('',(-0.0190833312053961,-0.03735,0.04845));
#5489=CARTESIAN_POINT('',(-0.0190833312053961,-0.03735,0.04845));
#5490=CARTESIAN_POINT('',(-0.0190833312053961,-0.0366283121635129,0.0484916666666666));
#5491=CARTESIAN_POINT('',(-0.0197083312053961,-0.0362674682452694,0.0485333333333333));
#5492=CARTESIAN_POINT('',(-0.0199983947243638,-0.0360999999945113,0.0485526709012646));
#5493=CARTESIAN_POINT('',(-0.02033333122588,-0.0361,0.0485750000013655));
#5494=CARTESIAN_POINT('',(-0.00867591875243709,-0.03235,0.03895));
#5495=CARTESIAN_POINT('',(-0.0371480307776921,-0.03235,0.0497563726358097));
#5496=CARTESIAN_POINT('',(-0.0203333312053961,-0.03735,0.04295));
#5497=CARTESIAN_POINT('',(0.00549166879460392,-0.04085,0.0321207950112384));
#5498=CARTESIAN_POINT('',(0.00549166879460392,-0.0434,0.0321207950112384));
#5499=CARTESIAN_POINT('',(0.00549166879460392,-0.0434,0.0321207950112384));
#5500=CARTESIAN_POINT('',(-0.0371480307776921,-0.0438443890252963,0.0497563726358097));
#5501=CARTESIAN_POINT('',(-0.0203333312053961,-0.03735,0.04965));
#5502=CARTESIAN_POINT('',(-0.0203333312053961,-0.03735,0.0487937500006828));
#5503=CARTESIAN_POINT('',(-0.0203333312053961,-0.03735,0.0487937500006828));
#5504=CARTESIAN_POINT('',(-0.0203333312053961,-0.03735,0.04895));
#5505=CARTESIAN_POINT('',(-0.0190833312053961,-0.03735,0.04895));
#5506=CARTESIAN_POINT('',(-0.0203333312053961,-0.03735,0.04965));
#5507=CARTESIAN_POINT('',(-0.0203333312053961,-0.03735,0.04965));
#5508=CARTESIAN_POINT('',(-0.0215833312053961,-0.03735,0.04965));
#5509=CARTESIAN_POINT('',(-0.0203333312053961,-0.03735,0.0504010757737844));
#5510=CARTESIAN_POINT('',(-0.0203333312053961,-0.03735,0.04295));
#5511=CARTESIAN_POINT('',(0.00549166879460392,-0.02335,0.0321207950112384));
#5512=CARTESIAN_POINT('',(1.96724667981613E-16,-0.0295,0.05295));
#5513=CARTESIAN_POINT('',(1.96724667981613E-16,-0.0295,0.05195));
#5514=CARTESIAN_POINT('',(0.0015000000000002,-0.0295,0.05195));
#5515=CARTESIAN_POINT('',(1.96724667981613E-16,-0.0295,0.05295));
#5516=CARTESIAN_POINT('',(0.0105166687946039,-0.04315,0.0476));
#5517=CARTESIAN_POINT('',(0.0105166687946039,-0.04315,0.0476));
#5518=CARTESIAN_POINT('',(0.0105166687946039,-0.04315,0.045));
#5519=CARTESIAN_POINT('',(0.0105166687946039,-0.02335,0.0476));
#5520=CARTESIAN_POINT('',(0.0105166687946039,-0.02335,0.0476));
#5521=MECHANICAL_DESIGN_GEOMETRIC_PRESENTATION_REPRESENTATION('',(#1822),
#5522);
#5522=(
GEOMETRIC_REPRESENTATION_CONTEXT(3)
GLOBAL_UNCERTAINTY_ASSIGNED_CONTEXT((#5523))
GLOBAL_UNIT_ASSIGNED_CONTEXT((#5526,#5525,#5524))
REPRESENTATION_CONTEXT('Lever','TOP_LEVEL_ASSEMBLY_PART')
);
#5523=UNCERTAINTY_MEASURE_WITH_UNIT(LENGTH_MEASURE(2.E-5),#5526,
'DISTANCE_ACCURACY_VALUE','Maximum Tolerance applied to model');
#5524=(
NAMED_UNIT(*)
SI_UNIT($,.STERADIAN.)
SOLID_ANGLE_UNIT()
);
#5525=(
NAMED_UNIT(*)
PLANE_ANGLE_UNIT()
SI_UNIT($,.RADIAN.)
);
#5526=(
LENGTH_UNIT()
NAMED_UNIT(*)
SI_UNIT($,.METRE.)
);
#5527=PRODUCT_DEFINITION_SHAPE('','',#5528);
#5528=PRODUCT_DEFINITION('','',#5530,#5529);
#5529=PRODUCT_DEFINITION_CONTEXT('',#5536,'design');
#5530=PRODUCT_DEFINITION_FORMATION_WITH_SPECIFIED_SOURCE('','',#5532,
 .NOT_KNOWN.);
#5531=PRODUCT_RELATED_PRODUCT_CATEGORY('','',(#5532));
#5532=PRODUCT('Lever','Lever','Lever',(#5534));
#5533=PRODUCT_CATEGORY('','');
#5534=PRODUCT_CONTEXT('',#5536,'mechanical');
#5535=APPLICATION_PROTOCOL_DEFINITION('international standard',
'ap242_managed_model_based_3d_engineering',2020,#5536);
#5536=APPLICATION_CONTEXT('managed model based 3d engineering');
ENDSEC;
END-ISO-10303-21;
