ISO-10303-21;
HEADER;
/* Generated by software containing ST-Developer
 * from STEP Tools, Inc. (www.steptools.com) 
 */
/* OPTION: using custom renumber hook */

FILE_DESCRIPTION(
/* description */ ('STEP AP242 Edition 2',
'CAx-IF Rec.Pracs.---Representation and Presentation of Product Manufa
cturing Information (PMI)---4.0---2014-10-13',
'CAx-IF Rec.Pracs.---3D Tessellated Geometry---0.4---2014-09-14','2;1',
'CAx-IF Rec.Pracs.---User Defined Attributes---1.5---2016-08-15'),
/* implementation_level */ '2;1');

FILE_NAME(
/* name */ 'toolhead v4 - bracket',
/* time_stamp */ '2026-08-19T20:10:37Z',
/* author */ (''),
/* organization */ (''),
/* preprocessor_version */ 'ST-DEVELOPER v20',
/* originating_system */ 'ONSHAPE BY PTC INC, 1.219',
/* authorisation */ '  ');

FILE_SCHEMA (('AP242_MANAGED_MODEL_BASED_3D_ENGINEERING_MIM_LF { 1 0 10303 442 3 1 4 }'));
ENDSEC;

DATA;
#10=SHAPE_REPRESENTATION_RELATIONSHIP('','',#1586,#11);
#11=ADVANCED_BREP_SHAPE_REPRESENTATION('',(#1584),#2574);
#12=LINE('',#2155,#177);
#13=LINE('',#2158,#178);
#14=LINE('',#2160,#179);
#15=LINE('',#2162,#180);
#16=LINE('',#2164,#181);
#17=LINE('',#2166,#182);
#18=LINE('',#2168,#183);
#19=LINE('',#2170,#184);
#20=LINE('',#2172,#185);
#21=LINE('',#2174,#186);
#22=LINE('',#2176,#187);
#23=LINE('',#2179,#188);
#24=LINE('',#2181,#189);
#25=LINE('',#2183,#190);
#26=LINE('',#2185,#191);
#27=LINE('',#2187,#192);
#28=LINE('',#2189,#193);
#29=LINE('',#2191,#194);
#30=LINE('',#2193,#195);
#31=LINE('',#2195,#196);
#32=LINE('',#2197,#197);
#33=LINE('',#2199,#198);
#34=LINE('',#2201,#199);
#35=LINE('',#2203,#200);
#36=LINE('',#2205,#201);
#37=LINE('',#2207,#202);
#38=LINE('',#2211,#203);
#39=LINE('',#2215,#204);
#40=LINE('',#2217,#205);
#41=LINE('',#2219,#206);
#42=LINE('',#2221,#207);
#43=LINE('',#2223,#208);
#44=LINE('',#2225,#209);
#45=LINE('',#2229,#210);
#46=LINE('',#2233,#211);
#47=LINE('',#2235,#212);
#48=LINE('',#2237,#213);
#49=LINE('',#2239,#214);
#50=LINE('',#2241,#215);
#51=LINE('',#2243,#216);
#52=LINE('',#2245,#217);
#53=LINE('',#2247,#218);
#54=LINE('',#2249,#219);
#55=LINE('',#2253,#220);
#56=LINE('',#2257,#221);
#57=LINE('',#2259,#222);
#58=LINE('',#2261,#223);
#59=LINE('',#2265,#224);
#60=LINE('',#2269,#225);
#61=LINE('',#2271,#226);
#62=LINE('',#2273,#227);
#63=LINE('',#2275,#228);
#64=LINE('',#2277,#229);
#65=LINE('',#2279,#230);
#66=LINE('',#2281,#231);
#67=LINE('',#2283,#232);
#68=LINE('',#2285,#233);
#69=LINE('',#2287,#234);
#70=LINE('',#2289,#235);
#71=LINE('',#2291,#236);
#72=LINE('',#2293,#237);
#73=LINE('',#2295,#238);
#74=LINE('',#2297,#239);
#75=LINE('',#2301,#240);
#76=LINE('',#2305,#241);
#77=LINE('',#2307,#242);
#78=LINE('',#2309,#243);
#79=LINE('',#2311,#244);
#80=LINE('',#2313,#245);
#81=LINE('',#2315,#246);
#82=LINE('',#2317,#247);
#83=LINE('',#2319,#248);
#84=LINE('',#2321,#249);
#85=LINE('',#2325,#250);
#86=LINE('',#2329,#251);
#87=LINE('',#2331,#252);
#88=LINE('',#2333,#253);
#89=LINE('',#2337,#254);
#90=LINE('',#2341,#255);
#91=LINE('',#2343,#256);
#92=LINE('',#2345,#257);
#93=LINE('',#2347,#258);
#94=LINE('',#2349,#259);
#95=LINE('',#2351,#260);
#96=LINE('',#2353,#261);
#97=LINE('',#2355,#262);
#98=LINE('',#2357,#263);
#99=LINE('',#2361,#264);
#100=LINE('',#2365,#265);
#101=LINE('',#2367,#266);
#102=LINE('',#2369,#267);
#103=LINE('',#2386,#268);
#104=LINE('',#2387,#269);
#105=LINE('',#2413,#270);
#106=LINE('',#2416,#271);
#107=LINE('',#2418,#272);
#108=LINE('',#2420,#273);
#109=LINE('',#2422,#274);
#110=LINE('',#2424,#275);
#111=LINE('',#2425,#276);
#112=LINE('',#2428,#277);
#113=LINE('',#2430,#278);
#114=LINE('',#2432,#279);
#115=LINE('',#2434,#280);
#116=LINE('',#2436,#281);
#117=LINE('',#2437,#282);
#118=LINE('',#2440,#283);
#119=LINE('',#2442,#284);
#120=LINE('',#2444,#285);
#121=LINE('',#2446,#286);
#122=LINE('',#2448,#287);
#123=LINE('',#2449,#288);
#124=LINE('',#2452,#289);
#125=LINE('',#2454,#290);
#126=LINE('',#2456,#291);
#127=LINE('',#2458,#292);
#128=LINE('',#2460,#293);
#129=LINE('',#2474,#294);
#130=LINE('',#2476,#295);
#131=LINE('',#2478,#296);
#132=LINE('',#2480,#297);
#133=LINE('',#2482,#298);
#134=LINE('',#2484,#299);
#135=LINE('',#2486,#300);
#136=LINE('',#2488,#301);
#137=LINE('',#2490,#302);
#138=LINE('',#2492,#303);
#139=LINE('',#2494,#304);
#140=LINE('',#2496,#305);
#141=LINE('',#2499,#306);
#142=LINE('',#2501,#307);
#143=LINE('',#2503,#308);
#144=LINE('',#2505,#309);
#145=LINE('',#2507,#310);
#146=LINE('',#2509,#311);
#147=LINE('',#2511,#312);
#148=LINE('',#2513,#313);
#149=LINE('',#2515,#314);
#150=LINE('',#2517,#315);
#151=LINE('',#2519,#316);
#152=LINE('',#2521,#317);
#153=LINE('',#2524,#318);
#154=LINE('',#2526,#319);
#155=LINE('',#2528,#320);
#156=LINE('',#2530,#321);
#157=LINE('',#2532,#322);
#158=LINE('',#2534,#323);
#159=LINE('',#2536,#324);
#160=LINE('',#2538,#325);
#161=LINE('',#2540,#326);
#162=LINE('',#2542,#327);
#163=LINE('',#2544,#328);
#164=LINE('',#2546,#329);
#165=LINE('',#2549,#330);
#166=LINE('',#2551,#331);
#167=LINE('',#2553,#332);
#168=LINE('',#2555,#333);
#169=LINE('',#2557,#334);
#170=LINE('',#2559,#335);
#171=LINE('',#2561,#336);
#172=LINE('',#2563,#337);
#173=LINE('',#2565,#338);
#174=LINE('',#2567,#339);
#175=LINE('',#2569,#340);
#176=LINE('',#2571,#341);
#177=VECTOR('',#1742,1.);
#178=VECTOR('',#1743,1.);
#179=VECTOR('',#1744,1.);
#180=VECTOR('',#1745,1.);
#181=VECTOR('',#1748,1.);
#182=VECTOR('',#1749,1.);
#183=VECTOR('',#1750,1.);
#184=VECTOR('',#1753,1.);
#185=VECTOR('',#1754,1.);
#186=VECTOR('',#1755,1.);
#187=VECTOR('',#1758,1.);
#188=VECTOR('',#1759,1.);
#189=VECTOR('',#1760,1.);
#190=VECTOR('',#1761,1.);
#191=VECTOR('',#1764,1.);
#192=VECTOR('',#1765,1.);
#193=VECTOR('',#1766,1.);
#194=VECTOR('',#1769,1.);
#195=VECTOR('',#1770,1.);
#196=VECTOR('',#1771,1.);
#197=VECTOR('',#1774,1.);
#198=VECTOR('',#1775,1.);
#199=VECTOR('',#1776,1.);
#200=VECTOR('',#1779,1.);
#201=VECTOR('',#1780,1.);
#202=VECTOR('',#1781,1.);
#203=VECTOR('',#1786,1.);
#204=VECTOR('',#1791,1.);
#205=VECTOR('',#1792,1.);
#206=VECTOR('',#1793,1.);
#207=VECTOR('',#1796,1.);
#208=VECTOR('',#1797,1.);
#209=VECTOR('',#1798,1.);
#210=VECTOR('',#1803,1.);
#211=VECTOR('',#1808,1.);
#212=VECTOR('',#1809,1.);
#213=VECTOR('',#1810,1.);
#214=VECTOR('',#1813,1.);
#215=VECTOR('',#1814,1.);
#216=VECTOR('',#1815,1.);
#217=VECTOR('',#1818,1.);
#218=VECTOR('',#1819,1.);
#219=VECTOR('',#1820,1.);
#220=VECTOR('',#1825,1.);
#221=VECTOR('',#1830,1.);
#222=VECTOR('',#1831,1.);
#223=VECTOR('',#1832,1.);
#224=VECTOR('',#1837,1.);
#225=VECTOR('',#1842,1.);
#226=VECTOR('',#1843,1.);
#227=VECTOR('',#1844,1.);
#228=VECTOR('',#1847,1.);
#229=VECTOR('',#1848,1.);
#230=VECTOR('',#1849,1.);
#231=VECTOR('',#1852,1.);
#232=VECTOR('',#1853,1.);
#233=VECTOR('',#1854,1.);
#234=VECTOR('',#1857,1.);
#235=VECTOR('',#1858,1.);
#236=VECTOR('',#1859,1.);
#237=VECTOR('',#1862,1.);
#238=VECTOR('',#1863,1.);
#239=VECTOR('',#1864,1.);
#240=VECTOR('',#1869,1.);
#241=VECTOR('',#1874,1.);
#242=VECTOR('',#1875,1.);
#243=VECTOR('',#1876,1.);
#244=VECTOR('',#1879,1.);
#245=VECTOR('',#1880,1.);
#246=VECTOR('',#1881,1.);
#247=VECTOR('',#1884,1.);
#248=VECTOR('',#1885,1.);
#249=VECTOR('',#1886,1.);
#250=VECTOR('',#1891,1.);
#251=VECTOR('',#1896,1.);
#252=VECTOR('',#1897,1.);
#253=VECTOR('',#1898,1.);
#254=VECTOR('',#1903,1.);
#255=VECTOR('',#1908,1.);
#256=VECTOR('',#1909,1.);
#257=VECTOR('',#1910,1.);
#258=VECTOR('',#1913,1.);
#259=VECTOR('',#1914,1.);
#260=VECTOR('',#1915,1.);
#261=VECTOR('',#1918,1.);
#262=VECTOR('',#1919,1.);
#263=VECTOR('',#1920,1.);
#264=VECTOR('',#1925,1.);
#265=VECTOR('',#1930,1.);
#266=VECTOR('',#1931,1.);
#267=VECTOR('',#1932,1.);
#268=VECTOR('',#1953,1.);
#269=VECTOR('',#1954,1.);
#270=VECTOR('',#1989,1.);
#271=VECTOR('',#1990,1.);
#272=VECTOR('',#1991,1.);
#273=VECTOR('',#1992,1.);
#274=VECTOR('',#1993,1.);
#275=VECTOR('',#1994,1.);
#276=VECTOR('',#1995,1.);
#277=VECTOR('',#1996,1.);
#278=VECTOR('',#1997,1.);
#279=VECTOR('',#1998,1.);
#280=VECTOR('',#1999,1.);
#281=VECTOR('',#2000,1.);
#282=VECTOR('',#2001,1.);
#283=VECTOR('',#2002,1.);
#284=VECTOR('',#2003,1.);
#285=VECTOR('',#2004,1.);
#286=VECTOR('',#2005,1.);
#287=VECTOR('',#2006,1.);
#288=VECTOR('',#2007,1.);
#289=VECTOR('',#2008,1.);
#290=VECTOR('',#2009,1.);
#291=VECTOR('',#2010,1.);
#292=VECTOR('',#2011,1.);
#293=VECTOR('',#2012,1.);
#294=VECTOR('',#2031,1.);
#295=VECTOR('',#2032,1.);
#296=VECTOR('',#2033,1.);
#297=VECTOR('',#2036,1.);
#298=VECTOR('',#2037,1.);
#299=VECTOR('',#2040,1.);
#300=VECTOR('',#2041,1.);
#301=VECTOR('',#2044,1.);
#302=VECTOR('',#2045,1.);
#303=VECTOR('',#2048,1.);
#304=VECTOR('',#2049,1.);
#305=VECTOR('',#2052,1.);
#306=VECTOR('',#2057,1.);
#307=VECTOR('',#2058,1.);
#308=VECTOR('',#2059,1.);
#309=VECTOR('',#2062,1.);
#310=VECTOR('',#2063,1.);
#311=VECTOR('',#2066,1.);
#312=VECTOR('',#2067,1.);
#313=VECTOR('',#2070,1.);
#314=VECTOR('',#2071,1.);
#315=VECTOR('',#2074,1.);
#316=VECTOR('',#2075,1.);
#317=VECTOR('',#2078,1.);
#318=VECTOR('',#2083,1.);
#319=VECTOR('',#2084,1.);
#320=VECTOR('',#2085,1.);
#321=VECTOR('',#2088,1.);
#322=VECTOR('',#2089,1.);
#323=VECTOR('',#2092,1.);
#324=VECTOR('',#2093,1.);
#325=VECTOR('',#2096,1.);
#326=VECTOR('',#2097,1.);
#327=VECTOR('',#2100,1.);
#328=VECTOR('',#2101,1.);
#329=VECTOR('',#2104,1.);
#330=VECTOR('',#2109,1.);
#331=VECTOR('',#2110,1.);
#332=VECTOR('',#2111,1.);
#333=VECTOR('',#2114,1.);
#334=VECTOR('',#2115,1.);
#335=VECTOR('',#2118,1.);
#336=VECTOR('',#2119,1.);
#337=VECTOR('',#2122,1.);
#338=VECTOR('',#2123,1.);
#339=VECTOR('',#2126,1.);
#340=VECTOR('',#2127,1.);
#341=VECTOR('',#2130,1.);
#342=PLANE('',#1600);
#343=PLANE('',#1601);
#344=PLANE('',#1602);
#345=PLANE('',#1603);
#346=PLANE('',#1604);
#347=PLANE('',#1605);
#348=PLANE('',#1606);
#349=PLANE('',#1607);
#350=PLANE('',#1611);
#351=PLANE('',#1612);
#352=PLANE('',#1616);
#353=PLANE('',#1617);
#354=PLANE('',#1618);
#355=PLANE('',#1622);
#356=PLANE('',#1626);
#357=PLANE('',#1627);
#358=PLANE('',#1628);
#359=PLANE('',#1629);
#360=PLANE('',#1630);
#361=PLANE('',#1634);
#362=PLANE('',#1635);
#363=PLANE('',#1636);
#364=PLANE('',#1640);
#365=PLANE('',#1644);
#366=PLANE('',#1645);
#367=PLANE('',#1646);
#368=PLANE('',#1650);
#369=PLANE('',#1660);
#370=PLANE('',#1676);
#371=PLANE('',#1677);
#372=PLANE('',#1682);
#373=PLANE('',#1685);
#374=PLANE('',#1686);
#375=PLANE('',#1687);
#376=PLANE('',#1688);
#377=PLANE('',#1689);
#378=PLANE('',#1690);
#379=PLANE('',#1691);
#380=PLANE('',#1692);
#381=PLANE('',#1693);
#382=PLANE('',#1694);
#383=PLANE('',#1695);
#384=PLANE('',#1696);
#385=PLANE('',#1697);
#386=PLANE('',#1698);
#387=PLANE('',#1699);
#388=PLANE('',#1700);
#389=PLANE('',#1701);
#390=PLANE('',#1702);
#391=PLANE('',#1703);
#392=PLANE('',#1704);
#393=PLANE('',#1705);
#394=PLANE('',#1706);
#395=PLANE('',#1707);
#396=PLANE('',#1708);
#397=PLANE('',#1709);
#398=PLANE('',#1710);
#399=PLANE('',#1711);
#400=PLANE('',#1712);
#401=PLANE('',#1713);
#402=ORIENTED_EDGE('',*,*,#820,.T.);
#403=ORIENTED_EDGE('',*,*,#821,.T.);
#404=ORIENTED_EDGE('',*,*,#822,.T.);
#405=ORIENTED_EDGE('',*,*,#823,.T.);
#406=ORIENTED_EDGE('',*,*,#824,.T.);
#407=ORIENTED_EDGE('',*,*,#825,.T.);
#408=ORIENTED_EDGE('',*,*,#826,.T.);
#409=ORIENTED_EDGE('',*,*,#827,.T.);
#410=ORIENTED_EDGE('',*,*,#828,.F.);
#411=ORIENTED_EDGE('',*,*,#829,.F.);
#412=ORIENTED_EDGE('',*,*,#830,.T.);
#413=ORIENTED_EDGE('',*,*,#831,.T.);
#414=ORIENTED_EDGE('',*,*,#832,.F.);
#415=ORIENTED_EDGE('',*,*,#833,.F.);
#416=ORIENTED_EDGE('',*,*,#834,.T.);
#417=ORIENTED_EDGE('',*,*,#829,.T.);
#418=ORIENTED_EDGE('',*,*,#835,.F.);
#419=ORIENTED_EDGE('',*,*,#836,.F.);
#420=ORIENTED_EDGE('',*,*,#837,.T.);
#421=ORIENTED_EDGE('',*,*,#833,.T.);
#422=ORIENTED_EDGE('',*,*,#838,.F.);
#423=ORIENTED_EDGE('',*,*,#839,.F.);
#424=ORIENTED_EDGE('',*,*,#840,.T.);
#425=ORIENTED_EDGE('',*,*,#841,.T.);
#426=ORIENTED_EDGE('',*,*,#842,.T.);
#427=ORIENTED_EDGE('',*,*,#843,.F.);
#428=ORIENTED_EDGE('',*,*,#844,.F.);
#429=ORIENTED_EDGE('',*,*,#839,.T.);
#430=ORIENTED_EDGE('',*,*,#845,.F.);
#431=ORIENTED_EDGE('',*,*,#846,.F.);
#432=ORIENTED_EDGE('',*,*,#847,.T.);
#433=ORIENTED_EDGE('',*,*,#843,.T.);
#434=ORIENTED_EDGE('',*,*,#848,.T.);
#435=ORIENTED_EDGE('',*,*,#849,.F.);
#436=ORIENTED_EDGE('',*,*,#850,.F.);
#437=ORIENTED_EDGE('',*,*,#846,.T.);
#438=ORIENTED_EDGE('',*,*,#851,.F.);
#439=ORIENTED_EDGE('',*,*,#852,.F.);
#440=ORIENTED_EDGE('',*,*,#853,.T.);
#441=ORIENTED_EDGE('',*,*,#849,.T.);
#442=ORIENTED_EDGE('',*,*,#854,.F.);
#443=ORIENTED_EDGE('',*,*,#855,.F.);
#444=ORIENTED_EDGE('',*,*,#856,.T.);
#445=ORIENTED_EDGE('',*,*,#852,.T.);
#446=ORIENTED_EDGE('',*,*,#857,.T.);
#447=ORIENTED_EDGE('',*,*,#858,.F.);
#448=ORIENTED_EDGE('',*,*,#859,.F.);
#449=ORIENTED_EDGE('',*,*,#855,.T.);
#450=ORIENTED_EDGE('',*,*,#860,.T.);
#451=ORIENTED_EDGE('',*,*,#861,.F.);
#452=ORIENTED_EDGE('',*,*,#862,.F.);
#453=ORIENTED_EDGE('',*,*,#858,.T.);
#454=ORIENTED_EDGE('',*,*,#863,.F.);
#455=ORIENTED_EDGE('',*,*,#864,.F.);
#456=ORIENTED_EDGE('',*,*,#865,.T.);
#457=ORIENTED_EDGE('',*,*,#861,.T.);
#458=ORIENTED_EDGE('',*,*,#866,.T.);
#459=ORIENTED_EDGE('',*,*,#867,.F.);
#460=ORIENTED_EDGE('',*,*,#868,.F.);
#461=ORIENTED_EDGE('',*,*,#864,.T.);
#462=ORIENTED_EDGE('',*,*,#869,.T.);
#463=ORIENTED_EDGE('',*,*,#870,.F.);
#464=ORIENTED_EDGE('',*,*,#871,.F.);
#465=ORIENTED_EDGE('',*,*,#867,.T.);
#466=ORIENTED_EDGE('',*,*,#872,.T.);
#467=ORIENTED_EDGE('',*,*,#873,.F.);
#468=ORIENTED_EDGE('',*,*,#874,.F.);
#469=ORIENTED_EDGE('',*,*,#870,.T.);
#470=ORIENTED_EDGE('',*,*,#875,.F.);
#471=ORIENTED_EDGE('',*,*,#876,.F.);
#472=ORIENTED_EDGE('',*,*,#877,.T.);
#473=ORIENTED_EDGE('',*,*,#873,.T.);
#474=ORIENTED_EDGE('',*,*,#878,.T.);
#475=ORIENTED_EDGE('',*,*,#879,.F.);
#476=ORIENTED_EDGE('',*,*,#880,.F.);
#477=ORIENTED_EDGE('',*,*,#876,.T.);
#478=ORIENTED_EDGE('',*,*,#881,.F.);
#479=ORIENTED_EDGE('',*,*,#882,.F.);
#480=ORIENTED_EDGE('',*,*,#883,.T.);
#481=ORIENTED_EDGE('',*,*,#879,.T.);
#482=ORIENTED_EDGE('',*,*,#884,.F.);
#483=ORIENTED_EDGE('',*,*,#885,.F.);
#484=ORIENTED_EDGE('',*,*,#886,.T.);
#485=ORIENTED_EDGE('',*,*,#882,.T.);
#486=ORIENTED_EDGE('',*,*,#887,.F.);
#487=ORIENTED_EDGE('',*,*,#888,.F.);
#488=ORIENTED_EDGE('',*,*,#889,.T.);
#489=ORIENTED_EDGE('',*,*,#885,.T.);
#490=ORIENTED_EDGE('',*,*,#890,.T.);
#491=ORIENTED_EDGE('',*,*,#891,.F.);
#492=ORIENTED_EDGE('',*,*,#892,.F.);
#493=ORIENTED_EDGE('',*,*,#888,.T.);
#494=ORIENTED_EDGE('',*,*,#893,.F.);
#495=ORIENTED_EDGE('',*,*,#894,.F.);
#496=ORIENTED_EDGE('',*,*,#895,.T.);
#497=ORIENTED_EDGE('',*,*,#891,.T.);
#498=ORIENTED_EDGE('',*,*,#896,.F.);
#499=ORIENTED_EDGE('',*,*,#897,.F.);
#500=ORIENTED_EDGE('',*,*,#898,.T.);
#501=ORIENTED_EDGE('',*,*,#894,.T.);
#502=ORIENTED_EDGE('',*,*,#899,.F.);
#503=ORIENTED_EDGE('',*,*,#900,.F.);
#504=ORIENTED_EDGE('',*,*,#901,.T.);
#505=ORIENTED_EDGE('',*,*,#897,.T.);
#506=ORIENTED_EDGE('',*,*,#902,.T.);
#507=ORIENTED_EDGE('',*,*,#903,.F.);
#508=ORIENTED_EDGE('',*,*,#904,.F.);
#509=ORIENTED_EDGE('',*,*,#900,.T.);
#510=ORIENTED_EDGE('',*,*,#905,.F.);
#511=ORIENTED_EDGE('',*,*,#906,.F.);
#512=ORIENTED_EDGE('',*,*,#907,.T.);
#513=ORIENTED_EDGE('',*,*,#903,.T.);
#514=ORIENTED_EDGE('',*,*,#908,.F.);
#515=ORIENTED_EDGE('',*,*,#909,.F.);
#516=ORIENTED_EDGE('',*,*,#910,.T.);
#517=ORIENTED_EDGE('',*,*,#906,.T.);
#518=ORIENTED_EDGE('',*,*,#911,.F.);
#519=ORIENTED_EDGE('',*,*,#912,.F.);
#520=ORIENTED_EDGE('',*,*,#913,.T.);
#521=ORIENTED_EDGE('',*,*,#909,.T.);
#522=ORIENTED_EDGE('',*,*,#914,.T.);
#523=ORIENTED_EDGE('',*,*,#915,.F.);
#524=ORIENTED_EDGE('',*,*,#916,.F.);
#525=ORIENTED_EDGE('',*,*,#912,.T.);
#526=ORIENTED_EDGE('',*,*,#917,.F.);
#527=ORIENTED_EDGE('',*,*,#918,.F.);
#528=ORIENTED_EDGE('',*,*,#919,.T.);
#529=ORIENTED_EDGE('',*,*,#915,.T.);
#530=ORIENTED_EDGE('',*,*,#920,.T.);
#531=ORIENTED_EDGE('',*,*,#921,.F.);
#532=ORIENTED_EDGE('',*,*,#922,.F.);
#533=ORIENTED_EDGE('',*,*,#918,.T.);
#534=ORIENTED_EDGE('',*,*,#923,.T.);
#535=ORIENTED_EDGE('',*,*,#924,.F.);
#536=ORIENTED_EDGE('',*,*,#925,.F.);
#537=ORIENTED_EDGE('',*,*,#921,.T.);
#538=ORIENTED_EDGE('',*,*,#926,.T.);
#539=ORIENTED_EDGE('',*,*,#927,.F.);
#540=ORIENTED_EDGE('',*,*,#928,.F.);
#541=ORIENTED_EDGE('',*,*,#924,.T.);
#542=ORIENTED_EDGE('',*,*,#929,.F.);
#543=ORIENTED_EDGE('',*,*,#930,.F.);
#544=ORIENTED_EDGE('',*,*,#931,.T.);
#545=ORIENTED_EDGE('',*,*,#927,.T.);
#546=ORIENTED_EDGE('',*,*,#932,.T.);
#547=ORIENTED_EDGE('',*,*,#933,.F.);
#548=ORIENTED_EDGE('',*,*,#934,.F.);
#549=ORIENTED_EDGE('',*,*,#930,.T.);
#550=ORIENTED_EDGE('',*,*,#935,.F.);
#551=ORIENTED_EDGE('',*,*,#936,.T.);
#552=ORIENTED_EDGE('',*,*,#937,.F.);
#553=ORIENTED_EDGE('',*,*,#938,.T.);
#554=ORIENTED_EDGE('',*,*,#939,.F.);
#555=ORIENTED_EDGE('',*,*,#940,.T.);
#556=ORIENTED_EDGE('',*,*,#941,.F.);
#557=ORIENTED_EDGE('',*,*,#831,.F.);
#558=ORIENTED_EDGE('',*,*,#942,.T.);
#559=ORIENTED_EDGE('',*,*,#836,.T.);
#560=ORIENTED_EDGE('',*,*,#943,.T.);
#561=ORIENTED_EDGE('',*,*,#944,.F.);
#562=ORIENTED_EDGE('',*,*,#945,.T.);
#563=ORIENTED_EDGE('',*,*,#946,.F.);
#564=ORIENTED_EDGE('',*,*,#947,.T.);
#565=ORIENTED_EDGE('',*,*,#948,.F.);
#566=ORIENTED_EDGE('',*,*,#949,.T.);
#567=ORIENTED_EDGE('',*,*,#950,.F.);
#568=ORIENTED_EDGE('',*,*,#951,.F.);
#569=ORIENTED_EDGE('',*,*,#841,.F.);
#570=ORIENTED_EDGE('',*,*,#952,.T.);
#571=ORIENTED_EDGE('',*,*,#933,.T.);
#572=ORIENTED_EDGE('',*,*,#840,.F.);
#573=ORIENTED_EDGE('',*,*,#844,.T.);
#574=ORIENTED_EDGE('',*,*,#847,.F.);
#575=ORIENTED_EDGE('',*,*,#850,.T.);
#576=ORIENTED_EDGE('',*,*,#853,.F.);
#577=ORIENTED_EDGE('',*,*,#856,.F.);
#578=ORIENTED_EDGE('',*,*,#859,.T.);
#579=ORIENTED_EDGE('',*,*,#862,.T.);
#580=ORIENTED_EDGE('',*,*,#865,.F.);
#581=ORIENTED_EDGE('',*,*,#868,.T.);
#582=ORIENTED_EDGE('',*,*,#871,.T.);
#583=ORIENTED_EDGE('',*,*,#874,.T.);
#584=ORIENTED_EDGE('',*,*,#877,.F.);
#585=ORIENTED_EDGE('',*,*,#880,.T.);
#586=ORIENTED_EDGE('',*,*,#883,.F.);
#587=ORIENTED_EDGE('',*,*,#886,.F.);
#588=ORIENTED_EDGE('',*,*,#889,.F.);
#589=ORIENTED_EDGE('',*,*,#892,.T.);
#590=ORIENTED_EDGE('',*,*,#895,.F.);
#591=ORIENTED_EDGE('',*,*,#898,.F.);
#592=ORIENTED_EDGE('',*,*,#901,.F.);
#593=ORIENTED_EDGE('',*,*,#904,.T.);
#594=ORIENTED_EDGE('',*,*,#907,.F.);
#595=ORIENTED_EDGE('',*,*,#910,.F.);
#596=ORIENTED_EDGE('',*,*,#913,.F.);
#597=ORIENTED_EDGE('',*,*,#916,.T.);
#598=ORIENTED_EDGE('',*,*,#919,.F.);
#599=ORIENTED_EDGE('',*,*,#922,.T.);
#600=ORIENTED_EDGE('',*,*,#925,.T.);
#601=ORIENTED_EDGE('',*,*,#928,.T.);
#602=ORIENTED_EDGE('',*,*,#931,.F.);
#603=ORIENTED_EDGE('',*,*,#934,.T.);
#604=ORIENTED_EDGE('',*,*,#952,.F.);
#605=ORIENTED_EDGE('',*,*,#949,.F.);
#606=ORIENTED_EDGE('',*,*,#947,.F.);
#607=ORIENTED_EDGE('',*,*,#824,.F.);
#608=ORIENTED_EDGE('',*,*,#945,.F.);
#609=ORIENTED_EDGE('',*,*,#943,.F.);
#610=ORIENTED_EDGE('',*,*,#830,.F.);
#611=ORIENTED_EDGE('',*,*,#834,.F.);
#612=ORIENTED_EDGE('',*,*,#837,.F.);
#613=ORIENTED_EDGE('',*,*,#942,.F.);
#614=ORIENTED_EDGE('',*,*,#940,.F.);
#615=ORIENTED_EDGE('',*,*,#937,.T.);
#616=ORIENTED_EDGE('',*,*,#936,.F.);
#617=ORIENTED_EDGE('',*,*,#822,.F.);
#618=ORIENTED_EDGE('',*,*,#820,.F.);
#619=ORIENTED_EDGE('',*,*,#826,.F.);
#620=ORIENTED_EDGE('',*,*,#953,.F.);
#621=ORIENTED_EDGE('',*,*,#954,.F.);
#622=ORIENTED_EDGE('',*,*,#955,.F.);
#623=ORIENTED_EDGE('',*,*,#956,.F.);
#624=ORIENTED_EDGE('',*,*,#957,.F.);
#625=ORIENTED_EDGE('',*,*,#958,.F.);
#626=ORIENTED_EDGE('',*,*,#959,.F.);
#627=ORIENTED_EDGE('',*,*,#960,.F.);
#628=ORIENTED_EDGE('',*,*,#961,.F.);
#629=ORIENTED_EDGE('',*,*,#962,.F.);
#630=ORIENTED_EDGE('',*,*,#963,.F.);
#631=ORIENTED_EDGE('',*,*,#964,.F.);
#632=ORIENTED_EDGE('',*,*,#965,.F.);
#633=ORIENTED_EDGE('',*,*,#966,.F.);
#634=ORIENTED_EDGE('',*,*,#967,.F.);
#635=ORIENTED_EDGE('',*,*,#968,.F.);
#636=ORIENTED_EDGE('',*,*,#969,.F.);
#637=ORIENTED_EDGE('',*,*,#970,.F.);
#638=ORIENTED_EDGE('',*,*,#971,.F.);
#639=ORIENTED_EDGE('',*,*,#972,.F.);
#640=ORIENTED_EDGE('',*,*,#973,.F.);
#641=ORIENTED_EDGE('',*,*,#974,.F.);
#642=ORIENTED_EDGE('',*,*,#975,.F.);
#643=ORIENTED_EDGE('',*,*,#976,.F.);
#644=ORIENTED_EDGE('',*,*,#838,.T.);
#645=ORIENTED_EDGE('',*,*,#951,.T.);
#646=ORIENTED_EDGE('',*,*,#932,.F.);
#647=ORIENTED_EDGE('',*,*,#929,.T.);
#648=ORIENTED_EDGE('',*,*,#926,.F.);
#649=ORIENTED_EDGE('',*,*,#923,.F.);
#650=ORIENTED_EDGE('',*,*,#920,.F.);
#651=ORIENTED_EDGE('',*,*,#917,.T.);
#652=ORIENTED_EDGE('',*,*,#914,.F.);
#653=ORIENTED_EDGE('',*,*,#911,.T.);
#654=ORIENTED_EDGE('',*,*,#908,.T.);
#655=ORIENTED_EDGE('',*,*,#905,.T.);
#656=ORIENTED_EDGE('',*,*,#902,.F.);
#657=ORIENTED_EDGE('',*,*,#899,.T.);
#658=ORIENTED_EDGE('',*,*,#896,.T.);
#659=ORIENTED_EDGE('',*,*,#893,.T.);
#660=ORIENTED_EDGE('',*,*,#890,.F.);
#661=ORIENTED_EDGE('',*,*,#887,.T.);
#662=ORIENTED_EDGE('',*,*,#884,.T.);
#663=ORIENTED_EDGE('',*,*,#881,.T.);
#664=ORIENTED_EDGE('',*,*,#878,.F.);
#665=ORIENTED_EDGE('',*,*,#875,.T.);
#666=ORIENTED_EDGE('',*,*,#872,.F.);
#667=ORIENTED_EDGE('',*,*,#869,.F.);
#668=ORIENTED_EDGE('',*,*,#866,.F.);
#669=ORIENTED_EDGE('',*,*,#863,.T.);
#670=ORIENTED_EDGE('',*,*,#860,.F.);
#671=ORIENTED_EDGE('',*,*,#857,.F.);
#672=ORIENTED_EDGE('',*,*,#854,.T.);
#673=ORIENTED_EDGE('',*,*,#851,.T.);
#674=ORIENTED_EDGE('',*,*,#848,.F.);
#675=ORIENTED_EDGE('',*,*,#845,.T.);
#676=ORIENTED_EDGE('',*,*,#842,.F.);
#677=ORIENTED_EDGE('',*,*,#950,.T.);
#678=ORIENTED_EDGE('',*,*,#948,.T.);
#679=ORIENTED_EDGE('',*,*,#946,.T.);
#680=ORIENTED_EDGE('',*,*,#944,.T.);
#681=ORIENTED_EDGE('',*,*,#828,.T.);
#682=ORIENTED_EDGE('',*,*,#941,.T.);
#683=ORIENTED_EDGE('',*,*,#835,.T.);
#684=ORIENTED_EDGE('',*,*,#832,.T.);
#685=ORIENTED_EDGE('',*,*,#938,.F.);
#686=ORIENTED_EDGE('',*,*,#977,.T.);
#687=ORIENTED_EDGE('',*,*,#978,.T.);
#688=ORIENTED_EDGE('',*,*,#979,.T.);
#689=ORIENTED_EDGE('',*,*,#977,.F.);
#690=ORIENTED_EDGE('',*,*,#979,.F.);
#691=ORIENTED_EDGE('',*,*,#939,.T.);
#692=ORIENTED_EDGE('',*,*,#980,.T.);
#693=ORIENTED_EDGE('',*,*,#978,.F.);
#694=ORIENTED_EDGE('',*,*,#980,.F.);
#695=ORIENTED_EDGE('',*,*,#935,.T.);
#696=ORIENTED_EDGE('',*,*,#972,.T.);
#697=ORIENTED_EDGE('',*,*,#981,.F.);
#698=ORIENTED_EDGE('',*,*,#982,.F.);
#699=ORIENTED_EDGE('',*,*,#983,.T.);
#700=ORIENTED_EDGE('',*,*,#971,.T.);
#701=ORIENTED_EDGE('',*,*,#984,.F.);
#702=ORIENTED_EDGE('',*,*,#985,.F.);
#703=ORIENTED_EDGE('',*,*,#981,.T.);
#704=ORIENTED_EDGE('',*,*,#976,.T.);
#705=ORIENTED_EDGE('',*,*,#986,.F.);
#706=ORIENTED_EDGE('',*,*,#987,.F.);
#707=ORIENTED_EDGE('',*,*,#984,.T.);
#708=ORIENTED_EDGE('',*,*,#975,.T.);
#709=ORIENTED_EDGE('',*,*,#988,.F.);
#710=ORIENTED_EDGE('',*,*,#989,.F.);
#711=ORIENTED_EDGE('',*,*,#986,.T.);
#712=ORIENTED_EDGE('',*,*,#974,.T.);
#713=ORIENTED_EDGE('',*,*,#990,.F.);
#714=ORIENTED_EDGE('',*,*,#991,.F.);
#715=ORIENTED_EDGE('',*,*,#988,.T.);
#716=ORIENTED_EDGE('',*,*,#973,.T.);
#717=ORIENTED_EDGE('',*,*,#983,.F.);
#718=ORIENTED_EDGE('',*,*,#992,.F.);
#719=ORIENTED_EDGE('',*,*,#990,.T.);
#720=ORIENTED_EDGE('',*,*,#825,.F.);
#721=ORIENTED_EDGE('',*,*,#982,.T.);
#722=ORIENTED_EDGE('',*,*,#985,.T.);
#723=ORIENTED_EDGE('',*,*,#987,.T.);
#724=ORIENTED_EDGE('',*,*,#989,.T.);
#725=ORIENTED_EDGE('',*,*,#991,.T.);
#726=ORIENTED_EDGE('',*,*,#992,.T.);
#727=ORIENTED_EDGE('',*,*,#966,.T.);
#728=ORIENTED_EDGE('',*,*,#993,.F.);
#729=ORIENTED_EDGE('',*,*,#994,.F.);
#730=ORIENTED_EDGE('',*,*,#995,.T.);
#731=ORIENTED_EDGE('',*,*,#965,.T.);
#732=ORIENTED_EDGE('',*,*,#996,.F.);
#733=ORIENTED_EDGE('',*,*,#997,.F.);
#734=ORIENTED_EDGE('',*,*,#993,.T.);
#735=ORIENTED_EDGE('',*,*,#970,.T.);
#736=ORIENTED_EDGE('',*,*,#998,.F.);
#737=ORIENTED_EDGE('',*,*,#999,.F.);
#738=ORIENTED_EDGE('',*,*,#996,.T.);
#739=ORIENTED_EDGE('',*,*,#969,.T.);
#740=ORIENTED_EDGE('',*,*,#1000,.F.);
#741=ORIENTED_EDGE('',*,*,#1001,.F.);
#742=ORIENTED_EDGE('',*,*,#998,.T.);
#743=ORIENTED_EDGE('',*,*,#968,.T.);
#744=ORIENTED_EDGE('',*,*,#1002,.F.);
#745=ORIENTED_EDGE('',*,*,#1003,.F.);
#746=ORIENTED_EDGE('',*,*,#1000,.T.);
#747=ORIENTED_EDGE('',*,*,#967,.T.);
#748=ORIENTED_EDGE('',*,*,#995,.F.);
#749=ORIENTED_EDGE('',*,*,#1004,.F.);
#750=ORIENTED_EDGE('',*,*,#1002,.T.);
#751=ORIENTED_EDGE('',*,*,#827,.F.);
#752=ORIENTED_EDGE('',*,*,#994,.T.);
#753=ORIENTED_EDGE('',*,*,#997,.T.);
#754=ORIENTED_EDGE('',*,*,#999,.T.);
#755=ORIENTED_EDGE('',*,*,#1001,.T.);
#756=ORIENTED_EDGE('',*,*,#1003,.T.);
#757=ORIENTED_EDGE('',*,*,#1004,.T.);
#758=ORIENTED_EDGE('',*,*,#960,.T.);
#759=ORIENTED_EDGE('',*,*,#1005,.F.);
#760=ORIENTED_EDGE('',*,*,#1006,.F.);
#761=ORIENTED_EDGE('',*,*,#1007,.T.);
#762=ORIENTED_EDGE('',*,*,#959,.T.);
#763=ORIENTED_EDGE('',*,*,#1008,.F.);
#764=ORIENTED_EDGE('',*,*,#1009,.F.);
#765=ORIENTED_EDGE('',*,*,#1005,.T.);
#766=ORIENTED_EDGE('',*,*,#964,.T.);
#767=ORIENTED_EDGE('',*,*,#1010,.F.);
#768=ORIENTED_EDGE('',*,*,#1011,.F.);
#769=ORIENTED_EDGE('',*,*,#1008,.T.);
#770=ORIENTED_EDGE('',*,*,#963,.T.);
#771=ORIENTED_EDGE('',*,*,#1012,.F.);
#772=ORIENTED_EDGE('',*,*,#1013,.F.);
#773=ORIENTED_EDGE('',*,*,#1010,.T.);
#774=ORIENTED_EDGE('',*,*,#962,.T.);
#775=ORIENTED_EDGE('',*,*,#1014,.F.);
#776=ORIENTED_EDGE('',*,*,#1015,.F.);
#777=ORIENTED_EDGE('',*,*,#1012,.T.);
#778=ORIENTED_EDGE('',*,*,#961,.T.);
#779=ORIENTED_EDGE('',*,*,#1007,.F.);
#780=ORIENTED_EDGE('',*,*,#1016,.F.);
#781=ORIENTED_EDGE('',*,*,#1014,.T.);
#782=ORIENTED_EDGE('',*,*,#821,.F.);
#783=ORIENTED_EDGE('',*,*,#1006,.T.);
#784=ORIENTED_EDGE('',*,*,#1009,.T.);
#785=ORIENTED_EDGE('',*,*,#1011,.T.);
#786=ORIENTED_EDGE('',*,*,#1013,.T.);
#787=ORIENTED_EDGE('',*,*,#1015,.T.);
#788=ORIENTED_EDGE('',*,*,#1016,.T.);
#789=ORIENTED_EDGE('',*,*,#954,.T.);
#790=ORIENTED_EDGE('',*,*,#1017,.F.);
#791=ORIENTED_EDGE('',*,*,#1018,.F.);
#792=ORIENTED_EDGE('',*,*,#1019,.T.);
#793=ORIENTED_EDGE('',*,*,#953,.T.);
#794=ORIENTED_EDGE('',*,*,#1020,.F.);
#795=ORIENTED_EDGE('',*,*,#1021,.F.);
#796=ORIENTED_EDGE('',*,*,#1017,.T.);
#797=ORIENTED_EDGE('',*,*,#958,.T.);
#798=ORIENTED_EDGE('',*,*,#1022,.F.);
#799=ORIENTED_EDGE('',*,*,#1023,.F.);
#800=ORIENTED_EDGE('',*,*,#1020,.T.);
#801=ORIENTED_EDGE('',*,*,#957,.T.);
#802=ORIENTED_EDGE('',*,*,#1024,.F.);
#803=ORIENTED_EDGE('',*,*,#1025,.F.);
#804=ORIENTED_EDGE('',*,*,#1022,.T.);
#805=ORIENTED_EDGE('',*,*,#956,.T.);
#806=ORIENTED_EDGE('',*,*,#1026,.F.);
#807=ORIENTED_EDGE('',*,*,#1027,.F.);
#808=ORIENTED_EDGE('',*,*,#1024,.T.);
#809=ORIENTED_EDGE('',*,*,#955,.T.);
#810=ORIENTED_EDGE('',*,*,#1019,.F.);
#811=ORIENTED_EDGE('',*,*,#1028,.F.);
#812=ORIENTED_EDGE('',*,*,#1026,.T.);
#813=ORIENTED_EDGE('',*,*,#823,.F.);
#814=ORIENTED_EDGE('',*,*,#1018,.T.);
#815=ORIENTED_EDGE('',*,*,#1021,.T.);
#816=ORIENTED_EDGE('',*,*,#1023,.T.);
#817=ORIENTED_EDGE('',*,*,#1025,.T.);
#818=ORIENTED_EDGE('',*,*,#1027,.T.);
#819=ORIENTED_EDGE('',*,*,#1028,.T.);
#820=EDGE_CURVE('',#1029,#1029,#1177,.T.);
#821=EDGE_CURVE('',#1030,#1030,#1178,.T.);
#822=EDGE_CURVE('',#1031,#1031,#1179,.T.);
#823=EDGE_CURVE('',#1032,#1032,#1180,.T.);
#824=EDGE_CURVE('',#1033,#1033,#1181,.T.);
#825=EDGE_CURVE('',#1034,#1034,#1182,.T.);
#826=EDGE_CURVE('',#1035,#1035,#1183,.T.);
#827=EDGE_CURVE('',#1036,#1036,#1184,.T.);
#828=EDGE_CURVE('',#1037,#1038,#12,.T.);
#829=EDGE_CURVE('',#1039,#1037,#13,.T.);
#830=EDGE_CURVE('',#1039,#1040,#14,.T.);
#831=EDGE_CURVE('',#1040,#1038,#15,.T.);
#832=EDGE_CURVE('',#1041,#1037,#16,.T.);
#833=EDGE_CURVE('',#1042,#1041,#17,.T.);
#834=EDGE_CURVE('',#1042,#1039,#18,.T.);
#835=EDGE_CURVE('',#1043,#1041,#19,.T.);
#836=EDGE_CURVE('',#1044,#1043,#20,.T.);
#837=EDGE_CURVE('',#1044,#1042,#21,.T.);
#838=EDGE_CURVE('',#1045,#1046,#22,.T.);
#839=EDGE_CURVE('',#1047,#1045,#23,.T.);
#840=EDGE_CURVE('',#1047,#1048,#24,.T.);
#841=EDGE_CURVE('',#1048,#1046,#25,.T.);
#842=EDGE_CURVE('',#1045,#1049,#26,.T.);
#843=EDGE_CURVE('',#1050,#1049,#27,.T.);
#844=EDGE_CURVE('',#1047,#1050,#28,.T.);
#845=EDGE_CURVE('',#1051,#1049,#29,.T.);
#846=EDGE_CURVE('',#1052,#1051,#30,.T.);
#847=EDGE_CURVE('',#1052,#1050,#31,.T.);
#848=EDGE_CURVE('',#1051,#1053,#32,.T.);
#849=EDGE_CURVE('',#1054,#1053,#33,.T.);
#850=EDGE_CURVE('',#1052,#1054,#34,.T.);
#851=EDGE_CURVE('',#1055,#1053,#35,.T.);
#852=EDGE_CURVE('',#1056,#1055,#36,.T.);
#853=EDGE_CURVE('',#1056,#1054,#37,.T.);
#854=EDGE_CURVE('',#1057,#1055,#1185,.T.);
#855=EDGE_CURVE('',#1058,#1057,#38,.T.);
#856=EDGE_CURVE('',#1058,#1056,#1186,.T.);
#857=EDGE_CURVE('',#1057,#1059,#39,.T.);
#858=EDGE_CURVE('',#1060,#1059,#40,.T.);
#859=EDGE_CURVE('',#1058,#1060,#41,.T.);
#860=EDGE_CURVE('',#1059,#1061,#42,.T.);
#861=EDGE_CURVE('',#1062,#1061,#43,.T.);
#862=EDGE_CURVE('',#1060,#1062,#44,.T.);
#863=EDGE_CURVE('',#1063,#1061,#1187,.T.);
#864=EDGE_CURVE('',#1064,#1063,#45,.T.);
#865=EDGE_CURVE('',#1064,#1062,#1188,.T.);
#866=EDGE_CURVE('',#1063,#1065,#46,.T.);
#867=EDGE_CURVE('',#1066,#1065,#47,.T.);
#868=EDGE_CURVE('',#1064,#1066,#48,.T.);
#869=EDGE_CURVE('',#1065,#1067,#49,.T.);
#870=EDGE_CURVE('',#1068,#1067,#50,.T.);
#871=EDGE_CURVE('',#1066,#1068,#51,.T.);
#872=EDGE_CURVE('',#1067,#1069,#52,.T.);
#873=EDGE_CURVE('',#1070,#1069,#53,.T.);
#874=EDGE_CURVE('',#1068,#1070,#54,.T.);
#875=EDGE_CURVE('',#1071,#1069,#1189,.T.);
#876=EDGE_CURVE('',#1072,#1071,#55,.T.);
#877=EDGE_CURVE('',#1072,#1070,#1190,.T.);
#878=EDGE_CURVE('',#1071,#1073,#56,.T.);
#879=EDGE_CURVE('',#1074,#1073,#57,.T.);
#880=EDGE_CURVE('',#1072,#1074,#58,.T.);
#881=EDGE_CURVE('',#1075,#1073,#1191,.T.);
#882=EDGE_CURVE('',#1076,#1075,#59,.T.);
#883=EDGE_CURVE('',#1076,#1074,#1192,.T.);
#884=EDGE_CURVE('',#1077,#1075,#60,.T.);
#885=EDGE_CURVE('',#1078,#1077,#61,.T.);
#886=EDGE_CURVE('',#1078,#1076,#62,.T.);
#887=EDGE_CURVE('',#1079,#1077,#63,.T.);
#888=EDGE_CURVE('',#1080,#1079,#64,.T.);
#889=EDGE_CURVE('',#1080,#1078,#65,.T.);
#890=EDGE_CURVE('',#1079,#1081,#66,.T.);
#891=EDGE_CURVE('',#1082,#1081,#67,.T.);
#892=EDGE_CURVE('',#1080,#1082,#68,.T.);
#893=EDGE_CURVE('',#1083,#1081,#69,.T.);
#894=EDGE_CURVE('',#1084,#1083,#70,.T.);
#895=EDGE_CURVE('',#1084,#1082,#71,.T.);
#896=EDGE_CURVE('',#1085,#1083,#72,.T.);
#897=EDGE_CURVE('',#1086,#1085,#73,.T.);
#898=EDGE_CURVE('',#1086,#1084,#74,.T.);
#899=EDGE_CURVE('',#1087,#1085,#1193,.T.);
#900=EDGE_CURVE('',#1088,#1087,#75,.T.);
#901=EDGE_CURVE('',#1088,#1086,#1194,.T.);
#902=EDGE_CURVE('',#1087,#1089,#76,.T.);
#903=EDGE_CURVE('',#1090,#1089,#77,.T.);
#904=EDGE_CURVE('',#1088,#1090,#78,.T.);
#905=EDGE_CURVE('',#1091,#1089,#79,.T.);
#906=EDGE_CURVE('',#1092,#1091,#80,.T.);
#907=EDGE_CURVE('',#1092,#1090,#81,.T.);
#908=EDGE_CURVE('',#1093,#1091,#82,.T.);
#909=EDGE_CURVE('',#1094,#1093,#83,.T.);
#910=EDGE_CURVE('',#1094,#1092,#84,.T.);
#911=EDGE_CURVE('',#1095,#1093,#1195,.T.);
#912=EDGE_CURVE('',#1096,#1095,#85,.T.);
#913=EDGE_CURVE('',#1096,#1094,#1196,.T.);
#914=EDGE_CURVE('',#1095,#1097,#86,.T.);
#915=EDGE_CURVE('',#1098,#1097,#87,.T.);
#916=EDGE_CURVE('',#1096,#1098,#88,.T.);
#917=EDGE_CURVE('',#1099,#1097,#1197,.T.);
#918=EDGE_CURVE('',#1100,#1099,#89,.T.);
#919=EDGE_CURVE('',#1100,#1098,#1198,.T.);
#920=EDGE_CURVE('',#1099,#1101,#90,.T.);
#921=EDGE_CURVE('',#1102,#1101,#91,.T.);
#922=EDGE_CURVE('',#1100,#1102,#92,.T.);
#923=EDGE_CURVE('',#1101,#1103,#93,.T.);
#924=EDGE_CURVE('',#1104,#1103,#94,.T.);
#925=EDGE_CURVE('',#1102,#1104,#95,.T.);
#926=EDGE_CURVE('',#1103,#1105,#96,.T.);
#927=EDGE_CURVE('',#1106,#1105,#97,.T.);
#928=EDGE_CURVE('',#1104,#1106,#98,.T.);
#929=EDGE_CURVE('',#1107,#1105,#1199,.T.);
#930=EDGE_CURVE('',#1108,#1107,#99,.T.);
#931=EDGE_CURVE('',#1108,#1106,#1200,.T.);
#932=EDGE_CURVE('',#1107,#1109,#100,.T.);
#933=EDGE_CURVE('',#1110,#1109,#101,.T.);
#934=EDGE_CURVE('',#1108,#1110,#102,.T.);
#935=EDGE_CURVE('',#1111,#1111,#1201,.T.);
#936=EDGE_CURVE('',#1112,#1112,#1202,.T.);
#937=EDGE_CURVE('',#1113,#1113,#1203,.F.);
#938=EDGE_CURVE('',#1114,#1114,#1204,.F.);
#939=EDGE_CURVE('',#1115,#1115,#1205,.T.);
#940=EDGE_CURVE('',#1116,#1116,#1206,.T.);
#941=EDGE_CURVE('',#1038,#1043,#103,.T.);
#942=EDGE_CURVE('',#1040,#1044,#104,.T.);
#943=EDGE_CURVE('',#1117,#1117,#1207,.T.);
#944=EDGE_CURVE('',#1118,#1118,#1208,.T.);
#945=EDGE_CURVE('',#1119,#1119,#1209,.T.);
#946=EDGE_CURVE('',#1120,#1120,#1210,.T.);
#947=EDGE_CURVE('',#1121,#1121,#1211,.T.);
#948=EDGE_CURVE('',#1122,#1122,#1212,.T.);
#949=EDGE_CURVE('',#1123,#1123,#1213,.T.);
#950=EDGE_CURVE('',#1124,#1124,#1214,.T.);
#951=EDGE_CURVE('',#1046,#1109,#1215,.T.);
#952=EDGE_CURVE('',#1048,#1110,#1216,.T.);
#953=EDGE_CURVE('',#1125,#1126,#105,.T.);
#954=EDGE_CURVE('',#1127,#1125,#106,.T.);
#955=EDGE_CURVE('',#1128,#1127,#107,.T.);
#956=EDGE_CURVE('',#1129,#1128,#108,.T.);
#957=EDGE_CURVE('',#1130,#1129,#109,.T.);
#958=EDGE_CURVE('',#1126,#1130,#110,.T.);
#959=EDGE_CURVE('',#1131,#1132,#111,.T.);
#960=EDGE_CURVE('',#1133,#1131,#112,.T.);
#961=EDGE_CURVE('',#1134,#1133,#113,.T.);
#962=EDGE_CURVE('',#1135,#1134,#114,.T.);
#963=EDGE_CURVE('',#1136,#1135,#115,.T.);
#964=EDGE_CURVE('',#1132,#1136,#116,.T.);
#965=EDGE_CURVE('',#1137,#1138,#117,.T.);
#966=EDGE_CURVE('',#1139,#1137,#118,.T.);
#967=EDGE_CURVE('',#1140,#1139,#119,.T.);
#968=EDGE_CURVE('',#1141,#1140,#120,.T.);
#969=EDGE_CURVE('',#1142,#1141,#121,.T.);
#970=EDGE_CURVE('',#1138,#1142,#122,.T.);
#971=EDGE_CURVE('',#1143,#1144,#123,.T.);
#972=EDGE_CURVE('',#1145,#1143,#124,.T.);
#973=EDGE_CURVE('',#1146,#1145,#125,.T.);
#974=EDGE_CURVE('',#1147,#1146,#126,.T.);
#975=EDGE_CURVE('',#1148,#1147,#127,.T.);
#976=EDGE_CURVE('',#1144,#1148,#128,.T.);
#977=EDGE_CURVE('',#1149,#1149,#1217,.T.);
#978=EDGE_CURVE('',#1150,#1150,#1218,.T.);
#979=EDGE_CURVE('',#1151,#1151,#1219,.T.);
#980=EDGE_CURVE('',#1152,#1152,#1220,.T.);
#981=EDGE_CURVE('',#1153,#1143,#129,.T.);
#982=EDGE_CURVE('',#1154,#1153,#130,.T.);
#983=EDGE_CURVE('',#1154,#1145,#131,.T.);
#984=EDGE_CURVE('',#1155,#1144,#132,.T.);
#985=EDGE_CURVE('',#1153,#1155,#133,.T.);
#986=EDGE_CURVE('',#1156,#1148,#134,.T.);
#987=EDGE_CURVE('',#1155,#1156,#135,.T.);
#988=EDGE_CURVE('',#1157,#1147,#136,.T.);
#989=EDGE_CURVE('',#1156,#1157,#137,.T.);
#990=EDGE_CURVE('',#1158,#1146,#138,.T.);
#991=EDGE_CURVE('',#1157,#1158,#139,.T.);
#992=EDGE_CURVE('',#1158,#1154,#140,.T.);
#993=EDGE_CURVE('',#1159,#1137,#141,.T.);
#994=EDGE_CURVE('',#1160,#1159,#142,.T.);
#995=EDGE_CURVE('',#1160,#1139,#143,.T.);
#996=EDGE_CURVE('',#1161,#1138,#144,.T.);
#997=EDGE_CURVE('',#1159,#1161,#145,.T.);
#998=EDGE_CURVE('',#1162,#1142,#146,.T.);
#999=EDGE_CURVE('',#1161,#1162,#147,.T.);
#1000=EDGE_CURVE('',#1163,#1141,#148,.T.);
#1001=EDGE_CURVE('',#1162,#1163,#149,.T.);
#1002=EDGE_CURVE('',#1164,#1140,#150,.T.);
#1003=EDGE_CURVE('',#1163,#1164,#151,.T.);
#1004=EDGE_CURVE('',#1164,#1160,#152,.T.);
#1005=EDGE_CURVE('',#1165,#1131,#153,.T.);
#1006=EDGE_CURVE('',#1166,#1165,#154,.T.);
#1007=EDGE_CURVE('',#1166,#1133,#155,.T.);
#1008=EDGE_CURVE('',#1167,#1132,#156,.T.);
#1009=EDGE_CURVE('',#1165,#1167,#157,.T.);
#1010=EDGE_CURVE('',#1168,#1136,#158,.T.);
#1011=EDGE_CURVE('',#1167,#1168,#159,.T.);
#1012=EDGE_CURVE('',#1169,#1135,#160,.T.);
#1013=EDGE_CURVE('',#1168,#1169,#161,.T.);
#1014=EDGE_CURVE('',#1170,#1134,#162,.T.);
#1015=EDGE_CURVE('',#1169,#1170,#163,.T.);
#1016=EDGE_CURVE('',#1170,#1166,#164,.T.);
#1017=EDGE_CURVE('',#1171,#1125,#165,.T.);
#1018=EDGE_CURVE('',#1172,#1171,#166,.T.);
#1019=EDGE_CURVE('',#1172,#1127,#167,.T.);
#1020=EDGE_CURVE('',#1173,#1126,#168,.T.);
#1021=EDGE_CURVE('',#1171,#1173,#169,.T.);
#1022=EDGE_CURVE('',#1174,#1130,#170,.T.);
#1023=EDGE_CURVE('',#1173,#1174,#171,.T.);
#1024=EDGE_CURVE('',#1175,#1129,#172,.T.);
#1025=EDGE_CURVE('',#1174,#1175,#173,.T.);
#1026=EDGE_CURVE('',#1176,#1128,#174,.T.);
#1027=EDGE_CURVE('',#1175,#1176,#175,.T.);
#1028=EDGE_CURVE('',#1176,#1172,#176,.T.);
#1029=VERTEX_POINT('',#2136);
#1030=VERTEX_POINT('',#2138);
#1031=VERTEX_POINT('',#2141);
#1032=VERTEX_POINT('',#2143);
#1033=VERTEX_POINT('',#2146);
#1034=VERTEX_POINT('',#2148);
#1035=VERTEX_POINT('',#2151);
#1036=VERTEX_POINT('',#2153);
#1037=VERTEX_POINT('',#2156);
#1038=VERTEX_POINT('',#2157);
#1039=VERTEX_POINT('',#2159);
#1040=VERTEX_POINT('',#2161);
#1041=VERTEX_POINT('',#2165);
#1042=VERTEX_POINT('',#2167);
#1043=VERTEX_POINT('',#2171);
#1044=VERTEX_POINT('',#2173);
#1045=VERTEX_POINT('',#2177);
#1046=VERTEX_POINT('',#2178);
#1047=VERTEX_POINT('',#2180);
#1048=VERTEX_POINT('',#2182);
#1049=VERTEX_POINT('',#2186);
#1050=VERTEX_POINT('',#2188);
#1051=VERTEX_POINT('',#2192);
#1052=VERTEX_POINT('',#2194);
#1053=VERTEX_POINT('',#2198);
#1054=VERTEX_POINT('',#2200);
#1055=VERTEX_POINT('',#2204);
#1056=VERTEX_POINT('',#2206);
#1057=VERTEX_POINT('',#2210);
#1058=VERTEX_POINT('',#2212);
#1059=VERTEX_POINT('',#2216);
#1060=VERTEX_POINT('',#2218);
#1061=VERTEX_POINT('',#2222);
#1062=VERTEX_POINT('',#2224);
#1063=VERTEX_POINT('',#2228);
#1064=VERTEX_POINT('',#2230);
#1065=VERTEX_POINT('',#2234);
#1066=VERTEX_POINT('',#2236);
#1067=VERTEX_POINT('',#2240);
#1068=VERTEX_POINT('',#2242);
#1069=VERTEX_POINT('',#2246);
#1070=VERTEX_POINT('',#2248);
#1071=VERTEX_POINT('',#2252);
#1072=VERTEX_POINT('',#2254);
#1073=VERTEX_POINT('',#2258);
#1074=VERTEX_POINT('',#2260);
#1075=VERTEX_POINT('',#2264);
#1076=VERTEX_POINT('',#2266);
#1077=VERTEX_POINT('',#2270);
#1078=VERTEX_POINT('',#2272);
#1079=VERTEX_POINT('',#2276);
#1080=VERTEX_POINT('',#2278);
#1081=VERTEX_POINT('',#2282);
#1082=VERTEX_POINT('',#2284);
#1083=VERTEX_POINT('',#2288);
#1084=VERTEX_POINT('',#2290);
#1085=VERTEX_POINT('',#2294);
#1086=VERTEX_POINT('',#2296);
#1087=VERTEX_POINT('',#2300);
#1088=VERTEX_POINT('',#2302);
#1089=VERTEX_POINT('',#2306);
#1090=VERTEX_POINT('',#2308);
#1091=VERTEX_POINT('',#2312);
#1092=VERTEX_POINT('',#2314);
#1093=VERTEX_POINT('',#2318);
#1094=VERTEX_POINT('',#2320);
#1095=VERTEX_POINT('',#2324);
#1096=VERTEX_POINT('',#2326);
#1097=VERTEX_POINT('',#2330);
#1098=VERTEX_POINT('',#2332);
#1099=VERTEX_POINT('',#2336);
#1100=VERTEX_POINT('',#2338);
#1101=VERTEX_POINT('',#2342);
#1102=VERTEX_POINT('',#2344);
#1103=VERTEX_POINT('',#2348);
#1104=VERTEX_POINT('',#2350);
#1105=VERTEX_POINT('',#2354);
#1106=VERTEX_POINT('',#2356);
#1107=VERTEX_POINT('',#2360);
#1108=VERTEX_POINT('',#2362);
#1109=VERTEX_POINT('',#2366);
#1110=VERTEX_POINT('',#2368);
#1111=VERTEX_POINT('',#2372);
#1112=VERTEX_POINT('',#2374);
#1113=VERTEX_POINT('',#2377);
#1114=VERTEX_POINT('',#2379);
#1115=VERTEX_POINT('',#2382);
#1116=VERTEX_POINT('',#2384);
#1117=VERTEX_POINT('',#2390);
#1118=VERTEX_POINT('',#2392);
#1119=VERTEX_POINT('',#2395);
#1120=VERTEX_POINT('',#2397);
#1121=VERTEX_POINT('',#2400);
#1122=VERTEX_POINT('',#2402);
#1123=VERTEX_POINT('',#2405);
#1124=VERTEX_POINT('',#2407);
#1125=VERTEX_POINT('',#2414);
#1126=VERTEX_POINT('',#2415);
#1127=VERTEX_POINT('',#2417);
#1128=VERTEX_POINT('',#2419);
#1129=VERTEX_POINT('',#2421);
#1130=VERTEX_POINT('',#2423);
#1131=VERTEX_POINT('',#2426);
#1132=VERTEX_POINT('',#2427);
#1133=VERTEX_POINT('',#2429);
#1134=VERTEX_POINT('',#2431);
#1135=VERTEX_POINT('',#2433);
#1136=VERTEX_POINT('',#2435);
#1137=VERTEX_POINT('',#2438);
#1138=VERTEX_POINT('',#2439);
#1139=VERTEX_POINT('',#2441);
#1140=VERTEX_POINT('',#2443);
#1141=VERTEX_POINT('',#2445);
#1142=VERTEX_POINT('',#2447);
#1143=VERTEX_POINT('',#2450);
#1144=VERTEX_POINT('',#2451);
#1145=VERTEX_POINT('',#2453);
#1146=VERTEX_POINT('',#2455);
#1147=VERTEX_POINT('',#2457);
#1148=VERTEX_POINT('',#2459);
#1149=VERTEX_POINT('',#2462);
#1150=VERTEX_POINT('',#2464);
#1151=VERTEX_POINT('',#2467);
#1152=VERTEX_POINT('',#2471);
#1153=VERTEX_POINT('',#2475);
#1154=VERTEX_POINT('',#2477);
#1155=VERTEX_POINT('',#2481);
#1156=VERTEX_POINT('',#2485);
#1157=VERTEX_POINT('',#2489);
#1158=VERTEX_POINT('',#2493);
#1159=VERTEX_POINT('',#2500);
#1160=VERTEX_POINT('',#2502);
#1161=VERTEX_POINT('',#2506);
#1162=VERTEX_POINT('',#2510);
#1163=VERTEX_POINT('',#2514);
#1164=VERTEX_POINT('',#2518);
#1165=VERTEX_POINT('',#2525);
#1166=VERTEX_POINT('',#2527);
#1167=VERTEX_POINT('',#2531);
#1168=VERTEX_POINT('',#2535);
#1169=VERTEX_POINT('',#2539);
#1170=VERTEX_POINT('',#2543);
#1171=VERTEX_POINT('',#2550);
#1172=VERTEX_POINT('',#2552);
#1173=VERTEX_POINT('',#2556);
#1174=VERTEX_POINT('',#2560);
#1175=VERTEX_POINT('',#2564);
#1176=VERTEX_POINT('',#2568);
#1177=CIRCLE('',#1589,0.00235);
#1178=CIRCLE('',#1590,0.00235);
#1179=CIRCLE('',#1592,0.00235);
#1180=CIRCLE('',#1593,0.00235);
#1181=CIRCLE('',#1595,0.00235);
#1182=CIRCLE('',#1596,0.00235);
#1183=CIRCLE('',#1598,0.00235);
#1184=CIRCLE('',#1599,0.00235);
#1185=CIRCLE('',#1609,0.004);
#1186=CIRCLE('',#1610,0.004);
#1187=CIRCLE('',#1614,0.004);
#1188=CIRCLE('',#1615,0.004);
#1189=CIRCLE('',#1620,0.004);
#1190=CIRCLE('',#1621,0.004);
#1191=CIRCLE('',#1624,0.00399999999999995);
#1192=CIRCLE('',#1625,0.00399999999999995);
#1193=CIRCLE('',#1632,0.004);
#1194=CIRCLE('',#1633,0.004);
#1195=CIRCLE('',#1638,0.004);
#1196=CIRCLE('',#1639,0.004);
#1197=CIRCLE('',#1642,0.004);
#1198=CIRCLE('',#1643,0.004);
#1199=CIRCLE('',#1648,0.004);
#1200=CIRCLE('',#1649,0.004);
#1201=CIRCLE('',#1652,0.003);
#1202=CIRCLE('',#1653,0.003);
#1203=CIRCLE('',#1655,0.0022);
#1204=CIRCLE('',#1656,0.0022);
#1205=CIRCLE('',#1658,0.003);
#1206=CIRCLE('',#1659,0.003);
#1207=CIRCLE('',#1662,0.00235);
#1208=CIRCLE('',#1663,0.00235);
#1209=CIRCLE('',#1665,0.00235);
#1210=CIRCLE('',#1666,0.00235);
#1211=CIRCLE('',#1668,0.00235);
#1212=CIRCLE('',#1669,0.00235);
#1213=CIRCLE('',#1671,0.00235);
#1214=CIRCLE('',#1672,0.00235);
#1215=CIRCLE('',#1674,0.004);
#1216=CIRCLE('',#1675,0.004);
#1217=CIRCLE('',#1678,0.00165);
#1218=CIRCLE('',#1679,0.00165);
#1219=CIRCLE('',#1681,0.00165);
#1220=CIRCLE('',#1684,0.00165);
#1221=EDGE_LOOP('',(#402));
#1222=EDGE_LOOP('',(#403));
#1223=EDGE_LOOP('',(#404));
#1224=EDGE_LOOP('',(#405));
#1225=EDGE_LOOP('',(#406));
#1226=EDGE_LOOP('',(#407));
#1227=EDGE_LOOP('',(#408));
#1228=EDGE_LOOP('',(#409));
#1229=EDGE_LOOP('',(#410,#411,#412,#413));
#1230=EDGE_LOOP('',(#414,#415,#416,#417));
#1231=EDGE_LOOP('',(#418,#419,#420,#421));
#1232=EDGE_LOOP('',(#422,#423,#424,#425));
#1233=EDGE_LOOP('',(#426,#427,#428,#429));
#1234=EDGE_LOOP('',(#430,#431,#432,#433));
#1235=EDGE_LOOP('',(#434,#435,#436,#437));
#1236=EDGE_LOOP('',(#438,#439,#440,#441));
#1237=EDGE_LOOP('',(#442,#443,#444,#445));
#1238=EDGE_LOOP('',(#446,#447,#448,#449));
#1239=EDGE_LOOP('',(#450,#451,#452,#453));
#1240=EDGE_LOOP('',(#454,#455,#456,#457));
#1241=EDGE_LOOP('',(#458,#459,#460,#461));
#1242=EDGE_LOOP('',(#462,#463,#464,#465));
#1243=EDGE_LOOP('',(#466,#467,#468,#469));
#1244=EDGE_LOOP('',(#470,#471,#472,#473));
#1245=EDGE_LOOP('',(#474,#475,#476,#477));
#1246=EDGE_LOOP('',(#478,#479,#480,#481));
#1247=EDGE_LOOP('',(#482,#483,#484,#485));
#1248=EDGE_LOOP('',(#486,#487,#488,#489));
#1249=EDGE_LOOP('',(#490,#491,#492,#493));
#1250=EDGE_LOOP('',(#494,#495,#496,#497));
#1251=EDGE_LOOP('',(#498,#499,#500,#501));
#1252=EDGE_LOOP('',(#502,#503,#504,#505));
#1253=EDGE_LOOP('',(#506,#507,#508,#509));
#1254=EDGE_LOOP('',(#510,#511,#512,#513));
#1255=EDGE_LOOP('',(#514,#515,#516,#517));
#1256=EDGE_LOOP('',(#518,#519,#520,#521));
#1257=EDGE_LOOP('',(#522,#523,#524,#525));
#1258=EDGE_LOOP('',(#526,#527,#528,#529));
#1259=EDGE_LOOP('',(#530,#531,#532,#533));
#1260=EDGE_LOOP('',(#534,#535,#536,#537));
#1261=EDGE_LOOP('',(#538,#539,#540,#541));
#1262=EDGE_LOOP('',(#542,#543,#544,#545));
#1263=EDGE_LOOP('',(#546,#547,#548,#549));
#1264=EDGE_LOOP('',(#550));
#1265=EDGE_LOOP('',(#551));
#1266=EDGE_LOOP('',(#552));
#1267=EDGE_LOOP('',(#553));
#1268=EDGE_LOOP('',(#554));
#1269=EDGE_LOOP('',(#555));
#1270=EDGE_LOOP('',(#556,#557,#558,#559));
#1271=EDGE_LOOP('',(#560));
#1272=EDGE_LOOP('',(#561));
#1273=EDGE_LOOP('',(#562));
#1274=EDGE_LOOP('',(#563));
#1275=EDGE_LOOP('',(#564));
#1276=EDGE_LOOP('',(#565));
#1277=EDGE_LOOP('',(#566));
#1278=EDGE_LOOP('',(#567));
#1279=EDGE_LOOP('',(#568,#569,#570,#571));
#1280=EDGE_LOOP('',(#572,#573,#574,#575,#576,#577,#578,#579,#580,#581,#582,
#583,#584,#585,#586,#587,#588,#589,#590,#591,#592,#593,#594,#595,#596,#597,
#598,#599,#600,#601,#602,#603,#604));
#1281=EDGE_LOOP('',(#605));
#1282=EDGE_LOOP('',(#606));
#1283=EDGE_LOOP('',(#607));
#1284=EDGE_LOOP('',(#608));
#1285=EDGE_LOOP('',(#609));
#1286=EDGE_LOOP('',(#610,#611,#612,#613));
#1287=EDGE_LOOP('',(#614));
#1288=EDGE_LOOP('',(#615));
#1289=EDGE_LOOP('',(#616));
#1290=EDGE_LOOP('',(#617));
#1291=EDGE_LOOP('',(#618));
#1292=EDGE_LOOP('',(#619));
#1293=EDGE_LOOP('',(#620,#621,#622,#623,#624,#625));
#1294=EDGE_LOOP('',(#626,#627,#628,#629,#630,#631));
#1295=EDGE_LOOP('',(#632,#633,#634,#635,#636,#637));
#1296=EDGE_LOOP('',(#638,#639,#640,#641,#642,#643));
#1297=EDGE_LOOP('',(#644,#645,#646,#647,#648,#649,#650,#651,#652,#653,#654,
#655,#656,#657,#658,#659,#660,#661,#662,#663,#664,#665,#666,#667,#668,#669,
#670,#671,#672,#673,#674,#675,#676));
#1298=EDGE_LOOP('',(#677));
#1299=EDGE_LOOP('',(#678));
#1300=EDGE_LOOP('',(#679));
#1301=EDGE_LOOP('',(#680));
#1302=EDGE_LOOP('',(#681,#682,#683,#684));
#1303=EDGE_LOOP('',(#685));
#1304=EDGE_LOOP('',(#686));
#1305=EDGE_LOOP('',(#687));
#1306=EDGE_LOOP('',(#688));
#1307=EDGE_LOOP('',(#689));
#1308=EDGE_LOOP('',(#690));
#1309=EDGE_LOOP('',(#691));
#1310=EDGE_LOOP('',(#692));
#1311=EDGE_LOOP('',(#693));
#1312=EDGE_LOOP('',(#694));
#1313=EDGE_LOOP('',(#695));
#1314=EDGE_LOOP('',(#696,#697,#698,#699));
#1315=EDGE_LOOP('',(#700,#701,#702,#703));
#1316=EDGE_LOOP('',(#704,#705,#706,#707));
#1317=EDGE_LOOP('',(#708,#709,#710,#711));
#1318=EDGE_LOOP('',(#712,#713,#714,#715));
#1319=EDGE_LOOP('',(#716,#717,#718,#719));
#1320=EDGE_LOOP('',(#720));
#1321=EDGE_LOOP('',(#721,#722,#723,#724,#725,#726));
#1322=EDGE_LOOP('',(#727,#728,#729,#730));
#1323=EDGE_LOOP('',(#731,#732,#733,#734));
#1324=EDGE_LOOP('',(#735,#736,#737,#738));
#1325=EDGE_LOOP('',(#739,#740,#741,#742));
#1326=EDGE_LOOP('',(#743,#744,#745,#746));
#1327=EDGE_LOOP('',(#747,#748,#749,#750));
#1328=EDGE_LOOP('',(#751));
#1329=EDGE_LOOP('',(#752,#753,#754,#755,#756,#757));
#1330=EDGE_LOOP('',(#758,#759,#760,#761));
#1331=EDGE_LOOP('',(#762,#763,#764,#765));
#1332=EDGE_LOOP('',(#766,#767,#768,#769));
#1333=EDGE_LOOP('',(#770,#771,#772,#773));
#1334=EDGE_LOOP('',(#774,#775,#776,#777));
#1335=EDGE_LOOP('',(#778,#779,#780,#781));
#1336=EDGE_LOOP('',(#782));
#1337=EDGE_LOOP('',(#783,#784,#785,#786,#787,#788));
#1338=EDGE_LOOP('',(#789,#790,#791,#792));
#1339=EDGE_LOOP('',(#793,#794,#795,#796));
#1340=EDGE_LOOP('',(#797,#798,#799,#800));
#1341=EDGE_LOOP('',(#801,#802,#803,#804));
#1342=EDGE_LOOP('',(#805,#806,#807,#808));
#1343=EDGE_LOOP('',(#809,#810,#811,#812));
#1344=EDGE_LOOP('',(#813));
#1345=EDGE_LOOP('',(#814,#815,#816,#817,#818,#819));
#1346=FACE_BOUND('',#1221,.T.);
#1347=FACE_BOUND('',#1222,.T.);
#1348=FACE_BOUND('',#1223,.T.);
#1349=FACE_BOUND('',#1224,.T.);
#1350=FACE_BOUND('',#1225,.T.);
#1351=FACE_BOUND('',#1226,.T.);
#1352=FACE_BOUND('',#1227,.T.);
#1353=FACE_BOUND('',#1228,.T.);
#1354=FACE_BOUND('',#1229,.T.);
#1355=FACE_BOUND('',#1230,.T.);
#1356=FACE_BOUND('',#1231,.T.);
#1357=FACE_BOUND('',#1232,.T.);
#1358=FACE_BOUND('',#1233,.T.);
#1359=FACE_BOUND('',#1234,.T.);
#1360=FACE_BOUND('',#1235,.T.);
#1361=FACE_BOUND('',#1236,.T.);
#1362=FACE_BOUND('',#1237,.T.);
#1363=FACE_BOUND('',#1238,.T.);
#1364=FACE_BOUND('',#1239,.T.);
#1365=FACE_BOUND('',#1240,.T.);
#1366=FACE_BOUND('',#1241,.T.);
#1367=FACE_BOUND('',#1242,.T.);
#1368=FACE_BOUND('',#1243,.T.);
#1369=FACE_BOUND('',#1244,.T.);
#1370=FACE_BOUND('',#1245,.T.);
#1371=FACE_BOUND('',#1246,.T.);
#1372=FACE_BOUND('',#1247,.T.);
#1373=FACE_BOUND('',#1248,.T.);
#1374=FACE_BOUND('',#1249,.T.);
#1375=FACE_BOUND('',#1250,.T.);
#1376=FACE_BOUND('',#1251,.T.);
#1377=FACE_BOUND('',#1252,.T.);
#1378=FACE_BOUND('',#1253,.T.);
#1379=FACE_BOUND('',#1254,.T.);
#1380=FACE_BOUND('',#1255,.T.);
#1381=FACE_BOUND('',#1256,.T.);
#1382=FACE_BOUND('',#1257,.T.);
#1383=FACE_BOUND('',#1258,.T.);
#1384=FACE_BOUND('',#1259,.T.);
#1385=FACE_BOUND('',#1260,.T.);
#1386=FACE_BOUND('',#1261,.T.);
#1387=FACE_BOUND('',#1262,.T.);
#1388=FACE_BOUND('',#1263,.T.);
#1389=FACE_BOUND('',#1264,.T.);
#1390=FACE_BOUND('',#1265,.T.);
#1391=FACE_BOUND('',#1266,.T.);
#1392=FACE_BOUND('',#1267,.T.);
#1393=FACE_BOUND('',#1268,.T.);
#1394=FACE_BOUND('',#1269,.T.);
#1395=FACE_BOUND('',#1270,.T.);
#1396=FACE_BOUND('',#1271,.T.);
#1397=FACE_BOUND('',#1272,.T.);
#1398=FACE_BOUND('',#1273,.T.);
#1399=FACE_BOUND('',#1274,.T.);
#1400=FACE_BOUND('',#1275,.T.);
#1401=FACE_BOUND('',#1276,.T.);
#1402=FACE_BOUND('',#1277,.T.);
#1403=FACE_BOUND('',#1278,.T.);
#1404=FACE_BOUND('',#1279,.T.);
#1405=FACE_BOUND('',#1280,.T.);
#1406=FACE_BOUND('',#1281,.T.);
#1407=FACE_BOUND('',#1282,.T.);
#1408=FACE_BOUND('',#1283,.T.);
#1409=FACE_BOUND('',#1284,.T.);
#1410=FACE_BOUND('',#1285,.T.);
#1411=FACE_BOUND('',#1286,.T.);
#1412=FACE_BOUND('',#1287,.T.);
#1413=FACE_BOUND('',#1288,.T.);
#1414=FACE_BOUND('',#1289,.T.);
#1415=FACE_BOUND('',#1290,.T.);
#1416=FACE_BOUND('',#1291,.T.);
#1417=FACE_BOUND('',#1292,.T.);
#1418=FACE_BOUND('',#1293,.T.);
#1419=FACE_BOUND('',#1294,.T.);
#1420=FACE_BOUND('',#1295,.T.);
#1421=FACE_BOUND('',#1296,.T.);
#1422=FACE_BOUND('',#1297,.T.);
#1423=FACE_BOUND('',#1298,.T.);
#1424=FACE_BOUND('',#1299,.T.);
#1425=FACE_BOUND('',#1300,.T.);
#1426=FACE_BOUND('',#1301,.T.);
#1427=FACE_BOUND('',#1302,.T.);
#1428=FACE_BOUND('',#1303,.T.);
#1429=FACE_BOUND('',#1304,.T.);
#1430=FACE_BOUND('',#1305,.T.);
#1431=FACE_BOUND('',#1306,.T.);
#1432=FACE_BOUND('',#1307,.T.);
#1433=FACE_BOUND('',#1308,.T.);
#1434=FACE_BOUND('',#1309,.T.);
#1435=FACE_BOUND('',#1310,.T.);
#1436=FACE_BOUND('',#1311,.T.);
#1437=FACE_BOUND('',#1312,.T.);
#1438=FACE_BOUND('',#1313,.T.);
#1439=FACE_BOUND('',#1314,.T.);
#1440=FACE_BOUND('',#1315,.T.);
#1441=FACE_BOUND('',#1316,.T.);
#1442=FACE_BOUND('',#1317,.T.);
#1443=FACE_BOUND('',#1318,.T.);
#1444=FACE_BOUND('',#1319,.T.);
#1445=FACE_BOUND('',#1320,.T.);
#1446=FACE_BOUND('',#1321,.T.);
#1447=FACE_BOUND('',#1322,.T.);
#1448=FACE_BOUND('',#1323,.T.);
#1449=FACE_BOUND('',#1324,.T.);
#1450=FACE_BOUND('',#1325,.T.);
#1451=FACE_BOUND('',#1326,.T.);
#1452=FACE_BOUND('',#1327,.T.);
#1453=FACE_BOUND('',#1328,.T.);
#1454=FACE_BOUND('',#1329,.T.);
#1455=FACE_BOUND('',#1330,.T.);
#1456=FACE_BOUND('',#1331,.T.);
#1457=FACE_BOUND('',#1332,.T.);
#1458=FACE_BOUND('',#1333,.T.);
#1459=FACE_BOUND('',#1334,.T.);
#1460=FACE_BOUND('',#1335,.T.);
#1461=FACE_BOUND('',#1336,.T.);
#1462=FACE_BOUND('',#1337,.T.);
#1463=FACE_BOUND('',#1338,.T.);
#1464=FACE_BOUND('',#1339,.T.);
#1465=FACE_BOUND('',#1340,.T.);
#1466=FACE_BOUND('',#1341,.T.);
#1467=FACE_BOUND('',#1342,.T.);
#1468=FACE_BOUND('',#1343,.T.);
#1469=FACE_BOUND('',#1344,.T.);
#1470=FACE_BOUND('',#1345,.T.);
#1471=CYLINDRICAL_SURFACE('',#1588,0.00235);
#1472=CYLINDRICAL_SURFACE('',#1591,0.00235);
#1473=CYLINDRICAL_SURFACE('',#1594,0.00235);
#1474=CYLINDRICAL_SURFACE('',#1597,0.00235);
#1475=CYLINDRICAL_SURFACE('',#1608,0.004);
#1476=CYLINDRICAL_SURFACE('',#1613,0.004);
#1477=CYLINDRICAL_SURFACE('',#1619,0.004);
#1478=CYLINDRICAL_SURFACE('',#1623,0.00399999999999995);
#1479=CYLINDRICAL_SURFACE('',#1631,0.004);
#1480=CYLINDRICAL_SURFACE('',#1637,0.004);
#1481=CYLINDRICAL_SURFACE('',#1641,0.004);
#1482=CYLINDRICAL_SURFACE('',#1647,0.004);
#1483=CYLINDRICAL_SURFACE('',#1651,0.003);
#1484=CYLINDRICAL_SURFACE('',#1654,0.0022);
#1485=CYLINDRICAL_SURFACE('',#1657,0.003);
#1486=CYLINDRICAL_SURFACE('',#1661,0.00235);
#1487=CYLINDRICAL_SURFACE('',#1664,0.00235);
#1488=CYLINDRICAL_SURFACE('',#1667,0.00235);
#1489=CYLINDRICAL_SURFACE('',#1670,0.00235);
#1490=CYLINDRICAL_SURFACE('',#1673,0.004);
#1491=CYLINDRICAL_SURFACE('',#1680,0.00165);
#1492=CYLINDRICAL_SURFACE('',#1683,0.00165);
#1493=ADVANCED_FACE('',(#1346,#1347),#1471,.F.);
#1494=ADVANCED_FACE('',(#1348,#1349),#1472,.F.);
#1495=ADVANCED_FACE('',(#1350,#1351),#1473,.F.);
#1496=ADVANCED_FACE('',(#1352,#1353),#1474,.F.);
#1497=ADVANCED_FACE('',(#1354),#342,.T.);
#1498=ADVANCED_FACE('',(#1355),#343,.T.);
#1499=ADVANCED_FACE('',(#1356),#344,.T.);
#1500=ADVANCED_FACE('',(#1357),#345,.T.);
#1501=ADVANCED_FACE('',(#1358),#346,.F.);
#1502=ADVANCED_FACE('',(#1359),#347,.T.);
#1503=ADVANCED_FACE('',(#1360),#348,.F.);
#1504=ADVANCED_FACE('',(#1361),#349,.T.);
#1505=ADVANCED_FACE('',(#1362),#1475,.T.);
#1506=ADVANCED_FACE('',(#1363),#350,.F.);
#1507=ADVANCED_FACE('',(#1364),#351,.F.);
#1508=ADVANCED_FACE('',(#1365),#1476,.T.);
#1509=ADVANCED_FACE('',(#1366),#352,.F.);
#1510=ADVANCED_FACE('',(#1367),#353,.F.);
#1511=ADVANCED_FACE('',(#1368),#354,.F.);
#1512=ADVANCED_FACE('',(#1369),#1477,.T.);
#1513=ADVANCED_FACE('',(#1370),#355,.F.);
#1514=ADVANCED_FACE('',(#1371),#1478,.T.);
#1515=ADVANCED_FACE('',(#1372),#356,.T.);
#1516=ADVANCED_FACE('',(#1373),#357,.T.);
#1517=ADVANCED_FACE('',(#1374),#358,.F.);
#1518=ADVANCED_FACE('',(#1375),#359,.T.);
#1519=ADVANCED_FACE('',(#1376),#360,.T.);
#1520=ADVANCED_FACE('',(#1377),#1479,.T.);
#1521=ADVANCED_FACE('',(#1378),#361,.F.);
#1522=ADVANCED_FACE('',(#1379),#362,.T.);
#1523=ADVANCED_FACE('',(#1380),#363,.T.);
#1524=ADVANCED_FACE('',(#1381),#1480,.T.);
#1525=ADVANCED_FACE('',(#1382),#364,.F.);
#1526=ADVANCED_FACE('',(#1383),#1481,.T.);
#1527=ADVANCED_FACE('',(#1384),#365,.F.);
#1528=ADVANCED_FACE('',(#1385),#366,.F.);
#1529=ADVANCED_FACE('',(#1386),#367,.F.);
#1530=ADVANCED_FACE('',(#1387),#1482,.T.);
#1531=ADVANCED_FACE('',(#1388),#368,.F.);
#1532=ADVANCED_FACE('',(#1389,#1390),#1483,.F.);
#1533=ADVANCED_FACE('',(#1391,#1392),#1484,.F.);
#1534=ADVANCED_FACE('',(#1393,#1394),#1485,.F.);
#1535=ADVANCED_FACE('',(#1395),#369,.T.);
#1536=ADVANCED_FACE('',(#1396,#1397),#1486,.F.);
#1537=ADVANCED_FACE('',(#1398,#1399),#1487,.F.);
#1538=ADVANCED_FACE('',(#1400,#1401),#1488,.F.);
#1539=ADVANCED_FACE('',(#1402,#1403),#1489,.F.);
#1540=ADVANCED_FACE('',(#1404),#1490,.T.);
#1541=ADVANCED_FACE('',(#1405,#1406,#1407,#1408,#1409,#1410,#1411,#1412,
#1413,#1414,#1415,#1416,#1417),#370,.T.);
#1542=ADVANCED_FACE('',(#1418,#1419,#1420,#1421,#1422,#1423,#1424,#1425,
#1426,#1427,#1428,#1429,#1430),#371,.F.);
#1543=ADVANCED_FACE('',(#1431,#1432),#1491,.F.);
#1544=ADVANCED_FACE('',(#1433,#1434),#372,.T.);
#1545=ADVANCED_FACE('',(#1435,#1436),#1492,.F.);
#1546=ADVANCED_FACE('',(#1437,#1438),#373,.T.);
#1547=ADVANCED_FACE('',(#1439),#374,.F.);
#1548=ADVANCED_FACE('',(#1440),#375,.F.);
#1549=ADVANCED_FACE('',(#1441),#376,.F.);
#1550=ADVANCED_FACE('',(#1442),#377,.F.);
#1551=ADVANCED_FACE('',(#1443),#378,.F.);
#1552=ADVANCED_FACE('',(#1444),#379,.F.);
#1553=ADVANCED_FACE('',(#1445,#1446),#380,.T.);
#1554=ADVANCED_FACE('',(#1447),#381,.F.);
#1555=ADVANCED_FACE('',(#1448),#382,.F.);
#1556=ADVANCED_FACE('',(#1449),#383,.F.);
#1557=ADVANCED_FACE('',(#1450),#384,.F.);
#1558=ADVANCED_FACE('',(#1451),#385,.F.);
#1559=ADVANCED_FACE('',(#1452),#386,.F.);
#1560=ADVANCED_FACE('',(#1453,#1454),#387,.T.);
#1561=ADVANCED_FACE('',(#1455),#388,.F.);
#1562=ADVANCED_FACE('',(#1456),#389,.F.);
#1563=ADVANCED_FACE('',(#1457),#390,.F.);
#1564=ADVANCED_FACE('',(#1458),#391,.F.);
#1565=ADVANCED_FACE('',(#1459),#392,.F.);
#1566=ADVANCED_FACE('',(#1460),#393,.F.);
#1567=ADVANCED_FACE('',(#1461,#1462),#394,.T.);
#1568=ADVANCED_FACE('',(#1463),#395,.F.);
#1569=ADVANCED_FACE('',(#1464),#396,.F.);
#1570=ADVANCED_FACE('',(#1465),#397,.F.);
#1571=ADVANCED_FACE('',(#1466),#398,.F.);
#1572=ADVANCED_FACE('',(#1467),#399,.F.);
#1573=ADVANCED_FACE('',(#1468),#400,.F.);
#1574=ADVANCED_FACE('',(#1469,#1470),#401,.T.);
#1575=CLOSED_SHELL('',(#1493,#1494,#1495,#1496,#1497,#1498,#1499,#1500,
#1501,#1502,#1503,#1504,#1505,#1506,#1507,#1508,#1509,#1510,#1511,#1512,
#1513,#1514,#1515,#1516,#1517,#1518,#1519,#1520,#1521,#1522,#1523,#1524,
#1525,#1526,#1527,#1528,#1529,#1530,#1531,#1532,#1533,#1534,#1535,#1536,
#1537,#1538,#1539,#1540,#1541,#1542,#1543,#1544,#1545,#1546,#1547,#1548,
#1549,#1550,#1551,#1552,#1553,#1554,#1555,#1556,#1557,#1558,#1559,#1560,
#1561,#1562,#1563,#1564,#1565,#1566,#1567,#1568,#1569,#1570,#1571,#1572,
#1573,#1574));
#1576=STYLED_ITEM('',(#1577),#1584);
#1577=PRESENTATION_STYLE_ASSIGNMENT((#1578));
#1578=SURFACE_STYLE_USAGE(.BOTH.,#1579);
#1579=SURFACE_SIDE_STYLE('',(#1580));
#1580=SURFACE_STYLE_FILL_AREA(#1581);
#1581=FILL_AREA_STYLE('',(#1582));
#1582=FILL_AREA_STYLE_COLOUR('',#1583);
#1583=COLOUR_RGB('',0.972549019607843,0.529411764705882,0.00392156862745098);
#1584=MANIFOLD_SOLID_BREP('bracket',#1575);
#1585=SHAPE_DEFINITION_REPRESENTATION(#2579,#1586);
#1586=SHAPE_REPRESENTATION('bracket',(#1587),#2574);
#1587=AXIS2_PLACEMENT_3D('',#2133,#1714,#1715);
#1588=AXIS2_PLACEMENT_3D('',#2134,#1716,#1717);
#1589=AXIS2_PLACEMENT_3D('',#2135,#1718,#1719);
#1590=AXIS2_PLACEMENT_3D('',#2137,#1720,#1721);
#1591=AXIS2_PLACEMENT_3D('',#2139,#1722,#1723);
#1592=AXIS2_PLACEMENT_3D('',#2140,#1724,#1725);
#1593=AXIS2_PLACEMENT_3D('',#2142,#1726,#1727);
#1594=AXIS2_PLACEMENT_3D('',#2144,#1728,#1729);
#1595=AXIS2_PLACEMENT_3D('',#2145,#1730,#1731);
#1596=AXIS2_PLACEMENT_3D('',#2147,#1732,#1733);
#1597=AXIS2_PLACEMENT_3D('',#2149,#1734,#1735);
#1598=AXIS2_PLACEMENT_3D('',#2150,#1736,#1737);
#1599=AXIS2_PLACEMENT_3D('',#2152,#1738,#1739);
#1600=AXIS2_PLACEMENT_3D('',#2154,#1740,#1741);
#1601=AXIS2_PLACEMENT_3D('',#2163,#1746,#1747);
#1602=AXIS2_PLACEMENT_3D('',#2169,#1751,#1752);
#1603=AXIS2_PLACEMENT_3D('',#2175,#1756,#1757);
#1604=AXIS2_PLACEMENT_3D('',#2184,#1762,#1763);
#1605=AXIS2_PLACEMENT_3D('',#2190,#1767,#1768);
#1606=AXIS2_PLACEMENT_3D('',#2196,#1772,#1773);
#1607=AXIS2_PLACEMENT_3D('',#2202,#1777,#1778);
#1608=AXIS2_PLACEMENT_3D('',#2208,#1782,#1783);
#1609=AXIS2_PLACEMENT_3D('',#2209,#1784,#1785);
#1610=AXIS2_PLACEMENT_3D('',#2213,#1787,#1788);
#1611=AXIS2_PLACEMENT_3D('',#2214,#1789,#1790);
#1612=AXIS2_PLACEMENT_3D('',#2220,#1794,#1795);
#1613=AXIS2_PLACEMENT_3D('',#2226,#1799,#1800);
#1614=AXIS2_PLACEMENT_3D('',#2227,#1801,#1802);
#1615=AXIS2_PLACEMENT_3D('',#2231,#1804,#1805);
#1616=AXIS2_PLACEMENT_3D('',#2232,#1806,#1807);
#1617=AXIS2_PLACEMENT_3D('',#2238,#1811,#1812);
#1618=AXIS2_PLACEMENT_3D('',#2244,#1816,#1817);
#1619=AXIS2_PLACEMENT_3D('',#2250,#1821,#1822);
#1620=AXIS2_PLACEMENT_3D('',#2251,#1823,#1824);
#1621=AXIS2_PLACEMENT_3D('',#2255,#1826,#1827);
#1622=AXIS2_PLACEMENT_3D('',#2256,#1828,#1829);
#1623=AXIS2_PLACEMENT_3D('',#2262,#1833,#1834);
#1624=AXIS2_PLACEMENT_3D('',#2263,#1835,#1836);
#1625=AXIS2_PLACEMENT_3D('',#2267,#1838,#1839);
#1626=AXIS2_PLACEMENT_3D('',#2268,#1840,#1841);
#1627=AXIS2_PLACEMENT_3D('',#2274,#1845,#1846);
#1628=AXIS2_PLACEMENT_3D('',#2280,#1850,#1851);
#1629=AXIS2_PLACEMENT_3D('',#2286,#1855,#1856);
#1630=AXIS2_PLACEMENT_3D('',#2292,#1860,#1861);
#1631=AXIS2_PLACEMENT_3D('',#2298,#1865,#1866);
#1632=AXIS2_PLACEMENT_3D('',#2299,#1867,#1868);
#1633=AXIS2_PLACEMENT_3D('',#2303,#1870,#1871);
#1634=AXIS2_PLACEMENT_3D('',#2304,#1872,#1873);
#1635=AXIS2_PLACEMENT_3D('',#2310,#1877,#1878);
#1636=AXIS2_PLACEMENT_3D('',#2316,#1882,#1883);
#1637=AXIS2_PLACEMENT_3D('',#2322,#1887,#1888);
#1638=AXIS2_PLACEMENT_3D('',#2323,#1889,#1890);
#1639=AXIS2_PLACEMENT_3D('',#2327,#1892,#1893);
#1640=AXIS2_PLACEMENT_3D('',#2328,#1894,#1895);
#1641=AXIS2_PLACEMENT_3D('',#2334,#1899,#1900);
#1642=AXIS2_PLACEMENT_3D('',#2335,#1901,#1902);
#1643=AXIS2_PLACEMENT_3D('',#2339,#1904,#1905);
#1644=AXIS2_PLACEMENT_3D('',#2340,#1906,#1907);
#1645=AXIS2_PLACEMENT_3D('',#2346,#1911,#1912);
#1646=AXIS2_PLACEMENT_3D('',#2352,#1916,#1917);
#1647=AXIS2_PLACEMENT_3D('',#2358,#1921,#1922);
#1648=AXIS2_PLACEMENT_3D('',#2359,#1923,#1924);
#1649=AXIS2_PLACEMENT_3D('',#2363,#1926,#1927);
#1650=AXIS2_PLACEMENT_3D('',#2364,#1928,#1929);
#1651=AXIS2_PLACEMENT_3D('',#2370,#1933,#1934);
#1652=AXIS2_PLACEMENT_3D('',#2371,#1935,#1936);
#1653=AXIS2_PLACEMENT_3D('',#2373,#1937,#1938);
#1654=AXIS2_PLACEMENT_3D('',#2375,#1939,#1940);
#1655=AXIS2_PLACEMENT_3D('',#2376,#1941,#1942);
#1656=AXIS2_PLACEMENT_3D('',#2378,#1943,#1944);
#1657=AXIS2_PLACEMENT_3D('',#2380,#1945,#1946);
#1658=AXIS2_PLACEMENT_3D('',#2381,#1947,#1948);
#1659=AXIS2_PLACEMENT_3D('',#2383,#1949,#1950);
#1660=AXIS2_PLACEMENT_3D('',#2385,#1951,#1952);
#1661=AXIS2_PLACEMENT_3D('',#2388,#1955,#1956);
#1662=AXIS2_PLACEMENT_3D('',#2389,#1957,#1958);
#1663=AXIS2_PLACEMENT_3D('',#2391,#1959,#1960);
#1664=AXIS2_PLACEMENT_3D('',#2393,#1961,#1962);
#1665=AXIS2_PLACEMENT_3D('',#2394,#1963,#1964);
#1666=AXIS2_PLACEMENT_3D('',#2396,#1965,#1966);
#1667=AXIS2_PLACEMENT_3D('',#2398,#1967,#1968);
#1668=AXIS2_PLACEMENT_3D('',#2399,#1969,#1970);
#1669=AXIS2_PLACEMENT_3D('',#2401,#1971,#1972);
#1670=AXIS2_PLACEMENT_3D('',#2403,#1973,#1974);
#1671=AXIS2_PLACEMENT_3D('',#2404,#1975,#1976);
#1672=AXIS2_PLACEMENT_3D('',#2406,#1977,#1978);
#1673=AXIS2_PLACEMENT_3D('',#2408,#1979,#1980);
#1674=AXIS2_PLACEMENT_3D('',#2409,#1981,#1982);
#1675=AXIS2_PLACEMENT_3D('',#2410,#1983,#1984);
#1676=AXIS2_PLACEMENT_3D('',#2411,#1985,#1986);
#1677=AXIS2_PLACEMENT_3D('',#2412,#1987,#1988);
#1678=AXIS2_PLACEMENT_3D('',#2461,#2013,#2014);
#1679=AXIS2_PLACEMENT_3D('',#2463,#2015,#2016);
#1680=AXIS2_PLACEMENT_3D('',#2465,#2017,#2018);
#1681=AXIS2_PLACEMENT_3D('',#2466,#2019,#2020);
#1682=AXIS2_PLACEMENT_3D('',#2468,#2021,#2022);
#1683=AXIS2_PLACEMENT_3D('',#2469,#2023,#2024);
#1684=AXIS2_PLACEMENT_3D('',#2470,#2025,#2026);
#1685=AXIS2_PLACEMENT_3D('',#2472,#2027,#2028);
#1686=AXIS2_PLACEMENT_3D('',#2473,#2029,#2030);
#1687=AXIS2_PLACEMENT_3D('',#2479,#2034,#2035);
#1688=AXIS2_PLACEMENT_3D('',#2483,#2038,#2039);
#1689=AXIS2_PLACEMENT_3D('',#2487,#2042,#2043);
#1690=AXIS2_PLACEMENT_3D('',#2491,#2046,#2047);
#1691=AXIS2_PLACEMENT_3D('',#2495,#2050,#2051);
#1692=AXIS2_PLACEMENT_3D('',#2497,#2053,#2054);
#1693=AXIS2_PLACEMENT_3D('',#2498,#2055,#2056);
#1694=AXIS2_PLACEMENT_3D('',#2504,#2060,#2061);
#1695=AXIS2_PLACEMENT_3D('',#2508,#2064,#2065);
#1696=AXIS2_PLACEMENT_3D('',#2512,#2068,#2069);
#1697=AXIS2_PLACEMENT_3D('',#2516,#2072,#2073);
#1698=AXIS2_PLACEMENT_3D('',#2520,#2076,#2077);
#1699=AXIS2_PLACEMENT_3D('',#2522,#2079,#2080);
#1700=AXIS2_PLACEMENT_3D('',#2523,#2081,#2082);
#1701=AXIS2_PLACEMENT_3D('',#2529,#2086,#2087);
#1702=AXIS2_PLACEMENT_3D('',#2533,#2090,#2091);
#1703=AXIS2_PLACEMENT_3D('',#2537,#2094,#2095);
#1704=AXIS2_PLACEMENT_3D('',#2541,#2098,#2099);
#1705=AXIS2_PLACEMENT_3D('',#2545,#2102,#2103);
#1706=AXIS2_PLACEMENT_3D('',#2547,#2105,#2106);
#1707=AXIS2_PLACEMENT_3D('',#2548,#2107,#2108);
#1708=AXIS2_PLACEMENT_3D('',#2554,#2112,#2113);
#1709=AXIS2_PLACEMENT_3D('',#2558,#2116,#2117);
#1710=AXIS2_PLACEMENT_3D('',#2562,#2120,#2121);
#1711=AXIS2_PLACEMENT_3D('',#2566,#2124,#2125);
#1712=AXIS2_PLACEMENT_3D('',#2570,#2128,#2129);
#1713=AXIS2_PLACEMENT_3D('',#2572,#2131,#2132);
#1714=DIRECTION('',(0.,0.,1.));
#1715=DIRECTION('',(1.,0.,0.));
#1716=DIRECTION('',(0.,0.,-1.));
#1717=DIRECTION('',(-1.,0.,0.));
#1718=DIRECTION('',(0.,0.,1.));
#1719=DIRECTION('',(1.,0.,0.));
#1720=DIRECTION('',(0.,0.,-1.));
#1721=DIRECTION('',(-1.,0.,0.));
#1722=DIRECTION('',(0.,0.,-1.));
#1723=DIRECTION('',(-1.,0.,0.));
#1724=DIRECTION('',(0.,0.,1.));
#1725=DIRECTION('',(1.,0.,0.));
#1726=DIRECTION('',(0.,0.,-1.));
#1727=DIRECTION('',(-1.,0.,0.));
#1728=DIRECTION('',(0.,0.,-1.));
#1729=DIRECTION('',(-1.,0.,0.));
#1730=DIRECTION('',(0.,0.,1.));
#1731=DIRECTION('',(1.,0.,0.));
#1732=DIRECTION('',(0.,0.,-1.));
#1733=DIRECTION('',(-1.,0.,0.));
#1734=DIRECTION('',(0.,0.,-1.));
#1735=DIRECTION('',(-1.,0.,0.));
#1736=DIRECTION('',(0.,0.,1.));
#1737=DIRECTION('',(1.,0.,0.));
#1738=DIRECTION('',(0.,0.,-1.));
#1739=DIRECTION('',(-1.,0.,0.));
#1740=DIRECTION('',(0.954648010654585,-0.297736755798212,0.));
#1741=DIRECTION('',(0.297736755798212,0.954648010654585,0.));
#1742=DIRECTION('',(-0.297736755798212,-0.954648010654585,0.));
#1743=DIRECTION('',(0.,0.,-1.));
#1744=DIRECTION('',(-0.297736755798212,-0.954648010654585,0.));
#1745=DIRECTION('',(0.,0.,-1.));
#1746=DIRECTION('',(-0.954648010654584,-0.297736755798212,0.));
#1747=DIRECTION('',(0.297736755798212,-0.954648010654585,0.));
#1748=DIRECTION('',(-0.297736755798212,0.954648010654585,0.));
#1749=DIRECTION('',(0.,0.,-1.));
#1750=DIRECTION('',(-0.297736755798212,0.954648010654585,0.));
#1751=DIRECTION('',(-0.178885438199983,0.983869910099907,0.));
#1752=DIRECTION('',(-0.983869910099907,-0.178885438199983,0.));
#1753=DIRECTION('',(0.983869910099907,0.178885438199983,0.));
#1754=DIRECTION('',(0.,0.,-1.));
#1755=DIRECTION('',(0.983869910099907,0.178885438199983,0.));
#1756=DIRECTION('',(0.674134521643934,-0.738608588311769,0.));
#1757=DIRECTION('',(0.738608588311769,0.674134521643934,0.));
#1758=DIRECTION('',(-0.738608588311769,-0.674134521643934,0.));
#1759=DIRECTION('',(0.,0.,-1.));
#1760=DIRECTION('',(-0.738608588311769,-0.674134521643934,0.));
#1761=DIRECTION('',(0.,0.,-1.));
#1762=DIRECTION('',(0.515364981338982,0.856970790639606,0.));
#1763=DIRECTION('',(-0.856970790639606,0.515364981338982,0.));
#1764=DIRECTION('',(0.856970790639606,-0.515364981338982,0.));
#1765=DIRECTION('',(0.,0.,-1.));
#1766=DIRECTION('',(0.856970790639606,-0.515364981338982,0.));
#1767=DIRECTION('',(-0.954648010654585,-0.297736755798212,0.));
#1768=DIRECTION('',(0.297736755798212,-0.954648010654585,0.));
#1769=DIRECTION('',(-0.297736755798212,0.954648010654585,0.));
#1770=DIRECTION('',(0.,0.,-1.));
#1771=DIRECTION('',(-0.297736755798212,0.954648010654585,0.));
#1772=DIRECTION('',(0.954648010654585,-0.297736755798212,0.));
#1773=DIRECTION('',(0.297736755798212,0.954648010654585,0.));
#1774=DIRECTION('',(-0.297736755798212,-0.954648010654585,0.));
#1775=DIRECTION('',(0.,0.,-1.));
#1776=DIRECTION('',(-0.297736755798212,-0.954648010654585,0.));
#1777=DIRECTION('',(-0.131882786023578,0.991265318040866,0.));
#1778=DIRECTION('',(-0.991265318040866,-0.131882786023578,0.));
#1779=DIRECTION('',(0.991265318040866,0.131882786023578,0.));
#1780=DIRECTION('',(0.,0.,-1.));
#1781=DIRECTION('',(0.991265318040866,0.131882786023578,0.));
#1782=DIRECTION('',(0.,0.,-1.));
#1783=DIRECTION('',(-1.,0.,0.));
#1784=DIRECTION('',(0.,0.,-1.));
#1785=DIRECTION('',(1.,0.,0.));
#1786=DIRECTION('',(0.,0.,-1.));
#1787=DIRECTION('',(0.,0.,-1.));
#1788=DIRECTION('',(1.,0.,0.));
#1789=DIRECTION('',(-0.131882786023578,0.991265318040866,0.));
#1790=DIRECTION('',(-0.991265318040866,-0.131882786023578,0.));
#1791=DIRECTION('',(0.991265318040866,0.131882786023578,0.));
#1792=DIRECTION('',(0.,0.,-1.));
#1793=DIRECTION('',(0.991265318040866,0.131882786023578,0.));
#1794=DIRECTION('',(0.178885438199977,0.983869910099908,0.));
#1795=DIRECTION('',(-0.983869910099909,0.178885438199977,0.));
#1796=DIRECTION('',(0.983869910099909,-0.178885438199977,0.));
#1797=DIRECTION('',(0.,0.,-1.));
#1798=DIRECTION('',(0.983869910099909,-0.178885438199977,0.));
#1799=DIRECTION('',(0.,0.,-1.));
#1800=DIRECTION('',(-1.,0.,0.));
#1801=DIRECTION('',(0.,0.,-1.));
#1802=DIRECTION('',(1.,0.,0.));
#1803=DIRECTION('',(0.,0.,-1.));
#1804=DIRECTION('',(0.,0.,-1.));
#1805=DIRECTION('',(1.,0.,0.));
#1806=DIRECTION('',(-0.178885438199983,0.983869910099907,0.));
#1807=DIRECTION('',(-0.983869910099908,-0.178885438199983,0.));
#1808=DIRECTION('',(0.983869910099908,0.178885438199983,0.));
#1809=DIRECTION('',(0.,0.,-1.));
#1810=DIRECTION('',(0.983869910099908,0.178885438199983,0.));
#1811=DIRECTION('',(0.159754579679151,0.987156762764424,0.));
#1812=DIRECTION('',(-0.987156762764424,0.159754579679151,0.));
#1813=DIRECTION('',(0.987156762764424,-0.159754579679151,0.));
#1814=DIRECTION('',(0.,0.,-1.));
#1815=DIRECTION('',(0.987156762764424,-0.159754579679151,0.));
#1816=DIRECTION('',(-1.,-1.22464679914735E-16,0.));
#1817=DIRECTION('',(1.22464679914735E-16,-1.,0.));
#1818=DIRECTION('',(-1.22464679914735E-16,1.,0.));
#1819=DIRECTION('',(0.,0.,-1.));
#1820=DIRECTION('',(-1.22464679914735E-16,1.,0.));
#1821=DIRECTION('',(0.,0.,-1.));
#1822=DIRECTION('',(-1.,0.,0.));
#1823=DIRECTION('',(0.,0.,-1.));
#1824=DIRECTION('',(1.,0.,0.));
#1825=DIRECTION('',(0.,0.,-1.));
#1826=DIRECTION('',(0.,0.,-1.));
#1827=DIRECTION('',(1.,0.,0.));
#1828=DIRECTION('',(-0.930708047915436,0.365762941733355,0.));
#1829=DIRECTION('',(-0.365762941733355,-0.930708047915436,0.));
#1830=DIRECTION('',(0.365762941733355,0.930708047915436,0.));
#1831=DIRECTION('',(0.,0.,-1.));
#1832=DIRECTION('',(0.365762941733355,0.930708047915436,0.));
#1833=DIRECTION('',(0.,0.,-1.));
#1834=DIRECTION('',(-1.,0.,0.));
#1835=DIRECTION('',(0.,0.,-1.));
#1836=DIRECTION('',(1.,0.,0.));
#1837=DIRECTION('',(0.,0.,-1.));
#1838=DIRECTION('',(0.,0.,-1.));
#1839=DIRECTION('',(1.,0.,0.));
#1840=DIRECTION('',(-0.930708047915437,0.365762941733354,0.));
#1841=DIRECTION('',(-0.365762941733354,-0.930708047915437,0.));
#1842=DIRECTION('',(0.365762941733354,0.930708047915437,0.));
#1843=DIRECTION('',(0.,0.,-1.));
#1844=DIRECTION('',(0.365762941733354,0.930708047915437,0.));
#1845=DIRECTION('',(0.159754579679151,0.987156762764424,0.));
#1846=DIRECTION('',(-0.987156762764424,0.159754579679151,0.));
#1847=DIRECTION('',(0.987156762764424,-0.159754579679151,0.));
#1848=DIRECTION('',(0.,0.,-1.));
#1849=DIRECTION('',(0.987156762764424,-0.159754579679151,0.));
#1850=DIRECTION('',(-0.954648010654585,-0.297736755798212,0.));
#1851=DIRECTION('',(0.297736755798212,-0.954648010654585,0.));
#1852=DIRECTION('',(-0.297736755798212,0.954648010654585,0.));
#1853=DIRECTION('',(0.,0.,-1.));
#1854=DIRECTION('',(-0.297736755798212,0.954648010654585,0.));
#1855=DIRECTION('',(0.954648010654585,-0.297736755798212,0.));
#1856=DIRECTION('',(0.297736755798212,0.954648010654585,0.));
#1857=DIRECTION('',(-0.297736755798212,-0.954648010654585,0.));
#1858=DIRECTION('',(0.,0.,-1.));
#1859=DIRECTION('',(-0.297736755798212,-0.954648010654585,0.));
#1860=DIRECTION('',(0.,-1.,0.));
#1861=DIRECTION('',(0.,0.,-1.));
#1862=DIRECTION('',(-1.,0.,0.));
#1863=DIRECTION('',(0.,0.,-1.));
#1864=DIRECTION('',(-1.,0.,0.));
#1865=DIRECTION('',(0.,0.,-1.));
#1866=DIRECTION('',(-1.,0.,0.));
#1867=DIRECTION('',(0.,0.,-1.));
#1868=DIRECTION('',(1.,0.,0.));
#1869=DIRECTION('',(0.,0.,-1.));
#1870=DIRECTION('',(0.,0.,-1.));
#1871=DIRECTION('',(1.,0.,0.));
#1872=DIRECTION('',(0.,-1.,0.));
#1873=DIRECTION('',(0.,0.,-1.));
#1874=DIRECTION('',(-1.,0.,0.));
#1875=DIRECTION('',(0.,0.,-1.));
#1876=DIRECTION('',(-1.,0.,0.));
#1877=DIRECTION('',(0.954648010654584,-0.297736755798213,0.));
#1878=DIRECTION('',(0.297736755798213,0.954648010654584,0.));
#1879=DIRECTION('',(-0.297736755798213,-0.954648010654584,0.));
#1880=DIRECTION('',(0.,0.,-1.));
#1881=DIRECTION('',(-0.297736755798213,-0.954648010654584,0.));
#1882=DIRECTION('',(-0.411586722426498,-0.911370599658675,0.));
#1883=DIRECTION('',(0.911370599658675,-0.411586722426498,0.));
#1884=DIRECTION('',(-0.911370599658675,0.411586722426498,0.));
#1885=DIRECTION('',(0.,0.,-1.));
#1886=DIRECTION('',(-0.911370599658675,0.411586722426498,0.));
#1887=DIRECTION('',(0.,0.,-1.));
#1888=DIRECTION('',(-1.,0.,0.));
#1889=DIRECTION('',(0.,0.,-1.));
#1890=DIRECTION('',(1.,0.,0.));
#1891=DIRECTION('',(0.,0.,-1.));
#1892=DIRECTION('',(0.,0.,-1.));
#1893=DIRECTION('',(1.,0.,0.));
#1894=DIRECTION('',(-0.411586722426498,-0.911370599658675,0.));
#1895=DIRECTION('',(0.911370599658675,-0.411586722426498,0.));
#1896=DIRECTION('',(-0.911370599658675,0.411586722426498,0.));
#1897=DIRECTION('',(0.,0.,-1.));
#1898=DIRECTION('',(-0.911370599658675,0.411586722426498,0.));
#1899=DIRECTION('',(0.,0.,-1.));
#1900=DIRECTION('',(-1.,0.,0.));
#1901=DIRECTION('',(0.,0.,-1.));
#1902=DIRECTION('',(1.,0.,0.));
#1903=DIRECTION('',(0.,0.,-1.));
#1904=DIRECTION('',(0.,0.,-1.));
#1905=DIRECTION('',(1.,0.,0.));
#1906=DIRECTION('',(0.954648010654585,-0.297736755798212,0.));
#1907=DIRECTION('',(0.297736755798212,0.954648010654585,0.));
#1908=DIRECTION('',(-0.297736755798212,-0.954648010654585,0.));
#1909=DIRECTION('',(0.,0.,-1.));
#1910=DIRECTION('',(-0.297736755798212,-0.954648010654585,0.));
#1911=DIRECTION('',(0.,-1.,0.));
#1912=DIRECTION('',(0.,0.,-1.));
#1913=DIRECTION('',(-1.,0.,0.));
#1914=DIRECTION('',(0.,0.,-1.));
#1915=DIRECTION('',(-1.,0.,0.));
#1916=DIRECTION('',(-0.954648010654585,-0.297736755798212,0.));
#1917=DIRECTION('',(0.297736755798212,-0.954648010654585,0.));
#1918=DIRECTION('',(-0.297736755798212,0.954648010654585,0.));
#1919=DIRECTION('',(0.,0.,-1.));
#1920=DIRECTION('',(-0.297736755798212,0.954648010654585,0.));
#1921=DIRECTION('',(0.,0.,-1.));
#1922=DIRECTION('',(-1.,0.,0.));
#1923=DIRECTION('',(0.,0.,-1.));
#1924=DIRECTION('',(1.,0.,0.));
#1925=DIRECTION('',(0.,0.,-1.));
#1926=DIRECTION('',(0.,0.,-1.));
#1927=DIRECTION('',(1.,0.,0.));
#1928=DIRECTION('',(0.674134521643933,-0.73860858831177,0.));
#1929=DIRECTION('',(0.73860858831177,0.674134521643933,0.));
#1930=DIRECTION('',(-0.73860858831177,-0.674134521643933,0.));
#1931=DIRECTION('',(0.,0.,-1.));
#1932=DIRECTION('',(-0.73860858831177,-0.674134521643933,0.));
#1933=DIRECTION('',(0.,0.,-1.));
#1934=DIRECTION('',(-1.,0.,0.));
#1935=DIRECTION('',(0.,0.,1.));
#1936=DIRECTION('',(1.,0.,0.));
#1937=DIRECTION('',(0.,0.,1.));
#1938=DIRECTION('',(1.,0.,0.));
#1939=DIRECTION('',(0.,0.,-1.));
#1940=DIRECTION('',(-1.,0.,0.));
#1941=DIRECTION('',(2.949109904838E-15,4.16333634234441E-16,1.));
#1942=DIRECTION('',(1.,0.,-2.949109904838E-15));
#1943=DIRECTION('',(2.949109904838E-15,4.16333634234441E-16,1.));
#1944=DIRECTION('',(1.,0.,-2.949109904838E-15));
#1945=DIRECTION('',(0.,0.,-1.));
#1946=DIRECTION('',(-1.,0.,0.));
#1947=DIRECTION('',(0.,0.,1.));
#1948=DIRECTION('',(1.,0.,0.));
#1949=DIRECTION('',(0.,0.,1.));
#1950=DIRECTION('',(1.,0.,0.));
#1951=DIRECTION('',(0.178885438199976,0.983869910099909,0.));
#1952=DIRECTION('',(-0.983869910099909,0.178885438199976,0.));
#1953=DIRECTION('',(0.983869910099909,-0.178885438199976,0.));
#1954=DIRECTION('',(0.983869910099909,-0.178885438199976,0.));
#1955=DIRECTION('',(0.,0.,-1.));
#1956=DIRECTION('',(-1.,0.,0.));
#1957=DIRECTION('',(0.,0.,1.));
#1958=DIRECTION('',(1.,0.,0.));
#1959=DIRECTION('',(0.,0.,1.));
#1960=DIRECTION('',(1.,0.,0.));
#1961=DIRECTION('',(0.,0.,-1.));
#1962=DIRECTION('',(-1.,0.,0.));
#1963=DIRECTION('',(0.,0.,1.));
#1964=DIRECTION('',(1.,0.,0.));
#1965=DIRECTION('',(0.,0.,1.));
#1966=DIRECTION('',(1.,0.,0.));
#1967=DIRECTION('',(0.,0.,-1.));
#1968=DIRECTION('',(-1.,0.,0.));
#1969=DIRECTION('',(0.,0.,1.));
#1970=DIRECTION('',(1.,0.,0.));
#1971=DIRECTION('',(0.,0.,1.));
#1972=DIRECTION('',(1.,0.,0.));
#1973=DIRECTION('',(0.,0.,-1.));
#1974=DIRECTION('',(-1.,0.,0.));
#1975=DIRECTION('',(0.,0.,1.));
#1976=DIRECTION('',(1.,0.,0.));
#1977=DIRECTION('',(0.,0.,1.));
#1978=DIRECTION('',(1.,0.,0.));
#1979=DIRECTION('',(0.,0.,-1.));
#1980=DIRECTION('',(-1.,0.,0.));
#1981=DIRECTION('',(0.,0.,-1.));
#1982=DIRECTION('',(1.,0.,0.));
#1983=DIRECTION('',(0.,0.,-1.));
#1984=DIRECTION('',(1.,0.,0.));
#1985=DIRECTION('',(0.,0.,1.));
#1986=DIRECTION('',(1.,0.,0.));
#1987=DIRECTION('',(0.,0.,1.));
#1988=DIRECTION('',(1.,0.,0.));
#1989=DIRECTION('',(-1.,0.,0.));
#1990=DIRECTION('',(-0.5,-0.866025403784439,0.));
#1991=DIRECTION('',(0.5,-0.866025403784438,0.));
#1992=DIRECTION('',(1.,0.,0.));
#1993=DIRECTION('',(0.5,0.866025403784439,0.));
#1994=DIRECTION('',(-0.5,0.866025403784439,0.));
#1995=DIRECTION('',(-1.,0.,0.));
#1996=DIRECTION('',(-0.5,-0.866025403784439,0.));
#1997=DIRECTION('',(0.5,-0.866025403784438,0.));
#1998=DIRECTION('',(1.,0.,0.));
#1999=DIRECTION('',(0.5,0.866025403784439,0.));
#2000=DIRECTION('',(-0.5,0.866025403784439,0.));
#2001=DIRECTION('',(-1.,0.,0.));
#2002=DIRECTION('',(-0.5,-0.866025403784439,0.));
#2003=DIRECTION('',(0.5,-0.866025403784438,0.));
#2004=DIRECTION('',(1.,0.,0.));
#2005=DIRECTION('',(0.5,0.866025403784439,0.));
#2006=DIRECTION('',(-0.5,0.866025403784439,0.));
#2007=DIRECTION('',(-1.,0.,0.));
#2008=DIRECTION('',(-0.5,-0.866025403784439,0.));
#2009=DIRECTION('',(0.5,-0.866025403784438,0.));
#2010=DIRECTION('',(1.,0.,0.));
#2011=DIRECTION('',(0.5,0.866025403784439,0.));
#2012=DIRECTION('',(-0.5,0.866025403784439,0.));
#2013=DIRECTION('',(0.,0.,1.));
#2014=DIRECTION('',(1.,0.,0.));
#2015=DIRECTION('',(0.,0.,1.));
#2016=DIRECTION('',(1.,0.,0.));
#2017=DIRECTION('',(0.,0.,-1.));
#2018=DIRECTION('',(-1.,0.,0.));
#2019=DIRECTION('',(0.,0.,1.));
#2020=DIRECTION('',(1.,0.,0.));
#2021=DIRECTION('',(0.,0.,1.));
#2022=DIRECTION('',(1.,0.,0.));
#2023=DIRECTION('',(0.,0.,-1.));
#2024=DIRECTION('',(-1.,0.,0.));
#2025=DIRECTION('',(0.,0.,1.));
#2026=DIRECTION('',(1.,0.,0.));
#2027=DIRECTION('',(0.,0.,1.));
#2028=DIRECTION('',(1.,0.,0.));
#2029=DIRECTION('',(0.866025403784439,-0.5,0.));
#2030=DIRECTION('',(-0.5,-0.866025403784439,0.));
#2031=DIRECTION('',(0.,0.,-1.));
#2032=DIRECTION('',(-0.5,-0.866025403784439,0.));
#2033=DIRECTION('',(0.,0.,-1.));
#2034=DIRECTION('',(0.,-1.,0.));
#2035=DIRECTION('',(0.,0.,-1.));
#2036=DIRECTION('',(0.,0.,-1.));
#2037=DIRECTION('',(-1.,0.,0.));
#2038=DIRECTION('',(-0.866025403784439,-0.5,0.));
#2039=DIRECTION('',(-0.5,0.866025403784439,0.));
#2040=DIRECTION('',(0.,0.,-1.));
#2041=DIRECTION('',(-0.5,0.866025403784439,0.));
#2042=DIRECTION('',(-0.866025403784439,0.5,0.));
#2043=DIRECTION('',(0.5,0.866025403784439,0.));
#2044=DIRECTION('',(0.,0.,-1.));
#2045=DIRECTION('',(0.5,0.866025403784439,0.));
#2046=DIRECTION('',(0.,1.,0.));
#2047=DIRECTION('',(0.,0.,1.));
#2048=DIRECTION('',(0.,0.,-1.));
#2049=DIRECTION('',(1.,0.,0.));
#2050=DIRECTION('',(0.866025403784438,0.5,0.));
#2051=DIRECTION('',(0.5,-0.866025403784438,0.));
#2052=DIRECTION('',(0.5,-0.866025403784438,0.));
#2053=DIRECTION('',(0.,0.,-1.));
#2054=DIRECTION('',(1.,0.,0.));
#2055=DIRECTION('',(0.866025403784439,-0.5,0.));
#2056=DIRECTION('',(-0.5,-0.866025403784439,0.));
#2057=DIRECTION('',(0.,0.,-1.));
#2058=DIRECTION('',(-0.5,-0.866025403784439,0.));
#2059=DIRECTION('',(0.,0.,-1.));
#2060=DIRECTION('',(0.,-1.,0.));
#2061=DIRECTION('',(0.,0.,-1.));
#2062=DIRECTION('',(0.,0.,-1.));
#2063=DIRECTION('',(-1.,0.,0.));
#2064=DIRECTION('',(-0.866025403784439,-0.5,0.));
#2065=DIRECTION('',(-0.5,0.866025403784439,0.));
#2066=DIRECTION('',(0.,0.,-1.));
#2067=DIRECTION('',(-0.5,0.866025403784439,0.));
#2068=DIRECTION('',(-0.866025403784439,0.5,0.));
#2069=DIRECTION('',(0.5,0.866025403784439,0.));
#2070=DIRECTION('',(0.,0.,-1.));
#2071=DIRECTION('',(0.5,0.866025403784439,0.));
#2072=DIRECTION('',(0.,1.,0.));
#2073=DIRECTION('',(0.,0.,1.));
#2074=DIRECTION('',(0.,0.,-1.));
#2075=DIRECTION('',(1.,0.,0.));
#2076=DIRECTION('',(0.866025403784438,0.5,0.));
#2077=DIRECTION('',(0.5,-0.866025403784438,0.));
#2078=DIRECTION('',(0.5,-0.866025403784438,0.));
#2079=DIRECTION('',(0.,0.,-1.));
#2080=DIRECTION('',(1.,0.,0.));
#2081=DIRECTION('',(0.866025403784439,-0.5,0.));
#2082=DIRECTION('',(-0.5,-0.866025403784439,0.));
#2083=DIRECTION('',(0.,0.,-1.));
#2084=DIRECTION('',(-0.5,-0.866025403784439,0.));
#2085=DIRECTION('',(0.,0.,-1.));
#2086=DIRECTION('',(0.,-1.,0.));
#2087=DIRECTION('',(0.,0.,-1.));
#2088=DIRECTION('',(0.,0.,-1.));
#2089=DIRECTION('',(-1.,0.,0.));
#2090=DIRECTION('',(-0.866025403784439,-0.5,0.));
#2091=DIRECTION('',(-0.5,0.866025403784439,0.));
#2092=DIRECTION('',(0.,0.,-1.));
#2093=DIRECTION('',(-0.5,0.866025403784439,0.));
#2094=DIRECTION('',(-0.866025403784439,0.5,0.));
#2095=DIRECTION('',(0.5,0.866025403784439,0.));
#2096=DIRECTION('',(0.,0.,-1.));
#2097=DIRECTION('',(0.5,0.866025403784439,0.));
#2098=DIRECTION('',(0.,1.,0.));
#2099=DIRECTION('',(0.,0.,1.));
#2100=DIRECTION('',(0.,0.,-1.));
#2101=DIRECTION('',(1.,0.,0.));
#2102=DIRECTION('',(0.866025403784438,0.5,0.));
#2103=DIRECTION('',(0.5,-0.866025403784438,0.));
#2104=DIRECTION('',(0.5,-0.866025403784438,0.));
#2105=DIRECTION('',(0.,0.,-1.));
#2106=DIRECTION('',(1.,0.,0.));
#2107=DIRECTION('',(0.866025403784439,-0.5,0.));
#2108=DIRECTION('',(-0.5,-0.866025403784439,0.));
#2109=DIRECTION('',(0.,0.,-1.));
#2110=DIRECTION('',(-0.5,-0.866025403784439,0.));
#2111=DIRECTION('',(0.,0.,-1.));
#2112=DIRECTION('',(0.,-1.,0.));
#2113=DIRECTION('',(0.,0.,-1.));
#2114=DIRECTION('',(0.,0.,-1.));
#2115=DIRECTION('',(-1.,0.,0.));
#2116=DIRECTION('',(-0.866025403784439,-0.5,0.));
#2117=DIRECTION('',(-0.5,0.866025403784439,0.));
#2118=DIRECTION('',(0.,0.,-1.));
#2119=DIRECTION('',(-0.5,0.866025403784439,0.));
#2120=DIRECTION('',(-0.866025403784439,0.5,0.));
#2121=DIRECTION('',(0.5,0.866025403784439,0.));
#2122=DIRECTION('',(0.,0.,-1.));
#2123=DIRECTION('',(0.5,0.866025403784439,0.));
#2124=DIRECTION('',(0.,1.,0.));
#2125=DIRECTION('',(0.,0.,1.));
#2126=DIRECTION('',(0.,0.,-1.));
#2127=DIRECTION('',(1.,0.,0.));
#2128=DIRECTION('',(0.866025403784438,0.5,0.));
#2129=DIRECTION('',(0.5,-0.866025403784438,0.));
#2130=DIRECTION('',(0.5,-0.866025403784438,0.));
#2131=DIRECTION('',(0.,0.,-1.));
#2132=DIRECTION('',(1.,0.,0.));
#2133=CARTESIAN_POINT('',(0.,0.,0.));
#2134=CARTESIAN_POINT('',(0.0174993197309982,-0.029496845528167,0.0102));
#2135=CARTESIAN_POINT('',(0.0174993197309982,-0.029496845528167,0.0102));
#2136=CARTESIAN_POINT('',(0.0198493197309982,-0.029496845528167,0.0102));
#2137=CARTESIAN_POINT('',(0.0174993197309982,-0.029496845528167,0.0087));
#2138=CARTESIAN_POINT('',(0.0151493197309982,-0.029496845528167,0.0087));
#2139=CARTESIAN_POINT('',(-0.0195006802690019,-0.029496845528167,0.0102));
#2140=CARTESIAN_POINT('',(-0.0195006802690019,-0.029496845528167,0.0102));
#2141=CARTESIAN_POINT('',(-0.0171506802690019,-0.029496845528167,0.0102));
#2142=CARTESIAN_POINT('',(-0.0195006802690019,-0.029496845528167,0.0087));
#2143=CARTESIAN_POINT('',(-0.0218506802690019,-0.029496845528167,0.0087));
#2144=CARTESIAN_POINT('',(0.023,0.0155,0.0102));
#2145=CARTESIAN_POINT('',(0.023,0.0155,0.0102));
#2146=CARTESIAN_POINT('',(0.02535,0.0155,0.0102));
#2147=CARTESIAN_POINT('',(0.023,0.0155,0.0087));
#2148=CARTESIAN_POINT('',(0.02065,0.0155,0.0087));
#2149=CARTESIAN_POINT('',(0.023,-0.0155,0.0102));
#2150=CARTESIAN_POINT('',(0.023,-0.0155,0.0102));
#2151=CARTESIAN_POINT('',(0.02535,-0.0155,0.0102));
#2152=CARTESIAN_POINT('',(0.023,-0.0155,0.0087));
#2153=CARTESIAN_POINT('',(0.02065,-0.0155,0.0087));
#2154=CARTESIAN_POINT('',(-0.00154244389748289,-0.019927919402565,0.0102));
#2155=CARTESIAN_POINT('',(-0.00154244389748289,-0.019927919402565,0.0062));
#2156=CARTESIAN_POINT('',(1.7347234759768E-18,-0.0149823056360326,0.0062));
#2157=CARTESIAN_POINT('',(-0.00308488779496578,-0.0248735331690975,0.0062));
#2158=CARTESIAN_POINT('',(1.7347234759768E-18,-0.0149823056360326,0.0102));
#2159=CARTESIAN_POINT('',(1.7347234759768E-18,-0.0149823056360326,0.0102));
#2160=CARTESIAN_POINT('',(-0.00154244389748289,-0.019927919402565,0.0102));
#2161=CARTESIAN_POINT('',(-0.00308488779496578,-0.0248735331690975,0.0102));
#2162=CARTESIAN_POINT('',(-0.00308488779496578,-0.0248735331690975,0.0102));
#2163=CARTESIAN_POINT('',(0.0015424438974829,-0.019927919402565,0.0102));
#2164=CARTESIAN_POINT('',(0.0015424438974829,-0.019927919402565,0.0062));
#2165=CARTESIAN_POINT('',(0.0030848877949658,-0.0248735331690975,0.0062));
#2166=CARTESIAN_POINT('',(0.0030848877949658,-0.0248735331690975,0.0102));
#2167=CARTESIAN_POINT('',(0.0030848877949658,-0.0248735331690975,0.0102));
#2168=CARTESIAN_POINT('',(0.0015424438974829,-0.019927919402565,0.0102));
#2169=CARTESIAN_POINT('',(0.00154244389748296,-0.0251539775140944,0.0102));
#2170=CARTESIAN_POINT('',(0.00154244389748296,-0.0251539775140944,0.0062));
#2171=CARTESIAN_POINT('',(1.2490009027033E-16,-0.0254344218590913,0.0062));
#2172=CARTESIAN_POINT('',(1.2490009027033E-16,-0.0254344218590913,0.0102));
#2173=CARTESIAN_POINT('',(1.2490009027033E-16,-0.0254344218590913,0.0102));
#2174=CARTESIAN_POINT('',(0.00154244389748296,-0.0251539775140944,0.0102));
#2175=CARTESIAN_POINT('',(-0.0171133507674756,0.00831022237368903,0.0102));
#2176=CARTESIAN_POINT('',(-0.0171133507674756,0.00831022237368903,0.0062));
#2177=CARTESIAN_POINT('',(-0.0138237527655582,0.011312667255209,0.0062));
#2178=CARTESIAN_POINT('',(-0.0177867931188204,0.00769556564675295,0.0062));
#2179=CARTESIAN_POINT('',(-0.0138237527655582,0.011312667255209,0.0102));
#2180=CARTESIAN_POINT('',(-0.0138237527655582,0.011312667255209,0.0102));
#2181=CARTESIAN_POINT('',(-0.0171133507674756,0.00831022237368903,0.0102));
#2182=CARTESIAN_POINT('',(-0.0177867931188204,0.00769556564675295,0.0102));
#2183=CARTESIAN_POINT('',(-0.0177867931188204,0.00769556564675295,0.0102));
#2184=CARTESIAN_POINT('',(-0.0103632886527825,0.00923161380229754,0.0102));
#2185=CARTESIAN_POINT('',(-0.0103632886527825,0.00923161380229754,0.0062));
#2186=CARTESIAN_POINT('',(-0.0069028245400068,0.00715056034938603,0.0062));
#2187=CARTESIAN_POINT('',(-0.0069028245400068,0.00715056034938603,0.0102));
#2188=CARTESIAN_POINT('',(-0.0069028245400068,0.00715056034938603,0.0102));
#2189=CARTESIAN_POINT('',(-0.0103632886527825,0.00923161380229754,0.0102));
#2190=CARTESIAN_POINT('',(-0.00682476686176097,0.00690028017469303,0.0102));
#2191=CARTESIAN_POINT('',(-0.00682476686176097,0.00690028017469303,0.0062));
#2192=CARTESIAN_POINT('',(-0.00419002601519829,-0.00154761904761905,0.0062));
#2193=CARTESIAN_POINT('',(-0.00419002601519829,-0.00154761904761905,0.0102));
#2194=CARTESIAN_POINT('',(-0.00419002601519829,-0.00154761904761905,0.0102));
#2195=CARTESIAN_POINT('',(-0.00682476686176097,0.00690028017469303,0.0102));
#2196=CARTESIAN_POINT('',(-0.00804709494529395,-0.0139147289504654,0.0102));
#2197=CARTESIAN_POINT('',(-0.00804709494529395,-0.0139147289504654,0.0062));
#2198=CARTESIAN_POINT('',(-0.0113084149917448,-0.0243716598930538,0.0062));
#2199=CARTESIAN_POINT('',(-0.0113084149917448,-0.0243716598930538,0.0102));
#2200=CARTESIAN_POINT('',(-0.0113084149917448,-0.0243716598930538,0.0102));
#2201=CARTESIAN_POINT('',(-0.00804709494529395,-0.0139147289504654,0.0102));
#2202=CARTESIAN_POINT('',(-0.0178195644579322,-0.0252379350629688,0.0102));
#2203=CARTESIAN_POINT('',(-0.0178195644579322,-0.0252379350629688,0.0062));
#2204=CARTESIAN_POINT('',(-0.0200282114130962,-0.0255317842560035,0.0062));
#2205=CARTESIAN_POINT('',(-0.0200282114130962,-0.0255317842560035,0.0102));
#2206=CARTESIAN_POINT('',(-0.0200282114130962,-0.0255317842560035,0.0102));
#2207=CARTESIAN_POINT('',(-0.0178195644579322,-0.0252379350629688,0.0102));
#2208=CARTESIAN_POINT('',(-0.0195006802690019,-0.029496845528167,0.0102));
#2209=CARTESIAN_POINT('',(-0.0195006802690019,-0.029496845528167,0.0062));
#2210=CARTESIAN_POINT('',(-0.0189731491249076,-0.0334619068003304,0.0062));
#2211=CARTESIAN_POINT('',(-0.0189731491249076,-0.0334619068003304,0.0102));
#2212=CARTESIAN_POINT('',(-0.0189731491249076,-0.0334619068003304,0.0102));
#2213=CARTESIAN_POINT('',(-0.0195006802690019,-0.029496845528167,0.0102));
#2214=CARTESIAN_POINT('',(-0.0136597408097909,-0.0327549849711037,0.0102));
#2215=CARTESIAN_POINT('',(-0.0136597408097909,-0.0327549849711037,0.0062));
#2216=CARTESIAN_POINT('',(-0.00834633249467425,-0.0320480631418771,0.0062));
#2217=CARTESIAN_POINT('',(-0.00834633249467425,-0.0320480631418771,0.0102));
#2218=CARTESIAN_POINT('',(-0.00834633249467425,-0.0320480631418771,0.0102));
#2219=CARTESIAN_POINT('',(-0.0136597408097909,-0.0327549849711037,0.0102));
#2220=CARTESIAN_POINT('',(-0.00453093712373701,-0.0327417713911383,0.0102));
#2221=CARTESIAN_POINT('',(-0.00453093712373701,-0.0327417713911383,0.0062));
#2222=CARTESIAN_POINT('',(-0.000715541752799769,-0.0334354796403996,0.0062));
#2223=CARTESIAN_POINT('',(-0.000715541752799769,-0.0334354796403996,0.0102));
#2224=CARTESIAN_POINT('',(-0.000715541752799769,-0.0334354796403996,0.0102));
#2225=CARTESIAN_POINT('',(-0.00453093712373701,-0.0327417713911383,0.0102));
#2226=CARTESIAN_POINT('',(1.2338220722885E-16,-0.0295,0.0102));
#2227=CARTESIAN_POINT('',(1.2338220722885E-16,-0.0295,0.0062));
#2228=CARTESIAN_POINT('',(0.000715541752800073,-0.0334354796403996,0.0062));
#2229=CARTESIAN_POINT('',(0.000715541752800073,-0.0334354796403996,0.0102));
#2230=CARTESIAN_POINT('',(0.000715541752800073,-0.0334354796403996,0.0102));
#2231=CARTESIAN_POINT('',(1.2338220722885E-16,-0.0295,0.0102));
#2232=CARTESIAN_POINT('',(0.00450246644561727,-0.0327469478780692,0.0102));
#2233=CARTESIAN_POINT('',(0.00450246644561727,-0.0327469478780692,0.0062));
#2234=CARTESIAN_POINT('',(0.00828939113843447,-0.0320584161157388,0.0062));
#2235=CARTESIAN_POINT('',(0.00828939113843447,-0.0320584161157388,0.0102));
#2236=CARTESIAN_POINT('',(0.00828939113843447,-0.0320584161157388,0.0102));
#2237=CARTESIAN_POINT('',(0.00450246644561727,-0.0327469478780692,0.0102));
#2238=CARTESIAN_POINT('',(0.012574846275358,-0.0327519443474817,0.0102));
#2239=CARTESIAN_POINT('',(0.012574846275358,-0.0327519443474817,0.0062));
#2240=CARTESIAN_POINT('',(0.0165,-0.0333871639064302,0.0062));
#2241=CARTESIAN_POINT('',(0.0165,-0.0333871639064302,0.0102));
#2242=CARTESIAN_POINT('',(0.0165,-0.0333871639064302,0.0102));
#2243=CARTESIAN_POINT('',(0.012574846275358,-0.0327519443474817,0.0102));
#2244=CARTESIAN_POINT('',(0.0165,-0.0235,0.0102));
#2245=CARTESIAN_POINT('',(0.0165,-0.0235,0.0062));
#2246=CARTESIAN_POINT('',(0.0165,-0.0333700044553526,0.0062));
#2247=CARTESIAN_POINT('',(0.0165,-0.0333700044553526,0.0102));
#2248=CARTESIAN_POINT('',(0.0165,-0.0333700044553526,0.0102));
#2249=CARTESIAN_POINT('',(0.0165,-0.0235,0.0102));
#2250=CARTESIAN_POINT('',(0.0174993197309982,-0.029496845528167,0.0102));
#2251=CARTESIAN_POINT('',(0.0174993197309982,-0.029496845528167,0.0062));
#2252=CARTESIAN_POINT('',(0.0212221519226599,-0.0309598972951004,0.0062));
#2253=CARTESIAN_POINT('',(0.0212221519226599,-0.0309598972951004,0.0102));
#2254=CARTESIAN_POINT('',(0.0212221519226599,-0.0309598972951004,0.0102));
#2255=CARTESIAN_POINT('',(0.0174993197309982,-0.029496845528167,0.0102));
#2256=CARTESIAN_POINT('',(0.0239724920571608,-0.0239614745310169,0.0102));
#2257=CARTESIAN_POINT('',(0.0239724920571608,-0.0239614745310169,0.0062));
#2258=CARTESIAN_POINT('',(0.0267228321916618,-0.0169630517669334,0.0062));
#2259=CARTESIAN_POINT('',(0.0267228321916618,-0.0169630517669334,0.0102));
#2260=CARTESIAN_POINT('',(0.0267228321916618,-0.0169630517669334,0.0102));
#2261=CARTESIAN_POINT('',(0.0239724920571608,-0.0239614745310169,0.0102));
#2262=CARTESIAN_POINT('',(0.023,-0.0155,0.0102));
#2263=CARTESIAN_POINT('',(0.023,-0.0155,0.0062));
#2264=CARTESIAN_POINT('',(0.0192771678083383,-0.0140369482330666,0.0062));
#2265=CARTESIAN_POINT('',(0.0192771678083383,-0.0140369482330666,0.0102));
#2266=CARTESIAN_POINT('',(0.0192771678083383,-0.0140369482330666,0.0102));
#2267=CARTESIAN_POINT('',(0.023,-0.0155,0.0102));
#2268=CARTESIAN_POINT('',(0.01852003881293,-0.0159635131442005,0.0102));
#2269=CARTESIAN_POINT('',(0.01852003881293,-0.0159635131442005,0.0062));
#2270=CARTESIAN_POINT('',(0.0149557173700301,-0.0250331652979796,0.0062));
#2271=CARTESIAN_POINT('',(0.0149557173700301,-0.0250331652979796,0.0102));
#2272=CARTESIAN_POINT('',(0.0149557173700301,-0.0250331652979796,0.0102));
#2273=CARTESIAN_POINT('',(0.01852003881293,-0.0159635131442005,0.0102));
#2274=CARTESIAN_POINT('',(0.0131437677732051,-0.0247399319867576,0.0102));
#2275=CARTESIAN_POINT('',(0.0131437677732051,-0.0247399319867576,0.0062));
#2276=CARTESIAN_POINT('',(0.0113318181763802,-0.0244466986755356,0.0062));
#2277=CARTESIAN_POINT('',(0.0113318181763802,-0.0244466986755356,0.0102));
#2278=CARTESIAN_POINT('',(0.0113318181763802,-0.0244466986755356,0.0102));
#2279=CARTESIAN_POINT('',(0.0131437677732051,-0.0247399319867576,0.0102));
#2280=CARTESIAN_POINT('',(0.00916363437090811,-0.017494744251641,0.0102));
#2281=CARTESIAN_POINT('',(0.00916363437090811,-0.017494744251641,0.0062));
#2282=CARTESIAN_POINT('',(0.00419002601519829,-0.00154761904761905,0.0062));
#2283=CARTESIAN_POINT('',(0.00419002601519829,-0.00154761904761905,0.0102));
#2284=CARTESIAN_POINT('',(0.00419002601519829,-0.00154761904761905,0.0102));
#2285=CARTESIAN_POINT('',(0.00916363437090811,-0.017494744251641,0.0102));
#2286=CARTESIAN_POINT('',(0.00445621648589316,-0.000694119443168807,0.0102));
#2287=CARTESIAN_POINT('',(0.00445621648589316,-0.000694119443168807,0.0062));
#2288=CARTESIAN_POINT('',(0.00674670918351513,0.00665,0.0062));
#2289=CARTESIAN_POINT('',(0.00674670918351513,0.00665,0.0102));
#2290=CARTESIAN_POINT('',(0.00674670918351513,0.00665,0.0102));
#2291=CARTESIAN_POINT('',(0.00445621648589316,-0.000694119443168807,0.0102));
#2292=CARTESIAN_POINT('',(0.00863168898905952,0.00665,0.0102));
#2293=CARTESIAN_POINT('',(0.00863168898905952,0.00665,0.0062));
#2294=CARTESIAN_POINT('',(0.0105166687946039,0.00665,0.0062));
#2295=CARTESIAN_POINT('',(0.0105166687946039,0.00665,0.0102));
#2296=CARTESIAN_POINT('',(0.0105166687946039,0.00665,0.0102));
#2297=CARTESIAN_POINT('',(0.00863168898905952,0.00665,0.0102));
#2298=CARTESIAN_POINT('',(0.0105166687946039,0.01065,0.0102));
#2299=CARTESIAN_POINT('',(0.0105166687946039,0.01065,0.0062));
#2300=CARTESIAN_POINT('',(0.0105166687946039,0.01465,0.0062));
#2301=CARTESIAN_POINT('',(0.0105166687946039,0.01465,0.0102));
#2302=CARTESIAN_POINT('',(0.0105166687946039,0.01465,0.0102));
#2303=CARTESIAN_POINT('',(0.0105166687946039,0.01065,0.0102));
#2304=CARTESIAN_POINT('',(0.0101417999880585,0.01465,0.0102));
#2305=CARTESIAN_POINT('',(0.0101417999880585,0.01465,0.0062));
#2306=CARTESIAN_POINT('',(0.00924175868846563,0.01465,0.0062));
#2307=CARTESIAN_POINT('',(0.00924175868846563,0.01465,0.0102));
#2308=CARTESIAN_POINT('',(0.00924175868846563,0.01465,0.0102));
#2309=CARTESIAN_POINT('',(0.0101417999880585,0.01465,0.0102));
#2310=CARTESIAN_POINT('',(0.00960731816183622,0.0158221113273152,0.0102));
#2311=CARTESIAN_POINT('',(0.00960731816183622,0.0158221113273152,0.0062));
#2312=CARTESIAN_POINT('',(0.00997287763520681,0.0169942226546305,0.0062));
#2313=CARTESIAN_POINT('',(0.00997287763520681,0.0169942226546305,0.0102));
#2314=CARTESIAN_POINT('',(0.00997287763520681,0.0169942226546305,0.0102));
#2315=CARTESIAN_POINT('',(0.00960731816183622,0.0158221113273152,0.0102));
#2316=CARTESIAN_POINT('',(0.0113204107873596,0.0163856592955938,0.0102));
#2317=CARTESIAN_POINT('',(0.0113204107873596,0.0163856592955938,0.0062));
#2318=CARTESIAN_POINT('',(0.021353653110294,0.0118545176013653,0.0062));
#2319=CARTESIAN_POINT('',(0.021353653110294,0.0118545176013653,0.0102));
#2320=CARTESIAN_POINT('',(0.021353653110294,0.0118545176013653,0.0102));
#2321=CARTESIAN_POINT('',(0.0113204107873596,0.0163856592955938,0.0102));
#2322=CARTESIAN_POINT('',(0.023,0.0155,0.0102));
#2323=CARTESIAN_POINT('',(0.023,0.0155,0.0062));
#2324=CARTESIAN_POINT('',(0.024646346889706,0.0191454823986347,0.0062));
#2325=CARTESIAN_POINT('',(0.024646346889706,0.0191454823986347,0.0102));
#2326=CARTESIAN_POINT('',(0.024646346889706,0.0191454823986347,0.0102));
#2327=CARTESIAN_POINT('',(0.023,0.0155,0.0102));
#2328=CARTESIAN_POINT('',(0.016896346889706,0.0226454823986347,0.0102));
#2329=CARTESIAN_POINT('',(0.016896346889706,0.0226454823986347,0.0062));
#2330=CARTESIAN_POINT('',(0.00914634688970599,0.0261454823986347,0.0062));
#2331=CARTESIAN_POINT('',(0.00914634688970599,0.0261454823986347,0.0102));
#2332=CARTESIAN_POINT('',(0.00914634688970599,0.0261454823986347,0.0102));
#2333=CARTESIAN_POINT('',(0.016896346889706,0.0226454823986347,0.0102));
#2334=CARTESIAN_POINT('',(0.0075,0.0225,0.0102));
#2335=CARTESIAN_POINT('',(0.0075,0.0225,0.0062));
#2336=CARTESIAN_POINT('',(0.00368140795738166,0.0236909470231929,0.0062));
#2337=CARTESIAN_POINT('',(0.00368140795738166,0.0236909470231929,0.0102));
#2338=CARTESIAN_POINT('',(0.00368140795738166,0.0236909470231929,0.0102));
#2339=CARTESIAN_POINT('',(0.0075,0.0225,0.0102));
#2340=CARTESIAN_POINT('',(0.00227155730772536,0.0191704735115964,0.0102));
#2341=CARTESIAN_POINT('',(0.00227155730772536,0.0191704735115964,0.0062));
#2342=CARTESIAN_POINT('',(0.000861706658069053,0.01465,0.0062));
#2343=CARTESIAN_POINT('',(0.000861706658069053,0.01465,0.0102));
#2344=CARTESIAN_POINT('',(0.000861706658069053,0.01465,0.0102));
#2345=CARTESIAN_POINT('',(0.00227155730772536,0.0191704735115964,0.0102));
#2346=CARTESIAN_POINT('',(1.13841228110978E-18,0.01465,0.0102));
#2347=CARTESIAN_POINT('',(1.13841228110978E-18,0.01465,0.0062));
#2348=CARTESIAN_POINT('',(-0.000861706658069051,0.01465,0.0062));
#2349=CARTESIAN_POINT('',(-0.000861706658069051,0.01465,0.0102));
#2350=CARTESIAN_POINT('',(-0.000861706658069051,0.01465,0.0102));
#2351=CARTESIAN_POINT('',(1.13841228110978E-18,0.01465,0.0102));
#2352=CARTESIAN_POINT('',(-0.00227155730772536,0.0191704735115964,0.0102));
#2353=CARTESIAN_POINT('',(-0.00227155730772536,0.0191704735115964,0.0062));
#2354=CARTESIAN_POINT('',(-0.00368140795738167,0.0236909470231929,0.0062));
#2355=CARTESIAN_POINT('',(-0.00368140795738167,0.0236909470231929,0.0102));
#2356=CARTESIAN_POINT('',(-0.00368140795738167,0.0236909470231929,0.0102));
#2357=CARTESIAN_POINT('',(-0.00227155730772536,0.0191704735115964,0.0102));
#2358=CARTESIAN_POINT('',(-0.0075,0.0225,0.0102));
#2359=CARTESIAN_POINT('',(-0.0075,0.0225,0.0062));
#2360=CARTESIAN_POINT('',(-0.0101965380865757,0.025454434353247,0.0062));
#2361=CARTESIAN_POINT('',(-0.0101965380865757,0.025454434353247,0.0102));
#2362=CARTESIAN_POINT('',(-0.0101965380865757,0.025454434353247,0.0102));
#2363=CARTESIAN_POINT('',(-0.0075,0.0225,0.0102));
#2364=CARTESIAN_POINT('',(-0.0166882036892738,0.0195294343532471,0.0102));
#2365=CARTESIAN_POINT('',(-0.0166882036892738,0.0195294343532471,0.0062));
#2366=CARTESIAN_POINT('',(-0.0231798692919719,0.0136044343532471,0.0062));
#2367=CARTESIAN_POINT('',(-0.0231798692919719,0.0136044343532471,0.0102));
#2368=CARTESIAN_POINT('',(-0.0231798692919719,0.0136044343532471,0.0102));
#2369=CARTESIAN_POINT('',(-0.0166882036892738,0.0195294343532471,0.0102));
#2370=CARTESIAN_POINT('',(-0.00825,-0.028,0.0102));
#2371=CARTESIAN_POINT('',(-0.00825,-0.028,0.0087));
#2372=CARTESIAN_POINT('',(-0.00525,-0.028,0.0087));
#2373=CARTESIAN_POINT('',(-0.00825,-0.028,0.0102));
#2374=CARTESIAN_POINT('',(-0.00525,-0.028,0.0102));
#2375=CARTESIAN_POINT('',(2.20577115776294E-16,-0.0295,0.0102));
#2376=CARTESIAN_POINT('',(2.20577115776294E-16,-0.0295,0.0102));
#2377=CARTESIAN_POINT('',(0.00220000000000022,-0.0295,0.0102));
#2378=CARTESIAN_POINT('',(2.20577115776294E-16,-0.0295,0.0062));
#2379=CARTESIAN_POINT('',(0.00220000000000022,-0.0295,0.00619999999999999));
#2380=CARTESIAN_POINT('',(0.00825,-0.028,0.0102));
#2381=CARTESIAN_POINT('',(0.00825,-0.028,0.0087));
#2382=CARTESIAN_POINT('',(0.01125,-0.028,0.0087));
#2383=CARTESIAN_POINT('',(0.00825,-0.028,0.0102));
#2384=CARTESIAN_POINT('',(0.01125,-0.028,0.0102));
#2385=CARTESIAN_POINT('',(-0.00154244389748283,-0.0251539775140944,0.0102));
#2386=CARTESIAN_POINT('',(-0.00154244389748283,-0.0251539775140944,0.0062));
#2387=CARTESIAN_POINT('',(-0.00154244389748283,-0.0251539775140944,0.0102));
#2388=CARTESIAN_POINT('',(0.0105166687946039,0.01065,0.0102));
#2389=CARTESIAN_POINT('',(0.0105166687946039,0.01065,0.0102));
#2390=CARTESIAN_POINT('',(0.0128666687946039,0.01065,0.0102));
#2391=CARTESIAN_POINT('',(0.0105166687946039,0.01065,0.0062));
#2392=CARTESIAN_POINT('',(0.0128666687946039,0.01065,0.0062));
#2393=CARTESIAN_POINT('',(-0.0075,0.0225,0.0102));
#2394=CARTESIAN_POINT('',(-0.0075,0.0225,0.0102));
#2395=CARTESIAN_POINT('',(-0.00515,0.0225,0.0102));
#2396=CARTESIAN_POINT('',(-0.0075,0.0225,0.0062));
#2397=CARTESIAN_POINT('',(-0.00515,0.0225,0.0062));
#2398=CARTESIAN_POINT('',(0.0075,0.0225,0.0102));
#2399=CARTESIAN_POINT('',(0.0075,0.0225,0.0102));
#2400=CARTESIAN_POINT('',(0.00985,0.0225,0.0102));
#2401=CARTESIAN_POINT('',(0.0075,0.0225,0.0062));
#2402=CARTESIAN_POINT('',(0.00985,0.0225,0.0062));
#2403=CARTESIAN_POINT('',(-0.0204833312053961,0.01065,0.0102));
#2404=CARTESIAN_POINT('',(-0.0204833312053961,0.01065,0.0102));
#2405=CARTESIAN_POINT('',(-0.0181333312053961,0.01065,0.0102));
#2406=CARTESIAN_POINT('',(-0.0204833312053961,0.01065,0.0062));
#2407=CARTESIAN_POINT('',(-0.0181333312053961,0.01065,0.0062));
#2408=CARTESIAN_POINT('',(-0.0204833312053961,0.01065,0.0102));
#2409=CARTESIAN_POINT('',(-0.0204833312053961,0.01065,0.0062));
#2410=CARTESIAN_POINT('',(-0.0204833312053961,0.01065,0.0102));
#2411=CARTESIAN_POINT('',(0.000433334397301962,0.00411447848780487,0.0102));
#2412=CARTESIAN_POINT('',(0.000433334397301962,0.00411447848780487,0.0062));
#2413=CARTESIAN_POINT('',(-0.0195006802690019,-0.032496845528167,0.0062));
#2414=CARTESIAN_POINT('',(-0.017768629461433,-0.032496845528167,0.0062));
#2415=CARTESIAN_POINT('',(-0.0212327310765708,-0.032496845528167,0.0062));
#2416=CARTESIAN_POINT('',(-0.0169026040576485,-0.0309968455281669,0.0062));
#2417=CARTESIAN_POINT('',(-0.0160365786538641,-0.029496845528167,0.0062));
#2418=CARTESIAN_POINT('',(-0.0169026040576485,-0.027996845528167,0.0062));
#2419=CARTESIAN_POINT('',(-0.017768629461433,-0.026496845528167,0.0062));
#2420=CARTESIAN_POINT('',(-0.0195006802690019,-0.026496845528167,0.0062));
#2421=CARTESIAN_POINT('',(-0.0212327310765708,-0.026496845528167,0.0062));
#2422=CARTESIAN_POINT('',(-0.0220987564803552,-0.027996845528167,0.0062));
#2423=CARTESIAN_POINT('',(-0.0229647818841397,-0.029496845528167,0.0062));
#2424=CARTESIAN_POINT('',(-0.0220987564803552,-0.0309968455281669,0.0062));
#2425=CARTESIAN_POINT('',(0.0174993197309982,-0.032496845528167,0.0062));
#2426=CARTESIAN_POINT('',(0.019231370538567,-0.032496845528167,0.0062));
#2427=CARTESIAN_POINT('',(0.0157672689234293,-0.032496845528167,0.0062));
#2428=CARTESIAN_POINT('',(0.0200973959423514,-0.0309968455281669,0.0062));
#2429=CARTESIAN_POINT('',(0.0209634213461359,-0.029496845528167,0.0062));
#2430=CARTESIAN_POINT('',(0.0200973959423514,-0.027996845528167,0.0062));
#2431=CARTESIAN_POINT('',(0.019231370538567,-0.026496845528167,0.0062));
#2432=CARTESIAN_POINT('',(0.0174993197309982,-0.026496845528167,0.0062));
#2433=CARTESIAN_POINT('',(0.0157672689234293,-0.026496845528167,0.0062));
#2434=CARTESIAN_POINT('',(0.0149012435196448,-0.027996845528167,0.0062));
#2435=CARTESIAN_POINT('',(0.0140352181158604,-0.029496845528167,0.0062));
#2436=CARTESIAN_POINT('',(0.0149012435196448,-0.0309968455281669,0.0062));
#2437=CARTESIAN_POINT('',(0.023,-0.0185,0.0062));
#2438=CARTESIAN_POINT('',(0.0247320508075689,-0.0185,0.0062));
#2439=CARTESIAN_POINT('',(0.0212679491924311,-0.0185,0.0062));
#2440=CARTESIAN_POINT('',(0.0255980762113533,-0.017,0.0062));
#2441=CARTESIAN_POINT('',(0.0264641016151378,-0.0155,0.0062));
#2442=CARTESIAN_POINT('',(0.0255980762113533,-0.014,0.0062));
#2443=CARTESIAN_POINT('',(0.0247320508075689,-0.0125,0.0062));
#2444=CARTESIAN_POINT('',(0.023,-0.0125,0.0062));
#2445=CARTESIAN_POINT('',(0.0212679491924311,-0.0125,0.0062));
#2446=CARTESIAN_POINT('',(0.0204019237886467,-0.014,0.0062));
#2447=CARTESIAN_POINT('',(0.0195358983848622,-0.0155,0.0062));
#2448=CARTESIAN_POINT('',(0.0204019237886467,-0.017,0.0062));
#2449=CARTESIAN_POINT('',(0.023,0.0125,0.0062));
#2450=CARTESIAN_POINT('',(0.0247320508075689,0.0125,0.0062));
#2451=CARTESIAN_POINT('',(0.0212679491924311,0.0125,0.0062));
#2452=CARTESIAN_POINT('',(0.0255980762113533,0.014,0.0062));
#2453=CARTESIAN_POINT('',(0.0264641016151378,0.0155,0.0062));
#2454=CARTESIAN_POINT('',(0.0255980762113533,0.017,0.0062));
#2455=CARTESIAN_POINT('',(0.0247320508075689,0.0185,0.0062));
#2456=CARTESIAN_POINT('',(0.023,0.0185,0.0062));
#2457=CARTESIAN_POINT('',(0.0212679491924311,0.0185,0.0062));
#2458=CARTESIAN_POINT('',(0.0204019237886467,0.017,0.0062));
#2459=CARTESIAN_POINT('',(0.0195358983848622,0.0155,0.0062));
#2460=CARTESIAN_POINT('',(0.0204019237886467,0.014,0.0062));
#2461=CARTESIAN_POINT('',(0.00825,-0.028,0.0062));
#2462=CARTESIAN_POINT('',(0.0099,-0.028,0.0062));
#2463=CARTESIAN_POINT('',(-0.00825,-0.028,0.0062));
#2464=CARTESIAN_POINT('',(-0.0066,-0.028,0.0062));
#2465=CARTESIAN_POINT('',(0.00825,-0.028,0.0087));
#2466=CARTESIAN_POINT('',(0.00825,-0.028,0.0087));
#2467=CARTESIAN_POINT('',(0.0099,-0.028,0.0087));
#2468=CARTESIAN_POINT('',(0.000433334397301962,0.00411447848780487,0.0087));
#2469=CARTESIAN_POINT('',(-0.00825,-0.028,0.0087));
#2470=CARTESIAN_POINT('',(-0.00825,-0.028,0.0087));
#2471=CARTESIAN_POINT('',(-0.0066,-0.028,0.0087));
#2472=CARTESIAN_POINT('',(0.000433334397301962,0.00411447848780487,0.0087));
#2473=CARTESIAN_POINT('',(0.0255980762113533,0.014,0.0087));
#2474=CARTESIAN_POINT('',(0.0247320508075689,0.0125,0.0087));
#2475=CARTESIAN_POINT('',(0.0247320508075689,0.0125,0.0087));
#2476=CARTESIAN_POINT('',(0.0255980762113533,0.014,0.0087));
#2477=CARTESIAN_POINT('',(0.0264641016151378,0.0155,0.0087));
#2478=CARTESIAN_POINT('',(0.0264641016151378,0.0155,0.0087));
#2479=CARTESIAN_POINT('',(0.023,0.0125,0.0087));
#2480=CARTESIAN_POINT('',(0.0212679491924311,0.0125,0.0087));
#2481=CARTESIAN_POINT('',(0.0212679491924311,0.0125,0.0087));
#2482=CARTESIAN_POINT('',(0.023,0.0125,0.0087));
#2483=CARTESIAN_POINT('',(0.0204019237886467,0.014,0.0087));
#2484=CARTESIAN_POINT('',(0.0195358983848622,0.0155,0.0087));
#2485=CARTESIAN_POINT('',(0.0195358983848622,0.0155,0.0087));
#2486=CARTESIAN_POINT('',(0.0204019237886467,0.014,0.0087));
#2487=CARTESIAN_POINT('',(0.0204019237886467,0.017,0.0087));
#2488=CARTESIAN_POINT('',(0.0212679491924311,0.0185,0.0087));
#2489=CARTESIAN_POINT('',(0.0212679491924311,0.0185,0.0087));
#2490=CARTESIAN_POINT('',(0.0204019237886467,0.017,0.0087));
#2491=CARTESIAN_POINT('',(0.023,0.0185,0.0087));
#2492=CARTESIAN_POINT('',(0.0247320508075689,0.0185,0.0087));
#2493=CARTESIAN_POINT('',(0.0247320508075689,0.0185,0.0087));
#2494=CARTESIAN_POINT('',(0.023,0.0185,0.0087));
#2495=CARTESIAN_POINT('',(0.0255980762113533,0.017,0.0087));
#2496=CARTESIAN_POINT('',(0.0255980762113533,0.017,0.0087));
#2497=CARTESIAN_POINT('',(0.023,0.0155,0.0087));
#2498=CARTESIAN_POINT('',(0.0255980762113533,-0.017,0.0087));
#2499=CARTESIAN_POINT('',(0.0247320508075689,-0.0185,0.0087));
#2500=CARTESIAN_POINT('',(0.0247320508075689,-0.0185,0.0087));
#2501=CARTESIAN_POINT('',(0.0255980762113533,-0.017,0.0087));
#2502=CARTESIAN_POINT('',(0.0264641016151378,-0.0155,0.0087));
#2503=CARTESIAN_POINT('',(0.0264641016151378,-0.0155,0.0087));
#2504=CARTESIAN_POINT('',(0.023,-0.0185,0.0087));
#2505=CARTESIAN_POINT('',(0.0212679491924311,-0.0185,0.0087));
#2506=CARTESIAN_POINT('',(0.0212679491924311,-0.0185,0.0087));
#2507=CARTESIAN_POINT('',(0.023,-0.0185,0.0087));
#2508=CARTESIAN_POINT('',(0.0204019237886467,-0.017,0.0087));
#2509=CARTESIAN_POINT('',(0.0195358983848622,-0.0155,0.0087));
#2510=CARTESIAN_POINT('',(0.0195358983848622,-0.0155,0.0087));
#2511=CARTESIAN_POINT('',(0.0204019237886467,-0.017,0.0087));
#2512=CARTESIAN_POINT('',(0.0204019237886467,-0.014,0.0087));
#2513=CARTESIAN_POINT('',(0.0212679491924311,-0.0125,0.0087));
#2514=CARTESIAN_POINT('',(0.0212679491924311,-0.0125,0.0087));
#2515=CARTESIAN_POINT('',(0.0204019237886467,-0.014,0.0087));
#2516=CARTESIAN_POINT('',(0.023,-0.0125,0.0087));
#2517=CARTESIAN_POINT('',(0.0247320508075689,-0.0125,0.0087));
#2518=CARTESIAN_POINT('',(0.0247320508075689,-0.0125,0.0087));
#2519=CARTESIAN_POINT('',(0.023,-0.0125,0.0087));
#2520=CARTESIAN_POINT('',(0.0255980762113533,-0.014,0.0087));
#2521=CARTESIAN_POINT('',(0.0255980762113533,-0.014,0.0087));
#2522=CARTESIAN_POINT('',(0.023,-0.0155,0.0087));
#2523=CARTESIAN_POINT('',(0.0200973959423514,-0.0309968455281669,0.0087));
#2524=CARTESIAN_POINT('',(0.019231370538567,-0.032496845528167,0.0087));
#2525=CARTESIAN_POINT('',(0.019231370538567,-0.032496845528167,0.0087));
#2526=CARTESIAN_POINT('',(0.0200973959423514,-0.0309968455281669,0.0087));
#2527=CARTESIAN_POINT('',(0.0209634213461359,-0.029496845528167,0.0087));
#2528=CARTESIAN_POINT('',(0.0209634213461359,-0.029496845528167,0.0087));
#2529=CARTESIAN_POINT('',(0.0174993197309982,-0.032496845528167,0.0087));
#2530=CARTESIAN_POINT('',(0.0157672689234293,-0.032496845528167,0.0087));
#2531=CARTESIAN_POINT('',(0.0157672689234293,-0.032496845528167,0.0087));
#2532=CARTESIAN_POINT('',(0.0174993197309982,-0.032496845528167,0.0087));
#2533=CARTESIAN_POINT('',(0.0149012435196448,-0.0309968455281669,0.0087));
#2534=CARTESIAN_POINT('',(0.0140352181158604,-0.029496845528167,0.0087));
#2535=CARTESIAN_POINT('',(0.0140352181158604,-0.029496845528167,0.0087));
#2536=CARTESIAN_POINT('',(0.0149012435196448,-0.0309968455281669,0.0087));
#2537=CARTESIAN_POINT('',(0.0149012435196448,-0.027996845528167,0.0087));
#2538=CARTESIAN_POINT('',(0.0157672689234293,-0.026496845528167,0.0087));
#2539=CARTESIAN_POINT('',(0.0157672689234293,-0.026496845528167,0.0087));
#2540=CARTESIAN_POINT('',(0.0149012435196448,-0.027996845528167,0.0087));
#2541=CARTESIAN_POINT('',(0.0174993197309982,-0.026496845528167,0.0087));
#2542=CARTESIAN_POINT('',(0.019231370538567,-0.026496845528167,0.0087));
#2543=CARTESIAN_POINT('',(0.019231370538567,-0.026496845528167,0.0087));
#2544=CARTESIAN_POINT('',(0.0174993197309982,-0.026496845528167,0.0087));
#2545=CARTESIAN_POINT('',(0.0200973959423514,-0.027996845528167,0.0087));
#2546=CARTESIAN_POINT('',(0.0200973959423514,-0.027996845528167,0.0087));
#2547=CARTESIAN_POINT('',(0.0174993197309982,-0.029496845528167,0.0087));
#2548=CARTESIAN_POINT('',(-0.0169026040576485,-0.0309968455281669,0.0087));
#2549=CARTESIAN_POINT('',(-0.017768629461433,-0.032496845528167,0.0087));
#2550=CARTESIAN_POINT('',(-0.017768629461433,-0.032496845528167,0.0087));
#2551=CARTESIAN_POINT('',(-0.0169026040576485,-0.0309968455281669,0.0087));
#2552=CARTESIAN_POINT('',(-0.0160365786538641,-0.029496845528167,0.0087));
#2553=CARTESIAN_POINT('',(-0.0160365786538641,-0.029496845528167,0.0087));
#2554=CARTESIAN_POINT('',(-0.0195006802690019,-0.032496845528167,0.0087));
#2555=CARTESIAN_POINT('',(-0.0212327310765708,-0.032496845528167,0.0087));
#2556=CARTESIAN_POINT('',(-0.0212327310765708,-0.032496845528167,0.0087));
#2557=CARTESIAN_POINT('',(-0.0195006802690019,-0.032496845528167,0.0087));
#2558=CARTESIAN_POINT('',(-0.0220987564803552,-0.0309968455281669,0.0087));
#2559=CARTESIAN_POINT('',(-0.0229647818841397,-0.029496845528167,0.0087));
#2560=CARTESIAN_POINT('',(-0.0229647818841397,-0.029496845528167,0.0087));
#2561=CARTESIAN_POINT('',(-0.0220987564803552,-0.0309968455281669,0.0087));
#2562=CARTESIAN_POINT('',(-0.0220987564803552,-0.027996845528167,0.0087));
#2563=CARTESIAN_POINT('',(-0.0212327310765708,-0.026496845528167,0.0087));
#2564=CARTESIAN_POINT('',(-0.0212327310765708,-0.026496845528167,0.0087));
#2565=CARTESIAN_POINT('',(-0.0220987564803552,-0.027996845528167,0.0087));
#2566=CARTESIAN_POINT('',(-0.0195006802690019,-0.026496845528167,0.0087));
#2567=CARTESIAN_POINT('',(-0.017768629461433,-0.026496845528167,0.0087));
#2568=CARTESIAN_POINT('',(-0.017768629461433,-0.026496845528167,0.0087));
#2569=CARTESIAN_POINT('',(-0.0195006802690019,-0.026496845528167,0.0087));
#2570=CARTESIAN_POINT('',(-0.0169026040576485,-0.027996845528167,0.0087));
#2571=CARTESIAN_POINT('',(-0.0169026040576485,-0.027996845528167,0.0087));
#2572=CARTESIAN_POINT('',(-0.0195006802690019,-0.029496845528167,0.0087));
#2573=MECHANICAL_DESIGN_GEOMETRIC_PRESENTATION_REPRESENTATION('',(#1576),
#2574);
#2574=(
GEOMETRIC_REPRESENTATION_CONTEXT(3)
GLOBAL_UNCERTAINTY_ASSIGNED_CONTEXT((#2575))
GLOBAL_UNIT_ASSIGNED_CONTEXT((#2578,#2577,#2576))
REPRESENTATION_CONTEXT('bracket','TOP_LEVEL_ASSEMBLY_PART')
);
#2575=UNCERTAINTY_MEASURE_WITH_UNIT(LENGTH_MEASURE(1.E-8),#2578,
'DISTANCE_ACCURACY_VALUE','Maximum Tolerance applied to model');
#2576=(
NAMED_UNIT(*)
SI_UNIT($,.STERADIAN.)
SOLID_ANGLE_UNIT()
);
#2577=(
NAMED_UNIT(*)
PLANE_ANGLE_UNIT()
SI_UNIT($,.RADIAN.)
);
#2578=(
LENGTH_UNIT()
NAMED_UNIT(*)
SI_UNIT($,.METRE.)
);
#2579=PRODUCT_DEFINITION_SHAPE('','',#2580);
#2580=PRODUCT_DEFINITION('','',#2582,#2581);
#2581=PRODUCT_DEFINITION_CONTEXT('',#2588,'design');
#2582=PRODUCT_DEFINITION_FORMATION_WITH_SPECIFIED_SOURCE('','',#2584,
 .NOT_KNOWN.);
#2583=PRODUCT_RELATED_PRODUCT_CATEGORY('','',(#2584));
#2584=PRODUCT('bracket','bracket','bracket',(#2586));
#2585=PRODUCT_CATEGORY('','');
#2586=PRODUCT_CONTEXT('',#2588,'mechanical');
#2587=APPLICATION_PROTOCOL_DEFINITION('international standard',
'ap242_managed_model_based_3d_engineering',2020,#2588);
#2588=APPLICATION_CONTEXT('managed model based 3d engineering');
ENDSEC;
END-ISO-10303-21;
