ISO-10303-21;
HEADER;
/* Generated by software containing ST-Developer
 * from STEP Tools, Inc. (www.steptools.com) 
 */
/* OPTION: using custom renumber hook */

FILE_DESCRIPTION(
/* description */ ('STEP AP242 Edition 2',
'CAx-IF Rec.Pracs.---Representation and Presentation of Product Manufa
cturing Information (PMI)---4.0---2014-10-13',
'CAx-IF Rec.Pracs.---3D Tessellated Geometry---0.4---2014-09-14','2;1',
'CAx-IF Rec.Pracs.---User Defined Attributes---1.5---2016-08-15'),
/* implementation_level */ '2;1');

FILE_NAME(
/* name */ 'toolhead v4 - extrudeur',
/* time_stamp */ '2026-08-19T20:10:38Z',
/* author */ (''),
/* organization */ (''),
/* preprocessor_version */ 'ST-DEVELOPER v20',
/* originating_system */ 'ONSHAPE BY PTC INC, 1.219',
/* authorisation */ '  ');

FILE_SCHEMA (('AP242_MANAGED_MODEL_BASED_3D_ENGINEERING_MIM_LF { 1 0 10303 442 3 1 4 }'));
ENDSEC;

DATA;
#10=SHAPE_REPRESENTATION_RELATIONSHIP('','',#1324,#11);
#11=ADVANCED_BREP_SHAPE_REPRESENTATION('',(#1322),#2455);
#12=B_SPLINE_SURFACE_WITH_KNOTS('',1,3,((#2361,#2362,#2363,#2364,#2365,
#2366,#2367,#2368,#2369,#2370,#2371,#2372,#2373,#2374),(#2375,#2376,#2377,
#2378,#2379,#2380,#2381,#2382,#2383,#2384,#2385,#2386,#2387,#2388)),
 .RULED_SURF.,.F.,.F.,.F.,(2,2),(4,2,2,2,2,2,4),(0.,1.),(1.19849272327855,
2.17004268843418,2.65581767101198,3.1415926535898,3.62736763616761,4.11314261874541,
5.08469258390103),.UNSPECIFIED.);
#13=B_SPLINE_SURFACE_WITH_KNOTS('',1,3,((#2407,#2408,#2409,#2410,#2411,
#2412,#2413,#2414,#2415,#2416,#2417,#2418,#2419,#2420),(#2421,#2422,#2423,
#2424,#2425,#2426,#2427,#2428,#2429,#2430,#2431,#2432,#2433,#2434)),
 .RULED_SURF.,.F.,.F.,.F.,(2,2),(4,2,2,2,2,2,4),(0.,1.),(1.19849272327836,
2.17004268843408,2.65581767101193,3.1415926535898,3.62736763616765,4.11314261874551,
5.08469258390122),.UNSPECIFIED.);
#14=CONICAL_SURFACE('',#1431,0.00565,0.785398163397444);
#15=CONICAL_SURFACE('',#1432,0.0205,0.785398163397445);
#16=CONICAL_SURFACE('',#1433,0.0205,0.785398163397445);
#17=CONICAL_SURFACE('',#1434,0.00565,0.785398163397455);
#18=CONICAL_SURFACE('',#1435,0.00565,0.785398163397446);
#19=CONICAL_SURFACE('',#1437,0.0205,0.785398163397448);
#20=CONICAL_SURFACE('',#1442,0.00565,0.785398163397455);
#21=CONICAL_SURFACE('',#1451,0.0035,0.78539816339745);
#22=CONICAL_SURFACE('',#1452,0.00165,0.785398163397448);
#23=CONICAL_SURFACE('',#1453,0.00515,0.785398163397448);
#24=CONICAL_SURFACE('',#1457,0.00515,0.785398163397448);
#25=CONICAL_SURFACE('',#1459,0.012,0.78539816339745);
#26=CONICAL_SURFACE('',#1460,0.00215,0.785398163397448);
#27=CONICAL_SURFACE('',#1461,0.00215,0.785398163397448);
#28=CONICAL_SURFACE('',#1462,0.00215,0.785398163397448);
#29=CONICAL_SURFACE('',#1463,0.00215,0.785398163397448);
#30=CONICAL_SURFACE('',#1464,0.00405,0.785398163397448);
#31=CONICAL_SURFACE('',#1467,0.02,0.785398163397448);
#32=CONICAL_SURFACE('',#1468,0.00515,0.785398163397449);
#33=CONICAL_SURFACE('',#1469,0.02,0.785398163397448);
#34=CONICAL_SURFACE('',#1470,0.00515,0.78539816339745);
#35=CONICAL_SURFACE('',#1471,0.02,0.785398163397445);
#36=PLANE('',#1350);
#37=PLANE('',#1376);
#38=PLANE('',#1382);
#39=PLANE('',#1395);
#40=PLANE('',#1396);
#41=PLANE('',#1398);
#42=PLANE('',#1399);
#43=PLANE('',#1404);
#44=PLANE('',#1409);
#45=PLANE('',#1410);
#46=PLANE('',#1415);
#47=PLANE('',#1419);
#48=PLANE('',#1421);
#49=PLANE('',#1422);
#50=PLANE('',#1424);
#51=PLANE('',#1425);
#52=PLANE('',#1430);
#53=PLANE('',#1436);
#54=PLANE('',#1438);
#55=PLANE('',#1439);
#56=PLANE('',#1440);
#57=PLANE('',#1441);
#58=PLANE('',#1443);
#59=PLANE('',#1444);
#60=PLANE('',#1445);
#61=PLANE('',#1446);
#62=PLANE('',#1447);
#63=PLANE('',#1448);
#64=PLANE('',#1449);
#65=PLANE('',#1450);
#66=PLANE('',#1454);
#67=PLANE('',#1455);
#68=PLANE('',#1456);
#69=PLANE('',#1458);
#70=PLANE('',#1465);
#71=PLANE('',#1466);
#72=B_SPLINE_CURVE_WITH_KNOTS('',3,(#1864,#1865,#1866,#1867,#1868,#1869,
#1870,#1871,#1872,#1873,#1874),.UNSPECIFIED.,.F.,.F.,(4,1,1,1,1,1,1,1,4),
(0.,0.00160216062207499,0.00320432124414998,0.00480648186622496,0.00640864248829995,
0.00801080311037494,0.00961296373244993,0.0112151243545249,0.0128172849765999),
 .UNSPECIFIED.);
#73=B_SPLINE_CURVE_WITH_KNOTS('',3,(#1882,#1883,#1884,#1885),
 .UNSPECIFIED.,.F.,.F.,(4,4),(0.,0.00218224164134601),.UNSPECIFIED.);
#74=B_SPLINE_CURVE_WITH_KNOTS('',3,(#1899,#1900,#1901,#1902,#1903),
 .UNSPECIFIED.,.F.,.F.,(4,1,4),(0.,0.00153143254133381,0.00306286508266762),
 .UNSPECIFIED.);
#75=B_SPLINE_CURVE_WITH_KNOTS('',3,(#1907,#1908,#1909,#1910,#1911,#1912,
#1913,#1914,#1915,#1916,#1917,#1918,#1919,#1920,#1921,#1922,#1923),
 .UNSPECIFIED.,.T.,.F.,(1,1,1,1,1,1,1,1,1,1,1,1,1,1,1,1,1,1,1,1,1),(-0.00209106256573335,
-0.0013940417104889,-0.000697020855244451,0.,0.000697020855244451,0.0013940417104889,
0.00209106256573335,0.0027880834209778,0.00348510427622225,0.0041821251314667,
0.0055761668419556,0.00697020855244451,0.00766722940768896,0.00836425026293341,
0.00906127111817786,0.00975829197342231,0.0104553128286668,0.0111523336839112,
0.0118493545391557,0.0125463753944001,0.0132433962496446),.UNSPECIFIED.);
#76=B_SPLINE_CURVE_WITH_KNOTS('',3,(#1926,#1927,#1928,#1929,#1930,#1931,
#1932,#1933,#1934,#1935,#1936),.UNSPECIFIED.,.T.,.F.,(1,1,1,1,1,1,1,1,1,
1,1,1,1,1,1),(-0.00392356526869774,-0.00261571017913183,-0.00130785508956591,
0.,0.00130785508956591,0.00261571017913183,0.00392356526869774,0.00523142035826365,
0.00653927544782957,0.00784713053739548,0.00915498562696139,0.0104628407165273,
0.0117706958060932,0.0130785508956591,0.014386405985225),.UNSPECIFIED.);
#77=B_SPLINE_CURVE_WITH_KNOTS('',3,(#1938,#1939,#1940,#1941,#1942,#1943,
#1944,#1945,#1946,#1947,#1948,#1949,#1950,#1951,#1952,#1953,#1954),
 .UNSPECIFIED.,.T.,.F.,(1,1,1,1,1,1,1,1,1,1,1,1,1,1,1,1,1,1,1,1,1),(-0.00209106256573335,
-0.0013940417104889,-0.000697020855244449,0.,0.000697020855244449,0.0013940417104889,
0.00209106256573335,0.0027880834209778,0.00348510427622225,0.0041821251314667,
0.00557616684195559,0.00697020855244449,0.00766722940768894,0.00836425026293339,
0.00906127111817784,0.00975829197342229,0.0104553128286667,0.0111523336839112,
0.0118493545391556,0.0125463753944001,0.0132433962496445),.UNSPECIFIED.);
#78=B_SPLINE_CURVE_WITH_KNOTS('',3,(#1963,#1964,#1965,#1966,#1967,#1968,
#1969,#1970,#1971,#1972,#1973,#1974,#1975,#1976,#1977,#1978,#1979,#1980,
#1981),.UNSPECIFIED.,.F.,.F.,(4,1,1,1,1,1,1,1,1,1,1,1,1,1,1,1,4),(4.11973999603282E-17,
0.00173775998140884,0.00347551996281763,0.00521327994422642,0.00695103992563522,
0.00868879990704401,0.0104265598884528,0.0121643198698616,0.0139020798512704,
0.0156398398326792,0.017377599814088,0.0191153597954968,0.0208531197769056,
0.0225908797583144,0.0243286397397232,0.0260663997211319,0.0278041597025407),
 .UNSPECIFIED.);
#79=B_SPLINE_CURVE_WITH_KNOTS('',3,(#1987,#1988,#1989,#1990),
 .UNSPECIFIED.,.F.,.F.,(4,4),(0.,0.00218680845052657),.UNSPECIFIED.);
#80=B_SPLINE_CURVE_WITH_KNOTS('',3,(#2114,#2115,#2116,#2117,#2118,#2119,
#2120),.UNSPECIFIED.,.F.,.F.,(4,1,1,1,4),(0.0311419267783997,0.265574959536628,
0.500007992294856,0.734441025053084,0.968874057811312),.UNSPECIFIED.);
#81=B_SPLINE_CURVE_WITH_KNOTS('',3,(#2130,#2131,#2132,#2133,#2134,#2135,
#2136),.UNSPECIFIED.,.F.,.F.,(4,1,1,1,4),(0.0311419267789184,0.265574959536682,
0.500007992294447,0.734441025052211,0.968874057809975),.UNSPECIFIED.);
#82=B_SPLINE_CURVE_WITH_KNOTS('',3,(#2167,#2168,#2169,#2170,#2171,#2172,
#2173,#2174,#2175,#2176,#2177,#2178,#2179,#2180,#2181,#2182,#2183,#2184,
#2185,#2186,#2187,#2188,#2189,#2190,#2191,#2192,#2193,#2194,#2195),
 .UNSPECIFIED.,.F.,.F.,(4,1,1,1,1,1,1,1,1,1,1,1,1,1,1,1,1,1,1,1,1,1,1,1,
1,1,4),(0.,0.0625,0.09375,0.109375,0.125,0.140625,0.15625,0.1875,0.21875,
0.25,0.28125,0.3125,0.375,0.5,0.625,0.6875,0.71875,0.75,0.78125,0.8125,
0.84375,0.859375,0.875,0.890625,0.90625,0.9375,1.),.UNSPECIFIED.);
#83=B_SPLINE_CURVE_WITH_KNOTS('',3,(#2198,#2199,#2200,#2201,#2202,#2203,
#2204,#2205,#2206,#2207,#2208,#2209,#2210,#2211,#2212,#2213,#2214,#2215,
#2216,#2217,#2218,#2219,#2220,#2221,#2222,#2223,#2224,#2225,#2226),
 .UNSPECIFIED.,.F.,.F.,(4,1,1,1,1,1,1,1,1,1,1,1,1,1,1,1,1,1,1,1,1,1,1,1,
1,1,4),(0.,0.0625,0.09375,0.109375,0.125,0.140625,0.15625,0.1875,0.21875,
0.25,0.28125,0.3125,0.375,0.5,0.625,0.6875,0.71875,0.75,0.78125,0.8125,
0.84375,0.859375,0.875,0.890625,0.90625,0.9375,1.),.UNSPECIFIED.);
#84=B_SPLINE_CURVE_WITH_KNOTS('',3,(#2230,#2231,#2232,#2233,#2234),
 .UNSPECIFIED.,.F.,.F.,(4,1,4),(0.,0.0021321634938187,0.00426432698763741),
 .UNSPECIFIED.);
#85=B_SPLINE_CURVE_WITH_KNOTS('',3,(#2313,#2314,#2315,#2316),
 .UNSPECIFIED.,.F.,.F.,(4,4),(0.,0.000922543748017019),.UNSPECIFIED.);
#86=B_SPLINE_CURVE_WITH_KNOTS('',3,(#2336,#2337,#2338,#2339),
 .UNSPECIFIED.,.F.,.F.,(4,4),(0.,0.000975842919426981),.UNSPECIFIED.);
#87=B_SPLINE_CURVE_WITH_KNOTS('',3,(#2350,#2351,#2352,#2353),
 .UNSPECIFIED.,.F.,.F.,(4,4),(3.12250225675825E-17,0.000753462459915889),
 .UNSPECIFIED.);
#88=B_SPLINE_CURVE_WITH_KNOTS('',3,(#2389,#2390,#2391,#2392),
 .UNSPECIFIED.,.F.,.F.,(4,4),(0.,0.000401101678037693),.UNSPECIFIED.);
#89=B_SPLINE_CURVE_WITH_KNOTS('',3,(#2394,#2395,#2396,#2397),
 .UNSPECIFIED.,.F.,.F.,(4,4),(0.375488618488625,1.),.UNSPECIFIED.);
#90=B_SPLINE_CURVE_WITH_KNOTS('',3,(#2398,#2399,#2400,#2401),
 .UNSPECIFIED.,.F.,.F.,(4,4),(0.,0.624511381397253),.UNSPECIFIED.);
#91=B_SPLINE_CURVE_WITH_KNOTS('',3,(#2403,#2404,#2405,#2406),
 .UNSPECIFIED.,.F.,.F.,(4,4),(0.,0.000401259036627084),.UNSPECIFIED.);
#92=B_SPLINE_CURVE_WITH_KNOTS('',3,(#2435,#2436,#2437,#2438),
 .UNSPECIFIED.,.F.,.F.,(4,4),(0.,0.000401259036626533),.UNSPECIFIED.);
#93=B_SPLINE_CURVE_WITH_KNOTS('',3,(#2439,#2440,#2441,#2442),
 .UNSPECIFIED.,.F.,.F.,(4,4),(0.,0.000401101678061182),.UNSPECIFIED.);
#94=CIRCLE('',#1327,0.00565);
#95=CIRCLE('',#1328,0.00565);
#96=CIRCLE('',#1329,0.00565);
#97=CIRCLE('',#1330,0.00565);
#98=CIRCLE('',#1332,0.00165);
#99=CIRCLE('',#1333,0.00165);
#100=CIRCLE('',#1335,0.00165);
#101=CIRCLE('',#1336,0.00165);
#102=CIRCLE('',#1338,0.00165);
#103=CIRCLE('',#1341,0.00565);
#104=CIRCLE('',#1342,0.00565);
#105=CIRCLE('',#1343,0.00565);
#106=CIRCLE('',#1345,0.00565);
#107=CIRCLE('',#1346,0.00565);
#108=CIRCLE('',#1348,0.02);
#109=CIRCLE('',#1349,0.02);
#110=CIRCLE('',#1351,0.00405);
#111=CIRCLE('',#1352,0.003);
#112=CIRCLE('',#1353,0.003);
#113=CIRCLE('',#1355,0.02);
#114=CIRCLE('',#1356,0.02);
#115=CIRCLE('',#1358,0.00565);
#116=CIRCLE('',#1359,0.00565);
#117=CIRCLE('',#1361,0.00165);
#118=CIRCLE('',#1362,0.00165);
#119=CIRCLE('',#1364,0.0115);
#120=CIRCLE('',#1365,0.0115);
#121=CIRCLE('',#1366,0.0115);
#122=CIRCLE('',#1368,0.02);
#123=CIRCLE('',#1369,0.02);
#124=CIRCLE('',#1371,0.00165);
#125=CIRCLE('',#1372,0.00165);
#126=CIRCLE('',#1374,0.00165);
#127=CIRCLE('',#1375,0.00165);
#128=CIRCLE('',#1377,0.00515);
#129=CIRCLE('',#1378,0.0205);
#130=CIRCLE('',#1379,0.0205);
#131=CIRCLE('',#1380,0.00515);
#132=CIRCLE('',#1381,0.0205);
#133=CIRCLE('',#1383,0.00515);
#134=CIRCLE('',#1384,0.0205);
#135=CIRCLE('',#1385,0.00515);
#136=CIRCLE('',#1386,0.0205);
#137=CIRCLE('',#1387,0.00515);
#138=CIRCLE('',#1388,0.0205);
#139=CIRCLE('',#1389,0.00515);
#140=CIRCLE('',#1390,0.012);
#141=CIRCLE('',#1391,0.00215);
#142=CIRCLE('',#1392,0.00215);
#143=CIRCLE('',#1393,0.00215);
#144=CIRCLE('',#1394,0.00215);
#145=CIRCLE('',#1397,0.0045);
#146=CIRCLE('',#1400,0.0035);
#147=CIRCLE('',#1401,0.00215);
#148=CIRCLE('',#1402,0.00515);
#149=CIRCLE('',#1403,0.00515);
#150=CIRCLE('',#1406,0.00205);
#151=CIRCLE('',#1408,0.003);
#152=CIRCLE('',#1411,0.003);
#153=CIRCLE('',#1414,0.0045);
#154=CIRCLE('',#1416,0.0025);
#155=CIRCLE('',#1418,0.0025);
#156=CIRCLE('',#1423,0.003);
#157=CIRCLE('',#1426,0.003);
#158=CIRCLE('',#1428,0.003);
#159=ORIENTED_EDGE('',*,*,#503,.F.);
#160=ORIENTED_EDGE('',*,*,#504,.T.);
#161=ORIENTED_EDGE('',*,*,#505,.T.);
#162=ORIENTED_EDGE('',*,*,#506,.T.);
#163=ORIENTED_EDGE('',*,*,#507,.T.);
#164=ORIENTED_EDGE('',*,*,#508,.F.);
#165=ORIENTED_EDGE('',*,*,#509,.T.);
#166=ORIENTED_EDGE('',*,*,#510,.T.);
#167=ORIENTED_EDGE('',*,*,#511,.F.);
#168=ORIENTED_EDGE('',*,*,#512,.T.);
#169=ORIENTED_EDGE('',*,*,#513,.T.);
#170=ORIENTED_EDGE('',*,*,#514,.F.);
#171=ORIENTED_EDGE('',*,*,#515,.T.);
#172=ORIENTED_EDGE('',*,*,#516,.T.);
#173=ORIENTED_EDGE('',*,*,#517,.T.);
#174=ORIENTED_EDGE('',*,*,#518,.T.);
#175=ORIENTED_EDGE('',*,*,#519,.F.);
#176=ORIENTED_EDGE('',*,*,#520,.T.);
#177=ORIENTED_EDGE('',*,*,#521,.T.);
#178=ORIENTED_EDGE('',*,*,#522,.T.);
#179=ORIENTED_EDGE('',*,*,#521,.F.);
#180=ORIENTED_EDGE('',*,*,#523,.F.);
#181=ORIENTED_EDGE('',*,*,#524,.T.);
#182=ORIENTED_EDGE('',*,*,#525,.T.);
#183=ORIENTED_EDGE('',*,*,#526,.F.);
#184=ORIENTED_EDGE('',*,*,#527,.T.);
#185=ORIENTED_EDGE('',*,*,#528,.T.);
#186=ORIENTED_EDGE('',*,*,#529,.T.);
#187=ORIENTED_EDGE('',*,*,#530,.T.);
#188=ORIENTED_EDGE('',*,*,#531,.T.);
#189=ORIENTED_EDGE('',*,*,#532,.F.);
#190=ORIENTED_EDGE('',*,*,#518,.F.);
#191=ORIENTED_EDGE('',*,*,#533,.F.);
#192=ORIENTED_EDGE('',*,*,#534,.T.);
#193=ORIENTED_EDGE('',*,*,#535,.T.);
#194=ORIENTED_EDGE('',*,*,#536,.T.);
#195=ORIENTED_EDGE('',*,*,#530,.F.);
#196=ORIENTED_EDGE('',*,*,#537,.T.);
#197=ORIENTED_EDGE('',*,*,#533,.T.);
#198=ORIENTED_EDGE('',*,*,#538,.T.);
#199=ORIENTED_EDGE('',*,*,#539,.T.);
#200=ORIENTED_EDGE('',*,*,#514,.T.);
#201=ORIENTED_EDGE('',*,*,#505,.F.);
#202=ORIENTED_EDGE('',*,*,#540,.T.);
#203=ORIENTED_EDGE('',*,*,#523,.T.);
#204=ORIENTED_EDGE('',*,*,#519,.T.);
#205=ORIENTED_EDGE('',*,*,#532,.T.);
#206=ORIENTED_EDGE('',*,*,#541,.T.);
#207=ORIENTED_EDGE('',*,*,#542,.T.);
#208=ORIENTED_EDGE('',*,*,#543,.T.);
#209=ORIENTED_EDGE('',*,*,#544,.F.);
#210=ORIENTED_EDGE('',*,*,#545,.T.);
#211=ORIENTED_EDGE('',*,*,#546,.T.);
#212=ORIENTED_EDGE('',*,*,#547,.T.);
#213=ORIENTED_EDGE('',*,*,#548,.F.);
#214=ORIENTED_EDGE('',*,*,#549,.T.);
#215=ORIENTED_EDGE('',*,*,#511,.T.);
#216=ORIENTED_EDGE('',*,*,#550,.T.);
#217=ORIENTED_EDGE('',*,*,#551,.F.);
#218=ORIENTED_EDGE('',*,*,#552,.T.);
#219=ORIENTED_EDGE('',*,*,#548,.T.);
#220=ORIENTED_EDGE('',*,*,#553,.T.);
#221=ORIENTED_EDGE('',*,*,#554,.T.);
#222=ORIENTED_EDGE('',*,*,#555,.T.);
#223=ORIENTED_EDGE('',*,*,#556,.T.);
#224=ORIENTED_EDGE('',*,*,#557,.T.);
#225=ORIENTED_EDGE('',*,*,#558,.T.);
#226=ORIENTED_EDGE('',*,*,#535,.F.);
#227=ORIENTED_EDGE('',*,*,#559,.T.);
#228=ORIENTED_EDGE('',*,*,#551,.T.);
#229=ORIENTED_EDGE('',*,*,#560,.T.);
#230=ORIENTED_EDGE('',*,*,#561,.T.);
#231=ORIENTED_EDGE('',*,*,#562,.T.);
#232=ORIENTED_EDGE('',*,*,#563,.T.);
#233=ORIENTED_EDGE('',*,*,#564,.T.);
#234=ORIENTED_EDGE('',*,*,#565,.T.);
#235=ORIENTED_EDGE('',*,*,#566,.T.);
#236=ORIENTED_EDGE('',*,*,#528,.F.);
#237=ORIENTED_EDGE('',*,*,#567,.F.);
#238=ORIENTED_EDGE('',*,*,#568,.T.);
#239=ORIENTED_EDGE('',*,*,#558,.F.);
#240=ORIENTED_EDGE('',*,*,#569,.F.);
#241=ORIENTED_EDGE('',*,*,#513,.F.);
#242=ORIENTED_EDGE('',*,*,#570,.T.);
#243=ORIENTED_EDGE('',*,*,#571,.T.);
#244=ORIENTED_EDGE('',*,*,#572,.T.);
#245=ORIENTED_EDGE('',*,*,#562,.F.);
#246=ORIENTED_EDGE('',*,*,#564,.F.);
#247=ORIENTED_EDGE('',*,*,#573,.T.);
#248=ORIENTED_EDGE('',*,*,#574,.T.);
#249=ORIENTED_EDGE('',*,*,#575,.T.);
#250=ORIENTED_EDGE('',*,*,#576,.T.);
#251=ORIENTED_EDGE('',*,*,#577,.T.);
#252=ORIENTED_EDGE('',*,*,#578,.T.);
#253=ORIENTED_EDGE('',*,*,#579,.T.);
#254=ORIENTED_EDGE('',*,*,#580,.T.);
#255=ORIENTED_EDGE('',*,*,#581,.T.);
#256=ORIENTED_EDGE('',*,*,#582,.T.);
#257=ORIENTED_EDGE('',*,*,#583,.T.);
#258=ORIENTED_EDGE('',*,*,#584,.T.);
#259=ORIENTED_EDGE('',*,*,#585,.T.);
#260=ORIENTED_EDGE('',*,*,#586,.T.);
#261=ORIENTED_EDGE('',*,*,#587,.T.);
#262=ORIENTED_EDGE('',*,*,#588,.T.);
#263=ORIENTED_EDGE('',*,*,#589,.T.);
#264=ORIENTED_EDGE('',*,*,#590,.T.);
#265=ORIENTED_EDGE('',*,*,#591,.T.);
#266=ORIENTED_EDGE('',*,*,#592,.F.);
#267=ORIENTED_EDGE('',*,*,#568,.F.);
#268=ORIENTED_EDGE('',*,*,#593,.F.);
#269=ORIENTED_EDGE('',*,*,#525,.F.);
#270=ORIENTED_EDGE('',*,*,#594,.T.);
#271=ORIENTED_EDGE('',*,*,#593,.T.);
#272=ORIENTED_EDGE('',*,*,#567,.T.);
#273=ORIENTED_EDGE('',*,*,#527,.F.);
#274=ORIENTED_EDGE('',*,*,#595,.F.);
#275=ORIENTED_EDGE('',*,*,#596,.T.);
#276=ORIENTED_EDGE('',*,*,#597,.T.);
#277=ORIENTED_EDGE('',*,*,#598,.T.);
#278=ORIENTED_EDGE('',*,*,#503,.T.);
#279=ORIENTED_EDGE('',*,*,#569,.T.);
#280=ORIENTED_EDGE('',*,*,#599,.T.);
#281=ORIENTED_EDGE('',*,*,#600,.T.);
#282=ORIENTED_EDGE('',*,*,#601,.T.);
#283=ORIENTED_EDGE('',*,*,#602,.T.);
#284=ORIENTED_EDGE('',*,*,#603,.T.);
#285=ORIENTED_EDGE('',*,*,#604,.T.);
#286=ORIENTED_EDGE('',*,*,#605,.T.);
#287=ORIENTED_EDGE('',*,*,#606,.T.);
#288=ORIENTED_EDGE('',*,*,#607,.T.);
#289=ORIENTED_EDGE('',*,*,#608,.T.);
#290=ORIENTED_EDGE('',*,*,#592,.T.);
#291=ORIENTED_EDGE('',*,*,#609,.T.);
#292=ORIENTED_EDGE('',*,*,#599,.F.);
#293=ORIENTED_EDGE('',*,*,#557,.F.);
#294=ORIENTED_EDGE('',*,*,#610,.T.);
#295=ORIENTED_EDGE('',*,*,#611,.T.);
#296=ORIENTED_EDGE('',*,*,#612,.T.);
#297=ORIENTED_EDGE('',*,*,#613,.T.);
#298=ORIENTED_EDGE('',*,*,#614,.T.);
#299=ORIENTED_EDGE('',*,*,#547,.F.);
#300=ORIENTED_EDGE('',*,*,#613,.F.);
#301=ORIENTED_EDGE('',*,*,#615,.F.);
#302=ORIENTED_EDGE('',*,*,#615,.T.);
#303=ORIENTED_EDGE('',*,*,#545,.F.);
#304=ORIENTED_EDGE('',*,*,#616,.F.);
#305=ORIENTED_EDGE('',*,*,#595,.T.);
#306=ORIENTED_EDGE('',*,*,#526,.T.);
#307=ORIENTED_EDGE('',*,*,#617,.T.);
#308=ORIENTED_EDGE('',*,*,#616,.T.);
#309=ORIENTED_EDGE('',*,*,#617,.F.);
#310=ORIENTED_EDGE('',*,*,#618,.F.);
#311=ORIENTED_EDGE('',*,*,#618,.T.);
#312=ORIENTED_EDGE('',*,*,#546,.F.);
#313=ORIENTED_EDGE('',*,*,#614,.F.);
#314=ORIENTED_EDGE('',*,*,#619,.T.);
#315=ORIENTED_EDGE('',*,*,#620,.T.);
#316=ORIENTED_EDGE('',*,*,#621,.T.);
#317=ORIENTED_EDGE('',*,*,#622,.T.);
#318=ORIENTED_EDGE('',*,*,#623,.F.);
#319=ORIENTED_EDGE('',*,*,#624,.T.);
#320=ORIENTED_EDGE('',*,*,#625,.T.);
#321=ORIENTED_EDGE('',*,*,#626,.T.);
#322=ORIENTED_EDGE('',*,*,#509,.F.);
#323=ORIENTED_EDGE('',*,*,#627,.T.);
#324=ORIENTED_EDGE('',*,*,#507,.F.);
#325=ORIENTED_EDGE('',*,*,#515,.F.);
#326=ORIENTED_EDGE('',*,*,#544,.T.);
#327=ORIENTED_EDGE('',*,*,#628,.T.);
#328=ORIENTED_EDGE('',*,*,#623,.T.);
#329=ORIENTED_EDGE('',*,*,#506,.F.);
#330=ORIENTED_EDGE('',*,*,#517,.F.);
#331=ORIENTED_EDGE('',*,*,#629,.F.);
#332=ORIENTED_EDGE('',*,*,#630,.T.);
#333=ORIENTED_EDGE('',*,*,#520,.F.);
#334=ORIENTED_EDGE('',*,*,#522,.F.);
#335=ORIENTED_EDGE('',*,*,#629,.T.);
#336=ORIENTED_EDGE('',*,*,#508,.T.);
#337=ORIENTED_EDGE('',*,*,#627,.F.);
#338=ORIENTED_EDGE('',*,*,#631,.T.);
#339=ORIENTED_EDGE('',*,*,#632,.T.);
#340=ORIENTED_EDGE('',*,*,#633,.T.);
#341=ORIENTED_EDGE('',*,*,#634,.T.);
#342=ORIENTED_EDGE('',*,*,#635,.F.);
#343=ORIENTED_EDGE('',*,*,#536,.F.);
#344=ORIENTED_EDGE('',*,*,#636,.F.);
#345=ORIENTED_EDGE('',*,*,#578,.F.);
#346=ORIENTED_EDGE('',*,*,#636,.T.);
#347=ORIENTED_EDGE('',*,*,#560,.F.);
#348=ORIENTED_EDGE('',*,*,#637,.F.);
#349=ORIENTED_EDGE('',*,*,#579,.F.);
#350=ORIENTED_EDGE('',*,*,#635,.T.);
#351=ORIENTED_EDGE('',*,*,#577,.F.);
#352=ORIENTED_EDGE('',*,*,#638,.F.);
#353=ORIENTED_EDGE('',*,*,#538,.F.);
#354=ORIENTED_EDGE('',*,*,#637,.T.);
#355=ORIENTED_EDGE('',*,*,#553,.F.);
#356=ORIENTED_EDGE('',*,*,#639,.F.);
#357=ORIENTED_EDGE('',*,*,#580,.F.);
#358=ORIENTED_EDGE('',*,*,#638,.T.);
#359=ORIENTED_EDGE('',*,*,#576,.F.);
#360=ORIENTED_EDGE('',*,*,#640,.F.);
#361=ORIENTED_EDGE('',*,*,#531,.F.);
#362=ORIENTED_EDGE('',*,*,#641,.F.);
#363=ORIENTED_EDGE('',*,*,#543,.F.);
#364=ORIENTED_EDGE('',*,*,#642,.F.);
#365=ORIENTED_EDGE('',*,*,#619,.F.);
#366=ORIENTED_EDGE('',*,*,#639,.T.);
#367=ORIENTED_EDGE('',*,*,#550,.F.);
#368=ORIENTED_EDGE('',*,*,#643,.F.);
#369=ORIENTED_EDGE('',*,*,#581,.F.);
#370=ORIENTED_EDGE('',*,*,#640,.T.);
#371=ORIENTED_EDGE('',*,*,#575,.F.);
#372=ORIENTED_EDGE('',*,*,#644,.F.);
#373=ORIENTED_EDGE('',*,*,#541,.F.);
#374=ORIENTED_EDGE('',*,*,#645,.F.);
#375=ORIENTED_EDGE('',*,*,#542,.F.);
#376=ORIENTED_EDGE('',*,*,#646,.F.);
#377=ORIENTED_EDGE('',*,*,#631,.F.);
#378=ORIENTED_EDGE('',*,*,#642,.T.);
#379=ORIENTED_EDGE('',*,*,#645,.T.);
#380=ORIENTED_EDGE('',*,*,#647,.F.);
#381=ORIENTED_EDGE('',*,*,#641,.T.);
#382=ORIENTED_EDGE('',*,*,#622,.F.);
#383=ORIENTED_EDGE('',*,*,#648,.F.);
#384=ORIENTED_EDGE('',*,*,#628,.F.);
#385=ORIENTED_EDGE('',*,*,#643,.T.);
#386=ORIENTED_EDGE('',*,*,#510,.F.);
#387=ORIENTED_EDGE('',*,*,#649,.F.);
#388=ORIENTED_EDGE('',*,*,#582,.F.);
#389=ORIENTED_EDGE('',*,*,#646,.T.);
#390=ORIENTED_EDGE('',*,*,#644,.T.);
#391=ORIENTED_EDGE('',*,*,#650,.F.);
#392=ORIENTED_EDGE('',*,*,#647,.T.);
#393=ORIENTED_EDGE('',*,*,#634,.F.);
#394=ORIENTED_EDGE('',*,*,#651,.F.);
#395=ORIENTED_EDGE('',*,*,#620,.F.);
#396=ORIENTED_EDGE('',*,*,#648,.T.);
#397=ORIENTED_EDGE('',*,*,#621,.F.);
#398=ORIENTED_EDGE('',*,*,#652,.F.);
#399=ORIENTED_EDGE('',*,*,#624,.F.);
#400=ORIENTED_EDGE('',*,*,#649,.T.);
#401=ORIENTED_EDGE('',*,*,#626,.F.);
#402=ORIENTED_EDGE('',*,*,#653,.F.);
#403=ORIENTED_EDGE('',*,*,#573,.F.);
#404=ORIENTED_EDGE('',*,*,#650,.T.);
#405=ORIENTED_EDGE('',*,*,#574,.F.);
#406=ORIENTED_EDGE('',*,*,#654,.F.);
#407=ORIENTED_EDGE('',*,*,#632,.F.);
#408=ORIENTED_EDGE('',*,*,#652,.T.);
#409=ORIENTED_EDGE('',*,*,#651,.T.);
#410=ORIENTED_EDGE('',*,*,#655,.F.);
#411=ORIENTED_EDGE('',*,*,#654,.T.);
#412=ORIENTED_EDGE('',*,*,#653,.T.);
#413=ORIENTED_EDGE('',*,*,#656,.F.);
#414=ORIENTED_EDGE('',*,*,#655,.T.);
#415=ORIENTED_EDGE('',*,*,#633,.F.);
#416=ORIENTED_EDGE('',*,*,#656,.T.);
#417=ORIENTED_EDGE('',*,*,#625,.F.);
#418=ORIENTED_EDGE('',*,*,#630,.F.);
#419=ORIENTED_EDGE('',*,*,#601,.F.);
#420=ORIENTED_EDGE('',*,*,#602,.F.);
#421=ORIENTED_EDGE('',*,*,#554,.F.);
#422=ORIENTED_EDGE('',*,*,#657,.F.);
#423=ORIENTED_EDGE('',*,*,#504,.F.);
#424=ORIENTED_EDGE('',*,*,#658,.F.);
#425=ORIENTED_EDGE('',*,*,#607,.F.);
#426=ORIENTED_EDGE('',*,*,#598,.F.);
#427=ORIENTED_EDGE('',*,*,#659,.T.);
#428=ORIENTED_EDGE('',*,*,#660,.F.);
#429=ORIENTED_EDGE('',*,*,#608,.F.);
#430=ORIENTED_EDGE('',*,*,#658,.T.);
#431=ORIENTED_EDGE('',*,*,#657,.T.);
#432=ORIENTED_EDGE('',*,*,#606,.F.);
#433=ORIENTED_EDGE('',*,*,#661,.F.);
#434=ORIENTED_EDGE('',*,*,#540,.F.);
#435=ORIENTED_EDGE('',*,*,#660,.T.);
#436=ORIENTED_EDGE('',*,*,#662,.T.);
#437=ORIENTED_EDGE('',*,*,#588,.F.);
#438=ORIENTED_EDGE('',*,*,#663,.F.);
#439=ORIENTED_EDGE('',*,*,#603,.F.);
#440=ORIENTED_EDGE('',*,*,#661,.T.);
#441=ORIENTED_EDGE('',*,*,#605,.F.);
#442=ORIENTED_EDGE('',*,*,#664,.F.);
#443=ORIENTED_EDGE('',*,*,#524,.F.);
#444=ORIENTED_EDGE('',*,*,#663,.T.);
#445=ORIENTED_EDGE('',*,*,#594,.F.);
#446=ORIENTED_EDGE('',*,*,#664,.T.);
#447=ORIENTED_EDGE('',*,*,#604,.F.);
#448=ORIENTED_EDGE('',*,*,#556,.F.);
#449=ORIENTED_EDGE('',*,*,#583,.F.);
#450=ORIENTED_EDGE('',*,*,#563,.F.);
#451=ORIENTED_EDGE('',*,*,#584,.F.);
#452=ORIENTED_EDGE('',*,*,#561,.F.);
#453=ORIENTED_EDGE('',*,*,#585,.F.);
#454=ORIENTED_EDGE('',*,*,#555,.F.);
#455=ORIENTED_EDGE('',*,*,#586,.F.);
#456=ORIENTED_EDGE('',*,*,#516,.F.);
#457=ORIENTED_EDGE('',*,*,#587,.F.);
#458=ORIENTED_EDGE('',*,*,#610,.F.);
#459=ORIENTED_EDGE('',*,*,#539,.F.);
#460=ORIENTED_EDGE('',*,*,#590,.F.);
#461=ORIENTED_EDGE('',*,*,#665,.T.);
#462=ORIENTED_EDGE('',*,*,#666,.F.);
#463=ORIENTED_EDGE('',*,*,#611,.F.);
#464=ORIENTED_EDGE('',*,*,#667,.F.);
#465=ORIENTED_EDGE('',*,*,#668,.T.);
#466=ORIENTED_EDGE('',*,*,#666,.T.);
#467=ORIENTED_EDGE('',*,*,#669,.T.);
#468=ORIENTED_EDGE('',*,*,#596,.F.);
#469=ORIENTED_EDGE('',*,*,#670,.T.);
#470=ORIENTED_EDGE('',*,*,#667,.T.);
#471=ORIENTED_EDGE('',*,*,#612,.F.);
#472=ORIENTED_EDGE('',*,*,#659,.F.);
#473=ORIENTED_EDGE('',*,*,#597,.F.);
#474=ORIENTED_EDGE('',*,*,#669,.F.);
#475=ORIENTED_EDGE('',*,*,#665,.F.);
#476=ORIENTED_EDGE('',*,*,#589,.F.);
#477=ORIENTED_EDGE('',*,*,#662,.F.);
#478=ORIENTED_EDGE('',*,*,#670,.F.);
#479=ORIENTED_EDGE('',*,*,#600,.F.);
#480=ORIENTED_EDGE('',*,*,#609,.F.);
#481=ORIENTED_EDGE('',*,*,#591,.F.);
#482=ORIENTED_EDGE('',*,*,#668,.F.);
#483=ORIENTED_EDGE('',*,*,#512,.F.);
#484=ORIENTED_EDGE('',*,*,#549,.F.);
#485=ORIENTED_EDGE('',*,*,#671,.F.);
#486=ORIENTED_EDGE('',*,*,#570,.F.);
#487=ORIENTED_EDGE('',*,*,#671,.T.);
#488=ORIENTED_EDGE('',*,*,#552,.F.);
#489=ORIENTED_EDGE('',*,*,#672,.F.);
#490=ORIENTED_EDGE('',*,*,#571,.F.);
#491=ORIENTED_EDGE('',*,*,#672,.T.);
#492=ORIENTED_EDGE('',*,*,#559,.F.);
#493=ORIENTED_EDGE('',*,*,#673,.F.);
#494=ORIENTED_EDGE('',*,*,#572,.F.);
#495=ORIENTED_EDGE('',*,*,#673,.T.);
#496=ORIENTED_EDGE('',*,*,#534,.F.);
#497=ORIENTED_EDGE('',*,*,#674,.F.);
#498=ORIENTED_EDGE('',*,*,#565,.F.);
#499=ORIENTED_EDGE('',*,*,#529,.F.);
#500=ORIENTED_EDGE('',*,*,#566,.F.);
#501=ORIENTED_EDGE('',*,*,#674,.T.);
#502=ORIENTED_EDGE('',*,*,#537,.F.);
#503=EDGE_CURVE('',#675,#676,#789,.T.);
#504=EDGE_CURVE('',#675,#677,#94,.F.);
#505=EDGE_CURVE('',#677,#678,#790,.T.);
#506=EDGE_CURVE('',#678,#679,#95,.T.);
#507=EDGE_CURVE('',#679,#680,#791,.T.);
#508=EDGE_CURVE('',#681,#680,#72,.T.);
#509=EDGE_CURVE('',#681,#682,#792,.T.);
#510=EDGE_CURVE('',#682,#683,#96,.T.);
#511=EDGE_CURVE('',#684,#683,#793,.T.);
#512=EDGE_CURVE('',#684,#685,#73,.T.);
#513=EDGE_CURVE('',#685,#676,#97,.T.);
#514=EDGE_CURVE('',#686,#686,#98,.T.);
#515=EDGE_CURVE('',#687,#687,#99,.F.);
#516=EDGE_CURVE('',#688,#688,#100,.F.);
#517=EDGE_CURVE('',#689,#689,#101,.T.);
#518=EDGE_CURVE('',#690,#691,#74,.T.);
#519=EDGE_CURVE('',#690,#691,#102,.T.);
#520=EDGE_CURVE('',#692,#692,#75,.T.);
#521=EDGE_CURVE('',#693,#693,#76,.T.);
#522=EDGE_CURVE('',#694,#694,#77,.T.);
#523=EDGE_CURVE('',#695,#690,#794,.T.);
#524=EDGE_CURVE('',#695,#696,#103,.F.);
#525=EDGE_CURVE('',#696,#697,#795,.T.);
#526=EDGE_CURVE('',#698,#697,#78,.T.);
#527=EDGE_CURVE('',#698,#699,#796,.T.);
#528=EDGE_CURVE('',#699,#700,#104,.T.);
#529=EDGE_CURVE('',#700,#701,#79,.T.);
#530=EDGE_CURVE('',#701,#702,#797,.T.);
#531=EDGE_CURVE('',#702,#703,#105,.T.);
#532=EDGE_CURVE('',#691,#703,#798,.T.);
#533=EDGE_CURVE('',#704,#705,#799,.T.);
#534=EDGE_CURVE('',#704,#706,#106,.F.);
#535=EDGE_CURVE('',#706,#707,#800,.T.);
#536=EDGE_CURVE('',#707,#705,#107,.T.);
#537=EDGE_CURVE('',#701,#704,#108,.T.);
#538=EDGE_CURVE('',#705,#702,#109,.F.);
#539=EDGE_CURVE('',#708,#708,#110,.F.);
#540=EDGE_CURVE('',#677,#695,#801,.T.);
#541=EDGE_CURVE('',#703,#709,#802,.T.);
#542=EDGE_CURVE('',#709,#710,#803,.T.);
#543=EDGE_CURVE('',#710,#711,#804,.T.);
#544=EDGE_CURVE('',#678,#711,#805,.T.);
#545=EDGE_CURVE('',#712,#712,#111,.T.);
#546=EDGE_CURVE('',#713,#714,#806,.T.);
#547=EDGE_CURVE('',#714,#713,#112,.T.);
#548=EDGE_CURVE('',#715,#716,#807,.T.);
#549=EDGE_CURVE('',#715,#684,#113,.T.);
#550=EDGE_CURVE('',#683,#716,#114,.F.);
#551=EDGE_CURVE('',#717,#718,#808,.T.);
#552=EDGE_CURVE('',#717,#715,#115,.F.);
#553=EDGE_CURVE('',#716,#718,#116,.T.);
#554=EDGE_CURVE('',#719,#719,#117,.T.);
#555=EDGE_CURVE('',#720,#720,#118,.F.);
#556=EDGE_CURVE('',#721,#721,#119,.F.);
#557=EDGE_CURVE('',#722,#723,#120,.T.);
#558=EDGE_CURVE('',#723,#722,#121,.T.);
#559=EDGE_CURVE('',#706,#717,#122,.T.);
#560=EDGE_CURVE('',#718,#707,#123,.F.);
#561=EDGE_CURVE('',#724,#724,#124,.F.);
#562=EDGE_CURVE('',#725,#725,#125,.T.);
#563=EDGE_CURVE('',#726,#726,#126,.F.);
#564=EDGE_CURVE('',#727,#727,#127,.T.);
#565=EDGE_CURVE('',#728,#729,#128,.T.);
#566=EDGE_CURVE('',#729,#700,#129,.F.);
#567=EDGE_CURVE('',#730,#699,#809,.T.);
#568=EDGE_CURVE('',#730,#722,#810,.T.);
#569=EDGE_CURVE('',#676,#723,#811,.T.);
#570=EDGE_CURVE('',#685,#731,#130,.F.);
#571=EDGE_CURVE('',#731,#732,#131,.T.);
#572=EDGE_CURVE('',#732,#728,#132,.F.);
#573=EDGE_CURVE('',#733,#734,#812,.T.);
#574=EDGE_CURVE('',#734,#735,#813,.T.);
#575=EDGE_CURVE('',#735,#736,#814,.T.);
#576=EDGE_CURVE('',#736,#737,#133,.F.);
#577=EDGE_CURVE('',#737,#738,#134,.T.);
#578=EDGE_CURVE('',#738,#739,#135,.F.);
#579=EDGE_CURVE('',#739,#740,#136,.T.);
#580=EDGE_CURVE('',#740,#741,#137,.F.);
#581=EDGE_CURVE('',#741,#742,#138,.T.);
#582=EDGE_CURVE('',#742,#733,#139,.F.);
#583=EDGE_CURVE('',#743,#743,#140,.T.);
#584=EDGE_CURVE('',#744,#744,#141,.T.);
#585=EDGE_CURVE('',#745,#745,#142,.T.);
#586=EDGE_CURVE('',#746,#746,#143,.T.);
#587=EDGE_CURVE('',#747,#747,#144,.T.);
#588=EDGE_CURVE('',#748,#749,#815,.T.);
#589=EDGE_CURVE('',#749,#750,#816,.T.);
#590=EDGE_CURVE('',#750,#751,#80,.T.);
#591=EDGE_CURVE('',#751,#752,#817,.T.);
#592=EDGE_CURVE('',#722,#752,#818,.T.);
#593=EDGE_CURVE('',#748,#730,#819,.T.);
#594=EDGE_CURVE('',#696,#748,#820,.T.);
#595=EDGE_CURVE('',#697,#698,#145,.T.);
#596=EDGE_CURVE('',#753,#754,#81,.T.);
#597=EDGE_CURVE('',#754,#755,#821,.T.);
#598=EDGE_CURVE('',#755,#675,#822,.T.);
#599=EDGE_CURVE('',#723,#756,#823,.T.);
#600=EDGE_CURVE('',#756,#753,#824,.T.);
#601=EDGE_CURVE('',#757,#757,#146,.F.);
#602=EDGE_CURVE('',#758,#758,#147,.F.);
#603=EDGE_CURVE('',#759,#760,#825,.T.);
#604=EDGE_CURVE('',#760,#761,#826,.T.);
#605=EDGE_CURVE('',#761,#762,#148,.T.);
#606=EDGE_CURVE('',#762,#763,#827,.T.);
#607=EDGE_CURVE('',#763,#764,#149,.T.);
#608=EDGE_CURVE('',#764,#759,#828,.T.);
#609=EDGE_CURVE('',#752,#756,#829,.T.);
#610=EDGE_CURVE('',#765,#765,#150,.T.);
#611=EDGE_CURVE('',#766,#767,#82,.T.);
#612=EDGE_CURVE('',#767,#766,#83,.T.);
#613=EDGE_CURVE('',#768,#768,#151,.T.);
#614=EDGE_CURVE('',#714,#713,#84,.T.);
#615=EDGE_CURVE('',#769,#769,#152,.T.);
#616=EDGE_CURVE('',#770,#770,#153,.T.);
#617=EDGE_CURVE('',#771,#771,#154,.F.);
#618=EDGE_CURVE('',#772,#772,#155,.T.);
#619=EDGE_CURVE('',#773,#774,#830,.T.);
#620=EDGE_CURVE('',#774,#775,#831,.T.);
#621=EDGE_CURVE('',#775,#776,#832,.T.);
#622=EDGE_CURVE('',#776,#773,#833,.T.);
#623=EDGE_CURVE('',#777,#679,#834,.T.);
#624=EDGE_CURVE('',#777,#778,#835,.T.);
#625=EDGE_CURVE('',#778,#779,#836,.T.);
#626=EDGE_CURVE('',#779,#682,#837,.T.);
#627=EDGE_CURVE('',#681,#680,#156,.T.);
#628=EDGE_CURVE('',#711,#777,#838,.T.);
#629=EDGE_CURVE('',#780,#780,#157,.T.);
#630=EDGE_CURVE('',#781,#781,#158,.T.);
#631=EDGE_CURVE('',#782,#783,#839,.F.);
#632=EDGE_CURVE('',#783,#784,#840,.F.);
#633=EDGE_CURVE('',#784,#785,#841,.F.);
#634=EDGE_CURVE('',#785,#782,#842,.F.);
#635=EDGE_CURVE('',#705,#738,#843,.T.);
#636=EDGE_CURVE('',#739,#707,#844,.T.);
#637=EDGE_CURVE('',#740,#718,#845,.T.);
#638=EDGE_CURVE('',#702,#737,#846,.T.);
#639=EDGE_CURVE('',#741,#716,#847,.T.);
#640=EDGE_CURVE('',#703,#736,#848,.T.);
#641=EDGE_CURVE('',#711,#773,#849,.F.);
#642=EDGE_CURVE('',#774,#710,#850,.T.);
#643=EDGE_CURVE('',#742,#683,#851,.T.);
#644=EDGE_CURVE('',#709,#735,#852,.T.);
#645=EDGE_CURVE('',#710,#782,#853,.T.);
#646=EDGE_CURVE('',#783,#709,#854,.T.);
#647=EDGE_CURVE('',#774,#782,#855,.T.);
#648=EDGE_CURVE('',#777,#776,#856,.T.);
#649=EDGE_CURVE('',#733,#682,#85,.T.);
#650=EDGE_CURVE('',#783,#735,#857,.T.);
#651=EDGE_CURVE('',#775,#785,#858,.F.);
#652=EDGE_CURVE('',#778,#775,#859,.F.);
#653=EDGE_CURVE('',#734,#779,#860,.F.);
#654=EDGE_CURVE('',#784,#734,#861,.F.);
#655=EDGE_CURVE('',#778,#785,#862,.T.);
#656=EDGE_CURVE('',#784,#779,#863,.T.);
#657=EDGE_CURVE('',#677,#763,#864,.T.);
#658=EDGE_CURVE('',#764,#675,#86,.T.);
#659=EDGE_CURVE('',#755,#786,#865,.T.);
#660=EDGE_CURVE('',#759,#786,#866,.F.);
#661=EDGE_CURVE('',#695,#762,#867,.T.);
#662=EDGE_CURVE('',#786,#749,#868,.F.);
#663=EDGE_CURVE('',#760,#748,#869,.T.);
#664=EDGE_CURVE('',#696,#761,#87,.F.);
#665=EDGE_CURVE('',#750,#787,#88,.T.);
#666=EDGE_CURVE('',#767,#787,#89,.F.);
#667=EDGE_CURVE('',#788,#766,#90,.F.);
#668=EDGE_CURVE('',#788,#751,#91,.T.);
#669=EDGE_CURVE('',#787,#754,#92,.T.);
#670=EDGE_CURVE('',#753,#788,#93,.T.);
#671=EDGE_CURVE('',#731,#715,#870,.T.);
#672=EDGE_CURVE('',#732,#717,#871,.T.);
#673=EDGE_CURVE('',#728,#706,#872,.T.);
#674=EDGE_CURVE('',#729,#704,#873,.T.);
#675=VERTEX_POINT('',#1854);
#676=VERTEX_POINT('',#1855);
#677=VERTEX_POINT('',#1857);
#678=VERTEX_POINT('',#1859);
#679=VERTEX_POINT('',#1861);
#680=VERTEX_POINT('',#1863);
#681=VERTEX_POINT('',#1875);
#682=VERTEX_POINT('',#1877);
#683=VERTEX_POINT('',#1879);
#684=VERTEX_POINT('',#1881);
#685=VERTEX_POINT('',#1886);
#686=VERTEX_POINT('',#1890);
#687=VERTEX_POINT('',#1892);
#688=VERTEX_POINT('',#1895);
#689=VERTEX_POINT('',#1897);
#690=VERTEX_POINT('',#1904);
#691=VERTEX_POINT('',#1905);
#692=VERTEX_POINT('',#1924);
#693=VERTEX_POINT('',#1937);
#694=VERTEX_POINT('',#1955);
#695=VERTEX_POINT('',#1958);
#696=VERTEX_POINT('',#1960);
#697=VERTEX_POINT('',#1962);
#698=VERTEX_POINT('',#1982);
#699=VERTEX_POINT('',#1984);
#700=VERTEX_POINT('',#1986);
#701=VERTEX_POINT('',#1991);
#702=VERTEX_POINT('',#1993);
#703=VERTEX_POINT('',#1995);
#704=VERTEX_POINT('',#1999);
#705=VERTEX_POINT('',#2000);
#706=VERTEX_POINT('',#2002);
#707=VERTEX_POINT('',#2004);
#708=VERTEX_POINT('',#2011);
#709=VERTEX_POINT('',#2014);
#710=VERTEX_POINT('',#2016);
#711=VERTEX_POINT('',#2018);
#712=VERTEX_POINT('',#2021);
#713=VERTEX_POINT('',#2023);
#714=VERTEX_POINT('',#2024);
#715=VERTEX_POINT('',#2028);
#716=VERTEX_POINT('',#2029);
#717=VERTEX_POINT('',#2034);
#718=VERTEX_POINT('',#2035);
#719=VERTEX_POINT('',#2040);
#720=VERTEX_POINT('',#2042);
#721=VERTEX_POINT('',#2045);
#722=VERTEX_POINT('',#2047);
#723=VERTEX_POINT('',#2048);
#724=VERTEX_POINT('',#2055);
#725=VERTEX_POINT('',#2057);
#726=VERTEX_POINT('',#2060);
#727=VERTEX_POINT('',#2062);
#728=VERTEX_POINT('',#2065);
#729=VERTEX_POINT('',#2066);
#730=VERTEX_POINT('',#2069);
#731=VERTEX_POINT('',#2073);
#732=VERTEX_POINT('',#2075);
#733=VERTEX_POINT('',#2079);
#734=VERTEX_POINT('',#2080);
#735=VERTEX_POINT('',#2082);
#736=VERTEX_POINT('',#2084);
#737=VERTEX_POINT('',#2086);
#738=VERTEX_POINT('',#2088);
#739=VERTEX_POINT('',#2090);
#740=VERTEX_POINT('',#2092);
#741=VERTEX_POINT('',#2094);
#742=VERTEX_POINT('',#2096);
#743=VERTEX_POINT('',#2099);
#744=VERTEX_POINT('',#2101);
#745=VERTEX_POINT('',#2103);
#746=VERTEX_POINT('',#2105);
#747=VERTEX_POINT('',#2107);
#748=VERTEX_POINT('',#2110);
#749=VERTEX_POINT('',#2111);
#750=VERTEX_POINT('',#2113);
#751=VERTEX_POINT('',#2121);
#752=VERTEX_POINT('',#2123);
#753=VERTEX_POINT('',#2137);
#754=VERTEX_POINT('',#2138);
#755=VERTEX_POINT('',#2140);
#756=VERTEX_POINT('',#2143);
#757=VERTEX_POINT('',#2147);
#758=VERTEX_POINT('',#2149);
#759=VERTEX_POINT('',#2151);
#760=VERTEX_POINT('',#2152);
#761=VERTEX_POINT('',#2154);
#762=VERTEX_POINT('',#2156);
#763=VERTEX_POINT('',#2158);
#764=VERTEX_POINT('',#2160);
#765=VERTEX_POINT('',#2166);
#766=VERTEX_POINT('',#2196);
#767=VERTEX_POINT('',#2197);
#768=VERTEX_POINT('',#2229);
#769=VERTEX_POINT('',#2238);
#770=VERTEX_POINT('',#2242);
#771=VERTEX_POINT('',#2245);
#772=VERTEX_POINT('',#2248);
#773=VERTEX_POINT('',#2253);
#774=VERTEX_POINT('',#2254);
#775=VERTEX_POINT('',#2256);
#776=VERTEX_POINT('',#2258);
#777=VERTEX_POINT('',#2262);
#778=VERTEX_POINT('',#2264);
#779=VERTEX_POINT('',#2266);
#780=VERTEX_POINT('',#2273);
#781=VERTEX_POINT('',#2276);
#782=VERTEX_POINT('',#2280);
#783=VERTEX_POINT('',#2281);
#784=VERTEX_POINT('',#2283);
#785=VERTEX_POINT('',#2285);
#786=VERTEX_POINT('',#2342);
#787=VERTEX_POINT('',#2393);
#788=VERTEX_POINT('',#2402);
#789=LINE('',#1853,#874);
#790=LINE('',#1858,#875);
#791=LINE('',#1862,#876);
#792=LINE('',#1876,#877);
#793=LINE('',#1880,#878);
#794=LINE('',#1957,#879);
#795=LINE('',#1961,#880);
#796=LINE('',#1983,#881);
#797=LINE('',#1992,#882);
#798=LINE('',#1996,#883);
#799=LINE('',#1998,#884);
#800=LINE('',#2003,#885);
#801=LINE('',#2012,#886);
#802=LINE('',#2013,#887);
#803=LINE('',#2015,#888);
#804=LINE('',#2017,#889);
#805=LINE('',#2019,#890);
#806=LINE('',#2022,#891);
#807=LINE('',#2027,#892);
#808=LINE('',#2033,#893);
#809=LINE('',#2068,#894);
#810=LINE('',#2070,#895);
#811=LINE('',#2071,#896);
#812=LINE('',#2078,#897);
#813=LINE('',#2081,#898);
#814=LINE('',#2083,#899);
#815=LINE('',#2109,#900);
#816=LINE('',#2112,#901);
#817=LINE('',#2122,#902);
#818=LINE('',#2124,#903);
#819=LINE('',#2125,#904);
#820=LINE('',#2127,#905);
#821=LINE('',#2139,#906);
#822=LINE('',#2141,#907);
#823=LINE('',#2142,#908);
#824=LINE('',#2144,#909);
#825=LINE('',#2150,#910);
#826=LINE('',#2153,#911);
#827=LINE('',#2157,#912);
#828=LINE('',#2161,#913);
#829=LINE('',#2163,#914);
#830=LINE('',#2252,#915);
#831=LINE('',#2255,#916);
#832=LINE('',#2257,#917);
#833=LINE('',#2259,#918);
#834=LINE('',#2261,#919);
#835=LINE('',#2263,#920);
#836=LINE('',#2265,#921);
#837=LINE('',#2267,#922);
#838=LINE('',#2270,#923);
#839=LINE('',#2279,#924);
#840=LINE('',#2282,#925);
#841=LINE('',#2284,#926);
#842=LINE('',#2286,#927);
#843=LINE('',#2288,#928);
#844=LINE('',#2289,#929);
#845=LINE('',#2291,#930);
#846=LINE('',#2293,#931);
#847=LINE('',#2295,#932);
#848=LINE('',#2297,#933);
#849=LINE('',#2299,#934);
#850=LINE('',#2300,#935);
#851=LINE('',#2302,#936);
#852=LINE('',#2304,#937);
#853=LINE('',#2306,#938);
#854=LINE('',#2307,#939);
#855=LINE('',#2309,#940);
#856=LINE('',#2311,#941);
#857=LINE('',#2318,#942);
#858=LINE('',#2320,#943);
#859=LINE('',#2322,#944);
#860=LINE('',#2324,#945);
#861=LINE('',#2326,#946);
#862=LINE('',#2328,#947);
#863=LINE('',#2330,#948);
#864=LINE('',#2335,#949);
#865=LINE('',#2341,#950);
#866=LINE('',#2343,#951);
#867=LINE('',#2345,#952);
#868=LINE('',#2347,#953);
#869=LINE('',#2348,#954);
#870=LINE('',#2446,#955);
#871=LINE('',#2448,#956);
#872=LINE('',#2450,#957);
#873=LINE('',#2452,#958);
#874=VECTOR('',#1476,1.);
#875=VECTOR('',#1479,1.);
#876=VECTOR('',#1482,1.);
#877=VECTOR('',#1483,1.);
#878=VECTOR('',#1486,1.);
#879=VECTOR('',#1509,1.);
#880=VECTOR('',#1512,1.);
#881=VECTOR('',#1513,1.);
#882=VECTOR('',#1516,1.);
#883=VECTOR('',#1519,1.);
#884=VECTOR('',#1522,1.);
#885=VECTOR('',#1525,1.);
#886=VECTOR('',#1538,1.);
#887=VECTOR('',#1539,1.);
#888=VECTOR('',#1540,1.);
#889=VECTOR('',#1541,1.);
#890=VECTOR('',#1542,1.);
#891=VECTOR('',#1545,1.);
#892=VECTOR('',#1550,1.);
#893=VECTOR('',#1557,1.);
#894=VECTOR('',#1600,1.);
#895=VECTOR('',#1601,1.);
#896=VECTOR('',#1602,1.);
#897=VECTOR('',#1611,1.);
#898=VECTOR('',#1612,1.);
#899=VECTOR('',#1613,1.);
#900=VECTOR('',#1640,1.);
#901=VECTOR('',#1641,1.);
#902=VECTOR('',#1642,1.);
#903=VECTOR('',#1643,1.);
#904=VECTOR('',#1644,1.);
#905=VECTOR('',#1647,1.);
#906=VECTOR('',#1652,1.);
#907=VECTOR('',#1653,1.);
#908=VECTOR('',#1654,1.);
#909=VECTOR('',#1655,1.);
#910=VECTOR('',#1662,1.);
#911=VECTOR('',#1663,1.);
#912=VECTOR('',#1666,1.);
#913=VECTOR('',#1669,1.);
#914=VECTOR('',#1672,1.);
#915=VECTOR('',#1707,1.);
#916=VECTOR('',#1708,1.);
#917=VECTOR('',#1709,1.);
#918=VECTOR('',#1710,1.);
#919=VECTOR('',#1713,1.);
#920=VECTOR('',#1714,1.);
#921=VECTOR('',#1715,1.);
#922=VECTOR('',#1716,1.);
#923=VECTOR('',#1721,1.);
#924=VECTOR('',#1734,1.);
#925=VECTOR('',#1735,1.);
#926=VECTOR('',#1736,1.);
#927=VECTOR('',#1737,1.);
#928=VECTOR('',#1740,1.);
#929=VECTOR('',#1741,1.);
#930=VECTOR('',#1744,1.);
#931=VECTOR('',#1747,1.);
#932=VECTOR('',#1750,1.);
#933=VECTOR('',#1753,1.);
#934=VECTOR('',#1756,1.);
#935=VECTOR('',#1757,1.);
#936=VECTOR('',#1760,1.);
#937=VECTOR('',#1763,1.);
#938=VECTOR('',#1766,1.);
#939=VECTOR('',#1767,1.);
#940=VECTOR('',#1770,1.);
#941=VECTOR('',#1773,1.);
#942=VECTOR('',#1778,1.);
#943=VECTOR('',#1781,1.);
#944=VECTOR('',#1784,1.);
#945=VECTOR('',#1787,1.);
#946=VECTOR('',#1790,1.);
#947=VECTOR('',#1793,1.);
#948=VECTOR('',#1796,1.);
#949=VECTOR('',#1805,1.);
#950=VECTOR('',#1808,1.);
#951=VECTOR('',#1809,1.);
#952=VECTOR('',#1812,1.);
#953=VECTOR('',#1815,1.);
#954=VECTOR('',#1816,1.);
#955=VECTOR('',#1839,1.);
#956=VECTOR('',#1842,1.);
#957=VECTOR('',#1845,1.);
#958=VECTOR('',#1848,1.);
#959=EDGE_LOOP('',(#159,#160,#161,#162,#163,#164,#165,#166,#167,#168,#169));
#960=EDGE_LOOP('',(#170));
#961=EDGE_LOOP('',(#171));
#962=EDGE_LOOP('',(#172));
#963=EDGE_LOOP('',(#173));
#964=EDGE_LOOP('',(#174,#175));
#965=EDGE_LOOP('',(#176));
#966=EDGE_LOOP('',(#177));
#967=EDGE_LOOP('',(#178));
#968=EDGE_LOOP('',(#179));
#969=EDGE_LOOP('',(#180,#181,#182,#183,#184,#185,#186,#187,#188,#189,#190));
#970=EDGE_LOOP('',(#191,#192,#193,#194));
#971=EDGE_LOOP('',(#195,#196,#197,#198));
#972=EDGE_LOOP('',(#199));
#973=EDGE_LOOP('',(#200));
#974=EDGE_LOOP('',(#201,#202,#203,#204,#205,#206,#207,#208,#209));
#975=EDGE_LOOP('',(#210));
#976=EDGE_LOOP('',(#211,#212));
#977=EDGE_LOOP('',(#213,#214,#215,#216));
#978=EDGE_LOOP('',(#217,#218,#219,#220));
#979=EDGE_LOOP('',(#221));
#980=EDGE_LOOP('',(#222));
#981=EDGE_LOOP('',(#223));
#982=EDGE_LOOP('',(#224,#225));
#983=EDGE_LOOP('',(#226,#227,#228,#229));
#984=EDGE_LOOP('',(#230));
#985=EDGE_LOOP('',(#231));
#986=EDGE_LOOP('',(#232));
#987=EDGE_LOOP('',(#233));
#988=EDGE_LOOP('',(#234,#235,#236,#237,#238,#239,#240,#241,#242,#243,#244));
#989=EDGE_LOOP('',(#245));
#990=EDGE_LOOP('',(#246));
#991=EDGE_LOOP('',(#247,#248,#249,#250,#251,#252,#253,#254,#255,#256));
#992=EDGE_LOOP('',(#257));
#993=EDGE_LOOP('',(#258));
#994=EDGE_LOOP('',(#259));
#995=EDGE_LOOP('',(#260));
#996=EDGE_LOOP('',(#261));
#997=EDGE_LOOP('',(#262,#263,#264,#265,#266,#267,#268));
#998=EDGE_LOOP('',(#269,#270,#271,#272,#273,#274));
#999=EDGE_LOOP('',(#275,#276,#277,#278,#279,#280,#281));
#1000=EDGE_LOOP('',(#282));
#1001=EDGE_LOOP('',(#283));
#1002=EDGE_LOOP('',(#284,#285,#286,#287,#288,#289));
#1003=EDGE_LOOP('',(#290,#291,#292,#293));
#1004=EDGE_LOOP('',(#294));
#1005=EDGE_LOOP('',(#295,#296));
#1006=EDGE_LOOP('',(#297));
#1007=EDGE_LOOP('',(#298,#299));
#1008=EDGE_LOOP('',(#300));
#1009=EDGE_LOOP('',(#301));
#1010=EDGE_LOOP('',(#302));
#1011=EDGE_LOOP('',(#303));
#1012=EDGE_LOOP('',(#304));
#1013=EDGE_LOOP('',(#305,#306));
#1014=EDGE_LOOP('',(#307));
#1015=EDGE_LOOP('',(#308));
#1016=EDGE_LOOP('',(#309));
#1017=EDGE_LOOP('',(#310));
#1018=EDGE_LOOP('',(#311));
#1019=EDGE_LOOP('',(#312,#313));
#1020=EDGE_LOOP('',(#314,#315,#316,#317));
#1021=EDGE_LOOP('',(#318,#319,#320,#321,#322,#323,#324));
#1022=EDGE_LOOP('',(#325));
#1023=EDGE_LOOP('',(#326,#327,#328,#329));
#1024=EDGE_LOOP('',(#330));
#1025=EDGE_LOOP('',(#331));
#1026=EDGE_LOOP('',(#332));
#1027=EDGE_LOOP('',(#333));
#1028=EDGE_LOOP('',(#334));
#1029=EDGE_LOOP('',(#335));
#1030=EDGE_LOOP('',(#336,#337));
#1031=EDGE_LOOP('',(#338,#339,#340,#341));
#1032=EDGE_LOOP('',(#342,#343,#344,#345));
#1033=EDGE_LOOP('',(#346,#347,#348,#349));
#1034=EDGE_LOOP('',(#350,#351,#352,#353));
#1035=EDGE_LOOP('',(#354,#355,#356,#357));
#1036=EDGE_LOOP('',(#358,#359,#360,#361));
#1037=EDGE_LOOP('',(#362,#363,#364,#365));
#1038=EDGE_LOOP('',(#366,#367,#368,#369));
#1039=EDGE_LOOP('',(#370,#371,#372,#373));
#1040=EDGE_LOOP('',(#374,#375,#376,#377));
#1041=EDGE_LOOP('',(#378,#379,#380));
#1042=EDGE_LOOP('',(#381,#382,#383,#384));
#1043=EDGE_LOOP('',(#385,#386,#387,#388));
#1044=EDGE_LOOP('',(#389,#390,#391));
#1045=EDGE_LOOP('',(#392,#393,#394,#395));
#1046=EDGE_LOOP('',(#396,#397,#398,#399));
#1047=EDGE_LOOP('',(#400,#401,#402,#403));
#1048=EDGE_LOOP('',(#404,#405,#406,#407));
#1049=EDGE_LOOP('',(#408,#409,#410));
#1050=EDGE_LOOP('',(#411,#412,#413));
#1051=EDGE_LOOP('',(#414,#415,#416,#417));
#1052=EDGE_LOOP('',(#418));
#1053=EDGE_LOOP('',(#419));
#1054=EDGE_LOOP('',(#420));
#1055=EDGE_LOOP('',(#421));
#1056=EDGE_LOOP('',(#422,#423,#424,#425));
#1057=EDGE_LOOP('',(#426,#427,#428,#429,#430));
#1058=EDGE_LOOP('',(#431,#432,#433,#434));
#1059=EDGE_LOOP('',(#435,#436,#437,#438,#439));
#1060=EDGE_LOOP('',(#440,#441,#442,#443));
#1061=EDGE_LOOP('',(#444,#445,#446,#447));
#1062=EDGE_LOOP('',(#448));
#1063=EDGE_LOOP('',(#449));
#1064=EDGE_LOOP('',(#450));
#1065=EDGE_LOOP('',(#451));
#1066=EDGE_LOOP('',(#452));
#1067=EDGE_LOOP('',(#453));
#1068=EDGE_LOOP('',(#454));
#1069=EDGE_LOOP('',(#455));
#1070=EDGE_LOOP('',(#456));
#1071=EDGE_LOOP('',(#457));
#1072=EDGE_LOOP('',(#458));
#1073=EDGE_LOOP('',(#459));
#1074=EDGE_LOOP('',(#460,#461,#462,#463,#464,#465));
#1075=EDGE_LOOP('',(#466,#467,#468,#469,#470,#471));
#1076=EDGE_LOOP('',(#472,#473,#474,#475,#476,#477));
#1077=EDGE_LOOP('',(#478,#479,#480,#481,#482));
#1078=EDGE_LOOP('',(#483,#484,#485,#486));
#1079=EDGE_LOOP('',(#487,#488,#489,#490));
#1080=EDGE_LOOP('',(#491,#492,#493,#494));
#1081=EDGE_LOOP('',(#495,#496,#497,#498));
#1082=EDGE_LOOP('',(#499,#500,#501,#502));
#1083=FACE_BOUND('',#959,.T.);
#1084=FACE_BOUND('',#960,.T.);
#1085=FACE_BOUND('',#961,.T.);
#1086=FACE_BOUND('',#962,.T.);
#1087=FACE_BOUND('',#963,.T.);
#1088=FACE_BOUND('',#964,.T.);
#1089=FACE_BOUND('',#965,.T.);
#1090=FACE_BOUND('',#966,.T.);
#1091=FACE_BOUND('',#967,.T.);
#1092=FACE_BOUND('',#968,.T.);
#1093=FACE_BOUND('',#969,.T.);
#1094=FACE_BOUND('',#970,.T.);
#1095=FACE_BOUND('',#971,.T.);
#1096=FACE_BOUND('',#972,.T.);
#1097=FACE_BOUND('',#973,.T.);
#1098=FACE_BOUND('',#974,.T.);
#1099=FACE_BOUND('',#975,.T.);
#1100=FACE_BOUND('',#976,.T.);
#1101=FACE_BOUND('',#977,.T.);
#1102=FACE_BOUND('',#978,.T.);
#1103=FACE_BOUND('',#979,.T.);
#1104=FACE_BOUND('',#980,.T.);
#1105=FACE_BOUND('',#981,.T.);
#1106=FACE_BOUND('',#982,.T.);
#1107=FACE_BOUND('',#983,.T.);
#1108=FACE_BOUND('',#984,.T.);
#1109=FACE_BOUND('',#985,.T.);
#1110=FACE_BOUND('',#986,.T.);
#1111=FACE_BOUND('',#987,.T.);
#1112=FACE_BOUND('',#988,.T.);
#1113=FACE_BOUND('',#989,.T.);
#1114=FACE_BOUND('',#990,.T.);
#1115=FACE_BOUND('',#991,.T.);
#1116=FACE_BOUND('',#992,.T.);
#1117=FACE_BOUND('',#993,.T.);
#1118=FACE_BOUND('',#994,.T.);
#1119=FACE_BOUND('',#995,.T.);
#1120=FACE_BOUND('',#996,.T.);
#1121=FACE_BOUND('',#997,.T.);
#1122=FACE_BOUND('',#998,.T.);
#1123=FACE_BOUND('',#999,.T.);
#1124=FACE_BOUND('',#1000,.T.);
#1125=FACE_BOUND('',#1001,.T.);
#1126=FACE_BOUND('',#1002,.T.);
#1127=FACE_BOUND('',#1003,.T.);
#1128=FACE_BOUND('',#1004,.T.);
#1129=FACE_BOUND('',#1005,.T.);
#1130=FACE_BOUND('',#1006,.T.);
#1131=FACE_BOUND('',#1007,.T.);
#1132=FACE_BOUND('',#1008,.T.);
#1133=FACE_BOUND('',#1009,.T.);
#1134=FACE_BOUND('',#1010,.T.);
#1135=FACE_BOUND('',#1011,.T.);
#1136=FACE_BOUND('',#1012,.T.);
#1137=FACE_BOUND('',#1013,.T.);
#1138=FACE_BOUND('',#1014,.T.);
#1139=FACE_BOUND('',#1015,.T.);
#1140=FACE_BOUND('',#1016,.T.);
#1141=FACE_BOUND('',#1017,.T.);
#1142=FACE_BOUND('',#1018,.T.);
#1143=FACE_BOUND('',#1019,.T.);
#1144=FACE_BOUND('',#1020,.T.);
#1145=FACE_BOUND('',#1021,.T.);
#1146=FACE_BOUND('',#1022,.T.);
#1147=FACE_BOUND('',#1023,.T.);
#1148=FACE_BOUND('',#1024,.T.);
#1149=FACE_BOUND('',#1025,.T.);
#1150=FACE_BOUND('',#1026,.T.);
#1151=FACE_BOUND('',#1027,.T.);
#1152=FACE_BOUND('',#1028,.T.);
#1153=FACE_BOUND('',#1029,.T.);
#1154=FACE_BOUND('',#1030,.T.);
#1155=FACE_BOUND('',#1031,.T.);
#1156=FACE_BOUND('',#1032,.T.);
#1157=FACE_BOUND('',#1033,.T.);
#1158=FACE_BOUND('',#1034,.T.);
#1159=FACE_BOUND('',#1035,.T.);
#1160=FACE_BOUND('',#1036,.T.);
#1161=FACE_BOUND('',#1037,.T.);
#1162=FACE_BOUND('',#1038,.T.);
#1163=FACE_BOUND('',#1039,.T.);
#1164=FACE_BOUND('',#1040,.T.);
#1165=FACE_BOUND('',#1041,.T.);
#1166=FACE_BOUND('',#1042,.T.);
#1167=FACE_BOUND('',#1043,.T.);
#1168=FACE_BOUND('',#1044,.T.);
#1169=FACE_BOUND('',#1045,.T.);
#1170=FACE_BOUND('',#1046,.T.);
#1171=FACE_BOUND('',#1047,.T.);
#1172=FACE_BOUND('',#1048,.T.);
#1173=FACE_BOUND('',#1049,.T.);
#1174=FACE_BOUND('',#1050,.T.);
#1175=FACE_BOUND('',#1051,.T.);
#1176=FACE_BOUND('',#1052,.T.);
#1177=FACE_BOUND('',#1053,.T.);
#1178=FACE_BOUND('',#1054,.T.);
#1179=FACE_BOUND('',#1055,.T.);
#1180=FACE_BOUND('',#1056,.T.);
#1181=FACE_BOUND('',#1057,.T.);
#1182=FACE_BOUND('',#1058,.T.);
#1183=FACE_BOUND('',#1059,.T.);
#1184=FACE_BOUND('',#1060,.T.);
#1185=FACE_BOUND('',#1061,.T.);
#1186=FACE_BOUND('',#1062,.T.);
#1187=FACE_BOUND('',#1063,.T.);
#1188=FACE_BOUND('',#1064,.T.);
#1189=FACE_BOUND('',#1065,.T.);
#1190=FACE_BOUND('',#1066,.T.);
#1191=FACE_BOUND('',#1067,.T.);
#1192=FACE_BOUND('',#1068,.T.);
#1193=FACE_BOUND('',#1069,.T.);
#1194=FACE_BOUND('',#1070,.T.);
#1195=FACE_BOUND('',#1071,.T.);
#1196=FACE_BOUND('',#1072,.T.);
#1197=FACE_BOUND('',#1073,.T.);
#1198=FACE_BOUND('',#1074,.T.);
#1199=FACE_BOUND('',#1075,.T.);
#1200=FACE_BOUND('',#1076,.T.);
#1201=FACE_BOUND('',#1077,.T.);
#1202=FACE_BOUND('',#1078,.T.);
#1203=FACE_BOUND('',#1079,.T.);
#1204=FACE_BOUND('',#1080,.T.);
#1205=FACE_BOUND('',#1081,.T.);
#1206=FACE_BOUND('',#1082,.T.);
#1207=CYLINDRICAL_SURFACE('',#1326,0.00565);
#1208=CYLINDRICAL_SURFACE('',#1331,0.00165);
#1209=CYLINDRICAL_SURFACE('',#1334,0.00165);
#1210=CYLINDRICAL_SURFACE('',#1337,0.00165);
#1211=CYLINDRICAL_SURFACE('',#1339,0.00165);
#1212=CYLINDRICAL_SURFACE('',#1340,0.00565);
#1213=CYLINDRICAL_SURFACE('',#1344,0.00565);
#1214=CYLINDRICAL_SURFACE('',#1347,0.02);
#1215=CYLINDRICAL_SURFACE('',#1354,0.02);
#1216=CYLINDRICAL_SURFACE('',#1357,0.00565);
#1217=CYLINDRICAL_SURFACE('',#1360,0.00165);
#1218=CYLINDRICAL_SURFACE('',#1363,0.0115);
#1219=CYLINDRICAL_SURFACE('',#1367,0.02);
#1220=CYLINDRICAL_SURFACE('',#1370,0.00165);
#1221=CYLINDRICAL_SURFACE('',#1373,0.00165);
#1222=CYLINDRICAL_SURFACE('',#1405,0.00205);
#1223=CYLINDRICAL_SURFACE('',#1407,0.003);
#1224=CYLINDRICAL_SURFACE('',#1412,0.003);
#1225=CYLINDRICAL_SURFACE('',#1413,0.0045);
#1226=CYLINDRICAL_SURFACE('',#1417,0.0025);
#1227=CYLINDRICAL_SURFACE('',#1420,0.00565);
#1228=CYLINDRICAL_SURFACE('',#1427,0.003);
#1229=CYLINDRICAL_SURFACE('',#1429,0.003);
#1230=ADVANCED_FACE('',(#1083),#1207,.T.);
#1231=ADVANCED_FACE('',(#1084,#1085),#1208,.F.);
#1232=ADVANCED_FACE('',(#1086,#1087),#1209,.F.);
#1233=ADVANCED_FACE('',(#1088,#1089),#1210,.F.);
#1234=ADVANCED_FACE('',(#1090,#1091),#1211,.F.);
#1235=ADVANCED_FACE('',(#1092,#1093),#1212,.T.);
#1236=ADVANCED_FACE('',(#1094),#1213,.T.);
#1237=ADVANCED_FACE('',(#1095),#1214,.F.);
#1238=ADVANCED_FACE('',(#1096,#1097,#1098,#1099,#1100),#36,.T.);
#1239=ADVANCED_FACE('',(#1101),#1215,.F.);
#1240=ADVANCED_FACE('',(#1102),#1216,.T.);
#1241=ADVANCED_FACE('',(#1103,#1104),#1217,.F.);
#1242=ADVANCED_FACE('',(#1105,#1106),#1218,.F.);
#1243=ADVANCED_FACE('',(#1107),#1219,.F.);
#1244=ADVANCED_FACE('',(#1108,#1109),#1220,.F.);
#1245=ADVANCED_FACE('',(#1110,#1111),#1221,.F.);
#1246=ADVANCED_FACE('',(#1112,#1113,#1114),#37,.T.);
#1247=ADVANCED_FACE('',(#1115,#1116,#1117,#1118,#1119,#1120),#38,.F.);
#1248=ADVANCED_FACE('',(#1121),#39,.T.);
#1249=ADVANCED_FACE('',(#1122),#40,.F.);
#1250=ADVANCED_FACE('',(#1123),#41,.F.);
#1251=ADVANCED_FACE('',(#1124,#1125,#1126),#42,.T.);
#1252=ADVANCED_FACE('',(#1127),#43,.F.);
#1253=ADVANCED_FACE('',(#1128,#1129),#1222,.F.);
#1254=ADVANCED_FACE('',(#1130,#1131),#1223,.F.);
#1255=ADVANCED_FACE('',(#1132),#44,.T.);
#1256=ADVANCED_FACE('',(#1133),#45,.T.);
#1257=ADVANCED_FACE('',(#1134,#1135),#1224,.F.);
#1258=ADVANCED_FACE('',(#1136,#1137),#1225,.T.);
#1259=ADVANCED_FACE('',(#1138,#1139),#46,.T.);
#1260=ADVANCED_FACE('',(#1140,#1141),#1226,.T.);
#1261=ADVANCED_FACE('',(#1142),#47,.T.);
#1262=ADVANCED_FACE('',(#1143),#1227,.F.);
#1263=ADVANCED_FACE('',(#1144),#48,.F.);
#1264=ADVANCED_FACE('',(#1145,#1146),#49,.F.);
#1265=ADVANCED_FACE('',(#1147),#50,.T.);
#1266=ADVANCED_FACE('',(#1148,#1149),#51,.T.);
#1267=ADVANCED_FACE('',(#1150,#1151,#1152,#1153),#1228,.F.);
#1268=ADVANCED_FACE('',(#1154),#1229,.F.);
#1269=ADVANCED_FACE('',(#1155),#52,.F.);
#1270=ADVANCED_FACE('',(#1156),#14,.T.);
#1271=ADVANCED_FACE('',(#1157),#15,.F.);
#1272=ADVANCED_FACE('',(#1158),#16,.F.);
#1273=ADVANCED_FACE('',(#1159),#17,.T.);
#1274=ADVANCED_FACE('',(#1160),#18,.T.);
#1275=ADVANCED_FACE('',(#1161),#53,.T.);
#1276=ADVANCED_FACE('',(#1162),#19,.F.);
#1277=ADVANCED_FACE('',(#1163),#54,.T.);
#1278=ADVANCED_FACE('',(#1164),#55,.T.);
#1279=ADVANCED_FACE('',(#1165),#56,.T.);
#1280=ADVANCED_FACE('',(#1166),#57,.T.);
#1281=ADVANCED_FACE('',(#1167),#20,.T.);
#1282=ADVANCED_FACE('',(#1168),#58,.T.);
#1283=ADVANCED_FACE('',(#1169),#59,.F.);
#1284=ADVANCED_FACE('',(#1170),#60,.F.);
#1285=ADVANCED_FACE('',(#1171),#61,.F.);
#1286=ADVANCED_FACE('',(#1172),#62,.F.);
#1287=ADVANCED_FACE('',(#1173),#63,.T.);
#1288=ADVANCED_FACE('',(#1174),#64,.T.);
#1289=ADVANCED_FACE('',(#1175),#65,.F.);
#1290=ADVANCED_FACE('',(#1176,#1177),#21,.F.);
#1291=ADVANCED_FACE('',(#1178,#1179),#22,.F.);
#1292=ADVANCED_FACE('',(#1180),#23,.T.);
#1293=ADVANCED_FACE('',(#1181),#66,.T.);
#1294=ADVANCED_FACE('',(#1182),#67,.F.);
#1295=ADVANCED_FACE('',(#1183),#68,.F.);
#1296=ADVANCED_FACE('',(#1184),#24,.T.);
#1297=ADVANCED_FACE('',(#1185),#69,.T.);
#1298=ADVANCED_FACE('',(#1186,#1187),#25,.F.);
#1299=ADVANCED_FACE('',(#1188,#1189),#26,.F.);
#1300=ADVANCED_FACE('',(#1190,#1191),#27,.F.);
#1301=ADVANCED_FACE('',(#1192,#1193),#28,.F.);
#1302=ADVANCED_FACE('',(#1194,#1195),#29,.F.);
#1303=ADVANCED_FACE('',(#1196,#1197),#30,.F.);
#1304=ADVANCED_FACE('',(#1198),#12,.T.);
#1305=ADVANCED_FACE('',(#1199),#13,.T.);
#1306=ADVANCED_FACE('',(#1200),#70,.T.);
#1307=ADVANCED_FACE('',(#1201),#71,.T.);
#1308=ADVANCED_FACE('',(#1202),#31,.F.);
#1309=ADVANCED_FACE('',(#1203),#32,.T.);
#1310=ADVANCED_FACE('',(#1204),#33,.F.);
#1311=ADVANCED_FACE('',(#1205),#34,.T.);
#1312=ADVANCED_FACE('',(#1206),#35,.F.);
#1313=CLOSED_SHELL('',(#1230,#1231,#1232,#1233,#1234,#1235,#1236,#1237,
#1238,#1239,#1240,#1241,#1242,#1243,#1244,#1245,#1246,#1247,#1248,#1249,
#1250,#1251,#1252,#1253,#1254,#1255,#1256,#1257,#1258,#1259,#1260,#1261,
#1262,#1263,#1264,#1265,#1266,#1267,#1268,#1269,#1270,#1271,#1272,#1273,
#1274,#1275,#1276,#1277,#1278,#1279,#1280,#1281,#1282,#1283,#1284,#1285,
#1286,#1287,#1288,#1289,#1290,#1291,#1292,#1293,#1294,#1295,#1296,#1297,
#1298,#1299,#1300,#1301,#1302,#1303,#1304,#1305,#1306,#1307,#1308,#1309,
#1310,#1311,#1312));
#1314=STYLED_ITEM('',(#1315),#1322);
#1315=PRESENTATION_STYLE_ASSIGNMENT((#1316));
#1316=SURFACE_STYLE_USAGE(.BOTH.,#1317);
#1317=SURFACE_SIDE_STYLE('',(#1318));
#1318=SURFACE_STYLE_FILL_AREA(#1319);
#1319=FILL_AREA_STYLE('',(#1320));
#1320=FILL_AREA_STYLE_COLOUR('',#1321);
#1321=COLOUR_RGB('',0.498039215686275,0.498039215686275,0.498039215686275);
#1322=MANIFOLD_SOLID_BREP('extrudeur',#1313);
#1323=SHAPE_DEFINITION_REPRESENTATION(#2460,#1324);
#1324=SHAPE_REPRESENTATION('extrudeur',(#1325),#2455);
#1325=AXIS2_PLACEMENT_3D('',#1851,#1472,#1473);
#1326=AXIS2_PLACEMENT_3D('',#1852,#1474,#1475);
#1327=AXIS2_PLACEMENT_3D('',#1856,#1477,#1478);
#1328=AXIS2_PLACEMENT_3D('',#1860,#1480,#1481);
#1329=AXIS2_PLACEMENT_3D('',#1878,#1484,#1485);
#1330=AXIS2_PLACEMENT_3D('',#1887,#1487,#1488);
#1331=AXIS2_PLACEMENT_3D('',#1888,#1489,#1490);
#1332=AXIS2_PLACEMENT_3D('',#1889,#1491,#1492);
#1333=AXIS2_PLACEMENT_3D('',#1891,#1493,#1494);
#1334=AXIS2_PLACEMENT_3D('',#1893,#1495,#1496);
#1335=AXIS2_PLACEMENT_3D('',#1894,#1497,#1498);
#1336=AXIS2_PLACEMENT_3D('',#1896,#1499,#1500);
#1337=AXIS2_PLACEMENT_3D('',#1898,#1501,#1502);
#1338=AXIS2_PLACEMENT_3D('',#1906,#1503,#1504);
#1339=AXIS2_PLACEMENT_3D('',#1925,#1505,#1506);
#1340=AXIS2_PLACEMENT_3D('',#1956,#1507,#1508);
#1341=AXIS2_PLACEMENT_3D('',#1959,#1510,#1511);
#1342=AXIS2_PLACEMENT_3D('',#1985,#1514,#1515);
#1343=AXIS2_PLACEMENT_3D('',#1994,#1517,#1518);
#1344=AXIS2_PLACEMENT_3D('',#1997,#1520,#1521);
#1345=AXIS2_PLACEMENT_3D('',#2001,#1523,#1524);
#1346=AXIS2_PLACEMENT_3D('',#2005,#1526,#1527);
#1347=AXIS2_PLACEMENT_3D('',#2006,#1528,#1529);
#1348=AXIS2_PLACEMENT_3D('',#2007,#1530,#1531);
#1349=AXIS2_PLACEMENT_3D('',#2008,#1532,#1533);
#1350=AXIS2_PLACEMENT_3D('',#2009,#1534,#1535);
#1351=AXIS2_PLACEMENT_3D('',#2010,#1536,#1537);
#1352=AXIS2_PLACEMENT_3D('',#2020,#1543,#1544);
#1353=AXIS2_PLACEMENT_3D('',#2025,#1546,#1547);
#1354=AXIS2_PLACEMENT_3D('',#2026,#1548,#1549);
#1355=AXIS2_PLACEMENT_3D('',#2030,#1551,#1552);
#1356=AXIS2_PLACEMENT_3D('',#2031,#1553,#1554);
#1357=AXIS2_PLACEMENT_3D('',#2032,#1555,#1556);
#1358=AXIS2_PLACEMENT_3D('',#2036,#1558,#1559);
#1359=AXIS2_PLACEMENT_3D('',#2037,#1560,#1561);
#1360=AXIS2_PLACEMENT_3D('',#2038,#1562,#1563);
#1361=AXIS2_PLACEMENT_3D('',#2039,#1564,#1565);
#1362=AXIS2_PLACEMENT_3D('',#2041,#1566,#1567);
#1363=AXIS2_PLACEMENT_3D('',#2043,#1568,#1569);
#1364=AXIS2_PLACEMENT_3D('',#2044,#1570,#1571);
#1365=AXIS2_PLACEMENT_3D('',#2046,#1572,#1573);
#1366=AXIS2_PLACEMENT_3D('',#2049,#1574,#1575);
#1367=AXIS2_PLACEMENT_3D('',#2050,#1576,#1577);
#1368=AXIS2_PLACEMENT_3D('',#2051,#1578,#1579);
#1369=AXIS2_PLACEMENT_3D('',#2052,#1580,#1581);
#1370=AXIS2_PLACEMENT_3D('',#2053,#1582,#1583);
#1371=AXIS2_PLACEMENT_3D('',#2054,#1584,#1585);
#1372=AXIS2_PLACEMENT_3D('',#2056,#1586,#1587);
#1373=AXIS2_PLACEMENT_3D('',#2058,#1588,#1589);
#1374=AXIS2_PLACEMENT_3D('',#2059,#1590,#1591);
#1375=AXIS2_PLACEMENT_3D('',#2061,#1592,#1593);
#1376=AXIS2_PLACEMENT_3D('',#2063,#1594,#1595);
#1377=AXIS2_PLACEMENT_3D('',#2064,#1596,#1597);
#1378=AXIS2_PLACEMENT_3D('',#2067,#1598,#1599);
#1379=AXIS2_PLACEMENT_3D('',#2072,#1603,#1604);
#1380=AXIS2_PLACEMENT_3D('',#2074,#1605,#1606);
#1381=AXIS2_PLACEMENT_3D('',#2076,#1607,#1608);
#1382=AXIS2_PLACEMENT_3D('',#2077,#1609,#1610);
#1383=AXIS2_PLACEMENT_3D('',#2085,#1614,#1615);
#1384=AXIS2_PLACEMENT_3D('',#2087,#1616,#1617);
#1385=AXIS2_PLACEMENT_3D('',#2089,#1618,#1619);
#1386=AXIS2_PLACEMENT_3D('',#2091,#1620,#1621);
#1387=AXIS2_PLACEMENT_3D('',#2093,#1622,#1623);
#1388=AXIS2_PLACEMENT_3D('',#2095,#1624,#1625);
#1389=AXIS2_PLACEMENT_3D('',#2097,#1626,#1627);
#1390=AXIS2_PLACEMENT_3D('',#2098,#1628,#1629);
#1391=AXIS2_PLACEMENT_3D('',#2100,#1630,#1631);
#1392=AXIS2_PLACEMENT_3D('',#2102,#1632,#1633);
#1393=AXIS2_PLACEMENT_3D('',#2104,#1634,#1635);
#1394=AXIS2_PLACEMENT_3D('',#2106,#1636,#1637);
#1395=AXIS2_PLACEMENT_3D('',#2108,#1638,#1639);
#1396=AXIS2_PLACEMENT_3D('',#2126,#1645,#1646);
#1397=AXIS2_PLACEMENT_3D('',#2128,#1648,#1649);
#1398=AXIS2_PLACEMENT_3D('',#2129,#1650,#1651);
#1399=AXIS2_PLACEMENT_3D('',#2145,#1656,#1657);
#1400=AXIS2_PLACEMENT_3D('',#2146,#1658,#1659);
#1401=AXIS2_PLACEMENT_3D('',#2148,#1660,#1661);
#1402=AXIS2_PLACEMENT_3D('',#2155,#1664,#1665);
#1403=AXIS2_PLACEMENT_3D('',#2159,#1667,#1668);
#1404=AXIS2_PLACEMENT_3D('',#2162,#1670,#1671);
#1405=AXIS2_PLACEMENT_3D('',#2164,#1673,#1674);
#1406=AXIS2_PLACEMENT_3D('',#2165,#1675,#1676);
#1407=AXIS2_PLACEMENT_3D('',#2227,#1677,#1678);
#1408=AXIS2_PLACEMENT_3D('',#2228,#1679,#1680);
#1409=AXIS2_PLACEMENT_3D('',#2235,#1681,#1682);
#1410=AXIS2_PLACEMENT_3D('',#2236,#1683,#1684);
#1411=AXIS2_PLACEMENT_3D('',#2237,#1685,#1686);
#1412=AXIS2_PLACEMENT_3D('',#2239,#1687,#1688);
#1413=AXIS2_PLACEMENT_3D('',#2240,#1689,#1690);
#1414=AXIS2_PLACEMENT_3D('',#2241,#1691,#1692);
#1415=AXIS2_PLACEMENT_3D('',#2243,#1693,#1694);
#1416=AXIS2_PLACEMENT_3D('',#2244,#1695,#1696);
#1417=AXIS2_PLACEMENT_3D('',#2246,#1697,#1698);
#1418=AXIS2_PLACEMENT_3D('',#2247,#1699,#1700);
#1419=AXIS2_PLACEMENT_3D('',#2249,#1701,#1702);
#1420=AXIS2_PLACEMENT_3D('',#2250,#1703,#1704);
#1421=AXIS2_PLACEMENT_3D('',#2251,#1705,#1706);
#1422=AXIS2_PLACEMENT_3D('',#2260,#1711,#1712);
#1423=AXIS2_PLACEMENT_3D('',#2268,#1717,#1718);
#1424=AXIS2_PLACEMENT_3D('',#2269,#1719,#1720);
#1425=AXIS2_PLACEMENT_3D('',#2271,#1722,#1723);
#1426=AXIS2_PLACEMENT_3D('',#2272,#1724,#1725);
#1427=AXIS2_PLACEMENT_3D('',#2274,#1726,#1727);
#1428=AXIS2_PLACEMENT_3D('',#2275,#1728,#1729);
#1429=AXIS2_PLACEMENT_3D('',#2277,#1730,#1731);
#1430=AXIS2_PLACEMENT_3D('',#2278,#1732,#1733);
#1431=AXIS2_PLACEMENT_3D('',#2287,#1738,#1739);
#1432=AXIS2_PLACEMENT_3D('',#2290,#1742,#1743);
#1433=AXIS2_PLACEMENT_3D('',#2292,#1745,#1746);
#1434=AXIS2_PLACEMENT_3D('',#2294,#1748,#1749);
#1435=AXIS2_PLACEMENT_3D('',#2296,#1751,#1752);
#1436=AXIS2_PLACEMENT_3D('',#2298,#1754,#1755);
#1437=AXIS2_PLACEMENT_3D('',#2301,#1758,#1759);
#1438=AXIS2_PLACEMENT_3D('',#2303,#1761,#1762);
#1439=AXIS2_PLACEMENT_3D('',#2305,#1764,#1765);
#1440=AXIS2_PLACEMENT_3D('',#2308,#1768,#1769);
#1441=AXIS2_PLACEMENT_3D('',#2310,#1771,#1772);
#1442=AXIS2_PLACEMENT_3D('',#2312,#1774,#1775);
#1443=AXIS2_PLACEMENT_3D('',#2317,#1776,#1777);
#1444=AXIS2_PLACEMENT_3D('',#2319,#1779,#1780);
#1445=AXIS2_PLACEMENT_3D('',#2321,#1782,#1783);
#1446=AXIS2_PLACEMENT_3D('',#2323,#1785,#1786);
#1447=AXIS2_PLACEMENT_3D('',#2325,#1788,#1789);
#1448=AXIS2_PLACEMENT_3D('',#2327,#1791,#1792);
#1449=AXIS2_PLACEMENT_3D('',#2329,#1794,#1795);
#1450=AXIS2_PLACEMENT_3D('',#2331,#1797,#1798);
#1451=AXIS2_PLACEMENT_3D('',#2332,#1799,#1800);
#1452=AXIS2_PLACEMENT_3D('',#2333,#1801,#1802);
#1453=AXIS2_PLACEMENT_3D('',#2334,#1803,#1804);
#1454=AXIS2_PLACEMENT_3D('',#2340,#1806,#1807);
#1455=AXIS2_PLACEMENT_3D('',#2344,#1810,#1811);
#1456=AXIS2_PLACEMENT_3D('',#2346,#1813,#1814);
#1457=AXIS2_PLACEMENT_3D('',#2349,#1817,#1818);
#1458=AXIS2_PLACEMENT_3D('',#2354,#1819,#1820);
#1459=AXIS2_PLACEMENT_3D('',#2355,#1821,#1822);
#1460=AXIS2_PLACEMENT_3D('',#2356,#1823,#1824);
#1461=AXIS2_PLACEMENT_3D('',#2357,#1825,#1826);
#1462=AXIS2_PLACEMENT_3D('',#2358,#1827,#1828);
#1463=AXIS2_PLACEMENT_3D('',#2359,#1829,#1830);
#1464=AXIS2_PLACEMENT_3D('',#2360,#1831,#1832);
#1465=AXIS2_PLACEMENT_3D('',#2443,#1833,#1834);
#1466=AXIS2_PLACEMENT_3D('',#2444,#1835,#1836);
#1467=AXIS2_PLACEMENT_3D('',#2445,#1837,#1838);
#1468=AXIS2_PLACEMENT_3D('',#2447,#1840,#1841);
#1469=AXIS2_PLACEMENT_3D('',#2449,#1843,#1844);
#1470=AXIS2_PLACEMENT_3D('',#2451,#1846,#1847);
#1471=AXIS2_PLACEMENT_3D('',#2453,#1849,#1850);
#1472=DIRECTION('',(0.,0.,1.));
#1473=DIRECTION('',(1.,0.,0.));
#1474=DIRECTION('',(-1.22464679914735E-16,1.,0.));
#1475=DIRECTION('',(-1.,-1.22464679914735E-16,0.));
#1476=DIRECTION('',(-1.22464679914735E-16,1.,0.));
#1477=DIRECTION('',(0.,-1.,0.));
#1478=DIRECTION('',(0.,0.,-1.));
#1479=DIRECTION('',(-1.22464679914735E-16,1.,0.));
#1480=DIRECTION('',(1.22464679914735E-16,-1.,0.));
#1481=DIRECTION('',(1.,1.22464679914735E-16,0.));
#1482=DIRECTION('',(-1.22464679914735E-16,1.,0.));
#1483=DIRECTION('',(-1.22464679914735E-16,1.,0.));
#1484=DIRECTION('',(0.,-1.,0.));
#1485=DIRECTION('',(0.,0.,-1.));
#1486=DIRECTION('',(-1.22464679914735E-16,1.,0.));
#1487=DIRECTION('',(1.22464679914735E-16,-1.,0.));
#1488=DIRECTION('',(1.,1.22464679914735E-16,0.));
#1489=DIRECTION('',(0.,0.,1.));
#1490=DIRECTION('',(1.,0.,0.));
#1491=DIRECTION('',(0.,0.,1.));
#1492=DIRECTION('',(1.,0.,0.));
#1493=DIRECTION('',(7.90754631288067E-16,9.68395128117876E-32,-1.));
#1494=DIRECTION('',(-1.,0.,-7.90754631288067E-16));
#1495=DIRECTION('',(-1.22464679914735E-16,1.,0.));
#1496=DIRECTION('',(-1.,-1.22464679914735E-16,0.));
#1497=DIRECTION('',(0.,-1.,0.));
#1498=DIRECTION('',(0.,0.,-1.));
#1499=DIRECTION('',(1.22464679914735E-16,-1.,0.));
#1500=DIRECTION('',(1.,1.22464679914735E-16,0.));
#1501=DIRECTION('',(0.,0.,1.));
#1502=DIRECTION('',(1.,0.,0.));
#1503=DIRECTION('',(0.,0.,1.));
#1504=DIRECTION('',(1.,0.,0.));
#1505=DIRECTION('',(0.,0.,1.));
#1506=DIRECTION('',(1.,0.,0.));
#1507=DIRECTION('',(-1.22464679914735E-16,1.,0.));
#1508=DIRECTION('',(-1.,-1.22464679914735E-16,0.));
#1509=DIRECTION('',(-1.22464679914735E-16,1.,0.));
#1510=DIRECTION('',(0.,-1.,0.));
#1511=DIRECTION('',(0.,0.,-1.));
#1512=DIRECTION('',(-1.22464679914735E-16,1.,0.));
#1513=DIRECTION('',(-1.22464679914735E-16,1.,0.));
#1514=DIRECTION('',(1.22464679914735E-16,-1.,0.));
#1515=DIRECTION('',(1.,1.22464679914735E-16,0.));
#1516=DIRECTION('',(-1.22464679914735E-16,1.,0.));
#1517=DIRECTION('',(0.,-1.,0.));
#1518=DIRECTION('',(0.,0.,-1.));
#1519=DIRECTION('',(-1.22464679914735E-16,1.,0.));
#1520=DIRECTION('',(-1.22464679914735E-16,1.,0.));
#1521=DIRECTION('',(-1.,-1.22464679914735E-16,0.));
#1522=DIRECTION('',(-1.22464679914735E-16,1.,0.));
#1523=DIRECTION('',(0.,-1.,0.));
#1524=DIRECTION('',(0.,0.,-1.));
#1525=DIRECTION('',(-1.22464679914735E-16,1.,0.));
#1526=DIRECTION('',(0.,-1.,0.));
#1527=DIRECTION('',(0.,0.,-1.));
#1528=DIRECTION('',(-1.22464679914735E-16,1.,0.));
#1529=DIRECTION('',(-1.,-1.22464679914735E-16,0.));
#1530=DIRECTION('',(0.,-1.,0.));
#1531=DIRECTION('',(0.,0.,-1.));
#1532=DIRECTION('',(0.,-1.,0.));
#1533=DIRECTION('',(0.,0.,-1.));
#1534=DIRECTION('',(0.,0.,-1.));
#1535=DIRECTION('',(-1.,0.,0.));
#1536=DIRECTION('',(0.,0.,-1.));
#1537=DIRECTION('',(-1.,0.,0.));
#1538=DIRECTION('',(-1.,-1.22464679914735E-16,0.));
#1539=DIRECTION('',(1.,1.22464679914735E-16,0.));
#1540=DIRECTION('',(0.707106781186548,-0.707106781186548,0.));
#1541=DIRECTION('',(1.22464679914735E-16,-1.,0.));
#1542=DIRECTION('',(1.,1.22464679914735E-16,-6.93889390390723E-16));
#1543=DIRECTION('',(0.,0.,1.));
#1544=DIRECTION('',(1.,0.,0.));
#1545=DIRECTION('',(-1.22464679914735E-16,1.,0.));
#1546=DIRECTION('',(0.,0.,1.));
#1547=DIRECTION('',(1.,0.,0.));
#1548=DIRECTION('',(-1.22464679914735E-16,1.,0.));
#1549=DIRECTION('',(-1.,-1.22464679914735E-16,0.));
#1550=DIRECTION('',(-1.22464679914735E-16,1.,0.));
#1551=DIRECTION('',(0.,-1.,0.));
#1552=DIRECTION('',(0.,0.,-1.));
#1553=DIRECTION('',(0.,-1.,0.));
#1554=DIRECTION('',(0.,0.,-1.));
#1555=DIRECTION('',(-1.22464679914735E-16,1.,0.));
#1556=DIRECTION('',(-1.,-1.22464679914735E-16,0.));
#1557=DIRECTION('',(-1.22464679914735E-16,1.,0.));
#1558=DIRECTION('',(0.,-1.,0.));
#1559=DIRECTION('',(0.,0.,-1.));
#1560=DIRECTION('',(0.,-1.,0.));
#1561=DIRECTION('',(0.,0.,-1.));
#1562=DIRECTION('',(-1.22464679914735E-16,1.,0.));
#1563=DIRECTION('',(-1.,-1.22464679914735E-16,0.));
#1564=DIRECTION('',(0.,-1.,0.));
#1565=DIRECTION('',(0.,0.,-1.));
#1566=DIRECTION('',(0.,-1.,0.));
#1567=DIRECTION('',(0.,0.,-1.));
#1568=DIRECTION('',(-1.22464679914735E-16,1.,0.));
#1569=DIRECTION('',(-1.,-1.22464679914735E-16,0.));
#1570=DIRECTION('',(0.,-1.,0.));
#1571=DIRECTION('',(0.,0.,-1.));
#1572=DIRECTION('',(1.22464679914735E-16,-1.,0.));
#1573=DIRECTION('',(1.,1.22464679914735E-16,0.));
#1574=DIRECTION('',(1.22464679914735E-16,-1.,0.));
#1575=DIRECTION('',(1.,1.22464679914735E-16,0.));
#1576=DIRECTION('',(-1.22464679914735E-16,1.,0.));
#1577=DIRECTION('',(-1.,-1.22464679914735E-16,0.));
#1578=DIRECTION('',(0.,-1.,0.));
#1579=DIRECTION('',(0.,0.,-1.));
#1580=DIRECTION('',(0.,-1.,0.));
#1581=DIRECTION('',(0.,0.,-1.));
#1582=DIRECTION('',(-1.22464679914735E-16,1.,0.));
#1583=DIRECTION('',(-1.,-1.22464679914735E-16,0.));
#1584=DIRECTION('',(0.,-1.,0.));
#1585=DIRECTION('',(0.,0.,-1.));
#1586=DIRECTION('',(1.22464679914735E-16,-1.,0.));
#1587=DIRECTION('',(1.,1.22464679914735E-16,0.));
#1588=DIRECTION('',(-1.22464679914735E-16,1.,0.));
#1589=DIRECTION('',(-1.,-1.22464679914735E-16,0.));
#1590=DIRECTION('',(0.,-1.,0.));
#1591=DIRECTION('',(0.,0.,-1.));
#1592=DIRECTION('',(1.22464679914735E-16,-1.,0.));
#1593=DIRECTION('',(1.,1.22464679914735E-16,0.));
#1594=DIRECTION('',(1.22464679914735E-16,-1.,0.));
#1595=DIRECTION('',(1.,1.22464679914735E-16,0.));
#1596=DIRECTION('',(1.22464679914735E-16,-1.,0.));
#1597=DIRECTION('',(1.,1.22464679914735E-16,0.));
#1598=DIRECTION('',(1.22464679914735E-16,-1.,0.));
#1599=DIRECTION('',(1.,1.22464679914735E-16,0.));
#1600=DIRECTION('',(-1.,-1.22464679914735E-16,0.));
#1601=DIRECTION('',(0.585490553844359,7.17019132696505E-17,0.810679228399881));
#1602=DIRECTION('',(-0.585490553844359,-7.17019132696505E-17,0.810679228399881));
#1603=DIRECTION('',(1.22464679914735E-16,-1.,0.));
#1604=DIRECTION('',(1.,1.22464679914735E-16,0.));
#1605=DIRECTION('',(1.22464679914735E-16,-1.,0.));
#1606=DIRECTION('',(1.,1.22464679914735E-16,0.));
#1607=DIRECTION('',(1.22464679914735E-16,-1.,0.));
#1608=DIRECTION('',(1.,1.22464679914735E-16,0.));
#1609=DIRECTION('',(1.22464679914735E-16,-1.,0.));
#1610=DIRECTION('',(1.,1.22464679914735E-16,0.));
#1611=DIRECTION('',(1.,1.22464679914735E-16,7.90754631288067E-16));
#1612=DIRECTION('',(0.,0.,-1.));
#1613=DIRECTION('',(-1.,-1.22464679914735E-16,0.));
#1614=DIRECTION('',(1.22464679914735E-16,-1.,0.));
#1615=DIRECTION('',(1.,1.22464679914735E-16,0.));
#1616=DIRECTION('',(1.22464679914735E-16,-1.,0.));
#1617=DIRECTION('',(1.,1.22464679914735E-16,0.));
#1618=DIRECTION('',(1.22464679914735E-16,-1.,0.));
#1619=DIRECTION('',(1.,1.22464679914735E-16,0.));
#1620=DIRECTION('',(1.22464679914735E-16,-1.,0.));
#1621=DIRECTION('',(1.,1.22464679914735E-16,0.));
#1622=DIRECTION('',(1.22464679914735E-16,-1.,0.));
#1623=DIRECTION('',(1.,1.22464679914735E-16,0.));
#1624=DIRECTION('',(1.22464679914735E-16,-1.,0.));
#1625=DIRECTION('',(1.,1.22464679914735E-16,0.));
#1626=DIRECTION('',(1.22464679914735E-16,-1.,0.));
#1627=DIRECTION('',(1.,1.22464679914735E-16,0.));
#1628=DIRECTION('',(1.22464679914735E-16,-1.,0.));
#1629=DIRECTION('',(1.,1.22464679914735E-16,0.));
#1630=DIRECTION('',(1.22464679914735E-16,-1.,0.));
#1631=DIRECTION('',(1.,1.22464679914735E-16,0.));
#1632=DIRECTION('',(1.22464679914735E-16,-1.,0.));
#1633=DIRECTION('',(1.,1.22464679914735E-16,0.));
#1634=DIRECTION('',(1.22464679914735E-16,-1.,0.));
#1635=DIRECTION('',(1.,1.22464679914735E-16,0.));
#1636=DIRECTION('',(1.22464679914735E-16,-1.,0.));
#1637=DIRECTION('',(1.,1.22464679914735E-16,0.));
#1638=DIRECTION('',(-0.810679228399881,-9.9279572219516E-17,0.585490553844359));
#1639=DIRECTION('',(0.585490553844359,0.,0.810679228399881));
#1640=DIRECTION('',(0.585490553844359,7.17019132696505E-17,0.810679228399881));
#1641=DIRECTION('',(-1.22464679914735E-16,1.,2.31276336087703E-32));
#1642=DIRECTION('',(-1.22464679914735E-16,1.,2.31276336087703E-32));
#1643=DIRECTION('',(0.585490553844359,7.17019132696505E-17,0.810679228399881));
#1644=DIRECTION('',(-1.22464679914735E-16,1.,0.));
#1645=DIRECTION('',(0.,0.,-1.));
#1646=DIRECTION('',(-1.,0.,0.));
#1647=DIRECTION('',(1.,1.22464679914735E-16,0.));
#1648=DIRECTION('',(0.,0.,1.));
#1649=DIRECTION('',(1.,0.,0.));
#1650=DIRECTION('',(-0.810679228399881,-9.9279572219516E-17,-0.585490553844359));
#1651=DIRECTION('',(-0.585490553844359,0.,0.810679228399881));
#1652=DIRECTION('',(1.22464679914735E-16,-1.,-9.34389658795633E-33));
#1653=DIRECTION('',(0.585490553844359,7.17019132696505E-17,-0.810679228399881));
#1654=DIRECTION('',(-0.585490553844359,-7.17019132696505E-17,0.810679228399881));
#1655=DIRECTION('',(1.22464679914735E-16,-1.,-9.34389658795633E-33));
#1656=DIRECTION('',(1.22464679914735E-16,-1.,0.));
#1657=DIRECTION('',(1.,1.22464679914735E-16,0.));
#1658=DIRECTION('',(1.22464679914735E-16,-1.,0.));
#1659=DIRECTION('',(1.,1.22464679914735E-16,0.));
#1660=DIRECTION('',(1.22464679914735E-16,-1.,0.));
#1661=DIRECTION('',(1.,1.22464679914735E-16,0.));
#1662=DIRECTION('',(-0.585490553844359,-7.17019132696505E-17,-0.810679228399881));
#1663=DIRECTION('',(-1.,-1.22464679914735E-16,0.));
#1664=DIRECTION('',(1.22464679914735E-16,-1.,0.));
#1665=DIRECTION('',(1.,1.22464679914735E-16,0.));
#1666=DIRECTION('',(1.,1.22464679914735E-16,0.));
#1667=DIRECTION('',(1.22464679914735E-16,-1.,0.));
#1668=DIRECTION('',(1.,1.22464679914735E-16,0.));
#1669=DIRECTION('',(-0.585490553844359,-7.17019132696505E-17,0.810679228399881));
#1670=DIRECTION('',(1.22464679914735E-16,-1.,0.));
#1671=DIRECTION('',(1.,1.22464679914735E-16,0.));
#1672=DIRECTION('',(1.,1.22464679914735E-16,5.92570952541094E-15));
#1673=DIRECTION('',(0.,0.,1.));
#1674=DIRECTION('',(1.,0.,0.));
#1675=DIRECTION('',(0.,0.,-1.));
#1676=DIRECTION('',(-1.,0.,0.));
#1677=DIRECTION('',(0.,0.,1.));
#1678=DIRECTION('',(1.,0.,0.));
#1679=DIRECTION('',(0.,0.,1.));
#1680=DIRECTION('',(1.,0.,0.));
#1681=DIRECTION('',(0.,0.,-1.));
#1682=DIRECTION('',(-1.,0.,0.));
#1683=DIRECTION('',(0.,0.,-1.));
#1684=DIRECTION('',(-1.,0.,0.));
#1685=DIRECTION('',(0.,0.,1.));
#1686=DIRECTION('',(1.,0.,0.));
#1687=DIRECTION('',(0.,0.,1.));
#1688=DIRECTION('',(1.,0.,0.));
#1689=DIRECTION('',(0.,0.,-1.));
#1690=DIRECTION('',(-1.,0.,0.));
#1691=DIRECTION('',(0.,0.,1.));
#1692=DIRECTION('',(1.,0.,0.));
#1693=DIRECTION('',(0.,0.,1.));
#1694=DIRECTION('',(1.,0.,0.));
#1695=DIRECTION('',(0.,0.,1.));
#1696=DIRECTION('',(1.,0.,0.));
#1697=DIRECTION('',(0.,0.,-1.));
#1698=DIRECTION('',(-1.,0.,0.));
#1699=DIRECTION('',(0.,0.,1.));
#1700=DIRECTION('',(1.,0.,0.));
#1701=DIRECTION('',(0.,0.,1.));
#1702=DIRECTION('',(1.,0.,0.));
#1703=DIRECTION('',(-1.22464679914735E-16,1.,0.));
#1704=DIRECTION('',(-1.,-1.22464679914735E-16,0.));
#1705=DIRECTION('',(-1.,-1.22464679914735E-16,0.));
#1706=DIRECTION('',(1.22464679914735E-16,-1.,0.));
#1707=DIRECTION('',(-1.22464679914735E-16,1.,0.));
#1708=DIRECTION('',(0.,0.,1.));
#1709=DIRECTION('',(1.22464679914735E-16,-1.,1.09476442525376E-47));
#1710=DIRECTION('',(0.,0.,-1.));
#1711=DIRECTION('',(7.90754631288067E-16,9.68395128117876E-32,-1.));
#1712=DIRECTION('',(-1.,0.,-7.90754631288067E-16));
#1713=DIRECTION('',(-1.,-1.22464679914735E-16,-7.90754631288067E-16));
#1714=DIRECTION('',(-1.22464679914735E-16,1.,-1.09476442525376E-47));
#1715=DIRECTION('',(-0.707106781186548,0.707106781186548,-5.5914796203846E-16));
#1716=DIRECTION('',(-1.,-1.22464679914735E-16,-7.90754631288067E-16));
#1717=DIRECTION('',(-7.90754631288067E-16,-9.68395128117876E-32,1.));
#1718=DIRECTION('',(1.,0.,7.90754631288067E-16));
#1719=DIRECTION('',(1.22464679914735E-16,-1.,0.));
#1720=DIRECTION('',(1.,1.22464679914735E-16,0.));
#1721=DIRECTION('',(0.,0.,1.));
#1722=DIRECTION('',(1.22464679914735E-16,-1.,0.));
#1723=DIRECTION('',(1.,1.22464679914735E-16,0.));
#1724=DIRECTION('',(-1.22464679914735E-16,1.,0.));
#1725=DIRECTION('',(-1.,-1.22464679914735E-16,0.));
#1726=DIRECTION('',(-1.22464679914735E-16,1.,0.));
#1727=DIRECTION('',(-1.,-1.22464679914735E-16,0.));
#1728=DIRECTION('',(0.,-1.,0.));
#1729=DIRECTION('',(0.,0.,-1.));
#1730=DIRECTION('',(-7.90754631288067E-16,-9.68395128117876E-32,1.));
#1731=DIRECTION('',(1.,0.,7.90754631288067E-16));
#1732=DIRECTION('',(-0.707106781186548,-0.707106781186548,0.));
#1733=DIRECTION('',(0.,0.,1.));
#1734=DIRECTION('',(0.707106781186548,-0.707106781186548,0.));
#1735=DIRECTION('',(0.,0.,-1.));
#1736=DIRECTION('',(-0.707106781186548,0.707106781186548,-5.5914796203846E-16));
#1737=DIRECTION('',(0.,0.,1.));
#1738=DIRECTION('',(0.,-1.,0.));
#1739=DIRECTION('',(0.,0.,-1.));
#1740=DIRECTION('',(0.563398353718613,0.707106781186551,0.427296495453863));
#1741=DIRECTION('',(0.427296495453856,-0.707106781186553,0.563398353718615));
#1742=DIRECTION('',(0.,1.,0.));
#1743=DIRECTION('',(0.,0.,1.));
#1744=DIRECTION('',(-0.42729649545386,-0.707106781186548,0.563398353718619));
#1745=DIRECTION('',(0.,1.,0.));
#1746=DIRECTION('',(0.,0.,1.));
#1747=DIRECTION('',(0.563398353718617,0.707106781186551,-0.427296495453856));
#1748=DIRECTION('',(0.,-1.,0.));
#1749=DIRECTION('',(0.,0.,-1.));
#1750=DIRECTION('',(0.56339835371862,-0.707106781186546,-0.427296495453862));
#1751=DIRECTION('',(0.,-1.,0.));
#1752=DIRECTION('',(0.,0.,-1.));
#1753=DIRECTION('',(0.,0.707106781186548,0.707106781186548));
#1754=DIRECTION('',(0.707106781186549,8.65956056235494E-17,-0.707106781186547));
#1755=DIRECTION('',(1.22464679914735E-16,-1.,0.));
#1756=DIRECTION('',(-0.577350269189625,-0.577350269189625,-0.577350269189627));
#1757=DIRECTION('',(-0.65328148243819,0.382683432365083,-0.653281482438191));
#1758=DIRECTION('',(0.,1.,0.));
#1759=DIRECTION('',(0.,0.,1.));
#1760=DIRECTION('',(0.563398353718621,-0.707106781186547,0.427296495453858));
#1761=DIRECTION('',(-8.65956056235493E-17,0.707106781186548,-0.707106781186548));
#1762=DIRECTION('',(1.,1.22464679914735E-16,0.));
#1763=DIRECTION('',(-0.382683432365088,0.653281482438189,0.653281482438189));
#1764=DIRECTION('',(0.5,0.5,-0.707106781186549));
#1765=DIRECTION('',(-0.707106781186548,0.707106781186548,0.));
#1766=DIRECTION('',(0.191341716182545,0.732537816328744,0.653281482438187));
#1767=DIRECTION('',(-0.732537816328746,-0.19134171618254,-0.653281482438185));
#1768=DIRECTION('',(0.756975158957758,0.313549377219834,-0.57330218625602));
#1769=DIRECTION('',(-0.603748055220393,0.,-0.797175191421304));
#1770=DIRECTION('',(-0.382683432365091,0.923879532511287,1.20513522526505E-16));
#1771=DIRECTION('',(0.707106781186548,-0.707106781186548,0.));
#1772=DIRECTION('',(0.,0.,-1.));
#1773=DIRECTION('',(0.577350269189626,0.577350269189626,-0.577350269189624));
#1774=DIRECTION('',(0.,-1.,0.));
#1775=DIRECTION('',(0.,0.,-1.));
#1776=DIRECTION('',(0.313549377219835,0.756975158957759,-0.573302186256018));
#1777=DIRECTION('',(0.,0.603748055220392,0.797175191421305));
#1778=DIRECTION('',(-0.923879532511287,0.382683432365089,-3.96960927703969E-15));
#1779=DIRECTION('',(-0.923879532511287,-0.382683432365091,0.));
#1780=DIRECTION('',(0.,0.,1.));
#1781=DIRECTION('',(0.382683432365091,-0.923879532511287,2.21669950579703E-15));
#1782=DIRECTION('',(-0.707106781186546,-8.65956056235492E-17,-0.707106781186549));
#1783=DIRECTION('',(-1.22464679914735E-16,1.,-1.09476442525376E-47));
#1784=DIRECTION('',(-0.65328148243819,0.382683432365089,0.653281482438187));
#1785=DIRECTION('',(6.45743567662008E-16,-0.70710678118655,-0.707106781186546));
#1786=DIRECTION('',(-1.,-1.22464679914735E-16,-7.90754631288067E-16));
#1787=DIRECTION('',(-0.382683432365095,0.653281482438185,-0.653281482438189));
#1788=DIRECTION('',(-0.382683432365089,-0.923879532511287,0.));
#1789=DIRECTION('',(0.,0.,-1.));
#1790=DIRECTION('',(0.923879532511287,-0.382683432365089,-2.05893918759093E-15));
#1791=DIRECTION('',(0.756975158957758,0.313549377219835,0.573302186256019));
#1792=DIRECTION('',(0.603748055220394,0.,-0.797175191421304));
#1793=DIRECTION('',(0.191341716182555,0.732537816328732,-0.653281482438197));
#1794=DIRECTION('',(0.313549377219835,0.756975158957762,0.573302186256013));
#1795=DIRECTION('',(0.,-0.603748055220387,0.797175191421309));
#1796=DIRECTION('',(-0.732537816328739,-0.191341716182542,0.653281482438192));
#1797=DIRECTION('',(-0.5,-0.5,-0.707106781186543));
#1798=DIRECTION('',(-0.707106781186548,0.707106781186548,-5.5914796203846E-16));
#1799=DIRECTION('',(0.,-1.,0.));
#1800=DIRECTION('',(0.,0.,-1.));
#1801=DIRECTION('',(0.,-1.,0.));
#1802=DIRECTION('',(0.,0.,-1.));
#1803=DIRECTION('',(0.,1.,0.));
#1804=DIRECTION('',(0.,0.,1.));
#1805=DIRECTION('',(0.,-0.707106781186549,0.707106781186546));
#1806=DIRECTION('',(0.573236779768632,-0.707106781186549,0.414004340944013));
#1807=DIRECTION('',(0.585490553844359,7.17019132696505E-17,-0.810679228399881));
#1808=DIRECTION('',(-0.776805749581335,-0.629740285687187,-4.6031252296881E-15));
#1809=DIRECTION('',(-5.57042398678515E-16,-0.505259348318706,-0.862967549179317));
#1810=DIRECTION('',(-8.65956056235493E-17,0.707106781186547,0.707106781186548));
#1811=DIRECTION('',(-1.,-1.22464679914735E-16,0.));
#1812=DIRECTION('',(0.,-0.707106781186548,0.707106781186548));
#1813=DIRECTION('',(0.573236779768633,0.707106781186548,-0.414004340944013));
#1814=DIRECTION('',(0.585490553844359,7.17019132696505E-17,0.810679228399881));
#1815=DIRECTION('',(0.776805749581337,-0.629740285687185,4.60312522968811E-15));
#1816=DIRECTION('',(-0.340010966462336,0.664978399154946,0.664978399154945));
#1817=DIRECTION('',(0.,1.,0.));
#1818=DIRECTION('',(0.,0.,1.));
#1819=DIRECTION('',(8.65956056235493E-17,-0.707106781186547,0.707106781186548));
#1820=DIRECTION('',(1.,1.22464679914735E-16,0.));
#1821=DIRECTION('',(0.,1.,0.));
#1822=DIRECTION('',(0.,0.,1.));
#1823=DIRECTION('',(0.,1.,0.));
#1824=DIRECTION('',(0.,0.,1.));
#1825=DIRECTION('',(0.,1.,0.));
#1826=DIRECTION('',(0.,0.,1.));
#1827=DIRECTION('',(0.,1.,0.));
#1828=DIRECTION('',(0.,0.,1.));
#1829=DIRECTION('',(0.,1.,0.));
#1830=DIRECTION('',(0.,0.,1.));
#1831=DIRECTION('',(0.,0.,-1.));
#1832=DIRECTION('',(-1.,0.,0.));
#1833=DIRECTION('',(-5.92570952541094E-15,-7.43896679315566E-31,1.));
#1834=DIRECTION('',(1.22464679914735E-16,-1.,-1.82065590184173E-32));
#1835=DIRECTION('',(-5.92570952541094E-15,-7.43896679315566E-31,1.));
#1836=DIRECTION('',(1.22464679914735E-16,-1.,-1.82065590184173E-32));
#1837=DIRECTION('',(0.,-1.,0.));
#1838=DIRECTION('',(0.,0.,-1.));
#1839=DIRECTION('',(0.563398353718619,0.707106781186547,-0.42729649545386));
#1840=DIRECTION('',(0.,1.,0.));
#1841=DIRECTION('',(0.,0.,1.));
#1842=DIRECTION('',(-0.427296495453859,0.707106781186547,0.56339835371862));
#1843=DIRECTION('',(0.,-1.,0.));
#1844=DIRECTION('',(0.,0.,-1.));
#1845=DIRECTION('',(0.427296495453855,0.707106781186547,0.563398353718624));
#1846=DIRECTION('',(0.,1.,0.));
#1847=DIRECTION('',(0.,0.,1.));
#1848=DIRECTION('',(-0.563398353718619,0.707106781186547,-0.42729649545386));
#1849=DIRECTION('',(0.,-1.,0.));
#1850=DIRECTION('',(0.,0.,-1.));
#1851=CARTESIAN_POINT('',(0.,0.,0.));
#1852=CARTESIAN_POINT('',(0.0105166687946039,-0.023,0.0166));
#1853=CARTESIAN_POINT('',(0.00624699194274052,-0.044,0.0203003188485131));
#1854=CARTESIAN_POINT('',(0.00624699194274052,-0.0435,0.0203003188485131));
#1855=CARTESIAN_POINT('',(0.00624699194274051,-0.023,0.0203003188485131));
#1856=CARTESIAN_POINT('',(0.0105166687946039,-0.0435,0.0166));
#1857=CARTESIAN_POINT('',(0.0105166687946039,-0.0435,0.01095));
#1858=CARTESIAN_POINT('',(0.0105166687946039,-0.023,0.01095));
#1859=CARTESIAN_POINT('',(0.0105166687946039,-0.0335,0.01095));
#1860=CARTESIAN_POINT('',(0.0105166687946039,-0.0335,0.0166));
#1861=CARTESIAN_POINT('',(0.0161291548747649,-0.0335,0.01595));
#1862=CARTESIAN_POINT('',(0.0161291548747649,-0.0335,0.01595));
#1863=CARTESIAN_POINT('',(0.0161291548747649,-0.0321656745348182,0.01595));
#1864=CARTESIAN_POINT('',(0.0161291548747649,-0.0268280165215157,0.01595));
#1865=CARTESIAN_POINT('',(0.0161911965405902,-0.0267961646082143,0.0164857045935923));
#1866=CARTESIAN_POINT('',(0.0161595613268396,-0.0268106206130964,0.0175676895205008));
#1867=CARTESIAN_POINT('',(0.0156708555050689,-0.02707221937299,0.0190919034637098));
#1868=CARTESIAN_POINT('',(0.0148330100328318,-0.0278866010426184,0.020304348587559));
#1869=CARTESIAN_POINT('',(0.0143345653904764,-0.0294847971693576,0.0207571017174901));
#1870=CARTESIAN_POINT('',(0.0148247420477746,-0.0310967238574334,0.0203128500076655));
#1871=CARTESIAN_POINT('',(0.0156645598996799,-0.0319172346366114,0.0191059252003416));
#1872=CARTESIAN_POINT('',(0.0161597728793611,-0.0321834339024517,0.0175723215437338));
#1873=CARTESIAN_POINT('',(0.0161912978286485,-0.0321975784489551,0.0164865791748494));
#1874=CARTESIAN_POINT('',(0.0161291548747649,-0.0321656745348183,0.01595));
#1875=CARTESIAN_POINT('',(0.0161291548747649,-0.0268280165215157,0.01595));
#1876=CARTESIAN_POINT('',(0.0161291548747649,-0.0335,0.01595));
#1877=CARTESIAN_POINT('',(0.0161291548747649,-0.019,0.01595));
#1878=CARTESIAN_POINT('',(0.0105166687946039,-0.019,0.0166));
#1879=CARTESIAN_POINT('',(0.0150183943941926,-0.019,0.0200142300194931));
#1880=CARTESIAN_POINT('',(0.0150183943941926,-0.023,0.0200142300194931));
#1881=CARTESIAN_POINT('',(0.0150183943941926,-0.0225,0.0200142300194931));
#1882=CARTESIAN_POINT('',(0.0150183943941926,-0.0225,0.0200142300194931));
#1883=CARTESIAN_POINT('',(0.0145712204495548,-0.0225,0.0206038371585996));
#1884=CARTESIAN_POINT('',(0.0140235470481099,-0.0226917192559945,0.0210804550341734));
#1885=CARTESIAN_POINT('',(0.0134501163915224,-0.023,0.0214288078441923));
#1886=CARTESIAN_POINT('',(0.0134501163915224,-0.023,0.0214288078441923));
#1887=CARTESIAN_POINT('',(0.0105166687946039,-0.023,0.0166));
#1888=CARTESIAN_POINT('',(0.0174993197309982,-0.029496845528167,0.0102));
#1889=CARTESIAN_POINT('',(0.0174993197309982,-0.029496845528167,0.01095));
#1890=CARTESIAN_POINT('',(0.0191493197309981,-0.029496845528167,0.01095));
#1891=CARTESIAN_POINT('',(0.0174993197309982,-0.029496845528167,0.01595));
#1892=CARTESIAN_POINT('',(0.0158493197309982,-0.029496845528167,0.01595));
#1893=CARTESIAN_POINT('',(-0.0204833312053961,-0.023,0.0166));
#1894=CARTESIAN_POINT('',(-0.0204833312053961,-0.019,0.0166));
#1895=CARTESIAN_POINT('',(-0.0204833312053961,-0.019,0.01495));
#1896=CARTESIAN_POINT('',(-0.0204833312053961,-0.022,0.0166));
#1897=CARTESIAN_POINT('',(-0.0188333312053961,-0.022,0.0166));
#1898=CARTESIAN_POINT('',(-0.0195006802690019,-0.029496845528167,0.0087));
#1899=CARTESIAN_POINT('',(-0.0204833312053961,-0.0308223254930112,0.01095));
#1900=CARTESIAN_POINT('',(-0.0208993934896374,-0.0305138757208141,0.01095));
#1901=CARTESIAN_POINT('',(-0.0214019840720221,-0.0294999949996146,0.0110291005313222));
#1902=CARTESIAN_POINT('',(-0.0208993564626569,-0.02847978788539,0.01095));
#1903=CARTESIAN_POINT('',(-0.0204833312053961,-0.0281713655633227,0.01095));
#1904=CARTESIAN_POINT('',(-0.0204833312053961,-0.0308223254930112,0.01095));
#1905=CARTESIAN_POINT('',(-0.0204833312053961,-0.0281713655633227,0.01095));
#1906=CARTESIAN_POINT('',(-0.0195006802690019,-0.029496845528167,0.01095));
#1907=CARTESIAN_POINT('',(-0.0179538377407199,-0.0301739172132844,0.0149668193065077));
#1908=CARTESIAN_POINT('',(-0.017799215424608,-0.0294964043864653,0.0152587111715489));
#1909=CARTESIAN_POINT('',(-0.0179533821748593,-0.0288215384098561,0.0149676138071738));
#1910=CARTESIAN_POINT('',(-0.0182667633777439,-0.0283576627285315,0.0145519027771799));
#1911=CARTESIAN_POINT('',(-0.0187179092233977,-0.0280043712131008,0.0141458837922342));
#1912=CARTESIAN_POINT('',(-0.0193137082274828,-0.0278144785650479,0.0138070783009044));
#1913=CARTESIAN_POINT('',(-0.0199998671235192,-0.0278726684207662,0.0136122111473533));
#1914=CARTESIAN_POINT('',(-0.0208367291210105,-0.0283377592669217,0.0135812705073726));
#1915=CARTESIAN_POINT('',(-0.0213583722081058,-0.0294936065210311,0.0137373421732737));
#1916=CARTESIAN_POINT('',(-0.0208415391097231,-0.030649153840777,0.0135825366468948));
#1917=CARTESIAN_POINT('',(-0.0200093554057801,-0.031118422772598,0.0136106115116342));
#1918=CARTESIAN_POINT('',(-0.0193184121182136,-0.0311801011413665,0.0138048891616974));
#1919=CARTESIAN_POINT('',(-0.0187224849040177,-0.0309917540601421,0.0141425683527525));
#1920=CARTESIAN_POINT('',(-0.0182684320714224,-0.0306381351670504,0.0145497963600159));
#1921=CARTESIAN_POINT('',(-0.0179538377407199,-0.0301739172132844,0.0149668193065077));
#1922=CARTESIAN_POINT('',(-0.017799215424608,-0.0294964043864653,0.0152587111715489));
#1923=CARTESIAN_POINT('',(-0.0179533821748593,-0.0288215384098561,0.0149676138071738));
#1924=CARTESIAN_POINT('',(-0.0178506802690019,-0.029496845528167,0.0151615462999795));
#1925=CARTESIAN_POINT('',(-0.0195006802690019,-0.029496845528167,0.0087));
#1926=CARTESIAN_POINT('',(-0.0182146339904199,-0.0307851369310113,0.0218072929336501));
#1927=CARTESIAN_POINT('',(-0.0176685089001485,-0.0294970144612937,0.0214950317249921));
#1928=CARTESIAN_POINT('',(-0.018215412022997,-0.0282078783928156,0.0218075691761428));
#1929=CARTESIAN_POINT('',(-0.0194529884848128,-0.0276728276808963,0.0222173972460041));
#1930=CARTESIAN_POINT('',(-0.0207852325631008,-0.0281837360325542,0.0222718103205831));
#1931=CARTESIAN_POINT('',(-0.0213332108657476,-0.0294964795752903,0.0221797971103243));
#1932=CARTESIAN_POINT('',(-0.0207860052876463,-0.0308089805126238,0.0222716991482339));
#1933=CARTESIAN_POINT('',(-0.0194541827587116,-0.0313212987266644,0.0222177117673295));
#1934=CARTESIAN_POINT('',(-0.0182146339904199,-0.0307851369310113,0.0218072929336501));
#1935=CARTESIAN_POINT('',(-0.0176685089001485,-0.0294970144612937,0.0214950317249921));
#1936=CARTESIAN_POINT('',(-0.018215412022997,-0.0282078783928156,0.0218075691761428));
#1937=CARTESIAN_POINT('',(-0.0178506802690019,-0.029496845528167,0.0215991648349602));
#1938=CARTESIAN_POINT('',(-0.0179538377407199,-0.0288197738430496,0.0182331806934923));
#1939=CARTESIAN_POINT('',(-0.017799215424608,-0.0294972866698686,0.0179412888284511));
#1940=CARTESIAN_POINT('',(-0.0179533821748593,-0.0301721526464778,0.0182323861928262));
#1941=CARTESIAN_POINT('',(-0.0182667633777439,-0.0306360283278024,0.0186480972228201));
#1942=CARTESIAN_POINT('',(-0.0187179092233977,-0.0309893198432331,0.0190541162077658));
#1943=CARTESIAN_POINT('',(-0.0193137082274828,-0.031179212491286,0.0193929216990956));
#1944=CARTESIAN_POINT('',(-0.0199998671235192,-0.0311210226355677,0.0195877888526467));
#1945=CARTESIAN_POINT('',(-0.0208367291210105,-0.0306559317894122,0.0196187294926274));
#1946=CARTESIAN_POINT('',(-0.0213583722081058,-0.0295000845353028,0.0194626578267263));
#1947=CARTESIAN_POINT('',(-0.0208415391097232,-0.0283445372155569,0.0196174633531052));
#1948=CARTESIAN_POINT('',(-0.0200093554057801,-0.0278752682837359,0.0195893884883658));
#1949=CARTESIAN_POINT('',(-0.0193184121182136,-0.0278135899149674,0.0193951108383026));
#1950=CARTESIAN_POINT('',(-0.0187224849040177,-0.0280019369961919,0.0190574316472475));
#1951=CARTESIAN_POINT('',(-0.0182684320714224,-0.0283555558892835,0.0186502036399841));
#1952=CARTESIAN_POINT('',(-0.0179538377407199,-0.0288197738430496,0.0182331806934923));
#1953=CARTESIAN_POINT('',(-0.017799215424608,-0.0294972866698686,0.0179412888284511));
#1954=CARTESIAN_POINT('',(-0.0179533821748593,-0.0301721526464778,0.0182323861928262));
#1955=CARTESIAN_POINT('',(-0.0178506802690019,-0.029496845528167,0.0180384537000205));
#1956=CARTESIAN_POINT('',(-0.0204833312053961,-0.023,0.0166));
#1957=CARTESIAN_POINT('',(-0.0204833312053961,-0.023,0.01095));
#1958=CARTESIAN_POINT('',(-0.0204833312053961,-0.0435,0.01095));
#1959=CARTESIAN_POINT('',(-0.0204833312053961,-0.0435,0.0166));
#1960=CARTESIAN_POINT('',(-0.0159336059389652,-0.0435,0.01995));
#1961=CARTESIAN_POINT('',(-0.0159336059389652,-0.044,0.01995));
#1962=CARTESIAN_POINT('',(-0.0159336059389652,-0.0382946785590503,0.01995));
#1963=CARTESIAN_POINT('',(-0.0159336059389652,-0.0364053214409497,0.01995));
#1964=CARTESIAN_POINT('',(-0.0160529544207258,-0.0358494704314379,0.0201120903889482));
#1965=CARTESIAN_POINT('',(-0.0164679193042685,-0.03488312903034,0.0206340469364236));
#1966=CARTESIAN_POINT('',(-0.0175120664246963,-0.0337265016902135,0.0214800562231231));
#1967=CARTESIAN_POINT('',(-0.0189751172893873,-0.0329458619491776,0.0221343460251871));
#1968=CARTESIAN_POINT('',(-0.0207543744248951,-0.0327512637539521,0.0223383738497689));
#1969=CARTESIAN_POINT('',(-0.0224511010221557,-0.0332598995283337,0.0219769913888145));
#1970=CARTESIAN_POINT('',(-0.0237383013239308,-0.0342720519228107,0.0212803935965097));
#1971=CARTESIAN_POINT('',(-0.0245940176383904,-0.0356117018145653,0.0205097104016771));
#1972=CARTESIAN_POINT('',(-0.0249519494146113,-0.0373472533964901,0.020054664311032));
#1973=CARTESIAN_POINT('',(-0.0245981622452029,-0.0390764093255584,0.0205049516981038));
#1974=CARTESIAN_POINT('',(-0.0237467734727792,-0.0404181883330091,0.0212739374622134));
#1975=CARTESIAN_POINT('',(-0.0224673924296953,-0.0414309582888591,0.0219704543790847));
#1976=CARTESIAN_POINT('',(-0.0207744408527159,-0.0419468958353149,0.0223373726295651));
#1977=CARTESIAN_POINT('',(-0.0189912944852636,-0.0417601580492156,0.0221395608583516));
#1978=CARTESIAN_POINT('',(-0.017518084250503,-0.0409786088179718,0.0214842699040672));
#1979=CARTESIAN_POINT('',(-0.0164718365445842,-0.0398244629079884,0.0206383637832338));
#1980=CARTESIAN_POINT('',(-0.016052789425453,-0.0388497611231862,0.0201118663044224));
#1981=CARTESIAN_POINT('',(-0.0159336059389652,-0.0382946785590502,0.01995));
#1982=CARTESIAN_POINT('',(-0.0159336059389652,-0.0364053214409497,0.01995));
#1983=CARTESIAN_POINT('',(-0.0159336059389652,-0.044,0.01995));
#1984=CARTESIAN_POINT('',(-0.0159336059389652,-0.023,0.01995));
#1985=CARTESIAN_POINT('',(-0.0204833312053961,-0.023,0.0166));
#1986=CARTESIAN_POINT('',(-0.0234167788023146,-0.023,0.0214288078441923));
#1987=CARTESIAN_POINT('',(-0.0234167788023146,-0.023,0.0214288078441923));
#1988=CARTESIAN_POINT('',(-0.023989361237984,-0.0226921752661026,0.0210809703190416));
#1989=CARTESIAN_POINT('',(-0.024538376326735,-0.0225,0.0206031865140153));
#1990=CARTESIAN_POINT('',(-0.0249850568049847,-0.0225,0.0200142300194932));
#1991=CARTESIAN_POINT('',(-0.0249850568049847,-0.0225,0.0200142300194931));
#1992=CARTESIAN_POINT('',(-0.0249850568049847,-0.023,0.0200142300194931));
#1993=CARTESIAN_POINT('',(-0.0249850568049847,-0.019,0.0200142300194931));
#1994=CARTESIAN_POINT('',(-0.0204833312053961,-0.019,0.0166));
#1995=CARTESIAN_POINT('',(-0.0204833312053961,-0.019,0.01095));
#1996=CARTESIAN_POINT('',(-0.0204833312053961,-0.023,0.01095));
#1997=CARTESIAN_POINT('',(-0.0204833312053961,-0.023,0.0476));
#1998=CARTESIAN_POINT('',(-0.0249850568049847,-0.023,0.0441857699805068));
#1999=CARTESIAN_POINT('',(-0.0249850568049847,-0.0225,0.0441857699805068));
#2000=CARTESIAN_POINT('',(-0.0249850568049847,-0.019,0.0441857699805068));
#2001=CARTESIAN_POINT('',(-0.0204833312053961,-0.0225,0.0476));
#2002=CARTESIAN_POINT('',(-0.0170691011859029,-0.0225,0.0521017255995886));
#2003=CARTESIAN_POINT('',(-0.0170691011859029,-0.023,0.0521017255995886));
#2004=CARTESIAN_POINT('',(-0.0170691011859029,-0.019,0.0521017255995886));
#2005=CARTESIAN_POINT('',(-0.0204833312053961,-0.019,0.0476));
#2006=CARTESIAN_POINT('',(-0.0409203686619357,-0.023,0.0321));
#2007=CARTESIAN_POINT('',(-0.0409203686619357,-0.0225,0.0321));
#2008=CARTESIAN_POINT('',(-0.0409203686619357,-0.019,0.0321));
#2009=CARTESIAN_POINT('',(-0.00498333120539609,-0.023,0.01095));
#2010=CARTESIAN_POINT('',(2.20577115776294E-16,-0.0295,0.01095));
#2011=CARTESIAN_POINT('',(-0.00404999999999978,-0.0295,0.01095));
#2012=CARTESIAN_POINT('',(-0.00498333120539609,-0.0435,0.01095));
#2013=CARTESIAN_POINT('',(0.0175166687946039,-0.019,0.01095));
#2014=CARTESIAN_POINT('',(0.0173095620134174,-0.019,0.01095));
#2015=CARTESIAN_POINT('',(0.00816311540401064,-0.00985355339059326,0.01095));
#2016=CARTESIAN_POINT('',(0.0200166687946039,-0.0217071067811865,0.01095));
#2017=CARTESIAN_POINT('',(0.0200166687946039,-0.0335,0.01095));
#2018=CARTESIAN_POINT('',(0.0200166687946039,-0.0335,0.01095));
#2019=CARTESIAN_POINT('',(0.0155166687946039,-0.0335,0.01095));
#2020=CARTESIAN_POINT('',(-0.00825,-0.028,0.01095));
#2021=CARTESIAN_POINT('',(-0.00525,-0.028,0.01095));
#2022=CARTESIAN_POINT('',(0.0105166687946039,-0.0335,0.01095));
#2023=CARTESIAN_POINT('',(0.0105166687946039,-0.0299652512754273,0.01095));
#2024=CARTESIAN_POINT('',(0.0105166687946039,-0.0260347487245726,0.01095));
#2025=CARTESIAN_POINT('',(0.00825,-0.028,0.01095));
#2026=CARTESIAN_POINT('',(0.0309537062511435,-0.023,0.0321));
#2027=CARTESIAN_POINT('',(0.0150183943941926,-0.023,0.0441857699805068));
#2028=CARTESIAN_POINT('',(0.0150183943941926,-0.0225,0.0441857699805068));
#2029=CARTESIAN_POINT('',(0.0150183943941926,-0.019,0.0441857699805068));
#2030=CARTESIAN_POINT('',(0.0309537062511435,-0.0225,0.0321));
#2031=CARTESIAN_POINT('',(0.0309537062511435,-0.019,0.0321));
#2032=CARTESIAN_POINT('',(0.0105166687946039,-0.023,0.0476));
#2033=CARTESIAN_POINT('',(0.00710243877511073,-0.023,0.0521017255995886));
#2034=CARTESIAN_POINT('',(0.00710243877511073,-0.0225,0.0521017255995886));
#2035=CARTESIAN_POINT('',(0.00710243877511073,-0.019,0.0521017255995886));
#2036=CARTESIAN_POINT('',(0.0105166687946039,-0.0225,0.0476));
#2037=CARTESIAN_POINT('',(0.0105166687946039,-0.019,0.0476));
#2038=CARTESIAN_POINT('',(0.0105166687946039,-0.023,0.0166));
#2039=CARTESIAN_POINT('',(0.0105166687946039,-0.0435,0.0166));
#2040=CARTESIAN_POINT('',(0.0105166687946039,-0.0435,0.01495));
#2041=CARTESIAN_POINT('',(0.0105166687946039,-0.019,0.0166));
#2042=CARTESIAN_POINT('',(0.0105166687946039,-0.019,0.01495));
#2043=CARTESIAN_POINT('',(-0.00498333120539609,-0.023,0.0321));
#2044=CARTESIAN_POINT('',(-0.00498333120539609,-0.019,0.0321));
#2045=CARTESIAN_POINT('',(-0.00498333120539609,-0.019,0.0206));
#2046=CARTESIAN_POINT('',(-0.00498333120539609,-0.023,0.0321));
#2047=CARTESIAN_POINT('',(-0.00599815361091404,-0.023,0.0206448642310421));
#2048=CARTESIAN_POINT('',(0.00340587463848017,-0.023,0.024234173577489));
#2049=CARTESIAN_POINT('',(-0.00498333120539609,-0.023,0.0321));
#2050=CARTESIAN_POINT('',(-0.00498333120539608,-0.023,0.0680370374565395));
#2051=CARTESIAN_POINT('',(-0.00498333120539608,-0.0225,0.0680370374565395));
#2052=CARTESIAN_POINT('',(-0.00498333120539608,-0.019,0.0680370374565395));
#2053=CARTESIAN_POINT('',(-0.0204833312053961,-0.023,0.0476));
#2054=CARTESIAN_POINT('',(-0.0204833312053961,-0.019,0.0476));
#2055=CARTESIAN_POINT('',(-0.0204833312053961,-0.019,0.04595));
#2056=CARTESIAN_POINT('',(-0.0204833312053961,-0.023,0.0476));
#2057=CARTESIAN_POINT('',(-0.0188333312053961,-0.023,0.0476));
#2058=CARTESIAN_POINT('',(0.0105166687946039,-0.023,0.0476));
#2059=CARTESIAN_POINT('',(0.0105166687946039,-0.019,0.0476));
#2060=CARTESIAN_POINT('',(0.0105166687946039,-0.019,0.04595));
#2061=CARTESIAN_POINT('',(0.0105166687946039,-0.023,0.0476));
#2062=CARTESIAN_POINT('',(0.0121666687946039,-0.023,0.0476));
#2063=CARTESIAN_POINT('',(-0.00498333120539609,-0.023,0.0321));
#2064=CARTESIAN_POINT('',(-0.0204833312053961,-0.023,0.0476));
#2065=CARTESIAN_POINT('',(-0.0173712454354156,-0.023,0.0517033428031649));
#2066=CARTESIAN_POINT('',(-0.0245866740085609,-0.023,0.0444879142300195));
#2067=CARTESIAN_POINT('',(-0.0409203686619357,-0.023,0.0321));
#2068=CARTESIAN_POINT('',(-0.0112168029694826,-0.023,0.01995));
#2069=CARTESIAN_POINT('',(-0.0065,-0.023,0.01995));
#2070=CARTESIAN_POINT('',(-0.00325,-0.023,0.02445));
#2071=CARTESIAN_POINT('',(0.00312349597137026,-0.023,0.0246251594242566));
#2072=CARTESIAN_POINT('',(0.0309537062511435,-0.023,0.0321));
#2073=CARTESIAN_POINT('',(0.0146200115977688,-0.023,0.0444879142300195));
#2074=CARTESIAN_POINT('',(0.0105166687946039,-0.023,0.0476));
#2075=CARTESIAN_POINT('',(0.0074045830246234,-0.023,0.0517033428031649));
#2076=CARTESIAN_POINT('',(-0.00498333120539608,-0.023,0.0680370374565395));
#2077=CARTESIAN_POINT('',(-0.00498333120539609,-0.0185,0.0321));
#2078=CARTESIAN_POINT('',(-0.00498333120539608,-0.0185,0.01545));
#2079=CARTESIAN_POINT('',(0.0155366289538084,-0.0185,0.01545));
#2080=CARTESIAN_POINT('',(0.0170166687946039,-0.0185,0.01545));
#2081=CARTESIAN_POINT('',(0.0170166687946039,-0.0185,0.01095));
#2082=CARTESIAN_POINT('',(0.0170166687946039,-0.0185,0.01145));
#2083=CARTESIAN_POINT('',(-0.0204833312053961,-0.0185,0.01145));
#2084=CARTESIAN_POINT('',(-0.0204833312053961,-0.0185,0.01145));
#2085=CARTESIAN_POINT('',(-0.0204833312053961,-0.0185,0.0166));
#2086=CARTESIAN_POINT('',(-0.0245866740085609,-0.0185,0.0197120857699805));
#2087=CARTESIAN_POINT('',(-0.0409203686619357,-0.0185,0.0321));
#2088=CARTESIAN_POINT('',(-0.0245866740085609,-0.0185,0.0444879142300195));
#2089=CARTESIAN_POINT('',(-0.0204833312053961,-0.0185,0.0476));
#2090=CARTESIAN_POINT('',(-0.0173712454354156,-0.0185,0.0517033428031649));
#2091=CARTESIAN_POINT('',(-0.00498333120539608,-0.0185,0.0680370374565395));
#2092=CARTESIAN_POINT('',(0.0074045830246234,-0.0185,0.0517033428031649));
#2093=CARTESIAN_POINT('',(0.0105166687946039,-0.0185,0.0476));
#2094=CARTESIAN_POINT('',(0.0146200115977688,-0.0185,0.0444879142300195));
#2095=CARTESIAN_POINT('',(0.0309537062511435,-0.0185,0.0321));
#2096=CARTESIAN_POINT('',(0.0146200115977688,-0.0185,0.0197120857699805));
#2097=CARTESIAN_POINT('',(0.0105166687946039,-0.0185,0.0166));
#2098=CARTESIAN_POINT('',(-0.00498333120539609,-0.0185,0.0321));
#2099=CARTESIAN_POINT('',(0.00701666879460391,-0.0185,0.0321));
#2100=CARTESIAN_POINT('',(0.0105166687946039,-0.0185,0.0476));
#2101=CARTESIAN_POINT('',(0.0126666687946039,-0.0185,0.0476));
#2102=CARTESIAN_POINT('',(-0.0204833312053961,-0.0185,0.0476));
#2103=CARTESIAN_POINT('',(-0.0183333312053961,-0.0185,0.0476));
#2104=CARTESIAN_POINT('',(0.0105166687946039,-0.0185,0.0166));
#2105=CARTESIAN_POINT('',(0.0126666687946039,-0.0185,0.0166));
#2106=CARTESIAN_POINT('',(-0.0204833312053961,-0.0185,0.0166));
#2107=CARTESIAN_POINT('',(-0.0183333312053961,-0.0185,0.0166));
#2108=CARTESIAN_POINT('',(-0.00325,-0.044,0.02445));
#2109=CARTESIAN_POINT('',(-0.00325,-0.0435,0.02445));
#2110=CARTESIAN_POINT('',(-0.0065,-0.0435,0.01995));
#2111=CARTESIAN_POINT('',(-0.000292745276922174,-0.0435,0.0285446603858001));
#2112=CARTESIAN_POINT('',(-0.000292745276922177,-0.0321457559019505,0.0285446603858001));
#2113=CARTESIAN_POINT('',(-0.000292796328572079,-0.0321860944445031,0.0285445896989002));
#2114=CARTESIAN_POINT('',(-0.000292788553251051,-0.0321863756842479,0.0285446004647293));
#2115=CARTESIAN_POINT('',(-0.00102837894556678,-0.0322475763706318,0.0275260906907537));
#2116=CARTESIAN_POINT('',(-0.00257427584049133,-0.0317257968456605,0.025385618067012));
#2117=CARTESIAN_POINT('',(-0.00354435252111377,-0.0294998231589264,0.0240424349707656));
#2118=CARTESIAN_POINT('',(-0.00257420080729293,-0.0272744472500808,0.0253857219591329));
#2119=CARTESIAN_POINT('',(-0.00102863396260162,-0.0267523153371805,0.0275257375902439));
#2120=CARTESIAN_POINT('',(-0.000292789835072887,-0.0268136073381695,0.0285445986898991));
#2121=CARTESIAN_POINT('',(-0.000292797843067147,-0.0268138969962517,0.028544587601907));
#2122=CARTESIAN_POINT('',(-0.000292745276922177,-0.023,0.0285446603858001));
#2123=CARTESIAN_POINT('',(-0.000292745276922177,-0.023,0.0285446603858001));
#2124=CARTESIAN_POINT('',(-0.00325,-0.023,0.02445));
#2125=CARTESIAN_POINT('',(-0.0065,-0.044,0.01995));
#2126=CARTESIAN_POINT('',(-0.0112168029694826,-0.044,0.01995));
#2127=CARTESIAN_POINT('',(-0.0065,-0.0435,0.01995));
#2128=CARTESIAN_POINT('',(-0.0203333312053961,-0.03735,0.01995));
#2129=CARTESIAN_POINT('',(0.00312349597137026,-0.044,0.0246251594242566));
#2130=CARTESIAN_POINT('',(0.000292788553254105,-0.0268136243157519,0.0285446004647251));
#2131=CARTESIAN_POINT('',(0.00102837894556538,-0.02675242362937,0.0275260906907556));
#2132=CARTESIAN_POINT('',(0.00257427584049388,-0.0272742031543411,0.0253856180670085));
#2133=CARTESIAN_POINT('',(0.0035443525211088,-0.0295001768410668,0.0240424349707724));
#2134=CARTESIAN_POINT('',(0.00257420080731287,-0.0317255527499211,0.0253857219591052));
#2135=CARTESIAN_POINT('',(0.00102863396257596,-0.0322476846628097,0.0275257375902794));
#2136=CARTESIAN_POINT('',(0.000292789835071697,-0.0321863926618287,0.0285445986899007));
#2137=CARTESIAN_POINT('',(0.000292796328575138,-0.0268139055554966,0.028544589698896));
#2138=CARTESIAN_POINT('',(0.000292797843065943,-0.0321861030037473,0.0285445876019087));
#2139=CARTESIAN_POINT('',(0.000292745276922179,-0.0435,0.0285446603858001));
#2140=CARTESIAN_POINT('',(0.000292745276922179,-0.0435,0.0285446603858001));
#2141=CARTESIAN_POINT('',(0.00624699194274051,-0.0435,0.0203003188485131));
#2142=CARTESIAN_POINT('',(0.00312349597137026,-0.023,0.0246251594242566));
#2143=CARTESIAN_POINT('',(0.000292745276922177,-0.023,0.0285446603858001));
#2144=CARTESIAN_POINT('',(0.000292745276922177,-0.0268542440980494,0.0285446603858001));
#2145=CARTESIAN_POINT('',(-0.00280833120539609,-0.044,0.0321));
#2146=CARTESIAN_POINT('',(-0.0204833312053961,-0.044,0.0166));
#2147=CARTESIAN_POINT('',(-0.0169833312053961,-0.044,0.0166));
#2148=CARTESIAN_POINT('',(0.0105166687946039,-0.044,0.0166));
#2149=CARTESIAN_POINT('',(0.0126666687946039,-0.044,0.0166));
#2150=CARTESIAN_POINT('',(0.000937777801396819,-0.044,0.0293944768284273));
#2151=CARTESIAN_POINT('',(3.96313297942236E-18,-0.044,0.0280960152572625));
#2152=CARTESIAN_POINT('',(-0.00624434435246737,-0.044,0.01945));
#2153=CARTESIAN_POINT('',(-0.0159336059389652,-0.044,0.01945));
#2154=CARTESIAN_POINT('',(-0.0161938090874906,-0.044,0.01945));
#2155=CARTESIAN_POINT('',(-0.0204833312053961,-0.044,0.0166));
#2156=CARTESIAN_POINT('',(-0.0204833312053961,-0.044,0.01145));
#2157=CARTESIAN_POINT('',(-0.00280833120539609,-0.044,0.01145));
#2158=CARTESIAN_POINT('',(0.0105166687946039,-0.044,0.01145));
#2159=CARTESIAN_POINT('',(0.0105166687946039,-0.044,0.0166));
#2160=CARTESIAN_POINT('',(0.00623540045175032,-0.044,0.0194623838625313));
#2161=CARTESIAN_POINT('',(-0.000405339614199943,-0.044,0.0286572547230778));
#2162=CARTESIAN_POINT('',(-0.00280833120539609,-0.023,0.0321));
#2163=CARTESIAN_POINT('',(-0.000292745276922177,-0.023,0.0285446603858001));
#2164=CARTESIAN_POINT('',(2.20577115776294E-16,-0.0295,0.0102));
#2165=CARTESIAN_POINT('',(2.20577115776294E-16,-0.0295,0.01295));
#2166=CARTESIAN_POINT('',(-0.00204999999999978,-0.0295,0.01295));
#2167=CARTESIAN_POINT('',(9.95347876044086E-10,-0.0274500000000002,0.0278454439369423));
#2168=CARTESIAN_POINT('',(-0.00017461755645375,-0.0274499999152167,0.027527390838456));
#2169=CARTESIAN_POINT('',(-0.000406583129665782,-0.0274835647717322,0.0271080809478536));
#2170=CARTESIAN_POINT('',(-0.000612609508892347,-0.0275420467377263,0.026731794655808));
#2171=CARTESIAN_POINT('',(-0.000719910773606212,-0.027580238223751,0.0265355346486154));
#2172=CARTESIAN_POINT('',(-0.000774986860386493,-0.0276013513481004,0.0264348418827429));
#2173=CARTESIAN_POINT('',(-0.000888080806161524,-0.0276510245585606,0.0262287891447282));
#2174=CARTESIAN_POINT('',(-0.00101079728591896,-0.0277143930099383,0.0260053678818878));
#2175=CARTESIAN_POINT('',(-0.00115908022395263,-0.0278047738538057,0.0257353014820961));
#2176=CARTESIAN_POINT('',(-0.00131717420855936,-0.0279258069957005,0.0254468531512311));
#2177=CARTESIAN_POINT('',(-0.00144673959805617,-0.0280430835468618,0.0252102281904061));
#2178=CARTESIAN_POINT('',(-0.00159585285600982,-0.028207018217304,0.0249397634521303));
#2179=CARTESIAN_POINT('',(-0.00175719413899923,-0.0284290584850956,0.0246484045307369));
#2180=CARTESIAN_POINT('',(-0.00197916708859347,-0.0288561929005399,0.0242469437586503));
#2181=CARTESIAN_POINT('',(-0.00209720904617715,-0.0295000450583355,0.0240213001032936));
#2182=CARTESIAN_POINT('',(-0.00197920577287398,-0.0301436719244535,0.0242468482391625));
#2183=CARTESIAN_POINT('',(-0.0017572387153517,-0.0305708709192789,0.0246483468037627));
#2184=CARTESIAN_POINT('',(-0.00159589163139233,-0.03079293850406,0.0249397161076679));
#2185=CARTESIAN_POINT('',(-0.00144671178056821,-0.0309569435491473,0.0252102764693704));
#2186=CARTESIAN_POINT('',(-0.00131724670312866,-0.0310741278988992,0.0254467073798365));
#2187=CARTESIAN_POINT('',(-0.00115917043051253,-0.0311951658054898,0.025735135013923));
#2188=CARTESIAN_POINT('',(-0.00101087215191167,-0.031285564969326,0.0260052373130566));
#2189=CARTESIAN_POINT('',(-0.00088812946185641,-0.0313489535283669,0.0262287068248655));
#2190=CARTESIAN_POINT('',(-0.000774965304279998,-0.0313986578380807,0.026434880591824));
#2191=CARTESIAN_POINT('',(-0.000719948342337321,-0.0314197469445972,0.0265354621321538));
#2192=CARTESIAN_POINT('',(-0.000612667582047721,-0.0314579348180619,0.0267316831607455));
#2193=CARTESIAN_POINT('',(-0.000406670505785338,-0.0315164164829399,0.0271079193558329));
#2194=CARTESIAN_POINT('',(-0.000174666791769762,-0.0315500000848072,0.0275273011604427));
#2195=CARTESIAN_POINT('',(9.95347872810832E-10,-0.0315499999999998,0.0278454439369423));
#2196=CARTESIAN_POINT('',(4.97673922418672E-10,-0.0274508236073092,0.0278454443974364));
#2197=CARTESIAN_POINT('',(-4.28731344774367E-10,-0.0315491757325575,0.0278454447185696));
#2198=CARTESIAN_POINT('',(-1.85430173493901E-9,-0.0315499999999992,0.0278454455001969));
#2199=CARTESIAN_POINT('',(0.000174616829959456,-0.0315500001579483,0.0275273921597999));
#2200=CARTESIAN_POINT('',(0.000406582542771784,-0.0315164353491171,0.0271080820232189));
#2201=CARTESIAN_POINT('',(0.000612608951089308,-0.0314579534366431,0.0267317956747166));
#2202=CARTESIAN_POINT('',(0.000719910212788827,-0.0314197619860578,0.0265355356714512));
#2203=CARTESIAN_POINT('',(0.000774986243002723,-0.0313986489032673,0.0264348430082222));
#2204=CARTESIAN_POINT('',(0.000888080261856943,-0.0313489757071759,0.0262287901387143));
#2205=CARTESIAN_POINT('',(0.00101079682060405,-0.0312856072407006,0.0260053687288775));
#2206=CARTESIAN_POINT('',(0.00115907961772238,-0.0311952266510538,0.0257353026135311));
#2207=CARTESIAN_POINT('',(0.00131717454475698,-0.0310741925092795,0.0254468524485635));
#2208=CARTESIAN_POINT('',(0.00144673672637922,-0.0309569197060528,0.0252102337587732));
#2209=CARTESIAN_POINT('',(0.00159586218415976,-0.0307929710894985,0.0249397451989149));
#2210=CARTESIAN_POINT('',(0.0017572073532498,-0.0305709211466377,0.0246483730899602));
#2211=CARTESIAN_POINT('',(0.00197917742738642,-0.0301437696497984,0.0242468980223076));
#2212=CARTESIAN_POINT('',(0.00209720906708869,-0.0294999800109163,0.0240213000628758));
#2213=CARTESIAN_POINT('',(0.00197919537134861,-0.0288562903174527,0.0242468940967556));
#2214=CARTESIAN_POINT('',(0.00175722520842903,-0.028429108214656,0.0246483787820106));
#2215=CARTESIAN_POINT('',(0.00159588184859432,-0.0282070502330486,0.0249397351887573));
#2216=CARTESIAN_POINT('',(0.00144671403023529,-0.0280430590817301,0.0252102720329052));
#2217=CARTESIAN_POINT('',(0.00131724566489816,-0.0279258710170419,0.0254467093621931));
#2218=CARTESIAN_POINT('',(0.00115917020075772,-0.0278048341221286,0.0257351354098956));
#2219=CARTESIAN_POINT('',(0.00101087163990133,-0.0277144347263493,0.0260052382512705));
#2220=CARTESIAN_POINT('',(0.000888128926362289,-0.027651046215992,0.0262287078016412));
#2221=CARTESIAN_POINT('',(0.000774964684535387,-0.0276013419078525,0.0264348817219131));
#2222=CARTESIAN_POINT('',(0.00071994778215286,-0.0275802528462953,0.0265354631537609));
#2223=CARTESIAN_POINT('',(0.000612667023919114,-0.0275420650071548,0.0267316841803013));
#2224=CARTESIAN_POINT('',(0.000406669919191877,-0.0274835833964954,0.0271079204306248));
#2225=CARTESIAN_POINT('',(0.000174666065293035,-0.0274499998420072,0.0275273024817544));
#2226=CARTESIAN_POINT('',(-1.85430173029327E-9,-0.0274500000000008,0.0278454455001969));
#2227=CARTESIAN_POINT('',(0.00825,-0.028,0.0102));
#2228=CARTESIAN_POINT('',(0.00825,-0.028,0.0124977928150422));
#2229=CARTESIAN_POINT('',(0.01125,-0.028,0.0124977928150422));
#2230=CARTESIAN_POINT('',(0.0105166687946039,-0.0260347487245726,0.01095));
#2231=CARTESIAN_POINT('',(0.0109890603839037,-0.0265795926779578,0.01095));
#2232=CARTESIAN_POINT('',(0.0115109675439132,-0.0279991682633085,0.0110455856231125));
#2233=CARTESIAN_POINT('',(0.0109890044217461,-0.0294204718673132,0.01095));
#2234=CARTESIAN_POINT('',(0.0105166687946039,-0.0299652512754273,0.01095));
#2235=CARTESIAN_POINT('',(0.01125,-0.028,0.0124977928150422));
#2236=CARTESIAN_POINT('',(-0.00525,-0.028,0.01245));
#2237=CARTESIAN_POINT('',(-0.00825,-0.028,0.01245));
#2238=CARTESIAN_POINT('',(-0.00525,-0.028,0.01245));
#2239=CARTESIAN_POINT('',(-0.00825,-0.028,0.0102));
#2240=CARTESIAN_POINT('',(-0.0203333312053961,-0.03735,0.02595));
#2241=CARTESIAN_POINT('',(-0.0203333312053961,-0.03735,0.02595));
#2242=CARTESIAN_POINT('',(-0.0158333312053961,-0.03735,0.02595));
#2243=CARTESIAN_POINT('',(-0.0156666656026981,-0.0335,0.02595));
#2244=CARTESIAN_POINT('',(-0.0203333312053961,-0.03735,0.02595));
#2245=CARTESIAN_POINT('',(-0.0178333312053961,-0.03735,0.02595));
#2246=CARTESIAN_POINT('',(-0.0203333312053961,-0.03735,0.02795));
#2247=CARTESIAN_POINT('',(-0.0203333312053961,-0.03735,0.02795));
#2248=CARTESIAN_POINT('',(-0.0178333312053961,-0.03735,0.02795));
#2249=CARTESIAN_POINT('',(-0.0156666656026981,-0.0335,0.02795));
#2250=CARTESIAN_POINT('',(0.0105166687946039,-0.0335,0.0166));
#2251=CARTESIAN_POINT('',(0.0205166687946039,-0.0335,0.01345));
#2252=CARTESIAN_POINT('',(0.0205166687946039,-0.0215,0.01145));
#2253=CARTESIAN_POINT('',(0.0205166687946039,-0.033,0.01145));
#2254=CARTESIAN_POINT('',(0.0205166687946039,-0.022,0.01145));
#2255=CARTESIAN_POINT('',(0.0205166687946039,-0.022,0.01595));
#2256=CARTESIAN_POINT('',(0.0205166687946039,-0.022,0.01545));
#2257=CARTESIAN_POINT('',(0.0205166687946039,-0.0335,0.01545));
#2258=CARTESIAN_POINT('',(0.0205166687946039,-0.033,0.01545));
#2259=CARTESIAN_POINT('',(0.0205166687946039,-0.033,0.01095));
#2260=CARTESIAN_POINT('',(0.0183229118346844,-0.0335,0.01595));
#2261=CARTESIAN_POINT('',(0.0183229118346844,-0.0335,0.01595));
#2262=CARTESIAN_POINT('',(0.0200166687946039,-0.0335,0.01595));
#2263=CARTESIAN_POINT('',(0.0200166687946039,-0.0335,0.01595));
#2264=CARTESIAN_POINT('',(0.0200166687946039,-0.0217071067811865,0.01595));
#2265=CARTESIAN_POINT('',(0.0171631154040107,-0.0188535533905933,0.01595));
#2266=CARTESIAN_POINT('',(0.0173095620134174,-0.019,0.01595));
#2267=CARTESIAN_POINT('',(0.0183229118346844,-0.019,0.01595));
#2268=CARTESIAN_POINT('',(0.0174993197309982,-0.029496845528167,0.01595));
#2269=CARTESIAN_POINT('',(-0.00280833120539609,-0.0335,0.0321));
#2270=CARTESIAN_POINT('',(0.0200166687946039,-0.0335,0.01595));
#2271=CARTESIAN_POINT('',(-0.0174833312053961,-0.022,0.0166));
#2272=CARTESIAN_POINT('',(-0.0204833312053961,-0.022,0.0166));
#2273=CARTESIAN_POINT('',(-0.0234833312053961,-0.022,0.0166));
#2274=CARTESIAN_POINT('',(-0.0204833312053961,-0.044,0.0166));
#2275=CARTESIAN_POINT('',(-0.0204833312053961,-0.0435,0.0166));
#2276=CARTESIAN_POINT('',(-0.0204833312053961,-0.0435,0.0136));
#2277=CARTESIAN_POINT('',(0.0174993197309982,-0.029496845528167,0.01595));
#2278=CARTESIAN_POINT('',(0.0205166687946039,-0.0215,0.01345));
#2279=CARTESIAN_POINT('',(0.0205166687946039,-0.0215,0.01145));
#2280=CARTESIAN_POINT('',(0.0201631154040107,-0.0211464466094067,0.01145));
#2281=CARTESIAN_POINT('',(0.0178702221851972,-0.0188535533905933,0.01145));
#2282=CARTESIAN_POINT('',(0.0178702221851972,-0.0188535533905933,0.01595));
#2283=CARTESIAN_POINT('',(0.0178702221851972,-0.0188535533905933,0.01545));
#2284=CARTESIAN_POINT('',(0.0205166687946039,-0.0215,0.01545));
#2285=CARTESIAN_POINT('',(0.0201631154040107,-0.0211464466094067,0.01545));
#2286=CARTESIAN_POINT('',(0.0201631154040107,-0.0211464466094067,0.01095));
#2287=CARTESIAN_POINT('',(-0.0204833312053961,-0.019,0.0476));
#2288=CARTESIAN_POINT('',(-0.0249850568049847,-0.019,0.0441857699805068));
#2289=CARTESIAN_POINT('',(-0.0173712454354156,-0.0185,0.0517033428031648));
#2290=CARTESIAN_POINT('',(-0.00498333120539608,-0.0185,0.0680370374565395));
#2291=CARTESIAN_POINT('',(0.0074045830246234,-0.0185,0.0517033428031649));
#2292=CARTESIAN_POINT('',(-0.0409203686619357,-0.0185,0.0321));
#2293=CARTESIAN_POINT('',(-0.0249850568049847,-0.019,0.0200142300194931));
#2294=CARTESIAN_POINT('',(0.0105166687946039,-0.019,0.0476));
#2295=CARTESIAN_POINT('',(0.0146200115977688,-0.0185,0.0444879142300195));
#2296=CARTESIAN_POINT('',(-0.0204833312053961,-0.019,0.0166));
#2297=CARTESIAN_POINT('',(-0.0204833312053961,-0.019,0.01095));
#2298=CARTESIAN_POINT('',(0.0205166687946039,-0.0335,0.01145));
#2299=CARTESIAN_POINT('',(0.0203500021279373,-0.0331666666666666,0.0112833333333333));
#2300=CARTESIAN_POINT('',(0.0200166687946039,-0.0217071067811865,0.01095));
#2301=CARTESIAN_POINT('',(0.0309537062511435,-0.0185,0.0321));
#2302=CARTESIAN_POINT('',(0.0146200115977688,-0.0185,0.0197120857699805));
#2303=CARTESIAN_POINT('',(-0.00498333120539609,-0.0185,0.01145));
#2304=CARTESIAN_POINT('',(0.0172300571422523,-0.0188642766952966,0.0110857233047033));
#2305=CARTESIAN_POINT('',(0.00816311540401064,-0.00985355339059326,0.01095));
#2306=CARTESIAN_POINT('',(0.0200166687946039,-0.0217071067811865,0.01095));
#2307=CARTESIAN_POINT('',(0.0178702221851972,-0.0188535533905933,0.01145));
#2308=CARTESIAN_POINT('',(0.0200166687946039,-0.0217071067811865,0.01095));
#2309=CARTESIAN_POINT('',(0.0203398920993073,-0.0215732233047033,0.01145));
#2310=CARTESIAN_POINT('',(0.0200166687946039,-0.0335,0.0321));
#2311=CARTESIAN_POINT('',(0.0146333354612706,-0.0388833333333333,0.0213333333333333));
#2312=CARTESIAN_POINT('',(0.0105166687946039,-0.019,0.0166));
#2313=CARTESIAN_POINT('',(0.0155366289538084,-0.0185,0.01545));
#2314=CARTESIAN_POINT('',(0.0157408227695453,-0.0186627055269453,0.0156127055269453));
#2315=CARTESIAN_POINT('',(0.0159379075499991,-0.0188296233415689,0.0157796233415689));
#2316=CARTESIAN_POINT('',(0.0161291548747649,-0.019,0.01595));
#2317=CARTESIAN_POINT('',(0.0178702221851972,-0.0188535533905933,0.01145));
#2318=CARTESIAN_POINT('',(0.0178702221851972,-0.0188535533905933,0.01145));
#2319=CARTESIAN_POINT('',(0.0205166687946039,-0.022,0.01345));
#2320=CARTESIAN_POINT('',(0.0201631154040107,-0.0211464466094067,0.01545));
#2321=CARTESIAN_POINT('',(0.0200166687946039,-0.0335,0.01595));
#2322=CARTESIAN_POINT('',(0.0201523920993073,-0.0217866116523516,0.0158142766952966));
#2323=CARTESIAN_POINT('',(0.0183229118346844,-0.019,0.01595));
#2324=CARTESIAN_POINT('',(0.0173095620134174,-0.019,0.01595));
#2325=CARTESIAN_POINT('',(0.0170166687946039,-0.0185,0.0321));
#2326=CARTESIAN_POINT('',(0.0174434454899005,-0.0186767766952966,0.01545));
#2327=CARTESIAN_POINT('',(0.0201631154040107,-0.0211464466094067,0.01545));
#2328=CARTESIAN_POINT('',(0.0201631154040107,-0.0211464466094067,0.01545));
#2329=CARTESIAN_POINT('',(0.0173095620134174,-0.019,0.01595));
#2330=CARTESIAN_POINT('',(0.0173095620134174,-0.019,0.01595));
#2331=CARTESIAN_POINT('',(0.0250662369240509,-0.0267566749106335,0.01595));
#2332=CARTESIAN_POINT('',(-0.0204833312053961,-0.044,0.0166));
#2333=CARTESIAN_POINT('',(0.0105166687946039,-0.0435,0.0166));
#2334=CARTESIAN_POINT('',(0.0105166687946039,-0.044,0.0166));
#2335=CARTESIAN_POINT('',(0.0105166687946039,-0.0435,0.01095));
#2336=CARTESIAN_POINT('',(0.00623540045175032,-0.044,0.0194623838625313));
#2337=CARTESIAN_POINT('',(0.00623029056341641,-0.0438386707516621,0.0197450045258079));
#2338=CARTESIAN_POINT('',(0.00623474779154667,-0.0436716511418719,0.0200240973761636));
#2339=CARTESIAN_POINT('',(0.0062469919427405,-0.0435,0.0203003188485131));
#2340=CARTESIAN_POINT('',(-0.00286316511868663,-0.044,0.0320603977292901));
#2341=CARTESIAN_POINT('',(-0.00185620974735653,-0.0452421132009483,0.0285446603858001));
#2342=CARTESIAN_POINT('',(4.50363278569E-18,-0.043737322515213,0.0285446603858001));
#2343=CARTESIAN_POINT('',(2.60208521396521E-18,-0.0454621008968334,0.0255987915407855));
#2344=CARTESIAN_POINT('',(-0.00498333120539609,-0.0435,0.01095));
#2345=CARTESIAN_POINT('',(-0.0204833312053961,-0.0435,0.01095));
#2346=CARTESIAN_POINT('',(-0.00325,-0.0435,0.02445));
#2347=CARTESIAN_POINT('',(-0.00207723313307564,-0.0420533527616846,0.0285446603858001));
#2348=CARTESIAN_POINT('',(-0.00584711560923474,-0.0447768823944754,0.0186731176055246));
#2349=CARTESIAN_POINT('',(-0.0204833312053961,-0.044,0.0166));
#2350=CARTESIAN_POINT('',(-0.0161938090874905,-0.044,0.01945));
#2351=CARTESIAN_POINT('',(-0.0161047661317529,-0.0438339340312695,0.0196160659687306));
#2352=CARTESIAN_POINT('',(-0.0160181484302381,-0.043667237003754,0.0197827629962461));
#2353=CARTESIAN_POINT('',(-0.0159336059389646,-0.0435,0.01995));
#2354=CARTESIAN_POINT('',(-0.00280833120539609,-0.044,0.01945));
#2355=CARTESIAN_POINT('',(-0.00498333120539609,-0.0185,0.0321));
#2356=CARTESIAN_POINT('',(0.0105166687946039,-0.0185,0.0476));
#2357=CARTESIAN_POINT('',(-0.0204833312053961,-0.0185,0.0476));
#2358=CARTESIAN_POINT('',(0.0105166687946039,-0.0185,0.0166));
#2359=CARTESIAN_POINT('',(-0.0204833312053961,-0.0185,0.0166));
#2360=CARTESIAN_POINT('',(2.20577115776294E-16,-0.0295,0.01095));
#2361=CARTESIAN_POINT('',(0.000745712475448159,-0.0275904416992505,0.029203695073899));
#2362=CARTESIAN_POINT('',(0.000127102981244405,-0.0273435802484942,0.0280769495827076));
#2363=CARTESIAN_POINT('',(-0.000606682470042494,-0.0274320920294772,0.0267404207119318));
#2364=CARTESIAN_POINT('',(-0.00143102121368924,-0.0279947391663652,0.0252389565874378));
#2365=CARTESIAN_POINT('',(-0.00165782649842108,-0.0282492620127046,0.0248258497173615));
#2366=CARTESIAN_POINT('',(-0.00196785836007665,-0.0288364732963874,0.0242611525933774));
#2367=CARTESIAN_POINT('',(-0.00204999999999978,-0.0291679841465558,0.0241115384615387));
#2368=CARTESIAN_POINT('',(-0.00204999999999978,-0.0298320158534441,0.0241115384615387));
#2369=CARTESIAN_POINT('',(-0.00196785836007665,-0.0301635267036126,0.0242611525933774));
#2370=CARTESIAN_POINT('',(-0.00165782649842108,-0.0307507379872953,0.0248258497173615));
#2371=CARTESIAN_POINT('',(-0.00143102121368924,-0.0310052608336347,0.0252389565874378));
#2372=CARTESIAN_POINT('',(-0.000606682470042505,-0.0315679079705228,0.0267404207119318));
#2373=CARTESIAN_POINT('',(0.000127102981244396,-0.0316564197515057,0.0280769495827076));
#2374=CARTESIAN_POINT('',(0.000745712475448159,-0.0314095583007495,0.029203695073899));
#2375=CARTESIAN_POINT('',(0.000456687556793956,-0.0269880382774185,0.0295823366170993));
#2376=CARTESIAN_POINT('',(-0.000357073075733166,-0.0266633000828123,0.0284555911259079));
#2377=CARTESIAN_POINT('',(-0.00132234204132013,-0.0267797331587117,0.0271190648658644));
#2378=CARTESIAN_POINT('',(-0.00240673562619257,-0.0275198790655007,0.0256175968252718));
#2379=CARTESIAN_POINT('',(-0.00270508964546111,-0.0278546949330085,0.0252044912601308));
#2380=CARTESIAN_POINT('',(-0.00311292645660488,-0.028627152241512,0.0246397941370086));
#2381=CARTESIAN_POINT('',(-0.00322098110768849,-0.0290632442687502,0.024490180004739));
#2382=CARTESIAN_POINT('',(-0.00322098110768849,-0.0299367557312498,0.024490180004739));
#2383=CARTESIAN_POINT('',(-0.00311292645660488,-0.030372847758488,0.0246397941370086));
#2384=CARTESIAN_POINT('',(-0.00270508964546111,-0.0311453050669915,0.0252044912601308));
#2385=CARTESIAN_POINT('',(-0.00240673562619257,-0.0314801209344992,0.0256175968252718));
#2386=CARTESIAN_POINT('',(-0.00132234204132014,-0.0322202668412883,0.0271190648658644));
#2387=CARTESIAN_POINT('',(-0.000357073075733178,-0.0323366999171876,0.0284555911259079));
#2388=CARTESIAN_POINT('',(0.000456687556793955,-0.0320119617225815,0.0295823366170993));
#2389=CARTESIAN_POINT('',(-0.000293025442623865,-0.0321860599060975,0.0285446603858001));
#2390=CARTESIAN_POINT('',(-0.000193499705738125,-0.0320967398175821,0.0285446603858001));
#2391=CARTESIAN_POINT('',(-9.5825778087022E-5,-0.0320054400600106,0.0285446603858001));
#2392=CARTESIAN_POINT('',(-1.02075104305486E-7,-0.0319120554227668,0.0285446603858001));
#2393=CARTESIAN_POINT('',(3.19761036225719E-15,-0.031912043360841,0.0285446386544809));
#2394=CARTESIAN_POINT('',(-1.02079481197807E-7,-0.0319120433695713,0.0285446386702098));
#2395=CARTESIAN_POINT('',(-1.48029890585922E-7,-0.0317855041640719,0.0283166593611457));
#2396=CARTESIAN_POINT('',(-1.73898316789841E-17,-0.0316640474025619,0.0280832710508173));
#2397=CARTESIAN_POINT('',(-1.40946282423116E-17,-0.0315483527853817,0.0278454448579306));
#2398=CARTESIAN_POINT('',(-1.03080521549059E-16,-0.0274516472146181,0.0278454448579306));
#2399=CARTESIAN_POINT('',(-9.85552592960996E-17,-0.0273359525974033,0.0280832710508886));
#2400=CARTESIAN_POINT('',(-1.48029875496973E-7,-0.0272144958359023,0.0283166593612179));
#2401=CARTESIAN_POINT('',(-1.02079464298619E-7,-0.0270879566304431,0.0285446386702133));
#2402=CARTESIAN_POINT('',(3.18401717751965E-15,-0.0270879566391734,0.0285446386544844));
#2403=CARTESIAN_POINT('',(2.52234777593156E-9,-0.0270880466203733,0.0285446603858001));
#2404=CARTESIAN_POINT('',(-9.57572972365707E-5,-0.0269946238393346,0.0285446603858001));
#2405=CARTESIAN_POINT('',(-0.000193468925362431,-0.0269032876016428,0.0285446603858001));
#2406=CARTESIAN_POINT('',(-0.000293033826476747,-0.026813932569762,0.0285446603858001));
#2407=CARTESIAN_POINT('',(-0.000456687556793999,-0.0269880382774187,0.0295823366170993));
#2408=CARTESIAN_POINT('',(0.000357073075733137,-0.0266633000828123,0.0284555911259079));
#2409=CARTESIAN_POINT('',(0.00132234204132023,-0.0267797331587115,0.0271190648658643));
#2410=CARTESIAN_POINT('',(0.00240673562619285,-0.0275198790655005,0.0256175968252714));
#2411=CARTESIAN_POINT('',(0.00270508964546145,-0.0278546949330083,0.0252044912601303));
#2412=CARTESIAN_POINT('',(0.0031129264566053,-0.0286271522415119,0.0246397941370081));
#2413=CARTESIAN_POINT('',(0.00322098110768893,-0.0290632442687502,0.0244901800047384));
#2414=CARTESIAN_POINT('',(0.00322098110768893,-0.0299367557312498,0.0244901800047384));
#2415=CARTESIAN_POINT('',(0.0031129264566053,-0.0303728477584881,0.0246397941370081));
#2416=CARTESIAN_POINT('',(0.00270508964546145,-0.0311453050669916,0.0252044912601303));
#2417=CARTESIAN_POINT('',(0.00240673562619285,-0.0314801209344994,0.0256175968252714));
#2418=CARTESIAN_POINT('',(0.00132234204132023,-0.0322202668412885,0.0271190648658643));
#2419=CARTESIAN_POINT('',(0.000357073075733137,-0.0323366999171876,0.0284555911259079));
#2420=CARTESIAN_POINT('',(-0.000456687556793997,-0.0320119617225813,0.0295823366170993));
#2421=CARTESIAN_POINT('',(-0.000745712475448085,-0.0275904416992506,0.0292036950738991));
#2422=CARTESIAN_POINT('',(-0.000127102981244322,-0.0273435802484942,0.0280769495827077));
#2423=CARTESIAN_POINT('',(0.000606682470042675,-0.0274320920294771,0.0267404207119317));
#2424=CARTESIAN_POINT('',(0.00143102121368957,-0.0279947391663651,0.0252389565874373));
#2425=CARTESIAN_POINT('',(0.00165782649842144,-0.0282492620127045,0.024825849717361));
#2426=CARTESIAN_POINT('',(0.00196785836007709,-0.0288364732963873,0.0242611525933769));
#2427=CARTESIAN_POINT('',(0.00205000000000022,-0.0291679841465558,0.0241115384615381));
#2428=CARTESIAN_POINT('',(0.00205000000000022,-0.0298320158534441,0.0241115384615381));
#2429=CARTESIAN_POINT('',(0.00196785836007708,-0.0301635267036126,0.0242611525933769));
#2430=CARTESIAN_POINT('',(0.00165782649842144,-0.0307507379872954,0.024825849717361));
#2431=CARTESIAN_POINT('',(0.00143102121368956,-0.0310052608336348,0.0252389565874373));
#2432=CARTESIAN_POINT('',(0.000606682470042676,-0.0315679079705229,0.0267404207119317));
#2433=CARTESIAN_POINT('',(-0.000127102981244323,-0.0316564197515057,0.0280769495827077));
#2434=CARTESIAN_POINT('',(-0.000745712475448088,-0.0314095583007494,0.0292036950738991));
#2435=CARTESIAN_POINT('',(-2.52234810119222E-9,-0.0319119533796263,0.0285446603858001));
#2436=CARTESIAN_POINT('',(9.57572972360996E-5,-0.0320053761606649,0.0285446603858001));
#2437=CARTESIAN_POINT('',(0.000193468925361809,-0.0320967123983565,0.0285446603858001));
#2438=CARTESIAN_POINT('',(0.000293033826475969,-0.0321860674302373,0.0285446603858001));
#2439=CARTESIAN_POINT('',(0.000293025442623779,-0.0268139400939026,0.0285446603858001));
#2440=CARTESIAN_POINT('',(0.00019349970573222,-0.0269032601824232,0.0285446603858001));
#2441=CARTESIAN_POINT('',(9.58257780755184E-5,-0.0269945599400001,0.0285446603858001));
#2442=CARTESIAN_POINT('',(1.02075087439745E-7,-0.0270879445772497,0.0285446603858001));
#2443=CARTESIAN_POINT('',(-0.000292745276922175,-0.044,0.0285446603858001));
#2444=CARTESIAN_POINT('',(-0.000292745276922175,-0.044,0.0285446603858001));
#2445=CARTESIAN_POINT('',(0.0309537062511435,-0.0225,0.0321));
#2446=CARTESIAN_POINT('',(0.0146200115977688,-0.023,0.0444879142300195));
#2447=CARTESIAN_POINT('',(0.0105166687946039,-0.023,0.0476));
#2448=CARTESIAN_POINT('',(0.0074045830246234,-0.023,0.0517033428031649));
#2449=CARTESIAN_POINT('',(-0.00498333120539608,-0.0225,0.0680370374565395));
#2450=CARTESIAN_POINT('',(-0.0173712454354156,-0.023,0.0517033428031649));
#2451=CARTESIAN_POINT('',(-0.0204833312053961,-0.023,0.0476));
#2452=CARTESIAN_POINT('',(-0.0245866740085609,-0.023,0.0444879142300195));
#2453=CARTESIAN_POINT('',(-0.0409203686619357,-0.0225,0.0321));
#2454=MECHANICAL_DESIGN_GEOMETRIC_PRESENTATION_REPRESENTATION('',(#1314),
#2455);
#2455=(
GEOMETRIC_REPRESENTATION_CONTEXT(3)
GLOBAL_UNCERTAINTY_ASSIGNED_CONTEXT((#2456))
GLOBAL_UNIT_ASSIGNED_CONTEXT((#2459,#2458,#2457))
REPRESENTATION_CONTEXT('extrudeur','TOP_LEVEL_ASSEMBLY_PART')
);
#2456=UNCERTAINTY_MEASURE_WITH_UNIT(LENGTH_MEASURE(2.E-5),#2459,
'DISTANCE_ACCURACY_VALUE','Maximum Tolerance applied to model');
#2457=(
NAMED_UNIT(*)
SI_UNIT($,.STERADIAN.)
SOLID_ANGLE_UNIT()
);
#2458=(
NAMED_UNIT(*)
PLANE_ANGLE_UNIT()
SI_UNIT($,.RADIAN.)
);
#2459=(
LENGTH_UNIT()
NAMED_UNIT(*)
SI_UNIT($,.METRE.)
);
#2460=PRODUCT_DEFINITION_SHAPE('','',#2461);
#2461=PRODUCT_DEFINITION('','',#2463,#2462);
#2462=PRODUCT_DEFINITION_CONTEXT('',#2469,'design');
#2463=PRODUCT_DEFINITION_FORMATION_WITH_SPECIFIED_SOURCE('','',#2465,
 .NOT_KNOWN.);
#2464=PRODUCT_RELATED_PRODUCT_CATEGORY('','',(#2465));
#2465=PRODUCT('extrudeur','extrudeur','extrudeur',(#2467));
#2466=PRODUCT_CATEGORY('','');
#2467=PRODUCT_CONTEXT('',#2469,'mechanical');
#2468=APPLICATION_PROTOCOL_DEFINITION('international standard',
'ap242_managed_model_based_3d_engineering',2020,#2469);
#2469=APPLICATION_CONTEXT('managed model based 3d engineering');
ENDSEC;
END-ISO-10303-21;
