ISO-10303-21;
HEADER;
/* Generated by software containing ST-Developer
 * from STEP Tools, Inc. (www.steptools.com) 
 */
/* OPTION: using custom renumber hook */

FILE_DESCRIPTION(
/* description */ ('STEP AP242 Edition 2',
'CAx-IF Rec.Pracs.---Representation and Presentation of Product Manufa
cturing Information (PMI)---4.0---2014-10-13',
'CAx-IF Rec.Pracs.---3D Tessellated Geometry---0.4---2014-09-14','2;1',
'CAx-IF Rec.Pracs.---User Defined Attributes---1.5---2016-08-15'),
/* implementation_level */ '2;1');

FILE_NAME(
/* name */ 'toolhead v4 - goliath',
/* time_stamp */ '2026-08-19T20:10:39Z',
/* author */ (''),
/* organization */ (''),
/* preprocessor_version */ 'ST-DEVELOPER v20',
/* originating_system */ 'ONSHAPE BY PTC INC, 1.219',
/* authorisation */ '  ');

FILE_SCHEMA (('AP242_MANAGED_MODEL_BASED_3D_ENGINEERING_MIM_LF { 1 0 10303 442 3 1 4 }'));
ENDSEC;

DATA;
#10=SHAPE_REPRESENTATION_RELATIONSHIP('','',#1132,#11);
#11=ADVANCED_BREP_SHAPE_REPRESENTATION('',(#1130),#2368);
#12=CONICAL_SURFACE('',#1207,0.003,0.785398163397449);
#13=CONICAL_SURFACE('',#1211,0.0035,0.78539816339745);
#14=CONICAL_SURFACE('',#1213,0.003,0.785398163397448);
#15=CONICAL_SURFACE('',#1214,0.004,0.785398163397445);
#16=CONICAL_SURFACE('',#1220,0.004,0.78539816339745);
#17=CONICAL_SURFACE('',#1223,0.0035,0.785398163397443);
#18=CONICAL_SURFACE('',#1232,0.00215,0.785398163397448);
#19=CONICAL_SURFACE('',#1233,0.00215,0.785398163397448);
#20=CONICAL_SURFACE('',#1234,0.00215,0.785398163397448);
#21=CONICAL_SURFACE('',#1235,0.00215,0.785398163397448);
#22=B_SPLINE_SURFACE_WITH_KNOTS('',3,1,((#2088,#2089),(#2090,#2091),(#2092,
#2093),(#2094,#2095),(#2096,#2097),(#2098,#2099),(#2100,#2101),(#2102,#2103),
(#2104,#2105),(#2106,#2107),(#2108,#2109),(#2110,#2111),(#2112,#2113),(#2114,
#2115),(#2116,#2117),(#2118,#2119),(#2120,#2121),(#2122,#2123),(#2124,#2125),
(#2126,#2127),(#2128,#2129),(#2130,#2131),(#2132,#2133),(#2134,#2135),(#2136,
#2137),(#2138,#2139),(#2140,#2141),(#2142,#2143),(#2144,#2145),(#2146,#2147),
(#2148,#2149),(#2150,#2151),(#2152,#2153),(#2154,#2155)),.UNSPECIFIED.,
 .F.,.F.,.F.,(4,1,1,1,1,1,1,1,1,1,1,1,1,1,1,1,1,1,1,1,1,1,1,1,1,1,1,1,1,
1,1,4),(2,2),(0.,0.0290118100633171,0.0580236201266342,0.0725295251582927,
0.079782477674122,0.0815957158030793,0.0834089539320366,0.0870354301899513,
0.0942883827057805,0.10154133522161,0.116047240253268,0.130553145284927,
0.145059050316585,0.174070860379903,0.20308267044322,0.232094480506537,
0.464188961013073,0.580236201266342,0.638259821392976,0.69628344151961,
0.754307061646244,0.783318871709561,0.812330681772879,0.826836586804537,
0.834089539320366,0.841342491836196,0.84496896809411,0.848595444352025,
0.855848396867854,0.870354301899513,0.89936611196283,0.928377922026147),
(0.,1.),.UNSPECIFIED.);
#23=B_SPLINE_SURFACE_WITH_KNOTS('',3,1,((#2193,#2194),(#2195,#2196),(#2197,
#2198),(#2199,#2200),(#2201,#2202),(#2203,#2204),(#2205,#2206),(#2207,#2208),
(#2209,#2210),(#2211,#2212),(#2213,#2214),(#2215,#2216),(#2217,#2218),(#2219,
#2220),(#2221,#2222),(#2223,#2224),(#2225,#2226),(#2227,#2228)),
 .SURF_OF_LINEAR_EXTRUSION.,.F.,.F.,.F.,(4,1,1,1,1,1,1,1,1,1,1,1,1,1,1,
4),(2,2),(0.500000209755676,0.623477242445386,0.685215758790242,0.746954275135097,
0.777823533307525,0.808692791479952,0.83956204965238,0.870431307824807,
0.878148622367914,0.885865936911021,0.889724594182575,0.893583251454128,
0.901300565997235,0.916735195083449,0.932169824169663,0.993908340514518),
(0.,1.),.UNSPECIFIED.);
#24=B_SPLINE_SURFACE_WITH_KNOTS('',3,1,((#2252,#2253),(#2254,#2255),(#2256,
#2257),(#2258,#2259),(#2260,#2261),(#2262,#2263),(#2264,#2265),(#2266,#2267),
(#2268,#2269),(#2270,#2271),(#2272,#2273),(#2274,#2275),(#2276,#2277),(#2278,
#2279),(#2280,#2281),(#2282,#2283),(#2284,#2285),(#2286,#2287)),
 .SURF_OF_LINEAR_EXTRUSION.,.F.,.F.,.F.,(4,1,1,1,1,1,1,1,1,1,1,1,1,1,1,
4),(2,2),(0.500000209755669,0.623477242445381,0.685215758790237,0.746954275135093,
0.777823533307522,0.80869279147995,0.839562049652378,0.870431307824806,
0.878148622367913,0.88586593691102,0.889724594182573,0.893583251454127,
0.901300565997234,0.916735195083448,0.932169824169662,0.993908340514518),
(0.,1.),.UNSPECIFIED.);
#25=B_SPLINE_CURVE_WITH_KNOTS('',3,(#1631,#1632,#1633,#1634,#1635,#1636,
#1637,#1638,#1639,#1640,#1641,#1642,#1643,#1644,#1645,#1646,#1647,#1648,
#1649,#1650,#1651,#1652,#1653,#1654,#1655,#1656,#1657,#1658,#1659,#1660,
#1661,#1662,#1663,#1664,#1665,#1666,#1667,#1668,#1669,#1670,#1671,#1672,
#1673,#1674,#1675,#1676,#1677,#1678,#1679,#1680,#1681,#1682,#1683,#1684,
#1685,#1686,#1687,#1688,#1689,#1690,#1691,#1692,#1693,#1694,#1695,#1696,
#1697,#1698,#1699,#1700,#1701,#1702,#1703,#1704,#1705,#1706,#1707,#1708,
#1709,#1710,#1711,#1712,#1713,#1714,#1715,#1716,#1717,#1718,#1719,#1720,
#1721,#1722,#1723,#1724,#1725,#1726,#1727,#1728,#1729,#1730,#1731,#1732,
#1733,#1734,#1735,#1736,#1737,#1738,#1739,#1740,#1741,#1742,#1743,#1744,
#1745,#1746,#1747,#1748,#1749,#1750,#1751,#1752,#1753,#1754,#1755,#1756,
#1757,#1758,#1759,#1760),.UNSPECIFIED.,.F.,.F.,(4,3,3,3,3,3,3,3,3,3,3,3,
3,3,3,3,3,3,3,3,3,3,3,3,3,3,3,3,3,3,3,3,3,3,3,3,3,3,3,3,3,3,3,4),(0.,0.00696550954037221,
0.0140195712768067,0.0210622155821619,0.0279815117891506,0.0347620808646154,
0.0410566931712602,0.0470894545325942,0.0528698858265621,0.0584131757984111,
0.0637363404135403,0.068756612026944,0.0736235758843797,0.07826339246403,
0.0822260643928684,0.0941255844431753,0.0970539819555555,0.0985124611853542,
0.0988600700764546,0.0992057891097555,0.471500568361132,0.657647957986821,
0.750721652799665,0.797258500206087,0.820526923909298,0.826344029835101,
0.828525444557277,0.829386421999307,0.829856375631252,0.843795347612509,
0.849803278276152,0.855859815091717,0.862000457946719,0.868251301566788,
0.874620425623147,0.881340112673522,0.887826814857048,0.894244626926154,
0.900562726456614,0.906780984081386,0.912894373112739,0.918977342763597,
0.92507658792552,0.928377922026147),.UNSPECIFIED.);
#26=B_SPLINE_CURVE_WITH_KNOTS('',3,(#1764,#1765,#1766,#1767,#1768,#1769,
#1770,#1771,#1772,#1773,#1774,#1775,#1776,#1777,#1778,#1779,#1780,#1781,
#1782,#1783),.UNSPECIFIED.,.F.,.F.,(4,3,3,2,3,3,2,4),(0.500000209755676,
0.888415974145872,0.919735673542114,0.935388317398064,0.951040961254013,
0.982317593788018,0.991158796894009,0.993908340514518),.UNSPECIFIED.);
#27=B_SPLINE_CURVE_WITH_KNOTS('',3,(#1785,#1786,#1787,#1788,#1789,#1790,
#1791,#1792,#1793,#1794,#1795,#1796,#1797,#1798,#1799,#1800,#1801,#1802,
#1803,#1804),.UNSPECIFIED.,.F.,.F.,(4,3,3,2,3,3,2,4),(0.500000209755676,
0.888415974145872,0.919735673542114,0.935388317398064,0.951040961254013,
0.982317593788018,0.991158796894009,0.993908340514518),.UNSPECIFIED.);
#28=B_SPLINE_CURVE_WITH_KNOTS('',3,(#1835,#1836,#1837,#1838,#1839,#1840,
#1841,#1842,#1843,#1844,#1845,#1846,#1847,#1848,#1849,#1850,#1851,#1852,
#1853,#1854),.UNSPECIFIED.,.F.,.F.,(4,3,3,2,3,3,2,4),(0.500000209755676,
0.888415974145872,0.919735673542114,0.935388317398064,0.951040961254013,
0.982317593788018,0.991158796894009,0.993908340514518),.UNSPECIFIED.);
#29=B_SPLINE_CURVE_WITH_KNOTS('',3,(#1856,#1857,#1858,#1859,#1860,#1861,
#1862,#1863,#1864,#1865,#1866,#1867,#1868,#1869,#1870,#1871,#1872,#1873,
#1874,#1875),.UNSPECIFIED.,.F.,.F.,(4,3,3,2,3,3,2,4),(0.500000209755676,
0.888415974145872,0.919735673542114,0.935388317398064,0.951040961254013,
0.982317593788018,0.991158796894009,0.993908340514518),.UNSPECIFIED.);
#30=B_SPLINE_CURVE_WITH_KNOTS('',3,(#1879,#1880,#1881,#1882,#1883,#1884,
#1885,#1886,#1887,#1888,#1889,#1890,#1891,#1892,#1893,#1894,#1895,#1896,
#1897,#1898,#1899,#1900,#1901,#1902,#1903,#1904,#1905,#1906,#1907,#1908,
#1909,#1910,#1911,#1912,#1913,#1914,#1915,#1916,#1917,#1918,#1919,#1920,
#1921,#1922,#1923,#1924,#1925,#1926,#1927,#1928,#1929,#1930,#1931,#1932,
#1933,#1934,#1935,#1936,#1937,#1938,#1939,#1940,#1941,#1942,#1943,#1944,
#1945,#1946,#1947,#1948,#1949,#1950,#1951,#1952,#1953,#1954,#1955,#1956,
#1957,#1958,#1959,#1960,#1961,#1962,#1963,#1964,#1965,#1966,#1967,#1968,
#1969,#1970,#1971,#1972,#1973,#1974,#1975,#1976,#1977,#1978,#1979,#1980,
#1981,#1982,#1983,#1984,#1985,#1986,#1987,#1988,#1989,#1990,#1991,#1992,
#1993,#1994,#1995,#1996,#1997,#1998,#1999,#2000,#2001,#2002,#2003,#2004,
#2005,#2006,#2007,#2008),.UNSPECIFIED.,.F.,.F.,(4,3,3,3,3,3,3,3,3,3,3,3,
3,3,3,3,3,3,3,3,3,3,3,3,3,3,3,3,3,3,3,3,3,3,3,3,3,3,3,3,3,3,3,4),(0.,0.00696550954037221,
0.0140195712768067,0.0210622155821619,0.0279815117891506,0.0347620808646154,
0.0410566931712602,0.0470894545325942,0.0528698858265621,0.0584131757984111,
0.0637363404135403,0.068756612026944,0.0736235758843797,0.07826339246403,
0.0822260643928684,0.0941255844431753,0.0970539819555555,0.0985124611853542,
0.0988600700764546,0.0992057891097555,0.471500568361132,0.657647957986821,
0.750721652799665,0.797258500206087,0.820526923909298,0.826344029835101,
0.828525444557277,0.829386421999307,0.829856375631252,0.843795347612509,
0.849803278276152,0.855859815091717,0.862000457946719,0.868251301566788,
0.874620425623147,0.881340112673522,0.887826814857048,0.894244626926154,
0.900562726456614,0.906780984081386,0.912894373112739,0.918977342763597,
0.92507658792552,0.928377922026147),.UNSPECIFIED.);
#31=B_SPLINE_CURVE_WITH_KNOTS('',3,(#2051,#2052,#2053,#2054,#2055,#2056,
#2057,#2058,#2059,#2060,#2061),.UNSPECIFIED.,.T.,.F.,(1,1,1,1,1,1,1,1,1,
1,1,1,1,1,1),(-0.00703373519639222,-0.00468915679759481,-0.0023445783987974,
0.,0.00234457839879741,0.00468915679759481,0.00703373519639222,0.00937831359518963,
0.011722891993987,0.0140674703927844,0.0164120487915818,0.0187566271903793,
0.0211012055891767,0.0234457839879741,0.0257903623867715),.UNSPECIFIED.);
#32=B_SPLINE_CURVE_WITH_KNOTS('',3,(#2064,#2065,#2066,#2067,#2068,#2069,
#2070,#2071,#2072,#2073,#2074),.UNSPECIFIED.,.T.,.F.,(1,1,1,1,1,1,1,1,1,
1,1,1,1,1,1),(-0.00703373519639221,-0.00468915679759481,-0.0023445783987974,
0.,0.0023445783987974,0.00468915679759481,0.00703373519639221,0.00937831359518962,
0.011722891993987,0.0140674703927844,0.0164120487915818,0.0187566271903792,
0.0211012055891766,0.023445783987974,0.0257903623867714),.UNSPECIFIED.);
#33=B_SPLINE_CURVE_WITH_KNOTS('',3,(#2229,#2230,#2231,#2232,#2233,#2234,
#2235,#2236,#2237,#2238,#2239),.UNSPECIFIED.,.T.,.F.,(1,1,1,1,1,1,1,1,1,
1,1,1,1,1,1),(-0.00703373519639219,-0.00468915679759479,-0.0023445783987974,
0.,0.0023445783987974,0.00468915679759479,0.00703373519639219,0.00937831359518958,
0.011722891993987,0.0140674703927844,0.0164120487915818,0.0187566271903792,
0.0211012055891766,0.023445783987974,0.0257903623867714),.UNSPECIFIED.);
#34=B_SPLINE_CURVE_WITH_KNOTS('',3,(#2241,#2242,#2243,#2244,#2245,#2246,
#2247),.UNSPECIFIED.,.F.,.F.,(4,1,1,1,4),(9.56153113593703E-16,0.00178579456392385,
0.00357158912784675,0.00535738369176965,0.00714317825569255),
 .UNSPECIFIED.);
#35=B_SPLINE_CURVE_WITH_KNOTS('',3,(#2288,#2289,#2290,#2291,#2292,#2293,
#2294,#2295,#2296),.UNSPECIFIED.,.F.,.F.,(4,1,1,1,1,1,4),(0.,0.0029038547144439,
0.00435578207166585,0.0058077094288878,0.00725963678610975,0.0087115641433317,
0.0116154188577756),.UNSPECIFIED.);
#36=ELLIPSE('',#1146,0.00424264068711928,0.003);
#37=ELLIPSE('',#1147,0.00424264068711929,0.003);
#38=ELLIPSE('',#1152,0.00424264068711929,0.003);
#39=ELLIPSE('',#1153,0.00424264068711929,0.003);
#40=CYLINDRICAL_SURFACE('',#1144,0.003);
#41=CYLINDRICAL_SURFACE('',#1150,0.003);
#42=CYLINDRICAL_SURFACE('',#1161,0.00165);
#43=CYLINDRICAL_SURFACE('',#1164,0.00165);
#44=CYLINDRICAL_SURFACE('',#1172,0.00165);
#45=CYLINDRICAL_SURFACE('',#1174,0.00165);
#46=CYLINDRICAL_SURFACE('',#1183,0.003);
#47=CYLINDRICAL_SURFACE('',#1184,0.003);
#48=CYLINDRICAL_SURFACE('',#1187,0.0022);
#49=CYLINDRICAL_SURFACE('',#1188,0.004);
#50=CYLINDRICAL_SURFACE('',#1191,0.0022);
#51=CYLINDRICAL_SURFACE('',#1194,0.004);
#52=CYLINDRICAL_SURFACE('',#1236,0.003);
#53=CYLINDRICAL_SURFACE('',#1237,0.003);
#54=CIRCLE('',#1135,0.003);
#55=CIRCLE('',#1136,0.003);
#56=CIRCLE('',#1138,0.00165);
#57=CIRCLE('',#1139,0.003);
#58=CIRCLE('',#1141,0.00165);
#59=CIRCLE('',#1142,0.003);
#60=CIRCLE('',#1145,0.003);
#61=CIRCLE('',#1148,0.003);
#62=CIRCLE('',#1151,0.003);
#63=CIRCLE('',#1154,0.003);
#64=CIRCLE('',#1157,0.0035);
#65=CIRCLE('',#1158,0.0035);
#66=CIRCLE('',#1159,0.0022);
#67=CIRCLE('',#1160,0.0022);
#68=CIRCLE('',#1162,0.00165);
#69=CIRCLE('',#1163,0.00165);
#70=CIRCLE('',#1165,0.00165);
#71=CIRCLE('',#1166,0.00165);
#72=CIRCLE('',#1168,0.0035);
#73=CIRCLE('',#1169,0.0035);
#74=CIRCLE('',#1170,0.0022);
#75=CIRCLE('',#1171,0.0022);
#76=CIRCLE('',#1173,0.00165);
#77=CIRCLE('',#1175,0.00165);
#78=CIRCLE('',#1177,0.00215);
#79=CIRCLE('',#1178,0.0025);
#80=CIRCLE('',#1179,0.0025);
#81=CIRCLE('',#1180,0.00215);
#82=CIRCLE('',#1181,0.00215);
#83=CIRCLE('',#1182,0.00215);
#84=CIRCLE('',#1189,0.004);
#85=CIRCLE('',#1190,0.004);
#86=CIRCLE('',#1195,0.004);
#87=CIRCLE('',#1196,0.004);
#88=CIRCLE('',#1198,0.003);
#89=CIRCLE('',#1199,0.003);
#90=ORIENTED_EDGE('',*,*,#380,.T.);
#91=ORIENTED_EDGE('',*,*,#381,.T.);
#92=ORIENTED_EDGE('',*,*,#382,.T.);
#93=ORIENTED_EDGE('',*,*,#383,.T.);
#94=ORIENTED_EDGE('',*,*,#384,.F.);
#95=ORIENTED_EDGE('',*,*,#385,.T.);
#96=ORIENTED_EDGE('',*,*,#386,.F.);
#97=ORIENTED_EDGE('',*,*,#387,.T.);
#98=ORIENTED_EDGE('',*,*,#388,.F.);
#99=ORIENTED_EDGE('',*,*,#389,.F.);
#100=ORIENTED_EDGE('',*,*,#390,.F.);
#101=ORIENTED_EDGE('',*,*,#391,.F.);
#102=ORIENTED_EDGE('',*,*,#392,.F.);
#103=ORIENTED_EDGE('',*,*,#393,.T.);
#104=ORIENTED_EDGE('',*,*,#394,.T.);
#105=ORIENTED_EDGE('',*,*,#395,.T.);
#106=ORIENTED_EDGE('',*,*,#392,.T.);
#107=ORIENTED_EDGE('',*,*,#396,.T.);
#108=ORIENTED_EDGE('',*,*,#397,.F.);
#109=ORIENTED_EDGE('',*,*,#398,.T.);
#110=ORIENTED_EDGE('',*,*,#384,.T.);
#111=ORIENTED_EDGE('',*,*,#399,.T.);
#112=ORIENTED_EDGE('',*,*,#400,.T.);
#113=ORIENTED_EDGE('',*,*,#401,.F.);
#114=ORIENTED_EDGE('',*,*,#402,.T.);
#115=ORIENTED_EDGE('',*,*,#397,.T.);
#116=ORIENTED_EDGE('',*,*,#403,.T.);
#117=ORIENTED_EDGE('',*,*,#401,.T.);
#118=ORIENTED_EDGE('',*,*,#404,.T.);
#119=ORIENTED_EDGE('',*,*,#405,.F.);
#120=ORIENTED_EDGE('',*,*,#406,.T.);
#121=ORIENTED_EDGE('',*,*,#386,.T.);
#122=ORIENTED_EDGE('',*,*,#407,.T.);
#123=ORIENTED_EDGE('',*,*,#408,.T.);
#124=ORIENTED_EDGE('',*,*,#409,.T.);
#125=ORIENTED_EDGE('',*,*,#410,.T.);
#126=ORIENTED_EDGE('',*,*,#405,.T.);
#127=ORIENTED_EDGE('',*,*,#411,.T.);
#128=ORIENTED_EDGE('',*,*,#412,.T.);
#129=ORIENTED_EDGE('',*,*,#413,.T.);
#130=ORIENTED_EDGE('',*,*,#414,.T.);
#131=ORIENTED_EDGE('',*,*,#415,.T.);
#132=ORIENTED_EDGE('',*,*,#416,.T.);
#133=ORIENTED_EDGE('',*,*,#417,.T.);
#134=ORIENTED_EDGE('',*,*,#418,.T.);
#135=ORIENTED_EDGE('',*,*,#419,.T.);
#136=ORIENTED_EDGE('',*,*,#420,.T.);
#137=ORIENTED_EDGE('',*,*,#421,.T.);
#138=ORIENTED_EDGE('',*,*,#422,.F.);
#139=ORIENTED_EDGE('',*,*,#423,.F.);
#140=ORIENTED_EDGE('',*,*,#424,.F.);
#141=ORIENTED_EDGE('',*,*,#425,.T.);
#142=ORIENTED_EDGE('',*,*,#426,.F.);
#143=ORIENTED_EDGE('',*,*,#427,.F.);
#144=ORIENTED_EDGE('',*,*,#428,.T.);
#145=ORIENTED_EDGE('',*,*,#429,.T.);
#146=ORIENTED_EDGE('',*,*,#430,.T.);
#147=ORIENTED_EDGE('',*,*,#431,.T.);
#148=ORIENTED_EDGE('',*,*,#432,.T.);
#149=ORIENTED_EDGE('',*,*,#433,.T.);
#150=ORIENTED_EDGE('',*,*,#434,.T.);
#151=ORIENTED_EDGE('',*,*,#435,.T.);
#152=ORIENTED_EDGE('',*,*,#436,.T.);
#153=ORIENTED_EDGE('',*,*,#437,.T.);
#154=ORIENTED_EDGE('',*,*,#438,.F.);
#155=ORIENTED_EDGE('',*,*,#439,.F.);
#156=ORIENTED_EDGE('',*,*,#440,.T.);
#157=ORIENTED_EDGE('',*,*,#441,.T.);
#158=ORIENTED_EDGE('',*,*,#442,.T.);
#159=ORIENTED_EDGE('',*,*,#443,.T.);
#160=ORIENTED_EDGE('',*,*,#444,.T.);
#161=ORIENTED_EDGE('',*,*,#445,.T.);
#162=ORIENTED_EDGE('',*,*,#390,.T.);
#163=ORIENTED_EDGE('',*,*,#446,.T.);
#164=ORIENTED_EDGE('',*,*,#388,.T.);
#165=ORIENTED_EDGE('',*,*,#447,.T.);
#166=ORIENTED_EDGE('',*,*,#448,.T.);
#167=ORIENTED_EDGE('',*,*,#449,.T.);
#168=ORIENTED_EDGE('',*,*,#450,.T.);
#169=ORIENTED_EDGE('',*,*,#451,.T.);
#170=ORIENTED_EDGE('',*,*,#452,.T.);
#171=ORIENTED_EDGE('',*,*,#453,.T.);
#172=ORIENTED_EDGE('',*,*,#454,.T.);
#173=ORIENTED_EDGE('',*,*,#455,.T.);
#174=ORIENTED_EDGE('',*,*,#456,.T.);
#175=ORIENTED_EDGE('',*,*,#457,.T.);
#176=ORIENTED_EDGE('',*,*,#458,.T.);
#177=ORIENTED_EDGE('',*,*,#459,.T.);
#178=ORIENTED_EDGE('',*,*,#460,.T.);
#179=ORIENTED_EDGE('',*,*,#461,.T.);
#180=ORIENTED_EDGE('',*,*,#389,.T.);
#181=ORIENTED_EDGE('',*,*,#462,.T.);
#182=ORIENTED_EDGE('',*,*,#391,.T.);
#183=ORIENTED_EDGE('',*,*,#463,.T.);
#184=ORIENTED_EDGE('',*,*,#431,.F.);
#185=ORIENTED_EDGE('',*,*,#408,.F.);
#186=ORIENTED_EDGE('',*,*,#429,.F.);
#187=ORIENTED_EDGE('',*,*,#400,.F.);
#188=ORIENTED_EDGE('',*,*,#427,.T.);
#189=ORIENTED_EDGE('',*,*,#444,.F.);
#190=ORIENTED_EDGE('',*,*,#464,.F.);
#191=ORIENTED_EDGE('',*,*,#465,.T.);
#192=ORIENTED_EDGE('',*,*,#466,.T.);
#193=ORIENTED_EDGE('',*,*,#467,.T.);
#194=ORIENTED_EDGE('',*,*,#463,.F.);
#195=ORIENTED_EDGE('',*,*,#462,.F.);
#196=ORIENTED_EDGE('',*,*,#442,.F.);
#197=ORIENTED_EDGE('',*,*,#468,.F.);
#198=ORIENTED_EDGE('',*,*,#422,.T.);
#199=ORIENTED_EDGE('',*,*,#469,.T.);
#200=ORIENTED_EDGE('',*,*,#426,.T.);
#201=ORIENTED_EDGE('',*,*,#443,.F.);
#202=ORIENTED_EDGE('',*,*,#470,.T.);
#203=ORIENTED_EDGE('',*,*,#471,.T.);
#204=ORIENTED_EDGE('',*,*,#464,.T.);
#205=ORIENTED_EDGE('',*,*,#472,.T.);
#206=ORIENTED_EDGE('',*,*,#473,.T.);
#207=ORIENTED_EDGE('',*,*,#474,.T.);
#208=ORIENTED_EDGE('',*,*,#475,.F.);
#209=ORIENTED_EDGE('',*,*,#476,.T.);
#210=ORIENTED_EDGE('',*,*,#477,.T.);
#211=ORIENTED_EDGE('',*,*,#478,.T.);
#212=ORIENTED_EDGE('',*,*,#479,.F.);
#213=ORIENTED_EDGE('',*,*,#480,.T.);
#214=ORIENTED_EDGE('',*,*,#475,.T.);
#215=ORIENTED_EDGE('',*,*,#481,.T.);
#216=ORIENTED_EDGE('',*,*,#482,.F.);
#217=ORIENTED_EDGE('',*,*,#483,.F.);
#218=ORIENTED_EDGE('',*,*,#466,.F.);
#219=ORIENTED_EDGE('',*,*,#484,.T.);
#220=ORIENTED_EDGE('',*,*,#479,.T.);
#221=ORIENTED_EDGE('',*,*,#485,.T.);
#222=ORIENTED_EDGE('',*,*,#441,.F.);
#223=ORIENTED_EDGE('',*,*,#486,.F.);
#224=ORIENTED_EDGE('',*,*,#423,.T.);
#225=ORIENTED_EDGE('',*,*,#468,.T.);
#226=ORIENTED_EDGE('',*,*,#487,.F.);
#227=ORIENTED_EDGE('',*,*,#488,.F.);
#228=ORIENTED_EDGE('',*,*,#489,.F.);
#229=ORIENTED_EDGE('',*,*,#424,.T.);
#230=ORIENTED_EDGE('',*,*,#486,.T.);
#231=ORIENTED_EDGE('',*,*,#440,.F.);
#232=ORIENTED_EDGE('',*,*,#490,.F.);
#233=ORIENTED_EDGE('',*,*,#489,.T.);
#234=ORIENTED_EDGE('',*,*,#491,.T.);
#235=ORIENTED_EDGE('',*,*,#490,.T.);
#236=ORIENTED_EDGE('',*,*,#439,.T.);
#237=ORIENTED_EDGE('',*,*,#492,.F.);
#238=ORIENTED_EDGE('',*,*,#425,.F.);
#239=ORIENTED_EDGE('',*,*,#438,.T.);
#240=ORIENTED_EDGE('',*,*,#469,.F.);
#241=ORIENTED_EDGE('',*,*,#421,.F.);
#242=ORIENTED_EDGE('',*,*,#492,.T.);
#243=ORIENTED_EDGE('',*,*,#470,.F.);
#244=ORIENTED_EDGE('',*,*,#493,.T.);
#245=ORIENTED_EDGE('',*,*,#394,.F.);
#246=ORIENTED_EDGE('',*,*,#494,.T.);
#247=ORIENTED_EDGE('',*,*,#382,.F.);
#248=ORIENTED_EDGE('',*,*,#495,.T.);
#249=ORIENTED_EDGE('',*,*,#420,.F.);
#250=ORIENTED_EDGE('',*,*,#496,.T.);
#251=ORIENTED_EDGE('',*,*,#409,.F.);
#252=ORIENTED_EDGE('',*,*,#497,.T.);
#253=ORIENTED_EDGE('',*,*,#413,.F.);
#254=ORIENTED_EDGE('',*,*,#498,.T.);
#255=ORIENTED_EDGE('',*,*,#380,.F.);
#256=ORIENTED_EDGE('',*,*,#499,.T.);
#257=ORIENTED_EDGE('',*,*,#495,.F.);
#258=ORIENTED_EDGE('',*,*,#381,.F.);
#259=ORIENTED_EDGE('',*,*,#498,.F.);
#260=ORIENTED_EDGE('',*,*,#412,.F.);
#261=ORIENTED_EDGE('',*,*,#494,.F.);
#262=ORIENTED_EDGE('',*,*,#393,.F.);
#263=ORIENTED_EDGE('',*,*,#399,.F.);
#264=ORIENTED_EDGE('',*,*,#383,.F.);
#265=ORIENTED_EDGE('',*,*,#406,.F.);
#266=ORIENTED_EDGE('',*,*,#410,.F.);
#267=ORIENTED_EDGE('',*,*,#499,.F.);
#268=ORIENTED_EDGE('',*,*,#387,.F.);
#269=ORIENTED_EDGE('',*,*,#500,.F.);
#270=ORIENTED_EDGE('',*,*,#396,.F.);
#271=ORIENTED_EDGE('',*,*,#501,.F.);
#272=ORIENTED_EDGE('',*,*,#455,.F.);
#273=ORIENTED_EDGE('',*,*,#501,.T.);
#274=ORIENTED_EDGE('',*,*,#395,.F.);
#275=ORIENTED_EDGE('',*,*,#502,.F.);
#276=ORIENTED_EDGE('',*,*,#456,.F.);
#277=ORIENTED_EDGE('',*,*,#500,.T.);
#278=ORIENTED_EDGE('',*,*,#454,.F.);
#279=ORIENTED_EDGE('',*,*,#503,.F.);
#280=ORIENTED_EDGE('',*,*,#403,.F.);
#281=ORIENTED_EDGE('',*,*,#496,.F.);
#282=ORIENTED_EDGE('',*,*,#419,.F.);
#283=ORIENTED_EDGE('',*,*,#504,.F.);
#284=ORIENTED_EDGE('',*,*,#471,.F.);
#285=ORIENTED_EDGE('',*,*,#505,.F.);
#286=ORIENTED_EDGE('',*,*,#467,.F.);
#287=ORIENTED_EDGE('',*,*,#506,.F.);
#288=ORIENTED_EDGE('',*,*,#436,.F.);
#289=ORIENTED_EDGE('',*,*,#493,.F.);
#290=ORIENTED_EDGE('',*,*,#474,.F.);
#291=ORIENTED_EDGE('',*,*,#507,.F.);
#292=ORIENTED_EDGE('',*,*,#457,.F.);
#293=ORIENTED_EDGE('',*,*,#502,.T.);
#294=ORIENTED_EDGE('',*,*,#503,.T.);
#295=ORIENTED_EDGE('',*,*,#453,.F.);
#296=ORIENTED_EDGE('',*,*,#508,.F.);
#297=ORIENTED_EDGE('',*,*,#404,.F.);
#298=ORIENTED_EDGE('',*,*,#504,.T.);
#299=ORIENTED_EDGE('',*,*,#418,.F.);
#300=ORIENTED_EDGE('',*,*,#509,.F.);
#301=ORIENTED_EDGE('',*,*,#465,.F.);
#302=ORIENTED_EDGE('',*,*,#506,.T.);
#303=ORIENTED_EDGE('',*,*,#485,.F.);
#304=ORIENTED_EDGE('',*,*,#510,.F.);
#305=ORIENTED_EDGE('',*,*,#437,.F.);
#306=ORIENTED_EDGE('',*,*,#505,.T.);
#307=ORIENTED_EDGE('',*,*,#435,.F.);
#308=ORIENTED_EDGE('',*,*,#511,.F.);
#309=ORIENTED_EDGE('',*,*,#472,.F.);
#310=ORIENTED_EDGE('',*,*,#507,.T.);
#311=ORIENTED_EDGE('',*,*,#473,.F.);
#312=ORIENTED_EDGE('',*,*,#512,.F.);
#313=ORIENTED_EDGE('',*,*,#458,.F.);
#314=ORIENTED_EDGE('',*,*,#508,.T.);
#315=ORIENTED_EDGE('',*,*,#452,.F.);
#316=ORIENTED_EDGE('',*,*,#513,.F.);
#317=ORIENTED_EDGE('',*,*,#411,.F.);
#318=ORIENTED_EDGE('',*,*,#509,.T.);
#319=ORIENTED_EDGE('',*,*,#417,.F.);
#320=ORIENTED_EDGE('',*,*,#514,.F.);
#321=ORIENTED_EDGE('',*,*,#484,.F.);
#322=ORIENTED_EDGE('',*,*,#510,.T.);
#323=ORIENTED_EDGE('',*,*,#481,.F.);
#324=ORIENTED_EDGE('',*,*,#515,.F.);
#325=ORIENTED_EDGE('',*,*,#432,.F.);
#326=ORIENTED_EDGE('',*,*,#512,.T.);
#327=ORIENTED_EDGE('',*,*,#511,.T.);
#328=ORIENTED_EDGE('',*,*,#516,.F.);
#329=ORIENTED_EDGE('',*,*,#513,.T.);
#330=ORIENTED_EDGE('',*,*,#451,.F.);
#331=ORIENTED_EDGE('',*,*,#517,.F.);
#332=ORIENTED_EDGE('',*,*,#497,.F.);
#333=ORIENTED_EDGE('',*,*,#514,.T.);
#334=ORIENTED_EDGE('',*,*,#416,.F.);
#335=ORIENTED_EDGE('',*,*,#518,.F.);
#336=ORIENTED_EDGE('',*,*,#480,.F.);
#337=ORIENTED_EDGE('',*,*,#515,.T.);
#338=ORIENTED_EDGE('',*,*,#478,.F.);
#339=ORIENTED_EDGE('',*,*,#519,.F.);
#340=ORIENTED_EDGE('',*,*,#433,.F.);
#341=ORIENTED_EDGE('',*,*,#516,.T.);
#342=ORIENTED_EDGE('',*,*,#434,.F.);
#343=ORIENTED_EDGE('',*,*,#520,.F.);
#344=ORIENTED_EDGE('',*,*,#448,.F.);
#345=ORIENTED_EDGE('',*,*,#517,.T.);
#346=ORIENTED_EDGE('',*,*,#450,.F.);
#347=ORIENTED_EDGE('',*,*,#521,.F.);
#348=ORIENTED_EDGE('',*,*,#414,.F.);
#349=ORIENTED_EDGE('',*,*,#518,.T.);
#350=ORIENTED_EDGE('',*,*,#415,.F.);
#351=ORIENTED_EDGE('',*,*,#522,.F.);
#352=ORIENTED_EDGE('',*,*,#476,.F.);
#353=ORIENTED_EDGE('',*,*,#520,.T.);
#354=ORIENTED_EDGE('',*,*,#519,.T.);
#355=ORIENTED_EDGE('',*,*,#523,.F.);
#356=ORIENTED_EDGE('',*,*,#522,.T.);
#357=ORIENTED_EDGE('',*,*,#521,.T.);
#358=ORIENTED_EDGE('',*,*,#524,.F.);
#359=ORIENTED_EDGE('',*,*,#523,.T.);
#360=ORIENTED_EDGE('',*,*,#477,.F.);
#361=ORIENTED_EDGE('',*,*,#524,.T.);
#362=ORIENTED_EDGE('',*,*,#449,.F.);
#363=ORIENTED_EDGE('',*,*,#398,.F.);
#364=ORIENTED_EDGE('',*,*,#402,.F.);
#365=ORIENTED_EDGE('',*,*,#407,.F.);
#366=ORIENTED_EDGE('',*,*,#385,.F.);
#367=ORIENTED_EDGE('',*,*,#430,.F.);
#368=ORIENTED_EDGE('',*,*,#447,.F.);
#369=ORIENTED_EDGE('',*,*,#428,.F.);
#370=ORIENTED_EDGE('',*,*,#459,.F.);
#371=ORIENTED_EDGE('',*,*,#446,.F.);
#372=ORIENTED_EDGE('',*,*,#460,.F.);
#373=ORIENTED_EDGE('',*,*,#445,.F.);
#374=ORIENTED_EDGE('',*,*,#461,.F.);
#375=ORIENTED_EDGE('',*,*,#483,.T.);
#376=ORIENTED_EDGE('',*,*,#488,.T.);
#377=ORIENTED_EDGE('',*,*,#491,.F.);
#378=ORIENTED_EDGE('',*,*,#482,.T.);
#379=ORIENTED_EDGE('',*,*,#487,.T.);
#380=EDGE_CURVE('',#525,#526,#622,.F.);
#381=EDGE_CURVE('',#526,#527,#623,.T.);
#382=EDGE_CURVE('',#527,#528,#624,.F.);
#383=EDGE_CURVE('',#528,#529,#625,.T.);
#384=EDGE_CURVE('',#530,#529,#54,.T.);
#385=EDGE_CURVE('',#530,#531,#626,.T.);
#386=EDGE_CURVE('',#532,#531,#55,.T.);
#387=EDGE_CURVE('',#532,#525,#627,.T.);
#388=EDGE_CURVE('',#533,#533,#56,.T.);
#389=EDGE_CURVE('',#534,#534,#57,.F.);
#390=EDGE_CURVE('',#535,#535,#58,.T.);
#391=EDGE_CURVE('',#536,#536,#59,.F.);
#392=EDGE_CURVE('',#537,#538,#628,.T.);
#393=EDGE_CURVE('',#537,#539,#629,.T.);
#394=EDGE_CURVE('',#539,#540,#630,.T.);
#395=EDGE_CURVE('',#540,#538,#631,.T.);
#396=EDGE_CURVE('',#538,#541,#60,.T.);
#397=EDGE_CURVE('',#542,#541,#632,.T.);
#398=EDGE_CURVE('',#542,#530,#36,.T.);
#399=EDGE_CURVE('',#529,#537,#37,.T.);
#400=EDGE_CURVE('',#543,#543,#61,.F.);
#401=EDGE_CURVE('',#544,#545,#633,.T.);
#402=EDGE_CURVE('',#544,#542,#634,.T.);
#403=EDGE_CURVE('',#541,#545,#635,.T.);
#404=EDGE_CURVE('',#545,#546,#62,.T.);
#405=EDGE_CURVE('',#547,#546,#636,.T.);
#406=EDGE_CURVE('',#547,#532,#38,.T.);
#407=EDGE_CURVE('',#531,#544,#39,.T.);
#408=EDGE_CURVE('',#548,#548,#63,.F.);
#409=EDGE_CURVE('',#549,#550,#637,.T.);
#410=EDGE_CURVE('',#550,#547,#638,.T.);
#411=EDGE_CURVE('',#546,#549,#639,.T.);
#412=EDGE_CURVE('',#551,#552,#640,.T.);
#413=EDGE_CURVE('',#552,#553,#641,.T.);
#414=EDGE_CURVE('',#553,#554,#642,.T.);
#415=EDGE_CURVE('',#554,#555,#643,.T.);
#416=EDGE_CURVE('',#555,#556,#64,.F.);
#417=EDGE_CURVE('',#556,#557,#644,.T.);
#418=EDGE_CURVE('',#557,#558,#65,.F.);
#419=EDGE_CURVE('',#558,#559,#645,.T.);
#420=EDGE_CURVE('',#559,#551,#646,.T.);
#421=EDGE_CURVE('',#560,#561,#647,.T.);
#422=EDGE_CURVE('',#562,#561,#25,.T.);
#423=EDGE_CURVE('',#563,#562,#648,.T.);
#424=EDGE_CURVE('',#564,#563,#26,.T.);
#425=EDGE_CURVE('',#564,#560,#27,.T.);
#426=EDGE_CURVE('',#565,#565,#66,.T.);
#427=EDGE_CURVE('',#566,#566,#67,.T.);
#428=EDGE_CURVE('',#567,#567,#68,.F.);
#429=EDGE_CURVE('',#568,#568,#69,.T.);
#430=EDGE_CURVE('',#569,#569,#70,.F.);
#431=EDGE_CURVE('',#570,#570,#71,.T.);
#432=EDGE_CURVE('',#571,#572,#72,.T.);
#433=EDGE_CURVE('',#572,#573,#649,.T.);
#434=EDGE_CURVE('',#573,#574,#650,.T.);
#435=EDGE_CURVE('',#574,#575,#651,.T.);
#436=EDGE_CURVE('',#575,#576,#73,.T.);
#437=EDGE_CURVE('',#576,#571,#652,.T.);
#438=EDGE_CURVE('',#577,#578,#653,.T.);
#439=EDGE_CURVE('',#579,#577,#28,.T.);
#440=EDGE_CURVE('',#579,#580,#29,.T.);
#441=EDGE_CURVE('',#580,#581,#654,.T.);
#442=EDGE_CURVE('',#581,#578,#30,.T.);
#443=EDGE_CURVE('',#582,#582,#74,.T.);
#444=EDGE_CURVE('',#583,#583,#75,.T.);
#445=EDGE_CURVE('',#584,#584,#76,.F.);
#446=EDGE_CURVE('',#585,#585,#77,.F.);
#447=EDGE_CURVE('',#586,#586,#78,.T.);
#448=EDGE_CURVE('',#587,#588,#655,.T.);
#449=EDGE_CURVE('',#588,#589,#656,.T.);
#450=EDGE_CURVE('',#589,#590,#657,.T.);
#451=EDGE_CURVE('',#590,#591,#658,.T.);
#452=EDGE_CURVE('',#591,#592,#659,.T.);
#453=EDGE_CURVE('',#592,#593,#79,.F.);
#454=EDGE_CURVE('',#593,#594,#660,.T.);
#455=EDGE_CURVE('',#594,#595,#80,.F.);
#456=EDGE_CURVE('',#595,#596,#661,.T.);
#457=EDGE_CURVE('',#596,#597,#662,.T.);
#458=EDGE_CURVE('',#597,#587,#663,.T.);
#459=EDGE_CURVE('',#598,#598,#81,.T.);
#460=EDGE_CURVE('',#599,#599,#82,.T.);
#461=EDGE_CURVE('',#600,#600,#83,.T.);
#462=EDGE_CURVE('',#601,#601,#31,.T.);
#463=EDGE_CURVE('',#602,#602,#32,.T.);
#464=EDGE_CURVE('',#603,#604,#664,.T.);
#465=EDGE_CURVE('',#603,#605,#84,.T.);
#466=EDGE_CURVE('',#605,#606,#665,.T.);
#467=EDGE_CURVE('',#606,#604,#85,.F.);
#468=EDGE_CURVE('',#562,#581,#666,.T.);
#469=EDGE_CURVE('',#561,#578,#667,.T.);
#470=EDGE_CURVE('',#607,#608,#668,.F.);
#471=EDGE_CURVE('',#608,#603,#669,.T.);
#472=EDGE_CURVE('',#604,#609,#670,.T.);
#473=EDGE_CURVE('',#609,#610,#671,.T.);
#474=EDGE_CURVE('',#610,#607,#672,.T.);
#475=EDGE_CURVE('',#611,#612,#673,.T.);
#476=EDGE_CURVE('',#611,#613,#674,.T.);
#477=EDGE_CURVE('',#613,#614,#675,.T.);
#478=EDGE_CURVE('',#614,#612,#676,.T.);
#479=EDGE_CURVE('',#615,#616,#677,.T.);
#480=EDGE_CURVE('',#615,#611,#86,.T.);
#481=EDGE_CURVE('',#612,#616,#87,.F.);
#482=EDGE_CURVE('',#617,#617,#88,.T.);
#483=EDGE_CURVE('',#618,#618,#89,.T.);
#484=EDGE_CURVE('',#605,#615,#678,.T.);
#485=EDGE_CURVE('',#616,#606,#679,.T.);
#486=EDGE_CURVE('',#563,#580,#680,.T.);
#487=EDGE_CURVE('',#619,#619,#33,.T.);
#488=EDGE_CURVE('',#620,#621,#34,.T.);
#489=EDGE_CURVE('',#564,#620,#681,.T.);
#490=EDGE_CURVE('',#621,#579,#682,.T.);
#491=EDGE_CURVE('',#620,#621,#35,.T.);
#492=EDGE_CURVE('',#560,#577,#683,.T.);
#493=EDGE_CURVE('',#607,#540,#684,.F.);
#494=EDGE_CURVE('',#539,#528,#685,.F.);
#495=EDGE_CURVE('',#527,#551,#686,.F.);
#496=EDGE_CURVE('',#559,#608,#687,.F.);
#497=EDGE_CURVE('',#549,#553,#688,.F.);
#498=EDGE_CURVE('',#552,#526,#689,.F.);
#499=EDGE_CURVE('',#525,#550,#690,.F.);
#500=EDGE_CURVE('',#541,#594,#691,.T.);
#501=EDGE_CURVE('',#595,#538,#692,.T.);
#502=EDGE_CURVE('',#596,#540,#693,.F.);
#503=EDGE_CURVE('',#545,#593,#694,.T.);
#504=EDGE_CURVE('',#603,#558,#695,.T.);
#505=EDGE_CURVE('',#604,#575,#696,.T.);
#506=EDGE_CURVE('',#576,#606,#697,.T.);
#507=EDGE_CURVE('',#597,#610,#698,.T.);
#508=EDGE_CURVE('',#546,#592,#699,.T.);
#509=EDGE_CURVE('',#605,#557,#700,.T.);
#510=EDGE_CURVE('',#571,#616,#701,.T.);
#511=EDGE_CURVE('',#609,#574,#702,.F.);
#512=EDGE_CURVE('',#587,#609,#703,.T.);
#513=EDGE_CURVE('',#549,#591,#704,.T.);
#514=EDGE_CURVE('',#615,#556,#705,.T.);
#515=EDGE_CURVE('',#572,#612,#706,.T.);
#516=EDGE_CURVE('',#587,#574,#707,.F.);
#517=EDGE_CURVE('',#553,#590,#708,.T.);
#518=EDGE_CURVE('',#611,#555,#709,.T.);
#519=EDGE_CURVE('',#573,#614,#710,.F.);
#520=EDGE_CURVE('',#588,#573,#711,.T.);
#521=EDGE_CURVE('',#554,#589,#712,.F.);
#522=EDGE_CURVE('',#613,#554,#713,.T.);
#523=EDGE_CURVE('',#588,#614,#714,.F.);
#524=EDGE_CURVE('',#613,#589,#715,.F.);
#525=VERTEX_POINT('',#1545);
#526=VERTEX_POINT('',#1546);
#527=VERTEX_POINT('',#1548);
#528=VERTEX_POINT('',#1550);
#529=VERTEX_POINT('',#1552);
#530=VERTEX_POINT('',#1554);
#531=VERTEX_POINT('',#1556);
#532=VERTEX_POINT('',#1558);
#533=VERTEX_POINT('',#1562);
#534=VERTEX_POINT('',#1564);
#535=VERTEX_POINT('',#1567);
#536=VERTEX_POINT('',#1569);
#537=VERTEX_POINT('',#1572);
#538=VERTEX_POINT('',#1573);
#539=VERTEX_POINT('',#1575);
#540=VERTEX_POINT('',#1577);
#541=VERTEX_POINT('',#1581);
#542=VERTEX_POINT('',#1583);
#543=VERTEX_POINT('',#1587);
#544=VERTEX_POINT('',#1590);
#545=VERTEX_POINT('',#1591);
#546=VERTEX_POINT('',#1596);
#547=VERTEX_POINT('',#1598);
#548=VERTEX_POINT('',#1602);
#549=VERTEX_POINT('',#1605);
#550=VERTEX_POINT('',#1606);
#551=VERTEX_POINT('',#1611);
#552=VERTEX_POINT('',#1612);
#553=VERTEX_POINT('',#1614);
#554=VERTEX_POINT('',#1616);
#555=VERTEX_POINT('',#1618);
#556=VERTEX_POINT('',#1620);
#557=VERTEX_POINT('',#1622);
#558=VERTEX_POINT('',#1624);
#559=VERTEX_POINT('',#1626);
#560=VERTEX_POINT('',#1629);
#561=VERTEX_POINT('',#1630);
#562=VERTEX_POINT('',#1761);
#563=VERTEX_POINT('',#1763);
#564=VERTEX_POINT('',#1784);
#565=VERTEX_POINT('',#1806);
#566=VERTEX_POINT('',#1808);
#567=VERTEX_POINT('',#1811);
#568=VERTEX_POINT('',#1813);
#569=VERTEX_POINT('',#1816);
#570=VERTEX_POINT('',#1818);
#571=VERTEX_POINT('',#1821);
#572=VERTEX_POINT('',#1822);
#573=VERTEX_POINT('',#1824);
#574=VERTEX_POINT('',#1826);
#575=VERTEX_POINT('',#1828);
#576=VERTEX_POINT('',#1830);
#577=VERTEX_POINT('',#1833);
#578=VERTEX_POINT('',#1834);
#579=VERTEX_POINT('',#1855);
#580=VERTEX_POINT('',#1876);
#581=VERTEX_POINT('',#1878);
#582=VERTEX_POINT('',#2010);
#583=VERTEX_POINT('',#2012);
#584=VERTEX_POINT('',#2015);
#585=VERTEX_POINT('',#2018);
#586=VERTEX_POINT('',#2021);
#587=VERTEX_POINT('',#2023);
#588=VERTEX_POINT('',#2024);
#589=VERTEX_POINT('',#2026);
#590=VERTEX_POINT('',#2028);
#591=VERTEX_POINT('',#2030);
#592=VERTEX_POINT('',#2032);
#593=VERTEX_POINT('',#2034);
#594=VERTEX_POINT('',#2036);
#595=VERTEX_POINT('',#2038);
#596=VERTEX_POINT('',#2040);
#597=VERTEX_POINT('',#2042);
#598=VERTEX_POINT('',#2045);
#599=VERTEX_POINT('',#2047);
#600=VERTEX_POINT('',#2049);
#601=VERTEX_POINT('',#2062);
#602=VERTEX_POINT('',#2075);
#603=VERTEX_POINT('',#2081);
#604=VERTEX_POINT('',#2082);
#605=VERTEX_POINT('',#2084);
#606=VERTEX_POINT('',#2086);
#607=VERTEX_POINT('',#2161);
#608=VERTEX_POINT('',#2162);
#609=VERTEX_POINT('',#2165);
#610=VERTEX_POINT('',#2167);
#611=VERTEX_POINT('',#2171);
#612=VERTEX_POINT('',#2172);
#613=VERTEX_POINT('',#2174);
#614=VERTEX_POINT('',#2176);
#615=VERTEX_POINT('',#2180);
#616=VERTEX_POINT('',#2181);
#617=VERTEX_POINT('',#2186);
#618=VERTEX_POINT('',#2188);
#619=VERTEX_POINT('',#2240);
#620=VERTEX_POINT('',#2248);
#621=VERTEX_POINT('',#2249);
#622=LINE('',#1544,#716);
#623=LINE('',#1547,#717);
#624=LINE('',#1549,#718);
#625=LINE('',#1551,#719);
#626=LINE('',#1555,#720);
#627=LINE('',#1559,#721);
#628=LINE('',#1571,#722);
#629=LINE('',#1574,#723);
#630=LINE('',#1576,#724);
#631=LINE('',#1578,#725);
#632=LINE('',#1582,#726);
#633=LINE('',#1589,#727);
#634=LINE('',#1592,#728);
#635=LINE('',#1593,#729);
#636=LINE('',#1597,#730);
#637=LINE('',#1604,#731);
#638=LINE('',#1607,#732);
#639=LINE('',#1608,#733);
#640=LINE('',#1610,#734);
#641=LINE('',#1613,#735);
#642=LINE('',#1615,#736);
#643=LINE('',#1617,#737);
#644=LINE('',#1621,#738);
#645=LINE('',#1625,#739);
#646=LINE('',#1627,#740);
#647=LINE('',#1628,#741);
#648=LINE('',#1762,#742);
#649=LINE('',#1823,#743);
#650=LINE('',#1825,#744);
#651=LINE('',#1827,#745);
#652=LINE('',#1831,#746);
#653=LINE('',#1832,#747);
#654=LINE('',#1877,#748);
#655=LINE('',#2022,#749);
#656=LINE('',#2025,#750);
#657=LINE('',#2027,#751);
#658=LINE('',#2029,#752);
#659=LINE('',#2031,#753);
#660=LINE('',#2035,#754);
#661=LINE('',#2039,#755);
#662=LINE('',#2041,#756);
#663=LINE('',#2043,#757);
#664=LINE('',#2080,#758);
#665=LINE('',#2085,#759);
#666=LINE('',#2156,#760);
#667=LINE('',#2157,#761);
#668=LINE('',#2160,#762);
#669=LINE('',#2163,#763);
#670=LINE('',#2164,#764);
#671=LINE('',#2166,#765);
#672=LINE('',#2168,#766);
#673=LINE('',#2170,#767);
#674=LINE('',#2173,#768);
#675=LINE('',#2175,#769);
#676=LINE('',#2177,#770);
#677=LINE('',#2179,#771);
#678=LINE('',#2189,#772);
#679=LINE('',#2190,#773);
#680=LINE('',#2192,#774);
#681=LINE('',#2250,#775);
#682=LINE('',#2251,#776);
#683=LINE('',#2297,#777);
#684=LINE('',#2300,#778);
#685=LINE('',#2301,#779);
#686=LINE('',#2302,#780);
#687=LINE('',#2303,#781);
#688=LINE('',#2305,#782);
#689=LINE('',#2306,#783);
#690=LINE('',#2307,#784);
#691=LINE('',#2312,#785);
#692=LINE('',#2313,#786);
#693=LINE('',#2315,#787);
#694=LINE('',#2317,#788);
#695=LINE('',#2319,#789);
#696=LINE('',#2321,#790);
#697=LINE('',#2322,#791);
#698=LINE('',#2324,#792);
#699=LINE('',#2326,#793);
#700=LINE('',#2328,#794);
#701=LINE('',#2330,#795);
#702=LINE('',#2332,#796);
#703=LINE('',#2334,#797);
#704=LINE('',#2336,#798);
#705=LINE('',#2338,#799);
#706=LINE('',#2340,#800);
#707=LINE('',#2342,#801);
#708=LINE('',#2344,#802);
#709=LINE('',#2346,#803);
#710=LINE('',#2348,#804);
#711=LINE('',#2350,#805);
#712=LINE('',#2352,#806);
#713=LINE('',#2354,#807);
#714=LINE('',#2356,#808);
#715=LINE('',#2358,#809);
#716=VECTOR('',#1242,1.);
#717=VECTOR('',#1243,1.);
#718=VECTOR('',#1244,1.);
#719=VECTOR('',#1245,1.);
#720=VECTOR('',#1248,1.);
#721=VECTOR('',#1251,1.);
#722=VECTOR('',#1266,1.);
#723=VECTOR('',#1267,1.);
#724=VECTOR('',#1268,1.);
#725=VECTOR('',#1269,1.);
#726=VECTOR('',#1274,1.);
#727=VECTOR('',#1283,1.);
#728=VECTOR('',#1284,1.);
#729=VECTOR('',#1285,1.);
#730=VECTOR('',#1290,1.);
#731=VECTOR('',#1299,1.);
#732=VECTOR('',#1300,1.);
#733=VECTOR('',#1301,1.);
#734=VECTOR('',#1304,1.);
#735=VECTOR('',#1305,1.);
#736=VECTOR('',#1306,1.);
#737=VECTOR('',#1307,1.);
#738=VECTOR('',#1310,1.);
#739=VECTOR('',#1313,1.);
#740=VECTOR('',#1314,1.);
#741=VECTOR('',#1315,1.);
#742=VECTOR('',#1316,1.);
#743=VECTOR('',#1337,1.);
#744=VECTOR('',#1338,1.);
#745=VECTOR('',#1339,1.);
#746=VECTOR('',#1342,1.);
#747=VECTOR('',#1343,1.);
#748=VECTOR('',#1344,1.);
#749=VECTOR('',#1361,1.);
#750=VECTOR('',#1362,1.);
#751=VECTOR('',#1363,1.);
#752=VECTOR('',#1364,1.);
#753=VECTOR('',#1365,1.);
#754=VECTOR('',#1368,1.);
#755=VECTOR('',#1371,1.);
#756=VECTOR('',#1372,1.);
#757=VECTOR('',#1373,1.);
#758=VECTOR('',#1392,1.);
#759=VECTOR('',#1395,1.);
#760=VECTOR('',#1398,1.);
#761=VECTOR('',#1399,1.);
#762=VECTOR('',#1404,1.);
#763=VECTOR('',#1405,1.);
#764=VECTOR('',#1406,1.);
#765=VECTOR('',#1407,1.);
#766=VECTOR('',#1408,1.);
#767=VECTOR('',#1411,1.);
#768=VECTOR('',#1412,1.);
#769=VECTOR('',#1413,1.);
#770=VECTOR('',#1414,1.);
#771=VECTOR('',#1417,1.);
#772=VECTOR('',#1428,1.);
#773=VECTOR('',#1429,1.);
#774=VECTOR('',#1432,1.);
#775=VECTOR('',#1433,1.);
#776=VECTOR('',#1434,1.);
#777=VECTOR('',#1435,1.);
#778=VECTOR('',#1440,1.);
#779=VECTOR('',#1441,1.);
#780=VECTOR('',#1442,1.);
#781=VECTOR('',#1443,1.);
#782=VECTOR('',#1446,1.);
#783=VECTOR('',#1447,1.);
#784=VECTOR('',#1448,1.);
#785=VECTOR('',#1457,1.);
#786=VECTOR('',#1458,1.);
#787=VECTOR('',#1461,1.);
#788=VECTOR('',#1464,1.);
#789=VECTOR('',#1467,1.);
#790=VECTOR('',#1470,1.);
#791=VECTOR('',#1471,1.);
#792=VECTOR('',#1474,1.);
#793=VECTOR('',#1477,1.);
#794=VECTOR('',#1480,1.);
#795=VECTOR('',#1483,1.);
#796=VECTOR('',#1486,1.);
#797=VECTOR('',#1489,1.);
#798=VECTOR('',#1492,1.);
#799=VECTOR('',#1495,1.);
#800=VECTOR('',#1498,1.);
#801=VECTOR('',#1501,1.);
#802=VECTOR('',#1504,1.);
#803=VECTOR('',#1507,1.);
#804=VECTOR('',#1510,1.);
#805=VECTOR('',#1513,1.);
#806=VECTOR('',#1516,1.);
#807=VECTOR('',#1519,1.);
#808=VECTOR('',#1522,1.);
#809=VECTOR('',#1525,1.);
#810=EDGE_LOOP('',(#90,#91,#92,#93,#94,#95,#96,#97));
#811=EDGE_LOOP('',(#98));
#812=EDGE_LOOP('',(#99));
#813=EDGE_LOOP('',(#100));
#814=EDGE_LOOP('',(#101));
#815=EDGE_LOOP('',(#102,#103,#104,#105));
#816=EDGE_LOOP('',(#106,#107,#108,#109,#110,#111));
#817=EDGE_LOOP('',(#112));
#818=EDGE_LOOP('',(#113,#114,#115,#116));
#819=EDGE_LOOP('',(#117,#118,#119,#120,#121,#122));
#820=EDGE_LOOP('',(#123));
#821=EDGE_LOOP('',(#124,#125,#126,#127));
#822=EDGE_LOOP('',(#128,#129,#130,#131,#132,#133,#134,#135,#136));
#823=EDGE_LOOP('',(#137,#138,#139,#140,#141));
#824=EDGE_LOOP('',(#142));
#825=EDGE_LOOP('',(#143));
#826=EDGE_LOOP('',(#144));
#827=EDGE_LOOP('',(#145));
#828=EDGE_LOOP('',(#146));
#829=EDGE_LOOP('',(#147));
#830=EDGE_LOOP('',(#148,#149,#150,#151,#152,#153));
#831=EDGE_LOOP('',(#154,#155,#156,#157,#158));
#832=EDGE_LOOP('',(#159));
#833=EDGE_LOOP('',(#160));
#834=EDGE_LOOP('',(#161));
#835=EDGE_LOOP('',(#162));
#836=EDGE_LOOP('',(#163));
#837=EDGE_LOOP('',(#164));
#838=EDGE_LOOP('',(#165));
#839=EDGE_LOOP('',(#166,#167,#168,#169,#170,#171,#172,#173,#174,#175,#176));
#840=EDGE_LOOP('',(#177));
#841=EDGE_LOOP('',(#178));
#842=EDGE_LOOP('',(#179));
#843=EDGE_LOOP('',(#180));
#844=EDGE_LOOP('',(#181));
#845=EDGE_LOOP('',(#182));
#846=EDGE_LOOP('',(#183));
#847=EDGE_LOOP('',(#184));
#848=EDGE_LOOP('',(#185));
#849=EDGE_LOOP('',(#186));
#850=EDGE_LOOP('',(#187));
#851=EDGE_LOOP('',(#188));
#852=EDGE_LOOP('',(#189));
#853=EDGE_LOOP('',(#190,#191,#192,#193));
#854=EDGE_LOOP('',(#194));
#855=EDGE_LOOP('',(#195));
#856=EDGE_LOOP('',(#196,#197,#198,#199));
#857=EDGE_LOOP('',(#200));
#858=EDGE_LOOP('',(#201));
#859=EDGE_LOOP('',(#202,#203,#204,#205,#206,#207));
#860=EDGE_LOOP('',(#208,#209,#210,#211));
#861=EDGE_LOOP('',(#212,#213,#214,#215));
#862=EDGE_LOOP('',(#216));
#863=EDGE_LOOP('',(#217));
#864=EDGE_LOOP('',(#218,#219,#220,#221));
#865=EDGE_LOOP('',(#222,#223,#224,#225));
#866=EDGE_LOOP('',(#226));
#867=EDGE_LOOP('',(#227,#228,#229,#230,#231,#232));
#868=EDGE_LOOP('',(#233,#234,#235,#236,#237,#238));
#869=EDGE_LOOP('',(#239,#240,#241,#242));
#870=EDGE_LOOP('',(#243,#244,#245,#246,#247,#248,#249,#250));
#871=EDGE_LOOP('',(#251,#252,#253,#254,#255,#256));
#872=EDGE_LOOP('',(#257,#258,#259,#260));
#873=EDGE_LOOP('',(#261,#262,#263,#264));
#874=EDGE_LOOP('',(#265,#266,#267,#268));
#875=EDGE_LOOP('',(#269,#270,#271,#272));
#876=EDGE_LOOP('',(#273,#274,#275,#276));
#877=EDGE_LOOP('',(#277,#278,#279,#280));
#878=EDGE_LOOP('',(#281,#282,#283,#284));
#879=EDGE_LOOP('',(#285,#286,#287,#288));
#880=EDGE_LOOP('',(#289,#290,#291,#292,#293));
#881=EDGE_LOOP('',(#294,#295,#296,#297));
#882=EDGE_LOOP('',(#298,#299,#300,#301));
#883=EDGE_LOOP('',(#302,#303,#304,#305));
#884=EDGE_LOOP('',(#306,#307,#308,#309));
#885=EDGE_LOOP('',(#310,#311,#312,#313));
#886=EDGE_LOOP('',(#314,#315,#316,#317));
#887=EDGE_LOOP('',(#318,#319,#320,#321));
#888=EDGE_LOOP('',(#322,#323,#324,#325));
#889=EDGE_LOOP('',(#326,#327,#328));
#890=EDGE_LOOP('',(#329,#330,#331,#332));
#891=EDGE_LOOP('',(#333,#334,#335,#336));
#892=EDGE_LOOP('',(#337,#338,#339,#340));
#893=EDGE_LOOP('',(#341,#342,#343,#344));
#894=EDGE_LOOP('',(#345,#346,#347,#348));
#895=EDGE_LOOP('',(#349,#350,#351,#352));
#896=EDGE_LOOP('',(#353,#354,#355));
#897=EDGE_LOOP('',(#356,#357,#358));
#898=EDGE_LOOP('',(#359,#360,#361,#362));
#899=EDGE_LOOP('',(#363,#364,#365,#366));
#900=EDGE_LOOP('',(#367));
#901=EDGE_LOOP('',(#368));
#902=EDGE_LOOP('',(#369));
#903=EDGE_LOOP('',(#370));
#904=EDGE_LOOP('',(#371));
#905=EDGE_LOOP('',(#372));
#906=EDGE_LOOP('',(#373));
#907=EDGE_LOOP('',(#374));
#908=EDGE_LOOP('',(#375));
#909=EDGE_LOOP('',(#376,#377));
#910=EDGE_LOOP('',(#378));
#911=EDGE_LOOP('',(#379));
#912=FACE_BOUND('',#810,.T.);
#913=FACE_BOUND('',#811,.T.);
#914=FACE_BOUND('',#812,.T.);
#915=FACE_BOUND('',#813,.T.);
#916=FACE_BOUND('',#814,.T.);
#917=FACE_BOUND('',#815,.T.);
#918=FACE_BOUND('',#816,.T.);
#919=FACE_BOUND('',#817,.T.);
#920=FACE_BOUND('',#818,.T.);
#921=FACE_BOUND('',#819,.T.);
#922=FACE_BOUND('',#820,.T.);
#923=FACE_BOUND('',#821,.T.);
#924=FACE_BOUND('',#822,.T.);
#925=FACE_BOUND('',#823,.T.);
#926=FACE_BOUND('',#824,.T.);
#927=FACE_BOUND('',#825,.T.);
#928=FACE_BOUND('',#826,.T.);
#929=FACE_BOUND('',#827,.T.);
#930=FACE_BOUND('',#828,.T.);
#931=FACE_BOUND('',#829,.T.);
#932=FACE_BOUND('',#830,.T.);
#933=FACE_BOUND('',#831,.T.);
#934=FACE_BOUND('',#832,.T.);
#935=FACE_BOUND('',#833,.T.);
#936=FACE_BOUND('',#834,.T.);
#937=FACE_BOUND('',#835,.T.);
#938=FACE_BOUND('',#836,.T.);
#939=FACE_BOUND('',#837,.T.);
#940=FACE_BOUND('',#838,.T.);
#941=FACE_BOUND('',#839,.T.);
#942=FACE_BOUND('',#840,.T.);
#943=FACE_BOUND('',#841,.T.);
#944=FACE_BOUND('',#842,.T.);
#945=FACE_BOUND('',#843,.T.);
#946=FACE_BOUND('',#844,.T.);
#947=FACE_BOUND('',#845,.T.);
#948=FACE_BOUND('',#846,.T.);
#949=FACE_BOUND('',#847,.T.);
#950=FACE_BOUND('',#848,.T.);
#951=FACE_BOUND('',#849,.T.);
#952=FACE_BOUND('',#850,.T.);
#953=FACE_BOUND('',#851,.T.);
#954=FACE_BOUND('',#852,.T.);
#955=FACE_BOUND('',#853,.T.);
#956=FACE_BOUND('',#854,.T.);
#957=FACE_BOUND('',#855,.T.);
#958=FACE_BOUND('',#856,.T.);
#959=FACE_BOUND('',#857,.T.);
#960=FACE_BOUND('',#858,.T.);
#961=FACE_BOUND('',#859,.T.);
#962=FACE_BOUND('',#860,.T.);
#963=FACE_BOUND('',#861,.T.);
#964=FACE_BOUND('',#862,.T.);
#965=FACE_BOUND('',#863,.T.);
#966=FACE_BOUND('',#864,.T.);
#967=FACE_BOUND('',#865,.T.);
#968=FACE_BOUND('',#866,.T.);
#969=FACE_BOUND('',#867,.T.);
#970=FACE_BOUND('',#868,.T.);
#971=FACE_BOUND('',#869,.T.);
#972=FACE_BOUND('',#870,.T.);
#973=FACE_BOUND('',#871,.T.);
#974=FACE_BOUND('',#872,.T.);
#975=FACE_BOUND('',#873,.T.);
#976=FACE_BOUND('',#874,.T.);
#977=FACE_BOUND('',#875,.T.);
#978=FACE_BOUND('',#876,.T.);
#979=FACE_BOUND('',#877,.T.);
#980=FACE_BOUND('',#878,.T.);
#981=FACE_BOUND('',#879,.T.);
#982=FACE_BOUND('',#880,.T.);
#983=FACE_BOUND('',#881,.T.);
#984=FACE_BOUND('',#882,.T.);
#985=FACE_BOUND('',#883,.T.);
#986=FACE_BOUND('',#884,.T.);
#987=FACE_BOUND('',#885,.T.);
#988=FACE_BOUND('',#886,.T.);
#989=FACE_BOUND('',#887,.T.);
#990=FACE_BOUND('',#888,.T.);
#991=FACE_BOUND('',#889,.T.);
#992=FACE_BOUND('',#890,.T.);
#993=FACE_BOUND('',#891,.T.);
#994=FACE_BOUND('',#892,.T.);
#995=FACE_BOUND('',#893,.T.);
#996=FACE_BOUND('',#894,.T.);
#997=FACE_BOUND('',#895,.T.);
#998=FACE_BOUND('',#896,.T.);
#999=FACE_BOUND('',#897,.T.);
#1000=FACE_BOUND('',#898,.T.);
#1001=FACE_BOUND('',#899,.T.);
#1002=FACE_BOUND('',#900,.T.);
#1003=FACE_BOUND('',#901,.T.);
#1004=FACE_BOUND('',#902,.T.);
#1005=FACE_BOUND('',#903,.T.);
#1006=FACE_BOUND('',#904,.T.);
#1007=FACE_BOUND('',#905,.T.);
#1008=FACE_BOUND('',#906,.T.);
#1009=FACE_BOUND('',#907,.T.);
#1010=FACE_BOUND('',#908,.T.);
#1011=FACE_BOUND('',#909,.T.);
#1012=FACE_BOUND('',#910,.T.);
#1013=FACE_BOUND('',#911,.T.);
#1014=PLANE('',#1134);
#1015=PLANE('',#1137);
#1016=PLANE('',#1140);
#1017=PLANE('',#1143);
#1018=PLANE('',#1149);
#1019=PLANE('',#1155);
#1020=PLANE('',#1156);
#1021=PLANE('',#1167);
#1022=PLANE('',#1176);
#1023=PLANE('',#1185);
#1024=PLANE('',#1186);
#1025=PLANE('',#1192);
#1026=PLANE('',#1193);
#1027=PLANE('',#1197);
#1028=PLANE('',#1200);
#1029=PLANE('',#1201);
#1030=PLANE('',#1202);
#1031=PLANE('',#1203);
#1032=PLANE('',#1204);
#1033=PLANE('',#1205);
#1034=PLANE('',#1206);
#1035=PLANE('',#1208);
#1036=PLANE('',#1209);
#1037=PLANE('',#1210);
#1038=PLANE('',#1212);
#1039=PLANE('',#1215);
#1040=PLANE('',#1216);
#1041=PLANE('',#1217);
#1042=PLANE('',#1218);
#1043=PLANE('',#1219);
#1044=PLANE('',#1221);
#1045=PLANE('',#1222);
#1046=PLANE('',#1224);
#1047=PLANE('',#1225);
#1048=PLANE('',#1226);
#1049=PLANE('',#1227);
#1050=PLANE('',#1228);
#1051=PLANE('',#1229);
#1052=PLANE('',#1230);
#1053=PLANE('',#1231);
#1054=ADVANCED_FACE('',(#912),#1014,.T.);
#1055=ADVANCED_FACE('',(#913,#914),#1015,.T.);
#1056=ADVANCED_FACE('',(#915,#916),#1016,.T.);
#1057=ADVANCED_FACE('',(#917),#1017,.F.);
#1058=ADVANCED_FACE('',(#918,#919),#40,.T.);
#1059=ADVANCED_FACE('',(#920),#1018,.F.);
#1060=ADVANCED_FACE('',(#921,#922),#41,.T.);
#1061=ADVANCED_FACE('',(#923),#1019,.F.);
#1062=ADVANCED_FACE('',(#924,#925,#926,#927),#1020,.F.);
#1063=ADVANCED_FACE('',(#928,#929),#42,.F.);
#1064=ADVANCED_FACE('',(#930,#931),#43,.F.);
#1065=ADVANCED_FACE('',(#932,#933,#934,#935),#1021,.T.);
#1066=ADVANCED_FACE('',(#936,#937),#44,.F.);
#1067=ADVANCED_FACE('',(#938,#939),#45,.F.);
#1068=ADVANCED_FACE('',(#940,#941,#942,#943,#944),#1022,.F.);
#1069=ADVANCED_FACE('',(#945,#946),#46,.F.);
#1070=ADVANCED_FACE('',(#947,#948),#47,.F.);
#1071=ADVANCED_FACE('',(#949,#950),#1023,.T.);
#1072=ADVANCED_FACE('',(#951,#952),#1024,.T.);
#1073=ADVANCED_FACE('',(#953,#954),#48,.F.);
#1074=ADVANCED_FACE('',(#955),#49,.T.);
#1075=ADVANCED_FACE('',(#956,#957,#958),#22,.T.);
#1076=ADVANCED_FACE('',(#959,#960),#50,.F.);
#1077=ADVANCED_FACE('',(#961),#1025,.T.);
#1078=ADVANCED_FACE('',(#962),#1026,.T.);
#1079=ADVANCED_FACE('',(#963),#51,.T.);
#1080=ADVANCED_FACE('',(#964,#965,#966),#1027,.T.);
#1081=ADVANCED_FACE('',(#967),#1028,.T.);
#1082=ADVANCED_FACE('',(#968,#969),#23,.T.);
#1083=ADVANCED_FACE('',(#970),#24,.F.);
#1084=ADVANCED_FACE('',(#971),#1029,.F.);
#1085=ADVANCED_FACE('',(#972),#1030,.T.);
#1086=ADVANCED_FACE('',(#973),#1031,.T.);
#1087=ADVANCED_FACE('',(#974),#1032,.F.);
#1088=ADVANCED_FACE('',(#975),#1033,.T.);
#1089=ADVANCED_FACE('',(#976),#1034,.T.);
#1090=ADVANCED_FACE('',(#977),#12,.T.);
#1091=ADVANCED_FACE('',(#978),#1035,.F.);
#1092=ADVANCED_FACE('',(#979),#1036,.F.);
#1093=ADVANCED_FACE('',(#980),#1037,.T.);
#1094=ADVANCED_FACE('',(#981),#13,.T.);
#1095=ADVANCED_FACE('',(#982),#1038,.T.);
#1096=ADVANCED_FACE('',(#983),#14,.T.);
#1097=ADVANCED_FACE('',(#984),#15,.T.);
#1098=ADVANCED_FACE('',(#985),#1039,.F.);
#1099=ADVANCED_FACE('',(#986),#1040,.F.);
#1100=ADVANCED_FACE('',(#987),#1041,.T.);
#1101=ADVANCED_FACE('',(#988),#1042,.F.);
#1102=ADVANCED_FACE('',(#989),#1043,.T.);
#1103=ADVANCED_FACE('',(#990),#16,.T.);
#1104=ADVANCED_FACE('',(#991),#1044,.T.);
#1105=ADVANCED_FACE('',(#992),#1045,.T.);
#1106=ADVANCED_FACE('',(#993),#17,.T.);
#1107=ADVANCED_FACE('',(#994),#1046,.F.);
#1108=ADVANCED_FACE('',(#995),#1047,.T.);
#1109=ADVANCED_FACE('',(#996),#1048,.F.);
#1110=ADVANCED_FACE('',(#997),#1049,.T.);
#1111=ADVANCED_FACE('',(#998),#1050,.T.);
#1112=ADVANCED_FACE('',(#999),#1051,.T.);
#1113=ADVANCED_FACE('',(#1000),#1052,.T.);
#1114=ADVANCED_FACE('',(#1001),#1053,.T.);
#1115=ADVANCED_FACE('',(#1002,#1003),#18,.F.);
#1116=ADVANCED_FACE('',(#1004,#1005),#19,.F.);
#1117=ADVANCED_FACE('',(#1006,#1007),#20,.F.);
#1118=ADVANCED_FACE('',(#1008,#1009),#21,.F.);
#1119=ADVANCED_FACE('',(#1010,#1011),#52,.F.);
#1120=ADVANCED_FACE('',(#1012,#1013),#53,.F.);
#1121=CLOSED_SHELL('',(#1054,#1055,#1056,#1057,#1058,#1059,#1060,#1061,
#1062,#1063,#1064,#1065,#1066,#1067,#1068,#1069,#1070,#1071,#1072,#1073,
#1074,#1075,#1076,#1077,#1078,#1079,#1080,#1081,#1082,#1083,#1084,#1085,
#1086,#1087,#1088,#1089,#1090,#1091,#1092,#1093,#1094,#1095,#1096,#1097,
#1098,#1099,#1100,#1101,#1102,#1103,#1104,#1105,#1106,#1107,#1108,#1109,
#1110,#1111,#1112,#1113,#1114,#1115,#1116,#1117,#1118,#1119,#1120));
#1122=STYLED_ITEM('',(#1123),#1130);
#1123=PRESENTATION_STYLE_ASSIGNMENT((#1124));
#1124=SURFACE_STYLE_USAGE(.BOTH.,#1125);
#1125=SURFACE_SIDE_STYLE('',(#1126));
#1126=SURFACE_STYLE_FILL_AREA(#1127);
#1127=FILL_AREA_STYLE('',(#1128));
#1128=FILL_AREA_STYLE_COLOUR('',#1129);
#1129=COLOUR_RGB('',0.615686274509804,0.811764705882353,0.929411764705882);
#1130=MANIFOLD_SOLID_BREP('goliath',#1121);
#1131=SHAPE_DEFINITION_REPRESENTATION(#2373,#1132);
#1132=SHAPE_REPRESENTATION('goliath',(#1133),#2368);
#1133=AXIS2_PLACEMENT_3D('',#1542,#1238,#1239);
#1134=AXIS2_PLACEMENT_3D('',#1543,#1240,#1241);
#1135=AXIS2_PLACEMENT_3D('',#1553,#1246,#1247);
#1136=AXIS2_PLACEMENT_3D('',#1557,#1249,#1250);
#1137=AXIS2_PLACEMENT_3D('',#1560,#1252,#1253);
#1138=AXIS2_PLACEMENT_3D('',#1561,#1254,#1255);
#1139=AXIS2_PLACEMENT_3D('',#1563,#1256,#1257);
#1140=AXIS2_PLACEMENT_3D('',#1565,#1258,#1259);
#1141=AXIS2_PLACEMENT_3D('',#1566,#1260,#1261);
#1142=AXIS2_PLACEMENT_3D('',#1568,#1262,#1263);
#1143=AXIS2_PLACEMENT_3D('',#1570,#1264,#1265);
#1144=AXIS2_PLACEMENT_3D('',#1579,#1270,#1271);
#1145=AXIS2_PLACEMENT_3D('',#1580,#1272,#1273);
#1146=AXIS2_PLACEMENT_3D('',#1584,#1275,#1276);
#1147=AXIS2_PLACEMENT_3D('',#1585,#1277,#1278);
#1148=AXIS2_PLACEMENT_3D('',#1586,#1279,#1280);
#1149=AXIS2_PLACEMENT_3D('',#1588,#1281,#1282);
#1150=AXIS2_PLACEMENT_3D('',#1594,#1286,#1287);
#1151=AXIS2_PLACEMENT_3D('',#1595,#1288,#1289);
#1152=AXIS2_PLACEMENT_3D('',#1599,#1291,#1292);
#1153=AXIS2_PLACEMENT_3D('',#1600,#1293,#1294);
#1154=AXIS2_PLACEMENT_3D('',#1601,#1295,#1296);
#1155=AXIS2_PLACEMENT_3D('',#1603,#1297,#1298);
#1156=AXIS2_PLACEMENT_3D('',#1609,#1302,#1303);
#1157=AXIS2_PLACEMENT_3D('',#1619,#1308,#1309);
#1158=AXIS2_PLACEMENT_3D('',#1623,#1311,#1312);
#1159=AXIS2_PLACEMENT_3D('',#1805,#1317,#1318);
#1160=AXIS2_PLACEMENT_3D('',#1807,#1319,#1320);
#1161=AXIS2_PLACEMENT_3D('',#1809,#1321,#1322);
#1162=AXIS2_PLACEMENT_3D('',#1810,#1323,#1324);
#1163=AXIS2_PLACEMENT_3D('',#1812,#1325,#1326);
#1164=AXIS2_PLACEMENT_3D('',#1814,#1327,#1328);
#1165=AXIS2_PLACEMENT_3D('',#1815,#1329,#1330);
#1166=AXIS2_PLACEMENT_3D('',#1817,#1331,#1332);
#1167=AXIS2_PLACEMENT_3D('',#1819,#1333,#1334);
#1168=AXIS2_PLACEMENT_3D('',#1820,#1335,#1336);
#1169=AXIS2_PLACEMENT_3D('',#1829,#1340,#1341);
#1170=AXIS2_PLACEMENT_3D('',#2009,#1345,#1346);
#1171=AXIS2_PLACEMENT_3D('',#2011,#1347,#1348);
#1172=AXIS2_PLACEMENT_3D('',#2013,#1349,#1350);
#1173=AXIS2_PLACEMENT_3D('',#2014,#1351,#1352);
#1174=AXIS2_PLACEMENT_3D('',#2016,#1353,#1354);
#1175=AXIS2_PLACEMENT_3D('',#2017,#1355,#1356);
#1176=AXIS2_PLACEMENT_3D('',#2019,#1357,#1358);
#1177=AXIS2_PLACEMENT_3D('',#2020,#1359,#1360);
#1178=AXIS2_PLACEMENT_3D('',#2033,#1366,#1367);
#1179=AXIS2_PLACEMENT_3D('',#2037,#1369,#1370);
#1180=AXIS2_PLACEMENT_3D('',#2044,#1374,#1375);
#1181=AXIS2_PLACEMENT_3D('',#2046,#1376,#1377);
#1182=AXIS2_PLACEMENT_3D('',#2048,#1378,#1379);
#1183=AXIS2_PLACEMENT_3D('',#2050,#1380,#1381);
#1184=AXIS2_PLACEMENT_3D('',#2063,#1382,#1383);
#1185=AXIS2_PLACEMENT_3D('',#2076,#1384,#1385);
#1186=AXIS2_PLACEMENT_3D('',#2077,#1386,#1387);
#1187=AXIS2_PLACEMENT_3D('',#2078,#1388,#1389);
#1188=AXIS2_PLACEMENT_3D('',#2079,#1390,#1391);
#1189=AXIS2_PLACEMENT_3D('',#2083,#1393,#1394);
#1190=AXIS2_PLACEMENT_3D('',#2087,#1396,#1397);
#1191=AXIS2_PLACEMENT_3D('',#2158,#1400,#1401);
#1192=AXIS2_PLACEMENT_3D('',#2159,#1402,#1403);
#1193=AXIS2_PLACEMENT_3D('',#2169,#1409,#1410);
#1194=AXIS2_PLACEMENT_3D('',#2178,#1415,#1416);
#1195=AXIS2_PLACEMENT_3D('',#2182,#1418,#1419);
#1196=AXIS2_PLACEMENT_3D('',#2183,#1420,#1421);
#1197=AXIS2_PLACEMENT_3D('',#2184,#1422,#1423);
#1198=AXIS2_PLACEMENT_3D('',#2185,#1424,#1425);
#1199=AXIS2_PLACEMENT_3D('',#2187,#1426,#1427);
#1200=AXIS2_PLACEMENT_3D('',#2191,#1430,#1431);
#1201=AXIS2_PLACEMENT_3D('',#2298,#1436,#1437);
#1202=AXIS2_PLACEMENT_3D('',#2299,#1438,#1439);
#1203=AXIS2_PLACEMENT_3D('',#2304,#1444,#1445);
#1204=AXIS2_PLACEMENT_3D('',#2308,#1449,#1450);
#1205=AXIS2_PLACEMENT_3D('',#2309,#1451,#1452);
#1206=AXIS2_PLACEMENT_3D('',#2310,#1453,#1454);
#1207=AXIS2_PLACEMENT_3D('',#2311,#1455,#1456);
#1208=AXIS2_PLACEMENT_3D('',#2314,#1459,#1460);
#1209=AXIS2_PLACEMENT_3D('',#2316,#1462,#1463);
#1210=AXIS2_PLACEMENT_3D('',#2318,#1465,#1466);
#1211=AXIS2_PLACEMENT_3D('',#2320,#1468,#1469);
#1212=AXIS2_PLACEMENT_3D('',#2323,#1472,#1473);
#1213=AXIS2_PLACEMENT_3D('',#2325,#1475,#1476);
#1214=AXIS2_PLACEMENT_3D('',#2327,#1478,#1479);
#1215=AXIS2_PLACEMENT_3D('',#2329,#1481,#1482);
#1216=AXIS2_PLACEMENT_3D('',#2331,#1484,#1485);
#1217=AXIS2_PLACEMENT_3D('',#2333,#1487,#1488);
#1218=AXIS2_PLACEMENT_3D('',#2335,#1490,#1491);
#1219=AXIS2_PLACEMENT_3D('',#2337,#1493,#1494);
#1220=AXIS2_PLACEMENT_3D('',#2339,#1496,#1497);
#1221=AXIS2_PLACEMENT_3D('',#2341,#1499,#1500);
#1222=AXIS2_PLACEMENT_3D('',#2343,#1502,#1503);
#1223=AXIS2_PLACEMENT_3D('',#2345,#1505,#1506);
#1224=AXIS2_PLACEMENT_3D('',#2347,#1508,#1509);
#1225=AXIS2_PLACEMENT_3D('',#2349,#1511,#1512);
#1226=AXIS2_PLACEMENT_3D('',#2351,#1514,#1515);
#1227=AXIS2_PLACEMENT_3D('',#2353,#1517,#1518);
#1228=AXIS2_PLACEMENT_3D('',#2355,#1520,#1521);
#1229=AXIS2_PLACEMENT_3D('',#2357,#1523,#1524);
#1230=AXIS2_PLACEMENT_3D('',#2359,#1526,#1527);
#1231=AXIS2_PLACEMENT_3D('',#2360,#1528,#1529);
#1232=AXIS2_PLACEMENT_3D('',#2361,#1530,#1531);
#1233=AXIS2_PLACEMENT_3D('',#2362,#1532,#1533);
#1234=AXIS2_PLACEMENT_3D('',#2363,#1534,#1535);
#1235=AXIS2_PLACEMENT_3D('',#2364,#1536,#1537);
#1236=AXIS2_PLACEMENT_3D('',#2365,#1538,#1539);
#1237=AXIS2_PLACEMENT_3D('',#2366,#1540,#1541);
#1238=DIRECTION('',(0.,0.,1.));
#1239=DIRECTION('',(1.,0.,0.));
#1240=DIRECTION('',(0.,0.,-1.));
#1241=DIRECTION('',(1.,0.,0.));
#1242=DIRECTION('',(0.707106781186546,-0.707106781186549,0.));
#1243=DIRECTION('',(1.,0.,0.));
#1244=DIRECTION('',(0.777663725393604,0.628680467492781,0.));
#1245=DIRECTION('',(-0.209521739586116,-0.977803988865257,0.));
#1246=DIRECTION('',(0.,0.,-1.));
#1247=DIRECTION('',(-1.,0.,0.));
#1248=DIRECTION('',(-1.,0.,0.));
#1249=DIRECTION('',(0.,0.,-1.));
#1250=DIRECTION('',(-1.,0.,0.));
#1251=DIRECTION('',(1.98254111540206E-16,1.,0.));
#1252=DIRECTION('',(0.,0.,-1.));
#1253=DIRECTION('',(1.,0.,0.));
#1254=DIRECTION('',(0.,0.,-1.));
#1255=DIRECTION('',(-1.,0.,0.));
#1256=DIRECTION('',(0.,0.,-1.));
#1257=DIRECTION('',(-1.,0.,0.));
#1258=DIRECTION('',(0.,0.,-1.));
#1259=DIRECTION('',(1.,0.,0.));
#1260=DIRECTION('',(0.,0.,-1.));
#1261=DIRECTION('',(-1.,0.,0.));
#1262=DIRECTION('',(0.,0.,-1.));
#1263=DIRECTION('',(-1.,0.,0.));
#1264=DIRECTION('',(-0.977803988865257,0.209521739586116,0.));
#1265=DIRECTION('',(-0.209521739586116,-0.977803988865257,0.));
#1266=DIRECTION('',(0.,0.,1.));
#1267=DIRECTION('',(0.209521739586116,0.977803988865257,0.));
#1268=DIRECTION('',(0.,0.,1.));
#1269=DIRECTION('',(-0.209521739586116,-0.977803988865257,0.));
#1270=DIRECTION('',(0.,0.,1.));
#1271=DIRECTION('',(1.,0.,0.));
#1272=DIRECTION('',(0.,0.,-1.));
#1273=DIRECTION('',(-1.,0.,0.));
#1274=DIRECTION('',(0.,0.,1.));
#1275=DIRECTION('',(0.,-0.707106781186548,-0.707106781186548));
#1276=DIRECTION('',(0.,-0.707106781186548,0.707106781186548));
#1277=DIRECTION('',(0.691411831197879,-0.148154242867345,-0.707106781186547));
#1278=DIRECTION('',(0.691411831197878,-0.148154242867344,0.707106781186548));
#1279=DIRECTION('',(0.,0.,-1.));
#1280=DIRECTION('',(-1.,0.,0.));
#1281=DIRECTION('',(0.,1.,0.));
#1282=DIRECTION('',(0.,0.,1.));
#1283=DIRECTION('',(0.,0.,1.));
#1284=DIRECTION('',(1.,0.,0.));
#1285=DIRECTION('',(-1.,0.,0.));
#1286=DIRECTION('',(0.,0.,1.));
#1287=DIRECTION('',(1.,0.,0.));
#1288=DIRECTION('',(0.,0.,-1.));
#1289=DIRECTION('',(-1.,0.,0.));
#1290=DIRECTION('',(0.,0.,1.));
#1291=DIRECTION('',(-0.707106781186548,1.40186826668194E-16,-0.707106781186547));
#1292=DIRECTION('',(-0.707106781186547,1.40186826668194E-16,0.707106781186548));
#1293=DIRECTION('',(0.,-0.707106781186548,-0.707106781186548));
#1294=DIRECTION('',(0.,-0.707106781186548,0.707106781186548));
#1295=DIRECTION('',(0.,0.,-1.));
#1296=DIRECTION('',(-1.,0.,0.));
#1297=DIRECTION('',(1.,-1.98254111540206E-16,0.));
#1298=DIRECTION('',(1.98254111540206E-16,1.,0.));
#1299=DIRECTION('',(0.,0.,-1.));
#1300=DIRECTION('',(-1.98254111540206E-16,-1.,0.));
#1301=DIRECTION('',(1.98254111540206E-16,1.,0.));
#1302=DIRECTION('',(0.,1.,0.));
#1303=DIRECTION('',(0.,0.,1.));
#1304=DIRECTION('',(-1.,0.,0.));
#1305=DIRECTION('',(0.,0.,1.));
#1306=DIRECTION('',(-1.,0.,0.));
#1307=DIRECTION('',(-0.502574798867396,0.,-0.864533730714653));
#1308=DIRECTION('',(0.,1.,0.));
#1309=DIRECTION('',(0.,0.,1.));
#1310=DIRECTION('',(1.,0.,-1.51078355095976E-11));
#1311=DIRECTION('',(0.,1.,0.));
#1312=DIRECTION('',(0.,0.,1.));
#1313=DIRECTION('',(-0.616566022633241,0.,0.787303206988405));
#1314=DIRECTION('',(0.,0.,-1.));
#1315=DIRECTION('',(-1.24250608888582E-14,-5.82900128386862E-15,1.));
#1316=DIRECTION('',(4.07218945998428E-15,-5.82900128386869E-15,1.));
#1317=DIRECTION('',(-4.2081062158866E-15,-1.,-7.5721547511873E-15));
#1318=DIRECTION('',(-1.,4.2081062158866E-15,6.09507798806458E-16));
#1319=DIRECTION('',(-4.2081062158866E-15,-1.,-7.5721547511873E-15));
#1320=DIRECTION('',(-1.,4.2081062158866E-15,6.09507798806457E-16));
#1321=DIRECTION('',(0.,0.,1.));
#1322=DIRECTION('',(1.,0.,0.));
#1323=DIRECTION('',(0.,0.,-1.));
#1324=DIRECTION('',(-1.,0.,0.));
#1325=DIRECTION('',(0.,0.,-1.));
#1326=DIRECTION('',(-1.,0.,0.));
#1327=DIRECTION('',(0.,0.,1.));
#1328=DIRECTION('',(1.,0.,0.));
#1329=DIRECTION('',(0.,0.,-1.));
#1330=DIRECTION('',(-1.,0.,0.));
#1331=DIRECTION('',(0.,0.,-1.));
#1332=DIRECTION('',(-1.,0.,0.));
#1333=DIRECTION('',(0.,1.,0.));
#1334=DIRECTION('',(0.,0.,1.));
#1335=DIRECTION('',(0.,1.,0.));
#1336=DIRECTION('',(0.,0.,1.));
#1337=DIRECTION('',(0.502574798867396,0.,0.864533730714653));
#1338=DIRECTION('',(1.,0.,0.));
#1339=DIRECTION('',(0.616566022633241,0.,-0.787303206988405));
#1340=DIRECTION('',(0.,1.,0.));
#1341=DIRECTION('',(0.,0.,1.));
#1342=DIRECTION('',(-1.,0.,1.51078355095976E-11));
#1343=DIRECTION('',(-1.24250608888582E-14,-5.82900128386862E-15,1.));
#1344=DIRECTION('',(4.07218945998428E-15,-5.82900128386869E-15,1.));
#1345=DIRECTION('',(-4.2081062158866E-15,-1.,-7.5721547511873E-15));
#1346=DIRECTION('',(-1.,4.2081062158866E-15,6.09507798806458E-16));
#1347=DIRECTION('',(-4.2081062158866E-15,-1.,-7.5721547511873E-15));
#1348=DIRECTION('',(-1.,4.2081062158866E-15,6.09507798806457E-16));
#1349=DIRECTION('',(0.,0.,1.));
#1350=DIRECTION('',(1.,0.,0.));
#1351=DIRECTION('',(0.,0.,-1.));
#1352=DIRECTION('',(-1.,0.,0.));
#1353=DIRECTION('',(0.,0.,1.));
#1354=DIRECTION('',(1.,0.,0.));
#1355=DIRECTION('',(0.,0.,-1.));
#1356=DIRECTION('',(-1.,0.,0.));
#1357=DIRECTION('',(0.,0.,-1.));
#1358=DIRECTION('',(1.,0.,0.));
#1359=DIRECTION('',(0.,0.,-1.));
#1360=DIRECTION('',(-1.,0.,0.));
#1361=DIRECTION('',(-1.,0.,0.));
#1362=DIRECTION('',(0.,-1.,0.));
#1363=DIRECTION('',(1.,0.,0.));
#1364=DIRECTION('',(0.707106781186546,-0.707106781186549,0.));
#1365=DIRECTION('',(-1.98254111540206E-16,-1.,0.));
#1366=DIRECTION('',(0.,0.,-1.));
#1367=DIRECTION('',(-1.,0.,0.));
#1368=DIRECTION('',(1.,0.,0.));
#1369=DIRECTION('',(0.,0.,-1.));
#1370=DIRECTION('',(-1.,0.,0.));
#1371=DIRECTION('',(0.209521739586116,0.977803988865257,0.));
#1372=DIRECTION('',(0.777663725393604,0.628680467492781,0.));
#1373=DIRECTION('',(0.,1.,0.));
#1374=DIRECTION('',(0.,0.,-1.));
#1375=DIRECTION('',(-1.,0.,0.));
#1376=DIRECTION('',(0.,0.,-1.));
#1377=DIRECTION('',(-1.,0.,0.));
#1378=DIRECTION('',(0.,0.,-1.));
#1379=DIRECTION('',(-1.,0.,0.));
#1380=DIRECTION('',(0.,0.,1.));
#1381=DIRECTION('',(1.,0.,0.));
#1382=DIRECTION('',(0.,0.,1.));
#1383=DIRECTION('',(1.,0.,0.));
#1384=DIRECTION('',(0.,0.,-1.));
#1385=DIRECTION('',(1.,0.,0.));
#1386=DIRECTION('',(0.,0.,-1.));
#1387=DIRECTION('',(1.,0.,0.));
#1388=DIRECTION('',(0.,1.,0.));
#1389=DIRECTION('',(0.,0.,1.));
#1390=DIRECTION('',(0.,1.,0.));
#1391=DIRECTION('',(0.,0.,1.));
#1392=DIRECTION('',(0.,1.,0.));
#1393=DIRECTION('',(0.,1.,0.));
#1394=DIRECTION('',(0.,0.,1.));
#1395=DIRECTION('',(0.,1.,0.));
#1396=DIRECTION('',(0.,1.,0.));
#1397=DIRECTION('',(0.,0.,1.));
#1398=DIRECTION('',(0.,1.,0.));
#1399=DIRECTION('',(0.,1.,0.));
#1400=DIRECTION('',(0.,1.,0.));
#1401=DIRECTION('',(0.,0.,1.));
#1402=DIRECTION('',(0.787303206988404,0.,0.616566022633241));
#1403=DIRECTION('',(0.616566022633241,0.,-0.787303206988405));
#1404=DIRECTION('',(-0.551816099219475,-0.446100276892504,0.704622974078077));
#1405=DIRECTION('',(0.616566022633241,0.,-0.787303206988405));
#1406=DIRECTION('',(-0.616566022633241,0.,0.787303206988405));
#1407=DIRECTION('',(0.,-1.,0.));
#1408=DIRECTION('',(0.548379522439068,-0.457111791405412,-0.700234753156137));
#1409=DIRECTION('',(-0.864533730714654,0.,0.502574798867396));
#1410=DIRECTION('',(0.502574798867396,0.,0.864533730714653));
#1411=DIRECTION('',(0.,1.,0.));
#1412=DIRECTION('',(0.502574798867396,0.,0.864533730714653));
#1413=DIRECTION('',(0.,1.,0.));
#1414=DIRECTION('',(-0.502574798867396,0.,-0.864533730714653));
#1415=DIRECTION('',(0.,1.,0.));
#1416=DIRECTION('',(0.,0.,1.));
#1417=DIRECTION('',(0.,1.,0.));
#1418=DIRECTION('',(0.,1.,0.));
#1419=DIRECTION('',(0.,0.,1.));
#1420=DIRECTION('',(0.,1.,0.));
#1421=DIRECTION('',(0.,0.,1.));
#1422=DIRECTION('',(-1.51078355095976E-11,0.,-1.));
#1423=DIRECTION('',(-1.,0.,1.51078355095976E-11));
#1424=DIRECTION('',(-1.51078355095976E-11,0.,-1.));
#1425=DIRECTION('',(-1.,0.,1.51078355095976E-11));
#1426=DIRECTION('',(-1.51078355095976E-11,0.,-1.));
#1427=DIRECTION('',(-1.,0.,1.51078355095976E-11));
#1428=DIRECTION('',(-1.,0.,1.51078355095976E-11));
#1429=DIRECTION('',(1.,0.,-1.51078355095976E-11));
#1430=DIRECTION('',(-1.,0.,4.07218945998428E-15));
#1431=DIRECTION('',(4.07218945998428E-15,0.,1.));
#1432=DIRECTION('',(0.,1.,0.));
#1433=DIRECTION('',(0.,1.,0.));
#1434=DIRECTION('',(0.,1.,0.));
#1435=DIRECTION('',(0.,1.,0.));
#1436=DIRECTION('',(-1.,0.,-1.24250608888582E-14));
#1437=DIRECTION('',(-1.24250608888582E-14,0.,1.));
#1438=DIRECTION('',(0.628680467492781,-0.777663725393604,0.));
#1439=DIRECTION('',(0.,0.,-1.));
#1440=DIRECTION('',(0.777663725393604,0.628680467492781,0.));
#1441=DIRECTION('',(0.65836618660524,0.532237712086842,0.532237712086844));
#1442=DIRECTION('',(-0.658366186605286,-0.532237712086879,0.532237712086751));
#1443=DIRECTION('',(-0.777387989258543,-0.628457556333838,-0.0266273176166993));
#1444=DIRECTION('',(-0.707106781186549,-0.707106781186546,0.));
#1445=DIRECTION('',(0.,0.,-1.));
#1446=DIRECTION('',(0.707106781186546,-0.707106781186549,0.));
#1447=DIRECTION('',(-0.57735026918967,0.577350269189673,-0.577350269189534));
#1448=DIRECTION('',(0.577350269189625,-0.577350269189627,-0.577350269189625));
#1449=DIRECTION('',(0.,0.707106781186463,0.707106781186632));
#1450=DIRECTION('',(-1.,0.,0.));
#1451=DIRECTION('',(0.691411831197879,-0.148154242867345,-0.707106781186547));
#1452=DIRECTION('',(0.209521739586116,0.977803988865257,0.));
#1453=DIRECTION('',(-0.707106781186548,1.40186826668194E-16,-0.707106781186547));
#1454=DIRECTION('',(-1.98254111540206E-16,-1.,0.));
#1455=DIRECTION('',(0.,0.,-1.));
#1456=DIRECTION('',(-1.,0.,0.));
#1457=DIRECTION('',(0.,0.707106781186548,0.707106781186548));
#1458=DIRECTION('',(0.691411831197878,-0.148154242867346,-0.707106781186548));
#1459=DIRECTION('',(-0.691411831197878,0.148154242867344,-0.707106781186548));
#1460=DIRECTION('',(-0.209521739586116,-0.977803988865257,0.));
#1461=DIRECTION('',(-0.619926318970022,0.380945018810187,0.685982690519218));
#1462=DIRECTION('',(0.,0.707106781186548,-0.707106781186548));
#1463=DIRECTION('',(-1.,0.,0.));
#1464=DIRECTION('',(0.,0.707106781186548,0.707106781186548));
#1465=DIRECTION('',(0.556707436511417,-0.707106781186547,0.435978015653183));
#1466=DIRECTION('',(-0.616566022633241,0.,0.787303206988405));
#1467=DIRECTION('',(-0.556707436511416,-0.70710678118655,-0.43597801565318));
#1468=DIRECTION('',(0.,-1.,0.));
#1469=DIRECTION('',(0.,0.,-1.));
#1470=DIRECTION('',(-0.556707436511419,0.707106781186547,-0.435978015653183));
#1471=DIRECTION('',(5.89618735916099E-11,-0.707106723971017,-0.707106838402074));
#1472=DIRECTION('',(0.444544221763674,-0.54989129370861,0.707106781186548));
#1473=DIRECTION('',(-0.777663725393604,-0.628680467492781,0.));
#1474=DIRECTION('',(0.887226461225494,0.161616316239989,-0.432098799843627));
#1475=DIRECTION('',(0.,0.,-1.));
#1476=DIRECTION('',(-1.,0.,0.));
#1477=DIRECTION('',(0.707106781186546,0.,0.707106781186549));
#1478=DIRECTION('',(0.,1.,0.));
#1479=DIRECTION('',(0.,0.,1.));
#1480=DIRECTION('',(-5.89618735916096E-11,-0.70710672397102,0.70710683840207));
#1481=DIRECTION('',(1.06828529378874E-11,-0.707106781186549,0.707106781186546));
#1482=DIRECTION('',(-1.,0.,1.51078355095976E-11));
#1483=DIRECTION('',(-0.000376299345237941,-0.707106731122962,-0.707106731122962));
#1484=DIRECTION('',(-0.556707436511416,-0.707106781186549,-0.435978015653182));
#1485=DIRECTION('',(0.616566022633241,0.,-0.787303206988405));
#1486=DIRECTION('',(0.556707436511419,-0.707106781186546,0.435978015653183));
#1487=DIRECTION('',(0.437854985906729,0.,0.899045611366085));
#1488=DIRECTION('',(0.,1.,0.));
#1489=DIRECTION('',(0.899045611366085,-5.52737881092106E-17,-0.437854985906729));
#1490=DIRECTION('',(0.707106781186548,-1.40186826668194E-16,-0.707106781186547));
#1491=DIRECTION('',(1.98254111540206E-16,1.,0.));
#1492=DIRECTION('',(0.678598344545847,0.281084637714822,0.678598344545847));
#1493=DIRECTION('',(-1.06828529378874E-11,-0.707106781186546,-0.707106781186549));
#1494=DIRECTION('',(1.,0.,-1.51078355095976E-11));
#1495=DIRECTION('',(0.000376299345237939,-0.707106731122966,0.707106731122959));
#1496=DIRECTION('',(0.,-1.,0.));
#1497=DIRECTION('',(0.,0.,-1.));
#1498=DIRECTION('',(-0.611317663552834,-0.707106781186549,0.355374048332601));
#1499=DIRECTION('',(0.325609523209764,0.66857252351376,0.668572523513757));
#1500=DIRECTION('',(0.,-0.707106781186546,0.707106781186549));
#1501=DIRECTION('',(7.50128752408092E-15,-0.707106781186548,0.707106781186548));
#1502=DIRECTION('',(-0.5,-0.5,0.707106781186548));
#1503=DIRECTION('',(-0.707106781186546,0.707106781186549,0.));
#1504=DIRECTION('',(0.281084637714823,0.678598344545847,0.678598344545847));
#1505=DIRECTION('',(0.,1.,0.));
#1506=DIRECTION('',(0.,0.,1.));
#1507=DIRECTION('',(0.611317663552834,-0.707106781186551,-0.355374048332598));
#1508=DIRECTION('',(0.611317663552837,-0.707106781186547,-0.355374048332601));
#1509=DIRECTION('',(0.502574798867396,0.,0.864533730714653));
#1510=DIRECTION('',(0.730022840869261,0.67723697232526,-0.0917427660629917));
#1511=DIRECTION('',(0.,0.707106781186548,0.707106781186548));
#1512=DIRECTION('',(1.,0.,0.));
#1513=DIRECTION('',(-0.287576366607926,0.677236972325265,-0.677236972325265));
#1514=DIRECTION('',(0.,0.707106781186548,-0.707106781186548));
#1515=DIRECTION('',(-1.,0.,0.));
#1516=DIRECTION('',(-0.287576366607928,-0.677236972325265,-0.677236972325265));
#1517=DIRECTION('',(-0.611317663552841,-0.707106781186542,0.355374048332603));
#1518=DIRECTION('',(-0.502574798867396,0.,-0.864533730714653));
#1519=DIRECTION('',(0.730022840869254,-0.677236972325266,-0.0917427660629974));
#1520=DIRECTION('',(-0.417185316390596,0.547925243369125,0.725075402607869));
#1521=DIRECTION('',(0.,-0.797819428354213,0.602896475143583));
#1522=DIRECTION('',(0.866768365501238,4.02470609889505E-15,0.498710938887761));
#1523=DIRECTION('',(-0.417185316390597,-0.547925243369124,0.725075402607869));
#1524=DIRECTION('',(0.,-0.797819428354214,-0.602896475143582));
#1525=DIRECTION('',(-0.866768365501238,5.84831385242486E-15,-0.498710938887761));
#1526=DIRECTION('',(-0.498710938887761,0.,0.866768365501238));
#1527=DIRECTION('',(0.,1.,0.));
#1528=DIRECTION('',(0.,-0.707106781186548,-0.707106781186548));
#1529=DIRECTION('',(1.,0.,0.));
#1530=DIRECTION('',(0.,0.,1.));
#1531=DIRECTION('',(1.,0.,0.));
#1532=DIRECTION('',(0.,0.,1.));
#1533=DIRECTION('',(1.,0.,0.));
#1534=DIRECTION('',(0.,0.,1.));
#1535=DIRECTION('',(1.,0.,0.));
#1536=DIRECTION('',(0.,0.,1.));
#1537=DIRECTION('',(1.,0.,0.));
#1538=DIRECTION('',(1.01921776182613E-14,0.,-1.));
#1539=DIRECTION('',(-1.,0.,-1.01921776182613E-14));
#1540=DIRECTION('',(1.01921776182613E-14,0.,-1.));
#1541=DIRECTION('',(-1.,0.,-1.01921776182613E-14));
#1542=CARTESIAN_POINT('',(0.,0.,0.));
#1543=CARTESIAN_POINT('',(-0.0011,0.000625,-0.039));
#1544=CARTESIAN_POINT('',(-0.0105,0.011,-0.039));
#1545=CARTESIAN_POINT('',(-0.009,0.0095,-0.039));
#1546=CARTESIAN_POINT('',(-0.01,0.0105,-0.039));
#1547=CARTESIAN_POINT('',(-0.0011,0.0105,-0.039));
#1548=CARTESIAN_POINT('',(0.0101744043635012,0.0105,-0.039));
#1549=CARTESIAN_POINT('',(0.00958337147922734,0.0100221960111347,-0.039));
#1550=CARTESIAN_POINT('',(0.00896488262391506,0.00952219601113473,-0.039));
#1551=CARTESIAN_POINT('',(0.00354450997216315,-0.0157738043489653,-0.039));
#1552=CARTESIAN_POINT('',(0.003891962469978,-0.0141522998741758,-0.039));
#1553=CARTESIAN_POINT('',(0.0011,-0.01525,-0.039));
#1554=CARTESIAN_POINT('',(-0.000558312395177693,-0.01775,-0.039));
#1555=CARTESIAN_POINT('',(-0.0065,-0.01775,-0.039));
#1556=CARTESIAN_POINT('',(-0.0048416876048223,-0.01775,-0.039));
#1557=CARTESIAN_POINT('',(-0.0065,-0.01525,-0.039));
#1558=CARTESIAN_POINT('',(-0.009,-0.0135916876048223,-0.039));
#1559=CARTESIAN_POINT('',(-0.009,0.01,-0.039));
#1560=CARTESIAN_POINT('',(-0.0011,0.000625,-0.036));
#1561=CARTESIAN_POINT('',(-0.0011,0.01525,-0.036));
#1562=CARTESIAN_POINT('',(-0.00275,0.01525,-0.036));
#1563=CARTESIAN_POINT('',(-0.0011,0.01525,-0.036));
#1564=CARTESIAN_POINT('',(-0.0041,0.01525,-0.036));
#1565=CARTESIAN_POINT('',(-0.0011,0.000625,-0.036));
#1566=CARTESIAN_POINT('',(0.0065,0.01525,-0.036));
#1567=CARTESIAN_POINT('',(0.00485,0.01525,-0.036));
#1568=CARTESIAN_POINT('',(0.0065,0.01525,-0.036));
#1569=CARTESIAN_POINT('',(0.0035,0.01525,-0.036));
#1570=CARTESIAN_POINT('',(0.00691315259270462,-0.00243928260937917,-0.036));
#1571=CARTESIAN_POINT('',(0.00403341196659578,-0.0158785652187584,-0.036));
#1572=CARTESIAN_POINT('',(0.00403341196659578,-0.0158785652187584,-0.0385));
#1573=CARTESIAN_POINT('',(0.00403341196659578,-0.0158785652187584,-0.0345));
#1574=CARTESIAN_POINT('',(0.00958337147922734,0.0100221960111347,-0.0385));
#1575=CARTESIAN_POINT('',(0.00958337147922734,0.0100221960111347,-0.0385));
#1576=CARTESIAN_POINT('',(0.00958337147922734,0.0100221960111347,-0.034));
#1577=CARTESIAN_POINT('',(0.00958337147922734,0.0100221960111347,-0.0345));
#1578=CARTESIAN_POINT('',(0.00691315259270462,-0.00243928260937917,-0.0345));
#1579=CARTESIAN_POINT('',(0.0011,-0.01525,-0.036));
#1580=CARTESIAN_POINT('',(0.0011,-0.01525,-0.0345));
#1581=CARTESIAN_POINT('',(0.0011,-0.01825,-0.0345));
#1582=CARTESIAN_POINT('',(0.0011,-0.01825,-0.036));
#1583=CARTESIAN_POINT('',(0.0011,-0.01825,-0.0385));
#1584=CARTESIAN_POINT('',(0.0011,-0.01525,-0.0415));
#1585=CARTESIAN_POINT('',(0.0011,-0.01525,-0.0415));
#1586=CARTESIAN_POINT('',(0.0011,-0.01525,-0.0474));
#1587=CARTESIAN_POINT('',(-0.0019,-0.01525,-0.0474));
#1588=CARTESIAN_POINT('',(-0.0027,-0.01825,-0.036));
#1589=CARTESIAN_POINT('',(-0.0065,-0.01825,-0.036));
#1590=CARTESIAN_POINT('',(-0.0065,-0.01825,-0.0385));
#1591=CARTESIAN_POINT('',(-0.0065,-0.01825,-0.0345));
#1592=CARTESIAN_POINT('',(0.0011,-0.01825,-0.0385));
#1593=CARTESIAN_POINT('',(-0.0027,-0.01825,-0.0345));
#1594=CARTESIAN_POINT('',(-0.0065,-0.01525,-0.036));
#1595=CARTESIAN_POINT('',(-0.0065,-0.01525,-0.0345));
#1596=CARTESIAN_POINT('',(-0.0095,-0.01525,-0.0345));
#1597=CARTESIAN_POINT('',(-0.0095,-0.01525,-0.036));
#1598=CARTESIAN_POINT('',(-0.0095,-0.01525,-0.0385));
#1599=CARTESIAN_POINT('',(-0.0065,-0.01525,-0.0415));
#1600=CARTESIAN_POINT('',(-0.0065,-0.01525,-0.0415));
#1601=CARTESIAN_POINT('',(-0.0065,-0.01525,-0.0474));
#1602=CARTESIAN_POINT('',(-0.0095,-0.01525,-0.0474));
#1603=CARTESIAN_POINT('',(-0.0095,-0.002125,-0.036));
#1604=CARTESIAN_POINT('',(-0.0095,0.01,-0.039));
#1605=CARTESIAN_POINT('',(-0.0095,0.01,-0.0345));
#1606=CARTESIAN_POINT('',(-0.0095,0.01,-0.0385));
#1607=CARTESIAN_POINT('',(-0.0095,-0.01525,-0.0385));
#1608=CARTESIAN_POINT('',(-0.0095,-0.002125,-0.0345));
#1609=CARTESIAN_POINT('',(-0.0107464466094067,0.011,-0.036));
#1610=CARTESIAN_POINT('',(-0.0107464466094067,0.011,-0.0395));
#1611=CARTESIAN_POINT('',(0.0107928932188135,0.011,-0.0395));
#1612=CARTESIAN_POINT('',(-0.0105,0.011,-0.0395));
#1613=CARTESIAN_POINT('',(-0.0105,0.011,-0.034));
#1614=CARTESIAN_POINT('',(-0.0105,0.011,-0.0345));
#1615=CARTESIAN_POINT('',(-0.0107464466094067,0.011,-0.0345));
#1616=CARTESIAN_POINT('',(-0.0117052091276899,0.011,-0.0345));
#1617=CARTESIAN_POINT('',(-0.0180286108554524,0.011,-0.0453775730474945));
#1618=CARTESIAN_POINT('',(-0.0180286108554524,0.011,-0.0453775730474945));
#1619=CARTESIAN_POINT('',(-0.0150027427979511,0.011,-0.0471365848435305));
#1620=CARTESIAN_POINT('',(-0.0150046053848143,0.011,-0.0506365843479262));
#1621=CARTESIAN_POINT('',(0.0150021286707089,0.011,-0.0506365842775789));
#1622=CARTESIAN_POINT('',(0.0150021286707089,0.011,-0.0506365842775789));
#1623=CARTESIAN_POINT('',(0.0150000000000004,0.011,-0.0471365848435303));
#1624=CARTESIAN_POINT('',(0.0177555612244598,0.011,-0.044978603764314));
#1625=CARTESIAN_POINT('',(0.0103992416153192,0.011,-0.0355851993156339));
#1626=CARTESIAN_POINT('',(0.0107928932188135,0.011,-0.0360878594663562));
#1627=CARTESIAN_POINT('',(0.0107928932188135,0.011,-0.039));
#1628=CARTESIAN_POINT('',(-0.0106759719262989,0.011,-0.0493910574109034));
#1629=CARTESIAN_POINT('',(-0.0106759719262989,0.011,-0.0493910574109034));
#1630=CARTESIAN_POINT('',(-0.010675971926299,0.011,-0.0412142306268396));
#1631=CARTESIAN_POINT('',(0.0106732291283484,0.011,-0.0412142306239773));
#1632=CARTESIAN_POINT('',(0.0106653368152047,0.011,-0.0411843803516405));
#1633=CARTESIAN_POINT('',(0.0106559286546295,0.011,-0.0411550326682335));
#1634=CARTESIAN_POINT('',(0.0106450450756036,0.011,-0.0411261442721583));
#1635=CARTESIAN_POINT('',(0.0106340231341481,0.011,-0.0410968886192587));
#1636=CARTESIAN_POINT('',(0.0106214875718014,0.011,-0.0410681034405855));
#1637=CARTESIAN_POINT('',(0.010607433547347,0.011,-0.0410397695379484));
#1638=CARTESIAN_POINT('',(0.010593402270192,0.011,-0.0410114814954686));
#1639=CARTESIAN_POINT('',(0.0105778569006368,0.011,-0.04098364268845));
#1640=CARTESIAN_POINT('',(0.0105607538368468,0.011,-0.0409562680506392));
#1641=CARTESIAN_POINT('',(0.0105439503239503,0.011,-0.0409293728647744));
#1642=CARTESIAN_POINT('',(0.0105256426033518,0.011,-0.0409029252022771));
#1643=CARTESIAN_POINT('',(0.0105057604116486,0.011,-0.040876980153762));
#1644=CARTESIAN_POINT('',(0.0104862768442189,0.011,-0.0408515552856309));
#1645=CARTESIAN_POINT('',(0.0104652807234429,0.011,-0.0408266125358099));
#1646=CARTESIAN_POINT('',(0.010442686564974,0.011,-0.0408022512172205));
#1647=CARTESIAN_POINT('',(0.010421711707794,0.011,-0.0407796358505613));
#1648=CARTESIAN_POINT('',(0.0103993591002431,0.011,-0.0407575215028637));
#1649=CARTESIAN_POINT('',(0.0103755517354737,0.011,-0.0407360324167557));
#1650=CARTESIAN_POINT('',(0.0103527347384453,0.011,-0.0407154372598107));
#1651=CARTESIAN_POINT('',(0.0103285810708298,0.011,-0.0406954161703158));
#1652=CARTESIAN_POINT('',(0.0103030215836564,0.011,-0.040676123781712));
#1653=CARTESIAN_POINT('',(0.0102785311636537,0.011,-0.0406576383286763));
#1654=CARTESIAN_POINT('',(0.0102527496868116,0.011,-0.0406398216690171));
#1655=CARTESIAN_POINT('',(0.0102256207857124,0.011,-0.0406228556820713));
#1656=CARTESIAN_POINT('',(0.0101996048436896,0.011,-0.0406065857221813));
#1657=CARTESIAN_POINT('',(0.0101723494264885,0.011,-0.0405910978671214));
#1658=CARTESIAN_POINT('',(0.0101438141179161,0.011,-0.040576598632524));
#1659=CARTESIAN_POINT('',(0.0101164119532006,0.011,-0.040562675165964));
#1660=CARTESIAN_POINT('',(0.0100878292214588,0.011,-0.0405496631761474));
#1661=CARTESIAN_POINT('',(0.010058043485561,0.011,-0.0405377917456907));
#1662=CARTESIAN_POINT('',(0.0100299525856501,0.011,-0.0405265958106331));
#1663=CARTESIAN_POINT('',(0.010000791481827,0.011,-0.0405164143162831));
#1664=CARTESIAN_POINT('',(0.00997055701617554,0.011,-0.0405074825246757));
#1665=CARTESIAN_POINT('',(0.00994124584281563,0.011,-0.04049882348981));
#1666=CARTESIAN_POINT('',(0.00991092560400227,0.011,-0.0404913388045519));
#1667=CARTESIAN_POINT('',(0.00987961202388834,0.011,-0.0404852863185273));
#1668=CARTESIAN_POINT('',(0.00984975988764147,0.011,-0.0404795163095796));
#1669=CARTESIAN_POINT('',(0.00981900479423116,0.011,-0.0404750478878088));
#1670=CARTESIAN_POINT('',(0.0097873805217426,0.011,-0.040472146100338));
#1671=CARTESIAN_POINT('',(0.00976037156250703,0.011,-0.0404696678058718));
#1672=CARTESIAN_POINT('',(0.00973272880479985,0.011,-0.0404683327627599));
#1673=CARTESIAN_POINT('',(0.0097044874900221,0.011,-0.0404683327627599));
#1674=CARTESIAN_POINT('',(0.00953504742571763,0.011,-0.0404683327627599));
#1675=CARTESIAN_POINT('',(0.00935633780021624,0.011,-0.0404683327627599));
#1676=CARTESIAN_POINT('',(0.00916701714922514,0.011,-0.0404683327627599));
#1677=CARTESIAN_POINT('',(0.0091204265202703,0.011,-0.0404683327627599));
#1678=CARTESIAN_POINT('',(0.00907319326497012,0.011,-0.0404683327627599));
#1679=CARTESIAN_POINT('',(0.00902529739019092,0.011,-0.0404683327627599));
#1680=CARTESIAN_POINT('',(0.00900144299943174,0.011,-0.0404683327627599));
#1681=CARTESIAN_POINT('',(0.0089774242454538,0.011,-0.0404683327627599));
#1682=CARTESIAN_POINT('',(0.00895323865828793,0.011,-0.0404683327627599));
#1683=CARTESIAN_POINT('',(0.00894747434916129,0.011,-0.0404683327627599));
#1684=CARTESIAN_POINT('',(0.00894170056319127,0.011,-0.0404683327627599));
#1685=CARTESIAN_POINT('',(0.00893591726693808,0.011,-0.0404683327627599));
#1686=CARTESIAN_POINT('',(0.00893016541294028,0.011,-0.0404683327627599));
#1687=CARTESIAN_POINT('',(0.00892441300421783,0.011,-0.0404683327627599));
#1688=CARTESIAN_POINT('',(0.00891866485778325,0.011,-0.0404683327627599));
#1689=CARTESIAN_POINT('',(0.00272865302206358,0.011,-0.0404683327627599));
#1690=CARTESIAN_POINT('',(-0.000309837823374251,0.011,-0.0404683327627599));
#1691=CARTESIAN_POINT('',(-0.00260721680932895,0.011,-0.0404683327627599));
#1692=CARTESIAN_POINT('',(-0.00375590630230625,0.011,-0.0404683327627599));
#1693=CARTESIAN_POINT('',(-0.00471931783041275,0.011,-0.0404683327627599));
#1694=CARTESIAN_POINT('',(-0.00579875253499835,0.011,-0.04046833276276));
#1695=CARTESIAN_POINT('',(-0.00633846988729115,0.011,-0.04046833276276));
#1696=CARTESIAN_POINT('',(-0.00690719303370365,0.011,-0.04046833276276));
#1697=CARTESIAN_POINT('',(-0.00754258461690465,0.011,-0.04046833276276));
#1698=CARTESIAN_POINT('',(-0.00786028040850515,0.011,-0.04046833276276));
#1699=CARTESIAN_POINT('',(-0.00819464330930275,0.011,-0.04046833276276));
#1700=CARTESIAN_POINT('',(-0.00855038114963105,0.011,-0.04046833276276));
#1701=CARTESIAN_POINT('',(-0.00872825006979525,0.011,-0.04046833276276));
#1702=CARTESIAN_POINT('',(-0.00891146272484215,0.011,-0.04046833276276));
#1703=CARTESIAN_POINT('',(-0.00910060759356335,0.011,-0.04046833276276));
#1704=CARTESIAN_POINT('',(-0.00914789381074365,0.011,-0.04046833276276));
#1705=CARTESIAN_POINT('',(-0.00919555079127855,0.011,-0.04046833276276));
#1706=CARTESIAN_POINT('',(-0.00924358773014935,0.011,-0.04046833276276));
#1707=CARTESIAN_POINT('',(-0.00926160158222585,0.011,-0.04046833276276));
#1708=CARTESIAN_POINT('',(-0.00927966886594335,0.011,-0.04046833276276));
#1709=CARTESIAN_POINT('',(-0.00929779006619335,0.011,-0.04046833276276));
#1710=CARTESIAN_POINT('',(-0.00930494228006595,0.011,-0.04046833276276));
#1711=CARTESIAN_POINT('',(-0.00931210289296635,0.011,-0.04046833276276));
#1712=CARTESIAN_POINT('',(-0.00931927193470755,0.011,-0.04046833276276));
#1713=CARTESIAN_POINT('',(-0.00932318506534185,0.011,-0.04046833276276));
#1714=CARTESIAN_POINT('',(-0.00932710282401225,0.011,-0.04046833276276));
#1715=CARTESIAN_POINT('',(-0.00933103412786305,0.011,-0.04046833276276));
#1716=CARTESIAN_POINT('',(-0.00944763783193175,0.011,-0.04046833276276));
#1717=CARTESIAN_POINT('',(-0.00957390206595135,0.011,-0.04046833276276));
#1718=CARTESIAN_POINT('',(-0.00970723028720935,0.011,-0.04046833276276));
#1719=CARTESIAN_POINT('',(-0.00973599277071325,0.011,-0.04046833276276));
#1720=CARTESIAN_POINT('',(-0.00976532771822785,0.011,-0.0404697239149867));
#1721=CARTESIAN_POINT('',(-0.00979502885834695,0.011,-0.0404726094556561));
#1722=CARTESIAN_POINT('',(-0.00982497029054155,0.011,-0.0404755183413066));
#1723=CARTESIAN_POINT('',(-0.00985528354681475,0.011,-0.0404799459771667));
#1724=CARTESIAN_POINT('',(-0.00988574102607575,0.011,-0.0404859471720114));
#1725=CARTESIAN_POINT('',(-0.00991662146288325,0.011,-0.0404920317043714));
#1726=CARTESIAN_POINT('',(-0.00994764973766775,0.011,-0.0404997338202789));
#1727=CARTESIAN_POINT('',(-0.00997857753985185,0.011,-0.0405090576212109));
#1728=CARTESIAN_POINT('',(-0.0100100603763448,0.011,-0.0405185487482715));
#1729=CARTESIAN_POINT('',(-0.0100414385614469,0.011,-0.0405297202199843));
#1730=CARTESIAN_POINT('',(-0.0100724460761545,0.011,-0.0405425221182026));
#1731=CARTESIAN_POINT('',(-0.0101040403248441,0.011,-0.0405555662579805));
#1732=CARTESIAN_POINT('',(-0.0101352490701513,0.011,-0.0405703029196187));
#1733=CARTESIAN_POINT('',(-0.010165795988516,0.011,-0.0405866254428308));
#1734=CARTESIAN_POINT('',(-0.010198024239991,0.011,-0.0406038463741375));
#1735=CARTESIAN_POINT('',(-0.0102295147990208,0.011,-0.0406228324976224));
#1736=CARTESIAN_POINT('',(-0.0102599619474823,0.011,-0.0406434005527539));
#1737=CARTESIAN_POINT('',(-0.0102893534329676,0.011,-0.0406632554726531));
#1738=CARTESIAN_POINT('',(-0.01031777198858,0.011,-0.0406845836596962));
#1739=CARTESIAN_POINT('',(-0.0103449713618199,0.011,-0.0407071759200125));
#1740=CARTESIAN_POINT('',(-0.0103718818721088,0.011,-0.0407295282458669));
#1741=CARTESIAN_POINT('',(-0.0103975983542196,0.011,-0.0407531172885967));
#1742=CARTESIAN_POINT('',(-0.0104219201077699,0.011,-0.0407777071350514));
#1743=CARTESIAN_POINT('',(-0.0104458639780535,0.011,-0.0408019149329218));
#1744=CARTESIAN_POINT('',(-0.01046845569341,0.011,-0.0408270920576589));
#1745=CARTESIAN_POINT('',(-0.0104895481558207,0.011,-0.0408529903801033));
#1746=CARTESIAN_POINT('',(-0.0105103073041339,0.011,-0.0408784794437422));
#1747=CARTESIAN_POINT('',(-0.0105296139364294,0.011,-0.0409046665513018));
#1748=CARTESIAN_POINT('',(-0.0105473763046226,0.011,-0.040931301196876));
#1749=CARTESIAN_POINT('',(-0.0105648391171072,0.011,-0.040957486659096));
#1750=CARTESIAN_POINT('',(-0.0105808092020472,0.011,-0.0409841042412503));
#1751=CARTESIAN_POINT('',(-0.0105952494025217,0.011,-0.0410109095823677));
#1752=CARTESIAN_POINT('',(-0.0106096177505507,0.011,-0.0410375815438054));
#1753=CARTESIAN_POINT('',(-0.0106224713302688,0.011,-0.0410644390303781));
#1754=CARTESIAN_POINT('',(-0.0106338249890532,0.011,-0.04109124106988));
#1755=CARTESIAN_POINT('',(-0.010645209025533,0.011,-0.0411181148205552));
#1756=CARTESIAN_POINT('',(-0.0106550851121202,0.011,-0.0411449325111508));
#1757=CARTESIAN_POINT('',(-0.010663520657532,0.011,-0.0411714561416346));
#1758=CARTESIAN_POINT('',(-0.010668086559211,0.011,-0.0411858125682847));
#1759=CARTESIAN_POINT('',(-0.010672231329567,0.011,-0.0412000829580317));
#1760=CARTESIAN_POINT('',(-0.010675971926299,0.011,-0.0412142306268396));
#1761=CARTESIAN_POINT('',(0.0106732291283484,0.011,-0.0412142306258854));
#1762=CARTESIAN_POINT('',(0.0106732291283483,0.011,-0.0493910574109033));
#1763=CARTESIAN_POINT('',(0.0106732291283483,0.0109999999999989,-0.0493910574109033));
#1764=CARTESIAN_POINT('',(-1.37139897575175E-6,0.011,-0.0501365842775789));
#1765=CARTESIAN_POINT('',(0.0032339148971027,0.011,-0.0501365842775789));
#1766=CARTESIAN_POINT('',(0.00646920119318071,0.011,-0.0501365842775789));
#1767=CARTESIAN_POINT('',(0.00970448748925871,0.011,-0.0501365842775789));
#1768=CARTESIAN_POINT('',(0.00983514897804973,0.011,-0.0501365842775789));
#1769=CARTESIAN_POINT('',(0.00996456398050349,0.011,-0.0501110593669388));
#1770=CARTESIAN_POINT('',(0.0100853958921077,0.011,-0.0500614657577576));
#1771=CARTESIAN_POINT('',(0.0101457836452329,0.011,-0.0500366805285242));
#1772=CARTESIAN_POINT('',(0.0102034485036814,0.011,-0.0500061227944983));
#1773=CARTESIAN_POINT('',(0.0103118007684599,0.011,-0.0499344820159737));
#1774=CARTESIAN_POINT('',(0.0103624736946037,0.011,-0.0498934089214684));
#1775=CARTESIAN_POINT('',(0.010408883224246,0.011,-0.0498475883623529));
#1776=CARTESIAN_POINT('',(0.0105016158212876,0.011,-0.0497560326090967));
#1777=CARTESIAN_POINT('',(0.0105755304706118,0.011,-0.0496472961486959));
#1778=CARTESIAN_POINT('',(0.0106264991979357,0.011,-0.0495274912497102));
#1779=CARTESIAN_POINT('',(0.0106409075928873,0.011,-0.0494936234960432));
#1780=CARTESIAN_POINT('',(0.0106534020240822,0.011,-0.0494590605737614));
#1781=CARTESIAN_POINT('',(0.0106672327540043,0.011,-0.0494130417032654));
#1782=CARTESIAN_POINT('',(0.0106703255272264,0.011,-0.0494020731088787));
#1783=CARTESIAN_POINT('',(0.0106732291283483,0.011,-0.0493910574109033));
#1784=CARTESIAN_POINT('',(-1.37139897531113E-6,0.011,-0.0501365842775789));
#1785=CARTESIAN_POINT('',(-1.37139897485143E-6,0.011,-0.0501365842775789));
#1786=CARTESIAN_POINT('',(-0.00323665769505335,0.011,-0.0501365842775789));
#1787=CARTESIAN_POINT('',(-0.00647194399113135,0.011,-0.050136584277579));
#1788=CARTESIAN_POINT('',(-0.00970723028720935,0.011,-0.050136584277579));
#1789=CARTESIAN_POINT('',(-0.00983789177600035,0.011,-0.050136584277579));
#1790=CARTESIAN_POINT('',(-0.00996730677845415,0.011,-0.0501110593669388));
#1791=CARTESIAN_POINT('',(-0.0100881386900583,0.011,-0.0500614657577577));
#1792=CARTESIAN_POINT('',(-0.0101485264431834,0.011,-0.0500366805285243));
#1793=CARTESIAN_POINT('',(-0.0102061913016319,0.011,-0.0500061227944984));
#1794=CARTESIAN_POINT('',(-0.0103145435664105,0.011,-0.0499344820159738));
#1795=CARTESIAN_POINT('',(-0.0103652164925543,0.011,-0.0498934089214684));
#1796=CARTESIAN_POINT('',(-0.0104116260221966,0.011,-0.049847588362353));
#1797=CARTESIAN_POINT('',(-0.0105043586192382,0.011,-0.0497560326090968));
#1798=CARTESIAN_POINT('',(-0.0105782732685624,0.011,-0.049647296148696));
#1799=CARTESIAN_POINT('',(-0.0106292419958863,0.011,-0.0495274912497103));
#1800=CARTESIAN_POINT('',(-0.0106436503908379,0.011,-0.0494936234960433));
#1801=CARTESIAN_POINT('',(-0.0106561448220327,0.011,-0.0494590605737615));
#1802=CARTESIAN_POINT('',(-0.0106699755519548,0.011,-0.0494130417032655));
#1803=CARTESIAN_POINT('',(-0.0106730683251769,0.011,-0.0494020731088788));
#1804=CARTESIAN_POINT('',(-0.0106759719262989,0.011,-0.0493910574109034));
#1805=CARTESIAN_POINT('',(0.0150000000000004,0.011,-0.0471365848435303));
#1806=CARTESIAN_POINT('',(0.0128000000000004,0.011,-0.0471365848435303));
#1807=CARTESIAN_POINT('',(-0.0150027427979511,0.011,-0.0471365848435304));
#1808=CARTESIAN_POINT('',(-0.017202742797951,0.011,-0.0471365848435304));
#1809=CARTESIAN_POINT('',(0.0011,-0.01525,-0.036));
#1810=CARTESIAN_POINT('',(0.0011,-0.01525,-0.0345));
#1811=CARTESIAN_POINT('',(-0.00055,-0.01525,-0.0345));
#1812=CARTESIAN_POINT('',(0.0011,-0.01525,-0.0474));
#1813=CARTESIAN_POINT('',(-0.00055,-0.01525,-0.0474));
#1814=CARTESIAN_POINT('',(-0.0065,-0.01525,-0.036));
#1815=CARTESIAN_POINT('',(-0.0065,-0.01525,-0.0345));
#1816=CARTESIAN_POINT('',(-0.00815,-0.01525,-0.0345));
#1817=CARTESIAN_POINT('',(-0.0065,-0.01525,-0.0474));
#1818=CARTESIAN_POINT('',(-0.00815,-0.01525,-0.0474));
#1819=CARTESIAN_POINT('',(-0.0011,0.0195,-0.036));
#1820=CARTESIAN_POINT('',(-0.0150027427979511,0.0195,-0.0471365848435305));
#1821=CARTESIAN_POINT('',(-0.0150046053848143,0.0195,-0.0506365842771256));
#1822=CARTESIAN_POINT('',(-0.0180286108554523,0.0195,-0.0453775730474945));
#1823=CARTESIAN_POINT('',(-0.00967826955587897,0.0195,-0.0310132401507199));
#1824=CARTESIAN_POINT('',(-0.0117052091276899,0.0195,-0.0345));
#1825=CARTESIAN_POINT('',(0.00979289321881346,0.0195,-0.0345));
#1826=CARTESIAN_POINT('',(0.0095493822220569,0.0195,-0.0345));
#1827=CARTESIAN_POINT('',(0.00622911720118157,0.0195,-0.0302602994601902));
#1828=CARTESIAN_POINT('',(0.0177555612244598,0.0195,-0.044978603764314));
#1829=CARTESIAN_POINT('',(0.0150000000000004,0.0195,-0.0471365848435303));
#1830=CARTESIAN_POINT('',(0.0150021286706594,0.0195,-0.0506365841962104));
#1831=CARTESIAN_POINT('',(-0.00110000000022113,0.0195,-0.0506365842773356));
#1832=CARTESIAN_POINT('',(-0.0106759719262989,0.0195,-0.0493910574109034));
#1833=CARTESIAN_POINT('',(-0.0106759719262989,0.0195,-0.0493910574109034));
#1834=CARTESIAN_POINT('',(-0.010675971926299,0.0195,-0.0412142306268396));
#1835=CARTESIAN_POINT('',(-1.37139897485143E-6,0.0195,-0.0501365842775789));
#1836=CARTESIAN_POINT('',(-0.00323665769505335,0.0195,-0.0501365842775789));
#1837=CARTESIAN_POINT('',(-0.00647194399113135,0.0195,-0.050136584277579));
#1838=CARTESIAN_POINT('',(-0.00970723028720935,0.0195,-0.050136584277579));
#1839=CARTESIAN_POINT('',(-0.00983789177600035,0.0195,-0.050136584277579));
#1840=CARTESIAN_POINT('',(-0.00996730677845415,0.0195,-0.0501110593669388));
#1841=CARTESIAN_POINT('',(-0.0100881386900583,0.0195,-0.0500614657577577));
#1842=CARTESIAN_POINT('',(-0.0101485264431834,0.0195,-0.0500366805285243));
#1843=CARTESIAN_POINT('',(-0.0102061913016319,0.0195,-0.0500061227944984));
#1844=CARTESIAN_POINT('',(-0.0103145435664105,0.0195,-0.0499344820159738));
#1845=CARTESIAN_POINT('',(-0.0103652164925543,0.0195,-0.0498934089214684));
#1846=CARTESIAN_POINT('',(-0.0104116260221966,0.0195,-0.049847588362353));
#1847=CARTESIAN_POINT('',(-0.0105043586192382,0.0195,-0.0497560326090968));
#1848=CARTESIAN_POINT('',(-0.0105782732685624,0.0195,-0.049647296148696));
#1849=CARTESIAN_POINT('',(-0.0106292419958863,0.0195,-0.0495274912497103));
#1850=CARTESIAN_POINT('',(-0.0106436503908379,0.0195,-0.0494936234960433));
#1851=CARTESIAN_POINT('',(-0.0106561448220327,0.0195,-0.0494590605737615));
#1852=CARTESIAN_POINT('',(-0.0106699755519548,0.0195,-0.0494130417032655));
#1853=CARTESIAN_POINT('',(-0.0106730683251769,0.0195,-0.0494020731088788));
#1854=CARTESIAN_POINT('',(-0.0106759719262989,0.0195,-0.0493910574109034));
#1855=CARTESIAN_POINT('',(-1.37139897531113E-6,0.0195,-0.0501365842775789));
#1856=CARTESIAN_POINT('',(-1.37139897575175E-6,0.0195,-0.0501365842775789));
#1857=CARTESIAN_POINT('',(0.0032339148971027,0.0195,-0.0501365842775789));
#1858=CARTESIAN_POINT('',(0.00646920119318071,0.0195,-0.0501365842775789));
#1859=CARTESIAN_POINT('',(0.00970448748925871,0.0195,-0.0501365842775789));
#1860=CARTESIAN_POINT('',(0.00983514897804973,0.0195,-0.0501365842775789));
#1861=CARTESIAN_POINT('',(0.00996456398050349,0.0195,-0.0501110593669388));
#1862=CARTESIAN_POINT('',(0.0100853958921077,0.0195,-0.0500614657577576));
#1863=CARTESIAN_POINT('',(0.0101457836452329,0.0195,-0.0500366805285242));
#1864=CARTESIAN_POINT('',(0.0102034485036814,0.0195,-0.0500061227944983));
#1865=CARTESIAN_POINT('',(0.0103118007684599,0.0195,-0.0499344820159737));
#1866=CARTESIAN_POINT('',(0.0103624736946037,0.0195,-0.0498934089214684));
#1867=CARTESIAN_POINT('',(0.010408883224246,0.0195,-0.0498475883623529));
#1868=CARTESIAN_POINT('',(0.0105016158212876,0.0195,-0.0497560326090967));
#1869=CARTESIAN_POINT('',(0.0105755304706118,0.0195,-0.0496472961486959));
#1870=CARTESIAN_POINT('',(0.0106264991979357,0.0195,-0.0495274912497102));
#1871=CARTESIAN_POINT('',(0.0106409075928873,0.0195,-0.0494936234960432));
#1872=CARTESIAN_POINT('',(0.0106534020240822,0.0195,-0.0494590605737614));
#1873=CARTESIAN_POINT('',(0.0106672327540043,0.0195,-0.0494130417032654));
#1874=CARTESIAN_POINT('',(0.0106703255272264,0.0195,-0.0494020731088787));
#1875=CARTESIAN_POINT('',(0.0106732291283483,0.0195,-0.0493910574109033));
#1876=CARTESIAN_POINT('',(0.0106732291283483,0.0194999999999989,-0.0493910574109033));
#1877=CARTESIAN_POINT('',(0.0106732291283483,0.0195,-0.0493910574109033));
#1878=CARTESIAN_POINT('',(0.0106732291283484,0.0195,-0.0412142306258854));
#1879=CARTESIAN_POINT('',(0.0106732291283484,0.0195,-0.0412142306239773));
#1880=CARTESIAN_POINT('',(0.0106653368152047,0.0195,-0.0411843803516405));
#1881=CARTESIAN_POINT('',(0.0106559286546295,0.0195,-0.0411550326682335));
#1882=CARTESIAN_POINT('',(0.0106450450756036,0.0195,-0.0411261442721583));
#1883=CARTESIAN_POINT('',(0.0106340231341481,0.0195,-0.0410968886192587));
#1884=CARTESIAN_POINT('',(0.0106214875718014,0.0195,-0.0410681034405855));
#1885=CARTESIAN_POINT('',(0.010607433547347,0.0195,-0.0410397695379484));
#1886=CARTESIAN_POINT('',(0.010593402270192,0.0195,-0.0410114814954686));
#1887=CARTESIAN_POINT('',(0.0105778569006368,0.0195,-0.04098364268845));
#1888=CARTESIAN_POINT('',(0.0105607538368468,0.0195,-0.0409562680506392));
#1889=CARTESIAN_POINT('',(0.0105439503239503,0.0195,-0.0409293728647744));
#1890=CARTESIAN_POINT('',(0.0105256426033518,0.0195,-0.0409029252022771));
#1891=CARTESIAN_POINT('',(0.0105057604116486,0.0195,-0.040876980153762));
#1892=CARTESIAN_POINT('',(0.0104862768442189,0.0195,-0.0408515552856309));
#1893=CARTESIAN_POINT('',(0.0104652807234429,0.0195,-0.0408266125358099));
#1894=CARTESIAN_POINT('',(0.010442686564974,0.0195,-0.0408022512172205));
#1895=CARTESIAN_POINT('',(0.010421711707794,0.0195,-0.0407796358505613));
#1896=CARTESIAN_POINT('',(0.0103993591002431,0.0195,-0.0407575215028637));
#1897=CARTESIAN_POINT('',(0.0103755517354737,0.0195,-0.0407360324167557));
#1898=CARTESIAN_POINT('',(0.0103527347384453,0.0195,-0.0407154372598107));
#1899=CARTESIAN_POINT('',(0.0103285810708298,0.0195,-0.0406954161703158));
#1900=CARTESIAN_POINT('',(0.0103030215836564,0.0195,-0.040676123781712));
#1901=CARTESIAN_POINT('',(0.0102785311636537,0.0195,-0.0406576383286763));
#1902=CARTESIAN_POINT('',(0.0102527496868116,0.0195,-0.0406398216690171));
#1903=CARTESIAN_POINT('',(0.0102256207857124,0.0195,-0.0406228556820713));
#1904=CARTESIAN_POINT('',(0.0101996048436896,0.0195,-0.0406065857221813));
#1905=CARTESIAN_POINT('',(0.0101723494264885,0.0195,-0.0405910978671214));
#1906=CARTESIAN_POINT('',(0.0101438141179161,0.0195,-0.040576598632524));
#1907=CARTESIAN_POINT('',(0.0101164119532006,0.0195,-0.040562675165964));
#1908=CARTESIAN_POINT('',(0.0100878292214588,0.0195,-0.0405496631761474));
#1909=CARTESIAN_POINT('',(0.010058043485561,0.0195,-0.0405377917456907));
#1910=CARTESIAN_POINT('',(0.0100299525856501,0.0195,-0.0405265958106331));
#1911=CARTESIAN_POINT('',(0.010000791481827,0.0195,-0.0405164143162831));
#1912=CARTESIAN_POINT('',(0.00997055701617554,0.0195,-0.0405074825246757));
#1913=CARTESIAN_POINT('',(0.00994124584281563,0.0195,-0.04049882348981));
#1914=CARTESIAN_POINT('',(0.00991092560400227,0.0195,-0.0404913388045519));
#1915=CARTESIAN_POINT('',(0.00987961202388834,0.0195,-0.0404852863185273));
#1916=CARTESIAN_POINT('',(0.00984975988764147,0.0195,-0.0404795163095796));
#1917=CARTESIAN_POINT('',(0.00981900479423116,0.0195,-0.0404750478878088));
#1918=CARTESIAN_POINT('',(0.0097873805217426,0.0195,-0.040472146100338));
#1919=CARTESIAN_POINT('',(0.00976037156250703,0.0195,-0.0404696678058718));
#1920=CARTESIAN_POINT('',(0.00973272880479985,0.0195,-0.0404683327627599));
#1921=CARTESIAN_POINT('',(0.0097044874900221,0.0195,-0.0404683327627599));
#1922=CARTESIAN_POINT('',(0.00953504742571763,0.0195,-0.0404683327627599));
#1923=CARTESIAN_POINT('',(0.00935633780021624,0.0195,-0.0404683327627599));
#1924=CARTESIAN_POINT('',(0.00916701714922514,0.0195,-0.0404683327627599));
#1925=CARTESIAN_POINT('',(0.0091204265202703,0.0195,-0.0404683327627599));
#1926=CARTESIAN_POINT('',(0.00907319326497012,0.0195,-0.0404683327627599));
#1927=CARTESIAN_POINT('',(0.00902529739019092,0.0195,-0.0404683327627599));
#1928=CARTESIAN_POINT('',(0.00900144299943174,0.0195,-0.0404683327627599));
#1929=CARTESIAN_POINT('',(0.0089774242454538,0.0195,-0.0404683327627599));
#1930=CARTESIAN_POINT('',(0.00895323865828793,0.0195,-0.0404683327627599));
#1931=CARTESIAN_POINT('',(0.00894747434916129,0.0195,-0.0404683327627599));
#1932=CARTESIAN_POINT('',(0.00894170056319127,0.0195,-0.0404683327627599));
#1933=CARTESIAN_POINT('',(0.00893591726693808,0.0195,-0.0404683327627599));
#1934=CARTESIAN_POINT('',(0.00893016541294028,0.0195,-0.0404683327627599));
#1935=CARTESIAN_POINT('',(0.00892441300421783,0.0195,-0.0404683327627599));
#1936=CARTESIAN_POINT('',(0.00891866485778325,0.0195,-0.0404683327627599));
#1937=CARTESIAN_POINT('',(0.00272865302206358,0.0195,-0.0404683327627599));
#1938=CARTESIAN_POINT('',(-0.000309837823374251,0.0195,-0.0404683327627599));
#1939=CARTESIAN_POINT('',(-0.00260721680932895,0.0195,-0.0404683327627599));
#1940=CARTESIAN_POINT('',(-0.00375590630230625,0.0195,-0.0404683327627599));
#1941=CARTESIAN_POINT('',(-0.00471931783041275,0.0195,-0.0404683327627599));
#1942=CARTESIAN_POINT('',(-0.00579875253499835,0.0195,-0.04046833276276));
#1943=CARTESIAN_POINT('',(-0.00633846988729115,0.0195,-0.04046833276276));
#1944=CARTESIAN_POINT('',(-0.00690719303370365,0.0195,-0.04046833276276));
#1945=CARTESIAN_POINT('',(-0.00754258461690465,0.0195,-0.04046833276276));
#1946=CARTESIAN_POINT('',(-0.00786028040850515,0.0195,-0.04046833276276));
#1947=CARTESIAN_POINT('',(-0.00819464330930275,0.0195,-0.04046833276276));
#1948=CARTESIAN_POINT('',(-0.00855038114963105,0.0195,-0.04046833276276));
#1949=CARTESIAN_POINT('',(-0.00872825006979525,0.0195,-0.04046833276276));
#1950=CARTESIAN_POINT('',(-0.00891146272484215,0.0195,-0.04046833276276));
#1951=CARTESIAN_POINT('',(-0.00910060759356335,0.0195,-0.04046833276276));
#1952=CARTESIAN_POINT('',(-0.00914789381074365,0.0195,-0.04046833276276));
#1953=CARTESIAN_POINT('',(-0.00919555079127855,0.0195,-0.04046833276276));
#1954=CARTESIAN_POINT('',(-0.00924358773014935,0.0195,-0.04046833276276));
#1955=CARTESIAN_POINT('',(-0.00926160158222585,0.0195,-0.04046833276276));
#1956=CARTESIAN_POINT('',(-0.00927966886594335,0.0195,-0.04046833276276));
#1957=CARTESIAN_POINT('',(-0.00929779006619335,0.0195,-0.04046833276276));
#1958=CARTESIAN_POINT('',(-0.00930494228006595,0.0195,-0.04046833276276));
#1959=CARTESIAN_POINT('',(-0.00931210289296635,0.0195,-0.04046833276276));
#1960=CARTESIAN_POINT('',(-0.00931927193470755,0.0195,-0.04046833276276));
#1961=CARTESIAN_POINT('',(-0.00932318506534185,0.0195,-0.04046833276276));
#1962=CARTESIAN_POINT('',(-0.00932710282401225,0.0195,-0.04046833276276));
#1963=CARTESIAN_POINT('',(-0.00933103412786305,0.0195,-0.04046833276276));
#1964=CARTESIAN_POINT('',(-0.00944763783193175,0.0195,-0.04046833276276));
#1965=CARTESIAN_POINT('',(-0.00957390206595135,0.0195,-0.04046833276276));
#1966=CARTESIAN_POINT('',(-0.00970723028720935,0.0195,-0.04046833276276));
#1967=CARTESIAN_POINT('',(-0.00973599277071325,0.0195,-0.04046833276276));
#1968=CARTESIAN_POINT('',(-0.00976532771822785,0.0195,-0.0404697239149867));
#1969=CARTESIAN_POINT('',(-0.00979502885834695,0.0195,-0.0404726094556561));
#1970=CARTESIAN_POINT('',(-0.00982497029054155,0.0195,-0.0404755183413066));
#1971=CARTESIAN_POINT('',(-0.00985528354681475,0.0195,-0.0404799459771667));
#1972=CARTESIAN_POINT('',(-0.00988574102607575,0.0195,-0.0404859471720114));
#1973=CARTESIAN_POINT('',(-0.00991662146288325,0.0195,-0.0404920317043714));
#1974=CARTESIAN_POINT('',(-0.00994764973766775,0.0195,-0.0404997338202789));
#1975=CARTESIAN_POINT('',(-0.00997857753985185,0.0195,-0.0405090576212109));
#1976=CARTESIAN_POINT('',(-0.0100100603763448,0.0195,-0.0405185487482715));
#1977=CARTESIAN_POINT('',(-0.0100414385614469,0.0195,-0.0405297202199843));
#1978=CARTESIAN_POINT('',(-0.0100724460761545,0.0195,-0.0405425221182026));
#1979=CARTESIAN_POINT('',(-0.0101040403248441,0.0195,-0.0405555662579805));
#1980=CARTESIAN_POINT('',(-0.0101352490701513,0.0195,-0.0405703029196187));
#1981=CARTESIAN_POINT('',(-0.010165795988516,0.0195,-0.0405866254428308));
#1982=CARTESIAN_POINT('',(-0.010198024239991,0.0195,-0.0406038463741375));
#1983=CARTESIAN_POINT('',(-0.0102295147990208,0.0195,-0.0406228324976224));
#1984=CARTESIAN_POINT('',(-0.0102599619474823,0.0195,-0.0406434005527539));
#1985=CARTESIAN_POINT('',(-0.0102893534329676,0.0195,-0.0406632554726531));
#1986=CARTESIAN_POINT('',(-0.01031777198858,0.0195,-0.0406845836596962));
#1987=CARTESIAN_POINT('',(-0.0103449713618199,0.0195,-0.0407071759200125));
#1988=CARTESIAN_POINT('',(-0.0103718818721088,0.0195,-0.0407295282458669));
#1989=CARTESIAN_POINT('',(-0.0103975983542196,0.0195,-0.0407531172885967));
#1990=CARTESIAN_POINT('',(-0.0104219201077699,0.0195,-0.0407777071350514));
#1991=CARTESIAN_POINT('',(-0.0104458639780535,0.0195,-0.0408019149329218));
#1992=CARTESIAN_POINT('',(-0.01046845569341,0.0195,-0.0408270920576589));
#1993=CARTESIAN_POINT('',(-0.0104895481558207,0.0195,-0.0408529903801033));
#1994=CARTESIAN_POINT('',(-0.0105103073041339,0.0195,-0.0408784794437422));
#1995=CARTESIAN_POINT('',(-0.0105296139364294,0.0195,-0.0409046665513018));
#1996=CARTESIAN_POINT('',(-0.0105473763046226,0.0195,-0.040931301196876));
#1997=CARTESIAN_POINT('',(-0.0105648391171072,0.0195,-0.040957486659096));
#1998=CARTESIAN_POINT('',(-0.0105808092020472,0.0195,-0.0409841042412503));
#1999=CARTESIAN_POINT('',(-0.0105952494025217,0.0195,-0.0410109095823677));
#2000=CARTESIAN_POINT('',(-0.0106096177505507,0.0195,-0.0410375815438054));
#2001=CARTESIAN_POINT('',(-0.0106224713302688,0.0195,-0.0410644390303781));
#2002=CARTESIAN_POINT('',(-0.0106338249890532,0.0195,-0.04109124106988));
#2003=CARTESIAN_POINT('',(-0.010645209025533,0.0195,-0.0411181148205552));
#2004=CARTESIAN_POINT('',(-0.0106550851121202,0.0195,-0.0411449325111508));
#2005=CARTESIAN_POINT('',(-0.010663520657532,0.0195,-0.0411714561416346));
#2006=CARTESIAN_POINT('',(-0.010668086559211,0.0195,-0.0411858125682847));
#2007=CARTESIAN_POINT('',(-0.010672231329567,0.0195,-0.0412000829580317));
#2008=CARTESIAN_POINT('',(-0.010675971926299,0.0195,-0.0412142306268396));
#2009=CARTESIAN_POINT('',(0.0150000000000004,0.0195,-0.0471365848435303));
#2010=CARTESIAN_POINT('',(0.0128000000000004,0.0195,-0.0471365848435303));
#2011=CARTESIAN_POINT('',(-0.0150027427979511,0.0195,-0.0471365848435304));
#2012=CARTESIAN_POINT('',(-0.017202742797951,0.0195,-0.0471365848435304));
#2013=CARTESIAN_POINT('',(0.0065,0.01525,-0.036));
#2014=CARTESIAN_POINT('',(0.0065,0.01525,-0.0345));
#2015=CARTESIAN_POINT('',(0.00485,0.01525,-0.0345));
#2016=CARTESIAN_POINT('',(-0.0011,0.01525,-0.036));
#2017=CARTESIAN_POINT('',(-0.0011,0.01525,-0.0345));
#2018=CARTESIAN_POINT('',(-0.00275,0.01525,-0.0345));
#2019=CARTESIAN_POINT('',(-0.0011,0.000625,-0.034));
#2020=CARTESIAN_POINT('',(-0.0065,-0.01525,-0.034));
#2021=CARTESIAN_POINT('',(-0.00865,-0.01525,-0.034));
#2022=CARTESIAN_POINT('',(-0.0119928932187379,0.019,-0.034));
#2023=CARTESIAN_POINT('',(0.00954938222205691,0.019,-0.034));
#2024=CARTESIAN_POINT('',(-0.0114928932188135,0.019,-0.034));
#2025=CARTESIAN_POINT('',(-0.0114928932188135,0.011,-0.034));
#2026=CARTESIAN_POINT('',(-0.0114928932188135,0.0115,-0.034));
#2027=CARTESIAN_POINT('',(-0.0011,0.0115,-0.034));
#2028=CARTESIAN_POINT('',(-0.0102928932188134,0.0115,-0.034));
#2029=CARTESIAN_POINT('',(-0.000258946609406746,0.00146605339059326,-0.034));
#2030=CARTESIAN_POINT('',(-0.009,0.0102071067811865,-0.034));
#2031=CARTESIAN_POINT('',(-0.009,0.000625,-0.034));
#2032=CARTESIAN_POINT('',(-0.009,-0.01525,-0.034));
#2033=CARTESIAN_POINT('',(-0.0065,-0.01525,-0.034));
#2034=CARTESIAN_POINT('',(-0.0065,-0.01775,-0.034));
#2035=CARTESIAN_POINT('',(-0.0011,-0.01775,-0.034));
#2036=CARTESIAN_POINT('',(0.0011,-0.01775,-0.034));
#2037=CARTESIAN_POINT('',(0.0011,-0.01525,-0.034));
#2038=CARTESIAN_POINT('',(0.00354450997216315,-0.0157738043489653,-0.034));
#2039=CARTESIAN_POINT('',(0.00670026156602343,-0.0010464233027793,-0.034));
#2040=CARTESIAN_POINT('',(0.00913151873750524,0.0102998597365283,-0.034));
#2041=CARTESIAN_POINT('',(-0.00178616165453704,0.0014737666725476,-0.034));
#2042=CARTESIAN_POINT('',(0.00954938222205691,0.0106376697722004,-0.034));
#2043=CARTESIAN_POINT('',(0.00954938222205691,0.0195,-0.034));
#2044=CARTESIAN_POINT('',(0.0011,-0.01525,-0.034));
#2045=CARTESIAN_POINT('',(-0.00105,-0.01525,-0.034));
#2046=CARTESIAN_POINT('',(-0.0011,0.01525,-0.034));
#2047=CARTESIAN_POINT('',(-0.00325,0.01525,-0.034));
#2048=CARTESIAN_POINT('',(0.0065,0.01525,-0.034));
#2049=CARTESIAN_POINT('',(0.00435,0.01525,-0.034));
#2050=CARTESIAN_POINT('',(-0.0011,0.01525,-0.039));
#2051=CARTESIAN_POINT('',(-0.00344900178815662,0.0128964930025721,-0.0404683327627599));
#2052=CARTESIAN_POINT('',(-0.00442530895180813,0.0152506047592855,-0.0404683327627599));
#2053=CARTESIAN_POINT('',(-0.00344976240461086,0.0176010879602859,-0.0404683327627599));
#2054=CARTESIAN_POINT('',(-0.00110242128734508,0.0185741075621978,-0.0404683327627599));
#2055=CARTESIAN_POINT('',(0.00124988988305506,0.0176024792534483,-0.0404683327627599));
#2056=CARTESIAN_POINT('',(0.00222424894071914,0.0152504290076615,-0.0404683327627599));
#2057=CARTESIAN_POINT('',(0.00125311322952372,0.0129021673891081,-0.0404683327627599));
#2058=CARTESIAN_POINT('',(-0.00109643391194355,0.0119253372470097,-0.0404683327627599));
#2059=CARTESIAN_POINT('',(-0.00344900178815662,0.0128964930025721,-0.0404683327627599));
#2060=CARTESIAN_POINT('',(-0.00442530895180813,0.0152506047592855,-0.0404683327627599));
#2061=CARTESIAN_POINT('',(-0.00344976240461086,0.0176010879602859,-0.0404683327627599));
#2062=CARTESIAN_POINT('',(-0.0041,0.01525,-0.0404683327627599));
#2063=CARTESIAN_POINT('',(0.0065,0.01525,-0.039));
#2064=CARTESIAN_POINT('',(0.0041509982118434,0.0128964930025721,-0.0404683327627599));
#2065=CARTESIAN_POINT('',(0.00317469104819186,0.0152506047592855,-0.0404683327627599));
#2066=CARTESIAN_POINT('',(0.00415023759538915,0.0176010879602859,-0.0404683327627599));
#2067=CARTESIAN_POINT('',(0.00649757871265492,0.0185741075621978,-0.0404683327627599));
#2068=CARTESIAN_POINT('',(0.00884988988305506,0.0176024792534483,-0.0404683327627599));
#2069=CARTESIAN_POINT('',(0.00982424894071914,0.0152504290076615,-0.0404683327627599));
#2070=CARTESIAN_POINT('',(0.00885311322952373,0.0129021673891081,-0.0404683327627599));
#2071=CARTESIAN_POINT('',(0.00650356608805643,0.0119253372470097,-0.0404683327627599));
#2072=CARTESIAN_POINT('',(0.0041509982118434,0.0128964930025721,-0.0404683327627599));
#2073=CARTESIAN_POINT('',(0.00317469104819186,0.0152506047592855,-0.0404683327627599));
#2074=CARTESIAN_POINT('',(0.00415023759538915,0.0176010879602859,-0.0404683327627599));
#2075=CARTESIAN_POINT('',(0.0035,0.01525,-0.0404683327627599));
#2076=CARTESIAN_POINT('',(-0.0011,0.000625,-0.0474));
#2077=CARTESIAN_POINT('',(-0.0011,0.000625,-0.0474));
#2078=CARTESIAN_POINT('',(-0.0150027427979511,0.011,-0.0471365848435304));
#2079=CARTESIAN_POINT('',(0.0150000000000004,0.011,-0.0471365848435303));
#2080=CARTESIAN_POINT('',(0.0181492128279541,0.0109999999999999,-0.0446703207529974));
#2081=CARTESIAN_POINT('',(0.0181492128279541,0.0115,-0.0446703207529974));
#2082=CARTESIAN_POINT('',(0.0181492128279541,0.019,-0.0446703207529974));
#2083=CARTESIAN_POINT('',(0.0150000000000004,0.0115,-0.0471365848435303));
#2084=CARTESIAN_POINT('',(0.0150021286707014,0.0115,-0.0511365842772766));
#2085=CARTESIAN_POINT('',(0.0150021286707014,0.011,-0.0511365842772766));
#2086=CARTESIAN_POINT('',(0.0150021286707014,0.019,-0.0511365842772766));
#2087=CARTESIAN_POINT('',(0.0150000000000004,0.019,-0.0471365848435303));
#2088=CARTESIAN_POINT('',(0.0106732291283484,0.011,-0.0412142306239773));
#2089=CARTESIAN_POINT('',(0.0106732291283484,0.0195,-0.0412142306239773));
#2090=CARTESIAN_POINT('',(0.0106403571196955,0.011,-0.0410899022562744));
#2091=CARTESIAN_POINT('',(0.0106403571196955,0.0195,-0.0410899022562744));
#2092=CARTESIAN_POINT('',(0.0105258475140764,0.011,-0.0408579012043963));
#2093=CARTESIAN_POINT('',(0.0105258475140764,0.0195,-0.0408579012043963));
#2094=CARTESIAN_POINT('',(0.0102373421344163,0.011,-0.0406055142350746));
#2095=CARTESIAN_POINT('',(0.0102373421344163,0.0195,-0.0406055142350746));
#2096=CARTESIAN_POINT('',(0.00995708483452813,0.011,-0.040493505442451));
#2097=CARTESIAN_POINT('',(0.00995708483452813,0.0195,-0.040493505442451));
#2098=CARTESIAN_POINT('',(0.00978682032732587,0.011,-0.0404709413684627));
#2099=CARTESIAN_POINT('',(0.00978682032732587,0.0195,-0.0404709413684627));
#2100=CARTESIAN_POINT('',(0.00972419861618313,0.011,-0.040468170620382));
#2101=CARTESIAN_POINT('',(0.00972419861618313,0.0195,-0.040468170620382));
#2102=CARTESIAN_POINT('',(0.00963221455804383,0.011,-0.0404684251773154));
#2103=CARTESIAN_POINT('',(0.00963221455804383,0.0195,-0.0404684251773154));
#2104=CARTESIAN_POINT('',(0.00943912247486201,0.011,-0.0404682663701833));
#2105=CARTESIAN_POINT('',(0.00943912247486201,0.0195,-0.0404682663701833));
#2106=CARTESIAN_POINT('',(0.00916507199456,0.011,-0.0404683547895061));
#2107=CARTESIAN_POINT('',(0.00916507199456,0.0195,-0.0404683547895061));
#2108=CARTESIAN_POINT('',(0.00867994211537914,0.011,-0.040468320046453));
#2109=CARTESIAN_POINT('',(0.00867994211537914,0.0195,-0.040468320046453));
#2110=CARTESIAN_POINT('',(0.00809325327507688,0.011,-0.0404683370757906));
#2111=CARTESIAN_POINT('',(0.00809325327507688,0.0195,-0.0404683370757906));
#2112=CARTESIAN_POINT('',(0.0074161409370384,0.011,-0.0404683316328115));
#2113=CARTESIAN_POINT('',(0.0074161409370384,0.0195,-0.0404683316328115));
#2114=CARTESIAN_POINT('',(0.00654941473272319,0.011,-0.0404683334150932));
#2115=CARTESIAN_POINT('',(0.00654941473272319,0.0195,-0.0404683334150932));
#2116=CARTESIAN_POINT('',(0.00553091803192438,0.011,-0.0404683325415024));
#2117=CARTESIAN_POINT('',(0.00553091803192438,0.0195,-0.0404683325415024));
#2118=CARTESIAN_POINT('',(0.00440593005899043,0.011,-0.0404683328207383));
#2119=CARTESIAN_POINT('',(0.00440593005899043,0.0195,-0.0404683328207383));
#2120=CARTESIAN_POINT('',(0.000957011425055819,0.011,-0.0404683325919563));
#2121=CARTESIAN_POINT('',(0.000957011425055819,0.0195,-0.0404683325919563));
#2122=CARTESIAN_POINT('',(-0.00189871866642627,0.011,-0.0404683325069175));
#2123=CARTESIAN_POINT('',(-0.00189871866642627,0.0195,-0.0404683325069175));
#2124=CARTESIAN_POINT('',(-0.00416976569341658,0.011,-0.0404683330103407));
#2125=CARTESIAN_POINT('',(-0.00416976569341658,0.0195,-0.0404683330103407));
#2126=CARTESIAN_POINT('',(-0.00545667032661019,0.011,-0.040468332339516));
#2127=CARTESIAN_POINT('',(-0.00545667032661019,0.0195,-0.040468332339516));
#2128=CARTESIAN_POINT('',(-0.00647124630311747,0.011,-0.0404683343758612));
#2129=CARTESIAN_POINT('',(-0.00647124630311747,0.0195,-0.0404683343758612));
#2130=CARTESIAN_POINT('',(-0.00740330009504569,0.011,-0.0404683280073094));
#2131=CARTESIAN_POINT('',(-0.00740330009504569,0.0195,-0.0404683280073094));
#2132=CARTESIAN_POINT('',(-0.00822875174443265,0.011,-0.0404683409999508));
#2133=CARTESIAN_POINT('',(-0.00822875174443265,0.0195,-0.0404683409999508));
#2134=CARTESIAN_POINT('',(-0.00878257754479228,0.011,-0.0404683079343975));
#2135=CARTESIAN_POINT('',(-0.00878257754479228,0.0195,-0.0404683079343975));
#2136=CARTESIAN_POINT('',(-0.00919537677725681,0.011,-0.0404683673223772));
#2137=CARTESIAN_POINT('',(-0.00919537677725681,0.0195,-0.0404683673223772));
#2138=CARTESIAN_POINT('',(-0.00943561275815209,0.011,-0.0404682721275226));
#2139=CARTESIAN_POINT('',(-0.00943561275815209,0.0195,-0.0404682721275226));
#2140=CARTESIAN_POINT('',(-0.00960704356985247,0.011,-0.0404685158069254));
#2141=CARTESIAN_POINT('',(-0.00960704356985247,0.0195,-0.0404685158069254));
#2142=CARTESIAN_POINT('',(-0.00973274382528661,0.011,-0.0404680154103097));
#2143=CARTESIAN_POINT('',(-0.00973274382528661,0.0195,-0.0404680154103097));
#2144=CARTESIAN_POINT('',(-0.00978969447884932,0.011,-0.0404713340543001));
#2145=CARTESIAN_POINT('',(-0.00978969447884932,0.0195,-0.0404713340543001));
#2146=CARTESIAN_POINT('',(-0.00992515840496709,0.011,-0.040488588638587));
#2147=CARTESIAN_POINT('',(-0.00992515840496709,0.0195,-0.040488588638587));
#2148=CARTESIAN_POINT('',(-0.0101774873881948,0.011,-0.0405704420921185));
#2149=CARTESIAN_POINT('',(-0.0101774873881948,0.0195,-0.0405704420921185));
#2150=CARTESIAN_POINT('',(-0.0105111472014172,0.011,-0.0408214375951084));
#2151=CARTESIAN_POINT('',(-0.0105111472014172,0.0195,-0.0408214375951084));
#2152=CARTESIAN_POINT('',(-0.0106430999180126,0.011,-0.0410899022590396));
#2153=CARTESIAN_POINT('',(-0.0106430999180126,0.0195,-0.0410899022590396));
#2154=CARTESIAN_POINT('',(-0.010675971926299,0.011,-0.0412142306268396));
#2155=CARTESIAN_POINT('',(-0.010675971926299,0.0195,-0.0412142306268396));
#2156=CARTESIAN_POINT('',(0.0106732291283484,0.011,-0.0412142306258854));
#2157=CARTESIAN_POINT('',(-0.010675971926299,0.011,-0.0412142306268396));
#2158=CARTESIAN_POINT('',(0.0150000000000004,0.011,-0.0471365848435303));
#2159=CARTESIAN_POINT('',(0.0139710530233838,0.011,-0.0393351603764987));
#2160=CARTESIAN_POINT('',(0.0104650422704516,0.0107349580792395,-0.0348582780829681));
#2161=CARTESIAN_POINT('',(0.0101844615606927,0.0105081304595104,-0.0345));
#2162=CARTESIAN_POINT('',(0.0114113820741257,0.0115,-0.036066674807704));
#2163=CARTESIAN_POINT('',(0.0181492128279541,0.0115,-0.0446703207529974));
#2164=CARTESIAN_POINT('',(0.0139710530233838,0.019,-0.0393351603764987));
#2165=CARTESIAN_POINT('',(0.00994303382555111,0.019,-0.0341917169886834));
#2166=CARTESIAN_POINT('',(0.00994303382555111,0.0101915779957788,-0.0341917169886834));
#2167=CARTESIAN_POINT('',(0.00994303382555111,0.0107093769685241,-0.0341917169886834));
#2168=CARTESIAN_POINT('',(0.0130565429272231,0.0081140544504765,-0.0381674075242484));
#2169=CARTESIAN_POINT('',(-0.0152268854698116,0.011,-0.0395631428240305));
#2170=CARTESIAN_POINT('',(-0.0184608777208097,0.011,-0.0451262856480608));
#2171=CARTESIAN_POINT('',(-0.0184608777208097,0.0115,-0.0451262856480608));
#2172=CARTESIAN_POINT('',(-0.0184608777208097,0.019,-0.0451262856480608));
#2173=CARTESIAN_POINT('',(-0.0119928932187944,0.0115,-0.0339999999999672));
#2174=CARTESIAN_POINT('',(-0.0122441806182472,0.0115,-0.0344322668653574));
#2175=CARTESIAN_POINT('',(-0.0122441806182472,0.0195,-0.0344322668653574));
#2176=CARTESIAN_POINT('',(-0.0122441806182472,0.019,-0.0344322668653574));
#2177=CARTESIAN_POINT('',(-0.0152268854698116,0.019,-0.0395631428240305));
#2178=CARTESIAN_POINT('',(-0.0150027427979511,0.011,-0.0471365848435305));
#2179=CARTESIAN_POINT('',(-0.015004871468652,0.011,-0.0511365842771256));
#2180=CARTESIAN_POINT('',(-0.015004871468652,0.0115,-0.0511365842771256));
#2181=CARTESIAN_POINT('',(-0.015004871468652,0.019,-0.0511365842771256));
#2182=CARTESIAN_POINT('',(-0.0150027427979511,0.0115,-0.0471365848435305));
#2183=CARTESIAN_POINT('',(-0.0150027427979511,0.019,-0.0471365848435305));
#2184=CARTESIAN_POINT('',(0.0150021286707014,0.011,-0.0511365842775789));
#2185=CARTESIAN_POINT('',(0.00650000000000013,0.01525,-0.0511365842774504));
#2186=CARTESIAN_POINT('',(0.00350000000000013,0.01525,-0.0511365842774051));
#2187=CARTESIAN_POINT('',(-0.00109999999999988,0.01525,-0.0511365842773356));
#2188=CARTESIAN_POINT('',(-0.00409999999999988,0.01525,-0.0511365842772903));
#2189=CARTESIAN_POINT('',(-0.015004871468652,0.0115,-0.0511365842771256));
#2190=CARTESIAN_POINT('',(0.0150021286707014,0.019,-0.0511365842775789));
#2191=CARTESIAN_POINT('',(0.0106732291283483,0.011,-0.0493910574109033));
#2192=CARTESIAN_POINT('',(0.0106732291283483,0.0109999999999989,-0.0493910574109033));
#2193=CARTESIAN_POINT('',(-1.37139897575175E-6,0.0109999999999989,-0.0501365842775789));
#2194=CARTESIAN_POINT('',(-1.37139897575175E-6,0.0195,-0.0501365842775789));
#2195=CARTESIAN_POINT('',(0.00102712329245015,0.0109999999999989,-0.0501365842775789));
#2196=CARTESIAN_POINT('',(0.00102712329245015,0.0195,-0.0501365842775789));
#2197=CARTESIAN_POINT('',(0.00256987143720247,0.0109999999999989,-0.0501365841078872));
#2198=CARTESIAN_POINT('',(0.00256987143720247,0.0195,-0.0501365841078872));
#2199=CARTESIAN_POINT('',(0.00462684453308471,0.0109999999999989,-0.0501365845603984));
#2200=CARTESIAN_POINT('',(0.00462684453308471,0.0195,-0.0501365845603984));
#2201=CARTESIAN_POINT('',(0.00591250361479036,0.0109999999999989,-0.0501365834291205));
#2202=CARTESIAN_POINT('',(0.00591250361479036,0.0195,-0.0501365834291205));
#2203=CARTESIAN_POINT('',(0.00694091483549812,0.0109999999999989,-0.0501365857482401));
#2204=CARTESIAN_POINT('',(0.00694091483549812,0.0195,-0.0501365857482401));
#2205=CARTESIAN_POINT('',(0.00771254084693167,0.0109999999999989,-0.0501365786636126));
#2206=CARTESIAN_POINT('',(0.00771254084693167,0.0195,-0.0501365786636126));
#2207=CARTESIAN_POINT('',(0.0084829544970826,0.0109999999999989,-0.0501366052627829));
#2208=CARTESIAN_POINT('',(0.0084829544970826,0.0195,-0.0501366052627829));
#2209=CARTESIAN_POINT('',(0.00906416362161664,0.0109999999999989,-0.0501365307787426));
#2210=CARTESIAN_POINT('',(0.00906416362161664,0.0195,-0.0501365307787426));
#2211=CARTESIAN_POINT('',(0.00944635042267208,0.0109999999999989,-0.0501366279855589));
#2212=CARTESIAN_POINT('',(0.00944635042267208,0.0195,-0.0501366279855589));
#2213=CARTESIAN_POINT('',(0.00961346070224583,0.0109999999999989,-0.050136449948499));
#2214=CARTESIAN_POINT('',(0.00961346070224583,0.0195,-0.050136449948499));
#2215=CARTESIAN_POINT('',(0.00972879965084675,0.0109999999999989,-0.0501368173283267));
#2216=CARTESIAN_POINT('',(0.00972879965084675,0.0195,-0.0501368173283267));
#2217=CARTESIAN_POINT('',(0.0097806099969764,0.0109999999999989,-0.0501342516848337));
#2218=CARTESIAN_POINT('',(0.0097806099969764,0.0195,-0.0501342516848337));
#2219=CARTESIAN_POINT('',(0.00989998213569095,0.0109999999999989,-0.0501216422883554));
#2220=CARTESIAN_POINT('',(0.00989998213569095,0.0195,-0.0501216422883554));
#2221=CARTESIAN_POINT('',(0.010051407549874,0.0109999999999989,-0.0500808452210517));
#2222=CARTESIAN_POINT('',(0.010051407549874,0.0195,-0.0500808452210517));
#2223=CARTESIAN_POINT('',(0.0104031979371555,0.0109999999999989,-0.0499134522461637));
#2224=CARTESIAN_POINT('',(0.0104031979371555,0.0195,-0.0499134522461637));
#2225=CARTESIAN_POINT('',(0.0106080313900796,0.0109999999999989,-0.0496384049504846));
#2226=CARTESIAN_POINT('',(0.0106080313900796,0.0195,-0.0496384049504846));
#2227=CARTESIAN_POINT('',(0.0106732291283483,0.0109999999999989,-0.0493910574109033));
#2228=CARTESIAN_POINT('',(0.0106732291283483,0.0195,-0.0493910574109033));
#2229=CARTESIAN_POINT('',(0.00415099821184348,0.0176035069974279,-0.0501365842775789));
#2230=CARTESIAN_POINT('',(0.00317469104819199,0.0152493952407145,-0.0501365842775789));
#2231=CARTESIAN_POINT('',(0.00415023759538923,0.0128989120397141,-0.0501365842775789));
#2232=CARTESIAN_POINT('',(0.00649757871265502,0.0119258924378021,-0.0501365842775789));
#2233=CARTESIAN_POINT('',(0.00884988988305517,0.0128975207465517,-0.0501365842775789));
#2234=CARTESIAN_POINT('',(0.00982424894071922,0.0152495709923385,-0.0501365842775789));
#2235=CARTESIAN_POINT('',(0.00885311322952383,0.0175978326108919,-0.0501365842775789));
#2236=CARTESIAN_POINT('',(0.00650356608805654,0.0185746627529903,-0.0501365842775789));
#2237=CARTESIAN_POINT('',(0.00415099821184348,0.0176035069974279,-0.0501365842775789));
#2238=CARTESIAN_POINT('',(0.00317469104819199,0.0152493952407145,-0.0501365842775789));
#2239=CARTESIAN_POINT('',(0.00415023759538923,0.0128989120397141,-0.0501365842775789));
#2240=CARTESIAN_POINT('',(0.00350000000000011,0.01525,-0.0501365842775789));
#2241=CARTESIAN_POINT('',(-1.37139897575175E-6,0.012458402751647,-0.0501365842775789));
#2242=CARTESIAN_POINT('',(0.00056051702459827,0.0126795330357835,-0.0501365842775789));
#2243=CARTESIAN_POINT('',(0.00152812459892062,0.0134557606953745,-0.0501365842775789));
#2244=CARTESIAN_POINT('',(0.00208637634267266,0.015250604249805,-0.0501365842775789));
#2245=CARTESIAN_POINT('',(0.00152636943074776,0.0170464684974757,-0.0501365842775789));
#2246=CARTESIAN_POINT('',(0.000560517024598267,0.0178204669642165,-0.0501365842775789));
#2247=CARTESIAN_POINT('',(-1.37139897575175E-6,0.018041597248353,-0.0501365842775789));
#2248=CARTESIAN_POINT('',(-1.37139897485143E-6,0.0124584027516474,-0.0501365842775789));
#2249=CARTESIAN_POINT('',(-1.37139897531113E-6,0.0180415972483527,-0.0501365842775789));
#2250=CARTESIAN_POINT('',(-1.37139897531113E-6,0.011,-0.0501365842775789));
#2251=CARTESIAN_POINT('',(-1.37139897531113E-6,0.011,-0.0501365842775789));
#2252=CARTESIAN_POINT('',(-1.37139897485143E-6,0.011,-0.0501365842775789));
#2253=CARTESIAN_POINT('',(-1.37139897485143E-6,0.0195,-0.0501365842775789));
#2254=CARTESIAN_POINT('',(-0.00102986609040077,0.011,-0.0501365842775789));
#2255=CARTESIAN_POINT('',(-0.00102986609040077,0.0195,-0.0501365842775789));
#2256=CARTESIAN_POINT('',(-0.00257261423515293,0.011,-0.0501365841078872));
#2257=CARTESIAN_POINT('',(-0.00257261423515293,0.0195,-0.0501365841078872));
#2258=CARTESIAN_POINT('',(-0.00462958733103524,0.011,-0.0501365845603984));
#2259=CARTESIAN_POINT('',(-0.00462958733103524,0.0195,-0.0501365845603984));
#2260=CARTESIAN_POINT('',(-0.00591524641274091,0.011,-0.0501365834291206));
#2261=CARTESIAN_POINT('',(-0.00591524641274091,0.0195,-0.0501365834291206));
#2262=CARTESIAN_POINT('',(-0.00694365763344871,0.011,-0.0501365857482402));
#2263=CARTESIAN_POINT('',(-0.00694365763344871,0.0195,-0.0501365857482402));
#2264=CARTESIAN_POINT('',(-0.00771528364488224,0.011,-0.0501365786636127));
#2265=CARTESIAN_POINT('',(-0.00771528364488224,0.0195,-0.0501365786636127));
#2266=CARTESIAN_POINT('',(-0.0084856972950332,0.011,-0.050136605262783));
#2267=CARTESIAN_POINT('',(-0.0084856972950332,0.0195,-0.050136605262783));
#2268=CARTESIAN_POINT('',(-0.00906690641956722,0.011,-0.0501365307787428));
#2269=CARTESIAN_POINT('',(-0.00906690641956722,0.0195,-0.0501365307787428));
#2270=CARTESIAN_POINT('',(-0.00944909322062268,0.011,-0.050136627985559));
#2271=CARTESIAN_POINT('',(-0.00944909322062268,0.0195,-0.050136627985559));
#2272=CARTESIAN_POINT('',(-0.00961620350019641,0.011,-0.0501364499484991));
#2273=CARTESIAN_POINT('',(-0.00961620350019641,0.0195,-0.0501364499484991));
#2274=CARTESIAN_POINT('',(-0.00973154244879738,0.011,-0.0501368173283268));
#2275=CARTESIAN_POINT('',(-0.00973154244879738,0.0195,-0.0501368173283268));
#2276=CARTESIAN_POINT('',(-0.00978335279492701,0.011,-0.0501342516848338));
#2277=CARTESIAN_POINT('',(-0.00978335279492701,0.0195,-0.0501342516848338));
#2278=CARTESIAN_POINT('',(-0.00990272493364159,0.011,-0.0501216422883555));
#2279=CARTESIAN_POINT('',(-0.00990272493364159,0.0195,-0.0501216422883555));
#2280=CARTESIAN_POINT('',(-0.0100541503478247,0.011,-0.0500808452210518));
#2281=CARTESIAN_POINT('',(-0.0100541503478247,0.0195,-0.0500808452210518));
#2282=CARTESIAN_POINT('',(-0.0104059407351061,0.011,-0.0499134522461639));
#2283=CARTESIAN_POINT('',(-0.0104059407351061,0.0195,-0.0499134522461639));
#2284=CARTESIAN_POINT('',(-0.0106107741880298,0.011,-0.0496384049504845));
#2285=CARTESIAN_POINT('',(-0.0106107741880298,0.0195,-0.0496384049504845));
#2286=CARTESIAN_POINT('',(-0.0106759719262989,0.011,-0.0493910574109034));
#2287=CARTESIAN_POINT('',(-0.0106759719262989,0.0195,-0.0493910574109034));
#2288=CARTESIAN_POINT('',(-1.37139897485143E-6,0.0124584027516474,-0.0501365842775789));
#2289=CARTESIAN_POINT('',(-0.000915050038584098,0.012098825994573,-0.0501365842775789));
#2290=CARTESIAN_POINT('',(-0.00251895098648465,0.0122898029909619,-0.0501365842775789));
#2291=CARTESIAN_POINT('',(-0.00385896013417729,0.0137926927218346,-0.0501365842775789));
#2292=CARTESIAN_POINT('',(-0.0042205198382974,0.0152457514671491,-0.050136584277579));
#2293=CARTESIAN_POINT('',(-0.00385895289910384,0.0167077458373689,-0.050136584277579));
#2294=CARTESIAN_POINT('',(-0.00252653903510396,0.018204765376481,-0.0501365842775789));
#2295=CARTESIAN_POINT('',(-0.000915050038584096,0.018401174005427,-0.0501365842775789));
#2296=CARTESIAN_POINT('',(-1.37139897485143E-6,0.0180415972483526,-0.0501365842775789));
#2297=CARTESIAN_POINT('',(-0.0106759719262989,0.011,-0.0493910574109034));
#2298=CARTESIAN_POINT('',(-0.0106759719262989,0.011,-0.0493910574109034));
#2299=CARTESIAN_POINT('',(0.00958337147922734,0.0100221960111347,-0.036));
#2300=CARTESIAN_POINT('',(0.00958337147922734,0.0100221960111347,-0.0345));
#2301=CARTESIAN_POINT('',(0.0104593897614126,0.0107303884665533,-0.0377918075445814));
#2302=CARTESIAN_POINT('',(0.00869957555242387,0.00930771593666578,-0.0378077159366661));
#2303=CARTESIAN_POINT('',(0.00958604771672164,0.0100243595404136,-0.0361291966865635));
#2304=CARTESIAN_POINT('',(-0.0105,0.011,-0.036));
#2305=CARTESIAN_POINT('',(-0.0105,0.011,-0.0345));
#2306=CARTESIAN_POINT('',(-0.00933333333333347,0.00983333333333345,-0.0383333333333336));
#2307=CARTESIAN_POINT('',(-0.011,0.0115,-0.037));
#2308=CARTESIAN_POINT('',(-0.0107464466094067,0.011,-0.0395));
#2309=CARTESIAN_POINT('',(0.00670026156602343,-0.0010464233027793,-0.039));
#2310=CARTESIAN_POINT('',(-0.009,0.000625,-0.039));
#2311=CARTESIAN_POINT('',(0.0011,-0.01525,-0.0345));
#2312=CARTESIAN_POINT('',(0.0011,-0.01825,-0.0345));
#2313=CARTESIAN_POINT('',(0.00354450997216315,-0.0157738043489653,-0.034));
#2314=CARTESIAN_POINT('',(0.00691315259270462,-0.00243928260937917,-0.0345));
#2315=CARTESIAN_POINT('',(0.0115000592025181,0.00884439049060871,-0.0366209207627975));
#2316=CARTESIAN_POINT('',(-0.0027,-0.01825,-0.0345));
#2317=CARTESIAN_POINT('',(-0.0065,-0.01825,-0.0345));
#2318=CARTESIAN_POINT('',(0.0139710530233838,0.0115,-0.0393351603764987));
#2319=CARTESIAN_POINT('',(0.0181492128279541,0.0115,-0.0446703207529974));
#2320=CARTESIAN_POINT('',(0.0150000000000004,0.0195,-0.0471365848435303));
#2321=CARTESIAN_POINT('',(0.0181492128279541,0.019,-0.0446703207529974));
#2322=CARTESIAN_POINT('',(0.0150021286706594,0.0195,-0.0506365841962104));
#2323=CARTESIAN_POINT('',(-0.00178616165453704,0.0014737666725476,-0.034));
#2324=CARTESIAN_POINT('',(0.00998470634118093,0.0107169679937684,-0.0342120124203201));
#2325=CARTESIAN_POINT('',(-0.0065,-0.01525,-0.0345));
#2326=CARTESIAN_POINT('',(-0.0095,-0.01525,-0.0345));
#2327=CARTESIAN_POINT('',(0.0150000000000004,0.0115,-0.0471365848435303));
#2328=CARTESIAN_POINT('',(0.0150021286707011,0.0115,-0.0511365842771254));
#2329=CARTESIAN_POINT('',(-0.00110000000022113,0.0195,-0.0506365842773356));
#2330=CARTESIAN_POINT('',(-0.0150046053848143,0.0195,-0.0506365842771256));
#2331=CARTESIAN_POINT('',(0.00622911720118157,0.0195,-0.0302602994601902));
#2332=CARTESIAN_POINT('',(0.00994303382555111,0.019,-0.0341917169886834));
#2333=CARTESIAN_POINT('',(0.00994303382555111,0.011,-0.0341917169886834));
#2334=CARTESIAN_POINT('',(0.00994303382555111,0.019,-0.0341917169886834));
#2335=CARTESIAN_POINT('',(-0.0095,-0.002125,-0.0345));
#2336=CARTESIAN_POINT('',(-0.00664208211240265,0.0111837883491915,-0.0316420821124027));
#2337=CARTESIAN_POINT('',(0.0150021286707014,0.0115,-0.0511365842775789));
#2338=CARTESIAN_POINT('',(-0.015004871468652,0.0115,-0.0511365842771256));
#2339=CARTESIAN_POINT('',(-0.0150027427979511,0.019,-0.0471365848435305));
#2340=CARTESIAN_POINT('',(-0.0180286108554523,0.0195,-0.0453775730474945));
#2341=CARTESIAN_POINT('',(0.00994303382555111,0.019,-0.0341917169886834));
#2342=CARTESIAN_POINT('',(0.0095493822220569,0.0190958584943417,-0.0340958584943417));
#2343=CARTESIAN_POINT('',(-0.000258946609406747,0.00146605339059325,-0.034));
#2344=CARTESIAN_POINT('',(-0.0105194713950677,0.0109529918939491,-0.0345470081060509));
#2345=CARTESIAN_POINT('',(-0.0150027427979511,0.011,-0.0471365848435305));
#2346=CARTESIAN_POINT('',(-0.0184608777208096,0.0115,-0.0451262856480608));
#2347=CARTESIAN_POINT('',(-0.00967826955587897,0.0195,-0.0310132401507199));
#2348=CARTESIAN_POINT('',(-0.0122441806182472,0.019,-0.0344322668653574));
#2349=CARTESIAN_POINT('',(-0.0011,0.019,-0.034));
#2350=CARTESIAN_POINT('',(-0.0116392119601882,0.0193445779031562,-0.0343445779031563));
#2351=CARTESIAN_POINT('',(-0.0107464466094067,0.011,-0.0345));
#2352=CARTESIAN_POINT('',(-0.0114928932188135,0.0115,-0.034));
#2353=CARTESIAN_POINT('',(-0.0152268854698116,0.0115,-0.0395631428240305));
#2354=CARTESIAN_POINT('',(-0.0118727452860927,0.0111554220968438,-0.0344789455483761));
#2355=CARTESIAN_POINT('',(-0.0122441806182472,0.019,-0.0344322668653574));
#2356=CARTESIAN_POINT('',(-0.0122441806182472,0.019,-0.0344322668653574));
#2357=CARTESIAN_POINT('',(-0.0114928932188135,0.0115,-0.034));
#2358=CARTESIAN_POINT('',(-0.0114928932188135,0.0115,-0.034));
#2359=CARTESIAN_POINT('',(-0.0114928932188135,0.000625,-0.034));
#2360=CARTESIAN_POINT('',(-0.0011,-0.01775,-0.039));
#2361=CARTESIAN_POINT('',(-0.0065,-0.01525,-0.034));
#2362=CARTESIAN_POINT('',(0.0011,-0.01525,-0.034));
#2363=CARTESIAN_POINT('',(-0.0011,0.01525,-0.034));
#2364=CARTESIAN_POINT('',(0.0065,0.01525,-0.034));
#2365=CARTESIAN_POINT('',(-0.0011,0.01525,-0.039));
#2366=CARTESIAN_POINT('',(0.0065,0.01525,-0.039));
#2367=MECHANICAL_DESIGN_GEOMETRIC_PRESENTATION_REPRESENTATION('',(#1122),
#2368);
#2368=(
GEOMETRIC_REPRESENTATION_CONTEXT(3)
GLOBAL_UNCERTAINTY_ASSIGNED_CONTEXT((#2369))
GLOBAL_UNIT_ASSIGNED_CONTEXT((#2372,#2371,#2370))
REPRESENTATION_CONTEXT('goliath','TOP_LEVEL_ASSEMBLY_PART')
);
#2369=UNCERTAINTY_MEASURE_WITH_UNIT(LENGTH_MEASURE(2.E-5),#2372,
'DISTANCE_ACCURACY_VALUE','Maximum Tolerance applied to model');
#2370=(
NAMED_UNIT(*)
SI_UNIT($,.STERADIAN.)
SOLID_ANGLE_UNIT()
);
#2371=(
NAMED_UNIT(*)
PLANE_ANGLE_UNIT()
SI_UNIT($,.RADIAN.)
);
#2372=(
LENGTH_UNIT()
NAMED_UNIT(*)
SI_UNIT($,.METRE.)
);
#2373=PRODUCT_DEFINITION_SHAPE('','',#2374);
#2374=PRODUCT_DEFINITION('','',#2376,#2375);
#2375=PRODUCT_DEFINITION_CONTEXT('',#2382,'design');
#2376=PRODUCT_DEFINITION_FORMATION_WITH_SPECIFIED_SOURCE('','',#2378,
 .NOT_KNOWN.);
#2377=PRODUCT_RELATED_PRODUCT_CATEGORY('','',(#2378));
#2378=PRODUCT('goliath','goliath','goliath',(#2380));
#2379=PRODUCT_CATEGORY('','');
#2380=PRODUCT_CONTEXT('',#2382,'mechanical');
#2381=APPLICATION_PROTOCOL_DEFINITION('international standard',
'ap242_managed_model_based_3d_engineering',2020,#2382);
#2382=APPLICATION_CONTEXT('managed model based 3d engineering');
ENDSEC;
END-ISO-10303-21;
