ISO-10303-21;
HEADER;
/* Generated by software containing ST-Developer
 * from STEP Tools, Inc. (www.steptools.com) 
 */
/* OPTION: using custom renumber hook */

FILE_DESCRIPTION(
/* description */ ('STEP AP242 Edition 2',
'CAx-IF Rec.Pracs.---Representation and Presentation of Product Manufa
cturing Information (PMI)---4.0---2014-10-13',
'CAx-IF Rec.Pracs.---3D Tessellated Geometry---0.4---2014-09-14','2;1',
'CAx-IF Rec.Pracs.---User Defined Attributes---1.5---2016-08-15'),
/* implementation_level */ '2;1');

FILE_NAME(
/* name */ 'bfe7a8f4-8a33-424f-86f2-18798152a4eb',
/* time_stamp */ '2026-08-22T15:30:26Z',
/* author */ (''),
/* organization */ (''),
/* preprocessor_version */ 'ST-DEVELOPER v20',
/* originating_system */ 'ONSHAPE BY PTC INC, 1.219',
/* authorisation */ '  ');

FILE_SCHEMA (('AP242_MANAGED_MODEL_BASED_3D_ENGINEERING_MIM_LF { 1 0 10303 442 3 1 4 }'));
ENDSEC;

DATA;
#10=CONICAL_SURFACE('',#5378,0.00265000000000004,0.785398163397448);
#11=SHAPE_REPRESENTATION_RELATIONSHIP('','',#5141,#24);
#12=SHAPE_REPRESENTATION_RELATIONSHIP('','',#5142,#25);
#13=SHAPE_REPRESENTATION_RELATIONSHIP('','',#5143,#26);
#14=SHAPE_REPRESENTATION_RELATIONSHIP('','',#5144,#27);
#15=SHAPE_REPRESENTATION_RELATIONSHIP('','',#5145,#28);
#16=SHAPE_REPRESENTATION_RELATIONSHIP('','',#5146,#29);
#17=SHAPE_REPRESENTATION_RELATIONSHIP('','',#5147,#30);
#18=SHAPE_REPRESENTATION_RELATIONSHIP('','',#5148,#31);
#19=SHAPE_REPRESENTATION_RELATIONSHIP('','',#5149,#32);
#20=SHAPE_REPRESENTATION_RELATIONSHIP('','',#5150,#33);
#21=SHAPE_REPRESENTATION_RELATIONSHIP('','',#5151,#34);
#22=SHAPE_REPRESENTATION_RELATIONSHIP('','',#5152,#35);
#23=SHAPE_REPRESENTATION_RELATIONSHIP('','',#5153,#36);
#24=ADVANCED_BREP_SHAPE_REPRESENTATION('',(#5115),#8222);
#25=ADVANCED_BREP_SHAPE_REPRESENTATION('',(#5116),#8223);
#26=ADVANCED_BREP_SHAPE_REPRESENTATION('',(#5117),#8224);
#27=ADVANCED_BREP_SHAPE_REPRESENTATION('',(#5118),#8225);
#28=ADVANCED_BREP_SHAPE_REPRESENTATION('',(#5119),#8226);
#29=ADVANCED_BREP_SHAPE_REPRESENTATION('',(#5120),#8227);
#30=ADVANCED_BREP_SHAPE_REPRESENTATION('',(#5121),#8228);
#31=ADVANCED_BREP_SHAPE_REPRESENTATION('',(#5122),#8229);
#32=ADVANCED_BREP_SHAPE_REPRESENTATION('',(#5123),#8230);
#33=ADVANCED_BREP_SHAPE_REPRESENTATION('',(#5124),#8231);
#34=ADVANCED_BREP_SHAPE_REPRESENTATION('',(#5125),#8232);
#35=ADVANCED_BREP_SHAPE_REPRESENTATION('',(#5126),#8233);
#36=ADVANCED_BREP_SHAPE_REPRESENTATION('',(#5127),#8234);
#37=CIRCLE('',#5162,0.00645);
#38=CIRCLE('',#5163,0.00645);
#39=CIRCLE('',#5165,0.00165);
#40=CIRCLE('',#5166,0.00165);
#41=CIRCLE('',#5167,0.00165);
#42=CIRCLE('',#5168,0.00164999999999992);
#43=CIRCLE('',#5170,0.003);
#44=CIRCLE('',#5171,0.003);
#45=CIRCLE('',#5199,0.0015);
#46=CIRCLE('',#5203,0.0015);
#47=CIRCLE('',#5221,0.0025);
#48=CIRCLE('',#5223,0.0025);
#49=CIRCLE('',#5229,0.00165);
#50=CIRCLE('',#5231,0.0055);
#51=CIRCLE('',#5232,0.0055);
#52=CIRCLE('',#5234,0.00165);
#53=CIRCLE('',#5243,0.00165);
#54=CIRCLE('',#5244,0.00165);
#55=CIRCLE('',#5249,0.00265);
#56=CIRCLE('',#5251,0.00265);
#57=CIRCLE('',#5260,0.00265);
#58=CIRCLE('',#5262,0.00265);
#59=CIRCLE('',#5264,0.0045);
#60=CIRCLE('',#5270,0.00265);
#61=CIRCLE('',#5271,0.0045);
#62=CIRCLE('',#5285,0.00265);
#63=CIRCLE('',#5287,0.00265);
#64=CIRCLE('',#5296,0.00265);
#65=CIRCLE('',#5298,0.00265);
#66=CIRCLE('',#5300,0.0045);
#67=CIRCLE('',#5306,0.00265);
#68=CIRCLE('',#5307,0.0045);
#69=CIRCLE('',#5313,0.00235);
#70=CIRCLE('',#5314,0.00235);
#71=CIRCLE('',#5333,0.00235);
#72=CIRCLE('',#5334,0.00235);
#73=CIRCLE('',#5357,0.00449999999999995);
#74=CIRCLE('',#5359,0.00265000000000004);
#75=CIRCLE('',#5360,0.00265000000000004);
#76=CIRCLE('',#5369,0.00449999999999995);
#77=CIRCLE('',#5375,0.00315000000000004);
#78=CIRCLE('',#5376,0.00449999999999995);
#79=CIRCLE('',#5423,0.00235);
#80=CIRCLE('',#5424,0.00235);
#81=CIRCLE('',#5425,0.00235);
#82=CIRCLE('',#5426,0.00235);
#83=CIRCLE('',#5428,0.00235);
#84=CIRCLE('',#5429,0.00235);
#85=CIRCLE('',#5430,0.00235);
#86=CIRCLE('',#5431,0.00235);
#87=CIRCLE('',#5442,0.002);
#88=CIRCLE('',#5444,0.002);
#89=CIRCLE('',#5448,0.002);
#90=CIRCLE('',#5475,0.00235);
#91=CIRCLE('',#5476,0.00235);
#92=CIRCLE('',#5491,0.00235);
#93=CIRCLE('',#5493,0.00235);
#94=CYLINDRICAL_SURFACE('',#5161,0.00645);
#95=CYLINDRICAL_SURFACE('',#5169,0.003);
#96=CYLINDRICAL_SURFACE('',#5174,0.00164999999999992);
#97=CYLINDRICAL_SURFACE('',#5175,0.00165);
#98=CYLINDRICAL_SURFACE('',#5176,0.00165);
#99=CYLINDRICAL_SURFACE('',#5177,0.00165);
#100=CYLINDRICAL_SURFACE('',#5208,0.0015);
#101=CYLINDRICAL_SURFACE('',#5226,0.0025);
#102=CYLINDRICAL_SURFACE('',#5230,0.0055);
#103=CYLINDRICAL_SURFACE('',#5233,0.00165);
#104=CYLINDRICAL_SURFACE('',#5242,0.00165);
#105=CYLINDRICAL_SURFACE('',#5261,0.00265);
#106=CYLINDRICAL_SURFACE('',#5272,0.0045);
#107=CYLINDRICAL_SURFACE('',#5273,0.00265);
#108=CYLINDRICAL_SURFACE('',#5297,0.00265);
#109=CYLINDRICAL_SURFACE('',#5308,0.0045);
#110=CYLINDRICAL_SURFACE('',#5309,0.00265);
#111=CYLINDRICAL_SURFACE('',#5345,0.00235);
#112=CYLINDRICAL_SURFACE('',#5346,0.00235);
#113=CYLINDRICAL_SURFACE('',#5358,0.00265000000000004);
#114=CYLINDRICAL_SURFACE('',#5377,0.00449999999999995);
#115=CYLINDRICAL_SURFACE('',#5432,0.00235);
#116=CYLINDRICAL_SURFACE('',#5433,0.00235);
#117=CYLINDRICAL_SURFACE('',#5434,0.00235);
#118=CYLINDRICAL_SURFACE('',#5435,0.00235);
#119=CYLINDRICAL_SURFACE('',#5451,0.002);
#120=CYLINDRICAL_SURFACE('',#5490,0.00235);
#121=CYLINDRICAL_SURFACE('',#5492,0.00235);
#122=ELLIPSE('',#5157,0.00168428970358846,0.00165);
#123=ELLIPSE('',#5158,0.00168428970358846,0.00165);
#124=ELLIPSE('',#5159,0.00168428970358848,0.00165);
#125=ELLIPSE('',#5160,0.00168428970358839,0.00164999999999992);
#126=ORIENTED_EDGE('',*,*,#1458,.T.);
#127=ORIENTED_EDGE('',*,*,#1459,.F.);
#128=ORIENTED_EDGE('',*,*,#1460,.F.);
#129=ORIENTED_EDGE('',*,*,#1461,.T.);
#130=ORIENTED_EDGE('',*,*,#1462,.T.);
#131=ORIENTED_EDGE('',*,*,#1463,.T.);
#132=ORIENTED_EDGE('',*,*,#1464,.T.);
#133=ORIENTED_EDGE('',*,*,#1465,.T.);
#134=ORIENTED_EDGE('',*,*,#1466,.T.);
#135=ORIENTED_EDGE('',*,*,#1467,.F.);
#136=ORIENTED_EDGE('',*,*,#1468,.F.);
#137=ORIENTED_EDGE('',*,*,#1459,.T.);
#138=ORIENTED_EDGE('',*,*,#1469,.T.);
#139=ORIENTED_EDGE('',*,*,#1470,.F.);
#140=ORIENTED_EDGE('',*,*,#1471,.F.);
#141=ORIENTED_EDGE('',*,*,#1467,.T.);
#142=ORIENTED_EDGE('',*,*,#1472,.F.);
#143=ORIENTED_EDGE('',*,*,#1473,.F.);
#144=ORIENTED_EDGE('',*,*,#1474,.F.);
#145=ORIENTED_EDGE('',*,*,#1475,.F.);
#146=ORIENTED_EDGE('',*,*,#1476,.F.);
#147=ORIENTED_EDGE('',*,*,#1461,.F.);
#148=ORIENTED_EDGE('',*,*,#1477,.T.);
#149=ORIENTED_EDGE('',*,*,#1470,.T.);
#150=ORIENTED_EDGE('',*,*,#1478,.T.);
#151=ORIENTED_EDGE('',*,*,#1479,.F.);
#152=ORIENTED_EDGE('',*,*,#1460,.T.);
#153=ORIENTED_EDGE('',*,*,#1468,.T.);
#154=ORIENTED_EDGE('',*,*,#1471,.T.);
#155=ORIENTED_EDGE('',*,*,#1477,.F.);
#156=ORIENTED_EDGE('',*,*,#1478,.F.);
#157=ORIENTED_EDGE('',*,*,#1458,.F.);
#158=ORIENTED_EDGE('',*,*,#1476,.T.);
#159=ORIENTED_EDGE('',*,*,#1469,.F.);
#160=ORIENTED_EDGE('',*,*,#1466,.F.);
#161=ORIENTED_EDGE('',*,*,#1479,.T.);
#162=ORIENTED_EDGE('',*,*,#1475,.T.);
#163=ORIENTED_EDGE('',*,*,#1465,.F.);
#164=ORIENTED_EDGE('',*,*,#1474,.T.);
#165=ORIENTED_EDGE('',*,*,#1464,.F.);
#166=ORIENTED_EDGE('',*,*,#1473,.T.);
#167=ORIENTED_EDGE('',*,*,#1463,.F.);
#168=ORIENTED_EDGE('',*,*,#1472,.T.);
#169=ORIENTED_EDGE('',*,*,#1462,.F.);
#170=ORIENTED_EDGE('',*,*,#1480,.T.);
#171=ORIENTED_EDGE('',*,*,#1481,.T.);
#172=ORIENTED_EDGE('',*,*,#1482,.T.);
#173=ORIENTED_EDGE('',*,*,#1483,.T.);
#174=ORIENTED_EDGE('',*,*,#1484,.F.);
#175=ORIENTED_EDGE('',*,*,#1485,.F.);
#176=ORIENTED_EDGE('',*,*,#1486,.F.);
#177=ORIENTED_EDGE('',*,*,#1487,.F.);
#178=ORIENTED_EDGE('',*,*,#1488,.T.);
#179=ORIENTED_EDGE('',*,*,#1489,.F.);
#180=ORIENTED_EDGE('',*,*,#1490,.T.);
#181=ORIENTED_EDGE('',*,*,#1491,.T.);
#182=ORIENTED_EDGE('',*,*,#1492,.F.);
#183=ORIENTED_EDGE('',*,*,#1493,.T.);
#184=ORIENTED_EDGE('',*,*,#1494,.F.);
#185=ORIENTED_EDGE('',*,*,#1495,.F.);
#186=ORIENTED_EDGE('',*,*,#1496,.F.);
#187=ORIENTED_EDGE('',*,*,#1497,.T.);
#188=ORIENTED_EDGE('',*,*,#1498,.F.);
#189=ORIENTED_EDGE('',*,*,#1499,.F.);
#190=ORIENTED_EDGE('',*,*,#1500,.T.);
#191=ORIENTED_EDGE('',*,*,#1501,.F.);
#192=ORIENTED_EDGE('',*,*,#1502,.T.);
#193=ORIENTED_EDGE('',*,*,#1503,.T.);
#194=ORIENTED_EDGE('',*,*,#1504,.T.);
#195=ORIENTED_EDGE('',*,*,#1505,.T.);
#196=ORIENTED_EDGE('',*,*,#1506,.F.);
#197=ORIENTED_EDGE('',*,*,#1507,.F.);
#198=ORIENTED_EDGE('',*,*,#1508,.F.);
#199=ORIENTED_EDGE('',*,*,#1509,.T.);
#200=ORIENTED_EDGE('',*,*,#1510,.T.);
#201=ORIENTED_EDGE('',*,*,#1511,.T.);
#202=ORIENTED_EDGE('',*,*,#1500,.F.);
#203=ORIENTED_EDGE('',*,*,#1512,.T.);
#204=ORIENTED_EDGE('',*,*,#1489,.T.);
#205=ORIENTED_EDGE('',*,*,#1513,.T.);
#206=ORIENTED_EDGE('',*,*,#1498,.T.);
#207=ORIENTED_EDGE('',*,*,#1514,.T.);
#208=ORIENTED_EDGE('',*,*,#1491,.F.);
#209=ORIENTED_EDGE('',*,*,#1515,.F.);
#210=ORIENTED_EDGE('',*,*,#1514,.F.);
#211=ORIENTED_EDGE('',*,*,#1497,.F.);
#212=ORIENTED_EDGE('',*,*,#1516,.F.);
#213=ORIENTED_EDGE('',*,*,#1480,.F.);
#214=ORIENTED_EDGE('',*,*,#1486,.T.);
#215=ORIENTED_EDGE('',*,*,#1517,.T.);
#216=ORIENTED_EDGE('',*,*,#1503,.F.);
#217=ORIENTED_EDGE('',*,*,#1518,.F.);
#218=ORIENTED_EDGE('',*,*,#1507,.T.);
#219=ORIENTED_EDGE('',*,*,#1519,.F.);
#220=ORIENTED_EDGE('',*,*,#1482,.F.);
#221=ORIENTED_EDGE('',*,*,#1520,.T.);
#222=ORIENTED_EDGE('',*,*,#1506,.T.);
#223=ORIENTED_EDGE('',*,*,#1521,.F.);
#224=ORIENTED_EDGE('',*,*,#1483,.F.);
#225=ORIENTED_EDGE('',*,*,#1519,.T.);
#226=ORIENTED_EDGE('',*,*,#1505,.F.);
#227=ORIENTED_EDGE('',*,*,#1522,.F.);
#228=ORIENTED_EDGE('',*,*,#1484,.T.);
#229=ORIENTED_EDGE('',*,*,#1521,.T.);
#230=ORIENTED_EDGE('',*,*,#1502,.F.);
#231=ORIENTED_EDGE('',*,*,#1523,.F.);
#232=ORIENTED_EDGE('',*,*,#1487,.T.);
#233=ORIENTED_EDGE('',*,*,#1518,.T.);
#234=ORIENTED_EDGE('',*,*,#1501,.T.);
#235=ORIENTED_EDGE('',*,*,#1513,.F.);
#236=ORIENTED_EDGE('',*,*,#1488,.F.);
#237=ORIENTED_EDGE('',*,*,#1523,.T.);
#238=ORIENTED_EDGE('',*,*,#1481,.F.);
#239=ORIENTED_EDGE('',*,*,#1516,.T.);
#240=ORIENTED_EDGE('',*,*,#1496,.T.);
#241=ORIENTED_EDGE('',*,*,#1520,.F.);
#242=ORIENTED_EDGE('',*,*,#1504,.F.);
#243=ORIENTED_EDGE('',*,*,#1517,.F.);
#244=ORIENTED_EDGE('',*,*,#1485,.T.);
#245=ORIENTED_EDGE('',*,*,#1522,.T.);
#246=ORIENTED_EDGE('',*,*,#1490,.F.);
#247=ORIENTED_EDGE('',*,*,#1512,.F.);
#248=ORIENTED_EDGE('',*,*,#1499,.T.);
#249=ORIENTED_EDGE('',*,*,#1515,.T.);
#250=ORIENTED_EDGE('',*,*,#1508,.T.);
#251=ORIENTED_EDGE('',*,*,#1524,.T.);
#252=ORIENTED_EDGE('',*,*,#1493,.F.);
#253=ORIENTED_EDGE('',*,*,#1525,.F.);
#254=ORIENTED_EDGE('',*,*,#1525,.T.);
#255=ORIENTED_EDGE('',*,*,#1492,.T.);
#256=ORIENTED_EDGE('',*,*,#1526,.F.);
#257=ORIENTED_EDGE('',*,*,#1509,.F.);
#258=ORIENTED_EDGE('',*,*,#1526,.T.);
#259=ORIENTED_EDGE('',*,*,#1495,.T.);
#260=ORIENTED_EDGE('',*,*,#1527,.F.);
#261=ORIENTED_EDGE('',*,*,#1510,.F.);
#262=ORIENTED_EDGE('',*,*,#1527,.T.);
#263=ORIENTED_EDGE('',*,*,#1494,.T.);
#264=ORIENTED_EDGE('',*,*,#1524,.F.);
#265=ORIENTED_EDGE('',*,*,#1511,.F.);
#266=ORIENTED_EDGE('',*,*,#1528,.T.);
#267=ORIENTED_EDGE('',*,*,#1529,.T.);
#268=ORIENTED_EDGE('',*,*,#1530,.F.);
#269=ORIENTED_EDGE('',*,*,#1531,.F.);
#270=ORIENTED_EDGE('',*,*,#1532,.T.);
#271=ORIENTED_EDGE('',*,*,#1533,.T.);
#272=ORIENTED_EDGE('',*,*,#1534,.F.);
#273=ORIENTED_EDGE('',*,*,#1535,.F.);
#274=ORIENTED_EDGE('',*,*,#1530,.T.);
#275=ORIENTED_EDGE('',*,*,#1536,.T.);
#276=ORIENTED_EDGE('',*,*,#1537,.F.);
#277=ORIENTED_EDGE('',*,*,#1538,.F.);
#278=ORIENTED_EDGE('',*,*,#1534,.T.);
#279=ORIENTED_EDGE('',*,*,#1539,.F.);
#280=ORIENTED_EDGE('',*,*,#1540,.T.);
#281=ORIENTED_EDGE('',*,*,#1541,.F.);
#282=ORIENTED_EDGE('',*,*,#1542,.F.);
#283=ORIENTED_EDGE('',*,*,#1537,.T.);
#284=ORIENTED_EDGE('',*,*,#1543,.T.);
#285=ORIENTED_EDGE('',*,*,#1544,.F.);
#286=ORIENTED_EDGE('',*,*,#1545,.F.);
#287=ORIENTED_EDGE('',*,*,#1541,.T.);
#288=ORIENTED_EDGE('',*,*,#1546,.F.);
#289=ORIENTED_EDGE('',*,*,#1532,.F.);
#290=ORIENTED_EDGE('',*,*,#1547,.T.);
#291=ORIENTED_EDGE('',*,*,#1544,.T.);
#292=ORIENTED_EDGE('',*,*,#1531,.T.);
#293=ORIENTED_EDGE('',*,*,#1535,.T.);
#294=ORIENTED_EDGE('',*,*,#1538,.T.);
#295=ORIENTED_EDGE('',*,*,#1542,.T.);
#296=ORIENTED_EDGE('',*,*,#1545,.T.);
#297=ORIENTED_EDGE('',*,*,#1547,.F.);
#298=ORIENTED_EDGE('',*,*,#1529,.F.);
#299=ORIENTED_EDGE('',*,*,#1546,.T.);
#300=ORIENTED_EDGE('',*,*,#1543,.F.);
#301=ORIENTED_EDGE('',*,*,#1540,.F.);
#302=ORIENTED_EDGE('',*,*,#1536,.F.);
#303=ORIENTED_EDGE('',*,*,#1533,.F.);
#304=ORIENTED_EDGE('',*,*,#1528,.F.);
#305=ORIENTED_EDGE('',*,*,#1539,.T.);
#306=ORIENTED_EDGE('',*,*,#1548,.T.);
#307=ORIENTED_EDGE('',*,*,#1549,.T.);
#308=ORIENTED_EDGE('',*,*,#1550,.F.);
#309=ORIENTED_EDGE('',*,*,#1551,.T.);
#310=ORIENTED_EDGE('',*,*,#1552,.T.);
#311=ORIENTED_EDGE('',*,*,#1553,.F.);
#312=ORIENTED_EDGE('',*,*,#1554,.F.);
#313=ORIENTED_EDGE('',*,*,#1555,.F.);
#314=ORIENTED_EDGE('',*,*,#1556,.F.);
#315=ORIENTED_EDGE('',*,*,#1557,.F.);
#316=ORIENTED_EDGE('',*,*,#1558,.F.);
#317=ORIENTED_EDGE('',*,*,#1559,.T.);
#318=ORIENTED_EDGE('',*,*,#1560,.T.);
#319=ORIENTED_EDGE('',*,*,#1561,.F.);
#320=ORIENTED_EDGE('',*,*,#1562,.F.);
#321=ORIENTED_EDGE('',*,*,#1563,.F.);
#322=ORIENTED_EDGE('',*,*,#1564,.F.);
#323=ORIENTED_EDGE('',*,*,#1565,.T.);
#324=ORIENTED_EDGE('',*,*,#1566,.F.);
#325=ORIENTED_EDGE('',*,*,#1567,.F.);
#326=ORIENTED_EDGE('',*,*,#1568,.F.);
#327=ORIENTED_EDGE('',*,*,#1569,.T.);
#328=ORIENTED_EDGE('',*,*,#1570,.T.);
#329=ORIENTED_EDGE('',*,*,#1571,.F.);
#330=ORIENTED_EDGE('',*,*,#1570,.F.);
#331=ORIENTED_EDGE('',*,*,#1572,.T.);
#332=ORIENTED_EDGE('',*,*,#1557,.T.);
#333=ORIENTED_EDGE('',*,*,#1573,.F.);
#334=ORIENTED_EDGE('',*,*,#1574,.F.);
#335=ORIENTED_EDGE('',*,*,#1575,.T.);
#336=ORIENTED_EDGE('',*,*,#1566,.T.);
#337=ORIENTED_EDGE('',*,*,#1576,.F.);
#338=ORIENTED_EDGE('',*,*,#1577,.F.);
#339=ORIENTED_EDGE('',*,*,#1568,.T.);
#340=ORIENTED_EDGE('',*,*,#1578,.T.);
#341=ORIENTED_EDGE('',*,*,#1560,.F.);
#342=ORIENTED_EDGE('',*,*,#1579,.T.);
#343=ORIENTED_EDGE('',*,*,#1562,.T.);
#344=ORIENTED_EDGE('',*,*,#1561,.T.);
#345=ORIENTED_EDGE('',*,*,#1578,.F.);
#346=ORIENTED_EDGE('',*,*,#1571,.T.);
#347=ORIENTED_EDGE('',*,*,#1573,.T.);
#348=ORIENTED_EDGE('',*,*,#1556,.T.);
#349=ORIENTED_EDGE('',*,*,#1555,.T.);
#350=ORIENTED_EDGE('',*,*,#1580,.F.);
#351=ORIENTED_EDGE('',*,*,#1581,.T.);
#352=ORIENTED_EDGE('',*,*,#1582,.T.);
#353=ORIENTED_EDGE('',*,*,#1551,.F.);
#354=ORIENTED_EDGE('',*,*,#1583,.F.);
#355=ORIENTED_EDGE('',*,*,#1574,.T.);
#356=ORIENTED_EDGE('',*,*,#1584,.T.);
#357=ORIENTED_EDGE('',*,*,#1581,.F.);
#358=ORIENTED_EDGE('',*,*,#1565,.F.);
#359=ORIENTED_EDGE('',*,*,#1564,.T.);
#360=ORIENTED_EDGE('',*,*,#1585,.F.);
#361=ORIENTED_EDGE('',*,*,#1553,.T.);
#362=ORIENTED_EDGE('',*,*,#1552,.F.);
#363=ORIENTED_EDGE('',*,*,#1582,.F.);
#364=ORIENTED_EDGE('',*,*,#1584,.F.);
#365=ORIENTED_EDGE('',*,*,#1576,.T.);
#366=ORIENTED_EDGE('',*,*,#1586,.T.);
#367=ORIENTED_EDGE('',*,*,#1549,.F.);
#368=ORIENTED_EDGE('',*,*,#1587,.T.);
#369=ORIENTED_EDGE('',*,*,#1558,.T.);
#370=ORIENTED_EDGE('',*,*,#1588,.F.);
#371=ORIENTED_EDGE('',*,*,#1589,.F.);
#372=ORIENTED_EDGE('',*,*,#1585,.T.);
#373=ORIENTED_EDGE('',*,*,#1563,.T.);
#374=ORIENTED_EDGE('',*,*,#1579,.F.);
#375=ORIENTED_EDGE('',*,*,#1554,.T.);
#376=ORIENTED_EDGE('',*,*,#1583,.T.);
#377=ORIENTED_EDGE('',*,*,#1580,.T.);
#378=ORIENTED_EDGE('',*,*,#1550,.T.);
#379=ORIENTED_EDGE('',*,*,#1588,.T.);
#380=ORIENTED_EDGE('',*,*,#1567,.T.);
#381=ORIENTED_EDGE('',*,*,#1575,.F.);
#382=ORIENTED_EDGE('',*,*,#1569,.F.);
#383=ORIENTED_EDGE('',*,*,#1577,.T.);
#384=ORIENTED_EDGE('',*,*,#1559,.F.);
#385=ORIENTED_EDGE('',*,*,#1587,.F.);
#386=ORIENTED_EDGE('',*,*,#1548,.F.);
#387=ORIENTED_EDGE('',*,*,#1572,.F.);
#388=ORIENTED_EDGE('',*,*,#1589,.T.);
#389=ORIENTED_EDGE('',*,*,#1586,.F.);
#390=ORIENTED_EDGE('',*,*,#1590,.F.);
#391=ORIENTED_EDGE('',*,*,#1591,.T.);
#392=ORIENTED_EDGE('',*,*,#1592,.T.);
#393=ORIENTED_EDGE('',*,*,#1593,.T.);
#394=ORIENTED_EDGE('',*,*,#1594,.T.);
#395=ORIENTED_EDGE('',*,*,#1595,.T.);
#396=ORIENTED_EDGE('',*,*,#1596,.T.);
#397=ORIENTED_EDGE('',*,*,#1597,.T.);
#398=ORIENTED_EDGE('',*,*,#1598,.F.);
#399=ORIENTED_EDGE('',*,*,#1590,.T.);
#400=ORIENTED_EDGE('',*,*,#1599,.F.);
#401=ORIENTED_EDGE('',*,*,#1597,.F.);
#402=ORIENTED_EDGE('',*,*,#1599,.T.);
#403=ORIENTED_EDGE('',*,*,#1592,.F.);
#404=ORIENTED_EDGE('',*,*,#1600,.F.);
#405=ORIENTED_EDGE('',*,*,#1601,.T.);
#406=ORIENTED_EDGE('',*,*,#1602,.T.);
#407=ORIENTED_EDGE('',*,*,#1591,.F.);
#408=ORIENTED_EDGE('',*,*,#1603,.F.);
#409=ORIENTED_EDGE('',*,*,#1604,.T.);
#410=ORIENTED_EDGE('',*,*,#1600,.T.);
#411=ORIENTED_EDGE('',*,*,#1596,.F.);
#412=ORIENTED_EDGE('',*,*,#1605,.F.);
#413=ORIENTED_EDGE('',*,*,#1606,.T.);
#414=ORIENTED_EDGE('',*,*,#1603,.T.);
#415=ORIENTED_EDGE('',*,*,#1595,.F.);
#416=ORIENTED_EDGE('',*,*,#1607,.F.);
#417=ORIENTED_EDGE('',*,*,#1608,.T.);
#418=ORIENTED_EDGE('',*,*,#1605,.T.);
#419=ORIENTED_EDGE('',*,*,#1594,.F.);
#420=ORIENTED_EDGE('',*,*,#1609,.F.);
#421=ORIENTED_EDGE('',*,*,#1610,.T.);
#422=ORIENTED_EDGE('',*,*,#1607,.T.);
#423=ORIENTED_EDGE('',*,*,#1593,.F.);
#424=ORIENTED_EDGE('',*,*,#1602,.F.);
#425=ORIENTED_EDGE('',*,*,#1611,.T.);
#426=ORIENTED_EDGE('',*,*,#1609,.T.);
#427=ORIENTED_EDGE('',*,*,#1612,.T.);
#428=ORIENTED_EDGE('',*,*,#1613,.F.);
#429=ORIENTED_EDGE('',*,*,#1598,.T.);
#430=ORIENTED_EDGE('',*,*,#1612,.F.);
#431=ORIENTED_EDGE('',*,*,#1601,.F.);
#432=ORIENTED_EDGE('',*,*,#1604,.F.);
#433=ORIENTED_EDGE('',*,*,#1606,.F.);
#434=ORIENTED_EDGE('',*,*,#1608,.F.);
#435=ORIENTED_EDGE('',*,*,#1610,.F.);
#436=ORIENTED_EDGE('',*,*,#1611,.F.);
#437=ORIENTED_EDGE('',*,*,#1613,.T.);
#438=ORIENTED_EDGE('',*,*,#1614,.F.);
#439=ORIENTED_EDGE('',*,*,#1615,.T.);
#440=ORIENTED_EDGE('',*,*,#1616,.T.);
#441=ORIENTED_EDGE('',*,*,#1617,.F.);
#442=ORIENTED_EDGE('',*,*,#1618,.F.);
#443=ORIENTED_EDGE('',*,*,#1619,.F.);
#444=ORIENTED_EDGE('',*,*,#1620,.F.);
#445=ORIENTED_EDGE('',*,*,#1621,.T.);
#446=ORIENTED_EDGE('',*,*,#1622,.T.);
#447=ORIENTED_EDGE('',*,*,#1623,.T.);
#448=ORIENTED_EDGE('',*,*,#1624,.T.);
#449=ORIENTED_EDGE('',*,*,#1625,.F.);
#450=ORIENTED_EDGE('',*,*,#1626,.T.);
#451=ORIENTED_EDGE('',*,*,#1627,.F.);
#452=ORIENTED_EDGE('',*,*,#1628,.T.);
#453=ORIENTED_EDGE('',*,*,#1629,.T.);
#454=ORIENTED_EDGE('',*,*,#1630,.F.);
#455=ORIENTED_EDGE('',*,*,#1616,.F.);
#456=ORIENTED_EDGE('',*,*,#1631,.F.);
#457=ORIENTED_EDGE('',*,*,#1632,.F.);
#458=ORIENTED_EDGE('',*,*,#1633,.T.);
#459=ORIENTED_EDGE('',*,*,#1624,.F.);
#460=ORIENTED_EDGE('',*,*,#1634,.F.);
#461=ORIENTED_EDGE('',*,*,#1617,.T.);
#462=ORIENTED_EDGE('',*,*,#1630,.T.);
#463=ORIENTED_EDGE('',*,*,#1623,.F.);
#464=ORIENTED_EDGE('',*,*,#1635,.F.);
#465=ORIENTED_EDGE('',*,*,#1618,.T.);
#466=ORIENTED_EDGE('',*,*,#1634,.T.);
#467=ORIENTED_EDGE('',*,*,#1636,.F.);
#468=ORIENTED_EDGE('',*,*,#1619,.T.);
#469=ORIENTED_EDGE('',*,*,#1635,.T.);
#470=ORIENTED_EDGE('',*,*,#1622,.F.);
#471=ORIENTED_EDGE('',*,*,#1637,.F.);
#472=ORIENTED_EDGE('',*,*,#1638,.F.);
#473=ORIENTED_EDGE('',*,*,#1639,.F.);
#474=ORIENTED_EDGE('',*,*,#1620,.T.);
#475=ORIENTED_EDGE('',*,*,#1636,.T.);
#476=ORIENTED_EDGE('',*,*,#1640,.F.);
#477=ORIENTED_EDGE('',*,*,#1641,.F.);
#478=ORIENTED_EDGE('',*,*,#1621,.F.);
#479=ORIENTED_EDGE('',*,*,#1639,.T.);
#480=ORIENTED_EDGE('',*,*,#1642,.T.);
#481=ORIENTED_EDGE('',*,*,#1643,.F.);
#482=ORIENTED_EDGE('',*,*,#1644,.T.);
#483=ORIENTED_EDGE('',*,*,#1645,.T.);
#484=ORIENTED_EDGE('',*,*,#1641,.T.);
#485=ORIENTED_EDGE('',*,*,#1646,.F.);
#486=ORIENTED_EDGE('',*,*,#1647,.F.);
#487=ORIENTED_EDGE('',*,*,#1633,.F.);
#488=ORIENTED_EDGE('',*,*,#1648,.F.);
#489=ORIENTED_EDGE('',*,*,#1643,.T.);
#490=ORIENTED_EDGE('',*,*,#1649,.T.);
#491=ORIENTED_EDGE('',*,*,#1614,.T.);
#492=ORIENTED_EDGE('',*,*,#1650,.F.);
#493=ORIENTED_EDGE('',*,*,#1626,.F.);
#494=ORIENTED_EDGE('',*,*,#1651,.F.);
#495=ORIENTED_EDGE('',*,*,#1627,.T.);
#496=ORIENTED_EDGE('',*,*,#1652,.T.);
#497=ORIENTED_EDGE('',*,*,#1625,.T.);
#498=ORIENTED_EDGE('',*,*,#1629,.F.);
#499=ORIENTED_EDGE('',*,*,#1653,.F.);
#500=ORIENTED_EDGE('',*,*,#1637,.T.);
#501=ORIENTED_EDGE('',*,*,#1628,.F.);
#502=ORIENTED_EDGE('',*,*,#1649,.F.);
#503=ORIENTED_EDGE('',*,*,#1646,.T.);
#504=ORIENTED_EDGE('',*,*,#1642,.F.);
#505=ORIENTED_EDGE('',*,*,#1640,.T.);
#506=ORIENTED_EDGE('',*,*,#1638,.T.);
#507=ORIENTED_EDGE('',*,*,#1653,.T.);
#508=ORIENTED_EDGE('',*,*,#1650,.T.);
#509=ORIENTED_EDGE('',*,*,#1652,.F.);
#510=ORIENTED_EDGE('',*,*,#1645,.F.);
#511=ORIENTED_EDGE('',*,*,#1654,.T.);
#512=ORIENTED_EDGE('',*,*,#1631,.T.);
#513=ORIENTED_EDGE('',*,*,#1615,.F.);
#514=ORIENTED_EDGE('',*,*,#1644,.F.);
#515=ORIENTED_EDGE('',*,*,#1648,.T.);
#516=ORIENTED_EDGE('',*,*,#1632,.T.);
#517=ORIENTED_EDGE('',*,*,#1654,.F.);
#518=ORIENTED_EDGE('',*,*,#1655,.F.);
#519=ORIENTED_EDGE('',*,*,#1656,.T.);
#520=ORIENTED_EDGE('',*,*,#1656,.F.);
#521=ORIENTED_EDGE('',*,*,#1651,.T.);
#522=ORIENTED_EDGE('',*,*,#1647,.T.);
#523=ORIENTED_EDGE('',*,*,#1655,.T.);
#524=ORIENTED_EDGE('',*,*,#1657,.F.);
#525=ORIENTED_EDGE('',*,*,#1658,.F.);
#526=ORIENTED_EDGE('',*,*,#1659,.T.);
#527=ORIENTED_EDGE('',*,*,#1660,.T.);
#528=ORIENTED_EDGE('',*,*,#1661,.F.);
#529=ORIENTED_EDGE('',*,*,#1660,.F.);
#530=ORIENTED_EDGE('',*,*,#1662,.T.);
#531=ORIENTED_EDGE('',*,*,#1663,.T.);
#532=ORIENTED_EDGE('',*,*,#1664,.F.);
#533=ORIENTED_EDGE('',*,*,#1663,.F.);
#534=ORIENTED_EDGE('',*,*,#1665,.T.);
#535=ORIENTED_EDGE('',*,*,#1666,.T.);
#536=ORIENTED_EDGE('',*,*,#1667,.F.);
#537=ORIENTED_EDGE('',*,*,#1666,.F.);
#538=ORIENTED_EDGE('',*,*,#1668,.T.);
#539=ORIENTED_EDGE('',*,*,#1669,.T.);
#540=ORIENTED_EDGE('',*,*,#1670,.F.);
#541=ORIENTED_EDGE('',*,*,#1669,.F.);
#542=ORIENTED_EDGE('',*,*,#1671,.T.);
#543=ORIENTED_EDGE('',*,*,#1672,.T.);
#544=ORIENTED_EDGE('',*,*,#1673,.F.);
#545=ORIENTED_EDGE('',*,*,#1672,.F.);
#546=ORIENTED_EDGE('',*,*,#1674,.T.);
#547=ORIENTED_EDGE('',*,*,#1658,.T.);
#548=ORIENTED_EDGE('',*,*,#1659,.F.);
#549=ORIENTED_EDGE('',*,*,#1674,.F.);
#550=ORIENTED_EDGE('',*,*,#1671,.F.);
#551=ORIENTED_EDGE('',*,*,#1668,.F.);
#552=ORIENTED_EDGE('',*,*,#1665,.F.);
#553=ORIENTED_EDGE('',*,*,#1662,.F.);
#554=ORIENTED_EDGE('',*,*,#1657,.T.);
#555=ORIENTED_EDGE('',*,*,#1661,.T.);
#556=ORIENTED_EDGE('',*,*,#1664,.T.);
#557=ORIENTED_EDGE('',*,*,#1667,.T.);
#558=ORIENTED_EDGE('',*,*,#1670,.T.);
#559=ORIENTED_EDGE('',*,*,#1673,.T.);
#560=ORIENTED_EDGE('',*,*,#1675,.T.);
#561=ORIENTED_EDGE('',*,*,#1676,.F.);
#562=ORIENTED_EDGE('',*,*,#1677,.F.);
#563=ORIENTED_EDGE('',*,*,#1678,.T.);
#564=ORIENTED_EDGE('',*,*,#1679,.T.);
#565=ORIENTED_EDGE('',*,*,#1680,.T.);
#566=ORIENTED_EDGE('',*,*,#1681,.T.);
#567=ORIENTED_EDGE('',*,*,#1682,.F.);
#568=ORIENTED_EDGE('',*,*,#1683,.F.);
#569=ORIENTED_EDGE('',*,*,#1684,.T.);
#570=ORIENTED_EDGE('',*,*,#1685,.F.);
#571=ORIENTED_EDGE('',*,*,#1686,.T.);
#572=ORIENTED_EDGE('',*,*,#1687,.F.);
#573=ORIENTED_EDGE('',*,*,#1688,.F.);
#574=ORIENTED_EDGE('',*,*,#1689,.F.);
#575=ORIENTED_EDGE('',*,*,#1690,.F.);
#576=ORIENTED_EDGE('',*,*,#1691,.T.);
#577=ORIENTED_EDGE('',*,*,#1692,.T.);
#578=ORIENTED_EDGE('',*,*,#1682,.T.);
#579=ORIENTED_EDGE('',*,*,#1693,.T.);
#580=ORIENTED_EDGE('',*,*,#1694,.F.);
#581=ORIENTED_EDGE('',*,*,#1687,.T.);
#582=ORIENTED_EDGE('',*,*,#1693,.F.);
#583=ORIENTED_EDGE('',*,*,#1681,.F.);
#584=ORIENTED_EDGE('',*,*,#1695,.T.);
#585=ORIENTED_EDGE('',*,*,#1688,.T.);
#586=ORIENTED_EDGE('',*,*,#1695,.F.);
#587=ORIENTED_EDGE('',*,*,#1680,.F.);
#588=ORIENTED_EDGE('',*,*,#1696,.T.);
#589=ORIENTED_EDGE('',*,*,#1697,.T.);
#590=ORIENTED_EDGE('',*,*,#1698,.T.);
#591=ORIENTED_EDGE('',*,*,#1699,.T.);
#592=ORIENTED_EDGE('',*,*,#1683,.T.);
#593=ORIENTED_EDGE('',*,*,#1696,.F.);
#594=ORIENTED_EDGE('',*,*,#1679,.F.);
#595=ORIENTED_EDGE('',*,*,#1700,.T.);
#596=ORIENTED_EDGE('',*,*,#1701,.T.);
#597=ORIENTED_EDGE('',*,*,#1697,.F.);
#598=ORIENTED_EDGE('',*,*,#1678,.F.);
#599=ORIENTED_EDGE('',*,*,#1702,.T.);
#600=ORIENTED_EDGE('',*,*,#1703,.F.);
#601=ORIENTED_EDGE('',*,*,#1700,.F.);
#602=ORIENTED_EDGE('',*,*,#1677,.T.);
#603=ORIENTED_EDGE('',*,*,#1704,.T.);
#604=ORIENTED_EDGE('',*,*,#1705,.T.);
#605=ORIENTED_EDGE('',*,*,#1702,.F.);
#606=ORIENTED_EDGE('',*,*,#1706,.F.);
#607=ORIENTED_EDGE('',*,*,#1707,.F.);
#608=ORIENTED_EDGE('',*,*,#1708,.T.);
#609=ORIENTED_EDGE('',*,*,#1690,.T.);
#610=ORIENTED_EDGE('',*,*,#1709,.F.);
#611=ORIENTED_EDGE('',*,*,#1704,.F.);
#612=ORIENTED_EDGE('',*,*,#1710,.T.);
#613=ORIENTED_EDGE('',*,*,#1675,.F.);
#614=ORIENTED_EDGE('',*,*,#1711,.T.);
#615=ORIENTED_EDGE('',*,*,#1685,.T.);
#616=ORIENTED_EDGE('',*,*,#1712,.T.);
#617=ORIENTED_EDGE('',*,*,#1684,.F.);
#618=ORIENTED_EDGE('',*,*,#1699,.F.);
#619=ORIENTED_EDGE('',*,*,#1713,.T.);
#620=ORIENTED_EDGE('',*,*,#1694,.T.);
#621=ORIENTED_EDGE('',*,*,#1686,.F.);
#622=ORIENTED_EDGE('',*,*,#1714,.F.);
#623=ORIENTED_EDGE('',*,*,#1689,.T.);
#624=ORIENTED_EDGE('',*,*,#1713,.F.);
#625=ORIENTED_EDGE('',*,*,#1698,.F.);
#626=ORIENTED_EDGE('',*,*,#1701,.F.);
#627=ORIENTED_EDGE('',*,*,#1703,.T.);
#628=ORIENTED_EDGE('',*,*,#1705,.F.);
#629=ORIENTED_EDGE('',*,*,#1709,.T.);
#630=ORIENTED_EDGE('',*,*,#1711,.F.);
#631=ORIENTED_EDGE('',*,*,#1714,.T.);
#632=ORIENTED_EDGE('',*,*,#1706,.T.);
#633=ORIENTED_EDGE('',*,*,#1676,.T.);
#634=ORIENTED_EDGE('',*,*,#1692,.F.);
#635=ORIENTED_EDGE('',*,*,#1715,.F.);
#636=ORIENTED_EDGE('',*,*,#1707,.T.);
#637=ORIENTED_EDGE('',*,*,#1715,.T.);
#638=ORIENTED_EDGE('',*,*,#1691,.F.);
#639=ORIENTED_EDGE('',*,*,#1710,.F.);
#640=ORIENTED_EDGE('',*,*,#1716,.T.);
#641=ORIENTED_EDGE('',*,*,#1717,.F.);
#642=ORIENTED_EDGE('',*,*,#1717,.T.);
#643=ORIENTED_EDGE('',*,*,#1712,.F.);
#644=ORIENTED_EDGE('',*,*,#1708,.F.);
#645=ORIENTED_EDGE('',*,*,#1716,.F.);
#646=ORIENTED_EDGE('',*,*,#1718,.F.);
#647=ORIENTED_EDGE('',*,*,#1719,.F.);
#648=ORIENTED_EDGE('',*,*,#1720,.F.);
#649=ORIENTED_EDGE('',*,*,#1721,.T.);
#650=ORIENTED_EDGE('',*,*,#1722,.F.);
#651=ORIENTED_EDGE('',*,*,#1723,.F.);
#652=ORIENTED_EDGE('',*,*,#1724,.T.);
#653=ORIENTED_EDGE('',*,*,#1725,.F.);
#654=ORIENTED_EDGE('',*,*,#1726,.T.);
#655=ORIENTED_EDGE('',*,*,#1727,.T.);
#656=ORIENTED_EDGE('',*,*,#1728,.T.);
#657=ORIENTED_EDGE('',*,*,#1729,.T.);
#658=ORIENTED_EDGE('',*,*,#1730,.F.);
#659=ORIENTED_EDGE('',*,*,#1731,.F.);
#660=ORIENTED_EDGE('',*,*,#1732,.F.);
#661=ORIENTED_EDGE('',*,*,#1733,.F.);
#662=ORIENTED_EDGE('',*,*,#1734,.T.);
#663=ORIENTED_EDGE('',*,*,#1735,.T.);
#664=ORIENTED_EDGE('',*,*,#1736,.T.);
#665=ORIENTED_EDGE('',*,*,#1737,.T.);
#666=ORIENTED_EDGE('',*,*,#1738,.F.);
#667=ORIENTED_EDGE('',*,*,#1739,.F.);
#668=ORIENTED_EDGE('',*,*,#1740,.F.);
#669=ORIENTED_EDGE('',*,*,#1741,.F.);
#670=ORIENTED_EDGE('',*,*,#1742,.T.);
#671=ORIENTED_EDGE('',*,*,#1743,.F.);
#672=ORIENTED_EDGE('',*,*,#1744,.T.);
#673=ORIENTED_EDGE('',*,*,#1745,.T.);
#674=ORIENTED_EDGE('',*,*,#1746,.F.);
#675=ORIENTED_EDGE('',*,*,#1718,.T.);
#676=ORIENTED_EDGE('',*,*,#1747,.T.);
#677=ORIENTED_EDGE('',*,*,#1748,.F.);
#678=ORIENTED_EDGE('',*,*,#1749,.T.);
#679=ORIENTED_EDGE('',*,*,#1735,.F.);
#680=ORIENTED_EDGE('',*,*,#1750,.T.);
#681=ORIENTED_EDGE('',*,*,#1751,.F.);
#682=ORIENTED_EDGE('',*,*,#1721,.F.);
#683=ORIENTED_EDGE('',*,*,#1752,.T.);
#684=ORIENTED_EDGE('',*,*,#1753,.F.);
#685=ORIENTED_EDGE('',*,*,#1754,.T.);
#686=ORIENTED_EDGE('',*,*,#1755,.F.);
#687=ORIENTED_EDGE('',*,*,#1756,.F.);
#688=ORIENTED_EDGE('',*,*,#1757,.T.);
#689=ORIENTED_EDGE('',*,*,#1758,.F.);
#690=ORIENTED_EDGE('',*,*,#1759,.T.);
#691=ORIENTED_EDGE('',*,*,#1760,.T.);
#692=ORIENTED_EDGE('',*,*,#1761,.T.);
#693=ORIENTED_EDGE('',*,*,#1762,.T.);
#694=ORIENTED_EDGE('',*,*,#1763,.T.);
#695=ORIENTED_EDGE('',*,*,#1764,.T.);
#696=ORIENTED_EDGE('',*,*,#1760,.F.);
#697=ORIENTED_EDGE('',*,*,#1765,.T.);
#698=ORIENTED_EDGE('',*,*,#1755,.T.);
#699=ORIENTED_EDGE('',*,*,#1766,.F.);
#700=ORIENTED_EDGE('',*,*,#1737,.F.);
#701=ORIENTED_EDGE('',*,*,#1767,.F.);
#702=ORIENTED_EDGE('',*,*,#1761,.F.);
#703=ORIENTED_EDGE('',*,*,#1757,.F.);
#704=ORIENTED_EDGE('',*,*,#1768,.F.);
#705=ORIENTED_EDGE('',*,*,#1769,.T.);
#706=ORIENTED_EDGE('',*,*,#1770,.T.);
#707=ORIENTED_EDGE('',*,*,#1739,.T.);
#708=ORIENTED_EDGE('',*,*,#1771,.T.);
#709=ORIENTED_EDGE('',*,*,#1769,.F.);
#710=ORIENTED_EDGE('',*,*,#1772,.F.);
#711=ORIENTED_EDGE('',*,*,#1773,.T.);
#712=ORIENTED_EDGE('',*,*,#1774,.T.);
#713=ORIENTED_EDGE('',*,*,#1773,.F.);
#714=ORIENTED_EDGE('',*,*,#1775,.F.);
#715=ORIENTED_EDGE('',*,*,#1776,.T.);
#716=ORIENTED_EDGE('',*,*,#1777,.F.);
#717=ORIENTED_EDGE('',*,*,#1741,.T.);
#718=ORIENTED_EDGE('',*,*,#1778,.T.);
#719=ORIENTED_EDGE('',*,*,#1776,.F.);
#720=ORIENTED_EDGE('',*,*,#1779,.T.);
#721=ORIENTED_EDGE('',*,*,#1780,.T.);
#722=ORIENTED_EDGE('',*,*,#1781,.F.);
#723=ORIENTED_EDGE('',*,*,#1780,.F.);
#724=ORIENTED_EDGE('',*,*,#1782,.F.);
#725=ORIENTED_EDGE('',*,*,#1783,.T.);
#726=ORIENTED_EDGE('',*,*,#1784,.F.);
#727=ORIENTED_EDGE('',*,*,#1785,.F.);
#728=ORIENTED_EDGE('',*,*,#1783,.F.);
#729=ORIENTED_EDGE('',*,*,#1786,.T.);
#730=ORIENTED_EDGE('',*,*,#1787,.T.);
#731=ORIENTED_EDGE('',*,*,#1788,.F.);
#732=ORIENTED_EDGE('',*,*,#1787,.F.);
#733=ORIENTED_EDGE('',*,*,#1789,.T.);
#734=ORIENTED_EDGE('',*,*,#1790,.T.);
#735=ORIENTED_EDGE('',*,*,#1791,.F.);
#736=ORIENTED_EDGE('',*,*,#1724,.F.);
#737=ORIENTED_EDGE('',*,*,#1792,.T.);
#738=ORIENTED_EDGE('',*,*,#1793,.F.);
#739=ORIENTED_EDGE('',*,*,#1794,.T.);
#740=ORIENTED_EDGE('',*,*,#1790,.F.);
#741=ORIENTED_EDGE('',*,*,#1795,.F.);
#742=ORIENTED_EDGE('',*,*,#1796,.T.);
#743=ORIENTED_EDGE('',*,*,#1796,.F.);
#744=ORIENTED_EDGE('',*,*,#1797,.T.);
#745=ORIENTED_EDGE('',*,*,#1798,.T.);
#746=ORIENTED_EDGE('',*,*,#1799,.F.);
#747=ORIENTED_EDGE('',*,*,#1726,.F.);
#748=ORIENTED_EDGE('',*,*,#1800,.T.);
#749=ORIENTED_EDGE('',*,*,#1798,.F.);
#750=ORIENTED_EDGE('',*,*,#1801,.T.);
#751=ORIENTED_EDGE('',*,*,#1802,.T.);
#752=ORIENTED_EDGE('',*,*,#1803,.F.);
#753=ORIENTED_EDGE('',*,*,#1802,.F.);
#754=ORIENTED_EDGE('',*,*,#1804,.F.);
#755=ORIENTED_EDGE('',*,*,#1805,.T.);
#756=ORIENTED_EDGE('',*,*,#1806,.F.);
#757=ORIENTED_EDGE('',*,*,#1728,.F.);
#758=ORIENTED_EDGE('',*,*,#1807,.T.);
#759=ORIENTED_EDGE('',*,*,#1808,.F.);
#760=ORIENTED_EDGE('',*,*,#1805,.F.);
#761=ORIENTED_EDGE('',*,*,#1809,.T.);
#762=ORIENTED_EDGE('',*,*,#1810,.T.);
#763=ORIENTED_EDGE('',*,*,#1811,.F.);
#764=ORIENTED_EDGE('',*,*,#1730,.T.);
#765=ORIENTED_EDGE('',*,*,#1812,.T.);
#766=ORIENTED_EDGE('',*,*,#1810,.F.);
#767=ORIENTED_EDGE('',*,*,#1813,.T.);
#768=ORIENTED_EDGE('',*,*,#1758,.T.);
#769=ORIENTED_EDGE('',*,*,#1764,.F.);
#770=ORIENTED_EDGE('',*,*,#1814,.F.);
#771=ORIENTED_EDGE('',*,*,#1815,.T.);
#772=ORIENTED_EDGE('',*,*,#1816,.T.);
#773=ORIENTED_EDGE('',*,*,#1759,.F.);
#774=ORIENTED_EDGE('',*,*,#1813,.F.);
#775=ORIENTED_EDGE('',*,*,#1809,.F.);
#776=ORIENTED_EDGE('',*,*,#1804,.T.);
#777=ORIENTED_EDGE('',*,*,#1801,.F.);
#778=ORIENTED_EDGE('',*,*,#1797,.F.);
#779=ORIENTED_EDGE('',*,*,#1795,.T.);
#780=ORIENTED_EDGE('',*,*,#1789,.F.);
#781=ORIENTED_EDGE('',*,*,#1786,.F.);
#782=ORIENTED_EDGE('',*,*,#1782,.T.);
#783=ORIENTED_EDGE('',*,*,#1779,.F.);
#784=ORIENTED_EDGE('',*,*,#1775,.T.);
#785=ORIENTED_EDGE('',*,*,#1772,.T.);
#786=ORIENTED_EDGE('',*,*,#1768,.T.);
#787=ORIENTED_EDGE('',*,*,#1756,.T.);
#788=ORIENTED_EDGE('',*,*,#1765,.F.);
#789=ORIENTED_EDGE('',*,*,#1800,.F.);
#790=ORIENTED_EDGE('',*,*,#1725,.T.);
#791=ORIENTED_EDGE('',*,*,#1791,.T.);
#792=ORIENTED_EDGE('',*,*,#1794,.F.);
#793=ORIENTED_EDGE('',*,*,#1808,.T.);
#794=ORIENTED_EDGE('',*,*,#1812,.F.);
#795=ORIENTED_EDGE('',*,*,#1729,.F.);
#796=ORIENTED_EDGE('',*,*,#1806,.T.);
#797=ORIENTED_EDGE('',*,*,#1792,.F.);
#798=ORIENTED_EDGE('',*,*,#1723,.T.);
#799=ORIENTED_EDGE('',*,*,#1817,.T.);
#800=ORIENTED_EDGE('',*,*,#1818,.F.);
#801=ORIENTED_EDGE('',*,*,#1817,.F.);
#802=ORIENTED_EDGE('',*,*,#1722,.T.);
#803=ORIENTED_EDGE('',*,*,#1751,.T.);
#804=ORIENTED_EDGE('',*,*,#1819,.T.);
#805=ORIENTED_EDGE('',*,*,#1820,.F.);
#806=ORIENTED_EDGE('',*,*,#1821,.T.);
#807=ORIENTED_EDGE('',*,*,#1752,.F.);
#808=ORIENTED_EDGE('',*,*,#1720,.T.);
#809=ORIENTED_EDGE('',*,*,#1822,.T.);
#810=ORIENTED_EDGE('',*,*,#1823,.F.);
#811=ORIENTED_EDGE('',*,*,#1745,.F.);
#812=ORIENTED_EDGE('',*,*,#1822,.F.);
#813=ORIENTED_EDGE('',*,*,#1719,.T.);
#814=ORIENTED_EDGE('',*,*,#1746,.T.);
#815=ORIENTED_EDGE('',*,*,#1824,.F.);
#816=ORIENTED_EDGE('',*,*,#1747,.F.);
#817=ORIENTED_EDGE('',*,*,#1731,.T.);
#818=ORIENTED_EDGE('',*,*,#1811,.T.);
#819=ORIENTED_EDGE('',*,*,#1814,.T.);
#820=ORIENTED_EDGE('',*,*,#1763,.F.);
#821=ORIENTED_EDGE('',*,*,#1825,.T.);
#822=ORIENTED_EDGE('',*,*,#1748,.T.);
#823=ORIENTED_EDGE('',*,*,#1807,.F.);
#824=ORIENTED_EDGE('',*,*,#1727,.F.);
#825=ORIENTED_EDGE('',*,*,#1799,.T.);
#826=ORIENTED_EDGE('',*,*,#1803,.T.);
#827=ORIENTED_EDGE('',*,*,#1762,.F.);
#828=ORIENTED_EDGE('',*,*,#1767,.T.);
#829=ORIENTED_EDGE('',*,*,#1736,.F.);
#830=ORIENTED_EDGE('',*,*,#1749,.F.);
#831=ORIENTED_EDGE('',*,*,#1825,.F.);
#832=ORIENTED_EDGE('',*,*,#1732,.T.);
#833=ORIENTED_EDGE('',*,*,#1815,.F.);
#834=ORIENTED_EDGE('',*,*,#1733,.T.);
#835=ORIENTED_EDGE('',*,*,#1816,.F.);
#836=ORIENTED_EDGE('',*,*,#1770,.F.);
#837=ORIENTED_EDGE('',*,*,#1774,.F.);
#838=ORIENTED_EDGE('',*,*,#1778,.F.);
#839=ORIENTED_EDGE('',*,*,#1740,.T.);
#840=ORIENTED_EDGE('',*,*,#1823,.T.);
#841=ORIENTED_EDGE('',*,*,#1824,.T.);
#842=ORIENTED_EDGE('',*,*,#1750,.F.);
#843=ORIENTED_EDGE('',*,*,#1734,.F.);
#844=ORIENTED_EDGE('',*,*,#1754,.F.);
#845=ORIENTED_EDGE('',*,*,#1771,.F.);
#846=ORIENTED_EDGE('',*,*,#1738,.T.);
#847=ORIENTED_EDGE('',*,*,#1766,.T.);
#848=ORIENTED_EDGE('',*,*,#1826,.T.);
#849=ORIENTED_EDGE('',*,*,#1784,.T.);
#850=ORIENTED_EDGE('',*,*,#1788,.T.);
#851=ORIENTED_EDGE('',*,*,#1793,.T.);
#852=ORIENTED_EDGE('',*,*,#1818,.T.);
#853=ORIENTED_EDGE('',*,*,#1820,.T.);
#854=ORIENTED_EDGE('',*,*,#1785,.T.);
#855=ORIENTED_EDGE('',*,*,#1826,.F.);
#856=ORIENTED_EDGE('',*,*,#1819,.F.);
#857=ORIENTED_EDGE('',*,*,#1827,.F.);
#858=ORIENTED_EDGE('',*,*,#1828,.T.);
#859=ORIENTED_EDGE('',*,*,#1829,.F.);
#860=ORIENTED_EDGE('',*,*,#1781,.T.);
#861=ORIENTED_EDGE('',*,*,#1829,.T.);
#862=ORIENTED_EDGE('',*,*,#1830,.F.);
#863=ORIENTED_EDGE('',*,*,#1742,.F.);
#864=ORIENTED_EDGE('',*,*,#1777,.T.);
#865=ORIENTED_EDGE('',*,*,#1828,.F.);
#866=ORIENTED_EDGE('',*,*,#1831,.F.);
#867=ORIENTED_EDGE('',*,*,#1743,.T.);
#868=ORIENTED_EDGE('',*,*,#1830,.T.);
#869=ORIENTED_EDGE('',*,*,#1827,.T.);
#870=ORIENTED_EDGE('',*,*,#1753,.T.);
#871=ORIENTED_EDGE('',*,*,#1821,.F.);
#872=ORIENTED_EDGE('',*,*,#1744,.F.);
#873=ORIENTED_EDGE('',*,*,#1831,.T.);
#874=ORIENTED_EDGE('',*,*,#1832,.T.);
#875=ORIENTED_EDGE('',*,*,#1833,.T.);
#876=ORIENTED_EDGE('',*,*,#1834,.T.);
#877=ORIENTED_EDGE('',*,*,#1835,.T.);
#878=ORIENTED_EDGE('',*,*,#1836,.T.);
#879=ORIENTED_EDGE('',*,*,#1837,.T.);
#880=ORIENTED_EDGE('',*,*,#1838,.F.);
#881=ORIENTED_EDGE('',*,*,#1839,.T.);
#882=ORIENTED_EDGE('',*,*,#1840,.T.);
#883=ORIENTED_EDGE('',*,*,#1841,.T.);
#884=ORIENTED_EDGE('',*,*,#1842,.F.);
#885=ORIENTED_EDGE('',*,*,#1843,.T.);
#886=ORIENTED_EDGE('',*,*,#1838,.T.);
#887=ORIENTED_EDGE('',*,*,#1844,.T.);
#888=ORIENTED_EDGE('',*,*,#1837,.F.);
#889=ORIENTED_EDGE('',*,*,#1845,.F.);
#890=ORIENTED_EDGE('',*,*,#1846,.T.);
#891=ORIENTED_EDGE('',*,*,#1842,.T.);
#892=ORIENTED_EDGE('',*,*,#1847,.T.);
#893=ORIENTED_EDGE('',*,*,#1848,.F.);
#894=ORIENTED_EDGE('',*,*,#1849,.T.);
#895=ORIENTED_EDGE('',*,*,#1845,.T.);
#896=ORIENTED_EDGE('',*,*,#1850,.T.);
#897=ORIENTED_EDGE('',*,*,#1851,.T.);
#898=ORIENTED_EDGE('',*,*,#1852,.T.);
#899=ORIENTED_EDGE('',*,*,#1848,.T.);
#900=ORIENTED_EDGE('',*,*,#1853,.T.);
#901=ORIENTED_EDGE('',*,*,#1854,.T.);
#902=ORIENTED_EDGE('',*,*,#1855,.T.);
#903=ORIENTED_EDGE('',*,*,#1856,.T.);
#904=ORIENTED_EDGE('',*,*,#1857,.T.);
#905=ORIENTED_EDGE('',*,*,#1858,.T.);
#906=ORIENTED_EDGE('',*,*,#1859,.T.);
#907=ORIENTED_EDGE('',*,*,#1860,.T.);
#908=ORIENTED_EDGE('',*,*,#1861,.T.);
#909=ORIENTED_EDGE('',*,*,#1862,.T.);
#910=ORIENTED_EDGE('',*,*,#1863,.T.);
#911=ORIENTED_EDGE('',*,*,#1864,.T.);
#912=ORIENTED_EDGE('',*,*,#1865,.T.);
#913=ORIENTED_EDGE('',*,*,#1866,.T.);
#914=ORIENTED_EDGE('',*,*,#1867,.T.);
#915=ORIENTED_EDGE('',*,*,#1868,.T.);
#916=ORIENTED_EDGE('',*,*,#1869,.T.);
#917=ORIENTED_EDGE('',*,*,#1870,.T.);
#918=ORIENTED_EDGE('',*,*,#1871,.T.);
#919=ORIENTED_EDGE('',*,*,#1872,.T.);
#920=ORIENTED_EDGE('',*,*,#1873,.T.);
#921=ORIENTED_EDGE('',*,*,#1874,.T.);
#922=ORIENTED_EDGE('',*,*,#1875,.T.);
#923=ORIENTED_EDGE('',*,*,#1876,.T.);
#924=ORIENTED_EDGE('',*,*,#1877,.T.);
#925=ORIENTED_EDGE('',*,*,#1878,.T.);
#926=ORIENTED_EDGE('',*,*,#1879,.T.);
#927=ORIENTED_EDGE('',*,*,#1880,.T.);
#928=ORIENTED_EDGE('',*,*,#1881,.T.);
#929=ORIENTED_EDGE('',*,*,#1882,.T.);
#930=ORIENTED_EDGE('',*,*,#1883,.T.);
#931=ORIENTED_EDGE('',*,*,#1884,.T.);
#932=ORIENTED_EDGE('',*,*,#1885,.T.);
#933=ORIENTED_EDGE('',*,*,#1886,.T.);
#934=ORIENTED_EDGE('',*,*,#1887,.T.);
#935=ORIENTED_EDGE('',*,*,#1888,.T.);
#936=ORIENTED_EDGE('',*,*,#1889,.T.);
#937=ORIENTED_EDGE('',*,*,#1890,.T.);
#938=ORIENTED_EDGE('',*,*,#1891,.T.);
#939=ORIENTED_EDGE('',*,*,#1892,.T.);
#940=ORIENTED_EDGE('',*,*,#1893,.T.);
#941=ORIENTED_EDGE('',*,*,#1894,.T.);
#942=ORIENTED_EDGE('',*,*,#1895,.F.);
#943=ORIENTED_EDGE('',*,*,#1895,.T.);
#944=ORIENTED_EDGE('',*,*,#1862,.F.);
#945=ORIENTED_EDGE('',*,*,#1834,.F.);
#946=ORIENTED_EDGE('',*,*,#1894,.F.);
#947=ORIENTED_EDGE('',*,*,#1836,.F.);
#948=ORIENTED_EDGE('',*,*,#1896,.F.);
#949=ORIENTED_EDGE('',*,*,#1892,.F.);
#950=ORIENTED_EDGE('',*,*,#1897,.F.);
#951=ORIENTED_EDGE('',*,*,#1841,.F.);
#952=ORIENTED_EDGE('',*,*,#1898,.F.);
#953=ORIENTED_EDGE('',*,*,#1896,.T.);
#954=ORIENTED_EDGE('',*,*,#1899,.F.);
#955=ORIENTED_EDGE('',*,*,#1897,.T.);
#956=ORIENTED_EDGE('',*,*,#1891,.F.);
#957=ORIENTED_EDGE('',*,*,#1900,.F.);
#958=ORIENTED_EDGE('',*,*,#1844,.F.);
#959=ORIENTED_EDGE('',*,*,#1899,.T.);
#960=ORIENTED_EDGE('',*,*,#1840,.F.);
#961=ORIENTED_EDGE('',*,*,#1901,.F.);
#962=ORIENTED_EDGE('',*,*,#1873,.F.);
#963=ORIENTED_EDGE('',*,*,#1898,.T.);
#964=ORIENTED_EDGE('',*,*,#1872,.F.);
#965=ORIENTED_EDGE('',*,*,#1902,.F.);
#966=ORIENTED_EDGE('',*,*,#1893,.F.);
#967=ORIENTED_EDGE('',*,*,#1900,.T.);
#968=ORIENTED_EDGE('',*,*,#1890,.F.);
#969=ORIENTED_EDGE('',*,*,#1903,.F.);
#970=ORIENTED_EDGE('',*,*,#1847,.F.);
#971=ORIENTED_EDGE('',*,*,#1904,.F.);
#972=ORIENTED_EDGE('',*,*,#1839,.F.);
#973=ORIENTED_EDGE('',*,*,#1905,.F.);
#974=ORIENTED_EDGE('',*,*,#1878,.F.);
#975=ORIENTED_EDGE('',*,*,#1901,.T.);
#976=ORIENTED_EDGE('',*,*,#1904,.T.);
#977=ORIENTED_EDGE('',*,*,#1906,.F.);
#978=ORIENTED_EDGE('',*,*,#1907,.F.);
#979=ORIENTED_EDGE('',*,*,#1902,.T.);
#980=ORIENTED_EDGE('',*,*,#1908,.F.);
#981=ORIENTED_EDGE('',*,*,#1903,.T.);
#982=ORIENTED_EDGE('',*,*,#1889,.F.);
#983=ORIENTED_EDGE('',*,*,#1909,.F.);
#984=ORIENTED_EDGE('',*,*,#1850,.F.);
#985=ORIENTED_EDGE('',*,*,#1905,.T.);
#986=ORIENTED_EDGE('',*,*,#1843,.F.);
#987=ORIENTED_EDGE('',*,*,#1910,.F.);
#988=ORIENTED_EDGE('',*,*,#1879,.F.);
#989=ORIENTED_EDGE('',*,*,#1906,.T.);
#990=ORIENTED_EDGE('',*,*,#1877,.F.);
#991=ORIENTED_EDGE('',*,*,#1911,.F.);
#992=ORIENTED_EDGE('',*,*,#1870,.F.);
#993=ORIENTED_EDGE('',*,*,#1908,.T.);
#994=ORIENTED_EDGE('',*,*,#1871,.F.);
#995=ORIENTED_EDGE('',*,*,#1912,.F.);
#996=ORIENTED_EDGE('',*,*,#1869,.F.);
#997=ORIENTED_EDGE('',*,*,#1907,.T.);
#998=ORIENTED_EDGE('',*,*,#1868,.F.);
#999=ORIENTED_EDGE('',*,*,#1913,.F.);
#1000=ORIENTED_EDGE('',*,*,#1884,.F.);
#1001=ORIENTED_EDGE('',*,*,#1909,.T.);
#1002=ORIENTED_EDGE('',*,*,#1888,.F.);
#1003=ORIENTED_EDGE('',*,*,#1914,.F.);
#1004=ORIENTED_EDGE('',*,*,#1853,.F.);
#1005=ORIENTED_EDGE('',*,*,#1910,.T.);
#1006=ORIENTED_EDGE('',*,*,#1846,.F.);
#1007=ORIENTED_EDGE('',*,*,#1915,.F.);
#1008=ORIENTED_EDGE('',*,*,#1880,.F.);
#1009=ORIENTED_EDGE('',*,*,#1912,.T.);
#1010=ORIENTED_EDGE('',*,*,#1911,.T.);
#1011=ORIENTED_EDGE('',*,*,#1916,.F.);
#1012=ORIENTED_EDGE('',*,*,#1917,.F.);
#1013=ORIENTED_EDGE('',*,*,#1913,.T.);
#1014=ORIENTED_EDGE('',*,*,#1918,.F.);
#1015=ORIENTED_EDGE('',*,*,#1919,.F.);
#1016=ORIENTED_EDGE('',*,*,#1914,.T.);
#1017=ORIENTED_EDGE('',*,*,#1920,.F.);
#1018=ORIENTED_EDGE('',*,*,#1915,.T.);
#1019=ORIENTED_EDGE('',*,*,#1849,.F.);
#1020=ORIENTED_EDGE('',*,*,#1921,.F.);
#1021=ORIENTED_EDGE('',*,*,#1881,.F.);
#1022=ORIENTED_EDGE('',*,*,#1916,.T.);
#1023=ORIENTED_EDGE('',*,*,#1876,.F.);
#1024=ORIENTED_EDGE('',*,*,#1922,.F.);
#1025=ORIENTED_EDGE('',*,*,#1866,.F.);
#1026=ORIENTED_EDGE('',*,*,#1918,.T.);
#1027=ORIENTED_EDGE('',*,*,#1867,.F.);
#1028=ORIENTED_EDGE('',*,*,#1923,.F.);
#1029=ORIENTED_EDGE('',*,*,#1835,.F.);
#1030=ORIENTED_EDGE('',*,*,#1865,.F.);
#1031=ORIENTED_EDGE('',*,*,#1917,.T.);
#1032=ORIENTED_EDGE('',*,*,#1864,.F.);
#1033=ORIENTED_EDGE('',*,*,#1924,.F.);
#1034=ORIENTED_EDGE('',*,*,#1885,.F.);
#1035=ORIENTED_EDGE('',*,*,#1925,.F.);
#1036=ORIENTED_EDGE('',*,*,#1886,.F.);
#1037=ORIENTED_EDGE('',*,*,#1926,.F.);
#1038=ORIENTED_EDGE('',*,*,#1858,.F.);
#1039=ORIENTED_EDGE('',*,*,#1920,.T.);
#1040=ORIENTED_EDGE('',*,*,#1887,.F.);
#1041=ORIENTED_EDGE('',*,*,#1927,.F.);
#1042=ORIENTED_EDGE('',*,*,#1854,.F.);
#1043=ORIENTED_EDGE('',*,*,#1919,.T.);
#1044=ORIENTED_EDGE('',*,*,#1857,.F.);
#1045=ORIENTED_EDGE('',*,*,#1928,.F.);
#1046=ORIENTED_EDGE('',*,*,#1851,.F.);
#1047=ORIENTED_EDGE('',*,*,#1921,.T.);
#1048=ORIENTED_EDGE('',*,*,#1852,.F.);
#1049=ORIENTED_EDGE('',*,*,#1929,.F.);
#1050=ORIENTED_EDGE('',*,*,#1882,.F.);
#1051=ORIENTED_EDGE('',*,*,#1923,.T.);
#1052=ORIENTED_EDGE('',*,*,#1922,.T.);
#1053=ORIENTED_EDGE('',*,*,#1930,.F.);
#1054=ORIENTED_EDGE('',*,*,#1926,.T.);
#1055=ORIENTED_EDGE('',*,*,#1924,.T.);
#1056=ORIENTED_EDGE('',*,*,#1931,.F.);
#1057=ORIENTED_EDGE('',*,*,#1927,.T.);
#1058=ORIENTED_EDGE('',*,*,#1925,.T.);
#1059=ORIENTED_EDGE('',*,*,#1932,.F.);
#1060=ORIENTED_EDGE('',*,*,#1929,.T.);
#1061=ORIENTED_EDGE('',*,*,#1928,.T.);
#1062=ORIENTED_EDGE('',*,*,#1933,.F.);
#1063=ORIENTED_EDGE('',*,*,#1930,.T.);
#1064=ORIENTED_EDGE('',*,*,#1875,.F.);
#1065=ORIENTED_EDGE('',*,*,#1934,.F.);
#1066=ORIENTED_EDGE('',*,*,#1832,.F.);
#1067=ORIENTED_EDGE('',*,*,#1863,.F.);
#1068=ORIENTED_EDGE('',*,*,#1833,.F.);
#1069=ORIENTED_EDGE('',*,*,#1935,.F.);
#1070=ORIENTED_EDGE('',*,*,#1859,.F.);
#1071=ORIENTED_EDGE('',*,*,#1931,.T.);
#1072=ORIENTED_EDGE('',*,*,#1932,.T.);
#1073=ORIENTED_EDGE('',*,*,#1861,.F.);
#1074=ORIENTED_EDGE('',*,*,#1936,.F.);
#1075=ORIENTED_EDGE('',*,*,#1855,.F.);
#1076=ORIENTED_EDGE('',*,*,#1933,.T.);
#1077=ORIENTED_EDGE('',*,*,#1856,.F.);
#1078=ORIENTED_EDGE('',*,*,#1937,.F.);
#1079=ORIENTED_EDGE('',*,*,#1883,.F.);
#1080=ORIENTED_EDGE('',*,*,#1935,.T.);
#1081=ORIENTED_EDGE('',*,*,#1934,.T.);
#1082=ORIENTED_EDGE('',*,*,#1938,.F.);
#1083=ORIENTED_EDGE('',*,*,#1937,.T.);
#1084=ORIENTED_EDGE('',*,*,#1936,.T.);
#1085=ORIENTED_EDGE('',*,*,#1939,.F.);
#1086=ORIENTED_EDGE('',*,*,#1938,.T.);
#1087=ORIENTED_EDGE('',*,*,#1874,.F.);
#1088=ORIENTED_EDGE('',*,*,#1939,.T.);
#1089=ORIENTED_EDGE('',*,*,#1860,.F.);
#1090=ORIENTED_EDGE('',*,*,#1940,.F.);
#1091=ORIENTED_EDGE('',*,*,#1941,.F.);
#1092=ORIENTED_EDGE('',*,*,#1942,.T.);
#1093=ORIENTED_EDGE('',*,*,#1943,.T.);
#1094=ORIENTED_EDGE('',*,*,#1944,.F.);
#1095=ORIENTED_EDGE('',*,*,#1945,.F.);
#1096=ORIENTED_EDGE('',*,*,#1946,.T.);
#1097=ORIENTED_EDGE('',*,*,#1941,.T.);
#1098=ORIENTED_EDGE('',*,*,#1947,.F.);
#1099=ORIENTED_EDGE('',*,*,#1948,.F.);
#1100=ORIENTED_EDGE('',*,*,#1949,.T.);
#1101=ORIENTED_EDGE('',*,*,#1945,.T.);
#1102=ORIENTED_EDGE('',*,*,#1950,.T.);
#1103=ORIENTED_EDGE('',*,*,#1943,.F.);
#1104=ORIENTED_EDGE('',*,*,#1951,.F.);
#1105=ORIENTED_EDGE('',*,*,#1948,.T.);
#1106=ORIENTED_EDGE('',*,*,#1952,.T.);
#1107=ORIENTED_EDGE('',*,*,#1953,.T.);
#1108=ORIENTED_EDGE('',*,*,#1954,.T.);
#1109=ORIENTED_EDGE('',*,*,#1955,.T.);
#1110=ORIENTED_EDGE('',*,*,#1942,.F.);
#1111=ORIENTED_EDGE('',*,*,#1946,.F.);
#1112=ORIENTED_EDGE('',*,*,#1949,.F.);
#1113=ORIENTED_EDGE('',*,*,#1951,.T.);
#1114=ORIENTED_EDGE('',*,*,#1956,.F.);
#1115=ORIENTED_EDGE('',*,*,#1957,.F.);
#1116=ORIENTED_EDGE('',*,*,#1958,.F.);
#1117=ORIENTED_EDGE('',*,*,#1959,.F.);
#1118=ORIENTED_EDGE('',*,*,#1940,.T.);
#1119=ORIENTED_EDGE('',*,*,#1950,.F.);
#1120=ORIENTED_EDGE('',*,*,#1947,.T.);
#1121=ORIENTED_EDGE('',*,*,#1944,.T.);
#1122=ORIENTED_EDGE('',*,*,#1959,.T.);
#1123=ORIENTED_EDGE('',*,*,#1955,.F.);
#1124=ORIENTED_EDGE('',*,*,#1958,.T.);
#1125=ORIENTED_EDGE('',*,*,#1954,.F.);
#1126=ORIENTED_EDGE('',*,*,#1957,.T.);
#1127=ORIENTED_EDGE('',*,*,#1953,.F.);
#1128=ORIENTED_EDGE('',*,*,#1956,.T.);
#1129=ORIENTED_EDGE('',*,*,#1952,.F.);
#1130=ORIENTED_EDGE('',*,*,#1960,.F.);
#1131=ORIENTED_EDGE('',*,*,#1961,.T.);
#1132=ORIENTED_EDGE('',*,*,#1962,.F.);
#1133=ORIENTED_EDGE('',*,*,#1963,.T.);
#1134=ORIENTED_EDGE('',*,*,#1964,.T.);
#1135=ORIENTED_EDGE('',*,*,#1965,.T.);
#1136=ORIENTED_EDGE('',*,*,#1966,.T.);
#1137=ORIENTED_EDGE('',*,*,#1967,.F.);
#1138=ORIENTED_EDGE('',*,*,#1968,.F.);
#1139=ORIENTED_EDGE('',*,*,#1969,.F.);
#1140=ORIENTED_EDGE('',*,*,#1970,.T.);
#1141=ORIENTED_EDGE('',*,*,#1971,.F.);
#1142=ORIENTED_EDGE('',*,*,#1972,.F.);
#1143=ORIENTED_EDGE('',*,*,#1973,.T.);
#1144=ORIENTED_EDGE('',*,*,#1974,.T.);
#1145=ORIENTED_EDGE('',*,*,#1975,.F.);
#1146=ORIENTED_EDGE('',*,*,#1976,.T.);
#1147=ORIENTED_EDGE('',*,*,#1977,.T.);
#1148=ORIENTED_EDGE('',*,*,#1978,.T.);
#1149=ORIENTED_EDGE('',*,*,#1979,.F.);
#1150=ORIENTED_EDGE('',*,*,#1980,.F.);
#1151=ORIENTED_EDGE('',*,*,#1981,.F.);
#1152=ORIENTED_EDGE('',*,*,#1982,.F.);
#1153=ORIENTED_EDGE('',*,*,#1983,.T.);
#1154=ORIENTED_EDGE('',*,*,#1984,.F.);
#1155=ORIENTED_EDGE('',*,*,#1964,.F.);
#1156=ORIENTED_EDGE('',*,*,#1985,.T.);
#1157=ORIENTED_EDGE('',*,*,#1986,.T.);
#1158=ORIENTED_EDGE('',*,*,#1981,.T.);
#1159=ORIENTED_EDGE('',*,*,#1962,.T.);
#1160=ORIENTED_EDGE('',*,*,#1987,.T.);
#1161=ORIENTED_EDGE('',*,*,#1983,.F.);
#1162=ORIENTED_EDGE('',*,*,#1988,.F.);
#1163=ORIENTED_EDGE('',*,*,#1989,.F.);
#1164=ORIENTED_EDGE('',*,*,#1990,.F.);
#1165=ORIENTED_EDGE('',*,*,#1985,.F.);
#1166=ORIENTED_EDGE('',*,*,#1963,.F.);
#1167=ORIENTED_EDGE('',*,*,#1989,.T.);
#1168=ORIENTED_EDGE('',*,*,#1991,.F.);
#1169=ORIENTED_EDGE('',*,*,#1988,.T.);
#1170=ORIENTED_EDGE('',*,*,#1982,.T.);
#1171=ORIENTED_EDGE('',*,*,#1986,.F.);
#1172=ORIENTED_EDGE('',*,*,#1978,.F.);
#1173=ORIENTED_EDGE('',*,*,#1992,.F.);
#1174=ORIENTED_EDGE('',*,*,#1967,.T.);
#1175=ORIENTED_EDGE('',*,*,#1993,.T.);
#1176=ORIENTED_EDGE('',*,*,#1977,.F.);
#1177=ORIENTED_EDGE('',*,*,#1994,.F.);
#1178=ORIENTED_EDGE('',*,*,#1968,.T.);
#1179=ORIENTED_EDGE('',*,*,#1992,.T.);
#1180=ORIENTED_EDGE('',*,*,#1995,.T.);
#1181=ORIENTED_EDGE('',*,*,#1976,.F.);
#1182=ORIENTED_EDGE('',*,*,#1996,.F.);
#1183=ORIENTED_EDGE('',*,*,#1969,.T.);
#1184=ORIENTED_EDGE('',*,*,#1994,.T.);
#1185=ORIENTED_EDGE('',*,*,#1975,.T.);
#1186=ORIENTED_EDGE('',*,*,#1997,.F.);
#1187=ORIENTED_EDGE('',*,*,#1970,.F.);
#1188=ORIENTED_EDGE('',*,*,#1996,.T.);
#1189=ORIENTED_EDGE('',*,*,#1974,.F.);
#1190=ORIENTED_EDGE('',*,*,#1998,.F.);
#1191=ORIENTED_EDGE('',*,*,#1971,.T.);
#1192=ORIENTED_EDGE('',*,*,#1997,.T.);
#1193=ORIENTED_EDGE('',*,*,#1995,.F.);
#1194=ORIENTED_EDGE('',*,*,#1990,.T.);
#1195=ORIENTED_EDGE('',*,*,#1991,.T.);
#1196=ORIENTED_EDGE('',*,*,#1999,.F.);
#1197=ORIENTED_EDGE('',*,*,#1960,.T.);
#1198=ORIENTED_EDGE('',*,*,#1998,.T.);
#1199=ORIENTED_EDGE('',*,*,#1973,.F.);
#1200=ORIENTED_EDGE('',*,*,#1966,.F.);
#1201=ORIENTED_EDGE('',*,*,#2000,.T.);
#1202=ORIENTED_EDGE('',*,*,#1979,.T.);
#1203=ORIENTED_EDGE('',*,*,#1993,.F.);
#1204=ORIENTED_EDGE('',*,*,#2000,.F.);
#1205=ORIENTED_EDGE('',*,*,#1965,.F.);
#1206=ORIENTED_EDGE('',*,*,#1984,.T.);
#1207=ORIENTED_EDGE('',*,*,#1980,.T.);
#1208=ORIENTED_EDGE('',*,*,#1961,.F.);
#1209=ORIENTED_EDGE('',*,*,#1999,.T.);
#1210=ORIENTED_EDGE('',*,*,#1972,.T.);
#1211=ORIENTED_EDGE('',*,*,#1987,.F.);
#1212=ORIENTED_EDGE('',*,*,#2001,.T.);
#1213=ORIENTED_EDGE('',*,*,#2002,.T.);
#1214=ORIENTED_EDGE('',*,*,#2003,.F.);
#1215=ORIENTED_EDGE('',*,*,#2004,.T.);
#1216=ORIENTED_EDGE('',*,*,#2005,.F.);
#1217=ORIENTED_EDGE('',*,*,#2006,.F.);
#1218=ORIENTED_EDGE('',*,*,#2007,.T.);
#1219=ORIENTED_EDGE('',*,*,#2008,.T.);
#1220=ORIENTED_EDGE('',*,*,#2009,.T.);
#1221=ORIENTED_EDGE('',*,*,#2010,.T.);
#1222=ORIENTED_EDGE('',*,*,#2011,.F.);
#1223=ORIENTED_EDGE('',*,*,#2012,.F.);
#1224=ORIENTED_EDGE('',*,*,#2013,.T.);
#1225=ORIENTED_EDGE('',*,*,#2014,.F.);
#1226=ORIENTED_EDGE('',*,*,#2015,.F.);
#1227=ORIENTED_EDGE('',*,*,#2016,.F.);
#1228=ORIENTED_EDGE('',*,*,#2017,.F.);
#1229=ORIENTED_EDGE('',*,*,#2018,.F.);
#1230=ORIENTED_EDGE('',*,*,#2019,.F.);
#1231=ORIENTED_EDGE('',*,*,#2018,.T.);
#1232=ORIENTED_EDGE('',*,*,#2017,.T.);
#1233=ORIENTED_EDGE('',*,*,#2020,.T.);
#1234=ORIENTED_EDGE('',*,*,#2021,.T.);
#1235=ORIENTED_EDGE('',*,*,#2022,.T.);
#1236=ORIENTED_EDGE('',*,*,#2008,.F.);
#1237=ORIENTED_EDGE('',*,*,#2023,.F.);
#1238=ORIENTED_EDGE('',*,*,#2006,.T.);
#1239=ORIENTED_EDGE('',*,*,#2024,.F.);
#1240=ORIENTED_EDGE('',*,*,#2025,.F.);
#1241=ORIENTED_EDGE('',*,*,#2026,.F.);
#1242=ORIENTED_EDGE('',*,*,#2027,.F.);
#1243=ORIENTED_EDGE('',*,*,#2028,.T.);
#1244=ORIENTED_EDGE('',*,*,#2027,.T.);
#1245=ORIENTED_EDGE('',*,*,#2029,.F.);
#1246=ORIENTED_EDGE('',*,*,#2030,.F.);
#1247=ORIENTED_EDGE('',*,*,#2031,.T.);
#1248=ORIENTED_EDGE('',*,*,#2030,.T.);
#1249=ORIENTED_EDGE('',*,*,#2032,.F.);
#1250=ORIENTED_EDGE('',*,*,#2033,.F.);
#1251=ORIENTED_EDGE('',*,*,#2034,.T.);
#1252=ORIENTED_EDGE('',*,*,#2035,.F.);
#1253=ORIENTED_EDGE('',*,*,#2036,.T.);
#1254=ORIENTED_EDGE('',*,*,#2035,.T.);
#1255=ORIENTED_EDGE('',*,*,#2037,.T.);
#1256=ORIENTED_EDGE('',*,*,#2038,.F.);
#1257=ORIENTED_EDGE('',*,*,#2039,.F.);
#1258=ORIENTED_EDGE('',*,*,#2038,.T.);
#1259=ORIENTED_EDGE('',*,*,#2040,.T.);
#1260=ORIENTED_EDGE('',*,*,#2041,.T.);
#1261=ORIENTED_EDGE('',*,*,#2042,.F.);
#1262=ORIENTED_EDGE('',*,*,#2043,.T.);
#1263=ORIENTED_EDGE('',*,*,#2042,.T.);
#1264=ORIENTED_EDGE('',*,*,#2044,.T.);
#1265=ORIENTED_EDGE('',*,*,#2045,.F.);
#1266=ORIENTED_EDGE('',*,*,#2046,.F.);
#1267=ORIENTED_EDGE('',*,*,#2045,.T.);
#1268=ORIENTED_EDGE('',*,*,#2047,.T.);
#1269=ORIENTED_EDGE('',*,*,#2048,.F.);
#1270=ORIENTED_EDGE('',*,*,#2049,.T.);
#1271=ORIENTED_EDGE('',*,*,#2050,.T.);
#1272=ORIENTED_EDGE('',*,*,#2051,.F.);
#1273=ORIENTED_EDGE('',*,*,#2052,.F.);
#1274=ORIENTED_EDGE('',*,*,#2053,.F.);
#1275=ORIENTED_EDGE('',*,*,#2054,.F.);
#1276=ORIENTED_EDGE('',*,*,#2055,.T.);
#1277=ORIENTED_EDGE('',*,*,#2051,.T.);
#1278=ORIENTED_EDGE('',*,*,#2054,.T.);
#1279=ORIENTED_EDGE('',*,*,#2056,.F.);
#1280=ORIENTED_EDGE('',*,*,#2057,.T.);
#1281=ORIENTED_EDGE('',*,*,#2058,.T.);
#1282=ORIENTED_EDGE('',*,*,#2059,.F.);
#1283=ORIENTED_EDGE('',*,*,#2060,.F.);
#1284=ORIENTED_EDGE('',*,*,#2059,.T.);
#1285=ORIENTED_EDGE('',*,*,#2061,.T.);
#1286=ORIENTED_EDGE('',*,*,#2062,.F.);
#1287=ORIENTED_EDGE('',*,*,#2063,.F.);
#1288=ORIENTED_EDGE('',*,*,#2062,.T.);
#1289=ORIENTED_EDGE('',*,*,#2064,.F.);
#1290=ORIENTED_EDGE('',*,*,#2065,.T.);
#1291=ORIENTED_EDGE('',*,*,#2066,.T.);
#1292=ORIENTED_EDGE('',*,*,#2067,.F.);
#1293=ORIENTED_EDGE('',*,*,#2068,.T.);
#1294=ORIENTED_EDGE('',*,*,#2069,.T.);
#1295=ORIENTED_EDGE('',*,*,#2070,.F.);
#1296=ORIENTED_EDGE('',*,*,#2071,.F.);
#1297=ORIENTED_EDGE('',*,*,#2067,.T.);
#1298=ORIENTED_EDGE('',*,*,#2072,.T.);
#1299=ORIENTED_EDGE('',*,*,#2073,.T.);
#1300=ORIENTED_EDGE('',*,*,#2014,.T.);
#1301=ORIENTED_EDGE('',*,*,#2013,.F.);
#1302=ORIENTED_EDGE('',*,*,#2074,.F.);
#1303=ORIENTED_EDGE('',*,*,#2070,.T.);
#1304=ORIENTED_EDGE('',*,*,#2075,.F.);
#1305=ORIENTED_EDGE('',*,*,#2076,.F.);
#1306=ORIENTED_EDGE('',*,*,#2077,.F.);
#1307=ORIENTED_EDGE('',*,*,#2078,.F.);
#1308=ORIENTED_EDGE('',*,*,#2019,.T.);
#1309=ORIENTED_EDGE('',*,*,#2023,.T.);
#1310=ORIENTED_EDGE('',*,*,#2007,.F.);
#1311=ORIENTED_EDGE('',*,*,#2028,.F.);
#1312=ORIENTED_EDGE('',*,*,#2031,.F.);
#1313=ORIENTED_EDGE('',*,*,#2036,.F.);
#1314=ORIENTED_EDGE('',*,*,#2039,.T.);
#1315=ORIENTED_EDGE('',*,*,#2043,.F.);
#1316=ORIENTED_EDGE('',*,*,#2046,.T.);
#1317=ORIENTED_EDGE('',*,*,#2052,.T.);
#1318=ORIENTED_EDGE('',*,*,#2055,.F.);
#1319=ORIENTED_EDGE('',*,*,#2060,.T.);
#1320=ORIENTED_EDGE('',*,*,#2063,.T.);
#1321=ORIENTED_EDGE('',*,*,#2068,.F.);
#1322=ORIENTED_EDGE('',*,*,#2071,.T.);
#1323=ORIENTED_EDGE('',*,*,#2074,.T.);
#1324=ORIENTED_EDGE('',*,*,#2056,.T.);
#1325=ORIENTED_EDGE('',*,*,#2053,.T.);
#1326=ORIENTED_EDGE('',*,*,#2050,.F.);
#1327=ORIENTED_EDGE('',*,*,#2079,.F.);
#1328=ORIENTED_EDGE('',*,*,#2069,.F.);
#1329=ORIENTED_EDGE('',*,*,#2066,.F.);
#1330=ORIENTED_EDGE('',*,*,#2080,.T.);
#1331=ORIENTED_EDGE('',*,*,#2075,.T.);
#1332=ORIENTED_EDGE('',*,*,#2048,.T.);
#1333=ORIENTED_EDGE('',*,*,#2081,.T.);
#1334=ORIENTED_EDGE('',*,*,#2082,.F.);
#1335=ORIENTED_EDGE('',*,*,#2083,.F.);
#1336=ORIENTED_EDGE('',*,*,#2082,.T.);
#1337=ORIENTED_EDGE('',*,*,#2084,.T.);
#1338=ORIENTED_EDGE('',*,*,#2085,.F.);
#1339=ORIENTED_EDGE('',*,*,#2001,.F.);
#1340=ORIENTED_EDGE('',*,*,#2086,.F.);
#1341=ORIENTED_EDGE('',*,*,#2087,.F.);
#1342=ORIENTED_EDGE('',*,*,#2088,.T.);
#1343=ORIENTED_EDGE('',*,*,#2089,.T.);
#1344=ORIENTED_EDGE('',*,*,#2090,.F.);
#1345=ORIENTED_EDGE('',*,*,#2091,.F.);
#1346=ORIENTED_EDGE('',*,*,#2003,.T.);
#1347=ORIENTED_EDGE('',*,*,#2090,.T.);
#1348=ORIENTED_EDGE('',*,*,#2092,.T.);
#1349=ORIENTED_EDGE('',*,*,#2093,.F.);
#1350=ORIENTED_EDGE('',*,*,#2094,.F.);
#1351=ORIENTED_EDGE('',*,*,#2093,.T.);
#1352=ORIENTED_EDGE('',*,*,#2095,.F.);
#1353=ORIENTED_EDGE('',*,*,#2096,.F.);
#1354=ORIENTED_EDGE('',*,*,#2097,.T.);
#1355=ORIENTED_EDGE('',*,*,#2009,.F.);
#1356=ORIENTED_EDGE('',*,*,#2098,.T.);
#1357=ORIENTED_EDGE('',*,*,#2099,.F.);
#1358=ORIENTED_EDGE('',*,*,#2100,.T.);
#1359=ORIENTED_EDGE('',*,*,#2101,.F.);
#1360=ORIENTED_EDGE('',*,*,#2102,.F.);
#1361=ORIENTED_EDGE('',*,*,#2011,.T.);
#1362=ORIENTED_EDGE('',*,*,#2103,.F.);
#1363=ORIENTED_EDGE('',*,*,#2104,.T.);
#1364=ORIENTED_EDGE('',*,*,#2101,.T.);
#1365=ORIENTED_EDGE('',*,*,#2100,.F.);
#1366=ORIENTED_EDGE('',*,*,#2105,.F.);
#1367=ORIENTED_EDGE('',*,*,#2015,.T.);
#1368=ORIENTED_EDGE('',*,*,#2073,.F.);
#1369=ORIENTED_EDGE('',*,*,#2072,.F.);
#1370=ORIENTED_EDGE('',*,*,#2106,.F.);
#1371=ORIENTED_EDGE('',*,*,#2064,.T.);
#1372=ORIENTED_EDGE('',*,*,#2061,.F.);
#1373=ORIENTED_EDGE('',*,*,#2058,.F.);
#1374=ORIENTED_EDGE('',*,*,#2107,.T.);
#1375=ORIENTED_EDGE('',*,*,#2083,.T.);
#1376=ORIENTED_EDGE('',*,*,#2086,.T.);
#1377=ORIENTED_EDGE('',*,*,#2004,.F.);
#1378=ORIENTED_EDGE('',*,*,#2091,.T.);
#1379=ORIENTED_EDGE('',*,*,#2094,.T.);
#1380=ORIENTED_EDGE('',*,*,#2098,.F.);
#1381=ORIENTED_EDGE('',*,*,#2012,.T.);
#1382=ORIENTED_EDGE('',*,*,#2102,.T.);
#1383=ORIENTED_EDGE('',*,*,#2106,.T.);
#1384=ORIENTED_EDGE('',*,*,#2076,.T.);
#1385=ORIENTED_EDGE('',*,*,#2080,.F.);
#1386=ORIENTED_EDGE('',*,*,#2065,.F.);
#1387=ORIENTED_EDGE('',*,*,#2107,.F.);
#1388=ORIENTED_EDGE('',*,*,#2057,.F.);
#1389=ORIENTED_EDGE('',*,*,#2079,.T.);
#1390=ORIENTED_EDGE('',*,*,#2049,.F.);
#1391=ORIENTED_EDGE('',*,*,#2016,.T.);
#1392=ORIENTED_EDGE('',*,*,#2105,.T.);
#1393=ORIENTED_EDGE('',*,*,#2099,.T.);
#1394=ORIENTED_EDGE('',*,*,#2108,.T.);
#1395=ORIENTED_EDGE('',*,*,#2020,.F.);
#1396=ORIENTED_EDGE('',*,*,#2109,.F.);
#1397=ORIENTED_EDGE('',*,*,#2077,.T.);
#1398=ORIENTED_EDGE('',*,*,#2110,.F.);
#1399=ORIENTED_EDGE('',*,*,#2078,.T.);
#1400=ORIENTED_EDGE('',*,*,#2026,.T.);
#1401=ORIENTED_EDGE('',*,*,#2111,.F.);
#1402=ORIENTED_EDGE('',*,*,#2032,.T.);
#1403=ORIENTED_EDGE('',*,*,#2029,.T.);
#1404=ORIENTED_EDGE('',*,*,#2089,.F.);
#1405=ORIENTED_EDGE('',*,*,#2112,.T.);
#1406=ORIENTED_EDGE('',*,*,#2095,.T.);
#1407=ORIENTED_EDGE('',*,*,#2092,.F.);
#1408=ORIENTED_EDGE('',*,*,#2010,.F.);
#1409=ORIENTED_EDGE('',*,*,#2097,.F.);
#1410=ORIENTED_EDGE('',*,*,#2113,.T.);
#1411=ORIENTED_EDGE('',*,*,#2103,.T.);
#1412=ORIENTED_EDGE('',*,*,#2005,.T.);
#1413=ORIENTED_EDGE('',*,*,#2022,.F.);
#1414=ORIENTED_EDGE('',*,*,#2114,.F.);
#1415=ORIENTED_EDGE('',*,*,#2024,.T.);
#1416=ORIENTED_EDGE('',*,*,#2110,.T.);
#1417=ORIENTED_EDGE('',*,*,#2109,.T.);
#1418=ORIENTED_EDGE('',*,*,#2112,.F.);
#1419=ORIENTED_EDGE('',*,*,#2088,.F.);
#1420=ORIENTED_EDGE('',*,*,#2115,.F.);
#1421=ORIENTED_EDGE('',*,*,#2116,.T.);
#1422=ORIENTED_EDGE('',*,*,#2117,.F.);
#1423=ORIENTED_EDGE('',*,*,#2033,.T.);
#1424=ORIENTED_EDGE('',*,*,#2111,.T.);
#1425=ORIENTED_EDGE('',*,*,#2025,.T.);
#1426=ORIENTED_EDGE('',*,*,#2114,.T.);
#1427=ORIENTED_EDGE('',*,*,#2021,.F.);
#1428=ORIENTED_EDGE('',*,*,#2108,.F.);
#1429=ORIENTED_EDGE('',*,*,#2104,.F.);
#1430=ORIENTED_EDGE('',*,*,#2113,.F.);
#1431=ORIENTED_EDGE('',*,*,#2096,.T.);
#1432=ORIENTED_EDGE('',*,*,#2118,.F.);
#1433=ORIENTED_EDGE('',*,*,#2084,.F.);
#1434=ORIENTED_EDGE('',*,*,#2081,.F.);
#1435=ORIENTED_EDGE('',*,*,#2047,.F.);
#1436=ORIENTED_EDGE('',*,*,#2044,.F.);
#1437=ORIENTED_EDGE('',*,*,#2041,.F.);
#1438=ORIENTED_EDGE('',*,*,#2040,.F.);
#1439=ORIENTED_EDGE('',*,*,#2119,.T.);
#1440=ORIENTED_EDGE('',*,*,#2120,.F.);
#1441=ORIENTED_EDGE('',*,*,#2121,.T.);
#1442=ORIENTED_EDGE('',*,*,#2085,.T.);
#1443=ORIENTED_EDGE('',*,*,#2118,.T.);
#1444=ORIENTED_EDGE('',*,*,#2037,.F.);
#1445=ORIENTED_EDGE('',*,*,#2034,.F.);
#1446=ORIENTED_EDGE('',*,*,#2117,.T.);
#1447=ORIENTED_EDGE('',*,*,#2122,.T.);
#1448=ORIENTED_EDGE('',*,*,#2119,.F.);
#1449=ORIENTED_EDGE('',*,*,#2120,.T.);
#1450=ORIENTED_EDGE('',*,*,#2122,.F.);
#1451=ORIENTED_EDGE('',*,*,#2116,.F.);
#1452=ORIENTED_EDGE('',*,*,#2123,.T.);
#1453=ORIENTED_EDGE('',*,*,#2121,.F.);
#1454=ORIENTED_EDGE('',*,*,#2123,.F.);
#1455=ORIENTED_EDGE('',*,*,#2115,.T.);
#1456=ORIENTED_EDGE('',*,*,#2087,.T.);
#1457=ORIENTED_EDGE('',*,*,#2002,.F.);
#1458=EDGE_CURVE('',#2124,#2125,#2569,.T.);
#1459=EDGE_CURVE('',#2126,#2125,#2570,.T.);
#1460=EDGE_CURVE('',#2127,#2126,#2571,.T.);
#1461=EDGE_CURVE('',#2127,#2124,#2572,.T.);
#1462=EDGE_CURVE('',#2128,#2128,#122,.T.);
#1463=EDGE_CURVE('',#2129,#2129,#123,.T.);
#1464=EDGE_CURVE('',#2130,#2130,#124,.T.);
#1465=EDGE_CURVE('',#2131,#2131,#125,.T.);
#1466=EDGE_CURVE('',#2125,#2132,#2573,.T.);
#1467=EDGE_CURVE('',#2133,#2132,#2574,.T.);
#1468=EDGE_CURVE('',#2126,#2133,#2575,.T.);
#1469=EDGE_CURVE('',#2132,#2134,#37,.T.);
#1470=EDGE_CURVE('',#2135,#2134,#2576,.T.);
#1471=EDGE_CURVE('',#2133,#2135,#38,.T.);
#1472=EDGE_CURVE('',#2136,#2136,#39,.T.);
#1473=EDGE_CURVE('',#2137,#2137,#40,.T.);
#1474=EDGE_CURVE('',#2138,#2138,#41,.T.);
#1475=EDGE_CURVE('',#2139,#2139,#42,.T.);
#1476=EDGE_CURVE('',#2124,#2134,#2577,.T.);
#1477=EDGE_CURVE('',#2127,#2135,#2578,.T.);
#1478=EDGE_CURVE('',#2140,#2140,#43,.T.);
#1479=EDGE_CURVE('',#2141,#2141,#44,.T.);
#1480=EDGE_CURVE('',#2142,#2143,#2579,.T.);
#1481=EDGE_CURVE('',#2143,#2144,#2580,.T.);
#1482=EDGE_CURVE('',#2144,#2145,#2581,.F.);
#1483=EDGE_CURVE('',#2145,#2146,#2582,.T.);
#1484=EDGE_CURVE('',#2147,#2146,#2583,.T.);
#1485=EDGE_CURVE('',#2148,#2147,#2584,.T.);
#1486=EDGE_CURVE('',#2149,#2148,#2585,.T.);
#1487=EDGE_CURVE('',#2150,#2149,#2586,.T.);
#1488=EDGE_CURVE('',#2150,#2151,#2587,.T.);
#1489=EDGE_CURVE('',#2152,#2151,#2588,.T.);
#1490=EDGE_CURVE('',#2152,#2153,#2589,.T.);
#1491=EDGE_CURVE('',#2153,#2142,#2590,.T.);
#1492=EDGE_CURVE('',#2154,#2155,#2591,.T.);
#1493=EDGE_CURVE('',#2154,#2156,#2592,.T.);
#1494=EDGE_CURVE('',#2157,#2156,#2593,.T.);
#1495=EDGE_CURVE('',#2155,#2157,#2594,.T.);
#1496=EDGE_CURVE('',#2158,#2159,#2595,.T.);
#1497=EDGE_CURVE('',#2158,#2160,#2596,.T.);
#1498=EDGE_CURVE('',#2161,#2160,#2597,.T.);
#1499=EDGE_CURVE('',#2162,#2161,#2598,.T.);
#1500=EDGE_CURVE('',#2162,#2163,#2599,.T.);
#1501=EDGE_CURVE('',#2164,#2163,#2600,.T.);
#1502=EDGE_CURVE('',#2164,#2165,#2601,.T.);
#1503=EDGE_CURVE('',#2165,#2166,#2602,.T.);
#1504=EDGE_CURVE('',#2166,#2167,#2603,.T.);
#1505=EDGE_CURVE('',#2167,#2168,#2604,.T.);
#1506=EDGE_CURVE('',#2169,#2168,#2605,.T.);
#1507=EDGE_CURVE('',#2159,#2169,#2606,.F.);
#1508=EDGE_CURVE('',#2170,#2171,#2607,.T.);
#1509=EDGE_CURVE('',#2170,#2172,#2608,.T.);
#1510=EDGE_CURVE('',#2172,#2173,#2609,.T.);
#1511=EDGE_CURVE('',#2173,#2171,#2610,.T.);
#1512=EDGE_CURVE('',#2162,#2152,#2611,.T.);
#1513=EDGE_CURVE('',#2151,#2163,#2612,.T.);
#1514=EDGE_CURVE('',#2160,#2142,#2613,.T.);
#1515=EDGE_CURVE('',#2161,#2153,#2614,.T.);
#1516=EDGE_CURVE('',#2143,#2158,#2615,.T.);
#1517=EDGE_CURVE('',#2148,#2166,#2616,.T.);
#1518=EDGE_CURVE('',#2149,#2165,#2617,.T.);
#1519=EDGE_CURVE('',#2145,#2169,#2618,.T.);
#1520=EDGE_CURVE('',#2144,#2159,#2619,.T.);
#1521=EDGE_CURVE('',#2146,#2168,#2620,.T.);
#1522=EDGE_CURVE('',#2147,#2167,#2621,.T.);
#1523=EDGE_CURVE('',#2150,#2164,#2622,.T.);
#1524=EDGE_CURVE('',#2171,#2156,#2623,.T.);
#1525=EDGE_CURVE('',#2170,#2154,#2624,.T.);
#1526=EDGE_CURVE('',#2172,#2155,#2625,.T.);
#1527=EDGE_CURVE('',#2173,#2157,#2626,.T.);
#1528=EDGE_CURVE('',#2174,#2174,#45,.T.);
#1529=EDGE_CURVE('',#2175,#2176,#2627,.T.);
#1530=EDGE_CURVE('',#2177,#2176,#2628,.T.);
#1531=EDGE_CURVE('',#2178,#2177,#2629,.T.);
#1532=EDGE_CURVE('',#2178,#2175,#2630,.T.);
#1533=EDGE_CURVE('',#2176,#2179,#2631,.T.);
#1534=EDGE_CURVE('',#2180,#2179,#2632,.T.);
#1535=EDGE_CURVE('',#2177,#2180,#2633,.T.);
#1536=EDGE_CURVE('',#2179,#2181,#2634,.T.);
#1537=EDGE_CURVE('',#2182,#2181,#2635,.T.);
#1538=EDGE_CURVE('',#2180,#2182,#2636,.T.);
#1539=EDGE_CURVE('',#2183,#2183,#46,.F.);
#1540=EDGE_CURVE('',#2181,#2184,#2637,.T.);
#1541=EDGE_CURVE('',#2185,#2184,#2638,.T.);
#1542=EDGE_CURVE('',#2182,#2185,#2639,.T.);
#1543=EDGE_CURVE('',#2184,#2186,#2640,.T.);
#1544=EDGE_CURVE('',#2187,#2186,#2641,.T.);
#1545=EDGE_CURVE('',#2185,#2187,#2642,.T.);
#1546=EDGE_CURVE('',#2175,#2186,#2643,.T.);
#1547=EDGE_CURVE('',#2178,#2187,#2644,.T.);
#1548=EDGE_CURVE('',#2188,#2189,#2645,.T.);
#1549=EDGE_CURVE('',#2189,#2190,#2646,.T.);
#1550=EDGE_CURVE('',#2191,#2190,#2647,.T.);
#1551=EDGE_CURVE('',#2191,#2192,#2648,.T.);
#1552=EDGE_CURVE('',#2192,#2193,#2649,.T.);
#1553=EDGE_CURVE('',#2194,#2193,#2650,.F.);
#1554=EDGE_CURVE('',#2195,#2194,#2651,.T.);
#1555=EDGE_CURVE('',#2196,#2195,#2652,.F.);
#1556=EDGE_CURVE('',#2197,#2196,#2653,.T.);
#1557=EDGE_CURVE('',#2188,#2197,#2654,.T.);
#1558=EDGE_CURVE('',#2198,#2199,#2655,.T.);
#1559=EDGE_CURVE('',#2198,#2200,#2656,.T.);
#1560=EDGE_CURVE('',#2200,#2201,#2657,.T.);
#1561=EDGE_CURVE('',#2202,#2201,#2658,.T.);
#1562=EDGE_CURVE('',#2203,#2202,#2659,.T.);
#1563=EDGE_CURVE('',#2204,#2203,#2660,.T.);
#1564=EDGE_CURVE('',#2205,#2204,#2661,.T.);
#1565=EDGE_CURVE('',#2205,#2206,#2662,.T.);
#1566=EDGE_CURVE('',#2207,#2206,#2663,.T.);
#1567=EDGE_CURVE('',#2199,#2207,#2664,.T.);
#1568=EDGE_CURVE('',#2208,#2209,#2665,.T.);
#1569=EDGE_CURVE('',#2208,#2210,#2666,.F.);
#1570=EDGE_CURVE('',#2210,#2211,#2667,.T.);
#1571=EDGE_CURVE('',#2209,#2211,#2668,.F.);
#1572=EDGE_CURVE('',#2210,#2188,#2669,.F.);
#1573=EDGE_CURVE('',#2211,#2197,#2670,.F.);
#1574=EDGE_CURVE('',#2212,#2213,#2671,.T.);
#1575=EDGE_CURVE('',#2212,#2207,#2672,.F.);
#1576=EDGE_CURVE('',#2213,#2206,#2673,.F.);
#1577=EDGE_CURVE('',#2208,#2200,#2674,.F.);
#1578=EDGE_CURVE('',#2209,#2201,#2675,.F.);
#1579=EDGE_CURVE('',#2195,#2203,#2676,.T.);
#1580=EDGE_CURVE('',#2214,#2191,#2677,.F.);
#1581=EDGE_CURVE('',#2214,#2215,#2678,.T.);
#1582=EDGE_CURVE('',#2215,#2192,#2679,.F.);
#1583=EDGE_CURVE('',#2212,#2214,#2680,.F.);
#1584=EDGE_CURVE('',#2213,#2215,#2681,.F.);
#1585=EDGE_CURVE('',#2194,#2204,#2682,.T.);
#1586=EDGE_CURVE('',#2216,#2216,#47,.F.);
#1587=EDGE_CURVE('',#2189,#2198,#2683,.T.);
#1588=EDGE_CURVE('',#2190,#2199,#2684,.T.);
#1589=EDGE_CURVE('',#2217,#2217,#48,.F.);
#1590=EDGE_CURVE('',#2218,#2218,#49,.T.);
#1591=EDGE_CURVE('',#2219,#2220,#2685,.T.);
#1592=EDGE_CURVE('',#2220,#2221,#2686,.T.);
#1593=EDGE_CURVE('',#2221,#2222,#2687,.T.);
#1594=EDGE_CURVE('',#2222,#2223,#2688,.T.);
#1595=EDGE_CURVE('',#2223,#2224,#2689,.T.);
#1596=EDGE_CURVE('',#2224,#2219,#2690,.T.);
#1597=EDGE_CURVE('',#2225,#2225,#50,.T.);
#1598=EDGE_CURVE('',#2226,#2226,#51,.T.);
#1599=EDGE_CURVE('',#2227,#2227,#52,.T.);
#1600=EDGE_CURVE('',#2228,#2220,#2691,.T.);
#1601=EDGE_CURVE('',#2228,#2229,#2692,.T.);
#1602=EDGE_CURVE('',#2229,#2221,#2693,.T.);
#1603=EDGE_CURVE('',#2230,#2219,#2694,.T.);
#1604=EDGE_CURVE('',#2230,#2228,#2695,.T.);
#1605=EDGE_CURVE('',#2231,#2224,#2696,.T.);
#1606=EDGE_CURVE('',#2231,#2230,#2697,.T.);
#1607=EDGE_CURVE('',#2232,#2223,#2698,.T.);
#1608=EDGE_CURVE('',#2232,#2231,#2699,.T.);
#1609=EDGE_CURVE('',#2233,#2222,#2700,.T.);
#1610=EDGE_CURVE('',#2233,#2232,#2701,.T.);
#1611=EDGE_CURVE('',#2229,#2233,#2702,.T.);
#1612=EDGE_CURVE('',#2234,#2234,#53,.T.);
#1613=EDGE_CURVE('',#2235,#2235,#54,.T.);
#1614=EDGE_CURVE('',#2236,#2236,#55,.T.);
#1615=EDGE_CURVE('',#2237,#2238,#2703,.T.);
#1616=EDGE_CURVE('',#2238,#2239,#2704,.T.);
#1617=EDGE_CURVE('',#2240,#2239,#2705,.T.);
#1618=EDGE_CURVE('',#2241,#2240,#2706,.T.);
#1619=EDGE_CURVE('',#2242,#2241,#2707,.T.);
#1620=EDGE_CURVE('',#2243,#2242,#2708,.T.);
#1621=EDGE_CURVE('',#2243,#2237,#2709,.T.);
#1622=EDGE_CURVE('',#2244,#2245,#2710,.T.);
#1623=EDGE_CURVE('',#2245,#2246,#2711,.T.);
#1624=EDGE_CURVE('',#2246,#2247,#2712,.T.);
#1625=EDGE_CURVE('',#2248,#2247,#2713,.T.);
#1626=EDGE_CURVE('',#2248,#2249,#56,.T.);
#1627=EDGE_CURVE('',#2244,#2249,#2714,.T.);
#1628=EDGE_CURVE('',#2250,#2251,#2715,.T.);
#1629=EDGE_CURVE('',#2251,#2247,#2716,.T.);
#1630=EDGE_CURVE('',#2239,#2247,#2717,.T.);
#1631=EDGE_CURVE('',#2252,#2238,#2718,.T.);
#1632=EDGE_CURVE('',#2253,#2252,#2719,.T.);
#1633=EDGE_CURVE('',#2253,#2250,#2720,.T.);
#1634=EDGE_CURVE('',#2240,#2246,#2721,.T.);
#1635=EDGE_CURVE('',#2241,#2245,#2722,.T.);
#1636=EDGE_CURVE('',#2242,#2254,#2723,.T.);
#1637=EDGE_CURVE('',#2255,#2244,#2724,.T.);
#1638=EDGE_CURVE('',#2254,#2255,#2725,.T.);
#1639=EDGE_CURVE('',#2243,#2256,#2726,.T.);
#1640=EDGE_CURVE('',#2256,#2254,#2727,.T.);
#1641=EDGE_CURVE('',#2237,#2257,#2728,.T.);
#1642=EDGE_CURVE('',#2256,#2257,#2729,.T.);
#1643=EDGE_CURVE('',#2258,#2259,#2730,.T.);
#1644=EDGE_CURVE('',#2258,#2260,#2731,.T.);
#1645=EDGE_CURVE('',#2260,#2237,#2732,.T.);
#1646=EDGE_CURVE('',#2259,#2257,#2733,.T.);
#1647=EDGE_CURVE('',#2261,#2261,#57,.F.);
#1648=EDGE_CURVE('',#2258,#2253,#2734,.T.);
#1649=EDGE_CURVE('',#2259,#2250,#2735,.T.);
#1650=EDGE_CURVE('',#2249,#2248,#58,.T.);
#1651=EDGE_CURVE('',#2262,#2262,#59,.T.);
#1652=EDGE_CURVE('',#2249,#2248,#2736,.T.);
#1653=EDGE_CURVE('',#2255,#2251,#2737,.T.);
#1654=EDGE_CURVE('',#2260,#2252,#2738,.T.);
#1655=EDGE_CURVE('',#2263,#2263,#60,.T.);
#1656=EDGE_CURVE('',#2264,#2264,#61,.T.);
#1657=EDGE_CURVE('',#2265,#2266,#2739,.T.);
#1658=EDGE_CURVE('',#2267,#2265,#2740,.T.);
#1659=EDGE_CURVE('',#2267,#2268,#2741,.T.);
#1660=EDGE_CURVE('',#2268,#2266,#2742,.T.);
#1661=EDGE_CURVE('',#2266,#2269,#2743,.T.);
#1662=EDGE_CURVE('',#2268,#2270,#2744,.T.);
#1663=EDGE_CURVE('',#2270,#2269,#2745,.T.);
#1664=EDGE_CURVE('',#2269,#2271,#2746,.T.);
#1665=EDGE_CURVE('',#2270,#2272,#2747,.T.);
#1666=EDGE_CURVE('',#2272,#2271,#2748,.T.);
#1667=EDGE_CURVE('',#2271,#2273,#2749,.T.);
#1668=EDGE_CURVE('',#2272,#2274,#2750,.T.);
#1669=EDGE_CURVE('',#2274,#2273,#2751,.T.);
#1670=EDGE_CURVE('',#2273,#2275,#2752,.T.);
#1671=EDGE_CURVE('',#2274,#2276,#2753,.T.);
#1672=EDGE_CURVE('',#2276,#2275,#2754,.T.);
#1673=EDGE_CURVE('',#2275,#2265,#2755,.T.);
#1674=EDGE_CURVE('',#2276,#2267,#2756,.T.);
#1675=EDGE_CURVE('',#2277,#2277,#62,.T.);
#1676=EDGE_CURVE('',#2278,#2279,#2757,.T.);
#1677=EDGE_CURVE('',#2280,#2278,#2758,.T.);
#1678=EDGE_CURVE('',#2280,#2281,#2759,.T.);
#1679=EDGE_CURVE('',#2281,#2282,#2760,.T.);
#1680=EDGE_CURVE('',#2282,#2283,#2761,.T.);
#1681=EDGE_CURVE('',#2283,#2284,#2762,.T.);
#1682=EDGE_CURVE('',#2279,#2284,#2763,.T.);
#1683=EDGE_CURVE('',#2285,#2286,#2764,.T.);
#1684=EDGE_CURVE('',#2285,#2287,#2765,.T.);
#1685=EDGE_CURVE('',#2288,#2287,#63,.T.);
#1686=EDGE_CURVE('',#2288,#2289,#2766,.T.);
#1687=EDGE_CURVE('',#2290,#2289,#2767,.T.);
#1688=EDGE_CURVE('',#2286,#2290,#2768,.T.);
#1689=EDGE_CURVE('',#2291,#2292,#2769,.T.);
#1690=EDGE_CURVE('',#2293,#2291,#2770,.T.);
#1691=EDGE_CURVE('',#2293,#2294,#2771,.T.);
#1692=EDGE_CURVE('',#2294,#2279,#2772,.T.);
#1693=EDGE_CURVE('',#2284,#2289,#2773,.T.);
#1694=EDGE_CURVE('',#2292,#2289,#2774,.T.);
#1695=EDGE_CURVE('',#2283,#2290,#2775,.T.);
#1696=EDGE_CURVE('',#2282,#2286,#2776,.T.);
#1697=EDGE_CURVE('',#2281,#2295,#2777,.T.);
#1698=EDGE_CURVE('',#2295,#2296,#2778,.T.);
#1699=EDGE_CURVE('',#2296,#2285,#2779,.T.);
#1700=EDGE_CURVE('',#2280,#2297,#2780,.T.);
#1701=EDGE_CURVE('',#2297,#2295,#2781,.T.);
#1702=EDGE_CURVE('',#2278,#2298,#2782,.T.);
#1703=EDGE_CURVE('',#2297,#2298,#2783,.T.);
#1704=EDGE_CURVE('',#2299,#2300,#2784,.T.);
#1705=EDGE_CURVE('',#2300,#2298,#2785,.T.);
#1706=EDGE_CURVE('',#2301,#2278,#2786,.T.);
#1707=EDGE_CURVE('',#2299,#2301,#2787,.T.);
#1708=EDGE_CURVE('',#2302,#2302,#64,.F.);
#1709=EDGE_CURVE('',#2300,#2291,#2788,.T.);
#1710=EDGE_CURVE('',#2299,#2293,#2789,.T.);
#1711=EDGE_CURVE('',#2287,#2288,#65,.T.);
#1712=EDGE_CURVE('',#2303,#2303,#66,.T.);
#1713=EDGE_CURVE('',#2296,#2292,#2790,.T.);
#1714=EDGE_CURVE('',#2287,#2288,#2791,.T.);
#1715=EDGE_CURVE('',#2301,#2294,#2792,.T.);
#1716=EDGE_CURVE('',#2304,#2304,#67,.T.);
#1717=EDGE_CURVE('',#2305,#2305,#68,.T.);
#1718=EDGE_CURVE('',#2306,#2307,#2793,.T.);
#1719=EDGE_CURVE('',#2308,#2306,#2794,.T.);
#1720=EDGE_CURVE('',#2309,#2308,#2795,.T.);
#1721=EDGE_CURVE('',#2309,#2310,#2796,.T.);
#1722=EDGE_CURVE('',#2311,#2310,#2797,.T.);
#1723=EDGE_CURVE('',#2312,#2311,#2798,.T.);
#1724=EDGE_CURVE('',#2312,#2313,#2799,.T.);
#1725=EDGE_CURVE('',#2314,#2313,#2800,.T.);
#1726=EDGE_CURVE('',#2314,#2315,#2801,.T.);
#1727=EDGE_CURVE('',#2315,#2316,#2802,.T.);
#1728=EDGE_CURVE('',#2316,#2317,#2803,.T.);
#1729=EDGE_CURVE('',#2317,#2318,#2804,.T.);
#1730=EDGE_CURVE('',#2319,#2318,#2805,.T.);
#1731=EDGE_CURVE('',#2307,#2319,#2806,.F.);
#1732=EDGE_CURVE('',#2320,#2320,#69,.T.);
#1733=EDGE_CURVE('',#2321,#2321,#70,.T.);
#1734=EDGE_CURVE('',#2322,#2323,#2807,.T.);
#1735=EDGE_CURVE('',#2323,#2324,#2808,.T.);
#1736=EDGE_CURVE('',#2324,#2325,#2809,.F.);
#1737=EDGE_CURVE('',#2325,#2326,#2810,.T.);
#1738=EDGE_CURVE('',#2327,#2326,#2811,.T.);
#1739=EDGE_CURVE('',#2328,#2327,#2812,.T.);
#1740=EDGE_CURVE('',#2329,#2328,#2813,.T.);
#1741=EDGE_CURVE('',#2330,#2329,#2814,.T.);
#1742=EDGE_CURVE('',#2330,#2331,#2815,.T.);
#1743=EDGE_CURVE('',#2332,#2331,#2816,.T.);
#1744=EDGE_CURVE('',#2332,#2333,#2817,.T.);
#1745=EDGE_CURVE('',#2333,#2322,#2818,.T.);
#1746=EDGE_CURVE('',#2306,#2334,#2819,.T.);
#1747=EDGE_CURVE('',#2307,#2335,#2820,.T.);
#1748=EDGE_CURVE('',#2336,#2335,#2821,.T.);
#1749=EDGE_CURVE('',#2336,#2324,#2822,.T.);
#1750=EDGE_CURVE('',#2323,#2334,#2823,.T.);
#1751=EDGE_CURVE('',#2310,#2337,#2824,.T.);
#1752=EDGE_CURVE('',#2309,#2338,#2825,.T.);
#1753=EDGE_CURVE('',#2337,#2338,#2826,.T.);
#1754=EDGE_CURVE('',#2339,#2340,#2827,.T.);
#1755=EDGE_CURVE('',#2341,#2340,#2828,.T.);
#1756=EDGE_CURVE('',#2342,#2341,#2829,.T.);
#1757=EDGE_CURVE('',#2342,#2339,#2830,.T.);
#1758=EDGE_CURVE('',#2343,#2344,#2831,.T.);
#1759=EDGE_CURVE('',#2343,#2345,#2832,.F.);
#1760=EDGE_CURVE('',#2345,#2346,#2833,.T.);
#1761=EDGE_CURVE('',#2346,#2347,#2834,.T.);
#1762=EDGE_CURVE('',#2347,#2348,#2835,.F.);
#1763=EDGE_CURVE('',#2348,#2349,#2836,.F.);
#1764=EDGE_CURVE('',#2349,#2344,#2837,.T.);
#1765=EDGE_CURVE('',#2345,#2341,#2838,.T.);
#1766=EDGE_CURVE('',#2326,#2340,#2839,.T.);
#1767=EDGE_CURVE('',#2347,#2325,#2840,.T.);
#1768=EDGE_CURVE('',#2350,#2342,#2841,.T.);
#1769=EDGE_CURVE('',#2350,#2351,#2842,.T.);
#1770=EDGE_CURVE('',#2351,#2328,#2843,.T.);
#1771=EDGE_CURVE('',#2327,#2339,#2844,.T.);
#1772=EDGE_CURVE('',#2352,#2350,#2845,.T.);
#1773=EDGE_CURVE('',#2352,#2353,#2846,.T.);
#1774=EDGE_CURVE('',#2353,#2351,#2847,.T.);
#1775=EDGE_CURVE('',#2354,#2352,#2848,.T.);
#1776=EDGE_CURVE('',#2354,#2355,#2849,.T.);
#1777=EDGE_CURVE('',#2330,#2355,#2850,.T.);
#1778=EDGE_CURVE('',#2329,#2353,#2851,.T.);
#1779=EDGE_CURVE('',#2354,#2356,#2852,.T.);
#1780=EDGE_CURVE('',#2356,#2357,#2853,.T.);
#1781=EDGE_CURVE('',#2355,#2357,#2854,.T.);
#1782=EDGE_CURVE('',#2358,#2356,#2855,.T.);
#1783=EDGE_CURVE('',#2358,#2359,#2856,.T.);
#1784=EDGE_CURVE('',#2360,#2359,#2857,.F.);
#1785=EDGE_CURVE('',#2357,#2360,#2858,.T.);
#1786=EDGE_CURVE('',#2358,#2361,#2859,.T.);
#1787=EDGE_CURVE('',#2361,#2362,#2860,.T.);
#1788=EDGE_CURVE('',#2359,#2362,#2861,.F.);
#1789=EDGE_CURVE('',#2361,#2363,#2862,.T.);
#1790=EDGE_CURVE('',#2363,#2364,#2863,.T.);
#1791=EDGE_CURVE('',#2313,#2364,#2864,.T.);
#1792=EDGE_CURVE('',#2312,#2365,#2865,.T.);
#1793=EDGE_CURVE('',#2362,#2365,#2866,.F.);
#1794=EDGE_CURVE('',#2366,#2364,#2867,.T.);
#1795=EDGE_CURVE('',#2367,#2363,#2868,.T.);
#1796=EDGE_CURVE('',#2367,#2366,#2869,.T.);
#1797=EDGE_CURVE('',#2367,#2368,#2870,.T.);
#1798=EDGE_CURVE('',#2368,#2369,#2871,.T.);
#1799=EDGE_CURVE('',#2315,#2369,#2872,.T.);
#1800=EDGE_CURVE('',#2314,#2366,#2873,.T.);
#1801=EDGE_CURVE('',#2368,#2370,#2874,.T.);
#1802=EDGE_CURVE('',#2370,#2371,#2875,.T.);
#1803=EDGE_CURVE('',#2369,#2371,#2876,.T.);
#1804=EDGE_CURVE('',#2372,#2370,#2877,.T.);
#1805=EDGE_CURVE('',#2372,#2373,#2878,.T.);
#1806=EDGE_CURVE('',#2317,#2373,#2879,.T.);
#1807=EDGE_CURVE('',#2316,#2371,#2880,.T.);
#1808=EDGE_CURVE('',#2373,#2374,#2881,.T.);
#1809=EDGE_CURVE('',#2372,#2375,#2882,.T.);
#1810=EDGE_CURVE('',#2375,#2374,#2883,.T.);
#1811=EDGE_CURVE('',#2319,#2376,#2884,.T.);
#1812=EDGE_CURVE('',#2318,#2374,#2885,.T.);
#1813=EDGE_CURVE('',#2375,#2343,#2886,.T.);
#1814=EDGE_CURVE('',#2376,#2349,#2887,.T.);
#1815=EDGE_CURVE('',#2377,#2377,#71,.T.);
#1816=EDGE_CURVE('',#2378,#2378,#72,.T.);
#1817=EDGE_CURVE('',#2311,#2379,#2888,.T.);
#1818=EDGE_CURVE('',#2365,#2379,#2889,.F.);
#1819=EDGE_CURVE('',#2337,#2380,#2890,.T.);
#1820=EDGE_CURVE('',#2379,#2380,#2891,.F.);
#1821=EDGE_CURVE('',#2333,#2338,#2892,.T.);
#1822=EDGE_CURVE('',#2308,#2381,#2893,.T.);
#1823=EDGE_CURVE('',#2322,#2381,#2894,.T.);
#1824=EDGE_CURVE('',#2381,#2334,#2895,.T.);
#1825=EDGE_CURVE('',#2348,#2336,#2896,.F.);
#1826=EDGE_CURVE('',#2380,#2360,#2897,.F.);
#1827=EDGE_CURVE('',#2382,#2337,#2898,.T.);
#1828=EDGE_CURVE('',#2382,#2383,#2899,.T.);
#1829=EDGE_CURVE('',#2357,#2383,#2900,.T.);
#1830=EDGE_CURVE('',#2331,#2383,#2901,.T.);
#1831=EDGE_CURVE('',#2332,#2382,#2902,.T.);
#1832=EDGE_CURVE('',#2384,#2385,#2903,.T.);
#1833=EDGE_CURVE('',#2385,#2386,#2904,.T.);
#1834=EDGE_CURVE('',#2386,#2387,#73,.T.);
#1835=EDGE_CURVE('',#2387,#2384,#2905,.T.);
#1836=EDGE_CURVE('',#2388,#2388,#74,.T.);
#1837=EDGE_CURVE('',#2389,#2389,#75,.F.);
#1838=EDGE_CURVE('',#2390,#2391,#2906,.T.);
#1839=EDGE_CURVE('',#2390,#2392,#2907,.T.);
#1840=EDGE_CURVE('',#2392,#2393,#2908,.T.);
#1841=EDGE_CURVE('',#2393,#2391,#2909,.T.);
#1842=EDGE_CURVE('',#2394,#2395,#2910,.T.);
#1843=EDGE_CURVE('',#2394,#2390,#2911,.T.);
#1844=EDGE_CURVE('',#2391,#2395,#2912,.T.);
#1845=EDGE_CURVE('',#2396,#2397,#2913,.T.);
#1846=EDGE_CURVE('',#2396,#2394,#2914,.T.);
#1847=EDGE_CURVE('',#2395,#2397,#2915,.T.);
#1848=EDGE_CURVE('',#2398,#2399,#2916,.T.);
#1849=EDGE_CURVE('',#2398,#2396,#2917,.T.);
#1850=EDGE_CURVE('',#2397,#2399,#2918,.T.);
#1851=EDGE_CURVE('',#2400,#2401,#2919,.T.);
#1852=EDGE_CURVE('',#2401,#2398,#2920,.T.);
#1853=EDGE_CURVE('',#2399,#2400,#2921,.T.);
#1854=EDGE_CURVE('',#2402,#2403,#2922,.T.);
#1855=EDGE_CURVE('',#2403,#2404,#2923,.T.);
#1856=EDGE_CURVE('',#2404,#2405,#2924,.T.);
#1857=EDGE_CURVE('',#2405,#2402,#2925,.T.);
#1858=EDGE_CURVE('',#2406,#2407,#2926,.T.);
#1859=EDGE_CURVE('',#2407,#2408,#2927,.T.);
#1860=EDGE_CURVE('',#2408,#2409,#2928,.T.);
#1861=EDGE_CURVE('',#2409,#2406,#2929,.T.);
#1862=EDGE_CURVE('',#2387,#2386,#76,.T.);
#1863=EDGE_CURVE('',#2386,#2410,#2930,.T.);
#1864=EDGE_CURVE('',#2410,#2411,#2931,.T.);
#1865=EDGE_CURVE('',#2411,#2387,#2932,.T.);
#1866=EDGE_CURVE('',#2412,#2413,#2933,.T.);
#1867=EDGE_CURVE('',#2413,#2414,#2934,.T.);
#1868=EDGE_CURVE('',#2414,#2415,#2935,.T.);
#1869=EDGE_CURVE('',#2415,#2412,#2936,.T.);
#1870=EDGE_CURVE('',#2416,#2417,#2937,.T.);
#1871=EDGE_CURVE('',#2417,#2418,#2938,.T.);
#1872=EDGE_CURVE('',#2418,#2419,#2939,.T.);
#1873=EDGE_CURVE('',#2419,#2416,#2940,.T.);
#1874=EDGE_CURVE('',#2420,#2421,#2941,.T.);
#1875=EDGE_CURVE('',#2421,#2422,#2942,.T.);
#1876=EDGE_CURVE('',#2422,#2423,#2943,.T.);
#1877=EDGE_CURVE('',#2423,#2424,#2944,.T.);
#1878=EDGE_CURVE('',#2424,#2425,#2945,.T.);
#1879=EDGE_CURVE('',#2425,#2426,#2946,.T.);
#1880=EDGE_CURVE('',#2426,#2427,#2947,.T.);
#1881=EDGE_CURVE('',#2427,#2428,#2948,.T.);
#1882=EDGE_CURVE('',#2428,#2429,#2949,.T.);
#1883=EDGE_CURVE('',#2429,#2420,#2950,.T.);
#1884=EDGE_CURVE('',#2430,#2431,#2951,.T.);
#1885=EDGE_CURVE('',#2431,#2432,#2952,.T.);
#1886=EDGE_CURVE('',#2432,#2433,#2953,.T.);
#1887=EDGE_CURVE('',#2433,#2434,#2954,.T.);
#1888=EDGE_CURVE('',#2434,#2435,#2955,.T.);
#1889=EDGE_CURVE('',#2435,#2436,#2956,.T.);
#1890=EDGE_CURVE('',#2436,#2437,#2957,.T.);
#1891=EDGE_CURVE('',#2437,#2438,#2958,.T.);
#1892=EDGE_CURVE('',#2438,#2439,#2959,.T.);
#1893=EDGE_CURVE('',#2439,#2430,#2960,.T.);
#1894=EDGE_CURVE('',#2440,#2440,#77,.F.);
#1895=EDGE_CURVE('',#2441,#2441,#78,.T.);
#1896=EDGE_CURVE('',#2439,#2393,#2961,.F.);
#1897=EDGE_CURVE('',#2391,#2438,#2962,.F.);
#1898=EDGE_CURVE('',#2439,#2419,#2963,.F.);
#1899=EDGE_CURVE('',#2419,#2393,#2964,.F.);
#1900=EDGE_CURVE('',#2395,#2437,#2965,.F.);
#1901=EDGE_CURVE('',#2416,#2392,#2966,.T.);
#1902=EDGE_CURVE('',#2430,#2418,#2967,.T.);
#1903=EDGE_CURVE('',#2397,#2436,#2968,.T.);
#1904=EDGE_CURVE('',#2392,#2424,#2969,.T.);
#1905=EDGE_CURVE('',#2425,#2390,#2970,.F.);
#1906=EDGE_CURVE('',#2416,#2424,#2971,.T.);
#1907=EDGE_CURVE('',#2430,#2415,#2972,.F.);
#1908=EDGE_CURVE('',#2415,#2418,#2973,.T.);
#1909=EDGE_CURVE('',#2399,#2435,#2974,.T.);
#1910=EDGE_CURVE('',#2426,#2394,#2975,.F.);
#1911=EDGE_CURVE('',#2417,#2423,#2976,.F.);
#1912=EDGE_CURVE('',#2412,#2417,#2977,.F.);
#1913=EDGE_CURVE('',#2431,#2414,#2978,.T.);
#1914=EDGE_CURVE('',#2400,#2434,#2979,.F.);
#1915=EDGE_CURVE('',#2427,#2396,#2980,.T.);
#1916=EDGE_CURVE('',#2412,#2423,#2981,.T.);
#1917=EDGE_CURVE('',#2431,#2411,#2982,.F.);
#1918=EDGE_CURVE('',#2411,#2414,#2983,.T.);
#1919=EDGE_CURVE('',#2400,#2402,#2984,.T.);
#1920=EDGE_CURVE('',#2402,#2434,#2985,.T.);
#1921=EDGE_CURVE('',#2428,#2398,#2986,.T.);
#1922=EDGE_CURVE('',#2413,#2422,#2987,.F.);
#1923=EDGE_CURVE('',#2384,#2413,#2988,.F.);
#1924=EDGE_CURVE('',#2432,#2410,#2989,.T.);
#1925=EDGE_CURVE('',#2433,#2406,#2990,.T.);
#1926=EDGE_CURVE('',#2407,#2432,#2991,.T.);
#1927=EDGE_CURVE('',#2403,#2433,#2992,.F.);
#1928=EDGE_CURVE('',#2401,#2405,#2993,.F.);
#1929=EDGE_CURVE('',#2429,#2401,#2994,.T.);
#1930=EDGE_CURVE('',#2384,#2422,#2995,.T.);
#1931=EDGE_CURVE('',#2407,#2410,#2996,.T.);
#1932=EDGE_CURVE('',#2403,#2406,#2997,.F.);
#1933=EDGE_CURVE('',#2429,#2405,#2998,.F.);
#1934=EDGE_CURVE('',#2385,#2421,#2999,.F.);
#1935=EDGE_CURVE('',#2408,#2385,#3000,.F.);
#1936=EDGE_CURVE('',#2404,#2409,#3001,.T.);
#1937=EDGE_CURVE('',#2420,#2404,#3002,.T.);
#1938=EDGE_CURVE('',#2408,#2421,#3003,.T.);
#1939=EDGE_CURVE('',#2420,#2409,#3004,.T.);
#1940=EDGE_CURVE('',#2442,#2443,#3005,.T.);
#1941=EDGE_CURVE('',#2444,#2442,#3006,.T.);
#1942=EDGE_CURVE('',#2444,#2445,#3007,.T.);
#1943=EDGE_CURVE('',#2445,#2443,#3008,.T.);
#1944=EDGE_CURVE('',#2446,#2442,#3009,.T.);
#1945=EDGE_CURVE('',#2447,#2446,#3010,.T.);
#1946=EDGE_CURVE('',#2447,#2444,#3011,.T.);
#1947=EDGE_CURVE('',#2448,#2446,#3012,.T.);
#1948=EDGE_CURVE('',#2449,#2448,#3013,.T.);
#1949=EDGE_CURVE('',#2449,#2447,#3014,.T.);
#1950=EDGE_CURVE('',#2448,#2443,#3015,.T.);
#1951=EDGE_CURVE('',#2449,#2445,#3016,.T.);
#1952=EDGE_CURVE('',#2450,#2450,#79,.T.);
#1953=EDGE_CURVE('',#2451,#2451,#80,.T.);
#1954=EDGE_CURVE('',#2452,#2452,#81,.T.);
#1955=EDGE_CURVE('',#2453,#2453,#82,.T.);
#1956=EDGE_CURVE('',#2454,#2454,#83,.T.);
#1957=EDGE_CURVE('',#2455,#2455,#84,.T.);
#1958=EDGE_CURVE('',#2456,#2456,#85,.T.);
#1959=EDGE_CURVE('',#2457,#2457,#86,.T.);
#1960=EDGE_CURVE('',#2458,#2459,#3017,.T.);
#1961=EDGE_CURVE('',#2458,#2460,#3018,.T.);
#1962=EDGE_CURVE('',#2461,#2460,#3019,.T.);
#1963=EDGE_CURVE('',#2461,#2462,#3020,.T.);
#1964=EDGE_CURVE('',#2462,#2463,#3021,.T.);
#1965=EDGE_CURVE('',#2463,#2464,#3022,.T.);
#1966=EDGE_CURVE('',#2464,#2465,#3023,.T.);
#1967=EDGE_CURVE('',#2466,#2465,#3024,.T.);
#1968=EDGE_CURVE('',#2467,#2466,#3025,.T.);
#1969=EDGE_CURVE('',#2468,#2467,#3026,.T.);
#1970=EDGE_CURVE('',#2468,#2469,#3027,.T.);
#1971=EDGE_CURVE('',#2459,#2469,#3028,.T.);
#1972=EDGE_CURVE('',#2470,#2471,#3029,.T.);
#1973=EDGE_CURVE('',#2470,#2472,#3030,.T.);
#1974=EDGE_CURVE('',#2472,#2473,#3031,.T.);
#1975=EDGE_CURVE('',#2474,#2473,#3032,.T.);
#1976=EDGE_CURVE('',#2474,#2475,#3033,.T.);
#1977=EDGE_CURVE('',#2475,#2476,#3034,.T.);
#1978=EDGE_CURVE('',#2476,#2477,#3035,.T.);
#1979=EDGE_CURVE('',#2478,#2477,#3036,.T.);
#1980=EDGE_CURVE('',#2479,#2478,#3037,.T.);
#1981=EDGE_CURVE('',#2480,#2479,#3038,.T.);
#1982=EDGE_CURVE('',#2481,#2480,#3039,.T.);
#1983=EDGE_CURVE('',#2481,#2471,#3040,.T.);
#1984=EDGE_CURVE('',#2463,#2479,#3041,.T.);
#1985=EDGE_CURVE('',#2462,#2482,#3042,.T.);
#1986=EDGE_CURVE('',#2482,#2480,#3043,.T.);
#1987=EDGE_CURVE('',#2460,#2471,#3044,.T.);
#1988=EDGE_CURVE('',#2483,#2481,#3045,.T.);
#1989=EDGE_CURVE('',#2461,#2483,#3046,.T.);
#1990=EDGE_CURVE('',#2482,#2483,#87,.F.);
#1991=EDGE_CURVE('',#2483,#2482,#88,.F.);
#1992=EDGE_CURVE('',#2466,#2476,#3047,.T.);
#1993=EDGE_CURVE('',#2465,#2477,#3048,.T.);
#1994=EDGE_CURVE('',#2467,#2475,#3049,.T.);
#1995=EDGE_CURVE('',#2484,#2484,#89,.T.);
#1996=EDGE_CURVE('',#2468,#2474,#3050,.T.);
#1997=EDGE_CURVE('',#2469,#2473,#3051,.T.);
#1998=EDGE_CURVE('',#2459,#2472,#3052,.T.);
#1999=EDGE_CURVE('',#2458,#2470,#3053,.T.);
#2000=EDGE_CURVE('',#2464,#2478,#3054,.T.);
#2001=EDGE_CURVE('',#2485,#2486,#3055,.T.);
#2002=EDGE_CURVE('',#2486,#2487,#3056,.T.);
#2003=EDGE_CURVE('',#2488,#2487,#3057,.T.);
#2004=EDGE_CURVE('',#2488,#2485,#3058,.T.);
#2005=EDGE_CURVE('',#2489,#2490,#3059,.T.);
#2006=EDGE_CURVE('',#2491,#2489,#3060,.T.);
#2007=EDGE_CURVE('',#2491,#2492,#3061,.T.);
#2008=EDGE_CURVE('',#2492,#2490,#3062,.T.);
#2009=EDGE_CURVE('',#2493,#2494,#3063,.T.);
#2010=EDGE_CURVE('',#2494,#2495,#3064,.T.);
#2011=EDGE_CURVE('',#2496,#2495,#3065,.T.);
#2012=EDGE_CURVE('',#2493,#2496,#3066,.T.);
#2013=EDGE_CURVE('',#2497,#2498,#3067,.T.);
#2014=EDGE_CURVE('',#2499,#2498,#3068,.T.);
#2015=EDGE_CURVE('',#2500,#2499,#3069,.F.);
#2016=EDGE_CURVE('',#2501,#2500,#3070,.F.);
#2017=EDGE_CURVE('',#2502,#2501,#3071,.T.);
#2018=EDGE_CURVE('',#2503,#2502,#3072,.T.);
#2019=EDGE_CURVE('',#2497,#2503,#3073,.F.);
#2020=EDGE_CURVE('',#2501,#2504,#3074,.T.);
#2021=EDGE_CURVE('',#2504,#2505,#3075,.T.);
#2022=EDGE_CURVE('',#2505,#2490,#3076,.T.);
#2023=EDGE_CURVE('',#2503,#2492,#3077,.T.);
#2024=EDGE_CURVE('',#2506,#2489,#3078,.T.);
#2025=EDGE_CURVE('',#2507,#2506,#3079,.T.);
#2026=EDGE_CURVE('',#2508,#2507,#3080,.T.);
#2027=EDGE_CURVE('',#2509,#2508,#3081,.T.);
#2028=EDGE_CURVE('',#2509,#2491,#3082,.T.);
#2029=EDGE_CURVE('',#2510,#2508,#3083,.T.);
#2030=EDGE_CURVE('',#2511,#2510,#3084,.T.);
#2031=EDGE_CURVE('',#2511,#2509,#3085,.T.);
#2032=EDGE_CURVE('',#2512,#2510,#3086,.T.);
#2033=EDGE_CURVE('',#2513,#2512,#3087,.T.);
#2034=EDGE_CURVE('',#2513,#2514,#3088,.T.);
#2035=EDGE_CURVE('',#2515,#2514,#3089,.T.);
#2036=EDGE_CURVE('',#2515,#2511,#3090,.T.);
#2037=EDGE_CURVE('',#2514,#2516,#3091,.T.);
#2038=EDGE_CURVE('',#2517,#2516,#3092,.T.);
#2039=EDGE_CURVE('',#2515,#2517,#3093,.T.);
#2040=EDGE_CURVE('',#2516,#2518,#3094,.T.);
#2041=EDGE_CURVE('',#2518,#2519,#3095,.F.);
#2042=EDGE_CURVE('',#2520,#2519,#3096,.T.);
#2043=EDGE_CURVE('',#2520,#2517,#3097,.T.);
#2044=EDGE_CURVE('',#2519,#2521,#3098,.F.);
#2045=EDGE_CURVE('',#2522,#2521,#3099,.T.);
#2046=EDGE_CURVE('',#2520,#2522,#3100,.T.);
#2047=EDGE_CURVE('',#2521,#2523,#3101,.F.);
#2048=EDGE_CURVE('',#2524,#2523,#3102,.T.);
#2049=EDGE_CURVE('',#2524,#2525,#3103,.T.);
#2050=EDGE_CURVE('',#2525,#2526,#3104,.T.);
#2051=EDGE_CURVE('',#2527,#2526,#3105,.T.);
#2052=EDGE_CURVE('',#2522,#2527,#3106,.T.);
#2053=EDGE_CURVE('',#2528,#2526,#3107,.T.);
#2054=EDGE_CURVE('',#2529,#2528,#3108,.T.);
#2055=EDGE_CURVE('',#2529,#2527,#3109,.T.);
#2056=EDGE_CURVE('',#2530,#2528,#3110,.T.);
#2057=EDGE_CURVE('',#2530,#2531,#3111,.T.);
#2058=EDGE_CURVE('',#2531,#2532,#3112,.T.);
#2059=EDGE_CURVE('',#2533,#2532,#3113,.T.);
#2060=EDGE_CURVE('',#2529,#2533,#3114,.T.);
#2061=EDGE_CURVE('',#2532,#2534,#3115,.T.);
#2062=EDGE_CURVE('',#2535,#2534,#3116,.T.);
#2063=EDGE_CURVE('',#2533,#2535,#3117,.T.);
#2064=EDGE_CURVE('',#2536,#2534,#3118,.T.);
#2065=EDGE_CURVE('',#2536,#2537,#3119,.T.);
#2066=EDGE_CURVE('',#2537,#2538,#3120,.T.);
#2067=EDGE_CURVE('',#2539,#2538,#3121,.T.);
#2068=EDGE_CURVE('',#2539,#2535,#3122,.T.);
#2069=EDGE_CURVE('',#2538,#2540,#3123,.T.);
#2070=EDGE_CURVE('',#2541,#2540,#3124,.T.);
#2071=EDGE_CURVE('',#2539,#2541,#3125,.T.);
#2072=EDGE_CURVE('',#2542,#2543,#3126,.T.);
#2073=EDGE_CURVE('',#2543,#2499,#3127,.T.);
#2074=EDGE_CURVE('',#2541,#2497,#3128,.T.);
#2075=EDGE_CURVE('',#2544,#2540,#3129,.T.);
#2076=EDGE_CURVE('',#2542,#2544,#3130,.T.);
#2077=EDGE_CURVE('',#2545,#2545,#90,.T.);
#2078=EDGE_CURVE('',#2546,#2546,#91,.T.);
#2079=EDGE_CURVE('',#2530,#2525,#3131,.T.);
#2080=EDGE_CURVE('',#2537,#2544,#3132,.T.);
#2081=EDGE_CURVE('',#2523,#2547,#3133,.F.);
#2082=EDGE_CURVE('',#2548,#2547,#3134,.T.);
#2083=EDGE_CURVE('',#2524,#2548,#3135,.T.);
#2084=EDGE_CURVE('',#2547,#2549,#3136,.F.);
#2085=EDGE_CURVE('',#2486,#2549,#3137,.T.);
#2086=EDGE_CURVE('',#2548,#2485,#3138,.T.);
#2087=EDGE_CURVE('',#2550,#2487,#3139,.T.);
#2088=EDGE_CURVE('',#2550,#2551,#3140,.T.);
#2089=EDGE_CURVE('',#2551,#2552,#3141,.T.);
#2090=EDGE_CURVE('',#2553,#2552,#3142,.T.);
#2091=EDGE_CURVE('',#2488,#2553,#3143,.T.);
#2092=EDGE_CURVE('',#2552,#2554,#3144,.T.);
#2093=EDGE_CURVE('',#2555,#2554,#3145,.T.);
#2094=EDGE_CURVE('',#2553,#2555,#3146,.T.);
#2095=EDGE_CURVE('',#2556,#2554,#3147,.T.);
#2096=EDGE_CURVE('',#2557,#2556,#3148,.T.);
#2097=EDGE_CURVE('',#2557,#2494,#3149,.T.);
#2098=EDGE_CURVE('',#2493,#2555,#3150,.T.);
#2099=EDGE_CURVE('',#2558,#2559,#3151,.T.);
#2100=EDGE_CURVE('',#2558,#2560,#3152,.T.);
#2101=EDGE_CURVE('',#2561,#2560,#3153,.T.);
#2102=EDGE_CURVE('',#2496,#2561,#3154,.T.);
#2103=EDGE_CURVE('',#2562,#2495,#3155,.T.);
#2104=EDGE_CURVE('',#2562,#2559,#3156,.T.);
#2105=EDGE_CURVE('',#2500,#2558,#3157,.F.);
#2106=EDGE_CURVE('',#2561,#2542,#3158,.F.);
#2107=EDGE_CURVE('',#2531,#2536,#3159,.T.);
#2108=EDGE_CURVE('',#2559,#2504,#3160,.F.);
#2109=EDGE_CURVE('',#2563,#2563,#92,.T.);
#2110=EDGE_CURVE('',#2564,#2564,#93,.T.);
#2111=EDGE_CURVE('',#2512,#2507,#3161,.T.);
#2112=EDGE_CURVE('',#2551,#2556,#3162,.T.);
#2113=EDGE_CURVE('',#2557,#2562,#3163,.T.);
#2114=EDGE_CURVE('',#2506,#2505,#3164,.T.);
#2115=EDGE_CURVE('',#2565,#2550,#3165,.T.);
#2116=EDGE_CURVE('',#2565,#2566,#3166,.T.);
#2117=EDGE_CURVE('',#2513,#2566,#3167,.T.);
#2118=EDGE_CURVE('',#2549,#2518,#3168,.F.);
#2119=EDGE_CURVE('',#2516,#2567,#3169,.T.);
#2120=EDGE_CURVE('',#2568,#2567,#3170,.T.);
#2121=EDGE_CURVE('',#2568,#2486,#3171,.T.);
#2122=EDGE_CURVE('',#2566,#2567,#3172,.T.);
#2123=EDGE_CURVE('',#2565,#2568,#3173,.T.);
#2124=VERTEX_POINT('',#6812);
#2125=VERTEX_POINT('',#6813);
#2126=VERTEX_POINT('',#6815);
#2127=VERTEX_POINT('',#6817);
#2128=VERTEX_POINT('',#6821);
#2129=VERTEX_POINT('',#6823);
#2130=VERTEX_POINT('',#6825);
#2131=VERTEX_POINT('',#6827);
#2132=VERTEX_POINT('',#6829);
#2133=VERTEX_POINT('',#6831);
#2134=VERTEX_POINT('',#6835);
#2135=VERTEX_POINT('',#6837);
#2136=VERTEX_POINT('',#6841);
#2137=VERTEX_POINT('',#6843);
#2138=VERTEX_POINT('',#6845);
#2139=VERTEX_POINT('',#6847);
#2140=VERTEX_POINT('',#6852);
#2141=VERTEX_POINT('',#6854);
#2142=VERTEX_POINT('',#6864);
#2143=VERTEX_POINT('',#6865);
#2144=VERTEX_POINT('',#6867);
#2145=VERTEX_POINT('',#6869);
#2146=VERTEX_POINT('',#6871);
#2147=VERTEX_POINT('',#6873);
#2148=VERTEX_POINT('',#6875);
#2149=VERTEX_POINT('',#6877);
#2150=VERTEX_POINT('',#6879);
#2151=VERTEX_POINT('',#6881);
#2152=VERTEX_POINT('',#6883);
#2153=VERTEX_POINT('',#6885);
#2154=VERTEX_POINT('',#6888);
#2155=VERTEX_POINT('',#6889);
#2156=VERTEX_POINT('',#6891);
#2157=VERTEX_POINT('',#6893);
#2158=VERTEX_POINT('',#6897);
#2159=VERTEX_POINT('',#6898);
#2160=VERTEX_POINT('',#6900);
#2161=VERTEX_POINT('',#6902);
#2162=VERTEX_POINT('',#6904);
#2163=VERTEX_POINT('',#6906);
#2164=VERTEX_POINT('',#6908);
#2165=VERTEX_POINT('',#6910);
#2166=VERTEX_POINT('',#6912);
#2167=VERTEX_POINT('',#6914);
#2168=VERTEX_POINT('',#6916);
#2169=VERTEX_POINT('',#6918);
#2170=VERTEX_POINT('',#6921);
#2171=VERTEX_POINT('',#6922);
#2172=VERTEX_POINT('',#6924);
#2173=VERTEX_POINT('',#6926);
#2174=VERTEX_POINT('',#6963);
#2175=VERTEX_POINT('',#6965);
#2176=VERTEX_POINT('',#6966);
#2177=VERTEX_POINT('',#6968);
#2178=VERTEX_POINT('',#6970);
#2179=VERTEX_POINT('',#6974);
#2180=VERTEX_POINT('',#6976);
#2181=VERTEX_POINT('',#6980);
#2182=VERTEX_POINT('',#6982);
#2183=VERTEX_POINT('',#6986);
#2184=VERTEX_POINT('',#6988);
#2185=VERTEX_POINT('',#6990);
#2186=VERTEX_POINT('',#6994);
#2187=VERTEX_POINT('',#6996);
#2188=VERTEX_POINT('',#7007);
#2189=VERTEX_POINT('',#7008);
#2190=VERTEX_POINT('',#7010);
#2191=VERTEX_POINT('',#7012);
#2192=VERTEX_POINT('',#7014);
#2193=VERTEX_POINT('',#7016);
#2194=VERTEX_POINT('',#7018);
#2195=VERTEX_POINT('',#7020);
#2196=VERTEX_POINT('',#7022);
#2197=VERTEX_POINT('',#7024);
#2198=VERTEX_POINT('',#7028);
#2199=VERTEX_POINT('',#7029);
#2200=VERTEX_POINT('',#7031);
#2201=VERTEX_POINT('',#7033);
#2202=VERTEX_POINT('',#7035);
#2203=VERTEX_POINT('',#7037);
#2204=VERTEX_POINT('',#7039);
#2205=VERTEX_POINT('',#7041);
#2206=VERTEX_POINT('',#7043);
#2207=VERTEX_POINT('',#7045);
#2208=VERTEX_POINT('',#7049);
#2209=VERTEX_POINT('',#7050);
#2210=VERTEX_POINT('',#7052);
#2211=VERTEX_POINT('',#7054);
#2212=VERTEX_POINT('',#7061);
#2213=VERTEX_POINT('',#7062);
#2214=VERTEX_POINT('',#7072);
#2215=VERTEX_POINT('',#7074);
#2216=VERTEX_POINT('',#7083);
#2217=VERTEX_POINT('',#7088);
#2218=VERTEX_POINT('',#7095);
#2219=VERTEX_POINT('',#7097);
#2220=VERTEX_POINT('',#7098);
#2221=VERTEX_POINT('',#7100);
#2222=VERTEX_POINT('',#7102);
#2223=VERTEX_POINT('',#7104);
#2224=VERTEX_POINT('',#7106);
#2225=VERTEX_POINT('',#7110);
#2226=VERTEX_POINT('',#7112);
#2227=VERTEX_POINT('',#7115);
#2228=VERTEX_POINT('',#7119);
#2229=VERTEX_POINT('',#7121);
#2230=VERTEX_POINT('',#7125);
#2231=VERTEX_POINT('',#7129);
#2232=VERTEX_POINT('',#7133);
#2233=VERTEX_POINT('',#7137);
#2234=VERTEX_POINT('',#7143);
#2235=VERTEX_POINT('',#7145);
#2236=VERTEX_POINT('',#7151);
#2237=VERTEX_POINT('',#7153);
#2238=VERTEX_POINT('',#7154);
#2239=VERTEX_POINT('',#7156);
#2240=VERTEX_POINT('',#7158);
#2241=VERTEX_POINT('',#7160);
#2242=VERTEX_POINT('',#7162);
#2243=VERTEX_POINT('',#7164);
#2244=VERTEX_POINT('',#7168);
#2245=VERTEX_POINT('',#7169);
#2246=VERTEX_POINT('',#7171);
#2247=VERTEX_POINT('',#7173);
#2248=VERTEX_POINT('',#7175);
#2249=VERTEX_POINT('',#7177);
#2250=VERTEX_POINT('',#7181);
#2251=VERTEX_POINT('',#7182);
#2252=VERTEX_POINT('',#7186);
#2253=VERTEX_POINT('',#7188);
#2254=VERTEX_POINT('',#7196);
#2255=VERTEX_POINT('',#7198);
#2256=VERTEX_POINT('',#7202);
#2257=VERTEX_POINT('',#7206);
#2258=VERTEX_POINT('',#7210);
#2259=VERTEX_POINT('',#7211);
#2260=VERTEX_POINT('',#7213);
#2261=VERTEX_POINT('',#7218);
#2262=VERTEX_POINT('',#7225);
#2263=VERTEX_POINT('',#7235);
#2264=VERTEX_POINT('',#7237);
#2265=VERTEX_POINT('',#7243);
#2266=VERTEX_POINT('',#7244);
#2267=VERTEX_POINT('',#7246);
#2268=VERTEX_POINT('',#7248);
#2269=VERTEX_POINT('',#7252);
#2270=VERTEX_POINT('',#7254);
#2271=VERTEX_POINT('',#7258);
#2272=VERTEX_POINT('',#7260);
#2273=VERTEX_POINT('',#7264);
#2274=VERTEX_POINT('',#7266);
#2275=VERTEX_POINT('',#7270);
#2276=VERTEX_POINT('',#7272);
#2277=VERTEX_POINT('',#7282);
#2278=VERTEX_POINT('',#7284);
#2279=VERTEX_POINT('',#7285);
#2280=VERTEX_POINT('',#7287);
#2281=VERTEX_POINT('',#7289);
#2282=VERTEX_POINT('',#7291);
#2283=VERTEX_POINT('',#7293);
#2284=VERTEX_POINT('',#7295);
#2285=VERTEX_POINT('',#7299);
#2286=VERTEX_POINT('',#7300);
#2287=VERTEX_POINT('',#7302);
#2288=VERTEX_POINT('',#7304);
#2289=VERTEX_POINT('',#7306);
#2290=VERTEX_POINT('',#7308);
#2291=VERTEX_POINT('',#7312);
#2292=VERTEX_POINT('',#7313);
#2293=VERTEX_POINT('',#7315);
#2294=VERTEX_POINT('',#7317);
#2295=VERTEX_POINT('',#7327);
#2296=VERTEX_POINT('',#7329);
#2297=VERTEX_POINT('',#7333);
#2298=VERTEX_POINT('',#7337);
#2299=VERTEX_POINT('',#7341);
#2300=VERTEX_POINT('',#7342);
#2301=VERTEX_POINT('',#7345);
#2302=VERTEX_POINT('',#7349);
#2303=VERTEX_POINT('',#7356);
#2304=VERTEX_POINT('',#7366);
#2305=VERTEX_POINT('',#7368);
#2306=VERTEX_POINT('',#7374);
#2307=VERTEX_POINT('',#7375);
#2308=VERTEX_POINT('',#7377);
#2309=VERTEX_POINT('',#7379);
#2310=VERTEX_POINT('',#7381);
#2311=VERTEX_POINT('',#7383);
#2312=VERTEX_POINT('',#7385);
#2313=VERTEX_POINT('',#7387);
#2314=VERTEX_POINT('',#7389);
#2315=VERTEX_POINT('',#7391);
#2316=VERTEX_POINT('',#7393);
#2317=VERTEX_POINT('',#7395);
#2318=VERTEX_POINT('',#7397);
#2319=VERTEX_POINT('',#7399);
#2320=VERTEX_POINT('',#7403);
#2321=VERTEX_POINT('',#7405);
#2322=VERTEX_POINT('',#7407);
#2323=VERTEX_POINT('',#7408);
#2324=VERTEX_POINT('',#7410);
#2325=VERTEX_POINT('',#7412);
#2326=VERTEX_POINT('',#7414);
#2327=VERTEX_POINT('',#7416);
#2328=VERTEX_POINT('',#7418);
#2329=VERTEX_POINT('',#7420);
#2330=VERTEX_POINT('',#7422);
#2331=VERTEX_POINT('',#7424);
#2332=VERTEX_POINT('',#7426);
#2333=VERTEX_POINT('',#7428);
#2334=VERTEX_POINT('',#7432);
#2335=VERTEX_POINT('',#7434);
#2336=VERTEX_POINT('',#7436);
#2337=VERTEX_POINT('',#7441);
#2338=VERTEX_POINT('',#7443);
#2339=VERTEX_POINT('',#7447);
#2340=VERTEX_POINT('',#7448);
#2341=VERTEX_POINT('',#7450);
#2342=VERTEX_POINT('',#7452);
#2343=VERTEX_POINT('',#7456);
#2344=VERTEX_POINT('',#7457);
#2345=VERTEX_POINT('',#7459);
#2346=VERTEX_POINT('',#7461);
#2347=VERTEX_POINT('',#7463);
#2348=VERTEX_POINT('',#7465);
#2349=VERTEX_POINT('',#7467);
#2350=VERTEX_POINT('',#7475);
#2351=VERTEX_POINT('',#7477);
#2352=VERTEX_POINT('',#7482);
#2353=VERTEX_POINT('',#7484);
#2354=VERTEX_POINT('',#7488);
#2355=VERTEX_POINT('',#7490);
#2356=VERTEX_POINT('',#7495);
#2357=VERTEX_POINT('',#7497);
#2358=VERTEX_POINT('',#7501);
#2359=VERTEX_POINT('',#7503);
#2360=VERTEX_POINT('',#7505);
#2361=VERTEX_POINT('',#7509);
#2362=VERTEX_POINT('',#7511);
#2363=VERTEX_POINT('',#7515);
#2364=VERTEX_POINT('',#7517);
#2365=VERTEX_POINT('',#7520);
#2366=VERTEX_POINT('',#7524);
#2367=VERTEX_POINT('',#7526);
#2368=VERTEX_POINT('',#7530);
#2369=VERTEX_POINT('',#7532);
#2370=VERTEX_POINT('',#7537);
#2371=VERTEX_POINT('',#7539);
#2372=VERTEX_POINT('',#7543);
#2373=VERTEX_POINT('',#7545);
#2374=VERTEX_POINT('',#7550);
#2375=VERTEX_POINT('',#7552);
#2376=VERTEX_POINT('',#7556);
#2377=VERTEX_POINT('',#7561);
#2378=VERTEX_POINT('',#7563);
#2379=VERTEX_POINT('',#7569);
#2380=VERTEX_POINT('',#7573);
#2381=VERTEX_POINT('',#7578);
#2382=VERTEX_POINT('',#7595);
#2383=VERTEX_POINT('',#7597);
#2384=VERTEX_POINT('',#7607);
#2385=VERTEX_POINT('',#7608);
#2386=VERTEX_POINT('',#7610);
#2387=VERTEX_POINT('',#7612);
#2388=VERTEX_POINT('',#7616);
#2389=VERTEX_POINT('',#7618);
#2390=VERTEX_POINT('',#7621);
#2391=VERTEX_POINT('',#7622);
#2392=VERTEX_POINT('',#7624);
#2393=VERTEX_POINT('',#7626);
#2394=VERTEX_POINT('',#7630);
#2395=VERTEX_POINT('',#7631);
#2396=VERTEX_POINT('',#7636);
#2397=VERTEX_POINT('',#7637);
#2398=VERTEX_POINT('',#7642);
#2399=VERTEX_POINT('',#7643);
#2400=VERTEX_POINT('',#7648);
#2401=VERTEX_POINT('',#7649);
#2402=VERTEX_POINT('',#7654);
#2403=VERTEX_POINT('',#7655);
#2404=VERTEX_POINT('',#7657);
#2405=VERTEX_POINT('',#7659);
#2406=VERTEX_POINT('',#7663);
#2407=VERTEX_POINT('',#7664);
#2408=VERTEX_POINT('',#7666);
#2409=VERTEX_POINT('',#7668);
#2410=VERTEX_POINT('',#7673);
#2411=VERTEX_POINT('',#7675);
#2412=VERTEX_POINT('',#7679);
#2413=VERTEX_POINT('',#7680);
#2414=VERTEX_POINT('',#7682);
#2415=VERTEX_POINT('',#7684);
#2416=VERTEX_POINT('',#7688);
#2417=VERTEX_POINT('',#7689);
#2418=VERTEX_POINT('',#7691);
#2419=VERTEX_POINT('',#7693);
#2420=VERTEX_POINT('',#7697);
#2421=VERTEX_POINT('',#7698);
#2422=VERTEX_POINT('',#7700);
#2423=VERTEX_POINT('',#7702);
#2424=VERTEX_POINT('',#7704);
#2425=VERTEX_POINT('',#7706);
#2426=VERTEX_POINT('',#7708);
#2427=VERTEX_POINT('',#7710);
#2428=VERTEX_POINT('',#7712);
#2429=VERTEX_POINT('',#7714);
#2430=VERTEX_POINT('',#7718);
#2431=VERTEX_POINT('',#7719);
#2432=VERTEX_POINT('',#7721);
#2433=VERTEX_POINT('',#7723);
#2434=VERTEX_POINT('',#7725);
#2435=VERTEX_POINT('',#7727);
#2436=VERTEX_POINT('',#7729);
#2437=VERTEX_POINT('',#7731);
#2438=VERTEX_POINT('',#7733);
#2439=VERTEX_POINT('',#7735);
#2440=VERTEX_POINT('',#7739);
#2441=VERTEX_POINT('',#7741);
#2442=VERTEX_POINT('',#7829);
#2443=VERTEX_POINT('',#7830);
#2444=VERTEX_POINT('',#7832);
#2445=VERTEX_POINT('',#7834);
#2446=VERTEX_POINT('',#7838);
#2447=VERTEX_POINT('',#7840);
#2448=VERTEX_POINT('',#7844);
#2449=VERTEX_POINT('',#7846);
#2450=VERTEX_POINT('',#7853);
#2451=VERTEX_POINT('',#7855);
#2452=VERTEX_POINT('',#7857);
#2453=VERTEX_POINT('',#7859);
#2454=VERTEX_POINT('',#7862);
#2455=VERTEX_POINT('',#7864);
#2456=VERTEX_POINT('',#7866);
#2457=VERTEX_POINT('',#7868);
#2458=VERTEX_POINT('',#7876);
#2459=VERTEX_POINT('',#7877);
#2460=VERTEX_POINT('',#7879);
#2461=VERTEX_POINT('',#7881);
#2462=VERTEX_POINT('',#7883);
#2463=VERTEX_POINT('',#7885);
#2464=VERTEX_POINT('',#7887);
#2465=VERTEX_POINT('',#7889);
#2466=VERTEX_POINT('',#7891);
#2467=VERTEX_POINT('',#7893);
#2468=VERTEX_POINT('',#7895);
#2469=VERTEX_POINT('',#7897);
#2470=VERTEX_POINT('',#7901);
#2471=VERTEX_POINT('',#7902);
#2472=VERTEX_POINT('',#7904);
#2473=VERTEX_POINT('',#7906);
#2474=VERTEX_POINT('',#7908);
#2475=VERTEX_POINT('',#7910);
#2476=VERTEX_POINT('',#7912);
#2477=VERTEX_POINT('',#7914);
#2478=VERTEX_POINT('',#7916);
#2479=VERTEX_POINT('',#7918);
#2480=VERTEX_POINT('',#7920);
#2481=VERTEX_POINT('',#7922);
#2482=VERTEX_POINT('',#7927);
#2483=VERTEX_POINT('',#7932);
#2484=VERTEX_POINT('',#7945);
#2485=VERTEX_POINT('',#7961);
#2486=VERTEX_POINT('',#7962);
#2487=VERTEX_POINT('',#7964);
#2488=VERTEX_POINT('',#7966);
#2489=VERTEX_POINT('',#7970);
#2490=VERTEX_POINT('',#7971);
#2491=VERTEX_POINT('',#7973);
#2492=VERTEX_POINT('',#7975);
#2493=VERTEX_POINT('',#7979);
#2494=VERTEX_POINT('',#7980);
#2495=VERTEX_POINT('',#7982);
#2496=VERTEX_POINT('',#7984);
#2497=VERTEX_POINT('',#7988);
#2498=VERTEX_POINT('',#7989);
#2499=VERTEX_POINT('',#7991);
#2500=VERTEX_POINT('',#7993);
#2501=VERTEX_POINT('',#7995);
#2502=VERTEX_POINT('',#7997);
#2503=VERTEX_POINT('',#7999);
#2504=VERTEX_POINT('',#8003);
#2505=VERTEX_POINT('',#8005);
#2506=VERTEX_POINT('',#8010);
#2507=VERTEX_POINT('',#8012);
#2508=VERTEX_POINT('',#8014);
#2509=VERTEX_POINT('',#8016);
#2510=VERTEX_POINT('',#8020);
#2511=VERTEX_POINT('',#8022);
#2512=VERTEX_POINT('',#8026);
#2513=VERTEX_POINT('',#8028);
#2514=VERTEX_POINT('',#8030);
#2515=VERTEX_POINT('',#8032);
#2516=VERTEX_POINT('',#8036);
#2517=VERTEX_POINT('',#8038);
#2518=VERTEX_POINT('',#8042);
#2519=VERTEX_POINT('',#8044);
#2520=VERTEX_POINT('',#8046);
#2521=VERTEX_POINT('',#8050);
#2522=VERTEX_POINT('',#8052);
#2523=VERTEX_POINT('',#8056);
#2524=VERTEX_POINT('',#8058);
#2525=VERTEX_POINT('',#8060);
#2526=VERTEX_POINT('',#8062);
#2527=VERTEX_POINT('',#8064);
#2528=VERTEX_POINT('',#8068);
#2529=VERTEX_POINT('',#8070);
#2530=VERTEX_POINT('',#8074);
#2531=VERTEX_POINT('',#8076);
#2532=VERTEX_POINT('',#8078);
#2533=VERTEX_POINT('',#8080);
#2534=VERTEX_POINT('',#8084);
#2535=VERTEX_POINT('',#8086);
#2536=VERTEX_POINT('',#8090);
#2537=VERTEX_POINT('',#8092);
#2538=VERTEX_POINT('',#8094);
#2539=VERTEX_POINT('',#8096);
#2540=VERTEX_POINT('',#8100);
#2541=VERTEX_POINT('',#8102);
#2542=VERTEX_POINT('',#8106);
#2543=VERTEX_POINT('',#8107);
#2544=VERTEX_POINT('',#8111);
#2545=VERTEX_POINT('',#8114);
#2546=VERTEX_POINT('',#8116);
#2547=VERTEX_POINT('',#8124);
#2548=VERTEX_POINT('',#8126);
#2549=VERTEX_POINT('',#8130);
#2550=VERTEX_POINT('',#8135);
#2551=VERTEX_POINT('',#8137);
#2552=VERTEX_POINT('',#8139);
#2553=VERTEX_POINT('',#8141);
#2554=VERTEX_POINT('',#8145);
#2555=VERTEX_POINT('',#8147);
#2556=VERTEX_POINT('',#8151);
#2557=VERTEX_POINT('',#8153);
#2558=VERTEX_POINT('',#8158);
#2559=VERTEX_POINT('',#8159);
#2560=VERTEX_POINT('',#8161);
#2561=VERTEX_POINT('',#8163);
#2562=VERTEX_POINT('',#8166);
#2563=VERTEX_POINT('',#8178);
#2564=VERTEX_POINT('',#8181);
#2565=VERTEX_POINT('',#8192);
#2566=VERTEX_POINT('',#8194);
#2567=VERTEX_POINT('',#8200);
#2568=VERTEX_POINT('',#8202);
#2569=LINE('',#6811,#3174);
#2570=LINE('',#6814,#3175);
#2571=LINE('',#6816,#3176);
#2572=LINE('',#6818,#3177);
#2573=LINE('',#6828,#3178);
#2574=LINE('',#6830,#3179);
#2575=LINE('',#6832,#3180);
#2576=LINE('',#6836,#3181);
#2577=LINE('',#6848,#3182);
#2578=LINE('',#6849,#3183);
#2579=LINE('',#6863,#3184);
#2580=LINE('',#6866,#3185);
#2581=LINE('',#6868,#3186);
#2582=LINE('',#6870,#3187);
#2583=LINE('',#6872,#3188);
#2584=LINE('',#6874,#3189);
#2585=LINE('',#6876,#3190);
#2586=LINE('',#6878,#3191);
#2587=LINE('',#6880,#3192);
#2588=LINE('',#6882,#3193);
#2589=LINE('',#6884,#3194);
#2590=LINE('',#6886,#3195);
#2591=LINE('',#6887,#3196);
#2592=LINE('',#6890,#3197);
#2593=LINE('',#6892,#3198);
#2594=LINE('',#6894,#3199);
#2595=LINE('',#6896,#3200);
#2596=LINE('',#6899,#3201);
#2597=LINE('',#6901,#3202);
#2598=LINE('',#6903,#3203);
#2599=LINE('',#6905,#3204);
#2600=LINE('',#6907,#3205);
#2601=LINE('',#6909,#3206);
#2602=LINE('',#6911,#3207);
#2603=LINE('',#6913,#3208);
#2604=LINE('',#6915,#3209);
#2605=LINE('',#6917,#3210);
#2606=LINE('',#6919,#3211);
#2607=LINE('',#6920,#3212);
#2608=LINE('',#6923,#3213);
#2609=LINE('',#6925,#3214);
#2610=LINE('',#6927,#3215);
#2611=LINE('',#6929,#3216);
#2612=LINE('',#6930,#3217);
#2613=LINE('',#6932,#3218);
#2614=LINE('',#6933,#3219);
#2615=LINE('',#6935,#3220);
#2616=LINE('',#6937,#3221);
#2617=LINE('',#6938,#3222);
#2618=LINE('',#6940,#3223);
#2619=LINE('',#6941,#3224);
#2620=LINE('',#6943,#3225);
#2621=LINE('',#6945,#3226);
#2622=LINE('',#6947,#3227);
#2623=LINE('',#6953,#3228);
#2624=LINE('',#6954,#3229);
#2625=LINE('',#6956,#3230);
#2626=LINE('',#6958,#3231);
#2627=LINE('',#6964,#3232);
#2628=LINE('',#6967,#3233);
#2629=LINE('',#6969,#3234);
#2630=LINE('',#6971,#3235);
#2631=LINE('',#6973,#3236);
#2632=LINE('',#6975,#3237);
#2633=LINE('',#6977,#3238);
#2634=LINE('',#6979,#3239);
#2635=LINE('',#6981,#3240);
#2636=LINE('',#6983,#3241);
#2637=LINE('',#6987,#3242);
#2638=LINE('',#6989,#3243);
#2639=LINE('',#6991,#3244);
#2640=LINE('',#6993,#3245);
#2641=LINE('',#6995,#3246);
#2642=LINE('',#6997,#3247);
#2643=LINE('',#6999,#3248);
#2644=LINE('',#7000,#3249);
#2645=LINE('',#7006,#3250);
#2646=LINE('',#7009,#3251);
#2647=LINE('',#7011,#3252);
#2648=LINE('',#7013,#3253);
#2649=LINE('',#7015,#3254);
#2650=LINE('',#7017,#3255);
#2651=LINE('',#7019,#3256);
#2652=LINE('',#7021,#3257);
#2653=LINE('',#7023,#3258);
#2654=LINE('',#7025,#3259);
#2655=LINE('',#7027,#3260);
#2656=LINE('',#7030,#3261);
#2657=LINE('',#7032,#3262);
#2658=LINE('',#7034,#3263);
#2659=LINE('',#7036,#3264);
#2660=LINE('',#7038,#3265);
#2661=LINE('',#7040,#3266);
#2662=LINE('',#7042,#3267);
#2663=LINE('',#7044,#3268);
#2664=LINE('',#7046,#3269);
#2665=LINE('',#7048,#3270);
#2666=LINE('',#7051,#3271);
#2667=LINE('',#7053,#3272);
#2668=LINE('',#7055,#3273);
#2669=LINE('',#7057,#3274);
#2670=LINE('',#7058,#3275);
#2671=LINE('',#7060,#3276);
#2672=LINE('',#7063,#3277);
#2673=LINE('',#7064,#3278);
#2674=LINE('',#7066,#3279);
#2675=LINE('',#7067,#3280);
#2676=LINE('',#7069,#3281);
#2677=LINE('',#7071,#3282);
#2678=LINE('',#7073,#3283);
#2679=LINE('',#7075,#3284);
#2680=LINE('',#7077,#3285);
#2681=LINE('',#7078,#3286);
#2682=LINE('',#7080,#3287);
#2683=LINE('',#7084,#3288);
#2684=LINE('',#7085,#3289);
#2685=LINE('',#7096,#3290);
#2686=LINE('',#7099,#3291);
#2687=LINE('',#7101,#3292);
#2688=LINE('',#7103,#3293);
#2689=LINE('',#7105,#3294);
#2690=LINE('',#7107,#3295);
#2691=LINE('',#7118,#3296);
#2692=LINE('',#7120,#3297);
#2693=LINE('',#7122,#3298);
#2694=LINE('',#7124,#3299);
#2695=LINE('',#7126,#3300);
#2696=LINE('',#7128,#3301);
#2697=LINE('',#7130,#3302);
#2698=LINE('',#7132,#3303);
#2699=LINE('',#7134,#3304);
#2700=LINE('',#7136,#3305);
#2701=LINE('',#7138,#3306);
#2702=LINE('',#7140,#3307);
#2703=LINE('',#7152,#3308);
#2704=LINE('',#7155,#3309);
#2705=LINE('',#7157,#3310);
#2706=LINE('',#7159,#3311);
#2707=LINE('',#7161,#3312);
#2708=LINE('',#7163,#3313);
#2709=LINE('',#7165,#3314);
#2710=LINE('',#7167,#3315);
#2711=LINE('',#7170,#3316);
#2712=LINE('',#7172,#3317);
#2713=LINE('',#7174,#3318);
#2714=LINE('',#7178,#3319);
#2715=LINE('',#7180,#3320);
#2716=LINE('',#7183,#3321);
#2717=LINE('',#7184,#3322);
#2718=LINE('',#7185,#3323);
#2719=LINE('',#7187,#3324);
#2720=LINE('',#7189,#3325);
#2721=LINE('',#7191,#3326);
#2722=LINE('',#7193,#3327);
#2723=LINE('',#7195,#3328);
#2724=LINE('',#7197,#3329);
#2725=LINE('',#7199,#3330);
#2726=LINE('',#7201,#3331);
#2727=LINE('',#7203,#3332);
#2728=LINE('',#7205,#3333);
#2729=LINE('',#7207,#3334);
#2730=LINE('',#7209,#3335);
#2731=LINE('',#7212,#3336);
#2732=LINE('',#7214,#3337);
#2733=LINE('',#7215,#3338);
#2734=LINE('',#7219,#3339);
#2735=LINE('',#7220,#3340);
#2736=LINE('',#7226,#3341);
#2737=LINE('',#7227,#3342);
#2738=LINE('',#7231,#3343);
#2739=LINE('',#7242,#3344);
#2740=LINE('',#7245,#3345);
#2741=LINE('',#7247,#3346);
#2742=LINE('',#7249,#3347);
#2743=LINE('',#7251,#3348);
#2744=LINE('',#7253,#3349);
#2745=LINE('',#7255,#3350);
#2746=LINE('',#7257,#3351);
#2747=LINE('',#7259,#3352);
#2748=LINE('',#7261,#3353);
#2749=LINE('',#7263,#3354);
#2750=LINE('',#7265,#3355);
#2751=LINE('',#7267,#3356);
#2752=LINE('',#7269,#3357);
#2753=LINE('',#7271,#3358);
#2754=LINE('',#7273,#3359);
#2755=LINE('',#7275,#3360);
#2756=LINE('',#7276,#3361);
#2757=LINE('',#7283,#3362);
#2758=LINE('',#7286,#3363);
#2759=LINE('',#7288,#3364);
#2760=LINE('',#7290,#3365);
#2761=LINE('',#7292,#3366);
#2762=LINE('',#7294,#3367);
#2763=LINE('',#7296,#3368);
#2764=LINE('',#7298,#3369);
#2765=LINE('',#7301,#3370);
#2766=LINE('',#7305,#3371);
#2767=LINE('',#7307,#3372);
#2768=LINE('',#7309,#3373);
#2769=LINE('',#7311,#3374);
#2770=LINE('',#7314,#3375);
#2771=LINE('',#7316,#3376);
#2772=LINE('',#7318,#3377);
#2773=LINE('',#7319,#3378);
#2774=LINE('',#7320,#3379);
#2775=LINE('',#7322,#3380);
#2776=LINE('',#7324,#3381);
#2777=LINE('',#7326,#3382);
#2778=LINE('',#7328,#3383);
#2779=LINE('',#7330,#3384);
#2780=LINE('',#7332,#3385);
#2781=LINE('',#7334,#3386);
#2782=LINE('',#7336,#3387);
#2783=LINE('',#7338,#3388);
#2784=LINE('',#7340,#3389);
#2785=LINE('',#7343,#3390);
#2786=LINE('',#7344,#3391);
#2787=LINE('',#7346,#3392);
#2788=LINE('',#7350,#3393);
#2789=LINE('',#7351,#3394);
#2790=LINE('',#7357,#3395);
#2791=LINE('',#7358,#3396);
#2792=LINE('',#7362,#3397);
#2793=LINE('',#7373,#3398);
#2794=LINE('',#7376,#3399);
#2795=LINE('',#7378,#3400);
#2796=LINE('',#7380,#3401);
#2797=LINE('',#7382,#3402);
#2798=LINE('',#7384,#3403);
#2799=LINE('',#7386,#3404);
#2800=LINE('',#7388,#3405);
#2801=LINE('',#7390,#3406);
#2802=LINE('',#7392,#3407);
#2803=LINE('',#7394,#3408);
#2804=LINE('',#7396,#3409);
#2805=LINE('',#7398,#3410);
#2806=LINE('',#7400,#3411);
#2807=LINE('',#7406,#3412);
#2808=LINE('',#7409,#3413);
#2809=LINE('',#7411,#3414);
#2810=LINE('',#7413,#3415);
#2811=LINE('',#7415,#3416);
#2812=LINE('',#7417,#3417);
#2813=LINE('',#7419,#3418);
#2814=LINE('',#7421,#3419);
#2815=LINE('',#7423,#3420);
#2816=LINE('',#7425,#3421);
#2817=LINE('',#7427,#3422);
#2818=LINE('',#7429,#3423);
#2819=LINE('',#7431,#3424);
#2820=LINE('',#7433,#3425);
#2821=LINE('',#7435,#3426);
#2822=LINE('',#7437,#3427);
#2823=LINE('',#7438,#3428);
#2824=LINE('',#7440,#3429);
#2825=LINE('',#7442,#3430);
#2826=LINE('',#7444,#3431);
#2827=LINE('',#7446,#3432);
#2828=LINE('',#7449,#3433);
#2829=LINE('',#7451,#3434);
#2830=LINE('',#7453,#3435);
#2831=LINE('',#7455,#3436);
#2832=LINE('',#7458,#3437);
#2833=LINE('',#7460,#3438);
#2834=LINE('',#7462,#3439);
#2835=LINE('',#7464,#3440);
#2836=LINE('',#7466,#3441);
#2837=LINE('',#7468,#3442);
#2838=LINE('',#7470,#3443);
#2839=LINE('',#7471,#3444);
#2840=LINE('',#7472,#3445);
#2841=LINE('',#7474,#3446);
#2842=LINE('',#7476,#3447);
#2843=LINE('',#7478,#3448);
#2844=LINE('',#7479,#3449);
#2845=LINE('',#7481,#3450);
#2846=LINE('',#7483,#3451);
#2847=LINE('',#7485,#3452);
#2848=LINE('',#7487,#3453);
#2849=LINE('',#7489,#3454);
#2850=LINE('',#7491,#3455);
#2851=LINE('',#7492,#3456);
#2852=LINE('',#7494,#3457);
#2853=LINE('',#7496,#3458);
#2854=LINE('',#7498,#3459);
#2855=LINE('',#7500,#3460);
#2856=LINE('',#7502,#3461);
#2857=LINE('',#7504,#3462);
#2858=LINE('',#7506,#3463);
#2859=LINE('',#7508,#3464);
#2860=LINE('',#7510,#3465);
#2861=LINE('',#7512,#3466);
#2862=LINE('',#7514,#3467);
#2863=LINE('',#7516,#3468);
#2864=LINE('',#7518,#3469);
#2865=LINE('',#7519,#3470);
#2866=LINE('',#7521,#3471);
#2867=LINE('',#7523,#3472);
#2868=LINE('',#7525,#3473);
#2869=LINE('',#7527,#3474);
#2870=LINE('',#7529,#3475);
#2871=LINE('',#7531,#3476);
#2872=LINE('',#7533,#3477);
#2873=LINE('',#7534,#3478);
#2874=LINE('',#7536,#3479);
#2875=LINE('',#7538,#3480);
#2876=LINE('',#7540,#3481);
#2877=LINE('',#7542,#3482);
#2878=LINE('',#7544,#3483);
#2879=LINE('',#7546,#3484);
#2880=LINE('',#7547,#3485);
#2881=LINE('',#7549,#3486);
#2882=LINE('',#7551,#3487);
#2883=LINE('',#7553,#3488);
#2884=LINE('',#7555,#3489);
#2885=LINE('',#7557,#3490);
#2886=LINE('',#7558,#3491);
#2887=LINE('',#7559,#3492);
#2888=LINE('',#7568,#3493);
#2889=LINE('',#7570,#3494);
#2890=LINE('',#7572,#3495);
#2891=LINE('',#7574,#3496);
#2892=LINE('',#7576,#3497);
#2893=LINE('',#7577,#3498);
#2894=LINE('',#7579,#3499);
#2895=LINE('',#7581,#3500);
#2896=LINE('',#7583,#3501);
#2897=LINE('',#7592,#3502);
#2898=LINE('',#7594,#3503);
#2899=LINE('',#7596,#3504);
#2900=LINE('',#7598,#3505);
#2901=LINE('',#7600,#3506);
#2902=LINE('',#7602,#3507);
#2903=LINE('',#7606,#3508);
#2904=LINE('',#7609,#3509);
#2905=LINE('',#7613,#3510);
#2906=LINE('',#7620,#3511);
#2907=LINE('',#7623,#3512);
#2908=LINE('',#7625,#3513);
#2909=LINE('',#7627,#3514);
#2910=LINE('',#7629,#3515);
#2911=LINE('',#7632,#3516);
#2912=LINE('',#7633,#3517);
#2913=LINE('',#7635,#3518);
#2914=LINE('',#7638,#3519);
#2915=LINE('',#7639,#3520);
#2916=LINE('',#7641,#3521);
#2917=LINE('',#7644,#3522);
#2918=LINE('',#7645,#3523);
#2919=LINE('',#7647,#3524);
#2920=LINE('',#7650,#3525);
#2921=LINE('',#7651,#3526);
#2922=LINE('',#7653,#3527);
#2923=LINE('',#7656,#3528);
#2924=LINE('',#7658,#3529);
#2925=LINE('',#7660,#3530);
#2926=LINE('',#7662,#3531);
#2927=LINE('',#7665,#3532);
#2928=LINE('',#7667,#3533);
#2929=LINE('',#7669,#3534);
#2930=LINE('',#7672,#3535);
#2931=LINE('',#7674,#3536);
#2932=LINE('',#7676,#3537);
#2933=LINE('',#7678,#3538);
#2934=LINE('',#7681,#3539);
#2935=LINE('',#7683,#3540);
#2936=LINE('',#7685,#3541);
#2937=LINE('',#7687,#3542);
#2938=LINE('',#7690,#3543);
#2939=LINE('',#7692,#3544);
#2940=LINE('',#7694,#3545);
#2941=LINE('',#7696,#3546);
#2942=LINE('',#7699,#3547);
#2943=LINE('',#7701,#3548);
#2944=LINE('',#7703,#3549);
#2945=LINE('',#7705,#3550);
#2946=LINE('',#7707,#3551);
#2947=LINE('',#7709,#3552);
#2948=LINE('',#7711,#3553);
#2949=LINE('',#7713,#3554);
#2950=LINE('',#7715,#3555);
#2951=LINE('',#7717,#3556);
#2952=LINE('',#7720,#3557);
#2953=LINE('',#7722,#3558);
#2954=LINE('',#7724,#3559);
#2955=LINE('',#7726,#3560);
#2956=LINE('',#7728,#3561);
#2957=LINE('',#7730,#3562);
#2958=LINE('',#7732,#3563);
#2959=LINE('',#7734,#3564);
#2960=LINE('',#7736,#3565);
#2961=LINE('',#7745,#3566);
#2962=LINE('',#7746,#3567);
#2963=LINE('',#7748,#3568);
#2964=LINE('',#7749,#3569);
#2965=LINE('',#7751,#3570);
#2966=LINE('',#7753,#3571);
#2967=LINE('',#7755,#3572);
#2968=LINE('',#7757,#3573);
#2969=LINE('',#7759,#3574);
#2970=LINE('',#7760,#3575);
#2971=LINE('',#7762,#3576);
#2972=LINE('',#7764,#3577);
#2973=LINE('',#7765,#3578);
#2974=LINE('',#7767,#3579);
#2975=LINE('',#7769,#3580);
#2976=LINE('',#7771,#3581);
#2977=LINE('',#7773,#3582);
#2978=LINE('',#7775,#3583);
#2979=LINE('',#7777,#3584);
#2980=LINE('',#7779,#3585);
#2981=LINE('',#7781,#3586);
#2982=LINE('',#7783,#3587);
#2983=LINE('',#7784,#3588);
#2984=LINE('',#7786,#3589);
#2985=LINE('',#7787,#3590);
#2986=LINE('',#7789,#3591);
#2987=LINE('',#7791,#3592);
#2988=LINE('',#7793,#3593);
#2989=LINE('',#7795,#3594);
#2990=LINE('',#7797,#3595);
#2991=LINE('',#7798,#3596);
#2992=LINE('',#7800,#3597);
#2993=LINE('',#7802,#3598);
#2994=LINE('',#7804,#3599);
#2995=LINE('',#7806,#3600);
#2996=LINE('',#7808,#3601);
#2997=LINE('',#7810,#3602);
#2998=LINE('',#7812,#3603);
#2999=LINE('',#7814,#3604);
#3000=LINE('',#7816,#3605);
#3001=LINE('',#7818,#3606);
#3002=LINE('',#7820,#3607);
#3003=LINE('',#7822,#3608);
#3004=LINE('',#7824,#3609);
#3005=LINE('',#7828,#3610);
#3006=LINE('',#7831,#3611);
#3007=LINE('',#7833,#3612);
#3008=LINE('',#7835,#3613);
#3009=LINE('',#7837,#3614);
#3010=LINE('',#7839,#3615);
#3011=LINE('',#7841,#3616);
#3012=LINE('',#7843,#3617);
#3013=LINE('',#7845,#3618);
#3014=LINE('',#7847,#3619);
#3015=LINE('',#7849,#3620);
#3016=LINE('',#7850,#3621);
#3017=LINE('',#7875,#3622);
#3018=LINE('',#7878,#3623);
#3019=LINE('',#7880,#3624);
#3020=LINE('',#7882,#3625);
#3021=LINE('',#7884,#3626);
#3022=LINE('',#7886,#3627);
#3023=LINE('',#7888,#3628);
#3024=LINE('',#7890,#3629);
#3025=LINE('',#7892,#3630);
#3026=LINE('',#7894,#3631);
#3027=LINE('',#7896,#3632);
#3028=LINE('',#7898,#3633);
#3029=LINE('',#7900,#3634);
#3030=LINE('',#7903,#3635);
#3031=LINE('',#7905,#3636);
#3032=LINE('',#7907,#3637);
#3033=LINE('',#7909,#3638);
#3034=LINE('',#7911,#3639);
#3035=LINE('',#7913,#3640);
#3036=LINE('',#7915,#3641);
#3037=LINE('',#7917,#3642);
#3038=LINE('',#7919,#3643);
#3039=LINE('',#7921,#3644);
#3040=LINE('',#7923,#3645);
#3041=LINE('',#7925,#3646);
#3042=LINE('',#7926,#3647);
#3043=LINE('',#7928,#3648);
#3044=LINE('',#7930,#3649);
#3045=LINE('',#7931,#3650);
#3046=LINE('',#7933,#3651);
#3047=LINE('',#7939,#3652);
#3048=LINE('',#7940,#3653);
#3049=LINE('',#7942,#3654);
#3050=LINE('',#7946,#3655);
#3051=LINE('',#7948,#3656);
#3052=LINE('',#7950,#3657);
#3053=LINE('',#7953,#3658);
#3054=LINE('',#7955,#3659);
#3055=LINE('',#7960,#3660);
#3056=LINE('',#7963,#3661);
#3057=LINE('',#7965,#3662);
#3058=LINE('',#7967,#3663);
#3059=LINE('',#7969,#3664);
#3060=LINE('',#7972,#3665);
#3061=LINE('',#7974,#3666);
#3062=LINE('',#7976,#3667);
#3063=LINE('',#7978,#3668);
#3064=LINE('',#7981,#3669);
#3065=LINE('',#7983,#3670);
#3066=LINE('',#7985,#3671);
#3067=LINE('',#7987,#3672);
#3068=LINE('',#7990,#3673);
#3069=LINE('',#7992,#3674);
#3070=LINE('',#7994,#3675);
#3071=LINE('',#7996,#3676);
#3072=LINE('',#7998,#3677);
#3073=LINE('',#8000,#3678);
#3074=LINE('',#8002,#3679);
#3075=LINE('',#8004,#3680);
#3076=LINE('',#8006,#3681);
#3077=LINE('',#8007,#3682);
#3078=LINE('',#8009,#3683);
#3079=LINE('',#8011,#3684);
#3080=LINE('',#8013,#3685);
#3081=LINE('',#8015,#3686);
#3082=LINE('',#8017,#3687);
#3083=LINE('',#8019,#3688);
#3084=LINE('',#8021,#3689);
#3085=LINE('',#8023,#3690);
#3086=LINE('',#8025,#3691);
#3087=LINE('',#8027,#3692);
#3088=LINE('',#8029,#3693);
#3089=LINE('',#8031,#3694);
#3090=LINE('',#8033,#3695);
#3091=LINE('',#8035,#3696);
#3092=LINE('',#8037,#3697);
#3093=LINE('',#8039,#3698);
#3094=LINE('',#8041,#3699);
#3095=LINE('',#8043,#3700);
#3096=LINE('',#8045,#3701);
#3097=LINE('',#8047,#3702);
#3098=LINE('',#8049,#3703);
#3099=LINE('',#8051,#3704);
#3100=LINE('',#8053,#3705);
#3101=LINE('',#8055,#3706);
#3102=LINE('',#8057,#3707);
#3103=LINE('',#8059,#3708);
#3104=LINE('',#8061,#3709);
#3105=LINE('',#8063,#3710);
#3106=LINE('',#8065,#3711);
#3107=LINE('',#8067,#3712);
#3108=LINE('',#8069,#3713);
#3109=LINE('',#8071,#3714);
#3110=LINE('',#8073,#3715);
#3111=LINE('',#8075,#3716);
#3112=LINE('',#8077,#3717);
#3113=LINE('',#8079,#3718);
#3114=LINE('',#8081,#3719);
#3115=LINE('',#8083,#3720);
#3116=LINE('',#8085,#3721);
#3117=LINE('',#8087,#3722);
#3118=LINE('',#8089,#3723);
#3119=LINE('',#8091,#3724);
#3120=LINE('',#8093,#3725);
#3121=LINE('',#8095,#3726);
#3122=LINE('',#8097,#3727);
#3123=LINE('',#8099,#3728);
#3124=LINE('',#8101,#3729);
#3125=LINE('',#8103,#3730);
#3126=LINE('',#8105,#3731);
#3127=LINE('',#8108,#3732);
#3128=LINE('',#8109,#3733);
#3129=LINE('',#8110,#3734);
#3130=LINE('',#8112,#3735);
#3131=LINE('',#8119,#3736);
#3132=LINE('',#8121,#3737);
#3133=LINE('',#8123,#3738);
#3134=LINE('',#8125,#3739);
#3135=LINE('',#8127,#3740);
#3136=LINE('',#8129,#3741);
#3137=LINE('',#8131,#3742);
#3138=LINE('',#8132,#3743);
#3139=LINE('',#8134,#3744);
#3140=LINE('',#8136,#3745);
#3141=LINE('',#8138,#3746);
#3142=LINE('',#8140,#3747);
#3143=LINE('',#8142,#3748);
#3144=LINE('',#8144,#3749);
#3145=LINE('',#8146,#3750);
#3146=LINE('',#8148,#3751);
#3147=LINE('',#8150,#3752);
#3148=LINE('',#8152,#3753);
#3149=LINE('',#8154,#3754);
#3150=LINE('',#8155,#3755);
#3151=LINE('',#8157,#3756);
#3152=LINE('',#8160,#3757);
#3153=LINE('',#8162,#3758);
#3154=LINE('',#8164,#3759);
#3155=LINE('',#8165,#3760);
#3156=LINE('',#8167,#3761);
#3157=LINE('',#8169,#3762);
#3158=LINE('',#8170,#3763);
#3159=LINE('',#8172,#3764);
#3160=LINE('',#8175,#3765);
#3161=LINE('',#8183,#3766);
#3162=LINE('',#8185,#3767);
#3163=LINE('',#8187,#3768);
#3164=LINE('',#8189,#3769);
#3165=LINE('',#8191,#3770);
#3166=LINE('',#8193,#3771);
#3167=LINE('',#8195,#3772);
#3168=LINE('',#8197,#3773);
#3169=LINE('',#8199,#3774);
#3170=LINE('',#8201,#3775);
#3171=LINE('',#8203,#3776);
#3172=LINE('',#8205,#3777);
#3173=LINE('',#8207,#3778);
#3174=VECTOR('',#5508,1.);
#3175=VECTOR('',#5509,1.);
#3176=VECTOR('',#5510,1.);
#3177=VECTOR('',#5511,1.);
#3178=VECTOR('',#5522,1.);
#3179=VECTOR('',#5523,1.);
#3180=VECTOR('',#5524,1.);
#3181=VECTOR('',#5529,1.);
#3182=VECTOR('',#5542,1.);
#3183=VECTOR('',#5543,1.);
#3184=VECTOR('',#5566,1.);
#3185=VECTOR('',#5567,1.);
#3186=VECTOR('',#5568,1.);
#3187=VECTOR('',#5569,1.);
#3188=VECTOR('',#5570,1.);
#3189=VECTOR('',#5571,1.);
#3190=VECTOR('',#5572,1.);
#3191=VECTOR('',#5573,1.);
#3192=VECTOR('',#5574,1.);
#3193=VECTOR('',#5575,1.);
#3194=VECTOR('',#5576,1.);
#3195=VECTOR('',#5577,1.);
#3196=VECTOR('',#5578,1.);
#3197=VECTOR('',#5579,1.);
#3198=VECTOR('',#5580,1.);
#3199=VECTOR('',#5581,1.);
#3200=VECTOR('',#5584,1.);
#3201=VECTOR('',#5585,1.);
#3202=VECTOR('',#5586,1.);
#3203=VECTOR('',#5587,1.);
#3204=VECTOR('',#5588,1.);
#3205=VECTOR('',#5589,1.);
#3206=VECTOR('',#5590,1.);
#3207=VECTOR('',#5591,1.);
#3208=VECTOR('',#5592,1.);
#3209=VECTOR('',#5593,1.);
#3210=VECTOR('',#5594,1.);
#3211=VECTOR('',#5595,1.);
#3212=VECTOR('',#5596,1.);
#3213=VECTOR('',#5597,1.);
#3214=VECTOR('',#5598,1.);
#3215=VECTOR('',#5599,1.);
#3216=VECTOR('',#5602,1.);
#3217=VECTOR('',#5603,1.);
#3218=VECTOR('',#5606,1.);
#3219=VECTOR('',#5607,1.);
#3220=VECTOR('',#5610,1.);
#3221=VECTOR('',#5613,1.);
#3222=VECTOR('',#5614,1.);
#3223=VECTOR('',#5617,1.);
#3224=VECTOR('',#5618,1.);
#3225=VECTOR('',#5621,1.);
#3226=VECTOR('',#5624,1.);
#3227=VECTOR('',#5627,1.);
#3228=VECTOR('',#5638,1.);
#3229=VECTOR('',#5639,1.);
#3230=VECTOR('',#5642,1.);
#3231=VECTOR('',#5645,1.);
#3232=VECTOR('',#5654,1.);
#3233=VECTOR('',#5655,1.);
#3234=VECTOR('',#5656,1.);
#3235=VECTOR('',#5657,1.);
#3236=VECTOR('',#5660,1.);
#3237=VECTOR('',#5661,1.);
#3238=VECTOR('',#5662,1.);
#3239=VECTOR('',#5665,1.);
#3240=VECTOR('',#5666,1.);
#3241=VECTOR('',#5667,1.);
#3242=VECTOR('',#5672,1.);
#3243=VECTOR('',#5673,1.);
#3244=VECTOR('',#5674,1.);
#3245=VECTOR('',#5677,1.);
#3246=VECTOR('',#5678,1.);
#3247=VECTOR('',#5679,1.);
#3248=VECTOR('',#5682,1.);
#3249=VECTOR('',#5683,1.);
#3250=VECTOR('',#5694,1.);
#3251=VECTOR('',#5695,1.);
#3252=VECTOR('',#5696,1.);
#3253=VECTOR('',#5697,1.);
#3254=VECTOR('',#5698,1.);
#3255=VECTOR('',#5699,1.);
#3256=VECTOR('',#5700,1.);
#3257=VECTOR('',#5701,1.);
#3258=VECTOR('',#5702,1.);
#3259=VECTOR('',#5703,1.);
#3260=VECTOR('',#5706,1.);
#3261=VECTOR('',#5707,1.);
#3262=VECTOR('',#5708,1.);
#3263=VECTOR('',#5709,1.);
#3264=VECTOR('',#5710,1.);
#3265=VECTOR('',#5711,1.);
#3266=VECTOR('',#5712,1.);
#3267=VECTOR('',#5713,1.);
#3268=VECTOR('',#5714,1.);
#3269=VECTOR('',#5715,1.);
#3270=VECTOR('',#5718,1.);
#3271=VECTOR('',#5719,1.);
#3272=VECTOR('',#5720,1.);
#3273=VECTOR('',#5721,1.);
#3274=VECTOR('',#5724,1.);
#3275=VECTOR('',#5725,1.);
#3276=VECTOR('',#5728,1.);
#3277=VECTOR('',#5729,1.);
#3278=VECTOR('',#5730,1.);
#3279=VECTOR('',#5733,1.);
#3280=VECTOR('',#5734,1.);
#3281=VECTOR('',#5737,1.);
#3282=VECTOR('',#5740,1.);
#3283=VECTOR('',#5741,1.);
#3284=VECTOR('',#5742,1.);
#3285=VECTOR('',#5745,1.);
#3286=VECTOR('',#5746,1.);
#3287=VECTOR('',#5749,1.);
#3288=VECTOR('',#5754,1.);
#3289=VECTOR('',#5755,1.);
#3290=VECTOR('',#5772,1.);
#3291=VECTOR('',#5773,1.);
#3292=VECTOR('',#5774,1.);
#3293=VECTOR('',#5775,1.);
#3294=VECTOR('',#5776,1.);
#3295=VECTOR('',#5777,1.);
#3296=VECTOR('',#5792,1.);
#3297=VECTOR('',#5793,1.);
#3298=VECTOR('',#5794,1.);
#3299=VECTOR('',#5797,1.);
#3300=VECTOR('',#5798,1.);
#3301=VECTOR('',#5801,1.);
#3302=VECTOR('',#5802,1.);
#3303=VECTOR('',#5805,1.);
#3304=VECTOR('',#5806,1.);
#3305=VECTOR('',#5809,1.);
#3306=VECTOR('',#5810,1.);
#3307=VECTOR('',#5813,1.);
#3308=VECTOR('',#5830,1.);
#3309=VECTOR('',#5831,1.);
#3310=VECTOR('',#5832,1.);
#3311=VECTOR('',#5833,1.);
#3312=VECTOR('',#5834,1.);
#3313=VECTOR('',#5835,1.);
#3314=VECTOR('',#5836,1.);
#3315=VECTOR('',#5839,1.);
#3316=VECTOR('',#5840,1.);
#3317=VECTOR('',#5841,1.);
#3318=VECTOR('',#5842,1.);
#3319=VECTOR('',#5845,1.);
#3320=VECTOR('',#5848,1.);
#3321=VECTOR('',#5849,1.);
#3322=VECTOR('',#5850,1.);
#3323=VECTOR('',#5851,1.);
#3324=VECTOR('',#5852,1.);
#3325=VECTOR('',#5853,1.);
#3326=VECTOR('',#5856,1.);
#3327=VECTOR('',#5859,1.);
#3328=VECTOR('',#5862,1.);
#3329=VECTOR('',#5863,1.);
#3330=VECTOR('',#5864,1.);
#3331=VECTOR('',#5867,1.);
#3332=VECTOR('',#5868,1.);
#3333=VECTOR('',#5871,1.);
#3334=VECTOR('',#5872,1.);
#3335=VECTOR('',#5875,1.);
#3336=VECTOR('',#5876,1.);
#3337=VECTOR('',#5877,1.);
#3338=VECTOR('',#5878,1.);
#3339=VECTOR('',#5883,1.);
#3340=VECTOR('',#5884,1.);
#3341=VECTOR('',#5893,1.);
#3342=VECTOR('',#5894,1.);
#3343=VECTOR('',#5901,1.);
#3344=VECTOR('',#5918,1.);
#3345=VECTOR('',#5919,1.);
#3346=VECTOR('',#5920,1.);
#3347=VECTOR('',#5921,1.);
#3348=VECTOR('',#5924,1.);
#3349=VECTOR('',#5925,1.);
#3350=VECTOR('',#5926,1.);
#3351=VECTOR('',#5929,1.);
#3352=VECTOR('',#5930,1.);
#3353=VECTOR('',#5931,1.);
#3354=VECTOR('',#5934,1.);
#3355=VECTOR('',#5935,1.);
#3356=VECTOR('',#5936,1.);
#3357=VECTOR('',#5939,1.);
#3358=VECTOR('',#5940,1.);
#3359=VECTOR('',#5941,1.);
#3360=VECTOR('',#5944,1.);
#3361=VECTOR('',#5945,1.);
#3362=VECTOR('',#5956,1.);
#3363=VECTOR('',#5957,1.);
#3364=VECTOR('',#5958,1.);
#3365=VECTOR('',#5959,1.);
#3366=VECTOR('',#5960,1.);
#3367=VECTOR('',#5961,1.);
#3368=VECTOR('',#5962,1.);
#3369=VECTOR('',#5965,1.);
#3370=VECTOR('',#5966,1.);
#3371=VECTOR('',#5969,1.);
#3372=VECTOR('',#5970,1.);
#3373=VECTOR('',#5971,1.);
#3374=VECTOR('',#5974,1.);
#3375=VECTOR('',#5975,1.);
#3376=VECTOR('',#5976,1.);
#3377=VECTOR('',#5977,1.);
#3378=VECTOR('',#5978,1.);
#3379=VECTOR('',#5979,1.);
#3380=VECTOR('',#5982,1.);
#3381=VECTOR('',#5985,1.);
#3382=VECTOR('',#5988,1.);
#3383=VECTOR('',#5989,1.);
#3384=VECTOR('',#5990,1.);
#3385=VECTOR('',#5993,1.);
#3386=VECTOR('',#5994,1.);
#3387=VECTOR('',#5997,1.);
#3388=VECTOR('',#5998,1.);
#3389=VECTOR('',#6001,1.);
#3390=VECTOR('',#6002,1.);
#3391=VECTOR('',#6003,1.);
#3392=VECTOR('',#6004,1.);
#3393=VECTOR('',#6009,1.);
#3394=VECTOR('',#6010,1.);
#3395=VECTOR('',#6019,1.);
#3396=VECTOR('',#6020,1.);
#3397=VECTOR('',#6027,1.);
#3398=VECTOR('',#6044,1.);
#3399=VECTOR('',#6045,1.);
#3400=VECTOR('',#6046,1.);
#3401=VECTOR('',#6047,1.);
#3402=VECTOR('',#6048,1.);
#3403=VECTOR('',#6049,1.);
#3404=VECTOR('',#6050,1.);
#3405=VECTOR('',#6051,1.);
#3406=VECTOR('',#6052,1.);
#3407=VECTOR('',#6053,1.);
#3408=VECTOR('',#6054,1.);
#3409=VECTOR('',#6055,1.);
#3410=VECTOR('',#6056,1.);
#3411=VECTOR('',#6057,1.);
#3412=VECTOR('',#6064,1.);
#3413=VECTOR('',#6065,1.);
#3414=VECTOR('',#6066,1.);
#3415=VECTOR('',#6067,1.);
#3416=VECTOR('',#6068,1.);
#3417=VECTOR('',#6069,1.);
#3418=VECTOR('',#6070,1.);
#3419=VECTOR('',#6071,1.);
#3420=VECTOR('',#6072,1.);
#3421=VECTOR('',#6073,1.);
#3422=VECTOR('',#6074,1.);
#3423=VECTOR('',#6075,1.);
#3424=VECTOR('',#6078,1.);
#3425=VECTOR('',#6079,1.);
#3426=VECTOR('',#6080,1.);
#3427=VECTOR('',#6081,1.);
#3428=VECTOR('',#6082,1.);
#3429=VECTOR('',#6085,1.);
#3430=VECTOR('',#6086,1.);
#3431=VECTOR('',#6087,1.);
#3432=VECTOR('',#6090,1.);
#3433=VECTOR('',#6091,1.);
#3434=VECTOR('',#6092,1.);
#3435=VECTOR('',#6093,1.);
#3436=VECTOR('',#6096,1.);
#3437=VECTOR('',#6097,1.);
#3438=VECTOR('',#6098,1.);
#3439=VECTOR('',#6099,1.);
#3440=VECTOR('',#6100,1.);
#3441=VECTOR('',#6101,1.);
#3442=VECTOR('',#6102,1.);
#3443=VECTOR('',#6105,1.);
#3444=VECTOR('',#6106,1.);
#3445=VECTOR('',#6107,1.);
#3446=VECTOR('',#6110,1.);
#3447=VECTOR('',#6111,1.);
#3448=VECTOR('',#6112,1.);
#3449=VECTOR('',#6113,1.);
#3450=VECTOR('',#6116,1.);
#3451=VECTOR('',#6117,1.);
#3452=VECTOR('',#6118,1.);
#3453=VECTOR('',#6121,1.);
#3454=VECTOR('',#6122,1.);
#3455=VECTOR('',#6123,1.);
#3456=VECTOR('',#6124,1.);
#3457=VECTOR('',#6127,1.);
#3458=VECTOR('',#6128,1.);
#3459=VECTOR('',#6129,1.);
#3460=VECTOR('',#6132,1.);
#3461=VECTOR('',#6133,1.);
#3462=VECTOR('',#6134,1.);
#3463=VECTOR('',#6135,1.);
#3464=VECTOR('',#6138,1.);
#3465=VECTOR('',#6139,1.);
#3466=VECTOR('',#6140,1.);
#3467=VECTOR('',#6143,1.);
#3468=VECTOR('',#6144,1.);
#3469=VECTOR('',#6145,1.);
#3470=VECTOR('',#6146,1.);
#3471=VECTOR('',#6147,1.);
#3472=VECTOR('',#6150,1.);
#3473=VECTOR('',#6151,1.);
#3474=VECTOR('',#6152,1.);
#3475=VECTOR('',#6155,1.);
#3476=VECTOR('',#6156,1.);
#3477=VECTOR('',#6157,1.);
#3478=VECTOR('',#6158,1.);
#3479=VECTOR('',#6161,1.);
#3480=VECTOR('',#6162,1.);
#3481=VECTOR('',#6163,1.);
#3482=VECTOR('',#6166,1.);
#3483=VECTOR('',#6167,1.);
#3484=VECTOR('',#6168,1.);
#3485=VECTOR('',#6169,1.);
#3486=VECTOR('',#6172,1.);
#3487=VECTOR('',#6173,1.);
#3488=VECTOR('',#6174,1.);
#3489=VECTOR('',#6177,1.);
#3490=VECTOR('',#6178,1.);
#3491=VECTOR('',#6179,1.);
#3492=VECTOR('',#6180,1.);
#3493=VECTOR('',#6193,1.);
#3494=VECTOR('',#6194,1.);
#3495=VECTOR('',#6197,1.);
#3496=VECTOR('',#6198,1.);
#3497=VECTOR('',#6201,1.);
#3498=VECTOR('',#6202,1.);
#3499=VECTOR('',#6203,1.);
#3500=VECTOR('',#6206,1.);
#3501=VECTOR('',#6209,1.);
#3502=VECTOR('',#6226,1.);
#3503=VECTOR('',#6229,1.);
#3504=VECTOR('',#6230,1.);
#3505=VECTOR('',#6231,1.);
#3506=VECTOR('',#6234,1.);
#3507=VECTOR('',#6237,1.);
#3508=VECTOR('',#6244,1.);
#3509=VECTOR('',#6245,1.);
#3510=VECTOR('',#6248,1.);
#3511=VECTOR('',#6257,1.);
#3512=VECTOR('',#6258,1.);
#3513=VECTOR('',#6259,1.);
#3514=VECTOR('',#6260,1.);
#3515=VECTOR('',#6263,1.);
#3516=VECTOR('',#6264,1.);
#3517=VECTOR('',#6265,1.);
#3518=VECTOR('',#6268,1.);
#3519=VECTOR('',#6269,1.);
#3520=VECTOR('',#6270,1.);
#3521=VECTOR('',#6273,1.);
#3522=VECTOR('',#6274,1.);
#3523=VECTOR('',#6275,1.);
#3524=VECTOR('',#6278,1.);
#3525=VECTOR('',#6279,1.);
#3526=VECTOR('',#6280,1.);
#3527=VECTOR('',#6283,1.);
#3528=VECTOR('',#6284,1.);
#3529=VECTOR('',#6285,1.);
#3530=VECTOR('',#6286,1.);
#3531=VECTOR('',#6289,1.);
#3532=VECTOR('',#6290,1.);
#3533=VECTOR('',#6291,1.);
#3534=VECTOR('',#6292,1.);
#3535=VECTOR('',#6297,1.);
#3536=VECTOR('',#6298,1.);
#3537=VECTOR('',#6299,1.);
#3538=VECTOR('',#6302,1.);
#3539=VECTOR('',#6303,1.);
#3540=VECTOR('',#6304,1.);
#3541=VECTOR('',#6305,1.);
#3542=VECTOR('',#6308,1.);
#3543=VECTOR('',#6309,1.);
#3544=VECTOR('',#6310,1.);
#3545=VECTOR('',#6311,1.);
#3546=VECTOR('',#6314,1.);
#3547=VECTOR('',#6315,1.);
#3548=VECTOR('',#6316,1.);
#3549=VECTOR('',#6317,1.);
#3550=VECTOR('',#6318,1.);
#3551=VECTOR('',#6319,1.);
#3552=VECTOR('',#6320,1.);
#3553=VECTOR('',#6321,1.);
#3554=VECTOR('',#6322,1.);
#3555=VECTOR('',#6323,1.);
#3556=VECTOR('',#6326,1.);
#3557=VECTOR('',#6327,1.);
#3558=VECTOR('',#6328,1.);
#3559=VECTOR('',#6329,1.);
#3560=VECTOR('',#6330,1.);
#3561=VECTOR('',#6331,1.);
#3562=VECTOR('',#6332,1.);
#3563=VECTOR('',#6333,1.);
#3564=VECTOR('',#6334,1.);
#3565=VECTOR('',#6335,1.);
#3566=VECTOR('',#6348,1.);
#3567=VECTOR('',#6349,1.);
#3568=VECTOR('',#6352,1.);
#3569=VECTOR('',#6353,1.);
#3570=VECTOR('',#6356,1.);
#3571=VECTOR('',#6359,1.);
#3572=VECTOR('',#6362,1.);
#3573=VECTOR('',#6365,1.);
#3574=VECTOR('',#6368,1.);
#3575=VECTOR('',#6369,1.);
#3576=VECTOR('',#6372,1.);
#3577=VECTOR('',#6375,1.);
#3578=VECTOR('',#6376,1.);
#3579=VECTOR('',#6379,1.);
#3580=VECTOR('',#6382,1.);
#3581=VECTOR('',#6385,1.);
#3582=VECTOR('',#6388,1.);
#3583=VECTOR('',#6391,1.);
#3584=VECTOR('',#6394,1.);
#3585=VECTOR('',#6397,1.);
#3586=VECTOR('',#6400,1.);
#3587=VECTOR('',#6403,1.);
#3588=VECTOR('',#6404,1.);
#3589=VECTOR('',#6407,1.);
#3590=VECTOR('',#6408,1.);
#3591=VECTOR('',#6411,1.);
#3592=VECTOR('',#6414,1.);
#3593=VECTOR('',#6417,1.);
#3594=VECTOR('',#6420,1.);
#3595=VECTOR('',#6423,1.);
#3596=VECTOR('',#6424,1.);
#3597=VECTOR('',#6427,1.);
#3598=VECTOR('',#6430,1.);
#3599=VECTOR('',#6433,1.);
#3600=VECTOR('',#6436,1.);
#3601=VECTOR('',#6439,1.);
#3602=VECTOR('',#6442,1.);
#3603=VECTOR('',#6445,1.);
#3604=VECTOR('',#6448,1.);
#3605=VECTOR('',#6451,1.);
#3606=VECTOR('',#6454,1.);
#3607=VECTOR('',#6457,1.);
#3608=VECTOR('',#6460,1.);
#3609=VECTOR('',#6463,1.);
#3610=VECTOR('',#6470,1.);
#3611=VECTOR('',#6471,1.);
#3612=VECTOR('',#6472,1.);
#3613=VECTOR('',#6473,1.);
#3614=VECTOR('',#6476,1.);
#3615=VECTOR('',#6477,1.);
#3616=VECTOR('',#6478,1.);
#3617=VECTOR('',#6481,1.);
#3618=VECTOR('',#6482,1.);
#3619=VECTOR('',#6483,1.);
#3620=VECTOR('',#6486,1.);
#3621=VECTOR('',#6487,1.);
#3622=VECTOR('',#6520,1.);
#3623=VECTOR('',#6521,1.);
#3624=VECTOR('',#6522,1.);
#3625=VECTOR('',#6523,1.);
#3626=VECTOR('',#6524,1.);
#3627=VECTOR('',#6525,1.);
#3628=VECTOR('',#6526,1.);
#3629=VECTOR('',#6527,1.);
#3630=VECTOR('',#6528,1.);
#3631=VECTOR('',#6529,1.);
#3632=VECTOR('',#6530,1.);
#3633=VECTOR('',#6531,1.);
#3634=VECTOR('',#6534,1.);
#3635=VECTOR('',#6535,1.);
#3636=VECTOR('',#6536,1.);
#3637=VECTOR('',#6537,1.);
#3638=VECTOR('',#6538,1.);
#3639=VECTOR('',#6539,1.);
#3640=VECTOR('',#6540,1.);
#3641=VECTOR('',#6541,1.);
#3642=VECTOR('',#6542,1.);
#3643=VECTOR('',#6543,1.);
#3644=VECTOR('',#6544,1.);
#3645=VECTOR('',#6545,1.);
#3646=VECTOR('',#6548,1.);
#3647=VECTOR('',#6549,1.);
#3648=VECTOR('',#6550,1.);
#3649=VECTOR('',#6553,1.);
#3650=VECTOR('',#6554,1.);
#3651=VECTOR('',#6555,1.);
#3652=VECTOR('',#6566,1.);
#3653=VECTOR('',#6567,1.);
#3654=VECTOR('',#6570,1.);
#3655=VECTOR('',#6575,1.);
#3656=VECTOR('',#6578,1.);
#3657=VECTOR('',#6581,1.);
#3658=VECTOR('',#6586,1.);
#3659=VECTOR('',#6589,1.);
#3660=VECTOR('',#6598,1.);
#3661=VECTOR('',#6599,1.);
#3662=VECTOR('',#6600,1.);
#3663=VECTOR('',#6601,1.);
#3664=VECTOR('',#6604,1.);
#3665=VECTOR('',#6605,1.);
#3666=VECTOR('',#6606,1.);
#3667=VECTOR('',#6607,1.);
#3668=VECTOR('',#6610,1.);
#3669=VECTOR('',#6611,1.);
#3670=VECTOR('',#6612,1.);
#3671=VECTOR('',#6613,1.);
#3672=VECTOR('',#6616,1.);
#3673=VECTOR('',#6617,1.);
#3674=VECTOR('',#6618,1.);
#3675=VECTOR('',#6619,1.);
#3676=VECTOR('',#6620,1.);
#3677=VECTOR('',#6621,1.);
#3678=VECTOR('',#6622,1.);
#3679=VECTOR('',#6625,1.);
#3680=VECTOR('',#6626,1.);
#3681=VECTOR('',#6627,1.);
#3682=VECTOR('',#6628,1.);
#3683=VECTOR('',#6631,1.);
#3684=VECTOR('',#6632,1.);
#3685=VECTOR('',#6633,1.);
#3686=VECTOR('',#6634,1.);
#3687=VECTOR('',#6635,1.);
#3688=VECTOR('',#6638,1.);
#3689=VECTOR('',#6639,1.);
#3690=VECTOR('',#6640,1.);
#3691=VECTOR('',#6643,1.);
#3692=VECTOR('',#6644,1.);
#3693=VECTOR('',#6645,1.);
#3694=VECTOR('',#6646,1.);
#3695=VECTOR('',#6647,1.);
#3696=VECTOR('',#6650,1.);
#3697=VECTOR('',#6651,1.);
#3698=VECTOR('',#6652,1.);
#3699=VECTOR('',#6655,1.);
#3700=VECTOR('',#6656,1.);
#3701=VECTOR('',#6657,1.);
#3702=VECTOR('',#6658,1.);
#3703=VECTOR('',#6661,1.);
#3704=VECTOR('',#6662,1.);
#3705=VECTOR('',#6663,1.);
#3706=VECTOR('',#6666,1.);
#3707=VECTOR('',#6667,1.);
#3708=VECTOR('',#6668,1.);
#3709=VECTOR('',#6669,1.);
#3710=VECTOR('',#6670,1.);
#3711=VECTOR('',#6671,1.);
#3712=VECTOR('',#6674,1.);
#3713=VECTOR('',#6675,1.);
#3714=VECTOR('',#6676,1.);
#3715=VECTOR('',#6679,1.);
#3716=VECTOR('',#6680,1.);
#3717=VECTOR('',#6681,1.);
#3718=VECTOR('',#6682,1.);
#3719=VECTOR('',#6683,1.);
#3720=VECTOR('',#6686,1.);
#3721=VECTOR('',#6687,1.);
#3722=VECTOR('',#6688,1.);
#3723=VECTOR('',#6691,1.);
#3724=VECTOR('',#6692,1.);
#3725=VECTOR('',#6693,1.);
#3726=VECTOR('',#6694,1.);
#3727=VECTOR('',#6695,1.);
#3728=VECTOR('',#6698,1.);
#3729=VECTOR('',#6699,1.);
#3730=VECTOR('',#6700,1.);
#3731=VECTOR('',#6703,1.);
#3732=VECTOR('',#6704,1.);
#3733=VECTOR('',#6705,1.);
#3734=VECTOR('',#6706,1.);
#3735=VECTOR('',#6707,1.);
#3736=VECTOR('',#6716,1.);
#3737=VECTOR('',#6719,1.);
#3738=VECTOR('',#6722,1.);
#3739=VECTOR('',#6723,1.);
#3740=VECTOR('',#6724,1.);
#3741=VECTOR('',#6727,1.);
#3742=VECTOR('',#6728,1.);
#3743=VECTOR('',#6729,1.);
#3744=VECTOR('',#6732,1.);
#3745=VECTOR('',#6733,1.);
#3746=VECTOR('',#6734,1.);
#3747=VECTOR('',#6735,1.);
#3748=VECTOR('',#6736,1.);
#3749=VECTOR('',#6739,1.);
#3750=VECTOR('',#6740,1.);
#3751=VECTOR('',#6741,1.);
#3752=VECTOR('',#6744,1.);
#3753=VECTOR('',#6745,1.);
#3754=VECTOR('',#6746,1.);
#3755=VECTOR('',#6747,1.);
#3756=VECTOR('',#6750,1.);
#3757=VECTOR('',#6751,1.);
#3758=VECTOR('',#6752,1.);
#3759=VECTOR('',#6753,1.);
#3760=VECTOR('',#6754,1.);
#3761=VECTOR('',#6755,1.);
#3762=VECTOR('',#6758,1.);
#3763=VECTOR('',#6759,1.);
#3764=VECTOR('',#6762,1.);
#3765=VECTOR('',#6767,1.);
#3766=VECTOR('',#6778,1.);
#3767=VECTOR('',#6781,1.);
#3768=VECTOR('',#6784,1.);
#3769=VECTOR('',#6787,1.);
#3770=VECTOR('',#6790,1.);
#3771=VECTOR('',#6791,1.);
#3772=VECTOR('',#6792,1.);
#3773=VECTOR('',#6795,1.);
#3774=VECTOR('',#6798,1.);
#3775=VECTOR('',#6799,1.);
#3776=VECTOR('',#6800,1.);
#3777=VECTOR('',#6803,1.);
#3778=VECTOR('',#6806,1.);
#3779=EDGE_LOOP('',(#126,#127,#128,#129));
#3780=EDGE_LOOP('',(#130));
#3781=EDGE_LOOP('',(#131));
#3782=EDGE_LOOP('',(#132));
#3783=EDGE_LOOP('',(#133));
#3784=EDGE_LOOP('',(#134,#135,#136,#137));
#3785=EDGE_LOOP('',(#138,#139,#140,#141));
#3786=EDGE_LOOP('',(#142));
#3787=EDGE_LOOP('',(#143));
#3788=EDGE_LOOP('',(#144));
#3789=EDGE_LOOP('',(#145));
#3790=EDGE_LOOP('',(#146,#147,#148,#149));
#3791=EDGE_LOOP('',(#150));
#3792=EDGE_LOOP('',(#151));
#3793=EDGE_LOOP('',(#152,#153,#154,#155));
#3794=EDGE_LOOP('',(#156));
#3795=EDGE_LOOP('',(#157,#158,#159,#160));
#3796=EDGE_LOOP('',(#161));
#3797=EDGE_LOOP('',(#162));
#3798=EDGE_LOOP('',(#163));
#3799=EDGE_LOOP('',(#164));
#3800=EDGE_LOOP('',(#165));
#3801=EDGE_LOOP('',(#166));
#3802=EDGE_LOOP('',(#167));
#3803=EDGE_LOOP('',(#168));
#3804=EDGE_LOOP('',(#169));
#3805=EDGE_LOOP('',(#170,#171,#172,#173,#174,#175,#176,#177,#178,#179,#180,
#181));
#3806=EDGE_LOOP('',(#182,#183,#184,#185));
#3807=EDGE_LOOP('',(#186,#187,#188,#189,#190,#191,#192,#193,#194,#195,#196,
#197));
#3808=EDGE_LOOP('',(#198,#199,#200,#201));
#3809=EDGE_LOOP('',(#202,#203,#204,#205));
#3810=EDGE_LOOP('',(#206,#207,#208,#209));
#3811=EDGE_LOOP('',(#210,#211,#212,#213));
#3812=EDGE_LOOP('',(#214,#215,#216,#217));
#3813=EDGE_LOOP('',(#218,#219,#220,#221));
#3814=EDGE_LOOP('',(#222,#223,#224,#225));
#3815=EDGE_LOOP('',(#226,#227,#228,#229));
#3816=EDGE_LOOP('',(#230,#231,#232,#233));
#3817=EDGE_LOOP('',(#234,#235,#236,#237));
#3818=EDGE_LOOP('',(#238,#239,#240,#241));
#3819=EDGE_LOOP('',(#242,#243,#244,#245));
#3820=EDGE_LOOP('',(#246,#247,#248,#249));
#3821=EDGE_LOOP('',(#250,#251,#252,#253));
#3822=EDGE_LOOP('',(#254,#255,#256,#257));
#3823=EDGE_LOOP('',(#258,#259,#260,#261));
#3824=EDGE_LOOP('',(#262,#263,#264,#265));
#3825=EDGE_LOOP('',(#266));
#3826=EDGE_LOOP('',(#267,#268,#269,#270));
#3827=EDGE_LOOP('',(#271,#272,#273,#274));
#3828=EDGE_LOOP('',(#275,#276,#277,#278));
#3829=EDGE_LOOP('',(#279));
#3830=EDGE_LOOP('',(#280,#281,#282,#283));
#3831=EDGE_LOOP('',(#284,#285,#286,#287));
#3832=EDGE_LOOP('',(#288,#289,#290,#291));
#3833=EDGE_LOOP('',(#292,#293,#294,#295,#296,#297));
#3834=EDGE_LOOP('',(#298,#299,#300,#301,#302,#303));
#3835=EDGE_LOOP('',(#304));
#3836=EDGE_LOOP('',(#305));
#3837=EDGE_LOOP('',(#306,#307,#308,#309,#310,#311,#312,#313,#314,#315));
#3838=EDGE_LOOP('',(#316,#317,#318,#319,#320,#321,#322,#323,#324,#325));
#3839=EDGE_LOOP('',(#326,#327,#328,#329));
#3840=EDGE_LOOP('',(#330,#331,#332,#333));
#3841=EDGE_LOOP('',(#334,#335,#336,#337));
#3842=EDGE_LOOP('',(#338,#339,#340,#341));
#3843=EDGE_LOOP('',(#342,#343,#344,#345,#346,#347,#348,#349));
#3844=EDGE_LOOP('',(#350,#351,#352,#353));
#3845=EDGE_LOOP('',(#354,#355,#356,#357));
#3846=EDGE_LOOP('',(#358,#359,#360,#361,#362,#363,#364,#365));
#3847=EDGE_LOOP('',(#366));
#3848=EDGE_LOOP('',(#367,#368,#369,#370));
#3849=EDGE_LOOP('',(#371));
#3850=EDGE_LOOP('',(#372,#373,#374,#375));
#3851=EDGE_LOOP('',(#376,#377,#378,#379,#380,#381));
#3852=EDGE_LOOP('',(#382,#383,#384,#385,#386,#387));
#3853=EDGE_LOOP('',(#388));
#3854=EDGE_LOOP('',(#389));
#3855=EDGE_LOOP('',(#390));
#3856=EDGE_LOOP('',(#391,#392,#393,#394,#395,#396));
#3857=EDGE_LOOP('',(#397));
#3858=EDGE_LOOP('',(#398));
#3859=EDGE_LOOP('',(#399));
#3860=EDGE_LOOP('',(#400));
#3861=EDGE_LOOP('',(#401));
#3862=EDGE_LOOP('',(#402));
#3863=EDGE_LOOP('',(#403,#404,#405,#406));
#3864=EDGE_LOOP('',(#407,#408,#409,#410));
#3865=EDGE_LOOP('',(#411,#412,#413,#414));
#3866=EDGE_LOOP('',(#415,#416,#417,#418));
#3867=EDGE_LOOP('',(#419,#420,#421,#422));
#3868=EDGE_LOOP('',(#423,#424,#425,#426));
#3869=EDGE_LOOP('',(#427));
#3870=EDGE_LOOP('',(#428));
#3871=EDGE_LOOP('',(#429));
#3872=EDGE_LOOP('',(#430));
#3873=EDGE_LOOP('',(#431,#432,#433,#434,#435,#436));
#3874=EDGE_LOOP('',(#437));
#3875=EDGE_LOOP('',(#438));
#3876=EDGE_LOOP('',(#439,#440,#441,#442,#443,#444,#445));
#3877=EDGE_LOOP('',(#446,#447,#448,#449,#450,#451));
#3878=EDGE_LOOP('',(#452,#453,#454,#455,#456,#457,#458));
#3879=EDGE_LOOP('',(#459,#460,#461,#462));
#3880=EDGE_LOOP('',(#463,#464,#465,#466));
#3881=EDGE_LOOP('',(#467,#468,#469,#470,#471,#472));
#3882=EDGE_LOOP('',(#473,#474,#475,#476));
#3883=EDGE_LOOP('',(#477,#478,#479,#480));
#3884=EDGE_LOOP('',(#481,#482,#483,#484,#485));
#3885=EDGE_LOOP('',(#486));
#3886=EDGE_LOOP('',(#487,#488,#489,#490));
#3887=EDGE_LOOP('',(#491));
#3888=EDGE_LOOP('',(#492,#493));
#3889=EDGE_LOOP('',(#494));
#3890=EDGE_LOOP('',(#495,#496,#497,#498,#499,#500));
#3891=EDGE_LOOP('',(#501,#502,#503,#504,#505,#506,#507));
#3892=EDGE_LOOP('',(#508,#509));
#3893=EDGE_LOOP('',(#510,#511,#512,#513));
#3894=EDGE_LOOP('',(#514,#515,#516,#517));
#3895=EDGE_LOOP('',(#518));
#3896=EDGE_LOOP('',(#519));
#3897=EDGE_LOOP('',(#520));
#3898=EDGE_LOOP('',(#521));
#3899=EDGE_LOOP('',(#522));
#3900=EDGE_LOOP('',(#523));
#3901=EDGE_LOOP('',(#524,#525,#526,#527));
#3902=EDGE_LOOP('',(#528,#529,#530,#531));
#3903=EDGE_LOOP('',(#532,#533,#534,#535));
#3904=EDGE_LOOP('',(#536,#537,#538,#539));
#3905=EDGE_LOOP('',(#540,#541,#542,#543));
#3906=EDGE_LOOP('',(#544,#545,#546,#547));
#3907=EDGE_LOOP('',(#548,#549,#550,#551,#552,#553));
#3908=EDGE_LOOP('',(#554,#555,#556,#557,#558,#559));
#3909=EDGE_LOOP('',(#560));
#3910=EDGE_LOOP('',(#561,#562,#563,#564,#565,#566,#567));
#3911=EDGE_LOOP('',(#568,#569,#570,#571,#572,#573));
#3912=EDGE_LOOP('',(#574,#575,#576,#577,#578,#579,#580));
#3913=EDGE_LOOP('',(#581,#582,#583,#584));
#3914=EDGE_LOOP('',(#585,#586,#587,#588));
#3915=EDGE_LOOP('',(#589,#590,#591,#592,#593,#594));
#3916=EDGE_LOOP('',(#595,#596,#597,#598));
#3917=EDGE_LOOP('',(#599,#600,#601,#602));
#3918=EDGE_LOOP('',(#603,#604,#605,#606,#607));
#3919=EDGE_LOOP('',(#608));
#3920=EDGE_LOOP('',(#609,#610,#611,#612));
#3921=EDGE_LOOP('',(#613));
#3922=EDGE_LOOP('',(#614,#615));
#3923=EDGE_LOOP('',(#616));
#3924=EDGE_LOOP('',(#617,#618,#619,#620,#621,#622));
#3925=EDGE_LOOP('',(#623,#624,#625,#626,#627,#628,#629));
#3926=EDGE_LOOP('',(#630,#631));
#3927=EDGE_LOOP('',(#632,#633,#634,#635));
#3928=EDGE_LOOP('',(#636,#637,#638,#639));
#3929=EDGE_LOOP('',(#640));
#3930=EDGE_LOOP('',(#641));
#3931=EDGE_LOOP('',(#642));
#3932=EDGE_LOOP('',(#643));
#3933=EDGE_LOOP('',(#644));
#3934=EDGE_LOOP('',(#645));
#3935=EDGE_LOOP('',(#646,#647,#648,#649,#650,#651,#652,#653,#654,#655,#656,
#657,#658,#659));
#3936=EDGE_LOOP('',(#660));
#3937=EDGE_LOOP('',(#661));
#3938=EDGE_LOOP('',(#662,#663,#664,#665,#666,#667,#668,#669,#670,#671,#672,
#673));
#3939=EDGE_LOOP('',(#674,#675,#676,#677,#678,#679,#680));
#3940=EDGE_LOOP('',(#681,#682,#683,#684));
#3941=EDGE_LOOP('',(#685,#686,#687,#688));
#3942=EDGE_LOOP('',(#689,#690,#691,#692,#693,#694,#695));
#3943=EDGE_LOOP('',(#696,#697,#698,#699,#700,#701,#702));
#3944=EDGE_LOOP('',(#703,#704,#705,#706,#707,#708));
#3945=EDGE_LOOP('',(#709,#710,#711,#712));
#3946=EDGE_LOOP('',(#713,#714,#715,#716,#717,#718));
#3947=EDGE_LOOP('',(#719,#720,#721,#722));
#3948=EDGE_LOOP('',(#723,#724,#725,#726,#727));
#3949=EDGE_LOOP('',(#728,#729,#730,#731));
#3950=EDGE_LOOP('',(#732,#733,#734,#735,#736,#737,#738));
#3951=EDGE_LOOP('',(#739,#740,#741,#742));
#3952=EDGE_LOOP('',(#743,#744,#745,#746,#747,#748));
#3953=EDGE_LOOP('',(#749,#750,#751,#752));
#3954=EDGE_LOOP('',(#753,#754,#755,#756,#757,#758));
#3955=EDGE_LOOP('',(#759,#760,#761,#762));
#3956=EDGE_LOOP('',(#763,#764,#765,#766,#767,#768,#769,#770));
#3957=EDGE_LOOP('',(#771));
#3958=EDGE_LOOP('',(#772));
#3959=EDGE_LOOP('',(#773,#774,#775,#776,#777,#778,#779,#780,#781,#782,#783,
#784,#785,#786,#787,#788));
#3960=EDGE_LOOP('',(#789,#790,#791,#792));
#3961=EDGE_LOOP('',(#793,#794,#795,#796));
#3962=EDGE_LOOP('',(#797,#798,#799,#800));
#3963=EDGE_LOOP('',(#801,#802,#803,#804,#805));
#3964=EDGE_LOOP('',(#806,#807,#808,#809,#810,#811));
#3965=EDGE_LOOP('',(#812,#813,#814,#815));
#3966=EDGE_LOOP('',(#816,#817,#818,#819,#820,#821,#822));
#3967=EDGE_LOOP('',(#823,#824,#825,#826));
#3968=EDGE_LOOP('',(#827,#828,#829,#830,#831));
#3969=EDGE_LOOP('',(#832));
#3970=EDGE_LOOP('',(#833));
#3971=EDGE_LOOP('',(#834));
#3972=EDGE_LOOP('',(#835));
#3973=EDGE_LOOP('',(#836,#837,#838,#839));
#3974=EDGE_LOOP('',(#840,#841,#842,#843));
#3975=EDGE_LOOP('',(#844,#845,#846,#847));
#3976=EDGE_LOOP('',(#848,#849,#850,#851,#852,#853));
#3977=EDGE_LOOP('',(#854,#855,#856,#857,#858,#859));
#3978=EDGE_LOOP('',(#860,#861,#862,#863,#864));
#3979=EDGE_LOOP('',(#865,#866,#867,#868));
#3980=EDGE_LOOP('',(#869,#870,#871,#872,#873));
#3981=EDGE_LOOP('',(#874,#875,#876,#877));
#3982=EDGE_LOOP('',(#878));
#3983=EDGE_LOOP('',(#879));
#3984=EDGE_LOOP('',(#880,#881,#882,#883));
#3985=EDGE_LOOP('',(#884,#885,#886,#887));
#3986=EDGE_LOOP('',(#888));
#3987=EDGE_LOOP('',(#889,#890,#891,#892));
#3988=EDGE_LOOP('',(#893,#894,#895,#896));
#3989=EDGE_LOOP('',(#897,#898,#899,#900));
#3990=EDGE_LOOP('',(#901,#902,#903,#904));
#3991=EDGE_LOOP('',(#905,#906,#907,#908));
#3992=EDGE_LOOP('',(#909,#910,#911,#912));
#3993=EDGE_LOOP('',(#913,#914,#915,#916));
#3994=EDGE_LOOP('',(#917,#918,#919,#920));
#3995=EDGE_LOOP('',(#921,#922,#923,#924,#925,#926,#927,#928,#929,#930));
#3996=EDGE_LOOP('',(#931,#932,#933,#934,#935,#936,#937,#938,#939,#940));
#3997=EDGE_LOOP('',(#941));
#3998=EDGE_LOOP('',(#942));
#3999=EDGE_LOOP('',(#943));
#4000=EDGE_LOOP('',(#944,#945));
#4001=EDGE_LOOP('',(#946));
#4002=EDGE_LOOP('',(#947));
#4003=EDGE_LOOP('',(#948,#949,#950,#951));
#4004=EDGE_LOOP('',(#952,#953,#954));
#4005=EDGE_LOOP('',(#955,#956,#957,#958));
#4006=EDGE_LOOP('',(#959,#960,#961,#962));
#4007=EDGE_LOOP('',(#963,#964,#965,#966));
#4008=EDGE_LOOP('',(#967,#968,#969,#970));
#4009=EDGE_LOOP('',(#971,#972,#973,#974));
#4010=EDGE_LOOP('',(#975,#976,#977));
#4011=EDGE_LOOP('',(#978,#979,#980));
#4012=EDGE_LOOP('',(#981,#982,#983,#984));
#4013=EDGE_LOOP('',(#985,#986,#987,#988));
#4014=EDGE_LOOP('',(#989,#990,#991,#992));
#4015=EDGE_LOOP('',(#993,#994,#995,#996));
#4016=EDGE_LOOP('',(#997,#998,#999,#1000));
#4017=EDGE_LOOP('',(#1001,#1002,#1003,#1004));
#4018=EDGE_LOOP('',(#1005,#1006,#1007,#1008));
#4019=EDGE_LOOP('',(#1009,#1010,#1011));
#4020=EDGE_LOOP('',(#1012,#1013,#1014));
#4021=EDGE_LOOP('',(#1015,#1016,#1017));
#4022=EDGE_LOOP('',(#1018,#1019,#1020,#1021));
#4023=EDGE_LOOP('',(#1022,#1023,#1024,#1025));
#4024=EDGE_LOOP('',(#1026,#1027,#1028,#1029,#1030));
#4025=EDGE_LOOP('',(#1031,#1032,#1033,#1034));
#4026=EDGE_LOOP('',(#1035,#1036,#1037,#1038));
#4027=EDGE_LOOP('',(#1039,#1040,#1041,#1042));
#4028=EDGE_LOOP('',(#1043,#1044,#1045,#1046));
#4029=EDGE_LOOP('',(#1047,#1048,#1049,#1050));
#4030=EDGE_LOOP('',(#1051,#1052,#1053));
#4031=EDGE_LOOP('',(#1054,#1055,#1056));
#4032=EDGE_LOOP('',(#1057,#1058,#1059));
#4033=EDGE_LOOP('',(#1060,#1061,#1062));
#4034=EDGE_LOOP('',(#1063,#1064,#1065,#1066));
#4035=EDGE_LOOP('',(#1067,#1068,#1069,#1070,#1071));
#4036=EDGE_LOOP('',(#1072,#1073,#1074,#1075));
#4037=EDGE_LOOP('',(#1076,#1077,#1078,#1079));
#4038=EDGE_LOOP('',(#1080,#1081,#1082));
#4039=EDGE_LOOP('',(#1083,#1084,#1085));
#4040=EDGE_LOOP('',(#1086,#1087,#1088,#1089));
#4041=EDGE_LOOP('',(#1090,#1091,#1092,#1093));
#4042=EDGE_LOOP('',(#1094,#1095,#1096,#1097));
#4043=EDGE_LOOP('',(#1098,#1099,#1100,#1101));
#4044=EDGE_LOOP('',(#1102,#1103,#1104,#1105));
#4045=EDGE_LOOP('',(#1106));
#4046=EDGE_LOOP('',(#1107));
#4047=EDGE_LOOP('',(#1108));
#4048=EDGE_LOOP('',(#1109));
#4049=EDGE_LOOP('',(#1110,#1111,#1112,#1113));
#4050=EDGE_LOOP('',(#1114));
#4051=EDGE_LOOP('',(#1115));
#4052=EDGE_LOOP('',(#1116));
#4053=EDGE_LOOP('',(#1117));
#4054=EDGE_LOOP('',(#1118,#1119,#1120,#1121));
#4055=EDGE_LOOP('',(#1122));
#4056=EDGE_LOOP('',(#1123));
#4057=EDGE_LOOP('',(#1124));
#4058=EDGE_LOOP('',(#1125));
#4059=EDGE_LOOP('',(#1126));
#4060=EDGE_LOOP('',(#1127));
#4061=EDGE_LOOP('',(#1128));
#4062=EDGE_LOOP('',(#1129));
#4063=EDGE_LOOP('',(#1130,#1131,#1132,#1133,#1134,#1135,#1136,#1137,#1138,
#1139,#1140,#1141));
#4064=EDGE_LOOP('',(#1142,#1143,#1144,#1145,#1146,#1147,#1148,#1149,#1150,
#1151,#1152,#1153));
#4065=EDGE_LOOP('',(#1154,#1155,#1156,#1157,#1158));
#4066=EDGE_LOOP('',(#1159,#1160,#1161,#1162,#1163));
#4067=EDGE_LOOP('',(#1164,#1165,#1166,#1167));
#4068=EDGE_LOOP('',(#1168,#1169,#1170,#1171));
#4069=EDGE_LOOP('',(#1172,#1173,#1174,#1175));
#4070=EDGE_LOOP('',(#1176,#1177,#1178,#1179));
#4071=EDGE_LOOP('',(#1180));
#4072=EDGE_LOOP('',(#1181,#1182,#1183,#1184));
#4073=EDGE_LOOP('',(#1185,#1186,#1187,#1188));
#4074=EDGE_LOOP('',(#1189,#1190,#1191,#1192));
#4075=EDGE_LOOP('',(#1193));
#4076=EDGE_LOOP('',(#1194,#1195));
#4077=EDGE_LOOP('',(#1196,#1197,#1198,#1199));
#4078=EDGE_LOOP('',(#1200,#1201,#1202,#1203));
#4079=EDGE_LOOP('',(#1204,#1205,#1206,#1207));
#4080=EDGE_LOOP('',(#1208,#1209,#1210,#1211));
#4081=EDGE_LOOP('',(#1212,#1213,#1214,#1215));
#4082=EDGE_LOOP('',(#1216,#1217,#1218,#1219));
#4083=EDGE_LOOP('',(#1220,#1221,#1222,#1223));
#4084=EDGE_LOOP('',(#1224,#1225,#1226,#1227,#1228,#1229,#1230));
#4085=EDGE_LOOP('',(#1231,#1232,#1233,#1234,#1235,#1236,#1237));
#4086=EDGE_LOOP('',(#1238,#1239,#1240,#1241,#1242,#1243));
#4087=EDGE_LOOP('',(#1244,#1245,#1246,#1247));
#4088=EDGE_LOOP('',(#1248,#1249,#1250,#1251,#1252,#1253));
#4089=EDGE_LOOP('',(#1254,#1255,#1256,#1257));
#4090=EDGE_LOOP('',(#1258,#1259,#1260,#1261,#1262));
#4091=EDGE_LOOP('',(#1263,#1264,#1265,#1266));
#4092=EDGE_LOOP('',(#1267,#1268,#1269,#1270,#1271,#1272,#1273));
#4093=EDGE_LOOP('',(#1274,#1275,#1276,#1277));
#4094=EDGE_LOOP('',(#1278,#1279,#1280,#1281,#1282,#1283));
#4095=EDGE_LOOP('',(#1284,#1285,#1286,#1287));
#4096=EDGE_LOOP('',(#1288,#1289,#1290,#1291,#1292,#1293));
#4097=EDGE_LOOP('',(#1294,#1295,#1296,#1297));
#4098=EDGE_LOOP('',(#1298,#1299,#1300,#1301,#1302,#1303,#1304,#1305));
#4099=EDGE_LOOP('',(#1306));
#4100=EDGE_LOOP('',(#1307));
#4101=EDGE_LOOP('',(#1308,#1309,#1310,#1311,#1312,#1313,#1314,#1315,#1316,
#1317,#1318,#1319,#1320,#1321,#1322,#1323));
#4102=EDGE_LOOP('',(#1324,#1325,#1326,#1327));
#4103=EDGE_LOOP('',(#1328,#1329,#1330,#1331));
#4104=EDGE_LOOP('',(#1332,#1333,#1334,#1335));
#4105=EDGE_LOOP('',(#1336,#1337,#1338,#1339,#1340));
#4106=EDGE_LOOP('',(#1341,#1342,#1343,#1344,#1345,#1346));
#4107=EDGE_LOOP('',(#1347,#1348,#1349,#1350));
#4108=EDGE_LOOP('',(#1351,#1352,#1353,#1354,#1355,#1356));
#4109=EDGE_LOOP('',(#1357,#1358,#1359,#1360,#1361,#1362,#1363));
#4110=EDGE_LOOP('',(#1364,#1365,#1366,#1367,#1368,#1369,#1370));
#4111=EDGE_LOOP('',(#1371,#1372,#1373,#1374));
#4112=EDGE_LOOP('',(#1375,#1376,#1377,#1378,#1379,#1380,#1381,#1382,#1383,
#1384,#1385,#1386,#1387,#1388,#1389,#1390));
#4113=EDGE_LOOP('',(#1391,#1392,#1393,#1394,#1395));
#4114=EDGE_LOOP('',(#1396));
#4115=EDGE_LOOP('',(#1397));
#4116=EDGE_LOOP('',(#1398));
#4117=EDGE_LOOP('',(#1399));
#4118=EDGE_LOOP('',(#1400,#1401,#1402,#1403));
#4119=EDGE_LOOP('',(#1404,#1405,#1406,#1407));
#4120=EDGE_LOOP('',(#1408,#1409,#1410,#1411));
#4121=EDGE_LOOP('',(#1412,#1413,#1414,#1415));
#4122=EDGE_LOOP('',(#1416));
#4123=EDGE_LOOP('',(#1417));
#4124=EDGE_LOOP('',(#1418,#1419,#1420,#1421,#1422,#1423,#1424,#1425,#1426,
#1427,#1428,#1429,#1430,#1431));
#4125=EDGE_LOOP('',(#1432,#1433,#1434,#1435,#1436,#1437));
#4126=EDGE_LOOP('',(#1438,#1439,#1440,#1441,#1442,#1443));
#4127=EDGE_LOOP('',(#1444,#1445,#1446,#1447,#1448));
#4128=EDGE_LOOP('',(#1449,#1450,#1451,#1452));
#4129=EDGE_LOOP('',(#1453,#1454,#1455,#1456,#1457));
#4130=FACE_BOUND('',#3779,.T.);
#4131=FACE_BOUND('',#3780,.T.);
#4132=FACE_BOUND('',#3781,.T.);
#4133=FACE_BOUND('',#3782,.T.);
#4134=FACE_BOUND('',#3783,.T.);
#4135=FACE_BOUND('',#3784,.T.);
#4136=FACE_BOUND('',#3785,.T.);
#4137=FACE_BOUND('',#3786,.T.);
#4138=FACE_BOUND('',#3787,.T.);
#4139=FACE_BOUND('',#3788,.T.);
#4140=FACE_BOUND('',#3789,.T.);
#4141=FACE_BOUND('',#3790,.T.);
#4142=FACE_BOUND('',#3791,.T.);
#4143=FACE_BOUND('',#3792,.T.);
#4144=FACE_BOUND('',#3793,.T.);
#4145=FACE_BOUND('',#3794,.T.);
#4146=FACE_BOUND('',#3795,.T.);
#4147=FACE_BOUND('',#3796,.T.);
#4148=FACE_BOUND('',#3797,.T.);
#4149=FACE_BOUND('',#3798,.T.);
#4150=FACE_BOUND('',#3799,.T.);
#4151=FACE_BOUND('',#3800,.T.);
#4152=FACE_BOUND('',#3801,.T.);
#4153=FACE_BOUND('',#3802,.T.);
#4154=FACE_BOUND('',#3803,.T.);
#4155=FACE_BOUND('',#3804,.T.);
#4156=FACE_BOUND('',#3805,.T.);
#4157=FACE_BOUND('',#3806,.T.);
#4158=FACE_BOUND('',#3807,.T.);
#4159=FACE_BOUND('',#3808,.T.);
#4160=FACE_BOUND('',#3809,.T.);
#4161=FACE_BOUND('',#3810,.T.);
#4162=FACE_BOUND('',#3811,.T.);
#4163=FACE_BOUND('',#3812,.T.);
#4164=FACE_BOUND('',#3813,.T.);
#4165=FACE_BOUND('',#3814,.T.);
#4166=FACE_BOUND('',#3815,.T.);
#4167=FACE_BOUND('',#3816,.T.);
#4168=FACE_BOUND('',#3817,.T.);
#4169=FACE_BOUND('',#3818,.T.);
#4170=FACE_BOUND('',#3819,.T.);
#4171=FACE_BOUND('',#3820,.T.);
#4172=FACE_BOUND('',#3821,.T.);
#4173=FACE_BOUND('',#3822,.T.);
#4174=FACE_BOUND('',#3823,.T.);
#4175=FACE_BOUND('',#3824,.T.);
#4176=FACE_BOUND('',#3825,.T.);
#4177=FACE_BOUND('',#3826,.T.);
#4178=FACE_BOUND('',#3827,.T.);
#4179=FACE_BOUND('',#3828,.T.);
#4180=FACE_BOUND('',#3829,.T.);
#4181=FACE_BOUND('',#3830,.T.);
#4182=FACE_BOUND('',#3831,.T.);
#4183=FACE_BOUND('',#3832,.T.);
#4184=FACE_BOUND('',#3833,.T.);
#4185=FACE_BOUND('',#3834,.T.);
#4186=FACE_BOUND('',#3835,.T.);
#4187=FACE_BOUND('',#3836,.T.);
#4188=FACE_BOUND('',#3837,.T.);
#4189=FACE_BOUND('',#3838,.T.);
#4190=FACE_BOUND('',#3839,.T.);
#4191=FACE_BOUND('',#3840,.T.);
#4192=FACE_BOUND('',#3841,.T.);
#4193=FACE_BOUND('',#3842,.T.);
#4194=FACE_BOUND('',#3843,.T.);
#4195=FACE_BOUND('',#3844,.T.);
#4196=FACE_BOUND('',#3845,.T.);
#4197=FACE_BOUND('',#3846,.T.);
#4198=FACE_BOUND('',#3847,.T.);
#4199=FACE_BOUND('',#3848,.T.);
#4200=FACE_BOUND('',#3849,.T.);
#4201=FACE_BOUND('',#3850,.T.);
#4202=FACE_BOUND('',#3851,.T.);
#4203=FACE_BOUND('',#3852,.T.);
#4204=FACE_BOUND('',#3853,.T.);
#4205=FACE_BOUND('',#3854,.T.);
#4206=FACE_BOUND('',#3855,.T.);
#4207=FACE_BOUND('',#3856,.T.);
#4208=FACE_BOUND('',#3857,.T.);
#4209=FACE_BOUND('',#3858,.T.);
#4210=FACE_BOUND('',#3859,.T.);
#4211=FACE_BOUND('',#3860,.T.);
#4212=FACE_BOUND('',#3861,.T.);
#4213=FACE_BOUND('',#3862,.T.);
#4214=FACE_BOUND('',#3863,.T.);
#4215=FACE_BOUND('',#3864,.T.);
#4216=FACE_BOUND('',#3865,.T.);
#4217=FACE_BOUND('',#3866,.T.);
#4218=FACE_BOUND('',#3867,.T.);
#4219=FACE_BOUND('',#3868,.T.);
#4220=FACE_BOUND('',#3869,.T.);
#4221=FACE_BOUND('',#3870,.T.);
#4222=FACE_BOUND('',#3871,.T.);
#4223=FACE_BOUND('',#3872,.T.);
#4224=FACE_BOUND('',#3873,.T.);
#4225=FACE_BOUND('',#3874,.T.);
#4226=FACE_BOUND('',#3875,.T.);
#4227=FACE_BOUND('',#3876,.T.);
#4228=FACE_BOUND('',#3877,.T.);
#4229=FACE_BOUND('',#3878,.T.);
#4230=FACE_BOUND('',#3879,.T.);
#4231=FACE_BOUND('',#3880,.T.);
#4232=FACE_BOUND('',#3881,.T.);
#4233=FACE_BOUND('',#3882,.T.);
#4234=FACE_BOUND('',#3883,.T.);
#4235=FACE_BOUND('',#3884,.T.);
#4236=FACE_BOUND('',#3885,.T.);
#4237=FACE_BOUND('',#3886,.T.);
#4238=FACE_BOUND('',#3887,.T.);
#4239=FACE_BOUND('',#3888,.T.);
#4240=FACE_BOUND('',#3889,.T.);
#4241=FACE_BOUND('',#3890,.T.);
#4242=FACE_BOUND('',#3891,.T.);
#4243=FACE_BOUND('',#3892,.T.);
#4244=FACE_BOUND('',#3893,.T.);
#4245=FACE_BOUND('',#3894,.T.);
#4246=FACE_BOUND('',#3895,.T.);
#4247=FACE_BOUND('',#3896,.T.);
#4248=FACE_BOUND('',#3897,.T.);
#4249=FACE_BOUND('',#3898,.T.);
#4250=FACE_BOUND('',#3899,.T.);
#4251=FACE_BOUND('',#3900,.T.);
#4252=FACE_BOUND('',#3901,.T.);
#4253=FACE_BOUND('',#3902,.T.);
#4254=FACE_BOUND('',#3903,.T.);
#4255=FACE_BOUND('',#3904,.T.);
#4256=FACE_BOUND('',#3905,.T.);
#4257=FACE_BOUND('',#3906,.T.);
#4258=FACE_BOUND('',#3907,.T.);
#4259=FACE_BOUND('',#3908,.T.);
#4260=FACE_BOUND('',#3909,.T.);
#4261=FACE_BOUND('',#3910,.T.);
#4262=FACE_BOUND('',#3911,.T.);
#4263=FACE_BOUND('',#3912,.T.);
#4264=FACE_BOUND('',#3913,.T.);
#4265=FACE_BOUND('',#3914,.T.);
#4266=FACE_BOUND('',#3915,.T.);
#4267=FACE_BOUND('',#3916,.T.);
#4268=FACE_BOUND('',#3917,.T.);
#4269=FACE_BOUND('',#3918,.T.);
#4270=FACE_BOUND('',#3919,.T.);
#4271=FACE_BOUND('',#3920,.T.);
#4272=FACE_BOUND('',#3921,.T.);
#4273=FACE_BOUND('',#3922,.T.);
#4274=FACE_BOUND('',#3923,.T.);
#4275=FACE_BOUND('',#3924,.T.);
#4276=FACE_BOUND('',#3925,.T.);
#4277=FACE_BOUND('',#3926,.T.);
#4278=FACE_BOUND('',#3927,.T.);
#4279=FACE_BOUND('',#3928,.T.);
#4280=FACE_BOUND('',#3929,.T.);
#4281=FACE_BOUND('',#3930,.T.);
#4282=FACE_BOUND('',#3931,.T.);
#4283=FACE_BOUND('',#3932,.T.);
#4284=FACE_BOUND('',#3933,.T.);
#4285=FACE_BOUND('',#3934,.T.);
#4286=FACE_BOUND('',#3935,.T.);
#4287=FACE_BOUND('',#3936,.T.);
#4288=FACE_BOUND('',#3937,.T.);
#4289=FACE_BOUND('',#3938,.T.);
#4290=FACE_BOUND('',#3939,.T.);
#4291=FACE_BOUND('',#3940,.T.);
#4292=FACE_BOUND('',#3941,.T.);
#4293=FACE_BOUND('',#3942,.T.);
#4294=FACE_BOUND('',#3943,.T.);
#4295=FACE_BOUND('',#3944,.T.);
#4296=FACE_BOUND('',#3945,.T.);
#4297=FACE_BOUND('',#3946,.T.);
#4298=FACE_BOUND('',#3947,.T.);
#4299=FACE_BOUND('',#3948,.T.);
#4300=FACE_BOUND('',#3949,.T.);
#4301=FACE_BOUND('',#3950,.T.);
#4302=FACE_BOUND('',#3951,.T.);
#4303=FACE_BOUND('',#3952,.T.);
#4304=FACE_BOUND('',#3953,.T.);
#4305=FACE_BOUND('',#3954,.T.);
#4306=FACE_BOUND('',#3955,.T.);
#4307=FACE_BOUND('',#3956,.T.);
#4308=FACE_BOUND('',#3957,.T.);
#4309=FACE_BOUND('',#3958,.T.);
#4310=FACE_BOUND('',#3959,.T.);
#4311=FACE_BOUND('',#3960,.T.);
#4312=FACE_BOUND('',#3961,.T.);
#4313=FACE_BOUND('',#3962,.T.);
#4314=FACE_BOUND('',#3963,.T.);
#4315=FACE_BOUND('',#3964,.T.);
#4316=FACE_BOUND('',#3965,.T.);
#4317=FACE_BOUND('',#3966,.T.);
#4318=FACE_BOUND('',#3967,.T.);
#4319=FACE_BOUND('',#3968,.T.);
#4320=FACE_BOUND('',#3969,.T.);
#4321=FACE_BOUND('',#3970,.T.);
#4322=FACE_BOUND('',#3971,.T.);
#4323=FACE_BOUND('',#3972,.T.);
#4324=FACE_BOUND('',#3973,.T.);
#4325=FACE_BOUND('',#3974,.T.);
#4326=FACE_BOUND('',#3975,.T.);
#4327=FACE_BOUND('',#3976,.T.);
#4328=FACE_BOUND('',#3977,.T.);
#4329=FACE_BOUND('',#3978,.T.);
#4330=FACE_BOUND('',#3979,.T.);
#4331=FACE_BOUND('',#3980,.T.);
#4332=FACE_BOUND('',#3981,.T.);
#4333=FACE_BOUND('',#3982,.T.);
#4334=FACE_BOUND('',#3983,.T.);
#4335=FACE_BOUND('',#3984,.T.);
#4336=FACE_BOUND('',#3985,.T.);
#4337=FACE_BOUND('',#3986,.T.);
#4338=FACE_BOUND('',#3987,.T.);
#4339=FACE_BOUND('',#3988,.T.);
#4340=FACE_BOUND('',#3989,.T.);
#4341=FACE_BOUND('',#3990,.T.);
#4342=FACE_BOUND('',#3991,.T.);
#4343=FACE_BOUND('',#3992,.T.);
#4344=FACE_BOUND('',#3993,.T.);
#4345=FACE_BOUND('',#3994,.T.);
#4346=FACE_BOUND('',#3995,.T.);
#4347=FACE_BOUND('',#3996,.T.);
#4348=FACE_BOUND('',#3997,.T.);
#4349=FACE_BOUND('',#3998,.T.);
#4350=FACE_BOUND('',#3999,.T.);
#4351=FACE_BOUND('',#4000,.T.);
#4352=FACE_BOUND('',#4001,.T.);
#4353=FACE_BOUND('',#4002,.T.);
#4354=FACE_BOUND('',#4003,.T.);
#4355=FACE_BOUND('',#4004,.T.);
#4356=FACE_BOUND('',#4005,.T.);
#4357=FACE_BOUND('',#4006,.T.);
#4358=FACE_BOUND('',#4007,.T.);
#4359=FACE_BOUND('',#4008,.T.);
#4360=FACE_BOUND('',#4009,.T.);
#4361=FACE_BOUND('',#4010,.T.);
#4362=FACE_BOUND('',#4011,.T.);
#4363=FACE_BOUND('',#4012,.T.);
#4364=FACE_BOUND('',#4013,.T.);
#4365=FACE_BOUND('',#4014,.T.);
#4366=FACE_BOUND('',#4015,.T.);
#4367=FACE_BOUND('',#4016,.T.);
#4368=FACE_BOUND('',#4017,.T.);
#4369=FACE_BOUND('',#4018,.T.);
#4370=FACE_BOUND('',#4019,.T.);
#4371=FACE_BOUND('',#4020,.T.);
#4372=FACE_BOUND('',#4021,.T.);
#4373=FACE_BOUND('',#4022,.T.);
#4374=FACE_BOUND('',#4023,.T.);
#4375=FACE_BOUND('',#4024,.T.);
#4376=FACE_BOUND('',#4025,.T.);
#4377=FACE_BOUND('',#4026,.T.);
#4378=FACE_BOUND('',#4027,.T.);
#4379=FACE_BOUND('',#4028,.T.);
#4380=FACE_BOUND('',#4029,.T.);
#4381=FACE_BOUND('',#4030,.T.);
#4382=FACE_BOUND('',#4031,.T.);
#4383=FACE_BOUND('',#4032,.T.);
#4384=FACE_BOUND('',#4033,.T.);
#4385=FACE_BOUND('',#4034,.T.);
#4386=FACE_BOUND('',#4035,.T.);
#4387=FACE_BOUND('',#4036,.T.);
#4388=FACE_BOUND('',#4037,.T.);
#4389=FACE_BOUND('',#4038,.T.);
#4390=FACE_BOUND('',#4039,.T.);
#4391=FACE_BOUND('',#4040,.T.);
#4392=FACE_BOUND('',#4041,.T.);
#4393=FACE_BOUND('',#4042,.T.);
#4394=FACE_BOUND('',#4043,.T.);
#4395=FACE_BOUND('',#4044,.T.);
#4396=FACE_BOUND('',#4045,.T.);
#4397=FACE_BOUND('',#4046,.T.);
#4398=FACE_BOUND('',#4047,.T.);
#4399=FACE_BOUND('',#4048,.T.);
#4400=FACE_BOUND('',#4049,.T.);
#4401=FACE_BOUND('',#4050,.T.);
#4402=FACE_BOUND('',#4051,.T.);
#4403=FACE_BOUND('',#4052,.T.);
#4404=FACE_BOUND('',#4053,.T.);
#4405=FACE_BOUND('',#4054,.T.);
#4406=FACE_BOUND('',#4055,.T.);
#4407=FACE_BOUND('',#4056,.T.);
#4408=FACE_BOUND('',#4057,.T.);
#4409=FACE_BOUND('',#4058,.T.);
#4410=FACE_BOUND('',#4059,.T.);
#4411=FACE_BOUND('',#4060,.T.);
#4412=FACE_BOUND('',#4061,.T.);
#4413=FACE_BOUND('',#4062,.T.);
#4414=FACE_BOUND('',#4063,.T.);
#4415=FACE_BOUND('',#4064,.T.);
#4416=FACE_BOUND('',#4065,.T.);
#4417=FACE_BOUND('',#4066,.T.);
#4418=FACE_BOUND('',#4067,.T.);
#4419=FACE_BOUND('',#4068,.T.);
#4420=FACE_BOUND('',#4069,.T.);
#4421=FACE_BOUND('',#4070,.T.);
#4422=FACE_BOUND('',#4071,.T.);
#4423=FACE_BOUND('',#4072,.T.);
#4424=FACE_BOUND('',#4073,.T.);
#4425=FACE_BOUND('',#4074,.T.);
#4426=FACE_BOUND('',#4075,.T.);
#4427=FACE_BOUND('',#4076,.T.);
#4428=FACE_BOUND('',#4077,.T.);
#4429=FACE_BOUND('',#4078,.T.);
#4430=FACE_BOUND('',#4079,.T.);
#4431=FACE_BOUND('',#4080,.T.);
#4432=FACE_BOUND('',#4081,.T.);
#4433=FACE_BOUND('',#4082,.T.);
#4434=FACE_BOUND('',#4083,.T.);
#4435=FACE_BOUND('',#4084,.T.);
#4436=FACE_BOUND('',#4085,.T.);
#4437=FACE_BOUND('',#4086,.T.);
#4438=FACE_BOUND('',#4087,.T.);
#4439=FACE_BOUND('',#4088,.T.);
#4440=FACE_BOUND('',#4089,.T.);
#4441=FACE_BOUND('',#4090,.T.);
#4442=FACE_BOUND('',#4091,.T.);
#4443=FACE_BOUND('',#4092,.T.);
#4444=FACE_BOUND('',#4093,.T.);
#4445=FACE_BOUND('',#4094,.T.);
#4446=FACE_BOUND('',#4095,.T.);
#4447=FACE_BOUND('',#4096,.T.);
#4448=FACE_BOUND('',#4097,.T.);
#4449=FACE_BOUND('',#4098,.T.);
#4450=FACE_BOUND('',#4099,.T.);
#4451=FACE_BOUND('',#4100,.T.);
#4452=FACE_BOUND('',#4101,.T.);
#4453=FACE_BOUND('',#4102,.T.);
#4454=FACE_BOUND('',#4103,.T.);
#4455=FACE_BOUND('',#4104,.T.);
#4456=FACE_BOUND('',#4105,.T.);
#4457=FACE_BOUND('',#4106,.T.);
#4458=FACE_BOUND('',#4107,.T.);
#4459=FACE_BOUND('',#4108,.T.);
#4460=FACE_BOUND('',#4109,.T.);
#4461=FACE_BOUND('',#4110,.T.);
#4462=FACE_BOUND('',#4111,.T.);
#4463=FACE_BOUND('',#4112,.T.);
#4464=FACE_BOUND('',#4113,.T.);
#4465=FACE_BOUND('',#4114,.T.);
#4466=FACE_BOUND('',#4115,.T.);
#4467=FACE_BOUND('',#4116,.T.);
#4468=FACE_BOUND('',#4117,.T.);
#4469=FACE_BOUND('',#4118,.T.);
#4470=FACE_BOUND('',#4119,.T.);
#4471=FACE_BOUND('',#4120,.T.);
#4472=FACE_BOUND('',#4121,.T.);
#4473=FACE_BOUND('',#4122,.T.);
#4474=FACE_BOUND('',#4123,.T.);
#4475=FACE_BOUND('',#4124,.T.);
#4476=FACE_BOUND('',#4125,.T.);
#4477=FACE_BOUND('',#4126,.T.);
#4478=FACE_BOUND('',#4127,.T.);
#4479=FACE_BOUND('',#4128,.T.);
#4480=FACE_BOUND('',#4129,.T.);
#4481=PLANE('',#5155);
#4482=PLANE('',#5156);
#4483=PLANE('',#5164);
#4484=PLANE('',#5172);
#4485=PLANE('',#5173);
#4486=PLANE('',#5179);
#4487=PLANE('',#5180);
#4488=PLANE('',#5181);
#4489=PLANE('',#5182);
#4490=PLANE('',#5183);
#4491=PLANE('',#5184);
#4492=PLANE('',#5185);
#4493=PLANE('',#5186);
#4494=PLANE('',#5187);
#4495=PLANE('',#5188);
#4496=PLANE('',#5189);
#4497=PLANE('',#5190);
#4498=PLANE('',#5191);
#4499=PLANE('',#5192);
#4500=PLANE('',#5193);
#4501=PLANE('',#5194);
#4502=PLANE('',#5195);
#4503=PLANE('',#5196);
#4504=PLANE('',#5198);
#4505=PLANE('',#5200);
#4506=PLANE('',#5201);
#4507=PLANE('',#5202);
#4508=PLANE('',#5204);
#4509=PLANE('',#5205);
#4510=PLANE('',#5206);
#4511=PLANE('',#5207);
#4512=PLANE('',#5210);
#4513=PLANE('',#5211);
#4514=PLANE('',#5212);
#4515=PLANE('',#5213);
#4516=PLANE('',#5214);
#4517=PLANE('',#5215);
#4518=PLANE('',#5216);
#4519=PLANE('',#5217);
#4520=PLANE('',#5218);
#4521=PLANE('',#5219);
#4522=PLANE('',#5220);
#4523=PLANE('',#5222);
#4524=PLANE('',#5224);
#4525=PLANE('',#5225);
#4526=PLANE('',#5228);
#4527=PLANE('',#5235);
#4528=PLANE('',#5236);
#4529=PLANE('',#5237);
#4530=PLANE('',#5238);
#4531=PLANE('',#5239);
#4532=PLANE('',#5240);
#4533=PLANE('',#5241);
#4534=PLANE('',#5245);
#4535=PLANE('',#5246);
#4536=PLANE('',#5248);
#4537=PLANE('',#5250);
#4538=PLANE('',#5252);
#4539=PLANE('',#5253);
#4540=PLANE('',#5254);
#4541=PLANE('',#5255);
#4542=PLANE('',#5256);
#4543=PLANE('',#5257);
#4544=PLANE('',#5258);
#4545=PLANE('',#5259);
#4546=PLANE('',#5263);
#4547=PLANE('',#5265);
#4548=PLANE('',#5266);
#4549=PLANE('',#5267);
#4550=PLANE('',#5268);
#4551=PLANE('',#5269);
#4552=PLANE('',#5275);
#4553=PLANE('',#5276);
#4554=PLANE('',#5277);
#4555=PLANE('',#5278);
#4556=PLANE('',#5279);
#4557=PLANE('',#5280);
#4558=PLANE('',#5281);
#4559=PLANE('',#5282);
#4560=PLANE('',#5284);
#4561=PLANE('',#5286);
#4562=PLANE('',#5288);
#4563=PLANE('',#5289);
#4564=PLANE('',#5290);
#4565=PLANE('',#5291);
#4566=PLANE('',#5292);
#4567=PLANE('',#5293);
#4568=PLANE('',#5294);
#4569=PLANE('',#5295);
#4570=PLANE('',#5299);
#4571=PLANE('',#5301);
#4572=PLANE('',#5302);
#4573=PLANE('',#5303);
#4574=PLANE('',#5304);
#4575=PLANE('',#5305);
#4576=PLANE('',#5311);
#4577=PLANE('',#5312);
#4578=PLANE('',#5315);
#4579=PLANE('',#5316);
#4580=PLANE('',#5317);
#4581=PLANE('',#5318);
#4582=PLANE('',#5319);
#4583=PLANE('',#5320);
#4584=PLANE('',#5321);
#4585=PLANE('',#5322);
#4586=PLANE('',#5323);
#4587=PLANE('',#5324);
#4588=PLANE('',#5325);
#4589=PLANE('',#5326);
#4590=PLANE('',#5327);
#4591=PLANE('',#5328);
#4592=PLANE('',#5329);
#4593=PLANE('',#5330);
#4594=PLANE('',#5331);
#4595=PLANE('',#5332);
#4596=PLANE('',#5335);
#4597=PLANE('',#5336);
#4598=PLANE('',#5337);
#4599=PLANE('',#5338);
#4600=PLANE('',#5339);
#4601=PLANE('',#5340);
#4602=PLANE('',#5341);
#4603=PLANE('',#5342);
#4604=PLANE('',#5343);
#4605=PLANE('',#5344);
#4606=PLANE('',#5347);
#4607=PLANE('',#5348);
#4608=PLANE('',#5349);
#4609=PLANE('',#5350);
#4610=PLANE('',#5351);
#4611=PLANE('',#5352);
#4612=PLANE('',#5353);
#4613=PLANE('',#5354);
#4614=PLANE('',#5356);
#4615=PLANE('',#5361);
#4616=PLANE('',#5362);
#4617=PLANE('',#5363);
#4618=PLANE('',#5364);
#4619=PLANE('',#5365);
#4620=PLANE('',#5366);
#4621=PLANE('',#5367);
#4622=PLANE('',#5368);
#4623=PLANE('',#5370);
#4624=PLANE('',#5371);
#4625=PLANE('',#5372);
#4626=PLANE('',#5373);
#4627=PLANE('',#5374);
#4628=PLANE('',#5379);
#4629=PLANE('',#5380);
#4630=PLANE('',#5381);
#4631=PLANE('',#5382);
#4632=PLANE('',#5383);
#4633=PLANE('',#5384);
#4634=PLANE('',#5385);
#4635=PLANE('',#5386);
#4636=PLANE('',#5387);
#4637=PLANE('',#5388);
#4638=PLANE('',#5389);
#4639=PLANE('',#5390);
#4640=PLANE('',#5391);
#4641=PLANE('',#5392);
#4642=PLANE('',#5393);
#4643=PLANE('',#5394);
#4644=PLANE('',#5395);
#4645=PLANE('',#5396);
#4646=PLANE('',#5397);
#4647=PLANE('',#5398);
#4648=PLANE('',#5399);
#4649=PLANE('',#5400);
#4650=PLANE('',#5401);
#4651=PLANE('',#5402);
#4652=PLANE('',#5403);
#4653=PLANE('',#5404);
#4654=PLANE('',#5405);
#4655=PLANE('',#5406);
#4656=PLANE('',#5407);
#4657=PLANE('',#5408);
#4658=PLANE('',#5409);
#4659=PLANE('',#5410);
#4660=PLANE('',#5411);
#4661=PLANE('',#5412);
#4662=PLANE('',#5413);
#4663=PLANE('',#5414);
#4664=PLANE('',#5415);
#4665=PLANE('',#5416);
#4666=PLANE('',#5418);
#4667=PLANE('',#5419);
#4668=PLANE('',#5420);
#4669=PLANE('',#5421);
#4670=PLANE('',#5422);
#4671=PLANE('',#5427);
#4672=PLANE('',#5437);
#4673=PLANE('',#5438);
#4674=PLANE('',#5439);
#4675=PLANE('',#5440);
#4676=PLANE('',#5441);
#4677=PLANE('',#5443);
#4678=PLANE('',#5445);
#4679=PLANE('',#5446);
#4680=PLANE('',#5447);
#4681=PLANE('',#5449);
#4682=PLANE('',#5450);
#4683=PLANE('',#5452);
#4684=PLANE('',#5453);
#4685=PLANE('',#5454);
#4686=PLANE('',#5455);
#4687=PLANE('',#5457);
#4688=PLANE('',#5458);
#4689=PLANE('',#5459);
#4690=PLANE('',#5460);
#4691=PLANE('',#5461);
#4692=PLANE('',#5462);
#4693=PLANE('',#5463);
#4694=PLANE('',#5464);
#4695=PLANE('',#5465);
#4696=PLANE('',#5466);
#4697=PLANE('',#5467);
#4698=PLANE('',#5468);
#4699=PLANE('',#5469);
#4700=PLANE('',#5470);
#4701=PLANE('',#5471);
#4702=PLANE('',#5472);
#4703=PLANE('',#5473);
#4704=PLANE('',#5474);
#4705=PLANE('',#5477);
#4706=PLANE('',#5478);
#4707=PLANE('',#5479);
#4708=PLANE('',#5480);
#4709=PLANE('',#5481);
#4710=PLANE('',#5482);
#4711=PLANE('',#5483);
#4712=PLANE('',#5484);
#4713=PLANE('',#5485);
#4714=PLANE('',#5486);
#4715=PLANE('',#5487);
#4716=PLANE('',#5488);
#4717=PLANE('',#5489);
#4718=PLANE('',#5494);
#4719=PLANE('',#5495);
#4720=PLANE('',#5496);
#4721=PLANE('',#5497);
#4722=PLANE('',#5498);
#4723=PLANE('',#5499);
#4724=PLANE('',#5500);
#4725=PLANE('',#5501);
#4726=PLANE('',#5502);
#4727=PLANE('',#5503);
#4728=ADVANCED_FACE('',(#4130),#4481,.F.);
#4729=ADVANCED_FACE('',(#4131,#4132,#4133,#4134,#4135),#4482,.F.);
#4730=ADVANCED_FACE('',(#4136),#94,.T.);
#4731=ADVANCED_FACE('',(#4137,#4138,#4139,#4140,#4141),#4483,.T.);
#4732=ADVANCED_FACE('',(#4142,#4143),#95,.F.);
#4733=ADVANCED_FACE('',(#4144,#4145),#4484,.T.);
#4734=ADVANCED_FACE('',(#4146,#4147),#4485,.F.);
#4735=ADVANCED_FACE('',(#4148,#4149),#96,.F.);
#4736=ADVANCED_FACE('',(#4150,#4151),#97,.F.);
#4737=ADVANCED_FACE('',(#4152,#4153),#98,.F.);
#4738=ADVANCED_FACE('',(#4154,#4155),#99,.F.);
#4739=ADVANCED_FACE('',(#4156,#4157),#4486,.T.);
#4740=ADVANCED_FACE('',(#4158,#4159),#4487,.F.);
#4741=ADVANCED_FACE('',(#4160),#4488,.T.);
#4742=ADVANCED_FACE('',(#4161),#4489,.F.);
#4743=ADVANCED_FACE('',(#4162),#4490,.F.);
#4744=ADVANCED_FACE('',(#4163),#4491,.T.);
#4745=ADVANCED_FACE('',(#4164),#4492,.F.);
#4746=ADVANCED_FACE('',(#4165),#4493,.F.);
#4747=ADVANCED_FACE('',(#4166),#4494,.T.);
#4748=ADVANCED_FACE('',(#4167),#4495,.T.);
#4749=ADVANCED_FACE('',(#4168),#4496,.F.);
#4750=ADVANCED_FACE('',(#4169),#4497,.F.);
#4751=ADVANCED_FACE('',(#4170),#4498,.T.);
#4752=ADVANCED_FACE('',(#4171),#4499,.T.);
#4753=ADVANCED_FACE('',(#4172),#4500,.T.);
#4754=ADVANCED_FACE('',(#4173),#4501,.F.);
#4755=ADVANCED_FACE('',(#4174),#4502,.F.);
#4756=ADVANCED_FACE('',(#4175),#4503,.F.);
#4757=ADVANCED_FACE('',(#4176,#4177),#4504,.F.);
#4758=ADVANCED_FACE('',(#4178),#4505,.F.);
#4759=ADVANCED_FACE('',(#4179),#4506,.F.);
#4760=ADVANCED_FACE('',(#4180,#4181),#4507,.F.);
#4761=ADVANCED_FACE('',(#4182),#4508,.F.);
#4762=ADVANCED_FACE('',(#4183),#4509,.T.);
#4763=ADVANCED_FACE('',(#4184),#4510,.T.);
#4764=ADVANCED_FACE('',(#4185),#4511,.F.);
#4765=ADVANCED_FACE('',(#4186,#4187),#100,.F.);
#4766=ADVANCED_FACE('',(#4188),#4512,.T.);
#4767=ADVANCED_FACE('',(#4189),#4513,.T.);
#4768=ADVANCED_FACE('',(#4190),#4514,.T.);
#4769=ADVANCED_FACE('',(#4191),#4515,.T.);
#4770=ADVANCED_FACE('',(#4192),#4516,.F.);
#4771=ADVANCED_FACE('',(#4193),#4517,.F.);
#4772=ADVANCED_FACE('',(#4194),#4518,.T.);
#4773=ADVANCED_FACE('',(#4195),#4519,.T.);
#4774=ADVANCED_FACE('',(#4196),#4520,.T.);
#4775=ADVANCED_FACE('',(#4197),#4521,.F.);
#4776=ADVANCED_FACE('',(#4198,#4199),#4522,.T.);
#4777=ADVANCED_FACE('',(#4200,#4201),#4523,.F.);
#4778=ADVANCED_FACE('',(#4202),#4524,.T.);
#4779=ADVANCED_FACE('',(#4203),#4525,.F.);
#4780=ADVANCED_FACE('',(#4204,#4205),#101,.F.);
#4781=ADVANCED_FACE('',(#4206,#4207),#4526,.T.);
#4782=ADVANCED_FACE('',(#4208,#4209),#102,.T.);
#4783=ADVANCED_FACE('',(#4210,#4211),#103,.F.);
#4784=ADVANCED_FACE('',(#4212,#4213),#4527,.F.);
#4785=ADVANCED_FACE('',(#4214),#4528,.T.);
#4786=ADVANCED_FACE('',(#4215),#4529,.T.);
#4787=ADVANCED_FACE('',(#4216),#4530,.T.);
#4788=ADVANCED_FACE('',(#4217),#4531,.T.);
#4789=ADVANCED_FACE('',(#4218),#4532,.T.);
#4790=ADVANCED_FACE('',(#4219),#4533,.T.);
#4791=ADVANCED_FACE('',(#4220,#4221),#104,.F.);
#4792=ADVANCED_FACE('',(#4222,#4223),#4534,.T.);
#4793=ADVANCED_FACE('',(#4224,#4225),#4535,.F.);
#4794=ADVANCED_FACE('',(#4226,#4227),#4536,.F.);
#4795=ADVANCED_FACE('',(#4228),#4537,.T.);
#4796=ADVANCED_FACE('',(#4229),#4538,.T.);
#4797=ADVANCED_FACE('',(#4230),#4539,.F.);
#4798=ADVANCED_FACE('',(#4231),#4540,.F.);
#4799=ADVANCED_FACE('',(#4232),#4541,.F.);
#4800=ADVANCED_FACE('',(#4233),#4542,.F.);
#4801=ADVANCED_FACE('',(#4234),#4543,.T.);
#4802=ADVANCED_FACE('',(#4235),#4544,.F.);
#4803=ADVANCED_FACE('',(#4236,#4237),#4545,.T.);
#4804=ADVANCED_FACE('',(#4238,#4239),#105,.F.);
#4805=ADVANCED_FACE('',(#4240,#4241),#4546,.T.);
#4806=ADVANCED_FACE('',(#4242),#4547,.T.);
#4807=ADVANCED_FACE('',(#4243),#4548,.F.);
#4808=ADVANCED_FACE('',(#4244),#4549,.F.);
#4809=ADVANCED_FACE('',(#4245),#4550,.F.);
#4810=ADVANCED_FACE('',(#4246,#4247),#4551,.T.);
#4811=ADVANCED_FACE('',(#4248,#4249),#106,.F.);
#4812=ADVANCED_FACE('',(#4250,#4251),#107,.F.);
#4813=ADVANCED_FACE('',(#4252),#4552,.T.);
#4814=ADVANCED_FACE('',(#4253),#4553,.T.);
#4815=ADVANCED_FACE('',(#4254),#4554,.T.);
#4816=ADVANCED_FACE('',(#4255),#4555,.T.);
#4817=ADVANCED_FACE('',(#4256),#4556,.T.);
#4818=ADVANCED_FACE('',(#4257),#4557,.T.);
#4819=ADVANCED_FACE('',(#4258),#4558,.F.);
#4820=ADVANCED_FACE('',(#4259),#4559,.T.);
#4821=ADVANCED_FACE('',(#4260,#4261),#4560,.F.);
#4822=ADVANCED_FACE('',(#4262),#4561,.T.);
#4823=ADVANCED_FACE('',(#4263),#4562,.T.);
#4824=ADVANCED_FACE('',(#4264),#4563,.F.);
#4825=ADVANCED_FACE('',(#4265),#4564,.F.);
#4826=ADVANCED_FACE('',(#4266),#4565,.F.);
#4827=ADVANCED_FACE('',(#4267),#4566,.F.);
#4828=ADVANCED_FACE('',(#4268),#4567,.T.);
#4829=ADVANCED_FACE('',(#4269),#4568,.F.);
#4830=ADVANCED_FACE('',(#4270,#4271),#4569,.T.);
#4831=ADVANCED_FACE('',(#4272,#4273),#108,.F.);
#4832=ADVANCED_FACE('',(#4274,#4275),#4570,.T.);
#4833=ADVANCED_FACE('',(#4276),#4571,.T.);
#4834=ADVANCED_FACE('',(#4277),#4572,.F.);
#4835=ADVANCED_FACE('',(#4278),#4573,.F.);
#4836=ADVANCED_FACE('',(#4279),#4574,.F.);
#4837=ADVANCED_FACE('',(#4280,#4281),#4575,.T.);
#4838=ADVANCED_FACE('',(#4282,#4283),#109,.F.);
#4839=ADVANCED_FACE('',(#4284,#4285),#110,.F.);
#4840=ADVANCED_FACE('',(#4286),#4576,.T.);
#4841=ADVANCED_FACE('',(#4287,#4288,#4289),#4577,.F.);
#4842=ADVANCED_FACE('',(#4290),#4578,.F.);
#4843=ADVANCED_FACE('',(#4291),#4579,.F.);
#4844=ADVANCED_FACE('',(#4292),#4580,.F.);
#4845=ADVANCED_FACE('',(#4293),#4581,.F.);
#4846=ADVANCED_FACE('',(#4294),#4582,.F.);
#4847=ADVANCED_FACE('',(#4295),#4583,.T.);
#4848=ADVANCED_FACE('',(#4296),#4584,.T.);
#4849=ADVANCED_FACE('',(#4297),#4585,.T.);
#4850=ADVANCED_FACE('',(#4298),#4586,.F.);
#4851=ADVANCED_FACE('',(#4299),#4587,.T.);
#4852=ADVANCED_FACE('',(#4300),#4588,.F.);
#4853=ADVANCED_FACE('',(#4301),#4589,.F.);
#4854=ADVANCED_FACE('',(#4302),#4590,.T.);
#4855=ADVANCED_FACE('',(#4303),#4591,.F.);
#4856=ADVANCED_FACE('',(#4304),#4592,.F.);
#4857=ADVANCED_FACE('',(#4305),#4593,.T.);
#4858=ADVANCED_FACE('',(#4306),#4594,.F.);
#4859=ADVANCED_FACE('',(#4307,#4308,#4309),#4595,.F.);
#4860=ADVANCED_FACE('',(#4310),#4596,.T.);
#4861=ADVANCED_FACE('',(#4311),#4597,.F.);
#4862=ADVANCED_FACE('',(#4312),#4598,.F.);
#4863=ADVANCED_FACE('',(#4313),#4599,.F.);
#4864=ADVANCED_FACE('',(#4314),#4600,.F.);
#4865=ADVANCED_FACE('',(#4315),#4601,.F.);
#4866=ADVANCED_FACE('',(#4316),#4602,.F.);
#4867=ADVANCED_FACE('',(#4317),#4603,.F.);
#4868=ADVANCED_FACE('',(#4318),#4604,.T.);
#4869=ADVANCED_FACE('',(#4319),#4605,.F.);
#4870=ADVANCED_FACE('',(#4320,#4321),#111,.F.);
#4871=ADVANCED_FACE('',(#4322,#4323),#112,.F.);
#4872=ADVANCED_FACE('',(#4324),#4606,.F.);
#4873=ADVANCED_FACE('',(#4325),#4607,.F.);
#4874=ADVANCED_FACE('',(#4326),#4608,.F.);
#4875=ADVANCED_FACE('',(#4327),#4609,.F.);
#4876=ADVANCED_FACE('',(#4328),#4610,.T.);
#4877=ADVANCED_FACE('',(#4329),#4611,.T.);
#4878=ADVANCED_FACE('',(#4330),#4612,.F.);
#4879=ADVANCED_FACE('',(#4331),#4613,.T.);
#4880=ADVANCED_FACE('',(#4332),#4614,.T.);
#4881=ADVANCED_FACE('',(#4333,#4334),#113,.F.);
#4882=ADVANCED_FACE('',(#4335),#4615,.F.);
#4883=ADVANCED_FACE('',(#4336),#4616,.T.);
#4884=ADVANCED_FACE('',(#4337,#4338),#4617,.F.);
#4885=ADVANCED_FACE('',(#4339),#4618,.F.);
#4886=ADVANCED_FACE('',(#4340),#4619,.F.);
#4887=ADVANCED_FACE('',(#4341),#4620,.F.);
#4888=ADVANCED_FACE('',(#4342),#4621,.T.);
#4889=ADVANCED_FACE('',(#4343),#4622,.T.);
#4890=ADVANCED_FACE('',(#4344),#4623,.T.);
#4891=ADVANCED_FACE('',(#4345),#4624,.T.);
#4892=ADVANCED_FACE('',(#4346),#4625,.T.);
#4893=ADVANCED_FACE('',(#4347),#4626,.F.);
#4894=ADVANCED_FACE('',(#4348,#4349),#4627,.T.);
#4895=ADVANCED_FACE('',(#4350,#4351),#114,.F.);
#4896=ADVANCED_FACE('',(#4352,#4353),#10,.F.);
#4897=ADVANCED_FACE('',(#4354),#4628,.F.);
#4898=ADVANCED_FACE('',(#4355),#4629,.T.);
#4899=ADVANCED_FACE('',(#4356),#4630,.T.);
#4900=ADVANCED_FACE('',(#4357),#4631,.T.);
#4901=ADVANCED_FACE('',(#4358),#4632,.T.);
#4902=ADVANCED_FACE('',(#4359),#4633,.F.);
#4903=ADVANCED_FACE('',(#4360),#4634,.T.);
#4904=ADVANCED_FACE('',(#4361),#4635,.T.);
#4905=ADVANCED_FACE('',(#4362),#4636,.T.);
#4906=ADVANCED_FACE('',(#4363),#4637,.F.);
#4907=ADVANCED_FACE('',(#4364),#4638,.F.);
#4908=ADVANCED_FACE('',(#4365),#4639,.F.);
#4909=ADVANCED_FACE('',(#4366),#4640,.F.);
#4910=ADVANCED_FACE('',(#4367),#4641,.T.);
#4911=ADVANCED_FACE('',(#4368),#4642,.F.);
#4912=ADVANCED_FACE('',(#4369),#4643,.T.);
#4913=ADVANCED_FACE('',(#4370),#4644,.T.);
#4914=ADVANCED_FACE('',(#4371),#4645,.T.);
#4915=ADVANCED_FACE('',(#4372),#4646,.T.);
#4916=ADVANCED_FACE('',(#4373),#4647,.T.);
#4917=ADVANCED_FACE('',(#4374),#4648,.F.);
#4918=ADVANCED_FACE('',(#4375),#4649,.F.);
#4919=ADVANCED_FACE('',(#4376),#4650,.T.);
#4920=ADVANCED_FACE('',(#4377),#4651,.T.);
#4921=ADVANCED_FACE('',(#4378),#4652,.F.);
#4922=ADVANCED_FACE('',(#4379),#4653,.F.);
#4923=ADVANCED_FACE('',(#4380),#4654,.T.);
#4924=ADVANCED_FACE('',(#4381),#4655,.T.);
#4925=ADVANCED_FACE('',(#4382),#4656,.T.);
#4926=ADVANCED_FACE('',(#4383),#4657,.T.);
#4927=ADVANCED_FACE('',(#4384),#4658,.T.);
#4928=ADVANCED_FACE('',(#4385),#4659,.F.);
#4929=ADVANCED_FACE('',(#4386),#4660,.F.);
#4930=ADVANCED_FACE('',(#4387),#4661,.T.);
#4931=ADVANCED_FACE('',(#4388),#4662,.T.);
#4932=ADVANCED_FACE('',(#4389),#4663,.T.);
#4933=ADVANCED_FACE('',(#4390),#4664,.T.);
#4934=ADVANCED_FACE('',(#4391),#4665,.F.);
#4935=ADVANCED_FACE('',(#4392),#4666,.T.);
#4936=ADVANCED_FACE('',(#4393),#4667,.T.);
#4937=ADVANCED_FACE('',(#4394),#4668,.T.);
#4938=ADVANCED_FACE('',(#4395),#4669,.F.);
#4939=ADVANCED_FACE('',(#4396,#4397,#4398,#4399,#4400),#4670,.T.);
#4940=ADVANCED_FACE('',(#4401,#4402,#4403,#4404,#4405),#4671,.F.);
#4941=ADVANCED_FACE('',(#4406,#4407),#115,.F.);
#4942=ADVANCED_FACE('',(#4408,#4409),#116,.F.);
#4943=ADVANCED_FACE('',(#4410,#4411),#117,.F.);
#4944=ADVANCED_FACE('',(#4412,#4413),#118,.F.);
#4945=ADVANCED_FACE('',(#4414),#4672,.T.);
#4946=ADVANCED_FACE('',(#4415),#4673,.F.);
#4947=ADVANCED_FACE('',(#4416),#4674,.F.);
#4948=ADVANCED_FACE('',(#4417),#4675,.T.);
#4949=ADVANCED_FACE('',(#4418),#4676,.F.);
#4950=ADVANCED_FACE('',(#4419),#4677,.F.);
#4951=ADVANCED_FACE('',(#4420),#4678,.T.);
#4952=ADVANCED_FACE('',(#4421),#4679,.T.);
#4953=ADVANCED_FACE('',(#4422,#4423),#4680,.T.);
#4954=ADVANCED_FACE('',(#4424),#4681,.F.);
#4955=ADVANCED_FACE('',(#4425),#4682,.T.);
#4956=ADVANCED_FACE('',(#4426,#4427),#119,.F.);
#4957=ADVANCED_FACE('',(#4428),#4683,.T.);
#4958=ADVANCED_FACE('',(#4429),#4684,.F.);
#4959=ADVANCED_FACE('',(#4430),#4685,.F.);
#4960=ADVANCED_FACE('',(#4431),#4686,.F.);
#4961=ADVANCED_FACE('',(#4432),#4687,.F.);
#4962=ADVANCED_FACE('',(#4433),#4688,.F.);
#4963=ADVANCED_FACE('',(#4434),#4689,.F.);
#4964=ADVANCED_FACE('',(#4435),#4690,.F.);
#4965=ADVANCED_FACE('',(#4436),#4691,.F.);
#4966=ADVANCED_FACE('',(#4437),#4692,.T.);
#4967=ADVANCED_FACE('',(#4438),#4693,.T.);
#4968=ADVANCED_FACE('',(#4439),#4694,.T.);
#4969=ADVANCED_FACE('',(#4440),#4695,.F.);
#4970=ADVANCED_FACE('',(#4441),#4696,.T.);
#4971=ADVANCED_FACE('',(#4442),#4697,.F.);
#4972=ADVANCED_FACE('',(#4443),#4698,.F.);
#4973=ADVANCED_FACE('',(#4444),#4699,.T.);
#4974=ADVANCED_FACE('',(#4445),#4700,.F.);
#4975=ADVANCED_FACE('',(#4446),#4701,.F.);
#4976=ADVANCED_FACE('',(#4447),#4702,.T.);
#4977=ADVANCED_FACE('',(#4448),#4703,.F.);
#4978=ADVANCED_FACE('',(#4449,#4450,#4451),#4704,.F.);
#4979=ADVANCED_FACE('',(#4452),#4705,.T.);
#4980=ADVANCED_FACE('',(#4453),#4706,.F.);
#4981=ADVANCED_FACE('',(#4454),#4707,.F.);
#4982=ADVANCED_FACE('',(#4455),#4708,.F.);
#4983=ADVANCED_FACE('',(#4456),#4709,.F.);
#4984=ADVANCED_FACE('',(#4457),#4710,.F.);
#4985=ADVANCED_FACE('',(#4458),#4711,.F.);
#4986=ADVANCED_FACE('',(#4459),#4712,.T.);
#4987=ADVANCED_FACE('',(#4460),#4713,.F.);
#4988=ADVANCED_FACE('',(#4461),#4714,.F.);
#4989=ADVANCED_FACE('',(#4462),#4715,.T.);
#4990=ADVANCED_FACE('',(#4463),#4716,.T.);
#4991=ADVANCED_FACE('',(#4464),#4717,.F.);
#4992=ADVANCED_FACE('',(#4465,#4466),#120,.F.);
#4993=ADVANCED_FACE('',(#4467,#4468),#121,.F.);
#4994=ADVANCED_FACE('',(#4469),#4718,.F.);
#4995=ADVANCED_FACE('',(#4470),#4719,.F.);
#4996=ADVANCED_FACE('',(#4471),#4720,.T.);
#4997=ADVANCED_FACE('',(#4472),#4721,.F.);
#4998=ADVANCED_FACE('',(#4473,#4474,#4475),#4722,.F.);
#4999=ADVANCED_FACE('',(#4476),#4723,.F.);
#5000=ADVANCED_FACE('',(#4477),#4724,.T.);
#5001=ADVANCED_FACE('',(#4478),#4725,.T.);
#5002=ADVANCED_FACE('',(#4479),#4726,.F.);
#5003=ADVANCED_FACE('',(#4480),#4727,.T.);
#5004=CLOSED_SHELL('',(#4728,#4729,#4730,#4731,#4732,#4733,#4734,#4735,
#4736,#4737,#4738));
#5005=CLOSED_SHELL('',(#4739,#4740,#4741,#4742,#4743,#4744,#4745,#4746,
#4747,#4748,#4749,#4750,#4751,#4752,#4753,#4754,#4755,#4756));
#5006=CLOSED_SHELL('',(#4757,#4758,#4759,#4760,#4761,#4762,#4763,#4764,
#4765));
#5007=CLOSED_SHELL('',(#4766,#4767,#4768,#4769,#4770,#4771,#4772,#4773,
#4774,#4775,#4776,#4777,#4778,#4779,#4780));
#5008=CLOSED_SHELL('',(#4781,#4782,#4783,#4784,#4785,#4786,#4787,#4788,
#4789,#4790,#4791,#4792,#4793));
#5009=CLOSED_SHELL('',(#4794,#4795,#4796,#4797,#4798,#4799,#4800,#4801,
#4802,#4803,#4804,#4805,#4806,#4807,#4808,#4809,#4810,#4811,#4812));
#5010=CLOSED_SHELL('',(#4813,#4814,#4815,#4816,#4817,#4818,#4819,#4820));
#5011=CLOSED_SHELL('',(#4821,#4822,#4823,#4824,#4825,#4826,#4827,#4828,
#4829,#4830,#4831,#4832,#4833,#4834,#4835,#4836,#4837,#4838,#4839));
#5012=CLOSED_SHELL('',(#4840,#4841,#4842,#4843,#4844,#4845,#4846,#4847,
#4848,#4849,#4850,#4851,#4852,#4853,#4854,#4855,#4856,#4857,#4858,#4859,
#4860,#4861,#4862,#4863,#4864,#4865,#4866,#4867,#4868,#4869,#4870,#4871,
#4872,#4873,#4874,#4875,#4876,#4877,#4878,#4879));
#5013=CLOSED_SHELL('',(#4880,#4881,#4882,#4883,#4884,#4885,#4886,#4887,
#4888,#4889,#4890,#4891,#4892,#4893,#4894,#4895,#4896,#4897,#4898,#4899,
#4900,#4901,#4902,#4903,#4904,#4905,#4906,#4907,#4908,#4909,#4910,#4911,
#4912,#4913,#4914,#4915,#4916,#4917,#4918,#4919,#4920,#4921,#4922,#4923,
#4924,#4925,#4926,#4927,#4928,#4929,#4930,#4931,#4932,#4933,#4934));
#5014=CLOSED_SHELL('',(#4935,#4936,#4937,#4938,#4939,#4940,#4941,#4942,
#4943,#4944));
#5015=CLOSED_SHELL('',(#4945,#4946,#4947,#4948,#4949,#4950,#4951,#4952,
#4953,#4954,#4955,#4956,#4957,#4958,#4959,#4960));
#5016=CLOSED_SHELL('',(#4961,#4962,#4963,#4964,#4965,#4966,#4967,#4968,
#4969,#4970,#4971,#4972,#4973,#4974,#4975,#4976,#4977,#4978,#4979,#4980,
#4981,#4982,#4983,#4984,#4985,#4986,#4987,#4988,#4989,#4990,#4991,#4992,
#4993,#4994,#4995,#4996,#4997,#4998,#4999,#5000,#5001,#5002,#5003));
#5017=STYLED_ITEM('',(#5030),#5115);
#5018=STYLED_ITEM('',(#5031),#5116);
#5019=STYLED_ITEM('',(#5032),#5117);
#5020=STYLED_ITEM('',(#5033),#5118);
#5021=STYLED_ITEM('',(#5034),#5119);
#5022=STYLED_ITEM('',(#5035),#5120);
#5023=STYLED_ITEM('',(#5036),#5121);
#5024=STYLED_ITEM('',(#5037),#5122);
#5025=STYLED_ITEM('',(#5038),#5123);
#5026=STYLED_ITEM('',(#5039),#5124);
#5027=STYLED_ITEM('',(#5040),#5125);
#5028=STYLED_ITEM('',(#5041),#5126);
#5029=STYLED_ITEM('',(#5042),#5127);
#5030=PRESENTATION_STYLE_ASSIGNMENT((#5043));
#5031=PRESENTATION_STYLE_ASSIGNMENT((#5044));
#5032=PRESENTATION_STYLE_ASSIGNMENT((#5045));
#5033=PRESENTATION_STYLE_ASSIGNMENT((#5046));
#5034=PRESENTATION_STYLE_ASSIGNMENT((#5047));
#5035=PRESENTATION_STYLE_ASSIGNMENT((#5048));
#5036=PRESENTATION_STYLE_ASSIGNMENT((#5049));
#5037=PRESENTATION_STYLE_ASSIGNMENT((#5050));
#5038=PRESENTATION_STYLE_ASSIGNMENT((#5051));
#5039=PRESENTATION_STYLE_ASSIGNMENT((#5052));
#5040=PRESENTATION_STYLE_ASSIGNMENT((#5053));
#5041=PRESENTATION_STYLE_ASSIGNMENT((#5054));
#5042=PRESENTATION_STYLE_ASSIGNMENT((#5055));
#5043=SURFACE_STYLE_USAGE(.BOTH.,#5056);
#5044=SURFACE_STYLE_USAGE(.BOTH.,#5057);
#5045=SURFACE_STYLE_USAGE(.BOTH.,#5058);
#5046=SURFACE_STYLE_USAGE(.BOTH.,#5059);
#5047=SURFACE_STYLE_USAGE(.BOTH.,#5060);
#5048=SURFACE_STYLE_USAGE(.BOTH.,#5061);
#5049=SURFACE_STYLE_USAGE(.BOTH.,#5062);
#5050=SURFACE_STYLE_USAGE(.BOTH.,#5063);
#5051=SURFACE_STYLE_USAGE(.BOTH.,#5064);
#5052=SURFACE_STYLE_USAGE(.BOTH.,#5065);
#5053=SURFACE_STYLE_USAGE(.BOTH.,#5066);
#5054=SURFACE_STYLE_USAGE(.BOTH.,#5067);
#5055=SURFACE_STYLE_USAGE(.BOTH.,#5068);
#5056=SURFACE_SIDE_STYLE('',(#5069));
#5057=SURFACE_SIDE_STYLE('',(#5070));
#5058=SURFACE_SIDE_STYLE('',(#5071));
#5059=SURFACE_SIDE_STYLE('',(#5072));
#5060=SURFACE_SIDE_STYLE('',(#5073));
#5061=SURFACE_SIDE_STYLE('',(#5074));
#5062=SURFACE_SIDE_STYLE('',(#5075));
#5063=SURFACE_SIDE_STYLE('',(#5076));
#5064=SURFACE_SIDE_STYLE('',(#5077));
#5065=SURFACE_SIDE_STYLE('',(#5078));
#5066=SURFACE_SIDE_STYLE('',(#5079));
#5067=SURFACE_SIDE_STYLE('',(#5080));
#5068=SURFACE_SIDE_STYLE('',(#5081));
#5069=SURFACE_STYLE_FILL_AREA(#5082);
#5070=SURFACE_STYLE_FILL_AREA(#5083);
#5071=SURFACE_STYLE_FILL_AREA(#5084);
#5072=SURFACE_STYLE_FILL_AREA(#5085);
#5073=SURFACE_STYLE_FILL_AREA(#5086);
#5074=SURFACE_STYLE_FILL_AREA(#5087);
#5075=SURFACE_STYLE_FILL_AREA(#5088);
#5076=SURFACE_STYLE_FILL_AREA(#5089);
#5077=SURFACE_STYLE_FILL_AREA(#5090);
#5078=SURFACE_STYLE_FILL_AREA(#5091);
#5079=SURFACE_STYLE_FILL_AREA(#5092);
#5080=SURFACE_STYLE_FILL_AREA(#5093);
#5081=SURFACE_STYLE_FILL_AREA(#5094);
#5082=FILL_AREA_STYLE('',(#5095));
#5083=FILL_AREA_STYLE('',(#5096));
#5084=FILL_AREA_STYLE('',(#5097));
#5085=FILL_AREA_STYLE('',(#5098));
#5086=FILL_AREA_STYLE('',(#5099));
#5087=FILL_AREA_STYLE('',(#5100));
#5088=FILL_AREA_STYLE('',(#5101));
#5089=FILL_AREA_STYLE('',(#5102));
#5090=FILL_AREA_STYLE('',(#5103));
#5091=FILL_AREA_STYLE('',(#5104));
#5092=FILL_AREA_STYLE('',(#5105));
#5093=FILL_AREA_STYLE('',(#5106));
#5094=FILL_AREA_STYLE('',(#5107));
#5095=FILL_AREA_STYLE_COLOUR('',#5108);
#5096=FILL_AREA_STYLE_COLOUR('',#5109);
#5097=FILL_AREA_STYLE_COLOUR('',#5110);
#5098=FILL_AREA_STYLE_COLOUR('',#5111);
#5099=FILL_AREA_STYLE_COLOUR('',#5112);
#5100=FILL_AREA_STYLE_COLOUR('',#5113);
#5101=FILL_AREA_STYLE_COLOUR('',#5113);
#5102=FILL_AREA_STYLE_COLOUR('',#5113);
#5103=FILL_AREA_STYLE_COLOUR('',#5111);
#5104=FILL_AREA_STYLE_COLOUR('',#5112);
#5105=FILL_AREA_STYLE_COLOUR('',#5114);
#5106=FILL_AREA_STYLE_COLOUR('',#5109);
#5107=FILL_AREA_STYLE_COLOUR('',#5111);
#5108=COLOUR_RGB('',0.768627450980392,0.886274509803922,0.952941176470588);
#5109=COLOUR_RGB('',0.647058823529412,0.647058823529412,0.647058823529412);
#5110=COLOUR_RGB('',0.498039215686275,0.498039215686275,0.498039215686275);
#5111=COLOUR_RGB('',0.615686274509804,0.811764705882353,0.929411764705882);
#5112=COLOUR_RGB('',0.231372549019608,0.380392156862745,0.705882352941177);
#5113=COLOUR_RGB('',0.917647058823529,0.917647058823529,0.917647058823529);
#5114=COLOUR_RGB('',0.972549019607843,0.529411764705882,0.00392156862745098);
#5115=MANIFOLD_SOLID_BREP('charni\X\E8re2',#5004);
#5116=MANIFOLD_SOLID_BREP('cornerspacer',#5005);
#5117=MANIFOLD_SOLID_BREP('Part 7',#5006);
#5118=MANIFOLD_SOLID_BREP('BITOUNIOU',#5007);
#5119=MANIFOLD_SOLID_BREP('Part 20',#5008);
#5120=MANIFOLD_SOLID_BREP('Part 12',#5009);
#5121=MANIFOLD_SOLID_BREP('hexnut',#5010);
#5122=MANIFOLD_SOLID_BREP('carni\X\E8re1',#5011);
#5123=MANIFOLD_SOLID_BREP('cornerhaut cot\X\E9 porte',#5012);
#5124=MANIFOLD_SOLID_BREP('bitouniouplaque',#5013);
#5125=MANIFOLD_SOLID_BREP('counterblock',#5014);
#5126=MANIFOLD_SOLID_BREP('RAIL FIXER',#5015);
#5127=MANIFOLD_SOLID_BREP('cornerhautback',#5016);
#5128=SHAPE_DEFINITION_REPRESENTATION(#8287,#5141);
#5129=SHAPE_DEFINITION_REPRESENTATION(#8288,#5142);
#5130=SHAPE_DEFINITION_REPRESENTATION(#8289,#5143);
#5131=SHAPE_DEFINITION_REPRESENTATION(#8290,#5144);
#5132=SHAPE_DEFINITION_REPRESENTATION(#8291,#5145);
#5133=SHAPE_DEFINITION_REPRESENTATION(#8292,#5146);
#5134=SHAPE_DEFINITION_REPRESENTATION(#8293,#5147);
#5135=SHAPE_DEFINITION_REPRESENTATION(#8294,#5148);
#5136=SHAPE_DEFINITION_REPRESENTATION(#8295,#5149);
#5137=SHAPE_DEFINITION_REPRESENTATION(#8296,#5150);
#5138=SHAPE_DEFINITION_REPRESENTATION(#8297,#5151);
#5139=SHAPE_DEFINITION_REPRESENTATION(#8298,#5152);
#5140=SHAPE_DEFINITION_REPRESENTATION(#8299,#5153);
#5141=SHAPE_REPRESENTATION('charni\X2\FFFD\X0\re2',(#5154),#8222);
#5142=SHAPE_REPRESENTATION('cornerspacer',(#5178),#8223);
#5143=SHAPE_REPRESENTATION('Part 7',(#5197),#8224);
#5144=SHAPE_REPRESENTATION('BITOUNIOU',(#5209),#8225);
#5145=SHAPE_REPRESENTATION('Part 20',(#5227),#8226);
#5146=SHAPE_REPRESENTATION('Part 12',(#5247),#8227);
#5147=SHAPE_REPRESENTATION('hexnut',(#5274),#8228);
#5148=SHAPE_REPRESENTATION('carni\X2\FFFD\X0\re1',(#5283),#8229);
#5149=SHAPE_REPRESENTATION('cornerhaut cot\X2\FFFD\X0\ porte',(#5310),#8230);
#5150=SHAPE_REPRESENTATION('bitouniouplaque',(#5355),#8231);
#5151=SHAPE_REPRESENTATION('counterblock',(#5417),#8232);
#5152=SHAPE_REPRESENTATION('RAIL FIXER',(#5436),#8233);
#5153=SHAPE_REPRESENTATION('cornerhautback',(#5456),#8234);
#5154=AXIS2_PLACEMENT_3D('',#6809,#5504,#5505);
#5155=AXIS2_PLACEMENT_3D('',#6810,#5506,#5507);
#5156=AXIS2_PLACEMENT_3D('',#6819,#5512,#5513);
#5157=AXIS2_PLACEMENT_3D('',#6820,#5514,#5515);
#5158=AXIS2_PLACEMENT_3D('',#6822,#5516,#5517);
#5159=AXIS2_PLACEMENT_3D('',#6824,#5518,#5519);
#5160=AXIS2_PLACEMENT_3D('',#6826,#5520,#5521);
#5161=AXIS2_PLACEMENT_3D('',#6833,#5525,#5526);
#5162=AXIS2_PLACEMENT_3D('',#6834,#5527,#5528);
#5163=AXIS2_PLACEMENT_3D('',#6838,#5530,#5531);
#5164=AXIS2_PLACEMENT_3D('',#6839,#5532,#5533);
#5165=AXIS2_PLACEMENT_3D('',#6840,#5534,#5535);
#5166=AXIS2_PLACEMENT_3D('',#6842,#5536,#5537);
#5167=AXIS2_PLACEMENT_3D('',#6844,#5538,#5539);
#5168=AXIS2_PLACEMENT_3D('',#6846,#5540,#5541);
#5169=AXIS2_PLACEMENT_3D('',#6850,#5544,#5545);
#5170=AXIS2_PLACEMENT_3D('',#6851,#5546,#5547);
#5171=AXIS2_PLACEMENT_3D('',#6853,#5548,#5549);
#5172=AXIS2_PLACEMENT_3D('',#6855,#5550,#5551);
#5173=AXIS2_PLACEMENT_3D('',#6856,#5552,#5553);
#5174=AXIS2_PLACEMENT_3D('',#6857,#5554,#5555);
#5175=AXIS2_PLACEMENT_3D('',#6858,#5556,#5557);
#5176=AXIS2_PLACEMENT_3D('',#6859,#5558,#5559);
#5177=AXIS2_PLACEMENT_3D('',#6860,#5560,#5561);
#5178=AXIS2_PLACEMENT_3D('',#6861,#5562,#5563);
#5179=AXIS2_PLACEMENT_3D('',#6862,#5564,#5565);
#5180=AXIS2_PLACEMENT_3D('',#6895,#5582,#5583);
#5181=AXIS2_PLACEMENT_3D('',#6928,#5600,#5601);
#5182=AXIS2_PLACEMENT_3D('',#6931,#5604,#5605);
#5183=AXIS2_PLACEMENT_3D('',#6934,#5608,#5609);
#5184=AXIS2_PLACEMENT_3D('',#6936,#5611,#5612);
#5185=AXIS2_PLACEMENT_3D('',#6939,#5615,#5616);
#5186=AXIS2_PLACEMENT_3D('',#6942,#5619,#5620);
#5187=AXIS2_PLACEMENT_3D('',#6944,#5622,#5623);
#5188=AXIS2_PLACEMENT_3D('',#6946,#5625,#5626);
#5189=AXIS2_PLACEMENT_3D('',#6948,#5628,#5629);
#5190=AXIS2_PLACEMENT_3D('',#6949,#5630,#5631);
#5191=AXIS2_PLACEMENT_3D('',#6950,#5632,#5633);
#5192=AXIS2_PLACEMENT_3D('',#6951,#5634,#5635);
#5193=AXIS2_PLACEMENT_3D('',#6952,#5636,#5637);
#5194=AXIS2_PLACEMENT_3D('',#6955,#5640,#5641);
#5195=AXIS2_PLACEMENT_3D('',#6957,#5643,#5644);
#5196=AXIS2_PLACEMENT_3D('',#6959,#5646,#5647);
#5197=AXIS2_PLACEMENT_3D('',#6960,#5648,#5649);
#5198=AXIS2_PLACEMENT_3D('',#6961,#5650,#5651);
#5199=AXIS2_PLACEMENT_3D('',#6962,#5652,#5653);
#5200=AXIS2_PLACEMENT_3D('',#6972,#5658,#5659);
#5201=AXIS2_PLACEMENT_3D('',#6978,#5663,#5664);
#5202=AXIS2_PLACEMENT_3D('',#6984,#5668,#5669);
#5203=AXIS2_PLACEMENT_3D('',#6985,#5670,#5671);
#5204=AXIS2_PLACEMENT_3D('',#6992,#5675,#5676);
#5205=AXIS2_PLACEMENT_3D('',#6998,#5680,#5681);
#5206=AXIS2_PLACEMENT_3D('',#7001,#5684,#5685);
#5207=AXIS2_PLACEMENT_3D('',#7002,#5686,#5687);
#5208=AXIS2_PLACEMENT_3D('',#7003,#5688,#5689);
#5209=AXIS2_PLACEMENT_3D('',#7004,#5690,#5691);
#5210=AXIS2_PLACEMENT_3D('',#7005,#5692,#5693);
#5211=AXIS2_PLACEMENT_3D('',#7026,#5704,#5705);
#5212=AXIS2_PLACEMENT_3D('',#7047,#5716,#5717);
#5213=AXIS2_PLACEMENT_3D('',#7056,#5722,#5723);
#5214=AXIS2_PLACEMENT_3D('',#7059,#5726,#5727);
#5215=AXIS2_PLACEMENT_3D('',#7065,#5731,#5732);
#5216=AXIS2_PLACEMENT_3D('',#7068,#5735,#5736);
#5217=AXIS2_PLACEMENT_3D('',#7070,#5738,#5739);
#5218=AXIS2_PLACEMENT_3D('',#7076,#5743,#5744);
#5219=AXIS2_PLACEMENT_3D('',#7079,#5747,#5748);
#5220=AXIS2_PLACEMENT_3D('',#7081,#5750,#5751);
#5221=AXIS2_PLACEMENT_3D('',#7082,#5752,#5753);
#5222=AXIS2_PLACEMENT_3D('',#7086,#5756,#5757);
#5223=AXIS2_PLACEMENT_3D('',#7087,#5758,#5759);
#5224=AXIS2_PLACEMENT_3D('',#7089,#5760,#5761);
#5225=AXIS2_PLACEMENT_3D('',#7090,#5762,#5763);
#5226=AXIS2_PLACEMENT_3D('',#7091,#5764,#5765);
#5227=AXIS2_PLACEMENT_3D('',#7092,#5766,#5767);
#5228=AXIS2_PLACEMENT_3D('',#7093,#5768,#5769);
#5229=AXIS2_PLACEMENT_3D('',#7094,#5770,#5771);
#5230=AXIS2_PLACEMENT_3D('',#7108,#5778,#5779);
#5231=AXIS2_PLACEMENT_3D('',#7109,#5780,#5781);
#5232=AXIS2_PLACEMENT_3D('',#7111,#5782,#5783);
#5233=AXIS2_PLACEMENT_3D('',#7113,#5784,#5785);
#5234=AXIS2_PLACEMENT_3D('',#7114,#5786,#5787);
#5235=AXIS2_PLACEMENT_3D('',#7116,#5788,#5789);
#5236=AXIS2_PLACEMENT_3D('',#7117,#5790,#5791);
#5237=AXIS2_PLACEMENT_3D('',#7123,#5795,#5796);
#5238=AXIS2_PLACEMENT_3D('',#7127,#5799,#5800);
#5239=AXIS2_PLACEMENT_3D('',#7131,#5803,#5804);
#5240=AXIS2_PLACEMENT_3D('',#7135,#5807,#5808);
#5241=AXIS2_PLACEMENT_3D('',#7139,#5811,#5812);
#5242=AXIS2_PLACEMENT_3D('',#7141,#5814,#5815);
#5243=AXIS2_PLACEMENT_3D('',#7142,#5816,#5817);
#5244=AXIS2_PLACEMENT_3D('',#7144,#5818,#5819);
#5245=AXIS2_PLACEMENT_3D('',#7146,#5820,#5821);
#5246=AXIS2_PLACEMENT_3D('',#7147,#5822,#5823);
#5247=AXIS2_PLACEMENT_3D('',#7148,#5824,#5825);
#5248=AXIS2_PLACEMENT_3D('',#7149,#5826,#5827);
#5249=AXIS2_PLACEMENT_3D('',#7150,#5828,#5829);
#5250=AXIS2_PLACEMENT_3D('',#7166,#5837,#5838);
#5251=AXIS2_PLACEMENT_3D('',#7176,#5843,#5844);
#5252=AXIS2_PLACEMENT_3D('',#7179,#5846,#5847);
#5253=AXIS2_PLACEMENT_3D('',#7190,#5854,#5855);
#5254=AXIS2_PLACEMENT_3D('',#7192,#5857,#5858);
#5255=AXIS2_PLACEMENT_3D('',#7194,#5860,#5861);
#5256=AXIS2_PLACEMENT_3D('',#7200,#5865,#5866);
#5257=AXIS2_PLACEMENT_3D('',#7204,#5869,#5870);
#5258=AXIS2_PLACEMENT_3D('',#7208,#5873,#5874);
#5259=AXIS2_PLACEMENT_3D('',#7216,#5879,#5880);
#5260=AXIS2_PLACEMENT_3D('',#7217,#5881,#5882);
#5261=AXIS2_PLACEMENT_3D('',#7221,#5885,#5886);
#5262=AXIS2_PLACEMENT_3D('',#7222,#5887,#5888);
#5263=AXIS2_PLACEMENT_3D('',#7223,#5889,#5890);
#5264=AXIS2_PLACEMENT_3D('',#7224,#5891,#5892);
#5265=AXIS2_PLACEMENT_3D('',#7228,#5895,#5896);
#5266=AXIS2_PLACEMENT_3D('',#7229,#5897,#5898);
#5267=AXIS2_PLACEMENT_3D('',#7230,#5899,#5900);
#5268=AXIS2_PLACEMENT_3D('',#7232,#5902,#5903);
#5269=AXIS2_PLACEMENT_3D('',#7233,#5904,#5905);
#5270=AXIS2_PLACEMENT_3D('',#7234,#5906,#5907);
#5271=AXIS2_PLACEMENT_3D('',#7236,#5908,#5909);
#5272=AXIS2_PLACEMENT_3D('',#7238,#5910,#5911);
#5273=AXIS2_PLACEMENT_3D('',#7239,#5912,#5913);
#5274=AXIS2_PLACEMENT_3D('',#7240,#5914,#5915);
#5275=AXIS2_PLACEMENT_3D('',#7241,#5916,#5917);
#5276=AXIS2_PLACEMENT_3D('',#7250,#5922,#5923);
#5277=AXIS2_PLACEMENT_3D('',#7256,#5927,#5928);
#5278=AXIS2_PLACEMENT_3D('',#7262,#5932,#5933);
#5279=AXIS2_PLACEMENT_3D('',#7268,#5937,#5938);
#5280=AXIS2_PLACEMENT_3D('',#7274,#5942,#5943);
#5281=AXIS2_PLACEMENT_3D('',#7277,#5946,#5947);
#5282=AXIS2_PLACEMENT_3D('',#7278,#5948,#5949);
#5283=AXIS2_PLACEMENT_3D('',#7279,#5950,#5951);
#5284=AXIS2_PLACEMENT_3D('',#7280,#5952,#5953);
#5285=AXIS2_PLACEMENT_3D('',#7281,#5954,#5955);
#5286=AXIS2_PLACEMENT_3D('',#7297,#5963,#5964);
#5287=AXIS2_PLACEMENT_3D('',#7303,#5967,#5968);
#5288=AXIS2_PLACEMENT_3D('',#7310,#5972,#5973);
#5289=AXIS2_PLACEMENT_3D('',#7321,#5980,#5981);
#5290=AXIS2_PLACEMENT_3D('',#7323,#5983,#5984);
#5291=AXIS2_PLACEMENT_3D('',#7325,#5986,#5987);
#5292=AXIS2_PLACEMENT_3D('',#7331,#5991,#5992);
#5293=AXIS2_PLACEMENT_3D('',#7335,#5995,#5996);
#5294=AXIS2_PLACEMENT_3D('',#7339,#5999,#6000);
#5295=AXIS2_PLACEMENT_3D('',#7347,#6005,#6006);
#5296=AXIS2_PLACEMENT_3D('',#7348,#6007,#6008);
#5297=AXIS2_PLACEMENT_3D('',#7352,#6011,#6012);
#5298=AXIS2_PLACEMENT_3D('',#7353,#6013,#6014);
#5299=AXIS2_PLACEMENT_3D('',#7354,#6015,#6016);
#5300=AXIS2_PLACEMENT_3D('',#7355,#6017,#6018);
#5301=AXIS2_PLACEMENT_3D('',#7359,#6021,#6022);
#5302=AXIS2_PLACEMENT_3D('',#7360,#6023,#6024);
#5303=AXIS2_PLACEMENT_3D('',#7361,#6025,#6026);
#5304=AXIS2_PLACEMENT_3D('',#7363,#6028,#6029);
#5305=AXIS2_PLACEMENT_3D('',#7364,#6030,#6031);
#5306=AXIS2_PLACEMENT_3D('',#7365,#6032,#6033);
#5307=AXIS2_PLACEMENT_3D('',#7367,#6034,#6035);
#5308=AXIS2_PLACEMENT_3D('',#7369,#6036,#6037);
#5309=AXIS2_PLACEMENT_3D('',#7370,#6038,#6039);
#5310=AXIS2_PLACEMENT_3D('',#7371,#6040,#6041);
#5311=AXIS2_PLACEMENT_3D('',#7372,#6042,#6043);
#5312=AXIS2_PLACEMENT_3D('',#7401,#6058,#6059);
#5313=AXIS2_PLACEMENT_3D('',#7402,#6060,#6061);
#5314=AXIS2_PLACEMENT_3D('',#7404,#6062,#6063);
#5315=AXIS2_PLACEMENT_3D('',#7430,#6076,#6077);
#5316=AXIS2_PLACEMENT_3D('',#7439,#6083,#6084);
#5317=AXIS2_PLACEMENT_3D('',#7445,#6088,#6089);
#5318=AXIS2_PLACEMENT_3D('',#7454,#6094,#6095);
#5319=AXIS2_PLACEMENT_3D('',#7469,#6103,#6104);
#5320=AXIS2_PLACEMENT_3D('',#7473,#6108,#6109);
#5321=AXIS2_PLACEMENT_3D('',#7480,#6114,#6115);
#5322=AXIS2_PLACEMENT_3D('',#7486,#6119,#6120);
#5323=AXIS2_PLACEMENT_3D('',#7493,#6125,#6126);
#5324=AXIS2_PLACEMENT_3D('',#7499,#6130,#6131);
#5325=AXIS2_PLACEMENT_3D('',#7507,#6136,#6137);
#5326=AXIS2_PLACEMENT_3D('',#7513,#6141,#6142);
#5327=AXIS2_PLACEMENT_3D('',#7522,#6148,#6149);
#5328=AXIS2_PLACEMENT_3D('',#7528,#6153,#6154);
#5329=AXIS2_PLACEMENT_3D('',#7535,#6159,#6160);
#5330=AXIS2_PLACEMENT_3D('',#7541,#6164,#6165);
#5331=AXIS2_PLACEMENT_3D('',#7548,#6170,#6171);
#5332=AXIS2_PLACEMENT_3D('',#7554,#6175,#6176);
#5333=AXIS2_PLACEMENT_3D('',#7560,#6181,#6182);
#5334=AXIS2_PLACEMENT_3D('',#7562,#6183,#6184);
#5335=AXIS2_PLACEMENT_3D('',#7564,#6185,#6186);
#5336=AXIS2_PLACEMENT_3D('',#7565,#6187,#6188);
#5337=AXIS2_PLACEMENT_3D('',#7566,#6189,#6190);
#5338=AXIS2_PLACEMENT_3D('',#7567,#6191,#6192);
#5339=AXIS2_PLACEMENT_3D('',#7571,#6195,#6196);
#5340=AXIS2_PLACEMENT_3D('',#7575,#6199,#6200);
#5341=AXIS2_PLACEMENT_3D('',#7580,#6204,#6205);
#5342=AXIS2_PLACEMENT_3D('',#7582,#6207,#6208);
#5343=AXIS2_PLACEMENT_3D('',#7584,#6210,#6211);
#5344=AXIS2_PLACEMENT_3D('',#7585,#6212,#6213);
#5345=AXIS2_PLACEMENT_3D('',#7586,#6214,#6215);
#5346=AXIS2_PLACEMENT_3D('',#7587,#6216,#6217);
#5347=AXIS2_PLACEMENT_3D('',#7588,#6218,#6219);
#5348=AXIS2_PLACEMENT_3D('',#7589,#6220,#6221);
#5349=AXIS2_PLACEMENT_3D('',#7590,#6222,#6223);
#5350=AXIS2_PLACEMENT_3D('',#7591,#6224,#6225);
#5351=AXIS2_PLACEMENT_3D('',#7593,#6227,#6228);
#5352=AXIS2_PLACEMENT_3D('',#7599,#6232,#6233);
#5353=AXIS2_PLACEMENT_3D('',#7601,#6235,#6236);
#5354=AXIS2_PLACEMENT_3D('',#7603,#6238,#6239);
#5355=AXIS2_PLACEMENT_3D('',#7604,#6240,#6241);
#5356=AXIS2_PLACEMENT_3D('',#7605,#6242,#6243);
#5357=AXIS2_PLACEMENT_3D('',#7611,#6246,#6247);
#5358=AXIS2_PLACEMENT_3D('',#7614,#6249,#6250);
#5359=AXIS2_PLACEMENT_3D('',#7615,#6251,#6252);
#5360=AXIS2_PLACEMENT_3D('',#7617,#6253,#6254);
#5361=AXIS2_PLACEMENT_3D('',#7619,#6255,#6256);
#5362=AXIS2_PLACEMENT_3D('',#7628,#6261,#6262);
#5363=AXIS2_PLACEMENT_3D('',#7634,#6266,#6267);
#5364=AXIS2_PLACEMENT_3D('',#7640,#6271,#6272);
#5365=AXIS2_PLACEMENT_3D('',#7646,#6276,#6277);
#5366=AXIS2_PLACEMENT_3D('',#7652,#6281,#6282);
#5367=AXIS2_PLACEMENT_3D('',#7661,#6287,#6288);
#5368=AXIS2_PLACEMENT_3D('',#7670,#6293,#6294);
#5369=AXIS2_PLACEMENT_3D('',#7671,#6295,#6296);
#5370=AXIS2_PLACEMENT_3D('',#7677,#6300,#6301);
#5371=AXIS2_PLACEMENT_3D('',#7686,#6306,#6307);
#5372=AXIS2_PLACEMENT_3D('',#7695,#6312,#6313);
#5373=AXIS2_PLACEMENT_3D('',#7716,#6324,#6325);
#5374=AXIS2_PLACEMENT_3D('',#7737,#6336,#6337);
#5375=AXIS2_PLACEMENT_3D('',#7738,#6338,#6339);
#5376=AXIS2_PLACEMENT_3D('',#7740,#6340,#6341);
#5377=AXIS2_PLACEMENT_3D('',#7742,#6342,#6343);
#5378=AXIS2_PLACEMENT_3D('',#7743,#6344,#6345);
#5379=AXIS2_PLACEMENT_3D('',#7744,#6346,#6347);
#5380=AXIS2_PLACEMENT_3D('',#7747,#6350,#6351);
#5381=AXIS2_PLACEMENT_3D('',#7750,#6354,#6355);
#5382=AXIS2_PLACEMENT_3D('',#7752,#6357,#6358);
#5383=AXIS2_PLACEMENT_3D('',#7754,#6360,#6361);
#5384=AXIS2_PLACEMENT_3D('',#7756,#6363,#6364);
#5385=AXIS2_PLACEMENT_3D('',#7758,#6366,#6367);
#5386=AXIS2_PLACEMENT_3D('',#7761,#6370,#6371);
#5387=AXIS2_PLACEMENT_3D('',#7763,#6373,#6374);
#5388=AXIS2_PLACEMENT_3D('',#7766,#6377,#6378);
#5389=AXIS2_PLACEMENT_3D('',#7768,#6380,#6381);
#5390=AXIS2_PLACEMENT_3D('',#7770,#6383,#6384);
#5391=AXIS2_PLACEMENT_3D('',#7772,#6386,#6387);
#5392=AXIS2_PLACEMENT_3D('',#7774,#6389,#6390);
#5393=AXIS2_PLACEMENT_3D('',#7776,#6392,#6393);
#5394=AXIS2_PLACEMENT_3D('',#7778,#6395,#6396);
#5395=AXIS2_PLACEMENT_3D('',#7780,#6398,#6399);
#5396=AXIS2_PLACEMENT_3D('',#7782,#6401,#6402);
#5397=AXIS2_PLACEMENT_3D('',#7785,#6405,#6406);
#5398=AXIS2_PLACEMENT_3D('',#7788,#6409,#6410);
#5399=AXIS2_PLACEMENT_3D('',#7790,#6412,#6413);
#5400=AXIS2_PLACEMENT_3D('',#7792,#6415,#6416);
#5401=AXIS2_PLACEMENT_3D('',#7794,#6418,#6419);
#5402=AXIS2_PLACEMENT_3D('',#7796,#6421,#6422);
#5403=AXIS2_PLACEMENT_3D('',#7799,#6425,#6426);
#5404=AXIS2_PLACEMENT_3D('',#7801,#6428,#6429);
#5405=AXIS2_PLACEMENT_3D('',#7803,#6431,#6432);
#5406=AXIS2_PLACEMENT_3D('',#7805,#6434,#6435);
#5407=AXIS2_PLACEMENT_3D('',#7807,#6437,#6438);
#5408=AXIS2_PLACEMENT_3D('',#7809,#6440,#6441);
#5409=AXIS2_PLACEMENT_3D('',#7811,#6443,#6444);
#5410=AXIS2_PLACEMENT_3D('',#7813,#6446,#6447);
#5411=AXIS2_PLACEMENT_3D('',#7815,#6449,#6450);
#5412=AXIS2_PLACEMENT_3D('',#7817,#6452,#6453);
#5413=AXIS2_PLACEMENT_3D('',#7819,#6455,#6456);
#5414=AXIS2_PLACEMENT_3D('',#7821,#6458,#6459);
#5415=AXIS2_PLACEMENT_3D('',#7823,#6461,#6462);
#5416=AXIS2_PLACEMENT_3D('',#7825,#6464,#6465);
#5417=AXIS2_PLACEMENT_3D('',#7826,#6466,#6467);
#5418=AXIS2_PLACEMENT_3D('',#7827,#6468,#6469);
#5419=AXIS2_PLACEMENT_3D('',#7836,#6474,#6475);
#5420=AXIS2_PLACEMENT_3D('',#7842,#6479,#6480);
#5421=AXIS2_PLACEMENT_3D('',#7848,#6484,#6485);
#5422=AXIS2_PLACEMENT_3D('',#7851,#6488,#6489);
#5423=AXIS2_PLACEMENT_3D('',#7852,#6490,#6491);
#5424=AXIS2_PLACEMENT_3D('',#7854,#6492,#6493);
#5425=AXIS2_PLACEMENT_3D('',#7856,#6494,#6495);
#5426=AXIS2_PLACEMENT_3D('',#7858,#6496,#6497);
#5427=AXIS2_PLACEMENT_3D('',#7860,#6498,#6499);
#5428=AXIS2_PLACEMENT_3D('',#7861,#6500,#6501);
#5429=AXIS2_PLACEMENT_3D('',#7863,#6502,#6503);
#5430=AXIS2_PLACEMENT_3D('',#7865,#6504,#6505);
#5431=AXIS2_PLACEMENT_3D('',#7867,#6506,#6507);
#5432=AXIS2_PLACEMENT_3D('',#7869,#6508,#6509);
#5433=AXIS2_PLACEMENT_3D('',#7870,#6510,#6511);
#5434=AXIS2_PLACEMENT_3D('',#7871,#6512,#6513);
#5435=AXIS2_PLACEMENT_3D('',#7872,#6514,#6515);
#5436=AXIS2_PLACEMENT_3D('',#7873,#6516,#6517);
#5437=AXIS2_PLACEMENT_3D('',#7874,#6518,#6519);
#5438=AXIS2_PLACEMENT_3D('',#7899,#6532,#6533);
#5439=AXIS2_PLACEMENT_3D('',#7924,#6546,#6547);
#5440=AXIS2_PLACEMENT_3D('',#7929,#6551,#6552);
#5441=AXIS2_PLACEMENT_3D('',#7934,#6556,#6557);
#5442=AXIS2_PLACEMENT_3D('',#7935,#6558,#6559);
#5443=AXIS2_PLACEMENT_3D('',#7936,#6560,#6561);
#5444=AXIS2_PLACEMENT_3D('',#7937,#6562,#6563);
#5445=AXIS2_PLACEMENT_3D('',#7938,#6564,#6565);
#5446=AXIS2_PLACEMENT_3D('',#7941,#6568,#6569);
#5447=AXIS2_PLACEMENT_3D('',#7943,#6571,#6572);
#5448=AXIS2_PLACEMENT_3D('',#7944,#6573,#6574);
#5449=AXIS2_PLACEMENT_3D('',#7947,#6576,#6577);
#5450=AXIS2_PLACEMENT_3D('',#7949,#6579,#6580);
#5451=AXIS2_PLACEMENT_3D('',#7951,#6582,#6583);
#5452=AXIS2_PLACEMENT_3D('',#7952,#6584,#6585);
#5453=AXIS2_PLACEMENT_3D('',#7954,#6587,#6588);
#5454=AXIS2_PLACEMENT_3D('',#7956,#6590,#6591);
#5455=AXIS2_PLACEMENT_3D('',#7957,#6592,#6593);
#5456=AXIS2_PLACEMENT_3D('',#7958,#6594,#6595);
#5457=AXIS2_PLACEMENT_3D('',#7959,#6596,#6597);
#5458=AXIS2_PLACEMENT_3D('',#7968,#6602,#6603);
#5459=AXIS2_PLACEMENT_3D('',#7977,#6608,#6609);
#5460=AXIS2_PLACEMENT_3D('',#7986,#6614,#6615);
#5461=AXIS2_PLACEMENT_3D('',#8001,#6623,#6624);
#5462=AXIS2_PLACEMENT_3D('',#8008,#6629,#6630);
#5463=AXIS2_PLACEMENT_3D('',#8018,#6636,#6637);
#5464=AXIS2_PLACEMENT_3D('',#8024,#6641,#6642);
#5465=AXIS2_PLACEMENT_3D('',#8034,#6648,#6649);
#5466=AXIS2_PLACEMENT_3D('',#8040,#6653,#6654);
#5467=AXIS2_PLACEMENT_3D('',#8048,#6659,#6660);
#5468=AXIS2_PLACEMENT_3D('',#8054,#6664,#6665);
#5469=AXIS2_PLACEMENT_3D('',#8066,#6672,#6673);
#5470=AXIS2_PLACEMENT_3D('',#8072,#6677,#6678);
#5471=AXIS2_PLACEMENT_3D('',#8082,#6684,#6685);
#5472=AXIS2_PLACEMENT_3D('',#8088,#6689,#6690);
#5473=AXIS2_PLACEMENT_3D('',#8098,#6696,#6697);
#5474=AXIS2_PLACEMENT_3D('',#8104,#6701,#6702);
#5475=AXIS2_PLACEMENT_3D('',#8113,#6708,#6709);
#5476=AXIS2_PLACEMENT_3D('',#8115,#6710,#6711);
#5477=AXIS2_PLACEMENT_3D('',#8117,#6712,#6713);
#5478=AXIS2_PLACEMENT_3D('',#8118,#6714,#6715);
#5479=AXIS2_PLACEMENT_3D('',#8120,#6717,#6718);
#5480=AXIS2_PLACEMENT_3D('',#8122,#6720,#6721);
#5481=AXIS2_PLACEMENT_3D('',#8128,#6725,#6726);
#5482=AXIS2_PLACEMENT_3D('',#8133,#6730,#6731);
#5483=AXIS2_PLACEMENT_3D('',#8143,#6737,#6738);
#5484=AXIS2_PLACEMENT_3D('',#8149,#6742,#6743);
#5485=AXIS2_PLACEMENT_3D('',#8156,#6748,#6749);
#5486=AXIS2_PLACEMENT_3D('',#8168,#6756,#6757);
#5487=AXIS2_PLACEMENT_3D('',#8171,#6760,#6761);
#5488=AXIS2_PLACEMENT_3D('',#8173,#6763,#6764);
#5489=AXIS2_PLACEMENT_3D('',#8174,#6765,#6766);
#5490=AXIS2_PLACEMENT_3D('',#8176,#6768,#6769);
#5491=AXIS2_PLACEMENT_3D('',#8177,#6770,#6771);
#5492=AXIS2_PLACEMENT_3D('',#8179,#6772,#6773);
#5493=AXIS2_PLACEMENT_3D('',#8180,#6774,#6775);
#5494=AXIS2_PLACEMENT_3D('',#8182,#6776,#6777);
#5495=AXIS2_PLACEMENT_3D('',#8184,#6779,#6780);
#5496=AXIS2_PLACEMENT_3D('',#8186,#6782,#6783);
#5497=AXIS2_PLACEMENT_3D('',#8188,#6785,#6786);
#5498=AXIS2_PLACEMENT_3D('',#8190,#6788,#6789);
#5499=AXIS2_PLACEMENT_3D('',#8196,#6793,#6794);
#5500=AXIS2_PLACEMENT_3D('',#8198,#6796,#6797);
#5501=AXIS2_PLACEMENT_3D('',#8204,#6801,#6802);
#5502=AXIS2_PLACEMENT_3D('',#8206,#6804,#6805);
#5503=AXIS2_PLACEMENT_3D('',#8208,#6807,#6808);
#5504=DIRECTION('',(0.,0.,1.));
#5505=DIRECTION('',(1.,0.,0.));
#5506=DIRECTION('',(1.,0.,0.));
#5507=DIRECTION('',(0.,0.,-1.));
#5508=DIRECTION('',(0.,0.,-1.));
#5509=DIRECTION('',(0.,1.,0.));
#5510=DIRECTION('',(0.,0.,-1.));
#5511=DIRECTION('',(0.,1.,0.));
#5512=DIRECTION('',(0.200755169549029,0.,0.979641445580647));
#5513=DIRECTION('',(0.979641445580647,0.,-0.200755169549029));
#5514=DIRECTION('',(0.200755169549029,0.,0.979641445580647));
#5515=DIRECTION('',(-0.979641445580647,0.,0.200755169549029));
#5516=DIRECTION('',(0.200755169549029,0.,0.979641445580647));
#5517=DIRECTION('',(-0.979641445580647,0.,0.200755169549029));
#5518=DIRECTION('',(0.200755169549029,0.,0.979641445580647));
#5519=DIRECTION('',(-0.979641445580647,0.,0.200755169549029));
#5520=DIRECTION('',(0.200755169549029,0.,0.979641445580647));
#5521=DIRECTION('',(-0.979641445580647,0.,0.200755169549029));
#5522=DIRECTION('',(0.979641445580647,0.,-0.200755169549029));
#5523=DIRECTION('',(0.,1.,0.));
#5524=DIRECTION('',(0.979641445580647,0.,-0.200755169549029));
#5525=DIRECTION('',(0.,1.,0.));
#5526=DIRECTION('',(0.,0.,1.));
#5527=DIRECTION('',(0.,-1.,0.));
#5528=DIRECTION('',(0.,0.,-1.));
#5529=DIRECTION('',(0.,1.,0.));
#5530=DIRECTION('',(0.,-1.,0.));
#5531=DIRECTION('',(0.,0.,-1.));
#5532=DIRECTION('',(0.,0.,1.));
#5533=DIRECTION('',(1.,0.,0.));
#5534=DIRECTION('',(0.,0.,1.));
#5535=DIRECTION('',(1.,0.,0.));
#5536=DIRECTION('',(0.,0.,1.));
#5537=DIRECTION('',(1.,0.,0.));
#5538=DIRECTION('',(0.,0.,1.));
#5539=DIRECTION('',(1.,0.,0.));
#5540=DIRECTION('',(0.,0.,1.));
#5541=DIRECTION('',(1.,0.,0.));
#5542=DIRECTION('',(1.,0.,0.));
#5543=DIRECTION('',(1.,0.,0.));
#5544=DIRECTION('',(0.,1.,0.));
#5545=DIRECTION('',(0.,0.,1.));
#5546=DIRECTION('',(0.,-1.,0.));
#5547=DIRECTION('',(0.,0.,-1.));
#5548=DIRECTION('',(0.,-1.,0.));
#5549=DIRECTION('',(0.,0.,-1.));
#5550=DIRECTION('',(0.,-1.,0.));
#5551=DIRECTION('',(1.,0.,0.));
#5552=DIRECTION('',(0.,-1.,0.));
#5553=DIRECTION('',(1.,0.,0.));
#5554=DIRECTION('',(0.,0.,1.));
#5555=DIRECTION('',(1.,0.,0.));
#5556=DIRECTION('',(0.,0.,1.));
#5557=DIRECTION('',(1.,0.,0.));
#5558=DIRECTION('',(0.,0.,1.));
#5559=DIRECTION('',(1.,0.,0.));
#5560=DIRECTION('',(0.,0.,1.));
#5561=DIRECTION('',(1.,0.,0.));
#5562=DIRECTION('',(0.,0.,1.));
#5563=DIRECTION('',(1.,0.,0.));
#5564=DIRECTION('',(0.,-6.12323399573677E-17,-1.));
#5565=DIRECTION('',(1.,0.,0.));
#5566=DIRECTION('',(0.,-1.,6.12323399573677E-17));
#5567=DIRECTION('',(-1.,0.,0.));
#5568=DIRECTION('',(0.707106781186548,-0.707106781186548,4.32978028117746E-17));
#5569=DIRECTION('',(0.,1.,-6.12323399573677E-17));
#5570=DIRECTION('',(-1.,0.,0.));
#5571=DIRECTION('',(0.,1.,-6.12323399573677E-17));
#5572=DIRECTION('',(-1.,0.,0.));
#5573=DIRECTION('',(0.,-1.,6.12323399573677E-17));
#5574=DIRECTION('',(1.,0.,0.));
#5575=DIRECTION('',(0.,1.,-6.12323399573677E-17));
#5576=DIRECTION('',(0.707106781186547,-0.707106781186548,4.32978028117747E-17));
#5577=DIRECTION('',(1.,0.,0.));
#5578=DIRECTION('',(-0.707106781186549,-0.707106781186546,4.32978028117746E-17));
#5579=DIRECTION('',(-0.707106781186548,0.707106781186548,-4.32978028117747E-17));
#5580=DIRECTION('',(0.707106781186549,0.707106781186546,-4.32978028117746E-17));
#5581=DIRECTION('',(-0.707106781186548,0.707106781186548,-4.32978028117747E-17));
#5582=DIRECTION('',(0.,-6.12323399573677E-17,-1.));
#5583=DIRECTION('',(1.,0.,0.));
#5584=DIRECTION('',(-1.,0.,0.));
#5585=DIRECTION('',(0.,1.,-6.12323399573677E-17));
#5586=DIRECTION('',(1.,0.,0.));
#5587=DIRECTION('',(0.707106781186547,-0.707106781186548,4.32978028117747E-17));
#5588=DIRECTION('',(0.,1.,-6.12323399573677E-17));
#5589=DIRECTION('',(1.,0.,0.));
#5590=DIRECTION('',(0.,-1.,6.12323399573677E-17));
#5591=DIRECTION('',(-1.,0.,0.));
#5592=DIRECTION('',(0.,1.,-6.12323399573677E-17));
#5593=DIRECTION('',(-1.,0.,0.));
#5594=DIRECTION('',(0.,1.,-6.12323399573677E-17));
#5595=DIRECTION('',(0.707106781186548,-0.707106781186548,4.32978028117746E-17));
#5596=DIRECTION('',(-0.707106781186548,0.707106781186548,-4.32978028117747E-17));
#5597=DIRECTION('',(-0.707106781186549,-0.707106781186546,4.32978028117746E-17));
#5598=DIRECTION('',(-0.707106781186548,0.707106781186548,-4.32978028117747E-17));
#5599=DIRECTION('',(0.707106781186549,0.707106781186546,-4.32978028117746E-17));
#5600=DIRECTION('',(1.,0.,0.));
#5601=DIRECTION('',(0.,0.,-1.));
#5602=DIRECTION('',(0.,-6.12323399573677E-17,-1.));
#5603=DIRECTION('',(0.,6.12323399573677E-17,1.));
#5604=DIRECTION('',(0.,-1.,6.12323399573677E-17));
#5605=DIRECTION('',(0.,-6.12323399573677E-17,-1.));
#5606=DIRECTION('',(0.,-6.12323399573677E-17,-1.));
#5607=DIRECTION('',(0.,-6.12323399573677E-17,-1.));
#5608=DIRECTION('',(-1.,0.,0.));
#5609=DIRECTION('',(0.,0.,1.));
#5610=DIRECTION('',(0.,6.12323399573677E-17,1.));
#5611=DIRECTION('',(0.,1.,-6.12323399573677E-17));
#5612=DIRECTION('',(0.,6.12323399573677E-17,1.));
#5613=DIRECTION('',(0.,6.12323399573677E-17,1.));
#5614=DIRECTION('',(0.,6.12323399573677E-17,1.));
#5615=DIRECTION('',(0.707106781186548,0.707106781186548,-4.32978028117747E-17));
#5616=DIRECTION('',(-0.707106781186548,0.707106781186548,0.));
#5617=DIRECTION('',(0.,6.12323399573677E-17,1.));
#5618=DIRECTION('',(0.,6.12323399573677E-17,1.));
#5619=DIRECTION('',(1.,0.,0.));
#5620=DIRECTION('',(0.,0.,-1.));
#5621=DIRECTION('',(0.,6.12323399573677E-17,1.));
#5622=DIRECTION('',(0.,1.,-6.12323399573677E-17));
#5623=DIRECTION('',(0.,6.12323399573677E-17,1.));
#5624=DIRECTION('',(0.,6.12323399573677E-17,1.));
#5625=DIRECTION('',(-1.,0.,0.));
#5626=DIRECTION('',(0.,0.,1.));
#5627=DIRECTION('',(0.,6.12323399573677E-17,1.));
#5628=DIRECTION('',(0.,-1.,6.12323399573677E-17));
#5629=DIRECTION('',(0.,-6.12323399573677E-17,-1.));
#5630=DIRECTION('',(0.,1.,-6.12323399573677E-17));
#5631=DIRECTION('',(0.,6.12323399573677E-17,1.));
#5632=DIRECTION('',(1.,0.,0.));
#5633=DIRECTION('',(0.,0.,-1.));
#5634=DIRECTION('',(0.707106781186548,0.707106781186547,-4.32978028117746E-17));
#5635=DIRECTION('',(-0.707106781186547,0.707106781186548,0.));
#5636=DIRECTION('',(-0.707106781186548,-0.707106781186548,4.32978028117746E-17));
#5637=DIRECTION('',(0.707106781186548,-0.707106781186548,0.));
#5638=DIRECTION('',(0.,-6.12323399573677E-17,-1.));
#5639=DIRECTION('',(0.,-6.12323399573677E-17,-1.));
#5640=DIRECTION('',(0.707106781186546,-0.707106781186549,4.32978028117747E-17));
#5641=DIRECTION('',(0.707106781186549,0.707106781186546,0.));
#5642=DIRECTION('',(0.,-6.12323399573677E-17,-1.));
#5643=DIRECTION('',(-0.707106781186548,-0.707106781186548,4.32978028117746E-17));
#5644=DIRECTION('',(0.707106781186548,-0.707106781186548,0.));
#5645=DIRECTION('',(0.,-6.12323399573677E-17,-1.));
#5646=DIRECTION('',(-0.707106781186546,0.707106781186549,-4.32978028117747E-17));
#5647=DIRECTION('',(-0.707106781186549,-0.707106781186546,0.));
#5648=DIRECTION('',(0.,0.,1.));
#5649=DIRECTION('',(1.,0.,0.));
#5650=DIRECTION('',(0.,0.,-1.));
#5651=DIRECTION('',(-1.,0.,0.));
#5652=DIRECTION('',(0.,0.,-1.));
#5653=DIRECTION('',(-1.,0.,0.));
#5654=DIRECTION('',(-1.,0.,0.));
#5655=DIRECTION('',(0.,1.,0.));
#5656=DIRECTION('',(-1.,0.,0.));
#5657=DIRECTION('',(0.,1.,0.));
#5658=DIRECTION('',(1.,0.,0.));
#5659=DIRECTION('',(0.,0.,-1.));
#5660=DIRECTION('',(0.,0.,-1.));
#5661=DIRECTION('',(0.,1.,0.));
#5662=DIRECTION('',(0.,0.,-1.));
#5663=DIRECTION('',(0.707106781186548,0.,0.707106781186548));
#5664=DIRECTION('',(0.707106781186548,0.,-0.707106781186548));
#5665=DIRECTION('',(0.707106781186548,0.,-0.707106781186548));
#5666=DIRECTION('',(0.,1.,0.));
#5667=DIRECTION('',(0.707106781186548,0.,-0.707106781186548));
#5668=DIRECTION('',(0.,0.,1.));
#5669=DIRECTION('',(1.,0.,0.));
#5670=DIRECTION('',(0.,0.,1.));
#5671=DIRECTION('',(1.,0.,0.));
#5672=DIRECTION('',(1.,0.,0.));
#5673=DIRECTION('',(0.,1.,0.));
#5674=DIRECTION('',(1.,0.,0.));
#5675=DIRECTION('',(-0.707106781186548,0.,0.707106781186547));
#5676=DIRECTION('',(0.707106781186547,0.,0.707106781186548));
#5677=DIRECTION('',(0.707106781186547,0.,0.707106781186548));
#5678=DIRECTION('',(0.,1.,0.));
#5679=DIRECTION('',(0.707106781186547,0.,0.707106781186548));
#5680=DIRECTION('',(1.,0.,0.));
#5681=DIRECTION('',(0.,0.,-1.));
#5682=DIRECTION('',(0.,0.,-1.));
#5683=DIRECTION('',(0.,0.,-1.));
#5684=DIRECTION('',(0.,-1.,0.));
#5685=DIRECTION('',(1.,0.,0.));
#5686=DIRECTION('',(0.,-1.,0.));
#5687=DIRECTION('',(1.,0.,0.));
#5688=DIRECTION('',(0.,0.,-1.));
#5689=DIRECTION('',(-1.,0.,0.));
#5690=DIRECTION('',(0.,0.,1.));
#5691=DIRECTION('',(1.,0.,0.));
#5692=DIRECTION('',(-0.707106781186548,0.,-0.707106781186548));
#5693=DIRECTION('',(0.707106781186548,0.,-0.707106781186548));
#5694=DIRECTION('',(0.707106781186548,0.,-0.707106781186548));
#5695=DIRECTION('',(0.,1.,0.));
#5696=DIRECTION('',(0.707106781186548,0.,-0.707106781186548));
#5697=DIRECTION('',(0.,1.,0.));
#5698=DIRECTION('',(0.707106781186548,0.,-0.707106781186548));
#5699=DIRECTION('',(0.707106781186547,0.,-0.707106781186548));
#5700=DIRECTION('',(0.,1.,0.));
#5701=DIRECTION('',(-0.707106781186547,0.,0.707106781186548));
#5702=DIRECTION('',(0.707106781186548,0.,-0.707106781186548));
#5703=DIRECTION('',(0.,-1.,0.));
#5704=DIRECTION('',(0.707106781186548,0.,-0.707106781186547));
#5705=DIRECTION('',(0.707106781186547,0.,0.707106781186548));
#5706=DIRECTION('',(0.,1.,0.));
#5707=DIRECTION('',(0.707106781186547,0.,0.707106781186548));
#5708=DIRECTION('',(0.,-1.,0.));
#5709=DIRECTION('',(0.707106781186547,0.,0.707106781186548));
#5710=DIRECTION('',(0.707106781186547,0.,0.707106781186548));
#5711=DIRECTION('',(0.,-1.,0.));
#5712=DIRECTION('',(-0.707106781186547,0.,-0.707106781186548));
#5713=DIRECTION('',(0.707106781186547,0.,0.707106781186548));
#5714=DIRECTION('',(0.,1.,0.));
#5715=DIRECTION('',(0.707106781186547,0.,0.707106781186548));
#5716=DIRECTION('',(0.,0.,1.));
#5717=DIRECTION('',(-1.,0.,0.));
#5718=DIRECTION('',(0.,-1.,0.));
#5719=DIRECTION('',(1.,0.,0.));
#5720=DIRECTION('',(0.,-1.,0.));
#5721=DIRECTION('',(1.,0.,0.));
#5722=DIRECTION('',(-1.,0.,0.));
#5723=DIRECTION('',(0.,0.,-1.));
#5724=DIRECTION('',(0.,0.,1.));
#5725=DIRECTION('',(0.,0.,1.));
#5726=DIRECTION('',(-1.,0.,0.));
#5727=DIRECTION('',(0.,0.,-1.));
#5728=DIRECTION('',(0.,1.,0.));
#5729=DIRECTION('',(0.,0.,1.));
#5730=DIRECTION('',(0.,0.,1.));
#5731=DIRECTION('',(-1.,0.,0.));
#5732=DIRECTION('',(0.,0.,-1.));
#5733=DIRECTION('',(0.,0.,1.));
#5734=DIRECTION('',(0.,0.,1.));
#5735=DIRECTION('',(0.,-1.,0.));
#5736=DIRECTION('',(1.,0.,0.));
#5737=DIRECTION('',(1.,0.,0.));
#5738=DIRECTION('',(-1.,0.,0.));
#5739=DIRECTION('',(0.,0.,-1.));
#5740=DIRECTION('',(0.,0.,1.));
#5741=DIRECTION('',(0.,1.,0.));
#5742=DIRECTION('',(0.,0.,1.));
#5743=DIRECTION('',(0.,0.,1.));
#5744=DIRECTION('',(-1.,0.,0.));
#5745=DIRECTION('',(1.,0.,0.));
#5746=DIRECTION('',(1.,0.,0.));
#5747=DIRECTION('',(0.,-1.,0.));
#5748=DIRECTION('',(1.,0.,0.));
#5749=DIRECTION('',(1.,0.,0.));
#5750=DIRECTION('',(0.,0.,1.));
#5751=DIRECTION('',(1.,0.,0.));
#5752=DIRECTION('',(0.,0.,1.));
#5753=DIRECTION('',(1.,0.,0.));
#5754=DIRECTION('',(1.,0.,0.));
#5755=DIRECTION('',(1.,0.,0.));
#5756=DIRECTION('',(0.,0.,1.));
#5757=DIRECTION('',(1.,0.,0.));
#5758=DIRECTION('',(0.,0.,1.));
#5759=DIRECTION('',(1.,0.,0.));
#5760=DIRECTION('',(0.,-1.,0.));
#5761=DIRECTION('',(1.,0.,0.));
#5762=DIRECTION('',(0.,-1.,0.));
#5763=DIRECTION('',(1.,0.,0.));
#5764=DIRECTION('',(0.,0.,1.));
#5765=DIRECTION('',(1.,0.,0.));
#5766=DIRECTION('',(0.,0.,1.));
#5767=DIRECTION('',(1.,0.,0.));
#5768=DIRECTION('',(0.,0.,1.));
#5769=DIRECTION('',(1.,0.,0.));
#5770=DIRECTION('',(0.,0.,1.));
#5771=DIRECTION('',(1.,0.,0.));
#5772=DIRECTION('',(-0.5,0.866025403784439,0.));
#5773=DIRECTION('',(-1.,0.,0.));
#5774=DIRECTION('',(-0.5,-0.866025403784439,0.));
#5775=DIRECTION('',(0.5,-0.866025403784439,0.));
#5776=DIRECTION('',(1.,0.,0.));
#5777=DIRECTION('',(0.5,0.866025403784438,0.));
#5778=DIRECTION('',(0.,0.,-1.));
#5779=DIRECTION('',(-1.,0.,0.));
#5780=DIRECTION('',(0.,0.,1.));
#5781=DIRECTION('',(1.,0.,0.));
#5782=DIRECTION('',(0.,0.,1.));
#5783=DIRECTION('',(1.,0.,0.));
#5784=DIRECTION('',(0.,0.,-1.));
#5785=DIRECTION('',(-1.,0.,0.));
#5786=DIRECTION('',(0.,0.,1.));
#5787=DIRECTION('',(1.,0.,0.));
#5788=DIRECTION('',(0.,0.,1.));
#5789=DIRECTION('',(1.,0.,0.));
#5790=DIRECTION('',(0.,-1.,0.));
#5791=DIRECTION('',(0.,0.,-1.));
#5792=DIRECTION('',(0.,0.,-1.));
#5793=DIRECTION('',(-1.,0.,0.));
#5794=DIRECTION('',(0.,0.,-1.));
#5795=DIRECTION('',(-0.866025403784438,-0.5,0.));
#5796=DIRECTION('',(0.5,-0.866025403784439,0.));
#5797=DIRECTION('',(0.,0.,-1.));
#5798=DIRECTION('',(-0.5,0.866025403784439,0.));
#5799=DIRECTION('',(-0.866025403784438,0.5,0.));
#5800=DIRECTION('',(-0.5,-0.866025403784438,0.));
#5801=DIRECTION('',(0.,0.,-1.));
#5802=DIRECTION('',(0.5,0.866025403784438,0.));
#5803=DIRECTION('',(0.,1.,0.));
#5804=DIRECTION('',(0.,0.,1.));
#5805=DIRECTION('',(0.,0.,-1.));
#5806=DIRECTION('',(1.,0.,0.));
#5807=DIRECTION('',(0.866025403784439,0.5,0.));
#5808=DIRECTION('',(-0.5,0.866025403784439,0.));
#5809=DIRECTION('',(0.,0.,-1.));
#5810=DIRECTION('',(0.5,-0.866025403784439,0.));
#5811=DIRECTION('',(0.866025403784438,-0.5,0.));
#5812=DIRECTION('',(0.5,0.866025403784439,0.));
#5813=DIRECTION('',(-0.5,-0.866025403784439,0.));
#5814=DIRECTION('',(0.,0.,-1.));
#5815=DIRECTION('',(-1.,0.,0.));
#5816=DIRECTION('',(0.,0.,1.));
#5817=DIRECTION('',(1.,0.,0.));
#5818=DIRECTION('',(0.,0.,1.));
#5819=DIRECTION('',(1.,0.,0.));
#5820=DIRECTION('',(0.,0.,1.));
#5821=DIRECTION('',(1.,0.,0.));
#5822=DIRECTION('',(0.,0.,1.));
#5823=DIRECTION('',(1.,0.,0.));
#5824=DIRECTION('',(0.,0.,1.));
#5825=DIRECTION('',(1.,0.,0.));
#5826=DIRECTION('',(0.,1.,0.));
#5827=DIRECTION('',(1.,0.,0.));
#5828=DIRECTION('',(0.,-1.,0.));
#5829=DIRECTION('',(0.,0.,-1.));
#5830=DIRECTION('',(-1.,0.,0.));
#5831=DIRECTION('',(0.,0.,-1.));
#5832=DIRECTION('',(-0.514495755427526,0.,0.857492925712545));
#5833=DIRECTION('',(-1.,0.,0.));
#5834=DIRECTION('',(-0.514495755427525,0.,-0.857492925712545));
#5835=DIRECTION('',(0.,0.,-1.));
#5836=DIRECTION('',(-1.,0.,0.));
#5837=DIRECTION('',(0.,1.,0.));
#5838=DIRECTION('',(1.,0.,0.));
#5839=DIRECTION('',(-0.514495755427525,0.,-0.857492925712545));
#5840=DIRECTION('',(-1.,0.,0.));
#5841=DIRECTION('',(-0.514495755427526,0.,0.857492925712545));
#5842=DIRECTION('',(-1.,0.,0.));
#5843=DIRECTION('',(0.,-1.,0.));
#5844=DIRECTION('',(0.,0.,-1.));
#5845=DIRECTION('',(-1.,0.,0.));
#5846=DIRECTION('',(-1.,0.,0.));
#5847=DIRECTION('',(0.,0.,1.));
#5848=DIRECTION('',(0.,0.,-1.));
#5849=DIRECTION('',(0.,-1.,0.));
#5850=DIRECTION('',(0.,1.,0.));
#5851=DIRECTION('',(0.,1.,0.));
#5852=DIRECTION('',(0.,0.,-1.));
#5853=DIRECTION('',(0.,1.,0.));
#5854=DIRECTION('',(0.857492925712545,0.,0.514495755427526));
#5855=DIRECTION('',(0.514495755427526,0.,-0.857492925712545));
#5856=DIRECTION('',(0.,1.,0.));
#5857=DIRECTION('',(0.,0.,1.));
#5858=DIRECTION('',(1.,0.,0.));
#5859=DIRECTION('',(0.,1.,0.));
#5860=DIRECTION('',(-0.857492925712545,0.,0.514495755427525));
#5861=DIRECTION('',(0.514495755427525,0.,0.857492925712545));
#5862=DIRECTION('',(0.,1.,0.));
#5863=DIRECTION('',(0.,-1.,0.));
#5864=DIRECTION('',(-0.514495755427525,0.,-0.857492925712545));
#5865=DIRECTION('',(-1.,0.,0.));
#5866=DIRECTION('',(0.,0.,1.));
#5867=DIRECTION('',(0.,1.,0.));
#5868=DIRECTION('',(0.,0.,-1.));
#5869=DIRECTION('',(0.,0.,1.));
#5870=DIRECTION('',(1.,0.,0.));
#5871=DIRECTION('',(0.,1.,0.));
#5872=DIRECTION('',(-1.,0.,0.));
#5873=DIRECTION('',(-1.,0.,0.));
#5874=DIRECTION('',(0.,0.,1.));
#5875=DIRECTION('',(0.,1.,0.));
#5876=DIRECTION('',(0.,0.,-1.));
#5877=DIRECTION('',(0.,1.,0.));
#5878=DIRECTION('',(0.,0.,-1.));
#5879=DIRECTION('',(0.,0.,1.));
#5880=DIRECTION('',(1.,0.,0.));
#5881=DIRECTION('',(0.,0.,-1.));
#5882=DIRECTION('',(1.,0.,0.));
#5883=DIRECTION('',(-1.,0.,0.));
#5884=DIRECTION('',(-1.,0.,0.));
#5885=DIRECTION('',(0.,1.,0.));
#5886=DIRECTION('',(0.,0.,-1.));
#5887=DIRECTION('',(0.,-1.,0.));
#5888=DIRECTION('',(0.,0.,-1.));
#5889=DIRECTION('',(0.,0.,-1.));
#5890=DIRECTION('',(-1.,0.,0.));
#5891=DIRECTION('',(0.,0.,-1.));
#5892=DIRECTION('',(1.,0.,0.));
#5893=DIRECTION('',(-1.,0.,0.));
#5894=DIRECTION('',(-1.,0.,0.));
#5895=DIRECTION('',(0.,1.,0.));
#5896=DIRECTION('',(1.,0.,0.));
#5897=DIRECTION('',(0.,1.,0.));
#5898=DIRECTION('',(1.,0.,0.));
#5899=DIRECTION('',(0.,0.,1.));
#5900=DIRECTION('',(1.,0.,0.));
#5901=DIRECTION('',(-1.,0.,0.));
#5902=DIRECTION('',(0.,1.,0.));
#5903=DIRECTION('',(1.,0.,0.));
#5904=DIRECTION('',(0.,0.,-1.));
#5905=DIRECTION('',(-1.,0.,0.));
#5906=DIRECTION('',(0.,0.,-1.));
#5907=DIRECTION('',(1.,0.,0.));
#5908=DIRECTION('',(0.,0.,-1.));
#5909=DIRECTION('',(1.,0.,0.));
#5910=DIRECTION('',(0.,0.,1.));
#5911=DIRECTION('',(1.,0.,0.));
#5912=DIRECTION('',(0.,0.,1.));
#5913=DIRECTION('',(1.,0.,0.));
#5914=DIRECTION('',(0.,0.,1.));
#5915=DIRECTION('',(1.,0.,0.));
#5916=DIRECTION('',(0.866025403784439,0.5,0.));
#5917=DIRECTION('',(-0.5,0.866025403784439,0.));
#5918=DIRECTION('',(-0.5,0.866025403784439,0.));
#5919=DIRECTION('',(0.,0.,1.));
#5920=DIRECTION('',(-0.5,0.866025403784439,0.));
#5921=DIRECTION('',(0.,0.,1.));
#5922=DIRECTION('',(0.,1.,0.));
#5923=DIRECTION('',(0.,0.,1.));
#5924=DIRECTION('',(-1.,0.,0.));
#5925=DIRECTION('',(-1.,0.,0.));
#5926=DIRECTION('',(0.,0.,1.));
#5927=DIRECTION('',(-0.866025403784439,0.5,0.));
#5928=DIRECTION('',(-0.5,-0.866025403784439,0.));
#5929=DIRECTION('',(-0.5,-0.866025403784439,0.));
#5930=DIRECTION('',(-0.5,-0.866025403784439,0.));
#5931=DIRECTION('',(0.,0.,1.));
#5932=DIRECTION('',(-0.866025403784439,-0.5,0.));
#5933=DIRECTION('',(0.5,-0.866025403784439,0.));
#5934=DIRECTION('',(0.5,-0.866025403784439,0.));
#5935=DIRECTION('',(0.5,-0.866025403784439,0.));
#5936=DIRECTION('',(0.,0.,1.));
#5937=DIRECTION('',(0.,-1.,0.));
#5938=DIRECTION('',(0.,0.,-1.));
#5939=DIRECTION('',(1.,0.,0.));
#5940=DIRECTION('',(1.,0.,0.));
#5941=DIRECTION('',(0.,0.,1.));
#5942=DIRECTION('',(0.866025403784438,-0.5,0.));
#5943=DIRECTION('',(0.5,0.866025403784438,0.));
#5944=DIRECTION('',(0.5,0.866025403784438,0.));
#5945=DIRECTION('',(0.5,0.866025403784438,0.));
#5946=DIRECTION('',(0.,0.,1.));
#5947=DIRECTION('',(1.,0.,0.));
#5948=DIRECTION('',(0.,0.,1.));
#5949=DIRECTION('',(1.,0.,0.));
#5950=DIRECTION('',(0.,0.,1.));
#5951=DIRECTION('',(1.,0.,0.));
#5952=DIRECTION('',(0.,-1.,0.));
#5953=DIRECTION('',(1.,0.,0.));
#5954=DIRECTION('',(0.,-1.,0.));
#5955=DIRECTION('',(0.,0.,-1.));
#5956=DIRECTION('',(-1.,0.,0.));
#5957=DIRECTION('',(-1.,0.,0.));
#5958=DIRECTION('',(0.,0.,-1.));
#5959=DIRECTION('',(-0.514495755427525,0.,-0.857492925712545));
#5960=DIRECTION('',(-1.,0.,0.));
#5961=DIRECTION('',(-0.514495755427526,0.,0.857492925712545));
#5962=DIRECTION('',(0.,0.,-1.));
#5963=DIRECTION('',(0.,-1.,0.));
#5964=DIRECTION('',(1.,0.,0.));
#5965=DIRECTION('',(-0.514495755427525,0.,-0.857492925712545));
#5966=DIRECTION('',(-1.,0.,0.));
#5967=DIRECTION('',(0.,-1.,0.));
#5968=DIRECTION('',(0.,0.,-1.));
#5969=DIRECTION('',(-1.,0.,0.));
#5970=DIRECTION('',(-0.514495755427526,0.,0.857492925712545));
#5971=DIRECTION('',(-1.,0.,0.));
#5972=DIRECTION('',(-1.,0.,0.));
#5973=DIRECTION('',(0.,0.,1.));
#5974=DIRECTION('',(0.,0.,-1.));
#5975=DIRECTION('',(0.,-1.,0.));
#5976=DIRECTION('',(0.,0.,-1.));
#5977=DIRECTION('',(0.,-1.,0.));
#5978=DIRECTION('',(0.,-1.,0.));
#5979=DIRECTION('',(0.,1.,0.));
#5980=DIRECTION('',(0.857492925712545,0.,0.514495755427526));
#5981=DIRECTION('',(0.514495755427526,0.,-0.857492925712545));
#5982=DIRECTION('',(0.,-1.,0.));
#5983=DIRECTION('',(0.,0.,1.));
#5984=DIRECTION('',(1.,0.,0.));
#5985=DIRECTION('',(0.,-1.,0.));
#5986=DIRECTION('',(-0.857492925712545,0.,0.514495755427525));
#5987=DIRECTION('',(0.514495755427525,0.,0.857492925712545));
#5988=DIRECTION('',(0.,-1.,0.));
#5989=DIRECTION('',(-0.514495755427525,0.,-0.857492925712545));
#5990=DIRECTION('',(0.,1.,0.));
#5991=DIRECTION('',(-1.,0.,0.));
#5992=DIRECTION('',(0.,0.,1.));
#5993=DIRECTION('',(0.,-1.,0.));
#5994=DIRECTION('',(0.,0.,-1.));
#5995=DIRECTION('',(0.,0.,1.));
#5996=DIRECTION('',(1.,0.,0.));
#5997=DIRECTION('',(0.,-1.,0.));
#5998=DIRECTION('',(-1.,0.,0.));
#5999=DIRECTION('',(-1.,0.,0.));
#6000=DIRECTION('',(0.,0.,1.));
#6001=DIRECTION('',(0.,-1.,0.));
#6002=DIRECTION('',(0.,0.,-1.));
#6003=DIRECTION('',(0.,-1.,0.));
#6004=DIRECTION('',(0.,0.,-1.));
#6005=DIRECTION('',(0.,0.,1.));
#6006=DIRECTION('',(1.,0.,0.));
#6007=DIRECTION('',(0.,0.,1.));
#6008=DIRECTION('',(1.,0.,0.));
#6009=DIRECTION('',(-1.,0.,0.));
#6010=DIRECTION('',(-1.,0.,0.));
#6011=DIRECTION('',(0.,-1.,0.));
#6012=DIRECTION('',(0.,0.,-1.));
#6013=DIRECTION('',(0.,-1.,0.));
#6014=DIRECTION('',(0.,0.,-1.));
#6015=DIRECTION('',(0.,0.,-1.));
#6016=DIRECTION('',(-1.,0.,0.));
#6017=DIRECTION('',(0.,0.,1.));
#6018=DIRECTION('',(1.,0.,0.));
#6019=DIRECTION('',(-1.,0.,0.));
#6020=DIRECTION('',(-1.,0.,0.));
#6021=DIRECTION('',(0.,-1.,0.));
#6022=DIRECTION('',(1.,0.,0.));
#6023=DIRECTION('',(0.,-1.,0.));
#6024=DIRECTION('',(1.,0.,0.));
#6025=DIRECTION('',(0.,0.,1.));
#6026=DIRECTION('',(1.,0.,0.));
#6027=DIRECTION('',(-1.,0.,0.));
#6028=DIRECTION('',(0.,-1.,0.));
#6029=DIRECTION('',(1.,0.,0.));
#6030=DIRECTION('',(0.,0.,-1.));
#6031=DIRECTION('',(-1.,0.,0.));
#6032=DIRECTION('',(0.,0.,1.));
#6033=DIRECTION('',(1.,0.,0.));
#6034=DIRECTION('',(0.,0.,1.));
#6035=DIRECTION('',(1.,0.,0.));
#6036=DIRECTION('',(0.,0.,1.));
#6037=DIRECTION('',(1.,0.,0.));
#6038=DIRECTION('',(0.,0.,1.));
#6039=DIRECTION('',(1.,0.,0.));
#6040=DIRECTION('',(0.,0.,1.));
#6041=DIRECTION('',(1.,0.,0.));
#6042=DIRECTION('',(-1.,6.12323399573677E-17,0.));
#6043=DIRECTION('',(6.12323399573677E-17,1.,0.));
#6044=DIRECTION('',(-6.12323399573677E-17,-1.,0.));
#6045=DIRECTION('',(0.,0.,1.));
#6046=DIRECTION('',(-6.12323399573677E-17,-1.,0.));
#6047=DIRECTION('',(0.,0.,-1.));
#6048=DIRECTION('',(6.12323399573677E-17,1.,0.));
#6049=DIRECTION('',(4.32978028117746E-17,0.707106781186548,0.707106781186548));
#6050=DIRECTION('',(0.,0.,-1.));
#6051=DIRECTION('',(6.12323399573677E-17,1.,0.));
#6052=DIRECTION('',(0.,0.,1.));
#6053=DIRECTION('',(-6.12323399573677E-17,-1.,0.));
#6054=DIRECTION('',(0.,0.,-1.));
#6055=DIRECTION('',(-6.12323399573677E-17,-1.,0.));
#6056=DIRECTION('',(0.,0.,-1.));
#6057=DIRECTION('',(4.32978028117747E-17,0.707106781186548,0.707106781186548));
#6058=DIRECTION('',(-1.22464679914735E-16,-1.,0.));
#6059=DIRECTION('',(-1.,1.22464679914735E-16,0.));
#6060=DIRECTION('',(1.22464679914735E-16,1.,0.));
#6061=DIRECTION('',(0.,0.,-1.));
#6062=DIRECTION('',(1.22464679914735E-16,1.,0.));
#6063=DIRECTION('',(0.,0.,-1.));
#6064=DIRECTION('',(0.,0.,1.));
#6065=DIRECTION('',(1.,-1.22464679914735E-16,0.));
#6066=DIRECTION('',(-0.707106781186548,8.65956056235494E-17,0.707106781186548));
#6067=DIRECTION('',(0.,0.,-1.));
#6068=DIRECTION('',(1.,-1.22464679914735E-16,0.));
#6069=DIRECTION('',(0.,0.,-1.));
#6070=DIRECTION('',(1.,-1.22464679914735E-16,0.));
#6071=DIRECTION('',(0.,0.,1.));
#6072=DIRECTION('',(-1.,1.22464679914735E-16,0.));
#6073=DIRECTION('',(0.707106781186547,-8.65956056235493E-17,-0.707106781186548));
#6074=DIRECTION('',(0.,0.,1.));
#6075=DIRECTION('',(1.,-1.22464679914735E-16,0.));
#6076=DIRECTION('',(0.,0.,-1.));
#6077=DIRECTION('',(-6.12323399573677E-17,-1.,0.));
#6078=DIRECTION('',(1.,-6.12323399573677E-17,0.));
#6079=DIRECTION('',(1.,-6.12323399573677E-17,0.));
#6080=DIRECTION('',(-1.,1.22464679914735E-16,0.));
#6081=DIRECTION('',(1.22464679914735E-16,1.,0.));
#6082=DIRECTION('',(-6.12323399573677E-17,-1.,0.));
#6083=DIRECTION('',(-1.22464679914735E-16,-1.,6.12323399573677E-17));
#6084=DIRECTION('',(-1.,1.22464679914735E-16,0.));
#6085=DIRECTION('',(1.,-6.12323399573677E-17,0.));
#6086=DIRECTION('',(1.,-6.12323399573677E-17,0.));
#6087=DIRECTION('',(0.,0.,1.));
#6088=DIRECTION('',(-1.22464679914735E-16,-1.,6.12323399573677E-17));
#6089=DIRECTION('',(-1.,1.22464679914735E-16,0.));
#6090=DIRECTION('',(1.,-1.22464679914735E-16,0.));
#6091=DIRECTION('',(7.49879891330929E-33,6.12323399573677E-17,1.));
#6092=DIRECTION('',(1.,-1.22464679914735E-16,0.));
#6093=DIRECTION('',(7.49879891330929E-33,6.12323399573677E-17,1.));
#6094=DIRECTION('',(-0.707106781186547,0.707106781186548,-4.32978028117747E-17));
#6095=DIRECTION('',(0.707106781186548,0.707106781186547,-4.32978028117746E-17));
#6096=DIRECTION('',(7.49879891330929E-33,6.12323399573677E-17,1.));
#6097=DIRECTION('',(-0.707106781186548,-0.707106781186547,4.32978028117746E-17));
#6098=DIRECTION('',(7.49879891330929E-33,6.12323399573677E-17,1.));
#6099=DIRECTION('',(7.49879891330929E-33,6.12323399573677E-17,1.));
#6100=DIRECTION('',(0.577350269189628,0.577350269189622,-0.577350269189628));
#6101=DIRECTION('',(0.577350269189628,0.577350269189622,0.577350269189628));
#6102=DIRECTION('',(-7.49879891330929E-33,-6.12323399573677E-17,-1.));
#6103=DIRECTION('',(-1.,1.22464679914735E-16,0.));
#6104=DIRECTION('',(1.22464679914735E-16,1.,-6.12323399573677E-17));
#6105=DIRECTION('',(1.22464679914735E-16,1.,-6.12323399573677E-17));
#6106=DIRECTION('',(-1.22464679914735E-16,-1.,0.));
#6107=DIRECTION('',(1.22464679914735E-16,1.,0.));
#6108=DIRECTION('',(-1.,1.22464679914735E-16,0.));
#6109=DIRECTION('',(1.22464679914735E-16,1.,-6.12323399573677E-17));
#6110=DIRECTION('',(1.22464679914735E-16,1.,-6.12323399573677E-17));
#6111=DIRECTION('',(7.49879891330929E-33,6.12323399573677E-17,1.));
#6112=DIRECTION('',(1.22464679914735E-16,1.,-6.12323399573677E-17));
#6113=DIRECTION('',(-1.22464679914735E-16,-1.,0.));
#6114=DIRECTION('',(1.22464679914735E-16,1.,-6.12323399573677E-17));
#6115=DIRECTION('',(1.,-1.22464679914735E-16,0.));
#6116=DIRECTION('',(1.,-1.22464679914735E-16,0.));
#6117=DIRECTION('',(7.49879891330929E-33,6.12323399573677E-17,1.));
#6118=DIRECTION('',(1.,-1.22464679914735E-16,0.));
#6119=DIRECTION('',(1.,-1.22464679914735E-16,0.));
#6120=DIRECTION('',(-1.22464679914735E-16,-1.,6.12323399573677E-17));
#6121=DIRECTION('',(-1.22464679914735E-16,-1.,6.12323399573677E-17));
#6122=DIRECTION('',(7.49879891330929E-33,6.12323399573677E-17,1.));
#6123=DIRECTION('',(-1.22464679914735E-16,-1.,0.));
#6124=DIRECTION('',(-1.22464679914735E-16,-1.,6.12323399573677E-17));
#6125=DIRECTION('',(-1.22464679914735E-16,-1.,6.12323399573677E-17));
#6126=DIRECTION('',(-1.,1.22464679914735E-16,0.));
#6127=DIRECTION('',(-1.,1.22464679914735E-16,0.));
#6128=DIRECTION('',(7.49879891330929E-33,6.12323399573677E-17,1.));
#6129=DIRECTION('',(-1.,1.22464679914735E-16,0.));
#6130=DIRECTION('',(-1.,1.22464679914735E-16,0.));
#6131=DIRECTION('',(1.22464679914735E-16,1.,-6.12323399573677E-17));
#6132=DIRECTION('',(1.22464679914735E-16,1.,-6.12323399573677E-17));
#6133=DIRECTION('',(7.49879891330929E-33,6.12323399573677E-17,1.));
#6134=DIRECTION('',(1.22464679914735E-16,1.,0.));
#6135=DIRECTION('',(7.49879891330929E-33,6.12323399573677E-17,1.));
#6136=DIRECTION('',(0.707106781186548,-0.707106781186548,4.32978028117746E-17));
#6137=DIRECTION('',(-0.707106781186548,-0.707106781186548,4.32978028117747E-17));
#6138=DIRECTION('',(-0.707106781186548,-0.707106781186548,4.32978028117747E-17));
#6139=DIRECTION('',(7.49879891330929E-33,6.12323399573677E-17,1.));
#6140=DIRECTION('',(0.577350269189626,0.577350269189626,-0.577350269189626));
#6141=DIRECTION('',(-1.22464679914735E-16,-1.,6.12323399573677E-17));
#6142=DIRECTION('',(-1.,1.22464679914735E-16,0.));
#6143=DIRECTION('',(-1.,1.22464679914735E-16,0.));
#6144=DIRECTION('',(7.49879891330929E-33,6.12323399573677E-17,1.));
#6145=DIRECTION('',(1.,-6.12323399573677E-17,0.));
#6146=DIRECTION('',(1.,-6.12323399573677E-17,0.));
#6147=DIRECTION('',(0.707106781186548,-1.29893408435324E-16,-0.707106781186548));
#6148=DIRECTION('',(-1.,1.22464679914735E-16,0.));
#6149=DIRECTION('',(1.22464679914735E-16,1.,-6.12323399573677E-17));
#6150=DIRECTION('',(1.22464679914735E-16,1.,-6.12323399573677E-17));
#6151=DIRECTION('',(1.22464679914735E-16,1.,-6.12323399573677E-17));
#6152=DIRECTION('',(7.49879891330929E-33,6.12323399573677E-17,1.));
#6153=DIRECTION('',(1.22464679914735E-16,1.,-6.12323399573677E-17));
#6154=DIRECTION('',(1.,-1.22464679914735E-16,0.));
#6155=DIRECTION('',(1.,-1.22464679914735E-16,0.));
#6156=DIRECTION('',(7.49879891330929E-33,6.12323399573677E-17,1.));
#6157=DIRECTION('',(1.,-6.12323399573677E-17,0.));
#6158=DIRECTION('',(1.,-6.12323399573677E-17,0.));
#6159=DIRECTION('',(1.,-1.22464679914735E-16,0.));
#6160=DIRECTION('',(-1.22464679914735E-16,-1.,6.12323399573677E-17));
#6161=DIRECTION('',(-1.22464679914735E-16,-1.,6.12323399573677E-17));
#6162=DIRECTION('',(7.49879891330929E-33,6.12323399573677E-17,1.));
#6163=DIRECTION('',(-1.22464679914735E-16,-1.,6.12323399573677E-17));
#6164=DIRECTION('',(1.22464679914735E-16,1.,-6.12323399573677E-17));
#6165=DIRECTION('',(1.,-1.22464679914735E-16,0.));
#6166=DIRECTION('',(1.,-1.22464679914735E-16,0.));
#6167=DIRECTION('',(7.49879891330929E-33,6.12323399573677E-17,1.));
#6168=DIRECTION('',(1.,-6.12323399573677E-17,0.));
#6169=DIRECTION('',(1.,-6.12323399573677E-17,0.));
#6170=DIRECTION('',(1.,-1.22464679914735E-16,0.));
#6171=DIRECTION('',(-1.22464679914735E-16,-1.,6.12323399573677E-17));
#6172=DIRECTION('',(-1.22464679914735E-16,-1.,6.12323399573677E-17));
#6173=DIRECTION('',(-1.22464679914735E-16,-1.,6.12323399573677E-17));
#6174=DIRECTION('',(7.49879891330929E-33,6.12323399573677E-17,1.));
#6175=DIRECTION('',(1.22464679914735E-16,1.,-6.12323399573677E-17));
#6176=DIRECTION('',(1.,-1.22464679914735E-16,0.));
#6177=DIRECTION('',(1.,-6.12323399573677E-17,0.));
#6178=DIRECTION('',(1.,-6.12323399573677E-17,0.));
#6179=DIRECTION('',(1.,-1.22464679914735E-16,0.));
#6180=DIRECTION('',(1.,-1.22464679914735E-16,0.));
#6181=DIRECTION('',(1.22464679914735E-16,1.,0.));
#6182=DIRECTION('',(0.,0.,-1.));
#6183=DIRECTION('',(1.22464679914735E-16,1.,0.));
#6184=DIRECTION('',(0.,0.,-1.));
#6185=DIRECTION('',(-7.49879891330929E-33,-6.12323399573677E-17,-1.));
#6186=DIRECTION('',(-1.,1.22464679914735E-16,0.));
#6187=DIRECTION('',(0.,0.,1.));
#6188=DIRECTION('',(6.12323399573677E-17,1.,0.));
#6189=DIRECTION('',(0.,0.,1.));
#6190=DIRECTION('',(6.12323399573677E-17,1.,0.));
#6191=DIRECTION('',(-4.32978028117747E-17,-0.707106781186548,0.707106781186547));
#6192=DIRECTION('',(4.32978028117746E-17,0.707106781186547,0.707106781186548));
#6193=DIRECTION('',(1.,-6.12323399573677E-17,0.));
#6194=DIRECTION('',(0.577350269189626,-0.577350269189626,-0.577350269189626));
#6195=DIRECTION('',(0.,0.,1.));
#6196=DIRECTION('',(6.12323399573677E-17,1.,0.));
#6197=DIRECTION('',(1.,-6.12323399573677E-17,0.));
#6198=DIRECTION('',(-1.22464679914735E-16,-1.,0.));
#6199=DIRECTION('',(0.,0.,-1.));
#6200=DIRECTION('',(-6.12323399573677E-17,-1.,0.));
#6201=DIRECTION('',(-1.22464679914735E-16,-1.,0.));
#6202=DIRECTION('',(1.,-6.12323399573677E-17,0.));
#6203=DIRECTION('',(-6.12323399573677E-17,-1.,0.));
#6204=DIRECTION('',(-6.12323399573677E-17,-1.,0.));
#6205=DIRECTION('',(0.,0.,1.));
#6206=DIRECTION('',(0.,0.,1.));
#6207=DIRECTION('',(4.32978028117746E-17,0.707106781186548,-0.707106781186548));
#6208=DIRECTION('',(-4.32978028117747E-17,-0.707106781186548,-0.707106781186548));
#6209=DIRECTION('',(0.577350269189628,-0.577350269189622,-0.577350269189628));
#6210=DIRECTION('',(0.,0.,-1.));
#6211=DIRECTION('',(-6.12323399573677E-17,-1.,0.));
#6212=DIRECTION('',(-0.707106781186547,8.65956056235493E-17,-0.707106781186548));
#6213=DIRECTION('',(0.707106781186548,-8.65956056235494E-17,-0.707106781186547));
#6214=DIRECTION('',(1.22464679914735E-16,1.,0.));
#6215=DIRECTION('',(0.,0.,1.));
#6216=DIRECTION('',(1.22464679914735E-16,1.,0.));
#6217=DIRECTION('',(0.,0.,1.));
#6218=DIRECTION('',(0.,0.,1.));
#6219=DIRECTION('',(6.12323399573677E-17,1.,0.));
#6220=DIRECTION('',(1.,-1.22464679914735E-16,0.));
#6221=DIRECTION('',(0.,0.,1.));
#6222=DIRECTION('',(0.,0.,1.));
#6223=DIRECTION('',(-1.,1.22464679914735E-16,0.));
#6224=DIRECTION('',(0.707106781186548,-8.65956056235494E-17,0.707106781186548));
#6225=DIRECTION('',(1.22464679914735E-16,1.,0.));
#6226=DIRECTION('',(-0.707106781186548,8.65956056235494E-17,0.707106781186548));
#6227=DIRECTION('',(-1.22464679914735E-16,-1.,0.));
#6228=DIRECTION('',(-1.,1.22464679914735E-16,0.));
#6229=DIRECTION('',(0.,0.,1.));
#6230=DIRECTION('',(0.707106781186547,-8.65956056235493E-17,-0.707106781186548));
#6231=DIRECTION('',(-1.,1.22464679914735E-16,0.));
#6232=DIRECTION('',(0.,0.,-1.));
#6233=DIRECTION('',(1.,-1.22464679914735E-16,0.));
#6234=DIRECTION('',(-1.22464679914735E-16,-1.,0.));
#6235=DIRECTION('',(0.707106781186548,-8.65956056235494E-17,0.707106781186547));
#6236=DIRECTION('',(-0.707106781186547,8.65956056235493E-17,0.707106781186548));
#6237=DIRECTION('',(-1.22464679914735E-16,-1.,0.));
#6238=DIRECTION('',(-1.,1.22464679914735E-16,0.));
#6239=DIRECTION('',(0.,0.,-1.));
#6240=DIRECTION('',(0.,0.,1.));
#6241=DIRECTION('',(1.,0.,0.));
#6242=DIRECTION('',(1.,0.,0.));
#6243=DIRECTION('',(0.,0.,-1.));
#6244=DIRECTION('',(0.,0.,-1.));
#6245=DIRECTION('',(0.,1.,0.));
#6246=DIRECTION('',(-1.,0.,0.));
#6247=DIRECTION('',(0.,0.,1.));
#6248=DIRECTION('',(0.,-1.,0.));
#6249=DIRECTION('',(-1.,0.,0.));
#6250=DIRECTION('',(0.,0.,1.));
#6251=DIRECTION('',(1.,0.,0.));
#6252=DIRECTION('',(0.,0.,-1.));
#6253=DIRECTION('',(1.,0.,0.));
#6254=DIRECTION('',(0.,0.,-1.));
#6255=DIRECTION('',(1.,0.,0.));
#6256=DIRECTION('',(0.,0.,-1.));
#6257=DIRECTION('',(0.,1.,0.));
#6258=DIRECTION('',(0.,0.,1.));
#6259=DIRECTION('',(0.,1.,0.));
#6260=DIRECTION('',(0.,0.,-1.));
#6261=DIRECTION('',(0.,0.,1.));
#6262=DIRECTION('',(1.,0.,0.));
#6263=DIRECTION('',(0.,1.,0.));
#6264=DIRECTION('',(1.,0.,0.));
#6265=DIRECTION('',(-1.,0.,0.));
#6266=DIRECTION('',(1.,0.,0.));
#6267=DIRECTION('',(0.,0.,-1.));
#6268=DIRECTION('',(0.,1.,0.));
#6269=DIRECTION('',(0.,0.,1.));
#6270=DIRECTION('',(0.,0.,-1.));
#6271=DIRECTION('',(0.,0.,1.));
#6272=DIRECTION('',(1.,0.,0.));
#6273=DIRECTION('',(0.,1.,0.));
#6274=DIRECTION('',(-1.,0.,0.));
#6275=DIRECTION('',(1.,0.,0.));
#6276=DIRECTION('',(1.,0.,0.));
#6277=DIRECTION('',(0.,0.,-1.));
#6278=DIRECTION('',(0.,-1.,0.));
#6279=DIRECTION('',(0.,0.,1.));
#6280=DIRECTION('',(0.,0.,-1.));
#6281=DIRECTION('',(0.,0.,1.));
#6282=DIRECTION('',(1.,0.,0.));
#6283=DIRECTION('',(1.,0.,0.));
#6284=DIRECTION('',(0.,-1.,0.));
#6285=DIRECTION('',(-1.,0.,0.));
#6286=DIRECTION('',(0.,1.,0.));
#6287=DIRECTION('',(0.857492925712544,0.,-0.514495755427527));
#6288=DIRECTION('',(-0.514495755427527,0.,-0.857492925712544));
#6289=DIRECTION('',(0.514495755427527,0.,0.857492925712544));
#6290=DIRECTION('',(0.,-1.,0.));
#6291=DIRECTION('',(-0.514495755427527,0.,-0.857492925712544));
#6292=DIRECTION('',(0.,1.,0.));
#6293=DIRECTION('',(1.,0.,0.));
#6294=DIRECTION('',(0.,0.,-1.));
#6295=DIRECTION('',(-1.,0.,0.));
#6296=DIRECTION('',(0.,0.,1.));
#6297=DIRECTION('',(0.,1.,0.));
#6298=DIRECTION('',(0.,0.,1.));
#6299=DIRECTION('',(0.,-1.,0.));
#6300=DIRECTION('',(0.857492925712544,0.,0.514495755427527));
#6301=DIRECTION('',(0.514495755427527,0.,-0.857492925712544));
#6302=DIRECTION('',(0.514495755427527,0.,-0.857492925712544));
#6303=DIRECTION('',(0.,1.,0.));
#6304=DIRECTION('',(-0.514495755427527,0.,0.857492925712544));
#6305=DIRECTION('',(0.,-1.,0.));
#6306=DIRECTION('',(0.,0.,1.));
#6307=DIRECTION('',(1.,0.,0.));
#6308=DIRECTION('',(1.,0.,0.));
#6309=DIRECTION('',(0.,1.,0.));
#6310=DIRECTION('',(-1.,0.,0.));
#6311=DIRECTION('',(0.,-1.,0.));
#6312=DIRECTION('',(0.,-1.,0.));
#6313=DIRECTION('',(1.,0.,0.));
#6314=DIRECTION('',(0.514495755427527,0.,0.857492925712544));
#6315=DIRECTION('',(0.,0.,1.));
#6316=DIRECTION('',(-0.514495755427527,0.,0.857492925712544));
#6317=DIRECTION('',(-1.,0.,0.));
#6318=DIRECTION('',(0.,0.,-1.));
#6319=DIRECTION('',(-1.,0.,0.));
#6320=DIRECTION('',(0.,0.,-1.));
#6321=DIRECTION('',(1.,0.,0.));
#6322=DIRECTION('',(0.,0.,-1.));
#6323=DIRECTION('',(1.,0.,0.));
#6324=DIRECTION('',(0.,-1.,0.));
#6325=DIRECTION('',(1.,0.,0.));
#6326=DIRECTION('',(0.514495755427527,0.,-0.857492925712544));
#6327=DIRECTION('',(0.,0.,-1.));
#6328=DIRECTION('',(-0.514495755427527,0.,-0.857492925712544));
#6329=DIRECTION('',(-1.,0.,0.));
#6330=DIRECTION('',(0.,0.,1.));
#6331=DIRECTION('',(-1.,0.,0.));
#6332=DIRECTION('',(0.,0.,1.));
#6333=DIRECTION('',(1.,0.,0.));
#6334=DIRECTION('',(0.,0.,1.));
#6335=DIRECTION('',(1.,0.,0.));
#6336=DIRECTION('',(1.,0.,0.));
#6337=DIRECTION('',(0.,0.,-1.));
#6338=DIRECTION('',(1.,0.,0.));
#6339=DIRECTION('',(0.,0.,-1.));
#6340=DIRECTION('',(-1.,0.,0.));
#6341=DIRECTION('',(0.,0.,1.));
#6342=DIRECTION('',(-1.,0.,0.));
#6343=DIRECTION('',(0.,0.,1.));
#6344=DIRECTION('',(1.,0.,0.));
#6345=DIRECTION('',(0.,0.,-1.));
#6346=DIRECTION('',(0.707106781186508,-0.707106781186587,0.));
#6347=DIRECTION('',(0.,0.,-1.));
#6348=DIRECTION('',(0.707106781186587,0.707106781186508,0.));
#6349=DIRECTION('',(-0.577350269189648,-0.577350269189583,0.577350269189646));
#6350=DIRECTION('',(-0.577350269189606,0.57735026918967,0.577350269189602));
#6351=DIRECTION('',(-0.707106781186587,-0.707106781186508,0.));
#6352=DIRECTION('',(4.77965114034345E-15,0.707106781186508,-0.707106781186587));
#6353=DIRECTION('',(0.707106781186545,-1.239037099348E-16,0.70710678118655));
#6354=DIRECTION('',(0.,0.707106781186586,0.707106781186509));
#6355=DIRECTION('',(-1.,0.,0.));
#6356=DIRECTION('',(-0.577350269189648,-0.577350269189583,0.577350269189646));
#6357=DIRECTION('',(-0.70710678118655,0.,0.707106781186545));
#6358=DIRECTION('',(0.,-1.,0.));
#6359=DIRECTION('',(-0.707106781186545,2.77555756156289E-17,-0.70710678118655));
#6360=DIRECTION('',(0.,0.707106781186587,0.707106781186508));
#6361=DIRECTION('',(-1.,0.,0.));
#6362=DIRECTION('',(-0.293262536754912,-0.676016673069523,0.676016673069598));
#6363=DIRECTION('',(0.707106781186508,-0.707106781186587,0.));
#6364=DIRECTION('',(0.,0.,-1.));
#6365=DIRECTION('',(0.577350269189648,0.577350269189583,0.577350269189646));
#6366=DIRECTION('',(-0.707106781186508,-0.707106781186587,0.));
#6367=DIRECTION('',(0.,0.,1.));
#6368=DIRECTION('',(0.707106781186587,-0.707106781186508,-9.18543318284198E-17));
#6369=DIRECTION('',(0.577350269189648,-0.577350269189583,-0.577350269189646));
#6370=DIRECTION('',(-0.577350269189606,-0.57735026918967,0.577350269189602));
#6371=DIRECTION('',(0.707106781186587,-0.707106781186508,0.));
#6372=DIRECTION('',(4.99970298459744E-15,-0.707106781186508,-0.707106781186587));
#6373=DIRECTION('',(0.411879677685601,0.548780557134101,0.727457924021171));
#6374=DIRECTION('',(0.,-0.798318037609896,0.602236092265057));
#6375=DIRECTION('',(-0.730561845207227,0.676016673069519,-0.0963371582486767));
#6376=DIRECTION('',(-0.870199906753475,-2.77555756156289E-17,0.492698814983601));
#6377=DIRECTION('',(0.,-0.707106781186586,0.707106781186509));
#6378=DIRECTION('',(1.,0.,0.));
#6379=DIRECTION('',(0.577350269189648,0.577350269189583,0.577350269189646));
#6380=DIRECTION('',(0.,0.707106781186586,-0.707106781186509));
#6381=DIRECTION('',(1.,0.,0.));
#6382=DIRECTION('',(0.577350269189648,-0.577350269189583,-0.577350269189646));
#6383=DIRECTION('',(0.,0.707106781186587,-0.707106781186508));
#6384=DIRECTION('',(1.,0.,0.));
#6385=DIRECTION('',(-0.293262536754912,0.676016673069523,0.676016673069598));
#6386=DIRECTION('',(-0.492698814983601,0.,-0.870199906753475));
#6387=DIRECTION('',(0.,1.,0.));
#6388=DIRECTION('',(0.870199906753475,-2.77555756156289E-17,-0.492698814983601));
#6389=DIRECTION('',(0.606339062590799,0.707106781186587,0.36380343755448));
#6390=DIRECTION('',(-0.514495755427527,0.,0.857492925712544));
#6391=DIRECTION('',(0.305672054138822,-0.629597078822578,0.714263336351958));
#6392=DIRECTION('',(0.707106781186508,-0.707106781186587,0.));
#6393=DIRECTION('',(0.,0.,-1.));
#6394=DIRECTION('',(-0.707106781186587,-0.707106781186508,0.));
#6395=DIRECTION('',(-0.707106781186508,-0.707106781186587,0.));
#6396=DIRECTION('',(0.,0.,1.));
#6397=DIRECTION('',(-0.577350269189648,0.577350269189583,-0.577350269189646));
#6398=DIRECTION('',(0.411879677685601,-0.548780557134101,0.727457924021171));
#6399=DIRECTION('',(0.,-0.798318037609896,-0.602236092265056));
#6400=DIRECTION('',(-0.730561845207227,-0.676016673069519,-0.0963371582486764));
#6401=DIRECTION('',(0.763314738517781,0.610450391663292,0.211425942778234));
#6402=DIRECTION('',(-0.62456939478629,0.780969315079848,0.));
#6403=DIRECTION('',(-0.62959707882265,0.62959707882258,0.455208783610399));
#6404=DIRECTION('',(-0.266933581895814,-2.27336864671373E-16,0.96371492821076));
#6405=DIRECTION('',(-0.577350269189604,0.577350269189669,-0.577350269189604));
#6406=DIRECTION('',(0.,0.707106781186508,0.707106781186587));
#6407=DIRECTION('',(0.707106781186548,0.,-0.707106781186548));
#6408=DIRECTION('',(0.,0.707106781186508,0.707106781186587));
#6409=DIRECTION('',(0.,-0.707106781186586,-0.707106781186509));
#6410=DIRECTION('',(-1.,0.,0.));
#6411=DIRECTION('',(-0.577350269189648,0.577350269189583,-0.577350269189646));
#6412=DIRECTION('',(-0.606339062590799,0.707106781186587,-0.36380343755448));
#6413=DIRECTION('',(0.514495755427527,0.,-0.857492925712544));
#6414=DIRECTION('',(0.305672054138824,0.629597078822579,0.714263336351956));
#6415=DIRECTION('',(-0.96371492821076,0.,-0.266933581895814));
#6416=DIRECTION('',(0.,1.,0.));
#6417=DIRECTION('',(0.266933581895814,-3.63738983474197E-16,-0.96371492821076));
#6418=DIRECTION('',(0.707106781186508,0.707106781186587,0.));
#6419=DIRECTION('',(0.,0.,1.));
#6420=DIRECTION('',(0.62959707882265,-0.62959707882258,0.455208783610399));
#6421=DIRECTION('',(0.606339062590797,0.707106781186588,-0.363803437554479));
#6422=DIRECTION('',(0.514495755427527,0.,0.857492925712544));
#6423=DIRECTION('',(0.730561845207226,-0.676016673069519,-0.0963371582486841));
#6424=DIRECTION('',(-0.305672054138829,0.629597078822579,0.714263336351953));
#6425=DIRECTION('',(0.,-0.707106781186587,0.707106781186508));
#6426=DIRECTION('',(1.,0.,0.));
#6427=DIRECTION('',(-0.293262536754916,-0.676016673069522,-0.676016673069597));
#6428=DIRECTION('',(0.707106781186548,0.,0.707106781186548));
#6429=DIRECTION('',(0.,1.,0.));
#6430=DIRECTION('',(-0.707106781186548,0.,0.707106781186548));
#6431=DIRECTION('',(-0.707106781186508,-0.707106781186587,0.));
#6432=DIRECTION('',(0.,0.,1.));
#6433=DIRECTION('',(-0.707106781186587,0.707106781186508,0.));
#6434=DIRECTION('',(0.763314738517781,-0.610450391663293,0.211425942778234));
#6435=DIRECTION('',(0.624569394786291,0.780969315079848,0.));
#6436=DIRECTION('',(-0.629597078822651,-0.629597078822581,0.455208783610396));
#6437=DIRECTION('',(0.763314738517781,0.610450391663294,-0.211425942778231));
#6438=DIRECTION('',(-0.624569394786292,0.780969315079847,0.));
#6439=DIRECTION('',(0.26693358189581,3.18271610539921E-16,0.963714928210761));
#6440=DIRECTION('',(0.411879677685595,0.548780557134102,-0.727457924021173));
#6441=DIRECTION('',(0.,0.798318037609896,0.602236092265057));
#6442=DIRECTION('',(-0.870199906753478,3.03460921727004E-16,-0.492698814983594));
#6443=DIRECTION('',(-0.577350269189604,-0.577350269189669,-0.577350269189604));
#6444=DIRECTION('',(0.,0.707106781186508,-0.707106781186587));
#6445=DIRECTION('',(0.,-0.707106781186508,0.707106781186587));
#6446=DIRECTION('',(-0.707106781186508,0.707106781186587,0.));
#6447=DIRECTION('',(0.,0.,-1.));
#6448=DIRECTION('',(0.629597078822651,0.629597078822581,0.455208783610398));
#6449=DIRECTION('',(-0.963714928210761,0.,0.26693358189581));
#6450=DIRECTION('',(0.,1.,0.));
#6451=DIRECTION('',(-0.26693358189581,3.04393822732107E-16,-0.963714928210761));
#6452=DIRECTION('',(0.492698814983594,0.,-0.870199906753478));
#6453=DIRECTION('',(0.,-1.,0.));
#6454=DIRECTION('',(0.870199906753478,3.31216497342633E-16,0.492698814983594));
#6455=DIRECTION('',(0.,-0.707106781186587,-0.707106781186508));
#6456=DIRECTION('',(-1.,0.,0.));
#6457=DIRECTION('',(-0.293262536754916,0.676016673069522,-0.676016673069597));
#6458=DIRECTION('',(0.76331473851778,-0.610450391663294,-0.211425942778231));
#6459=DIRECTION('',(0.624569394786292,0.780969315079847,0.));
#6460=DIRECTION('',(-0.30567205413883,-0.629597078822579,0.714263336351953));
#6461=DIRECTION('',(0.411879677685595,-0.548780557134102,-0.727457924021173));
#6462=DIRECTION('',(0.,0.798318037609895,-0.602236092265057));
#6463=DIRECTION('',(0.730561845207226,0.676016673069519,-0.0963371582486843));
#6464=DIRECTION('',(-0.606339062590797,0.707106781186588,0.363803437554479));
#6465=DIRECTION('',(-0.514495755427527,0.,-0.857492925712544));
#6466=DIRECTION('',(0.,0.,1.));
#6467=DIRECTION('',(1.,0.,0.));
#6468=DIRECTION('',(1.,0.,0.));
#6469=DIRECTION('',(0.,0.,-1.));
#6470=DIRECTION('',(0.,-1.,0.));
#6471=DIRECTION('',(0.,0.,-1.));
#6472=DIRECTION('',(0.,-1.,0.));
#6473=DIRECTION('',(0.,0.,-1.));
#6474=DIRECTION('',(0.,1.,0.));
#6475=DIRECTION('',(0.,0.,1.));
#6476=DIRECTION('',(1.,0.,0.));
#6477=DIRECTION('',(0.,0.,-1.));
#6478=DIRECTION('',(1.,0.,0.));
#6479=DIRECTION('',(-1.,0.,0.));
#6480=DIRECTION('',(0.,0.,1.));
#6481=DIRECTION('',(0.,1.,0.));
#6482=DIRECTION('',(0.,0.,-1.));
#6483=DIRECTION('',(0.,1.,0.));
#6484=DIRECTION('',(0.,1.,0.));
#6485=DIRECTION('',(0.,0.,1.));
#6486=DIRECTION('',(1.,0.,0.));
#6487=DIRECTION('',(1.,0.,0.));
#6488=DIRECTION('',(0.,0.,1.));
#6489=DIRECTION('',(1.,0.,0.));
#6490=DIRECTION('',(0.,0.,-1.));
#6491=DIRECTION('',(-1.,0.,0.));
#6492=DIRECTION('',(0.,0.,-1.));
#6493=DIRECTION('',(-1.,0.,0.));
#6494=DIRECTION('',(0.,0.,-1.));
#6495=DIRECTION('',(-1.,0.,0.));
#6496=DIRECTION('',(0.,0.,-1.));
#6497=DIRECTION('',(-1.,0.,0.));
#6498=DIRECTION('',(0.,0.,1.));
#6499=DIRECTION('',(1.,0.,0.));
#6500=DIRECTION('',(0.,0.,-1.));
#6501=DIRECTION('',(-1.,0.,0.));
#6502=DIRECTION('',(0.,0.,-1.));
#6503=DIRECTION('',(-1.,0.,0.));
#6504=DIRECTION('',(0.,0.,-1.));
#6505=DIRECTION('',(-1.,0.,0.));
#6506=DIRECTION('',(0.,0.,-1.));
#6507=DIRECTION('',(-1.,0.,0.));
#6508=DIRECTION('',(0.,0.,-1.));
#6509=DIRECTION('',(-1.,0.,0.));
#6510=DIRECTION('',(0.,0.,-1.));
#6511=DIRECTION('',(-1.,0.,0.));
#6512=DIRECTION('',(0.,0.,-1.));
#6513=DIRECTION('',(-1.,0.,0.));
#6514=DIRECTION('',(0.,0.,-1.));
#6515=DIRECTION('',(-1.,0.,0.));
#6516=DIRECTION('',(0.,0.,1.));
#6517=DIRECTION('',(1.,0.,0.));
#6518=DIRECTION('',(0.,-1.,0.));
#6519=DIRECTION('',(1.,0.,0.));
#6520=DIRECTION('',(-1.5770213417971E-16,0.,1.));
#6521=DIRECTION('',(1.,0.,0.));
#6522=DIRECTION('',(0.,0.,-1.));
#6523=DIRECTION('',(1.,0.,0.));
#6524=DIRECTION('',(1.5770213417971E-16,0.,-1.));
#6525=DIRECTION('',(1.,0.,0.));
#6526=DIRECTION('',(-1.5770213417971E-16,0.,1.));
#6527=DIRECTION('',(-1.,0.,0.));
#6528=DIRECTION('',(0.,0.,-1.));
#6529=DIRECTION('',(1.,0.,0.));
#6530=DIRECTION('',(0.,0.,-1.));
#6531=DIRECTION('',(-1.,0.,0.));
#6532=DIRECTION('',(0.,-1.,0.));
#6533=DIRECTION('',(1.,0.,0.));
#6534=DIRECTION('',(1.,0.,0.));
#6535=DIRECTION('',(-1.5770213417971E-16,0.,1.));
#6536=DIRECTION('',(-1.,0.,0.));
#6537=DIRECTION('',(0.,0.,-1.));
#6538=DIRECTION('',(1.,0.,0.));
#6539=DIRECTION('',(0.,0.,-1.));
#6540=DIRECTION('',(-1.,0.,0.));
#6541=DIRECTION('',(-1.5770213417971E-16,0.,1.));
#6542=DIRECTION('',(1.,0.,0.));
#6543=DIRECTION('',(1.5770213417971E-16,0.,-1.));
#6544=DIRECTION('',(1.,0.,0.));
#6545=DIRECTION('',(0.,0.,-1.));
#6546=DIRECTION('',(1.,0.,1.5770213417971E-16));
#6547=DIRECTION('',(1.5770213417971E-16,0.,-1.));
#6548=DIRECTION('',(0.,1.,0.));
#6549=DIRECTION('',(0.,1.,0.));
#6550=DIRECTION('',(0.,1.,0.));
#6551=DIRECTION('',(1.,0.,0.));
#6552=DIRECTION('',(0.,0.,-1.));
#6553=DIRECTION('',(0.,1.,0.));
#6554=DIRECTION('',(0.,1.,0.));
#6555=DIRECTION('',(0.,1.,0.));
#6556=DIRECTION('',(0.,0.,1.));
#6557=DIRECTION('',(1.,0.,0.));
#6558=DIRECTION('',(0.,0.,1.));
#6559=DIRECTION('',(1.,0.,0.));
#6560=DIRECTION('',(0.,0.,1.));
#6561=DIRECTION('',(1.,0.,0.));
#6562=DIRECTION('',(0.,0.,1.));
#6563=DIRECTION('',(1.,0.,0.));
#6564=DIRECTION('',(0.,0.,-1.));
#6565=DIRECTION('',(-1.,0.,0.));
#6566=DIRECTION('',(0.,1.,0.));
#6567=DIRECTION('',(0.,1.,0.));
#6568=DIRECTION('',(1.,0.,0.));
#6569=DIRECTION('',(0.,0.,-1.));
#6570=DIRECTION('',(0.,1.,0.));
#6571=DIRECTION('',(0.,0.,1.));
#6572=DIRECTION('',(1.,0.,0.));
#6573=DIRECTION('',(0.,0.,-1.));
#6574=DIRECTION('',(-1.,0.,0.));
#6575=DIRECTION('',(0.,1.,0.));
#6576=DIRECTION('',(1.,0.,0.));
#6577=DIRECTION('',(0.,0.,-1.));
#6578=DIRECTION('',(0.,1.,0.));
#6579=DIRECTION('',(0.,0.,-1.));
#6580=DIRECTION('',(-1.,0.,0.));
#6581=DIRECTION('',(0.,1.,0.));
#6582=DIRECTION('',(0.,0.,-1.));
#6583=DIRECTION('',(-1.,0.,0.));
#6584=DIRECTION('',(-1.,0.,-1.5770213417971E-16));
#6585=DIRECTION('',(-1.5770213417971E-16,0.,1.));
#6586=DIRECTION('',(0.,1.,0.));
#6587=DIRECTION('',(-1.,0.,-1.5770213417971E-16));
#6588=DIRECTION('',(-1.5770213417971E-16,0.,1.));
#6589=DIRECTION('',(0.,1.,0.));
#6590=DIRECTION('',(0.,0.,1.));
#6591=DIRECTION('',(1.,0.,0.));
#6592=DIRECTION('',(0.,0.,1.));
#6593=DIRECTION('',(1.,0.,0.));
#6594=DIRECTION('',(0.,0.,1.));
#6595=DIRECTION('',(1.,0.,0.));
#6596=DIRECTION('',(0.,-1.,6.12323399573677E-17));
#6597=DIRECTION('',(1.,0.,0.));
#6598=DIRECTION('',(-1.,6.12323399573677E-17,0.));
#6599=DIRECTION('',(0.,0.,1.));
#6600=DIRECTION('',(-1.,6.12323399573677E-17,0.));
#6601=DIRECTION('',(0.,0.,-1.));
#6602=DIRECTION('',(0.,-1.,6.12323399573677E-17));
#6603=DIRECTION('',(1.,0.,0.));
#6604=DIRECTION('',(-1.,0.,0.));
#6605=DIRECTION('',(0.,6.12323399573677E-17,1.));
#6606=DIRECTION('',(-1.,0.,0.));
#6607=DIRECTION('',(0.,6.12323399573677E-17,1.));
#6608=DIRECTION('',(0.,-1.,6.12323399573677E-17));
#6609=DIRECTION('',(1.,0.,0.));
#6610=DIRECTION('',(-1.,6.12323399573677E-17,0.));
#6611=DIRECTION('',(0.,0.,1.));
#6612=DIRECTION('',(-1.,6.12323399573677E-17,0.));
#6613=DIRECTION('',(0.,0.,1.));
#6614=DIRECTION('',(0.707106781186548,0.707106781186548,-4.32978028117747E-17));
#6615=DIRECTION('',(-0.707106781186548,0.707106781186548,-4.32978028117746E-17));
#6616=DIRECTION('',(0.,6.12323399573677E-17,1.));
#6617=DIRECTION('',(0.,-6.12323399573677E-17,-1.));
#6618=DIRECTION('',(-0.577350269189628,0.577350269189622,0.577350269189628));
#6619=DIRECTION('',(-0.577350269189628,0.577350269189622,-0.577350269189628));
#6620=DIRECTION('',(0.,6.12323399573677E-17,1.));
#6621=DIRECTION('',(0.,6.12323399573677E-17,1.));
#6622=DIRECTION('',(0.707106781186548,-0.707106781186548,4.32978028117746E-17));
#6623=DIRECTION('',(1.,0.,0.));
#6624=DIRECTION('',(0.,1.,-6.12323399573677E-17));
#6625=DIRECTION('',(0.,1.,0.));
#6626=DIRECTION('',(0.,0.,-1.));
#6627=DIRECTION('',(0.,-1.,0.));
#6628=DIRECTION('',(0.,1.,-6.12323399573677E-17));
#6629=DIRECTION('',(1.,0.,0.));
#6630=DIRECTION('',(0.,1.,-6.12323399573677E-17));
#6631=DIRECTION('',(0.,-1.,0.));
#6632=DIRECTION('',(0.,0.,-1.));
#6633=DIRECTION('',(0.,1.,-6.12323399573677E-17));
#6634=DIRECTION('',(0.,6.12323399573677E-17,1.));
#6635=DIRECTION('',(0.,1.,-6.12323399573677E-17));
#6636=DIRECTION('',(0.,1.,-6.12323399573677E-17));
#6637=DIRECTION('',(-1.,0.,0.));
#6638=DIRECTION('',(-1.,0.,0.));
#6639=DIRECTION('',(0.,6.12323399573677E-17,1.));
#6640=DIRECTION('',(-1.,0.,0.));
#6641=DIRECTION('',(-1.,0.,0.));
#6642=DIRECTION('',(0.,-1.,6.12323399573677E-17));
#6643=DIRECTION('',(0.,-1.,6.12323399573677E-17));
#6644=DIRECTION('',(0.,0.,1.));
#6645=DIRECTION('',(0.,-1.,0.));
#6646=DIRECTION('',(0.,6.12323399573677E-17,1.));
#6647=DIRECTION('',(0.,-1.,6.12323399573677E-17));
#6648=DIRECTION('',(0.,-1.,6.12323399573677E-17));
#6649=DIRECTION('',(1.,0.,0.));
#6650=DIRECTION('',(1.,0.,0.));
#6651=DIRECTION('',(0.,6.12323399573677E-17,1.));
#6652=DIRECTION('',(1.,0.,0.));
#6653=DIRECTION('',(1.,0.,0.));
#6654=DIRECTION('',(0.,1.,-6.12323399573677E-17));
#6655=DIRECTION('',(0.,6.12323399573677E-17,1.));
#6656=DIRECTION('',(0.,1.,0.));
#6657=DIRECTION('',(0.,6.12323399573677E-17,1.));
#6658=DIRECTION('',(0.,1.,-6.12323399573677E-17));
#6659=DIRECTION('',(-0.707106781186548,-0.707106781186547,4.32978028117746E-17));
#6660=DIRECTION('',(0.707106781186547,-0.707106781186548,4.32978028117747E-17));
#6661=DIRECTION('',(-0.577350269189626,0.577350269189626,-0.577350269189626));
#6662=DIRECTION('',(0.,6.12323399573677E-17,1.));
#6663=DIRECTION('',(0.707106781186548,-0.707106781186548,4.32978028117747E-17));
#6664=DIRECTION('',(0.,-1.,6.12323399573677E-17));
#6665=DIRECTION('',(1.,0.,0.));
#6666=DIRECTION('',(-0.707106781186548,-4.32978028117747E-17,-0.707106781186548));
#6667=DIRECTION('',(-1.,6.12323399573677E-17,0.));
#6668=DIRECTION('',(0.,0.,-1.));
#6669=DIRECTION('',(-1.,6.12323399573677E-17,0.));
#6670=DIRECTION('',(0.,6.12323399573677E-17,1.));
#6671=DIRECTION('',(1.,0.,0.));
#6672=DIRECTION('',(1.,0.,0.));
#6673=DIRECTION('',(0.,1.,-6.12323399573677E-17));
#6674=DIRECTION('',(0.,1.,-6.12323399573677E-17));
#6675=DIRECTION('',(0.,6.12323399573677E-17,1.));
#6676=DIRECTION('',(0.,1.,-6.12323399573677E-17));
#6677=DIRECTION('',(0.,1.,-6.12323399573677E-17));
#6678=DIRECTION('',(-1.,0.,0.));
#6679=DIRECTION('',(-1.,6.12323399573677E-17,0.));
#6680=DIRECTION('',(0.,0.,1.));
#6681=DIRECTION('',(-1.,6.12323399573677E-17,0.));
#6682=DIRECTION('',(0.,6.12323399573677E-17,1.));
#6683=DIRECTION('',(-1.,0.,0.));
#6684=DIRECTION('',(-1.,0.,0.));
#6685=DIRECTION('',(0.,-1.,6.12323399573677E-17));
#6686=DIRECTION('',(0.,-1.,6.12323399573677E-17));
#6687=DIRECTION('',(0.,6.12323399573677E-17,1.));
#6688=DIRECTION('',(0.,-1.,6.12323399573677E-17));
#6689=DIRECTION('',(0.,1.,-6.12323399573677E-17));
#6690=DIRECTION('',(-1.,0.,0.));
#6691=DIRECTION('',(-1.,6.12323399573677E-17,0.));
#6692=DIRECTION('',(0.,0.,-1.));
#6693=DIRECTION('',(-1.,6.12323399573677E-17,0.));
#6694=DIRECTION('',(0.,6.12323399573677E-17,1.));
#6695=DIRECTION('',(-1.,0.,0.));
#6696=DIRECTION('',(-1.,0.,0.));
#6697=DIRECTION('',(0.,-1.,6.12323399573677E-17));
#6698=DIRECTION('',(0.,-1.,6.12323399573677E-17));
#6699=DIRECTION('',(0.,6.12323399573677E-17,1.));
#6700=DIRECTION('',(0.,-1.,6.12323399573677E-17));
#6701=DIRECTION('',(0.,1.,-6.12323399573677E-17));
#6702=DIRECTION('',(-1.,0.,0.));
#6703=DIRECTION('',(-1.,6.12323399573677E-17,0.));
#6704=DIRECTION('',(-1.,0.,0.));
#6705=DIRECTION('',(-1.,0.,0.));
#6706=DIRECTION('',(-1.,6.12323399573677E-17,0.));
#6707=DIRECTION('',(0.,0.,-1.));
#6708=DIRECTION('',(0.,-1.,0.));
#6709=DIRECTION('',(0.,0.,-1.));
#6710=DIRECTION('',(0.,-1.,0.));
#6711=DIRECTION('',(0.,0.,-1.));
#6712=DIRECTION('',(0.,-6.12323399573677E-17,-1.));
#6713=DIRECTION('',(1.,0.,0.));
#6714=DIRECTION('',(0.,0.,1.));
#6715=DIRECTION('',(6.12323399573677E-17,1.,0.));
#6716=DIRECTION('',(6.12323399573677E-17,1.,0.));
#6717=DIRECTION('',(0.,0.,1.));
#6718=DIRECTION('',(6.12323399573677E-17,1.,0.));
#6719=DIRECTION('',(-6.12323399573677E-17,-1.,0.));
#6720=DIRECTION('',(-4.32978028117747E-17,-0.707106781186548,0.707106781186547));
#6721=DIRECTION('',(4.32978028117746E-17,0.707106781186547,0.707106781186548));
#6722=DIRECTION('',(-0.577350269189626,-0.577350269189626,-0.577350269189626));
#6723=DIRECTION('',(-1.,6.12323399573677E-17,0.));
#6724=DIRECTION('',(4.32978028117746E-17,0.707106781186548,0.707106781186548));
#6725=DIRECTION('',(0.,0.,1.));
#6726=DIRECTION('',(6.12323399573677E-17,1.,0.));
#6727=DIRECTION('',(0.,-1.,0.));
#6728=DIRECTION('',(-1.,6.12323399573677E-17,0.));
#6729=DIRECTION('',(6.12323399573677E-17,1.,0.));
#6730=DIRECTION('',(0.,0.,-1.));
#6731=DIRECTION('',(-6.12323399573677E-17,-1.,0.));
#6732=DIRECTION('',(0.,-1.,0.));
#6733=DIRECTION('',(-1.,0.,0.));
#6734=DIRECTION('',(-6.12323399573677E-17,-1.,0.));
#6735=DIRECTION('',(-1.,6.12323399573677E-17,0.));
#6736=DIRECTION('',(-6.12323399573677E-17,-1.,0.));
#6737=DIRECTION('',(-6.12323399573677E-17,-1.,0.));
#6738=DIRECTION('',(0.,0.,1.));
#6739=DIRECTION('',(0.,0.,1.));
#6740=DIRECTION('',(-1.,6.12323399573677E-17,0.));
#6741=DIRECTION('',(0.,0.,1.));
#6742=DIRECTION('',(0.,0.,-1.));
#6743=DIRECTION('',(-6.12323399573677E-17,-1.,0.));
#6744=DIRECTION('',(-6.12323399573677E-17,-1.,0.));
#6745=DIRECTION('',(-1.,0.,0.));
#6746=DIRECTION('',(0.,-1.,0.));
#6747=DIRECTION('',(-6.12323399573677E-17,-1.,0.));
#6748=DIRECTION('',(0.,0.,-1.));
#6749=DIRECTION('',(-6.12323399573677E-17,-1.,0.));
#6750=DIRECTION('',(0.,1.,0.));
#6751=DIRECTION('',(1.,0.,0.));
#6752=DIRECTION('',(-1.,6.12323399573677E-17,0.));
#6753=DIRECTION('',(-6.12323399573677E-17,-1.,0.));
#6754=DIRECTION('',(0.,-1.,0.));
#6755=DIRECTION('',(-1.,0.,0.));
#6756=DIRECTION('',(4.32978028117746E-17,0.707106781186548,-0.707106781186548));
#6757=DIRECTION('',(-4.32978028117747E-17,-0.707106781186548,-0.707106781186548));
#6758=DIRECTION('',(-0.577350269189628,-0.577350269189622,-0.577350269189628));
#6759=DIRECTION('',(4.32978028117747E-17,0.707106781186548,0.707106781186548));
#6760=DIRECTION('',(0.,0.,-1.));
#6761=DIRECTION('',(-6.12323399573677E-17,-1.,0.));
#6762=DIRECTION('',(-6.12323399573677E-17,-1.,0.));
#6763=DIRECTION('',(1.,-6.12323399573677E-17,0.));
#6764=DIRECTION('',(6.12323399573677E-17,1.,0.));
#6765=DIRECTION('',(0.707106781186547,0.,-0.707106781186548));
#6766=DIRECTION('',(-0.707106781186548,0.,-0.707106781186547));
#6767=DIRECTION('',(0.707106781186548,0.,0.707106781186548));
#6768=DIRECTION('',(0.,1.,0.));
#6769=DIRECTION('',(0.,0.,1.));
#6770=DIRECTION('',(0.,-1.,0.));
#6771=DIRECTION('',(0.,0.,-1.));
#6772=DIRECTION('',(0.,1.,0.));
#6773=DIRECTION('',(0.,0.,1.));
#6774=DIRECTION('',(0.,-1.,0.));
#6775=DIRECTION('',(0.,0.,-1.));
#6776=DIRECTION('',(0.,0.,1.));
#6777=DIRECTION('',(6.12323399573677E-17,1.,0.));
#6778=DIRECTION('',(-1.,0.,0.));
#6779=DIRECTION('',(-1.,0.,0.));
#6780=DIRECTION('',(0.,0.,1.));
#6781=DIRECTION('',(0.,0.,1.));
#6782=DIRECTION('',(1.,0.,0.));
#6783=DIRECTION('',(0.,0.,-1.));
#6784=DIRECTION('',(0.,0.,1.));
#6785=DIRECTION('',(0.,0.,1.));
#6786=DIRECTION('',(1.,0.,0.));
#6787=DIRECTION('',(-1.,0.,0.));
#6788=DIRECTION('',(0.,-1.,0.));
#6789=DIRECTION('',(1.,0.,0.));
#6790=DIRECTION('',(0.,0.,1.));
#6791=DIRECTION('',(-0.707106781186547,0.,-0.707106781186548));
#6792=DIRECTION('',(1.,0.,0.));
#6793=DIRECTION('',(-0.707106781186548,0.,0.707106781186548));
#6794=DIRECTION('',(0.,1.,0.));
#6795=DIRECTION('',(0.707106781186548,0.,0.707106781186548));
#6796=DIRECTION('',(0.,-1.,0.));
#6797=DIRECTION('',(1.,0.,0.));
#6798=DIRECTION('',(1.,0.,0.));
#6799=DIRECTION('',(-0.707106781186547,0.,-0.707106781186548));
#6800=DIRECTION('',(0.,0.,1.));
#6801=DIRECTION('',(0.,0.,-1.));
#6802=DIRECTION('',(-1.,0.,0.));
#6803=DIRECTION('',(0.,-1.,0.));
#6804=DIRECTION('',(-0.707106781186548,0.,0.707106781186547));
#6805=DIRECTION('',(0.707106781186547,0.,0.707106781186548));
#6806=DIRECTION('',(0.,-1.,0.));
#6807=DIRECTION('',(1.,0.,0.));
#6808=DIRECTION('',(0.,0.,-1.));
#6809=CARTESIAN_POINT('',(0.,0.,0.));
#6810=CARTESIAN_POINT('',(-0.0475000000000006,-0.491,-0.0239));
#6811=CARTESIAN_POINT('',(-0.0475000000000006,-0.478,-0.0239));
#6812=CARTESIAN_POINT('',(-0.0475000000000006,-0.478,-0.02225));
#6813=CARTESIAN_POINT('',(-0.0475000000000006,-0.478,-0.02555));
#6814=CARTESIAN_POINT('',(-0.0475000000000006,-0.491,-0.02555));
#6815=CARTESIAN_POINT('',(-0.0475000000000006,-0.491,-0.02555));
#6816=CARTESIAN_POINT('',(-0.0475000000000006,-0.491,-0.0239));
#6817=CARTESIAN_POINT('',(-0.0475000000000006,-0.491,-0.02225));
#6818=CARTESIAN_POINT('',(-0.0475000000000006,-0.491,-0.02225));
#6819=CARTESIAN_POINT('',(-0.024397435421796,-0.491,-0.0302843436619976));
#6820=CARTESIAN_POINT('',(-0.0285000000000006,-0.48788,-0.0294436166274292));
#6821=CARTESIAN_POINT('',(-0.0301500000000006,-0.48788,-0.0291054867624156));
#6822=CARTESIAN_POINT('',(-0.0415000000000006,-0.48788,-0.026779563145504));
#6823=CARTESIAN_POINT('',(-0.0431500000000006,-0.48788,-0.0264414332804904));
#6824=CARTESIAN_POINT('',(-0.0415000000000007,-0.48112,-0.026779563145504));
#6825=CARTESIAN_POINT('',(-0.0431500000000007,-0.48112,-0.0264414332804904));
#6826=CARTESIAN_POINT('',(-0.0285000000000008,-0.48112,-0.0294436166274291));
#6827=CARTESIAN_POINT('',(-0.0301500000000007,-0.48112,-0.0291054867624156));
#6828=CARTESIAN_POINT('',(-0.024397435421796,-0.478,-0.0302843436619976));
#6829=CARTESIAN_POINT('',(-0.00129487084359124,-0.478,-0.0350186873239952));
#6830=CARTESIAN_POINT('',(-0.00129487084359124,-0.491,-0.0350186873239952));
#6831=CARTESIAN_POINT('',(-0.00129487084359124,-0.491,-0.0350186873239952));
#6832=CARTESIAN_POINT('',(-0.024397435421796,-0.491,-0.0302843436619976));
#6833=CARTESIAN_POINT('',(4.01154803819636E-18,-0.491,-0.0287));
#6834=CARTESIAN_POINT('',(4.01154803819636E-18,-0.478,-0.0287));
#6835=CARTESIAN_POINT('',(2.23809228595038E-18,-0.478,-0.02225));
#6836=CARTESIAN_POINT('',(2.23809228595038E-18,-0.491,-0.02225));
#6837=CARTESIAN_POINT('',(2.23809228595038E-18,-0.491,-0.02225));
#6838=CARTESIAN_POINT('',(4.01154803819636E-18,-0.491,-0.0287));
#6839=CARTESIAN_POINT('',(-0.00375000000000031,-0.491,-0.02225));
#6840=CARTESIAN_POINT('',(-0.0285000000000006,-0.48788,-0.02225));
#6841=CARTESIAN_POINT('',(-0.0268500000000006,-0.48788,-0.02225));
#6842=CARTESIAN_POINT('',(-0.0415000000000006,-0.48788,-0.02225));
#6843=CARTESIAN_POINT('',(-0.0398500000000006,-0.48788,-0.02225));
#6844=CARTESIAN_POINT('',(-0.0415000000000007,-0.48112,-0.02225));
#6845=CARTESIAN_POINT('',(-0.0398500000000007,-0.48112,-0.02225));
#6846=CARTESIAN_POINT('',(-0.0285000000000008,-0.48112,-0.02225));
#6847=CARTESIAN_POINT('',(-0.0268500000000008,-0.48112,-0.02225));
#6848=CARTESIAN_POINT('',(-0.00375000000000031,-0.478,-0.02225));
#6849=CARTESIAN_POINT('',(-0.00375000000000031,-0.491,-0.02225));
#6850=CARTESIAN_POINT('',(1.7347234759768E-18,-0.491,-0.0287));
#6851=CARTESIAN_POINT('',(1.7347234759768E-18,-0.491,-0.0287));
#6852=CARTESIAN_POINT('',(1.7347234759768E-18,-0.491,-0.0317));
#6853=CARTESIAN_POINT('',(1.7347234759768E-18,-0.478,-0.0287));
#6854=CARTESIAN_POINT('',(1.7347234759768E-18,-0.478,-0.0317));
#6855=CARTESIAN_POINT('',(-0.0190000000000003,-0.491,-0.027575));
#6856=CARTESIAN_POINT('',(-0.0190000000000003,-0.478,-0.027575));
#6857=CARTESIAN_POINT('',(-0.0285000000000008,-0.48112,-0.04725));
#6858=CARTESIAN_POINT('',(-0.0415000000000007,-0.48112,-0.04725));
#6859=CARTESIAN_POINT('',(-0.0415000000000006,-0.48788,-0.04725));
#6860=CARTESIAN_POINT('',(-0.0285000000000006,-0.48788,-0.04725));
#6861=CARTESIAN_POINT('',(0.,0.,0.));
#6862=CARTESIAN_POINT('',(-0.003,-0.708,-0.05));
#6863=CARTESIAN_POINT('',(0.005,-0.7265,-0.05));
#6864=CARTESIAN_POINT('',(0.005,-0.72225,-0.05));
#6865=CARTESIAN_POINT('',(0.005,-0.731,-0.05));
#6866=CARTESIAN_POINT('',(-0.003,-0.731,-0.05));
#6867=CARTESIAN_POINT('',(-0.016,-0.731,-0.05));
#6868=CARTESIAN_POINT('',(-0.021,-0.726,-0.05));
#6869=CARTESIAN_POINT('',(-0.026,-0.721,-0.05));
#6870=CARTESIAN_POINT('',(-0.026,-0.7155,-0.05));
#6871=CARTESIAN_POINT('',(-0.026,-0.685,-0.05));
#6872=CARTESIAN_POINT('',(-0.0245,-0.685,-0.05));
#6873=CARTESIAN_POINT('',(-0.02225,-0.685,-0.05));
#6874=CARTESIAN_POINT('',(-0.02225,-0.6925,-0.05));
#6875=CARTESIAN_POINT('',(-0.02225,-0.7,-0.05));
#6876=CARTESIAN_POINT('',(-0.0215,-0.7,-0.05));
#6877=CARTESIAN_POINT('',(-0.02,-0.7,-0.05));
#6878=CARTESIAN_POINT('',(-0.02,-0.6925,-0.05));
#6879=CARTESIAN_POINT('',(-0.02,-0.685,-0.05));
#6880=CARTESIAN_POINT('',(-0.018625,-0.685,-0.05));
#6881=CARTESIAN_POINT('',(-0.01725,-0.685,-0.05));
#6882=CARTESIAN_POINT('',(-0.01725,-0.705,-0.05));
#6883=CARTESIAN_POINT('',(-0.01725,-0.70275,-0.05));
#6884=CARTESIAN_POINT('',(-0.0075,-0.7125,-0.05));
#6885=CARTESIAN_POINT('',(0.00225000000000019,-0.72225,-0.05));
#6886=CARTESIAN_POINT('',(-9.54097911787244E-18,-0.72225,-0.05));
#6887=CARTESIAN_POINT('',(0.00358578643762685,-0.728664213562373,-0.05));
#6888=CARTESIAN_POINT('',(0.00464644660940669,-0.727603553390593,-0.05));
#6889=CARTESIAN_POINT('',(0.00252512626584706,-0.729724873734153,-0.05));
#6890=CARTESIAN_POINT('',(-0.00897855339059331,-0.713978553390593,-0.05));
#6891=CARTESIAN_POINT('',(-0.0226035533905933,-0.700353553390593,-0.05));
#6892=CARTESIAN_POINT('',(-0.0236642135623731,-0.701414213562373,-0.05));
#6893=CARTESIAN_POINT('',(-0.0247248737341529,-0.702474873734153,-0.05));
#6894=CARTESIAN_POINT('',(-0.0110998737341529,-0.716099873734153,-0.05));
#6895=CARTESIAN_POINT('',(-0.003,-0.708,-0.045));
#6896=CARTESIAN_POINT('',(-0.003,-0.731,-0.045));
#6897=CARTESIAN_POINT('',(0.005,-0.731,-0.045));
#6898=CARTESIAN_POINT('',(-0.016,-0.731,-0.045));
#6899=CARTESIAN_POINT('',(0.005,-0.708,-0.045));
#6900=CARTESIAN_POINT('',(0.005,-0.72225,-0.045));
#6901=CARTESIAN_POINT('',(-9.54097911787244E-18,-0.72225,-0.045));
#6902=CARTESIAN_POINT('',(0.00225000000000019,-0.72225,-0.045));
#6903=CARTESIAN_POINT('',(-0.0075,-0.7125,-0.045));
#6904=CARTESIAN_POINT('',(-0.01725,-0.70275,-0.045));
#6905=CARTESIAN_POINT('',(-0.01725,-0.705,-0.045));
#6906=CARTESIAN_POINT('',(-0.01725,-0.685,-0.045));
#6907=CARTESIAN_POINT('',(-0.018625,-0.685,-0.045));
#6908=CARTESIAN_POINT('',(-0.02,-0.685,-0.045));
#6909=CARTESIAN_POINT('',(-0.02,-0.6925,-0.045));
#6910=CARTESIAN_POINT('',(-0.02,-0.7,-0.045));
#6911=CARTESIAN_POINT('',(-0.0215,-0.7,-0.045));
#6912=CARTESIAN_POINT('',(-0.02225,-0.7,-0.045));
#6913=CARTESIAN_POINT('',(-0.02225,-0.6925,-0.045));
#6914=CARTESIAN_POINT('',(-0.02225,-0.685,-0.045));
#6915=CARTESIAN_POINT('',(-0.0245,-0.685,-0.045));
#6916=CARTESIAN_POINT('',(-0.026,-0.685,-0.045));
#6917=CARTESIAN_POINT('',(-0.026,-0.7155,-0.045));
#6918=CARTESIAN_POINT('',(-0.026,-0.721,-0.045));
#6919=CARTESIAN_POINT('',(-0.021,-0.726,-0.045));
#6920=CARTESIAN_POINT('',(-0.00897855339059329,-0.713978553390593,-0.045));
#6921=CARTESIAN_POINT('',(0.00464644660940669,-0.727603553390593,-0.045));
#6922=CARTESIAN_POINT('',(-0.0226035533905933,-0.700353553390593,-0.045));
#6923=CARTESIAN_POINT('',(0.010625,-0.721625,-0.045));
#6924=CARTESIAN_POINT('',(0.00252512626584706,-0.729724873734153,-0.045));
#6925=CARTESIAN_POINT('',(-0.0110998737341529,-0.716099873734153,-0.045));
#6926=CARTESIAN_POINT('',(-0.024724873734153,-0.702474873734153,-0.045));
#6927=CARTESIAN_POINT('',(-0.016625,-0.694375,-0.045));
#6928=CARTESIAN_POINT('',(-0.01725,-0.705,-0.05));
#6929=CARTESIAN_POINT('',(-0.01725,-0.70275,-0.045));
#6930=CARTESIAN_POINT('',(-0.01725,-0.685,-0.05));
#6931=CARTESIAN_POINT('',(-9.54097911787244E-18,-0.72225,-0.05));
#6932=CARTESIAN_POINT('',(0.005,-0.72225,-0.05));
#6933=CARTESIAN_POINT('',(0.00225000000000019,-0.72225,-0.045));
#6934=CARTESIAN_POINT('',(0.005,-0.7265,-0.05));
#6935=CARTESIAN_POINT('',(0.005,-0.731,-0.05));
#6936=CARTESIAN_POINT('',(-0.0215,-0.7,-0.05));
#6937=CARTESIAN_POINT('',(-0.02225,-0.7,-0.05));
#6938=CARTESIAN_POINT('',(-0.02,-0.7,-0.05));
#6939=CARTESIAN_POINT('',(-0.021,-0.726,-0.05));
#6940=CARTESIAN_POINT('',(-0.026,-0.721,-0.05));
#6941=CARTESIAN_POINT('',(-0.016,-0.731,-0.05));
#6942=CARTESIAN_POINT('',(-0.026,-0.7155,-0.05));
#6943=CARTESIAN_POINT('',(-0.026,-0.685,-0.05));
#6944=CARTESIAN_POINT('',(-0.0245,-0.685,-0.05));
#6945=CARTESIAN_POINT('',(-0.02225,-0.685,-0.05));
#6946=CARTESIAN_POINT('',(-0.02,-0.6925,-0.05));
#6947=CARTESIAN_POINT('',(-0.02,-0.685,-0.05));
#6948=CARTESIAN_POINT('',(-0.018625,-0.685,-0.05));
#6949=CARTESIAN_POINT('',(-0.003,-0.731,-0.05));
#6950=CARTESIAN_POINT('',(-0.02225,-0.6925,-0.05));
#6951=CARTESIAN_POINT('',(-0.0075,-0.7125,-0.045));
#6952=CARTESIAN_POINT('',(-0.00897855339059331,-0.713978553390593,-0.04));
#6953=CARTESIAN_POINT('',(-0.0226035533905933,-0.700353553390593,-0.04));
#6954=CARTESIAN_POINT('',(0.00464644660940669,-0.727603553390593,-0.04));
#6955=CARTESIAN_POINT('',(0.00358578643762685,-0.728664213562373,-0.04));
#6956=CARTESIAN_POINT('',(0.00252512626584706,-0.729724873734153,-0.04));
#6957=CARTESIAN_POINT('',(-0.0110998737341529,-0.716099873734153,-0.04));
#6958=CARTESIAN_POINT('',(-0.024724873734153,-0.702474873734153,-0.04));
#6959=CARTESIAN_POINT('',(-0.0236642135623731,-0.701414213562373,-0.04));
#6960=CARTESIAN_POINT('',(0.,0.,0.));
#6961=CARTESIAN_POINT('',(-0.0075,-0.518,0.0145));
#6962=CARTESIAN_POINT('',(0.,-0.514,0.0145));
#6963=CARTESIAN_POINT('',(-0.0015,-0.514,0.0145));
#6964=CARTESIAN_POINT('',(-0.0075,-0.51,0.0145));
#6965=CARTESIAN_POINT('',(0.0095,-0.51,0.0145));
#6966=CARTESIAN_POINT('',(-0.0095,-0.51,0.0145));
#6967=CARTESIAN_POINT('',(-0.0095,-0.518,0.0145));
#6968=CARTESIAN_POINT('',(-0.0095,-0.518,0.0145));
#6969=CARTESIAN_POINT('',(-0.0075,-0.518,0.0145));
#6970=CARTESIAN_POINT('',(0.0095,-0.518,0.0145));
#6971=CARTESIAN_POINT('',(0.0095,-0.518,0.0145));
#6972=CARTESIAN_POINT('',(-0.0095,-0.518,0.0135));
#6973=CARTESIAN_POINT('',(-0.0095,-0.51,0.0135));
#6974=CARTESIAN_POINT('',(-0.0095,-0.51,0.0125));
#6975=CARTESIAN_POINT('',(-0.0095,-0.518,0.0125));
#6976=CARTESIAN_POINT('',(-0.0095,-0.518,0.0125));
#6977=CARTESIAN_POINT('',(-0.0095,-0.518,0.0135));
#6978=CARTESIAN_POINT('',(-0.00775,-0.518,0.01075));
#6979=CARTESIAN_POINT('',(-0.00775,-0.51,0.01075));
#6980=CARTESIAN_POINT('',(-0.006,-0.51,0.009));
#6981=CARTESIAN_POINT('',(-0.006,-0.518,0.009));
#6982=CARTESIAN_POINT('',(-0.006,-0.518,0.009));
#6983=CARTESIAN_POINT('',(-0.00775,-0.518,0.01075));
#6984=CARTESIAN_POINT('',(0.,-0.518,0.009));
#6985=CARTESIAN_POINT('',(0.,-0.514,0.009));
#6986=CARTESIAN_POINT('',(0.0015,-0.514,0.009));
#6987=CARTESIAN_POINT('',(0.,-0.51,0.009));
#6988=CARTESIAN_POINT('',(0.006,-0.51,0.009));
#6989=CARTESIAN_POINT('',(0.006,-0.518,0.009));
#6990=CARTESIAN_POINT('',(0.006,-0.518,0.009));
#6991=CARTESIAN_POINT('',(0.,-0.518,0.009));
#6992=CARTESIAN_POINT('',(0.00775,-0.518,0.01075));
#6993=CARTESIAN_POINT('',(0.00775,-0.51,0.01075));
#6994=CARTESIAN_POINT('',(0.0095,-0.51,0.0125));
#6995=CARTESIAN_POINT('',(0.0095,-0.518,0.0125));
#6996=CARTESIAN_POINT('',(0.0095,-0.518,0.0125));
#6997=CARTESIAN_POINT('',(0.00775,-0.518,0.01075));
#6998=CARTESIAN_POINT('',(0.0095,-0.518,0.0135));
#6999=CARTESIAN_POINT('',(0.0095,-0.51,0.0135));
#7000=CARTESIAN_POINT('',(0.0095,-0.518,0.0135));
#7001=CARTESIAN_POINT('',(0.,-0.518,0.0005));
#7002=CARTESIAN_POINT('',(0.,-0.51,0.0005));
#7003=CARTESIAN_POINT('',(0.,-0.514,0.0145));
#7004=CARTESIAN_POINT('',(0.,0.,0.));
#7005=CARTESIAN_POINT('',(-0.00775,-0.518,0.01075));
#7006=CARTESIAN_POINT('',(-0.00775,-0.5181,0.01075));
#7007=CARTESIAN_POINT('',(-0.0095,-0.5181,0.0125));
#7008=CARTESIAN_POINT('',(-0.006,-0.5181,0.009));
#7009=CARTESIAN_POINT('',(-0.006,-0.518,0.009));
#7010=CARTESIAN_POINT('',(-0.006,-0.5099,0.009));
#7011=CARTESIAN_POINT('',(-0.00775,-0.5099,0.01075));
#7012=CARTESIAN_POINT('',(-0.0095,-0.5099,0.0125));
#7013=CARTESIAN_POINT('',(-0.0095,-0.51,0.0125));
#7014=CARTESIAN_POINT('',(-0.0095,-0.506,0.0125));
#7015=CARTESIAN_POINT('',(-0.00775,-0.506,0.01075));
#7016=CARTESIAN_POINT('',(-0.006,-0.506,0.009));
#7017=CARTESIAN_POINT('',(-0.005,-0.506,0.008));
#7018=CARTESIAN_POINT('',(-0.005,-0.506,0.008));
#7019=CARTESIAN_POINT('',(-0.005,-0.506,0.008));
#7020=CARTESIAN_POINT('',(-0.005,-0.522,0.008));
#7021=CARTESIAN_POINT('',(0.00125,-0.522,0.00175));
#7022=CARTESIAN_POINT('',(-0.006,-0.522,0.009));
#7023=CARTESIAN_POINT('',(-0.00775,-0.522,0.01075));
#7024=CARTESIAN_POINT('',(-0.0095,-0.522,0.0125));
#7025=CARTESIAN_POINT('',(-0.0095,-0.518,0.0125));
#7026=CARTESIAN_POINT('',(0.00775,-0.518,0.01075));
#7027=CARTESIAN_POINT('',(0.006,-0.518,0.009));
#7028=CARTESIAN_POINT('',(0.006,-0.5181,0.009));
#7029=CARTESIAN_POINT('',(0.006,-0.5099,0.009));
#7030=CARTESIAN_POINT('',(0.00775,-0.5181,0.01075));
#7031=CARTESIAN_POINT('',(0.0095,-0.5181,0.0125));
#7032=CARTESIAN_POINT('',(0.0095,-0.518,0.0125));
#7033=CARTESIAN_POINT('',(0.0095,-0.522,0.0125));
#7034=CARTESIAN_POINT('',(0.00775,-0.522,0.01075));
#7035=CARTESIAN_POINT('',(0.006,-0.522,0.009));
#7036=CARTESIAN_POINT('',(-0.00125,-0.522,0.00175));
#7037=CARTESIAN_POINT('',(0.005,-0.522,0.008));
#7038=CARTESIAN_POINT('',(0.005,-0.522,0.008));
#7039=CARTESIAN_POINT('',(0.005,-0.506,0.008));
#7040=CARTESIAN_POINT('',(0.006,-0.506,0.009));
#7041=CARTESIAN_POINT('',(0.006,-0.506,0.009));
#7042=CARTESIAN_POINT('',(0.00775,-0.506,0.01075));
#7043=CARTESIAN_POINT('',(0.0095,-0.506,0.0125));
#7044=CARTESIAN_POINT('',(0.0095,-0.51,0.0125));
#7045=CARTESIAN_POINT('',(0.0095,-0.5099,0.0125));
#7046=CARTESIAN_POINT('',(0.00775,-0.5099,0.01075));
#7047=CARTESIAN_POINT('',(-0.0075,-0.518,0.0145));
#7048=CARTESIAN_POINT('',(0.0095,-0.518,0.0145));
#7049=CARTESIAN_POINT('',(0.0095,-0.5181,0.0145));
#7050=CARTESIAN_POINT('',(0.0095,-0.522,0.0145));
#7051=CARTESIAN_POINT('',(0.,-0.5181,0.0145));
#7052=CARTESIAN_POINT('',(-0.0095,-0.5181,0.0145));
#7053=CARTESIAN_POINT('',(-0.0095,-0.518,0.0145));
#7054=CARTESIAN_POINT('',(-0.0095,-0.522,0.0145));
#7055=CARTESIAN_POINT('',(0.,-0.522,0.0145));
#7056=CARTESIAN_POINT('',(-0.0095,-0.518,0.0135));
#7057=CARTESIAN_POINT('',(-0.0095,-0.5181,0.0005));
#7058=CARTESIAN_POINT('',(-0.0095,-0.522,0.0005));
#7059=CARTESIAN_POINT('',(0.0095,-0.51,0.0135));
#7060=CARTESIAN_POINT('',(0.0095,-0.51,0.0145));
#7061=CARTESIAN_POINT('',(0.0095,-0.5099,0.0145));
#7062=CARTESIAN_POINT('',(0.0095,-0.506,0.0145));
#7063=CARTESIAN_POINT('',(0.0095,-0.5099,0.0005));
#7064=CARTESIAN_POINT('',(0.0095,-0.506,0.0005));
#7065=CARTESIAN_POINT('',(0.0095,-0.518,0.0135));
#7066=CARTESIAN_POINT('',(0.0095,-0.5181,0.0005));
#7067=CARTESIAN_POINT('',(0.0095,-0.522,0.0005));
#7068=CARTESIAN_POINT('',(0.,-0.522,0.0005));
#7069=CARTESIAN_POINT('',(0.,-0.522,0.008));
#7070=CARTESIAN_POINT('',(-0.0095,-0.51,0.0135));
#7071=CARTESIAN_POINT('',(-0.0095,-0.5099,0.0005));
#7072=CARTESIAN_POINT('',(-0.0095,-0.5099,0.0145));
#7073=CARTESIAN_POINT('',(-0.0095,-0.51,0.0145));
#7074=CARTESIAN_POINT('',(-0.0095,-0.506,0.0145));
#7075=CARTESIAN_POINT('',(-0.0095,-0.506,0.0005));
#7076=CARTESIAN_POINT('',(-0.0075,-0.51,0.0145));
#7077=CARTESIAN_POINT('',(0.,-0.5099,0.0145));
#7078=CARTESIAN_POINT('',(0.,-0.506,0.0145));
#7079=CARTESIAN_POINT('',(0.,-0.506,0.0005));
#7080=CARTESIAN_POINT('',(0.,-0.506,0.008));
#7081=CARTESIAN_POINT('',(0.,-0.518,0.009));
#7082=CARTESIAN_POINT('',(0.,-0.514,0.009));
#7083=CARTESIAN_POINT('',(0.0025,-0.514,0.009));
#7084=CARTESIAN_POINT('',(0.,-0.5181,0.009));
#7085=CARTESIAN_POINT('',(0.,-0.5099,0.009));
#7086=CARTESIAN_POINT('',(0.,-0.518,0.008));
#7087=CARTESIAN_POINT('',(0.,-0.514,0.008));
#7088=CARTESIAN_POINT('',(0.0025,-0.514,0.008));
#7089=CARTESIAN_POINT('',(0.,-0.5099,0.0005));
#7090=CARTESIAN_POINT('',(0.,-0.5181,0.0005));
#7091=CARTESIAN_POINT('',(0.,-0.514,0.009));
#7092=CARTESIAN_POINT('',(0.,0.,0.));
#7093=CARTESIAN_POINT('',(0.,0.,0.001));
#7094=CARTESIAN_POINT('',(0.,1.01033360929657E-19,0.001));
#7095=CARTESIAN_POINT('',(0.00165,1.01033360929657E-19,0.001));
#7096=CARTESIAN_POINT('',(0.00259807621135332,0.0015,0.001));
#7097=CARTESIAN_POINT('',(0.00346410161513775,8.67361737988404E-19,0.001));
#7098=CARTESIAN_POINT('',(0.00173205080756888,0.003,0.001));
#7099=CARTESIAN_POINT('',(0.,0.003,0.001));
#7100=CARTESIAN_POINT('',(-0.00173205080756888,0.003,0.001));
#7101=CARTESIAN_POINT('',(-0.00259807621135332,0.0015,0.001));
#7102=CARTESIAN_POINT('',(-0.00346410161513775,8.67361737988404E-19,0.001));
#7103=CARTESIAN_POINT('',(-0.00259807621135332,-0.0015,0.001));
#7104=CARTESIAN_POINT('',(-0.00173205080756888,-0.003,0.001));
#7105=CARTESIAN_POINT('',(-2.16840434497101E-19,-0.003,0.001));
#7106=CARTESIAN_POINT('',(0.00173205080756888,-0.003,0.001));
#7107=CARTESIAN_POINT('',(0.00259807621135332,-0.0015,0.001));
#7108=CARTESIAN_POINT('',(0.,3.36777869765522E-19,0.001));
#7109=CARTESIAN_POINT('',(0.,3.36777869765522E-19,0.));
#7110=CARTESIAN_POINT('',(0.0055,3.36777869765522E-19,0.));
#7111=CARTESIAN_POINT('',(0.,3.36777869765522E-19,0.005));
#7112=CARTESIAN_POINT('',(0.0055,3.36777869765522E-19,0.005));
#7113=CARTESIAN_POINT('',(0.,1.01033360929657E-19,0.001));
#7114=CARTESIAN_POINT('',(0.,1.01033360929657E-19,0.));
#7115=CARTESIAN_POINT('',(0.00165,1.01033360929657E-19,0.));
#7116=CARTESIAN_POINT('',(0.,0.,0.));
#7117=CARTESIAN_POINT('',(0.,0.003,0.004));
#7118=CARTESIAN_POINT('',(0.00173205080756888,0.003,0.004));
#7119=CARTESIAN_POINT('',(0.00173205080756888,0.003,0.004));
#7120=CARTESIAN_POINT('',(0.,0.003,0.004));
#7121=CARTESIAN_POINT('',(-0.00173205080756888,0.003,0.004));
#7122=CARTESIAN_POINT('',(-0.00173205080756888,0.003,0.004));
#7123=CARTESIAN_POINT('',(0.00259807621135332,0.0015,0.004));
#7124=CARTESIAN_POINT('',(0.00346410161513775,8.67361737988404E-19,0.004));
#7125=CARTESIAN_POINT('',(0.00346410161513775,8.67361737988404E-19,0.004));
#7126=CARTESIAN_POINT('',(0.00259807621135332,0.0015,0.004));
#7127=CARTESIAN_POINT('',(0.00259807621135332,-0.0015,0.004));
#7128=CARTESIAN_POINT('',(0.00173205080756888,-0.003,0.004));
#7129=CARTESIAN_POINT('',(0.00173205080756888,-0.003,0.004));
#7130=CARTESIAN_POINT('',(0.00259807621135332,-0.0015,0.004));
#7131=CARTESIAN_POINT('',(-2.16840434497101E-19,-0.003,0.004));
#7132=CARTESIAN_POINT('',(-0.00173205080756888,-0.003,0.004));
#7133=CARTESIAN_POINT('',(-0.00173205080756888,-0.003,0.004));
#7134=CARTESIAN_POINT('',(-2.16840434497101E-19,-0.003,0.004));
#7135=CARTESIAN_POINT('',(-0.00259807621135332,-0.0015,0.004));
#7136=CARTESIAN_POINT('',(-0.00346410161513775,8.67361737988404E-19,0.004));
#7137=CARTESIAN_POINT('',(-0.00346410161513775,8.67361737988404E-19,0.004));
#7138=CARTESIAN_POINT('',(-0.00259807621135332,-0.0015,0.004));
#7139=CARTESIAN_POINT('',(-0.00259807621135332,0.0015,0.004));
#7140=CARTESIAN_POINT('',(-0.00259807621135332,0.0015,0.004));
#7141=CARTESIAN_POINT('',(0.,1.01033360929657E-19,0.005));
#7142=CARTESIAN_POINT('',(0.,1.01033360929657E-19,0.005));
#7143=CARTESIAN_POINT('',(0.00165,1.01033360929657E-19,0.005));
#7144=CARTESIAN_POINT('',(0.,1.01033360929657E-19,0.004));
#7145=CARTESIAN_POINT('',(0.00165,1.01033360929657E-19,0.004));
#7146=CARTESIAN_POINT('',(0.,0.,0.005));
#7147=CARTESIAN_POINT('',(0.,0.,0.004));
#7148=CARTESIAN_POINT('',(0.,0.,0.));
#7149=CARTESIAN_POINT('',(0.,-0.478,-0.0065));
#7150=CARTESIAN_POINT('',(1.84314369322536E-18,-0.478,-0.0287));
#7151=CARTESIAN_POINT('',(1.84314369322536E-18,-0.478,-0.03135));
#7152=CARTESIAN_POINT('',(0.,-0.478,-0.02));
#7153=CARTESIAN_POINT('',(0.005,-0.478,-0.02));
#7154=CARTESIAN_POINT('',(-0.005,-0.478,-0.02));
#7155=CARTESIAN_POINT('',(-0.005,-0.478,-0.01725));
#7156=CARTESIAN_POINT('',(-0.005,-0.478,-0.0305));
#7157=CARTESIAN_POINT('',(-0.00425,-0.478,-0.03175));
#7158=CARTESIAN_POINT('',(-0.0035,-0.478,-0.033));
#7159=CARTESIAN_POINT('',(4.33680868994202E-19,-0.478,-0.033));
#7160=CARTESIAN_POINT('',(0.0035,-0.478,-0.033));
#7161=CARTESIAN_POINT('',(0.00725,-0.478,-0.02675));
#7162=CARTESIAN_POINT('',(0.0095,-0.478,-0.023));
#7163=CARTESIAN_POINT('',(0.0095,-0.478,-0.0215));
#7164=CARTESIAN_POINT('',(0.0095,-0.478,-0.02));
#7165=CARTESIAN_POINT('',(0.011,-0.478,-0.02));
#7166=CARTESIAN_POINT('',(0.,-0.47,-0.0065));
#7167=CARTESIAN_POINT('',(0.00725,-0.47,-0.02675));
#7168=CARTESIAN_POINT('',(0.005,-0.47,-0.0305));
#7169=CARTESIAN_POINT('',(0.0035,-0.47,-0.033));
#7170=CARTESIAN_POINT('',(4.33680868994202E-19,-0.47,-0.033));
#7171=CARTESIAN_POINT('',(-0.0035,-0.47,-0.033));
#7172=CARTESIAN_POINT('',(-0.00425,-0.47,-0.03175));
#7173=CARTESIAN_POINT('',(-0.005,-0.47,-0.0305));
#7174=CARTESIAN_POINT('',(0.00425,-0.47,-0.0305));
#7175=CARTESIAN_POINT('',(-0.00194486503387768,-0.47,-0.0305));
#7176=CARTESIAN_POINT('',(1.84314369322536E-18,-0.47,-0.0287));
#7177=CARTESIAN_POINT('',(0.00194486503387768,-0.47,-0.0305));
#7178=CARTESIAN_POINT('',(0.00425,-0.47,-0.0305));
#7179=CARTESIAN_POINT('',(-0.005,-0.478,-0.01725));
#7180=CARTESIAN_POINT('',(-0.005,-0.458,-0.01725));
#7181=CARTESIAN_POINT('',(-0.005,-0.458,-0.017));
#7182=CARTESIAN_POINT('',(-0.005,-0.458,-0.0305));
#7183=CARTESIAN_POINT('',(-0.005,-0.458,-0.0305));
#7184=CARTESIAN_POINT('',(-0.005,-0.478,-0.0305));
#7185=CARTESIAN_POINT('',(-0.005,-0.485,-0.02));
#7186=CARTESIAN_POINT('',(-0.005,-0.485,-0.02));
#7187=CARTESIAN_POINT('',(-0.005,-0.485,-0.01725));
#7188=CARTESIAN_POINT('',(-0.005,-0.485,-0.017));
#7189=CARTESIAN_POINT('',(-0.005,-0.478,-0.017));
#7190=CARTESIAN_POINT('',(-0.00425,-0.478,-0.03175));
#7191=CARTESIAN_POINT('',(-0.0035,-0.478,-0.033));
#7192=CARTESIAN_POINT('',(4.33680868994202E-19,-0.478,-0.033));
#7193=CARTESIAN_POINT('',(0.0035,-0.478,-0.033));
#7194=CARTESIAN_POINT('',(0.00725,-0.478,-0.02675));
#7195=CARTESIAN_POINT('',(0.0095,-0.478,-0.023));
#7196=CARTESIAN_POINT('',(0.0095,-0.458,-0.023));
#7197=CARTESIAN_POINT('',(0.005,-0.458,-0.0305));
#7198=CARTESIAN_POINT('',(0.005,-0.458,-0.0305));
#7199=CARTESIAN_POINT('',(0.00725,-0.458,-0.02675));
#7200=CARTESIAN_POINT('',(0.0095,-0.478,-0.0215));
#7201=CARTESIAN_POINT('',(0.0095,-0.478,-0.02));
#7202=CARTESIAN_POINT('',(0.0095,-0.458,-0.02));
#7203=CARTESIAN_POINT('',(0.0095,-0.458,-0.0215));
#7204=CARTESIAN_POINT('',(0.011,-0.478,-0.02));
#7205=CARTESIAN_POINT('',(0.005,-0.478,-0.02));
#7206=CARTESIAN_POINT('',(0.005,-0.458,-0.02));
#7207=CARTESIAN_POINT('',(0.011,-0.458,-0.02));
#7208=CARTESIAN_POINT('',(0.005,-0.478,-0.01725));
#7209=CARTESIAN_POINT('',(0.005,-0.478,-0.017));
#7210=CARTESIAN_POINT('',(0.005,-0.485,-0.017));
#7211=CARTESIAN_POINT('',(0.005,-0.458,-0.017));
#7212=CARTESIAN_POINT('',(0.005,-0.485,-0.01725));
#7213=CARTESIAN_POINT('',(0.005,-0.485,-0.02));
#7214=CARTESIAN_POINT('',(0.005,-0.485,-0.02));
#7215=CARTESIAN_POINT('',(0.005,-0.458,-0.01725));
#7216=CARTESIAN_POINT('',(-8.67361737988404E-19,-0.478,-0.017));
#7217=CARTESIAN_POINT('',(-1.76465197344645E-18,-0.464,-0.017));
#7218=CARTESIAN_POINT('',(0.00265,-0.464,-0.017));
#7219=CARTESIAN_POINT('',(-8.67361737988404E-19,-0.485,-0.017));
#7220=CARTESIAN_POINT('',(-8.67361737988404E-19,-0.458,-0.017));
#7221=CARTESIAN_POINT('',(1.84314369322536E-18,-0.478,-0.0287));
#7222=CARTESIAN_POINT('',(1.84314369322536E-18,-0.47,-0.0287));
#7223=CARTESIAN_POINT('',(0.00425,-0.458,-0.0305));
#7224=CARTESIAN_POINT('',(-1.76465197344645E-18,-0.464,-0.0305));
#7225=CARTESIAN_POINT('',(0.0045,-0.464,-0.0305));
#7226=CARTESIAN_POINT('',(0.00425,-0.47,-0.0305));
#7227=CARTESIAN_POINT('',(0.00425,-0.458,-0.0305));
#7228=CARTESIAN_POINT('',(0.,-0.458,-0.0065));
#7229=CARTESIAN_POINT('',(0.,-0.47,-0.0065));
#7230=CARTESIAN_POINT('',(-0.00425,-0.485,-0.02));
#7231=CARTESIAN_POINT('',(-0.00425,-0.485,-0.02));
#7232=CARTESIAN_POINT('',(0.,-0.485,-0.0065));
#7233=CARTESIAN_POINT('',(0.0045,-0.464,-0.0255));
#7234=CARTESIAN_POINT('',(-1.76465197344645E-18,-0.464,-0.0255));
#7235=CARTESIAN_POINT('',(0.00265,-0.464,-0.0255));
#7236=CARTESIAN_POINT('',(-1.76465197344645E-18,-0.464,-0.0255));
#7237=CARTESIAN_POINT('',(0.0045,-0.464,-0.0255));
#7238=CARTESIAN_POINT('',(-1.76465197344645E-18,-0.464,-0.0305));
#7239=CARTESIAN_POINT('',(-1.76465197344645E-18,-0.464,-0.0255));
#7240=CARTESIAN_POINT('',(0.,0.,0.));
#7241=CARTESIAN_POINT('',(0.00259807621135332,0.0015,-0.0025));
#7242=CARTESIAN_POINT('',(0.00259807621135332,0.0015,0.));
#7243=CARTESIAN_POINT('',(0.00346410161513775,8.67361737988404E-19,0.));
#7244=CARTESIAN_POINT('',(0.00173205080756888,0.003,0.));
#7245=CARTESIAN_POINT('',(0.00346410161513775,8.67361737988404E-19,-0.0025));
#7246=CARTESIAN_POINT('',(0.00346410161513775,8.67361737988404E-19,-0.0025));
#7247=CARTESIAN_POINT('',(0.00259807621135332,0.0015,-0.0025));
#7248=CARTESIAN_POINT('',(0.00173205080756888,0.003,-0.0025));
#7249=CARTESIAN_POINT('',(0.00173205080756888,0.003,-0.0025));
#7250=CARTESIAN_POINT('',(0.,0.003,-0.0025));
#7251=CARTESIAN_POINT('',(0.,0.003,0.));
#7252=CARTESIAN_POINT('',(-0.00173205080756888,0.003,0.));
#7253=CARTESIAN_POINT('',(0.,0.003,-0.0025));
#7254=CARTESIAN_POINT('',(-0.00173205080756888,0.003,-0.0025));
#7255=CARTESIAN_POINT('',(-0.00173205080756888,0.003,-0.0025));
#7256=CARTESIAN_POINT('',(-0.00259807621135332,0.0015,-0.0025));
#7257=CARTESIAN_POINT('',(-0.00259807621135332,0.0015,0.));
#7258=CARTESIAN_POINT('',(-0.00346410161513775,8.67361737988404E-19,0.));
#7259=CARTESIAN_POINT('',(-0.00259807621135332,0.0015,-0.0025));
#7260=CARTESIAN_POINT('',(-0.00346410161513775,8.67361737988404E-19,-0.0025));
#7261=CARTESIAN_POINT('',(-0.00346410161513775,8.67361737988404E-19,-0.0025));
#7262=CARTESIAN_POINT('',(-0.00259807621135332,-0.0015,-0.0025));
#7263=CARTESIAN_POINT('',(-0.00259807621135332,-0.0015,0.));
#7264=CARTESIAN_POINT('',(-0.00173205080756888,-0.003,0.));
#7265=CARTESIAN_POINT('',(-0.00259807621135332,-0.0015,-0.0025));
#7266=CARTESIAN_POINT('',(-0.00173205080756888,-0.003,-0.0025));
#7267=CARTESIAN_POINT('',(-0.00173205080756888,-0.003,-0.0025));
#7268=CARTESIAN_POINT('',(-2.16840434497101E-19,-0.003,-0.0025));
#7269=CARTESIAN_POINT('',(-2.16840434497101E-19,-0.003,0.));
#7270=CARTESIAN_POINT('',(0.00173205080756888,-0.003,0.));
#7271=CARTESIAN_POINT('',(-2.16840434497101E-19,-0.003,-0.0025));
#7272=CARTESIAN_POINT('',(0.00173205080756888,-0.003,-0.0025));
#7273=CARTESIAN_POINT('',(0.00173205080756888,-0.003,-0.0025));
#7274=CARTESIAN_POINT('',(0.00259807621135332,-0.0015,-0.0025));
#7275=CARTESIAN_POINT('',(0.00259807621135332,-0.0015,0.));
#7276=CARTESIAN_POINT('',(0.00259807621135332,-0.0015,-0.0025));
#7277=CARTESIAN_POINT('',(0.,0.,-0.0025));
#7278=CARTESIAN_POINT('',(0.,0.,0.));
#7279=CARTESIAN_POINT('',(0.,0.,0.));
#7280=CARTESIAN_POINT('',(0.,-0.492,-0.0065));
#7281=CARTESIAN_POINT('',(1.84314369322536E-18,-0.492,-0.0287));
#7282=CARTESIAN_POINT('',(1.84314369322536E-18,-0.492,-0.03135));
#7283=CARTESIAN_POINT('',(0.,-0.492,-0.02));
#7284=CARTESIAN_POINT('',(0.005,-0.492,-0.02));
#7285=CARTESIAN_POINT('',(-0.005,-0.492,-0.02));
#7286=CARTESIAN_POINT('',(0.011,-0.492,-0.02));
#7287=CARTESIAN_POINT('',(0.0095,-0.492,-0.02));
#7288=CARTESIAN_POINT('',(0.0095,-0.492,-0.0215));
#7289=CARTESIAN_POINT('',(0.0095,-0.492,-0.023));
#7290=CARTESIAN_POINT('',(0.00725,-0.492,-0.02675));
#7291=CARTESIAN_POINT('',(0.0035,-0.492,-0.033));
#7292=CARTESIAN_POINT('',(4.33680868994202E-19,-0.492,-0.033));
#7293=CARTESIAN_POINT('',(-0.0035,-0.492,-0.033));
#7294=CARTESIAN_POINT('',(-0.00425,-0.492,-0.03175));
#7295=CARTESIAN_POINT('',(-0.005,-0.492,-0.0305));
#7296=CARTESIAN_POINT('',(-0.005,-0.492,-0.01725));
#7297=CARTESIAN_POINT('',(0.,-0.5,-0.0065));
#7298=CARTESIAN_POINT('',(0.00725,-0.5,-0.02675));
#7299=CARTESIAN_POINT('',(0.005,-0.5,-0.0305));
#7300=CARTESIAN_POINT('',(0.0035,-0.5,-0.033));
#7301=CARTESIAN_POINT('',(0.00425,-0.5,-0.0305));
#7302=CARTESIAN_POINT('',(0.00194486503387768,-0.5,-0.0305));
#7303=CARTESIAN_POINT('',(1.84314369322536E-18,-0.5,-0.0287));
#7304=CARTESIAN_POINT('',(-0.00194486503387768,-0.5,-0.0305));
#7305=CARTESIAN_POINT('',(0.00425,-0.5,-0.0305));
#7306=CARTESIAN_POINT('',(-0.005,-0.5,-0.0305));
#7307=CARTESIAN_POINT('',(-0.00425,-0.5,-0.03175));
#7308=CARTESIAN_POINT('',(-0.0035,-0.5,-0.033));
#7309=CARTESIAN_POINT('',(4.33680868994202E-19,-0.5,-0.033));
#7310=CARTESIAN_POINT('',(-0.005,-0.492,-0.01725));
#7311=CARTESIAN_POINT('',(-0.005,-0.512,-0.01725));
#7312=CARTESIAN_POINT('',(-0.005,-0.512,-0.017));
#7313=CARTESIAN_POINT('',(-0.005,-0.512,-0.0305));
#7314=CARTESIAN_POINT('',(-0.005,-0.492,-0.017));
#7315=CARTESIAN_POINT('',(-0.005,-0.485,-0.017));
#7316=CARTESIAN_POINT('',(-0.005,-0.485,-0.01725));
#7317=CARTESIAN_POINT('',(-0.005,-0.485,-0.02));
#7318=CARTESIAN_POINT('',(-0.005,-0.485,-0.02));
#7319=CARTESIAN_POINT('',(-0.005,-0.492,-0.0305));
#7320=CARTESIAN_POINT('',(-0.005,-0.512,-0.0305));
#7321=CARTESIAN_POINT('',(-0.00425,-0.492,-0.03175));
#7322=CARTESIAN_POINT('',(-0.0035,-0.492,-0.033));
#7323=CARTESIAN_POINT('',(4.33680868994202E-19,-0.492,-0.033));
#7324=CARTESIAN_POINT('',(0.0035,-0.492,-0.033));
#7325=CARTESIAN_POINT('',(0.00725,-0.492,-0.02675));
#7326=CARTESIAN_POINT('',(0.0095,-0.492,-0.023));
#7327=CARTESIAN_POINT('',(0.0095,-0.512,-0.023));
#7328=CARTESIAN_POINT('',(0.00725,-0.512,-0.02675));
#7329=CARTESIAN_POINT('',(0.005,-0.512,-0.0305));
#7330=CARTESIAN_POINT('',(0.005,-0.512,-0.0305));
#7331=CARTESIAN_POINT('',(0.0095,-0.492,-0.0215));
#7332=CARTESIAN_POINT('',(0.0095,-0.492,-0.02));
#7333=CARTESIAN_POINT('',(0.0095,-0.512,-0.02));
#7334=CARTESIAN_POINT('',(0.0095,-0.512,-0.0215));
#7335=CARTESIAN_POINT('',(0.011,-0.492,-0.02));
#7336=CARTESIAN_POINT('',(0.005,-0.492,-0.02));
#7337=CARTESIAN_POINT('',(0.005,-0.512,-0.02));
#7338=CARTESIAN_POINT('',(0.011,-0.512,-0.02));
#7339=CARTESIAN_POINT('',(0.005,-0.492,-0.01725));
#7340=CARTESIAN_POINT('',(0.005,-0.492,-0.017));
#7341=CARTESIAN_POINT('',(0.005,-0.485,-0.017));
#7342=CARTESIAN_POINT('',(0.005,-0.512,-0.017));
#7343=CARTESIAN_POINT('',(0.005,-0.512,-0.01725));
#7344=CARTESIAN_POINT('',(0.005,-0.485,-0.02));
#7345=CARTESIAN_POINT('',(0.005,-0.485,-0.02));
#7346=CARTESIAN_POINT('',(0.005,-0.485,-0.01725));
#7347=CARTESIAN_POINT('',(-8.67361737988404E-19,-0.492,-0.017));
#7348=CARTESIAN_POINT('',(-1.76465197344645E-18,-0.506,-0.017));
#7349=CARTESIAN_POINT('',(0.00265,-0.506,-0.017));
#7350=CARTESIAN_POINT('',(-8.67361737988404E-19,-0.512,-0.017));
#7351=CARTESIAN_POINT('',(-8.67361737988404E-19,-0.485,-0.017));
#7352=CARTESIAN_POINT('',(1.84314369322536E-18,-0.492,-0.0287));
#7353=CARTESIAN_POINT('',(1.84314369322536E-18,-0.5,-0.0287));
#7354=CARTESIAN_POINT('',(0.00425,-0.512,-0.0305));
#7355=CARTESIAN_POINT('',(-1.76465197344645E-18,-0.506,-0.0305));
#7356=CARTESIAN_POINT('',(0.0045,-0.506,-0.0305));
#7357=CARTESIAN_POINT('',(0.00425,-0.512,-0.0305));
#7358=CARTESIAN_POINT('',(0.00425,-0.5,-0.0305));
#7359=CARTESIAN_POINT('',(0.,-0.512,-0.0065));
#7360=CARTESIAN_POINT('',(0.,-0.5,-0.0065));
#7361=CARTESIAN_POINT('',(-0.00425,-0.485,-0.02));
#7362=CARTESIAN_POINT('',(-0.00425,-0.485,-0.02));
#7363=CARTESIAN_POINT('',(0.,-0.485,-0.0065));
#7364=CARTESIAN_POINT('',(0.0045,-0.506,-0.0255));
#7365=CARTESIAN_POINT('',(-1.76465197344645E-18,-0.506,-0.0255));
#7366=CARTESIAN_POINT('',(0.00265,-0.506,-0.0255));
#7367=CARTESIAN_POINT('',(-1.76465197344645E-18,-0.506,-0.0255));
#7368=CARTESIAN_POINT('',(0.0045,-0.506,-0.0255));
#7369=CARTESIAN_POINT('',(-1.76465197344645E-18,-0.506,-0.0305));
#7370=CARTESIAN_POINT('',(-1.76465197344645E-18,-0.506,-0.0255));
#7371=CARTESIAN_POINT('',(0.,0.,0.));
#7372=CARTESIAN_POINT('',(0.045,-0.708,0.003));
#7373=CARTESIAN_POINT('',(0.045,-0.708,0.026));
#7374=CARTESIAN_POINT('',(0.045,-0.7,0.026));
#7375=CARTESIAN_POINT('',(0.045,-0.721,0.026));
#7376=CARTESIAN_POINT('',(0.045,-0.7,0.0215));
#7377=CARTESIAN_POINT('',(0.045,-0.7,0.02));
#7378=CARTESIAN_POINT('',(0.045,-0.6925,0.02));
#7379=CARTESIAN_POINT('',(0.045,-0.685,0.02));
#7380=CARTESIAN_POINT('',(0.045,-0.685,0.018625));
#7381=CARTESIAN_POINT('',(0.045,-0.685,0.01725));
#7382=CARTESIAN_POINT('',(0.045,-0.705,0.01725));
#7383=CARTESIAN_POINT('',(0.045,-0.71,0.01725));
#7384=CARTESIAN_POINT('',(0.045,-0.716125,0.011125));
#7385=CARTESIAN_POINT('',(0.045,-0.72225,0.005));
#7386=CARTESIAN_POINT('',(0.045,-0.72225,1.7347234759768E-18));
#7387=CARTESIAN_POINT('',(0.045,-0.72225,-0.02));
#7388=CARTESIAN_POINT('',(0.045,-0.723625,-0.02));
#7389=CARTESIAN_POINT('',(0.045,-0.725,-0.02));
#7390=CARTESIAN_POINT('',(0.045,-0.725,-0.0125));
#7391=CARTESIAN_POINT('',(0.045,-0.725,-0.005));
#7392=CARTESIAN_POINT('',(0.045,-0.7265,-0.005));
#7393=CARTESIAN_POINT('',(0.045,-0.728,-0.005));
#7394=CARTESIAN_POINT('',(0.045,-0.728,-0.0125));
#7395=CARTESIAN_POINT('',(0.045,-0.728,-0.02));
#7396=CARTESIAN_POINT('',(0.045,-0.7295,-0.02));
#7397=CARTESIAN_POINT('',(0.045,-0.731,-0.02));
#7398=CARTESIAN_POINT('',(0.045,-0.731,0.0105));
#7399=CARTESIAN_POINT('',(0.045,-0.731,0.016));
#7400=CARTESIAN_POINT('',(0.045,-0.726,0.021));
#7401=CARTESIAN_POINT('',(0.093,-0.675,0.003));
#7402=CARTESIAN_POINT('',(0.0905625,-0.675,0.0116875));
#7403=CARTESIAN_POINT('',(0.0905625,-0.675,0.0093375));
#7404=CARTESIAN_POINT('',(0.1016875,-0.675,0.0005625));
#7405=CARTESIAN_POINT('',(0.1016875,-0.675,-0.0017875));
#7406=CARTESIAN_POINT('',(0.085,-0.675,0.0215));
#7407=CARTESIAN_POINT('',(0.085,-0.675,0.02));
#7408=CARTESIAN_POINT('',(0.085,-0.675,0.026));
#7409=CARTESIAN_POINT('',(0.093,-0.675,0.026));
#7410=CARTESIAN_POINT('',(0.106,-0.675,0.026));
#7411=CARTESIAN_POINT('',(0.111,-0.675,0.021));
#7412=CARTESIAN_POINT('',(0.116,-0.675,0.016));
#7413=CARTESIAN_POINT('',(0.116,-0.675,0.0105));
#7414=CARTESIAN_POINT('',(0.116,-0.675,-0.02));
#7415=CARTESIAN_POINT('',(0.1145,-0.675,-0.02));
#7416=CARTESIAN_POINT('',(0.113,-0.675,-0.02));
#7417=CARTESIAN_POINT('',(0.113,-0.675,-0.0125));
#7418=CARTESIAN_POINT('',(0.113,-0.675,-0.005));
#7419=CARTESIAN_POINT('',(0.1115,-0.675,-0.005));
#7420=CARTESIAN_POINT('',(0.11,-0.675,-0.005));
#7421=CARTESIAN_POINT('',(0.11,-0.675,-0.0125));
#7422=CARTESIAN_POINT('',(0.11,-0.675,-0.02));
#7423=CARTESIAN_POINT('',(0.107125,-0.675,-0.02));
#7424=CARTESIAN_POINT('',(0.107,-0.675,-0.02));
#7425=CARTESIAN_POINT('',(0.0885,-0.675,-0.0015));
#7426=CARTESIAN_POINT('',(0.07,-0.675,0.017));
#7427=CARTESIAN_POINT('',(0.07,-0.675,0.017125));
#7428=CARTESIAN_POINT('',(0.07,-0.675,0.02));
#7429=CARTESIAN_POINT('',(0.0775,-0.675,0.02));
#7430=CARTESIAN_POINT('',(0.045,-0.708,0.026));
#7431=CARTESIAN_POINT('',(0.045,-0.7,0.026));
#7432=CARTESIAN_POINT('',(0.085,-0.7,0.026));
#7433=CARTESIAN_POINT('',(0.045,-0.721,0.026));
#7434=CARTESIAN_POINT('',(0.07,-0.721,0.026));
#7435=CARTESIAN_POINT('',(0.045,-0.721,0.026));
#7436=CARTESIAN_POINT('',(0.106,-0.721,0.026));
#7437=CARTESIAN_POINT('',(0.106,-0.731,0.026));
#7438=CARTESIAN_POINT('',(0.085,-0.708,0.026));
#7439=CARTESIAN_POINT('',(0.108625,-0.685,-0.045));
#7440=CARTESIAN_POINT('',(0.045,-0.685,0.01725));
#7441=CARTESIAN_POINT('',(0.07,-0.685,0.01725));
#7442=CARTESIAN_POINT('',(0.045,-0.685,0.02));
#7443=CARTESIAN_POINT('',(0.07,-0.685,0.02));
#7444=CARTESIAN_POINT('',(0.07,-0.685,0.017125));
#7445=CARTESIAN_POINT('',(0.108625,-0.685,-0.045));
#7446=CARTESIAN_POINT('',(0.1145,-0.685,-0.02));
#7447=CARTESIAN_POINT('',(0.113,-0.685,-0.02));
#7448=CARTESIAN_POINT('',(0.116,-0.685,-0.02));
#7449=CARTESIAN_POINT('',(0.116,-0.685,-0.045));
#7450=CARTESIAN_POINT('',(0.116,-0.685,-0.045));
#7451=CARTESIAN_POINT('',(0.1145,-0.685,-0.045));
#7452=CARTESIAN_POINT('',(0.113,-0.685,-0.045));
#7453=CARTESIAN_POINT('',(0.113,-0.685,-0.045));
#7454=CARTESIAN_POINT('',(0.111,-0.726,-0.045));
#7455=CARTESIAN_POINT('',(0.106,-0.731,-0.045));
#7456=CARTESIAN_POINT('',(0.106,-0.731,-0.045));
#7457=CARTESIAN_POINT('',(0.106,-0.731,-0.02));
#7458=CARTESIAN_POINT('',(0.111,-0.726,-0.045));
#7459=CARTESIAN_POINT('',(0.116,-0.721,-0.045));
#7460=CARTESIAN_POINT('',(0.116,-0.721,-0.045));
#7461=CARTESIAN_POINT('',(0.116,-0.721,-0.02));
#7462=CARTESIAN_POINT('',(0.116,-0.721,-0.045));
#7463=CARTESIAN_POINT('',(0.116,-0.721,0.016));
#7464=CARTESIAN_POINT('',(0.129666666666667,-0.707333333333333,0.00233333333333316));
#7465=CARTESIAN_POINT('',(0.111,-0.726,0.021));
#7466=CARTESIAN_POINT('',(0.0856666666666666,-0.751333333333333,-0.00433333333333348));
#7467=CARTESIAN_POINT('',(0.106,-0.731,0.016));
#7468=CARTESIAN_POINT('',(0.106,-0.731,-0.045));
#7469=CARTESIAN_POINT('',(0.116,-0.7155,-0.045));
#7470=CARTESIAN_POINT('',(0.116,-0.7155,-0.045));
#7471=CARTESIAN_POINT('',(0.116,-0.675,-0.02));
#7472=CARTESIAN_POINT('',(0.116,-0.731,0.016));
#7473=CARTESIAN_POINT('',(0.113,-0.6925,-0.045));
#7474=CARTESIAN_POINT('',(0.113,-0.6925,-0.045));
#7475=CARTESIAN_POINT('',(0.113,-0.7,-0.045));
#7476=CARTESIAN_POINT('',(0.113,-0.7,-0.045));
#7477=CARTESIAN_POINT('',(0.113,-0.7,-0.005));
#7478=CARTESIAN_POINT('',(0.113,-0.6925,-0.005));
#7479=CARTESIAN_POINT('',(0.113,-0.675,-0.02));
#7480=CARTESIAN_POINT('',(0.1115,-0.7,-0.045));
#7481=CARTESIAN_POINT('',(0.1115,-0.7,-0.045));
#7482=CARTESIAN_POINT('',(0.11,-0.7,-0.045));
#7483=CARTESIAN_POINT('',(0.11,-0.7,-0.045));
#7484=CARTESIAN_POINT('',(0.11,-0.7,-0.005));
#7485=CARTESIAN_POINT('',(0.1115,-0.7,-0.005));
#7486=CARTESIAN_POINT('',(0.11,-0.6925,-0.045));
#7487=CARTESIAN_POINT('',(0.11,-0.6925,-0.045));
#7488=CARTESIAN_POINT('',(0.11,-0.685,-0.045));
#7489=CARTESIAN_POINT('',(0.11,-0.685,-0.045));
#7490=CARTESIAN_POINT('',(0.11,-0.685,-0.02));
#7491=CARTESIAN_POINT('',(0.11,-0.675,-0.02));
#7492=CARTESIAN_POINT('',(0.11,-0.6925,-0.005));
#7493=CARTESIAN_POINT('',(0.108625,-0.685,-0.045));
#7494=CARTESIAN_POINT('',(0.108625,-0.685,-0.045));
#7495=CARTESIAN_POINT('',(0.10725,-0.685,-0.045));
#7496=CARTESIAN_POINT('',(0.10725,-0.685,-0.045));
#7497=CARTESIAN_POINT('',(0.10725,-0.685,-0.02));
#7498=CARTESIAN_POINT('',(0.107125,-0.685,-0.02));
#7499=CARTESIAN_POINT('',(0.10725,-0.705,-0.045));
#7500=CARTESIAN_POINT('',(0.10725,-0.705,-0.045));
#7501=CARTESIAN_POINT('',(0.10725,-0.71,-0.045));
#7502=CARTESIAN_POINT('',(0.10725,-0.71,-0.045));
#7503=CARTESIAN_POINT('',(0.10725,-0.71,-0.00925));
#7504=CARTESIAN_POINT('',(0.10725,-0.731,-0.00925));
#7505=CARTESIAN_POINT('',(0.10725,-0.685,-0.00925));
#7506=CARTESIAN_POINT('',(0.10725,-0.685,-0.045));
#7507=CARTESIAN_POINT('',(0.101125,-0.716125,-0.045));
#7508=CARTESIAN_POINT('',(0.101125,-0.716125,-0.045));
#7509=CARTESIAN_POINT('',(0.095,-0.72225,-0.045));
#7510=CARTESIAN_POINT('',(0.095,-0.72225,-0.045));
#7511=CARTESIAN_POINT('',(0.095,-0.72225,0.00300000000000004));
#7512=CARTESIAN_POINT('',(0.115083333333333,-0.702166666666667,-0.0170833333333333));
#7513=CARTESIAN_POINT('',(0.09,-0.72225,-0.045));
#7514=CARTESIAN_POINT('',(0.09,-0.72225,-0.045));
#7515=CARTESIAN_POINT('',(0.07,-0.72225,-0.045));
#7516=CARTESIAN_POINT('',(0.07,-0.72225,-0.045));
#7517=CARTESIAN_POINT('',(0.07,-0.72225,-0.02));
#7518=CARTESIAN_POINT('',(0.045,-0.72225,-0.02));
#7519=CARTESIAN_POINT('',(0.045,-0.72225,0.005));
#7520=CARTESIAN_POINT('',(0.093,-0.72225,0.005));
#7521=CARTESIAN_POINT('',(0.1165,-0.72225,-0.0185));
#7522=CARTESIAN_POINT('',(0.07,-0.723625,-0.045));
#7523=CARTESIAN_POINT('',(0.07,-0.723625,-0.02));
#7524=CARTESIAN_POINT('',(0.07,-0.725,-0.02));
#7525=CARTESIAN_POINT('',(0.07,-0.723625,-0.045));
#7526=CARTESIAN_POINT('',(0.07,-0.725,-0.045));
#7527=CARTESIAN_POINT('',(0.07,-0.725,-0.045));
#7528=CARTESIAN_POINT('',(0.0775,-0.725,-0.045));
#7529=CARTESIAN_POINT('',(0.0775,-0.725,-0.045));
#7530=CARTESIAN_POINT('',(0.085,-0.725,-0.045));
#7531=CARTESIAN_POINT('',(0.085,-0.725,-0.045));
#7532=CARTESIAN_POINT('',(0.085,-0.725,-0.005));
#7533=CARTESIAN_POINT('',(0.045,-0.725,-0.005));
#7534=CARTESIAN_POINT('',(0.045,-0.725,-0.02));
#7535=CARTESIAN_POINT('',(0.085,-0.7265,-0.045));
#7536=CARTESIAN_POINT('',(0.085,-0.7265,-0.045));
#7537=CARTESIAN_POINT('',(0.085,-0.728,-0.045));
#7538=CARTESIAN_POINT('',(0.085,-0.728,-0.045));
#7539=CARTESIAN_POINT('',(0.085,-0.728,-0.005));
#7540=CARTESIAN_POINT('',(0.085,-0.7265,-0.005));
#7541=CARTESIAN_POINT('',(0.0775,-0.728,-0.045));
#7542=CARTESIAN_POINT('',(0.0775,-0.728,-0.045));
#7543=CARTESIAN_POINT('',(0.07,-0.728,-0.045));
#7544=CARTESIAN_POINT('',(0.07,-0.728,-0.045));
#7545=CARTESIAN_POINT('',(0.07,-0.728,-0.02));
#7546=CARTESIAN_POINT('',(0.045,-0.728,-0.02));
#7547=CARTESIAN_POINT('',(0.045,-0.728,-0.005));
#7548=CARTESIAN_POINT('',(0.07,-0.7295,-0.045));
#7549=CARTESIAN_POINT('',(0.07,-0.7295,-0.02));
#7550=CARTESIAN_POINT('',(0.07,-0.731,-0.02));
#7551=CARTESIAN_POINT('',(0.07,-0.7295,-0.045));
#7552=CARTESIAN_POINT('',(0.07,-0.731,-0.045));
#7553=CARTESIAN_POINT('',(0.07,-0.731,-0.045));
#7554=CARTESIAN_POINT('',(0.093,-0.731,-0.045));
#7555=CARTESIAN_POINT('',(0.045,-0.731,0.016));
#7556=CARTESIAN_POINT('',(0.07,-0.731,0.016));
#7557=CARTESIAN_POINT('',(0.045,-0.731,-0.02));
#7558=CARTESIAN_POINT('',(0.093,-0.731,-0.045));
#7559=CARTESIAN_POINT('',(0.093,-0.731,0.016));
#7560=CARTESIAN_POINT('',(0.0905625,-0.731,0.0116875));
#7561=CARTESIAN_POINT('',(0.0905625,-0.731,0.0093375));
#7562=CARTESIAN_POINT('',(0.1016875,-0.731,0.0005625));
#7563=CARTESIAN_POINT('',(0.1016875,-0.731,-0.0017875));
#7564=CARTESIAN_POINT('',(0.093,-0.708,-0.045));
#7565=CARTESIAN_POINT('',(0.045,-0.723625,-0.02));
#7566=CARTESIAN_POINT('',(0.045,-0.723625,-0.02));
#7567=CARTESIAN_POINT('',(0.045,-0.716125,0.011125));
#7568=CARTESIAN_POINT('',(0.045,-0.71,0.01725));
#7569=CARTESIAN_POINT('',(0.08075,-0.71,0.01725));
#7570=CARTESIAN_POINT('',(0.0729166666666667,-0.702166666666667,0.0250833333333333));
#7571=CARTESIAN_POINT('',(0.045,-0.705,0.01725));
#7572=CARTESIAN_POINT('',(0.045,-0.685,0.01725));
#7573=CARTESIAN_POINT('',(0.08075,-0.685,0.01725));
#7574=CARTESIAN_POINT('',(0.08075,-0.705,0.01725));
#7575=CARTESIAN_POINT('',(0.045,-0.6925,0.02));
#7576=CARTESIAN_POINT('',(0.07,-0.675,0.02));
#7577=CARTESIAN_POINT('',(0.045,-0.7,0.02));
#7578=CARTESIAN_POINT('',(0.085,-0.7,0.02));
#7579=CARTESIAN_POINT('',(0.085,-0.6925,0.02));
#7580=CARTESIAN_POINT('',(0.045,-0.7,0.0215));
#7581=CARTESIAN_POINT('',(0.085,-0.7,0.0215));
#7582=CARTESIAN_POINT('',(0.045,-0.726,0.021));
#7583=CARTESIAN_POINT('',(0.108333333333333,-0.723333333333333,0.0236666666666667));
#7584=CARTESIAN_POINT('',(0.045,-0.7265,-0.005));
#7585=CARTESIAN_POINT('',(0.111,-0.731,0.021));
#7586=CARTESIAN_POINT('',(0.0905625,-0.731,0.0116875));
#7587=CARTESIAN_POINT('',(0.1016875,-0.731,0.0005625));
#7588=CARTESIAN_POINT('',(0.045,-0.723625,-0.005));
#7589=CARTESIAN_POINT('',(0.085,-0.731,0.0245));
#7590=CARTESIAN_POINT('',(0.1145,-0.675,-0.02));
#7591=CARTESIAN_POINT('',(0.07,-0.731,0.028));
#7592=CARTESIAN_POINT('',(0.07,-0.685,0.028));
#7593=CARTESIAN_POINT('',(0.093,-0.685,0.003));
#7594=CARTESIAN_POINT('',(0.07,-0.685,0.017125));
#7595=CARTESIAN_POINT('',(0.07,-0.685,0.017));
#7596=CARTESIAN_POINT('',(0.0885,-0.685,-0.0015));
#7597=CARTESIAN_POINT('',(0.107,-0.685,-0.02));
#7598=CARTESIAN_POINT('',(0.107125,-0.685,-0.02));
#7599=CARTESIAN_POINT('',(0.107125,-0.675,-0.02));
#7600=CARTESIAN_POINT('',(0.107,-0.675,-0.02));
#7601=CARTESIAN_POINT('',(0.0885,-0.675,-0.0015));
#7602=CARTESIAN_POINT('',(0.07,-0.675,0.017));
#7603=CARTESIAN_POINT('',(0.07,-0.675,0.017125));
#7604=CARTESIAN_POINT('',(0.,0.,0.));
#7605=CARTESIAN_POINT('',(0.0295,-0.512,8.67361737988404E-19));
#7606=CARTESIAN_POINT('',(0.0295,-0.5115,8.67361737988404E-19));
#7607=CARTESIAN_POINT('',(0.0295,-0.5115,0.0045));
#7608=CARTESIAN_POINT('',(0.0295,-0.5115,-0.0045));
#7609=CARTESIAN_POINT('',(0.0295,-0.512,-0.0045));
#7610=CARTESIAN_POINT('',(0.0295,-0.506,-0.0045));
#7611=CARTESIAN_POINT('',(0.0295,-0.506,4.41162993361615E-18));
#7612=CARTESIAN_POINT('',(0.0295,-0.506,0.0045));
#7613=CARTESIAN_POINT('',(0.0295,-0.512,0.0045));
#7614=CARTESIAN_POINT('',(0.0295,-0.506,4.41162993361615E-18));
#7615=CARTESIAN_POINT('',(0.024,-0.506,4.41162993361615E-18));
#7616=CARTESIAN_POINT('',(0.024,-0.506,-0.00265000000000004));
#7617=CARTESIAN_POINT('',(0.017,-0.506,4.41162993361615E-18));
#7618=CARTESIAN_POINT('',(0.017,-0.506,-0.00265000000000004));
#7619=CARTESIAN_POINT('',(0.023,-0.512,0.00875));
#7620=CARTESIAN_POINT('',(0.023,-0.512,0.005));
#7621=CARTESIAN_POINT('',(0.023,-0.5115,0.005));
#7622=CARTESIAN_POINT('',(0.023,-0.5005,0.005));
#7623=CARTESIAN_POINT('',(0.023,-0.5115,0.0125));
#7624=CARTESIAN_POINT('',(0.023,-0.5115,0.012));
#7625=CARTESIAN_POINT('',(0.023,-0.5,0.012));
#7626=CARTESIAN_POINT('',(0.023,-0.5005,0.012));
#7627=CARTESIAN_POINT('',(0.023,-0.5005,0.00875));
#7628=CARTESIAN_POINT('',(0.01725,-0.512,0.005));
#7629=CARTESIAN_POINT('',(0.017,-0.512,0.005));
#7630=CARTESIAN_POINT('',(0.017,-0.5115,0.005));
#7631=CARTESIAN_POINT('',(0.017,-0.5005,0.005));
#7632=CARTESIAN_POINT('',(0.01725,-0.5115,0.005));
#7633=CARTESIAN_POINT('',(0.017,-0.5005,0.005));
#7634=CARTESIAN_POINT('',(0.017,-0.512,0.));
#7635=CARTESIAN_POINT('',(0.017,-0.512,-0.005));
#7636=CARTESIAN_POINT('',(0.017,-0.5115,-0.005));
#7637=CARTESIAN_POINT('',(0.017,-0.5005,-0.005));
#7638=CARTESIAN_POINT('',(0.017,-0.5115,0.005));
#7639=CARTESIAN_POINT('',(0.017,-0.5005,0.));
#7640=CARTESIAN_POINT('',(0.01725,-0.512,-0.005));
#7641=CARTESIAN_POINT('',(0.023,-0.512,-0.005));
#7642=CARTESIAN_POINT('',(0.023,-0.5115,-0.005));
#7643=CARTESIAN_POINT('',(0.023,-0.5005,-0.005));
#7644=CARTESIAN_POINT('',(0.017,-0.5115,-0.005));
#7645=CARTESIAN_POINT('',(0.01725,-0.5005,-0.005));
#7646=CARTESIAN_POINT('',(0.023,-0.512,-0.00875));
#7647=CARTESIAN_POINT('',(0.023,-0.512,-0.012));
#7648=CARTESIAN_POINT('',(0.023,-0.5005,-0.012));
#7649=CARTESIAN_POINT('',(0.023,-0.5115,-0.012));
#7650=CARTESIAN_POINT('',(0.023,-0.5115,-0.005));
#7651=CARTESIAN_POINT('',(0.023,-0.5005,-0.00875));
#7652=CARTESIAN_POINT('',(0.024,-0.512,-0.0125));
#7653=CARTESIAN_POINT('',(0.024,-0.5005,-0.0125));
#7654=CARTESIAN_POINT('',(0.0235,-0.5005,-0.0125));
#7655=CARTESIAN_POINT('',(0.0245,-0.5005,-0.0125));
#7656=CARTESIAN_POINT('',(0.0245,-0.512,-0.0125));
#7657=CARTESIAN_POINT('',(0.0245,-0.5115,-0.0125));
#7658=CARTESIAN_POINT('',(0.023,-0.5115,-0.0125));
#7659=CARTESIAN_POINT('',(0.0235,-0.5115,-0.0125));
#7660=CARTESIAN_POINT('',(0.0235,-0.512,-0.0125));
#7661=CARTESIAN_POINT('',(0.02725,-0.512,-0.00875));
#7662=CARTESIAN_POINT('',(0.0295,-0.5005,-0.005));
#7663=CARTESIAN_POINT('',(0.0252572478777137,-0.5005,-0.0120712535371437));
#7664=CARTESIAN_POINT('',(0.0292427521222863,-0.5005,-0.00542874646285627));
#7665=CARTESIAN_POINT('',(0.0292427521222863,-0.512,-0.00542874646285627));
#7666=CARTESIAN_POINT('',(0.0292427521222863,-0.5115,-0.00542874646285627));
#7667=CARTESIAN_POINT('',(0.02725,-0.5115,-0.00875));
#7668=CARTESIAN_POINT('',(0.0252572478777137,-0.5115,-0.0120712535371437));
#7669=CARTESIAN_POINT('',(0.0252572478777137,-0.5,-0.0120712535371437));
#7670=CARTESIAN_POINT('',(0.0295,-0.512,8.67361737988404E-19));
#7671=CARTESIAN_POINT('',(0.0295,-0.506,4.41162993361615E-18));
#7672=CARTESIAN_POINT('',(0.0295,-0.512,-0.0045));
#7673=CARTESIAN_POINT('',(0.0295,-0.5005,-0.0045));
#7674=CARTESIAN_POINT('',(0.0295,-0.5005,0.005));
#7675=CARTESIAN_POINT('',(0.0295,-0.5005,0.0045));
#7676=CARTESIAN_POINT('',(0.0295,-0.512,0.0045));
#7677=CARTESIAN_POINT('',(0.02725,-0.512,0.00875));
#7678=CARTESIAN_POINT('',(0.02725,-0.5115,0.00875));
#7679=CARTESIAN_POINT('',(0.0252572478777137,-0.5115,0.0120712535371437));
#7680=CARTESIAN_POINT('',(0.0292427521222863,-0.5115,0.00542874646285628));
#7681=CARTESIAN_POINT('',(0.0292427521222863,-0.512,0.00542874646285628));
#7682=CARTESIAN_POINT('',(0.0292427521222863,-0.5005,0.00542874646285628));
#7683=CARTESIAN_POINT('',(0.025,-0.5005,0.0125));
#7684=CARTESIAN_POINT('',(0.0252572478777137,-0.5005,0.0120712535371437));
#7685=CARTESIAN_POINT('',(0.0252572478777137,-0.512,0.0120712535371437));
#7686=CARTESIAN_POINT('',(0.024,-0.512,0.0125));
#7687=CARTESIAN_POINT('',(0.024,-0.5115,0.0125));
#7688=CARTESIAN_POINT('',(0.0235,-0.5115,0.0125));
#7689=CARTESIAN_POINT('',(0.0245,-0.5115,0.0125));
#7690=CARTESIAN_POINT('',(0.0245,-0.512,0.0125));
#7691=CARTESIAN_POINT('',(0.0245,-0.5005,0.0125));
#7692=CARTESIAN_POINT('',(0.023,-0.5005,0.0125));
#7693=CARTESIAN_POINT('',(0.0235,-0.5005,0.0125));
#7694=CARTESIAN_POINT('',(0.0235,-0.512,0.0125));
#7695=CARTESIAN_POINT('',(0.00475,-0.512,0.));
#7696=CARTESIAN_POINT('',(0.0247256653018496,-0.512,-0.0119853991811098));
#7697=CARTESIAN_POINT('',(0.0247169048105155,-0.512,-0.012));
#7698=CARTESIAN_POINT('',(0.029,-0.512,-0.00486150801752578));
#7699=CARTESIAN_POINT('',(0.029,-0.512,0.));
#7700=CARTESIAN_POINT('',(0.029,-0.512,0.00486150801752579));
#7701=CARTESIAN_POINT('',(0.0247256653018496,-0.512,0.0119853991811098));
#7702=CARTESIAN_POINT('',(0.0247169048105155,-0.512,0.012));
#7703=CARTESIAN_POINT('',(0.00475,-0.512,0.012));
#7704=CARTESIAN_POINT('',(0.0235,-0.512,0.012));
#7705=CARTESIAN_POINT('',(0.0235,-0.512,0.005));
#7706=CARTESIAN_POINT('',(0.0235,-0.512,0.0045));
#7707=CARTESIAN_POINT('',(0.00475,-0.512,0.0045));
#7708=CARTESIAN_POINT('',(0.0175,-0.512,0.0045));
#7709=CARTESIAN_POINT('',(0.0175,-0.512,-0.005));
#7710=CARTESIAN_POINT('',(0.0175,-0.512,-0.0045));
#7711=CARTESIAN_POINT('',(0.023,-0.512,-0.0045));
#7712=CARTESIAN_POINT('',(0.0235,-0.512,-0.0045));
#7713=CARTESIAN_POINT('',(0.0235,-0.512,-0.0125));
#7714=CARTESIAN_POINT('',(0.0235,-0.512,-0.012));
#7715=CARTESIAN_POINT('',(0.025,-0.512,-0.012));
#7716=CARTESIAN_POINT('',(0.00475,-0.5,0.));
#7717=CARTESIAN_POINT('',(0.0290712535371438,-0.5,0.00474275212228624));
#7718=CARTESIAN_POINT('',(0.0247169048105155,-0.5,0.012));
#7719=CARTESIAN_POINT('',(0.029,-0.5,0.00486150801752579));
#7720=CARTESIAN_POINT('',(0.029,-0.5,-0.005));
#7721=CARTESIAN_POINT('',(0.029,-0.5,-0.00486150801752578));
#7722=CARTESIAN_POINT('',(0.0245712535371438,-0.5,-0.0122427521222862));
#7723=CARTESIAN_POINT('',(0.0247169048105155,-0.5,-0.012));
#7724=CARTESIAN_POINT('',(0.00475,-0.5,-0.012));
#7725=CARTESIAN_POINT('',(0.0235,-0.5,-0.012));
#7726=CARTESIAN_POINT('',(0.0235,-0.5,0.));
#7727=CARTESIAN_POINT('',(0.0235,-0.5,-0.0045));
#7728=CARTESIAN_POINT('',(0.00475,-0.5,-0.0045));
#7729=CARTESIAN_POINT('',(0.0175,-0.5,-0.0045));
#7730=CARTESIAN_POINT('',(0.0175,-0.5,0.));
#7731=CARTESIAN_POINT('',(0.0175,-0.5,0.0045));
#7732=CARTESIAN_POINT('',(0.023,-0.5,0.0045));
#7733=CARTESIAN_POINT('',(0.0235,-0.5,0.0045));
#7734=CARTESIAN_POINT('',(0.0235,-0.5,0.));
#7735=CARTESIAN_POINT('',(0.0235,-0.5,0.012));
#7736=CARTESIAN_POINT('',(0.025,-0.5,0.012));
#7737=CARTESIAN_POINT('',(0.0245,-0.5015,4.41162993361615E-18));
#7738=CARTESIAN_POINT('',(0.0245,-0.506,4.41162993361615E-18));
#7739=CARTESIAN_POINT('',(0.0245,-0.506,-0.00315000000000004));
#7740=CARTESIAN_POINT('',(0.0245,-0.506,4.41162993361615E-18));
#7741=CARTESIAN_POINT('',(0.0245,-0.506,0.00449999999999995));
#7742=CARTESIAN_POINT('',(0.0295,-0.506,4.41162993361615E-18));
#7743=CARTESIAN_POINT('',(0.024,-0.506,4.41162993361615E-18));
#7744=CARTESIAN_POINT('',(0.023,-0.5005,0.00875));
#7745=CARTESIAN_POINT('',(0.02325,-0.50025,0.012));
#7746=CARTESIAN_POINT('',(0.02175,-0.50175,0.00625000000000009));
#7747=CARTESIAN_POINT('',(0.0235,-0.5005,0.0125));
#7748=CARTESIAN_POINT('',(0.0235,-0.5005,0.0125));
#7749=CARTESIAN_POINT('',(0.0235,-0.5005,0.0125));
#7750=CARTESIAN_POINT('',(0.00475,-0.5,0.0045));
#7751=CARTESIAN_POINT('',(0.0186666666666668,-0.498833333333333,0.00333333333333322));
#7752=CARTESIAN_POINT('',(0.023,-0.512,0.012));
#7753=CARTESIAN_POINT('',(0.02325,-0.5115,0.01225));
#7754=CARTESIAN_POINT('',(0.00475,-0.5,0.012));
#7755=CARTESIAN_POINT('',(0.0246501246677229,-0.500153938823749,0.0121539388237492));
#7756=CARTESIAN_POINT('',(0.017,-0.5005,0.));
#7757=CARTESIAN_POINT('',(0.0170833333333333,-0.500416666666667,-0.00491666666666666));
#7758=CARTESIAN_POINT('',(0.0235,-0.512,0.));
#7759=CARTESIAN_POINT('',(0.0235,-0.512,0.012));
#7760=CARTESIAN_POINT('',(0.025,-0.5135,0.0029999999999999));
#7761=CARTESIAN_POINT('',(0.0235,-0.512,0.012));
#7762=CARTESIAN_POINT('',(0.0235,-0.512,0.012));
#7763=CARTESIAN_POINT('',(0.0252572478777137,-0.5005,0.0120712535371437));
#7764=CARTESIAN_POINT('',(0.0252572478777137,-0.5005,0.0120712535371437));
#7765=CARTESIAN_POINT('',(0.0252572478777137,-0.5005,0.0120712535371437));
#7766=CARTESIAN_POINT('',(0.01725,-0.5005,-0.005));
#7767=CARTESIAN_POINT('',(0.0210833333333332,-0.502416666666667,-0.00691666666666681));
#7768=CARTESIAN_POINT('',(0.01725,-0.5115,0.005));
#7769=CARTESIAN_POINT('',(0.019,-0.5135,0.0029999999999999));
#7770=CARTESIAN_POINT('',(0.024,-0.5115,0.0125));
#7771=CARTESIAN_POINT('',(0.0247169048105155,-0.512,0.012));
#7772=CARTESIAN_POINT('',(0.0245,-0.512,0.0125));
#7773=CARTESIAN_POINT('',(0.0248786239388569,-0.5115,0.0122856267685719));
#7774=CARTESIAN_POINT('',(0.0247256653018496,-0.5,0.0119853991811098));
#7775=CARTESIAN_POINT('',(0.029,-0.5,0.00486150801752579));
#7776=CARTESIAN_POINT('',(0.023,-0.5005,-0.00875));
#7777=CARTESIAN_POINT('',(0.0235,-0.5,-0.012));
#7778=CARTESIAN_POINT('',(0.0175,-0.512,0.));
#7779=CARTESIAN_POINT('',(0.0132499999999997,-0.50775,-0.00875000000000031));
#7780=CARTESIAN_POINT('',(0.0247169048105155,-0.512,0.012));
#7781=CARTESIAN_POINT('',(0.0247169048105155,-0.512,0.012));
#7782=CARTESIAN_POINT('',(0.029,-0.5,0.00486150801752579));
#7783=CARTESIAN_POINT('',(0.029,-0.5,0.00486150801752579));
#7784=CARTESIAN_POINT('',(0.0293713760611431,-0.5005,0.00496437323142814));
#7785=CARTESIAN_POINT('',(0.0235,-0.5,-0.012));
#7786=CARTESIAN_POINT('',(0.02325,-0.5005,-0.01225));
#7787=CARTESIAN_POINT('',(0.0235,-0.5,-0.012));
#7788=CARTESIAN_POINT('',(0.00475,-0.512,-0.0045));
#7789=CARTESIAN_POINT('',(0.0172499999999996,-0.50575,-0.0107500000000005));
#7790=CARTESIAN_POINT('',(0.02725,-0.5115,0.00875));
#7791=CARTESIAN_POINT('',(0.0292427521222863,-0.5115,0.00542874646285628));
#7792=CARTESIAN_POINT('',(0.0292427521222863,-0.512,0.00542874646285628));
#7793=CARTESIAN_POINT('',(0.0292427521222863,-0.5115,0.00542874646285628));
#7794=CARTESIAN_POINT('',(0.029,-0.5,0.));
#7795=CARTESIAN_POINT('',(0.0291318518847536,-0.500131851884754,-0.00476617699059717));
#7796=CARTESIAN_POINT('',(0.0247256653018496,-0.5,-0.0119853991811098));
#7797=CARTESIAN_POINT('',(0.0247169048105155,-0.5,-0.012));
#7798=CARTESIAN_POINT('',(0.0292427521222863,-0.5005,-0.00542874646285627));
#7799=CARTESIAN_POINT('',(0.024,-0.5005,-0.0125));
#7800=CARTESIAN_POINT('',(0.0247169048105155,-0.5,-0.012));
#7801=CARTESIAN_POINT('',(0.0235,-0.512,-0.0125));
#7802=CARTESIAN_POINT('',(0.0235,-0.5115,-0.0125));
#7803=CARTESIAN_POINT('',(0.0235,-0.512,0.));
#7804=CARTESIAN_POINT('',(0.02325,-0.51175,-0.012));
#7805=CARTESIAN_POINT('',(0.0292427521222863,-0.5115,0.00542874646285628));
#7806=CARTESIAN_POINT('',(0.0291318518847536,-0.511868148115246,0.00476617699059717));
#7807=CARTESIAN_POINT('',(0.0292427521222863,-0.5005,-0.00542874646285627));
#7808=CARTESIAN_POINT('',(0.0292427521222863,-0.5005,-0.00542874646285627));
#7809=CARTESIAN_POINT('',(0.0247169048105155,-0.5,-0.012));
#7810=CARTESIAN_POINT('',(0.0248786239388569,-0.5005,-0.0122856267685719));
#7811=CARTESIAN_POINT('',(0.0235,-0.5115,-0.0125));
#7812=CARTESIAN_POINT('',(0.0235,-0.5115,-0.0125));
#7813=CARTESIAN_POINT('',(0.0295,-0.5115,8.67361737988404E-19));
#7814=CARTESIAN_POINT('',(0.029,-0.512,-0.00486150801752578));
#7815=CARTESIAN_POINT('',(0.0295,-0.512,-0.0045));
#7816=CARTESIAN_POINT('',(0.0293713760611432,-0.5115,-0.00496437323142813));
#7817=CARTESIAN_POINT('',(0.0252572478777137,-0.512,-0.0120712535371437));
#7818=CARTESIAN_POINT('',(0.0252572478777137,-0.5115,-0.0120712535371437));
#7819=CARTESIAN_POINT('',(0.00475,-0.512,-0.012));
#7820=CARTESIAN_POINT('',(0.0246501246677229,-0.511846061176251,-0.0121539388237492));
#7821=CARTESIAN_POINT('',(0.029,-0.512,-0.00486150801752578));
#7822=CARTESIAN_POINT('',(0.029,-0.512,-0.00486150801752578));
#7823=CARTESIAN_POINT('',(0.0252572478777137,-0.5115,-0.0120712535371437));
#7824=CARTESIAN_POINT('',(0.0252572478777137,-0.5115,-0.0120712535371437));
#7825=CARTESIAN_POINT('',(0.02725,-0.5115,-0.00875));
#7826=CARTESIAN_POINT('',(0.,0.,0.));
#7827=CARTESIAN_POINT('',(-0.0225,-0.4845,-0.01725));
#7828=CARTESIAN_POINT('',(-0.0225,-0.4845,-0.02225));
#7829=CARTESIAN_POINT('',(-0.0225,-0.478,-0.02225));
#7830=CARTESIAN_POINT('',(-0.0225,-0.491,-0.02225));
#7831=CARTESIAN_POINT('',(-0.0225,-0.478,-0.01725));
#7832=CARTESIAN_POINT('',(-0.0225,-0.478,-0.01725));
#7833=CARTESIAN_POINT('',(-0.0225,-0.4845,-0.01725));
#7834=CARTESIAN_POINT('',(-0.0225,-0.491,-0.01725));
#7835=CARTESIAN_POINT('',(-0.0225,-0.491,-0.01725));
#7836=CARTESIAN_POINT('',(-0.00375000000000031,-0.478,-0.01725));
#7837=CARTESIAN_POINT('',(-0.00375000000000031,-0.478,-0.02225));
#7838=CARTESIAN_POINT('',(-0.0475000000000006,-0.478,-0.02225));
#7839=CARTESIAN_POINT('',(-0.0475000000000006,-0.478,-0.01725));
#7840=CARTESIAN_POINT('',(-0.0475000000000006,-0.478,-0.01725));
#7841=CARTESIAN_POINT('',(-0.00375000000000031,-0.478,-0.01725));
#7842=CARTESIAN_POINT('',(-0.0475000000000006,-0.491,-0.01725));
#7843=CARTESIAN_POINT('',(-0.0475000000000006,-0.491,-0.02225));
#7844=CARTESIAN_POINT('',(-0.0475000000000006,-0.491,-0.02225));
#7845=CARTESIAN_POINT('',(-0.0475000000000006,-0.491,-0.01725));
#7846=CARTESIAN_POINT('',(-0.0475000000000006,-0.491,-0.01725));
#7847=CARTESIAN_POINT('',(-0.0475000000000006,-0.491,-0.01725));
#7848=CARTESIAN_POINT('',(-0.00375000000000031,-0.491,-0.01725));
#7849=CARTESIAN_POINT('',(-0.00375000000000031,-0.491,-0.02225));
#7850=CARTESIAN_POINT('',(-0.00375000000000031,-0.491,-0.01725));
#7851=CARTESIAN_POINT('',(-0.0237500000000003,-0.4845,-0.01725));
#7852=CARTESIAN_POINT('',(-0.0415000000000006,-0.48788,-0.01725));
#7853=CARTESIAN_POINT('',(-0.0438500000000006,-0.48788,-0.01725));
#7854=CARTESIAN_POINT('',(-0.0285000000000006,-0.48788,-0.01725));
#7855=CARTESIAN_POINT('',(-0.0308500000000006,-0.48788,-0.01725));
#7856=CARTESIAN_POINT('',(-0.0285000000000006,-0.48112,-0.01725));
#7857=CARTESIAN_POINT('',(-0.0308500000000006,-0.48112,-0.01725));
#7858=CARTESIAN_POINT('',(-0.0415000000000007,-0.48112,-0.01725));
#7859=CARTESIAN_POINT('',(-0.0438500000000007,-0.48112,-0.01725));
#7860=CARTESIAN_POINT('',(-0.0237500000000003,-0.4845,-0.02225));
#7861=CARTESIAN_POINT('',(-0.0415000000000006,-0.48788,-0.02225));
#7862=CARTESIAN_POINT('',(-0.0438500000000006,-0.48788,-0.02225));
#7863=CARTESIAN_POINT('',(-0.0285000000000006,-0.48788,-0.02225));
#7864=CARTESIAN_POINT('',(-0.0308500000000006,-0.48788,-0.02225));
#7865=CARTESIAN_POINT('',(-0.0285000000000006,-0.48112,-0.02225));
#7866=CARTESIAN_POINT('',(-0.0308500000000006,-0.48112,-0.02225));
#7867=CARTESIAN_POINT('',(-0.0415000000000007,-0.48112,-0.02225));
#7868=CARTESIAN_POINT('',(-0.0438500000000007,-0.48112,-0.02225));
#7869=CARTESIAN_POINT('',(-0.0415000000000007,-0.48112,-0.01725));
#7870=CARTESIAN_POINT('',(-0.0285000000000006,-0.48112,-0.01725));
#7871=CARTESIAN_POINT('',(-0.0285000000000006,-0.48788,-0.01725));
#7872=CARTESIAN_POINT('',(-0.0415000000000006,-0.48788,-0.01725));
#7873=CARTESIAN_POINT('',(0.,0.,0.));
#7874=CARTESIAN_POINT('',(0.,-0.518,0.0005));
#7875=CARTESIAN_POINT('',(-0.0049,-0.518,0.01725));
#7876=CARTESIAN_POINT('',(-0.0049,-0.518,0.0165));
#7877=CARTESIAN_POINT('',(-0.0049,-0.518,0.02));
#7878=CARTESIAN_POINT('',(-0.0035,-0.518,0.0165));
#7879=CARTESIAN_POINT('',(-0.002,-0.518,0.0165));
#7880=CARTESIAN_POINT('',(-0.002,-0.518,0.018625));
#7881=CARTESIAN_POINT('',(-0.002,-0.518,0.02));
#7882=CARTESIAN_POINT('',(-9.54097911787244E-18,-0.518,0.02));
#7883=CARTESIAN_POINT('',(0.002,-0.518,0.02));
#7884=CARTESIAN_POINT('',(0.002,-0.518,0.018625));
#7885=CARTESIAN_POINT('',(0.002,-0.518,0.0165));
#7886=CARTESIAN_POINT('',(0.0035,-0.518,0.0165));
#7887=CARTESIAN_POINT('',(0.0049,-0.518,0.0165));
#7888=CARTESIAN_POINT('',(0.0049,-0.518,0.01725));
#7889=CARTESIAN_POINT('',(0.0049,-0.518,0.02));
#7890=CARTESIAN_POINT('',(0.011,-0.518,0.02));
#7891=CARTESIAN_POINT('',(0.007,-0.518,0.02));
#7892=CARTESIAN_POINT('',(0.007,-0.518,0.0205));
#7893=CARTESIAN_POINT('',(0.007,-0.518,0.021));
#7894=CARTESIAN_POINT('',(-9.54097911787244E-18,-0.518,0.021));
#7895=CARTESIAN_POINT('',(-0.007,-0.518,0.021));
#7896=CARTESIAN_POINT('',(-0.007,-0.518,0.0205));
#7897=CARTESIAN_POINT('',(-0.007,-0.518,0.02));
#7898=CARTESIAN_POINT('',(-0.011,-0.518,0.02));
#7899=CARTESIAN_POINT('',(0.,-0.5,0.0005));
#7900=CARTESIAN_POINT('',(-0.0035,-0.5,0.0165));
#7901=CARTESIAN_POINT('',(-0.0049,-0.5,0.0165));
#7902=CARTESIAN_POINT('',(-0.002,-0.5,0.0165));
#7903=CARTESIAN_POINT('',(-0.0049,-0.5,0.01725));
#7904=CARTESIAN_POINT('',(-0.0049,-0.5,0.02));
#7905=CARTESIAN_POINT('',(-0.011,-0.5,0.02));
#7906=CARTESIAN_POINT('',(-0.007,-0.5,0.02));
#7907=CARTESIAN_POINT('',(-0.007,-0.5,0.0205));
#7908=CARTESIAN_POINT('',(-0.007,-0.5,0.021));
#7909=CARTESIAN_POINT('',(-9.54097911787244E-18,-0.5,0.021));
#7910=CARTESIAN_POINT('',(0.007,-0.5,0.021));
#7911=CARTESIAN_POINT('',(0.007,-0.5,0.0205));
#7912=CARTESIAN_POINT('',(0.007,-0.5,0.02));
#7913=CARTESIAN_POINT('',(0.011,-0.5,0.02));
#7914=CARTESIAN_POINT('',(0.0049,-0.5,0.02));
#7915=CARTESIAN_POINT('',(0.0049,-0.5,0.01725));
#7916=CARTESIAN_POINT('',(0.0049,-0.5,0.0165));
#7917=CARTESIAN_POINT('',(0.0035,-0.5,0.0165));
#7918=CARTESIAN_POINT('',(0.002,-0.5,0.0165));
#7919=CARTESIAN_POINT('',(0.002,-0.5,0.018625));
#7920=CARTESIAN_POINT('',(0.002,-0.5,0.02));
#7921=CARTESIAN_POINT('',(-9.54097911787244E-18,-0.5,0.02));
#7922=CARTESIAN_POINT('',(-0.002,-0.5,0.02));
#7923=CARTESIAN_POINT('',(-0.002,-0.5,0.018625));
#7924=CARTESIAN_POINT('',(0.002,-0.518,0.018625));
#7925=CARTESIAN_POINT('',(0.002,-0.518,0.0165));
#7926=CARTESIAN_POINT('',(0.002,-0.518,0.02));
#7927=CARTESIAN_POINT('',(0.002,-0.509,0.02));
#7928=CARTESIAN_POINT('',(0.002,-0.518,0.02));
#7929=CARTESIAN_POINT('',(-0.002,-0.518,0.018625));
#7930=CARTESIAN_POINT('',(-0.002,-0.518,0.0165));
#7931=CARTESIAN_POINT('',(-0.002,-0.518,0.02));
#7932=CARTESIAN_POINT('',(-0.002,-0.509,0.02));
#7933=CARTESIAN_POINT('',(-0.002,-0.518,0.02));
#7934=CARTESIAN_POINT('',(-9.54097911787244E-18,-0.518,0.02));
#7935=CARTESIAN_POINT('',(-8.40310463545932E-18,-0.509,0.02));
#7936=CARTESIAN_POINT('',(-9.54097911787244E-18,-0.518,0.02));
#7937=CARTESIAN_POINT('',(-8.40310463545932E-18,-0.509,0.02));
#7938=CARTESIAN_POINT('',(0.011,-0.518,0.02));
#7939=CARTESIAN_POINT('',(0.007,-0.518,0.02));
#7940=CARTESIAN_POINT('',(0.0049,-0.518,0.02));
#7941=CARTESIAN_POINT('',(0.007,-0.518,0.0205));
#7942=CARTESIAN_POINT('',(0.007,-0.518,0.021));
#7943=CARTESIAN_POINT('',(-9.54097911787244E-18,-0.518,0.021));
#7944=CARTESIAN_POINT('',(-8.40310463545932E-18,-0.509,0.021));
#7945=CARTESIAN_POINT('',(-0.00200000000000001,-0.509,0.021));
#7946=CARTESIAN_POINT('',(-0.007,-0.518,0.021));
#7947=CARTESIAN_POINT('',(-0.007,-0.518,0.0205));
#7948=CARTESIAN_POINT('',(-0.007,-0.518,0.02));
#7949=CARTESIAN_POINT('',(-0.011,-0.518,0.02));
#7950=CARTESIAN_POINT('',(-0.0049,-0.518,0.02));
#7951=CARTESIAN_POINT('',(-8.40310463545932E-18,-0.509,0.021));
#7952=CARTESIAN_POINT('',(-0.0049,-0.518,0.01725));
#7953=CARTESIAN_POINT('',(-0.0049,-0.518,0.0165));
#7954=CARTESIAN_POINT('',(0.0049,-0.518,0.01725));
#7955=CARTESIAN_POINT('',(0.0049,-0.518,0.0165));
#7956=CARTESIAN_POINT('',(0.0035,-0.518,0.0165));
#7957=CARTESIAN_POINT('',(-0.0035,-0.518,0.0165));
#7958=CARTESIAN_POINT('',(0.,0.,0.));
#7959=CARTESIAN_POINT('',(-0.018625,-0.685,-0.045));
#7960=CARTESIAN_POINT('',(0.045,-0.685,0.01725));
#7961=CARTESIAN_POINT('',(0.045,-0.685,0.01725));
#7962=CARTESIAN_POINT('',(0.02,-0.685,0.01725));
#7963=CARTESIAN_POINT('',(0.02,-0.685,0.017125));
#7964=CARTESIAN_POINT('',(0.02,-0.685,0.02));
#7965=CARTESIAN_POINT('',(0.045,-0.685,0.02));
#7966=CARTESIAN_POINT('',(0.045,-0.685,0.02));
#7967=CARTESIAN_POINT('',(0.045,-0.685,0.018625));
#7968=CARTESIAN_POINT('',(-0.018625,-0.685,-0.045));
#7969=CARTESIAN_POINT('',(-0.0245,-0.685,-0.02));
#7970=CARTESIAN_POINT('',(-0.023,-0.685,-0.02));
#7971=CARTESIAN_POINT('',(-0.026,-0.685,-0.02));
#7972=CARTESIAN_POINT('',(-0.023,-0.685,-0.045));
#7973=CARTESIAN_POINT('',(-0.023,-0.685,-0.045));
#7974=CARTESIAN_POINT('',(-0.0245,-0.685,-0.045));
#7975=CARTESIAN_POINT('',(-0.026,-0.685,-0.045));
#7976=CARTESIAN_POINT('',(-0.026,-0.685,-0.045));
#7977=CARTESIAN_POINT('',(-0.018625,-0.685,-0.045));
#7978=CARTESIAN_POINT('',(0.045,-0.685,0.023));
#7979=CARTESIAN_POINT('',(0.045,-0.685,0.023));
#7980=CARTESIAN_POINT('',(0.02,-0.685,0.023));
#7981=CARTESIAN_POINT('',(0.02,-0.685,0.0245));
#7982=CARTESIAN_POINT('',(0.02,-0.685,0.026));
#7983=CARTESIAN_POINT('',(0.045,-0.685,0.026));
#7984=CARTESIAN_POINT('',(0.045,-0.685,0.026));
#7985=CARTESIAN_POINT('',(0.045,-0.685,0.0245));
#7986=CARTESIAN_POINT('',(-0.021,-0.726,-0.045));
#7987=CARTESIAN_POINT('',(-0.016,-0.731,-0.045));
#7988=CARTESIAN_POINT('',(-0.016,-0.731,-0.045));
#7989=CARTESIAN_POINT('',(-0.016,-0.731,-0.02));
#7990=CARTESIAN_POINT('',(-0.016,-0.731,-0.045));
#7991=CARTESIAN_POINT('',(-0.016,-0.731,0.016));
#7992=CARTESIAN_POINT('',(0.00433333333333349,-0.751333333333333,-0.00433333333333348));
#7993=CARTESIAN_POINT('',(-0.021,-0.726,0.021));
#7994=CARTESIAN_POINT('',(-0.0396666666666668,-0.707333333333333,0.00233333333333316));
#7995=CARTESIAN_POINT('',(-0.026,-0.721,0.016));
#7996=CARTESIAN_POINT('',(-0.026,-0.721,-0.045));
#7997=CARTESIAN_POINT('',(-0.026,-0.721,-0.02));
#7998=CARTESIAN_POINT('',(-0.026,-0.721,-0.045));
#7999=CARTESIAN_POINT('',(-0.026,-0.721,-0.045));
#8000=CARTESIAN_POINT('',(-0.021,-0.726,-0.045));
#8001=CARTESIAN_POINT('',(-0.026,-0.7155,-0.045));
#8002=CARTESIAN_POINT('',(-0.026,-0.731,0.016));
#8003=CARTESIAN_POINT('',(-0.026,-0.675,0.016));
#8004=CARTESIAN_POINT('',(-0.026,-0.675,0.0105));
#8005=CARTESIAN_POINT('',(-0.026,-0.675,-0.02));
#8006=CARTESIAN_POINT('',(-0.026,-0.675,-0.02));
#8007=CARTESIAN_POINT('',(-0.026,-0.7155,-0.045));
#8008=CARTESIAN_POINT('',(-0.023,-0.6925,-0.045));
#8009=CARTESIAN_POINT('',(-0.023,-0.675,-0.02));
#8010=CARTESIAN_POINT('',(-0.023,-0.675,-0.02));
#8011=CARTESIAN_POINT('',(-0.023,-0.675,-0.0125));
#8012=CARTESIAN_POINT('',(-0.023,-0.675,-0.005));
#8013=CARTESIAN_POINT('',(-0.023,-0.6925,-0.005));
#8014=CARTESIAN_POINT('',(-0.023,-0.7,-0.005));
#8015=CARTESIAN_POINT('',(-0.023,-0.7,-0.045));
#8016=CARTESIAN_POINT('',(-0.023,-0.7,-0.045));
#8017=CARTESIAN_POINT('',(-0.023,-0.6925,-0.045));
#8018=CARTESIAN_POINT('',(-0.0215,-0.7,-0.045));
#8019=CARTESIAN_POINT('',(-0.0215,-0.7,-0.005));
#8020=CARTESIAN_POINT('',(-0.02,-0.7,-0.005));
#8021=CARTESIAN_POINT('',(-0.02,-0.7,-0.045));
#8022=CARTESIAN_POINT('',(-0.02,-0.7,-0.045));
#8023=CARTESIAN_POINT('',(-0.0215,-0.7,-0.045));
#8024=CARTESIAN_POINT('',(-0.02,-0.6925,-0.045));
#8025=CARTESIAN_POINT('',(-0.02,-0.6925,-0.005));
#8026=CARTESIAN_POINT('',(-0.02,-0.675,-0.005));
#8027=CARTESIAN_POINT('',(-0.02,-0.675,-0.0125));
#8028=CARTESIAN_POINT('',(-0.02,-0.675,-0.02));
#8029=CARTESIAN_POINT('',(-0.02,-0.675,-0.02));
#8030=CARTESIAN_POINT('',(-0.02,-0.685,-0.02));
#8031=CARTESIAN_POINT('',(-0.02,-0.685,-0.045));
#8032=CARTESIAN_POINT('',(-0.02,-0.685,-0.045));
#8033=CARTESIAN_POINT('',(-0.02,-0.6925,-0.045));
#8034=CARTESIAN_POINT('',(-0.018625,-0.685,-0.045));
#8035=CARTESIAN_POINT('',(-0.017125,-0.685,-0.02));
#8036=CARTESIAN_POINT('',(-0.01725,-0.685,-0.02));
#8037=CARTESIAN_POINT('',(-0.01725,-0.685,-0.045));
#8038=CARTESIAN_POINT('',(-0.01725,-0.685,-0.045));
#8039=CARTESIAN_POINT('',(-0.018625,-0.685,-0.045));
#8040=CARTESIAN_POINT('',(-0.01725,-0.705,-0.045));
#8041=CARTESIAN_POINT('',(-0.01725,-0.685,-0.045));
#8042=CARTESIAN_POINT('',(-0.01725,-0.685,-0.00925));
#8043=CARTESIAN_POINT('',(-0.01725,-0.731,-0.00925));
#8044=CARTESIAN_POINT('',(-0.01725,-0.71,-0.00925));
#8045=CARTESIAN_POINT('',(-0.01725,-0.71,-0.045));
#8046=CARTESIAN_POINT('',(-0.01725,-0.71,-0.045));
#8047=CARTESIAN_POINT('',(-0.01725,-0.705,-0.045));
#8048=CARTESIAN_POINT('',(-0.011125,-0.716125,-0.045));
#8049=CARTESIAN_POINT('',(-0.0250833333333333,-0.702166666666667,-0.0170833333333333));
#8050=CARTESIAN_POINT('',(-0.005,-0.72225,0.00300000000000004));
#8051=CARTESIAN_POINT('',(-0.005,-0.72225,-0.045));
#8052=CARTESIAN_POINT('',(-0.005,-0.72225,-0.045));
#8053=CARTESIAN_POINT('',(-0.011125,-0.716125,-0.045));
#8054=CARTESIAN_POINT('',(-9.54097911787244E-18,-0.72225,-0.045));
#8055=CARTESIAN_POINT('',(-0.0265,-0.72225,-0.0185));
#8056=CARTESIAN_POINT('',(-0.00300000000000005,-0.72225,0.005));
#8057=CARTESIAN_POINT('',(0.045,-0.72225,0.005));
#8058=CARTESIAN_POINT('',(0.045,-0.72225,0.005));
#8059=CARTESIAN_POINT('',(0.045,-0.72225,1.7347234759768E-18));
#8060=CARTESIAN_POINT('',(0.045,-0.72225,-0.02));
#8061=CARTESIAN_POINT('',(0.045,-0.72225,-0.02));
#8062=CARTESIAN_POINT('',(0.02,-0.72225,-0.02));
#8063=CARTESIAN_POINT('',(0.02,-0.72225,-0.045));
#8064=CARTESIAN_POINT('',(0.02,-0.72225,-0.045));
#8065=CARTESIAN_POINT('',(-9.54097911787244E-18,-0.72225,-0.045));
#8066=CARTESIAN_POINT('',(0.02,-0.723625,-0.045));
#8067=CARTESIAN_POINT('',(0.02,-0.723625,-0.02));
#8068=CARTESIAN_POINT('',(0.02,-0.725,-0.02));
#8069=CARTESIAN_POINT('',(0.02,-0.725,-0.045));
#8070=CARTESIAN_POINT('',(0.02,-0.725,-0.045));
#8071=CARTESIAN_POINT('',(0.02,-0.723625,-0.045));
#8072=CARTESIAN_POINT('',(0.0125,-0.725,-0.045));
#8073=CARTESIAN_POINT('',(0.045,-0.725,-0.02));
#8074=CARTESIAN_POINT('',(0.045,-0.725,-0.02));
#8075=CARTESIAN_POINT('',(0.045,-0.725,-0.0125));
#8076=CARTESIAN_POINT('',(0.045,-0.725,-0.005));
#8077=CARTESIAN_POINT('',(0.045,-0.725,-0.005));
#8078=CARTESIAN_POINT('',(0.005,-0.725,-0.005));
#8079=CARTESIAN_POINT('',(0.005,-0.725,-0.045));
#8080=CARTESIAN_POINT('',(0.005,-0.725,-0.045));
#8081=CARTESIAN_POINT('',(0.0125,-0.725,-0.045));
#8082=CARTESIAN_POINT('',(0.005,-0.7265,-0.045));
#8083=CARTESIAN_POINT('',(0.005,-0.7265,-0.005));
#8084=CARTESIAN_POINT('',(0.005,-0.728,-0.005));
#8085=CARTESIAN_POINT('',(0.005,-0.728,-0.045));
#8086=CARTESIAN_POINT('',(0.005,-0.728,-0.045));
#8087=CARTESIAN_POINT('',(0.005,-0.7265,-0.045));
#8088=CARTESIAN_POINT('',(0.0125,-0.728,-0.045));
#8089=CARTESIAN_POINT('',(0.045,-0.728,-0.005));
#8090=CARTESIAN_POINT('',(0.045,-0.728,-0.005));
#8091=CARTESIAN_POINT('',(0.045,-0.728,-0.0125));
#8092=CARTESIAN_POINT('',(0.045,-0.728,-0.02));
#8093=CARTESIAN_POINT('',(0.045,-0.728,-0.02));
#8094=CARTESIAN_POINT('',(0.02,-0.728,-0.02));
#8095=CARTESIAN_POINT('',(0.02,-0.728,-0.045));
#8096=CARTESIAN_POINT('',(0.02,-0.728,-0.045));
#8097=CARTESIAN_POINT('',(0.0125,-0.728,-0.045));
#8098=CARTESIAN_POINT('',(0.02,-0.7295,-0.045));
#8099=CARTESIAN_POINT('',(0.02,-0.7295,-0.02));
#8100=CARTESIAN_POINT('',(0.02,-0.731,-0.02));
#8101=CARTESIAN_POINT('',(0.02,-0.731,-0.045));
#8102=CARTESIAN_POINT('',(0.02,-0.731,-0.045));
#8103=CARTESIAN_POINT('',(0.02,-0.7295,-0.045));
#8104=CARTESIAN_POINT('',(-0.003,-0.731,-0.045));
#8105=CARTESIAN_POINT('',(0.045,-0.731,0.016));
#8106=CARTESIAN_POINT('',(0.045,-0.731,0.016));
#8107=CARTESIAN_POINT('',(0.02,-0.731,0.016));
#8108=CARTESIAN_POINT('',(-0.003,-0.731,0.016));
#8109=CARTESIAN_POINT('',(-0.003,-0.731,-0.045));
#8110=CARTESIAN_POINT('',(0.045,-0.731,-0.02));
#8111=CARTESIAN_POINT('',(0.045,-0.731,-0.02));
#8112=CARTESIAN_POINT('',(0.045,-0.731,0.0105));
#8113=CARTESIAN_POINT('',(-0.000562500000000008,-0.731,0.0116875));
#8114=CARTESIAN_POINT('',(-0.000562500000000008,-0.731,0.0093375));
#8115=CARTESIAN_POINT('',(-0.0116875,-0.731,0.0005625));
#8116=CARTESIAN_POINT('',(-0.0116875,-0.731,-0.0017875));
#8117=CARTESIAN_POINT('',(-0.003,-0.708,-0.045));
#8118=CARTESIAN_POINT('',(0.045,-0.723625,-0.02));
#8119=CARTESIAN_POINT('',(0.045,-0.723625,-0.02));
#8120=CARTESIAN_POINT('',(0.045,-0.723625,-0.02));
#8121=CARTESIAN_POINT('',(0.045,-0.7295,-0.02));
#8122=CARTESIAN_POINT('',(0.045,-0.716125,0.011125));
#8123=CARTESIAN_POINT('',(0.0170833333333333,-0.702166666666667,0.0250833333333333));
#8124=CARTESIAN_POINT('',(0.00925,-0.71,0.01725));
#8125=CARTESIAN_POINT('',(0.045,-0.71,0.01725));
#8126=CARTESIAN_POINT('',(0.045,-0.71,0.01725));
#8127=CARTESIAN_POINT('',(0.045,-0.716125,0.011125));
#8128=CARTESIAN_POINT('',(0.045,-0.705,0.01725));
#8129=CARTESIAN_POINT('',(0.00925,-0.705,0.01725));
#8130=CARTESIAN_POINT('',(0.00925,-0.685,0.01725));
#8131=CARTESIAN_POINT('',(0.045,-0.685,0.01725));
#8132=CARTESIAN_POINT('',(0.045,-0.705,0.01725));
#8133=CARTESIAN_POINT('',(0.045,-0.6925,0.02));
#8134=CARTESIAN_POINT('',(0.02,-0.675,0.02));
#8135=CARTESIAN_POINT('',(0.02,-0.675,0.02));
#8136=CARTESIAN_POINT('',(0.0125,-0.675,0.02));
#8137=CARTESIAN_POINT('',(0.005,-0.675,0.02));
#8138=CARTESIAN_POINT('',(0.005,-0.6925,0.02));
#8139=CARTESIAN_POINT('',(0.005,-0.7,0.02));
#8140=CARTESIAN_POINT('',(0.045,-0.7,0.02));
#8141=CARTESIAN_POINT('',(0.045,-0.7,0.02));
#8142=CARTESIAN_POINT('',(0.045,-0.6925,0.02));
#8143=CARTESIAN_POINT('',(0.045,-0.7,0.0215));
#8144=CARTESIAN_POINT('',(0.005,-0.7,0.0215));
#8145=CARTESIAN_POINT('',(0.005,-0.7,0.023));
#8146=CARTESIAN_POINT('',(0.045,-0.7,0.023));
#8147=CARTESIAN_POINT('',(0.045,-0.7,0.023));
#8148=CARTESIAN_POINT('',(0.045,-0.7,0.0215));
#8149=CARTESIAN_POINT('',(0.045,-0.6925,0.023));
#8150=CARTESIAN_POINT('',(0.005,-0.6925,0.023));
#8151=CARTESIAN_POINT('',(0.005,-0.675,0.023));
#8152=CARTESIAN_POINT('',(0.0125,-0.675,0.023));
#8153=CARTESIAN_POINT('',(0.02,-0.675,0.023));
#8154=CARTESIAN_POINT('',(0.02,-0.675,0.023));
#8155=CARTESIAN_POINT('',(0.045,-0.6925,0.023));
#8156=CARTESIAN_POINT('',(0.045,-0.708,0.026));
#8157=CARTESIAN_POINT('',(-0.016,-0.731,0.026));
#8158=CARTESIAN_POINT('',(-0.016,-0.721,0.026));
#8159=CARTESIAN_POINT('',(-0.016,-0.675,0.026));
#8160=CARTESIAN_POINT('',(0.045,-0.721,0.026));
#8161=CARTESIAN_POINT('',(0.02,-0.721,0.026));
#8162=CARTESIAN_POINT('',(0.045,-0.721,0.026));
#8163=CARTESIAN_POINT('',(0.045,-0.721,0.026));
#8164=CARTESIAN_POINT('',(0.045,-0.708,0.026));
#8165=CARTESIAN_POINT('',(0.02,-0.675,0.026));
#8166=CARTESIAN_POINT('',(0.02,-0.675,0.026));
#8167=CARTESIAN_POINT('',(-0.003,-0.675,0.026));
#8168=CARTESIAN_POINT('',(0.045,-0.726,0.021));
#8169=CARTESIAN_POINT('',(-0.0183333333333333,-0.723333333333333,0.0236666666666667));
#8170=CARTESIAN_POINT('',(0.045,-0.726,0.021));
#8171=CARTESIAN_POINT('',(0.045,-0.7265,-0.005));
#8172=CARTESIAN_POINT('',(0.045,-0.7265,-0.005));
#8173=CARTESIAN_POINT('',(0.045,-0.708,0.003));
#8174=CARTESIAN_POINT('',(-0.021,-0.731,0.021));
#8175=CARTESIAN_POINT('',(-0.021,-0.675,0.021));
#8176=CARTESIAN_POINT('',(-0.000562500000000008,-0.731,0.0116875));
#8177=CARTESIAN_POINT('',(-0.000562500000000008,-0.675,0.0116875));
#8178=CARTESIAN_POINT('',(-0.000562500000000008,-0.675,0.0093375));
#8179=CARTESIAN_POINT('',(-0.0116875,-0.731,0.0005625));
#8180=CARTESIAN_POINT('',(-0.0116875,-0.675,0.0005625));
#8181=CARTESIAN_POINT('',(-0.0116875,-0.675,-0.0017875));
#8182=CARTESIAN_POINT('',(0.045,-0.723625,-0.005));
#8183=CARTESIAN_POINT('',(-0.0215,-0.675,-0.005));
#8184=CARTESIAN_POINT('',(0.005,-0.731,0.0245));
#8185=CARTESIAN_POINT('',(0.005,-0.675,0.0215));
#8186=CARTESIAN_POINT('',(0.02,-0.675,0.0245));
#8187=CARTESIAN_POINT('',(0.02,-0.675,0.0245));
#8188=CARTESIAN_POINT('',(-0.0245,-0.675,-0.02));
#8189=CARTESIAN_POINT('',(-0.0245,-0.675,-0.02));
#8190=CARTESIAN_POINT('',(-0.003,-0.675,0.003));
#8191=CARTESIAN_POINT('',(0.02,-0.675,0.017125));
#8192=CARTESIAN_POINT('',(0.02,-0.675,0.017));
#8193=CARTESIAN_POINT('',(0.0015,-0.675,-0.0015));
#8194=CARTESIAN_POINT('',(-0.017,-0.675,-0.02));
#8195=CARTESIAN_POINT('',(-0.017125,-0.675,-0.02));
#8196=CARTESIAN_POINT('',(0.02,-0.731,0.028));
#8197=CARTESIAN_POINT('',(0.02,-0.685,0.028));
#8198=CARTESIAN_POINT('',(-0.003,-0.685,0.003));
#8199=CARTESIAN_POINT('',(-0.017125,-0.685,-0.02));
#8200=CARTESIAN_POINT('',(-0.017,-0.685,-0.02));
#8201=CARTESIAN_POINT('',(0.0015,-0.685,-0.0015));
#8202=CARTESIAN_POINT('',(0.02,-0.685,0.017));
#8203=CARTESIAN_POINT('',(0.02,-0.685,0.017125));
#8204=CARTESIAN_POINT('',(-0.017125,-0.675,-0.02));
#8205=CARTESIAN_POINT('',(-0.017,-0.675,-0.02));
#8206=CARTESIAN_POINT('',(0.0015,-0.675,-0.0015));
#8207=CARTESIAN_POINT('',(0.02,-0.675,0.017));
#8208=CARTESIAN_POINT('',(0.02,-0.675,0.017125));
#8209=MECHANICAL_DESIGN_GEOMETRIC_PRESENTATION_REPRESENTATION('',(#5017),
#8222);
#8210=MECHANICAL_DESIGN_GEOMETRIC_PRESENTATION_REPRESENTATION('',(#5018),
#8223);
#8211=MECHANICAL_DESIGN_GEOMETRIC_PRESENTATION_REPRESENTATION('',(#5019),
#8224);
#8212=MECHANICAL_DESIGN_GEOMETRIC_PRESENTATION_REPRESENTATION('',(#5020),
#8225);
#8213=MECHANICAL_DESIGN_GEOMETRIC_PRESENTATION_REPRESENTATION('',(#5021),
#8226);
#8214=MECHANICAL_DESIGN_GEOMETRIC_PRESENTATION_REPRESENTATION('',(#5022),
#8227);
#8215=MECHANICAL_DESIGN_GEOMETRIC_PRESENTATION_REPRESENTATION('',(#5023),
#8228);
#8216=MECHANICAL_DESIGN_GEOMETRIC_PRESENTATION_REPRESENTATION('',(#5024),
#8229);
#8217=MECHANICAL_DESIGN_GEOMETRIC_PRESENTATION_REPRESENTATION('',(#5025),
#8230);
#8218=MECHANICAL_DESIGN_GEOMETRIC_PRESENTATION_REPRESENTATION('',(#5026),
#8231);
#8219=MECHANICAL_DESIGN_GEOMETRIC_PRESENTATION_REPRESENTATION('',(#5027),
#8232);
#8220=MECHANICAL_DESIGN_GEOMETRIC_PRESENTATION_REPRESENTATION('',(#5028),
#8233);
#8221=MECHANICAL_DESIGN_GEOMETRIC_PRESENTATION_REPRESENTATION('',(#5029),
#8234);
#8222=(
GEOMETRIC_REPRESENTATION_CONTEXT(3)
GLOBAL_UNCERTAINTY_ASSIGNED_CONTEXT((#8235))
GLOBAL_UNIT_ASSIGNED_CONTEXT((#8274,#8261,#8248))
REPRESENTATION_CONTEXT('charni\X2\FFFD\X0\re2',
'TOP_LEVEL_ASSEMBLY_PART')
);
#8223=(
GEOMETRIC_REPRESENTATION_CONTEXT(3)
GLOBAL_UNCERTAINTY_ASSIGNED_CONTEXT((#8236))
GLOBAL_UNIT_ASSIGNED_CONTEXT((#8275,#8262,#8249))
REPRESENTATION_CONTEXT('cornerspacer','TOP_LEVEL_ASSEMBLY_PART')
);
#8224=(
GEOMETRIC_REPRESENTATION_CONTEXT(3)
GLOBAL_UNCERTAINTY_ASSIGNED_CONTEXT((#8237))
GLOBAL_UNIT_ASSIGNED_CONTEXT((#8276,#8263,#8250))
REPRESENTATION_CONTEXT('Part 7','TOP_LEVEL_ASSEMBLY_PART')
);
#8225=(
GEOMETRIC_REPRESENTATION_CONTEXT(3)
GLOBAL_UNCERTAINTY_ASSIGNED_CONTEXT((#8238))
GLOBAL_UNIT_ASSIGNED_CONTEXT((#8277,#8264,#8251))
REPRESENTATION_CONTEXT('BITOUNIOU','TOP_LEVEL_ASSEMBLY_PART')
);
#8226=(
GEOMETRIC_REPRESENTATION_CONTEXT(3)
GLOBAL_UNCERTAINTY_ASSIGNED_CONTEXT((#8239))
GLOBAL_UNIT_ASSIGNED_CONTEXT((#8278,#8265,#8252))
REPRESENTATION_CONTEXT('Part 20','TOP_LEVEL_ASSEMBLY_PART')
);
#8227=(
GEOMETRIC_REPRESENTATION_CONTEXT(3)
GLOBAL_UNCERTAINTY_ASSIGNED_CONTEXT((#8240))
GLOBAL_UNIT_ASSIGNED_CONTEXT((#8279,#8266,#8253))
REPRESENTATION_CONTEXT('Part 12','TOP_LEVEL_ASSEMBLY_PART')
);
#8228=(
GEOMETRIC_REPRESENTATION_CONTEXT(3)
GLOBAL_UNCERTAINTY_ASSIGNED_CONTEXT((#8241))
GLOBAL_UNIT_ASSIGNED_CONTEXT((#8280,#8267,#8254))
REPRESENTATION_CONTEXT('hexnut','TOP_LEVEL_ASSEMBLY_PART')
);
#8229=(
GEOMETRIC_REPRESENTATION_CONTEXT(3)
GLOBAL_UNCERTAINTY_ASSIGNED_CONTEXT((#8242))
GLOBAL_UNIT_ASSIGNED_CONTEXT((#8281,#8268,#8255))
REPRESENTATION_CONTEXT('carni\X2\FFFD\X0\re1','TOP_LEVEL_ASSEMBLY_PART')
);
#8230=(
GEOMETRIC_REPRESENTATION_CONTEXT(3)
GLOBAL_UNCERTAINTY_ASSIGNED_CONTEXT((#8243))
GLOBAL_UNIT_ASSIGNED_CONTEXT((#8282,#8269,#8256))
REPRESENTATION_CONTEXT('cornerhaut cot\X2\FFFD\X0\ porte',
'TOP_LEVEL_ASSEMBLY_PART')
);
#8231=(
GEOMETRIC_REPRESENTATION_CONTEXT(3)
GLOBAL_UNCERTAINTY_ASSIGNED_CONTEXT((#8244))
GLOBAL_UNIT_ASSIGNED_CONTEXT((#8283,#8270,#8257))
REPRESENTATION_CONTEXT('bitouniouplaque','TOP_LEVEL_ASSEMBLY_PART')
);
#8232=(
GEOMETRIC_REPRESENTATION_CONTEXT(3)
GLOBAL_UNCERTAINTY_ASSIGNED_CONTEXT((#8245))
GLOBAL_UNIT_ASSIGNED_CONTEXT((#8284,#8271,#8258))
REPRESENTATION_CONTEXT('counterblock','TOP_LEVEL_ASSEMBLY_PART')
);
#8233=(
GEOMETRIC_REPRESENTATION_CONTEXT(3)
GLOBAL_UNCERTAINTY_ASSIGNED_CONTEXT((#8246))
GLOBAL_UNIT_ASSIGNED_CONTEXT((#8285,#8272,#8259))
REPRESENTATION_CONTEXT('RAIL FIXER','TOP_LEVEL_ASSEMBLY_PART')
);
#8234=(
GEOMETRIC_REPRESENTATION_CONTEXT(3)
GLOBAL_UNCERTAINTY_ASSIGNED_CONTEXT((#8247))
GLOBAL_UNIT_ASSIGNED_CONTEXT((#8286,#8273,#8260))
REPRESENTATION_CONTEXT('cornerhautback','TOP_LEVEL_ASSEMBLY_PART')
);
#8235=UNCERTAINTY_MEASURE_WITH_UNIT(LENGTH_MEASURE(1.E-8),#8274,
'DISTANCE_ACCURACY_VALUE','Maximum Tolerance applied to model');
#8236=UNCERTAINTY_MEASURE_WITH_UNIT(LENGTH_MEASURE(1.E-8),#8275,
'DISTANCE_ACCURACY_VALUE','Maximum Tolerance applied to model');
#8237=UNCERTAINTY_MEASURE_WITH_UNIT(LENGTH_MEASURE(1.E-8),#8276,
'DISTANCE_ACCURACY_VALUE','Maximum Tolerance applied to model');
#8238=UNCERTAINTY_MEASURE_WITH_UNIT(LENGTH_MEASURE(1.E-8),#8277,
'DISTANCE_ACCURACY_VALUE','Maximum Tolerance applied to model');
#8239=UNCERTAINTY_MEASURE_WITH_UNIT(LENGTH_MEASURE(1.E-8),#8278,
'DISTANCE_ACCURACY_VALUE','Maximum Tolerance applied to model');
#8240=UNCERTAINTY_MEASURE_WITH_UNIT(LENGTH_MEASURE(1.E-8),#8279,
'DISTANCE_ACCURACY_VALUE','Maximum Tolerance applied to model');
#8241=UNCERTAINTY_MEASURE_WITH_UNIT(LENGTH_MEASURE(1.E-8),#8280,
'DISTANCE_ACCURACY_VALUE','Maximum Tolerance applied to model');
#8242=UNCERTAINTY_MEASURE_WITH_UNIT(LENGTH_MEASURE(1.E-8),#8281,
'DISTANCE_ACCURACY_VALUE','Maximum Tolerance applied to model');
#8243=UNCERTAINTY_MEASURE_WITH_UNIT(LENGTH_MEASURE(1.E-8),#8282,
'DISTANCE_ACCURACY_VALUE','Maximum Tolerance applied to model');
#8244=UNCERTAINTY_MEASURE_WITH_UNIT(LENGTH_MEASURE(1.E-8),#8283,
'DISTANCE_ACCURACY_VALUE','Maximum Tolerance applied to model');
#8245=UNCERTAINTY_MEASURE_WITH_UNIT(LENGTH_MEASURE(1.E-8),#8284,
'DISTANCE_ACCURACY_VALUE','Maximum Tolerance applied to model');
#8246=UNCERTAINTY_MEASURE_WITH_UNIT(LENGTH_MEASURE(1.E-8),#8285,
'DISTANCE_ACCURACY_VALUE','Maximum Tolerance applied to model');
#8247=UNCERTAINTY_MEASURE_WITH_UNIT(LENGTH_MEASURE(1.E-8),#8286,
'DISTANCE_ACCURACY_VALUE','Maximum Tolerance applied to model');
#8248=(
NAMED_UNIT(*)
SI_UNIT($,.STERADIAN.)
SOLID_ANGLE_UNIT()
);
#8249=(
NAMED_UNIT(*)
SI_UNIT($,.STERADIAN.)
SOLID_ANGLE_UNIT()
);
#8250=(
NAMED_UNIT(*)
SI_UNIT($,.STERADIAN.)
SOLID_ANGLE_UNIT()
);
#8251=(
NAMED_UNIT(*)
SI_UNIT($,.STERADIAN.)
SOLID_ANGLE_UNIT()
);
#8252=(
NAMED_UNIT(*)
SI_UNIT($,.STERADIAN.)
SOLID_ANGLE_UNIT()
);
#8253=(
NAMED_UNIT(*)
SI_UNIT($,.STERADIAN.)
SOLID_ANGLE_UNIT()
);
#8254=(
NAMED_UNIT(*)
SI_UNIT($,.STERADIAN.)
SOLID_ANGLE_UNIT()
);
#8255=(
NAMED_UNIT(*)
SI_UNIT($,.STERADIAN.)
SOLID_ANGLE_UNIT()
);
#8256=(
NAMED_UNIT(*)
SI_UNIT($,.STERADIAN.)
SOLID_ANGLE_UNIT()
);
#8257=(
NAMED_UNIT(*)
SI_UNIT($,.STERADIAN.)
SOLID_ANGLE_UNIT()
);
#8258=(
NAMED_UNIT(*)
SI_UNIT($,.STERADIAN.)
SOLID_ANGLE_UNIT()
);
#8259=(
NAMED_UNIT(*)
SI_UNIT($,.STERADIAN.)
SOLID_ANGLE_UNIT()
);
#8260=(
NAMED_UNIT(*)
SI_UNIT($,.STERADIAN.)
SOLID_ANGLE_UNIT()
);
#8261=(
NAMED_UNIT(*)
PLANE_ANGLE_UNIT()
SI_UNIT($,.RADIAN.)
);
#8262=(
NAMED_UNIT(*)
PLANE_ANGLE_UNIT()
SI_UNIT($,.RADIAN.)
);
#8263=(
NAMED_UNIT(*)
PLANE_ANGLE_UNIT()
SI_UNIT($,.RADIAN.)
);
#8264=(
NAMED_UNIT(*)
PLANE_ANGLE_UNIT()
SI_UNIT($,.RADIAN.)
);
#8265=(
NAMED_UNIT(*)
PLANE_ANGLE_UNIT()
SI_UNIT($,.RADIAN.)
);
#8266=(
NAMED_UNIT(*)
PLANE_ANGLE_UNIT()
SI_UNIT($,.RADIAN.)
);
#8267=(
NAMED_UNIT(*)
PLANE_ANGLE_UNIT()
SI_UNIT($,.RADIAN.)
);
#8268=(
NAMED_UNIT(*)
PLANE_ANGLE_UNIT()
SI_UNIT($,.RADIAN.)
);
#8269=(
NAMED_UNIT(*)
PLANE_ANGLE_UNIT()
SI_UNIT($,.RADIAN.)
);
#8270=(
NAMED_UNIT(*)
PLANE_ANGLE_UNIT()
SI_UNIT($,.RADIAN.)
);
#8271=(
NAMED_UNIT(*)
PLANE_ANGLE_UNIT()
SI_UNIT($,.RADIAN.)
);
#8272=(
NAMED_UNIT(*)
PLANE_ANGLE_UNIT()
SI_UNIT($,.RADIAN.)
);
#8273=(
NAMED_UNIT(*)
PLANE_ANGLE_UNIT()
SI_UNIT($,.RADIAN.)
);
#8274=(
LENGTH_UNIT()
NAMED_UNIT(*)
SI_UNIT($,.METRE.)
);
#8275=(
LENGTH_UNIT()
NAMED_UNIT(*)
SI_UNIT($,.METRE.)
);
#8276=(
LENGTH_UNIT()
NAMED_UNIT(*)
SI_UNIT($,.METRE.)
);
#8277=(
LENGTH_UNIT()
NAMED_UNIT(*)
SI_UNIT($,.METRE.)
);
#8278=(
LENGTH_UNIT()
NAMED_UNIT(*)
SI_UNIT($,.METRE.)
);
#8279=(
LENGTH_UNIT()
NAMED_UNIT(*)
SI_UNIT($,.METRE.)
);
#8280=(
LENGTH_UNIT()
NAMED_UNIT(*)
SI_UNIT($,.METRE.)
);
#8281=(
LENGTH_UNIT()
NAMED_UNIT(*)
SI_UNIT($,.METRE.)
);
#8282=(
LENGTH_UNIT()
NAMED_UNIT(*)
SI_UNIT($,.METRE.)
);
#8283=(
LENGTH_UNIT()
NAMED_UNIT(*)
SI_UNIT($,.METRE.)
);
#8284=(
LENGTH_UNIT()
NAMED_UNIT(*)
SI_UNIT($,.METRE.)
);
#8285=(
LENGTH_UNIT()
NAMED_UNIT(*)
SI_UNIT($,.METRE.)
);
#8286=(
LENGTH_UNIT()
NAMED_UNIT(*)
SI_UNIT($,.METRE.)
);
#8287=PRODUCT_DEFINITION_SHAPE('','',#8300);
#8288=PRODUCT_DEFINITION_SHAPE('','',#8301);
#8289=PRODUCT_DEFINITION_SHAPE('','',#8302);
#8290=PRODUCT_DEFINITION_SHAPE('','',#8303);
#8291=PRODUCT_DEFINITION_SHAPE('','',#8304);
#8292=PRODUCT_DEFINITION_SHAPE('','',#8305);
#8293=PRODUCT_DEFINITION_SHAPE('','',#8306);
#8294=PRODUCT_DEFINITION_SHAPE('','',#8307);
#8295=PRODUCT_DEFINITION_SHAPE('','',#8308);
#8296=PRODUCT_DEFINITION_SHAPE('','',#8309);
#8297=PRODUCT_DEFINITION_SHAPE('','',#8310);
#8298=PRODUCT_DEFINITION_SHAPE('','',#8311);
#8299=PRODUCT_DEFINITION_SHAPE('','',#8312);
#8300=PRODUCT_DEFINITION('','',#8326,#8313);
#8301=PRODUCT_DEFINITION('','',#8327,#8314);
#8302=PRODUCT_DEFINITION('','',#8328,#8315);
#8303=PRODUCT_DEFINITION('','',#8329,#8316);
#8304=PRODUCT_DEFINITION('','',#8330,#8317);
#8305=PRODUCT_DEFINITION('','',#8331,#8318);
#8306=PRODUCT_DEFINITION('','',#8332,#8319);
#8307=PRODUCT_DEFINITION('','',#8333,#8320);
#8308=PRODUCT_DEFINITION('','',#8334,#8321);
#8309=PRODUCT_DEFINITION('','',#8335,#8322);
#8310=PRODUCT_DEFINITION('','',#8336,#8323);
#8311=PRODUCT_DEFINITION('','',#8337,#8324);
#8312=PRODUCT_DEFINITION('','',#8338,#8325);
#8313=PRODUCT_DEFINITION_CONTEXT('',#8404,'design');
#8314=PRODUCT_DEFINITION_CONTEXT('',#8405,'design');
#8315=PRODUCT_DEFINITION_CONTEXT('',#8406,'design');
#8316=PRODUCT_DEFINITION_CONTEXT('',#8407,'design');
#8317=PRODUCT_DEFINITION_CONTEXT('',#8408,'design');
#8318=PRODUCT_DEFINITION_CONTEXT('',#8409,'design');
#8319=PRODUCT_DEFINITION_CONTEXT('',#8410,'design');
#8320=PRODUCT_DEFINITION_CONTEXT('',#8411,'design');
#8321=PRODUCT_DEFINITION_CONTEXT('',#8412,'design');
#8322=PRODUCT_DEFINITION_CONTEXT('',#8413,'design');
#8323=PRODUCT_DEFINITION_CONTEXT('',#8414,'design');
#8324=PRODUCT_DEFINITION_CONTEXT('',#8415,'design');
#8325=PRODUCT_DEFINITION_CONTEXT('',#8416,'design');
#8326=PRODUCT_DEFINITION_FORMATION_WITH_SPECIFIED_SOURCE('','',#8352,
 .NOT_KNOWN.);
#8327=PRODUCT_DEFINITION_FORMATION_WITH_SPECIFIED_SOURCE('','',#8353,
 .NOT_KNOWN.);
#8328=PRODUCT_DEFINITION_FORMATION_WITH_SPECIFIED_SOURCE('','',#8354,
 .NOT_KNOWN.);
#8329=PRODUCT_DEFINITION_FORMATION_WITH_SPECIFIED_SOURCE('','',#8355,
 .NOT_KNOWN.);
#8330=PRODUCT_DEFINITION_FORMATION_WITH_SPECIFIED_SOURCE('','',#8356,
 .NOT_KNOWN.);
#8331=PRODUCT_DEFINITION_FORMATION_WITH_SPECIFIED_SOURCE('','',#8357,
 .NOT_KNOWN.);
#8332=PRODUCT_DEFINITION_FORMATION_WITH_SPECIFIED_SOURCE('','',#8358,
 .NOT_KNOWN.);
#8333=PRODUCT_DEFINITION_FORMATION_WITH_SPECIFIED_SOURCE('','',#8359,
 .NOT_KNOWN.);
#8334=PRODUCT_DEFINITION_FORMATION_WITH_SPECIFIED_SOURCE('','',#8360,
 .NOT_KNOWN.);
#8335=PRODUCT_DEFINITION_FORMATION_WITH_SPECIFIED_SOURCE('','',#8361,
 .NOT_KNOWN.);
#8336=PRODUCT_DEFINITION_FORMATION_WITH_SPECIFIED_SOURCE('','',#8362,
 .NOT_KNOWN.);
#8337=PRODUCT_DEFINITION_FORMATION_WITH_SPECIFIED_SOURCE('','',#8363,
 .NOT_KNOWN.);
#8338=PRODUCT_DEFINITION_FORMATION_WITH_SPECIFIED_SOURCE('','',#8364,
 .NOT_KNOWN.);
#8339=PRODUCT_RELATED_PRODUCT_CATEGORY('','',(#8352));
#8340=PRODUCT_RELATED_PRODUCT_CATEGORY('','',(#8353));
#8341=PRODUCT_RELATED_PRODUCT_CATEGORY('','',(#8354));
#8342=PRODUCT_RELATED_PRODUCT_CATEGORY('','',(#8355));
#8343=PRODUCT_RELATED_PRODUCT_CATEGORY('','',(#8356));
#8344=PRODUCT_RELATED_PRODUCT_CATEGORY('','',(#8357));
#8345=PRODUCT_RELATED_PRODUCT_CATEGORY('','',(#8358));
#8346=PRODUCT_RELATED_PRODUCT_CATEGORY('','',(#8359));
#8347=PRODUCT_RELATED_PRODUCT_CATEGORY('','',(#8360));
#8348=PRODUCT_RELATED_PRODUCT_CATEGORY('','',(#8361));
#8349=PRODUCT_RELATED_PRODUCT_CATEGORY('','',(#8362));
#8350=PRODUCT_RELATED_PRODUCT_CATEGORY('','',(#8363));
#8351=PRODUCT_RELATED_PRODUCT_CATEGORY('','',(#8364));
#8352=PRODUCT('charni\X2\FFFD\X0\re2','charni\X2\FFFD\X0\re2',
'charni\X2\FFFD\X0\re2',(#8378));
#8353=PRODUCT('cornerspacer','cornerspacer','cornerspacer',(#8379));
#8354=PRODUCT('Part 7','Part 7','Part 7',(#8380));
#8355=PRODUCT('BITOUNIOU','BITOUNIOU','BITOUNIOU',(#8381));
#8356=PRODUCT('Part 20','Part 20','Part 20',(#8382));
#8357=PRODUCT('Part 12','Part 12','Part 12',(#8383));
#8358=PRODUCT('hexnut','hexnut','hexnut',(#8384));
#8359=PRODUCT('carni\X2\FFFD\X0\re1','carni\X2\FFFD\X0\re1',
'carni\X2\FFFD\X0\re1',(#8385));
#8360=PRODUCT('cornerhaut cot\X2\FFFD\X0\ porte',
'cornerhaut cot\X2\FFFD\X0\ porte','cornerhaut cot\X2\FFFD\X0\ porte',(#8386));
#8361=PRODUCT('bitouniouplaque','bitouniouplaque','bitouniouplaque',(#8387));
#8362=PRODUCT('counterblock','counterblock','counterblock',(#8388));
#8363=PRODUCT('RAIL FIXER','RAIL FIXER','RAIL FIXER',(#8389));
#8364=PRODUCT('cornerhautback','cornerhautback','cornerhautback',(#8390));
#8365=PRODUCT_CATEGORY('','');
#8366=PRODUCT_CATEGORY('','');
#8367=PRODUCT_CATEGORY('','');
#8368=PRODUCT_CATEGORY('','');
#8369=PRODUCT_CATEGORY('','');
#8370=PRODUCT_CATEGORY('','');
#8371=PRODUCT_CATEGORY('','');
#8372=PRODUCT_CATEGORY('','');
#8373=PRODUCT_CATEGORY('','');
#8374=PRODUCT_CATEGORY('','');
#8375=PRODUCT_CATEGORY('','');
#8376=PRODUCT_CATEGORY('','');
#8377=PRODUCT_CATEGORY('','');
#8378=PRODUCT_CONTEXT('',#8404,'mechanical');
#8379=PRODUCT_CONTEXT('',#8405,'mechanical');
#8380=PRODUCT_CONTEXT('',#8406,'mechanical');
#8381=PRODUCT_CONTEXT('',#8407,'mechanical');
#8382=PRODUCT_CONTEXT('',#8408,'mechanical');
#8383=PRODUCT_CONTEXT('',#8409,'mechanical');
#8384=PRODUCT_CONTEXT('',#8410,'mechanical');
#8385=PRODUCT_CONTEXT('',#8411,'mechanical');
#8386=PRODUCT_CONTEXT('',#8412,'mechanical');
#8387=PRODUCT_CONTEXT('',#8413,'mechanical');
#8388=PRODUCT_CONTEXT('',#8414,'mechanical');
#8389=PRODUCT_CONTEXT('',#8415,'mechanical');
#8390=PRODUCT_CONTEXT('',#8416,'mechanical');
#8391=APPLICATION_PROTOCOL_DEFINITION('international standard',
'ap242_managed_model_based_3d_engineering',2020,#8404);
#8392=APPLICATION_PROTOCOL_DEFINITION('international standard',
'ap242_managed_model_based_3d_engineering',2020,#8405);
#8393=APPLICATION_PROTOCOL_DEFINITION('international standard',
'ap242_managed_model_based_3d_engineering',2020,#8406);
#8394=APPLICATION_PROTOCOL_DEFINITION('international standard',
'ap242_managed_model_based_3d_engineering',2020,#8407);
#8395=APPLICATION_PROTOCOL_DEFINITION('international standard',
'ap242_managed_model_based_3d_engineering',2020,#8408);
#8396=APPLICATION_PROTOCOL_DEFINITION('international standard',
'ap242_managed_model_based_3d_engineering',2020,#8409);
#8397=APPLICATION_PROTOCOL_DEFINITION('international standard',
'ap242_managed_model_based_3d_engineering',2020,#8410);
#8398=APPLICATION_PROTOCOL_DEFINITION('international standard',
'ap242_managed_model_based_3d_engineering',2020,#8411);
#8399=APPLICATION_PROTOCOL_DEFINITION('international standard',
'ap242_managed_model_based_3d_engineering',2020,#8412);
#8400=APPLICATION_PROTOCOL_DEFINITION('international standard',
'ap242_managed_model_based_3d_engineering',2020,#8413);
#8401=APPLICATION_PROTOCOL_DEFINITION('international standard',
'ap242_managed_model_based_3d_engineering',2020,#8414);
#8402=APPLICATION_PROTOCOL_DEFINITION('international standard',
'ap242_managed_model_based_3d_engineering',2020,#8415);
#8403=APPLICATION_PROTOCOL_DEFINITION('international standard',
'ap242_managed_model_based_3d_engineering',2020,#8416);
#8404=APPLICATION_CONTEXT('managed model based 3d engineering');
#8405=APPLICATION_CONTEXT('managed model based 3d engineering');
#8406=APPLICATION_CONTEXT('managed model based 3d engineering');
#8407=APPLICATION_CONTEXT('managed model based 3d engineering');
#8408=APPLICATION_CONTEXT('managed model based 3d engineering');
#8409=APPLICATION_CONTEXT('managed model based 3d engineering');
#8410=APPLICATION_CONTEXT('managed model based 3d engineering');
#8411=APPLICATION_CONTEXT('managed model based 3d engineering');
#8412=APPLICATION_CONTEXT('managed model based 3d engineering');
#8413=APPLICATION_CONTEXT('managed model based 3d engineering');
#8414=APPLICATION_CONTEXT('managed model based 3d engineering');
#8415=APPLICATION_CONTEXT('managed model based 3d engineering');
#8416=APPLICATION_CONTEXT('managed model based 3d engineering');
ENDSEC;
END-ISO-10303-21;
