ISO-10303-21;
HEADER;
/* Generated by software containing ST-Developer
 * from STEP Tools, Inc. (www.steptools.com) 
 */
/* OPTION: using custom renumber hook */

FILE_DESCRIPTION(
/* description */ ('STEP AP242 Edition 2',
'CAx-IF Rec.Pracs.---Representation and Presentation of Product Manufa
cturing Information (PMI)---4.0---2014-10-13',
'CAx-IF Rec.Pracs.---3D Tessellated Geometry---0.4---2014-09-14','2;1',
'CAx-IF Rec.Pracs.---User Defined Attributes---1.5---2016-08-15'),
/* implementation_level */ '2;1');

FILE_NAME(
/* name */ 'rail din',
/* time_stamp */ '2026-08-22T15:30:52Z',
/* author */ (''),
/* organization */ (''),
/* preprocessor_version */ 'ST-DEVELOPER v20',
/* originating_system */ 'ONSHAPE BY PTC INC, 1.219',
/* authorisation */ '  ');

FILE_SCHEMA (('AP242_MANAGED_MODEL_BASED_3D_ENGINEERING_MIM_LF { 1 0 10303 442 3 1 4 }'));
ENDSEC;

DATA;
#10=SHAPE_REPRESENTATION_RELATIONSHIP('','',#2931,#12);
#11=SHAPE_REPRESENTATION_RELATIONSHIP('','',#2932,#13);
#12=ADVANCED_BREP_SHAPE_REPRESENTATION('',(#2927),#4725);
#13=ADVANCED_BREP_SHAPE_REPRESENTATION('',(#2928),#4726);
#14=CIRCLE('',#2936,0.003);
#15=CIRCLE('',#2937,0.003);
#16=CIRCLE('',#2940,0.003);
#17=CIRCLE('',#2941,0.003);
#18=CIRCLE('',#2944,0.00299999999999983);
#19=CIRCLE('',#2945,0.00299999999999983);
#20=CIRCLE('',#2948,0.00299999999999983);
#21=CIRCLE('',#2949,0.00299999999999983);
#22=CIRCLE('',#2952,0.00299999999999965);
#23=CIRCLE('',#2953,0.00299999999999965);
#24=CIRCLE('',#2956,0.00299999999999965);
#25=CIRCLE('',#2957,0.00299999999999965);
#26=CIRCLE('',#2960,0.00299999999999948);
#27=CIRCLE('',#2961,0.00299999999999948);
#28=CIRCLE('',#2964,0.00299999999999948);
#29=CIRCLE('',#2965,0.00299999999999948);
#30=CIRCLE('',#2968,0.0029999999999993);
#31=CIRCLE('',#2969,0.0029999999999993);
#32=CIRCLE('',#2972,0.0029999999999993);
#33=CIRCLE('',#2973,0.0029999999999993);
#34=CIRCLE('',#2976,0.00299999999999912);
#35=CIRCLE('',#2977,0.00299999999999912);
#36=CIRCLE('',#2980,0.00299999999999912);
#37=CIRCLE('',#2981,0.00299999999999912);
#38=CIRCLE('',#2984,0.00299999999999895);
#39=CIRCLE('',#2985,0.00299999999999895);
#40=CIRCLE('',#2988,0.00299999999999895);
#41=CIRCLE('',#2989,0.00299999999999895);
#42=CIRCLE('',#2992,0.00299999999999878);
#43=CIRCLE('',#2993,0.00299999999999878);
#44=CIRCLE('',#2996,0.00299999999999878);
#45=CIRCLE('',#2997,0.00299999999999878);
#46=CIRCLE('',#2999,0.00225);
#47=CIRCLE('',#3000,0.000250000000000004);
#48=CIRCLE('',#3001,0.00025);
#49=CIRCLE('',#3002,0.00225);
#50=CIRCLE('',#3003,0.00125);
#51=CIRCLE('',#3004,0.00125);
#52=CIRCLE('',#3005,0.00125);
#53=CIRCLE('',#3006,0.00125);
#54=CIRCLE('',#3008,0.00125);
#55=CIRCLE('',#3009,0.00125);
#56=CIRCLE('',#3010,0.00125);
#57=CIRCLE('',#3011,0.00125);
#58=CIRCLE('',#3012,0.00225);
#59=CIRCLE('',#3013,0.00025);
#60=CIRCLE('',#3014,0.000250000000000004);
#61=CIRCLE('',#3015,0.00225);
#62=CIRCLE('',#3038,0.00265);
#63=CIRCLE('',#3039,0.00265);
#64=CIRCLE('',#3048,0.00235);
#65=CIRCLE('',#3059,0.00235);
#66=CIRCLE('',#3065,0.00235);
#67=CIRCLE('',#3069,0.00235);
#68=CIRCLE('',#3073,0.005);
#69=CIRCLE('',#3134,0.005);
#70=CYLINDRICAL_SURFACE('',#2935,0.003);
#71=CYLINDRICAL_SURFACE('',#2939,0.003);
#72=CYLINDRICAL_SURFACE('',#2943,0.00299999999999983);
#73=CYLINDRICAL_SURFACE('',#2947,0.00299999999999983);
#74=CYLINDRICAL_SURFACE('',#2951,0.00299999999999965);
#75=CYLINDRICAL_SURFACE('',#2955,0.00299999999999965);
#76=CYLINDRICAL_SURFACE('',#2959,0.00299999999999948);
#77=CYLINDRICAL_SURFACE('',#2963,0.00299999999999948);
#78=CYLINDRICAL_SURFACE('',#2967,0.0029999999999993);
#79=CYLINDRICAL_SURFACE('',#2971,0.0029999999999993);
#80=CYLINDRICAL_SURFACE('',#2975,0.00299999999999912);
#81=CYLINDRICAL_SURFACE('',#2979,0.00299999999999912);
#82=CYLINDRICAL_SURFACE('',#2983,0.00299999999999895);
#83=CYLINDRICAL_SURFACE('',#2987,0.00299999999999895);
#84=CYLINDRICAL_SURFACE('',#2991,0.00299999999999878);
#85=CYLINDRICAL_SURFACE('',#2995,0.00299999999999878);
#86=CYLINDRICAL_SURFACE('',#3017,0.00225);
#87=CYLINDRICAL_SURFACE('',#3019,0.000250000000000004);
#88=CYLINDRICAL_SURFACE('',#3021,0.00025);
#89=CYLINDRICAL_SURFACE('',#3023,0.00225);
#90=CYLINDRICAL_SURFACE('',#3027,0.00125);
#91=CYLINDRICAL_SURFACE('',#3029,0.00125);
#92=CYLINDRICAL_SURFACE('',#3031,0.00125);
#93=CYLINDRICAL_SURFACE('',#3033,0.00125);
#94=CYLINDRICAL_SURFACE('',#3037,0.00265);
#95=CYLINDRICAL_SURFACE('',#3135,0.005);
#96=CYLINDRICAL_SURFACE('',#3136,0.00235);
#97=CYLINDRICAL_SURFACE('',#3137,0.00235);
#98=ORIENTED_EDGE('',*,*,#912,.T.);
#99=ORIENTED_EDGE('',*,*,#913,.T.);
#100=ORIENTED_EDGE('',*,*,#914,.T.);
#101=ORIENTED_EDGE('',*,*,#915,.F.);
#102=ORIENTED_EDGE('',*,*,#916,.T.);
#103=ORIENTED_EDGE('',*,*,#915,.T.);
#104=ORIENTED_EDGE('',*,*,#917,.T.);
#105=ORIENTED_EDGE('',*,*,#918,.F.);
#106=ORIENTED_EDGE('',*,*,#919,.T.);
#107=ORIENTED_EDGE('',*,*,#918,.T.);
#108=ORIENTED_EDGE('',*,*,#920,.T.);
#109=ORIENTED_EDGE('',*,*,#921,.F.);
#110=ORIENTED_EDGE('',*,*,#922,.T.);
#111=ORIENTED_EDGE('',*,*,#921,.T.);
#112=ORIENTED_EDGE('',*,*,#923,.T.);
#113=ORIENTED_EDGE('',*,*,#913,.F.);
#114=ORIENTED_EDGE('',*,*,#924,.T.);
#115=ORIENTED_EDGE('',*,*,#925,.T.);
#116=ORIENTED_EDGE('',*,*,#926,.T.);
#117=ORIENTED_EDGE('',*,*,#927,.F.);
#118=ORIENTED_EDGE('',*,*,#928,.T.);
#119=ORIENTED_EDGE('',*,*,#927,.T.);
#120=ORIENTED_EDGE('',*,*,#929,.T.);
#121=ORIENTED_EDGE('',*,*,#930,.F.);
#122=ORIENTED_EDGE('',*,*,#931,.T.);
#123=ORIENTED_EDGE('',*,*,#930,.T.);
#124=ORIENTED_EDGE('',*,*,#932,.T.);
#125=ORIENTED_EDGE('',*,*,#933,.F.);
#126=ORIENTED_EDGE('',*,*,#934,.T.);
#127=ORIENTED_EDGE('',*,*,#933,.T.);
#128=ORIENTED_EDGE('',*,*,#935,.T.);
#129=ORIENTED_EDGE('',*,*,#925,.F.);
#130=ORIENTED_EDGE('',*,*,#936,.T.);
#131=ORIENTED_EDGE('',*,*,#937,.T.);
#132=ORIENTED_EDGE('',*,*,#938,.T.);
#133=ORIENTED_EDGE('',*,*,#939,.F.);
#134=ORIENTED_EDGE('',*,*,#940,.T.);
#135=ORIENTED_EDGE('',*,*,#939,.T.);
#136=ORIENTED_EDGE('',*,*,#941,.T.);
#137=ORIENTED_EDGE('',*,*,#942,.F.);
#138=ORIENTED_EDGE('',*,*,#943,.T.);
#139=ORIENTED_EDGE('',*,*,#942,.T.);
#140=ORIENTED_EDGE('',*,*,#944,.T.);
#141=ORIENTED_EDGE('',*,*,#945,.F.);
#142=ORIENTED_EDGE('',*,*,#946,.T.);
#143=ORIENTED_EDGE('',*,*,#945,.T.);
#144=ORIENTED_EDGE('',*,*,#947,.T.);
#145=ORIENTED_EDGE('',*,*,#937,.F.);
#146=ORIENTED_EDGE('',*,*,#948,.T.);
#147=ORIENTED_EDGE('',*,*,#949,.T.);
#148=ORIENTED_EDGE('',*,*,#950,.T.);
#149=ORIENTED_EDGE('',*,*,#951,.F.);
#150=ORIENTED_EDGE('',*,*,#952,.T.);
#151=ORIENTED_EDGE('',*,*,#951,.T.);
#152=ORIENTED_EDGE('',*,*,#953,.T.);
#153=ORIENTED_EDGE('',*,*,#954,.F.);
#154=ORIENTED_EDGE('',*,*,#955,.T.);
#155=ORIENTED_EDGE('',*,*,#954,.T.);
#156=ORIENTED_EDGE('',*,*,#956,.T.);
#157=ORIENTED_EDGE('',*,*,#957,.F.);
#158=ORIENTED_EDGE('',*,*,#958,.T.);
#159=ORIENTED_EDGE('',*,*,#957,.T.);
#160=ORIENTED_EDGE('',*,*,#959,.T.);
#161=ORIENTED_EDGE('',*,*,#949,.F.);
#162=ORIENTED_EDGE('',*,*,#960,.T.);
#163=ORIENTED_EDGE('',*,*,#961,.T.);
#164=ORIENTED_EDGE('',*,*,#962,.T.);
#165=ORIENTED_EDGE('',*,*,#963,.F.);
#166=ORIENTED_EDGE('',*,*,#964,.T.);
#167=ORIENTED_EDGE('',*,*,#963,.T.);
#168=ORIENTED_EDGE('',*,*,#965,.T.);
#169=ORIENTED_EDGE('',*,*,#966,.F.);
#170=ORIENTED_EDGE('',*,*,#967,.T.);
#171=ORIENTED_EDGE('',*,*,#966,.T.);
#172=ORIENTED_EDGE('',*,*,#968,.T.);
#173=ORIENTED_EDGE('',*,*,#969,.F.);
#174=ORIENTED_EDGE('',*,*,#970,.T.);
#175=ORIENTED_EDGE('',*,*,#969,.T.);
#176=ORIENTED_EDGE('',*,*,#971,.T.);
#177=ORIENTED_EDGE('',*,*,#961,.F.);
#178=ORIENTED_EDGE('',*,*,#972,.T.);
#179=ORIENTED_EDGE('',*,*,#973,.T.);
#180=ORIENTED_EDGE('',*,*,#974,.T.);
#181=ORIENTED_EDGE('',*,*,#975,.F.);
#182=ORIENTED_EDGE('',*,*,#976,.T.);
#183=ORIENTED_EDGE('',*,*,#975,.T.);
#184=ORIENTED_EDGE('',*,*,#977,.T.);
#185=ORIENTED_EDGE('',*,*,#978,.F.);
#186=ORIENTED_EDGE('',*,*,#979,.T.);
#187=ORIENTED_EDGE('',*,*,#978,.T.);
#188=ORIENTED_EDGE('',*,*,#980,.T.);
#189=ORIENTED_EDGE('',*,*,#981,.F.);
#190=ORIENTED_EDGE('',*,*,#982,.T.);
#191=ORIENTED_EDGE('',*,*,#981,.T.);
#192=ORIENTED_EDGE('',*,*,#983,.T.);
#193=ORIENTED_EDGE('',*,*,#973,.F.);
#194=ORIENTED_EDGE('',*,*,#984,.T.);
#195=ORIENTED_EDGE('',*,*,#985,.T.);
#196=ORIENTED_EDGE('',*,*,#986,.T.);
#197=ORIENTED_EDGE('',*,*,#987,.F.);
#198=ORIENTED_EDGE('',*,*,#988,.T.);
#199=ORIENTED_EDGE('',*,*,#987,.T.);
#200=ORIENTED_EDGE('',*,*,#989,.T.);
#201=ORIENTED_EDGE('',*,*,#990,.F.);
#202=ORIENTED_EDGE('',*,*,#991,.T.);
#203=ORIENTED_EDGE('',*,*,#990,.T.);
#204=ORIENTED_EDGE('',*,*,#992,.T.);
#205=ORIENTED_EDGE('',*,*,#993,.F.);
#206=ORIENTED_EDGE('',*,*,#994,.T.);
#207=ORIENTED_EDGE('',*,*,#993,.T.);
#208=ORIENTED_EDGE('',*,*,#995,.T.);
#209=ORIENTED_EDGE('',*,*,#985,.F.);
#210=ORIENTED_EDGE('',*,*,#996,.T.);
#211=ORIENTED_EDGE('',*,*,#997,.T.);
#212=ORIENTED_EDGE('',*,*,#998,.T.);
#213=ORIENTED_EDGE('',*,*,#999,.F.);
#214=ORIENTED_EDGE('',*,*,#1000,.T.);
#215=ORIENTED_EDGE('',*,*,#999,.T.);
#216=ORIENTED_EDGE('',*,*,#1001,.T.);
#217=ORIENTED_EDGE('',*,*,#1002,.F.);
#218=ORIENTED_EDGE('',*,*,#1003,.T.);
#219=ORIENTED_EDGE('',*,*,#1002,.T.);
#220=ORIENTED_EDGE('',*,*,#1004,.T.);
#221=ORIENTED_EDGE('',*,*,#1005,.F.);
#222=ORIENTED_EDGE('',*,*,#1006,.T.);
#223=ORIENTED_EDGE('',*,*,#1005,.T.);
#224=ORIENTED_EDGE('',*,*,#1007,.T.);
#225=ORIENTED_EDGE('',*,*,#997,.F.);
#226=ORIENTED_EDGE('',*,*,#1008,.T.);
#227=ORIENTED_EDGE('',*,*,#1009,.T.);
#228=ORIENTED_EDGE('',*,*,#1010,.T.);
#229=ORIENTED_EDGE('',*,*,#1011,.T.);
#230=ORIENTED_EDGE('',*,*,#1012,.T.);
#231=ORIENTED_EDGE('',*,*,#1013,.T.);
#232=ORIENTED_EDGE('',*,*,#1014,.T.);
#233=ORIENTED_EDGE('',*,*,#1015,.T.);
#234=ORIENTED_EDGE('',*,*,#1016,.T.);
#235=ORIENTED_EDGE('',*,*,#1017,.T.);
#236=ORIENTED_EDGE('',*,*,#1018,.T.);
#237=ORIENTED_EDGE('',*,*,#1019,.T.);
#238=ORIENTED_EDGE('',*,*,#1020,.T.);
#239=ORIENTED_EDGE('',*,*,#1021,.T.);
#240=ORIENTED_EDGE('',*,*,#1022,.T.);
#241=ORIENTED_EDGE('',*,*,#1023,.T.);
#242=ORIENTED_EDGE('',*,*,#1024,.T.);
#243=ORIENTED_EDGE('',*,*,#1025,.T.);
#244=ORIENTED_EDGE('',*,*,#1026,.T.);
#245=ORIENTED_EDGE('',*,*,#1027,.T.);
#246=ORIENTED_EDGE('',*,*,#1028,.F.);
#247=ORIENTED_EDGE('',*,*,#1029,.F.);
#248=ORIENTED_EDGE('',*,*,#1030,.F.);
#249=ORIENTED_EDGE('',*,*,#1031,.F.);
#250=ORIENTED_EDGE('',*,*,#1032,.F.);
#251=ORIENTED_EDGE('',*,*,#1033,.F.);
#252=ORIENTED_EDGE('',*,*,#1034,.F.);
#253=ORIENTED_EDGE('',*,*,#1035,.F.);
#254=ORIENTED_EDGE('',*,*,#1036,.F.);
#255=ORIENTED_EDGE('',*,*,#1037,.F.);
#256=ORIENTED_EDGE('',*,*,#1038,.F.);
#257=ORIENTED_EDGE('',*,*,#1039,.F.);
#258=ORIENTED_EDGE('',*,*,#1040,.F.);
#259=ORIENTED_EDGE('',*,*,#1041,.F.);
#260=ORIENTED_EDGE('',*,*,#1042,.F.);
#261=ORIENTED_EDGE('',*,*,#1043,.F.);
#262=ORIENTED_EDGE('',*,*,#1044,.F.);
#263=ORIENTED_EDGE('',*,*,#1045,.F.);
#264=ORIENTED_EDGE('',*,*,#1046,.F.);
#265=ORIENTED_EDGE('',*,*,#1047,.F.);
#266=ORIENTED_EDGE('',*,*,#1009,.F.);
#267=ORIENTED_EDGE('',*,*,#1048,.F.);
#268=ORIENTED_EDGE('',*,*,#1047,.T.);
#269=ORIENTED_EDGE('',*,*,#1049,.T.);
#270=ORIENTED_EDGE('',*,*,#1010,.F.);
#271=ORIENTED_EDGE('',*,*,#1049,.F.);
#272=ORIENTED_EDGE('',*,*,#1046,.T.);
#273=ORIENTED_EDGE('',*,*,#1050,.T.);
#274=ORIENTED_EDGE('',*,*,#1011,.F.);
#275=ORIENTED_EDGE('',*,*,#1050,.F.);
#276=ORIENTED_EDGE('',*,*,#1045,.T.);
#277=ORIENTED_EDGE('',*,*,#1051,.T.);
#278=ORIENTED_EDGE('',*,*,#1012,.F.);
#279=ORIENTED_EDGE('',*,*,#1051,.F.);
#280=ORIENTED_EDGE('',*,*,#1044,.T.);
#281=ORIENTED_EDGE('',*,*,#1052,.T.);
#282=ORIENTED_EDGE('',*,*,#1013,.F.);
#283=ORIENTED_EDGE('',*,*,#1052,.F.);
#284=ORIENTED_EDGE('',*,*,#1043,.T.);
#285=ORIENTED_EDGE('',*,*,#1053,.T.);
#286=ORIENTED_EDGE('',*,*,#1007,.F.);
#287=ORIENTED_EDGE('',*,*,#1004,.F.);
#288=ORIENTED_EDGE('',*,*,#1001,.F.);
#289=ORIENTED_EDGE('',*,*,#998,.F.);
#290=ORIENTED_EDGE('',*,*,#995,.F.);
#291=ORIENTED_EDGE('',*,*,#992,.F.);
#292=ORIENTED_EDGE('',*,*,#989,.F.);
#293=ORIENTED_EDGE('',*,*,#986,.F.);
#294=ORIENTED_EDGE('',*,*,#983,.F.);
#295=ORIENTED_EDGE('',*,*,#980,.F.);
#296=ORIENTED_EDGE('',*,*,#977,.F.);
#297=ORIENTED_EDGE('',*,*,#974,.F.);
#298=ORIENTED_EDGE('',*,*,#971,.F.);
#299=ORIENTED_EDGE('',*,*,#968,.F.);
#300=ORIENTED_EDGE('',*,*,#965,.F.);
#301=ORIENTED_EDGE('',*,*,#962,.F.);
#302=ORIENTED_EDGE('',*,*,#959,.F.);
#303=ORIENTED_EDGE('',*,*,#956,.F.);
#304=ORIENTED_EDGE('',*,*,#953,.F.);
#305=ORIENTED_EDGE('',*,*,#950,.F.);
#306=ORIENTED_EDGE('',*,*,#947,.F.);
#307=ORIENTED_EDGE('',*,*,#944,.F.);
#308=ORIENTED_EDGE('',*,*,#941,.F.);
#309=ORIENTED_EDGE('',*,*,#938,.F.);
#310=ORIENTED_EDGE('',*,*,#935,.F.);
#311=ORIENTED_EDGE('',*,*,#932,.F.);
#312=ORIENTED_EDGE('',*,*,#929,.F.);
#313=ORIENTED_EDGE('',*,*,#926,.F.);
#314=ORIENTED_EDGE('',*,*,#923,.F.);
#315=ORIENTED_EDGE('',*,*,#920,.F.);
#316=ORIENTED_EDGE('',*,*,#917,.F.);
#317=ORIENTED_EDGE('',*,*,#914,.F.);
#318=ORIENTED_EDGE('',*,*,#1014,.F.);
#319=ORIENTED_EDGE('',*,*,#1053,.F.);
#320=ORIENTED_EDGE('',*,*,#1042,.T.);
#321=ORIENTED_EDGE('',*,*,#1054,.T.);
#322=ORIENTED_EDGE('',*,*,#1015,.F.);
#323=ORIENTED_EDGE('',*,*,#1054,.F.);
#324=ORIENTED_EDGE('',*,*,#1041,.T.);
#325=ORIENTED_EDGE('',*,*,#1055,.T.);
#326=ORIENTED_EDGE('',*,*,#1016,.F.);
#327=ORIENTED_EDGE('',*,*,#1055,.F.);
#328=ORIENTED_EDGE('',*,*,#1040,.T.);
#329=ORIENTED_EDGE('',*,*,#1056,.T.);
#330=ORIENTED_EDGE('',*,*,#1017,.F.);
#331=ORIENTED_EDGE('',*,*,#1056,.F.);
#332=ORIENTED_EDGE('',*,*,#1039,.T.);
#333=ORIENTED_EDGE('',*,*,#1057,.T.);
#334=ORIENTED_EDGE('',*,*,#1018,.F.);
#335=ORIENTED_EDGE('',*,*,#1057,.F.);
#336=ORIENTED_EDGE('',*,*,#1038,.T.);
#337=ORIENTED_EDGE('',*,*,#1058,.T.);
#338=ORIENTED_EDGE('',*,*,#1019,.F.);
#339=ORIENTED_EDGE('',*,*,#1058,.F.);
#340=ORIENTED_EDGE('',*,*,#1037,.T.);
#341=ORIENTED_EDGE('',*,*,#1059,.T.);
#342=ORIENTED_EDGE('',*,*,#1020,.F.);
#343=ORIENTED_EDGE('',*,*,#1059,.F.);
#344=ORIENTED_EDGE('',*,*,#1036,.T.);
#345=ORIENTED_EDGE('',*,*,#1060,.T.);
#346=ORIENTED_EDGE('',*,*,#1021,.F.);
#347=ORIENTED_EDGE('',*,*,#1060,.F.);
#348=ORIENTED_EDGE('',*,*,#1035,.T.);
#349=ORIENTED_EDGE('',*,*,#1061,.T.);
#350=ORIENTED_EDGE('',*,*,#1022,.F.);
#351=ORIENTED_EDGE('',*,*,#1061,.F.);
#352=ORIENTED_EDGE('',*,*,#1034,.T.);
#353=ORIENTED_EDGE('',*,*,#1062,.T.);
#354=ORIENTED_EDGE('',*,*,#1023,.F.);
#355=ORIENTED_EDGE('',*,*,#1062,.F.);
#356=ORIENTED_EDGE('',*,*,#1033,.T.);
#357=ORIENTED_EDGE('',*,*,#1063,.T.);
#358=ORIENTED_EDGE('',*,*,#1006,.F.);
#359=ORIENTED_EDGE('',*,*,#996,.F.);
#360=ORIENTED_EDGE('',*,*,#1000,.F.);
#361=ORIENTED_EDGE('',*,*,#1003,.F.);
#362=ORIENTED_EDGE('',*,*,#994,.F.);
#363=ORIENTED_EDGE('',*,*,#984,.F.);
#364=ORIENTED_EDGE('',*,*,#988,.F.);
#365=ORIENTED_EDGE('',*,*,#991,.F.);
#366=ORIENTED_EDGE('',*,*,#982,.F.);
#367=ORIENTED_EDGE('',*,*,#972,.F.);
#368=ORIENTED_EDGE('',*,*,#976,.F.);
#369=ORIENTED_EDGE('',*,*,#979,.F.);
#370=ORIENTED_EDGE('',*,*,#970,.F.);
#371=ORIENTED_EDGE('',*,*,#960,.F.);
#372=ORIENTED_EDGE('',*,*,#964,.F.);
#373=ORIENTED_EDGE('',*,*,#967,.F.);
#374=ORIENTED_EDGE('',*,*,#958,.F.);
#375=ORIENTED_EDGE('',*,*,#948,.F.);
#376=ORIENTED_EDGE('',*,*,#952,.F.);
#377=ORIENTED_EDGE('',*,*,#955,.F.);
#378=ORIENTED_EDGE('',*,*,#946,.F.);
#379=ORIENTED_EDGE('',*,*,#936,.F.);
#380=ORIENTED_EDGE('',*,*,#940,.F.);
#381=ORIENTED_EDGE('',*,*,#943,.F.);
#382=ORIENTED_EDGE('',*,*,#934,.F.);
#383=ORIENTED_EDGE('',*,*,#924,.F.);
#384=ORIENTED_EDGE('',*,*,#928,.F.);
#385=ORIENTED_EDGE('',*,*,#931,.F.);
#386=ORIENTED_EDGE('',*,*,#922,.F.);
#387=ORIENTED_EDGE('',*,*,#912,.F.);
#388=ORIENTED_EDGE('',*,*,#916,.F.);
#389=ORIENTED_EDGE('',*,*,#919,.F.);
#390=ORIENTED_EDGE('',*,*,#1024,.F.);
#391=ORIENTED_EDGE('',*,*,#1063,.F.);
#392=ORIENTED_EDGE('',*,*,#1032,.T.);
#393=ORIENTED_EDGE('',*,*,#1064,.T.);
#394=ORIENTED_EDGE('',*,*,#1025,.F.);
#395=ORIENTED_EDGE('',*,*,#1064,.F.);
#396=ORIENTED_EDGE('',*,*,#1031,.T.);
#397=ORIENTED_EDGE('',*,*,#1065,.T.);
#398=ORIENTED_EDGE('',*,*,#1026,.F.);
#399=ORIENTED_EDGE('',*,*,#1065,.F.);
#400=ORIENTED_EDGE('',*,*,#1030,.T.);
#401=ORIENTED_EDGE('',*,*,#1066,.T.);
#402=ORIENTED_EDGE('',*,*,#1027,.F.);
#403=ORIENTED_EDGE('',*,*,#1066,.F.);
#404=ORIENTED_EDGE('',*,*,#1029,.T.);
#405=ORIENTED_EDGE('',*,*,#1067,.T.);
#406=ORIENTED_EDGE('',*,*,#1008,.F.);
#407=ORIENTED_EDGE('',*,*,#1067,.F.);
#408=ORIENTED_EDGE('',*,*,#1028,.T.);
#409=ORIENTED_EDGE('',*,*,#1048,.T.);
#410=ORIENTED_EDGE('',*,*,#1068,.T.);
#411=ORIENTED_EDGE('',*,*,#1069,.T.);
#412=ORIENTED_EDGE('',*,*,#1070,.T.);
#413=ORIENTED_EDGE('',*,*,#1071,.T.);
#414=ORIENTED_EDGE('',*,*,#1072,.T.);
#415=ORIENTED_EDGE('',*,*,#1073,.T.);
#416=ORIENTED_EDGE('',*,*,#1074,.T.);
#417=ORIENTED_EDGE('',*,*,#1075,.T.);
#418=ORIENTED_EDGE('',*,*,#1076,.T.);
#419=ORIENTED_EDGE('',*,*,#1077,.T.);
#420=ORIENTED_EDGE('',*,*,#1078,.T.);
#421=ORIENTED_EDGE('',*,*,#1079,.T.);
#422=ORIENTED_EDGE('',*,*,#1080,.T.);
#423=ORIENTED_EDGE('',*,*,#1081,.T.);
#424=ORIENTED_EDGE('',*,*,#1082,.T.);
#425=ORIENTED_EDGE('',*,*,#1083,.T.);
#426=ORIENTED_EDGE('',*,*,#1084,.T.);
#427=ORIENTED_EDGE('',*,*,#1085,.T.);
#428=ORIENTED_EDGE('',*,*,#1086,.T.);
#429=ORIENTED_EDGE('',*,*,#1087,.T.);
#430=ORIENTED_EDGE('',*,*,#1088,.T.);
#431=ORIENTED_EDGE('',*,*,#1089,.T.);
#432=ORIENTED_EDGE('',*,*,#1090,.T.);
#433=ORIENTED_EDGE('',*,*,#1091,.T.);
#434=ORIENTED_EDGE('',*,*,#1092,.F.);
#435=ORIENTED_EDGE('',*,*,#1093,.T.);
#436=ORIENTED_EDGE('',*,*,#1094,.T.);
#437=ORIENTED_EDGE('',*,*,#1095,.T.);
#438=ORIENTED_EDGE('',*,*,#1096,.T.);
#439=ORIENTED_EDGE('',*,*,#1097,.T.);
#440=ORIENTED_EDGE('',*,*,#1098,.T.);
#441=ORIENTED_EDGE('',*,*,#1099,.T.);
#442=ORIENTED_EDGE('',*,*,#1100,.T.);
#443=ORIENTED_EDGE('',*,*,#1101,.T.);
#444=ORIENTED_EDGE('',*,*,#1102,.T.);
#445=ORIENTED_EDGE('',*,*,#1103,.T.);
#446=ORIENTED_EDGE('',*,*,#1104,.T.);
#447=ORIENTED_EDGE('',*,*,#1105,.T.);
#448=ORIENTED_EDGE('',*,*,#1106,.F.);
#449=ORIENTED_EDGE('',*,*,#1107,.T.);
#450=ORIENTED_EDGE('',*,*,#1108,.T.);
#451=ORIENTED_EDGE('',*,*,#1109,.F.);
#452=ORIENTED_EDGE('',*,*,#1110,.T.);
#453=ORIENTED_EDGE('',*,*,#1111,.T.);
#454=ORIENTED_EDGE('',*,*,#1112,.T.);
#455=ORIENTED_EDGE('',*,*,#1113,.T.);
#456=ORIENTED_EDGE('',*,*,#1114,.T.);
#457=ORIENTED_EDGE('',*,*,#1115,.T.);
#458=ORIENTED_EDGE('',*,*,#1116,.T.);
#459=ORIENTED_EDGE('',*,*,#1117,.T.);
#460=ORIENTED_EDGE('',*,*,#1118,.T.);
#461=ORIENTED_EDGE('',*,*,#1119,.T.);
#462=ORIENTED_EDGE('',*,*,#1120,.T.);
#463=ORIENTED_EDGE('',*,*,#1121,.T.);
#464=ORIENTED_EDGE('',*,*,#1122,.T.);
#465=ORIENTED_EDGE('',*,*,#1123,.T.);
#466=ORIENTED_EDGE('',*,*,#1124,.F.);
#467=ORIENTED_EDGE('',*,*,#1125,.T.);
#468=ORIENTED_EDGE('',*,*,#1126,.T.);
#469=ORIENTED_EDGE('',*,*,#1127,.T.);
#470=ORIENTED_EDGE('',*,*,#1128,.T.);
#471=ORIENTED_EDGE('',*,*,#1129,.T.);
#472=ORIENTED_EDGE('',*,*,#1130,.T.);
#473=ORIENTED_EDGE('',*,*,#1131,.T.);
#474=ORIENTED_EDGE('',*,*,#1132,.T.);
#475=ORIENTED_EDGE('',*,*,#1133,.T.);
#476=ORIENTED_EDGE('',*,*,#1134,.F.);
#477=ORIENTED_EDGE('',*,*,#1135,.F.);
#478=ORIENTED_EDGE('',*,*,#1136,.T.);
#479=ORIENTED_EDGE('',*,*,#1137,.T.);
#480=ORIENTED_EDGE('',*,*,#1138,.T.);
#481=ORIENTED_EDGE('',*,*,#1139,.T.);
#482=ORIENTED_EDGE('',*,*,#1140,.T.);
#483=ORIENTED_EDGE('',*,*,#1141,.T.);
#484=ORIENTED_EDGE('',*,*,#1142,.T.);
#485=ORIENTED_EDGE('',*,*,#1143,.T.);
#486=ORIENTED_EDGE('',*,*,#1144,.T.);
#487=ORIENTED_EDGE('',*,*,#1145,.T.);
#488=ORIENTED_EDGE('',*,*,#1146,.T.);
#489=ORIENTED_EDGE('',*,*,#1147,.T.);
#490=ORIENTED_EDGE('',*,*,#1148,.T.);
#491=ORIENTED_EDGE('',*,*,#1149,.T.);
#492=ORIENTED_EDGE('',*,*,#1150,.T.);
#493=ORIENTED_EDGE('',*,*,#1151,.T.);
#494=ORIENTED_EDGE('',*,*,#1152,.T.);
#495=ORIENTED_EDGE('',*,*,#1153,.T.);
#496=ORIENTED_EDGE('',*,*,#1154,.T.);
#497=ORIENTED_EDGE('',*,*,#1155,.T.);
#498=ORIENTED_EDGE('',*,*,#1156,.T.);
#499=ORIENTED_EDGE('',*,*,#1157,.T.);
#500=ORIENTED_EDGE('',*,*,#1158,.T.);
#501=ORIENTED_EDGE('',*,*,#1159,.T.);
#502=ORIENTED_EDGE('',*,*,#1160,.T.);
#503=ORIENTED_EDGE('',*,*,#1161,.T.);
#504=ORIENTED_EDGE('',*,*,#1162,.T.);
#505=ORIENTED_EDGE('',*,*,#1163,.F.);
#506=ORIENTED_EDGE('',*,*,#1097,.F.);
#507=ORIENTED_EDGE('',*,*,#1068,.F.);
#508=ORIENTED_EDGE('',*,*,#1162,.F.);
#509=ORIENTED_EDGE('',*,*,#1164,.F.);
#510=ORIENTED_EDGE('',*,*,#1134,.T.);
#511=ORIENTED_EDGE('',*,*,#1165,.T.);
#512=ORIENTED_EDGE('',*,*,#1108,.F.);
#513=ORIENTED_EDGE('',*,*,#1166,.T.);
#514=ORIENTED_EDGE('',*,*,#1135,.T.);
#515=ORIENTED_EDGE('',*,*,#1164,.T.);
#516=ORIENTED_EDGE('',*,*,#1161,.F.);
#517=ORIENTED_EDGE('',*,*,#1167,.F.);
#518=ORIENTED_EDGE('',*,*,#1168,.F.);
#519=ORIENTED_EDGE('',*,*,#1169,.T.);
#520=ORIENTED_EDGE('',*,*,#1170,.T.);
#521=ORIENTED_EDGE('',*,*,#1171,.T.);
#522=ORIENTED_EDGE('',*,*,#1172,.T.);
#523=ORIENTED_EDGE('',*,*,#1173,.T.);
#524=ORIENTED_EDGE('',*,*,#1133,.F.);
#525=ORIENTED_EDGE('',*,*,#1174,.T.);
#526=ORIENTED_EDGE('',*,*,#1168,.T.);
#527=ORIENTED_EDGE('',*,*,#1175,.T.);
#528=ORIENTED_EDGE('',*,*,#1163,.T.);
#529=ORIENTED_EDGE('',*,*,#1165,.F.);
#530=ORIENTED_EDGE('',*,*,#1176,.F.);
#531=ORIENTED_EDGE('',*,*,#1177,.T.);
#532=ORIENTED_EDGE('',*,*,#1178,.T.);
#533=ORIENTED_EDGE('',*,*,#1179,.T.);
#534=ORIENTED_EDGE('',*,*,#1180,.T.);
#535=ORIENTED_EDGE('',*,*,#1181,.F.);
#536=ORIENTED_EDGE('',*,*,#1182,.T.);
#537=ORIENTED_EDGE('',*,*,#1176,.T.);
#538=ORIENTED_EDGE('',*,*,#1183,.T.);
#539=ORIENTED_EDGE('',*,*,#1184,.F.);
#540=ORIENTED_EDGE('',*,*,#1185,.T.);
#541=ORIENTED_EDGE('',*,*,#1186,.T.);
#542=ORIENTED_EDGE('',*,*,#1187,.T.);
#543=ORIENTED_EDGE('',*,*,#1181,.T.);
#544=ORIENTED_EDGE('',*,*,#1188,.T.);
#545=ORIENTED_EDGE('',*,*,#1189,.F.);
#546=ORIENTED_EDGE('',*,*,#1190,.F.);
#547=ORIENTED_EDGE('',*,*,#1191,.T.);
#548=ORIENTED_EDGE('',*,*,#1189,.T.);
#549=ORIENTED_EDGE('',*,*,#1192,.T.);
#550=ORIENTED_EDGE('',*,*,#1193,.F.);
#551=ORIENTED_EDGE('',*,*,#1194,.T.);
#552=ORIENTED_EDGE('',*,*,#1195,.T.);
#553=ORIENTED_EDGE('',*,*,#1190,.T.);
#554=ORIENTED_EDGE('',*,*,#1196,.T.);
#555=ORIENTED_EDGE('',*,*,#1197,.T.);
#556=ORIENTED_EDGE('',*,*,#1198,.T.);
#557=ORIENTED_EDGE('',*,*,#1199,.T.);
#558=ORIENTED_EDGE('',*,*,#1193,.T.);
#559=ORIENTED_EDGE('',*,*,#1200,.T.);
#560=ORIENTED_EDGE('',*,*,#1201,.F.);
#561=ORIENTED_EDGE('',*,*,#1202,.F.);
#562=ORIENTED_EDGE('',*,*,#1203,.T.);
#563=ORIENTED_EDGE('',*,*,#1204,.T.);
#564=ORIENTED_EDGE('',*,*,#1201,.T.);
#565=ORIENTED_EDGE('',*,*,#1205,.T.);
#566=ORIENTED_EDGE('',*,*,#1206,.F.);
#567=ORIENTED_EDGE('',*,*,#1207,.F.);
#568=ORIENTED_EDGE('',*,*,#1208,.T.);
#569=ORIENTED_EDGE('',*,*,#1202,.T.);
#570=ORIENTED_EDGE('',*,*,#1209,.T.);
#571=ORIENTED_EDGE('',*,*,#1210,.F.);
#572=ORIENTED_EDGE('',*,*,#1211,.T.);
#573=ORIENTED_EDGE('',*,*,#1212,.T.);
#574=ORIENTED_EDGE('',*,*,#1207,.T.);
#575=ORIENTED_EDGE('',*,*,#1213,.T.);
#576=ORIENTED_EDGE('',*,*,#1179,.F.);
#577=ORIENTED_EDGE('',*,*,#1214,.T.);
#578=ORIENTED_EDGE('',*,*,#1215,.T.);
#579=ORIENTED_EDGE('',*,*,#1216,.T.);
#580=ORIENTED_EDGE('',*,*,#1210,.T.);
#581=ORIENTED_EDGE('',*,*,#1217,.T.);
#582=ORIENTED_EDGE('',*,*,#1218,.T.);
#583=ORIENTED_EDGE('',*,*,#1170,.F.);
#584=ORIENTED_EDGE('',*,*,#1219,.T.);
#585=ORIENTED_EDGE('',*,*,#1220,.T.);
#586=ORIENTED_EDGE('',*,*,#1221,.T.);
#587=ORIENTED_EDGE('',*,*,#1106,.T.);
#588=ORIENTED_EDGE('',*,*,#1222,.T.);
#589=ORIENTED_EDGE('',*,*,#1223,.T.);
#590=ORIENTED_EDGE('',*,*,#1224,.T.);
#591=ORIENTED_EDGE('',*,*,#1092,.T.);
#592=ORIENTED_EDGE('',*,*,#1175,.F.);
#593=ORIENTED_EDGE('',*,*,#1173,.F.);
#594=ORIENTED_EDGE('',*,*,#1096,.F.);
#595=ORIENTED_EDGE('',*,*,#1225,.T.);
#596=ORIENTED_EDGE('',*,*,#1226,.T.);
#597=ORIENTED_EDGE('',*,*,#1109,.T.);
#598=ORIENTED_EDGE('',*,*,#1167,.T.);
#599=ORIENTED_EDGE('',*,*,#1227,.T.);
#600=ORIENTED_EDGE('',*,*,#1228,.T.);
#601=ORIENTED_EDGE('',*,*,#1229,.T.);
#602=ORIENTED_EDGE('',*,*,#1230,.T.);
#603=ORIENTED_EDGE('',*,*,#1231,.T.);
#604=ORIENTED_EDGE('',*,*,#1232,.T.);
#605=ORIENTED_EDGE('',*,*,#1233,.T.);
#606=ORIENTED_EDGE('',*,*,#1234,.F.);
#607=ORIENTED_EDGE('',*,*,#1235,.T.);
#608=ORIENTED_EDGE('',*,*,#1236,.T.);
#609=ORIENTED_EDGE('',*,*,#1118,.F.);
#610=ORIENTED_EDGE('',*,*,#1237,.T.);
#611=ORIENTED_EDGE('',*,*,#1238,.T.);
#612=ORIENTED_EDGE('',*,*,#1232,.F.);
#613=ORIENTED_EDGE('',*,*,#1239,.T.);
#614=ORIENTED_EDGE('',*,*,#1240,.T.);
#615=ORIENTED_EDGE('',*,*,#1234,.T.);
#616=ORIENTED_EDGE('',*,*,#1241,.T.);
#617=ORIENTED_EDGE('',*,*,#1242,.T.);
#618=ORIENTED_EDGE('',*,*,#1243,.T.);
#619=ORIENTED_EDGE('',*,*,#1244,.T.);
#620=ORIENTED_EDGE('',*,*,#1245,.F.);
#621=ORIENTED_EDGE('',*,*,#1246,.T.);
#622=ORIENTED_EDGE('',*,*,#1247,.T.);
#623=ORIENTED_EDGE('',*,*,#1114,.F.);
#624=ORIENTED_EDGE('',*,*,#1248,.T.);
#625=ORIENTED_EDGE('',*,*,#1249,.T.);
#626=ORIENTED_EDGE('',*,*,#1228,.F.);
#627=ORIENTED_EDGE('',*,*,#1250,.T.);
#628=ORIENTED_EDGE('',*,*,#1251,.T.);
#629=ORIENTED_EDGE('',*,*,#1245,.T.);
#630=ORIENTED_EDGE('',*,*,#1121,.F.);
#631=ORIENTED_EDGE('',*,*,#1252,.T.);
#632=ORIENTED_EDGE('',*,*,#1253,.T.);
#633=ORIENTED_EDGE('',*,*,#1125,.F.);
#634=ORIENTED_EDGE('',*,*,#1254,.T.);
#635=ORIENTED_EDGE('',*,*,#1255,.T.);
#636=ORIENTED_EDGE('',*,*,#1256,.T.);
#637=ORIENTED_EDGE('',*,*,#1257,.T.);
#638=ORIENTED_EDGE('',*,*,#1117,.F.);
#639=ORIENTED_EDGE('',*,*,#1258,.T.);
#640=ORIENTED_EDGE('',*,*,#1259,.T.);
#641=ORIENTED_EDGE('',*,*,#1127,.F.);
#642=ORIENTED_EDGE('',*,*,#1260,.F.);
#643=ORIENTED_EDGE('',*,*,#1143,.F.);
#644=ORIENTED_EDGE('',*,*,#1261,.F.);
#645=ORIENTED_EDGE('',*,*,#1256,.F.);
#646=ORIENTED_EDGE('',*,*,#1126,.F.);
#647=ORIENTED_EDGE('',*,*,#1253,.F.);
#648=ORIENTED_EDGE('',*,*,#1261,.T.);
#649=ORIENTED_EDGE('',*,*,#1142,.F.);
#650=ORIENTED_EDGE('',*,*,#1262,.F.);
#651=ORIENTED_EDGE('',*,*,#1112,.F.);
#652=ORIENTED_EDGE('',*,*,#1257,.F.);
#653=ORIENTED_EDGE('',*,*,#1252,.F.);
#654=ORIENTED_EDGE('',*,*,#1120,.F.);
#655=ORIENTED_EDGE('',*,*,#1263,.F.);
#656=ORIENTED_EDGE('',*,*,#1144,.F.);
#657=ORIENTED_EDGE('',*,*,#1260,.T.);
#658=ORIENTED_EDGE('',*,*,#1262,.T.);
#659=ORIENTED_EDGE('',*,*,#1141,.F.);
#660=ORIENTED_EDGE('',*,*,#1264,.F.);
#661=ORIENTED_EDGE('',*,*,#1243,.F.);
#662=ORIENTED_EDGE('',*,*,#1113,.F.);
#663=ORIENTED_EDGE('',*,*,#1119,.F.);
#664=ORIENTED_EDGE('',*,*,#1236,.F.);
#665=ORIENTED_EDGE('',*,*,#1265,.F.);
#666=ORIENTED_EDGE('',*,*,#1145,.F.);
#667=ORIENTED_EDGE('',*,*,#1263,.T.);
#668=ORIENTED_EDGE('',*,*,#1264,.T.);
#669=ORIENTED_EDGE('',*,*,#1140,.F.);
#670=ORIENTED_EDGE('',*,*,#1266,.F.);
#671=ORIENTED_EDGE('',*,*,#1248,.F.);
#672=ORIENTED_EDGE('',*,*,#1244,.F.);
#673=ORIENTED_EDGE('',*,*,#1235,.F.);
#674=ORIENTED_EDGE('',*,*,#1240,.F.);
#675=ORIENTED_EDGE('',*,*,#1267,.F.);
#676=ORIENTED_EDGE('',*,*,#1146,.F.);
#677=ORIENTED_EDGE('',*,*,#1265,.T.);
#678=ORIENTED_EDGE('',*,*,#1266,.T.);
#679=ORIENTED_EDGE('',*,*,#1139,.F.);
#680=ORIENTED_EDGE('',*,*,#1268,.F.);
#681=ORIENTED_EDGE('',*,*,#1229,.F.);
#682=ORIENTED_EDGE('',*,*,#1249,.F.);
#683=ORIENTED_EDGE('',*,*,#1239,.F.);
#684=ORIENTED_EDGE('',*,*,#1231,.F.);
#685=ORIENTED_EDGE('',*,*,#1269,.F.);
#686=ORIENTED_EDGE('',*,*,#1137,.F.);
#687=ORIENTED_EDGE('',*,*,#1267,.T.);
#688=ORIENTED_EDGE('',*,*,#1268,.T.);
#689=ORIENTED_EDGE('',*,*,#1138,.F.);
#690=ORIENTED_EDGE('',*,*,#1269,.T.);
#691=ORIENTED_EDGE('',*,*,#1230,.F.);
#692=ORIENTED_EDGE('',*,*,#1222,.F.);
#693=ORIENTED_EDGE('',*,*,#1111,.F.);
#694=ORIENTED_EDGE('',*,*,#1270,.F.);
#695=ORIENTED_EDGE('',*,*,#1091,.F.);
#696=ORIENTED_EDGE('',*,*,#1271,.F.);
#697=ORIENTED_EDGE('',*,*,#1171,.F.);
#698=ORIENTED_EDGE('',*,*,#1272,.F.);
#699=ORIENTED_EDGE('',*,*,#1076,.F.);
#700=ORIENTED_EDGE('',*,*,#1273,.F.);
#701=ORIENTED_EDGE('',*,*,#1129,.F.);
#702=ORIENTED_EDGE('',*,*,#1110,.F.);
#703=ORIENTED_EDGE('',*,*,#1226,.F.);
#704=ORIENTED_EDGE('',*,*,#1274,.F.);
#705=ORIENTED_EDGE('',*,*,#1088,.F.);
#706=ORIENTED_EDGE('',*,*,#1270,.T.);
#707=ORIENTED_EDGE('',*,*,#1275,.F.);
#708=ORIENTED_EDGE('',*,*,#1089,.F.);
#709=ORIENTED_EDGE('',*,*,#1276,.F.);
#710=ORIENTED_EDGE('',*,*,#1072,.F.);
#711=ORIENTED_EDGE('',*,*,#1271,.T.);
#712=ORIENTED_EDGE('',*,*,#1090,.F.);
#713=ORIENTED_EDGE('',*,*,#1277,.F.);
#714=ORIENTED_EDGE('',*,*,#1223,.F.);
#715=ORIENTED_EDGE('',*,*,#1172,.F.);
#716=ORIENTED_EDGE('',*,*,#1276,.T.);
#717=ORIENTED_EDGE('',*,*,#1274,.T.);
#718=ORIENTED_EDGE('',*,*,#1278,.F.);
#719=ORIENTED_EDGE('',*,*,#1273,.T.);
#720=ORIENTED_EDGE('',*,*,#1075,.F.);
#721=ORIENTED_EDGE('',*,*,#1279,.F.);
#722=ORIENTED_EDGE('',*,*,#1254,.F.);
#723=ORIENTED_EDGE('',*,*,#1130,.F.);
#724=ORIENTED_EDGE('',*,*,#1259,.F.);
#725=ORIENTED_EDGE('',*,*,#1280,.F.);
#726=ORIENTED_EDGE('',*,*,#1077,.F.);
#727=ORIENTED_EDGE('',*,*,#1272,.T.);
#728=ORIENTED_EDGE('',*,*,#1128,.F.);
#729=ORIENTED_EDGE('',*,*,#1277,.T.);
#730=ORIENTED_EDGE('',*,*,#1275,.T.);
#731=ORIENTED_EDGE('',*,*,#1281,.F.);
#732=ORIENTED_EDGE('',*,*,#1282,.F.);
#733=ORIENTED_EDGE('',*,*,#1102,.F.);
#734=ORIENTED_EDGE('',*,*,#1283,.F.);
#735=ORIENTED_EDGE('',*,*,#1094,.F.);
#736=ORIENTED_EDGE('',*,*,#1284,.F.);
#737=ORIENTED_EDGE('',*,*,#1073,.F.);
#738=ORIENTED_EDGE('',*,*,#1278,.T.);
#739=ORIENTED_EDGE('',*,*,#1225,.F.);
#740=ORIENTED_EDGE('',*,*,#1095,.F.);
#741=ORIENTED_EDGE('',*,*,#1283,.T.);
#742=ORIENTED_EDGE('',*,*,#1101,.F.);
#743=ORIENTED_EDGE('',*,*,#1285,.F.);
#744=ORIENTED_EDGE('',*,*,#1074,.F.);
#745=ORIENTED_EDGE('',*,*,#1284,.T.);
#746=ORIENTED_EDGE('',*,*,#1286,.F.);
#747=ORIENTED_EDGE('',*,*,#1122,.F.);
#748=ORIENTED_EDGE('',*,*,#1255,.F.);
#749=ORIENTED_EDGE('',*,*,#1279,.T.);
#750=ORIENTED_EDGE('',*,*,#1287,.F.);
#751=ORIENTED_EDGE('',*,*,#1070,.F.);
#752=ORIENTED_EDGE('',*,*,#1280,.T.);
#753=ORIENTED_EDGE('',*,*,#1258,.F.);
#754=ORIENTED_EDGE('',*,*,#1116,.F.);
#755=ORIENTED_EDGE('',*,*,#1288,.F.);
#756=ORIENTED_EDGE('',*,*,#1071,.F.);
#757=ORIENTED_EDGE('',*,*,#1287,.T.);
#758=ORIENTED_EDGE('',*,*,#1289,.F.);
#759=ORIENTED_EDGE('',*,*,#1103,.F.);
#760=ORIENTED_EDGE('',*,*,#1282,.T.);
#761=ORIENTED_EDGE('',*,*,#1093,.F.);
#762=ORIENTED_EDGE('',*,*,#1224,.F.);
#763=ORIENTED_EDGE('',*,*,#1281,.T.);
#764=ORIENTED_EDGE('',*,*,#1285,.T.);
#765=ORIENTED_EDGE('',*,*,#1100,.F.);
#766=ORIENTED_EDGE('',*,*,#1290,.F.);
#767=ORIENTED_EDGE('',*,*,#1237,.F.);
#768=ORIENTED_EDGE('',*,*,#1123,.F.);
#769=ORIENTED_EDGE('',*,*,#1286,.T.);
#770=ORIENTED_EDGE('',*,*,#1247,.F.);
#771=ORIENTED_EDGE('',*,*,#1291,.F.);
#772=ORIENTED_EDGE('',*,*,#1104,.F.);
#773=ORIENTED_EDGE('',*,*,#1289,.T.);
#774=ORIENTED_EDGE('',*,*,#1288,.T.);
#775=ORIENTED_EDGE('',*,*,#1115,.F.);
#776=ORIENTED_EDGE('',*,*,#1290,.T.);
#777=ORIENTED_EDGE('',*,*,#1099,.F.);
#778=ORIENTED_EDGE('',*,*,#1292,.F.);
#779=ORIENTED_EDGE('',*,*,#1241,.F.);
#780=ORIENTED_EDGE('',*,*,#1238,.F.);
#781=ORIENTED_EDGE('',*,*,#1251,.F.);
#782=ORIENTED_EDGE('',*,*,#1293,.F.);
#783=ORIENTED_EDGE('',*,*,#1105,.F.);
#784=ORIENTED_EDGE('',*,*,#1291,.T.);
#785=ORIENTED_EDGE('',*,*,#1246,.F.);
#786=ORIENTED_EDGE('',*,*,#1292,.T.);
#787=ORIENTED_EDGE('',*,*,#1098,.F.);
#788=ORIENTED_EDGE('',*,*,#1293,.T.);
#789=ORIENTED_EDGE('',*,*,#1250,.F.);
#790=ORIENTED_EDGE('',*,*,#1233,.F.);
#791=ORIENTED_EDGE('',*,*,#1242,.F.);
#792=ORIENTED_EDGE('',*,*,#1182,.F.);
#793=ORIENTED_EDGE('',*,*,#1187,.F.);
#794=ORIENTED_EDGE('',*,*,#1294,.F.);
#795=ORIENTED_EDGE('',*,*,#1153,.F.);
#796=ORIENTED_EDGE('',*,*,#1295,.F.);
#797=ORIENTED_EDGE('',*,*,#1177,.F.);
#798=ORIENTED_EDGE('',*,*,#1186,.F.);
#799=ORIENTED_EDGE('',*,*,#1296,.F.);
#800=ORIENTED_EDGE('',*,*,#1154,.F.);
#801=ORIENTED_EDGE('',*,*,#1294,.T.);
#802=ORIENTED_EDGE('',*,*,#1295,.T.);
#803=ORIENTED_EDGE('',*,*,#1152,.F.);
#804=ORIENTED_EDGE('',*,*,#1297,.F.);
#805=ORIENTED_EDGE('',*,*,#1214,.F.);
#806=ORIENTED_EDGE('',*,*,#1178,.F.);
#807=ORIENTED_EDGE('',*,*,#1191,.F.);
#808=ORIENTED_EDGE('',*,*,#1195,.F.);
#809=ORIENTED_EDGE('',*,*,#1298,.F.);
#810=ORIENTED_EDGE('',*,*,#1155,.F.);
#811=ORIENTED_EDGE('',*,*,#1296,.T.);
#812=ORIENTED_EDGE('',*,*,#1185,.F.);
#813=ORIENTED_EDGE('',*,*,#1297,.T.);
#814=ORIENTED_EDGE('',*,*,#1151,.F.);
#815=ORIENTED_EDGE('',*,*,#1299,.F.);
#816=ORIENTED_EDGE('',*,*,#1215,.F.);
#817=ORIENTED_EDGE('',*,*,#1194,.F.);
#818=ORIENTED_EDGE('',*,*,#1199,.F.);
#819=ORIENTED_EDGE('',*,*,#1300,.F.);
#820=ORIENTED_EDGE('',*,*,#1156,.F.);
#821=ORIENTED_EDGE('',*,*,#1298,.T.);
#822=ORIENTED_EDGE('',*,*,#1299,.T.);
#823=ORIENTED_EDGE('',*,*,#1150,.F.);
#824=ORIENTED_EDGE('',*,*,#1301,.F.);
#825=ORIENTED_EDGE('',*,*,#1211,.F.);
#826=ORIENTED_EDGE('',*,*,#1216,.F.);
#827=ORIENTED_EDGE('',*,*,#1198,.F.);
#828=ORIENTED_EDGE('',*,*,#1302,.F.);
#829=ORIENTED_EDGE('',*,*,#1147,.F.);
#830=ORIENTED_EDGE('',*,*,#1300,.T.);
#831=ORIENTED_EDGE('',*,*,#1301,.T.);
#832=ORIENTED_EDGE('',*,*,#1149,.F.);
#833=ORIENTED_EDGE('',*,*,#1303,.F.);
#834=ORIENTED_EDGE('',*,*,#1203,.F.);
#835=ORIENTED_EDGE('',*,*,#1208,.F.);
#836=ORIENTED_EDGE('',*,*,#1212,.F.);
#837=ORIENTED_EDGE('',*,*,#1197,.F.);
#838=ORIENTED_EDGE('',*,*,#1204,.F.);
#839=ORIENTED_EDGE('',*,*,#1303,.T.);
#840=ORIENTED_EDGE('',*,*,#1148,.F.);
#841=ORIENTED_EDGE('',*,*,#1302,.T.);
#842=ORIENTED_EDGE('',*,*,#1304,.F.);
#843=ORIENTED_EDGE('',*,*,#1160,.F.);
#844=ORIENTED_EDGE('',*,*,#1305,.F.);
#845=ORIENTED_EDGE('',*,*,#1220,.F.);
#846=ORIENTED_EDGE('',*,*,#1305,.T.);
#847=ORIENTED_EDGE('',*,*,#1159,.F.);
#848=ORIENTED_EDGE('',*,*,#1306,.F.);
#849=ORIENTED_EDGE('',*,*,#1136,.F.);
#850=ORIENTED_EDGE('',*,*,#1166,.F.);
#851=ORIENTED_EDGE('',*,*,#1107,.F.);
#852=ORIENTED_EDGE('',*,*,#1221,.F.);
#853=ORIENTED_EDGE('',*,*,#1174,.F.);
#854=ORIENTED_EDGE('',*,*,#1132,.F.);
#855=ORIENTED_EDGE('',*,*,#1307,.F.);
#856=ORIENTED_EDGE('',*,*,#1157,.F.);
#857=ORIENTED_EDGE('',*,*,#1304,.T.);
#858=ORIENTED_EDGE('',*,*,#1219,.F.);
#859=ORIENTED_EDGE('',*,*,#1169,.F.);
#860=ORIENTED_EDGE('',*,*,#1306,.T.);
#861=ORIENTED_EDGE('',*,*,#1158,.F.);
#862=ORIENTED_EDGE('',*,*,#1307,.T.);
#863=ORIENTED_EDGE('',*,*,#1131,.F.);
#864=ORIENTED_EDGE('',*,*,#1308,.F.);
#865=ORIENTED_EDGE('',*,*,#1084,.F.);
#866=ORIENTED_EDGE('',*,*,#1309,.F.);
#867=ORIENTED_EDGE('',*,*,#1183,.F.);
#868=ORIENTED_EDGE('',*,*,#1309,.T.);
#869=ORIENTED_EDGE('',*,*,#1083,.F.);
#870=ORIENTED_EDGE('',*,*,#1310,.F.);
#871=ORIENTED_EDGE('',*,*,#1188,.F.);
#872=ORIENTED_EDGE('',*,*,#1308,.T.);
#873=ORIENTED_EDGE('',*,*,#1180,.F.);
#874=ORIENTED_EDGE('',*,*,#1311,.F.);
#875=ORIENTED_EDGE('',*,*,#1085,.F.);
#876=ORIENTED_EDGE('',*,*,#1310,.T.);
#877=ORIENTED_EDGE('',*,*,#1082,.F.);
#878=ORIENTED_EDGE('',*,*,#1312,.F.);
#879=ORIENTED_EDGE('',*,*,#1192,.F.);
#880=ORIENTED_EDGE('',*,*,#1311,.T.);
#881=ORIENTED_EDGE('',*,*,#1217,.F.);
#882=ORIENTED_EDGE('',*,*,#1313,.F.);
#883=ORIENTED_EDGE('',*,*,#1086,.F.);
#884=ORIENTED_EDGE('',*,*,#1312,.T.);
#885=ORIENTED_EDGE('',*,*,#1081,.F.);
#886=ORIENTED_EDGE('',*,*,#1314,.F.);
#887=ORIENTED_EDGE('',*,*,#1196,.F.);
#888=ORIENTED_EDGE('',*,*,#1313,.T.);
#889=ORIENTED_EDGE('',*,*,#1213,.F.);
#890=ORIENTED_EDGE('',*,*,#1315,.F.);
#891=ORIENTED_EDGE('',*,*,#1087,.F.);
#892=ORIENTED_EDGE('',*,*,#1314,.T.);
#893=ORIENTED_EDGE('',*,*,#1080,.F.);
#894=ORIENTED_EDGE('',*,*,#1316,.F.);
#895=ORIENTED_EDGE('',*,*,#1200,.F.);
#896=ORIENTED_EDGE('',*,*,#1315,.T.);
#897=ORIENTED_EDGE('',*,*,#1209,.F.);
#898=ORIENTED_EDGE('',*,*,#1317,.F.);
#899=ORIENTED_EDGE('',*,*,#1078,.F.);
#900=ORIENTED_EDGE('',*,*,#1316,.T.);
#901=ORIENTED_EDGE('',*,*,#1079,.F.);
#902=ORIENTED_EDGE('',*,*,#1317,.T.);
#903=ORIENTED_EDGE('',*,*,#1205,.F.);
#904=ORIENTED_EDGE('',*,*,#1069,.F.);
#905=ORIENTED_EDGE('',*,*,#1318,.F.);
#906=ORIENTED_EDGE('',*,*,#1318,.T.);
#907=ORIENTED_EDGE('',*,*,#1227,.F.);
#908=ORIENTED_EDGE('',*,*,#1218,.F.);
#909=ORIENTED_EDGE('',*,*,#1206,.T.);
#910=ORIENTED_EDGE('',*,*,#1184,.T.);
#911=ORIENTED_EDGE('',*,*,#1124,.T.);
#912=EDGE_CURVE('',#1319,#1320,#1587,.T.);
#913=EDGE_CURVE('',#1320,#1321,#1588,.T.);
#914=EDGE_CURVE('',#1321,#1322,#1589,.T.);
#915=EDGE_CURVE('',#1319,#1322,#1590,.T.);
#916=EDGE_CURVE('',#1323,#1319,#14,.T.);
#917=EDGE_CURVE('',#1322,#1324,#15,.T.);
#918=EDGE_CURVE('',#1323,#1324,#1591,.T.);
#919=EDGE_CURVE('',#1325,#1323,#1592,.T.);
#920=EDGE_CURVE('',#1324,#1326,#1593,.T.);
#921=EDGE_CURVE('',#1325,#1326,#1594,.T.);
#922=EDGE_CURVE('',#1320,#1325,#16,.T.);
#923=EDGE_CURVE('',#1326,#1321,#17,.T.);
#924=EDGE_CURVE('',#1327,#1328,#1595,.T.);
#925=EDGE_CURVE('',#1328,#1329,#1596,.T.);
#926=EDGE_CURVE('',#1329,#1330,#1597,.T.);
#927=EDGE_CURVE('',#1327,#1330,#1598,.T.);
#928=EDGE_CURVE('',#1331,#1327,#18,.T.);
#929=EDGE_CURVE('',#1330,#1332,#19,.T.);
#930=EDGE_CURVE('',#1331,#1332,#1599,.T.);
#931=EDGE_CURVE('',#1333,#1331,#1600,.T.);
#932=EDGE_CURVE('',#1332,#1334,#1601,.T.);
#933=EDGE_CURVE('',#1333,#1334,#1602,.T.);
#934=EDGE_CURVE('',#1328,#1333,#20,.T.);
#935=EDGE_CURVE('',#1334,#1329,#21,.T.);
#936=EDGE_CURVE('',#1335,#1336,#1603,.T.);
#937=EDGE_CURVE('',#1336,#1337,#1604,.T.);
#938=EDGE_CURVE('',#1337,#1338,#1605,.T.);
#939=EDGE_CURVE('',#1335,#1338,#1606,.T.);
#940=EDGE_CURVE('',#1339,#1335,#22,.T.);
#941=EDGE_CURVE('',#1338,#1340,#23,.T.);
#942=EDGE_CURVE('',#1339,#1340,#1607,.T.);
#943=EDGE_CURVE('',#1341,#1339,#1608,.T.);
#944=EDGE_CURVE('',#1340,#1342,#1609,.T.);
#945=EDGE_CURVE('',#1341,#1342,#1610,.T.);
#946=EDGE_CURVE('',#1336,#1341,#24,.T.);
#947=EDGE_CURVE('',#1342,#1337,#25,.T.);
#948=EDGE_CURVE('',#1343,#1344,#1611,.T.);
#949=EDGE_CURVE('',#1344,#1345,#1612,.T.);
#950=EDGE_CURVE('',#1345,#1346,#1613,.T.);
#951=EDGE_CURVE('',#1343,#1346,#1614,.T.);
#952=EDGE_CURVE('',#1347,#1343,#26,.T.);
#953=EDGE_CURVE('',#1346,#1348,#27,.T.);
#954=EDGE_CURVE('',#1347,#1348,#1615,.T.);
#955=EDGE_CURVE('',#1349,#1347,#1616,.T.);
#956=EDGE_CURVE('',#1348,#1350,#1617,.T.);
#957=EDGE_CURVE('',#1349,#1350,#1618,.T.);
#958=EDGE_CURVE('',#1344,#1349,#28,.T.);
#959=EDGE_CURVE('',#1350,#1345,#29,.T.);
#960=EDGE_CURVE('',#1351,#1352,#1619,.T.);
#961=EDGE_CURVE('',#1352,#1353,#1620,.T.);
#962=EDGE_CURVE('',#1353,#1354,#1621,.T.);
#963=EDGE_CURVE('',#1351,#1354,#1622,.T.);
#964=EDGE_CURVE('',#1355,#1351,#30,.T.);
#965=EDGE_CURVE('',#1354,#1356,#31,.T.);
#966=EDGE_CURVE('',#1355,#1356,#1623,.T.);
#967=EDGE_CURVE('',#1357,#1355,#1624,.T.);
#968=EDGE_CURVE('',#1356,#1358,#1625,.T.);
#969=EDGE_CURVE('',#1357,#1358,#1626,.T.);
#970=EDGE_CURVE('',#1352,#1357,#32,.T.);
#971=EDGE_CURVE('',#1358,#1353,#33,.T.);
#972=EDGE_CURVE('',#1359,#1360,#1627,.T.);
#973=EDGE_CURVE('',#1360,#1361,#1628,.T.);
#974=EDGE_CURVE('',#1361,#1362,#1629,.T.);
#975=EDGE_CURVE('',#1359,#1362,#1630,.T.);
#976=EDGE_CURVE('',#1363,#1359,#34,.T.);
#977=EDGE_CURVE('',#1362,#1364,#35,.T.);
#978=EDGE_CURVE('',#1363,#1364,#1631,.T.);
#979=EDGE_CURVE('',#1365,#1363,#1632,.T.);
#980=EDGE_CURVE('',#1364,#1366,#1633,.T.);
#981=EDGE_CURVE('',#1365,#1366,#1634,.T.);
#982=EDGE_CURVE('',#1360,#1365,#36,.T.);
#983=EDGE_CURVE('',#1366,#1361,#37,.T.);
#984=EDGE_CURVE('',#1367,#1368,#1635,.T.);
#985=EDGE_CURVE('',#1368,#1369,#1636,.T.);
#986=EDGE_CURVE('',#1369,#1370,#1637,.T.);
#987=EDGE_CURVE('',#1367,#1370,#1638,.T.);
#988=EDGE_CURVE('',#1371,#1367,#38,.T.);
#989=EDGE_CURVE('',#1370,#1372,#39,.T.);
#990=EDGE_CURVE('',#1371,#1372,#1639,.T.);
#991=EDGE_CURVE('',#1373,#1371,#1640,.T.);
#992=EDGE_CURVE('',#1372,#1374,#1641,.T.);
#993=EDGE_CURVE('',#1373,#1374,#1642,.T.);
#994=EDGE_CURVE('',#1368,#1373,#40,.T.);
#995=EDGE_CURVE('',#1374,#1369,#41,.T.);
#996=EDGE_CURVE('',#1375,#1376,#1643,.T.);
#997=EDGE_CURVE('',#1376,#1377,#1644,.T.);
#998=EDGE_CURVE('',#1377,#1378,#1645,.T.);
#999=EDGE_CURVE('',#1375,#1378,#1646,.T.);
#1000=EDGE_CURVE('',#1379,#1375,#42,.T.);
#1001=EDGE_CURVE('',#1378,#1380,#43,.T.);
#1002=EDGE_CURVE('',#1379,#1380,#1647,.T.);
#1003=EDGE_CURVE('',#1381,#1379,#1648,.T.);
#1004=EDGE_CURVE('',#1380,#1382,#1649,.T.);
#1005=EDGE_CURVE('',#1381,#1382,#1650,.T.);
#1006=EDGE_CURVE('',#1376,#1381,#44,.T.);
#1007=EDGE_CURVE('',#1382,#1377,#45,.T.);
#1008=EDGE_CURVE('',#1383,#1384,#1651,.T.);
#1009=EDGE_CURVE('',#1384,#1385,#1652,.T.);
#1010=EDGE_CURVE('',#1385,#1386,#46,.T.);
#1011=EDGE_CURVE('',#1386,#1387,#1653,.T.);
#1012=EDGE_CURVE('',#1387,#1388,#47,.T.);
#1013=EDGE_CURVE('',#1388,#1389,#1654,.T.);
#1014=EDGE_CURVE('',#1389,#1390,#48,.T.);
#1015=EDGE_CURVE('',#1390,#1391,#1655,.T.);
#1016=EDGE_CURVE('',#1391,#1392,#49,.T.);
#1017=EDGE_CURVE('',#1392,#1393,#1656,.T.);
#1018=EDGE_CURVE('',#1393,#1394,#1657,.T.);
#1019=EDGE_CURVE('',#1394,#1395,#1658,.T.);
#1020=EDGE_CURVE('',#1395,#1396,#50,.T.);
#1021=EDGE_CURVE('',#1396,#1397,#1659,.T.);
#1022=EDGE_CURVE('',#1397,#1398,#51,.T.);
#1023=EDGE_CURVE('',#1398,#1399,#1660,.T.);
#1024=EDGE_CURVE('',#1399,#1400,#52,.T.);
#1025=EDGE_CURVE('',#1400,#1401,#1661,.T.);
#1026=EDGE_CURVE('',#1401,#1402,#53,.T.);
#1027=EDGE_CURVE('',#1402,#1383,#1662,.T.);
#1028=EDGE_CURVE('',#1403,#1404,#1663,.T.);
#1029=EDGE_CURVE('',#1405,#1403,#1664,.T.);
#1030=EDGE_CURVE('',#1406,#1405,#54,.T.);
#1031=EDGE_CURVE('',#1407,#1406,#1665,.T.);
#1032=EDGE_CURVE('',#1408,#1407,#55,.T.);
#1033=EDGE_CURVE('',#1409,#1408,#1666,.T.);
#1034=EDGE_CURVE('',#1410,#1409,#56,.T.);
#1035=EDGE_CURVE('',#1411,#1410,#1667,.T.);
#1036=EDGE_CURVE('',#1412,#1411,#57,.T.);
#1037=EDGE_CURVE('',#1413,#1412,#1668,.T.);
#1038=EDGE_CURVE('',#1414,#1413,#1669,.T.);
#1039=EDGE_CURVE('',#1415,#1414,#1670,.T.);
#1040=EDGE_CURVE('',#1416,#1415,#58,.T.);
#1041=EDGE_CURVE('',#1417,#1416,#1671,.T.);
#1042=EDGE_CURVE('',#1418,#1417,#59,.T.);
#1043=EDGE_CURVE('',#1419,#1418,#1672,.T.);
#1044=EDGE_CURVE('',#1420,#1419,#60,.T.);
#1045=EDGE_CURVE('',#1421,#1420,#1673,.T.);
#1046=EDGE_CURVE('',#1422,#1421,#61,.T.);
#1047=EDGE_CURVE('',#1404,#1422,#1674,.T.);
#1048=EDGE_CURVE('',#1404,#1384,#1675,.T.);
#1049=EDGE_CURVE('',#1422,#1385,#1676,.T.);
#1050=EDGE_CURVE('',#1421,#1386,#1677,.T.);
#1051=EDGE_CURVE('',#1420,#1387,#1678,.T.);
#1052=EDGE_CURVE('',#1419,#1388,#1679,.T.);
#1053=EDGE_CURVE('',#1418,#1389,#1680,.T.);
#1054=EDGE_CURVE('',#1417,#1390,#1681,.T.);
#1055=EDGE_CURVE('',#1416,#1391,#1682,.T.);
#1056=EDGE_CURVE('',#1415,#1392,#1683,.T.);
#1057=EDGE_CURVE('',#1414,#1393,#1684,.T.);
#1058=EDGE_CURVE('',#1413,#1394,#1685,.T.);
#1059=EDGE_CURVE('',#1412,#1395,#1686,.T.);
#1060=EDGE_CURVE('',#1411,#1396,#1687,.T.);
#1061=EDGE_CURVE('',#1410,#1397,#1688,.T.);
#1062=EDGE_CURVE('',#1409,#1398,#1689,.T.);
#1063=EDGE_CURVE('',#1408,#1399,#1690,.T.);
#1064=EDGE_CURVE('',#1407,#1400,#1691,.T.);
#1065=EDGE_CURVE('',#1406,#1401,#1692,.T.);
#1066=EDGE_CURVE('',#1405,#1402,#1693,.T.);
#1067=EDGE_CURVE('',#1403,#1383,#1694,.T.);
#1068=EDGE_CURVE('',#1423,#1423,#62,.F.);
#1069=EDGE_CURVE('',#1424,#1424,#63,.T.);
#1070=EDGE_CURVE('',#1425,#1426,#1695,.T.);
#1071=EDGE_CURVE('',#1426,#1427,#1696,.T.);
#1072=EDGE_CURVE('',#1427,#1428,#1697,.T.);
#1073=EDGE_CURVE('',#1428,#1429,#1698,.T.);
#1074=EDGE_CURVE('',#1429,#1430,#1699,.T.);
#1075=EDGE_CURVE('',#1430,#1431,#1700,.T.);
#1076=EDGE_CURVE('',#1431,#1432,#1701,.T.);
#1077=EDGE_CURVE('',#1432,#1425,#1702,.T.);
#1078=EDGE_CURVE('',#1433,#1434,#1703,.T.);
#1079=EDGE_CURVE('',#1434,#1435,#1704,.T.);
#1080=EDGE_CURVE('',#1435,#1436,#1705,.T.);
#1081=EDGE_CURVE('',#1436,#1437,#1706,.T.);
#1082=EDGE_CURVE('',#1437,#1438,#1707,.T.);
#1083=EDGE_CURVE('',#1438,#1439,#1708,.T.);
#1084=EDGE_CURVE('',#1439,#1440,#1709,.T.);
#1085=EDGE_CURVE('',#1440,#1441,#1710,.T.);
#1086=EDGE_CURVE('',#1441,#1442,#1711,.T.);
#1087=EDGE_CURVE('',#1442,#1433,#1712,.T.);
#1088=EDGE_CURVE('',#1443,#1444,#1713,.T.);
#1089=EDGE_CURVE('',#1444,#1445,#1714,.T.);
#1090=EDGE_CURVE('',#1445,#1446,#1715,.T.);
#1091=EDGE_CURVE('',#1446,#1443,#1716,.T.);
#1092=EDGE_CURVE('',#1447,#1448,#1717,.T.);
#1093=EDGE_CURVE('',#1447,#1449,#1718,.F.);
#1094=EDGE_CURVE('',#1449,#1450,#1719,.T.);
#1095=EDGE_CURVE('',#1450,#1451,#1720,.T.);
#1096=EDGE_CURVE('',#1451,#1452,#1721,.T.);
#1097=EDGE_CURVE('',#1452,#1448,#1722,.T.);
#1098=EDGE_CURVE('',#1453,#1454,#1723,.T.);
#1099=EDGE_CURVE('',#1454,#1455,#1724,.T.);
#1100=EDGE_CURVE('',#1455,#1456,#1725,.T.);
#1101=EDGE_CURVE('',#1456,#1457,#1726,.T.);
#1102=EDGE_CURVE('',#1457,#1458,#1727,.T.);
#1103=EDGE_CURVE('',#1458,#1459,#1728,.T.);
#1104=EDGE_CURVE('',#1459,#1460,#1729,.T.);
#1105=EDGE_CURVE('',#1460,#1453,#1730,.T.);
#1106=EDGE_CURVE('',#1461,#1462,#1731,.T.);
#1107=EDGE_CURVE('',#1461,#1463,#1732,.T.);
#1108=EDGE_CURVE('',#1463,#1464,#1733,.T.);
#1109=EDGE_CURVE('',#1465,#1464,#1734,.T.);
#1110=EDGE_CURVE('',#1465,#1466,#1735,.T.);
#1111=EDGE_CURVE('',#1466,#1462,#1736,.T.);
#1112=EDGE_CURVE('',#1467,#1468,#1737,.T.);
#1113=EDGE_CURVE('',#1468,#1469,#1738,.T.);
#1114=EDGE_CURVE('',#1469,#1470,#1739,.T.);
#1115=EDGE_CURVE('',#1470,#1471,#1740,.T.);
#1116=EDGE_CURVE('',#1471,#1472,#1741,.T.);
#1117=EDGE_CURVE('',#1472,#1467,#1742,.T.);
#1118=EDGE_CURVE('',#1473,#1474,#1743,.T.);
#1119=EDGE_CURVE('',#1474,#1475,#1744,.T.);
#1120=EDGE_CURVE('',#1475,#1476,#1745,.T.);
#1121=EDGE_CURVE('',#1476,#1477,#1746,.T.);
#1122=EDGE_CURVE('',#1477,#1478,#1747,.T.);
#1123=EDGE_CURVE('',#1478,#1473,#1748,.F.);
#1124=EDGE_CURVE('',#1479,#1479,#64,.F.);
#1125=EDGE_CURVE('',#1480,#1481,#1749,.T.);
#1126=EDGE_CURVE('',#1481,#1482,#1750,.T.);
#1127=EDGE_CURVE('',#1482,#1483,#1751,.T.);
#1128=EDGE_CURVE('',#1483,#1484,#1752,.F.);
#1129=EDGE_CURVE('',#1484,#1485,#1753,.T.);
#1130=EDGE_CURVE('',#1485,#1480,#1754,.F.);
#1131=EDGE_CURVE('',#1486,#1487,#1755,.T.);
#1132=EDGE_CURVE('',#1487,#1488,#1756,.T.);
#1133=EDGE_CURVE('',#1488,#1489,#1757,.T.);
#1134=EDGE_CURVE('',#1490,#1489,#1758,.T.);
#1135=EDGE_CURVE('',#1491,#1490,#1759,.T.);
#1136=EDGE_CURVE('',#1491,#1486,#1760,.T.);
#1137=EDGE_CURVE('',#1492,#1493,#1761,.T.);
#1138=EDGE_CURVE('',#1493,#1494,#1762,.T.);
#1139=EDGE_CURVE('',#1494,#1495,#1763,.T.);
#1140=EDGE_CURVE('',#1495,#1496,#1764,.T.);
#1141=EDGE_CURVE('',#1496,#1497,#1765,.T.);
#1142=EDGE_CURVE('',#1497,#1498,#1766,.T.);
#1143=EDGE_CURVE('',#1498,#1499,#1767,.T.);
#1144=EDGE_CURVE('',#1499,#1500,#1768,.T.);
#1145=EDGE_CURVE('',#1500,#1501,#1769,.T.);
#1146=EDGE_CURVE('',#1501,#1492,#1770,.T.);
#1147=EDGE_CURVE('',#1502,#1503,#1771,.T.);
#1148=EDGE_CURVE('',#1503,#1504,#1772,.T.);
#1149=EDGE_CURVE('',#1504,#1505,#1773,.T.);
#1150=EDGE_CURVE('',#1505,#1506,#1774,.T.);
#1151=EDGE_CURVE('',#1506,#1507,#1775,.T.);
#1152=EDGE_CURVE('',#1507,#1508,#1776,.T.);
#1153=EDGE_CURVE('',#1508,#1509,#1777,.T.);
#1154=EDGE_CURVE('',#1509,#1510,#1778,.T.);
#1155=EDGE_CURVE('',#1510,#1511,#1779,.T.);
#1156=EDGE_CURVE('',#1511,#1502,#1780,.T.);
#1157=EDGE_CURVE('',#1512,#1513,#1781,.T.);
#1158=EDGE_CURVE('',#1513,#1514,#1782,.T.);
#1159=EDGE_CURVE('',#1514,#1515,#1783,.T.);
#1160=EDGE_CURVE('',#1515,#1512,#1784,.T.);
#1161=EDGE_CURVE('',#1452,#1516,#1785,.T.);
#1162=EDGE_CURVE('',#1516,#1517,#1786,.T.);
#1163=EDGE_CURVE('',#1448,#1517,#1787,.T.);
#1164=EDGE_CURVE('',#1490,#1516,#1788,.T.);
#1165=EDGE_CURVE('',#1489,#1517,#1789,.T.);
#1166=EDGE_CURVE('',#1463,#1491,#1790,.T.);
#1167=EDGE_CURVE('',#1464,#1452,#1791,.T.);
#1168=EDGE_CURVE('',#1518,#1519,#1792,.T.);
#1169=EDGE_CURVE('',#1518,#1520,#1793,.T.);
#1170=EDGE_CURVE('',#1520,#1521,#1794,.T.);
#1171=EDGE_CURVE('',#1521,#1522,#1795,.T.);
#1172=EDGE_CURVE('',#1522,#1523,#1796,.F.);
#1173=EDGE_CURVE('',#1523,#1519,#1797,.T.);
#1174=EDGE_CURVE('',#1488,#1518,#1798,.T.);
#1175=EDGE_CURVE('',#1519,#1448,#1799,.T.);
#1176=EDGE_CURVE('',#1524,#1525,#1800,.T.);
#1177=EDGE_CURVE('',#1524,#1526,#1801,.T.);
#1178=EDGE_CURVE('',#1526,#1527,#1802,.T.);
#1179=EDGE_CURVE('',#1527,#1528,#1803,.T.);
#1180=EDGE_CURVE('',#1528,#1525,#1804,.T.);
#1181=EDGE_CURVE('',#1529,#1530,#1805,.T.);
#1182=EDGE_CURVE('',#1529,#1524,#1806,.T.);
#1183=EDGE_CURVE('',#1525,#1530,#1807,.T.);
#1184=EDGE_CURVE('',#1531,#1531,#65,.F.);
#1185=EDGE_CURVE('',#1532,#1533,#1808,.T.);
#1186=EDGE_CURVE('',#1533,#1534,#1809,.T.);
#1187=EDGE_CURVE('',#1534,#1529,#1810,.T.);
#1188=EDGE_CURVE('',#1530,#1535,#1811,.T.);
#1189=EDGE_CURVE('',#1532,#1535,#1812,.T.);
#1190=EDGE_CURVE('',#1536,#1537,#1813,.T.);
#1191=EDGE_CURVE('',#1536,#1532,#1814,.T.);
#1192=EDGE_CURVE('',#1535,#1537,#1815,.T.);
#1193=EDGE_CURVE('',#1538,#1539,#1816,.T.);
#1194=EDGE_CURVE('',#1538,#1540,#1817,.T.);
#1195=EDGE_CURVE('',#1540,#1536,#1818,.T.);
#1196=EDGE_CURVE('',#1537,#1539,#1819,.T.);
#1197=EDGE_CURVE('',#1541,#1542,#1820,.T.);
#1198=EDGE_CURVE('',#1542,#1543,#1821,.T.);
#1199=EDGE_CURVE('',#1543,#1538,#1822,.T.);
#1200=EDGE_CURVE('',#1539,#1544,#1823,.T.);
#1201=EDGE_CURVE('',#1541,#1544,#1824,.T.);
#1202=EDGE_CURVE('',#1545,#1546,#1825,.T.);
#1203=EDGE_CURVE('',#1545,#1547,#1826,.T.);
#1204=EDGE_CURVE('',#1547,#1541,#1827,.T.);
#1205=EDGE_CURVE('',#1544,#1546,#1828,.T.);
#1206=EDGE_CURVE('',#1548,#1548,#66,.F.);
#1207=EDGE_CURVE('',#1549,#1550,#1829,.T.);
#1208=EDGE_CURVE('',#1549,#1545,#1830,.T.);
#1209=EDGE_CURVE('',#1546,#1550,#1831,.T.);
#1210=EDGE_CURVE('',#1551,#1552,#1832,.T.);
#1211=EDGE_CURVE('',#1551,#1553,#1833,.T.);
#1212=EDGE_CURVE('',#1553,#1549,#1834,.T.);
#1213=EDGE_CURVE('',#1550,#1552,#1835,.T.);
#1214=EDGE_CURVE('',#1527,#1554,#1836,.T.);
#1215=EDGE_CURVE('',#1554,#1555,#1837,.T.);
#1216=EDGE_CURVE('',#1555,#1551,#1838,.T.);
#1217=EDGE_CURVE('',#1552,#1528,#1839,.T.);
#1218=EDGE_CURVE('',#1556,#1556,#67,.T.);
#1219=EDGE_CURVE('',#1520,#1557,#1840,.T.);
#1220=EDGE_CURVE('',#1557,#1558,#1841,.T.);
#1221=EDGE_CURVE('',#1558,#1461,#1842,.T.);
#1222=EDGE_CURVE('',#1462,#1521,#1843,.T.);
#1223=EDGE_CURVE('',#1523,#1559,#1844,.T.);
#1224=EDGE_CURVE('',#1559,#1447,#1845,.T.);
#1225=EDGE_CURVE('',#1451,#1560,#1846,.T.);
#1226=EDGE_CURVE('',#1560,#1465,#1847,.T.);
#1227=EDGE_CURVE('',#1561,#1561,#68,.T.);
#1228=EDGE_CURVE('',#1562,#1563,#1848,.T.);
#1229=EDGE_CURVE('',#1563,#1564,#1849,.F.);
#1230=EDGE_CURVE('',#1564,#1565,#1850,.T.);
#1231=EDGE_CURVE('',#1565,#1566,#1851,.T.);
#1232=EDGE_CURVE('',#1566,#1567,#1852,.T.);
#1233=EDGE_CURVE('',#1567,#1562,#1853,.T.);
#1234=EDGE_CURVE('',#1568,#1569,#1854,.F.);
#1235=EDGE_CURVE('',#1568,#1570,#1855,.T.);
#1236=EDGE_CURVE('',#1570,#1474,#1856,.F.);
#1237=EDGE_CURVE('',#1473,#1571,#1857,.T.);
#1238=EDGE_CURVE('',#1571,#1569,#1858,.F.);
#1239=EDGE_CURVE('',#1566,#1572,#1859,.T.);
#1240=EDGE_CURVE('',#1572,#1568,#1860,.T.);
#1241=EDGE_CURVE('',#1569,#1573,#1861,.T.);
#1242=EDGE_CURVE('',#1573,#1567,#1862,.T.);
#1243=EDGE_CURVE('',#1469,#1574,#1863,.T.);
#1244=EDGE_CURVE('',#1574,#1575,#1864,.F.);
#1245=EDGE_CURVE('',#1576,#1575,#1865,.F.);
#1246=EDGE_CURVE('',#1576,#1577,#1866,.F.);
#1247=EDGE_CURVE('',#1577,#1470,#1867,.F.);
#1248=EDGE_CURVE('',#1575,#1578,#1868,.T.);
#1249=EDGE_CURVE('',#1578,#1563,#1869,.F.);
#1250=EDGE_CURVE('',#1562,#1579,#1870,.F.);
#1251=EDGE_CURVE('',#1579,#1576,#1871,.F.);
#1252=EDGE_CURVE('',#1476,#1580,#1872,.T.);
#1253=EDGE_CURVE('',#1580,#1481,#1873,.T.);
#1254=EDGE_CURVE('',#1480,#1581,#1874,.T.);
#1255=EDGE_CURVE('',#1581,#1477,#1875,.T.);
#1256=EDGE_CURVE('',#1482,#1582,#1876,.T.);
#1257=EDGE_CURVE('',#1582,#1467,#1877,.T.);
#1258=EDGE_CURVE('',#1472,#1583,#1878,.T.);
#1259=EDGE_CURVE('',#1583,#1483,#1879,.T.);
#1260=EDGE_CURVE('',#1499,#1580,#1880,.F.);
#1261=EDGE_CURVE('',#1582,#1498,#1881,.T.);
#1262=EDGE_CURVE('',#1468,#1497,#1882,.F.);
#1263=EDGE_CURVE('',#1500,#1475,#1883,.T.);
#1264=EDGE_CURVE('',#1574,#1496,#1884,.T.);
#1265=EDGE_CURVE('',#1501,#1570,#1885,.T.);
#1266=EDGE_CURVE('',#1578,#1495,#1886,.T.);
#1267=EDGE_CURVE('',#1492,#1572,#1887,.F.);
#1268=EDGE_CURVE('',#1564,#1494,#1888,.F.);
#1269=EDGE_CURVE('',#1493,#1565,#1889,.T.);
#1270=EDGE_CURVE('',#1443,#1466,#1890,.F.);
#1271=EDGE_CURVE('',#1522,#1446,#1891,.F.);
#1272=EDGE_CURVE('',#1432,#1484,#1892,.F.);
#1273=EDGE_CURVE('',#1485,#1431,#1893,.T.);
#1274=EDGE_CURVE('',#1444,#1560,#1894,.T.);
#1275=EDGE_CURVE('',#1445,#1427,#1895,.F.);
#1276=EDGE_CURVE('',#1428,#1444,#1896,.F.);
#1277=EDGE_CURVE('',#1559,#1445,#1897,.F.);
#1278=EDGE_CURVE('',#1428,#1560,#1898,.F.);
#1279=EDGE_CURVE('',#1581,#1430,#1899,.F.);
#1280=EDGE_CURVE('',#1425,#1583,#1900,.T.);
#1281=EDGE_CURVE('',#1559,#1427,#1901,.T.);
#1282=EDGE_CURVE('',#1458,#1449,#1902,.T.);
#1283=EDGE_CURVE('',#1450,#1457,#1903,.T.);
#1284=EDGE_CURVE('',#1429,#1584,#1904,.T.);
#1285=EDGE_CURVE('',#1584,#1456,#1905,.F.);
#1286=EDGE_CURVE('',#1478,#1584,#1906,.F.);
#1287=EDGE_CURVE('',#1426,#1585,#1907,.T.);
#1288=EDGE_CURVE('',#1585,#1471,#1908,.F.);
#1289=EDGE_CURVE('',#1459,#1585,#1909,.F.);
#1290=EDGE_CURVE('',#1571,#1455,#1910,.T.);
#1291=EDGE_CURVE('',#1460,#1577,#1911,.F.);
#1292=EDGE_CURVE('',#1573,#1454,#1912,.T.);
#1293=EDGE_CURVE('',#1453,#1579,#1913,.F.);
#1294=EDGE_CURVE('',#1509,#1534,#1914,.F.);
#1295=EDGE_CURVE('',#1526,#1508,#1915,.T.);
#1296=EDGE_CURVE('',#1510,#1533,#1916,.F.);
#1297=EDGE_CURVE('',#1554,#1507,#1917,.T.);
#1298=EDGE_CURVE('',#1511,#1540,#1918,.F.);
#1299=EDGE_CURVE('',#1555,#1506,#1919,.T.);
#1300=EDGE_CURVE('',#1502,#1543,#1920,.F.);
#1301=EDGE_CURVE('',#1553,#1505,#1921,.T.);
#1302=EDGE_CURVE('',#1503,#1542,#1922,.F.);
#1303=EDGE_CURVE('',#1547,#1504,#1923,.F.);
#1304=EDGE_CURVE('',#1512,#1557,#1924,.T.);
#1305=EDGE_CURVE('',#1558,#1515,#1925,.F.);
#1306=EDGE_CURVE('',#1486,#1514,#1926,.T.);
#1307=EDGE_CURVE('',#1513,#1487,#1927,.T.);
#1308=EDGE_CURVE('',#1440,#1525,#1928,.T.);
#1309=EDGE_CURVE('',#1530,#1439,#1929,.F.);
#1310=EDGE_CURVE('',#1535,#1438,#1930,.F.);
#1311=EDGE_CURVE('',#1441,#1528,#1931,.T.);
#1312=EDGE_CURVE('',#1537,#1437,#1932,.F.);
#1313=EDGE_CURVE('',#1442,#1552,#1933,.T.);
#1314=EDGE_CURVE('',#1539,#1436,#1934,.F.);
#1315=EDGE_CURVE('',#1433,#1550,#1935,.T.);
#1316=EDGE_CURVE('',#1544,#1435,#1936,.F.);
#1317=EDGE_CURVE('',#1434,#1546,#1937,.F.);
#1318=EDGE_CURVE('',#1586,#1586,#69,.T.);
#1319=VERTEX_POINT('',#3902);
#1320=VERTEX_POINT('',#3903);
#1321=VERTEX_POINT('',#3905);
#1322=VERTEX_POINT('',#3907);
#1323=VERTEX_POINT('',#3911);
#1324=VERTEX_POINT('',#3913);
#1325=VERTEX_POINT('',#3917);
#1326=VERTEX_POINT('',#3919);
#1327=VERTEX_POINT('',#3926);
#1328=VERTEX_POINT('',#3927);
#1329=VERTEX_POINT('',#3929);
#1330=VERTEX_POINT('',#3931);
#1331=VERTEX_POINT('',#3935);
#1332=VERTEX_POINT('',#3937);
#1333=VERTEX_POINT('',#3941);
#1334=VERTEX_POINT('',#3943);
#1335=VERTEX_POINT('',#3950);
#1336=VERTEX_POINT('',#3951);
#1337=VERTEX_POINT('',#3953);
#1338=VERTEX_POINT('',#3955);
#1339=VERTEX_POINT('',#3959);
#1340=VERTEX_POINT('',#3961);
#1341=VERTEX_POINT('',#3965);
#1342=VERTEX_POINT('',#3967);
#1343=VERTEX_POINT('',#3974);
#1344=VERTEX_POINT('',#3975);
#1345=VERTEX_POINT('',#3977);
#1346=VERTEX_POINT('',#3979);
#1347=VERTEX_POINT('',#3983);
#1348=VERTEX_POINT('',#3985);
#1349=VERTEX_POINT('',#3989);
#1350=VERTEX_POINT('',#3991);
#1351=VERTEX_POINT('',#3998);
#1352=VERTEX_POINT('',#3999);
#1353=VERTEX_POINT('',#4001);
#1354=VERTEX_POINT('',#4003);
#1355=VERTEX_POINT('',#4007);
#1356=VERTEX_POINT('',#4009);
#1357=VERTEX_POINT('',#4013);
#1358=VERTEX_POINT('',#4015);
#1359=VERTEX_POINT('',#4022);
#1360=VERTEX_POINT('',#4023);
#1361=VERTEX_POINT('',#4025);
#1362=VERTEX_POINT('',#4027);
#1363=VERTEX_POINT('',#4031);
#1364=VERTEX_POINT('',#4033);
#1365=VERTEX_POINT('',#4037);
#1366=VERTEX_POINT('',#4039);
#1367=VERTEX_POINT('',#4046);
#1368=VERTEX_POINT('',#4047);
#1369=VERTEX_POINT('',#4049);
#1370=VERTEX_POINT('',#4051);
#1371=VERTEX_POINT('',#4055);
#1372=VERTEX_POINT('',#4057);
#1373=VERTEX_POINT('',#4061);
#1374=VERTEX_POINT('',#4063);
#1375=VERTEX_POINT('',#4070);
#1376=VERTEX_POINT('',#4071);
#1377=VERTEX_POINT('',#4073);
#1378=VERTEX_POINT('',#4075);
#1379=VERTEX_POINT('',#4079);
#1380=VERTEX_POINT('',#4081);
#1381=VERTEX_POINT('',#4085);
#1382=VERTEX_POINT('',#4087);
#1383=VERTEX_POINT('',#4094);
#1384=VERTEX_POINT('',#4095);
#1385=VERTEX_POINT('',#4097);
#1386=VERTEX_POINT('',#4099);
#1387=VERTEX_POINT('',#4101);
#1388=VERTEX_POINT('',#4103);
#1389=VERTEX_POINT('',#4105);
#1390=VERTEX_POINT('',#4107);
#1391=VERTEX_POINT('',#4109);
#1392=VERTEX_POINT('',#4111);
#1393=VERTEX_POINT('',#4113);
#1394=VERTEX_POINT('',#4115);
#1395=VERTEX_POINT('',#4117);
#1396=VERTEX_POINT('',#4119);
#1397=VERTEX_POINT('',#4121);
#1398=VERTEX_POINT('',#4123);
#1399=VERTEX_POINT('',#4125);
#1400=VERTEX_POINT('',#4127);
#1401=VERTEX_POINT('',#4129);
#1402=VERTEX_POINT('',#4131);
#1403=VERTEX_POINT('',#4135);
#1404=VERTEX_POINT('',#4136);
#1405=VERTEX_POINT('',#4138);
#1406=VERTEX_POINT('',#4140);
#1407=VERTEX_POINT('',#4142);
#1408=VERTEX_POINT('',#4144);
#1409=VERTEX_POINT('',#4146);
#1410=VERTEX_POINT('',#4148);
#1411=VERTEX_POINT('',#4150);
#1412=VERTEX_POINT('',#4152);
#1413=VERTEX_POINT('',#4154);
#1414=VERTEX_POINT('',#4156);
#1415=VERTEX_POINT('',#4158);
#1416=VERTEX_POINT('',#4160);
#1417=VERTEX_POINT('',#4162);
#1418=VERTEX_POINT('',#4164);
#1419=VERTEX_POINT('',#4166);
#1420=VERTEX_POINT('',#4168);
#1421=VERTEX_POINT('',#4170);
#1422=VERTEX_POINT('',#4172);
#1423=VERTEX_POINT('',#4217);
#1424=VERTEX_POINT('',#4219);
#1425=VERTEX_POINT('',#4222);
#1426=VERTEX_POINT('',#4223);
#1427=VERTEX_POINT('',#4225);
#1428=VERTEX_POINT('',#4227);
#1429=VERTEX_POINT('',#4229);
#1430=VERTEX_POINT('',#4231);
#1431=VERTEX_POINT('',#4233);
#1432=VERTEX_POINT('',#4235);
#1433=VERTEX_POINT('',#4239);
#1434=VERTEX_POINT('',#4240);
#1435=VERTEX_POINT('',#4242);
#1436=VERTEX_POINT('',#4244);
#1437=VERTEX_POINT('',#4246);
#1438=VERTEX_POINT('',#4248);
#1439=VERTEX_POINT('',#4250);
#1440=VERTEX_POINT('',#4252);
#1441=VERTEX_POINT('',#4254);
#1442=VERTEX_POINT('',#4256);
#1443=VERTEX_POINT('',#4259);
#1444=VERTEX_POINT('',#4260);
#1445=VERTEX_POINT('',#4262);
#1446=VERTEX_POINT('',#4264);
#1447=VERTEX_POINT('',#4268);
#1448=VERTEX_POINT('',#4269);
#1449=VERTEX_POINT('',#4271);
#1450=VERTEX_POINT('',#4273);
#1451=VERTEX_POINT('',#4275);
#1452=VERTEX_POINT('',#4277);
#1453=VERTEX_POINT('',#4281);
#1454=VERTEX_POINT('',#4282);
#1455=VERTEX_POINT('',#4284);
#1456=VERTEX_POINT('',#4286);
#1457=VERTEX_POINT('',#4288);
#1458=VERTEX_POINT('',#4290);
#1459=VERTEX_POINT('',#4292);
#1460=VERTEX_POINT('',#4294);
#1461=VERTEX_POINT('',#4298);
#1462=VERTEX_POINT('',#4299);
#1463=VERTEX_POINT('',#4301);
#1464=VERTEX_POINT('',#4303);
#1465=VERTEX_POINT('',#4305);
#1466=VERTEX_POINT('',#4307);
#1467=VERTEX_POINT('',#4311);
#1468=VERTEX_POINT('',#4312);
#1469=VERTEX_POINT('',#4314);
#1470=VERTEX_POINT('',#4316);
#1471=VERTEX_POINT('',#4318);
#1472=VERTEX_POINT('',#4320);
#1473=VERTEX_POINT('',#4324);
#1474=VERTEX_POINT('',#4325);
#1475=VERTEX_POINT('',#4327);
#1476=VERTEX_POINT('',#4329);
#1477=VERTEX_POINT('',#4331);
#1478=VERTEX_POINT('',#4333);
#1479=VERTEX_POINT('',#4337);
#1480=VERTEX_POINT('',#4339);
#1481=VERTEX_POINT('',#4340);
#1482=VERTEX_POINT('',#4342);
#1483=VERTEX_POINT('',#4344);
#1484=VERTEX_POINT('',#4346);
#1485=VERTEX_POINT('',#4348);
#1486=VERTEX_POINT('',#4352);
#1487=VERTEX_POINT('',#4353);
#1488=VERTEX_POINT('',#4355);
#1489=VERTEX_POINT('',#4357);
#1490=VERTEX_POINT('',#4359);
#1491=VERTEX_POINT('',#4361);
#1492=VERTEX_POINT('',#4365);
#1493=VERTEX_POINT('',#4366);
#1494=VERTEX_POINT('',#4368);
#1495=VERTEX_POINT('',#4370);
#1496=VERTEX_POINT('',#4372);
#1497=VERTEX_POINT('',#4374);
#1498=VERTEX_POINT('',#4376);
#1499=VERTEX_POINT('',#4378);
#1500=VERTEX_POINT('',#4380);
#1501=VERTEX_POINT('',#4382);
#1502=VERTEX_POINT('',#4385);
#1503=VERTEX_POINT('',#4386);
#1504=VERTEX_POINT('',#4388);
#1505=VERTEX_POINT('',#4390);
#1506=VERTEX_POINT('',#4392);
#1507=VERTEX_POINT('',#4394);
#1508=VERTEX_POINT('',#4396);
#1509=VERTEX_POINT('',#4398);
#1510=VERTEX_POINT('',#4400);
#1511=VERTEX_POINT('',#4402);
#1512=VERTEX_POINT('',#4405);
#1513=VERTEX_POINT('',#4406);
#1514=VERTEX_POINT('',#4408);
#1515=VERTEX_POINT('',#4410);
#1516=VERTEX_POINT('',#4414);
#1517=VERTEX_POINT('',#4416);
#1518=VERTEX_POINT('',#4426);
#1519=VERTEX_POINT('',#4427);
#1520=VERTEX_POINT('',#4429);
#1521=VERTEX_POINT('',#4431);
#1522=VERTEX_POINT('',#4433);
#1523=VERTEX_POINT('',#4435);
#1524=VERTEX_POINT('',#4442);
#1525=VERTEX_POINT('',#4443);
#1526=VERTEX_POINT('',#4445);
#1527=VERTEX_POINT('',#4447);
#1528=VERTEX_POINT('',#4449);
#1529=VERTEX_POINT('',#4453);
#1530=VERTEX_POINT('',#4454);
#1531=VERTEX_POINT('',#4459);
#1532=VERTEX_POINT('',#4461);
#1533=VERTEX_POINT('',#4462);
#1534=VERTEX_POINT('',#4464);
#1535=VERTEX_POINT('',#4467);
#1536=VERTEX_POINT('',#4471);
#1537=VERTEX_POINT('',#4472);
#1538=VERTEX_POINT('',#4477);
#1539=VERTEX_POINT('',#4478);
#1540=VERTEX_POINT('',#4480);
#1541=VERTEX_POINT('',#4485);
#1542=VERTEX_POINT('',#4486);
#1543=VERTEX_POINT('',#4488);
#1544=VERTEX_POINT('',#4491);
#1545=VERTEX_POINT('',#4495);
#1546=VERTEX_POINT('',#4496);
#1547=VERTEX_POINT('',#4498);
#1548=VERTEX_POINT('',#4503);
#1549=VERTEX_POINT('',#4505);
#1550=VERTEX_POINT('',#4506);
#1551=VERTEX_POINT('',#4511);
#1552=VERTEX_POINT('',#4512);
#1553=VERTEX_POINT('',#4514);
#1554=VERTEX_POINT('',#4519);
#1555=VERTEX_POINT('',#4521);
#1556=VERTEX_POINT('',#4526);
#1557=VERTEX_POINT('',#4528);
#1558=VERTEX_POINT('',#4530);
#1559=VERTEX_POINT('',#4535);
#1560=VERTEX_POINT('',#4539);
#1561=VERTEX_POINT('',#4543);
#1562=VERTEX_POINT('',#4545);
#1563=VERTEX_POINT('',#4546);
#1564=VERTEX_POINT('',#4548);
#1565=VERTEX_POINT('',#4550);
#1566=VERTEX_POINT('',#4552);
#1567=VERTEX_POINT('',#4554);
#1568=VERTEX_POINT('',#4558);
#1569=VERTEX_POINT('',#4559);
#1570=VERTEX_POINT('',#4561);
#1571=VERTEX_POINT('',#4564);
#1572=VERTEX_POINT('',#4568);
#1573=VERTEX_POINT('',#4571);
#1574=VERTEX_POINT('',#4575);
#1575=VERTEX_POINT('',#4577);
#1576=VERTEX_POINT('',#4579);
#1577=VERTEX_POINT('',#4581);
#1578=VERTEX_POINT('',#4585);
#1579=VERTEX_POINT('',#4588);
#1580=VERTEX_POINT('',#4592);
#1581=VERTEX_POINT('',#4595);
#1582=VERTEX_POINT('',#4599);
#1583=VERTEX_POINT('',#4602);
#1584=VERTEX_POINT('',#4650);
#1585=VERTEX_POINT('',#4656);
#1586=VERTEX_POINT('',#4719);
#1587=LINE('',#3901,#1938);
#1588=LINE('',#3904,#1939);
#1589=LINE('',#3906,#1940);
#1590=LINE('',#3908,#1941);
#1591=LINE('',#3914,#1942);
#1592=LINE('',#3916,#1943);
#1593=LINE('',#3918,#1944);
#1594=LINE('',#3920,#1945);
#1595=LINE('',#3925,#1946);
#1596=LINE('',#3928,#1947);
#1597=LINE('',#3930,#1948);
#1598=LINE('',#3932,#1949);
#1599=LINE('',#3938,#1950);
#1600=LINE('',#3940,#1951);
#1601=LINE('',#3942,#1952);
#1602=LINE('',#3944,#1953);
#1603=LINE('',#3949,#1954);
#1604=LINE('',#3952,#1955);
#1605=LINE('',#3954,#1956);
#1606=LINE('',#3956,#1957);
#1607=LINE('',#3962,#1958);
#1608=LINE('',#3964,#1959);
#1609=LINE('',#3966,#1960);
#1610=LINE('',#3968,#1961);
#1611=LINE('',#3973,#1962);
#1612=LINE('',#3976,#1963);
#1613=LINE('',#3978,#1964);
#1614=LINE('',#3980,#1965);
#1615=LINE('',#3986,#1966);
#1616=LINE('',#3988,#1967);
#1617=LINE('',#3990,#1968);
#1618=LINE('',#3992,#1969);
#1619=LINE('',#3997,#1970);
#1620=LINE('',#4000,#1971);
#1621=LINE('',#4002,#1972);
#1622=LINE('',#4004,#1973);
#1623=LINE('',#4010,#1974);
#1624=LINE('',#4012,#1975);
#1625=LINE('',#4014,#1976);
#1626=LINE('',#4016,#1977);
#1627=LINE('',#4021,#1978);
#1628=LINE('',#4024,#1979);
#1629=LINE('',#4026,#1980);
#1630=LINE('',#4028,#1981);
#1631=LINE('',#4034,#1982);
#1632=LINE('',#4036,#1983);
#1633=LINE('',#4038,#1984);
#1634=LINE('',#4040,#1985);
#1635=LINE('',#4045,#1986);
#1636=LINE('',#4048,#1987);
#1637=LINE('',#4050,#1988);
#1638=LINE('',#4052,#1989);
#1639=LINE('',#4058,#1990);
#1640=LINE('',#4060,#1991);
#1641=LINE('',#4062,#1992);
#1642=LINE('',#4064,#1993);
#1643=LINE('',#4069,#1994);
#1644=LINE('',#4072,#1995);
#1645=LINE('',#4074,#1996);
#1646=LINE('',#4076,#1997);
#1647=LINE('',#4082,#1998);
#1648=LINE('',#4084,#1999);
#1649=LINE('',#4086,#2000);
#1650=LINE('',#4088,#2001);
#1651=LINE('',#4093,#2002);
#1652=LINE('',#4096,#2003);
#1653=LINE('',#4100,#2004);
#1654=LINE('',#4104,#2005);
#1655=LINE('',#4108,#2006);
#1656=LINE('',#4112,#2007);
#1657=LINE('',#4114,#2008);
#1658=LINE('',#4116,#2009);
#1659=LINE('',#4120,#2010);
#1660=LINE('',#4124,#2011);
#1661=LINE('',#4128,#2012);
#1662=LINE('',#4132,#2013);
#1663=LINE('',#4134,#2014);
#1664=LINE('',#4137,#2015);
#1665=LINE('',#4141,#2016);
#1666=LINE('',#4145,#2017);
#1667=LINE('',#4149,#2018);
#1668=LINE('',#4153,#2019);
#1669=LINE('',#4155,#2020);
#1670=LINE('',#4157,#2021);
#1671=LINE('',#4161,#2022);
#1672=LINE('',#4165,#2023);
#1673=LINE('',#4169,#2024);
#1674=LINE('',#4173,#2025);
#1675=LINE('',#4175,#2026);
#1676=LINE('',#4176,#2027);
#1677=LINE('',#4178,#2028);
#1678=LINE('',#4180,#2029);
#1679=LINE('',#4182,#2030);
#1680=LINE('',#4184,#2031);
#1681=LINE('',#4186,#2032);
#1682=LINE('',#4188,#2033);
#1683=LINE('',#4190,#2034);
#1684=LINE('',#4192,#2035);
#1685=LINE('',#4194,#2036);
#1686=LINE('',#4196,#2037);
#1687=LINE('',#4198,#2038);
#1688=LINE('',#4200,#2039);
#1689=LINE('',#4202,#2040);
#1690=LINE('',#4204,#2041);
#1691=LINE('',#4206,#2042);
#1692=LINE('',#4208,#2043);
#1693=LINE('',#4210,#2044);
#1694=LINE('',#4212,#2045);
#1695=LINE('',#4221,#2046);
#1696=LINE('',#4224,#2047);
#1697=LINE('',#4226,#2048);
#1698=LINE('',#4228,#2049);
#1699=LINE('',#4230,#2050);
#1700=LINE('',#4232,#2051);
#1701=LINE('',#4234,#2052);
#1702=LINE('',#4236,#2053);
#1703=LINE('',#4238,#2054);
#1704=LINE('',#4241,#2055);
#1705=LINE('',#4243,#2056);
#1706=LINE('',#4245,#2057);
#1707=LINE('',#4247,#2058);
#1708=LINE('',#4249,#2059);
#1709=LINE('',#4251,#2060);
#1710=LINE('',#4253,#2061);
#1711=LINE('',#4255,#2062);
#1712=LINE('',#4257,#2063);
#1713=LINE('',#4258,#2064);
#1714=LINE('',#4261,#2065);
#1715=LINE('',#4263,#2066);
#1716=LINE('',#4265,#2067);
#1717=LINE('',#4267,#2068);
#1718=LINE('',#4270,#2069);
#1719=LINE('',#4272,#2070);
#1720=LINE('',#4274,#2071);
#1721=LINE('',#4276,#2072);
#1722=LINE('',#4278,#2073);
#1723=LINE('',#4280,#2074);
#1724=LINE('',#4283,#2075);
#1725=LINE('',#4285,#2076);
#1726=LINE('',#4287,#2077);
#1727=LINE('',#4289,#2078);
#1728=LINE('',#4291,#2079);
#1729=LINE('',#4293,#2080);
#1730=LINE('',#4295,#2081);
#1731=LINE('',#4297,#2082);
#1732=LINE('',#4300,#2083);
#1733=LINE('',#4302,#2084);
#1734=LINE('',#4304,#2085);
#1735=LINE('',#4306,#2086);
#1736=LINE('',#4308,#2087);
#1737=LINE('',#4310,#2088);
#1738=LINE('',#4313,#2089);
#1739=LINE('',#4315,#2090);
#1740=LINE('',#4317,#2091);
#1741=LINE('',#4319,#2092);
#1742=LINE('',#4321,#2093);
#1743=LINE('',#4323,#2094);
#1744=LINE('',#4326,#2095);
#1745=LINE('',#4328,#2096);
#1746=LINE('',#4330,#2097);
#1747=LINE('',#4332,#2098);
#1748=LINE('',#4334,#2099);
#1749=LINE('',#4338,#2100);
#1750=LINE('',#4341,#2101);
#1751=LINE('',#4343,#2102);
#1752=LINE('',#4345,#2103);
#1753=LINE('',#4347,#2104);
#1754=LINE('',#4349,#2105);
#1755=LINE('',#4351,#2106);
#1756=LINE('',#4354,#2107);
#1757=LINE('',#4356,#2108);
#1758=LINE('',#4358,#2109);
#1759=LINE('',#4360,#2110);
#1760=LINE('',#4362,#2111);
#1761=LINE('',#4364,#2112);
#1762=LINE('',#4367,#2113);
#1763=LINE('',#4369,#2114);
#1764=LINE('',#4371,#2115);
#1765=LINE('',#4373,#2116);
#1766=LINE('',#4375,#2117);
#1767=LINE('',#4377,#2118);
#1768=LINE('',#4379,#2119);
#1769=LINE('',#4381,#2120);
#1770=LINE('',#4383,#2121);
#1771=LINE('',#4384,#2122);
#1772=LINE('',#4387,#2123);
#1773=LINE('',#4389,#2124);
#1774=LINE('',#4391,#2125);
#1775=LINE('',#4393,#2126);
#1776=LINE('',#4395,#2127);
#1777=LINE('',#4397,#2128);
#1778=LINE('',#4399,#2129);
#1779=LINE('',#4401,#2130);
#1780=LINE('',#4403,#2131);
#1781=LINE('',#4404,#2132);
#1782=LINE('',#4407,#2133);
#1783=LINE('',#4409,#2134);
#1784=LINE('',#4411,#2135);
#1785=LINE('',#4413,#2136);
#1786=LINE('',#4415,#2137);
#1787=LINE('',#4417,#2138);
#1788=LINE('',#4419,#2139);
#1789=LINE('',#4420,#2140);
#1790=LINE('',#4422,#2141);
#1791=LINE('',#4423,#2142);
#1792=LINE('',#4425,#2143);
#1793=LINE('',#4428,#2144);
#1794=LINE('',#4430,#2145);
#1795=LINE('',#4432,#2146);
#1796=LINE('',#4434,#2147);
#1797=LINE('',#4436,#2148);
#1798=LINE('',#4438,#2149);
#1799=LINE('',#4439,#2150);
#1800=LINE('',#4441,#2151);
#1801=LINE('',#4444,#2152);
#1802=LINE('',#4446,#2153);
#1803=LINE('',#4448,#2154);
#1804=LINE('',#4450,#2155);
#1805=LINE('',#4452,#2156);
#1806=LINE('',#4455,#2157);
#1807=LINE('',#4456,#2158);
#1808=LINE('',#4460,#2159);
#1809=LINE('',#4463,#2160);
#1810=LINE('',#4465,#2161);
#1811=LINE('',#4466,#2162);
#1812=LINE('',#4468,#2163);
#1813=LINE('',#4470,#2164);
#1814=LINE('',#4473,#2165);
#1815=LINE('',#4474,#2166);
#1816=LINE('',#4476,#2167);
#1817=LINE('',#4479,#2168);
#1818=LINE('',#4481,#2169);
#1819=LINE('',#4482,#2170);
#1820=LINE('',#4484,#2171);
#1821=LINE('',#4487,#2172);
#1822=LINE('',#4489,#2173);
#1823=LINE('',#4490,#2174);
#1824=LINE('',#4492,#2175);
#1825=LINE('',#4494,#2176);
#1826=LINE('',#4497,#2177);
#1827=LINE('',#4499,#2178);
#1828=LINE('',#4500,#2179);
#1829=LINE('',#4504,#2180);
#1830=LINE('',#4507,#2181);
#1831=LINE('',#4508,#2182);
#1832=LINE('',#4510,#2183);
#1833=LINE('',#4513,#2184);
#1834=LINE('',#4515,#2185);
#1835=LINE('',#4516,#2186);
#1836=LINE('',#4518,#2187);
#1837=LINE('',#4520,#2188);
#1838=LINE('',#4522,#2189);
#1839=LINE('',#4523,#2190);
#1840=LINE('',#4527,#2191);
#1841=LINE('',#4529,#2192);
#1842=LINE('',#4531,#2193);
#1843=LINE('',#4532,#2194);
#1844=LINE('',#4534,#2195);
#1845=LINE('',#4536,#2196);
#1846=LINE('',#4538,#2197);
#1847=LINE('',#4540,#2198);
#1848=LINE('',#4544,#2199);
#1849=LINE('',#4547,#2200);
#1850=LINE('',#4549,#2201);
#1851=LINE('',#4551,#2202);
#1852=LINE('',#4553,#2203);
#1853=LINE('',#4555,#2204);
#1854=LINE('',#4557,#2205);
#1855=LINE('',#4560,#2206);
#1856=LINE('',#4562,#2207);
#1857=LINE('',#4563,#2208);
#1858=LINE('',#4565,#2209);
#1859=LINE('',#4567,#2210);
#1860=LINE('',#4569,#2211);
#1861=LINE('',#4570,#2212);
#1862=LINE('',#4572,#2213);
#1863=LINE('',#4574,#2214);
#1864=LINE('',#4576,#2215);
#1865=LINE('',#4578,#2216);
#1866=LINE('',#4580,#2217);
#1867=LINE('',#4582,#2218);
#1868=LINE('',#4584,#2219);
#1869=LINE('',#4586,#2220);
#1870=LINE('',#4587,#2221);
#1871=LINE('',#4589,#2222);
#1872=LINE('',#4591,#2223);
#1873=LINE('',#4593,#2224);
#1874=LINE('',#4594,#2225);
#1875=LINE('',#4596,#2226);
#1876=LINE('',#4598,#2227);
#1877=LINE('',#4600,#2228);
#1878=LINE('',#4601,#2229);
#1879=LINE('',#4603,#2230);
#1880=LINE('',#4605,#2231);
#1881=LINE('',#4606,#2232);
#1882=LINE('',#4608,#2233);
#1883=LINE('',#4610,#2234);
#1884=LINE('',#4612,#2235);
#1885=LINE('',#4614,#2236);
#1886=LINE('',#4616,#2237);
#1887=LINE('',#4618,#2238);
#1888=LINE('',#4620,#2239);
#1889=LINE('',#4622,#2240);
#1890=LINE('',#4625,#2241);
#1891=LINE('',#4626,#2242);
#1892=LINE('',#4628,#2243);
#1893=LINE('',#4629,#2244);
#1894=LINE('',#4631,#2245);
#1895=LINE('',#4633,#2246);
#1896=LINE('',#4634,#2247);
#1897=LINE('',#4636,#2248);
#1898=LINE('',#4638,#2249);
#1899=LINE('',#4640,#2250);
#1900=LINE('',#4642,#2251);
#1901=LINE('',#4644,#2252);
#1902=LINE('',#4646,#2253);
#1903=LINE('',#4647,#2254);
#1904=LINE('',#4649,#2255);
#1905=LINE('',#4651,#2256);
#1906=LINE('',#4653,#2257);
#1907=LINE('',#4655,#2258);
#1908=LINE('',#4657,#2259);
#1909=LINE('',#4659,#2260);
#1910=LINE('',#4661,#2261);
#1911=LINE('',#4663,#2262);
#1912=LINE('',#4665,#2263);
#1913=LINE('',#4667,#2264);
#1914=LINE('',#4670,#2265);
#1915=LINE('',#4671,#2266);
#1916=LINE('',#4673,#2267);
#1917=LINE('',#4675,#2268);
#1918=LINE('',#4677,#2269);
#1919=LINE('',#4679,#2270);
#1920=LINE('',#4681,#2271);
#1921=LINE('',#4683,#2272);
#1922=LINE('',#4685,#2273);
#1923=LINE('',#4687,#2274);
#1924=LINE('',#4690,#2275);
#1925=LINE('',#4691,#2276);
#1926=LINE('',#4693,#2277);
#1927=LINE('',#4695,#2278);
#1928=LINE('',#4698,#2279);
#1929=LINE('',#4699,#2280);
#1930=LINE('',#4701,#2281);
#1931=LINE('',#4703,#2282);
#1932=LINE('',#4705,#2283);
#1933=LINE('',#4707,#2284);
#1934=LINE('',#4709,#2285);
#1935=LINE('',#4711,#2286);
#1936=LINE('',#4713,#2287);
#1937=LINE('',#4715,#2288);
#1938=VECTOR('',#3142,1.);
#1939=VECTOR('',#3143,1.);
#1940=VECTOR('',#3144,1.);
#1941=VECTOR('',#3145,1.);
#1942=VECTOR('',#3152,1.);
#1943=VECTOR('',#3155,1.);
#1944=VECTOR('',#3156,1.);
#1945=VECTOR('',#3157,1.);
#1946=VECTOR('',#3166,1.);
#1947=VECTOR('',#3167,1.);
#1948=VECTOR('',#3168,1.);
#1949=VECTOR('',#3169,1.);
#1950=VECTOR('',#3176,1.);
#1951=VECTOR('',#3179,1.);
#1952=VECTOR('',#3180,1.);
#1953=VECTOR('',#3181,1.);
#1954=VECTOR('',#3190,1.);
#1955=VECTOR('',#3191,1.);
#1956=VECTOR('',#3192,1.);
#1957=VECTOR('',#3193,1.);
#1958=VECTOR('',#3200,1.);
#1959=VECTOR('',#3203,1.);
#1960=VECTOR('',#3204,1.);
#1961=VECTOR('',#3205,1.);
#1962=VECTOR('',#3214,1.);
#1963=VECTOR('',#3215,1.);
#1964=VECTOR('',#3216,1.);
#1965=VECTOR('',#3217,1.);
#1966=VECTOR('',#3224,1.);
#1967=VECTOR('',#3227,1.);
#1968=VECTOR('',#3228,1.);
#1969=VECTOR('',#3229,1.);
#1970=VECTOR('',#3238,1.);
#1971=VECTOR('',#3239,1.);
#1972=VECTOR('',#3240,1.);
#1973=VECTOR('',#3241,1.);
#1974=VECTOR('',#3248,1.);
#1975=VECTOR('',#3251,1.);
#1976=VECTOR('',#3252,1.);
#1977=VECTOR('',#3253,1.);
#1978=VECTOR('',#3262,1.);
#1979=VECTOR('',#3263,1.);
#1980=VECTOR('',#3264,1.);
#1981=VECTOR('',#3265,1.);
#1982=VECTOR('',#3272,1.);
#1983=VECTOR('',#3275,1.);
#1984=VECTOR('',#3276,1.);
#1985=VECTOR('',#3277,1.);
#1986=VECTOR('',#3286,1.);
#1987=VECTOR('',#3287,1.);
#1988=VECTOR('',#3288,1.);
#1989=VECTOR('',#3289,1.);
#1990=VECTOR('',#3296,1.);
#1991=VECTOR('',#3299,1.);
#1992=VECTOR('',#3300,1.);
#1993=VECTOR('',#3301,1.);
#1994=VECTOR('',#3310,1.);
#1995=VECTOR('',#3311,1.);
#1996=VECTOR('',#3312,1.);
#1997=VECTOR('',#3313,1.);
#1998=VECTOR('',#3320,1.);
#1999=VECTOR('',#3323,1.);
#2000=VECTOR('',#3324,1.);
#2001=VECTOR('',#3325,1.);
#2002=VECTOR('',#3334,1.);
#2003=VECTOR('',#3335,1.);
#2004=VECTOR('',#3338,1.);
#2005=VECTOR('',#3341,1.);
#2006=VECTOR('',#3344,1.);
#2007=VECTOR('',#3347,1.);
#2008=VECTOR('',#3348,1.);
#2009=VECTOR('',#3349,1.);
#2010=VECTOR('',#3352,1.);
#2011=VECTOR('',#3355,1.);
#2012=VECTOR('',#3358,1.);
#2013=VECTOR('',#3361,1.);
#2014=VECTOR('',#3364,1.);
#2015=VECTOR('',#3365,1.);
#2016=VECTOR('',#3368,1.);
#2017=VECTOR('',#3371,1.);
#2018=VECTOR('',#3374,1.);
#2019=VECTOR('',#3377,1.);
#2020=VECTOR('',#3378,1.);
#2021=VECTOR('',#3379,1.);
#2022=VECTOR('',#3382,1.);
#2023=VECTOR('',#3385,1.);
#2024=VECTOR('',#3388,1.);
#2025=VECTOR('',#3391,1.);
#2026=VECTOR('',#3394,1.);
#2027=VECTOR('',#3395,1.);
#2028=VECTOR('',#3398,1.);
#2029=VECTOR('',#3401,1.);
#2030=VECTOR('',#3404,1.);
#2031=VECTOR('',#3407,1.);
#2032=VECTOR('',#3410,1.);
#2033=VECTOR('',#3413,1.);
#2034=VECTOR('',#3416,1.);
#2035=VECTOR('',#3419,1.);
#2036=VECTOR('',#3422,1.);
#2037=VECTOR('',#3425,1.);
#2038=VECTOR('',#3428,1.);
#2039=VECTOR('',#3431,1.);
#2040=VECTOR('',#3434,1.);
#2041=VECTOR('',#3437,1.);
#2042=VECTOR('',#3440,1.);
#2043=VECTOR('',#3443,1.);
#2044=VECTOR('',#3446,1.);
#2045=VECTOR('',#3449,1.);
#2046=VECTOR('',#3462,1.);
#2047=VECTOR('',#3463,1.);
#2048=VECTOR('',#3464,1.);
#2049=VECTOR('',#3465,1.);
#2050=VECTOR('',#3466,1.);
#2051=VECTOR('',#3467,1.);
#2052=VECTOR('',#3468,1.);
#2053=VECTOR('',#3469,1.);
#2054=VECTOR('',#3472,1.);
#2055=VECTOR('',#3473,1.);
#2056=VECTOR('',#3474,1.);
#2057=VECTOR('',#3475,1.);
#2058=VECTOR('',#3476,1.);
#2059=VECTOR('',#3477,1.);
#2060=VECTOR('',#3478,1.);
#2061=VECTOR('',#3479,1.);
#2062=VECTOR('',#3480,1.);
#2063=VECTOR('',#3481,1.);
#2064=VECTOR('',#3482,1.);
#2065=VECTOR('',#3483,1.);
#2066=VECTOR('',#3484,1.);
#2067=VECTOR('',#3485,1.);
#2068=VECTOR('',#3488,1.);
#2069=VECTOR('',#3489,1.);
#2070=VECTOR('',#3490,1.);
#2071=VECTOR('',#3491,1.);
#2072=VECTOR('',#3492,1.);
#2073=VECTOR('',#3493,1.);
#2074=VECTOR('',#3496,1.);
#2075=VECTOR('',#3497,1.);
#2076=VECTOR('',#3498,1.);
#2077=VECTOR('',#3499,1.);
#2078=VECTOR('',#3500,1.);
#2079=VECTOR('',#3501,1.);
#2080=VECTOR('',#3502,1.);
#2081=VECTOR('',#3503,1.);
#2082=VECTOR('',#3506,1.);
#2083=VECTOR('',#3507,1.);
#2084=VECTOR('',#3508,1.);
#2085=VECTOR('',#3509,1.);
#2086=VECTOR('',#3510,1.);
#2087=VECTOR('',#3511,1.);
#2088=VECTOR('',#3514,1.);
#2089=VECTOR('',#3515,1.);
#2090=VECTOR('',#3516,1.);
#2091=VECTOR('',#3517,1.);
#2092=VECTOR('',#3518,1.);
#2093=VECTOR('',#3519,1.);
#2094=VECTOR('',#3522,1.);
#2095=VECTOR('',#3523,1.);
#2096=VECTOR('',#3524,1.);
#2097=VECTOR('',#3525,1.);
#2098=VECTOR('',#3526,1.);
#2099=VECTOR('',#3527,1.);
#2100=VECTOR('',#3532,1.);
#2101=VECTOR('',#3533,1.);
#2102=VECTOR('',#3534,1.);
#2103=VECTOR('',#3535,1.);
#2104=VECTOR('',#3536,1.);
#2105=VECTOR('',#3537,1.);
#2106=VECTOR('',#3540,1.);
#2107=VECTOR('',#3541,1.);
#2108=VECTOR('',#3542,1.);
#2109=VECTOR('',#3543,1.);
#2110=VECTOR('',#3544,1.);
#2111=VECTOR('',#3545,1.);
#2112=VECTOR('',#3548,1.);
#2113=VECTOR('',#3549,1.);
#2114=VECTOR('',#3550,1.);
#2115=VECTOR('',#3551,1.);
#2116=VECTOR('',#3552,1.);
#2117=VECTOR('',#3553,1.);
#2118=VECTOR('',#3554,1.);
#2119=VECTOR('',#3555,1.);
#2120=VECTOR('',#3556,1.);
#2121=VECTOR('',#3557,1.);
#2122=VECTOR('',#3558,1.);
#2123=VECTOR('',#3559,1.);
#2124=VECTOR('',#3560,1.);
#2125=VECTOR('',#3561,1.);
#2126=VECTOR('',#3562,1.);
#2127=VECTOR('',#3563,1.);
#2128=VECTOR('',#3564,1.);
#2129=VECTOR('',#3565,1.);
#2130=VECTOR('',#3566,1.);
#2131=VECTOR('',#3567,1.);
#2132=VECTOR('',#3568,1.);
#2133=VECTOR('',#3569,1.);
#2134=VECTOR('',#3570,1.);
#2135=VECTOR('',#3571,1.);
#2136=VECTOR('',#3574,1.);
#2137=VECTOR('',#3575,1.);
#2138=VECTOR('',#3576,1.);
#2139=VECTOR('',#3579,1.);
#2140=VECTOR('',#3580,1.);
#2141=VECTOR('',#3583,1.);
#2142=VECTOR('',#3584,1.);
#2143=VECTOR('',#3587,1.);
#2144=VECTOR('',#3588,1.);
#2145=VECTOR('',#3589,1.);
#2146=VECTOR('',#3590,1.);
#2147=VECTOR('',#3591,1.);
#2148=VECTOR('',#3592,1.);
#2149=VECTOR('',#3595,1.);
#2150=VECTOR('',#3596,1.);
#2151=VECTOR('',#3599,1.);
#2152=VECTOR('',#3600,1.);
#2153=VECTOR('',#3601,1.);
#2154=VECTOR('',#3602,1.);
#2155=VECTOR('',#3603,1.);
#2156=VECTOR('',#3606,1.);
#2157=VECTOR('',#3607,1.);
#2158=VECTOR('',#3608,1.);
#2159=VECTOR('',#3613,1.);
#2160=VECTOR('',#3614,1.);
#2161=VECTOR('',#3615,1.);
#2162=VECTOR('',#3616,1.);
#2163=VECTOR('',#3617,1.);
#2164=VECTOR('',#3620,1.);
#2165=VECTOR('',#3621,1.);
#2166=VECTOR('',#3622,1.);
#2167=VECTOR('',#3625,1.);
#2168=VECTOR('',#3626,1.);
#2169=VECTOR('',#3627,1.);
#2170=VECTOR('',#3628,1.);
#2171=VECTOR('',#3631,1.);
#2172=VECTOR('',#3632,1.);
#2173=VECTOR('',#3633,1.);
#2174=VECTOR('',#3634,1.);
#2175=VECTOR('',#3635,1.);
#2176=VECTOR('',#3638,1.);
#2177=VECTOR('',#3639,1.);
#2178=VECTOR('',#3640,1.);
#2179=VECTOR('',#3641,1.);
#2180=VECTOR('',#3646,1.);
#2181=VECTOR('',#3647,1.);
#2182=VECTOR('',#3648,1.);
#2183=VECTOR('',#3651,1.);
#2184=VECTOR('',#3652,1.);
#2185=VECTOR('',#3653,1.);
#2186=VECTOR('',#3654,1.);
#2187=VECTOR('',#3657,1.);
#2188=VECTOR('',#3658,1.);
#2189=VECTOR('',#3659,1.);
#2190=VECTOR('',#3660,1.);
#2191=VECTOR('',#3665,1.);
#2192=VECTOR('',#3666,1.);
#2193=VECTOR('',#3667,1.);
#2194=VECTOR('',#3668,1.);
#2195=VECTOR('',#3671,1.);
#2196=VECTOR('',#3672,1.);
#2197=VECTOR('',#3675,1.);
#2198=VECTOR('',#3676,1.);
#2199=VECTOR('',#3681,1.);
#2200=VECTOR('',#3682,1.);
#2201=VECTOR('',#3683,1.);
#2202=VECTOR('',#3684,1.);
#2203=VECTOR('',#3685,1.);
#2204=VECTOR('',#3686,1.);
#2205=VECTOR('',#3689,1.);
#2206=VECTOR('',#3690,1.);
#2207=VECTOR('',#3691,1.);
#2208=VECTOR('',#3692,1.);
#2209=VECTOR('',#3693,1.);
#2210=VECTOR('',#3696,1.);
#2211=VECTOR('',#3697,1.);
#2212=VECTOR('',#3698,1.);
#2213=VECTOR('',#3699,1.);
#2214=VECTOR('',#3702,1.);
#2215=VECTOR('',#3703,1.);
#2216=VECTOR('',#3704,1.);
#2217=VECTOR('',#3705,1.);
#2218=VECTOR('',#3706,1.);
#2219=VECTOR('',#3709,1.);
#2220=VECTOR('',#3710,1.);
#2221=VECTOR('',#3711,1.);
#2222=VECTOR('',#3712,1.);
#2223=VECTOR('',#3715,1.);
#2224=VECTOR('',#3716,1.);
#2225=VECTOR('',#3717,1.);
#2226=VECTOR('',#3718,1.);
#2227=VECTOR('',#3721,1.);
#2228=VECTOR('',#3722,1.);
#2229=VECTOR('',#3723,1.);
#2230=VECTOR('',#3724,1.);
#2231=VECTOR('',#3727,1.);
#2232=VECTOR('',#3728,1.);
#2233=VECTOR('',#3731,1.);
#2234=VECTOR('',#3734,1.);
#2235=VECTOR('',#3737,1.);
#2236=VECTOR('',#3740,1.);
#2237=VECTOR('',#3743,1.);
#2238=VECTOR('',#3746,1.);
#2239=VECTOR('',#3749,1.);
#2240=VECTOR('',#3752,1.);
#2241=VECTOR('',#3757,1.);
#2242=VECTOR('',#3758,1.);
#2243=VECTOR('',#3761,1.);
#2244=VECTOR('',#3762,1.);
#2245=VECTOR('',#3765,1.);
#2246=VECTOR('',#3768,1.);
#2247=VECTOR('',#3769,1.);
#2248=VECTOR('',#3772,1.);
#2249=VECTOR('',#3775,1.);
#2250=VECTOR('',#3778,1.);
#2251=VECTOR('',#3781,1.);
#2252=VECTOR('',#3784,1.);
#2253=VECTOR('',#3787,1.);
#2254=VECTOR('',#3788,1.);
#2255=VECTOR('',#3791,1.);
#2256=VECTOR('',#3792,1.);
#2257=VECTOR('',#3795,1.);
#2258=VECTOR('',#3798,1.);
#2259=VECTOR('',#3799,1.);
#2260=VECTOR('',#3802,1.);
#2261=VECTOR('',#3805,1.);
#2262=VECTOR('',#3808,1.);
#2263=VECTOR('',#3811,1.);
#2264=VECTOR('',#3814,1.);
#2265=VECTOR('',#3819,1.);
#2266=VECTOR('',#3820,1.);
#2267=VECTOR('',#3823,1.);
#2268=VECTOR('',#3826,1.);
#2269=VECTOR('',#3829,1.);
#2270=VECTOR('',#3832,1.);
#2271=VECTOR('',#3835,1.);
#2272=VECTOR('',#3838,1.);
#2273=VECTOR('',#3841,1.);
#2274=VECTOR('',#3844,1.);
#2275=VECTOR('',#3849,1.);
#2276=VECTOR('',#3850,1.);
#2277=VECTOR('',#3853,1.);
#2278=VECTOR('',#3856,1.);
#2279=VECTOR('',#3861,1.);
#2280=VECTOR('',#3862,1.);
#2281=VECTOR('',#3865,1.);
#2282=VECTOR('',#3868,1.);
#2283=VECTOR('',#3871,1.);
#2284=VECTOR('',#3874,1.);
#2285=VECTOR('',#3877,1.);
#2286=VECTOR('',#3880,1.);
#2287=VECTOR('',#3883,1.);
#2288=VECTOR('',#3886,1.);
#2289=EDGE_LOOP('',(#98,#99,#100,#101));
#2290=EDGE_LOOP('',(#102,#103,#104,#105));
#2291=EDGE_LOOP('',(#106,#107,#108,#109));
#2292=EDGE_LOOP('',(#110,#111,#112,#113));
#2293=EDGE_LOOP('',(#114,#115,#116,#117));
#2294=EDGE_LOOP('',(#118,#119,#120,#121));
#2295=EDGE_LOOP('',(#122,#123,#124,#125));
#2296=EDGE_LOOP('',(#126,#127,#128,#129));
#2297=EDGE_LOOP('',(#130,#131,#132,#133));
#2298=EDGE_LOOP('',(#134,#135,#136,#137));
#2299=EDGE_LOOP('',(#138,#139,#140,#141));
#2300=EDGE_LOOP('',(#142,#143,#144,#145));
#2301=EDGE_LOOP('',(#146,#147,#148,#149));
#2302=EDGE_LOOP('',(#150,#151,#152,#153));
#2303=EDGE_LOOP('',(#154,#155,#156,#157));
#2304=EDGE_LOOP('',(#158,#159,#160,#161));
#2305=EDGE_LOOP('',(#162,#163,#164,#165));
#2306=EDGE_LOOP('',(#166,#167,#168,#169));
#2307=EDGE_LOOP('',(#170,#171,#172,#173));
#2308=EDGE_LOOP('',(#174,#175,#176,#177));
#2309=EDGE_LOOP('',(#178,#179,#180,#181));
#2310=EDGE_LOOP('',(#182,#183,#184,#185));
#2311=EDGE_LOOP('',(#186,#187,#188,#189));
#2312=EDGE_LOOP('',(#190,#191,#192,#193));
#2313=EDGE_LOOP('',(#194,#195,#196,#197));
#2314=EDGE_LOOP('',(#198,#199,#200,#201));
#2315=EDGE_LOOP('',(#202,#203,#204,#205));
#2316=EDGE_LOOP('',(#206,#207,#208,#209));
#2317=EDGE_LOOP('',(#210,#211,#212,#213));
#2318=EDGE_LOOP('',(#214,#215,#216,#217));
#2319=EDGE_LOOP('',(#218,#219,#220,#221));
#2320=EDGE_LOOP('',(#222,#223,#224,#225));
#2321=EDGE_LOOP('',(#226,#227,#228,#229,#230,#231,#232,#233,#234,#235,#236,
#237,#238,#239,#240,#241,#242,#243,#244,#245));
#2322=EDGE_LOOP('',(#246,#247,#248,#249,#250,#251,#252,#253,#254,#255,#256,
#257,#258,#259,#260,#261,#262,#263,#264,#265));
#2323=EDGE_LOOP('',(#266,#267,#268,#269));
#2324=EDGE_LOOP('',(#270,#271,#272,#273));
#2325=EDGE_LOOP('',(#274,#275,#276,#277));
#2326=EDGE_LOOP('',(#278,#279,#280,#281));
#2327=EDGE_LOOP('',(#282,#283,#284,#285));
#2328=EDGE_LOOP('',(#286,#287,#288,#289));
#2329=EDGE_LOOP('',(#290,#291,#292,#293));
#2330=EDGE_LOOP('',(#294,#295,#296,#297));
#2331=EDGE_LOOP('',(#298,#299,#300,#301));
#2332=EDGE_LOOP('',(#302,#303,#304,#305));
#2333=EDGE_LOOP('',(#306,#307,#308,#309));
#2334=EDGE_LOOP('',(#310,#311,#312,#313));
#2335=EDGE_LOOP('',(#314,#315,#316,#317));
#2336=EDGE_LOOP('',(#318,#319,#320,#321));
#2337=EDGE_LOOP('',(#322,#323,#324,#325));
#2338=EDGE_LOOP('',(#326,#327,#328,#329));
#2339=EDGE_LOOP('',(#330,#331,#332,#333));
#2340=EDGE_LOOP('',(#334,#335,#336,#337));
#2341=EDGE_LOOP('',(#338,#339,#340,#341));
#2342=EDGE_LOOP('',(#342,#343,#344,#345));
#2343=EDGE_LOOP('',(#346,#347,#348,#349));
#2344=EDGE_LOOP('',(#350,#351,#352,#353));
#2345=EDGE_LOOP('',(#354,#355,#356,#357));
#2346=EDGE_LOOP('',(#358,#359,#360,#361));
#2347=EDGE_LOOP('',(#362,#363,#364,#365));
#2348=EDGE_LOOP('',(#366,#367,#368,#369));
#2349=EDGE_LOOP('',(#370,#371,#372,#373));
#2350=EDGE_LOOP('',(#374,#375,#376,#377));
#2351=EDGE_LOOP('',(#378,#379,#380,#381));
#2352=EDGE_LOOP('',(#382,#383,#384,#385));
#2353=EDGE_LOOP('',(#386,#387,#388,#389));
#2354=EDGE_LOOP('',(#390,#391,#392,#393));
#2355=EDGE_LOOP('',(#394,#395,#396,#397));
#2356=EDGE_LOOP('',(#398,#399,#400,#401));
#2357=EDGE_LOOP('',(#402,#403,#404,#405));
#2358=EDGE_LOOP('',(#406,#407,#408,#409));
#2359=EDGE_LOOP('',(#410));
#2360=EDGE_LOOP('',(#411));
#2361=EDGE_LOOP('',(#412,#413,#414,#415,#416,#417,#418,#419));
#2362=EDGE_LOOP('',(#420,#421,#422,#423,#424,#425,#426,#427,#428,#429));
#2363=EDGE_LOOP('',(#430,#431,#432,#433));
#2364=EDGE_LOOP('',(#434,#435,#436,#437,#438,#439));
#2365=EDGE_LOOP('',(#440,#441,#442,#443,#444,#445,#446,#447));
#2366=EDGE_LOOP('',(#448,#449,#450,#451,#452,#453));
#2367=EDGE_LOOP('',(#454,#455,#456,#457,#458,#459));
#2368=EDGE_LOOP('',(#460,#461,#462,#463,#464,#465));
#2369=EDGE_LOOP('',(#466));
#2370=EDGE_LOOP('',(#467,#468,#469,#470,#471,#472));
#2371=EDGE_LOOP('',(#473,#474,#475,#476,#477,#478));
#2372=EDGE_LOOP('',(#479,#480,#481,#482,#483,#484,#485,#486,#487,#488));
#2373=EDGE_LOOP('',(#489,#490,#491,#492,#493,#494,#495,#496,#497,#498));
#2374=EDGE_LOOP('',(#499,#500,#501,#502));
#2375=EDGE_LOOP('',(#503,#504,#505,#506));
#2376=EDGE_LOOP('',(#507));
#2377=EDGE_LOOP('',(#508,#509,#510,#511));
#2378=EDGE_LOOP('',(#512,#513,#514,#515,#516,#517));
#2379=EDGE_LOOP('',(#518,#519,#520,#521,#522,#523));
#2380=EDGE_LOOP('',(#524,#525,#526,#527,#528,#529));
#2381=EDGE_LOOP('',(#530,#531,#532,#533,#534));
#2382=EDGE_LOOP('',(#535,#536,#537,#538));
#2383=EDGE_LOOP('',(#539));
#2384=EDGE_LOOP('',(#540,#541,#542,#543,#544,#545));
#2385=EDGE_LOOP('',(#546,#547,#548,#549));
#2386=EDGE_LOOP('',(#550,#551,#552,#553,#554));
#2387=EDGE_LOOP('',(#555,#556,#557,#558,#559,#560));
#2388=EDGE_LOOP('',(#561,#562,#563,#564,#565));
#2389=EDGE_LOOP('',(#566));
#2390=EDGE_LOOP('',(#567,#568,#569,#570));
#2391=EDGE_LOOP('',(#571,#572,#573,#574,#575));
#2392=EDGE_LOOP('',(#576,#577,#578,#579,#580,#581));
#2393=EDGE_LOOP('',(#582));
#2394=EDGE_LOOP('',(#583,#584,#585,#586,#587,#588));
#2395=EDGE_LOOP('',(#589,#590,#591,#592,#593));
#2396=EDGE_LOOP('',(#594,#595,#596,#597,#598));
#2397=EDGE_LOOP('',(#599));
#2398=EDGE_LOOP('',(#600,#601,#602,#603,#604,#605));
#2399=EDGE_LOOP('',(#606,#607,#608,#609,#610,#611));
#2400=EDGE_LOOP('',(#612,#613,#614,#615,#616,#617));
#2401=EDGE_LOOP('',(#618,#619,#620,#621,#622,#623));
#2402=EDGE_LOOP('',(#624,#625,#626,#627,#628,#629));
#2403=EDGE_LOOP('',(#630,#631,#632,#633,#634,#635));
#2404=EDGE_LOOP('',(#636,#637,#638,#639,#640,#641));
#2405=EDGE_LOOP('',(#642,#643,#644,#645,#646,#647));
#2406=EDGE_LOOP('',(#648,#649,#650,#651,#652));
#2407=EDGE_LOOP('',(#653,#654,#655,#656,#657));
#2408=EDGE_LOOP('',(#658,#659,#660,#661,#662));
#2409=EDGE_LOOP('',(#663,#664,#665,#666,#667));
#2410=EDGE_LOOP('',(#668,#669,#670,#671,#672));
#2411=EDGE_LOOP('',(#673,#674,#675,#676,#677));
#2412=EDGE_LOOP('',(#678,#679,#680,#681,#682));
#2413=EDGE_LOOP('',(#683,#684,#685,#686,#687));
#2414=EDGE_LOOP('',(#688,#689,#690,#691));
#2415=EDGE_LOOP('',(#692,#693,#694,#695,#696,#697));
#2416=EDGE_LOOP('',(#698,#699,#700,#701));
#2417=EDGE_LOOP('',(#702,#703,#704,#705,#706));
#2418=EDGE_LOOP('',(#707,#708,#709,#710));
#2419=EDGE_LOOP('',(#711,#712,#713,#714,#715));
#2420=EDGE_LOOP('',(#716,#717,#718));
#2421=EDGE_LOOP('',(#719,#720,#721,#722,#723));
#2422=EDGE_LOOP('',(#724,#725,#726,#727,#728));
#2423=EDGE_LOOP('',(#729,#730,#731));
#2424=EDGE_LOOP('',(#732,#733,#734,#735));
#2425=EDGE_LOOP('',(#736,#737,#738,#739,#740,#741,#742,#743));
#2426=EDGE_LOOP('',(#744,#745,#746,#747,#748,#749));
#2427=EDGE_LOOP('',(#750,#751,#752,#753,#754,#755));
#2428=EDGE_LOOP('',(#756,#757,#758,#759,#760,#761,#762,#763));
#2429=EDGE_LOOP('',(#764,#765,#766,#767,#768,#769));
#2430=EDGE_LOOP('',(#770,#771,#772,#773,#774,#775));
#2431=EDGE_LOOP('',(#776,#777,#778,#779,#780));
#2432=EDGE_LOOP('',(#781,#782,#783,#784,#785));
#2433=EDGE_LOOP('',(#786,#787,#788,#789,#790,#791));
#2434=EDGE_LOOP('',(#792,#793,#794,#795,#796,#797));
#2435=EDGE_LOOP('',(#798,#799,#800,#801));
#2436=EDGE_LOOP('',(#802,#803,#804,#805,#806));
#2437=EDGE_LOOP('',(#807,#808,#809,#810,#811,#812));
#2438=EDGE_LOOP('',(#813,#814,#815,#816));
#2439=EDGE_LOOP('',(#817,#818,#819,#820,#821));
#2440=EDGE_LOOP('',(#822,#823,#824,#825,#826));
#2441=EDGE_LOOP('',(#827,#828,#829,#830));
#2442=EDGE_LOOP('',(#831,#832,#833,#834,#835,#836));
#2443=EDGE_LOOP('',(#837,#838,#839,#840,#841));
#2444=EDGE_LOOP('',(#842,#843,#844,#845));
#2445=EDGE_LOOP('',(#846,#847,#848,#849,#850,#851,#852));
#2446=EDGE_LOOP('',(#853,#854,#855,#856,#857,#858,#859));
#2447=EDGE_LOOP('',(#860,#861,#862,#863));
#2448=EDGE_LOOP('',(#864,#865,#866,#867));
#2449=EDGE_LOOP('',(#868,#869,#870,#871));
#2450=EDGE_LOOP('',(#872,#873,#874,#875));
#2451=EDGE_LOOP('',(#876,#877,#878,#879));
#2452=EDGE_LOOP('',(#880,#881,#882,#883));
#2453=EDGE_LOOP('',(#884,#885,#886,#887));
#2454=EDGE_LOOP('',(#888,#889,#890,#891));
#2455=EDGE_LOOP('',(#892,#893,#894,#895));
#2456=EDGE_LOOP('',(#896,#897,#898,#899));
#2457=EDGE_LOOP('',(#900,#901,#902,#903));
#2458=EDGE_LOOP('',(#904));
#2459=EDGE_LOOP('',(#905));
#2460=EDGE_LOOP('',(#906));
#2461=EDGE_LOOP('',(#907));
#2462=EDGE_LOOP('',(#908));
#2463=EDGE_LOOP('',(#909));
#2464=EDGE_LOOP('',(#910));
#2465=EDGE_LOOP('',(#911));
#2466=FACE_BOUND('',#2289,.T.);
#2467=FACE_BOUND('',#2290,.T.);
#2468=FACE_BOUND('',#2291,.T.);
#2469=FACE_BOUND('',#2292,.T.);
#2470=FACE_BOUND('',#2293,.T.);
#2471=FACE_BOUND('',#2294,.T.);
#2472=FACE_BOUND('',#2295,.T.);
#2473=FACE_BOUND('',#2296,.T.);
#2474=FACE_BOUND('',#2297,.T.);
#2475=FACE_BOUND('',#2298,.T.);
#2476=FACE_BOUND('',#2299,.T.);
#2477=FACE_BOUND('',#2300,.T.);
#2478=FACE_BOUND('',#2301,.T.);
#2479=FACE_BOUND('',#2302,.T.);
#2480=FACE_BOUND('',#2303,.T.);
#2481=FACE_BOUND('',#2304,.T.);
#2482=FACE_BOUND('',#2305,.T.);
#2483=FACE_BOUND('',#2306,.T.);
#2484=FACE_BOUND('',#2307,.T.);
#2485=FACE_BOUND('',#2308,.T.);
#2486=FACE_BOUND('',#2309,.T.);
#2487=FACE_BOUND('',#2310,.T.);
#2488=FACE_BOUND('',#2311,.T.);
#2489=FACE_BOUND('',#2312,.T.);
#2490=FACE_BOUND('',#2313,.T.);
#2491=FACE_BOUND('',#2314,.T.);
#2492=FACE_BOUND('',#2315,.T.);
#2493=FACE_BOUND('',#2316,.T.);
#2494=FACE_BOUND('',#2317,.T.);
#2495=FACE_BOUND('',#2318,.T.);
#2496=FACE_BOUND('',#2319,.T.);
#2497=FACE_BOUND('',#2320,.T.);
#2498=FACE_BOUND('',#2321,.T.);
#2499=FACE_BOUND('',#2322,.T.);
#2500=FACE_BOUND('',#2323,.T.);
#2501=FACE_BOUND('',#2324,.T.);
#2502=FACE_BOUND('',#2325,.T.);
#2503=FACE_BOUND('',#2326,.T.);
#2504=FACE_BOUND('',#2327,.T.);
#2505=FACE_BOUND('',#2328,.T.);
#2506=FACE_BOUND('',#2329,.T.);
#2507=FACE_BOUND('',#2330,.T.);
#2508=FACE_BOUND('',#2331,.T.);
#2509=FACE_BOUND('',#2332,.T.);
#2510=FACE_BOUND('',#2333,.T.);
#2511=FACE_BOUND('',#2334,.T.);
#2512=FACE_BOUND('',#2335,.T.);
#2513=FACE_BOUND('',#2336,.T.);
#2514=FACE_BOUND('',#2337,.T.);
#2515=FACE_BOUND('',#2338,.T.);
#2516=FACE_BOUND('',#2339,.T.);
#2517=FACE_BOUND('',#2340,.T.);
#2518=FACE_BOUND('',#2341,.T.);
#2519=FACE_BOUND('',#2342,.T.);
#2520=FACE_BOUND('',#2343,.T.);
#2521=FACE_BOUND('',#2344,.T.);
#2522=FACE_BOUND('',#2345,.T.);
#2523=FACE_BOUND('',#2346,.T.);
#2524=FACE_BOUND('',#2347,.T.);
#2525=FACE_BOUND('',#2348,.T.);
#2526=FACE_BOUND('',#2349,.T.);
#2527=FACE_BOUND('',#2350,.T.);
#2528=FACE_BOUND('',#2351,.T.);
#2529=FACE_BOUND('',#2352,.T.);
#2530=FACE_BOUND('',#2353,.T.);
#2531=FACE_BOUND('',#2354,.T.);
#2532=FACE_BOUND('',#2355,.T.);
#2533=FACE_BOUND('',#2356,.T.);
#2534=FACE_BOUND('',#2357,.T.);
#2535=FACE_BOUND('',#2358,.T.);
#2536=FACE_BOUND('',#2359,.T.);
#2537=FACE_BOUND('',#2360,.T.);
#2538=FACE_BOUND('',#2361,.T.);
#2539=FACE_BOUND('',#2362,.T.);
#2540=FACE_BOUND('',#2363,.T.);
#2541=FACE_BOUND('',#2364,.T.);
#2542=FACE_BOUND('',#2365,.T.);
#2543=FACE_BOUND('',#2366,.T.);
#2544=FACE_BOUND('',#2367,.T.);
#2545=FACE_BOUND('',#2368,.T.);
#2546=FACE_BOUND('',#2369,.T.);
#2547=FACE_BOUND('',#2370,.T.);
#2548=FACE_BOUND('',#2371,.T.);
#2549=FACE_BOUND('',#2372,.T.);
#2550=FACE_BOUND('',#2373,.T.);
#2551=FACE_BOUND('',#2374,.T.);
#2552=FACE_BOUND('',#2375,.T.);
#2553=FACE_BOUND('',#2376,.T.);
#2554=FACE_BOUND('',#2377,.T.);
#2555=FACE_BOUND('',#2378,.T.);
#2556=FACE_BOUND('',#2379,.T.);
#2557=FACE_BOUND('',#2380,.T.);
#2558=FACE_BOUND('',#2381,.T.);
#2559=FACE_BOUND('',#2382,.T.);
#2560=FACE_BOUND('',#2383,.T.);
#2561=FACE_BOUND('',#2384,.T.);
#2562=FACE_BOUND('',#2385,.T.);
#2563=FACE_BOUND('',#2386,.T.);
#2564=FACE_BOUND('',#2387,.T.);
#2565=FACE_BOUND('',#2388,.T.);
#2566=FACE_BOUND('',#2389,.T.);
#2567=FACE_BOUND('',#2390,.T.);
#2568=FACE_BOUND('',#2391,.T.);
#2569=FACE_BOUND('',#2392,.T.);
#2570=FACE_BOUND('',#2393,.T.);
#2571=FACE_BOUND('',#2394,.T.);
#2572=FACE_BOUND('',#2395,.T.);
#2573=FACE_BOUND('',#2396,.T.);
#2574=FACE_BOUND('',#2397,.T.);
#2575=FACE_BOUND('',#2398,.T.);
#2576=FACE_BOUND('',#2399,.T.);
#2577=FACE_BOUND('',#2400,.T.);
#2578=FACE_BOUND('',#2401,.T.);
#2579=FACE_BOUND('',#2402,.T.);
#2580=FACE_BOUND('',#2403,.T.);
#2581=FACE_BOUND('',#2404,.T.);
#2582=FACE_BOUND('',#2405,.T.);
#2583=FACE_BOUND('',#2406,.T.);
#2584=FACE_BOUND('',#2407,.T.);
#2585=FACE_BOUND('',#2408,.T.);
#2586=FACE_BOUND('',#2409,.T.);
#2587=FACE_BOUND('',#2410,.T.);
#2588=FACE_BOUND('',#2411,.T.);
#2589=FACE_BOUND('',#2412,.T.);
#2590=FACE_BOUND('',#2413,.T.);
#2591=FACE_BOUND('',#2414,.T.);
#2592=FACE_BOUND('',#2415,.T.);
#2593=FACE_BOUND('',#2416,.T.);
#2594=FACE_BOUND('',#2417,.T.);
#2595=FACE_BOUND('',#2418,.T.);
#2596=FACE_BOUND('',#2419,.T.);
#2597=FACE_BOUND('',#2420,.T.);
#2598=FACE_BOUND('',#2421,.T.);
#2599=FACE_BOUND('',#2422,.T.);
#2600=FACE_BOUND('',#2423,.T.);
#2601=FACE_BOUND('',#2424,.T.);
#2602=FACE_BOUND('',#2425,.T.);
#2603=FACE_BOUND('',#2426,.T.);
#2604=FACE_BOUND('',#2427,.T.);
#2605=FACE_BOUND('',#2428,.T.);
#2606=FACE_BOUND('',#2429,.T.);
#2607=FACE_BOUND('',#2430,.T.);
#2608=FACE_BOUND('',#2431,.T.);
#2609=FACE_BOUND('',#2432,.T.);
#2610=FACE_BOUND('',#2433,.T.);
#2611=FACE_BOUND('',#2434,.T.);
#2612=FACE_BOUND('',#2435,.T.);
#2613=FACE_BOUND('',#2436,.T.);
#2614=FACE_BOUND('',#2437,.T.);
#2615=FACE_BOUND('',#2438,.T.);
#2616=FACE_BOUND('',#2439,.T.);
#2617=FACE_BOUND('',#2440,.T.);
#2618=FACE_BOUND('',#2441,.T.);
#2619=FACE_BOUND('',#2442,.T.);
#2620=FACE_BOUND('',#2443,.T.);
#2621=FACE_BOUND('',#2444,.T.);
#2622=FACE_BOUND('',#2445,.T.);
#2623=FACE_BOUND('',#2446,.T.);
#2624=FACE_BOUND('',#2447,.T.);
#2625=FACE_BOUND('',#2448,.T.);
#2626=FACE_BOUND('',#2449,.T.);
#2627=FACE_BOUND('',#2450,.T.);
#2628=FACE_BOUND('',#2451,.T.);
#2629=FACE_BOUND('',#2452,.T.);
#2630=FACE_BOUND('',#2453,.T.);
#2631=FACE_BOUND('',#2454,.T.);
#2632=FACE_BOUND('',#2455,.T.);
#2633=FACE_BOUND('',#2456,.T.);
#2634=FACE_BOUND('',#2457,.T.);
#2635=FACE_BOUND('',#2458,.T.);
#2636=FACE_BOUND('',#2459,.T.);
#2637=FACE_BOUND('',#2460,.T.);
#2638=FACE_BOUND('',#2461,.T.);
#2639=FACE_BOUND('',#2462,.T.);
#2640=FACE_BOUND('',#2463,.T.);
#2641=FACE_BOUND('',#2464,.T.);
#2642=FACE_BOUND('',#2465,.T.);
#2643=PLANE('',#2934);
#2644=PLANE('',#2938);
#2645=PLANE('',#2942);
#2646=PLANE('',#2946);
#2647=PLANE('',#2950);
#2648=PLANE('',#2954);
#2649=PLANE('',#2958);
#2650=PLANE('',#2962);
#2651=PLANE('',#2966);
#2652=PLANE('',#2970);
#2653=PLANE('',#2974);
#2654=PLANE('',#2978);
#2655=PLANE('',#2982);
#2656=PLANE('',#2986);
#2657=PLANE('',#2990);
#2658=PLANE('',#2994);
#2659=PLANE('',#2998);
#2660=PLANE('',#3007);
#2661=PLANE('',#3016);
#2662=PLANE('',#3018);
#2663=PLANE('',#3020);
#2664=PLANE('',#3022);
#2665=PLANE('',#3024);
#2666=PLANE('',#3025);
#2667=PLANE('',#3026);
#2668=PLANE('',#3028);
#2669=PLANE('',#3030);
#2670=PLANE('',#3032);
#2671=PLANE('',#3034);
#2672=PLANE('',#3035);
#2673=PLANE('',#3040);
#2674=PLANE('',#3041);
#2675=PLANE('',#3042);
#2676=PLANE('',#3043);
#2677=PLANE('',#3044);
#2678=PLANE('',#3045);
#2679=PLANE('',#3046);
#2680=PLANE('',#3047);
#2681=PLANE('',#3049);
#2682=PLANE('',#3050);
#2683=PLANE('',#3051);
#2684=PLANE('',#3052);
#2685=PLANE('',#3053);
#2686=PLANE('',#3054);
#2687=PLANE('',#3055);
#2688=PLANE('',#3056);
#2689=PLANE('',#3057);
#2690=PLANE('',#3058);
#2691=PLANE('',#3060);
#2692=PLANE('',#3061);
#2693=PLANE('',#3062);
#2694=PLANE('',#3063);
#2695=PLANE('',#3064);
#2696=PLANE('',#3066);
#2697=PLANE('',#3067);
#2698=PLANE('',#3068);
#2699=PLANE('',#3070);
#2700=PLANE('',#3071);
#2701=PLANE('',#3072);
#2702=PLANE('',#3074);
#2703=PLANE('',#3075);
#2704=PLANE('',#3076);
#2705=PLANE('',#3077);
#2706=PLANE('',#3078);
#2707=PLANE('',#3079);
#2708=PLANE('',#3080);
#2709=PLANE('',#3081);
#2710=PLANE('',#3082);
#2711=PLANE('',#3083);
#2712=PLANE('',#3084);
#2713=PLANE('',#3085);
#2714=PLANE('',#3086);
#2715=PLANE('',#3087);
#2716=PLANE('',#3088);
#2717=PLANE('',#3089);
#2718=PLANE('',#3090);
#2719=PLANE('',#3091);
#2720=PLANE('',#3092);
#2721=PLANE('',#3093);
#2722=PLANE('',#3094);
#2723=PLANE('',#3095);
#2724=PLANE('',#3096);
#2725=PLANE('',#3097);
#2726=PLANE('',#3098);
#2727=PLANE('',#3099);
#2728=PLANE('',#3100);
#2729=PLANE('',#3101);
#2730=PLANE('',#3102);
#2731=PLANE('',#3103);
#2732=PLANE('',#3104);
#2733=PLANE('',#3105);
#2734=PLANE('',#3106);
#2735=PLANE('',#3107);
#2736=PLANE('',#3108);
#2737=PLANE('',#3109);
#2738=PLANE('',#3110);
#2739=PLANE('',#3111);
#2740=PLANE('',#3112);
#2741=PLANE('',#3113);
#2742=PLANE('',#3114);
#2743=PLANE('',#3115);
#2744=PLANE('',#3116);
#2745=PLANE('',#3117);
#2746=PLANE('',#3118);
#2747=PLANE('',#3119);
#2748=PLANE('',#3120);
#2749=PLANE('',#3121);
#2750=PLANE('',#3122);
#2751=PLANE('',#3123);
#2752=PLANE('',#3124);
#2753=PLANE('',#3125);
#2754=PLANE('',#3126);
#2755=PLANE('',#3127);
#2756=PLANE('',#3128);
#2757=PLANE('',#3129);
#2758=PLANE('',#3130);
#2759=PLANE('',#3131);
#2760=PLANE('',#3132);
#2761=PLANE('',#3133);
#2762=ADVANCED_FACE('',(#2466),#2643,.F.);
#2763=ADVANCED_FACE('',(#2467),#70,.F.);
#2764=ADVANCED_FACE('',(#2468),#2644,.F.);
#2765=ADVANCED_FACE('',(#2469),#71,.F.);
#2766=ADVANCED_FACE('',(#2470),#2645,.F.);
#2767=ADVANCED_FACE('',(#2471),#72,.F.);
#2768=ADVANCED_FACE('',(#2472),#2646,.F.);
#2769=ADVANCED_FACE('',(#2473),#73,.F.);
#2770=ADVANCED_FACE('',(#2474),#2647,.F.);
#2771=ADVANCED_FACE('',(#2475),#74,.F.);
#2772=ADVANCED_FACE('',(#2476),#2648,.F.);
#2773=ADVANCED_FACE('',(#2477),#75,.F.);
#2774=ADVANCED_FACE('',(#2478),#2649,.F.);
#2775=ADVANCED_FACE('',(#2479),#76,.F.);
#2776=ADVANCED_FACE('',(#2480),#2650,.F.);
#2777=ADVANCED_FACE('',(#2481),#77,.F.);
#2778=ADVANCED_FACE('',(#2482),#2651,.F.);
#2779=ADVANCED_FACE('',(#2483),#78,.F.);
#2780=ADVANCED_FACE('',(#2484),#2652,.F.);
#2781=ADVANCED_FACE('',(#2485),#79,.F.);
#2782=ADVANCED_FACE('',(#2486),#2653,.F.);
#2783=ADVANCED_FACE('',(#2487),#80,.F.);
#2784=ADVANCED_FACE('',(#2488),#2654,.F.);
#2785=ADVANCED_FACE('',(#2489),#81,.F.);
#2786=ADVANCED_FACE('',(#2490),#2655,.F.);
#2787=ADVANCED_FACE('',(#2491),#82,.F.);
#2788=ADVANCED_FACE('',(#2492),#2656,.F.);
#2789=ADVANCED_FACE('',(#2493),#83,.F.);
#2790=ADVANCED_FACE('',(#2494),#2657,.F.);
#2791=ADVANCED_FACE('',(#2495),#84,.F.);
#2792=ADVANCED_FACE('',(#2496),#2658,.F.);
#2793=ADVANCED_FACE('',(#2497),#85,.F.);
#2794=ADVANCED_FACE('',(#2498),#2659,.F.);
#2795=ADVANCED_FACE('',(#2499),#2660,.T.);
#2796=ADVANCED_FACE('',(#2500),#2661,.T.);
#2797=ADVANCED_FACE('',(#2501),#86,.T.);
#2798=ADVANCED_FACE('',(#2502),#2662,.T.);
#2799=ADVANCED_FACE('',(#2503),#87,.F.);
#2800=ADVANCED_FACE('',(#2504,#2505,#2506,#2507,#2508,#2509,#2510,#2511,
#2512),#2663,.T.);
#2801=ADVANCED_FACE('',(#2513),#88,.F.);
#2802=ADVANCED_FACE('',(#2514),#2664,.T.);
#2803=ADVANCED_FACE('',(#2515),#89,.T.);
#2804=ADVANCED_FACE('',(#2516),#2665,.T.);
#2805=ADVANCED_FACE('',(#2517),#2666,.T.);
#2806=ADVANCED_FACE('',(#2518),#2667,.T.);
#2807=ADVANCED_FACE('',(#2519),#90,.F.);
#2808=ADVANCED_FACE('',(#2520),#2668,.T.);
#2809=ADVANCED_FACE('',(#2521),#91,.T.);
#2810=ADVANCED_FACE('',(#2522,#2523,#2524,#2525,#2526,#2527,#2528,#2529,
#2530),#2669,.T.);
#2811=ADVANCED_FACE('',(#2531),#92,.T.);
#2812=ADVANCED_FACE('',(#2532),#2670,.T.);
#2813=ADVANCED_FACE('',(#2533),#93,.F.);
#2814=ADVANCED_FACE('',(#2534),#2671,.T.);
#2815=ADVANCED_FACE('',(#2535),#2672,.T.);
#2816=ADVANCED_FACE('',(#2536,#2537),#94,.F.);
#2817=ADVANCED_FACE('',(#2538),#2673,.F.);
#2818=ADVANCED_FACE('',(#2539,#2540),#2674,.F.);
#2819=ADVANCED_FACE('',(#2541),#2675,.T.);
#2820=ADVANCED_FACE('',(#2542),#2676,.F.);
#2821=ADVANCED_FACE('',(#2543),#2677,.F.);
#2822=ADVANCED_FACE('',(#2544),#2678,.T.);
#2823=ADVANCED_FACE('',(#2545),#2679,.T.);
#2824=ADVANCED_FACE('',(#2546,#2547),#2680,.F.);
#2825=ADVANCED_FACE('',(#2548),#2681,.T.);
#2826=ADVANCED_FACE('',(#2549,#2550,#2551),#2682,.T.);
#2827=ADVANCED_FACE('',(#2552),#2683,.F.);
#2828=ADVANCED_FACE('',(#2553,#2554),#2684,.F.);
#2829=ADVANCED_FACE('',(#2555),#2685,.T.);
#2830=ADVANCED_FACE('',(#2556),#2686,.F.);
#2831=ADVANCED_FACE('',(#2557),#2687,.F.);
#2832=ADVANCED_FACE('',(#2558),#2688,.F.);
#2833=ADVANCED_FACE('',(#2559),#2689,.F.);
#2834=ADVANCED_FACE('',(#2560,#2561),#2690,.F.);
#2835=ADVANCED_FACE('',(#2562),#2691,.F.);
#2836=ADVANCED_FACE('',(#2563),#2692,.F.);
#2837=ADVANCED_FACE('',(#2564),#2693,.F.);
#2838=ADVANCED_FACE('',(#2565),#2694,.F.);
#2839=ADVANCED_FACE('',(#2566,#2567),#2695,.F.);
#2840=ADVANCED_FACE('',(#2568),#2696,.F.);
#2841=ADVANCED_FACE('',(#2569),#2697,.F.);
#2842=ADVANCED_FACE('',(#2570,#2571),#2698,.T.);
#2843=ADVANCED_FACE('',(#2572),#2699,.F.);
#2844=ADVANCED_FACE('',(#2573),#2700,.T.);
#2845=ADVANCED_FACE('',(#2574,#2575),#2701,.T.);
#2846=ADVANCED_FACE('',(#2576),#2702,.F.);
#2847=ADVANCED_FACE('',(#2577),#2703,.F.);
#2848=ADVANCED_FACE('',(#2578),#2704,.T.);
#2849=ADVANCED_FACE('',(#2579),#2705,.T.);
#2850=ADVANCED_FACE('',(#2580),#2706,.F.);
#2851=ADVANCED_FACE('',(#2581),#2707,.F.);
#2852=ADVANCED_FACE('',(#2582),#2708,.T.);
#2853=ADVANCED_FACE('',(#2583),#2709,.T.);
#2854=ADVANCED_FACE('',(#2584),#2710,.T.);
#2855=ADVANCED_FACE('',(#2585),#2711,.F.);
#2856=ADVANCED_FACE('',(#2586),#2712,.F.);
#2857=ADVANCED_FACE('',(#2587),#2713,.F.);
#2858=ADVANCED_FACE('',(#2588),#2714,.T.);
#2859=ADVANCED_FACE('',(#2589),#2715,.F.);
#2860=ADVANCED_FACE('',(#2590),#2716,.T.);
#2861=ADVANCED_FACE('',(#2591),#2717,.F.);
#2862=ADVANCED_FACE('',(#2592),#2718,.T.);
#2863=ADVANCED_FACE('',(#2593),#2719,.F.);
#2864=ADVANCED_FACE('',(#2594),#2720,.T.);
#2865=ADVANCED_FACE('',(#2595),#2721,.F.);
#2866=ADVANCED_FACE('',(#2596),#2722,.F.);
#2867=ADVANCED_FACE('',(#2597),#2723,.T.);
#2868=ADVANCED_FACE('',(#2598),#2724,.F.);
#2869=ADVANCED_FACE('',(#2599),#2725,.F.);
#2870=ADVANCED_FACE('',(#2600),#2726,.T.);
#2871=ADVANCED_FACE('',(#2601),#2727,.T.);
#2872=ADVANCED_FACE('',(#2602),#2728,.T.);
#2873=ADVANCED_FACE('',(#2603),#2729,.T.);
#2874=ADVANCED_FACE('',(#2604),#2730,.T.);
#2875=ADVANCED_FACE('',(#2605),#2731,.F.);
#2876=ADVANCED_FACE('',(#2606),#2732,.F.);
#2877=ADVANCED_FACE('',(#2607),#2733,.T.);
#2878=ADVANCED_FACE('',(#2608),#2734,.F.);
#2879=ADVANCED_FACE('',(#2609),#2735,.T.);
#2880=ADVANCED_FACE('',(#2610),#2736,.T.);
#2881=ADVANCED_FACE('',(#2611),#2737,.T.);
#2882=ADVANCED_FACE('',(#2612),#2738,.T.);
#2883=ADVANCED_FACE('',(#2613),#2739,.T.);
#2884=ADVANCED_FACE('',(#2614),#2740,.T.);
#2885=ADVANCED_FACE('',(#2615),#2741,.T.);
#2886=ADVANCED_FACE('',(#2616),#2742,.T.);
#2887=ADVANCED_FACE('',(#2617),#2743,.T.);
#2888=ADVANCED_FACE('',(#2618),#2744,.T.);
#2889=ADVANCED_FACE('',(#2619),#2745,.T.);
#2890=ADVANCED_FACE('',(#2620),#2746,.T.);
#2891=ADVANCED_FACE('',(#2621),#2747,.F.);
#2892=ADVANCED_FACE('',(#2622),#2748,.T.);
#2893=ADVANCED_FACE('',(#2623),#2749,.T.);
#2894=ADVANCED_FACE('',(#2624),#2750,.F.);
#2895=ADVANCED_FACE('',(#2625),#2751,.F.);
#2896=ADVANCED_FACE('',(#2626),#2752,.F.);
#2897=ADVANCED_FACE('',(#2627),#2753,.F.);
#2898=ADVANCED_FACE('',(#2628),#2754,.F.);
#2899=ADVANCED_FACE('',(#2629),#2755,.F.);
#2900=ADVANCED_FACE('',(#2630),#2756,.F.);
#2901=ADVANCED_FACE('',(#2631),#2757,.F.);
#2902=ADVANCED_FACE('',(#2632),#2758,.F.);
#2903=ADVANCED_FACE('',(#2633),#2759,.F.);
#2904=ADVANCED_FACE('',(#2634),#2760,.F.);
#2905=ADVANCED_FACE('',(#2635,#2636),#2761,.T.);
#2906=ADVANCED_FACE('',(#2637,#2638),#95,.F.);
#2907=ADVANCED_FACE('',(#2639,#2640),#96,.F.);
#2908=ADVANCED_FACE('',(#2641,#2642),#97,.F.);
#2909=CLOSED_SHELL('',(#2762,#2763,#2764,#2765,#2766,#2767,#2768,#2769,
#2770,#2771,#2772,#2773,#2774,#2775,#2776,#2777,#2778,#2779,#2780,#2781,
#2782,#2783,#2784,#2785,#2786,#2787,#2788,#2789,#2790,#2791,#2792,#2793,
#2794,#2795,#2796,#2797,#2798,#2799,#2800,#2801,#2802,#2803,#2804,#2805,
#2806,#2807,#2808,#2809,#2810,#2811,#2812,#2813,#2814,#2815));
#2910=CLOSED_SHELL('',(#2816,#2817,#2818,#2819,#2820,#2821,#2822,#2823,
#2824,#2825,#2826,#2827,#2828,#2829,#2830,#2831,#2832,#2833,#2834,#2835,
#2836,#2837,#2838,#2839,#2840,#2841,#2842,#2843,#2844,#2845,#2846,#2847,
#2848,#2849,#2850,#2851,#2852,#2853,#2854,#2855,#2856,#2857,#2858,#2859,
#2860,#2861,#2862,#2863,#2864,#2865,#2866,#2867,#2868,#2869,#2870,#2871,
#2872,#2873,#2874,#2875,#2876,#2877,#2878,#2879,#2880,#2881,#2882,#2883,
#2884,#2885,#2886,#2887,#2888,#2889,#2890,#2891,#2892,#2893,#2894,#2895,
#2896,#2897,#2898,#2899,#2900,#2901,#2902,#2903,#2904,#2905,#2906,#2907,
#2908));
#2911=STYLED_ITEM('',(#2913),#2927);
#2912=STYLED_ITEM('',(#2914),#2928);
#2913=PRESENTATION_STYLE_ASSIGNMENT((#2915));
#2914=PRESENTATION_STYLE_ASSIGNMENT((#2916));
#2915=SURFACE_STYLE_USAGE(.BOTH.,#2917);
#2916=SURFACE_STYLE_USAGE(.BOTH.,#2918);
#2917=SURFACE_SIDE_STYLE('',(#2919));
#2918=SURFACE_SIDE_STYLE('',(#2920));
#2919=SURFACE_STYLE_FILL_AREA(#2921);
#2920=SURFACE_STYLE_FILL_AREA(#2922);
#2921=FILL_AREA_STYLE('',(#2923));
#2922=FILL_AREA_STYLE('',(#2924));
#2923=FILL_AREA_STYLE_COLOUR('',#2925);
#2924=FILL_AREA_STYLE_COLOUR('',#2926);
#2925=COLOUR_RGB('',0.898039215686275,0.917647058823529,0.929411764705882);
#2926=COLOUR_RGB('',0.647058823529412,0.647058823529412,0.647058823529412);
#2927=MANIFOLD_SOLID_BREP('DIN RAIL STEEL',#2909);
#2928=MANIFOLD_SOLID_BREP('raildinfiker',#2910);
#2929=SHAPE_DEFINITION_REPRESENTATION(#4735,#2931);
#2930=SHAPE_DEFINITION_REPRESENTATION(#4736,#2932);
#2931=SHAPE_REPRESENTATION('DIN RAIL STEEL',(#2933),#4725);
#2932=SHAPE_REPRESENTATION('raildinfiker',(#3036),#4726);
#2933=AXIS2_PLACEMENT_3D('',#3899,#3138,#3139);
#2934=AXIS2_PLACEMENT_3D('',#3900,#3140,#3141);
#2935=AXIS2_PLACEMENT_3D('',#3909,#3146,#3147);
#2936=AXIS2_PLACEMENT_3D('',#3910,#3148,#3149);
#2937=AXIS2_PLACEMENT_3D('',#3912,#3150,#3151);
#2938=AXIS2_PLACEMENT_3D('',#3915,#3153,#3154);
#2939=AXIS2_PLACEMENT_3D('',#3921,#3158,#3159);
#2940=AXIS2_PLACEMENT_3D('',#3922,#3160,#3161);
#2941=AXIS2_PLACEMENT_3D('',#3923,#3162,#3163);
#2942=AXIS2_PLACEMENT_3D('',#3924,#3164,#3165);
#2943=AXIS2_PLACEMENT_3D('',#3933,#3170,#3171);
#2944=AXIS2_PLACEMENT_3D('',#3934,#3172,#3173);
#2945=AXIS2_PLACEMENT_3D('',#3936,#3174,#3175);
#2946=AXIS2_PLACEMENT_3D('',#3939,#3177,#3178);
#2947=AXIS2_PLACEMENT_3D('',#3945,#3182,#3183);
#2948=AXIS2_PLACEMENT_3D('',#3946,#3184,#3185);
#2949=AXIS2_PLACEMENT_3D('',#3947,#3186,#3187);
#2950=AXIS2_PLACEMENT_3D('',#3948,#3188,#3189);
#2951=AXIS2_PLACEMENT_3D('',#3957,#3194,#3195);
#2952=AXIS2_PLACEMENT_3D('',#3958,#3196,#3197);
#2953=AXIS2_PLACEMENT_3D('',#3960,#3198,#3199);
#2954=AXIS2_PLACEMENT_3D('',#3963,#3201,#3202);
#2955=AXIS2_PLACEMENT_3D('',#3969,#3206,#3207);
#2956=AXIS2_PLACEMENT_3D('',#3970,#3208,#3209);
#2957=AXIS2_PLACEMENT_3D('',#3971,#3210,#3211);
#2958=AXIS2_PLACEMENT_3D('',#3972,#3212,#3213);
#2959=AXIS2_PLACEMENT_3D('',#3981,#3218,#3219);
#2960=AXIS2_PLACEMENT_3D('',#3982,#3220,#3221);
#2961=AXIS2_PLACEMENT_3D('',#3984,#3222,#3223);
#2962=AXIS2_PLACEMENT_3D('',#3987,#3225,#3226);
#2963=AXIS2_PLACEMENT_3D('',#3993,#3230,#3231);
#2964=AXIS2_PLACEMENT_3D('',#3994,#3232,#3233);
#2965=AXIS2_PLACEMENT_3D('',#3995,#3234,#3235);
#2966=AXIS2_PLACEMENT_3D('',#3996,#3236,#3237);
#2967=AXIS2_PLACEMENT_3D('',#4005,#3242,#3243);
#2968=AXIS2_PLACEMENT_3D('',#4006,#3244,#3245);
#2969=AXIS2_PLACEMENT_3D('',#4008,#3246,#3247);
#2970=AXIS2_PLACEMENT_3D('',#4011,#3249,#3250);
#2971=AXIS2_PLACEMENT_3D('',#4017,#3254,#3255);
#2972=AXIS2_PLACEMENT_3D('',#4018,#3256,#3257);
#2973=AXIS2_PLACEMENT_3D('',#4019,#3258,#3259);
#2974=AXIS2_PLACEMENT_3D('',#4020,#3260,#3261);
#2975=AXIS2_PLACEMENT_3D('',#4029,#3266,#3267);
#2976=AXIS2_PLACEMENT_3D('',#4030,#3268,#3269);
#2977=AXIS2_PLACEMENT_3D('',#4032,#3270,#3271);
#2978=AXIS2_PLACEMENT_3D('',#4035,#3273,#3274);
#2979=AXIS2_PLACEMENT_3D('',#4041,#3278,#3279);
#2980=AXIS2_PLACEMENT_3D('',#4042,#3280,#3281);
#2981=AXIS2_PLACEMENT_3D('',#4043,#3282,#3283);
#2982=AXIS2_PLACEMENT_3D('',#4044,#3284,#3285);
#2983=AXIS2_PLACEMENT_3D('',#4053,#3290,#3291);
#2984=AXIS2_PLACEMENT_3D('',#4054,#3292,#3293);
#2985=AXIS2_PLACEMENT_3D('',#4056,#3294,#3295);
#2986=AXIS2_PLACEMENT_3D('',#4059,#3297,#3298);
#2987=AXIS2_PLACEMENT_3D('',#4065,#3302,#3303);
#2988=AXIS2_PLACEMENT_3D('',#4066,#3304,#3305);
#2989=AXIS2_PLACEMENT_3D('',#4067,#3306,#3307);
#2990=AXIS2_PLACEMENT_3D('',#4068,#3308,#3309);
#2991=AXIS2_PLACEMENT_3D('',#4077,#3314,#3315);
#2992=AXIS2_PLACEMENT_3D('',#4078,#3316,#3317);
#2993=AXIS2_PLACEMENT_3D('',#4080,#3318,#3319);
#2994=AXIS2_PLACEMENT_3D('',#4083,#3321,#3322);
#2995=AXIS2_PLACEMENT_3D('',#4089,#3326,#3327);
#2996=AXIS2_PLACEMENT_3D('',#4090,#3328,#3329);
#2997=AXIS2_PLACEMENT_3D('',#4091,#3330,#3331);
#2998=AXIS2_PLACEMENT_3D('',#4092,#3332,#3333);
#2999=AXIS2_PLACEMENT_3D('',#4098,#3336,#3337);
#3000=AXIS2_PLACEMENT_3D('',#4102,#3339,#3340);
#3001=AXIS2_PLACEMENT_3D('',#4106,#3342,#3343);
#3002=AXIS2_PLACEMENT_3D('',#4110,#3345,#3346);
#3003=AXIS2_PLACEMENT_3D('',#4118,#3350,#3351);
#3004=AXIS2_PLACEMENT_3D('',#4122,#3353,#3354);
#3005=AXIS2_PLACEMENT_3D('',#4126,#3356,#3357);
#3006=AXIS2_PLACEMENT_3D('',#4130,#3359,#3360);
#3007=AXIS2_PLACEMENT_3D('',#4133,#3362,#3363);
#3008=AXIS2_PLACEMENT_3D('',#4139,#3366,#3367);
#3009=AXIS2_PLACEMENT_3D('',#4143,#3369,#3370);
#3010=AXIS2_PLACEMENT_3D('',#4147,#3372,#3373);
#3011=AXIS2_PLACEMENT_3D('',#4151,#3375,#3376);
#3012=AXIS2_PLACEMENT_3D('',#4159,#3380,#3381);
#3013=AXIS2_PLACEMENT_3D('',#4163,#3383,#3384);
#3014=AXIS2_PLACEMENT_3D('',#4167,#3386,#3387);
#3015=AXIS2_PLACEMENT_3D('',#4171,#3389,#3390);
#3016=AXIS2_PLACEMENT_3D('',#4174,#3392,#3393);
#3017=AXIS2_PLACEMENT_3D('',#4177,#3396,#3397);
#3018=AXIS2_PLACEMENT_3D('',#4179,#3399,#3400);
#3019=AXIS2_PLACEMENT_3D('',#4181,#3402,#3403);
#3020=AXIS2_PLACEMENT_3D('',#4183,#3405,#3406);
#3021=AXIS2_PLACEMENT_3D('',#4185,#3408,#3409);
#3022=AXIS2_PLACEMENT_3D('',#4187,#3411,#3412);
#3023=AXIS2_PLACEMENT_3D('',#4189,#3414,#3415);
#3024=AXIS2_PLACEMENT_3D('',#4191,#3417,#3418);
#3025=AXIS2_PLACEMENT_3D('',#4193,#3420,#3421);
#3026=AXIS2_PLACEMENT_3D('',#4195,#3423,#3424);
#3027=AXIS2_PLACEMENT_3D('',#4197,#3426,#3427);
#3028=AXIS2_PLACEMENT_3D('',#4199,#3429,#3430);
#3029=AXIS2_PLACEMENT_3D('',#4201,#3432,#3433);
#3030=AXIS2_PLACEMENT_3D('',#4203,#3435,#3436);
#3031=AXIS2_PLACEMENT_3D('',#4205,#3438,#3439);
#3032=AXIS2_PLACEMENT_3D('',#4207,#3441,#3442);
#3033=AXIS2_PLACEMENT_3D('',#4209,#3444,#3445);
#3034=AXIS2_PLACEMENT_3D('',#4211,#3447,#3448);
#3035=AXIS2_PLACEMENT_3D('',#4213,#3450,#3451);
#3036=AXIS2_PLACEMENT_3D('',#4214,#3452,#3453);
#3037=AXIS2_PLACEMENT_3D('',#4215,#3454,#3455);
#3038=AXIS2_PLACEMENT_3D('',#4216,#3456,#3457);
#3039=AXIS2_PLACEMENT_3D('',#4218,#3458,#3459);
#3040=AXIS2_PLACEMENT_3D('',#4220,#3460,#3461);
#3041=AXIS2_PLACEMENT_3D('',#4237,#3470,#3471);
#3042=AXIS2_PLACEMENT_3D('',#4266,#3486,#3487);
#3043=AXIS2_PLACEMENT_3D('',#4279,#3494,#3495);
#3044=AXIS2_PLACEMENT_3D('',#4296,#3504,#3505);
#3045=AXIS2_PLACEMENT_3D('',#4309,#3512,#3513);
#3046=AXIS2_PLACEMENT_3D('',#4322,#3520,#3521);
#3047=AXIS2_PLACEMENT_3D('',#4335,#3528,#3529);
#3048=AXIS2_PLACEMENT_3D('',#4336,#3530,#3531);
#3049=AXIS2_PLACEMENT_3D('',#4350,#3538,#3539);
#3050=AXIS2_PLACEMENT_3D('',#4363,#3546,#3547);
#3051=AXIS2_PLACEMENT_3D('',#4412,#3572,#3573);
#3052=AXIS2_PLACEMENT_3D('',#4418,#3577,#3578);
#3053=AXIS2_PLACEMENT_3D('',#4421,#3581,#3582);
#3054=AXIS2_PLACEMENT_3D('',#4424,#3585,#3586);
#3055=AXIS2_PLACEMENT_3D('',#4437,#3593,#3594);
#3056=AXIS2_PLACEMENT_3D('',#4440,#3597,#3598);
#3057=AXIS2_PLACEMENT_3D('',#4451,#3604,#3605);
#3058=AXIS2_PLACEMENT_3D('',#4457,#3609,#3610);
#3059=AXIS2_PLACEMENT_3D('',#4458,#3611,#3612);
#3060=AXIS2_PLACEMENT_3D('',#4469,#3618,#3619);
#3061=AXIS2_PLACEMENT_3D('',#4475,#3623,#3624);
#3062=AXIS2_PLACEMENT_3D('',#4483,#3629,#3630);
#3063=AXIS2_PLACEMENT_3D('',#4493,#3636,#3637);
#3064=AXIS2_PLACEMENT_3D('',#4501,#3642,#3643);
#3065=AXIS2_PLACEMENT_3D('',#4502,#3644,#3645);
#3066=AXIS2_PLACEMENT_3D('',#4509,#3649,#3650);
#3067=AXIS2_PLACEMENT_3D('',#4517,#3655,#3656);
#3068=AXIS2_PLACEMENT_3D('',#4524,#3661,#3662);
#3069=AXIS2_PLACEMENT_3D('',#4525,#3663,#3664);
#3070=AXIS2_PLACEMENT_3D('',#4533,#3669,#3670);
#3071=AXIS2_PLACEMENT_3D('',#4537,#3673,#3674);
#3072=AXIS2_PLACEMENT_3D('',#4541,#3677,#3678);
#3073=AXIS2_PLACEMENT_3D('',#4542,#3679,#3680);
#3074=AXIS2_PLACEMENT_3D('',#4556,#3687,#3688);
#3075=AXIS2_PLACEMENT_3D('',#4566,#3694,#3695);
#3076=AXIS2_PLACEMENT_3D('',#4573,#3700,#3701);
#3077=AXIS2_PLACEMENT_3D('',#4583,#3707,#3708);
#3078=AXIS2_PLACEMENT_3D('',#4590,#3713,#3714);
#3079=AXIS2_PLACEMENT_3D('',#4597,#3719,#3720);
#3080=AXIS2_PLACEMENT_3D('',#4604,#3725,#3726);
#3081=AXIS2_PLACEMENT_3D('',#4607,#3729,#3730);
#3082=AXIS2_PLACEMENT_3D('',#4609,#3732,#3733);
#3083=AXIS2_PLACEMENT_3D('',#4611,#3735,#3736);
#3084=AXIS2_PLACEMENT_3D('',#4613,#3738,#3739);
#3085=AXIS2_PLACEMENT_3D('',#4615,#3741,#3742);
#3086=AXIS2_PLACEMENT_3D('',#4617,#3744,#3745);
#3087=AXIS2_PLACEMENT_3D('',#4619,#3747,#3748);
#3088=AXIS2_PLACEMENT_3D('',#4621,#3750,#3751);
#3089=AXIS2_PLACEMENT_3D('',#4623,#3753,#3754);
#3090=AXIS2_PLACEMENT_3D('',#4624,#3755,#3756);
#3091=AXIS2_PLACEMENT_3D('',#4627,#3759,#3760);
#3092=AXIS2_PLACEMENT_3D('',#4630,#3763,#3764);
#3093=AXIS2_PLACEMENT_3D('',#4632,#3766,#3767);
#3094=AXIS2_PLACEMENT_3D('',#4635,#3770,#3771);
#3095=AXIS2_PLACEMENT_3D('',#4637,#3773,#3774);
#3096=AXIS2_PLACEMENT_3D('',#4639,#3776,#3777);
#3097=AXIS2_PLACEMENT_3D('',#4641,#3779,#3780);
#3098=AXIS2_PLACEMENT_3D('',#4643,#3782,#3783);
#3099=AXIS2_PLACEMENT_3D('',#4645,#3785,#3786);
#3100=AXIS2_PLACEMENT_3D('',#4648,#3789,#3790);
#3101=AXIS2_PLACEMENT_3D('',#4652,#3793,#3794);
#3102=AXIS2_PLACEMENT_3D('',#4654,#3796,#3797);
#3103=AXIS2_PLACEMENT_3D('',#4658,#3800,#3801);
#3104=AXIS2_PLACEMENT_3D('',#4660,#3803,#3804);
#3105=AXIS2_PLACEMENT_3D('',#4662,#3806,#3807);
#3106=AXIS2_PLACEMENT_3D('',#4664,#3809,#3810);
#3107=AXIS2_PLACEMENT_3D('',#4666,#3812,#3813);
#3108=AXIS2_PLACEMENT_3D('',#4668,#3815,#3816);
#3109=AXIS2_PLACEMENT_3D('',#4669,#3817,#3818);
#3110=AXIS2_PLACEMENT_3D('',#4672,#3821,#3822);
#3111=AXIS2_PLACEMENT_3D('',#4674,#3824,#3825);
#3112=AXIS2_PLACEMENT_3D('',#4676,#3827,#3828);
#3113=AXIS2_PLACEMENT_3D('',#4678,#3830,#3831);
#3114=AXIS2_PLACEMENT_3D('',#4680,#3833,#3834);
#3115=AXIS2_PLACEMENT_3D('',#4682,#3836,#3837);
#3116=AXIS2_PLACEMENT_3D('',#4684,#3839,#3840);
#3117=AXIS2_PLACEMENT_3D('',#4686,#3842,#3843);
#3118=AXIS2_PLACEMENT_3D('',#4688,#3845,#3846);
#3119=AXIS2_PLACEMENT_3D('',#4689,#3847,#3848);
#3120=AXIS2_PLACEMENT_3D('',#4692,#3851,#3852);
#3121=AXIS2_PLACEMENT_3D('',#4694,#3854,#3855);
#3122=AXIS2_PLACEMENT_3D('',#4696,#3857,#3858);
#3123=AXIS2_PLACEMENT_3D('',#4697,#3859,#3860);
#3124=AXIS2_PLACEMENT_3D('',#4700,#3863,#3864);
#3125=AXIS2_PLACEMENT_3D('',#4702,#3866,#3867);
#3126=AXIS2_PLACEMENT_3D('',#4704,#3869,#3870);
#3127=AXIS2_PLACEMENT_3D('',#4706,#3872,#3873);
#3128=AXIS2_PLACEMENT_3D('',#4708,#3875,#3876);
#3129=AXIS2_PLACEMENT_3D('',#4710,#3878,#3879);
#3130=AXIS2_PLACEMENT_3D('',#4712,#3881,#3882);
#3131=AXIS2_PLACEMENT_3D('',#4714,#3884,#3885);
#3132=AXIS2_PLACEMENT_3D('',#4716,#3887,#3888);
#3133=AXIS2_PLACEMENT_3D('',#4717,#3889,#3890);
#3134=AXIS2_PLACEMENT_3D('',#4718,#3891,#3892);
#3135=AXIS2_PLACEMENT_3D('',#4720,#3893,#3894);
#3136=AXIS2_PLACEMENT_3D('',#4721,#3895,#3896);
#3137=AXIS2_PLACEMENT_3D('',#4722,#3897,#3898);
#3138=DIRECTION('',(0.,0.,1.));
#3139=DIRECTION('',(1.,0.,0.));
#3140=DIRECTION('',(0.,-4.42531498973675E-17,1.));
#3141=DIRECTION('',(0.,1.,4.42531498973675E-17));
#3142=DIRECTION('',(1.,0.,0.));
#3143=DIRECTION('',(0.,-1.,-4.42531498973675E-17));
#3144=DIRECTION('',(-1.,0.,0.));
#3145=DIRECTION('',(0.,-1.,-4.42531498973675E-17));
#3146=DIRECTION('',(0.,-1.,-4.42531498973675E-17));
#3147=DIRECTION('',(0.,0.,1.));
#3148=DIRECTION('',(0.,1.,-1.83697019872103E-16));
#3149=DIRECTION('',(0.,-1.83697019872103E-16,-1.));
#3150=DIRECTION('',(0.,-1.,-4.42531498973675E-17));
#3151=DIRECTION('',(0.,-7.2280144832367E-17,1.));
#3152=DIRECTION('',(0.,-1.,-4.42531498973675E-17));
#3153=DIRECTION('',(0.,4.42531498973675E-17,-1.));
#3154=DIRECTION('',(0.,-1.,-4.42531498973675E-17));
#3155=DIRECTION('',(-1.,0.,0.));
#3156=DIRECTION('',(1.,0.,0.));
#3157=DIRECTION('',(0.,-1.,-4.42531498973675E-17));
#3158=DIRECTION('',(0.,-1.,-4.42531498973675E-17));
#3159=DIRECTION('',(0.,0.,1.));
#3160=DIRECTION('',(0.,1.,-1.83697019872103E-16));
#3161=DIRECTION('',(0.,-1.83697019872103E-16,-1.));
#3162=DIRECTION('',(0.,-1.,-4.42531498973675E-17));
#3163=DIRECTION('',(0.,-7.2280144832367E-17,1.));
#3164=DIRECTION('',(0.,-4.42531498973675E-17,1.));
#3165=DIRECTION('',(0.,1.,4.42531498973675E-17));
#3166=DIRECTION('',(1.,0.,0.));
#3167=DIRECTION('',(0.,-1.,-4.42531498973675E-17));
#3168=DIRECTION('',(-1.,0.,0.));
#3169=DIRECTION('',(0.,-1.,-4.42531498973675E-17));
#3170=DIRECTION('',(0.,-1.,-4.42531498973675E-17));
#3171=DIRECTION('',(0.,0.,1.));
#3172=DIRECTION('',(0.,1.,-1.83697019872103E-16));
#3173=DIRECTION('',(0.,-1.83697019872103E-16,-1.));
#3174=DIRECTION('',(0.,-1.,-4.42531498973675E-17));
#3175=DIRECTION('',(0.,-7.22801448323712E-17,1.));
#3176=DIRECTION('',(0.,-1.,-4.42531498973675E-17));
#3177=DIRECTION('',(0.,4.42531498973675E-17,-1.));
#3178=DIRECTION('',(0.,-1.,-4.42531498973675E-17));
#3179=DIRECTION('',(-1.,0.,0.));
#3180=DIRECTION('',(1.,0.,0.));
#3181=DIRECTION('',(0.,-1.,-4.42531498973675E-17));
#3182=DIRECTION('',(0.,-1.,-4.42531498973675E-17));
#3183=DIRECTION('',(0.,0.,1.));
#3184=DIRECTION('',(0.,1.,-1.83697019872103E-16));
#3185=DIRECTION('',(0.,-1.83697019872103E-16,-1.));
#3186=DIRECTION('',(0.,-1.,-4.42531498973675E-17));
#3187=DIRECTION('',(0.,-7.22801448323712E-17,1.));
#3188=DIRECTION('',(0.,-4.42531498973675E-17,1.));
#3189=DIRECTION('',(0.,1.,4.42531498973675E-17));
#3190=DIRECTION('',(1.,0.,0.));
#3191=DIRECTION('',(0.,-1.,-4.42531498973675E-17));
#3192=DIRECTION('',(-1.,0.,0.));
#3193=DIRECTION('',(0.,-1.,-4.42531498973675E-17));
#3194=DIRECTION('',(0.,-1.,-4.42531498973675E-17));
#3195=DIRECTION('',(0.,0.,1.));
#3196=DIRECTION('',(0.,1.,-1.83697019872103E-16));
#3197=DIRECTION('',(0.,-1.83697019872103E-16,-1.));
#3198=DIRECTION('',(0.,-1.,-4.42531498973675E-17));
#3199=DIRECTION('',(0.,-7.22801448323754E-17,1.));
#3200=DIRECTION('',(0.,-1.,-4.42531498973675E-17));
#3201=DIRECTION('',(0.,4.42531498973675E-17,-1.));
#3202=DIRECTION('',(0.,-1.,-4.42531498973675E-17));
#3203=DIRECTION('',(-1.,0.,0.));
#3204=DIRECTION('',(1.,0.,0.));
#3205=DIRECTION('',(0.,-1.,-4.42531498973675E-17));
#3206=DIRECTION('',(0.,-1.,-4.42531498973675E-17));
#3207=DIRECTION('',(0.,0.,1.));
#3208=DIRECTION('',(0.,1.,-1.83697019872103E-16));
#3209=DIRECTION('',(0.,-1.83697019872103E-16,-1.));
#3210=DIRECTION('',(0.,-1.,-4.42531498973675E-17));
#3211=DIRECTION('',(0.,-7.22801448323754E-17,1.));
#3212=DIRECTION('',(0.,-4.42531498973675E-17,1.));
#3213=DIRECTION('',(0.,1.,4.42531498973675E-17));
#3214=DIRECTION('',(1.,0.,0.));
#3215=DIRECTION('',(0.,-1.,-4.42531498973675E-17));
#3216=DIRECTION('',(-1.,0.,0.));
#3217=DIRECTION('',(0.,-1.,-4.42531498973675E-17));
#3218=DIRECTION('',(0.,-1.,-4.42531498973675E-17));
#3219=DIRECTION('',(0.,0.,1.));
#3220=DIRECTION('',(0.,1.,-1.83697019872103E-16));
#3221=DIRECTION('',(0.,-1.83697019872103E-16,-1.));
#3222=DIRECTION('',(0.,-1.,-4.42531498973675E-17));
#3223=DIRECTION('',(0.,-7.22801448323796E-17,1.));
#3224=DIRECTION('',(0.,-1.,-4.42531498973675E-17));
#3225=DIRECTION('',(0.,4.42531498973675E-17,-1.));
#3226=DIRECTION('',(0.,-1.,-4.42531498973675E-17));
#3227=DIRECTION('',(-1.,0.,0.));
#3228=DIRECTION('',(1.,0.,0.));
#3229=DIRECTION('',(0.,-1.,-4.42531498973675E-17));
#3230=DIRECTION('',(0.,-1.,-4.42531498973675E-17));
#3231=DIRECTION('',(0.,0.,1.));
#3232=DIRECTION('',(0.,1.,-1.83697019872103E-16));
#3233=DIRECTION('',(0.,-1.83697019872103E-16,-1.));
#3234=DIRECTION('',(0.,-1.,-4.42531498973675E-17));
#3235=DIRECTION('',(0.,-7.22801448323796E-17,1.));
#3236=DIRECTION('',(0.,-4.42531498973675E-17,1.));
#3237=DIRECTION('',(0.,1.,4.42531498973675E-17));
#3238=DIRECTION('',(1.,0.,0.));
#3239=DIRECTION('',(0.,-1.,-4.42531498973675E-17));
#3240=DIRECTION('',(-1.,0.,0.));
#3241=DIRECTION('',(0.,-1.,-4.42531498973675E-17));
#3242=DIRECTION('',(0.,-1.,-4.42531498973675E-17));
#3243=DIRECTION('',(0.,0.,1.));
#3244=DIRECTION('',(0.,1.,-1.83697019872103E-16));
#3245=DIRECTION('',(0.,-1.83697019872103E-16,-1.));
#3246=DIRECTION('',(0.,-1.,-4.42531498973675E-17));
#3247=DIRECTION('',(0.,-7.22801448323838E-17,1.));
#3248=DIRECTION('',(0.,-1.,-4.42531498973675E-17));
#3249=DIRECTION('',(0.,4.42531498973675E-17,-1.));
#3250=DIRECTION('',(0.,-1.,-4.42531498973675E-17));
#3251=DIRECTION('',(-1.,0.,0.));
#3252=DIRECTION('',(1.,0.,0.));
#3253=DIRECTION('',(0.,-1.,-4.42531498973675E-17));
#3254=DIRECTION('',(0.,-1.,-4.42531498973675E-17));
#3255=DIRECTION('',(0.,0.,1.));
#3256=DIRECTION('',(0.,1.,-1.83697019872103E-16));
#3257=DIRECTION('',(0.,-1.83697019872103E-16,-1.));
#3258=DIRECTION('',(0.,-1.,-4.42531498973675E-17));
#3259=DIRECTION('',(0.,-7.22801448323838E-17,1.));
#3260=DIRECTION('',(0.,-4.42531498973675E-17,1.));
#3261=DIRECTION('',(0.,1.,4.42531498973675E-17));
#3262=DIRECTION('',(1.,0.,0.));
#3263=DIRECTION('',(0.,-1.,-4.42531498973675E-17));
#3264=DIRECTION('',(-1.,0.,0.));
#3265=DIRECTION('',(0.,-1.,-4.42531498973675E-17));
#3266=DIRECTION('',(0.,-1.,-4.42531498973675E-17));
#3267=DIRECTION('',(0.,0.,1.));
#3268=DIRECTION('',(0.,1.,-1.83697019872103E-16));
#3269=DIRECTION('',(0.,-1.83697019872103E-16,-1.));
#3270=DIRECTION('',(0.,-1.,-4.42531498973675E-17));
#3271=DIRECTION('',(0.,-7.2280144832388E-17,1.));
#3272=DIRECTION('',(0.,-1.,-4.42531498973675E-17));
#3273=DIRECTION('',(0.,4.42531498973675E-17,-1.));
#3274=DIRECTION('',(0.,-1.,-4.42531498973675E-17));
#3275=DIRECTION('',(-1.,0.,0.));
#3276=DIRECTION('',(1.,0.,0.));
#3277=DIRECTION('',(0.,-1.,-4.42531498973675E-17));
#3278=DIRECTION('',(0.,-1.,-4.42531498973675E-17));
#3279=DIRECTION('',(0.,0.,1.));
#3280=DIRECTION('',(0.,1.,-1.83697019872103E-16));
#3281=DIRECTION('',(0.,-1.83697019872103E-16,-1.));
#3282=DIRECTION('',(0.,-1.,-4.42531498973675E-17));
#3283=DIRECTION('',(0.,-7.2280144832388E-17,1.));
#3284=DIRECTION('',(0.,-4.42531498973675E-17,1.));
#3285=DIRECTION('',(0.,1.,4.42531498973675E-17));
#3286=DIRECTION('',(1.,0.,0.));
#3287=DIRECTION('',(0.,-1.,-4.42531498973675E-17));
#3288=DIRECTION('',(-1.,0.,0.));
#3289=DIRECTION('',(0.,-1.,-4.42531498973675E-17));
#3290=DIRECTION('',(0.,-1.,-4.42531498973675E-17));
#3291=DIRECTION('',(0.,0.,1.));
#3292=DIRECTION('',(0.,1.,-1.83697019872103E-16));
#3293=DIRECTION('',(0.,-1.83697019872103E-16,-1.));
#3294=DIRECTION('',(0.,-1.,-4.42531498973675E-17));
#3295=DIRECTION('',(0.,-7.22801448323922E-17,1.));
#3296=DIRECTION('',(0.,-1.,-4.42531498973675E-17));
#3297=DIRECTION('',(0.,4.42531498973675E-17,-1.));
#3298=DIRECTION('',(0.,-1.,-4.42531498973675E-17));
#3299=DIRECTION('',(-1.,0.,0.));
#3300=DIRECTION('',(1.,0.,0.));
#3301=DIRECTION('',(0.,-1.,-4.42531498973675E-17));
#3302=DIRECTION('',(0.,-1.,-4.42531498973675E-17));
#3303=DIRECTION('',(0.,0.,1.));
#3304=DIRECTION('',(0.,1.,-1.83697019872103E-16));
#3305=DIRECTION('',(0.,-1.83697019872103E-16,-1.));
#3306=DIRECTION('',(0.,-1.,-4.42531498973675E-17));
#3307=DIRECTION('',(0.,-7.22801448323922E-17,1.));
#3308=DIRECTION('',(0.,-4.42531498973675E-17,1.));
#3309=DIRECTION('',(0.,1.,4.42531498973675E-17));
#3310=DIRECTION('',(1.,0.,0.));
#3311=DIRECTION('',(0.,-1.,-4.42531498973675E-17));
#3312=DIRECTION('',(-1.,0.,0.));
#3313=DIRECTION('',(0.,-1.,-4.42531498973675E-17));
#3314=DIRECTION('',(0.,-1.,-4.42531498973675E-17));
#3315=DIRECTION('',(0.,0.,1.));
#3316=DIRECTION('',(0.,1.,-1.83697019872103E-16));
#3317=DIRECTION('',(0.,-1.83697019872103E-16,-1.));
#3318=DIRECTION('',(0.,-1.,-4.42531498973675E-17));
#3319=DIRECTION('',(0.,-7.22801448323964E-17,1.));
#3320=DIRECTION('',(0.,-1.,-4.42531498973675E-17));
#3321=DIRECTION('',(0.,4.42531498973675E-17,-1.));
#3322=DIRECTION('',(0.,-1.,-4.42531498973675E-17));
#3323=DIRECTION('',(-1.,0.,0.));
#3324=DIRECTION('',(1.,0.,0.));
#3325=DIRECTION('',(0.,-1.,-4.42531498973675E-17));
#3326=DIRECTION('',(0.,-1.,-4.42531498973675E-17));
#3327=DIRECTION('',(0.,0.,1.));
#3328=DIRECTION('',(0.,1.,-1.83697019872103E-16));
#3329=DIRECTION('',(0.,-1.83697019872103E-16,-1.));
#3330=DIRECTION('',(0.,-1.,-4.42531498973675E-17));
#3331=DIRECTION('',(0.,-7.22801448323964E-17,1.));
#3332=DIRECTION('',(1.,0.,0.));
#3333=DIRECTION('',(0.,0.,1.));
#3334=DIRECTION('',(0.,-1.,0.));
#3335=DIRECTION('',(0.,-1.26161707343768E-15,1.));
#3336=DIRECTION('',(-1.,0.,0.));
#3337=DIRECTION('',(0.,0.,1.));
#3338=DIRECTION('',(0.,1.,0.));
#3339=DIRECTION('',(1.,0.,0.));
#3340=DIRECTION('',(0.,0.,-1.));
#3341=DIRECTION('',(0.,-4.42531498973675E-17,1.));
#3342=DIRECTION('',(1.,0.,0.));
#3343=DIRECTION('',(0.,0.,-1.));
#3344=DIRECTION('',(0.,-1.,0.));
#3345=DIRECTION('',(-1.,0.,0.));
#3346=DIRECTION('',(0.,0.,-1.));
#3347=DIRECTION('',(0.,0.,1.));
#3348=DIRECTION('',(0.,1.,0.));
#3349=DIRECTION('',(0.,3.1540426835942E-16,-1.));
#3350=DIRECTION('',(1.,0.,0.));
#3351=DIRECTION('',(0.,0.,-1.));
#3352=DIRECTION('',(0.,1.,-4.33680868994202E-16));
#3353=DIRECTION('',(-1.,0.,0.));
#3354=DIRECTION('',(0.,0.,-1.));
#3355=DIRECTION('',(0.,-1.83697019872103E-16,-1.));
#3356=DIRECTION('',(-1.,0.,0.));
#3357=DIRECTION('',(0.,0.,-1.));
#3358=DIRECTION('',(0.,-1.,4.33680868994202E-16));
#3359=DIRECTION('',(1.,0.,0.));
#3360=DIRECTION('',(0.,0.,1.));
#3361=DIRECTION('',(0.,0.,-1.));
#3362=DIRECTION('',(1.,0.,0.));
#3363=DIRECTION('',(0.,0.,1.));
#3364=DIRECTION('',(0.,-1.,0.));
#3365=DIRECTION('',(0.,0.,-1.));
#3366=DIRECTION('',(1.,0.,0.));
#3367=DIRECTION('',(0.,0.,1.));
#3368=DIRECTION('',(0.,-1.,4.33680868994202E-16));
#3369=DIRECTION('',(-1.,0.,0.));
#3370=DIRECTION('',(0.,0.,-1.));
#3371=DIRECTION('',(0.,-1.83697019872103E-16,-1.));
#3372=DIRECTION('',(-1.,0.,0.));
#3373=DIRECTION('',(0.,0.,-1.));
#3374=DIRECTION('',(0.,1.,-4.33680868994202E-16));
#3375=DIRECTION('',(1.,0.,0.));
#3376=DIRECTION('',(0.,0.,-1.));
#3377=DIRECTION('',(0.,3.1540426835942E-16,-1.));
#3378=DIRECTION('',(0.,1.,0.));
#3379=DIRECTION('',(0.,0.,1.));
#3380=DIRECTION('',(-1.,0.,0.));
#3381=DIRECTION('',(0.,0.,-1.));
#3382=DIRECTION('',(0.,-1.,0.));
#3383=DIRECTION('',(1.,0.,0.));
#3384=DIRECTION('',(0.,0.,-1.));
#3385=DIRECTION('',(0.,-4.42531498973675E-17,1.));
#3386=DIRECTION('',(1.,0.,0.));
#3387=DIRECTION('',(0.,0.,-1.));
#3388=DIRECTION('',(0.,1.,0.));
#3389=DIRECTION('',(-1.,0.,0.));
#3390=DIRECTION('',(0.,0.,1.));
#3391=DIRECTION('',(0.,-1.26161707343768E-15,1.));
#3392=DIRECTION('',(0.,-1.,0.));
#3393=DIRECTION('',(0.,0.,1.));
#3394=DIRECTION('',(-1.,0.,0.));
#3395=DIRECTION('',(-1.,0.,0.));
#3396=DIRECTION('',(-1.,0.,0.));
#3397=DIRECTION('',(0.,0.,-1.));
#3398=DIRECTION('',(-1.,0.,0.));
#3399=DIRECTION('',(0.,0.,1.));
#3400=DIRECTION('',(-1.,0.,0.));
#3401=DIRECTION('',(-1.,0.,0.));
#3402=DIRECTION('',(-1.,0.,0.));
#3403=DIRECTION('',(0.,0.,-1.));
#3404=DIRECTION('',(-1.,0.,0.));
#3405=DIRECTION('',(0.,-1.,-4.42531498973675E-17));
#3406=DIRECTION('',(0.,-4.42531498973675E-17,1.));
#3407=DIRECTION('',(-1.,0.,0.));
#3408=DIRECTION('',(-1.,0.,0.));
#3409=DIRECTION('',(0.,0.,-1.));
#3410=DIRECTION('',(-1.,0.,0.));
#3411=DIRECTION('',(0.,0.,-1.));
#3412=DIRECTION('',(1.,0.,0.));
#3413=DIRECTION('',(-1.,0.,0.));
#3414=DIRECTION('',(-1.,0.,0.));
#3415=DIRECTION('',(0.,0.,-1.));
#3416=DIRECTION('',(-1.,0.,0.));
#3417=DIRECTION('',(0.,-1.,0.));
#3418=DIRECTION('',(0.,0.,1.));
#3419=DIRECTION('',(-1.,0.,0.));
#3420=DIRECTION('',(0.,0.,1.));
#3421=DIRECTION('',(-1.,0.,0.));
#3422=DIRECTION('',(-1.,0.,0.));
#3423=DIRECTION('',(0.,1.,0.));
#3424=DIRECTION('',(0.,0.,-1.));
#3425=DIRECTION('',(-1.,0.,0.));
#3426=DIRECTION('',(-1.,0.,0.));
#3427=DIRECTION('',(0.,0.,-1.));
#3428=DIRECTION('',(-1.,0.,0.));
#3429=DIRECTION('',(0.,0.,1.));
#3430=DIRECTION('',(0.,1.,0.));
#3431=DIRECTION('',(-1.,0.,0.));
#3432=DIRECTION('',(-1.,0.,0.));
#3433=DIRECTION('',(0.,0.,-1.));
#3434=DIRECTION('',(-1.,0.,0.));
#3435=DIRECTION('',(0.,1.,0.));
#3436=DIRECTION('',(0.,0.,-1.));
#3437=DIRECTION('',(-1.,0.,0.));
#3438=DIRECTION('',(-1.,0.,0.));
#3439=DIRECTION('',(0.,0.,-1.));
#3440=DIRECTION('',(-1.,0.,0.));
#3441=DIRECTION('',(0.,0.,-1.));
#3442=DIRECTION('',(0.,-1.,0.));
#3443=DIRECTION('',(-1.,0.,0.));
#3444=DIRECTION('',(-1.,0.,0.));
#3445=DIRECTION('',(0.,0.,-1.));
#3446=DIRECTION('',(-1.,0.,0.));
#3447=DIRECTION('',(0.,1.,0.));
#3448=DIRECTION('',(0.,0.,-1.));
#3449=DIRECTION('',(-1.,0.,0.));
#3450=DIRECTION('',(0.,0.,-1.));
#3451=DIRECTION('',(1.,0.,0.));
#3452=DIRECTION('',(0.,0.,1.));
#3453=DIRECTION('',(1.,0.,0.));
#3454=DIRECTION('',(0.,1.,-6.12323399573677E-17));
#3455=DIRECTION('',(0.,6.12323399573677E-17,1.));
#3456=DIRECTION('',(2.12442355226077E-32,-1.,3.46944695195362E-16));
#3457=DIRECTION('',(0.,-3.46944695195362E-16,-1.));
#3458=DIRECTION('',(2.09426418019683E-32,-1.,3.42019295956179E-16));
#3459=DIRECTION('',(0.,-3.42019295956179E-16,-1.));
#3460=DIRECTION('',(-0.695022096847475,-0.718988376049112,0.));
#3461=DIRECTION('',(0.718988376049112,-0.695022096847475,0.));
#3462=DIRECTION('',(-0.700436828310927,0.677088934033895,0.225696311344632));
#3463=DIRECTION('',(0.7042817455459,-0.680805687361036,-0.201223355870257));
#3464=DIRECTION('',(-6.12323399573677E-17,5.91912619587887E-17,-1.));
#3465=DIRECTION('',(-0.7042817455459,0.680805687361036,-0.201223355870257));
#3466=DIRECTION('',(0.700436828310927,-0.677088934033895,0.225696311344632));
#3467=DIRECTION('',(0.517558146202756,-0.500306207995997,0.694137784261765));
#3468=DIRECTION('',(-1.0183903675569E-16,9.84444021971673E-17,1.));
#3469=DIRECTION('',(-0.517558146202758,0.500306207995999,0.694137784261763));
#3470=DIRECTION('',(-1.,0.,6.12323399573677E-17));
#3471=DIRECTION('',(0.,-1.,0.));
#3472=DIRECTION('',(6.12323399573677E-17,0.,1.));
#3473=DIRECTION('',(0.,1.,0.));
#3474=DIRECTION('',(-6.12323399573677E-17,0.,-1.));
#3475=DIRECTION('',(-4.32978028117747E-17,0.707106781186547,-0.707106781186549));
#3476=DIRECTION('',(0.,1.,0.));
#3477=DIRECTION('',(-6.12323399573677E-17,0.,-1.));
#3478=DIRECTION('',(0.,-1.,0.));
#3479=DIRECTION('',(-4.32978028117747E-17,-0.707106781186547,-0.707106781186548));
#3480=DIRECTION('',(-6.12323399573677E-17,0.,-1.));
#3481=DIRECTION('',(0.,-1.,0.));
#3482=DIRECTION('',(-2.12442355226077E-32,1.,-3.46944695195362E-16));
#3483=DIRECTION('',(6.12323399573677E-17,-5.91912619587887E-17,1.));
#3484=DIRECTION('',(2.12442355226077E-32,-1.,3.46944695195362E-16));
#3485=DIRECTION('',(-6.12323399573677E-17,-8.67361737988404E-17,-1.));
#3486=DIRECTION('',(-1.3010426069826E-16,1.,0.));
#3487=DIRECTION('',(-1.,-1.3010426069826E-16,0.));
#3488=DIRECTION('',(-0.961523947640823,-1.25098362351482E-16,0.274721127897378));
#3489=DIRECTION('',(-0.704091030025638,-1.20831339135945E-16,0.710109724928082));
#3490=DIRECTION('',(0.,0.,-1.));
#3491=DIRECTION('',(-0.704091030025642,-9.16052429257628E-17,-0.710109724928078));
#3492=DIRECTION('',(-0.961523947640823,-1.25098362351482E-16,-0.274721127897378));
#3493=DIRECTION('',(0.,0.,1.));
#3494=DIRECTION('',(-0.695022096847475,-0.718988376049112,0.));
#3495=DIRECTION('',(0.718988376049112,-0.695022096847475,0.));
#3496=DIRECTION('',(3.53813064782254E-16,-3.42019295956179E-16,-1.));
#3497=DIRECTION('',(0.590395632033114,-0.57071577763201,-0.57071577763201));
#3498=DIRECTION('',(0.714458491809415,-0.6906432087491,0.112075963926988));
#3499=DIRECTION('',(-0.7042817455459,0.680805687361036,-0.201223355870257));
#3500=DIRECTION('',(0.,0.,1.));
#3501=DIRECTION('',(0.7042817455459,-0.680805687361036,-0.201223355870257));
#3502=DIRECTION('',(-0.714458491809415,0.6906432087491,0.112075963926986));
#3503=DIRECTION('',(-0.590395632033114,0.57071577763201,-0.57071577763201));
#3504=DIRECTION('',(5.80900982181058E-17,0.316227766016838,0.948683298050514));
#3505=DIRECTION('',(0.,-0.948683298050514,0.316227766016838));
#3506=DIRECTION('',(1.,0.,-6.12323399573677E-17));
#3507=DIRECTION('',(-0.700436828310927,0.677088934033895,-0.225696311344632));
#3508=DIRECTION('',(1.,0.,-6.12323399573677E-17));
#3509=DIRECTION('',(-0.741998516004451,0.635998728003817,-0.211999576001272));
#3510=DIRECTION('',(0.232021684653779,-0.922794312978456,0.307598104326152));
#3511=DIRECTION('',(-0.688247201611685,-0.688247201611685,0.229415733870562));
#3512=DIRECTION('',(-5.80900982181058E-17,0.316227766016838,-0.948683298050514));
#3513=DIRECTION('',(0.,0.948683298050514,0.316227766016838));
#3514=DIRECTION('',(0.138758085847819,-0.939506026723972,-0.313168675574657));
#3515=DIRECTION('',(-0.700436828310927,0.677088934033895,0.225696311344632));
#3516=DIRECTION('',(1.,2.2651676696007E-33,-6.12323399573677E-17));
#3517=DIRECTION('',(-0.600473691349949,0.758609393164169,0.25286979772139));
#3518=DIRECTION('',(0.700436828310927,-0.677088934033895,-0.225696311344632));
#3519=DIRECTION('',(-1.,3.89780815243846E-33,6.12323399573677E-17));
#3520=DIRECTION('',(5.80900982181058E-17,0.316227766016837,0.948683298050514));
#3521=DIRECTION('',(0.,-0.948683298050514,0.316227766016837));
#3522=DIRECTION('',(-1.,-2.92335611432884E-33,6.12323399573677E-17));
#3523=DIRECTION('',(0.700436828310927,-0.677088934033895,0.225696311344632));
#3524=DIRECTION('',(-0.138758085847817,0.939506026723972,-0.313168675574657));
#3525=DIRECTION('',(1.,-1.58131796690736E-34,-6.12323399573677E-17));
#3526=DIRECTION('',(-0.700436828310927,0.677088934033895,-0.225696311344632));
#3527=DIRECTION('',(-0.600473691349951,0.758609393164168,-0.252869797721389));
#3528=DIRECTION('',(6.02798110223678E-33,-1.,9.84444021971673E-17));
#3529=DIRECTION('',(0.,-9.84444021971673E-17,-1.));
#3530=DIRECTION('',(6.02798110223678E-33,-1.,9.84444021971673E-17));
#3531=DIRECTION('',(0.,-9.84444021971673E-17,-1.));
#3532=DIRECTION('',(-1.,0.,6.12323399573677E-17));
#3533=DIRECTION('',(-1.0183903675569E-16,9.84444021971673E-17,1.));
#3534=DIRECTION('',(1.,-1.3684555315672E-48,-6.12323399573677E-17));
#3535=DIRECTION('',(-0.643767531824793,-1.22093990921321E-16,-0.76522112161663));
#3536=DIRECTION('',(1.0183903675569E-16,-9.84444021971673E-17,-1.));
#3537=DIRECTION('',(0.643767531824793,-1.22093990921321E-16,-0.765221121616631));
#3538=DIRECTION('',(-1.,0.,0.));
#3539=DIRECTION('',(0.,0.,1.));
#3540=DIRECTION('',(0.,0.,1.));
#3541=DIRECTION('',(0.,0.675622134702897,0.737248079753009));
#3542=DIRECTION('',(0.,1.,0.));
#3543=DIRECTION('',(0.,0.,1.));
#3544=DIRECTION('',(0.,1.,0.));
#3545=DIRECTION('',(0.,-0.675622134702896,0.737248079753011));
#3546=DIRECTION('',(-0.695022096847475,-0.718988376049112,0.));
#3547=DIRECTION('',(0.718988376049112,-0.695022096847475,0.));
#3548=DIRECTION('',(-0.590395632033114,0.57071577763201,0.57071577763201));
#3549=DIRECTION('',(-3.53813064782254E-16,3.42019295956179E-16,1.));
#3550=DIRECTION('',(0.590395632033114,-0.57071577763201,0.57071577763201));
#3551=DIRECTION('',(0.714458491809415,-0.6906432087491,-0.112075963926986));
#3552=DIRECTION('',(0.700436828310927,-0.677088934033895,-0.225696311344632));
#3553=DIRECTION('',(0.517558146202758,-0.500306207995999,-0.694137784261763));
#3554=DIRECTION('',(1.0183903675569E-16,-9.84444021971673E-17,-1.));
#3555=DIRECTION('',(-0.517558146202756,0.500306207995997,-0.694137784261765));
#3556=DIRECTION('',(-0.700436828310927,0.677088934033895,-0.225696311344632));
#3557=DIRECTION('',(-0.714458491809415,0.6906432087491,-0.112075963926988));
#3558=DIRECTION('',(0.,0.,1.));
#3559=DIRECTION('',(0.718988376049112,-0.695022096847475,-4.40253406676349E-17));
#3560=DIRECTION('',(0.,0.,-1.));
#3561=DIRECTION('',(-0.718988376049112,0.695022096847475,4.40253406676349E-17));
#3562=DIRECTION('',(0.,0.,1.));
#3563=DIRECTION('',(-0.590395632033114,0.57071577763201,0.57071577763201));
#3564=DIRECTION('',(-0.718988376049112,0.695022096847475,4.40253406676349E-17));
#3565=DIRECTION('',(0.,0.,1.));
#3566=DIRECTION('',(0.718988376049112,-0.695022096847475,-4.40253406676349E-17));
#3567=DIRECTION('',(0.590395632033114,-0.570715777632009,0.570715777632011));
#3568=DIRECTION('',(-0.700436828310927,0.677088934033895,0.225696311344632));
#3569=DIRECTION('',(0.,0.,-1.));
#3570=DIRECTION('',(0.700436828310927,-0.677088934033895,0.225696311344632));
#3571=DIRECTION('',(-8.97270763436281E-17,8.67361737988404E-17,1.));
#3572=DIRECTION('',(-1.,0.,0.));
#3573=DIRECTION('',(0.,0.,1.));
#3574=DIRECTION('',(0.,1.,0.));
#3575=DIRECTION('',(0.,0.,1.));
#3576=DIRECTION('',(0.,1.,0.));
#3577=DIRECTION('',(2.12442355226077E-32,-1.,3.46944695195362E-16));
#3578=DIRECTION('',(0.,-3.46944695195362E-16,-1.));
#3579=DIRECTION('',(1.,0.,-6.12323399573677E-17));
#3580=DIRECTION('',(1.,0.,-6.12323399573677E-17));
#3581=DIRECTION('',(-6.12323399573677E-17,0.,-1.));
#3582=DIRECTION('',(-1.,0.,6.12323399573677E-17));
#3583=DIRECTION('',(-0.830240281670257,0.557405664388238,7.44336765499126E-17));
#3584=DIRECTION('',(-2.12442355226077E-32,1.,-3.46944695195362E-16));
#3585=DIRECTION('',(-5.80900982181058E-17,0.316227766016838,-0.948683298050514));
#3586=DIRECTION('',(0.,0.948683298050514,0.316227766016838));
#3587=DIRECTION('',(1.,0.,-6.12323399573677E-17));
#3588=DIRECTION('',(0.700436828310927,-0.677088934033895,-0.225696311344632));
#3589=DIRECTION('',(1.,0.,-6.12323399573677E-17));
#3590=DIRECTION('',(0.688247201611685,0.688247201611685,0.229415733870562));
#3591=DIRECTION('',(0.232021684653778,-0.922794312978456,-0.307598104326152));
#3592=DIRECTION('',(-0.741998516004452,0.635998728003816,0.211999576001272));
#3593=DIRECTION('',(-6.12323399573677E-17,0.,-1.));
#3594=DIRECTION('',(-1.,0.,6.12323399573677E-17));
#3595=DIRECTION('',(0.830240281670257,-0.557405664388238,-5.08375551735339E-17));
#3596=DIRECTION('',(-2.12442355226077E-32,1.,-3.46944695195362E-16));
#3597=DIRECTION('',(-4.32978028117746E-17,0.707106781186548,-0.707106781186547));
#3598=DIRECTION('',(0.,0.707106781186547,0.707106781186548));
#3599=DIRECTION('',(1.,0.,-6.12323399573677E-17));
#3600=DIRECTION('',(-0.274884170904362,-0.679867153415364,-0.679867153415365));
#3601=DIRECTION('',(0.590395632033114,-0.57071577763201,-0.57071577763201));
#3602=DIRECTION('',(1.,0.,-6.12323399573677E-17));
#3603=DIRECTION('',(4.32978028117747E-17,0.707106781186547,0.707106781186548));
#3604=DIRECTION('',(-6.12323399573677E-17,0.,-1.));
#3605=DIRECTION('',(-1.,0.,6.12323399573677E-17));
#3606=DIRECTION('',(1.,0.,-6.12323399573677E-17));
#3607=DIRECTION('',(0.718988376049112,-0.695022096847475,-4.40253406676349E-17));
#3608=DIRECTION('',(0.,1.,0.));
#3609=DIRECTION('',(0.,1.,0.));
#3610=DIRECTION('',(0.,0.,1.));
#3611=DIRECTION('',(0.,1.,0.));
#3612=DIRECTION('',(0.,0.,1.));
#3613=DIRECTION('',(-0.821147673175713,0.,0.570715777632013));
#3614=DIRECTION('',(0.,0.,-1.));
#3615=DIRECTION('',(0.821147673175718,0.,0.570715777632004));
#3616=DIRECTION('',(6.12323399573677E-17,0.,1.));
#3617=DIRECTION('',(1.,0.,-6.12323399573677E-17));
#3618=DIRECTION('',(6.12323399573677E-17,0.,1.));
#3619=DIRECTION('',(1.,0.,-6.12323399573677E-17));
#3620=DIRECTION('',(1.,0.,-6.12323399573677E-17));
#3621=DIRECTION('',(-0.718988376049112,0.695022096847475,4.40253406676349E-17));
#3622=DIRECTION('',(0.,-1.,0.));
#3623=DIRECTION('',(4.32978028117746E-17,0.707106781186549,0.707106781186547));
#3624=DIRECTION('',(0.,-0.707106781186547,0.707106781186549));
#3625=DIRECTION('',(1.,0.,-6.12323399573677E-17));
#3626=DIRECTION('',(-0.590395632033114,0.570715777632009,-0.570715777632011));
#3627=DIRECTION('',(0.274884170904343,0.679867153415367,-0.679867153415369));
#3628=DIRECTION('',(4.32978028117747E-17,-0.707106781186547,0.707106781186549));
#3629=DIRECTION('',(0.,1.,0.));
#3630=DIRECTION('',(0.,0.,1.));
#3631=DIRECTION('',(-0.821147673175715,0.,0.570715777632009));
#3632=DIRECTION('',(0.,0.,-1.));
#3633=DIRECTION('',(0.713174712952455,0.,-0.700986325690583));
#3634=DIRECTION('',(6.12323399573677E-17,0.,1.));
#3635=DIRECTION('',(1.,0.,-6.12323399573677E-17));
#3636=DIRECTION('',(6.12323399573677E-17,0.,1.));
#3637=DIRECTION('',(1.,0.,-6.12323399573677E-17));
#3638=DIRECTION('',(1.,0.,-6.12323399573677E-17));
#3639=DIRECTION('',(-0.374841048946675,-0.927089093897969,2.29523945390791E-17));
#3640=DIRECTION('',(-0.718988376049112,0.695022096847475,4.40253406676349E-17));
#3641=DIRECTION('',(0.,-1.,0.));
#3642=DIRECTION('',(0.,-1.,0.));
#3643=DIRECTION('',(0.,0.,-1.));
#3644=DIRECTION('',(0.,-1.,0.));
#3645=DIRECTION('',(0.,0.,-1.));
#3646=DIRECTION('',(1.,0.,-6.12323399573677E-17));
#3647=DIRECTION('',(0.,0.,1.));
#3648=DIRECTION('',(-6.12323399573677E-17,0.,-1.));
#3649=DIRECTION('',(-6.12323399573677E-17,0.,-1.));
#3650=DIRECTION('',(-1.,0.,6.12323399573677E-17));
#3651=DIRECTION('',(1.,0.,-6.12323399573677E-17));
#3652=DIRECTION('',(0.718988376049112,-0.695022096847475,-4.40253406676349E-17));
#3653=DIRECTION('',(0.374841048946675,0.927089093897969,-2.29523945390791E-17));
#3654=DIRECTION('',(0.,1.,0.));
#3655=DIRECTION('',(0.,1.,0.));
#3656=DIRECTION('',(0.,0.,1.));
#3657=DIRECTION('',(-0.713174712952479,0.,-0.700986325690558));
#3658=DIRECTION('',(0.,0.,-1.));
#3659=DIRECTION('',(0.821147673175714,0.,0.57071577763201));
#3660=DIRECTION('',(6.12323399573677E-17,0.,1.));
#3661=DIRECTION('',(5.31105888065192E-33,-1.,8.67361737988404E-17));
#3662=DIRECTION('',(0.,-8.67361737988404E-17,-1.));
#3663=DIRECTION('',(-5.31105888065192E-33,1.,-8.67361737988404E-17));
#3664=DIRECTION('',(0.,8.67361737988404E-17,1.));
#3665=DIRECTION('',(-0.806680236439625,-1.00124322953256E-16,-0.590988152282016));
#3666=DIRECTION('',(8.97270763436281E-17,-8.67361737988404E-17,-1.));
#3667=DIRECTION('',(0.806680236439623,-1.00124322953257E-16,-0.590988152282018));
#3668=DIRECTION('',(6.12323399573677E-17,8.67361737988404E-17,1.));
#3669=DIRECTION('',(-0.274721127897378,-3.33595632937286E-16,-0.961523947640823));
#3670=DIRECTION('',(-0.961523947640823,0.,0.274721127897378));
#3671=DIRECTION('',(-2.46519032881566E-32,1.,-3.46944695195362E-16));
#3672=DIRECTION('',(-0.7042817455459,0.680805687361036,0.201223355870257));
#3673=DIRECTION('',(0.274721127897378,-3.33595632937286E-16,-0.961523947640823));
#3674=DIRECTION('',(-0.961523947640823,0.,-0.274721127897378));
#3675=DIRECTION('',(0.7042817455459,-0.680805687361036,0.201223355870257));
#3676=DIRECTION('',(2.41776493273224E-32,-1.,3.46944695195362E-16));
#3677=DIRECTION('',(2.09426418019683E-32,-1.,3.42019295956179E-16));
#3678=DIRECTION('',(0.,-3.42019295956179E-16,-1.));
#3679=DIRECTION('',(-2.09426418019683E-32,1.,-3.42019295956179E-16));
#3680=DIRECTION('',(0.,3.42019295956179E-16,1.));
#3681=DIRECTION('',(-1.,2.73691106313441E-48,6.12323399573677E-17));
#3682=DIRECTION('',(0.713174712952457,-2.39750849587602E-16,-0.700986325690581));
#3683=DIRECTION('',(3.53813064782254E-16,-3.42019295956179E-16,-1.));
#3684=DIRECTION('',(0.713174712952463,2.39750849587599E-16,0.700986325690574));
#3685=DIRECTION('',(1.,-2.73691106313441E-48,-6.12323399573677E-17));
#3686=DIRECTION('',(-3.53813064782254E-16,3.42019295956179E-16,1.));
#3687=DIRECTION('',(-6.04416747737129E-17,-0.160182243006971,-0.987087457637496));
#3688=DIRECTION('',(1.,3.08148791101958E-33,-6.12323399573677E-17));
#3689=DIRECTION('',(-1.,2.22509856978886E-33,6.12323399573677E-17));
#3690=DIRECTION('',(0.714458491809415,-0.6906432087491,0.112075963926988));
#3691=DIRECTION('',(0.620214617642752,-0.774303155576161,0.125652104347895));
#3692=DIRECTION('',(-0.714458491809415,0.6906432087491,-0.112075963926988));
#3693=DIRECTION('',(0.144558356814102,0.976719364045749,-0.158499733038495));
#3694=DIRECTION('',(-4.32978028117747E-17,0.707106781186547,-0.707106781186548));
#3695=DIRECTION('',(1.,-2.73691106313441E-48,-6.12323399573677E-17));
#3696=DIRECTION('',(0.590395632033114,-0.57071577763201,-0.57071577763201));
#3697=DIRECTION('',(0.399454932140526,0.648242145030932,0.648242145030932));
#3698=DIRECTION('',(-0.590395632033114,0.57071577763201,0.57071577763201));
#3699=DIRECTION('',(-0.274884170904346,-0.679867153415368,-0.679867153415367));
#3700=DIRECTION('',(-6.04416747737129E-17,0.160182243006968,-0.987087457637497));
#3701=DIRECTION('',(-1.,-3.08148791101957E-33,6.12323399573677E-17));
#3702=DIRECTION('',(0.620214617642749,-0.774303155576164,-0.125652104347893));
#3703=DIRECTION('',(0.714458491809415,-0.6906432087491,-0.112075963926986));
#3704=DIRECTION('',(1.,7.59696171459011E-33,-6.12323399573677E-17));
#3705=DIRECTION('',(-0.144558356814102,-0.976719364045749,-0.158499733038492));
#3706=DIRECTION('',(-0.714458491809415,0.6906432087491,0.112075963926986));
#3707=DIRECTION('',(-4.32978028117746E-17,-0.707106781186548,-0.707106781186548));
#3708=DIRECTION('',(-1.,2.73691106313441E-48,6.12323399573677E-17));
#3709=DIRECTION('',(-0.39945493214053,-0.648242145030931,0.648242145030931));
#3710=DIRECTION('',(0.590395632033114,-0.57071577763201,0.57071577763201));
#3711=DIRECTION('',(-0.274884170904347,-0.679867153415368,0.679867153415368));
#3712=DIRECTION('',(-0.590395632033114,0.57071577763201,-0.57071577763201));
#3713=DIRECTION('',(-3.58031789271009E-17,-0.811242185175561,-0.584710284663765));
#3714=DIRECTION('',(1.,0.,-6.12323399573677E-17));
#3715=DIRECTION('',(0.517558146202756,-0.500306207995997,0.694137784261765));
#3716=DIRECTION('',(0.230068468328985,0.569025106607145,-0.78948016310195));
#3717=DIRECTION('',(-0.517558146202756,0.500306207995997,-0.694137784261765));
#3718=DIRECTION('',(-0.23006846832899,-0.569025106607144,0.789480163101949));
#3719=DIRECTION('',(3.5803178927101E-17,-0.81124218517556,0.584710284663767));
#3720=DIRECTION('',(1.,-7.21239392734802E-49,-6.12323399573677E-17));
#3721=DIRECTION('',(-0.230068468328986,-0.569025106607147,-0.789480163101949));
#3722=DIRECTION('',(-0.517558146202758,0.500306207995999,0.694137784261763));
#3723=DIRECTION('',(0.230068468328987,0.569025106607147,0.789480163101949));
#3724=DIRECTION('',(0.517558146202758,-0.500306207995999,-0.694137784261763));
#3725=DIRECTION('',(-0.927089093897971,0.374841048946669,-1.31314863291789E-16));
#3726=DIRECTION('',(-1.0183903675569E-16,9.84444021971673E-17,1.));
#3727=DIRECTION('',(-0.359103150151912,-0.888164770175984,-0.286719843347498));
#3728=DIRECTION('',(-0.359103150151912,-0.888164770175985,0.286719843347496));
#3729=DIRECTION('',(-0.761304085033888,0.101051753701744,-0.640472195481207));
#3730=DIRECTION('',(-0.517558146202758,0.500306207995999,0.694137784261763));
#3731=DIRECTION('',(0.603269699097525,0.472446563248894,-0.642541761308236));
#3732=DIRECTION('',(-0.76130408503389,0.101051753701744,0.640472195481204));
#3733=DIRECTION('',(0.517558146202756,-0.500306207995997,0.694137784261765));
#3734=DIRECTION('',(0.603269699097527,0.472446563248881,0.642541761308245));
#3735=DIRECTION('',(0.559108596033089,0.323999654448388,0.763165645033392));
#3736=DIRECTION('',(-0.700436828310927,0.677088934033895,0.225696311344632));
#3737=DIRECTION('',(-0.764759514796352,-0.153977118307823,0.625646810561731));
#3738=DIRECTION('',(0.559108596033094,0.323999654448395,-0.763165645033386));
#3739=DIRECTION('',(0.700436828310927,-0.677088934033895,0.225696311344632));
#3740=DIRECTION('',(0.764759514796327,0.153977118307878,0.625646810561748));
#3741=DIRECTION('',(0.522460535913733,0.420064560631012,0.742011289209679));
#3742=DIRECTION('',(0.714458491809415,-0.6906432087491,-0.112075963926986));
#3743=DIRECTION('',(-0.847781632978359,0.162928224530595,0.504698619411481));
#3744=DIRECTION('',(-0.522460535913735,-0.420064560631013,0.742011289209677));
#3745=DIRECTION('',(0.714458491809415,-0.6906432087491,0.112075963926988));
#3746=DIRECTION('',(-0.847781632978357,0.162928224530583,-0.504698619411489));
#3747=DIRECTION('',(0.400152125967971,0.82106023907566,0.407109763936379));
#3748=DIRECTION('',(0.590395632033114,-0.57071577763201,0.57071577763201));
#3749=DIRECTION('',(0.916112497464207,-0.370402986900469,-0.15342594071768));
#3750=DIRECTION('',(-0.400152125967965,-0.821060239075661,0.407109763936382));
#3751=DIRECTION('',(0.590395632033114,-0.57071577763201,-0.57071577763201));
#3752=DIRECTION('',(0.916112497464209,-0.37040298690047,0.153425940717666));
#3753=DIRECTION('',(0.37484104894669,0.927089093897963,-1.8445869884961E-16));
#3754=DIRECTION('',(3.53813064782254E-16,-3.42019295956179E-16,-1.));
#3755=DIRECTION('',(0.707106781186548,-0.707106781186548,1.80339338555603E-17));
#3756=DIRECTION('',(6.12323399573677E-17,8.67361737988404E-17,1.));
#3757=DIRECTION('',(0.515878036872922,0.515878036872922,0.683914981663861));
#3758=DIRECTION('',(-0.515878036872921,-0.515878036872921,0.683914981663864));
#3759=DIRECTION('',(-0.374841048946674,-0.927089093897969,5.30932802710773E-17));
#3760=DIRECTION('',(1.0183903675569E-16,-9.84444021971673E-17,-1.));
#3761=DIRECTION('',(0.920375169508262,-0.372126472238404,0.120130911975391));
#3762=DIRECTION('',(0.920375169508262,-0.372126472238404,-0.120130911975391));
#3763=DIRECTION('',(0.798348648116028,-2.08928538755916E-16,-0.602195513144452));
#3764=DIRECTION('',(2.12442355226076E-32,-1.,3.46944695195362E-16));
#3765=DIRECTION('',(-0.580065011315474,0.268605381864976,-0.769009578276337));
#3766=DIRECTION('',(-0.92060363263662,-0.390498337482067,3.32566252112207E-17));
#3767=DIRECTION('',(6.12323399573677E-17,-5.91912619587887E-17,1.));
#3768=DIRECTION('',(0.390283113950245,-0.920096241064861,0.0331963573846978));
#3769=DIRECTION('',(-0.390283113950245,0.920096241064861,0.033196357384697));
#3770=DIRECTION('',(-0.79834864811603,-2.08928538755915E-16,-0.60219551314445));
#3771=DIRECTION('',(-2.12442355226077E-32,1.,-3.46944695195362E-16));
#3772=DIRECTION('',(-0.580065011315472,0.268605381864981,0.769009578276337));
#3773=DIRECTION('',(0.801403000577305,0.357244114129081,-0.479718535795544));
#3774=DIRECTION('',(-0.513611199151399,0.,-0.858023039379632));
#3775=DIRECTION('',(0.00369820299134179,0.799062714702282,0.601236310669319));
#3776=DIRECTION('',(-0.390576055858366,-0.859931532922516,-0.328585001598756));
#3777=DIRECTION('',(0.517558146202756,-0.500306207995997,0.694137784261765));
#3778=DIRECTION('',(-0.892802714935756,0.266837144311808,0.3629066692951));
#3779=DIRECTION('',(-0.390576055858366,-0.859931532922515,0.328585001598757));
#3780=DIRECTION('',(-0.517558146202758,0.500306207995999,0.694137784261763));
#3781=DIRECTION('',(-0.892802714935756,0.266837144311808,-0.362906669295099));
#3782=DIRECTION('',(0.801403000577307,0.357244114129082,0.479718535795539));
#3783=DIRECTION('',(0.513611199151395,0.,-0.858023039379635));
#3784=DIRECTION('',(0.00369820299134208,0.799062714702279,-0.601236310669324));
#3785=DIRECTION('',(0.37484104894667,0.927089093897971,0.));
#3786=DIRECTION('',(0.,0.,-1.));
#3787=DIRECTION('',(-0.775633680876869,0.313604533212477,0.547763260759596));
#3788=DIRECTION('',(0.77563368087687,-0.313604533212478,0.547763260759592));
#3789=DIRECTION('',(0.62834377335931,0.465867517998948,-0.62301810419448));
#3790=DIRECTION('',(-0.7042817455459,0.680805687361036,-0.201223355870257));
#3791=DIRECTION('',(-0.709453080490043,0.671720331931779,-0.213232554392261));
#3792=DIRECTION('',(0.682923417428926,-0.713864273752204,0.154962590929025));
#3793=DIRECTION('',(0.443605486201013,0.660738071648795,0.605507533632898));
#3794=DIRECTION('',(-0.700436828310927,0.677088934033895,-0.225696311344632));
#3795=DIRECTION('',(-0.859475950799675,0.122159711642252,0.496364880756562));
#3796=DIRECTION('',(0.443605486201012,0.660738071648795,-0.605507533632898));
#3797=DIRECTION('',(0.700436828310927,-0.677088934033895,-0.225696311344632));
#3798=DIRECTION('',(-0.709453080490043,0.671720331931779,0.213232554392261));
#3799=DIRECTION('',(0.859475950799672,-0.122159711642242,0.49636488075657));
#3800=DIRECTION('',(-0.628343773359312,-0.465867517998951,-0.623018104194476));
#3801=DIRECTION('',(0.7042817455459,-0.680805687361036,-0.201223355870257));
#3802=DIRECTION('',(-0.682923417428925,0.713864273752204,0.154962590929024));
#3803=DIRECTION('',(-0.465385917163542,-0.588691534770649,-0.660952513419252));
#3804=DIRECTION('',(0.714458491809415,-0.6906432087491,0.112075963926988));
#3805=DIRECTION('',(0.69363162544439,0.221293631757626,-0.685495657700976));
#3806=DIRECTION('',(0.465385917163543,0.588691534770648,-0.660952513419252));
#3807=DIRECTION('',(0.714458491809415,-0.6906432087491,-0.112075963926986));
#3808=DIRECTION('',(0.693631625444392,0.221293631757623,0.685495657700975));
#3809=DIRECTION('',(-0.700935998333334,-0.0119826946431784,-0.713123510529236));
#3810=DIRECTION('',(0.590395632033114,-0.57071577763201,-0.57071577763201));
#3811=DIRECTION('',(0.349926838059568,0.8654691265507,-0.358489050032496));
#3812=DIRECTION('',(0.700935998333332,0.0119826946431765,-0.713123510529237));
#3813=DIRECTION('',(0.590395632033114,-0.57071577763201,0.57071577763201));
#3814=DIRECTION('',(0.349926838059568,0.865469126550701,0.358489050032493));
#3815=DIRECTION('',(0.927089093897969,-0.374841048946674,4.56219105294461E-16));
#3816=DIRECTION('',(3.53813064782254E-16,-3.42019295956179E-16,-1.));
#3817=DIRECTION('',(-0.491454837755339,-0.508401556298627,0.707106781186553));
#3818=DIRECTION('',(0.718988376049112,-0.695022096847475,-4.40253406676349E-17));
#3819=DIRECTION('',(-0.868105925768896,0.350992949818753,-0.350992949818738));
#3820=DIRECTION('',(-0.865160211069242,0.191914046979425,-0.463321495027592));
#3821=DIRECTION('',(-0.374841048946681,-0.927089093897966,0.));
#3822=DIRECTION('',(0.,0.,-1.));
#3823=DIRECTION('',(-0.868105925768893,0.350992949818753,0.350992949818745));
#3824=DIRECTION('',(-0.400152125967957,-0.82106023907566,0.407109763936392));
#3825=DIRECTION('',(0.590395632033114,-0.57071577763201,-0.57071577763201));
#3826=DIRECTION('',(-0.916112497464212,0.370402986900461,-0.153425940717665));
#3827=DIRECTION('',(-0.491454837755345,-0.508401556298633,-0.707106781186545));
#3828=DIRECTION('',(-0.718988376049112,0.695022096847475,4.40253406676349E-17));
#3829=DIRECTION('',(-0.865160211069242,0.191914046979453,0.463321495027582));
#3830=DIRECTION('',(-0.374841048946681,-0.927089093897966,0.));
#3831=DIRECTION('',(0.,0.,-1.));
#3832=DIRECTION('',(-0.868105925768894,0.350992949818753,-0.350992949818743));
#3833=DIRECTION('',(-0.400152125967971,-0.82106023907566,-0.407109763936378));
#3834=DIRECTION('',(-0.590395632033114,0.570715777632009,-0.570715777632011));
#3835=DIRECTION('',(-0.916112497464207,0.370402986900459,0.153425940717703));
#3836=DIRECTION('',(-0.491454837755343,-0.508401556298631,0.707106781186547));
#3837=DIRECTION('',(0.718988376049112,-0.695022096847475,-4.40253406676349E-17));
#3838=DIRECTION('',(-0.274884170904348,-0.679867153415367,-0.679867153415368));
#3839=DIRECTION('',(-0.374841048946681,-0.927089093897966,0.));
#3840=DIRECTION('',(0.,0.,-1.));
#3841=DIRECTION('',(-0.868105925768894,0.350992949818753,0.350992949818742));
#3842=DIRECTION('',(-0.927089093897969,0.374841048946675,0.));
#3843=DIRECTION('',(0.,0.,1.));
#3844=DIRECTION('',(0.274884170904348,0.679867153415369,-0.679867153415366));
#3845=DIRECTION('',(-0.491454837755342,-0.50840155629863,-0.707106781186549));
#3846=DIRECTION('',(-0.718988376049112,0.695022096847475,4.40253406676349E-17));
#3847=DIRECTION('',(0.374841048946677,0.927089093897968,-4.67787693597795E-17));
#3848=DIRECTION('',(-8.97270763436281E-17,8.67361737988404E-17,1.));
#3849=DIRECTION('',(0.895000440881851,-0.361866951381496,0.260818941641811));
#3850=DIRECTION('',(0.895000440881851,-0.361866951381496,-0.260818941641813));
#3851=DIRECTION('',(-0.443605486201013,-0.660738071648796,-0.605507533632896));
#3852=DIRECTION('',(-0.700436828310927,0.677088934033895,-0.225696311344632));
#3853=DIRECTION('',(0.317129834571959,-0.747636672685697,0.583496421308495));
#3854=DIRECTION('',(-0.443605486201012,-0.660738071648795,0.605507533632898));
#3855=DIRECTION('',(0.700436828310927,-0.677088934033895,-0.225696311344632));
#3856=DIRECTION('',(-0.31712983457196,0.747636672685698,0.583496421308494));
#3857=DIRECTION('',(0.920603632636617,0.390498337482075,0.));
#3858=DIRECTION('',(0.,0.,1.));
#3859=DIRECTION('',(-0.707106781186548,0.,-0.707106781186547));
#3860=DIRECTION('',(0.,1.,0.));
#3861=DIRECTION('',(-0.678598344545847,-0.281084637714821,0.678598344545847));
#3862=DIRECTION('',(-0.577350269189626,-0.577350269189626,0.577350269189626));
#3863=DIRECTION('',(-0.707106781186548,0.707106781186548,4.32978028117746E-17));
#3864=DIRECTION('',(6.12323399573677E-17,0.,1.));
#3865=DIRECTION('',(-0.577350269189626,-0.577350269189626,-0.577350269189625));
#3866=DIRECTION('',(-0.707106781186548,0.5,-0.5));
#3867=DIRECTION('',(4.32978028117747E-17,0.707106781186547,0.707106781186548));
#3868=DIRECTION('',(-0.678598344545847,-0.678598344545847,0.28108463771482));
#3869=DIRECTION('',(-0.707106781186547,0.,0.707106781186548));
#3870=DIRECTION('',(0.,-1.,0.));
#3871=DIRECTION('',(-0.678598344545847,-0.281084637714822,-0.678598344545846));
#3872=DIRECTION('',(-0.707106781186548,0.707106781186547,4.32978028117747E-17));
#3873=DIRECTION('',(6.12323399573677E-17,0.,1.));
#3874=DIRECTION('',(-0.577350269189625,-0.577350269189626,0.577350269189626));
#3875=DIRECTION('',(-0.707106781186548,0.5,0.5));
#3876=DIRECTION('',(4.32978028117747E-17,-0.707106781186547,0.707106781186549));
#3877=DIRECTION('',(-0.678598344545847,-0.678598344545847,-0.281084637714822));
#3878=DIRECTION('',(-0.707106781186548,0.,-0.707106781186547));
#3879=DIRECTION('',(0.,1.,0.));
#3880=DIRECTION('',(-0.577350269189626,0.577350269189625,0.577350269189626));
#3881=DIRECTION('',(-0.707106781186547,0.707106781186548,4.32978028117746E-17));
#3882=DIRECTION('',(6.12323399573677E-17,0.,1.));
#3883=DIRECTION('',(-0.577350269189626,-0.577350269189626,-0.577350269189626));
#3884=DIRECTION('',(-0.707106781186547,-0.707106781186548,4.32978028117746E-17));
#3885=DIRECTION('',(-6.12323399573677E-17,0.,-1.));
#3886=DIRECTION('',(0.577350269189626,-0.577350269189626,0.577350269189626));
#3887=DIRECTION('',(-0.707106781186547,0.,0.707106781186548));
#3888=DIRECTION('',(0.,-1.,0.));
#3889=DIRECTION('',(2.09426418019683E-32,-1.,3.42019295956179E-16));
#3890=DIRECTION('',(0.,-3.42019295956179E-16,-1.));
#3891=DIRECTION('',(-2.09426418019683E-32,1.,-3.42019295956179E-16));
#3892=DIRECTION('',(0.,3.42019295956179E-16,1.));
#3893=DIRECTION('',(-2.09426418019683E-32,1.,-3.42019295956179E-16));
#3894=DIRECTION('',(0.,3.42019295956179E-16,1.));
#3895=DIRECTION('',(-5.31105888065192E-33,1.,-8.67361737988404E-17));
#3896=DIRECTION('',(0.,8.67361737988404E-17,1.));
#3897=DIRECTION('',(-5.31105888065192E-33,1.,-8.67361737988404E-17));
#3898=DIRECTION('',(0.,8.67361737988404E-17,1.));
#3899=CARTESIAN_POINT('',(0.,0.,0.));
#3900=CARTESIAN_POINT('',(0.097,-0.014,0.00299999999999931));
#3901=CARTESIAN_POINT('',(0.18,-0.023,0.003));
#3902=CARTESIAN_POINT('',(-0.012,-0.023,0.003));
#3903=CARTESIAN_POINT('',(-0.003,-0.023,0.003));
#3904=CARTESIAN_POINT('',(-0.003,-0.014,0.003));
#3905=CARTESIAN_POINT('',(-0.003,-0.024,0.003));
#3906=CARTESIAN_POINT('',(-0.003,-0.024,0.003));
#3907=CARTESIAN_POINT('',(-0.012,-0.024,0.003));
#3908=CARTESIAN_POINT('',(-0.012,-0.014,0.003));
#3909=CARTESIAN_POINT('',(-0.012,-0.014,3.98278349076308E-19));
#3910=CARTESIAN_POINT('',(-0.012,-0.023,-2.40741243048404E-34));
#3911=CARTESIAN_POINT('',(-0.012,-0.023,-0.003));
#3912=CARTESIAN_POINT('',(-0.012,-0.024,-4.42531498973678E-20));
#3913=CARTESIAN_POINT('',(-0.012,-0.024,-0.003));
#3914=CARTESIAN_POINT('',(-0.012,-0.014,-0.003));
#3915=CARTESIAN_POINT('',(0.097,-0.014,-0.0029999999999993));
#3916=CARTESIAN_POINT('',(0.18,-0.023,-0.003));
#3917=CARTESIAN_POINT('',(-0.003,-0.023,-0.003));
#3918=CARTESIAN_POINT('',(-0.003,-0.024,-0.003));
#3919=CARTESIAN_POINT('',(-0.003,-0.024,-0.003));
#3920=CARTESIAN_POINT('',(-0.003,-0.014,-0.003));
#3921=CARTESIAN_POINT('',(-0.003,-0.014,3.98278349076308E-19));
#3922=CARTESIAN_POINT('',(-0.003,-0.023,-4.81482486096809E-35));
#3923=CARTESIAN_POINT('',(-0.003,-0.024,-4.42531498973676E-20));
#3924=CARTESIAN_POINT('',(0.097,-0.014,0.00299999999999931));
#3925=CARTESIAN_POINT('',(0.18,-0.023,0.00299999999999983));
#3926=CARTESIAN_POINT('',(0.013,-0.023,0.00299999999999989));
#3927=CARTESIAN_POINT('',(0.022,-0.023,0.00299999999999989));
#3928=CARTESIAN_POINT('',(0.022,-0.014,0.00299999999999983));
#3929=CARTESIAN_POINT('',(0.022,-0.024,0.00299999999999989));
#3930=CARTESIAN_POINT('',(0.022,-0.024,0.00299999999999983));
#3931=CARTESIAN_POINT('',(0.013,-0.024,0.00299999999999994));
#3932=CARTESIAN_POINT('',(0.013,-0.014,0.003));
#3933=CARTESIAN_POINT('',(0.013,-0.014,1.74972345291233E-16));
#3934=CARTESIAN_POINT('',(0.013,-0.023,1.74574066942156E-16));
#3935=CARTESIAN_POINT('',(0.013,-0.023,-0.00299999999999977));
#3936=CARTESIAN_POINT('',(0.013,-0.024,1.74529813792259E-16));
#3937=CARTESIAN_POINT('',(0.013,-0.024,-0.00299999999999977));
#3938=CARTESIAN_POINT('',(0.013,-0.014,-0.00299999999999983));
#3939=CARTESIAN_POINT('',(0.097,-0.014,-0.0029999999999993));
#3940=CARTESIAN_POINT('',(0.18,-0.023,-0.00299999999999983));
#3941=CARTESIAN_POINT('',(0.022,-0.023,-0.00299999999999977));
#3942=CARTESIAN_POINT('',(0.022,-0.024,-0.00299999999999983));
#3943=CARTESIAN_POINT('',(0.022,-0.024,-0.00299999999999977));
#3944=CARTESIAN_POINT('',(0.022,-0.014,-0.00299999999999983));
#3945=CARTESIAN_POINT('',(0.022,-0.014,1.74972345291233E-16));
#3946=CARTESIAN_POINT('',(0.022,-0.023,1.74574066942156E-16));
#3947=CARTESIAN_POINT('',(0.022,-0.024,1.74529813792259E-16));
#3948=CARTESIAN_POINT('',(0.097,-0.014,0.00299999999999931));
#3949=CARTESIAN_POINT('',(0.18,-0.023,0.00299999999999965));
#3950=CARTESIAN_POINT('',(0.038,-0.023,0.00299999999999977));
#3951=CARTESIAN_POINT('',(0.047,-0.023,0.00299999999999977));
#3952=CARTESIAN_POINT('',(0.047,-0.014,0.00299999999999965));
#3953=CARTESIAN_POINT('',(0.047,-0.024,0.00299999999999977));
#3954=CARTESIAN_POINT('',(0.047,-0.024,0.00299999999999965));
#3955=CARTESIAN_POINT('',(0.038,-0.024,0.00299999999999989));
#3956=CARTESIAN_POINT('',(0.038,-0.014,0.003));
#3957=CARTESIAN_POINT('',(0.038,-0.014,3.4954641223339E-16));
#3958=CARTESIAN_POINT('',(0.038,-0.023,3.49148133884314E-16));
#3959=CARTESIAN_POINT('',(0.038,-0.023,-0.00299999999999954));
#3960=CARTESIAN_POINT('',(0.038,-0.024,3.49103880734416E-16));
#3961=CARTESIAN_POINT('',(0.038,-0.024,-0.00299999999999954));
#3962=CARTESIAN_POINT('',(0.038,-0.014,-0.00299999999999965));
#3963=CARTESIAN_POINT('',(0.097,-0.014,-0.0029999999999993));
#3964=CARTESIAN_POINT('',(0.18,-0.023,-0.00299999999999965));
#3965=CARTESIAN_POINT('',(0.047,-0.023,-0.00299999999999954));
#3966=CARTESIAN_POINT('',(0.047,-0.024,-0.00299999999999965));
#3967=CARTESIAN_POINT('',(0.047,-0.024,-0.00299999999999954));
#3968=CARTESIAN_POINT('',(0.047,-0.014,-0.00299999999999965));
#3969=CARTESIAN_POINT('',(0.047,-0.014,3.4954641223339E-16));
#3970=CARTESIAN_POINT('',(0.047,-0.023,3.49148133884314E-16));
#3971=CARTESIAN_POINT('',(0.047,-0.024,3.49103880734416E-16));
#3972=CARTESIAN_POINT('',(0.097,-0.014,0.00299999999999931));
#3973=CARTESIAN_POINT('',(0.18,-0.023,0.00299999999999948));
#3974=CARTESIAN_POINT('',(0.063,-0.023,0.00299999999999965));
#3975=CARTESIAN_POINT('',(0.072,-0.023,0.00299999999999965));
#3976=CARTESIAN_POINT('',(0.072,-0.014,0.00299999999999948));
#3977=CARTESIAN_POINT('',(0.072,-0.024,0.00299999999999965));
#3978=CARTESIAN_POINT('',(0.072,-0.024,0.00299999999999948));
#3979=CARTESIAN_POINT('',(0.063,-0.024,0.00299999999999983));
#3980=CARTESIAN_POINT('',(0.063,-0.014,0.003));
#3981=CARTESIAN_POINT('',(0.063,-0.014,5.24120479175546E-16));
#3982=CARTESIAN_POINT('',(0.063,-0.023,5.2372220082647E-16));
#3983=CARTESIAN_POINT('',(0.063,-0.023,-0.0029999999999993));
#3984=CARTESIAN_POINT('',(0.063,-0.024,5.23677947676573E-16));
#3985=CARTESIAN_POINT('',(0.063,-0.024,-0.0029999999999993));
#3986=CARTESIAN_POINT('',(0.063,-0.014,-0.00299999999999948));
#3987=CARTESIAN_POINT('',(0.097,-0.014,-0.0029999999999993));
#3988=CARTESIAN_POINT('',(0.18,-0.023,-0.00299999999999948));
#3989=CARTESIAN_POINT('',(0.072,-0.023,-0.0029999999999993));
#3990=CARTESIAN_POINT('',(0.072,-0.024,-0.00299999999999948));
#3991=CARTESIAN_POINT('',(0.072,-0.024,-0.0029999999999993));
#3992=CARTESIAN_POINT('',(0.072,-0.014,-0.00299999999999948));
#3993=CARTESIAN_POINT('',(0.072,-0.014,5.24120479175546E-16));
#3994=CARTESIAN_POINT('',(0.072,-0.023,5.2372220082647E-16));
#3995=CARTESIAN_POINT('',(0.072,-0.024,5.23677947676573E-16));
#3996=CARTESIAN_POINT('',(0.097,-0.014,0.00299999999999931));
#3997=CARTESIAN_POINT('',(0.18,-0.023,0.0029999999999993));
#3998=CARTESIAN_POINT('',(0.088,-0.023,0.00299999999999954));
#3999=CARTESIAN_POINT('',(0.097,-0.023,0.00299999999999954));
#4000=CARTESIAN_POINT('',(0.097,-0.014,0.00299999999999931));
#4001=CARTESIAN_POINT('',(0.097,-0.024,0.0029999999999993));
#4002=CARTESIAN_POINT('',(0.097,-0.024,0.0029999999999993));
#4003=CARTESIAN_POINT('',(0.088,-0.024,0.003));
#4004=CARTESIAN_POINT('',(0.088,-0.014,0.003));
#4005=CARTESIAN_POINT('',(0.088,-0.014,6.98694546117703E-16));
#4006=CARTESIAN_POINT('',(0.088,-0.023,6.98296267768627E-16));
#4007=CARTESIAN_POINT('',(0.088,-0.023,-0.00299999999999907));
#4008=CARTESIAN_POINT('',(0.088,-0.024,6.98252014618729E-16));
#4009=CARTESIAN_POINT('',(0.088,-0.024,-0.0029999999999993));
#4010=CARTESIAN_POINT('',(0.088,-0.014,-0.0029999999999993));
#4011=CARTESIAN_POINT('',(0.097,-0.014,-0.0029999999999993));
#4012=CARTESIAN_POINT('',(0.18,-0.023,-0.0029999999999993));
#4013=CARTESIAN_POINT('',(0.097,-0.023,-0.00299999999999907));
#4014=CARTESIAN_POINT('',(0.097,-0.024,-0.0029999999999993));
#4015=CARTESIAN_POINT('',(0.097,-0.024,-0.0029999999999993));
#4016=CARTESIAN_POINT('',(0.097,-0.014,-0.0029999999999993));
#4017=CARTESIAN_POINT('',(0.097,-0.014,6.98694546117703E-16));
#4018=CARTESIAN_POINT('',(0.097,-0.023,6.98296267768627E-16));
#4019=CARTESIAN_POINT('',(0.097,-0.024,6.98252014618729E-16));
#4020=CARTESIAN_POINT('',(0.097,-0.014,0.00299999999999931));
#4021=CARTESIAN_POINT('',(0.18,-0.023,0.00299999999999912));
#4022=CARTESIAN_POINT('',(0.113,-0.023,0.00299999999999942));
#4023=CARTESIAN_POINT('',(0.122,-0.023,0.00299999999999942));
#4024=CARTESIAN_POINT('',(0.122,-0.014,0.00299999999999913));
#4025=CARTESIAN_POINT('',(0.122,-0.024,0.00299999999999942));
#4026=CARTESIAN_POINT('',(0.122,-0.024,0.00299999999999912));
#4027=CARTESIAN_POINT('',(0.113,-0.024,0.00299999999999957));
#4028=CARTESIAN_POINT('',(0.113,-0.014,0.003));
#4029=CARTESIAN_POINT('',(0.113,-0.014,8.7326861305986E-16));
#4030=CARTESIAN_POINT('',(0.113,-0.023,8.72870334710783E-16));
#4031=CARTESIAN_POINT('',(0.113,-0.023,-0.00299999999999884));
#4032=CARTESIAN_POINT('',(0.113,-0.024,8.72826081560886E-16));
#4033=CARTESIAN_POINT('',(0.113,-0.024,-0.00299999999999884));
#4034=CARTESIAN_POINT('',(0.113,-0.014,-0.00299999999999912));
#4035=CARTESIAN_POINT('',(0.097,-0.014,-0.0029999999999993));
#4036=CARTESIAN_POINT('',(0.18,-0.023,-0.00299999999999912));
#4037=CARTESIAN_POINT('',(0.122,-0.023,-0.00299999999999884));
#4038=CARTESIAN_POINT('',(0.122,-0.024,-0.00299999999999912));
#4039=CARTESIAN_POINT('',(0.122,-0.024,-0.00299999999999884));
#4040=CARTESIAN_POINT('',(0.122,-0.014,-0.00299999999999912));
#4041=CARTESIAN_POINT('',(0.122,-0.014,8.7326861305986E-16));
#4042=CARTESIAN_POINT('',(0.122,-0.023,8.72870334710783E-16));
#4043=CARTESIAN_POINT('',(0.122,-0.024,8.72826081560886E-16));
#4044=CARTESIAN_POINT('',(0.097,-0.014,0.00299999999999931));
#4045=CARTESIAN_POINT('',(0.18,-0.023,0.00299999999999895));
#4046=CARTESIAN_POINT('',(0.138,-0.023,0.0029999999999993));
#4047=CARTESIAN_POINT('',(0.147,-0.023,0.0029999999999993));
#4048=CARTESIAN_POINT('',(0.147,-0.014,0.00299999999999895));
#4049=CARTESIAN_POINT('',(0.147,-0.024,0.0029999999999993));
#4050=CARTESIAN_POINT('',(0.147,-0.024,0.00299999999999895));
#4051=CARTESIAN_POINT('',(0.138,-0.024,0.00299999999999965));
#4052=CARTESIAN_POINT('',(0.138,-0.014,0.003));
#4053=CARTESIAN_POINT('',(0.138,-0.014,1.04784268000202E-15));
#4054=CARTESIAN_POINT('',(0.138,-0.023,1.04744440165294E-15));
#4055=CARTESIAN_POINT('',(0.138,-0.023,-0.0029999999999986));
#4056=CARTESIAN_POINT('',(0.138,-0.024,1.04740014850304E-15));
#4057=CARTESIAN_POINT('',(0.138,-0.024,-0.0029999999999986));
#4058=CARTESIAN_POINT('',(0.138,-0.014,-0.00299999999999895));
#4059=CARTESIAN_POINT('',(0.097,-0.014,-0.0029999999999993));
#4060=CARTESIAN_POINT('',(0.18,-0.023,-0.00299999999999895));
#4061=CARTESIAN_POINT('',(0.147,-0.023,-0.0029999999999986));
#4062=CARTESIAN_POINT('',(0.147,-0.024,-0.00299999999999895));
#4063=CARTESIAN_POINT('',(0.147,-0.024,-0.0029999999999986));
#4064=CARTESIAN_POINT('',(0.147,-0.014,-0.00299999999999895));
#4065=CARTESIAN_POINT('',(0.147,-0.014,1.04784268000202E-15));
#4066=CARTESIAN_POINT('',(0.147,-0.023,1.04744440165294E-15));
#4067=CARTESIAN_POINT('',(0.147,-0.024,1.04740014850304E-15));
#4068=CARTESIAN_POINT('',(0.097,-0.014,0.00299999999999931));
#4069=CARTESIAN_POINT('',(0.18,-0.023,0.00299999999999878));
#4070=CARTESIAN_POINT('',(0.163,-0.023,0.00299999999999919));
#4071=CARTESIAN_POINT('',(0.172,-0.023,0.00299999999999919));
#4072=CARTESIAN_POINT('',(0.172,-0.014,0.00299999999999878));
#4073=CARTESIAN_POINT('',(0.172,-0.024,0.00299999999999919));
#4074=CARTESIAN_POINT('',(0.172,-0.024,0.00299999999999878));
#4075=CARTESIAN_POINT('',(0.163,-0.024,0.0029999999999996));
#4076=CARTESIAN_POINT('',(0.163,-0.014,0.003));
#4077=CARTESIAN_POINT('',(0.163,-0.014,1.22241674694417E-15));
#4078=CARTESIAN_POINT('',(0.163,-0.023,1.2220184685951E-15));
#4079=CARTESIAN_POINT('',(0.163,-0.023,-0.00299999999999837));
#4080=CARTESIAN_POINT('',(0.163,-0.024,1.2219742154452E-15));
#4081=CARTESIAN_POINT('',(0.163,-0.024,-0.00299999999999837));
#4082=CARTESIAN_POINT('',(0.163,-0.014,-0.00299999999999878));
#4083=CARTESIAN_POINT('',(0.097,-0.014,-0.0029999999999993));
#4084=CARTESIAN_POINT('',(0.18,-0.023,-0.00299999999999878));
#4085=CARTESIAN_POINT('',(0.172,-0.023,-0.00299999999999837));
#4086=CARTESIAN_POINT('',(0.172,-0.024,-0.00299999999999878));
#4087=CARTESIAN_POINT('',(0.172,-0.024,-0.00299999999999837));
#4088=CARTESIAN_POINT('',(0.172,-0.014,-0.00299999999999878));
#4089=CARTESIAN_POINT('',(0.172,-0.014,1.22241674694417E-15));
#4090=CARTESIAN_POINT('',(0.172,-0.023,1.2220184685951E-15));
#4091=CARTESIAN_POINT('',(0.172,-0.024,1.2219742154452E-15));
#4092=CARTESIAN_POINT('',(-0.02,-0.02825,-0.01475));
#4093=CARTESIAN_POINT('',(-0.02,-0.0295,-0.0175));
#4094=CARTESIAN_POINT('',(-0.02,-0.0295,-0.0175));
#4095=CARTESIAN_POINT('',(-0.02,-0.0305,-0.0175));
#4096=CARTESIAN_POINT('',(-0.02,-0.0305,-0.01475));
#4097=CARTESIAN_POINT('',(-0.02,-0.0305,-0.01475));
#4098=CARTESIAN_POINT('',(-0.02,-0.02825,-0.01475));
#4099=CARTESIAN_POINT('',(-0.02,-0.02825,-0.0125));
#4100=CARTESIAN_POINT('',(-0.02,-0.02425,-0.0125));
#4101=CARTESIAN_POINT('',(-0.02,-0.02425,-0.0125));
#4102=CARTESIAN_POINT('',(-0.02,-0.02425,-0.01225));
#4103=CARTESIAN_POINT('',(-0.02,-0.024,-0.01225));
#4104=CARTESIAN_POINT('',(-0.02,-0.024,0.01225));
#4105=CARTESIAN_POINT('',(-0.02,-0.024,0.01225));
#4106=CARTESIAN_POINT('',(-0.02,-0.02425,0.01225));
#4107=CARTESIAN_POINT('',(-0.02,-0.02425,0.0125));
#4108=CARTESIAN_POINT('',(-0.02,-0.02825,0.0125));
#4109=CARTESIAN_POINT('',(-0.02,-0.02825,0.0125));
#4110=CARTESIAN_POINT('',(-0.02,-0.02825,0.01475));
#4111=CARTESIAN_POINT('',(-0.02,-0.0305,0.01475));
#4112=CARTESIAN_POINT('',(-0.02,-0.0305,0.01475));
#4113=CARTESIAN_POINT('',(-0.02,-0.0305,0.0175));
#4114=CARTESIAN_POINT('',(-0.02,-0.0295,0.0175));
#4115=CARTESIAN_POINT('',(-0.02,-0.0295,0.0175));
#4116=CARTESIAN_POINT('',(-0.02,-0.0295,0.01475));
#4117=CARTESIAN_POINT('',(-0.02,-0.0295,0.01475));
#4118=CARTESIAN_POINT('',(-0.02,-0.02825,0.01475));
#4119=CARTESIAN_POINT('',(-0.02,-0.02825,0.0135));
#4120=CARTESIAN_POINT('',(-0.02,-0.02825,0.0135));
#4121=CARTESIAN_POINT('',(-0.02,-0.02425,0.0135));
#4122=CARTESIAN_POINT('',(-0.02,-0.02425,0.01225));
#4123=CARTESIAN_POINT('',(-0.02,-0.023,0.01225));
#4124=CARTESIAN_POINT('',(-0.02,-0.023,0.01225));
#4125=CARTESIAN_POINT('',(-0.02,-0.023,-0.01225));
#4126=CARTESIAN_POINT('',(-0.02,-0.02425,-0.01225));
#4127=CARTESIAN_POINT('',(-0.02,-0.02425,-0.0135));
#4128=CARTESIAN_POINT('',(-0.02,-0.02425,-0.0135));
#4129=CARTESIAN_POINT('',(-0.02,-0.02825,-0.0135));
#4130=CARTESIAN_POINT('',(-0.02,-0.02825,-0.01475));
#4131=CARTESIAN_POINT('',(-0.02,-0.0295,-0.01475));
#4132=CARTESIAN_POINT('',(-0.02,-0.0295,-0.01475));
#4133=CARTESIAN_POINT('',(0.18,-0.02825,-0.01475));
#4134=CARTESIAN_POINT('',(0.18,-0.0295,-0.0175));
#4135=CARTESIAN_POINT('',(0.18,-0.0295,-0.0175));
#4136=CARTESIAN_POINT('',(0.18,-0.0305,-0.0175));
#4137=CARTESIAN_POINT('',(0.18,-0.0295,-0.01475));
#4138=CARTESIAN_POINT('',(0.18,-0.0295,-0.01475));
#4139=CARTESIAN_POINT('',(0.18,-0.02825,-0.01475));
#4140=CARTESIAN_POINT('',(0.18,-0.02825,-0.0135));
#4141=CARTESIAN_POINT('',(0.18,-0.02425,-0.0135));
#4142=CARTESIAN_POINT('',(0.18,-0.02425,-0.0135));
#4143=CARTESIAN_POINT('',(0.18,-0.02425,-0.01225));
#4144=CARTESIAN_POINT('',(0.18,-0.023,-0.01225));
#4145=CARTESIAN_POINT('',(0.18,-0.023,0.01225));
#4146=CARTESIAN_POINT('',(0.18,-0.023,0.01225));
#4147=CARTESIAN_POINT('',(0.18,-0.02425,0.01225));
#4148=CARTESIAN_POINT('',(0.18,-0.02425,0.0135));
#4149=CARTESIAN_POINT('',(0.18,-0.02825,0.0135));
#4150=CARTESIAN_POINT('',(0.18,-0.02825,0.0135));
#4151=CARTESIAN_POINT('',(0.18,-0.02825,0.01475));
#4152=CARTESIAN_POINT('',(0.18,-0.0295,0.01475));
#4153=CARTESIAN_POINT('',(0.18,-0.0295,0.01475));
#4154=CARTESIAN_POINT('',(0.18,-0.0295,0.0175));
#4155=CARTESIAN_POINT('',(0.18,-0.0295,0.0175));
#4156=CARTESIAN_POINT('',(0.18,-0.0305,0.0175));
#4157=CARTESIAN_POINT('',(0.18,-0.0305,0.01475));
#4158=CARTESIAN_POINT('',(0.18,-0.0305,0.01475));
#4159=CARTESIAN_POINT('',(0.18,-0.02825,0.01475));
#4160=CARTESIAN_POINT('',(0.18,-0.02825,0.0125));
#4161=CARTESIAN_POINT('',(0.18,-0.02825,0.0125));
#4162=CARTESIAN_POINT('',(0.18,-0.02425,0.0125));
#4163=CARTESIAN_POINT('',(0.18,-0.02425,0.01225));
#4164=CARTESIAN_POINT('',(0.18,-0.024,0.01225));
#4165=CARTESIAN_POINT('',(0.18,-0.024,0.01225));
#4166=CARTESIAN_POINT('',(0.18,-0.024,-0.01225));
#4167=CARTESIAN_POINT('',(0.18,-0.02425,-0.01225));
#4168=CARTESIAN_POINT('',(0.18,-0.02425,-0.0125));
#4169=CARTESIAN_POINT('',(0.18,-0.02425,-0.0125));
#4170=CARTESIAN_POINT('',(0.18,-0.02825,-0.0125));
#4171=CARTESIAN_POINT('',(0.18,-0.02825,-0.01475));
#4172=CARTESIAN_POINT('',(0.18,-0.0305,-0.01475));
#4173=CARTESIAN_POINT('',(0.18,-0.0305,-0.01475));
#4174=CARTESIAN_POINT('',(0.18,-0.0305,0.01475));
#4175=CARTESIAN_POINT('',(0.18,-0.0305,-0.0175));
#4176=CARTESIAN_POINT('',(0.18,-0.0305,-0.01475));
#4177=CARTESIAN_POINT('',(0.18,-0.02825,-0.01475));
#4178=CARTESIAN_POINT('',(0.18,-0.02825,-0.0125));
#4179=CARTESIAN_POINT('',(0.18,-0.02425,-0.0125));
#4180=CARTESIAN_POINT('',(0.18,-0.02425,-0.0125));
#4181=CARTESIAN_POINT('',(0.18,-0.02425,-0.01225));
#4182=CARTESIAN_POINT('',(0.18,-0.024,-0.01225));
#4183=CARTESIAN_POINT('',(0.18,-0.024,0.01225));
#4184=CARTESIAN_POINT('',(0.18,-0.024,0.01225));
#4185=CARTESIAN_POINT('',(0.18,-0.02425,0.01225));
#4186=CARTESIAN_POINT('',(0.18,-0.02425,0.0125));
#4187=CARTESIAN_POINT('',(0.18,-0.02825,0.0125));
#4188=CARTESIAN_POINT('',(0.18,-0.02825,0.0125));
#4189=CARTESIAN_POINT('',(0.18,-0.02825,0.01475));
#4190=CARTESIAN_POINT('',(0.18,-0.0305,0.01475));
#4191=CARTESIAN_POINT('',(0.18,-0.0305,0.01475));
#4192=CARTESIAN_POINT('',(0.18,-0.0305,0.0175));
#4193=CARTESIAN_POINT('',(0.18,-0.0295,0.0175));
#4194=CARTESIAN_POINT('',(0.18,-0.0295,0.0175));
#4195=CARTESIAN_POINT('',(0.18,-0.0295,0.01475));
#4196=CARTESIAN_POINT('',(0.18,-0.0295,0.01475));
#4197=CARTESIAN_POINT('',(0.18,-0.02825,0.01475));
#4198=CARTESIAN_POINT('',(0.18,-0.02825,0.0135));
#4199=CARTESIAN_POINT('',(0.18,-0.02825,0.0135));
#4200=CARTESIAN_POINT('',(0.18,-0.02425,0.0135));
#4201=CARTESIAN_POINT('',(0.18,-0.02425,0.01225));
#4202=CARTESIAN_POINT('',(0.18,-0.023,0.01225));
#4203=CARTESIAN_POINT('',(0.18,-0.023,0.01225));
#4204=CARTESIAN_POINT('',(0.18,-0.023,-0.01225));
#4205=CARTESIAN_POINT('',(0.18,-0.02425,-0.01225));
#4206=CARTESIAN_POINT('',(0.18,-0.02425,-0.0135));
#4207=CARTESIAN_POINT('',(0.18,-0.02425,-0.0135));
#4208=CARTESIAN_POINT('',(0.18,-0.02825,-0.0135));
#4209=CARTESIAN_POINT('',(0.18,-0.02825,-0.01475));
#4210=CARTESIAN_POINT('',(0.18,-0.0295,-0.01475));
#4211=CARTESIAN_POINT('',(0.18,-0.0295,0.01475));
#4212=CARTESIAN_POINT('',(0.18,-0.0295,-0.0175));
#4213=CARTESIAN_POINT('',(0.18,-0.0295,-0.0175));
#4214=CARTESIAN_POINT('',(0.,0.,0.));
#4215=CARTESIAN_POINT('',(-0.04,-0.007,4.28626379701573E-19));
#4216=CARTESIAN_POINT('',(-0.04,3.46944695195361E-18,-3.85185988877447E-34));
#4217=CARTESIAN_POINT('',(-0.04,2.55004350968591E-18,-0.00265));
#4218=CARTESIAN_POINT('',(-0.04,-0.003,1.83697019872103E-19));
#4219=CARTESIAN_POINT('',(-0.04,-0.003,-0.00265));
#4220=CARTESIAN_POINT('',(-0.00896551724137929,-0.0106666666666666,-0.04));
#4221=CARTESIAN_POINT('',(-0.00646002569464042,-0.0130886418285142,0.0208459439053256));
#4222=CARTESIAN_POINT('',(-0.0045180901700379,-0.0149658461689633,0.0202202091251759));
#4223=CARTESIAN_POINT('',(-0.00588195902102507,-0.0136474396130091,0.0206596779771607));
#4224=CARTESIAN_POINT('',(-0.000244097001521691,-0.019097372898529,0.0190488602573026));
#4225=CARTESIAN_POINT('',(-0.000718988376049099,-0.0186383112364858,0.0191845435071675));
#4226=CARTESIAN_POINT('',(-0.0007189883760491,-0.0186383112364858,-0.04));
#4227=CARTESIAN_POINT('',(-0.000718988376049101,-0.0186383112364858,-0.0191845435071675));
#4228=CARTESIAN_POINT('',(-0.0180757117366189,-0.00186014532126836,-0.0241436073244732));
#4229=CARTESIAN_POINT('',(-0.00588195902101497,-0.0136474396130188,-0.0206596779771576));
#4230=CARTESIAN_POINT('',(-0.00407254271702289,-0.0153965420402112,-0.02007664383476));
#4231=CARTESIAN_POINT('',(-0.00451809017003787,-0.0149658461689633,-0.0202202091251759));
#4232=CARTESIAN_POINT('',(-0.0139286473265618,-0.00586897425099023,-0.0328414447123735));
#4233=CARTESIAN_POINT('',(-0.000812679663934535,-0.0185477429915299,-0.015250592749977));
#4234=CARTESIAN_POINT('',(-0.000812679663934533,-0.0185477429915299,-0.04));
#4235=CARTESIAN_POINT('',(-0.000812679663934539,-0.0185477429915299,0.015250592749977));
#4236=CARTESIAN_POINT('',(0.0148118858599828,-0.03365148966465,-0.00570473637081296));
#4237=CARTESIAN_POINT('',(0.,-0.0165,0.));
#4238=CARTESIAN_POINT('',(0.,-0.03175,0.));
#4239=CARTESIAN_POINT('',(-1.14810637420064E-18,-0.03175,-0.01875));
#4240=CARTESIAN_POINT('',(1.14810637420064E-18,-0.03175,0.01875));
#4241=CARTESIAN_POINT('',(1.14810637420064E-18,-0.0165,0.01875));
#4242=CARTESIAN_POINT('',(1.14810637420064E-18,-0.02825,0.01875));
#4243=CARTESIAN_POINT('',(0.,-0.02825,0.));
#4244=CARTESIAN_POINT('',(9.348810964539E-19,-0.02825,0.0152677669529664));
#4245=CARTESIAN_POINT('',(1.07700550977414E-19,-0.0147411165235168,0.00175888347648316));
#4246=CARTESIAN_POINT('',(9.03177014371173E-19,-0.0277322330470336,0.01475));
#4247=CARTESIAN_POINT('',(9.03177014371173E-19,-0.0165,0.01475));
#4248=CARTESIAN_POINT('',(9.03177014371173E-19,-0.02175,0.01475));
#4249=CARTESIAN_POINT('',(0.,-0.02175,0.));
#4250=CARTESIAN_POINT('',(-9.03177014371173E-19,-0.02175,-0.01475));
#4251=CARTESIAN_POINT('',(-9.03177014371173E-19,-0.0165,-0.01475));
#4252=CARTESIAN_POINT('',(-9.03177014371173E-19,-0.0277322330470336,-0.01475));
#4253=CARTESIAN_POINT('',(-1.07700550977414E-19,-0.0147411165235168,-0.00175888347648317));
#4254=CARTESIAN_POINT('',(-9.348810964539E-19,-0.02825,-0.0152677669529664));
#4255=CARTESIAN_POINT('',(0.,-0.02825,0.));
#4256=CARTESIAN_POINT('',(-1.14810637420064E-18,-0.02825,-0.01875));
#4257=CARTESIAN_POINT('',(-1.14810637420064E-18,-0.0165,-0.01875));
#4258=CARTESIAN_POINT('',(-1.17845915861125E-18,-0.0193333333333333,-0.0192456985872456));
#4259=CARTESIAN_POINT('',(-1.17845915861125E-18,-0.032,-0.0192456985872456));
#4260=CARTESIAN_POINT('',(-1.17845915861125E-18,-0.0203333333333333,-0.0192456985872456));
#4261=CARTESIAN_POINT('',(-1.38936079866035E-35,-0.0203333333333333,-2.26899837508688E-19));
#4262=CARTESIAN_POINT('',(1.17845915861125E-18,-0.0203333333333333,0.0192456985872456));
#4263=CARTESIAN_POINT('',(1.17845915861125E-18,-0.0165,0.0192456985872456));
#4264=CARTESIAN_POINT('',(1.17845915861126E-18,-0.032,0.0192456985872456));
#4265=CARTESIAN_POINT('',(-1.22464679914735E-18,-0.032,-0.02));
#4266=CARTESIAN_POINT('',(-0.025,-0.002,-0.04));
#4267=CARTESIAN_POINT('',(-0.00726415094339623,-0.002,0.0220754716981132));
#4268=CARTESIAN_POINT('',(-0.0193433669081352,-0.002,0.0255266762594672));
#4269=CARTESIAN_POINT('',(-0.035,-0.002,0.03));
#4270=CARTESIAN_POINT('',(0.0106145414543297,-0.002,-0.00468731761276833));
#4271=CARTESIAN_POINT('',(-0.0184215796605611,-0.002,0.0245970094111433));
#4272=CARTESIAN_POINT('',(-0.0184215796605611,-0.002,-0.0251231527093596));
#4273=CARTESIAN_POINT('',(-0.0184215796605611,-0.002,-0.0245970094111433));
#4274=CARTESIAN_POINT('',(-0.0293840095581372,-0.002,-0.0356531481022264));
#4275=CARTESIAN_POINT('',(-0.0193433669081352,-0.002,-0.0255266762594672));
#4276=CARTESIAN_POINT('',(-0.0283962264150943,-0.002,-0.0281132075471698));
#4277=CARTESIAN_POINT('',(-0.035,-0.002,-0.03));
#4278=CARTESIAN_POINT('',(-0.035,-0.002,-0.04));
#4279=CARTESIAN_POINT('',(-0.00896551724137929,-0.0106666666666666,-0.04));
#4280=CARTESIAN_POINT('',(-0.0162247817696613,-0.00364937762266075,-0.0172880187929405));
#4281=CARTESIAN_POINT('',(-0.0162247817696613,-0.00364937762266074,0.0180953966963761));
#4282=CARTESIAN_POINT('',(-0.0162247817696613,-0.00364937762266075,-0.0180953966963761));
#4283=CARTESIAN_POINT('',(-0.00394926495405641,-0.0155157105444121,-0.0299617296181274));
#4284=CARTESIAN_POINT('',(-0.0122341526830005,-0.00750698573976619,-0.0219530048134815));
#4285=CARTESIAN_POINT('',(-0.0104516629517576,-0.00923005914663424,-0.0216733884927166));
#4286=CARTESIAN_POINT('',(-0.00818601676319209,-0.0114201837955809,-0.0213179801892084));
#4287=CARTESIAN_POINT('',(-0.0180757117366189,-0.00186014532126836,-0.0241436073244732));
#4288=CARTESIAN_POINT('',(-0.0175783382019917,-0.00234093973807471,-0.0240015006002939));
#4289=CARTESIAN_POINT('',(-0.0175783382019917,-0.00234093973807471,0.0251231527093596));
#4290=CARTESIAN_POINT('',(-0.0175783382019917,-0.00234093973807471,0.0240015006002939));
#4291=CARTESIAN_POINT('',(-0.000244097001521691,-0.019097372898529,0.0190488602573026));
#4292=CARTESIAN_POINT('',(-0.0081860167631924,-0.0114201837955806,0.0213179801892085));
#4293=CARTESIAN_POINT('',(-0.00404577301932875,-0.0154224194146489,0.0206685067575035));
#4294=CARTESIAN_POINT('',(-0.0122341526830005,-0.00750698573976616,0.0219530048134815));
#4295=CARTESIAN_POINT('',(-0.030905113133762,0.0105416093626367,0.00390440971107865));
#4296=CARTESIAN_POINT('',(-0.06,-0.018,-0.025));
#4297=CARTESIAN_POINT('',(-0.06,-0.033,-0.02));
#4298=CARTESIAN_POINT('',(-0.0172505197429664,-0.033,-0.02));
#4299=CARTESIAN_POINT('',(-0.001,-0.033,-0.02));
#4300=CARTESIAN_POINT('',(-0.0485994470647091,-0.00269603692231537,-0.0301013210258949));
#4301=CARTESIAN_POINT('',(-0.0482850025015871,-0.003,-0.03));
#4302=CARTESIAN_POINT('',(-0.06,-0.003,-0.03));
#4303=CARTESIAN_POINT('',(-0.035,-0.003,-0.03));
#4304=CARTESIAN_POINT('',(-0.0408988764044943,0.00205617977528089,-0.031685393258427));
#4305=CARTESIAN_POINT('',(-0.000725278872102629,-0.0323783323953407,-0.0202072225348864));
#4306=CARTESIAN_POINT('',(-0.00401729336226832,-0.0192853654414086,-0.0245715448528638));
#4307=CARTESIAN_POINT('',(-0.000655571571382812,-0.0326555715713828,-0.0201148094762058));
#4308=CARTESIAN_POINT('',(-0.00321052631578947,-0.0352105263157895,-0.0192631578947369));
#4309=CARTESIAN_POINT('',(-0.06,-0.014,0.0189546854596071));
#4310=CARTESIAN_POINT('',(-0.0326258165027956,-0.046752755002887,0.00803710045864478));
#4311=CARTESIAN_POINT('',(-0.0372927260891882,-0.0151539501058485,0.0185700354243243));
#4312=CARTESIAN_POINT('',(-0.0372489712163767,-0.0154502064750088,0.0184712833012709));
#4313=CARTESIAN_POINT('',(-0.0491750844495643,-0.00392163034959428,0.0223141420097423));
#4314=CARTESIAN_POINT('',(-0.0399429263000223,-0.0128460498941515,0.01933933549489));
#4315=CARTESIAN_POINT('',(-0.06,-0.0128460498941515,0.01933933549489));
#4316=CARTESIAN_POINT('',(-0.00919248228922973,-0.0128460498941515,0.01933933549489));
#4317=CARTESIAN_POINT('',(-0.00636496314631745,-0.0164182007011961,0.0181486185592084));
#4318=CARTESIAN_POINT('',(-0.0102176817744577,-0.0115508624936634,0.019771064628386));
#4319=CARTESIAN_POINT('',(-0.00542726775349742,-0.0161815960472583,0.0182274867771876));
#4320=CARTESIAN_POINT('',(-0.00649034976185252,-0.0151539501058485,0.0185700354243243));
#4321=CARTESIAN_POINT('',(-0.06,-0.0151539501058485,0.0185700354243243));
#4322=CARTESIAN_POINT('',(-0.06,-0.014,-0.0189546854596071));
#4323=CARTESIAN_POINT('',(-0.06,-0.0128460498941515,-0.01933933549489));
#4324=CARTESIAN_POINT('',(-0.00919248228922971,-0.0128460498941515,-0.01933933549489));
#4325=CARTESIAN_POINT('',(-0.0399429263000223,-0.0128460498941515,-0.01933933549489));
#4326=CARTESIAN_POINT('',(-0.0491750844495643,-0.0039216303495943,-0.0223141420097423));
#4327=CARTESIAN_POINT('',(-0.0372489712163767,-0.0154502064750089,-0.0184712833012708));
#4328=CARTESIAN_POINT('',(-0.0384760348068747,-0.00714197974067079,-0.0212406922127168));
#4329=CARTESIAN_POINT('',(-0.0372927260891882,-0.0151539501058485,-0.0185700354243243));
#4330=CARTESIAN_POINT('',(-0.06,-0.0151539501058485,-0.0185700354243243));
#4331=CARTESIAN_POINT('',(-0.0064903497618525,-0.0151539501058485,-0.0185700354243243));
#4332=CARTESIAN_POINT('',(-0.00781475073111491,-0.0138736958355615,-0.0189967868477533));
#4333=CARTESIAN_POINT('',(-0.0102176817744578,-0.0115508624936633,-0.019771064628386));
#4334=CARTESIAN_POINT('',(-0.0116480839719765,-0.00974376160203087,-0.0203734315922635));
#4335=CARTESIAN_POINT('',(-0.06,-0.018,3.67394039744206E-18));
#4336=CARTESIAN_POINT('',(-0.009973705394374,-0.018,-1.33792104093259E-18));
#4337=CARTESIAN_POINT('',(-0.009973705394374,-0.018,-0.00235));
#4338=CARTESIAN_POINT('',(-0.06,-0.018,-0.0146213521262738));
#4339=CARTESIAN_POINT('',(-0.00254801518062371,-0.018,-0.0146213521262738));
#4340=CARTESIAN_POINT('',(-0.0342483577831804,-0.018,-0.0146213521262738));
#4341=CARTESIAN_POINT('',(-0.0342483577831804,-0.018,0.0146213521262738));
#4342=CARTESIAN_POINT('',(-0.0342483577831804,-0.018,0.0146213521262738));
#4343=CARTESIAN_POINT('',(-0.06,-0.018,0.0146213521262738));
#4344=CARTESIAN_POINT('',(-0.00254801518062371,-0.018,0.0146213521262738));
#4345=CARTESIAN_POINT('',(-0.0335610589122101,-0.018,-0.0222426320541042));
#4346=CARTESIAN_POINT('',(-0.00216740470040905,-0.018,0.0150737688204543));
#4347=CARTESIAN_POINT('',(-0.00216740470040904,-0.018,9.56355619583407E-18));
#4348=CARTESIAN_POINT('',(-0.00216740470040904,-0.018,-0.0150737688204543));
#4349=CARTESIAN_POINT('',(-0.0335610589122101,-0.018,0.0222426320541042));
#4350=CARTESIAN_POINT('',(-0.05,-0.002,-0.04));
#4351=CARTESIAN_POINT('',(-0.05,-0.00295089046886201,-0.04));
#4352=CARTESIAN_POINT('',(-0.05,-0.00295089046886203,-0.028797151609587));
#4353=CARTESIAN_POINT('',(-0.05,-0.00295089046886201,0.028797151609587));
#4354=CARTESIAN_POINT('',(-0.05,-0.0367847803644848,-0.00812285008202671));
#4355=CARTESIAN_POINT('',(-0.05,-0.00184858716069056,0.03));
#4356=CARTESIAN_POINT('',(-0.05,-0.001,0.03));
#4357=CARTESIAN_POINT('',(-0.05,1.24683249835833E-18,0.03));
#4358=CARTESIAN_POINT('',(-0.05,1.24683249835833E-18,-0.04));
#4359=CARTESIAN_POINT('',(-0.05,1.24683249835833E-18,-0.03));
#4360=CARTESIAN_POINT('',(-0.05,-0.001,-0.03));
#4361=CARTESIAN_POINT('',(-0.05,-0.00184858716069057,-0.03));
#4362=CARTESIAN_POINT('',(-0.05,0.00306330935138247,-0.0353599284059333));
#4363=CARTESIAN_POINT('',(-0.035,-0.0185,-0.04));
#4364=CARTESIAN_POINT('',(-0.0470167327667033,-0.00688382499218686,-0.0175285190172005));
#4365=CARTESIAN_POINT('',(-0.0440279894029025,-0.00977294357719428,-0.0204176376022079));
#4366=CARTESIAN_POINT('',(-0.0470456920188218,-0.00685583104847229,-0.0175005250734859));
#4367=CARTESIAN_POINT('',(-0.0470456920188218,-0.0068558310484723,-0.04));
#4368=CARTESIAN_POINT('',(-0.0470456920188218,-0.00685583104847228,0.0175005250734861));
#4369=CARTESIAN_POINT('',(-0.0443465891493749,-0.00946496382227097,0.0201096578472848));
#4370=CARTESIAN_POINT('',(-0.0440279894029027,-0.00977294357719412,0.0204176376022079));
#4371=CARTESIAN_POINT('',(-0.0408025027812485,-0.0128909139781264,0.0199116606610703));
#4372=CARTESIAN_POINT('',(-0.0403400845646394,-0.0133379182541819,0.0198391218530668));
#4373=CARTESIAN_POINT('',(-0.0258122897081985,-0.0273814532820747,0.0151579435104358));
#4374=CARTESIAN_POINT('',(-0.0377494758894752,-0.0158421733068407,0.0190043701688472));
#4375=CARTESIAN_POINT('',(-0.0350181643810497,-0.0184824410983187,0.0153411942870703));
#4376=CARTESIAN_POINT('',(-0.0346049288231335,-0.0188819021376376,0.0147869717003819));
#4377=CARTESIAN_POINT('',(-0.0346049288231335,-0.0188819021376376,-0.0146213521262738));
#4378=CARTESIAN_POINT('',(-0.0346049288231335,-0.0188819021376376,-0.014786971700382));
#4379=CARTESIAN_POINT('',(-0.0379623539267237,-0.0156363912041671,-0.0192898775851208));
#4380=CARTESIAN_POINT('',(-0.0377494758894752,-0.0158421733068407,-0.0190043701688472));
#4381=CARTESIAN_POINT('',(-0.0384591703865752,-0.0151561352929773,-0.0192330495068017));
#4382=CARTESIAN_POINT('',(-0.0403400845646393,-0.0133379182541819,-0.0198391218530668));
#4383=CARTESIAN_POINT('',(-0.0441799969854561,-0.00962600291405911,-0.020441482789205));
#4384=CARTESIAN_POINT('',(-0.0239968469692577,-0.0291363812630509,0.01775));
#4385=CARTESIAN_POINT('',(-0.0239968469692577,-0.0291363812630509,0.0150210283908168));
#4386=CARTESIAN_POINT('',(-0.0239968469692577,-0.0291363812630509,0.0181543204168983));
#4387=CARTESIAN_POINT('',(-0.0223275862068965,-0.03075,0.0181543204168983));
#4388=CARTESIAN_POINT('',(-0.0216085978308474,-0.0314450220968475,0.0181543204168983));
#4389=CARTESIAN_POINT('',(-0.0216085978308474,-0.0314450220968475,-0.01775));
#4390=CARTESIAN_POINT('',(-0.0216085978308474,-0.0314450220968475,-0.0181543204168983));
#4391=CARTESIAN_POINT('',(-0.0238793103448276,-0.02925,-0.0181543204168983));
#4392=CARTESIAN_POINT('',(-0.0239968469692577,-0.0291363812630509,-0.0181543204168983));
#4393=CARTESIAN_POINT('',(-0.0239968469692577,-0.0291363812630509,-0.0148535533905933));
#4394=CARTESIAN_POINT('',(-0.0239968469692577,-0.0291363812630509,-0.0150210283908168));
#4395=CARTESIAN_POINT('',(-0.0251156313019073,-0.0280548897414895,-0.0139395368692555));
#4396=CARTESIAN_POINT('',(-0.0248934414250355,-0.0282696732891323,-0.0141543204168983));
#4397=CARTESIAN_POINT('',(-0.0306034482758621,-0.02275,-0.0141543204168983));
#4398=CARTESIAN_POINT('',(-0.0307209849002922,-0.0226363812630509,-0.0141543204168983));
#4399=CARTESIAN_POINT('',(-0.0307209849002922,-0.0226363812630509,0.01375));
#4400=CARTESIAN_POINT('',(-0.0307209849002922,-0.0226363812630509,0.0141543204168983));
#4401=CARTESIAN_POINT('',(-0.0250209173006137,-0.0281464466094067,0.0141543204168983));
#4402=CARTESIAN_POINT('',(-0.0248934414250355,-0.0282696732891324,0.0141543204168983));
#4403=CARTESIAN_POINT('',(-0.0239740243461212,-0.0291584431320828,0.0150430902598488));
#4404=CARTESIAN_POINT('',(-0.0503184354407582,-0.0036921790739337,0.0277549559688733));
#4405=CARTESIAN_POINT('',(-0.0207189883760491,-0.0323049779031525,0.0182173563591337));
#4406=CARTESIAN_POINT('',(-0.0492457024419095,-0.00472915430615419,0.0274092975581331));
#4407=CARTESIAN_POINT('',(-0.0492457024419095,-0.00472915430615419,-0.04));
#4408=CARTESIAN_POINT('',(-0.0492457024419095,-0.00472915430615419,-0.0274092975581331));
#4409=CARTESIAN_POINT('',(-0.0203184354407582,-0.0326921790739337,-0.0180882893022067));
#4410=CARTESIAN_POINT('',(-0.0207189883760491,-0.0323049779031525,-0.0182173563591337));
#4411=CARTESIAN_POINT('',(-0.0207189883760491,-0.0323049779031525,-0.04));
#4412=CARTESIAN_POINT('',(-0.035,-0.001,-0.04));
#4413=CARTESIAN_POINT('',(-0.035,-0.001,-0.03));
#4414=CARTESIAN_POINT('',(-0.035,1.0842021724855E-18,-0.03));
#4415=CARTESIAN_POINT('',(-0.035,1.0842021724855E-18,-0.04));
#4416=CARTESIAN_POINT('',(-0.035,1.0842021724855E-18,0.03));
#4417=CARTESIAN_POINT('',(-0.035,-0.001,0.03));
#4418=CARTESIAN_POINT('',(-0.06,3.46944695195361E-18,3.67394039744206E-18));
#4419=CARTESIAN_POINT('',(-0.06,-6.93889390390723E-18,-0.03));
#4420=CARTESIAN_POINT('',(-0.06,1.38777878078145E-17,0.03));
#4421=CARTESIAN_POINT('',(-0.06,-0.001,-0.03));
#4422=CARTESIAN_POINT('',(-0.0572856989588405,0.00304287614016877,-0.03));
#4423=CARTESIAN_POINT('',(-0.035,-0.05,-0.03));
#4424=CARTESIAN_POINT('',(-0.06,-0.018,0.025));
#4425=CARTESIAN_POINT('',(-0.06,-0.003,0.03));
#4426=CARTESIAN_POINT('',(-0.0482850025015871,-0.003,0.03));
#4427=CARTESIAN_POINT('',(-0.035,-0.003,0.03));
#4428=CARTESIAN_POINT('',(-0.0185994470647091,-0.0316960369223154,0.0204346543592282));
#4429=CARTESIAN_POINT('',(-0.0172505197429664,-0.033,0.02));
#4430=CARTESIAN_POINT('',(-0.06,-0.033,0.02));
#4431=CARTESIAN_POINT('',(-0.001,-0.033,0.02));
#4432=CARTESIAN_POINT('',(-0.00321052631578947,-0.0352105263157895,0.0192631578947369));
#4433=CARTESIAN_POINT('',(-0.000655571571382794,-0.0326555715713828,0.0201148094762058));
#4434=CARTESIAN_POINT('',(0.00304766626481983,-0.0473840518854265,0.0152053160381912));
#4435=CARTESIAN_POINT('',(-0.000725278872102608,-0.0323783323953406,0.0202072225348864));
#4436=CARTESIAN_POINT('',(-0.0408988764044944,0.00205617977528091,0.031685393258427));
#4437=CARTESIAN_POINT('',(-0.06,-0.001,0.03));
#4438=CARTESIAN_POINT('',(-0.0206666772659233,-0.0215423560710702,0.03));
#4439=CARTESIAN_POINT('',(-0.035,-0.05,0.03));
#4440=CARTESIAN_POINT('',(-0.06,-0.0288816745258802,-0.0144852279164735));
#4441=CARTESIAN_POINT('',(-0.06,-0.0281464466094067,-0.01375));
#4442=CARTESIAN_POINT('',(-0.0244391798008533,-0.0281464466094067,-0.01375));
#4443=CARTESIAN_POINT('',(-0.001,-0.0281464466094067,-0.01375));
#4444=CARTESIAN_POINT('',(-0.0235099570279384,-0.0258482129954742,-0.0114517663860674));
#4445=CARTESIAN_POINT('',(-0.0245222907450256,-0.0283520037386011,-0.0139555571291944));
#4446=CARTESIAN_POINT('',(-0.0236930127221703,-0.0291536391606945,-0.0147571925512878));
#4447=CARTESIAN_POINT('',(-0.0235933290953027,-0.02925,-0.0148535533905933));
#4448=CARTESIAN_POINT('',(-0.06,-0.02925,-0.0148535533905933));
#4449=CARTESIAN_POINT('',(-0.001,-0.02925,-0.0148535533905933));
#4450=CARTESIAN_POINT('',(-0.001,-0.0288816745258802,-0.0144852279164735));
#4451=CARTESIAN_POINT('',(-0.06,-0.0261982233047033,-0.01375));
#4452=CARTESIAN_POINT('',(-0.06,-0.02275,-0.01375));
#4453=CARTESIAN_POINT('',(-0.0300217107761016,-0.02275,-0.01375));
#4454=CARTESIAN_POINT('',(-0.001,-0.02275,-0.01375));
#4455=CARTESIAN_POINT('',(-0.0247399056766628,-0.0278557449294576,-0.01375));
#4456=CARTESIAN_POINT('',(-0.001,-0.0261982233047033,-0.01375));
#4457=CARTESIAN_POINT('',(-0.06,-0.02275,4.54130213543046E-18));
#4458=CARTESIAN_POINT('',(-0.009973705394374,-0.02275,-9.25924215388098E-19));
#4459=CARTESIAN_POINT('',(-0.009973705394374,-0.02275,0.00235));
#4460=CARTESIAN_POINT('',(-0.0437917500161865,-0.02275,0.0233204815463159));
#4461=CARTESIAN_POINT('',(-0.0300217107761016,-0.02275,0.01375));
#4462=CARTESIAN_POINT('',(-0.0304399732763413,-0.02275,0.0140407016799492));
#4463=CARTESIAN_POINT('',(-0.0304399732763413,-0.02275,-0.01375));
#4464=CARTESIAN_POINT('',(-0.0304399732763413,-0.02275,-0.0140407016799492));
#4465=CARTESIAN_POINT('',(-0.0437917500161869,-0.02275,-0.023320481546316));
#4466=CARTESIAN_POINT('',(-0.001,-0.02275,9.28594077945771E-19));
#4467=CARTESIAN_POINT('',(-0.001,-0.02275,0.01375));
#4468=CARTESIAN_POINT('',(-0.06,-0.02275,0.01375));
#4469=CARTESIAN_POINT('',(-0.06,-0.0235,0.01375));
#4470=CARTESIAN_POINT('',(-0.06,-0.0281464466094067,0.01375));
#4471=CARTESIAN_POINT('',(-0.0244391798008533,-0.0281464466094067,0.01375));
#4472=CARTESIAN_POINT('',(-0.001,-0.0281464466094067,0.01375));
#4473=CARTESIAN_POINT('',(-0.0303224366519111,-0.0224592983200508,0.01375));
#4474=CARTESIAN_POINT('',(-0.001,-0.0235,0.01375));
#4475=CARTESIAN_POINT('',(-0.06,-0.0288816745258802,0.0144852279164735));
#4476=CARTESIAN_POINT('',(-0.06,-0.02925,0.0148535533905933));
#4477=CARTESIAN_POINT('',(-0.0235933290953027,-0.02925,0.0148535533905933));
#4478=CARTESIAN_POINT('',(-0.001,-0.02925,0.0148535533905933));
#4479=CARTESIAN_POINT('',(-0.0248346196779565,-0.0280500857701013,0.0136536391606946));
#4480=CARTESIAN_POINT('',(-0.0245222907450256,-0.0283520037386011,0.0139555571291944));
#4481=CARTESIAN_POINT('',(-0.0235099570279384,-0.025848212995474,0.0114517663860673));
#4482=CARTESIAN_POINT('',(-0.001,-0.0288816745258802,0.0144852279164735));
#4483=CARTESIAN_POINT('',(-0.06,-0.02925,0.0163017766952966));
#4484=CARTESIAN_POINT('',(-0.047366715759524,-0.02925,0.0344785861777273));
#4485=CARTESIAN_POINT('',(-0.0232975728450672,-0.02925,0.01775));
#4486=CARTESIAN_POINT('',(-0.0237158353453068,-0.02925,0.0180407016799492));
#4487=CARTESIAN_POINT('',(-0.0237158353453068,-0.02925,0.0148535533905933));
#4488=CARTESIAN_POINT('',(-0.0237158353453068,-0.02925,0.0149739659690328));
#4489=CARTESIAN_POINT('',(-0.0245405104086966,-0.02925,0.0157845470679912));
#4490=CARTESIAN_POINT('',(-0.001,-0.02925,0.0163017766952966));
#4491=CARTESIAN_POINT('',(-0.001,-0.02925,0.01775));
#4492=CARTESIAN_POINT('',(-0.06,-0.02925,0.01775));
#4493=CARTESIAN_POINT('',(-0.06,-0.03,0.01775));
#4494=CARTESIAN_POINT('',(-0.06,-0.03075,0.01775));
#4495=CARTESIAN_POINT('',(-0.0213275862068965,-0.03075,0.01775));
#4496=CARTESIAN_POINT('',(-0.001,-0.03075,0.01775));
#4497=CARTESIAN_POINT('',(-0.026500651821629,-0.0435444704212996,0.01775));
#4498=CARTESIAN_POINT('',(-0.0214451228313266,-0.0310407016799492,0.01775));
#4499=CARTESIAN_POINT('',(-0.0235982987208767,-0.0289592983200508,0.01775));
#4500=CARTESIAN_POINT('',(-0.001,-0.03,0.01775));
#4501=CARTESIAN_POINT('',(-0.06,-0.03075,0.0140606760631369));
#4502=CARTESIAN_POINT('',(-0.009973705394374,-0.03075,-2.32034824997375E-19));
#4503=CARTESIAN_POINT('',(-0.009973705394374,-0.03075,-0.00235));
#4504=CARTESIAN_POINT('',(-0.06,-0.03075,-0.01775));
#4505=CARTESIAN_POINT('',(-0.0213275862068965,-0.03075,-0.01775));
#4506=CARTESIAN_POINT('',(-0.001,-0.03075,-0.01775));
#4507=CARTESIAN_POINT('',(-0.0213275862068965,-0.03075,0.01775));
#4508=CARTESIAN_POINT('',(-0.001,-0.03075,0.0140606760631369));
#4509=CARTESIAN_POINT('',(-0.06,-0.03,-0.01775));
#4510=CARTESIAN_POINT('',(-0.06,-0.02925,-0.01775));
#4511=CARTESIAN_POINT('',(-0.0232975728450672,-0.02925,-0.01775));
#4512=CARTESIAN_POINT('',(-0.001,-0.02925,-0.01775));
#4513=CARTESIAN_POINT('',(-0.0220465745829456,-0.0304592983200508,-0.01775));
#4514=CARTESIAN_POINT('',(-0.0214451228313266,-0.0310407016799492,-0.01775));
#4515=CARTESIAN_POINT('',(-0.026500651821629,-0.0435444704212996,-0.01775));
#4516=CARTESIAN_POINT('',(-0.001,-0.03,-0.01775));
#4517=CARTESIAN_POINT('',(-0.06,-0.02925,-0.0163017766952966));
#4518=CARTESIAN_POINT('',(-0.0238570006622308,-0.02925,-0.015112718724884));
#4519=CARTESIAN_POINT('',(-0.0237158353453068,-0.02925,-0.0149739659690329));
#4520=CARTESIAN_POINT('',(-0.0237158353453068,-0.02925,-0.01775));
#4521=CARTESIAN_POINT('',(-0.0237158353453068,-0.02925,-0.0180407016799492));
#4522=CARTESIAN_POINT('',(-0.047366715759524,-0.02925,-0.0344785861777273));
#4523=CARTESIAN_POINT('',(-0.001,-0.02925,-0.0163017766952966));
#4524=CARTESIAN_POINT('',(-0.06,-0.033,7.14338734939567E-18));
#4525=CARTESIAN_POINT('',(-0.009973705394374,-0.033,-3.68784339499843E-20));
#4526=CARTESIAN_POINT('',(-0.009973705394374,-0.033,0.00235));
#4527=CARTESIAN_POINT('',(-0.0546037866924949,-0.033,-0.00736566140957018));
#4528=CARTESIAN_POINT('',(-0.019,-0.033,0.0187182999435793));
#4529=CARTESIAN_POINT('',(-0.019,-0.033,1.08221974794844E-17));
#4530=CARTESIAN_POINT('',(-0.019,-0.033,-0.0187182999435793));
#4531=CARTESIAN_POINT('',(-0.0546037866924949,-0.033,0.00736566140957027));
#4532=CARTESIAN_POINT('',(-0.001,-0.033,0.02));
#4533=CARTESIAN_POINT('',(-0.0175,-0.05,0.025));
#4534=CARTESIAN_POINT('',(-0.000725278872102622,-0.05,0.0202072225348865));
#4535=CARTESIAN_POINT('',(-0.000725278872102622,-0.0199974851014981,0.0202072225348864));
#4536=CARTESIAN_POINT('',(0.00466059896166478,-0.02520383367414,0.0186684002966672));
#4537=CARTESIAN_POINT('',(-0.0175,-0.05,-0.025));
#4538=CARTESIAN_POINT('',(-0.000654610972087723,-0.0200657974048459,-0.0201870317063108));
#4539=CARTESIAN_POINT('',(-0.000725278872102623,-0.0199974851014981,-0.0202072225348864));
#4540=CARTESIAN_POINT('',(-0.000725278872102624,-0.033,-0.0202072225348864));
#4541=CARTESIAN_POINT('',(-0.06,-0.007,2.64788250957352E-18));
#4542=CARTESIAN_POINT('',(-0.04,-0.007,4.28626379701574E-19));
#4543=CARTESIAN_POINT('',(-0.04,-0.007,0.005));
#4544=CARTESIAN_POINT('',(-0.06,-0.007,0.0172880187929405));
#4545=CARTESIAN_POINT('',(-0.0175795068061358,-0.007,0.0172880187929405));
#4546=CARTESIAN_POINT('',(-0.046533674807815,-0.007,0.0172880187929405));
#4547=CARTESIAN_POINT('',(-0.0471856585447052,-0.007,0.0179288599162056));
#4548=CARTESIAN_POINT('',(-0.0466891209788687,-0.007,0.0174408083384902));
#4549=CARTESIAN_POINT('',(-0.0466891209788686,-0.007,7.35744541098583E-18));
#4550=CARTESIAN_POINT('',(-0.0466891209788686,-0.007,-0.01744080833849));
#4551=CARTESIAN_POINT('',(-0.0465021487982393,-0.007,-0.0172570315730982));
#4552=CARTESIAN_POINT('',(-0.0465336748078151,-0.007,-0.0172880187929405));
#4553=CARTESIAN_POINT('',(-0.06,-0.007,-0.0172880187929405));
#4554=CARTESIAN_POINT('',(-0.0175795068061358,-0.007,-0.0172880187929405));
#4555=CARTESIAN_POINT('',(-0.0175795068061358,-0.007,0.0172880187929405));
#4556=CARTESIAN_POINT('',(-0.06,-0.007,-0.0202880187929405));
#4557=CARTESIAN_POINT('',(-0.06,-0.00958113883008419,-0.0198691576230247));
#4558=CARTESIAN_POINT('',(-0.0434032379868613,-0.00958113883008419,-0.0198691576230247));
#4559=CARTESIAN_POINT('',(-0.0143187745089802,-0.00958113883008419,-0.0198691576230247));
#4560=CARTESIAN_POINT('',(-0.0404459317412953,-0.0124398682007979,-0.0194052497096906));
#4561=CARTESIAN_POINT('',(-0.0396588121465686,-0.0132007504757005,-0.0192817755144558));
#4562=CARTESIAN_POINT('',(-0.0505396088739174,0.00038331381673743,-0.0214861656834095));
#4563=CARTESIAN_POINT('',(-0.0380878427186847,0.0150861318543216,-0.0238721045924302));
#4564=CARTESIAN_POINT('',(-0.0140998891179735,-0.00810222329303257,-0.020109152575964));
#4565=CARTESIAN_POINT('',(-0.0148993447558998,-0.0135038051833304,-0.0192325965055986));
#4566=CARTESIAN_POINT('',(-0.06,-0.007,-0.0172880187929405));
#4567=CARTESIAN_POINT('',(-0.0439900181094218,-0.00945886814178022,-0.0197468869347207));
#4568=CARTESIAN_POINT('',(-0.0435750676646086,-0.0098599869050997,-0.0201480056980402));
#4569=CARTESIAN_POINT('',(-0.0447147493914642,-0.011709481473387,-0.0219975002663274));
#4570=CARTESIAN_POINT('',(-0.031981162001724,0.00749250241290141,-0.00279551638003905));
#4571=CARTESIAN_POINT('',(-0.0174135445221306,-0.00658952781737221,-0.0168775466103126));
#4572=CARTESIAN_POINT('',(-0.0207848547330011,-0.0149277419415398,-0.0252157607344802));
#4573=CARTESIAN_POINT('',(-0.06,-0.0128460498941515,0.01933933549489));
#4574=CARTESIAN_POINT('',(-0.0476582040604659,-0.00321395844367375,0.0209024087580013));
#4575=CARTESIAN_POINT('',(-0.0396588121465686,-0.0132007504757005,0.0192817755144558));
#4576=CARTESIAN_POINT('',(-0.043823425945503,-0.00917495713673058,0.0199350718378253));
#4577=CARTESIAN_POINT('',(-0.0434032379868614,-0.00958113883008417,0.0198691576230247));
#4578=CARTESIAN_POINT('',(-0.06,-0.00958113883008417,0.0198691576230247));
#4579=CARTESIAN_POINT('',(-0.0143187745089803,-0.00958113883008417,0.0198691576230247));
#4580=CARTESIAN_POINT('',(-0.0157465024339097,-0.0192276894799419,0.01830373795487));
#4581=CARTESIAN_POINT('',(-0.0140998891179735,-0.00810222329303254,0.020109152575964));
#4582=CARTESIAN_POINT('',(-0.0351272272868769,0.0122242036035741,0.023407677572329));
#4583=CARTESIAN_POINT('',(-0.06,-0.01,0.0202880187929405));
#4584=CARTESIAN_POINT('',(-0.046268410523788,-0.0142307887449528,0.0245188075378933));
#4585=CARTESIAN_POINT('',(-0.0435750676646085,-0.0098599869050996,0.0201480056980401));
#4586=CARTESIAN_POINT('',(-0.0466601617267502,-0.00687772931169598,0.0171657481046365));
#4587=CARTESIAN_POINT('',(-0.0219061630457512,-0.0177010580192985,0.0279890768122389));
#4588=CARTESIAN_POINT('',(-0.0174135445221306,-0.00658952781737222,0.0168775466103127));
#4589=CARTESIAN_POINT('',(-0.0299594733882461,0.00553820341987275,0.00474981537306773));
#4590=CARTESIAN_POINT('',(-0.06,-0.0151539501058485,-0.0185700354243243));
#4591=CARTESIAN_POINT('',(-0.0346615933410965,-0.0176973784290037,-0.0150412171277547));
#4592=CARTESIAN_POINT('',(-0.0342765091793071,-0.0180696264520668,-0.0145247505842756));
#4593=CARTESIAN_POINT('',(-0.0345216238848448,-0.0186758652055239,-0.0136836392441947));
#4594=CARTESIAN_POINT('',(-0.0200930135096673,-0.00103983494859121,-0.0381523241616896));
#4595=CARTESIAN_POINT('',(-0.00620985940447273,-0.0144602172502793,-0.0195325383466111));
#4596=CARTESIAN_POINT('',(-0.00932269581981391,-0.0221591517716203,-0.00885083729151884));
#4597=CARTESIAN_POINT('',(-0.06,-0.018,0.0146213521262738));
#4598=CARTESIAN_POINT('',(-0.0356114308362507,-0.0213712694093637,0.00994396567660586));
#4599=CARTESIAN_POINT('',(-0.0342765091793071,-0.0180696264520668,0.0145247505842756));
#4600=CARTESIAN_POINT('',(-0.0376057828867706,-0.0148513285348522,0.0189899004258052));
#4601=CARTESIAN_POINT('',(-0.0104125027712197,-0.02485455597546,0.00511116372393014));
#4602=CARTESIAN_POINT('',(-0.00620985940447276,-0.0144602172502793,0.0195325383466111));
#4603=CARTESIAN_POINT('',(-0.0179374735206765,-0.00312352360461562,0.0352613605804505));
#4604=CARTESIAN_POINT('',(-0.0346049288231334,-0.0188819021376377,-0.04));
#4605=CARTESIAN_POINT('',(-0.0342226970060986,-0.0179365335609845,-0.0144817851637105));
#4606=CARTESIAN_POINT('',(-0.0289639527000535,-0.00493015523760577,0.0102830296167431));
#4607=CARTESIAN_POINT('',(-0.0151270592066331,-0.037710509433588,-0.0113363254729571));
#4608=CARTESIAN_POINT('',(-0.0239883135416714,-0.00506521257558568,0.00434737429149086));
#4609=CARTESIAN_POINT('',(-0.0438675923931777,-0.00992799401992822,-0.0272098556102293));
#4610=CARTESIAN_POINT('',(-0.0397930945341375,-0.0174426193539511,-0.0211810256934793));
#4611=CARTESIAN_POINT('',(-0.0491750844495643,-0.00392163034959429,0.0223141420097423));
#4612=CARTESIAN_POINT('',(-0.0455826990283994,-0.0143934692501622,0.0241280845332235));
#4613=CARTESIAN_POINT('',(-0.0491750844495643,-0.0039216303495943,-0.0223141420097423));
#4614=CARTESIAN_POINT('',(-0.0383421542901245,-0.0129356538294865,-0.0182046227984092));
#4615=CARTESIAN_POINT('',(-0.0302755415649944,-0.0230669764871721,0.0182603130473752));
#4616=CARTESIAN_POINT('',(-0.031384305883431,-0.0122028297969712,0.0128906408281272));
#4617=CARTESIAN_POINT('',(-0.0366814314974233,-0.0168746162191574,-0.0192651947825883));
#4618=CARTESIAN_POINT('',(-0.0384634830059193,-0.0108423405921596,-0.0171049936535562));
#4619=CARTESIAN_POINT('',(-0.0582981734321309,0.00402156765105987,0.00662312637395393));
#4620=CARTESIAN_POINT('',(-0.0442377208075981,-0.00799115113923263,0.0170302600942585));
#4621=CARTESIAN_POINT('',(-0.0313423252524253,-0.0220357522559889,-0.0326804462810027));
#4622=CARTESIAN_POINT('',(-0.0442377208075984,-0.00799115113923254,-0.0170302600942584));
#4623=CARTESIAN_POINT('',(-0.0466891209788686,-0.007,7.35744541098583E-18));
#4624=CARTESIAN_POINT('',(8.23214126501048E-35,-0.032,1.34441069388203E-18));
#4625=CARTESIAN_POINT('',(0.0067902042136468,-0.0252097957863532,-0.0102437212624888));
#4626=CARTESIAN_POINT('',(-0.00532260297855718,-0.0373226029785572,0.0263020329498203));
#4627=CARTESIAN_POINT('',(-0.00216740470040904,-0.018,9.56355619583407E-18));
#4628=CARTESIAN_POINT('',(0.0152787762900857,-0.0250538471713596,0.0173509115577966));
#4629=CARTESIAN_POINT('',(-0.00383404361463997,-0.0173261438593793,-0.0148562326902616));
#4630=CARTESIAN_POINT('',(-1.17845915861125E-18,-0.0165,-0.0192456985872456));
#4631=CARTESIAN_POINT('',(-0.000478741120478056,-0.020111647075807,-0.0198803800453247));
#4632=CARTESIAN_POINT('',(-1.38936079866035E-35,-0.0203333333333333,-2.26899837508689E-19));
#4633=CARTESIAN_POINT('',(7.58391807459501E-19,-0.0203333333333333,0.0192456985872456));
#4634=CARTESIAN_POINT('',(-0.000718988376049101,-0.0186383112364858,-0.0191845435071675));
#4635=CARTESIAN_POINT('',(-0.000725278872102622,-0.05,0.0202072225348865));
#4636=CARTESIAN_POINT('',(6.66743049502101E-19,-0.0203333333333333,0.0192456985872456));
#4637=CARTESIAN_POINT('',(-0.000718988376049101,-0.0186383112364858,-0.0191845435071675));
#4638=CARTESIAN_POINT('',(-0.00071898837604911,-0.0186383112364858,-0.0191845435071675));
#4639=CARTESIAN_POINT('',(-0.0139286473265618,-0.00586897425099023,-0.0328414447123735));
#4640=CARTESIAN_POINT('',(-0.0100970569647529,-0.0132984278885213,-0.0179524693169209));
#4641=CARTESIAN_POINT('',(0.0148118858599828,-0.03365148966465,-0.00570473637081295));
#4642=CARTESIAN_POINT('',(0.000372904083684235,-0.0164276460914721,0.0222083016841099));
#4643=CARTESIAN_POINT('',(1.17845915861125E-18,-0.0203333333333333,0.0192456985872456));
#4644=CARTESIAN_POINT('',(-0.00072412347383054,-0.0197478406979851,0.0200193833610822));
#4645=CARTESIAN_POINT('',(-0.0175783382019917,-0.00234093973807471,-0.04));
#4646=CARTESIAN_POINT('',(0.00961357193679587,-0.0133351841816496,0.00479819660366324));
#4647=CARTESIAN_POINT('',(0.00362783743989733,-0.0109150295144213,-0.00902540530655985));
#4648=CARTESIAN_POINT('',(0.0046605989616648,-0.02520383367414,-0.0186684002966672));
#4649=CARTESIAN_POINT('',(-0.0119421012245425,-0.0079096102280289,-0.0224811086504108));
#4650=CARTESIAN_POINT('',(-0.00772160453577227,-0.0119056369064097,-0.0212126001126384));
#4651=CARTESIAN_POINT('',(-0.0103480085960691,-0.00916023972242939,-0.0218085591435094));
#4652=CARTESIAN_POINT('',(-0.0118658787202583,-0.00786298390375026,-0.022587829880247));
#4653=CARTESIAN_POINT('',(-0.0106207351478027,-0.0114935753946835,-0.0195382930896214));
#4654=CARTESIAN_POINT('',(0.000781001958118432,-0.0200883018928477,0.0185127238838812));
#4655=CARTESIAN_POINT('',(0.000865874014781005,-0.0200363845218127,0.0186315555904857));
#4656=CARTESIAN_POINT('',(-0.00772160453577226,-0.0119056369064098,0.0212126001126384));
#4657=CARTESIAN_POINT('',(-0.0048691507469446,-0.0123110641111987,0.0228599503188167));
#4658=CARTESIAN_POINT('',(-0.000244097001521697,-0.019097372898529,0.0190488602573026));
#4659=CARTESIAN_POINT('',(-0.00423519107578866,-0.0155500074889577,0.0204214957969556));
#4660=CARTESIAN_POINT('',(-0.0104516629517576,-0.00923005914663424,-0.0216733884927166));
#4661=CARTESIAN_POINT('',(-0.0117739903155542,-0.00736017726426577,-0.0224077696960944));
#4662=CARTESIAN_POINT('',(-0.00404577301932875,-0.0154224194146489,0.0206685067575035));
#4663=CARTESIAN_POINT('',(-0.0270285959979897,-0.0122269494365032,0.00733209325393304));
#4664=CARTESIAN_POINT('',(-0.00394926495405641,-0.0155157105444121,-0.0299617296181274));
#4665=CARTESIAN_POINT('',(-0.0196753810807254,-0.0121836963630677,-0.0145603661284846));
#4666=CARTESIAN_POINT('',(-0.0309051131337621,0.0105416093626367,0.00390440971107864));
#4667=CARTESIAN_POINT('',(-0.0196753810807254,-0.0121836963630677,0.0145603661284847));
#4668=CARTESIAN_POINT('',(-0.0175795068061358,-0.007,1.76568072160694E-17));
#4669=CARTESIAN_POINT('',(-0.035,-0.0185,-0.0141543204168983));
#4670=CARTESIAN_POINT('',(-0.0385961391650394,-0.01945229560759,-0.0173384060723591));
#4671=CARTESIAN_POINT('',(-0.0239057029885682,-0.0284887782344063,-0.0136253542864348));
#4672=CARTESIAN_POINT('',(-0.0307209849002922,-0.0226363812630509,-0.04));
#4673=CARTESIAN_POINT('',(-0.0352060359577799,-0.0208229835496773,0.0159677181302718));
#4674=CARTESIAN_POINT('',(-0.0229994744388677,-0.0301005080424279,-0.0159851551701938));
#4675=CARTESIAN_POINT('',(-0.0275077768580846,-0.0277168406266998,-0.0156090213747332));
#4676=CARTESIAN_POINT('',(-0.035,-0.0185,0.0141543204168983));
#4677=CARTESIAN_POINT('',(-0.0340803440166439,-0.0262317898624517,0.019074206224125));
#4678=CARTESIAN_POINT('',(-0.0239968469692577,-0.0291363812630509,-0.04));
#4679=CARTESIAN_POINT('',(-0.030653204995442,-0.0264450798108798,-0.0208456218690693));
#4680=CARTESIAN_POINT('',(-0.0499553226185734,-0.00404318813537909,-0.010072164736855));
#4681=CARTESIAN_POINT('',(-0.0507707210549121,-0.0183111573307569,0.0195049829592997));
#4682=CARTESIAN_POINT('',(-0.035,-0.0185,-0.0181543204168983));
#4683=CARTESIAN_POINT('',(-0.0202012428725307,-0.0279642308741011,-0.0146735291941519));
#4684=CARTESIAN_POINT('',(-0.0239968469692577,-0.0291363812630509,-0.04));
#4685=CARTESIAN_POINT('',(-0.0355298053688669,-0.0244733707148503,0.0228173309650987));
#4686=CARTESIAN_POINT('',(-0.0216085978308474,-0.0314450220968475,-0.04));
#4687=CARTESIAN_POINT('',(-0.0202012428725307,-0.0279642308741011,0.0146735291941519));
#4688=CARTESIAN_POINT('',(-0.035,-0.0185,0.0181543204168983));
#4689=CARTESIAN_POINT('',(-0.0207189883760491,-0.0323049779031525,-0.04));
#4690=CARTESIAN_POINT('',(-0.0343088444678248,-0.0268103216225381,0.0142570321838417));
#4691=CARTESIAN_POINT('',(-0.0383769852605883,-0.0251654892412071,-0.0130715040795504));
#4692=CARTESIAN_POINT('',(-0.0377160732360338,-0.0158744625385007,-0.0236941948140177));
#4693=CARTESIAN_POINT('',(-0.0447561652307242,-0.0153132819931616,-0.0191488672533221));
#4694=CARTESIAN_POINT('',(-0.0250691925576571,-0.0280997805275982,0.0196190888176519));
#4695=CARTESIAN_POINT('',(-0.0398315800253251,-0.0269230395623012,0.010087979470066));
#4696=CARTESIAN_POINT('',(-0.05,-0.00295089046886201,-0.04));
#4697=CARTESIAN_POINT('',(-0.001,-0.0261982233047033,-0.01375));
#4698=CARTESIAN_POINT('',(-0.000801670693651255,-0.0280642959209011,-0.0139483293063487));
#4699=CARTESIAN_POINT('',(-0.00558333333333334,-0.0273333333333333,-0.00916666666666666));
#4700=CARTESIAN_POINT('',(-0.001,-0.02275,9.28594077945771E-19));
#4701=CARTESIAN_POINT('',(-0.00125,-0.023,0.0135));
#4702=CARTESIAN_POINT('',(-0.001,-0.0288816745258802,-0.0144852279164735));
#4703=CARTESIAN_POINT('',(-0.000723760716949091,-0.0289737607169491,-0.0149679754480932));
#4704=CARTESIAN_POINT('',(-0.001,-0.0235,0.01375));
#4705=CARTESIAN_POINT('',(-0.000113720186694718,-0.0277793374906782,0.0146362798133053));
#4706=CARTESIAN_POINT('',(-0.001,-0.02925,-0.0163017766952966));
#4707=CARTESIAN_POINT('',(-0.00148274110156779,-0.0297327411015678,-0.0172672588984322));
#4708=CARTESIAN_POINT('',(-0.001,-0.0288816745258802,0.0144852279164735));
#4709=CARTESIAN_POINT('',(-0.000900643413891113,-0.0291506434138911,0.0148947082360707));
#4710=CARTESIAN_POINT('',(-0.001,-0.03,-0.01775));
#4711=CARTESIAN_POINT('',(-0.00125,-0.0305,-0.0175));
#4712=CARTESIAN_POINT('',(-0.001,-0.02925,0.0163017766952966));
#4713=CARTESIAN_POINT('',(-0.00125,-0.0295,0.0175));
#4714=CARTESIAN_POINT('',(-0.001,-0.03075,0.0140606760631369));
#4715=CARTESIAN_POINT('',(-0.00125,-0.0305,0.0175));
#4716=CARTESIAN_POINT('',(-0.001,-0.03,0.01775));
#4717=CARTESIAN_POINT('',(-0.035,-0.003,-9.39450804123144E-19));
#4718=CARTESIAN_POINT('',(-0.04,-0.003,-9.39450804123144E-19));
#4719=CARTESIAN_POINT('',(-0.04,-0.003,0.005));
#4720=CARTESIAN_POINT('',(-0.04,-0.007,4.28626379701572E-19));
#4721=CARTESIAN_POINT('',(-0.009973705394374,-0.033,-3.68784339499843E-20));
#4722=CARTESIAN_POINT('',(-0.009973705394374,-0.033,-3.68784339499843E-20));
#4723=MECHANICAL_DESIGN_GEOMETRIC_PRESENTATION_REPRESENTATION('',(#2911),
#4725);
#4724=MECHANICAL_DESIGN_GEOMETRIC_PRESENTATION_REPRESENTATION('',(#2912),
#4726);
#4725=(
GEOMETRIC_REPRESENTATION_CONTEXT(3)
GLOBAL_UNCERTAINTY_ASSIGNED_CONTEXT((#4727))
GLOBAL_UNIT_ASSIGNED_CONTEXT((#4733,#4731,#4729))
REPRESENTATION_CONTEXT('DIN RAIL STEEL','TOP_LEVEL_ASSEMBLY_PART')
);
#4726=(
GEOMETRIC_REPRESENTATION_CONTEXT(3)
GLOBAL_UNCERTAINTY_ASSIGNED_CONTEXT((#4728))
GLOBAL_UNIT_ASSIGNED_CONTEXT((#4734,#4732,#4730))
REPRESENTATION_CONTEXT('raildinfiker','TOP_LEVEL_ASSEMBLY_PART')
);
#4727=UNCERTAINTY_MEASURE_WITH_UNIT(LENGTH_MEASURE(1.E-6),#4733,
'DISTANCE_ACCURACY_VALUE','Maximum Tolerance applied to model');
#4728=UNCERTAINTY_MEASURE_WITH_UNIT(LENGTH_MEASURE(1.E-8),#4734,
'DISTANCE_ACCURACY_VALUE','Maximum Tolerance applied to model');
#4729=(
NAMED_UNIT(*)
SI_UNIT($,.STERADIAN.)
SOLID_ANGLE_UNIT()
);
#4730=(
NAMED_UNIT(*)
SI_UNIT($,.STERADIAN.)
SOLID_ANGLE_UNIT()
);
#4731=(
NAMED_UNIT(*)
PLANE_ANGLE_UNIT()
SI_UNIT($,.RADIAN.)
);
#4732=(
NAMED_UNIT(*)
PLANE_ANGLE_UNIT()
SI_UNIT($,.RADIAN.)
);
#4733=(
LENGTH_UNIT()
NAMED_UNIT(*)
SI_UNIT($,.METRE.)
);
#4734=(
LENGTH_UNIT()
NAMED_UNIT(*)
SI_UNIT($,.METRE.)
);
#4735=PRODUCT_DEFINITION_SHAPE('','',#4737);
#4736=PRODUCT_DEFINITION_SHAPE('','',#4738);
#4737=PRODUCT_DEFINITION('','',#4741,#4739);
#4738=PRODUCT_DEFINITION('','',#4742,#4740);
#4739=PRODUCT_DEFINITION_CONTEXT('',#4753,'design');
#4740=PRODUCT_DEFINITION_CONTEXT('',#4754,'design');
#4741=PRODUCT_DEFINITION_FORMATION_WITH_SPECIFIED_SOURCE('','',#4745,
 .NOT_KNOWN.);
#4742=PRODUCT_DEFINITION_FORMATION_WITH_SPECIFIED_SOURCE('','',#4746,
 .NOT_KNOWN.);
#4743=PRODUCT_RELATED_PRODUCT_CATEGORY('','',(#4745));
#4744=PRODUCT_RELATED_PRODUCT_CATEGORY('','',(#4746));
#4745=PRODUCT('DIN RAIL STEEL','DIN RAIL STEEL','DIN RAIL STEEL',(#4749));
#4746=PRODUCT('raildinfiker','raildinfiker','raildinfiker',(#4750));
#4747=PRODUCT_CATEGORY('','');
#4748=PRODUCT_CATEGORY('','');
#4749=PRODUCT_CONTEXT('',#4753,'mechanical');
#4750=PRODUCT_CONTEXT('',#4754,'mechanical');
#4751=APPLICATION_PROTOCOL_DEFINITION('international standard',
'ap242_managed_model_based_3d_engineering',2020,#4753);
#4752=APPLICATION_PROTOCOL_DEFINITION('international standard',
'ap242_managed_model_based_3d_engineering',2020,#4754);
#4753=APPLICATION_CONTEXT('managed model based 3d engineering');
#4754=APPLICATION_CONTEXT('managed model based 3d engineering');
ENDSEC;
END-ISO-10303-21;
